OFF
13219 7916 0
3.1750000000 36.4998020000 25.4000000000
3.1750000000 36.4998020000 25.4000000000
3.1750000000 36.4998020000 25.4000000000
28.5750010000 36.4998020000 57.1500020000
28.5750010000 36.4998020000 57.1500020000
28.5750010000 36.4998020000 57.1500020000
28.5750010000 46.0502010000 57.1500020000
28.5750010000 46.0502010000 57.1500020000
28.5750010000 46.0502010000 57.1500020000
3.1750000000 46.0502010000 25.4000000000
3.1750000000 46.0502010000 25.4000000000
3.1750000000 46.0502010000 25.4000000000
28.5750010000 36.4998020000 25.4000000000
28.5750010000 36.4998020000 25.4000000000
28.5750010000 36.4998020000 25.4000000000
28.5750010000 82.5500030000 25.4000000000
28.5750010000 82.5500030000 25.4000000000
28.5750010000 82.5500030000 25.4000000000
28.5750010000 82.5500030000 25.4000000000
28.5750010000 46.0502010000 25.4000000000
28.5750010000 46.0502010000 25.4000000000
28.5750010000 46.0502010000 25.4000000000
28.5750010000 47.0014610000 67.5285190000
28.5750010000 47.0014610000 67.5285190000
28.5750010000 47.0014610000 67.5285190000
28.5750010000 46.8491900000 67.3741530000
28.5750010000 46.8491900000 67.3741530000
28.5750010000 46.8491900000 67.3741530000
28.5750010000 46.6927570000 67.2240070000
28.5750010000 46.6927570000 67.2240070000
28.5750010000 46.6927570000 67.2240070000
28.5750010000 47.1494600000 67.6869890000
28.5750010000 47.1494600000 67.6869890000
28.5750010000 47.1494600000 67.6869890000
28.5750010000 46.5322840000 67.0781860000
28.5750010000 46.5322840000 67.0781860000
28.5750010000 46.5322840000 67.0781860000
28.5750010000 47.2930760000 67.8494420000
28.5750010000 47.2930760000 67.8494420000
28.5750010000 47.2930760000 67.8494420000
28.5750010000 46.3678860000 66.9367980000
28.5750010000 46.3678860000 66.9367980000
28.5750010000 46.3678860000 66.9367980000
28.5750010000 47.4322010000 68.0157550000
28.5750010000 47.4322010000 68.0157550000
28.5750010000 47.4322010000 68.0157550000
28.5750010000 46.1996880000 66.7999650000
28.5750010000 46.1996880000 66.7999650000
28.5750010000 46.1996880000 66.7999650000
28.5750010000 47.5667300000 68.1858060000
28.5750010000 47.5667300000 68.1858060000
28.5750010000 47.5667300000 68.1858060000
28.5750010000 46.0278130000 66.6677700000
28.5750010000 46.0278130000 66.6677700000
28.5750010000 46.0278130000 66.6677700000
28.5750010000 47.6965640000 68.3594670000
28.5750010000 47.6965640000 68.3594670000
28.5750010000 47.6965640000 68.3594670000
28.5750010000 45.8523940000 66.5403210000
28.5750010000 45.8523940000 66.5403210000
28.5750010000 45.8523940000 66.5403210000
28.5750010000 47.8216060000 68.5366130000
28.5750010000 47.8216060000 68.5366130000
28.5750010000 47.8216060000 68.5366130000
28.5750010000 45.6735570000 66.4177090000
28.5750010000 45.6735570000 66.4177090000
28.5750010000 45.6735570000 66.4177090000
28.5750010000 47.9417650000 68.7171020000
28.5750010000 47.9417650000 68.7171020000
28.5750010000 47.9417650000 68.7171020000
28.5750010000 45.4914400000 66.3000260000
28.5750010000 45.4914400000 66.3000260000
28.5750010000 45.4914400000 66.3000260000
28.5750010000 48.0569460000 68.9008100000
28.5750010000 48.0569460000 68.9008100000
28.5750010000 48.0569460000 68.9008100000
28.5750010000 45.3061750000 66.1873630000
28.5750010000 45.3061750000 66.1873630000
28.5750010000 45.3061750000 66.1873630000
28.5750010000 48.1670680000 69.0876010000
28.5750010000 48.1670680000 69.0876010000
28.5750010000 48.1670680000 69.0876010000
28.5750010000 45.1179010000 66.0798030000
28.5750010000 45.1179010000 66.0798030000
28.5750010000 45.1179010000 66.0798030000
28.5750010000 48.2720450000 69.2773210000
28.5750010000 48.2720450000 69.2773210000
28.5750010000 48.2720450000 69.2773210000
28.5750010000 44.9267620000 65.9774320000
28.5750010000 44.9267620000 65.9774320000
28.5750010000 44.9267620000 65.9774320000
28.5750010000 48.3718030000 69.4698410000
28.5750010000 48.3718030000 69.4698410000
28.5750010000 48.3718030000 69.4698410000
28.5750010000 44.7328950000 65.8803100000
28.5750010000 44.7328950000 65.8803100000
28.5750010000 44.7328950000 65.8803100000
28.5750010000 48.4662630000 69.6650160000
28.5750010000 48.4662630000 69.6650160000
28.5750010000 48.4662630000 69.6650160000
28.5750010000 44.5364490000 65.7885280000
28.5750010000 44.5364490000 65.7885280000
28.5750010000 44.5364490000 65.7885280000
28.5750010000 44.3375700000 65.7021410000
28.5750010000 44.3375700000 65.7021410000
28.5750010000 44.3375700000 65.7021410000
28.5750010000 44.1364020000 65.6212230000
28.5750010000 44.1364020000 65.6212230000
28.5750010000 44.1364020000 65.6212230000
28.5750010000 43.9331020000 65.5458220000
28.5750010000 43.9331020000 65.5458220000
28.5750010000 43.9331020000 65.5458220000
28.5750010000 43.7278180000 65.4760060000
28.5750010000 43.7278180000 65.4760060000
28.5750010000 43.7278180000 65.4760060000
28.5750010000 58.7686920000 80.5662920000
28.5750010000 58.7686920000 80.5662920000
28.5750010000 58.7686920000 80.5662920000
28.5750010000 58.7686920000 80.5662920000
28.5750010000 58.7686920000 80.5662920000
28.5750010000 48.5553590000 69.8627010000
28.5750010000 48.5553590000 69.8627010000
28.5750010000 48.5553590000 69.8627010000
28.5750010000 48.6390190000 70.0627370000
28.5750010000 48.6390190000 70.0627370000
28.5750010000 48.6390190000 70.0627370000
28.5750010000 48.7171860000 70.2649920000
28.5750010000 48.7171860000 70.2649920000
28.5750010000 48.7171860000 70.2649920000
28.5750010000 48.7897990000 70.4692990000
28.5750010000 48.7897990000 70.4692990000
28.5750010000 48.7897990000 70.4692990000
28.5750010000 48.8568040000 70.6755220000
28.5750010000 48.8568040000 70.6755220000
28.5750010000 48.8568040000 70.6755220000
28.5750010000 43.5207020000 65.4118270000
28.5750010000 43.5207020000 65.4118270000
28.5750010000 43.5207020000 65.4118270000
28.5750010000 48.9181520000 70.8834920000
28.5750010000 48.9181520000 70.8834920000
28.5750010000 48.9181520000 70.8834920000
28.5750010000 43.3119130000 65.3533250000
28.5750010000 43.3119130000 65.3533250000
28.5750010000 43.3119130000 65.3533250000
28.5750010000 48.9737930000 71.0930630000
28.5750010000 48.9737930000 71.0930630000
28.5750010000 48.9737930000 71.0930630000
28.5750010000 43.1016040000 65.3005520000
28.5750010000 43.1016040000 65.3005520000
28.5750010000 43.1016040000 65.3005520000
28.5750010000 49.0236930000 71.3040770000
28.5750010000 49.0236930000 71.3040770000
28.5750010000 49.0236930000 71.3040770000
28.5750010000 42.8899310000 65.2535400000
28.5750010000 42.8899310000 65.2535400000
28.5750010000 42.8899310000 65.2535400000
28.5750010000 49.0678100000 71.5163730000
28.5750010000 49.0678100000 71.5163730000
28.5750010000 49.0678100000 71.5163730000
28.5750010000 42.6770520000 65.2123260000
28.5750010000 42.6770520000 65.2123260000
28.5750010000 42.6770520000 65.2123260000
28.5750010000 49.1061100000 71.7297900000
28.5750010000 49.1061100000 71.7297900000
28.5750010000 49.1061100000 71.7297900000
28.5750010000 42.4631270000 65.1769490000
28.5750010000 42.4631270000 65.1769490000
28.5750010000 42.4631270000 65.1769490000
28.5750010000 49.1385690000 71.9441760000
28.5750010000 49.1385690000 71.9441760000
28.5750010000 49.1385690000 71.9441760000
28.5750010000 42.2483140000 65.1474230000
28.5750010000 42.2483140000 65.1474230000
28.5750010000 42.2483140000 65.1474230000
28.5750010000 49.1651570000 72.1593700000
28.5750010000 49.1651570000 72.1593700000
28.5750010000 49.1651570000 72.1593700000
28.5750010000 42.0327760000 65.1237790000
28.5750010000 42.0327760000 65.1237790000
28.5750010000 42.0327760000 65.1237790000
28.5750010000 49.1858560000 72.3752140000
28.5750010000 49.1858560000 72.3752140000
28.5750010000 49.1858560000 72.3752140000
28.5750010000 41.8166730000 65.1060260000
28.5750010000 41.8166730000 65.1060260000
28.5750010000 41.8166730000 65.1060260000
28.5750010000 49.2006530000 72.5915370000
28.5750010000 49.2006530000 72.5915370000
28.5750010000 49.2006530000 72.5915370000
28.5750010000 41.6001660000 65.0941850000
28.5750010000 41.6001660000 65.0941850000
28.5750010000 41.6001660000 65.0941850000
28.5750010000 49.2095380000 72.8081890000
28.5750010000 49.2095380000 72.8081890000
28.5750010000 49.2095380000 72.8081890000
28.5750010000 41.3834150000 65.0882640000
28.5750010000 41.3834150000 65.0882640000
28.5750010000 41.3834150000 65.0882640000
28.5750010000 49.2125020000 73.0250020000
28.5750010000 49.2125020000 73.0250020000
28.5750010000 49.2125020000 73.0250020000
28.5750010000 41.1665840000 65.0882640000
28.5750010000 41.1665840000 65.0882640000
28.5750010000 41.1665840000 65.0882640000
28.5750010000 49.2095380000 73.2418140000
28.5750010000 49.2095380000 73.2418140000
28.5750010000 49.2095380000 73.2418140000
28.5750010000 40.9498330000 65.0941850000
28.5750010000 40.9498330000 65.0941850000
28.5750010000 40.9498330000 65.0941850000
28.5750010000 49.2006530000 73.4584580000
28.5750010000 49.2006530000 73.4584580000
28.5750010000 49.2006530000 73.4584580000
28.5750010000 40.7333260000 65.1060260000
28.5750010000 40.7333260000 65.1060260000
28.5750010000 40.7333260000 65.1060260000
28.5750010000 49.1858560000 73.6747820000
28.5750010000 49.1858560000 73.6747820000
28.5750010000 49.1858560000 73.6747820000
28.5750010000 40.5172230000 65.1237790000
28.5750010000 40.5172230000 65.1237790000
28.5750010000 40.5172230000 65.1237790000
28.5750010000 49.1651570000 73.8906250000
28.5750010000 49.1651570000 73.8906250000
28.5750010000 49.1651570000 73.8906250000
28.5750010000 40.3016850000 65.1474230000
28.5750010000 40.3016850000 65.1474230000
28.5750010000 40.3016850000 65.1474230000
28.5750010000 49.1385690000 74.1058200000
28.5750010000 49.1385690000 74.1058200000
28.5750010000 49.1385690000 74.1058200000
28.5750010000 40.0868760000 65.1769490000
28.5750010000 40.0868760000 65.1769490000
28.5750010000 40.0868760000 65.1769490000
28.5750010000 49.1061100000 74.3202060000
28.5750010000 49.1061100000 74.3202060000
28.5750010000 49.1061100000 74.3202060000
28.5750010000 39.8729480000 65.2123260000
28.5750010000 39.8729480000 65.2123260000
28.5750010000 39.8729480000 65.2123260000
28.5750010000 -0.0000000000 25.4000000000
28.5750010000 -0.0000000000 25.4000000000
28.5750010000 -0.0000000000 25.4000000000
28.5750010000 -0.0000000000 25.4000000000
28.5750010000 49.0678100000 74.5336300000
28.5750010000 49.0678100000 74.5336300000
28.5750010000 49.0678100000 74.5336300000
28.5750010000 39.6600720000 65.2535400000
28.5750010000 39.6600720000 65.2535400000
28.5750010000 39.6600720000 65.2535400000
28.5750010000 49.0236930000 74.7459260000
28.5750010000 49.0236930000 74.7459260000
28.5750010000 49.0236930000 74.7459260000
28.5750010000 39.4483990000 65.3005520000
28.5750010000 39.4483990000 65.3005520000
28.5750010000 39.4483990000 65.3005520000
28.5750010000 48.9737930000 74.9569400000
28.5750010000 48.9737930000 74.9569400000
28.5750010000 48.9737930000 74.9569400000
28.5750010000 39.2380870000 65.3533250000
28.5750010000 39.2380870000 65.3533250000
28.5750010000 39.2380870000 65.3533250000
28.5750010000 48.9181520000 75.1665040000
28.5750010000 48.9181520000 75.1665040000
28.5750010000 48.9181520000 75.1665040000
28.5750010000 39.0292970000 65.4118270000
28.5750010000 39.0292970000 65.4118270000
28.5750010000 39.0292970000 65.4118270000
28.5750010000 48.8568040000 75.3744810000
28.5750010000 48.8568040000 75.3744810000
28.5750010000 48.8568040000 75.3744810000
28.5750010000 38.8221820000 65.4760060000
28.5750010000 38.8221820000 65.4760060000
28.5750010000 38.8221820000 65.4760060000
28.5750010000 48.7897990000 75.5806960000
28.5750010000 48.7897990000 75.5806960000
28.5750010000 48.7897990000 75.5806960000
28.5750010000 38.6168980000 65.5458220000
28.5750010000 38.6168980000 65.5458220000
28.5750010000 38.6168980000 65.5458220000
28.5750010000 48.7171860000 75.7850110000
28.5750010000 48.7171860000 75.7850110000
28.5750010000 48.7171860000 75.7850110000
28.5750010000 38.4135970000 65.6212230000
28.5750010000 38.4135970000 65.6212230000
28.5750010000 38.4135970000 65.6212230000
28.5750010000 48.6390190000 75.9872590000
28.5750010000 48.6390190000 75.9872590000
28.5750010000 48.6390190000 75.9872590000
28.5750010000 38.2124330000 65.7021410000
28.5750010000 38.2124330000 65.7021410000
28.5750010000 38.2124330000 65.7021410000
28.5750010000 48.5553590000 76.1873020000
28.5750010000 48.5553590000 76.1873020000
28.5750010000 48.5553590000 76.1873020000
28.5750010000 58.5556640000 81.0424420000
28.5750010000 58.5556640000 81.0424420000
28.5750010000 58.5556640000 81.0424420000
28.5750010000 38.0135500000 65.7885280000
28.5750010000 38.0135500000 65.7885280000
28.5750010000 38.0135500000 65.7885280000
28.5750010000 48.4662630000 76.3849790000
28.5750010000 48.4662630000 76.3849790000
28.5750010000 48.4662630000 76.3849790000
28.5750010000 58.3296780000 81.5125890000
28.5750010000 58.3296780000 81.5125890000
28.5750010000 58.3296780000 81.5125890000
28.5750010000 37.8171040000 65.8803100000
28.5750010000 37.8171040000 65.8803100000
28.5750010000 37.8171040000 65.8803100000
28.5750010000 48.3718030000 76.5801540000
28.5750010000 48.3718030000 76.5801540000
28.5750010000 48.3718030000 76.5801540000
28.5750010000 58.0909000000 81.9763640000
28.5750010000 58.0909000000 81.9763640000
28.5750010000 58.0909000000 81.9763640000
28.5750010000 37.6232410000 65.9774320000
28.5750010000 37.6232410000 65.9774320000
28.5750010000 37.6232410000 65.9774320000
28.5750010000 48.2720450000 76.7726750000
28.5750010000 48.2720450000 76.7726750000
28.5750010000 48.2720450000 76.7726750000
28.5750010000 57.8395200000 82.4334340000
28.5750010000 57.8395200000 82.4334340000
28.5750010000 57.8395200000 82.4334340000
28.5750010000 57.8395200000 82.4334340000
28.5750010000 37.4320980000 66.0798030000
28.5750010000 37.4320980000 66.0798030000
28.5750010000 37.4320980000 66.0798030000
28.5750010000 48.1670680000 76.9624020000
28.5750010000 48.1670680000 76.9624020000
28.5750010000 48.1670680000 76.9624020000
28.5750010000 57.5757140000 82.8834460000
28.5750010000 57.5757140000 82.8834460000
28.5750010000 57.5757140000 82.8834460000
28.5750010000 57.5757140000 82.8834460000
28.5750010000 37.2438280000 66.1873630000
28.5750010000 37.2438280000 66.1873630000
28.5750010000 37.2438280000 66.1873630000
28.5750010000 48.0569460000 77.1491850000
28.5750010000 48.0569460000 77.1491850000
28.5750010000 48.0569460000 77.1491850000
28.5750010000 57.2996900000 83.3260650000
28.5750010000 57.2996900000 83.3260650000
28.5750010000 57.2996900000 83.3260650000
28.5750010000 37.0585590000 66.3000260000
28.5750010000 37.0585590000 66.3000260000
28.5750010000 37.0585590000 66.3000260000
28.5750010000 47.9417650000 77.3328930000
28.5750010000 47.9417650000 77.3328930000
28.5750010000 47.9417650000 77.3328930000
28.5750010000 57.0116460000 83.7609630000
28.5750010000 57.0116460000 83.7609630000
28.5750010000 57.0116460000 83.7609630000
28.5750010000 57.0116460000 83.7609630000
28.5750010000 36.8764420000 66.4177090000
28.5750010000 36.8764420000 66.4177090000
28.5750010000 36.8764420000 66.4177090000
28.5750010000 47.8216060000 77.5133900000
28.5750010000 47.8216060000 77.5133900000
28.5750010000 47.8216060000 77.5133900000
28.5750010000 56.7118030000 84.1878130000
28.5750010000 56.7118030000 84.1878130000
28.5750010000 56.7118030000 84.1878130000
28.5750010000 56.7118030000 84.1878130000
28.5750010000 36.6976050000 66.5403210000
28.5750010000 36.6976050000 66.5403210000
28.5750010000 36.6976050000 66.5403210000
28.5750010000 47.6965640000 77.6905360000
28.5750010000 47.6965640000 77.6905360000
28.5750010000 47.6965640000 77.6905360000
28.5750010000 56.4003910000 84.6062930000
28.5750010000 56.4003910000 84.6062930000
28.5750010000 56.4003910000 84.6062930000
28.5750010000 36.5221860000 66.6677700000
28.5750010000 36.5221860000 66.6677700000
28.5750010000 36.5221860000 66.6677700000
28.5750010000 47.5667300000 77.8641970000
28.5750010000 47.5667300000 77.8641970000
28.5750010000 47.5667300000 77.8641970000
28.5750010000 56.0776330000 85.0160900000
28.5750010000 56.0776330000 85.0160900000
28.5750010000 56.0776330000 85.0160900000
28.5750010000 56.0776330000 85.0160900000
28.5750010000 36.3503150000 66.7999650000
28.5750010000 36.3503150000 66.7999650000
28.5750010000 36.3503150000 66.7999650000
28.5750010000 47.4322010000 78.0342480000
28.5750010000 47.4322010000 78.0342480000
28.5750010000 47.4322010000 78.0342480000
28.5750010000 55.7437740000 85.4168930000
28.5750010000 55.7437740000 85.4168930000
28.5750010000 55.7437740000 85.4168930000
28.5750010000 55.7437740000 85.4168930000
28.5750010000 36.1821140000 66.9367980000
28.5750010000 36.1821140000 66.9367980000
28.5750010000 36.1821140000 66.9367980000
28.5750010000 47.2930760000 78.2005620000
28.5750010000 47.2930760000 78.2005620000
28.5750010000 47.2930760000 78.2005620000
28.5750010000 55.3990710000 85.8084030000
28.5750010000 55.3990710000 85.8084030000
28.5750010000 55.3990710000 85.8084030000
28.5750010000 36.0177150000 67.0781860000
28.5750010000 36.0177150000 67.0781860000
28.5750010000 36.0177150000 67.0781860000
28.5750010000 47.1494600000 78.3630140000
28.5750010000 47.1494600000 78.3630140000
28.5750010000 47.1494600000 78.3630140000
28.5750010000 55.0437740000 86.1903310000
28.5750010000 55.0437740000 86.1903310000
28.5750010000 55.0437740000 86.1903310000
28.5750010000 35.8572430000 67.2240070000
28.5750010000 35.8572430000 67.2240070000
28.5750010000 35.8572430000 67.2240070000
28.5750010000 47.0014610000 78.5214840000
28.5750010000 47.0014610000 78.5214840000
28.5750010000 47.0014610000 78.5214840000
28.5750010000 35.7008090000 67.3741530000
28.5750010000 35.7008090000 67.3741530000
28.5750010000 35.7008090000 67.3741530000
28.5750010000 54.6781540000 86.5623930000
28.5750010000 54.6781540000 86.5623930000
28.5750010000 54.6781540000 86.5623930000
28.5750010000 54.6781540000 86.5623930000
28.5750010000 46.8491900000 78.6758500000
28.5750010000 46.8491900000 78.6758500000
28.5750010000 46.8491900000 78.6758500000
28.5750010000 35.5485380000 67.5285190000
28.5750010000 35.5485380000 67.5285190000
28.5750010000 35.5485380000 67.5285190000
28.5750010000 35.4005390000 67.6869890000
28.5750010000 35.4005390000 67.6869890000
28.5750010000 35.4005390000 67.6869890000
28.5750010000 35.2569240000 67.8494420000
28.5750010000 35.2569240000 67.8494420000
28.5750010000 35.2569240000 67.8494420000
28.5750010000 54.3024830000 86.9242940000
28.5750010000 54.3024830000 86.9242940000
28.5750010000 54.3024830000 86.9242940000
28.5750010000 46.6927570000 78.8259960000
28.5750010000 46.6927570000 78.8259960000
28.5750010000 46.6927570000 78.8259960000
28.5750010000 35.1177980000 68.0157550000
28.5750010000 35.1177980000 68.0157550000
28.5750010000 35.1177980000 68.0157550000
28.5750010000 34.9832690000 68.1858060000
28.5750010000 34.9832690000 68.1858060000
28.5750010000 34.9832690000 68.1858060000
28.5750010000 53.9170460000 87.2757800000
28.5750010000 53.9170460000 87.2757800000
28.5750010000 53.9170460000 87.2757800000
28.5750010000 46.5322840000 78.9718170000
28.5750010000 46.5322840000 78.9718170000
28.5750010000 46.5322840000 78.9718170000
28.5750010000 34.8534360000 68.3594670000
28.5750010000 34.8534360000 68.3594670000
28.5750010000 34.8534360000 68.3594670000
28.5750010000 34.7283940000 68.5366130000
28.5750010000 34.7283940000 68.5366130000
28.5750010000 34.7283940000 68.5366130000
28.5750010000 53.5221250000 87.6165850000
28.5750010000 53.5221250000 87.6165850000
28.5750010000 53.5221250000 87.6165850000
28.5750010000 46.3678860000 79.1131970000
28.5750010000 46.3678860000 79.1131970000
28.5750010000 46.3678860000 79.1131970000
28.5750010000 34.6082340000 68.7171020000
28.5750010000 34.6082340000 68.7171020000
28.5750010000 34.6082340000 68.7171020000
28.5750010000 34.4930530000 68.9008100000
28.5750010000 34.4930530000 68.9008100000
28.5750010000 34.4930530000 68.9008100000
28.5750010000 34.3829310000 69.0876010000
28.5750010000 34.3829310000 69.0876010000
28.5750010000 34.3829310000 69.0876010000
28.5750010000 53.1180270000 87.9464420000
28.5750010000 53.1180270000 87.9464420000
28.5750010000 53.1180270000 87.9464420000
28.5750010000 53.1180270000 87.9464420000
28.5750010000 53.1180270000 87.9464420000
28.5750010000 46.1996880000 79.2500380000
28.5750010000 46.1996880000 79.2500380000
28.5750010000 46.1996880000 79.2500380000
28.5750010000 34.2779540000 69.2773210000
28.5750010000 34.2779540000 69.2773210000
28.5750010000 34.2779540000 69.2773210000
28.5750010000 34.1781960000 69.4698410000
28.5750010000 34.1781960000 69.4698410000
28.5750010000 34.1781960000 69.4698410000
28.5750010000 52.7050440000 88.2651140000
28.5750010000 52.7050440000 88.2651140000
28.5750010000 52.7050440000 88.2651140000
28.5750010000 52.7050440000 88.2651140000
28.5750010000 46.0278130000 79.3822330000
28.5750010000 46.0278130000 79.3822330000
28.5750010000 46.0278130000 79.3822330000
28.5750010000 34.0837360000 69.6650160000
28.5750010000 34.0837360000 69.6650160000
28.5750010000 34.0837360000 69.6650160000
28.5750010000 52.2834930000 88.5723570000
28.5750010000 52.2834930000 88.5723570000
28.5750010000 52.2834930000 88.5723570000
28.5750010000 45.8523940000 79.5096820000
28.5750010000 45.8523940000 79.5096820000
28.5750010000 45.8523940000 79.5096820000
28.5750010000 51.8536870000 88.8679430000
28.5750010000 51.8536870000 88.8679430000
28.5750010000 51.8536870000 88.8679430000
28.5750010000 51.8536870000 88.8679430000
28.5750010000 45.6735570000 79.6322940000
28.5750010000 45.6735570000 79.6322940000
28.5750010000 45.6735570000 79.6322940000
28.5750010000 51.4159510000 89.1516490000
28.5750010000 51.4159510000 89.1516490000
28.5750010000 51.4159510000 89.1516490000
28.5750010000 51.4159510000 89.1516490000
28.5750010000 45.4914400000 79.7499690000
28.5750010000 45.4914400000 79.7499690000
28.5750010000 45.4914400000 79.7499690000
28.5750010000 50.9706080000 89.4232640000
28.5750010000 50.9706080000 89.4232640000
28.5750010000 50.9706080000 89.4232640000
28.5750010000 45.3061750000 79.8626330000
28.5750010000 45.3061750000 79.8626330000
28.5750010000 45.3061750000 79.8626330000
28.5750010000 50.5179980000 89.6825870000
28.5750010000 50.5179980000 89.6825870000
28.5750010000 50.5179980000 89.6825870000
28.5750010000 45.1179010000 79.9701920000
28.5750010000 45.1179010000 79.9701920000
28.5750010000 45.1179010000 79.9701920000
28.5750010000 50.0584560000 89.9294200000
28.5750010000 50.0584560000 89.9294200000
28.5750010000 50.0584560000 89.9294200000
28.5750010000 44.9267620000 80.0725710000
28.5750010000 44.9267620000 80.0725710000
28.5750010000 44.9267620000 80.0725710000
28.5750010000 49.5923270000 90.1635740000
28.5750010000 49.5923270000 90.1635740000
28.5750010000 49.5923270000 90.1635740000
28.5750010000 49.5923270000 90.1635740000
28.5750010000 44.7328950000 80.1696850000
28.5750010000 44.7328950000 80.1696850000
28.5750010000 44.7328950000 80.1696850000
28.5750010000 49.1199610000 90.3848800000
28.5750010000 49.1199610000 90.3848800000
28.5750010000 49.1199610000 90.3848800000
28.5750010000 49.1199610000 90.3848800000
28.5750010000 44.5364490000 80.2614750000
28.5750010000 44.5364490000 80.2614750000
28.5750010000 44.5364490000 80.2614750000
28.5750010000 48.6417160000 90.5931700000
28.5750010000 48.6417160000 90.5931700000
28.5750010000 48.6417160000 90.5931700000
28.5750010000 44.3375700000 80.3478620000
28.5750010000 44.3375700000 80.3478620000
28.5750010000 44.3375700000 80.3478620000
28.5750010000 48.1579440000 90.7882840000
28.5750010000 48.1579440000 90.7882840000
28.5750010000 48.1579440000 90.7882840000
28.5750010000 48.1579440000 90.7882840000
28.5750010000 44.1364020000 80.4287800000
28.5750010000 44.1364020000 80.4287800000
28.5750010000 44.1364020000 80.4287800000
28.5750010000 47.6690140000 90.9700850000
28.5750010000 47.6690140000 90.9700850000
28.5750010000 47.6690140000 90.9700850000
28.5750010000 47.6690140000 90.9700850000
28.5750010000 43.9331020000 80.5041730000
28.5750010000 43.9331020000 80.5041730000
28.5750010000 43.9331020000 80.5041730000
28.5750010000 47.1752850000 91.1384280000
28.5750010000 47.1752850000 91.1384280000
28.5750010000 47.1752850000 91.1384280000
28.5750010000 43.7278180000 80.5739900000
28.5750010000 43.7278180000 80.5739900000
28.5750010000 43.7278180000 80.5739900000
28.5750010000 46.6771350000 91.2931820000
28.5750010000 46.6771350000 91.2931820000
28.5750010000 46.6771350000 91.2931820000
28.5750010000 43.5207020000 80.6381760000
28.5750010000 43.5207020000 80.6381760000
28.5750010000 43.5207020000 80.6381760000
28.5750010000 46.1749340000 91.4342500000
28.5750010000 46.1749340000 91.4342500000
28.5750010000 46.1749340000 91.4342500000
28.5750010000 43.3119130000 80.6966710000
28.5750010000 43.3119130000 80.6966710000
28.5750010000 43.3119130000 80.6966710000
28.5750010000 45.6690600000 91.5615080000
28.5750010000 45.6690600000 91.5615080000
28.5750010000 45.6690600000 91.5615080000
28.5750010000 45.6690600000 91.5615080000
28.5750010000 43.1016040000 80.7494510000
28.5750010000 43.1016040000 80.7494510000
28.5750010000 43.1016040000 80.7494510000
28.5750010000 45.1598930000 91.6748730000
28.5750010000 45.1598930000 91.6748730000
28.5750010000 45.1598930000 91.6748730000
28.5750010000 45.1598930000 91.6748730000
28.5750010000 42.8899310000 80.7964550000
28.5750010000 42.8899310000 80.7964550000
28.5750010000 42.8899310000 80.7964550000
28.5750010000 44.6478080000 91.7742460000
28.5750010000 44.6478080000 91.7742460000
28.5750010000 44.6478080000 91.7742460000
28.5750010000 42.6770520000 80.8376690000
28.5750010000 42.6770520000 80.8376690000
28.5750010000 42.6770520000 80.8376690000
28.5750010000 44.1331980000 91.8595660000
28.5750010000 44.1331980000 91.8595660000
28.5750010000 44.1331980000 91.8595660000
28.5750010000 44.1331980000 91.8595660000
28.5750010000 42.4631270000 80.8730550000
28.5750010000 42.4631270000 80.8730550000
28.5750010000 42.4631270000 80.8730550000
28.5750010000 43.6164440000 91.9307630000
28.5750010000 43.6164440000 91.9307630000
28.5750010000 43.6164440000 91.9307630000
28.5750010000 43.6164440000 91.9307630000
28.5750010000 43.6164440000 91.9307630000
28.5750010000 42.2483140000 80.9025800000
28.5750010000 42.2483140000 80.9025800000
28.5750010000 42.2483140000 80.9025800000
28.5750010000 43.0979350000 91.9877850000
28.5750010000 43.0979350000 91.9877850000
28.5750010000 43.0979350000 91.9877850000
28.5750010000 42.0327760000 80.9262240000
28.5750010000 42.0327760000 80.9262240000
28.5750010000 42.0327760000 80.9262240000
28.5750010000 42.5780560000 92.0305940000
28.5750010000 42.5780560000 92.0305940000
28.5750010000 42.5780560000 92.0305940000
28.5750010000 41.8166730000 80.9439770000
28.5750010000 41.8166730000 80.9439770000
28.5750010000 41.8166730000 80.9439770000
28.5750010000 42.0572010000 92.0591430000
28.5750010000 42.0572010000 92.0591430000
28.5750010000 42.0572010000 92.0591430000
28.5750010000 41.6001660000 80.9558180000
28.5750010000 41.6001660000 80.9558180000
28.5750010000 41.6001660000 80.9558180000
28.5750010000 41.5357630000 92.0734250000
28.5750010000 41.5357630000 92.0734250000
28.5750010000 41.5357630000 92.0734250000
28.5750010000 41.5357630000 92.0734250000
28.5750010000 41.3834150000 80.9617390000
28.5750010000 41.3834150000 80.9617390000
28.5750010000 41.3834150000 80.9617390000
28.5750010000 41.1665840000 80.9617390000
28.5750010000 41.1665840000 80.9617390000
28.5750010000 41.1665840000 80.9617390000
28.5750010000 41.0141260000 92.0734250000
28.5750010000 41.0141260000 92.0734250000
28.5750010000 41.0141260000 92.0734250000
28.5750010000 40.9498330000 80.9558180000
28.5750010000 40.9498330000 80.9558180000
28.5750010000 40.9498330000 80.9558180000
28.5750010000 40.4926830000 92.0591430000
28.5750010000 40.4926830000 92.0591430000
28.5750010000 40.4926830000 92.0591430000
28.5750010000 40.4926830000 92.0591430000
28.5750010000 40.7333260000 80.9439770000
28.5750010000 40.7333260000 80.9439770000
28.5750010000 40.7333260000 80.9439770000
28.5750010000 39.9718280000 92.0305860000
28.5750010000 39.9718280000 92.0305860000
28.5750010000 39.9718280000 92.0305860000
28.5750010000 40.5172230000 80.9262240000
28.5750010000 40.5172230000 80.9262240000
28.5750010000 40.5172230000 80.9262240000
28.5750010000 39.4519540000 91.9877780000
28.5750010000 39.4519540000 91.9877780000
28.5750010000 39.4519540000 91.9877780000
28.5750010000 39.4519540000 91.9877780000
28.5750010000 40.3016850000 80.9025800000
28.5750010000 40.3016850000 80.9025800000
28.5750010000 40.3016850000 80.9025800000
28.5750010000 38.9334410000 91.9307560000
28.5750010000 38.9334410000 91.9307560000
28.5750010000 38.9334410000 91.9307560000
28.5750010000 40.0868760000 80.8730550000
28.5750010000 40.0868760000 80.8730550000
28.5750010000 40.0868760000 80.8730550000
28.5750010000 38.4166870000 91.8595580000
28.5750010000 38.4166870000 91.8595580000
28.5750010000 38.4166870000 91.8595580000
28.5750010000 38.4166870000 91.8595580000
28.5750010000 38.4166870000 91.8595580000
28.5750010000 39.8729480000 80.8376690000
28.5750010000 39.8729480000 80.8376690000
28.5750010000 39.8729480000 80.8376690000
28.5750010000 37.9020770000 91.7742390000
28.5750010000 37.9020770000 91.7742390000
28.5750010000 37.9020770000 91.7742390000
28.5750010000 39.6600720000 80.7964550000
28.5750010000 39.6600720000 80.7964550000
28.5750010000 39.6600720000 80.7964550000
28.5750010000 37.3899960000 91.6748580000
28.5750010000 37.3899960000 91.6748580000
28.5750010000 37.3899960000 91.6748580000
28.5750010000 37.3899960000 91.6748580000
28.5750010000 39.4483990000 80.7494510000
28.5750010000 39.4483990000 80.7494510000
28.5750010000 39.4483990000 80.7494510000
28.5750010000 36.8808250000 91.5614930000
28.5750010000 36.8808250000 91.5614930000
28.5750010000 36.8808250000 91.5614930000
28.5750010000 36.8808250000 91.5614930000
28.5750010000 39.2380870000 80.6966710000
28.5750010000 39.2380870000 80.6966710000
28.5750010000 39.2380870000 80.6966710000
28.5750010000 36.3749500000 91.4342270000
28.5750010000 36.3749500000 91.4342270000
28.5750010000 36.3749500000 91.4342270000
28.5750010000 39.0292970000 80.6381760000
28.5750010000 39.0292970000 80.6381760000
28.5750010000 39.0292970000 80.6381760000
28.5750010000 35.8727530000 91.2931670000
28.5750010000 35.8727530000 91.2931670000
28.5750010000 35.8727530000 91.2931670000
28.5750010000 38.8221820000 80.5739900000
28.5750010000 38.8221820000 80.5739900000
28.5750010000 38.8221820000 80.5739900000
28.5750010000 35.3746030000 91.1384050000
28.5750010000 35.3746030000 91.1384050000
28.5750010000 35.3746030000 91.1384050000
28.5750010000 38.6168980000 80.5041730000
28.5750010000 38.6168980000 80.5041730000
28.5750010000 38.6168980000 80.5041730000
28.5750010000 34.8808780000 90.9700550000
28.5750010000 34.8808780000 90.9700550000
28.5750010000 34.8808780000 90.9700550000
28.5750010000 34.8808780000 90.9700550000
28.5750010000 34.8808780000 90.9700550000
28.5750010000 38.4135970000 80.4287800000
28.5750010000 38.4135970000 80.4287800000
28.5750010000 38.4135970000 80.4287800000
28.5750010000 34.3919450000 90.7882610000
28.5750010000 34.3919450000 90.7882610000
28.5750010000 34.3919450000 90.7882610000
28.5750010000 34.3919450000 90.7882610000
28.5750010000 38.2124330000 80.3478620000
28.5750010000 38.2124330000 80.3478620000
28.5750010000 38.2124330000 80.3478620000
28.5750010000 33.9081760000 90.5931400000
28.5750010000 33.9081760000 90.5931400000
28.5750010000 33.9081760000 90.5931400000
28.5750010000 38.0135500000 80.2614750000
28.5750010000 38.0135500000 80.2614750000
28.5750010000 38.0135500000 80.2614750000
28.5750010000 23.7812390000 80.5662230000
28.5750010000 23.7812390000 80.5662230000
28.5750010000 23.7812390000 80.5662230000
28.5750010000 23.7812390000 80.5662230000
28.5750010000 23.7812390000 80.5662230000
28.5750010000 33.4438900000 74.3202060000
28.5750010000 33.4438900000 74.3202060000
28.5750010000 33.4438900000 74.3202060000
28.5750010000 33.4114340000 74.1058200000
28.5750010000 33.4114340000 74.1058200000
28.5750010000 33.4114340000 74.1058200000
28.5750010000 33.3848460000 73.8906250000
28.5750010000 33.3848460000 73.8906250000
28.5750010000 33.3848460000 73.8906250000
28.5750010000 33.3641430000 73.6747820000
28.5750010000 33.3641430000 73.6747820000
28.5750010000 33.3641430000 73.6747820000
28.5750010000 33.3493460000 73.4584580000
28.5750010000 33.3493460000 73.4584580000
28.5750010000 33.3493460000 73.4584580000
28.5750010000 33.3404620000 73.2418140000
28.5750010000 33.3404620000 73.2418140000
28.5750010000 33.3404620000 73.2418140000
28.5750010000 33.3375020000 73.0250020000
28.5750010000 33.3375020000 73.0250020000
28.5750010000 33.3375020000 73.0250020000
28.5750010000 33.3404620000 72.8081890000
28.5750010000 33.3404620000 72.8081890000
28.5750010000 33.3404620000 72.8081890000
28.5750010000 33.3493460000 72.5915370000
28.5750010000 33.3493460000 72.5915370000
28.5750010000 33.3493460000 72.5915370000
28.5750010000 33.3641430000 72.3752140000
28.5750010000 33.3641430000 72.3752140000
28.5750010000 33.3641430000 72.3752140000
28.5750010000 33.3848460000 72.1593700000
28.5750010000 33.3848460000 72.1593700000
28.5750010000 33.3848460000 72.1593700000
28.5750010000 33.4114340000 71.9441760000
28.5750010000 33.4114340000 71.9441760000
28.5750010000 33.4114340000 71.9441760000
28.5750010000 33.4438900000 71.7297900000
28.5750010000 33.4438900000 71.7297900000
28.5750010000 33.4438900000 71.7297900000
28.5750010000 33.4821890000 71.5163730000
28.5750010000 33.4821890000 71.5163730000
28.5750010000 33.4821890000 71.5163730000
28.5750010000 33.5263060000 71.3040770000
28.5750010000 33.5263060000 71.3040770000
28.5750010000 33.5263060000 71.3040770000
28.5750010000 33.5762060000 71.0930630000
28.5750010000 33.5762060000 71.0930630000
28.5750010000 33.5762060000 71.0930630000
28.5750010000 33.6318470000 70.8834920000
28.5750010000 33.6318470000 70.8834920000
28.5750010000 33.6318470000 70.8834920000
28.5750010000 33.6931950000 70.6755220000
28.5750010000 33.6931950000 70.6755220000
28.5750010000 33.6931950000 70.6755220000
28.5750010000 33.7602010000 70.4692990000
28.5750010000 33.7602010000 70.4692990000
28.5750010000 33.7602010000 70.4692990000
28.5750010000 33.8328130000 70.2649920000
28.5750010000 33.8328130000 70.2649920000
28.5750010000 33.8328130000 70.2649920000
28.5750010000 33.9109800000 70.0627370000
28.5750010000 33.9109800000 70.0627370000
28.5750010000 33.9109800000 70.0627370000
28.5750010000 33.9946400000 69.8627010000
28.5750010000 33.9946400000 69.8627010000
28.5750010000 33.9946400000 69.8627010000
28.5750010000 33.9946400000 76.1873020000
28.5750010000 33.9946400000 76.1873020000
28.5750010000 33.9946400000 76.1873020000
28.5750010000 33.9109800000 75.9872590000
28.5750010000 33.9109800000 75.9872590000
28.5750010000 33.9109800000 75.9872590000
28.5750010000 33.8328130000 75.7850110000
28.5750010000 33.8328130000 75.7850110000
28.5750010000 33.8328130000 75.7850110000
28.5750010000 33.7602010000 75.5806960000
28.5750010000 33.7602010000 75.5806960000
28.5750010000 33.7602010000 75.5806960000
28.5750010000 33.6931950000 75.3744810000
28.5750010000 33.6931950000 75.3744810000
28.5750010000 33.6931950000 75.3744810000
28.5750010000 33.6318470000 75.1665040000
28.5750010000 33.6318470000 75.1665040000
28.5750010000 33.6318470000 75.1665040000
28.5750010000 33.5762060000 74.9569400000
28.5750010000 33.5762060000 74.9569400000
28.5750010000 33.5762060000 74.9569400000
28.5750010000 33.5263060000 74.7459260000
28.5750010000 33.5263060000 74.7459260000
28.5750010000 33.5263060000 74.7459260000
28.5750010000 33.4821890000 74.5336300000
28.5750010000 33.4821890000 74.5336300000
28.5750010000 33.4821890000 74.5336300000
28.5750010000 33.4299320000 90.3848500000
28.5750010000 33.4299320000 90.3848500000
28.5750010000 33.4299320000 90.3848500000
28.5750010000 33.4299320000 90.3848500000
28.5750010000 37.8171040000 80.1696850000
28.5750010000 37.8171040000 80.1696850000
28.5750010000 37.8171040000 80.1696850000
28.5750010000 23.9942670000 81.0423740000
28.5750010000 23.9942670000 81.0423740000
28.5750010000 23.9942670000 81.0423740000
28.5750010000 34.0837360000 76.3849790000
28.5750010000 34.0837360000 76.3849790000
28.5750010000 34.0837360000 76.3849790000
28.5750010000 32.9575650000 90.1635440000
28.5750010000 32.9575650000 90.1635440000
28.5750010000 32.9575650000 90.1635440000
28.5750010000 32.9575650000 90.1635440000
28.5750010000 37.6232410000 80.0725710000
28.5750010000 37.6232410000 80.0725710000
28.5750010000 37.6232410000 80.0725710000
28.5750010000 24.2202510000 81.5125200000
28.5750010000 24.2202510000 81.5125200000
28.5750010000 24.2202510000 81.5125200000
28.5750010000 34.1781960000 76.5801540000
28.5750010000 34.1781960000 76.5801540000
28.5750010000 34.1781960000 76.5801540000
28.5750010000 32.4914400000 89.9293820000
28.5750010000 32.4914400000 89.9293820000
28.5750010000 32.4914400000 89.9293820000
28.5750010000 37.4320980000 79.9701920000
28.5750010000 37.4320980000 79.9701920000
28.5750010000 37.4320980000 79.9701920000
28.5750010000 24.4590230000 81.9763030000
28.5750010000 24.4590230000 81.9763030000
28.5750010000 24.4590230000 81.9763030000
28.5750010000 34.2779540000 76.7726750000
28.5750010000 34.2779540000 76.7726750000
28.5750010000 34.2779540000 76.7726750000
28.5750010000 32.0318980000 89.6825490000
28.5750010000 32.0318980000 89.6825490000
28.5750010000 32.0318980000 89.6825490000
28.5750010000 37.2438280000 79.8626330000
28.5750010000 37.2438280000 79.8626330000
28.5750010000 37.2438280000 79.8626330000
28.5750010000 24.7104050000 82.4333720000
28.5750010000 24.7104050000 82.4333720000
28.5750010000 24.7104050000 82.4333720000
28.5750010000 24.7104050000 82.4333720000
28.5750010000 34.3829310000 76.9624020000
28.5750010000 34.3829310000 76.9624020000
28.5750010000 34.3829310000 76.9624020000
28.5750010000 31.5792880000 89.4232250000
28.5750010000 31.5792880000 89.4232250000
28.5750010000 31.5792880000 89.4232250000
28.5750010000 37.0585590000 79.7499690000
28.5750010000 37.0585590000 79.7499690000
28.5750010000 37.0585590000 79.7499690000
28.5750010000 24.9742070000 82.8833850000
28.5750010000 24.9742070000 82.8833850000
28.5750010000 24.9742070000 82.8833850000
28.5750010000 24.9742070000 82.8833850000
28.5750010000 34.4930530000 77.1491850000
28.5750010000 34.4930530000 77.1491850000
28.5750010000 34.4930530000 77.1491850000
28.5750010000 31.1339470000 89.1516110000
28.5750010000 31.1339470000 89.1516110000
28.5750010000 31.1339470000 89.1516110000
28.5750010000 31.1339470000 89.1516110000
28.5750010000 36.8764420000 79.6322940000
28.5750010000 36.8764420000 79.6322940000
28.5750010000 36.8764420000 79.6322940000
28.5750010000 25.2502310000 83.3260040000
28.5750010000 25.2502310000 83.3260040000
28.5750010000 25.2502310000 83.3260040000
28.5750010000 34.6082340000 77.3328930000
28.5750010000 34.6082340000 77.3328930000
28.5750010000 34.6082340000 77.3328930000
28.5750010000 30.6962110000 88.8679050000
28.5750010000 30.6962110000 88.8679050000
28.5750010000 30.6962110000 88.8679050000
28.5750010000 30.6962110000 88.8679050000
28.5750010000 36.6976050000 79.5096820000
28.5750010000 36.6976050000 79.5096820000
28.5750010000 36.6976050000 79.5096820000
28.5750010000 25.5382710000 83.7609020000
28.5750010000 25.5382710000 83.7609020000
28.5750010000 25.5382710000 83.7609020000
28.5750010000 25.5382710000 83.7609020000
28.5750010000 34.7283940000 77.5133900000
28.5750010000 34.7283940000 77.5133900000
28.5750010000 34.7283940000 77.5133900000
28.5750010000 30.2664070000 88.5723110000
28.5750010000 30.2664070000 88.5723110000
28.5750010000 30.2664070000 88.5723110000
28.5750010000 36.5221860000 79.3822330000
28.5750010000 36.5221860000 79.3822330000
28.5750010000 36.5221860000 79.3822330000
28.5750010000 25.8381120000 84.1877520000
28.5750010000 25.8381120000 84.1877520000
28.5750010000 25.8381120000 84.1877520000
28.5750010000 25.8381120000 84.1877520000
28.5750010000 34.8534360000 77.6905360000
28.5750010000 34.8534360000 77.6905360000
28.5750010000 34.8534360000 77.6905360000
28.5750010000 29.8448560000 88.2650680000
28.5750010000 29.8448560000 88.2650680000
28.5750010000 29.8448560000 88.2650680000
28.5750010000 29.8448560000 88.2650680000
28.5750010000 36.3503150000 79.2500380000
28.5750010000 36.3503150000 79.2500380000
28.5750010000 36.3503150000 79.2500380000
28.5750010000 26.1495270000 84.6062320000
28.5750010000 26.1495270000 84.6062320000
28.5750010000 26.1495270000 84.6062320000
28.5750010000 34.9832690000 77.8641970000
28.5750010000 34.9832690000 77.8641970000
28.5750010000 34.9832690000 77.8641970000
28.5750010000 29.4318770000 87.9463960000
28.5750010000 29.4318770000 87.9463960000
28.5750010000 29.4318770000 87.9463960000
28.5750010000 29.4318770000 87.9463960000
28.5750010000 29.4318770000 87.9463960000
28.5750010000 36.1821140000 79.1131970000
28.5750010000 36.1821140000 79.1131970000
28.5750010000 36.1821140000 79.1131970000
28.5750010000 26.4722820000 85.0160290000
28.5750010000 26.4722820000 85.0160290000
28.5750010000 26.4722820000 85.0160290000
28.5750010000 26.4722820000 85.0160290000
28.5750010000 35.1177980000 78.0342480000
28.5750010000 35.1177980000 78.0342480000
28.5750010000 35.1177980000 78.0342480000
28.5750010000 29.0277770000 87.6165310000
28.5750010000 29.0277770000 87.6165310000
28.5750010000 29.0277770000 87.6165310000
28.5750010000 36.0177150000 78.9718170000
28.5750010000 36.0177150000 78.9718170000
28.5750010000 36.0177150000 78.9718170000
28.5750010000 26.8061370000 85.4168400000
28.5750010000 26.8061370000 85.4168400000
28.5750010000 26.8061370000 85.4168400000
28.5750010000 26.8061370000 85.4168400000
28.5750010000 35.2569240000 78.2005620000
28.5750010000 35.2569240000 78.2005620000
28.5750010000 35.2569240000 78.2005620000
28.5750010000 28.6328600000 87.2757340000
28.5750010000 28.6328600000 87.2757340000
28.5750010000 28.6328600000 87.2757340000
28.5750010000 35.8572430000 78.8259960000
28.5750010000 35.8572430000 78.8259960000
28.5750010000 35.8572430000 78.8259960000
28.5750010000 27.1508410000 85.8083500000
28.5750010000 27.1508410000 85.8083500000
28.5750010000 27.1508410000 85.8083500000
28.5750010000 35.4005390000 78.3630140000
28.5750010000 35.4005390000 78.3630140000
28.5750010000 35.4005390000 78.3630140000
28.5750010000 28.2474230000 86.9242480000
28.5750010000 28.2474230000 86.9242480000
28.5750010000 28.2474230000 86.9242480000
28.5750010000 35.7008090000 78.6758500000
28.5750010000 35.7008090000 78.6758500000
28.5750010000 35.7008090000 78.6758500000
28.5750010000 27.5061360000 86.1902770000
28.5750010000 27.5061360000 86.1902770000
28.5750010000 27.5061360000 86.1902770000
28.5750010000 35.5485380000 78.5214840000
28.5750010000 35.5485380000 78.5214840000
28.5750010000 35.5485380000 78.5214840000
28.5750010000 27.8717560000 86.5623400000
28.5750010000 27.8717560000 86.5623400000
28.5750010000 27.8717560000 86.5623400000
28.5750010000 27.8717560000 86.5623400000
18.4261420000 7.2040880000 25.4000000000
18.4261420000 7.2040880000 25.4000000000
18.4261420000 7.2040880000 25.4000000000
18.2738720000 7.0497420000 25.4000000000
18.2738720000 7.0497420000 25.4000000000
18.2738720000 7.0497420000 25.4000000000
18.1174430000 6.8996120000 25.4000000000
18.1174430000 6.8996120000 25.4000000000
18.1174430000 6.8996120000 25.4000000000
18.5741390000 7.3625350000 25.4000000000
18.5741390000 7.3625350000 25.4000000000
18.5741390000 7.3625350000 25.4000000000
17.9569720000 6.7538110000 25.4000000000
17.9569720000 6.7538110000 25.4000000000
17.9569720000 6.7538110000 25.4000000000
18.7177540000 7.5249660000 25.4000000000
18.7177540000 7.5249660000 25.4000000000
18.7177540000 7.5249660000 25.4000000000
17.7925780000 6.6124470000 25.4000000000
17.7925780000 6.6124470000 25.4000000000
17.7925780000 6.6124470000 25.4000000000
18.8568780000 7.6912580000 25.4000000000
18.8568780000 7.6912580000 25.4000000000
18.8568780000 7.6912580000 25.4000000000
17.6243860000 6.4756260000 25.4000000000
17.6243860000 6.4756260000 25.4000000000
17.6243860000 6.4756260000 25.4000000000
18.9914090000 7.8612890000 25.4000000000
18.9914090000 7.8612890000 25.4000000000
18.9914090000 7.8612890000 25.4000000000
17.4525180000 6.3434500000 25.4000000000
17.4525180000 6.3434500000 25.4000000000
17.4525180000 6.3434500000 25.4000000000
19.1212460000 8.0349300000 25.4000000000
19.1212460000 8.0349300000 25.4000000000
19.1212460000 8.0349300000 25.4000000000
17.2771050000 6.2160170000 25.4000000000
17.2771050000 6.2160170000 25.4000000000
17.2771050000 6.2160170000 25.4000000000
19.2462920000 8.2120530000 25.4000000000
19.2462920000 8.2120530000 25.4000000000
19.2462920000 8.2120530000 25.4000000000
17.0982760000 6.0934230000 25.4000000000
17.0982760000 6.0934230000 25.4000000000
17.0982760000 6.0934230000 25.4000000000
19.3664530000 8.3925250000 25.4000000000
19.3664530000 8.3925250000 25.4000000000
19.3664530000 8.3925250000 25.4000000000
16.9161660000 5.9757590000 25.4000000000
16.9161660000 5.9757590000 25.4000000000
16.9161660000 5.9757590000 25.4000000000
19.4816420000 8.5762120000 25.4000000000
19.4816420000 8.5762120000 25.4000000000
19.4816420000 8.5762120000 25.4000000000
16.7309110000 5.8631120000 25.4000000000
16.7309110000 5.8631120000 25.4000000000
16.7309110000 5.8631120000 25.4000000000
12.7000000000 0.0000000000 25.4000000000
12.7000000000 0.0000000000 25.4000000000
12.7000000000 0.0000000000 25.4000000000
19.5917680000 8.7629760000 25.4000000000
19.5917680000 8.7629760000 25.4000000000
19.5917680000 8.7629760000 25.4000000000
16.5426460000 5.7555680000 25.4000000000
16.5426460000 5.7555680000 25.4000000000
16.5426460000 5.7555680000 25.4000000000
19.6967530000 8.9526790000 25.4000000000
19.6967530000 8.9526790000 25.4000000000
19.6967530000 8.9526790000 25.4000000000
16.3515170000 5.6532060000 25.4000000000
16.3515170000 5.6532060000 25.4000000000
16.3515170000 5.6532060000 25.4000000000
19.7965180000 9.1451770000 25.4000000000
19.7965180000 9.1451770000 25.4000000000
19.7965180000 9.1451770000 25.4000000000
16.1576610000 5.5561020000 25.4000000000
16.1576610000 5.5561020000 25.4000000000
16.1576610000 5.5561020000 25.4000000000
19.8909870000 9.3403290000 25.4000000000
19.8909870000 9.3403290000 25.4000000000
19.8909870000 9.3403290000 25.4000000000
15.9612260000 5.4643290000 25.4000000000
15.9612260000 5.4643290000 25.4000000000
15.9612260000 5.4643290000 25.4000000000
19.9800930000 9.5379890000 25.4000000000
19.9800930000 9.5379890000 25.4000000000
19.9800930000 9.5379890000 25.4000000000
15.7623590000 5.3779560000 25.4000000000
15.7623590000 5.3779560000 25.4000000000
15.7623590000 5.3779560000 25.4000000000
20.0637650000 9.7380080000 25.4000000000
20.0637650000 9.7380080000 25.4000000000
20.0637650000 9.7380080000 25.4000000000
15.5612060000 5.2970460000 25.4000000000
15.5612060000 5.2970460000 25.4000000000
15.5612060000 5.2970460000 25.4000000000
20.1419430000 9.9402390000 25.4000000000
20.1419430000 9.9402390000 25.4000000000
20.1419430000 9.9402390000 25.4000000000
15.3579180000 5.2216610000 25.4000000000
15.3579180000 5.2216610000 25.4000000000
15.3579180000 5.2216610000 25.4000000000
20.2145690000 10.1445280000 25.4000000000
20.2145690000 10.1445280000 25.4000000000
20.2145690000 10.1445280000 25.4000000000
15.1526470000 5.1518560000 25.4000000000
15.1526470000 5.1518560000 25.4000000000
15.1526470000 5.1518560000 25.4000000000
20.2815880000 10.3507260000 25.4000000000
20.2815880000 10.3507260000 25.4000000000
20.2815880000 10.3507260000 25.4000000000
14.9455450000 5.0876840000 25.4000000000
14.9455450000 5.0876840000 25.4000000000
14.9455450000 5.0876840000 25.4000000000
20.3429510000 10.5586770000 25.4000000000
20.3429510000 10.5586770000 25.4000000000
20.3429510000 10.5586770000 25.4000000000
14.7367690000 5.0291920000 25.4000000000
14.7367690000 5.0291920000 25.4000000000
14.7367690000 5.0291920000 25.4000000000
20.3986090000 10.7682270000 25.4000000000
20.3986090000 10.7682270000 25.4000000000
20.3986090000 10.7682270000 25.4000000000
14.5264730000 4.9764240000 25.4000000000
14.5264730000 4.9764240000 25.4000000000
14.5264730000 4.9764240000 25.4000000000
20.4485240000 10.9792180000 25.4000000000
20.4485240000 10.9792180000 25.4000000000
20.4485240000 10.9792180000 25.4000000000
14.3148140000 4.9294200000 25.4000000000
14.3148140000 4.9294200000 25.4000000000
14.3148140000 4.9294200000 25.4000000000
20.4926590000 11.1914940000 25.4000000000
20.4926590000 11.1914940000 25.4000000000
20.4926590000 11.1914940000 25.4000000000
14.1019510000 4.8882140000 25.4000000000
14.1019510000 4.8882140000 25.4000000000
14.1019510000 4.8882140000 25.4000000000
20.5309770000 11.4048960000 25.4000000000
20.5309770000 11.4048960000 25.4000000000
20.5309770000 11.4048960000 25.4000000000
13.8880410000 4.8528380000 25.4000000000
13.8880410000 4.8528380000 25.4000000000
13.8880410000 4.8528380000 25.4000000000
20.5634560000 11.6192660000 25.4000000000
20.5634560000 11.6192660000 25.4000000000
20.5634560000 11.6192660000 25.4000000000
13.6732440000 4.8233170000 25.4000000000
13.6732440000 4.8233170000 25.4000000000
13.6732440000 4.8233170000 25.4000000000
20.5900650000 11.8344420000 25.4000000000
20.5900650000 11.8344420000 25.4000000000
20.5900650000 11.8344420000 25.4000000000
13.4577220000 4.7996740000 25.4000000000
13.4577220000 4.7996740000 25.4000000000
13.4577220000 4.7996740000 25.4000000000
20.6107860000 12.0502640000 25.4000000000
20.6107860000 12.0502640000 25.4000000000
20.6107860000 12.0502640000 25.4000000000
13.2416340000 4.7819260000 25.4000000000
13.2416340000 4.7819260000 25.4000000000
13.2416340000 4.7819260000 25.4000000000
20.6256070000 12.2665730000 25.4000000000
20.6256070000 12.2665730000 25.4000000000
20.6256070000 12.2665730000 25.4000000000
13.0251420000 4.7700860000 25.4000000000
13.0251420000 4.7700860000 25.4000000000
13.0251420000 4.7700860000 25.4000000000
20.6345140000 12.4832050000 25.4000000000
20.6345140000 12.4832050000 25.4000000000
20.6345140000 12.4832050000 25.4000000000
12.8084080000 4.7641640000 25.4000000000
12.8084080000 4.7641640000 25.4000000000
12.8084080000 4.7641640000 25.4000000000
20.6375010000 12.7000000000 25.4000000000
20.6375010000 12.7000000000 25.4000000000
20.6375010000 12.7000000000 25.4000000000
12.5915930000 4.7641640000 25.4000000000
12.5915930000 4.7641640000 25.4000000000
12.5915930000 4.7641640000 25.4000000000
12.3561160000 0.0047400000 25.4000000000
12.3561160000 0.0047400000 25.4000000000
12.3561160000 0.0047400000 25.4000000000
20.6345250000 12.9168030000 25.4000000000
20.6345250000 12.9168030000 25.4000000000
20.6345250000 12.9168030000 25.4000000000
12.3748580000 4.7700860000 25.4000000000
12.3748580000 4.7700860000 25.4000000000
12.3748580000 4.7700860000 25.4000000000
12.0124860000 0.0187880000 25.4000000000
12.0124860000 0.0187880000 25.4000000000
12.0124860000 0.0187880000 25.4000000000
20.6256310000 13.1334440000 25.4000000000
20.6256310000 13.1334440000 25.4000000000
20.6256310000 13.1334440000 25.4000000000
12.1583660000 4.7819260000 25.4000000000
12.1583660000 4.7819260000 25.4000000000
12.1583660000 4.7819260000 25.4000000000
11.6693630000 0.0421330000 25.4000000000
11.6693630000 0.0421330000 25.4000000000
11.6693630000 0.0421330000 25.4000000000
20.6108230000 13.3497610000 25.4000000000
20.6108230000 13.3497610000 25.4000000000
20.6108230000 13.3497610000 25.4000000000
11.9422780000 4.7996740000 25.4000000000
11.9422780000 4.7996740000 25.4000000000
11.9422780000 4.7996740000 25.4000000000
11.3269980000 0.0747580000 25.4000000000
11.3269980000 0.0747580000 25.4000000000
11.3269980000 0.0747580000 25.4000000000
20.5901110000 13.5655930000 25.4000000000
20.5901110000 13.5655930000 25.4000000000
20.5901110000 13.5655930000 25.4000000000
11.7267560000 4.8233170000 25.4000000000
11.7267560000 4.8233170000 25.4000000000
11.7267560000 4.8233170000 25.4000000000
10.9856410000 0.1166390000 25.4000000000
10.9856410000 0.1166390000 25.4000000000
10.9856410000 0.1166390000 25.4000000000
20.5635130000 13.7807790000 25.4000000000
20.5635130000 13.7807790000 25.4000000000
20.5635130000 13.7807790000 25.4000000000
11.5119590000 4.8528380000 25.4000000000
11.5119590000 4.8528380000 25.4000000000
11.5119590000 4.8528380000 25.4000000000
10.6455420000 0.1677460000 25.4000000000
10.6455420000 0.1677460000 25.4000000000
10.6455420000 0.1677460000 25.4000000000
20.5310460000 13.9951570000 25.4000000000
20.5310460000 13.9951570000 25.4000000000
20.5310460000 13.9951570000 25.4000000000
11.2980500000 4.8882140000 25.4000000000
11.2980500000 4.8882140000 25.4000000000
11.2980500000 4.8882140000 25.4000000000
10.3069520000 0.2280400000 25.4000000000
10.3069520000 0.2280400000 25.4000000000
10.3069520000 0.2280400000 25.4000000000
11.0851860000 4.9294200000 25.4000000000
11.0851860000 4.9294200000 25.4000000000
11.0851860000 4.9294200000 25.4000000000
9.9701190000 0.2974790000 25.4000000000
9.9701190000 0.2974790000 25.4000000000
9.9701190000 0.2974790000 25.4000000000
10.8735270000 4.9764240000 25.4000000000
10.8735270000 4.9764240000 25.4000000000
10.8735270000 4.9764240000 25.4000000000
9.6352880000 0.3760100000 25.4000000000
9.6352880000 0.3760100000 25.4000000000
9.6352880000 0.3760100000 25.4000000000
10.6632310000 5.0291920000 25.4000000000
10.6632310000 5.0291920000 25.4000000000
10.6632310000 5.0291920000 25.4000000000
9.3027070000 0.4635770000 25.4000000000
9.3027070000 0.4635770000 25.4000000000
9.3027070000 0.4635770000 25.4000000000
10.4544540000 5.0876840000 25.4000000000
10.4544540000 5.0876840000 25.4000000000
10.4544540000 5.0876840000 25.4000000000
8.9726170000 0.5601150000 25.4000000000
8.9726170000 0.5601150000 25.4000000000
8.9726170000 0.5601150000 25.4000000000
10.2473540000 5.1518560000 25.4000000000
10.2473540000 5.1518560000 25.4000000000
10.2473540000 5.1518560000 25.4000000000
8.6452620000 0.6655540000 25.4000000000
8.6452620000 0.6655540000 25.4000000000
8.6452620000 0.6655540000 25.4000000000
10.0420830000 5.2216610000 25.4000000000
10.0420830000 5.2216610000 25.4000000000
10.0420830000 5.2216610000 25.4000000000
8.3208810000 0.7798150000 25.4000000000
8.3208810000 0.7798150000 25.4000000000
8.3208810000 0.7798150000 25.4000000000
9.8387950000 5.2970460000 25.4000000000
9.8387950000 5.2970460000 25.4000000000
9.8387950000 5.2970460000 25.4000000000
7.9997120000 0.9028160000 25.4000000000
7.9997120000 0.9028160000 25.4000000000
7.9997120000 0.9028160000 25.4000000000
9.6376420000 5.3779560000 25.4000000000
9.6376420000 5.3779560000 25.4000000000
9.6376420000 5.3779560000 25.4000000000
7.6819910000 1.0344670000 25.4000000000
7.6819910000 1.0344670000 25.4000000000
7.6819910000 1.0344670000 25.4000000000
9.4387730000 5.4643290000 25.4000000000
9.4387730000 5.4643290000 25.4000000000
9.4387730000 5.4643290000 25.4000000000
7.3679500000 1.1746700000 25.4000000000
7.3679500000 1.1746700000 25.4000000000
7.3679500000 1.1746700000 25.4000000000
9.2423380000 5.5561020000 25.4000000000
9.2423380000 5.5561020000 25.4000000000
9.2423380000 5.5561020000 25.4000000000
7.0578200000 1.3233230000 25.4000000000
7.0578200000 1.3233230000 25.4000000000
7.0578200000 1.3233230000 25.4000000000
9.0484840000 5.6532060000 25.4000000000
9.0484840000 5.6532060000 25.4000000000
9.0484840000 5.6532060000 25.4000000000
6.7518270000 1.4803170000 25.4000000000
6.7518270000 1.4803170000 25.4000000000
6.7518270000 1.4803170000 25.4000000000
8.8573530000 5.7555680000 25.4000000000
8.8573530000 5.7555680000 25.4000000000
8.8573530000 5.7555680000 25.4000000000
6.4501970000 1.6455370000 25.4000000000
6.4501970000 1.6455370000 25.4000000000
6.4501970000 1.6455370000 25.4000000000
8.6690890000 5.8631120000 25.4000000000
8.6690890000 5.8631120000 25.4000000000
8.6690890000 5.8631120000 25.4000000000
6.1531500000 1.8188620000 25.4000000000
6.1531500000 1.8188620000 25.4000000000
6.1531500000 1.8188620000 25.4000000000
8.4838330000 5.9757590000 25.4000000000
8.4838330000 5.9757590000 25.4000000000
8.4838330000 5.9757590000 25.4000000000
5.8609030000 2.0001650000 25.4000000000
5.8609030000 2.0001650000 25.4000000000
5.8609030000 2.0001650000 25.4000000000
8.3017230000 6.0934230000 25.4000000000
8.3017230000 6.0934230000 25.4000000000
8.3017230000 6.0934230000 25.4000000000
5.5736720000 2.1893120000 25.4000000000
5.5736720000 2.1893120000 25.4000000000
5.5736720000 2.1893120000 25.4000000000
8.1228950000 6.2160170000 25.4000000000
8.1228950000 6.2160170000 25.4000000000
8.1228950000 6.2160170000 25.4000000000
5.2916660000 2.3861660000 25.4000000000
5.2916660000 2.3861660000 25.4000000000
5.2916660000 2.3861660000 25.4000000000
7.9474820000 6.3434500000 25.4000000000
7.9474820000 6.3434500000 25.4000000000
7.9474820000 6.3434500000 25.4000000000
5.0150930000 2.5905820000 25.4000000000
5.0150930000 2.5905820000 25.4000000000
5.0150930000 2.5905820000 25.4000000000
7.7756150000 6.4756260000 25.4000000000
7.7756150000 6.4756260000 25.4000000000
7.7756150000 6.4756260000 25.4000000000
4.7441550000 2.8024100000 25.4000000000
4.7441550000 2.8024100000 25.4000000000
4.7441550000 2.8024100000 25.4000000000
7.6074220000 6.6124470000 25.4000000000
7.6074220000 6.6124470000 25.4000000000
7.6074220000 6.6124470000 25.4000000000
4.4790500000 3.0214950000 25.4000000000
4.4790500000 3.0214950000 25.4000000000
4.4790500000 3.0214950000 25.4000000000
7.4430280000 6.7538110000 25.4000000000
7.4430280000 6.7538110000 25.4000000000
7.4430280000 6.7538110000 25.4000000000
4.2199740000 3.2476760000 25.4000000000
4.2199740000 3.2476760000 25.4000000000
4.2199740000 3.2476760000 25.4000000000
7.2825570000 6.8996120000 25.4000000000
7.2825570000 6.8996120000 25.4000000000
7.2825570000 6.8996120000 25.4000000000
3.9671150000 3.4807880000 25.4000000000
3.9671150000 3.4807880000 25.4000000000
3.9671150000 3.4807880000 25.4000000000
7.1261290000 7.0497420000 25.4000000000
7.1261290000 7.0497420000 25.4000000000
7.1261290000 7.0497420000 25.4000000000
3.7206600000 3.7206600000 25.4000000000
3.7206600000 3.7206600000 25.4000000000
3.7206600000 3.7206600000 25.4000000000
6.9738580000 7.2040880000 25.4000000000
6.9738580000 7.2040880000 25.4000000000
6.9738580000 7.2040880000 25.4000000000
3.4807880000 3.9671150000 25.4000000000
3.4807880000 3.9671150000 25.4000000000
3.4807880000 3.9671150000 25.4000000000
6.8258610000 7.3625350000 25.4000000000
6.8258610000 7.3625350000 25.4000000000
6.8258610000 7.3625350000 25.4000000000
3.2476760000 4.2199740000 25.4000000000
3.2476760000 4.2199740000 25.4000000000
3.2476760000 4.2199740000 25.4000000000
6.6822460000 7.5249660000 25.4000000000
6.6822460000 7.5249660000 25.4000000000
6.6822460000 7.5249660000 25.4000000000
3.0214950000 4.4790500000 25.4000000000
3.0214950000 4.4790500000 25.4000000000
3.0214950000 4.4790500000 25.4000000000
6.5431210000 7.6912580000 25.4000000000
6.5431210000 7.6912580000 25.4000000000
6.5431210000 7.6912580000 25.4000000000
2.8024100000 4.7441550000 25.4000000000
2.8024100000 4.7441550000 25.4000000000
2.8024100000 4.7441550000 25.4000000000
6.4085900000 7.8612890000 25.4000000000
6.4085900000 7.8612890000 25.4000000000
6.4085900000 7.8612890000 25.4000000000
2.5905820000 5.0150930000 25.4000000000
2.5905820000 5.0150930000 25.4000000000
2.5905820000 5.0150930000 25.4000000000
6.2787540000 8.0349300000 25.4000000000
6.2787540000 8.0349300000 25.4000000000
6.2787540000 8.0349300000 25.4000000000
2.3861660000 5.2916660000 25.4000000000
2.3861660000 5.2916660000 25.4000000000
2.3861660000 5.2916660000 25.4000000000
6.1537080000 8.2120530000 25.4000000000
6.1537080000 8.2120530000 25.4000000000
6.1537080000 8.2120530000 25.4000000000
2.1893120000 5.5736720000 25.4000000000
2.1893120000 5.5736720000 25.4000000000
2.1893120000 5.5736720000 25.4000000000
6.0335460000 8.3925250000 25.4000000000
6.0335460000 8.3925250000 25.4000000000
6.0335460000 8.3925250000 25.4000000000
2.0001650000 5.8609030000 25.4000000000
2.0001650000 5.8609030000 25.4000000000
2.0001650000 5.8609030000 25.4000000000
5.9183590000 8.5762120000 25.4000000000
5.9183590000 8.5762120000 25.4000000000
5.9183590000 8.5762120000 25.4000000000
1.8188620000 6.1531500000 25.4000000000
1.8188620000 6.1531500000 25.4000000000
1.8188620000 6.1531500000 25.4000000000
5.8082320000 8.7629760000 25.4000000000
5.8082320000 8.7629760000 25.4000000000
5.8082320000 8.7629760000 25.4000000000
1.6455370000 6.4501970000 25.4000000000
1.6455370000 6.4501970000 25.4000000000
1.6455370000 6.4501970000 25.4000000000
5.7032470000 8.9526790000 25.4000000000
5.7032470000 8.9526790000 25.4000000000
5.7032470000 8.9526790000 25.4000000000
1.4803170000 6.7518270000 25.4000000000
1.4803170000 6.7518270000 25.4000000000
1.4803170000 6.7518270000 25.4000000000
5.6034820000 9.1451770000 25.4000000000
5.6034820000 9.1451770000 25.4000000000
5.6034820000 9.1451770000 25.4000000000
1.3233230000 7.0578200000 25.4000000000
1.3233230000 7.0578200000 25.4000000000
1.3233230000 7.0578200000 25.4000000000
5.5090120000 9.3403290000 25.4000000000
5.5090120000 9.3403290000 25.4000000000
5.5090120000 9.3403290000 25.4000000000
1.1746700000 7.3679500000 25.4000000000
1.1746700000 7.3679500000 25.4000000000
1.1746700000 7.3679500000 25.4000000000
5.4199080000 9.5379890000 25.4000000000
5.4199080000 9.5379890000 25.4000000000
5.4199080000 9.5379890000 25.4000000000
1.0344670000 7.6819910000 25.4000000000
1.0344670000 7.6819910000 25.4000000000
1.0344670000 7.6819910000 25.4000000000
5.3362350000 9.7380080000 25.4000000000
5.3362350000 9.7380080000 25.4000000000
5.3362350000 9.7380080000 25.4000000000
0.9028160000 7.9997120000 25.4000000000
0.9028160000 7.9997120000 25.4000000000
0.9028160000 7.9997120000 25.4000000000
5.2580570000 9.9402390000 25.4000000000
5.2580570000 9.9402390000 25.4000000000
5.2580570000 9.9402390000 25.4000000000
0.7798150000 8.3208810000 25.4000000000
0.7798150000 8.3208810000 25.4000000000
0.7798150000 8.3208810000 25.4000000000
5.1854310000 10.1445280000 25.4000000000
5.1854310000 10.1445280000 25.4000000000
5.1854310000 10.1445280000 25.4000000000
13.8880840000 20.5476190000 25.4000000000
13.8880840000 20.5476190000 25.4000000000
13.8880840000 20.5476190000 25.4000000000
14.1020020000 20.5122390000 25.4000000000
14.1020020000 20.5122390000 25.4000000000
14.1020020000 20.5122390000 25.4000000000
14.3148730000 20.4710310000 25.4000000000
14.3148730000 20.4710310000 25.4000000000
14.3148730000 20.4710310000 25.4000000000
14.5265400000 20.4240230000 25.4000000000
14.5265400000 20.4240230000 25.4000000000
14.5265400000 20.4240230000 25.4000000000
14.7368430000 20.3712520000 25.4000000000
14.7368430000 20.3712520000 25.4000000000
14.7368430000 20.3712520000 25.4000000000
14.9456260000 20.3127560000 25.4000000000
14.9456260000 20.3127560000 25.4000000000
14.9456260000 20.3127560000 25.4000000000
15.1527350000 20.2485770000 25.4000000000
15.1527350000 20.2485770000 25.4000000000
15.1527350000 20.2485770000 25.4000000000
15.3580120000 20.1787680000 25.4000000000
15.3580120000 20.1787680000 25.4000000000
15.3580120000 20.1787680000 25.4000000000
15.5613070000 20.1033760000 25.4000000000
15.5613070000 20.1033760000 25.4000000000
15.5613070000 20.1033760000 25.4000000000
15.7624660000 20.0224610000 25.4000000000
15.7624660000 20.0224610000 25.4000000000
15.7624660000 20.0224610000 25.4000000000
15.9613400000 19.9360830000 25.4000000000
15.9613400000 19.9360830000 25.4000000000
15.9613400000 19.9360830000 25.4000000000
16.1577820000 19.8443030000 25.4000000000
16.1577820000 19.8443030000 25.4000000000
16.1577820000 19.8443030000 25.4000000000
16.3516410000 19.7471920000 25.4000000000
16.3516410000 19.7471920000 25.4000000000
16.3516410000 19.7471920000 25.4000000000
16.5427780000 19.6448230000 25.4000000000
16.5427780000 19.6448230000 25.4000000000
16.5427780000 19.6448230000 25.4000000000
16.7310450000 19.5372700000 25.4000000000
16.7310450000 19.5372700000 25.4000000000
16.7310450000 19.5372700000 25.4000000000
16.9163060000 19.4246160000 25.4000000000
16.9163060000 19.4246160000 25.4000000000
16.9163060000 19.4246160000 25.4000000000
17.0984210000 19.3069440000 25.4000000000
17.0984210000 19.3069440000 25.4000000000
17.0984210000 19.3069440000 25.4000000000
17.2772520000 19.1843410000 25.4000000000
17.2772520000 19.1843410000 25.4000000000
17.2772520000 19.1843410000 25.4000000000
17.4526690000 19.0569000000 25.4000000000
17.4526690000 19.0569000000 25.4000000000
17.4526690000 19.0569000000 25.4000000000
17.6245400000 18.9247150000 25.4000000000
17.6245400000 18.9247150000 25.4000000000
17.6245400000 18.9247150000 25.4000000000
17.7927360000 18.7878840000 25.4000000000
17.7927360000 18.7878840000 25.4000000000
17.7927360000 18.7878840000 25.4000000000
17.9571300000 18.6465110000 25.4000000000
17.9571300000 18.6465110000 25.4000000000
17.9571300000 18.6465110000 25.4000000000
18.1176030000 18.5007000000 25.4000000000
18.1176030000 18.5007000000 25.4000000000
18.1176030000 18.5007000000 25.4000000000
18.2740350000 18.3505590000 25.4000000000
18.2740350000 18.3505590000 25.4000000000
18.2740350000 18.3505590000 25.4000000000
18.4263060000 18.1962030000 25.4000000000
18.4263060000 18.1962030000 25.4000000000
18.4263060000 18.1962030000 25.4000000000
18.5743050000 18.0377460000 25.4000000000
18.5743050000 18.0377460000 25.4000000000
18.5743050000 18.0377460000 25.4000000000
18.7179180000 17.8753050000 25.4000000000
18.7179180000 17.8753050000 25.4000000000
18.7179180000 17.8753050000 25.4000000000
18.8570440000 17.7090020000 25.4000000000
18.8570440000 17.7090020000 25.4000000000
18.8570440000 17.7090020000 25.4000000000
18.9915730000 17.5389600000 25.4000000000
18.9915730000 17.5389600000 25.4000000000
18.9915730000 17.5389600000 25.4000000000
19.1214100000 17.3653090000 25.4000000000
19.1214100000 17.3653090000 25.4000000000
19.1214100000 17.3653090000 25.4000000000
19.2464540000 17.1881730000 25.4000000000
19.2464540000 17.1881730000 25.4000000000
19.2464540000 17.1881730000 25.4000000000
19.3666130000 17.0076900000 25.4000000000
19.3666130000 17.0076900000 25.4000000000
19.3666130000 17.0076900000 25.4000000000
19.4817980000 16.8239940000 25.4000000000
19.4817980000 16.8239940000 25.4000000000
19.4817980000 16.8239940000 25.4000000000
19.5919230000 16.6372180000 25.4000000000
19.5919230000 16.6372180000 25.4000000000
19.5919230000 16.6372180000 25.4000000000
19.6969030000 16.4475040000 25.4000000000
19.6969030000 16.4475040000 25.4000000000
19.6969030000 16.4475040000 25.4000000000
19.7966630000 16.2549930000 25.4000000000
19.7966630000 16.2549930000 25.4000000000
19.7966630000 16.2549930000 25.4000000000
19.8911290000 16.0598300000 25.4000000000
19.8911290000 16.0598300000 25.4000000000
19.8911290000 16.0598300000 25.4000000000
19.9802280000 15.8621600000 25.4000000000
19.9802280000 15.8621600000 25.4000000000
19.9802280000 15.8621600000 25.4000000000
20.0638960000 15.6621290000 25.4000000000
20.0638960000 15.6621290000 25.4000000000
20.0638960000 15.6621290000 25.4000000000
20.1420690000 15.4598880000 25.4000000000
20.1420690000 15.4598880000 25.4000000000
20.1420690000 15.4598880000 25.4000000000
20.2146870000 15.2555880000 25.4000000000
20.2146870000 15.2555880000 25.4000000000
20.2146870000 15.2555880000 25.4000000000
20.2816980000 15.0493790000 25.4000000000
20.2816980000 15.0493790000 25.4000000000
20.2816980000 15.0493790000 25.4000000000
20.3430540000 14.8414170000 25.4000000000
20.3430540000 14.8414170000 25.4000000000
20.3430540000 14.8414170000 25.4000000000
20.3987050000 14.6318580000 25.4000000000
20.3987050000 14.6318580000 25.4000000000
20.3987050000 14.6318580000 25.4000000000
20.4486100000 14.4208560000 25.4000000000
20.4486100000 14.4208560000 25.4000000000
20.4486100000 14.4208560000 25.4000000000
20.4927350000 14.2085700000 25.4000000000
20.4927350000 14.2085700000 25.4000000000
20.4927350000 14.2085700000 25.4000000000
0.6655540000 8.6452620000 25.4000000000
0.6655540000 8.6452620000 25.4000000000
0.6655540000 8.6452620000 25.4000000000
5.1184120000 10.3507260000 25.4000000000
5.1184120000 10.3507260000 25.4000000000
5.1184120000 10.3507260000 25.4000000000
0.5601150000 8.9726170000 25.4000000000
0.5601150000 8.9726170000 25.4000000000
0.5601150000 8.9726170000 25.4000000000
5.0570500000 10.5586770000 25.4000000000
5.0570500000 10.5586770000 25.4000000000
5.0570500000 10.5586770000 25.4000000000
0.4635770000 9.3027070000 25.4000000000
0.4635770000 9.3027070000 25.4000000000
0.4635770000 9.3027070000 25.4000000000
5.0013900000 10.7682270000 25.4000000000
5.0013900000 10.7682270000 25.4000000000
5.0013900000 10.7682270000 25.4000000000
0.3760100000 9.6352880000 25.4000000000
0.3760100000 9.6352880000 25.4000000000
0.3760100000 9.6352880000 25.4000000000
4.9514750000 10.9792180000 25.4000000000
4.9514750000 10.9792180000 25.4000000000
4.9514750000 10.9792180000 25.4000000000
0.2974790000 9.9701190000 25.4000000000
0.2974790000 9.9701190000 25.4000000000
0.2974790000 9.9701190000 25.4000000000
4.9073410000 11.1914940000 25.4000000000
4.9073410000 11.1914940000 25.4000000000
4.9073410000 11.1914940000 25.4000000000
0.2280400000 10.3069520000 25.4000000000
0.2280400000 10.3069520000 25.4000000000
0.2280400000 10.3069520000 25.4000000000
4.8690220000 11.4048960000 25.4000000000
4.8690220000 11.4048960000 25.4000000000
4.8690220000 11.4048960000 25.4000000000
0.1677460000 10.6455420000 25.4000000000
0.1677460000 10.6455420000 25.4000000000
0.1677460000 10.6455420000 25.4000000000
4.8365450000 11.6192660000 25.4000000000
4.8365450000 11.6192660000 25.4000000000
4.8365450000 11.6192660000 25.4000000000
0.1166390000 10.9856410000 25.4000000000
0.1166390000 10.9856410000 25.4000000000
0.1166390000 10.9856410000 25.4000000000
4.8099360000 11.8344420000 25.4000000000
4.8099360000 11.8344420000 25.4000000000
4.8099360000 11.8344420000 25.4000000000
0.0747580000 11.3269980000 25.4000000000
0.0747580000 11.3269980000 25.4000000000
0.0747580000 11.3269980000 25.4000000000
4.7892130000 12.0502640000 25.4000000000
4.7892130000 12.0502640000 25.4000000000
4.7892130000 12.0502640000 25.4000000000
0.0421330000 11.6693630000 25.4000000000
0.0421330000 11.6693630000 25.4000000000
0.0421330000 11.6693630000 25.4000000000
4.7743930000 12.2665730000 25.4000000000
4.7743930000 12.2665730000 25.4000000000
4.7743930000 12.2665730000 25.4000000000
0.0187880000 12.0124860000 25.4000000000
0.0187880000 12.0124860000 25.4000000000
0.0187880000 12.0124860000 25.4000000000
4.7654860000 12.4832050000 25.4000000000
4.7654860000 12.4832050000 25.4000000000
4.7654860000 12.4832050000 25.4000000000
0.0047400000 12.3561160000 25.4000000000
0.0047400000 12.3561160000 25.4000000000
0.0047400000 12.3561160000 25.4000000000
4.7625000000 12.7000000000 25.4000000000
4.7625000000 12.7000000000 25.4000000000
4.7625000000 12.7000000000 25.4000000000
-0.0000000000 12.7000000000 25.4000000000
-0.0000000000 12.7000000000 25.4000000000
-0.0000000000 12.7000000000 25.4000000000
4.7654740000 12.9168030000 25.4000000000
4.7654740000 12.9168030000 25.4000000000
4.7654740000 12.9168030000 25.4000000000
4.7743690000 13.1334440000 25.4000000000
4.7743690000 13.1334440000 25.4000000000
4.7743690000 13.1334440000 25.4000000000
4.7891770000 13.3497610000 25.4000000000
4.7891770000 13.3497610000 25.4000000000
4.7891770000 13.3497610000 25.4000000000
4.8098890000 13.5655930000 25.4000000000
4.8098890000 13.5655930000 25.4000000000
4.8098890000 13.5655930000 25.4000000000
4.8364880000 13.7807790000 25.4000000000
4.8364880000 13.7807790000 25.4000000000
4.8364880000 13.7807790000 25.4000000000
4.8689540000 13.9951570000 25.4000000000
4.8689540000 13.9951570000 25.4000000000
4.8689540000 13.9951570000 25.4000000000
4.9072640000 14.2085700000 25.4000000000
4.9072640000 14.2085700000 25.4000000000
4.9072640000 14.2085700000 25.4000000000
4.9513890000 14.4208560000 25.4000000000
4.9513890000 14.4208560000 25.4000000000
4.9513890000 14.4208560000 25.4000000000
5.0012960000 14.6318580000 25.4000000000
5.0012960000 14.6318580000 25.4000000000
5.0012960000 14.6318580000 25.4000000000
5.0569470000 14.8414170000 25.4000000000
5.0569470000 14.8414170000 25.4000000000
5.0569470000 14.8414170000 25.4000000000
5.1183010000 15.0493790000 25.4000000000
5.1183010000 15.0493790000 25.4000000000
5.1183010000 15.0493790000 25.4000000000
5.1853130000 15.2555880000 25.4000000000
5.1853130000 15.2555880000 25.4000000000
5.1853130000 15.2555880000 25.4000000000
5.2579320000 15.4598880000 25.4000000000
5.2579320000 15.4598880000 25.4000000000
5.2579320000 15.4598880000 25.4000000000
5.3361040000 15.6621290000 25.4000000000
5.3361040000 15.6621290000 25.4000000000
5.3361040000 15.6621290000 25.4000000000
5.4197710000 15.8621600000 25.4000000000
5.4197710000 15.8621600000 25.4000000000
5.4197710000 15.8621600000 25.4000000000
5.5088710000 16.0598300000 25.4000000000
5.5088710000 16.0598300000 25.4000000000
5.5088710000 16.0598300000 25.4000000000
5.6033360000 16.2549930000 25.4000000000
5.6033360000 16.2549930000 25.4000000000
5.6033360000 16.2549930000 25.4000000000
5.7030960000 16.4475040000 25.4000000000
5.7030960000 16.4475040000 25.4000000000
5.7030960000 16.4475040000 25.4000000000
5.8080780000 16.6372180000 25.4000000000
5.8080780000 16.6372180000 25.4000000000
5.8080780000 16.6372180000 25.4000000000
5.9182020000 16.8239940000 25.4000000000
5.9182020000 16.8239940000 25.4000000000
5.9182020000 16.8239940000 25.4000000000
6.0333870000 17.0076900000 25.4000000000
6.0333870000 17.0076900000 25.4000000000
6.0333870000 17.0076900000 25.4000000000
6.1535460000 17.1881730000 25.4000000000
6.1535460000 17.1881730000 25.4000000000
6.1535460000 17.1881730000 25.4000000000
6.2785900000 17.3653090000 25.4000000000
6.2785900000 17.3653090000 25.4000000000
6.2785900000 17.3653090000 25.4000000000
6.4084260000 17.5389600000 25.4000000000
6.4084260000 17.5389600000 25.4000000000
6.4084260000 17.5389600000 25.4000000000
6.5429560000 17.7090020000 25.4000000000
6.5429560000 17.7090020000 25.4000000000
6.5429560000 17.7090020000 25.4000000000
6.6820810000 17.8753050000 25.4000000000
6.6820810000 17.8753050000 25.4000000000
6.6820810000 17.8753050000 25.4000000000
6.8256960000 18.0377460000 25.4000000000
6.8256960000 18.0377460000 25.4000000000
6.8256960000 18.0377460000 25.4000000000
6.9736940000 18.1962030000 25.4000000000
6.9736940000 18.1962030000 25.4000000000
6.9736940000 18.1962030000 25.4000000000
7.1259660000 18.3505590000 25.4000000000
7.1259660000 18.3505590000 25.4000000000
7.1259660000 18.3505590000 25.4000000000
7.2823960000 18.5007000000 25.4000000000
7.2823960000 18.5007000000 25.4000000000
7.2823960000 18.5007000000 25.4000000000
7.4428690000 18.6465110000 25.4000000000
7.4428690000 18.6465110000 25.4000000000
7.4428690000 18.6465110000 25.4000000000
7.6072650000 18.7878840000 25.4000000000
7.6072650000 18.7878840000 25.4000000000
7.6072650000 18.7878840000 25.4000000000
7.7754600000 18.9247150000 25.4000000000
7.7754600000 18.9247150000 25.4000000000
7.7754600000 18.9247150000 25.4000000000
7.9473310000 19.0569000000 25.4000000000
7.9473310000 19.0569000000 25.4000000000
7.9473310000 19.0569000000 25.4000000000
8.1227470000 19.1843410000 25.4000000000
8.1227470000 19.1843410000 25.4000000000
8.1227470000 19.1843410000 25.4000000000
8.3015790000 19.3069440000 25.4000000000
8.3015790000 19.3069440000 25.4000000000
8.3015790000 19.3069440000 25.4000000000
8.4836940000 19.4246160000 25.4000000000
8.4836940000 19.4246160000 25.4000000000
8.4836940000 19.4246160000 25.4000000000
8.6689550000 19.5372700000 25.4000000000
8.6689550000 19.5372700000 25.4000000000
8.6689550000 19.5372700000 25.4000000000
8.8572230000 19.6448230000 25.4000000000
8.8572230000 19.6448230000 25.4000000000
8.8572230000 19.6448230000 25.4000000000
9.0483590000 19.7471920000 25.4000000000
9.0483590000 19.7471920000 25.4000000000
9.0483590000 19.7471920000 25.4000000000
9.2422190000 19.8443030000 25.4000000000
9.2422190000 19.8443030000 25.4000000000
9.2422190000 19.8443030000 25.4000000000
9.4386600000 19.9360830000 25.4000000000
9.4386600000 19.9360830000 25.4000000000
9.4386600000 19.9360830000 25.4000000000
9.6375340000 20.0224610000 25.4000000000
9.6375340000 20.0224610000 25.4000000000
9.6375340000 20.0224610000 25.4000000000
9.8386940000 20.1033760000 25.4000000000
9.8386940000 20.1033760000 25.4000000000
9.8386940000 20.1033760000 25.4000000000
10.0419870000 20.1787680000 25.4000000000
10.0419870000 20.1787680000 25.4000000000
10.0419870000 20.1787680000 25.4000000000
10.2472660000 20.2485770000 25.4000000000
10.2472660000 20.2485770000 25.4000000000
10.2472660000 20.2485770000 25.4000000000
10.4543730000 20.3127560000 25.4000000000
10.4543730000 20.3127560000 25.4000000000
10.4543730000 20.3127560000 25.4000000000
10.6631570000 20.3712520000 25.4000000000
10.6631570000 20.3712520000 25.4000000000
10.6631570000 20.3712520000 25.4000000000
10.8734610000 20.4240230000 25.4000000000
10.8734610000 20.4240230000 25.4000000000
10.8734610000 20.4240230000 25.4000000000
11.0851270000 20.4710310000 25.4000000000
11.0851270000 20.4710310000 25.4000000000
11.0851270000 20.4710310000 25.4000000000
11.2979980000 20.5122390000 25.4000000000
11.2979980000 20.5122390000 25.4000000000
11.2979980000 20.5122390000 25.4000000000
11.5119160000 20.5476190000 25.4000000000
11.5119160000 20.5476190000 25.4000000000
11.5119160000 20.5476190000 25.4000000000
11.7267200000 20.5771410000 25.4000000000
11.7267200000 20.5771410000 25.4000000000
11.7267200000 20.5771410000 25.4000000000
11.9422500000 20.6007860000 25.4000000000
11.9422500000 20.6007860000 25.4000000000
11.9422500000 20.6007860000 25.4000000000
12.1583460000 20.6185360000 25.4000000000
12.1583460000 20.6185360000 25.4000000000
12.1583460000 20.6185360000 25.4000000000
12.3748460000 20.6303750000 25.4000000000
12.3748460000 20.6303750000 25.4000000000
12.3748460000 20.6303750000 25.4000000000
12.5915880000 20.6362970000 25.4000000000
12.5915880000 20.6362970000 25.4000000000
12.5915880000 20.6362970000 25.4000000000
12.8084120000 20.6362970000 25.4000000000
12.8084120000 20.6362970000 25.4000000000
12.8084120000 20.6362970000 25.4000000000
13.0251540000 20.6303750000 25.4000000000
13.0251540000 20.6303750000 25.4000000000
13.0251540000 20.6303750000 25.4000000000
13.2416540000 20.6185360000 25.4000000000
13.2416540000 20.6185360000 25.4000000000
13.2416540000 20.6185360000 25.4000000000
13.4577500000 20.6007860000 25.4000000000
13.4577500000 20.6007860000 25.4000000000
13.4577500000 20.6007860000 25.4000000000
13.6732800000 20.5771410000 25.4000000000
13.6732800000 20.5771410000 25.4000000000
13.6732800000 20.5771410000 25.4000000000
18.4264550000 64.3535310000 25.4000000000
18.4264550000 64.3535310000 25.4000000000
18.4264550000 64.3535310000 25.4000000000
18.2741830000 64.1991650000 25.4000000000
18.2741830000 64.1991650000 25.4000000000
18.2741830000 64.1991650000 25.4000000000
18.1177500000 64.0490190000 25.4000000000
18.1177500000 64.0490190000 25.4000000000
18.1177500000 64.0490190000 25.4000000000
18.5744530000 64.5120010000 25.4000000000
18.5744530000 64.5120010000 25.4000000000
18.5744530000 64.5120010000 25.4000000000
17.9572750000 63.9031980000 25.4000000000
17.9572750000 63.9031980000 25.4000000000
17.9572750000 63.9031980000 25.4000000000
18.7180690000 64.6744540000 25.4000000000
18.7180690000 64.6744540000 25.4000000000
18.7180690000 64.6744540000 25.4000000000
17.7928770000 63.7618180000 25.4000000000
17.7928770000 63.7618180000 25.4000000000
17.7928770000 63.7618180000 25.4000000000
18.8571930000 64.8407670000 25.4000000000
18.8571930000 64.8407670000 25.4000000000
18.8571930000 64.8407670000 25.4000000000
17.6246800000 63.6249770000 25.4000000000
17.6246800000 63.6249770000 25.4000000000
17.6246800000 63.6249770000 25.4000000000
18.9917220000 65.0108110000 25.4000000000
18.9917220000 65.0108110000 25.4000000000
18.9917220000 65.0108110000 25.4000000000
17.4528060000 63.4927830000 25.4000000000
17.4528060000 63.4927830000 25.4000000000
17.4528060000 63.4927830000 25.4000000000
19.1215570000 65.1844790000 25.4000000000
19.1215570000 65.1844790000 25.4000000000
19.1215570000 65.1844790000 25.4000000000
17.2773860000 63.3653340000 25.4000000000
17.2773860000 63.3653340000 25.4000000000
17.2773860000 63.3653340000 25.4000000000
19.2465990000 65.3616180000 25.4000000000
19.2465990000 65.3616180000 25.4000000000
19.2465990000 65.3616180000 25.4000000000
17.0985510000 63.2427250000 25.4000000000
17.0985510000 63.2427250000 25.4000000000
17.0985510000 63.2427250000 25.4000000000
19.3667560000 65.5421140000 25.4000000000
19.3667560000 65.5421140000 25.4000000000
19.3667560000 65.5421140000 25.4000000000
16.9164310000 63.1250460000 25.4000000000
16.9164310000 63.1250460000 25.4000000000
16.9164310000 63.1250460000 25.4000000000
19.4819390000 65.7258220000 25.4000000000
19.4819390000 65.7258220000 25.4000000000
19.4819390000 65.7258220000 25.4000000000
16.7311690000 63.0123830000 25.4000000000
16.7311690000 63.0123830000 25.4000000000
16.7311690000 63.0123830000 25.4000000000
19.5920600000 65.9126050000 25.4000000000
19.5920600000 65.9126050000 25.4000000000
19.5920600000 65.9126050000 25.4000000000
16.5428940000 62.9048230000 25.4000000000
16.5428940000 62.9048230000 25.4000000000
16.5428940000 62.9048230000 25.4000000000
19.6970390000 66.1023330000 25.4000000000
19.6970390000 66.1023330000 25.4000000000
19.6970390000 66.1023330000 25.4000000000
16.3517550000 62.8024480000 25.4000000000
16.3517550000 62.8024480000 25.4000000000
16.3517550000 62.8024480000 25.4000000000
19.7967970000 66.2948530000 25.4000000000
19.7967970000 66.2948530000 25.4000000000
19.7967970000 66.2948530000 25.4000000000
16.1578880000 62.7053300000 25.4000000000
16.1578880000 62.7053300000 25.4000000000
16.1578880000 62.7053300000 25.4000000000
19.8912560000 66.4900210000 25.4000000000
19.8912560000 66.4900210000 25.4000000000
19.8912560000 66.4900210000 25.4000000000
15.9614430000 62.6135440000 25.4000000000
15.9614430000 62.6135440000 25.4000000000
15.9614430000 62.6135440000 25.4000000000
19.9803520000 66.6877060000 25.4000000000
19.9803520000 66.6877060000 25.4000000000
19.9803520000 66.6877060000 25.4000000000
15.7625640000 62.5271610000 25.4000000000
15.7625640000 62.5271610000 25.4000000000
15.7625640000 62.5271610000 25.4000000000
20.0640140000 66.8877490000 25.4000000000
20.0640140000 66.8877490000 25.4000000000
20.0640140000 66.8877490000 25.4000000000
15.5613990000 62.4462390000 25.4000000000
15.5613990000 62.4462390000 25.4000000000
15.5613990000 62.4462390000 25.4000000000
20.1421810000 67.0899960000 25.4000000000
20.1421810000 67.0899960000 25.4000000000
20.1421810000 67.0899960000 25.4000000000
15.3580980000 62.3708420000 25.4000000000
15.3580980000 62.3708420000 25.4000000000
15.3580980000 62.3708420000 25.4000000000
20.2147940000 67.2943120000 25.4000000000
20.2147940000 67.2943120000 25.4000000000
20.2147940000 67.2943120000 25.4000000000
15.1528140000 62.3010290000 25.4000000000
15.1528140000 62.3010290000 25.4000000000
15.1528140000 62.3010290000 25.4000000000
20.2817990000 67.5005260000 25.4000000000
20.2817990000 67.5005260000 25.4000000000
20.2817990000 67.5005260000 25.4000000000
14.9457000000 62.2368470000 25.4000000000
14.9457000000 62.2368470000 25.4000000000
14.9457000000 62.2368470000 25.4000000000
20.3431470000 67.7084960000 25.4000000000
20.3431470000 67.7084960000 25.4000000000
20.3431470000 67.7084960000 25.4000000000
14.7369100000 62.1783490000 25.4000000000
14.7369100000 62.1783490000 25.4000000000
14.7369100000 62.1783490000 25.4000000000
20.3987900000 67.9180680000 25.4000000000
20.3987900000 67.9180680000 25.4000000000
20.3987900000 67.9180680000 25.4000000000
14.5266000000 62.1255720000 25.4000000000
14.5266000000 62.1255720000 25.4000000000
14.5266000000 62.1255720000 25.4000000000
20.4486890000 68.1290740000 25.4000000000
20.4486890000 68.1290740000 25.4000000000
20.4486890000 68.1290740000 25.4000000000
14.3149260000 62.0785640000 25.4000000000
14.3149260000 62.0785640000 25.4000000000
14.3149260000 62.0785640000 25.4000000000
20.4928050000 68.3413700000 25.4000000000
20.4928050000 68.3413700000 25.4000000000
20.4928050000 68.3413700000 25.4000000000
14.1020480000 62.0373500000 25.4000000000
14.1020480000 62.0373500000 25.4000000000
14.1020480000 62.0373500000 25.4000000000
20.5311070000 68.5547940000 25.4000000000
20.5311070000 68.5547940000 25.4000000000
20.5311070000 68.5547940000 25.4000000000
13.8881240000 62.0019680000 25.4000000000
13.8881240000 62.0019680000 25.4000000000
13.8881240000 62.0019680000 25.4000000000
13.6733130000 61.9724430000 25.4000000000
13.6733130000 61.9724430000 25.4000000000
13.6733130000 61.9724430000 25.4000000000
13.4577750000 61.9487990000 25.4000000000
13.4577750000 61.9487990000 25.4000000000
13.4577750000 61.9487990000 25.4000000000
13.2416730000 61.9310460000 25.4000000000
13.2416730000 61.9310460000 25.4000000000
13.2416730000 61.9310460000 25.4000000000
13.0251660000 61.9192050000 25.4000000000
13.0251660000 61.9192050000 25.4000000000
13.0251660000 61.9192050000 25.4000000000
12.8084150000 61.9132840000 25.4000000000
12.8084150000 61.9132840000 25.4000000000
12.8084150000 61.9132840000 25.4000000000
12.5915840000 61.9132840000 25.4000000000
12.5915840000 61.9132840000 25.4000000000
12.5915840000 61.9132840000 25.4000000000
12.3748350000 61.9192050000 25.4000000000
12.3748350000 61.9192050000 25.4000000000
12.3748350000 61.9192050000 25.4000000000
12.1583280000 61.9310460000 25.4000000000
12.1583280000 61.9310460000 25.4000000000
12.1583280000 61.9310460000 25.4000000000
11.9422250000 61.9487990000 25.4000000000
11.9422250000 61.9487990000 25.4000000000
11.9422250000 61.9487990000 25.4000000000
11.7266870000 61.9724430000 25.4000000000
11.7266870000 61.9724430000 25.4000000000
11.7266870000 61.9724430000 25.4000000000
11.5118760000 62.0019680000 25.4000000000
11.5118760000 62.0019680000 25.4000000000
11.5118760000 62.0019680000 25.4000000000
11.2979520000 62.0373500000 25.4000000000
11.2979520000 62.0373500000 25.4000000000
11.2979520000 62.0373500000 25.4000000000
11.0850730000 62.0785640000 25.4000000000
11.0850730000 62.0785640000 25.4000000000
11.0850730000 62.0785640000 25.4000000000
10.8734010000 62.1255720000 25.4000000000
10.8734010000 62.1255720000 25.4000000000
10.8734010000 62.1255720000 25.4000000000
10.6630900000 62.1783490000 25.4000000000
10.6630900000 62.1783490000 25.4000000000
10.6630900000 62.1783490000 25.4000000000
10.4543000000 62.2368470000 25.4000000000
10.4543000000 62.2368470000 25.4000000000
10.4543000000 62.2368470000 25.4000000000
10.2471860000 62.3010290000 25.4000000000
10.2471860000 62.3010290000 25.4000000000
10.2471860000 62.3010290000 25.4000000000
10.0419020000 62.3708420000 25.4000000000
10.0419020000 62.3708420000 25.4000000000
10.0419020000 62.3708420000 25.4000000000
9.8386010000 62.4462390000 25.4000000000
9.8386010000 62.4462390000 25.4000000000
9.8386010000 62.4462390000 25.4000000000
9.6374370000 62.5271610000 25.4000000000
9.6374370000 62.5271610000 25.4000000000
9.6374370000 62.5271610000 25.4000000000
9.4385570000 62.6135440000 25.4000000000
9.4385570000 62.6135440000 25.4000000000
9.4385570000 62.6135440000 25.4000000000
9.2421110000 62.7053300000 25.4000000000
9.2421110000 62.7053300000 25.4000000000
9.2421110000 62.7053300000 25.4000000000
9.0482450000 62.8024480000 25.4000000000
9.0482450000 62.8024480000 25.4000000000
9.0482450000 62.8024480000 25.4000000000
19.6970410000 73.5976720000 25.4000000000
19.6970410000 73.5976720000 25.4000000000
19.6970410000 73.5976720000 25.4000000000
19.7967990000 73.4051510000 25.4000000000
19.7967990000 73.4051510000 25.4000000000
19.7967990000 73.4051510000 25.4000000000
19.8912580000 73.2099760000 25.4000000000
19.8912580000 73.2099760000 25.4000000000
19.8912580000 73.2099760000 25.4000000000
19.9803540000 73.0122990000 25.4000000000
19.9803540000 73.0122990000 25.4000000000
19.9803540000 73.0122990000 25.4000000000
20.0640160000 72.8122560000 25.4000000000
20.0640160000 72.8122560000 25.4000000000
20.0640160000 72.8122560000 25.4000000000
20.1421810000 72.6100080000 25.4000000000
20.1421810000 72.6100080000 25.4000000000
20.1421810000 72.6100080000 25.4000000000
20.2147940000 72.4056930000 25.4000000000
20.2147940000 72.4056930000 25.4000000000
20.2147940000 72.4056930000 25.4000000000
20.2818010000 72.1994780000 25.4000000000
20.2818010000 72.1994780000 25.4000000000
20.2818010000 72.1994780000 25.4000000000
20.3431470000 71.9915010000 25.4000000000
20.3431470000 71.9915010000 25.4000000000
20.3431470000 71.9915010000 25.4000000000
20.3987920000 71.7819370000 25.4000000000
20.3987920000 71.7819370000 25.4000000000
20.3987920000 71.7819370000 25.4000000000
20.4486900000 71.5709230000 25.4000000000
20.4486900000 71.5709230000 25.4000000000
20.4486900000 71.5709230000 25.4000000000
20.4928070000 71.3586270000 25.4000000000
20.4928070000 71.3586270000 25.4000000000
20.4928070000 71.3586270000 25.4000000000
20.5311070000 71.1452100000 25.4000000000
20.5311070000 71.1452100000 25.4000000000
20.5311070000 71.1452100000 25.4000000000
20.5635640000 70.9308170000 25.4000000000
20.5635640000 70.9308170000 25.4000000000
20.5635640000 70.9308170000 25.4000000000
20.5901550000 70.7156220000 25.4000000000
20.5901550000 70.7156220000 25.4000000000
20.5901550000 70.7156220000 25.4000000000
20.6108550000 70.4997860000 25.4000000000
20.6108550000 70.4997860000 25.4000000000
20.6108550000 70.4997860000 25.4000000000
20.6256540000 70.2834630000 25.4000000000
20.6256540000 70.2834630000 25.4000000000
20.6256540000 70.2834630000 25.4000000000
20.6345370000 70.0668110000 25.4000000000
20.6345370000 70.0668110000 25.4000000000
20.6345370000 70.0668110000 25.4000000000
20.6375010000 69.8499980000 25.4000000000
20.6375010000 69.8499980000 25.4000000000
20.6375010000 69.8499980000 25.4000000000
20.6345370000 69.6331860000 25.4000000000
20.6345370000 69.6331860000 25.4000000000
20.6345370000 69.6331860000 25.4000000000
20.6256540000 69.4165420000 25.4000000000
20.6256540000 69.4165420000 25.4000000000
20.6256540000 69.4165420000 25.4000000000
20.6108550000 69.2002180000 25.4000000000
20.6108550000 69.2002180000 25.4000000000
20.6108550000 69.2002180000 25.4000000000
20.5901550000 68.9843750000 25.4000000000
20.5901550000 68.9843750000 25.4000000000
20.5901550000 68.9843750000 25.4000000000
20.5635640000 68.7691800000 25.4000000000
20.5635640000 68.7691800000 25.4000000000
20.5635640000 68.7691800000 25.4000000000
8.8571050000 62.9048230000 25.4000000000
8.8571050000 62.9048230000 25.4000000000
8.8571050000 62.9048230000 25.4000000000
19.5920620000 73.7873920000 25.4000000000
19.5920620000 73.7873920000 25.4000000000
19.5920620000 73.7873920000 25.4000000000
8.6688320000 63.0123830000 25.4000000000
8.6688320000 63.0123830000 25.4000000000
8.6688320000 63.0123830000 25.4000000000
19.4819410000 73.9741820000 25.4000000000
19.4819410000 73.9741820000 25.4000000000
19.4819410000 73.9741820000 25.4000000000
8.4835670000 63.1250460000 25.4000000000
8.4835670000 63.1250460000 25.4000000000
8.4835670000 63.1250460000 25.4000000000
19.3667580000 74.1578900000 25.4000000000
19.3667580000 74.1578900000 25.4000000000
19.3667580000 74.1578900000 25.4000000000
8.3014500000 63.2427250000 25.4000000000
8.3014500000 63.2427250000 25.4000000000
8.3014500000 63.2427250000 25.4000000000
19.2466010000 74.3383790000 25.4000000000
19.2466010000 74.3383790000 25.4000000000
19.2466010000 74.3383790000 25.4000000000
8.1226140000 63.3653340000 25.4000000000
8.1226140000 63.3653340000 25.4000000000
8.1226140000 63.3653340000 25.4000000000
19.1215590000 74.5155260000 25.4000000000
19.1215590000 74.5155260000 25.4000000000
19.1215590000 74.5155260000 25.4000000000
7.9471940000 63.4927830000 25.4000000000
7.9471940000 63.4927830000 25.4000000000
7.9471940000 63.4927830000 25.4000000000
18.9917240000 74.6891860000 25.4000000000
18.9917240000 74.6891860000 25.4000000000
18.9917240000 74.6891860000 25.4000000000
7.7753210000 63.6249770000 25.4000000000
7.7753210000 63.6249770000 25.4000000000
7.7753210000 63.6249770000 25.4000000000
18.8571950000 74.8592380000 25.4000000000
18.8571950000 74.8592380000 25.4000000000
18.8571950000 74.8592380000 25.4000000000
7.6071220000 63.7618180000 25.4000000000
7.6071220000 63.7618180000 25.4000000000
7.6071220000 63.7618180000 25.4000000000
18.7180710000 75.0255510000 25.4000000000
18.7180710000 75.0255510000 25.4000000000
18.7180710000 75.0255510000 25.4000000000
7.4427240000 63.9031980000 25.4000000000
7.4427240000 63.9031980000 25.4000000000
7.4427240000 63.9031980000 25.4000000000
18.5744550000 75.1880040000 25.4000000000
18.5744550000 75.1880040000 25.4000000000
18.5744550000 75.1880040000 25.4000000000
7.2822490000 64.0490190000 25.4000000000
7.2822490000 64.0490190000 25.4000000000
7.2822490000 64.0490190000 25.4000000000
18.4264560000 75.3464740000 25.4000000000
18.4264560000 75.3464740000 25.4000000000
18.4264560000 75.3464740000 25.4000000000
7.1258180000 64.1991650000 25.4000000000
7.1258180000 64.1991650000 25.4000000000
7.1258180000 64.1991650000 25.4000000000
18.2741850000 75.5008390000 25.4000000000
18.2741850000 75.5008390000 25.4000000000
18.2741850000 75.5008390000 25.4000000000
6.9735460000 64.3535310000 25.4000000000
6.9735460000 64.3535310000 25.4000000000
6.9735460000 64.3535310000 25.4000000000
18.1177520000 75.6509860000 25.4000000000
18.1177520000 75.6509860000 25.4000000000
18.1177520000 75.6509860000 25.4000000000
6.8255470000 64.5120010000 25.4000000000
6.8255470000 64.5120010000 25.4000000000
6.8255470000 64.5120010000 25.4000000000
17.9572770000 75.7968060000 25.4000000000
17.9572770000 75.7968060000 25.4000000000
17.9572770000 75.7968060000 25.4000000000
6.6819310000 64.6744540000 25.4000000000
6.6819310000 64.6744540000 25.4000000000
6.6819310000 64.6744540000 25.4000000000
17.7928790000 75.9381870000 25.4000000000
17.7928790000 75.9381870000 25.4000000000
17.7928790000 75.9381870000 25.4000000000
6.5428070000 64.8407670000 25.4000000000
6.5428070000 64.8407670000 25.4000000000
6.5428070000 64.8407670000 25.4000000000
17.6246810000 76.0750270000 25.4000000000
17.6246810000 76.0750270000 25.4000000000
17.6246810000 76.0750270000 25.4000000000
6.4082780000 65.0108110000 25.4000000000
6.4082780000 65.0108110000 25.4000000000
6.4082780000 65.0108110000 25.4000000000
17.4528080000 76.2072220000 25.4000000000
17.4528080000 76.2072220000 25.4000000000
17.4528080000 76.2072220000 25.4000000000
6.2784430000 65.1844790000 25.4000000000
6.2784430000 65.1844790000 25.4000000000
6.2784430000 65.1844790000 25.4000000000
17.2773880000 76.3346710000 25.4000000000
17.2773880000 76.3346710000 25.4000000000
17.2773880000 76.3346710000 25.4000000000
17.0985530000 76.4572830000 25.4000000000
17.0985530000 76.4572830000 25.4000000000
17.0985530000 76.4572830000 25.4000000000
16.9164330000 76.5749590000 25.4000000000
16.9164330000 76.5749590000 25.4000000000
16.9164330000 76.5749590000 25.4000000000
16.7311690000 76.6876220000 25.4000000000
16.7311690000 76.6876220000 25.4000000000
16.7311690000 76.6876220000 25.4000000000
-0.0000000000 69.8499980000 25.4000000000
-0.0000000000 69.8499980000 25.4000000000
-0.0000000000 69.8499980000 25.4000000000
6.1534000000 65.3616180000 25.4000000000
6.1534000000 65.3616180000 25.4000000000
6.1534000000 65.3616180000 25.4000000000
6.0332430000 65.5421140000 25.4000000000
6.0332430000 65.5421140000 25.4000000000
6.0332430000 65.5421140000 25.4000000000
5.9180610000 65.7258220000 25.4000000000
5.9180610000 65.7258220000 25.4000000000
5.9180610000 65.7258220000 25.4000000000
5.8079390000 65.9126050000 25.4000000000
5.8079390000 65.9126050000 25.4000000000
5.8079390000 65.9126050000 25.4000000000
5.7029610000 66.1023330000 25.4000000000
5.7029610000 66.1023330000 25.4000000000
5.7029610000 66.1023330000 25.4000000000
5.6032040000 66.2948530000 25.4000000000
5.6032040000 66.2948530000 25.4000000000
5.6032040000 66.2948530000 25.4000000000
5.5087430000 66.4900210000 25.4000000000
5.5087430000 66.4900210000 25.4000000000
5.5087430000 66.4900210000 25.4000000000
5.4196480000 66.6877060000 25.4000000000
5.4196480000 66.6877060000 25.4000000000
5.4196480000 66.6877060000 25.4000000000
5.3359860000 66.8877490000 25.4000000000
5.3359860000 66.8877490000 25.4000000000
5.3359860000 66.8877490000 25.4000000000
5.2578200000 67.0899960000 25.4000000000
5.2578200000 67.0899960000 25.4000000000
5.2578200000 67.0899960000 25.4000000000
5.1852060000 67.2943120000 25.4000000000
5.1852060000 67.2943120000 25.4000000000
5.1852060000 67.2943120000 25.4000000000
5.1182010000 67.5005260000 25.4000000000
5.1182010000 67.5005260000 25.4000000000
5.1182010000 67.5005260000 25.4000000000
5.0568540000 67.7084960000 25.4000000000
5.0568540000 67.7084960000 25.4000000000
5.0568540000 67.7084960000 25.4000000000
5.0012100000 67.9180680000 25.4000000000
5.0012100000 67.9180680000 25.4000000000
5.0012100000 67.9180680000 25.4000000000
4.9513110000 68.1290740000 25.4000000000
4.9513110000 68.1290740000 25.4000000000
4.9513110000 68.1290740000 25.4000000000
4.9071940000 68.3413700000 25.4000000000
4.9071940000 68.3413700000 25.4000000000
4.9071940000 68.3413700000 25.4000000000
4.8688930000 68.5547940000 25.4000000000
4.8688930000 68.5547940000 25.4000000000
4.8688930000 68.5547940000 25.4000000000
4.8364360000 68.7691800000 25.4000000000
4.8364360000 68.7691800000 25.4000000000
4.8364360000 68.7691800000 25.4000000000
4.8098460000 68.9843750000 25.4000000000
4.8098460000 68.9843750000 25.4000000000
4.8098460000 68.9843750000 25.4000000000
4.7891450000 69.2002180000 25.4000000000
4.7891450000 69.2002180000 25.4000000000
4.7891450000 69.2002180000 25.4000000000
4.7743460000 69.4165420000 25.4000000000
4.7743460000 69.4165420000 25.4000000000
4.7743460000 69.4165420000 25.4000000000
4.7654630000 69.6331860000 25.4000000000
4.7654630000 69.6331860000 25.4000000000
4.7654630000 69.6331860000 25.4000000000
4.7625000000 69.8499980000 25.4000000000
4.7625000000 69.8499980000 25.4000000000
4.7625000000 69.8499980000 25.4000000000
12.7000000000 82.5500030000 25.4000000000
12.7000000000 82.5500030000 25.4000000000
12.7000000000 82.5500030000 25.4000000000
12.5915840000 77.7867200000 25.4000000000
12.5915840000 77.7867200000 25.4000000000
12.5915840000 77.7867200000 25.4000000000
12.8084150000 77.7867200000 25.4000000000
12.8084150000 77.7867200000 25.4000000000
12.8084150000 77.7867200000 25.4000000000
13.0251660000 77.7808000000 25.4000000000
13.0251660000 77.7808000000 25.4000000000
13.0251660000 77.7808000000 25.4000000000
13.2416730000 77.7689590000 25.4000000000
13.2416730000 77.7689590000 25.4000000000
13.2416730000 77.7689590000 25.4000000000
13.4577750000 77.7512050000 25.4000000000
13.4577750000 77.7512050000 25.4000000000
13.4577750000 77.7512050000 25.4000000000
13.6733130000 77.7275620000 25.4000000000
13.6733130000 77.7275620000 25.4000000000
13.6733130000 77.7275620000 25.4000000000
13.8881240000 77.6980360000 25.4000000000
13.8881240000 77.6980360000 25.4000000000
13.8881240000 77.6980360000 25.4000000000
14.1020490000 77.6626590000 25.4000000000
14.1020490000 77.6626590000 25.4000000000
14.1020490000 77.6626590000 25.4000000000
14.3149270000 77.6214450000 25.4000000000
14.3149270000 77.6214450000 25.4000000000
14.3149270000 77.6214450000 25.4000000000
14.5266010000 77.5744320000 25.4000000000
14.5266010000 77.5744320000 25.4000000000
14.5266010000 77.5744320000 25.4000000000
14.7369110000 77.5216600000 25.4000000000
14.7369110000 77.5216600000 25.4000000000
14.7369110000 77.5216600000 25.4000000000
14.9457010000 77.4631580000 25.4000000000
14.9457010000 77.4631580000 25.4000000000
14.9457010000 77.4631580000 25.4000000000
15.1528150000 77.3989790000 25.4000000000
15.1528150000 77.3989790000 25.4000000000
15.1528150000 77.3989790000 25.4000000000
15.3580990000 77.3291630000 25.4000000000
15.3580990000 77.3291630000 25.4000000000
15.3580990000 77.3291630000 25.4000000000
15.5613990000 77.2537690000 25.4000000000
15.5613990000 77.2537690000 25.4000000000
15.5613990000 77.2537690000 25.4000000000
15.7625650000 77.1728440000 25.4000000000
15.7625650000 77.1728440000 25.4000000000
15.7625650000 77.1728440000 25.4000000000
15.9614450000 77.0864560000 25.4000000000
15.9614450000 77.0864560000 25.4000000000
15.9614450000 77.0864560000 25.4000000000
16.1578900000 76.9946750000 25.4000000000
16.1578900000 76.9946750000 25.4000000000
16.1578900000 76.9946750000 25.4000000000
16.3517570000 76.8975600000 25.4000000000
16.3517570000 76.8975600000 25.4000000000
16.3517570000 76.8975600000 25.4000000000
16.5428960000 76.7951810000 25.4000000000
16.5428960000 76.7951810000 25.4000000000
16.5428960000 76.7951810000 25.4000000000
0.0047520000 70.1938780000 25.4000000000
0.0047520000 70.1938780000 25.4000000000
0.0047520000 70.1938780000 25.4000000000
4.7654620000 70.0668110000 25.4000000000
4.7654620000 70.0668110000 25.4000000000
4.7654620000 70.0668110000 25.4000000000
12.3561190000 82.5452500000 25.4000000000
12.3561190000 82.5452500000 25.4000000000
12.3561190000 82.5452500000 25.4000000000
12.3748350000 77.7808000000 25.4000000000
12.3748350000 77.7808000000 25.4000000000
12.3748350000 77.7808000000 25.4000000000
0.0188110000 70.5375060000 25.4000000000
0.0188110000 70.5375060000 25.4000000000
0.0188110000 70.5375060000 25.4000000000
4.7743460000 70.2834630000 25.4000000000
4.7743460000 70.2834630000 25.4000000000
4.7743460000 70.2834630000 25.4000000000
12.0124940000 82.5311890000 25.4000000000
12.0124940000 82.5311890000 25.4000000000
12.0124940000 82.5311890000 25.4000000000
12.1583270000 77.7689590000 25.4000000000
12.1583270000 77.7689590000 25.4000000000
12.1583270000 77.7689590000 25.4000000000
0.0421660000 70.8806230000 25.4000000000
0.0421660000 70.8806230000 25.4000000000
0.0421660000 70.8806230000 25.4000000000
4.7891450000 70.4997860000 25.4000000000
4.7891450000 70.4997860000 25.4000000000
4.7891450000 70.4997860000 25.4000000000
11.6693740000 82.5078350000 25.4000000000
11.6693740000 82.5078350000 25.4000000000
11.6693740000 82.5078350000 25.4000000000
11.9422250000 77.7512050000 25.4000000000
11.9422250000 77.7512050000 25.4000000000
11.9422250000 77.7512050000 25.4000000000
0.0748010000 71.2229840000 25.4000000000
0.0748010000 71.2229840000 25.4000000000
0.0748010000 71.2229840000 25.4000000000
4.8098450000 70.7156220000 25.4000000000
4.8098450000 70.7156220000 25.4000000000
4.8098450000 70.7156220000 25.4000000000
11.3270130000 82.4751970000 25.4000000000
11.3270130000 82.4751970000 25.4000000000
11.3270130000 82.4751970000 25.4000000000
11.7266860000 77.7275620000 25.4000000000
11.7266860000 77.7275620000 25.4000000000
11.7266860000 77.7275620000 25.4000000000
0.1166920000 71.5643390000 25.4000000000
0.1166920000 71.5643390000 25.4000000000
0.1166920000 71.5643390000 25.4000000000
4.8364350000 70.9308170000 25.4000000000
4.8364350000 70.9308170000 25.4000000000
4.8364350000 70.9308170000 25.4000000000
10.9856610000 82.4333110000 25.4000000000
10.9856610000 82.4333110000 25.4000000000
10.9856610000 82.4333110000 25.4000000000
11.5118760000 77.6980360000 25.4000000000
11.5118760000 77.6980360000 25.4000000000
11.5118760000 77.6980360000 25.4000000000
0.1678080000 71.9044340000 25.4000000000
0.1678080000 71.9044340000 25.4000000000
0.1678080000 71.9044340000 25.4000000000
4.8688920000 71.1452100000 25.4000000000
4.8688920000 71.1452100000 25.4000000000
4.8688920000 71.1452100000 25.4000000000
10.6455670000 82.3821950000 25.4000000000
10.6455670000 82.3821950000 25.4000000000
10.6455670000 82.3821950000 25.4000000000
11.2979510000 77.6626590000 25.4000000000
11.2979510000 77.6626590000 25.4000000000
11.2979510000 77.6626590000 25.4000000000
0.2281110000 72.2430190000 25.4000000000
0.2281110000 72.2430190000 25.4000000000
0.2281110000 72.2430190000 25.4000000000
4.9071930000 71.3586270000 25.4000000000
4.9071930000 71.3586270000 25.4000000000
4.9071930000 71.3586270000 25.4000000000
10.3069820000 82.3218920000 25.4000000000
10.3069820000 82.3218920000 25.4000000000
10.3069820000 82.3218920000 25.4000000000
11.0850730000 77.6214450000 25.4000000000
11.0850730000 77.6214450000 25.4000000000
11.0850730000 77.6214450000 25.4000000000
0.2975580000 72.5798490000 25.4000000000
0.2975580000 72.5798490000 25.4000000000
0.2975580000 72.5798490000 25.4000000000
4.9513100000 71.5709230000 25.4000000000
4.9513100000 71.5709230000 25.4000000000
4.9513100000 71.5709230000 25.4000000000
9.9701530000 82.2524410000 25.4000000000
9.9701530000 82.2524410000 25.4000000000
9.9701530000 82.2524410000 25.4000000000
10.8734000000 77.5744320000 25.4000000000
10.8734000000 77.5744320000 25.4000000000
10.8734000000 77.5744320000 25.4000000000
0.3760970000 72.9146730000 25.4000000000
0.3760970000 72.9146730000 25.4000000000
0.3760970000 72.9146730000 25.4000000000
5.0012080000 71.7819370000 25.4000000000
5.0012080000 71.7819370000 25.4000000000
5.0012080000 71.7819370000 25.4000000000
9.6353270000 82.1739040000 25.4000000000
9.6353270000 82.1739040000 25.4000000000
9.6353270000 82.1739040000 25.4000000000
10.6630890000 77.5216600000 25.4000000000
10.6630890000 77.5216600000 25.4000000000
10.6630890000 77.5216600000 25.4000000000
0.4636700000 73.2472460000 25.4000000000
0.4636700000 73.2472460000 25.4000000000
0.4636700000 73.2472460000 25.4000000000
5.0568520000 71.9915010000 25.4000000000
5.0568520000 71.9915010000 25.4000000000
5.0568520000 71.9915010000 25.4000000000
9.3027520000 82.0863270000 25.4000000000
9.3027520000 82.0863270000 25.4000000000
9.3027520000 82.0863270000 25.4000000000
10.4542990000 77.4631580000 25.4000000000
10.4542990000 77.4631580000 25.4000000000
10.4542990000 77.4631580000 25.4000000000
0.5602150000 73.5773320000 25.4000000000
0.5602150000 73.5773320000 25.4000000000
0.5602150000 73.5773320000 25.4000000000
5.1182000000 72.1994780000 25.4000000000
5.1182000000 72.1994780000 25.4000000000
5.1182000000 72.1994780000 25.4000000000
8.9726670000 81.9897840000 25.4000000000
8.9726670000 81.9897840000 25.4000000000
8.9726670000 81.9897840000 25.4000000000
10.2471850000 77.3989790000 25.4000000000
10.2471850000 77.3989790000 25.4000000000
10.2471850000 77.3989790000 25.4000000000
0.6656590000 73.9046860000 25.4000000000
0.6656590000 73.9046860000 25.4000000000
0.6656590000 73.9046860000 25.4000000000
5.1852050000 72.4056930000 25.4000000000
5.1852050000 72.4056930000 25.4000000000
5.1852050000 72.4056930000 25.4000000000
8.6453170000 81.8843380000 25.4000000000
8.6453170000 81.8843380000 25.4000000000
8.6453170000 81.8843380000 25.4000000000
10.0419010000 77.3291630000 25.4000000000
10.0419010000 77.3291630000 25.4000000000
10.0419010000 77.3291630000 25.4000000000
0.7799260000 74.2290570000 25.4000000000
0.7799260000 74.2290570000 25.4000000000
0.7799260000 74.2290570000 25.4000000000
5.2578180000 72.6100080000 25.4000000000
5.2578180000 72.6100080000 25.4000000000
5.2578180000 72.6100080000 25.4000000000
8.3209420000 81.7700730000 25.4000000000
8.3209420000 81.7700730000 25.4000000000
8.3209420000 81.7700730000 25.4000000000
9.8386000000 77.2537690000 25.4000000000
9.8386000000 77.2537690000 25.4000000000
9.8386000000 77.2537690000 25.4000000000
0.9029320000 74.5502240000 25.4000000000
0.9029320000 74.5502240000 25.4000000000
0.9029320000 74.5502240000 25.4000000000
5.3359840000 72.8122560000 25.4000000000
5.3359840000 72.8122560000 25.4000000000
5.3359840000 72.8122560000 25.4000000000
7.9997780000 81.6470640000 25.4000000000
7.9997780000 81.6470640000 25.4000000000
7.9997780000 81.6470640000 25.4000000000
9.6374350000 77.1728440000 25.4000000000
9.6374350000 77.1728440000 25.4000000000
9.6374350000 77.1728440000 25.4000000000
1.0345870000 74.8679350000 25.4000000000
1.0345870000 74.8679350000 25.4000000000
1.0345870000 74.8679350000 25.4000000000
5.4196460000 73.0122990000 25.4000000000
5.4196460000 73.0122990000 25.4000000000
5.4196460000 73.0122990000 25.4000000000
7.6820620000 81.5154110000 25.4000000000
7.6820620000 81.5154110000 25.4000000000
7.6820620000 81.5154110000 25.4000000000
9.4385560000 77.0864560000 25.4000000000
9.4385560000 77.0864560000 25.4000000000
9.4385560000 77.0864560000 25.4000000000
1.1747930000 75.1819760000 25.4000000000
1.1747930000 75.1819760000 25.4000000000
1.1747930000 75.1819760000 25.4000000000
5.5087410000 73.2099760000 25.4000000000
5.5087410000 73.2099760000 25.4000000000
5.5087410000 73.2099760000 25.4000000000
7.3680270000 81.3752060000 25.4000000000
7.3680270000 81.3752060000 25.4000000000
7.3680270000 81.3752060000 25.4000000000
9.2421090000 76.9946750000 25.4000000000
9.2421090000 76.9946750000 25.4000000000
9.2421090000 76.9946750000 25.4000000000
1.3234500000 75.4920960000 25.4000000000
1.3234500000 75.4920960000 25.4000000000
1.3234500000 75.4920960000 25.4000000000
5.6032020000 73.4051510000 25.4000000000
5.6032020000 73.4051510000 25.4000000000
5.6032020000 73.4051510000 25.4000000000
7.0579010000 81.2265470000 25.4000000000
7.0579010000 81.2265470000 25.4000000000
7.0579010000 81.2265470000 25.4000000000
9.0482440000 76.8975600000 25.4000000000
9.0482440000 76.8975600000 25.4000000000
9.0482440000 76.8975600000 25.4000000000
1.4804470000 75.7980880000 25.4000000000
1.4804470000 75.7980880000 25.4000000000
1.4804470000 75.7980880000 25.4000000000
5.7029590000 73.5976720000 25.4000000000
5.7029590000 73.5976720000 25.4000000000
5.7029590000 73.5976720000 25.4000000000
6.7519140000 81.0695570000 25.4000000000
6.7519140000 81.0695570000 25.4000000000
6.7519140000 81.0695570000 25.4000000000
8.8571030000 76.7951810000 25.4000000000
8.8571030000 76.7951810000 25.4000000000
8.8571030000 76.7951810000 25.4000000000
1.6456690000 76.0997090000 25.4000000000
1.6456690000 76.0997090000 25.4000000000
1.6456690000 76.0997090000 25.4000000000
5.8079370000 73.7873920000 25.4000000000
5.8079370000 73.7873920000 25.4000000000
5.8079370000 73.7873920000 25.4000000000
6.4502880000 80.9043350000 25.4000000000
6.4502880000 80.9043350000 25.4000000000
6.4502880000 80.9043350000 25.4000000000
8.6688310000 76.6876220000 25.4000000000
8.6688310000 76.6876220000 25.4000000000
8.6688310000 76.6876220000 25.4000000000
1.8189950000 76.3967510000 25.4000000000
1.8189950000 76.3967510000 25.4000000000
1.8189950000 76.3967510000 25.4000000000
5.9180580000 73.9741820000 25.4000000000
5.9180580000 73.9741820000 25.4000000000
5.9180580000 73.9741820000 25.4000000000
6.1532460000 80.7310030000 25.4000000000
6.1532460000 80.7310030000 25.4000000000
6.1532460000 80.7310030000 25.4000000000
8.4835660000 76.5749590000 25.4000000000
8.4835660000 76.5749590000 25.4000000000
8.4835660000 76.5749590000 25.4000000000
2.0002990000 76.6889950000 25.4000000000
2.0002990000 76.6889950000 25.4000000000
2.0002990000 76.6889950000 25.4000000000
6.0332410000 74.1578900000 25.4000000000
6.0332410000 74.1578900000 25.4000000000
6.0332410000 74.1578900000 25.4000000000
5.8610040000 80.5496980000 25.4000000000
5.8610040000 80.5496980000 25.4000000000
5.8610040000 80.5496980000 25.4000000000
8.3014480000 76.4572830000 25.4000000000
8.3014480000 76.4572830000 25.4000000000
8.3014480000 76.4572830000 25.4000000000
2.1894480000 76.9762190000 25.4000000000
2.1894480000 76.9762190000 25.4000000000
2.1894480000 76.9762190000 25.4000000000
6.1533980000 74.3383790000 25.4000000000
6.1533980000 74.3383790000 25.4000000000
6.1533980000 74.3383790000 25.4000000000
5.5737770000 80.3605500000 25.4000000000
5.5737770000 80.3605500000 25.4000000000
5.5737770000 80.3605500000 25.4000000000
8.1226120000 76.3346710000 25.4000000000
8.1226120000 76.3346710000 25.4000000000
8.1226120000 76.3346710000 25.4000000000
2.3863020000 77.2582240000 25.4000000000
2.3863020000 77.2582240000 25.4000000000
2.3863020000 77.2582240000 25.4000000000
6.2784410000 74.5155260000 25.4000000000
6.2784410000 74.5155260000 25.4000000000
6.2784410000 74.5155260000 25.4000000000
5.2917760000 80.1636960000 25.4000000000
5.2917760000 80.1636960000 25.4000000000
5.2917760000 80.1636960000 25.4000000000
7.9471920000 76.2072220000 25.4000000000
7.9471920000 76.2072220000 25.4000000000
7.9471920000 76.2072220000 25.4000000000
2.5907180000 77.5347900000 25.4000000000
2.5907180000 77.5347900000 25.4000000000
2.5907180000 77.5347900000 25.4000000000
6.4082750000 74.6891860000 25.4000000000
6.4082750000 74.6891860000 25.4000000000
6.4082750000 74.6891860000 25.4000000000
5.0152060000 79.9592820000 25.4000000000
5.0152060000 79.9592820000 25.4000000000
5.0152060000 79.9592820000 25.4000000000
7.7753190000 76.0750270000 25.4000000000
7.7753190000 76.0750270000 25.4000000000
7.7753190000 76.0750270000 25.4000000000
2.8025450000 77.8057250000 25.4000000000
2.8025450000 77.8057250000 25.4000000000
2.8025450000 77.8057250000 25.4000000000
6.5428050000 74.8592380000 25.4000000000
6.5428050000 74.8592380000 25.4000000000
6.5428050000 74.8592380000 25.4000000000
4.7442720000 79.7474520000 25.4000000000
4.7442720000 79.7474520000 25.4000000000
4.7442720000 79.7474520000 25.4000000000
7.6071200000 75.9381870000 25.4000000000
7.6071200000 75.9381870000 25.4000000000
7.6071200000 75.9381870000 25.4000000000
3.0216290000 78.0708310000 25.4000000000
3.0216290000 78.0708310000 25.4000000000
3.0216290000 78.0708310000 25.4000000000
6.6819290000 75.0255510000 25.4000000000
6.6819290000 75.0255510000 25.4000000000
6.6819290000 75.0255510000 25.4000000000
4.4791710000 79.5283740000 25.4000000000
4.4791710000 79.5283740000 25.4000000000
4.4791710000 79.5283740000 25.4000000000
7.4427220000 75.7968060000 25.4000000000
7.4427220000 75.7968060000 25.4000000000
7.4427220000 75.7968060000 25.4000000000
3.2478090000 78.3299030000 25.4000000000
3.2478090000 78.3299030000 25.4000000000
3.2478090000 78.3299030000 25.4000000000
6.8255440000 75.1880040000 25.4000000000
6.8255440000 75.1880040000 25.4000000000
6.8255440000 75.1880040000 25.4000000000
4.2200980000 79.3021930000 25.4000000000
4.2200980000 79.3021930000 25.4000000000
4.2200980000 79.3021930000 25.4000000000
7.2822480000 75.6509860000 25.4000000000
7.2822480000 75.6509860000 25.4000000000
7.2822480000 75.6509860000 25.4000000000
3.4809190000 78.5827560000 25.4000000000
3.4809190000 78.5827560000 25.4000000000
3.4809190000 78.5827560000 25.4000000000
6.9735440000 75.3464740000 25.4000000000
6.9735440000 75.3464740000 25.4000000000
6.9735440000 75.3464740000 25.4000000000
3.9672420000 79.0690840000 25.4000000000
3.9672420000 79.0690840000 25.4000000000
3.9672420000 79.0690840000 25.4000000000
7.1258150000 75.5008390000 25.4000000000
7.1258150000 75.5008390000 25.4000000000
7.1258150000 75.5008390000 25.4000000000
3.7207890000 78.8292080000 25.4000000000
3.7207890000 78.8292080000 25.4000000000
3.7207890000 78.8292080000 25.4000000000
38.0999980000 -0.0000000000 25.4000000000
38.0999980000 -0.0000000000 25.4000000000
38.0999980000 -0.0000000000 25.4000000000
38.0999980000 23.7818030000 80.5661010000
38.0999980000 23.7818030000 80.5661010000
38.0999980000 23.7818030000 80.5661010000
38.0999980000 23.7818030000 80.5661010000
38.0999980000 23.7818030000 80.5661010000
38.0999980000 22.2253000000 73.0250170000
38.0999980000 22.2253000000 73.0250170000
38.0999980000 22.2253000000 73.0250170000
41.2750020000 22.2251450000 73.0249560000
41.2750020000 22.2251450000 73.0249560000
41.2750020000 22.2251450000 73.0249560000
41.2750020000 22.2302320000 73.4248660000
41.2750020000 22.2302320000 73.4248660000
41.2750020000 22.2302320000 73.4248660000
38.0999980000 22.2326450000 73.5418240000
38.0999980000 22.2326450000 73.5418240000
38.0999980000 22.2326450000 73.5418240000
41.2750020000 22.2454470000 73.8382110000
41.2750020000 22.2454470000 73.8382110000
41.2750020000 22.2454470000 73.8382110000
38.0999980000 22.2539650000 74.0582430000
38.0999980000 22.2539650000 74.0582430000
38.0999980000 22.2539650000 74.0582430000
38.0999980000 22.2539650000 74.0582430000
41.2750020000 22.2709160000 74.2646180000
41.2750020000 22.2709160000 74.2646180000
41.2750020000 22.2709160000 74.2646180000
41.2750020000 22.2709160000 74.2646180000
38.0999980000 22.2892440000 74.5738910000
38.0999980000 22.2892440000 74.5738910000
38.0999980000 22.2892440000 74.5738910000
38.0999980000 22.2892440000 74.5738910000
41.2750020000 22.3067630000 74.7037120000
41.2750020000 22.3067630000 74.7037120000
41.2750020000 22.3067630000 74.7037120000
41.2750020000 22.3067630000 74.7037120000
38.0999980000 22.3384530000 75.0884020000
38.0999980000 22.3384530000 75.0884020000
38.0999980000 22.3384530000 75.0884020000
38.0999980000 22.3384530000 75.0884020000
41.2750020000 22.3531130000 75.1551130000
41.2750020000 22.3531130000 75.1551130000
41.2750020000 22.3531130000 75.1551130000
38.0999980000 22.4015600000 75.6013950000
38.0999980000 22.4015600000 75.6013950000
38.0999980000 22.4015600000 75.6013950000
41.2750020000 22.4103780000 75.6184540000
41.2750020000 22.4103780000 75.6184540000
41.2750020000 22.4103780000 75.6184540000
41.2750020000 22.4103780000 75.6184540000
38.0999980000 22.4785180000 76.1124880000
38.0999980000 22.4785180000 76.1124880000
38.0999980000 22.4785180000 76.1124880000
38.0999980000 22.4785180000 76.1124880000
38.0999980000 22.4785180000 76.1124880000
41.2750020000 22.4798320000 76.0930180000
41.2750020000 22.4798320000 76.0930180000
41.2750020000 22.4798320000 76.0930180000
41.2750020000 22.5628640000 76.5779040000
41.2750020000 22.5628640000 76.5779040000
41.2750020000 22.5628640000 76.5779040000
41.2750020000 22.5628640000 76.5779040000
38.0999980000 22.5692690000 76.6213230000
38.0999980000 22.5692690000 76.6213230000
38.0999980000 22.5692690000 76.6213230000
38.0999980000 22.5692690000 76.6213230000
41.2750020000 22.6608730000 77.0722200000
41.2750020000 22.6608730000 77.0722200000
41.2750020000 22.6608730000 77.0722200000
41.2750020000 22.6608730000 77.0722200000
38.0999980000 22.6737480000 77.1275100000
38.0999980000 22.6737480000 77.1275100000
38.0999980000 22.6737480000 77.1275100000
38.0999980000 22.6737480000 77.1275100000
41.2750020000 22.7630330000 77.5244220000
41.2750020000 22.7630330000 77.5244220000
41.2750020000 22.7630330000 77.5244220000
41.2750020000 22.7630330000 77.5244220000
38.0999980000 22.7918780000 77.6306840000
38.0999980000 22.7918780000 77.6306840000
38.0999980000 22.7918780000 77.6306840000
38.0999980000 22.7918780000 77.6306840000
41.2750020000 22.8671510000 77.9367680000
41.2750020000 22.8671510000 77.9367680000
41.2750020000 22.8671510000 77.9367680000
41.2750020000 22.8671510000 77.9367680000
38.0999980000 22.9235730000 78.1304860000
38.0999980000 22.9235730000 78.1304860000
38.0999980000 22.9235730000 78.1304860000
38.0999980000 22.9235730000 78.1304860000
41.2750020000 22.9835000000 78.3537520000
41.2750020000 22.9835000000 78.3537520000
41.2750020000 22.9835000000 78.3537520000
41.2750020000 22.9835000000 78.3537520000
38.0999980000 23.0687350000 78.6265410000
38.0999980000 23.0687350000 78.6265410000
38.0999980000 23.0687350000 78.6265410000
38.0999980000 23.0687350000 78.6265410000
41.2750020000 23.1121880000 78.7750320000
41.2750020000 23.1121880000 78.7750320000
41.2750020000 23.1121880000 78.7750320000
41.2750020000 23.1121880000 78.7750320000
38.0999980000 23.2272610000 79.1184840000
38.0999980000 23.2272610000 79.1184840000
38.0999980000 23.2272610000 79.1184840000
38.0999980000 23.2272610000 79.1184840000
41.2750020000 23.2532630000 79.1999590000
41.2750020000 23.2532630000 79.1999590000
41.2750020000 23.2532630000 79.1999590000
41.2750020000 23.2532630000 79.1999590000
38.0999980000 23.3990330000 79.6059650000
38.0999980000 23.3990330000 79.6059650000
38.0999980000 23.3990330000 79.6059650000
38.0999980000 23.3990330000 79.6059650000
41.2750020000 23.4068090000 79.6278310000
41.2750020000 23.4068090000 79.6278310000
41.2750020000 23.4068090000 79.6278310000
41.2750020000 23.5729080000 80.0579610000
41.2750020000 23.5729080000 80.0579610000
41.2750020000 23.5729080000 80.0579610000
41.2750020000 23.5729080000 80.0579610000
38.0999980000 23.5839250000 80.0886230000
38.0999980000 23.5839250000 80.0886230000
38.0999980000 23.5839250000 80.0886230000
38.0999980000 23.5839250000 80.0886230000
38.0999980000 23.5839250000 80.0886230000
38.0999980000 60.1483270000 75.6014790000
38.0999980000 60.1483270000 75.6014790000
38.0999980000 60.1483270000 75.6014790000
38.0999980000 60.1483270000 75.6014790000
38.0999980000 60.1483270000 75.6014790000
38.0999980000 60.0713230000 76.1125560000
38.0999980000 60.0713230000 76.1125560000
38.0999980000 60.0713230000 76.1125560000
38.0999980000 60.0713230000 76.1125560000
38.0999980000 60.0713230000 76.1125560000
41.2750020000 60.0987400000 75.9524310000
41.2750020000 60.0987400000 75.9524310000
41.2750020000 60.0987400000 75.9524310000
41.2750020000 60.0987400000 75.9524310000
41.2750020000 60.0987400000 75.9524310000
41.2750020000 60.1435430000 75.6422040000
41.2750020000 60.1435430000 75.6422040000
41.2750020000 60.1435430000 75.6422040000
41.2750020000 60.1822360000 75.3366850000
41.2750020000 60.1822360000 75.3366850000
41.2750020000 60.1822360000 75.3366850000
41.2750020000 60.1822360000 75.3366850000
38.0999980000 60.2114720000 75.0885090000
38.0999980000 60.2114720000 75.0885090000
38.0999980000 60.2114720000 75.0885090000
38.0999980000 60.2114720000 75.0885090000
38.0999980000 60.2114720000 75.0885090000
41.2750020000 60.2151910000 75.0360180000
41.2750020000 60.2151910000 75.0360180000
41.2750020000 60.2151910000 75.0360180000
41.2750020000 60.2427940000 74.7403790000
41.2750020000 60.2427940000 74.7403790000
41.2750020000 60.2427940000 74.7403790000
41.2750020000 60.2427940000 74.7403790000
38.0999980000 60.2607080000 74.5740130000
38.0999980000 60.2607080000 74.5740130000
38.0999980000 60.2607080000 74.5740130000
38.0999980000 60.2607080000 74.5740130000
41.2750020000 60.2719120000 74.3543090000
41.2750020000 60.2719120000 74.3543090000
41.2750020000 60.2719120000 74.3543090000
41.2750020000 60.2719120000 74.3543090000
38.0999980000 60.2960010000 74.0583720000
38.0999980000 60.2960010000 74.0583720000
38.0999980000 60.2960010000 74.0583720000
38.0999980000 60.2960010000 74.0583720000
41.2750020000 60.2952000000 73.9314960000
41.2750020000 60.2952000000 73.9314960000
41.2750020000 60.2952000000 73.9314960000
41.2750020000 60.2952000000 73.9314960000
38.0999980000 60.3173260000 73.5419690000
38.0999980000 60.3173260000 73.5419690000
38.0999980000 60.3173260000 73.5419690000
38.0999980000 60.3173260000 73.5419690000
41.2750020000 60.3110540000 73.4696880000
41.2750020000 60.3110540000 73.4696880000
41.2750020000 60.3110540000 73.4696880000
41.2750020000 60.3225100000 73.1606980000
41.2750020000 60.3225100000 73.1606980000
41.2750020000 60.3225100000 73.1606980000
41.2750020000 60.3225100000 73.1606980000
38.0999980000 60.3246650000 73.0251770000
38.0999980000 60.3246650000 73.0251770000
38.0999980000 60.3246650000 73.0251770000
38.0999980000 60.3246650000 73.0251770000
41.2750020000 60.3241420000 73.0926970000
41.2750020000 60.3241420000 73.0926970000
41.2750020000 60.3241420000 73.0926970000
41.2750020000 60.3247600000 73.0250630000
41.2750020000 60.3247600000 73.0250630000
41.2750020000 60.3247600000 73.0250630000
40.2166670000 24.2311780000 81.5315400000
40.2166670000 24.2311780000 81.5315400000
40.2166670000 24.2311780000 81.5315400000
40.2166670000 24.2311780000 81.5315400000
40.2166670000 24.2311780000 81.5315400000
41.2750020000 23.7516420000 80.4896320000
41.2750020000 23.7516420000 80.4896320000
41.2750020000 23.7516420000 80.4896320000
41.2750020000 23.7516420000 80.4896320000
41.2750020000 23.9430940000 80.9221650000
41.2750020000 23.9430940000 80.9221650000
41.2750020000 23.9430940000 80.9221650000
41.2750020000 24.1473460000 81.3548430000
41.2750020000 24.1473460000 81.3548430000
41.2750020000 24.1473460000 81.3548430000
41.2750020000 24.3644810000 81.7869870000
41.2750020000 24.3644810000 81.7869870000
41.2750020000 24.3644810000 81.7869870000
40.2166670000 24.3798960000 81.8232190000
40.2166670000 24.3798960000 81.8232190000
40.2166670000 24.3798960000 81.8232190000
39.6875000000 24.1673890000 81.4023130000
39.6875000000 24.1673890000 81.4023130000
39.6875000000 24.1673890000 81.4023130000
39.6875000000 24.1673890000 81.4023130000
39.6875000000 24.1673890000 81.4023130000
39.6875000000 24.1673890000 81.4023130000
39.6875000000 24.2773490000 81.6232380000
39.6875000000 24.2773490000 81.6232380000
39.6875000000 24.2773490000 81.6232380000
40.2166670000 24.5351050000 82.1150670000
40.2166670000 24.5351050000 82.1150670000
40.2166670000 24.5351050000 82.1150670000
41.2750020000 24.5945820000 82.2178880000
41.2750020000 24.5945820000 82.2178880000
41.2750020000 24.5945820000 82.2178880000
41.2750020000 24.5945820000 82.2178880000
39.6875000000 24.3912560000 81.8448180000
39.6875000000 24.3912560000 81.8448180000
40.2166670000 24.6968520000 82.4068300000
40.2166670000 24.6968520000 82.4068300000
40.2166670000 24.6968520000 82.4068300000
41.2750020000 24.8377290000 82.6468430000
41.2750020000 24.8377290000 82.6468430000
41.2750020000 24.8377290000 82.6468430000
41.2750020000 24.8377290000 82.6468430000
39.6875000000 24.5091530000 82.0669330000
39.6875000000 24.5091530000 82.0669330000
39.6875000000 24.5091530000 82.0669330000
40.2166670000 24.8652060000 82.6983110000
40.2166670000 24.8652060000 82.6983110000
40.2166670000 24.8652060000 82.6983110000
40.2166670000 24.8652060000 82.6983110000
39.6875000000 24.6311040000 82.2895130000
39.6875000000 24.6311040000 82.2895130000
39.6875000000 24.6311040000 82.2895130000
39.6875000000 24.6311040000 82.2895130000
39.6875000000 24.6311040000 82.2895130000
39.6875000000 24.7571740000 82.5124740000
39.6875000000 24.7571740000 82.5124740000
39.6875000000 24.7571740000 82.5124740000
39.6875000000 24.7571740000 82.5124740000
39.6875000000 24.7571740000 82.5124740000
40.2166670000 25.0402430000 82.9893190000
40.2166670000 25.0402430000 82.9893190000
40.2166670000 25.0402430000 82.9893190000
41.2750020000 25.0940070000 83.0731660000
41.2750020000 25.0940070000 83.0731660000
41.2750020000 25.0940070000 83.0731660000
41.2750020000 25.0940070000 83.0731660000
39.6875000000 24.8741720000 82.7133480000
39.6875000000 24.8741720000 82.7133480000
40.2166670000 25.2127190000 83.2650600000
40.2166670000 25.2127190000 83.2650600000
40.2166670000 25.2127190000 83.2650600000
41.2750020000 25.3634990000 83.4961470000
41.2750020000 25.3634990000 83.4961470000
41.2750020000 25.3634990000 83.4961470000
39.6875000000 24.9823250000 82.8941570000
39.6875000000 24.9823250000 82.8941570000
39.6875000000 24.9823250000 82.8941570000
40.2166670000 25.3731250000 83.5124590000
40.2166670000 25.3731250000 83.5124590000
40.2166670000 25.3731250000 83.5124590000
39.6875000000 25.0931610000 83.0748830000
39.6875000000 25.0931610000 83.0748830000
39.6875000000 25.0931610000 83.0748830000
39.6875000000 25.0931610000 83.0748830000
40.2166670000 25.5296000000 83.7459870000
40.2166670000 25.5296000000 83.7459870000
41.2750020000 25.6462840000 83.9150920000
41.2750020000 25.6462840000 83.9150920000
41.2750020000 25.6462840000 83.9150920000
33.3375020000 24.2217580000 81.5123370000
33.3375020000 24.2217580000 81.5123370000
33.3375020000 24.2217580000 81.5123370000
33.3375020000 24.2217580000 81.5123370000
33.3375020000 24.2217580000 81.5123370000
33.3375020000 24.2217580000 81.5123370000
31.7500000000 24.2996230000 81.6676940000
31.7500000000 24.2996230000 81.6676940000
31.7500000000 24.2996230000 81.6676940000
31.7500000000 24.2996230000 81.6676940000
31.7500000000 24.2996230000 81.6676940000
33.3375020000 24.3397160000 81.7453310000
33.3375020000 24.3397160000 81.7453310000
33.3375020000 24.3397160000 81.7453310000
33.3375020000 24.3397160000 81.7453310000
31.7500000000 24.4603520000 81.9763870000
31.7500000000 24.4603520000 81.9763870000
31.7500000000 24.4603520000 81.9763870000
31.7500000000 24.4603520000 81.9763870000
31.7500000000 24.4603520000 81.9763870000
33.3375020000 24.4609810000 81.9769210000
33.3375020000 24.4609810000 81.9769210000
33.3375020000 24.4609810000 81.9769210000
33.3375020000 24.4609810000 81.9769210000
33.3375020000 24.5855770000 82.2071300000
33.3375020000 24.5855770000 82.2071300000
33.3375020000 24.5855770000 82.2071300000
31.7500000000 24.6268100000 82.2823030000
31.7500000000 24.6268100000 82.2823030000
31.7500000000 24.6268100000 82.2823030000
33.3375020000 24.7135220000 82.4359510000
33.3375020000 24.7135220000 82.4359510000
31.7500000000 24.7989860000 82.5853960000
31.7500000000 24.7989860000 82.5853960000
31.7500000000 24.7989860000 82.5853960000
33.3375020000 24.8448470000 82.6634140000
33.3375020000 24.8448470000 82.6634140000
33.3375020000 24.8448470000 82.6634140000
31.7500000000 24.9768710000 82.8856120000
31.7500000000 24.9768710000 82.8856120000
31.7500000000 24.9768710000 82.8856120000
33.3375020000 24.9795950000 82.8895420000
33.3375020000 24.9795950000 82.8895420000
33.3375020000 25.1178090000 83.1143570000
33.3375020000 25.1178090000 83.1143570000
33.3375020000 25.1178090000 83.1143570000
33.3375020000 25.1178090000 83.1143570000
33.3375020000 25.1178090000 83.1143570000
31.7500000000 25.1604610000 83.1828920000
31.7500000000 25.1604610000 83.1828920000
31.7500000000 25.1604610000 83.1828920000
31.7500000000 25.1604610000 83.1828920000
40.2166670000 56.9777370000 83.8084490000
40.2166670000 56.9777370000 83.8084490000
40.2166670000 56.9777370000 83.8084490000
40.2166670000 56.9777370000 83.8084490000
41.2750020000 56.7574880000 84.1200940000
41.2750020000 56.7574880000 84.1200940000
41.2750020000 56.7574880000 84.1200940000
41.2750020000 56.9942670000 83.7829440000
41.2750020000 56.9942670000 83.7829440000
41.2750020000 56.9942670000 83.7829440000
40.2166670000 57.1353840000 83.5751720000
40.2166670000 57.1353840000 83.5751720000
40.2166670000 57.1353840000 83.5751720000
41.2750020000 57.2224270000 83.4427800000
41.2750020000 57.2224270000 83.4427800000
41.2750020000 57.2224270000 83.4427800000
41.2750020000 57.2224270000 83.4427800000
40.2166670000 57.2887340000 83.3408810000
40.2166670000 57.2887340000 83.3408810000
40.2166670000 57.2887340000 83.3408810000
41.2750020000 57.4418180000 83.0999530000
41.2750020000 57.4418180000 83.0999530000
41.2750020000 57.4418180000 83.0999530000
40.2166670000 57.4377590000 83.1057430000
40.2166670000 57.4377590000 83.1057430000
40.2166670000 57.4377590000 83.1057430000
40.2166670000 57.5824510000 82.8699260000
40.2166670000 57.5824510000 82.8699260000
40.2166670000 57.5824510000 82.8699260000
41.2750020000 57.6522790000 82.7548290000
41.2750020000 57.6522790000 82.7548290000
41.2750020000 57.6522790000 82.7548290000
41.2750020000 57.6522790000 82.7548290000
39.6875000000 57.4266590000 83.1233440000
39.6875000000 57.4266590000 83.1233440000
39.6875000000 57.4266590000 83.1233440000
39.6875000000 57.4266590000 83.1233440000
40.2166670000 57.7227820000 82.6336060000
40.2166670000 57.7227820000 82.6336060000
40.2166670000 57.7227820000 82.6336060000
41.2750020000 57.8536530000 82.4077910000
41.2750020000 57.8536530000 82.4077910000
41.2750020000 57.8536530000 82.4077910000
41.2750020000 57.8536530000 82.4077910000
41.2750020000 57.8536530000 82.4077910000
39.6875000000 57.5382000000 82.9426730000
39.6875000000 57.5382000000 82.9426730000
39.6875000000 57.5382000000 82.9426730000
39.6875000000 57.5382000000 82.9426730000
40.2166670000 57.8587460000 82.3969650000
40.2166670000 57.8587460000 82.3969650000
39.6875000000 57.6470950000 82.7618330000
39.6875000000 57.6470950000 82.7618330000
40.2166670000 57.9903340000 82.1601790000
40.2166670000 57.9903340000 82.1601790000
40.2166670000 57.9903340000 82.1601790000
41.2750020000 58.0458680000 82.0594180000
41.2750020000 58.0458680000 82.0594180000
41.2750020000 58.0458680000 82.0594180000
41.2750020000 58.0458680000 82.0594180000
39.6875000000 57.7533340000 82.5809100000
39.6875000000 57.7533340000 82.5809100000
39.6875000000 57.7533340000 82.5809100000
39.6875000000 57.7533340000 82.5809100000
39.6875000000 57.8569150000 82.4000020000
39.6875000000 57.8569150000 82.4000020000
39.6875000000 57.8569150000 82.4000020000
39.6875000000 57.8569150000 82.4000020000
40.2166670000 58.1175460000 81.9234310000
40.2166670000 58.1175460000 81.9234310000
41.2750020000 58.2290420000 81.7101670000
41.2750020000 58.2290420000 81.7101670000
41.2750020000 58.2290420000 81.7101670000
39.6875000000 57.9578320000 82.2191930000
39.6875000000 57.9578320000 82.2191930000
39.6875000000 57.9578320000 82.2191930000
40.2166670000 58.2403950000 81.6869050000
40.2166670000 58.2403950000 81.6869050000
40.2166670000 58.2403950000 81.6869050000
40.2166670000 58.2403950000 81.6869050000
40.2166670000 58.2403950000 81.6869050000
41.2750020000 58.4033200000 81.3603520000
41.2750020000 58.4033200000 81.3603520000
41.2750020000 58.4033200000 81.3603520000
41.2750020000 58.5688480000 81.0103070000
41.2750020000 58.5688480000 81.0103070000
41.2750020000 58.5688480000 81.0103070000
41.2750020000 58.5688480000 81.0103070000
39.6875000000 58.0560870000 82.0385890000
39.6875000000 58.0560870000 82.0385890000
39.6875000000 58.1516760000 81.8583070000
39.6875000000 58.1516760000 81.8583070000
39.6875000000 58.2445950000 81.6784360000
39.6875000000 58.2445950000 81.6784360000
39.6875000000 58.3348580000 81.4990920000
39.6875000000 58.3348580000 81.4990920000
39.6875000000 58.4224700000 81.3203660000
39.6875000000 58.4224700000 81.3203660000
39.6875000000 58.4224700000 81.3203660000
41.2750020000 58.7257610000 80.6603470000
41.2750020000 58.7257610000 80.6603470000
41.2750020000 58.7257610000 80.6603470000
33.3375020000 58.3280530000 81.5124740000
33.3375020000 58.3280530000 81.5124740000
33.3375020000 58.3280530000 81.5124740000
33.3375020000 58.3280530000 81.5124740000
33.3375020000 58.3280530000 81.5124740000
33.3375020000 58.3280530000 81.5124740000
33.3375020000 58.3280530000 81.5124740000
38.0999980000 58.7671700000 80.5657810000
38.0999980000 58.7671700000 80.5657810000
38.0999980000 58.7671700000 80.5657810000
38.0999980000 58.7671700000 80.5657810000
38.0999980000 58.7671700000 80.5657810000
38.0999980000 58.7671700000 80.5657810000
38.0999980000 58.7671700000 80.5657810000
31.7500000000 57.5729750000 82.8857420000
31.7500000000 57.5729750000 82.8857420000
31.7500000000 57.5729750000 82.8857420000
33.3375020000 57.5702290000 82.8896870000
33.3375020000 57.5702290000 82.8896870000
33.3375020000 57.7049750000 82.6635590000
33.3375020000 57.7049750000 82.6635590000
33.3375020000 57.7049750000 82.6635590000
31.7500000000 57.3893850000 83.1830290000
31.7500000000 57.3893850000 83.1830290000
31.7500000000 57.3893850000 83.1830290000
31.7500000000 57.3893850000 83.1830290000
33.3375020000 57.4320140000 83.1145020000
33.3375020000 57.4320140000 83.1145020000
33.3375020000 57.4320140000 83.1145020000
33.3375020000 57.4320140000 83.1145020000
33.3375020000 57.4320140000 83.1145020000
31.7500000000 57.7508580000 82.5855330000
31.7500000000 57.7508580000 82.5855330000
31.7500000000 57.7508580000 82.5855330000
33.3375020000 57.8362960000 82.4360960000
33.3375020000 57.8362960000 82.4360960000
31.7500000000 57.9230310000 82.2824400000
31.7500000000 57.9230310000 82.2824400000
31.7500000000 57.9230310000 82.2824400000
33.3375020000 57.9642410000 82.2072680000
33.3375020000 57.9642410000 82.2072680000
33.3375020000 57.9642410000 82.2072680000
31.7500000000 58.0894890000 81.9765170000
31.7500000000 58.0894890000 81.9765170000
31.7500000000 58.0894890000 81.9765170000
31.7500000000 58.0894890000 81.9765170000
31.7500000000 58.0894890000 81.9765170000
33.3375020000 58.0888330000 81.9770660000
33.3375020000 58.0888330000 81.9770660000
33.3375020000 58.0888330000 81.9770660000
33.3375020000 58.0888330000 81.9770660000
33.3375020000 58.2100980000 81.7454680000
33.3375020000 58.2100980000 81.7454680000
33.3375020000 58.2100980000 81.7454680000
33.3375020000 58.2100980000 81.7454680000
31.7500000000 58.2502170000 81.6678240000
31.7500000000 58.2502170000 81.6678240000
31.7500000000 58.2502170000 81.6678240000
31.7500000000 58.2502170000 81.6678240000
31.7500000000 58.2502170000 81.6678240000
38.8937490000 24.1294800000 81.3242030000
38.8937490000 24.1294800000 81.3242030000
38.8937490000 24.1294800000 81.3242030000
38.8937490000 24.1294800000 81.3242030000
38.8937490000 24.1294800000 81.3242030000
39.1583330000 24.2905830000 81.6491850000
39.1583330000 24.2905830000 81.6491850000
39.1583330000 24.2905830000 81.6491850000
39.1583330000 24.2905830000 81.6491850000
38.8937490000 24.1851710000 81.4382860000
38.8937490000 24.1851710000 81.4382860000
38.8937490000 24.2421630000 81.5530850000
38.8937490000 24.2421630000 81.5530850000
38.8937490000 24.2421630000 81.5530850000
38.8937490000 24.2421630000 81.5530850000
39.1583330000 24.3682560000 81.8004840000
39.1583330000 24.3682560000 81.8004840000
39.1583330000 24.3682560000 81.8004840000
39.1583330000 24.3682560000 81.8004840000
39.1583330000 24.3682560000 81.8004840000
39.1583330000 24.3682560000 81.8004840000
40.7458340000 25.9924510000 84.3963010000
40.7458340000 25.9924510000 84.3963010000
41.2750020000 25.9424480000 84.3293080000
41.2750020000 25.9424480000 84.3293080000
41.2750020000 25.9424480000 84.3293080000
41.2750020000 25.9424480000 84.3293080000
40.7458340000 26.1190990000 84.5645900000
40.7458340000 26.1190990000 84.5645900000
40.7458340000 26.1190990000 84.5645900000
40.9222220000 26.2380330000 84.7192230000
40.9222220000 26.2380330000 84.7192230000
40.9222220000 26.2380330000 84.7192230000
40.9222220000 26.2380330000 84.7192230000
41.2750020000 26.2205010000 84.6974720000
41.2750020000 26.2205010000 84.6974720000
41.2750020000 26.2205010000 84.6974720000
40.7458340000 26.2482890000 84.7323610000
40.7458340000 26.2482890000 84.7323610000
37.9236110000 24.6675260000 82.3542480000
37.9236110000 24.6675260000 82.3542480000
37.9236110000 24.6675260000 82.3542480000
37.9236110000 24.6675260000 82.3542480000
37.9236110000 24.6675260000 82.3542480000
37.9236110000 24.6675260000 82.3542480000
37.9236110000 24.6675260000 82.3542480000
40.9222220000 26.4122030000 84.9398500000
40.9222220000 26.4122030000 84.9398500000
40.9222220000 26.4122030000 84.9398500000
40.9222220000 26.4122030000 84.9398500000
41.2750020000 26.4799900000 85.0245060000
41.2750020000 26.4799900000 85.0245060000
41.2750020000 26.4799900000 85.0245060000
41.2750020000 26.7478900000 85.3468930000
41.2750020000 26.7478900000 85.3468930000
41.2750020000 26.7478900000 85.3468930000
41.2750020000 27.0239320000 85.6643450000
41.2750020000 27.0239320000 85.6643450000
41.2750020000 27.0239320000 85.6643450000
41.2750020000 27.0239320000 85.6643450000
41.2750020000 27.0239320000 85.6643450000
37.8354150000 25.1782190000 83.2102130000
37.8354150000 25.1782190000 83.2102130000
37.8354150000 25.1782190000 83.2102130000
37.8354150000 25.1782190000 83.2102130000
37.8354150000 25.1782190000 83.2102130000
39.1583330000 26.0366920000 84.4551700000
39.1583330000 26.0366920000 84.4551700000
39.1583330000 26.0366920000 84.4551700000
39.1583330000 26.0366920000 84.4551700000
39.1583330000 26.0366920000 84.4551700000
39.1583330000 26.0366920000 84.4551700000
39.1583330000 26.0366920000 84.4551700000
39.1583330000 26.0366920000 84.4551700000
39.5111120000 26.6270390000 85.2027590000
39.5111120000 26.6270390000 85.2027590000
39.5111120000 26.6270390000 85.2027590000
39.5111120000 26.6270390000 85.2027590000
39.5111120000 26.6270390000 85.2027590000
39.5111120000 26.8098640000 85.4194260000
39.5111120000 26.8098640000 85.4194260000
39.5111120000 26.8098640000 85.4194260000
39.5111120000 26.9966280000 85.6341860000
39.5111120000 26.9966280000 85.6341860000
39.5111120000 26.9966280000 85.6341860000
38.6291660000 26.4338130000 84.9663090000
38.6291660000 26.4338130000 84.9663090000
38.6291660000 26.4338130000 84.9663090000
38.6291660000 26.4338130000 84.9663090000
38.6291660000 26.3014220000 84.7998280000
38.6291660000 26.3014220000 84.7998280000
38.6291660000 26.3014220000 84.7998280000
38.6291660000 26.3014220000 84.7998280000
38.6291660000 26.5686820000 85.1320570000
38.6291660000 26.5686820000 85.1320570000
39.5111120000 27.1872690000 85.8468860000
39.5111120000 27.1872690000 85.8468860000
41.2750020000 27.3078380000 85.9765850000
41.2750020000 27.3078380000 85.9765850000
41.2750020000 27.3078380000 85.9765850000
41.2750020000 27.3078380000 85.9765850000
38.6291660000 26.7060030000 85.2970050000
38.6291660000 26.7060030000 85.2970050000
38.6291660000 26.7060030000 85.2970050000
38.6291660000 26.7060030000 85.2970050000
39.5111120000 27.3817410000 86.0574190000
39.5111120000 27.3817410000 86.0574190000
41.2750020000 27.5993370000 86.2833100000
41.2750020000 27.5993370000 86.2833100000
41.2750020000 27.5993370000 86.2833100000
38.6291660000 26.8457600000 85.4610750000
38.6291660000 26.8457600000 85.4610750000
38.6291660000 26.8457600000 85.4610750000
38.6291660000 26.8457600000 85.4610750000
39.5111120000 27.5799850000 86.2656480000
39.5111120000 27.5799850000 86.2656480000
38.6291660000 26.9879340000 85.6241990000
38.6291660000 26.9879340000 85.6241990000
38.6291660000 26.9879340000 85.6241990000
38.6291660000 26.9879340000 85.6241990000
38.6291660000 27.1325070000 85.7863160000
38.6291660000 27.1325070000 85.7863160000
38.6291660000 27.1325070000 85.7863160000
39.5111120000 27.7819160000 86.4714360000
39.5111120000 27.7819160000 86.4714360000
39.5111120000 27.7819160000 86.4714360000
41.2750020000 27.8981530000 86.5842290000
41.2750020000 27.8981530000 86.5842290000
41.2750020000 27.8981530000 86.5842290000
41.2750020000 27.8981530000 86.5842290000
38.6291660000 27.2794170000 85.9473190000
38.6291660000 27.2794170000 85.9473190000
39.5111120000 27.9873850000 86.6745760000
39.5111120000 27.9873850000 86.6745760000
39.5111120000 27.9873850000 86.6745760000
41.2750020000 28.2040180000 86.8790660000
41.2750020000 28.2040180000 86.8790660000
41.2750020000 28.2040180000 86.8790660000
41.2750020000 28.2040180000 86.8790660000
38.6291660000 27.4285620000 86.1070480000
38.6291660000 27.4285620000 86.1070480000
34.2194440000 24.7816660000 82.5546720000
34.2194440000 24.7816660000 82.5546720000
34.2194440000 24.7816660000 82.5546720000
34.2194440000 24.7816660000 82.5546720000
34.2194440000 24.7816660000 82.5546720000
34.2194440000 24.7816660000 82.5546720000
34.2194440000 24.7816660000 82.5546720000
34.2194440000 24.7816660000 82.5546720000
35.8069460000 24.5269580000 82.0993350000
35.8069460000 24.5269580000 82.0993350000
35.8069460000 24.5269580000 82.0993350000
35.8069460000 24.5269580000 82.0993350000
35.8069460000 24.5269580000 82.0993350000
35.8069460000 24.5269580000 82.0993350000
35.8069460000 24.5269580000 82.0993350000
34.6604160000 24.9493260000 82.8390810000
34.6604160000 24.9493260000 82.8390810000
34.6604160000 24.9493260000 82.8390810000
34.6604160000 24.9493260000 82.8390810000
39.5111120000 28.1962150000 86.8748700000
39.5111120000 28.1962150000 86.8748700000
39.5111120000 28.1962150000 86.8748700000
34.2194440000 24.8695140000 82.7051390000
34.2194440000 24.8695140000 82.7051390000
38.6291660000 27.5798400000 86.2653880000
38.6291660000 27.5798400000 86.2653880000
38.6291660000 27.5798400000 86.2653880000
38.6291660000 27.5798400000 86.2653880000
34.2194440000 24.9588550000 82.8549880000
34.2194440000 24.9588550000 82.8549880000
34.2194440000 24.9588550000 82.8549880000
34.2194440000 24.9588550000 82.8549880000
34.2194440000 24.9588550000 82.8549880000
34.2194440000 24.9588550000 82.8549880000
34.6604160000 25.0169370000 82.9506990000
34.6604160000 25.0169370000 82.9506990000
34.6604160000 25.0853920000 83.0619810000
34.6604160000 25.0853920000 83.0619810000
34.6604160000 25.0853920000 83.0619810000
34.6604160000 25.1547150000 83.1729580000
34.6604160000 25.1547150000 83.1729580000
34.6604160000 25.1547150000 83.1729580000
34.6604160000 25.1547150000 83.1729580000
34.6604160000 25.1547150000 83.1729580000
30.1625000000 26.4804800000 85.0251460000
30.1625000000 26.4804800000 85.0251460000
30.1625000000 26.3159920000 84.8194430000
30.1625000000 26.3159920000 84.8194430000
30.1625000000 26.3159920000 84.8194430000
32.1027790000 26.5177990000 85.0703050000
32.1027790000 26.5177990000 85.0703050000
32.1027790000 26.5177990000 85.0703050000
32.1027790000 26.5177990000 85.0703050000
32.1027790000 26.5177990000 85.0703050000
32.1027790000 26.5177990000 85.0703050000
32.1027790000 26.5177990000 85.0703050000
29.6333330000 26.2595060000 84.7477110000
29.6333330000 26.2595060000 84.7477110000
29.6333330000 26.2595060000 84.7477110000
29.6333330000 26.2595060000 84.7477110000
29.6333330000 26.2595060000 84.7477110000
29.6333330000 26.2595060000 84.7477110000
30.1625000000 25.9967440000 84.4028170000
30.1625000000 25.9967440000 84.4028170000
30.1625000000 25.9967440000 84.4028170000
30.1625000000 25.9967440000 84.4028170000
30.1625000000 25.9967440000 84.4028170000
30.1625000000 26.1547550000 84.6120000000
30.1625000000 26.1547550000 84.6120000000
30.1625000000 26.6482140000 85.2290650000
30.1625000000 26.6482140000 85.2290650000
30.1625000000 26.8191890000 85.4311370000
30.1625000000 26.8191890000 85.4311370000
29.6333330000 26.4769500000 85.0210490000
29.6333330000 26.4769500000 85.0210490000
30.1625000000 26.9934040000 85.6313170000
30.1625000000 26.9934040000 85.6313170000
30.1625000000 26.9934040000 85.6313170000
30.1625000000 26.9934040000 85.6313170000
30.1625000000 26.9934040000 85.6313170000
32.2791670000 27.0414200000 85.6848450000
32.2791670000 27.0414200000 85.6848450000
32.2791670000 27.0414200000 85.6848450000
32.2791670000 27.0414200000 85.6848450000
29.6333330000 26.6997510000 85.2908170000
29.6333330000 26.6997510000 85.2908170000
31.0444450000 27.6771450000 86.3657990000
31.0444450000 27.6771450000 86.3657990000
31.0444450000 27.6771450000 86.3657990000
31.0444450000 27.6771450000 86.3657990000
31.0444450000 27.6771450000 86.3657990000
31.0444450000 27.6771450000 86.3657990000
31.0444450000 27.6771450000 86.3657990000
32.2791670000 27.2196330000 85.8824540000
32.2791670000 27.2196330000 85.8824540000
32.2791670000 27.2196330000 85.8824540000
32.2791670000 27.2196330000 85.8824540000
32.2791670000 27.2196330000 85.8824540000
32.2791670000 27.4014020000 86.0784300000
32.2791670000 27.4014020000 86.0784300000
32.2791670000 27.4014020000 86.0784300000
32.2791670000 27.5869600000 86.2729260000
32.2791670000 27.5869600000 86.2729260000
32.2791670000 27.5869600000 86.2729260000
32.2791670000 27.5869600000 86.2729260000
32.2791670000 27.5869600000 86.2729260000
29.6333330000 26.9278680000 85.5569080000
29.6333330000 26.9278680000 85.5569080000
31.0444450000 27.9268110000 86.6156460000
31.0444450000 27.9268110000 86.6156460000
31.0444450000 27.9268110000 86.6156460000
29.6333330000 27.1612420000 85.8191910000
29.6333330000 27.1612420000 85.8191910000
29.6333330000 27.1612420000 85.8191910000
29.6333330000 27.3998090000 86.0775600000
29.6333330000 27.3998090000 86.0775600000
29.6333330000 27.3998090000 86.0775600000
29.6333330000 27.3998090000 86.0775600000
29.6333330000 27.3998090000 86.0775600000
29.6333330000 27.3998090000 86.0775600000
29.6333330000 27.3998090000 86.0775600000
39.5111120000 54.4983790000 86.7369230000
39.5111120000 54.4983790000 86.7369230000
39.5111120000 54.4983790000 86.7369230000
41.2750020000 54.2650030000 86.9580610000
41.2750020000 54.2650030000 86.9580610000
41.2750020000 54.2650030000 86.9580610000
41.2750020000 54.2650030000 86.9580610000
41.2750020000 54.5721780000 86.6645660000
41.2750020000 54.5721780000 86.6645660000
41.2750020000 54.5721780000 86.6645660000
41.2750020000 54.5721780000 86.6645660000
39.5111120000 54.2877390000 86.9370500000
39.5111120000 54.2877390000 86.9370500000
39.5111120000 54.2877390000 86.9370500000
39.5111120000 54.7051200000 86.5344240000
39.5111120000 54.7051200000 86.5344240000
39.5111120000 54.7051200000 86.5344240000
39.5111120000 54.7051200000 86.5344240000
39.5111120000 54.7051200000 86.5344240000
41.2750020000 54.8721660000 86.3647610000
41.2750020000 54.8721660000 86.3647610000
41.2750020000 54.8721660000 86.3647610000
41.2750020000 54.8721660000 86.3647610000
39.5111120000 54.9080660000 86.3295210000
39.5111120000 54.9080660000 86.3295210000
39.5111120000 55.1073000000 86.1222000000
39.5111120000 55.1073000000 86.1222000000
39.5111120000 55.1073000000 86.1222000000
41.2750020000 55.1648060000 86.0590060000
41.2750020000 55.1648060000 86.0590060000
41.2750020000 55.1648060000 86.0590060000
41.2750020000 55.1648060000 86.0590060000
40.9222220000 56.0747760000 85.0181660000
40.9222220000 56.0747760000 85.0181660000
40.9222220000 56.0747760000 85.0181660000
40.9222220000 56.0747760000 85.0181660000
40.9222220000 56.0747760000 85.0181660000
40.9222220000 56.0747760000 85.0181660000
41.2750020000 55.7274130000 85.4311290000
41.2750020000 55.7274130000 85.4311290000
41.2750020000 55.7274130000 85.4311290000
41.2750020000 55.9970590000 85.1097340000
41.2750020000 55.9970590000 85.1097340000
41.2750020000 55.9970590000 85.1097340000
41.2750020000 56.2587280000 84.7838520000
41.2750020000 56.2587280000 84.7838520000
41.2750020000 56.2587280000 84.7838520000
41.2750020000 56.2587280000 84.7838520000
39.5111120000 55.3028140000 85.9125060000
39.5111120000 55.3028140000 85.9125060000
39.5111120000 55.3028140000 85.9125060000
41.2750020000 55.4499400000 85.7476730000
41.2750020000 55.4499400000 85.7476730000
41.2750020000 55.4499400000 85.7476730000
41.2750020000 55.4499400000 85.7476730000
40.9222220000 56.2502750000 84.7982480000
40.9222220000 56.2502750000 84.7982480000
40.9222220000 56.2502750000 84.7982480000
40.9222220000 56.2502750000 84.7982480000
41.2750020000 56.5122570000 84.4538500000
41.2750020000 56.5122570000 84.4538500000
41.2750020000 56.5122570000 84.4538500000
41.2750020000 56.5122570000 84.4538500000
40.7458340000 56.2435260000 84.8067780000
40.7458340000 56.2435260000 84.8067780000
40.7458340000 56.2435260000 84.8067780000
40.7458340000 56.2435260000 84.8067780000
39.5111120000 55.4945410000 85.7005840000
39.5111120000 55.4945410000 85.7005840000
38.6291660000 54.9154170000 86.3218540000
38.6291660000 54.9154170000 86.3218540000
38.6291660000 54.9154170000 86.3218540000
38.6291660000 54.9154170000 86.3218540000
38.6291660000 54.9154170000 86.3218540000
40.7458340000 56.3736650000 84.6394960000
40.7458340000 56.3736650000 84.6394960000
40.7458340000 56.3736650000 84.6394960000
40.7458340000 56.3736650000 84.6394960000
40.7458340000 56.3736650000 84.6394960000
38.6291660000 55.0682410000 86.1632000000
38.6291660000 55.0682410000 86.1632000000
39.5111120000 55.6824070000 85.4865720000
39.5111120000 55.6824070000 85.4865720000
39.5111120000 55.6824070000 85.4865720000
40.7458340000 56.5012970000 84.4716340000
40.7458340000 56.5012970000 84.4716340000
40.7458340000 56.5012970000 84.4716340000
38.6291660000 55.2184370000 86.0036390000
38.6291660000 55.2184370000 86.0036390000
38.6291660000 55.2184370000 86.0036390000
39.5111120000 55.8663560000 85.2706070000
39.5111120000 55.8663560000 85.2706070000
39.5111120000 55.8663560000 85.2706070000
39.5111120000 55.8663560000 85.2706070000
39.5111120000 55.8663560000 85.2706070000
39.5111120000 55.8663560000 85.2706070000
39.5111120000 55.8663560000 85.2706070000
38.6291660000 55.3661120000 85.8431020000
38.6291660000 55.3661120000 85.8431020000
38.6291660000 55.3661120000 85.8431020000
38.6291660000 55.5113560000 85.6815340000
38.6291660000 55.5113560000 85.6815340000
38.6291660000 55.5113560000 85.6815340000
38.6291660000 55.5113560000 85.6815340000
38.6291660000 55.6542400000 85.5189130000
38.6291660000 55.6542400000 85.5189130000
38.6291660000 55.6542400000 85.5189130000
38.6291660000 55.6542400000 85.5189130000
38.6291660000 55.7947350000 85.3553090000
38.6291660000 55.7947350000 85.3553090000
38.6291660000 55.7947350000 85.3553090000
38.6291660000 55.9328120000 85.1907960000
38.6291660000 55.9328120000 85.1907960000
38.6291660000 56.0684430000 85.0254520000
38.6291660000 56.0684430000 85.0254520000
38.6291660000 56.0684430000 85.0254520000
38.6291660000 56.0684430000 85.0254520000
39.1583330000 56.4677280000 84.5157320000
39.1583330000 56.4677280000 84.5157320000
39.1583330000 56.4677280000 84.5157320000
39.1583330000 56.4677280000 84.5157320000
39.1583330000 56.4677280000 84.5157320000
39.1583330000 56.4677280000 84.5157320000
39.1583330000 56.4677280000 84.5157320000
39.1583330000 56.4677280000 84.5157320000
38.6291660000 56.2016030000 84.8593670000
38.6291660000 56.2016030000 84.8593670000
38.6291660000 56.2016030000 84.8593670000
38.6291660000 56.2016030000 84.8593670000
38.6291660000 56.2016030000 84.8593670000
37.8354150000 57.3403630000 83.2596510000
37.8354150000 57.3403630000 83.2596510000
37.8354150000 57.3403630000 83.2596510000
37.8354150000 57.3403630000 83.2596510000
39.1583330000 58.1499790000 81.8613510000
39.1583330000 58.1499790000 81.8613510000
39.1583330000 58.1499790000 81.8613510000
39.1583330000 58.1499790000 81.8613510000
39.1583330000 58.1499790000 81.8613510000
39.1583330000 58.1499790000 81.8613510000
39.1583330000 58.2138210000 81.7383270000
39.1583330000 58.2138210000 81.7383270000
39.1583330000 58.2138210000 81.7383270000
39.1583330000 58.2763250000 81.6157230000
39.1583330000 58.2763250000 81.6157230000
39.1583330000 58.2763250000 81.6157230000
38.8937490000 58.2900280000 81.5884630000
38.8937490000 58.2900280000 81.5884630000
38.8937490000 58.2900280000 81.5884630000
37.9236110000 57.8632090000 82.3883510000
37.9236110000 57.8632090000 82.3883510000
37.9236110000 57.8632090000 82.3883510000
37.9236110000 57.8632090000 82.3883510000
37.9236110000 57.8632090000 82.3883510000
37.9236110000 57.8632090000 82.3883510000
38.8937490000 58.3366700000 81.4951400000
38.8937490000 58.3366700000 81.4951400000
38.8937490000 58.3824770000 81.4022290000
38.8937490000 58.3824770000 81.4022290000
38.8937490000 58.4274520000 81.3097460000
38.8937490000 58.4274520000 81.3097460000
38.8937490000 58.4274520000 81.3097460000
38.8937490000 58.4274520000 81.3097460000
39.6875000000 58.8786200000 80.3024440000
39.6875000000 58.8786200000 80.3024440000
39.6875000000 58.8786200000 80.3024440000
39.6875000000 58.8786200000 80.3024440000
39.6875000000 58.8786200000 80.3024440000
39.6875000000 58.8786200000 80.3024440000
39.6875000000 58.8786200000 80.3024440000
41.2750020000 58.8742140000 80.3108060000
41.2750020000 58.8742140000 80.3108060000
41.2750020000 58.8742140000 80.3108060000
41.2750020000 59.0143390000 79.9620130000
41.2750020000 59.0143390000 79.9620130000
41.2750020000 59.0143390000 79.9620130000
41.2750020000 59.0143390000 79.9620130000
38.8937490000 58.8076630000 80.4714130000
38.8937490000 58.8076630000 80.4714130000
38.8937490000 58.8076630000 80.4714130000
38.8937490000 58.8076630000 80.4714130000
38.8937490000 58.8076630000 80.4714130000
38.6291660000 58.8611490000 80.3441010000
38.6291660000 58.8611490000 80.3441010000
38.6291660000 58.8611490000 80.3441010000
38.0999980000 58.9651830000 80.0883710000
38.0999980000 58.9651830000 80.0883710000
38.0999980000 58.9651830000 80.0883710000
38.0999980000 58.9651830000 80.0883710000
31.0444450000 54.8640330000 86.3747560000
31.0444450000 54.8640330000 86.3747560000
31.0444450000 54.8640330000 86.3747560000
31.0444450000 54.8640330000 86.3747560000
31.0444450000 54.8640330000 86.3747560000
31.0444450000 54.8640330000 86.3747560000
31.0444450000 54.8640330000 86.3747560000
32.2791670000 54.9499400000 86.2864230000
32.2791670000 54.9499400000 86.2864230000
32.2791670000 54.9499400000 86.2864230000
32.2791670000 54.9499400000 86.2864230000
32.2791670000 54.9499400000 86.2864230000
32.2791670000 55.1356580000 86.0921400000
32.2791670000 55.1356580000 86.0921400000
32.2791670000 55.1356580000 86.0921400000
31.0444450000 54.6142310000 86.6244130000
31.0444450000 54.6142310000 86.6244130000
31.0444450000 54.6142310000 86.6244130000
32.2791670000 55.3175930000 85.8963780000
32.2791670000 55.3175930000 85.8963780000
32.2791670000 55.3175930000 85.8963780000
32.2791670000 55.3175930000 85.8963780000
32.2791670000 55.3175930000 85.8963780000
32.2791670000 55.4959750000 85.6989670000
32.2791670000 55.4959750000 85.6989670000
32.2791670000 55.4959750000 85.6989670000
32.2791670000 55.4959750000 85.6989670000
34.2194440000 57.4934580000 83.0152210000
34.2194440000 57.4934580000 83.0152210000
34.2194440000 57.4934580000 83.0152210000
34.2194440000 57.4934580000 83.0152210000
34.2194440000 57.4934580000 83.0152210000
34.6604160000 57.3849720000 83.1891940000
34.6604160000 57.3849720000 83.1891940000
34.6604160000 57.3849720000 83.1891940000
34.6604160000 57.3849720000 83.1891940000
34.6604160000 57.4543990000 83.0782930000
34.6604160000 57.4543990000 83.0782930000
34.6604160000 57.5229610000 82.9670790000
34.2194440000 57.5844120000 82.8660050000
34.2194440000 57.5844120000 82.8660050000
34.6604160000 57.5906790000 82.8555370000
34.6604160000 57.5906790000 82.8555370000
34.6604160000 57.5906790000 82.8555370000
34.6604160000 57.5906790000 82.8555370000
34.2194440000 57.6738470000 82.7162170000
34.2194440000 57.6738470000 82.7162170000
34.2194440000 57.7617950000 82.5658110000
34.2194440000 57.7617950000 82.5658110000
34.2194440000 57.7617950000 82.5658110000
34.2194440000 57.7617950000 82.5658110000
34.2194440000 57.7617950000 82.5658110000
34.2194440000 57.7617950000 82.5658110000
34.2194440000 57.7617950000 82.5658110000
34.2194440000 57.7617950000 82.5658110000
35.8069460000 58.0168080000 82.1106340000
35.8069460000 58.0168080000 82.1106340000
35.8069460000 58.0168080000 82.1106340000
35.8069460000 58.0168080000 82.1106340000
35.8069460000 58.0168080000 82.1106340000
35.8069460000 58.0168080000 82.1106340000
35.8069460000 58.0168080000 82.1106340000
29.6333330000 55.1500850000 86.0776520000
29.6333330000 55.1500850000 86.0776520000
29.6333330000 55.1500850000 86.0776520000
29.6333330000 55.1500850000 86.0776520000
29.6333330000 55.1500850000 86.0776520000
29.6333330000 55.1500850000 86.0776520000
30.1625000000 55.5564770000 85.6314240000
30.1625000000 55.5564770000 85.6314240000
30.1625000000 55.5564770000 85.6314240000
30.1625000000 55.5564770000 85.6314240000
30.1625000000 55.5564770000 85.6314240000
32.1027790000 56.0241090000 85.0801620000
32.1027790000 56.0241090000 85.0801620000
32.1027790000 56.0241090000 85.0801620000
32.1027790000 56.0241090000 85.0801620000
32.1027790000 56.0241090000 85.0801620000
32.1027790000 56.0241090000 85.0801620000
32.1027790000 56.0241090000 85.0801620000
30.1625000000 55.7306940000 85.4312360000
30.1625000000 55.7306940000 85.4312360000
29.6333330000 55.3886530000 85.8192830000
29.6333330000 55.3886530000 85.8192830000
29.6333330000 55.3886530000 85.8192830000
30.1625000000 55.9016690000 85.2291640000
30.1625000000 55.9016690000 85.2291640000
29.6333330000 55.6220280000 85.5569920000
29.6333330000 55.6220280000 85.5569920000
30.1625000000 56.0694050000 85.0252530000
30.1625000000 56.0694050000 85.0252530000
29.6333330000 55.8501470000 85.2909090000
29.6333330000 55.8501470000 85.2909090000
30.1625000000 56.2338910000 84.8195500000
30.1625000000 56.2338910000 84.8195500000
30.1625000000 56.2338910000 84.8195500000
29.6333330000 56.0729480000 85.0211410000
29.6333330000 56.0729480000 85.0211410000
29.6333330000 56.2903940000 84.7478030000
29.6333330000 56.2903940000 84.7478030000
29.6333330000 56.2903940000 84.7478030000
29.6333330000 56.2903940000 84.7478030000
29.6333330000 56.2903940000 84.7478030000
29.6333330000 56.2903940000 84.7478030000
30.1625000000 56.3951300000 84.6121060000
30.1625000000 56.3951300000 84.6121060000
30.1625000000 56.5531390000 84.4029240000
30.1625000000 56.5531390000 84.4029240000
30.1625000000 56.5531390000 84.4029240000
30.1625000000 56.5531390000 84.4029240000
30.1625000000 56.5531390000 84.4029240000
38.3057860000 24.1961780000 81.4604720000
38.3057860000 24.1961780000 81.4604720000
38.3057860000 24.1961780000 81.4604720000
38.3057860000 24.1961780000 81.4604720000
38.3057860000 24.1961780000 81.4604720000
38.0118060000 24.2016850000 81.4715580000
38.0118060000 24.2016850000 81.4715580000
38.0118060000 24.2016850000 81.4715580000
38.0118060000 24.2016850000 81.4715580000
37.5708350000 24.1815720000 81.4307100000
37.5708350000 24.1815720000 81.4307100000
37.5708350000 24.1815720000 81.4307100000
37.6884270000 24.3379590000 81.7415540000
37.6884270000 24.3379590000 81.7415540000
37.6884270000 24.3379590000 81.7415540000
37.0416680000 24.6231840000 82.2747570000
37.0416680000 24.6231840000 82.2747570000
37.0416680000 24.6231840000 82.2747570000
37.0416680000 24.6231840000 82.2747570000
36.9534720000 24.1376820000 81.3407900000
36.9534720000 24.1376820000 81.3407900000
36.9534720000 24.1376820000 81.3407900000
36.9534720000 24.1376820000 81.3407900000
39.4229160000 25.5505080000 83.7764360000
39.4229160000 25.5505080000 83.7764360000
39.4229160000 25.5505080000 83.7764360000
39.4229160000 25.5505080000 83.7764360000
39.4229160000 25.5505080000 83.7764360000
39.4229160000 25.5505080000 83.7764360000
36.9828720000 24.2937980000 81.6551210000
36.9828720000 24.2937980000 81.6551210000
36.9828720000 24.2937980000 81.6551210000
36.9828720000 24.2937980000 81.6551210000
38.5409740000 25.8247130000 84.1667940000
38.5409740000 25.8247130000 84.1667940000
38.5409740000 25.8247130000 84.1667940000
38.5409740000 25.8247130000 84.1667940000
38.5409740000 25.8247130000 84.1667940000
38.2322920000 25.7206330000 84.0209500000
38.2322920000 25.7206330000 84.0209500000
38.2322920000 25.7206330000 84.0209500000
38.2322920000 25.7206330000 84.0209500000
36.9534720000 25.1298710000 83.1333010000
36.9534720000 25.1298710000 83.1333010000
36.9534720000 25.1298710000 83.1333010000
36.9534720000 25.1298710000 83.1333010000
36.9534720000 25.1298710000 83.1333010000
36.2773130000 24.9063300000 82.7670820000
36.2773130000 24.9063300000 82.7670820000
36.2773130000 24.9063300000 82.7670820000
36.2773130000 24.9063300000 82.7670820000
36.5125010000 25.1058100000 83.0947420000
36.5125010000 25.1058100000 83.0947420000
35.9833340000 25.6274300000 83.8877260000
35.9833340000 25.6274300000 83.8877260000
35.9833340000 25.6274300000 83.8877260000
35.9833340000 25.6274300000 83.8877260000
35.9833340000 25.6274300000 83.8877260000
35.9833340000 25.6274300000 83.8877260000
37.4826390000 25.6894840000 83.9766540000
37.4826390000 25.6894840000 83.9766540000
37.4826390000 25.6894840000 83.9766540000
37.4826390000 25.6894840000 83.9766540000
37.4826390000 25.6894840000 83.9766540000
35.8951380000 25.0532400000 83.0098190000
35.8951380000 25.0532400000 83.0098190000
35.8951380000 25.0532400000 83.0098190000
35.8951380000 25.0532400000 83.0098190000
37.7472230000 26.2887360000 84.7835620000
37.7472230000 26.2887360000 84.7835620000
37.7472230000 26.2887360000 84.7835620000
37.7472230000 26.2887360000 84.7835620000
37.7472230000 26.2887360000 84.7835620000
37.7472230000 26.2887360000 84.7835620000
37.3062520000 26.0862810000 84.5207520000
37.3062520000 26.0862810000 84.5207520000
37.3062520000 26.0862810000 84.5207520000
37.3062520000 26.0862810000 84.5207520000
37.7472230000 26.3779680000 84.8964390000
37.7472230000 26.3779680000 84.8964390000
35.4835660000 25.0639500000 83.0272220000
35.4835660000 25.0639500000 83.0272220000
35.4835660000 25.0639500000 83.0272220000
35.4835660000 25.0639500000 83.0272220000
35.4835660000 25.0639500000 83.0272220000
35.4835660000 25.0639500000 83.0272220000
37.3062520000 26.1515790000 84.6065370000
37.3062520000 26.1515790000 84.6065370000
37.7472230000 26.4684730000 85.0091630000
37.7472230000 26.4684730000 85.0091630000
37.7472230000 26.4684730000 85.0091630000
37.7472230000 26.4684730000 85.0091630000
37.7472230000 26.4684730000 85.0091630000
37.7472230000 26.4684730000 85.0091630000
37.3062520000 26.2176900000 84.6923830000
37.3062520000 26.2846160000 84.7782670000
37.3062520000 26.2846160000 84.7782670000
37.3062520000 26.2846160000 84.7782670000
37.3062520000 26.2846160000 84.7782670000
37.3062520000 26.2846160000 84.7782670000
40.3930550000 28.8343450000 87.4510880000
40.3930550000 28.8343450000 87.4510880000
40.3930550000 28.8343450000 87.4510880000
40.3930550000 28.8343450000 87.4510880000
40.3930550000 28.8343450000 87.4510880000
41.2750020000 28.5166550000 87.1675190000
41.2750020000 28.5166550000 87.1675190000
41.2750020000 28.5166550000 87.1675190000
41.2750020000 28.8357910000 87.4493030000
41.2750020000 28.8357910000 87.4493030000
41.2750020000 28.8357910000 87.4493030000
40.6870380000 29.1614300000 87.7269360000
40.6870380000 29.1614300000 87.7269360000
40.6870380000 29.1614300000 87.7269360000
40.6870380000 29.1614300000 87.7269360000
41.2750020000 29.1611540000 87.7241290000
41.2750020000 29.1611540000 87.7241290000
41.2750020000 29.1611540000 87.7241290000
40.3930550000 28.9979530000 87.5906220000
40.3930550000 28.9979530000 87.5906220000
40.3930550000 28.9979530000 87.5906220000
40.6870380000 29.3833010000 87.9070280000
40.6870380000 29.3833010000 87.9070280000
41.2750020000 29.4924700000 87.9916990000
41.2750020000 29.4924700000 87.9916990000
41.2750020000 29.4924700000 87.9916990000
41.2750020000 29.4924700000 87.9916990000
40.3930550000 29.1633490000 87.7284930000
40.3930550000 29.1633490000 87.7284930000
40.3930550000 29.1633490000 87.7284930000
40.3930550000 29.1633490000 87.7284930000
40.3930550000 29.3307060000 87.8648070000
40.3930550000 29.3307060000 87.8648070000
40.3930550000 29.3307060000 87.8648070000
40.6870380000 29.6080670000 88.0839460000
40.6870380000 29.6080670000 88.0839460000
40.6870380000 29.6080670000 88.0839460000
40.6870380000 29.6080670000 88.0839460000
40.6870380000 29.6080670000 88.0839460000
40.6870380000 29.6080670000 88.0839460000
41.2750020000 29.8294640000 88.2517400000
41.2750020000 29.8294640000 88.2517400000
41.2750020000 29.8294640000 88.2517400000
41.2750020000 30.1718670000 88.5039440000
41.2750020000 30.1718670000 88.5039440000
41.2750020000 30.1718670000 88.5039440000
41.2750020000 30.1718670000 88.5039440000
37.5120350000 27.4645270000 86.1449200000
37.5120350000 27.4645270000 86.1449200000
37.5120350000 27.4645270000 86.1449200000
37.5120350000 27.4645270000 86.1449200000
37.5120350000 27.4645270000 86.1449200000
37.5120350000 27.4645270000 86.1449200000
37.5120350000 27.4645270000 86.1449200000
37.5120350000 27.4645270000 86.1449200000
37.5120350000 27.4645270000 86.1449200000
36.6300930000 26.9248960000 85.5521620000
36.6300930000 26.9248960000 85.5521620000
36.6300930000 26.9248960000 85.5521620000
36.6300930000 26.9248960000 85.5521620000
36.6300930000 26.9248960000 85.5521620000
36.6300930000 26.9248960000 85.5521620000
34.2488440000 25.7480200000 84.0595780000
34.2488440000 25.7480200000 84.0595780000
34.2488440000 25.7480200000 84.0595780000
34.2488440000 25.7480200000 84.0595780000
34.2488440000 25.7480200000 84.0595780000
34.2488440000 25.7480200000 84.0595780000
36.9534720000 27.6334400000 86.3204880000
36.9534720000 27.6334400000 86.3204880000
36.9534720000 27.6334400000 86.3204880000
36.9534720000 27.7089290000 86.3975300000
36.9534720000 27.7089290000 86.3975300000
36.9534720000 27.7089290000 86.3975300000
36.9534720000 27.7089290000 86.3975300000
38.6879620000 28.9843980000 87.5790250000
38.6879620000 28.9843980000 87.5790250000
38.6879620000 28.9843980000 87.5790250000
38.6879620000 28.9843980000 87.5790250000
38.6879620000 28.9843980000 87.5790250000
38.6879620000 28.9843980000 87.5790250000
38.6879620000 28.9843980000 87.5790250000
38.6879620000 28.9843980000 87.5790250000
33.3668980000 25.5714450000 83.8069380000
33.3668980000 25.5714450000 83.8069380000
33.3668980000 25.5714450000 83.8069380000
33.3668980000 25.5714450000 83.8069380000
39.2759250000 29.8757900000 88.2875750000
39.2759250000 29.8757900000 88.2875750000
39.2759250000 29.8757900000 88.2875750000
39.2759250000 29.8757900000 88.2875750000
39.2759250000 29.8757900000 88.2875750000
39.2759250000 29.8757900000 88.2875750000
39.2759250000 29.8757900000 88.2875750000
39.2759250000 29.8757900000 88.2875750000
33.3815960000 25.8089100000 84.1449360000
33.3815960000 25.8089100000 84.1449360000
34.1312480000 26.3097520000 84.8103490000
34.1312480000 26.3097520000 84.8103490000
39.2759250000 30.1073040000 88.4578550000
39.2759250000 30.1073040000 88.4578550000
39.2759250000 30.1073040000 88.4578550000
38.2763900000 29.3893510000 87.9116670000
38.2763900000 29.3893510000 87.9116670000
38.2763900000 29.3893510000 87.9116670000
38.2763900000 29.3893510000 87.9116670000
38.2763900000 29.3893510000 87.9116670000
38.2763900000 29.3893510000 87.9116670000
38.2763900000 29.5592560000 88.0457990000
38.2763900000 29.5592560000 88.0457990000
38.2763900000 29.5592560000 88.0457990000
39.2759250000 30.3420810000 88.6251220000
39.2759250000 30.3420810000 88.6251220000
39.2759250000 30.3420810000 88.6251220000
39.2759250000 30.3420810000 88.6251220000
41.2750020000 30.5194030000 88.7480320000
41.2750020000 30.5194030000 88.7480320000
41.2750020000 30.5194030000 88.7480320000
32.7201390000 25.7887080000 84.1169430000
32.7201390000 25.7887080000 84.1169430000
32.7201390000 25.7887080000 84.1169430000
32.7201390000 25.7887080000 84.1169430000
32.7201390000 25.7887080000 84.1169430000
32.7201390000 25.7887080000 84.1169430000
38.2763900000 29.7314950000 88.1786190000
38.2763900000 29.7314950000 88.1786190000
32.3967590000 25.7065930000 84.0014720000
32.3967590000 25.7065930000 84.0014720000
32.3967590000 25.7065930000 84.0014720000
32.3967590000 25.7065930000 84.0014720000
32.3967590000 25.7065930000 84.0014720000
32.3967590000 25.7065930000 84.0014720000
32.3967590000 25.7065930000 84.0014720000
31.7500000000 25.3497620000 83.4772030000
31.7500000000 25.3497620000 83.4772030000
31.7500000000 25.3497620000 83.4772030000
31.7500000000 25.3497620000 83.4772030000
31.7500000000 25.3497620000 83.4772030000
31.7500000000 25.5447900000 83.7685090000
31.7500000000 25.5447900000 83.7685090000
31.7500000000 25.5447900000 83.7685090000
31.7500000000 25.5447900000 83.7685090000
31.7500000000 25.5447900000 83.7685090000
39.2759250000 30.5796660000 88.7890320000
39.2759250000 30.5796660000 88.7890320000
41.2750020000 30.8717990000 88.9837110000
41.2750020000 30.8717990000 88.9837110000
41.2750020000 30.8717990000 88.9837110000
33.4550930000 26.3786680000 84.8974610000
33.4550930000 26.3786680000 84.8974610000
33.4550930000 26.3786680000 84.8974610000
38.2763900000 29.9058610000 88.3099290000
38.2763900000 29.9058610000 88.3099290000
39.2759250000 30.8194660000 88.9491580000
39.2759250000 30.8194660000 88.9491580000
39.2759250000 30.8194660000 88.9491580000
38.2763900000 30.0819490000 88.4394000000
38.2763900000 30.0819490000 88.4394000000
38.2763900000 30.2593480000 88.5667270000
38.2763900000 30.2593480000 88.5667270000
39.2759250000 31.0609820000 89.1052020000
39.2759250000 31.0609820000 89.1052020000
39.2759250000 31.0609820000 89.1052020000
41.2750020000 31.2302950000 89.2116780000
41.2750020000 31.2302950000 89.2116780000
41.2750020000 31.2302950000 89.2116780000
41.2750020000 31.2302950000 89.2116780000
38.2763900000 30.4378030000 88.6917420000
38.2763900000 30.4378030000 88.6917420000
39.2759250000 31.3040680000 89.2571260000
39.2759250000 31.3040680000 89.2571260000
39.2759250000 31.3040680000 89.2571260000
41.2750020000 31.5969300000 89.4331360000
41.2750020000 31.5969300000 89.4331360000
41.2750020000 31.5969300000 89.4331360000
41.2750020000 31.5969300000 89.4331360000
31.9263880000 26.0183560000 84.4310460000
31.9263880000 26.0183560000 84.4310460000
31.9263880000 26.0183560000 84.4310460000
31.9263880000 26.0183560000 84.4310460000
31.9263880000 26.0183560000 84.4310460000
31.9263880000 26.0183560000 84.4310460000
31.9263880000 26.0183560000 84.4310460000
38.2763900000 30.6173060000 88.8144530000
38.2763900000 30.6173060000 88.8144530000
39.2759250000 31.5501630000 89.4058150000
39.2759250000 31.5501630000 89.4058150000
39.2759250000 31.5501630000 89.4058150000
38.2763900000 30.7978740000 88.9348980000
38.2763900000 30.7978740000 88.9348980000
38.2763900000 30.7978740000 88.9348980000
38.2763900000 30.7978740000 88.9348980000
38.2763900000 30.7978740000 88.9348980000
30.1625000000 25.3640820000 83.4997710000
30.1625000000 25.3640820000 83.4997710000
30.1625000000 25.3640820000 83.4997710000
30.1625000000 25.3640820000 83.4997710000
30.1625000000 25.3640820000 83.4997710000
30.1625000000 25.3640820000 83.4997710000
30.1625000000 25.3640820000 83.4997710000
33.2787020000 27.5126780000 86.1955490000
33.2787020000 27.5126780000 86.1955490000
33.2787020000 27.5126780000 86.1955490000
33.2787020000 27.5126780000 86.1955490000
33.2787020000 27.5126780000 86.1955490000
33.2787020000 27.5126780000 86.1955490000
33.2787020000 27.5126780000 86.1955490000
33.7784730000 27.6614170000 86.3492130000
33.7784730000 27.6614170000 86.3492130000
33.7784730000 27.6614170000 86.3492130000
33.7784730000 27.7541850000 86.4433670000
33.7784730000 27.7541850000 86.4433670000
33.7784730000 27.7541850000 86.4433670000
29.3687500000 25.4680810000 83.6565550000
29.3687500000 25.4680810000 83.6565550000
29.3687500000 25.4680810000 83.6565550000
29.3687500000 25.4680810000 83.6565550000
29.3687500000 25.4680810000 83.6565550000
29.3687500000 25.4680810000 83.6565550000
29.3687500000 25.4680810000 83.6565550000
29.1041660000 25.3947680000 83.5469130000
29.1041660000 25.3947680000 83.5469130000
29.1041660000 25.3947680000 83.5469130000
29.1041660000 25.3947680000 83.5469130000
29.8097230000 28.7975330000 87.4196620000
29.8097230000 28.7975330000 87.4196620000
29.8097230000 28.7975330000 87.4196620000
29.8097230000 28.7975330000 87.4196620000
31.0444450000 28.1820850000 86.8617940000
31.0444450000 28.1820850000 86.8617940000
31.0444450000 28.1820850000 86.8617940000
31.0444450000 28.1820850000 86.8617940000
31.6324080000 29.1738870000 87.7371290000
31.6324080000 29.1738870000 87.7371290000
31.6324080000 29.1738870000 87.7371290000
31.6324080000 29.1738870000 87.7371290000
31.6324080000 29.1738870000 87.7371290000
31.6324080000 29.1738870000 87.7371290000
31.6324080000 29.1738870000 87.7371290000
31.6324080000 29.1738870000 87.7371290000
31.6324080000 29.1738870000 87.7371290000
29.8097230000 28.9982010000 87.5912090000
29.8097230000 28.9982010000 87.5912090000
29.8097230000 28.9982010000 87.5912090000
29.8097230000 29.2024360000 87.7609560000
29.8097230000 29.2024360000 87.7609560000
29.8097230000 29.4098150000 87.9284670000
29.8097230000 29.4098150000 87.9284670000
29.3981480000 29.1416240000 87.7110290000
29.3981480000 29.1416240000 87.7110290000
29.3981480000 29.1416240000 87.7110290000
29.3981480000 29.1416240000 87.7110290000
29.3981480000 29.1416240000 87.7110290000
30.8092590000 30.3060170000 88.5998380000
30.8092590000 30.3060170000 88.5998380000
30.8092590000 30.3060170000 88.5998380000
30.8092590000 30.3060170000 88.5998380000
30.8092590000 30.3060170000 88.5998380000
30.8092590000 30.3060170000 88.5998380000
30.8092590000 30.3060170000 88.5998380000
31.9263880000 29.6863190000 88.1441420000
31.9263880000 29.6863190000 88.1441420000
31.9263880000 29.6863190000 88.1441420000
31.9263880000 29.6863190000 88.1441420000
31.9263880000 29.6863190000 88.1441420000
31.9263880000 29.6863190000 88.1441420000
31.9263880000 29.8979210000 88.3040470000
31.9263880000 29.8979210000 88.3040470000
31.9263880000 29.8979210000 88.3040470000
31.9263880000 30.1101150000 88.4598310000
31.9263880000 30.1101150000 88.4598310000
31.9263880000 30.3225400000 88.6113360000
31.9263880000 30.3225400000 88.6113360000
31.9263880000 30.5350340000 88.7585530000
31.9263880000 30.5350340000 88.7585530000
29.8097230000 29.6194990000 88.0930480000
29.8097230000 29.6194990000 88.0930480000
29.8097230000 29.6194990000 88.0930480000
29.3981480000 29.4147400000 87.9324950000
29.3981480000 29.4147400000 87.9324950000
30.8092590000 30.5933270000 88.7983170000
30.8092590000 30.5933270000 88.7983170000
30.8092590000 30.5933270000 88.7983170000
30.8092590000 30.5933270000 88.7983170000
30.8092590000 30.5933270000 88.7983170000
31.9263880000 30.7474350000 88.9015050000
31.9263880000 30.7474350000 88.9015050000
31.9263880000 30.7474350000 88.9015050000
31.9263880000 30.7474350000 88.9015050000
31.9263880000 30.7474350000 88.9015050000
29.3981480000 29.6929260000 88.1496660000
29.3981480000 29.6929260000 88.1496660000
29.3981480000 29.6929260000 88.1496660000
30.8092590000 30.8814180000 88.9896700000
30.8092590000 30.8814180000 88.9896700000
30.8092590000 30.8814180000 88.9896700000
30.8092590000 30.8814180000 88.9896700000
29.3981480000 29.9752640000 88.3617780000
29.3981480000 29.9752640000 88.3617780000
29.3981480000 29.9752640000 88.3617780000
29.3981480000 29.9752640000 88.3617780000
29.3981480000 29.9752640000 88.3617780000
29.3981480000 29.9752640000 88.3617780000
29.3981480000 29.9752640000 88.3617780000
30.8092590000 31.1698530000 89.1738280000
30.8092590000 31.1698530000 89.1738280000
30.8092590000 31.1698530000 89.1738280000
30.8092590000 31.1698530000 89.1738280000
30.8092590000 31.1698530000 89.1738280000
39.2759250000 51.3972240000 89.1632540000
39.2759250000 51.3972240000 89.1632540000
39.2759250000 51.3972240000 89.1632540000
41.2750020000 51.2076300000 89.2865980000
41.2750020000 51.2076300000 89.2865980000
41.2750020000 51.2076300000 89.2865980000
41.2750020000 51.2076300000 89.2865980000
41.2750020000 51.5725140000 89.0571140000
41.2750020000 51.5725140000 89.0571140000
41.2750020000 51.5725140000 89.0571140000
41.2750020000 51.5725140000 89.0571140000
39.2759250000 51.1546750000 89.3129270000
39.2759250000 51.1546750000 89.3129270000
39.2759250000 51.1546750000 89.3129270000
39.2759250000 51.1546750000 89.3129270000
39.2759250000 51.6387020000 89.0091780000
39.2759250000 51.6387020000 89.0091780000
39.2759250000 51.6387020000 89.0091780000
39.2759250000 51.6387020000 89.0091780000
41.2750020000 51.9311100000 88.8199840000
41.2750020000 51.9311100000 88.8199840000
41.2750020000 51.9311100000 88.8199840000
41.2750020000 51.9311100000 88.8199840000
40.6870380000 52.8533130000 88.1523130000
40.6870380000 52.8533130000 88.1523130000
40.6870380000 52.8533130000 88.1523130000
40.6870380000 52.8533130000 88.1523130000
40.6870380000 52.8533130000 88.1523130000
40.6870380000 52.8533130000 88.1523130000
41.2750020000 52.2834210000 88.5753630000
41.2750020000 52.2834210000 88.5753630000
41.2750020000 52.2834210000 88.5753630000
41.2750020000 52.2834210000 88.5753630000
41.2750020000 52.6294480000 88.3233870000
41.2750020000 52.6294480000 88.3233870000
41.2750020000 52.6294480000 88.3233870000
41.2750020000 52.9691960000 88.0642090000
41.2750020000 52.9691960000 88.0642090000
41.2750020000 52.9691960000 88.0642090000
41.2750020000 52.9691960000 88.0642090000
39.2759250000 51.8795590000 88.8503420000
39.2759250000 51.8795590000 88.8503420000
40.6870380000 53.0813290000 87.9749760000
40.6870380000 53.0813290000 87.9749760000
40.6870380000 53.0813290000 87.9749760000
41.2750020000 53.3026700000 87.7979660000
41.2750020000 53.3026700000 87.7979660000
41.2750020000 53.3026700000 87.7979660000
41.2750020000 53.3026700000 87.7979660000
39.2759250000 52.1192670000 88.6869890000
39.2759250000 52.1192670000 88.6869890000
39.2759250000 52.1192670000 88.6869890000
39.2759250000 52.1192670000 88.6869890000
39.2759250000 52.1192670000 88.6869890000
40.6870380000 53.3058010000 87.7948680000
40.6870380000 53.3058010000 87.7948680000
40.6870380000 53.3058010000 87.7948680000
41.2750020000 53.6298750000 87.5248110000
41.2750020000 53.6298750000 87.5248110000
41.2750020000 53.6298750000 87.5248110000
40.3930550000 53.1350750000 87.9323270000
40.3930550000 53.1350750000 87.9323270000
40.3930550000 53.1350750000 87.9323270000
39.2759250000 52.3569870000 88.5196230000
39.2759250000 52.3569870000 88.5196230000
39.2759250000 52.3569870000 88.5196230000
40.3930550000 53.3050500000 87.7954560000
40.3930550000 53.3050500000 87.7954560000
40.3930550000 53.3050500000 87.7954560000
40.3930550000 53.3050500000 87.7954560000
39.2759250000 52.5919300000 88.3487930000
39.2759250000 52.5919300000 88.3487930000
39.2759250000 52.5919300000 88.3487930000
39.2759250000 52.5919300000 88.3487930000
39.2759250000 52.5919300000 88.3487930000
39.2759250000 52.5919300000 88.3487930000
39.2759250000 52.5919300000 88.3487930000
40.3930550000 53.4726870000 87.6572720000
40.3930550000 53.4726870000 87.6572720000
40.3930550000 53.4726870000 87.6572720000
38.2763900000 51.8557590000 88.8662110000
38.2763900000 51.8557590000 88.8662110000
38.2763900000 51.8557590000 88.8662110000
38.2763900000 51.8557590000 88.8662110000
38.2763900000 51.8557590000 88.8662110000
40.3930550000 53.6379390000 87.5178680000
40.3930550000 53.6379390000 87.5178680000
40.3930550000 53.6379390000 87.5178680000
40.3930550000 53.6379390000 87.5178680000
40.3930550000 53.6379390000 87.5178680000
40.3930550000 53.6379390000 87.5178680000
41.2750020000 53.9507940000 87.2448730000
41.2750020000 53.9507940000 87.2448730000
41.2750020000 53.9507940000 87.2448730000
38.2763900000 52.0343860000 88.7453770000
38.2763900000 52.0343860000 88.7453770000
38.2763900000 52.2124750000 88.6219410000
38.2763900000 52.2124750000 88.6219410000
38.2763900000 52.3902440000 88.4956970000
38.2763900000 52.3902440000 88.4956970000
38.2763900000 52.3902440000 88.4956970000
38.2763900000 52.5675620000 88.3666920000
38.2763900000 52.5675620000 88.3666920000
38.2763900000 52.5675620000 88.3666920000
38.2763900000 52.5675620000 88.3666920000
38.2763900000 52.5675620000 88.3666920000
38.2763900000 52.7438470000 88.2352980000
38.2763900000 52.7438470000 88.2352980000
38.2763900000 52.7438470000 88.2352980000
38.2763900000 52.9185100000 88.1019590000
38.2763900000 52.9185100000 88.1019590000
38.2763900000 52.9185100000 88.1019590000
38.2763900000 53.0910450000 87.9670640000
38.2763900000 53.0910450000 87.9670640000
38.2763900000 53.0910450000 87.9670640000
38.2763900000 53.0910450000 87.9670640000
38.2763900000 53.0910450000 87.9670640000
38.2763900000 53.0910450000 87.9670640000
38.6879620000 53.4970780000 87.6367110000
38.6879620000 53.4970780000 87.6367110000
38.6879620000 53.4970780000 87.6367110000
38.6879620000 53.4970780000 87.6367110000
38.6879620000 53.4970780000 87.6367110000
38.6879620000 53.4970780000 87.6367110000
38.6879620000 53.4970780000 87.6367110000
37.5120350000 55.0383150000 86.1944270000
37.5120350000 55.0383150000 86.1944270000
37.5120350000 55.0383150000 86.1944270000
37.5120350000 55.0383150000 86.1944270000
37.5120350000 55.0383150000 86.1944270000
37.5120350000 55.0383150000 86.1944270000
37.5120350000 55.0383150000 86.1944270000
37.5120350000 55.0383150000 86.1944270000
37.5120350000 55.0383150000 86.1944270000
37.5120350000 55.0383150000 86.1944270000
36.9534720000 54.8716350000 86.3664630000
36.9534720000 54.8716350000 86.3664630000
36.9534720000 54.8716350000 86.3664630000
36.9534720000 54.7958760000 86.4432680000
36.9534720000 54.7958760000 86.4432680000
36.9534720000 54.7958760000 86.4432680000
39.4229160000 56.9618760000 83.8312840000
39.4229160000 56.9618760000 83.8312840000
39.4229160000 56.9618760000 83.8312840000
39.4229160000 56.9618760000 83.8312840000
39.4229160000 56.9618760000 83.8312840000
39.4229160000 56.9618760000 83.8312840000
37.7472230000 56.0412750000 85.0587460000
37.7472230000 56.0412750000 85.0587460000
37.7472230000 56.0412750000 85.0587460000
37.7472230000 56.0412750000 85.0587460000
37.7472230000 56.0412750000 85.0587460000
37.7472230000 56.0412750000 85.0587460000
37.7472230000 56.0412750000 85.0587460000
37.7472230000 56.1322170000 84.9462510000
37.7472230000 56.1322170000 84.9462510000
38.5409740000 56.6841700000 84.2236100000
38.5409740000 56.6841700000 84.2236100000
38.5409740000 56.6841700000 84.2236100000
38.5409740000 56.6841700000 84.2236100000
38.5409740000 56.6841700000 84.2236100000
37.7472230000 56.2218930000 84.8335800000
37.7472230000 56.2218930000 84.8335800000
37.7472230000 56.2218930000 84.8335800000
37.7472230000 56.2218930000 84.8335800000
37.7472230000 56.2218930000 84.8335800000
37.7472230000 56.2218930000 84.8335800000
36.6300930000 55.5883750000 85.5941240000
36.6300930000 55.5883750000 85.5941240000
36.6300930000 55.5883750000 85.5941240000
36.6300930000 55.5883750000 85.5941240000
36.6300930000 55.5883750000 85.5941240000
36.6300930000 55.5883750000 85.5941240000
36.6300930000 55.5883750000 85.5941240000
38.2322920000 56.7904280000 84.0758290000
38.2322920000 56.7904280000 84.0758290000
38.2322920000 56.7904280000 84.0758290000
38.2322920000 56.7904280000 84.0758290000
37.3062480000 56.2298320000 84.8234790000
37.3062480000 56.2298320000 84.8234790000
37.3062480000 56.2298320000 84.8234790000
37.3062480000 56.2298320000 84.8234790000
37.3062480000 56.2298320000 84.8234790000
37.3062480000 56.2970540000 84.7377400000
37.3062480000 56.2970540000 84.7377400000
30.8092590000 51.6544990000 88.9988250000
30.8092590000 51.6544990000 88.9988250000
30.8092590000 51.6544990000 88.9988250000
30.8092590000 51.6544990000 88.9988250000
30.8092590000 51.3659740000 89.1826860000
30.8092590000 51.3659740000 89.1826860000
30.8092590000 51.3659740000 89.1826860000
30.8092590000 51.3659740000 89.1826860000
30.8092590000 51.3659740000 89.1826860000
31.9263880000 51.7815670000 88.9154130000
31.9263880000 51.7815670000 88.9154130000
31.9263880000 51.7815670000 88.9154130000
31.9263880000 51.7815670000 88.9154130000
31.9263880000 51.7815670000 88.9154130000
31.9263880000 51.7815670000 88.9154130000
37.3062480000 56.3634760000 84.6520230000
37.3062480000 56.4290890000 84.5663530000
37.3062480000 56.4290890000 84.5663530000
37.3062480000 56.4290890000 84.5663530000
37.3062480000 56.4290890000 84.5663530000
30.8092590000 51.9426880000 88.8077770000
30.8092590000 51.9426880000 88.8077770000
30.8092590000 51.9426880000 88.8077770000
30.8092590000 51.9426880000 88.8077770000
30.8092590000 51.9426880000 88.8077770000
31.9263880000 51.9940800000 88.7727970000
31.9263880000 51.9940800000 88.7727970000
37.4826390000 56.8273280000 84.0237120000
37.4826390000 56.8273280000 84.0237120000
37.4826390000 56.8273280000 84.0237120000
37.4826390000 56.8273280000 84.0237120000
37.4826390000 56.8273280000 84.0237120000
35.9833340000 56.9007640000 83.9189990000
35.9833340000 56.9007640000 83.9189990000
35.9833340000 56.9007640000 83.9189990000
35.9833340000 56.9007640000 83.9189990000
35.9833340000 56.9007640000 83.9189990000
35.9833340000 56.9007640000 83.9189990000
35.9833340000 56.9007640000 83.9189990000
30.8092590000 52.2301060000 88.6095960000
30.8092590000 52.2301060000 88.6095960000
30.8092590000 52.2301060000 88.6095960000
30.8092590000 52.2301060000 88.6095960000
30.8092590000 52.2301060000 88.6095960000
30.8092590000 52.2301060000 88.6095960000
30.8092590000 52.2301060000 88.6095960000
31.9263880000 52.4192500000 88.4747470000
31.9263880000 52.4192500000 88.4747470000
31.9263880000 52.4192500000 88.4747470000
31.9263880000 52.6315800000 88.3192980000
31.9263880000 52.6315800000 88.3192980000
31.9263880000 52.6315800000 88.3192980000
31.9263880000 52.6315800000 88.3192980000
31.9263880000 52.8433270000 88.1597210000
31.9263880000 52.8433270000 88.1597210000
31.9263880000 52.8433270000 88.1597210000
31.9263880000 52.8433270000 88.1597210000
31.9263880000 52.8433270000 88.1597210000
31.9263880000 52.2066960000 88.6259080000
31.9263880000 52.2066960000 88.6259080000
31.6324060000 53.3596310000 87.7506640000
31.6324060000 53.3596310000 87.7506640000
31.6324060000 53.3596310000 87.7506640000
31.6324060000 53.3596310000 87.7506640000
31.6324060000 53.3596310000 87.7506640000
31.6324060000 53.3596310000 87.7506640000
31.6324060000 53.3596310000 87.7506640000
31.6324060000 53.3596310000 87.7506640000
31.6324060000 53.3596310000 87.7506640000
33.2787020000 55.0164790000 86.2172700000
33.2787020000 55.0164790000 86.2172700000
33.2787020000 55.0164790000 86.2172700000
33.2787020000 55.0164790000 86.2172700000
33.2787020000 55.0164790000 86.2172700000
33.2787020000 55.0164790000 86.2172700000
33.2787020000 55.0164790000 86.2172700000
33.7784730000 54.7706870000 86.4686360000
33.7784730000 54.7706870000 86.4686360000
33.7784730000 54.7706870000 86.4686360000
33.7784730000 54.8636020000 86.3746870000
33.7784730000 54.8636020000 86.3746870000
33.7784730000 54.8636020000 86.3746870000
36.9534720000 57.3995320000 83.1660390000
36.9534720000 57.3995320000 83.1660390000
36.9534720000 57.3995320000 83.1660390000
36.9534720000 57.3995320000 83.1660390000
36.9534720000 57.3995320000 83.1660390000
36.9534720000 57.3995320000 83.1660390000
37.0416680000 57.9174120000 82.2915270000
37.0416680000 57.9174120000 82.2915270000
37.0416680000 57.9174120000 82.2915270000
37.0416680000 57.9174120000 82.2915270000
29.3981480000 52.5714040000 88.3642200000
29.3981480000 52.5714040000 88.3642200000
29.3981480000 52.5714040000 88.3642200000
29.3981480000 52.5714040000 88.3642200000
29.3981480000 52.5714040000 88.3642200000
29.3981480000 52.5714040000 88.3642200000
29.3981480000 52.5714040000 88.3642200000
29.8097230000 52.9256100000 88.0968170000
29.8097230000 52.9256100000 88.0968170000
29.8097230000 52.9256100000 88.0968170000
36.5125010000 57.4289440000 83.1190800000
36.5125010000 57.4289440000 83.1190800000
38.3057860000 58.3385660000 81.4911420000
38.3057860000 58.3385660000 81.4911420000
38.3057860000 58.3385660000 81.4911420000
38.3057860000 58.3385660000 81.4911420000
38.3057860000 58.3385660000 81.4911420000
38.3057860000 58.3385660000 81.4911420000
29.8097230000 53.1353300000 87.9323120000
29.8097230000 53.1353300000 87.9323120000
29.3981480000 52.8537710000 88.1521840000
29.3981480000 52.8537710000 88.1521840000
29.3981480000 52.8537710000 88.1521840000
38.0118060000 58.3395230000 81.4891360000
38.0118060000 58.3395230000 81.4891360000
37.6884270000 58.2030370000 81.7588650000
37.6884270000 58.2030370000 81.7588650000
37.6884270000 58.2030370000 81.7588650000
29.8097230000 53.3427470000 87.7648770000
29.8097230000 53.3427470000 87.7648770000
36.2773130000 57.6315990000 82.7872010000
36.2773130000 57.6315990000 82.7872010000
36.2773130000 57.6315990000 82.7872010000
36.2773130000 57.6315990000 82.7872010000
29.3981480000 53.1319920000 87.9350740000
29.3981480000 53.1319920000 87.9350740000
35.8951380000 57.4832880000 83.0315550000
35.8951380000 57.4832880000 83.0315550000
35.8951380000 57.4832880000 83.0315550000
35.8951380000 57.4832880000 83.0315550000
29.8097230000 53.5470240000 87.5952150000
29.8097230000 53.5470240000 87.5952150000
29.8097230000 53.5470240000 87.5952150000
37.5708350000 58.3640790000 81.4393540000
37.5708350000 58.3640790000 81.4393540000
37.5708350000 58.3640790000 81.4393540000
39.6875000000 59.2642970000 79.2887730000
39.6875000000 59.2642970000 79.2887730000
39.6875000000 59.2642970000 79.2887730000
39.6875000000 59.2642970000 79.2887730000
39.6875000000 59.2642970000 79.2887730000
39.6875000000 59.2642970000 79.2887730000
39.6875000000 59.2642970000 79.2887730000
39.6875000000 59.2642970000 79.2887730000
41.2750020000 59.1462900000 79.6142810000
41.2750020000 59.1462900000 79.6142810000
41.2750020000 59.1462900000 79.6142810000
41.2750020000 59.2701990000 79.2679370000
41.2750020000 59.2701990000 79.2679370000
41.2750020000 59.2701990000 79.2679370000
41.2750020000 59.2701990000 79.2679370000
29.3981480000 53.4051400000 87.7136840000
29.3981480000 53.4051400000 87.7136840000
29.3981480000 53.4051400000 87.7136840000
29.3981480000 53.4051400000 87.7136840000
29.3981480000 53.4051400000 87.7136840000
29.8097230000 53.7477340000 87.4237440000
29.8097230000 53.7477340000 87.4237440000
29.8097230000 53.7477340000 87.4237440000
29.8097230000 53.7477340000 87.4237440000
31.0444450000 54.3588290000 86.8703610000
31.0444450000 54.3588290000 86.8703610000
31.0444450000 54.3588290000 86.8703610000
31.0444450000 54.3588290000 86.8703610000
35.4835660000 57.4736600000 83.0471500000
35.4835660000 57.4736600000 83.0471500000
35.4835660000 57.4736600000 83.0471500000
35.4835660000 57.4736600000 83.0471500000
35.4835660000 57.4736600000 83.0471500000
34.2488400000 56.7883830000 84.0785980000
34.2488400000 56.7883830000 84.0785980000
34.2488400000 56.7883830000 84.0785980000
34.2488400000 56.7883830000 84.0785980000
34.2488400000 56.7883830000 84.0785980000
36.9828720000 58.2512470000 81.6646730000
36.9828720000 58.2512470000 81.6646730000
36.9828720000 58.2512470000 81.6646730000
36.9828720000 58.2512470000 81.6646730000
36.9534720000 58.4093820000 81.3466190000
36.9534720000 58.4093820000 81.3466190000
36.9534720000 58.4093820000 81.3466190000
36.9534720000 58.4093820000 81.3466190000
36.9534720000 58.4093820000 81.3466190000
38.8937490000 59.1998600000 79.4704360000
38.8937490000 59.1998600000 79.4704360000
38.8937490000 59.1998600000 79.4704360000
38.8937490000 59.1998600000 79.4704360000
38.8937490000 59.1998600000 79.4704360000
38.8937490000 59.1998600000 79.4704360000
38.0999980000 59.3220860000 79.1183470000
38.0999980000 59.3220860000 79.1183470000
38.0999980000 59.3220860000 79.1183470000
38.0999980000 59.3220860000 79.1183470000
38.0999980000 59.1502000000 79.6057740000
38.0999980000 59.1502000000 79.6057740000
38.0999980000 59.1502000000 79.6057740000
33.3815960000 56.7317050000 84.1578980000
33.3815960000 56.7317050000 84.1578980000
34.1312480000 56.2225650000 84.8327100000
34.1312480000 56.2225650000 84.8327100000
33.4550930000 56.1567990000 84.9156190000
33.4550930000 56.1567990000 84.9156190000
33.4550930000 56.1567990000 84.9156190000
33.3668980000 56.9724160000 83.8157650000
33.3668980000 56.9724160000 83.8157650000
33.3668980000 56.9724160000 83.8157650000
33.3668980000 56.9724160000 83.8157650000
32.7201390000 56.7574500000 84.1222230000
32.7201390000 56.7574500000 84.1222230000
32.7201390000 56.7574500000 84.1222230000
32.7201390000 56.7574500000 84.1222230000
32.7201390000 56.7574500000 84.1222230000
31.9263880000 56.5277180000 84.4362340000
31.9263880000 56.5277180000 84.4362340000
31.9263880000 56.5277180000 84.4362340000
31.9263880000 56.5277180000 84.4362340000
31.9263880000 56.5277180000 84.4362340000
31.9263880000 56.5277180000 84.4362340000
31.9263880000 56.5277180000 84.4362340000
31.7500000000 57.0050580000 83.7686390000
31.7500000000 57.0050580000 83.7686390000
31.7500000000 57.0050580000 83.7686390000
31.7500000000 57.0050580000 83.7686390000
31.7500000000 57.0050580000 83.7686390000
32.3967590000 56.8408200000 84.0050510000
32.3967590000 56.8408200000 84.0050510000
32.3967590000 56.8408200000 84.0050510000
32.3967590000 56.8408200000 84.0050510000
32.3967590000 56.8408200000 84.0050510000
32.3967590000 56.8408200000 84.0050510000
32.3967590000 56.8408200000 84.0050510000
31.7500000000 57.2000850000 83.4773330000
31.7500000000 57.2000850000 83.4773330000
31.7500000000 57.2000850000 83.4773330000
31.7500000000 57.2000850000 83.4773330000
31.7500000000 57.2000850000 83.4773330000
30.1625000000 57.1858060000 83.4998860000
30.1625000000 57.1858060000 83.4998860000
30.1625000000 57.1858060000 83.4998860000
30.1625000000 57.1858060000 83.4998860000
30.1625000000 57.1858060000 83.4998860000
30.1625000000 57.1858060000 83.4998860000
30.1625000000 57.1858060000 83.4998860000
29.3687500000 57.0818330000 83.6566470000
29.3687500000 57.0818330000 83.6566470000
29.3687500000 57.0818330000 83.6566470000
29.3687500000 57.0818330000 83.6566470000
29.3687500000 57.0818330000 83.6566470000
29.3687500000 57.0818330000 83.6566470000
29.3687500000 57.0818330000 83.6566470000
29.1041660000 57.1551550000 83.5469970000
29.1041660000 57.1551550000 83.5469970000
29.1041660000 57.1551550000 83.5469970000
29.1041660000 57.1551550000 83.5469970000
36.6398930000 26.2648260000 84.7529370000
36.6398930000 26.2648260000 84.7529370000
36.6398930000 26.2648260000 84.7529370000
36.6398930000 26.2648260000 84.7529370000
36.6398930000 26.2648260000 84.7529370000
36.6398930000 26.2648260000 84.7529370000
36.6398930000 26.2648260000 84.7529370000
36.3067130000 26.2549340000 84.7402570000
36.3067130000 26.2549340000 84.7402570000
38.9427450000 28.2445490000 86.9203110000
38.9427450000 28.2445490000 86.9203110000
38.9427450000 28.2445490000 86.9203110000
38.9427450000 28.2445490000 86.9203110000
35.8069460000 26.2401010000 84.7212140000
35.8069460000 26.2401010000 84.7212140000
36.0813260000 26.4636230000 85.0030750000
36.0813260000 26.4636230000 85.0030750000
36.0813260000 26.4636230000 85.0030750000
36.0813260000 26.4636230000 85.0030750000
35.6305540000 26.8933980000 85.5159760000
35.6305540000 26.8933980000 85.5159760000
35.6305540000 26.8933980000 85.5159760000
35.6305540000 26.8933980000 85.5159760000
35.6305540000 26.8933980000 85.5159760000
38.6585660000 28.2687550000 86.9429470000
38.6585660000 28.2687550000 86.9429470000
38.6585660000 28.2687550000 86.9429470000
38.6585660000 28.2687550000 86.9429470000
38.2763900000 27.9963320000 86.6831510000
38.2763900000 27.9963320000 86.6831510000
38.2763900000 27.9963320000 86.6831510000
35.2483790000 26.2632850000 84.7509770000
35.2483790000 26.2632850000 84.7509770000
35.2483790000 26.2632850000 84.7509770000
35.2483790000 26.2632850000 84.7509770000
35.2483790000 26.2632850000 84.7509770000
35.2483790000 26.2632850000 84.7509770000
34.5134240000 26.9426230000 85.5724950000
34.5134240000 26.9426230000 85.5724950000
34.5134240000 26.9426230000 85.5724950000
34.5134240000 26.9426230000 85.5724950000
38.0999980000 28.2085360000 86.8863530000
38.0999980000 28.2085360000 86.8863530000
38.0999980000 28.2085360000 86.8863530000
38.0999980000 28.2085360000 86.8863530000
37.7178230000 28.0403710000 86.7257920000
37.7178230000 28.0403710000 86.7257920000
37.7178230000 28.0403710000 86.7257920000
37.7178230000 28.0403710000 86.7257920000
37.7178230000 28.0403710000 86.7257920000
37.7178230000 28.0403710000 86.7257920000
37.7178230000 28.0403710000 86.7257920000
37.8207170000 28.3358800000 87.0053250000
37.8207170000 28.3358800000 87.0053250000
37.8207170000 28.3358800000 87.0053250000
37.8207170000 28.3358800000 87.0053250000
37.9726070000 28.6813560000 87.3174510000
37.9726070000 28.6813560000 87.3174510000
37.9726070000 28.6813560000 87.3174510000
37.9726070000 28.6813560000 87.3174510000
37.9726070000 28.6813560000 87.3174510000
37.9726070000 28.6813560000 87.3174510000
37.6149290000 28.5314370000 87.1838610000
37.6149290000 28.5314370000 87.1838610000
37.6149290000 28.5314370000 87.1838610000
37.6149290000 28.5314370000 87.1838610000
37.6149290000 28.5314370000 87.1838610000
37.6149290000 28.5314370000 87.1838610000
35.9539340000 27.6002880000 86.2863460000
35.9539340000 27.6002880000 86.2863460000
35.9539340000 27.6002880000 86.2863460000
35.9539340000 27.6002880000 86.2863460000
35.9539340000 27.6002880000 86.2863460000
36.8358800000 28.4564460000 87.1159360000
36.8358800000 28.4564460000 87.1159360000
36.8358800000 28.4564460000 87.1159360000
36.8358800000 28.4564460000 87.1159360000
36.8358800000 28.4564460000 87.1159360000
36.8358800000 28.4564460000 87.1159360000
35.2777790000 28.3072220000 86.9786530000
35.2777790000 28.3072220000 86.9786530000
35.2777790000 28.3072220000 86.9786530000
35.2777790000 28.3072220000 86.9786530000
35.1405870000 27.3667030000 86.0410840000
35.1405870000 27.3667030000 86.0410840000
35.1405870000 27.3667030000 86.0410840000
35.1405870000 27.3667030000 86.0410840000
35.4541660000 27.5837170000 86.2692340000
35.4541660000 27.5837170000 86.2692340000
35.4541660000 27.5837170000 86.2692340000
35.4541660000 27.5837170000 86.2692340000
30.9562490000 24.8949220000 82.7492600000
30.9562490000 24.8949220000 82.7492600000
30.9562490000 24.8949220000 82.7492600000
30.9562490000 24.8949220000 82.7492600000
30.9562490000 24.8949220000 82.7492600000
30.9562490000 24.8949220000 82.7492600000
37.2768520000 29.1906620000 87.7507100000
37.2768520000 29.1906620000 87.7507100000
37.2768520000 29.1906620000 87.7507100000
37.2768520000 29.1906620000 87.7507100000
37.2768520000 29.1906620000 87.7507100000
37.2768520000 29.1906620000 87.7507100000
36.7770840000 28.9245610000 87.5281370000
36.7770840000 28.9245610000 87.5281370000
36.7770840000 28.9245610000 87.5281370000
36.7770840000 28.9245610000 87.5281370000
37.2768520000 29.3041130000 87.8431170000
37.2768520000 29.3041130000 87.8431170000
37.2768520000 29.3041130000 87.8431170000
37.2768520000 29.3041130000 87.8431170000
34.8956030000 27.6095920000 86.2959590000
34.8956030000 27.6095920000 86.2959590000
30.1625000000 24.7457520000 82.4939500000
30.1625000000 24.7457520000 82.4939500000
30.1625000000 24.7457520000 82.4939500000
30.1625000000 24.7457520000 82.4939500000
30.1625000000 24.7457520000 82.4939500000
30.1625000000 24.7457520000 82.4939500000
36.7770840000 29.0083850000 87.5991290000
36.7770840000 29.0083850000 87.5991290000
36.7770840000 29.0930420000 87.6699980000
36.7770840000 29.0930420000 87.6699980000
36.7770840000 29.0930420000 87.6699980000
36.7770840000 29.0930420000 87.6699980000
34.5232240000 27.6268560000 86.3137360000
34.5232240000 27.6268560000 86.3137360000
34.5232240000 27.6268560000 86.3137360000
34.5232240000 27.6268560000 86.3137360000
34.5232240000 27.6268560000 86.3137360000
34.5232240000 27.6268560000 86.3137360000
34.5232240000 27.6268560000 86.3137360000
33.3668980000 26.9326530000 85.5612410000
33.3668980000 26.9326530000 85.5612410000
33.3668980000 26.9326530000 85.5612410000
33.3668980000 26.9326530000 85.5612410000
33.3668980000 26.9326530000 85.5612410000
33.3668980000 26.9326530000 85.5612410000
40.6086430000 32.4667210000 89.9165880000
40.6086430000 32.4667210000 89.9165880000
40.6086430000 32.4667210000 89.9165880000
41.2750020000 31.9714870000 89.6478120000
41.2750020000 31.9714870000 89.6478120000
41.2750020000 31.9714870000 89.6478120000
41.2750020000 31.9714870000 89.6478120000
41.2750020000 32.3537220000 89.8554080000
41.2750020000 32.3537220000 89.8554080000
41.2750020000 32.3537220000 89.8554080000
41.2750020000 32.7433890000 90.0556260000
41.2750020000 32.7433890000 90.0556260000
41.2750020000 32.7433890000 90.0556260000
41.2750020000 32.7433890000 90.0556260000
40.2754630000 32.3300320000 89.8445740000
40.2754630000 32.3300320000 89.8445740000
40.2754630000 32.3300320000 89.8445740000
40.2754630000 32.3300320000 89.8445740000
40.6086430000 32.7273830000 90.0500260000
40.6086430000 32.7273830000 90.0500260000
40.6086430000 32.7273830000 90.0500260000
40.2754630000 32.5241580000 89.9464260000
40.2754630000 32.5241580000 89.9464260000
29.3687500000 24.8942790000 82.7491910000
29.3687500000 24.8942790000 82.7491910000
29.3687500000 24.8942790000 82.7491910000
29.3687500000 24.8942790000 82.7491910000
29.3687500000 24.8942790000 82.7491910000
29.3687500000 24.8942790000 82.7491910000
29.3687500000 24.8942790000 82.7491910000
40.6086430000 32.9913940000 90.1800840000
40.6086430000 32.9913940000 90.1800840000
40.6086430000 32.9913940000 90.1800840000
41.2750020000 33.1402510000 90.2481690000
41.2750020000 33.1402510000 90.2481690000
41.2750020000 33.1402510000 90.2481690000
41.2750020000 33.1402510000 90.2481690000
40.2754630000 32.7202870000 90.0464630000
40.2754630000 32.7202870000 90.0464630000
40.2754630000 32.9183960000 90.1446300000
40.2754630000 32.9183960000 90.1446300000
40.2754630000 32.9183960000 90.1446300000
40.2754630000 32.9183960000 90.1446300000
40.6086430000 33.2587240000 90.3066710000
40.6086430000 33.2587240000 90.3066710000
40.6086430000 33.2587240000 90.3066710000
40.6086430000 33.2587240000 90.3066710000
41.2750020000 33.5440640000 90.4327550000
41.2750020000 33.5440640000 90.4327550000
41.2750020000 33.5440640000 90.4327550000
41.2750020000 33.5440640000 90.4327550000
37.1984560000 30.5341740000 88.7579420000
37.1984560000 30.5341740000 88.7579420000
37.1984560000 30.5341740000 88.7579420000
37.1984560000 30.5341740000 88.7579420000
40.2754630000 33.1184500000 90.2408830000
40.2754630000 33.1184500000 90.2408830000
40.2754630000 33.1184500000 90.2408830000
40.2754630000 33.1184500000 90.2408830000
37.1984560000 30.6537480000 88.8389430000
37.1984560000 30.6537480000 88.8389430000
37.1984560000 30.6537480000 88.8389430000
37.1984560000 30.6537480000 88.8389430000
37.1984560000 30.6537480000 88.8389430000
40.6086430000 33.5293120000 90.4296720000
40.6086430000 33.5293120000 90.4296720000
40.6086430000 33.5293120000 90.4296720000
40.6086430000 33.5293120000 90.4296720000
40.6086430000 33.5293120000 90.4296720000
40.6086430000 33.5293120000 90.4296720000
41.2750020000 33.9545820000 90.6090850000
41.2750020000 33.9545820000 90.6090850000
41.2750020000 33.9545820000 90.6090850000
41.2750020000 34.3715670000 90.7768630000
41.2750020000 34.3715670000 90.7768630000
41.2750020000 34.3715670000 90.7768630000
41.2750020000 34.3715670000 90.7768630000
36.6594890000 30.7623880000 88.9113850000
36.6594890000 30.7623880000 88.9113850000
36.6594890000 30.7623880000 88.9113850000
36.6594890000 30.7623880000 88.9113850000
36.1989210000 29.9196760000 88.3200990000
36.1989210000 29.9196760000 88.3200990000
36.1989210000 29.9196760000 88.3200990000
36.1989210000 29.9196760000 88.3200990000
36.6594890000 30.8524680000 88.9706570000
36.6594890000 30.8524680000 88.9706570000
33.6608810000 28.5668910000 87.2157060000
33.6608810000 28.5668910000 87.2157060000
33.6608810000 28.5668910000 87.2157060000
33.6608810000 28.5668910000 87.2157060000
33.6608810000 28.5668910000 87.2157060000
36.6594890000 30.9429150000 89.0294340000
36.6594890000 30.9429150000 89.0294340000
36.6594890000 30.9429150000 89.0294340000
36.6594890000 30.9429150000 89.0294340000
36.6594890000 30.9429150000 89.0294340000
38.5311740000 32.6146580000 89.9929050000
38.5311740000 32.6146580000 89.9929050000
38.5311740000 32.6146580000 89.9929050000
38.5311740000 32.6146580000 89.9929050000
38.5311740000 32.6146580000 89.9929050000
38.5311740000 32.6146580000 89.9929050000
38.5311740000 32.6146580000 89.9929050000
38.5311740000 32.6146580000 89.9929050000
32.5633470000 28.1582640000 86.8388980000
32.5633470000 28.1582640000 86.8388980000
32.5633470000 28.1582640000 86.8388980000
32.5633470000 28.1582640000 86.8388980000
32.5633470000 28.1582640000 86.8388980000
32.7054410000 28.4511130000 87.1112370000
32.7054410000 28.4511130000 87.1112370000
32.7054410000 28.4511130000 87.1112370000
32.7054410000 28.4511130000 87.1112370000
39.1975330000 33.8362620000 90.5631180000
39.1975330000 33.8362620000 90.5631180000
39.1975330000 33.8362620000 90.5631180000
39.1975330000 33.8362620000 90.5631180000
39.1975330000 33.8362620000 90.5631180000
39.1975330000 33.8362620000 90.5631180000
39.1975330000 33.8362620000 90.5631180000
39.1975330000 33.8362620000 90.5631180000
32.8524280000 28.6979520000 87.3321080000
32.8524280000 28.6979520000 87.3321080000
32.8524280000 28.6979520000 87.3321080000
32.8524280000 28.6979520000 87.3321080000
32.8524280000 28.6979520000 87.3321080000
33.6020810000 28.9864160000 87.5806350000
33.6020810000 28.9864160000 87.5806350000
33.6020810000 28.9864160000 87.5806350000
38.1587940000 33.1669460000 90.2637480000
38.1587940000 33.1669460000 90.2637480000
38.1587940000 33.1669460000 90.2637480000
38.1587940000 33.1669460000 90.2637480000
38.1587940000 33.1669460000 90.2637480000
39.1975330000 34.1134300000 90.6781620000
39.1975330000 34.1134300000 90.6781620000
39.1975330000 34.1134300000 90.6781620000
39.1975330000 34.1134300000 90.6781620000
31.9557880000 28.3638270000 87.0313720000
31.9557880000 28.3638270000 87.0313720000
31.9557880000 28.3638270000 87.0313720000
31.9557880000 28.3638270000 87.0313720000
31.9557880000 28.3638270000 87.0313720000
38.1587940000 33.3692890000 90.3575210000
38.1587940000 33.3692890000 90.3575210000
38.1587940000 33.3692890000 90.3575210000
38.1587940000 33.3692890000 90.3575210000
39.1975330000 34.3936420000 90.7893140000
39.1975330000 34.3936420000 90.7893140000
39.1975330000 34.3936420000 90.7893140000
39.1975330000 34.3936420000 90.7893140000
33.0435180000 29.2866940000 87.8290560000
33.0435180000 29.2866940000 87.8290560000
33.0435180000 29.2866940000 87.8290560000
33.0435180000 29.2866940000 87.8290560000
33.0435180000 29.2866940000 87.8290560000
33.0435180000 29.2866940000 87.8290560000
33.6020810000 29.0891840000 87.6668090000
33.6020810000 29.0891840000 87.6668090000
33.6020810000 29.0891840000 87.6668090000
34.0822530000 29.9170320000 88.3181230000
34.0822530000 29.9170320000 88.3181230000
34.0822530000 29.9170320000 88.3181230000
34.0822530000 29.9170320000 88.3181230000
32.4457550000 28.8554780000 87.4691540000
32.4457550000 28.8554780000 87.4691540000
32.4457550000 28.8554780000 87.4691540000
32.4457550000 28.8554780000 87.4691540000
32.4457550000 28.8554780000 87.4691540000
31.6520060000 28.3030550000 86.9751510000
31.6520060000 28.3030550000 86.9751510000
31.6520060000 28.3030550000 86.9751510000
38.1587940000 33.5735130000 90.4492650000
38.1587940000 33.5735130000 90.4492650000
38.1587940000 33.5735130000 90.4492650000
39.1975330000 34.6768760000 90.8965000000
39.1975330000 34.6768760000 90.8965000000
39.1975330000 34.6768760000 90.8965000000
39.1975330000 34.6768760000 90.8965000000
41.2750020000 34.7947730000 90.9357990000
41.2750020000 34.7947730000 90.9357990000
41.2750020000 34.7947730000 90.9357990000
41.2750020000 34.7947730000 90.9357990000
38.1587940000 33.7796330000 90.5389630000
38.1587940000 33.7796330000 90.5389630000
38.1587940000 33.9876480000 90.6265720000
38.1587940000 33.9876480000 90.6265720000
38.1587940000 33.9876480000 90.6265720000
39.1975330000 34.9631040000 90.9996260000
39.1975330000 34.9631040000 90.9996260000
39.1975330000 34.9631040000 90.9996260000
39.1975330000 34.9631040000 90.9996260000
41.2750020000 35.2239570000 91.0855870000
41.2750020000 35.2239570000 91.0855870000
41.2750020000 35.2239570000 91.0855870000
41.2750020000 35.2239570000 91.0855870000
41.2750020000 35.2239570000 91.0855870000
38.1587940000 34.1975750000 90.7120590000
38.1587940000 34.1975750000 90.7120590000
39.1975330000 35.2522890000 91.0986180000
39.1975330000 35.2522890000 91.0986180000
39.1975330000 35.2522890000 91.0986180000
39.1975330000 35.2522890000 91.0986180000
38.1587940000 34.4094160000 90.7954030000
38.1587940000 34.4094160000 90.7954030000
38.1587940000 34.4094160000 90.7954030000
38.1587940000 34.4094160000 90.7954030000
38.1587940000 34.4094160000 90.7954030000
30.1625000000 28.1171170000 86.8002620000
30.1625000000 28.1171170000 86.8002620000
30.1625000000 28.1171170000 86.8002620000
30.1625000000 28.1171170000 86.8002620000
30.1625000000 28.1171170000 86.8002620000
32.9651220000 30.5410020000 88.7625580000
32.9651220000 30.5410020000 88.7625580000
32.9651220000 30.5410020000 88.7625580000
32.9651220000 30.5410020000 88.7625580000
29.7215270000 28.0847020000 86.7693710000
29.7215270000 28.0847020000 86.7693710000
29.7215270000 28.0847020000 86.7693710000
32.9651220000 30.6845860000 88.8595730000
32.9651220000 30.6845860000 88.8595730000
32.9651220000 30.6845860000 88.8595730000
32.9651220000 30.6845860000 88.8595730000
33.4844890000 30.7583390000 88.9086610000
33.4844890000 30.7583390000 88.9086610000
33.4844890000 30.7583390000 88.9086610000
33.4844890000 30.7583390000 88.9086610000
33.4844890000 30.8668650000 88.9800110000
33.4844890000 30.8668650000 88.9800110000
33.4844890000 30.9750770000 89.0501100000
33.4844890000 30.9750770000 89.0501100000
33.4844890000 30.9750770000 89.0501100000
33.4844890000 30.9750770000 89.0501100000
33.4844890000 30.9750770000 89.0501100000
29.3393520000 28.1388400000 86.8212660000
29.3393520000 28.1388400000 86.8212660000
29.3393520000 28.1388400000 86.8212660000
29.3393520000 28.1388400000 86.8212660000
29.6921290000 32.1948130000 89.7718510000
29.6921290000 32.1948130000 89.7718510000
29.6921290000 32.1948130000 89.7718510000
29.6921290000 32.1948130000 89.7718510000
29.6921290000 32.1948130000 89.7718510000
29.6921290000 32.1948130000 89.7718510000
29.6921290000 32.1948130000 89.7718510000
30.8092590000 31.4592020000 89.3513640000
30.8092590000 31.4592020000 89.3513640000
30.8092590000 31.4592020000 89.3513640000
30.8092590000 31.4592020000 89.3513640000
31.4756160000 32.6094590000 89.9900590000
31.4756160000 32.6094590000 89.9900590000
31.4756160000 32.6094590000 89.9900590000
31.4756160000 32.6094590000 89.9900590000
31.4756160000 32.6094590000 89.9900590000
31.4756160000 32.6094590000 89.9900590000
31.4756160000 32.6094590000 89.9900590000
31.4756160000 32.6094590000 89.9900590000
31.4756160000 32.6094590000 89.9900590000
29.6921290000 32.4223140000 89.8932340000
29.6921290000 32.4223140000 89.8932340000
29.6921290000 32.4223140000 89.8932340000
29.6921290000 32.6507490000 90.0111850000
29.6921290000 32.6507490000 90.0111850000
29.6921290000 32.8801310000 90.1257320000
29.6921290000 32.8801310000 90.1257320000
29.3197540000 32.5991860000 89.9849400000
29.3197540000 32.5991860000 89.9849400000
29.3197540000 32.5991860000 89.9849400000
29.3197540000 32.5991860000 89.9849400000
30.7308640000 33.9127540000 90.5950930000
30.7308640000 33.9127540000 90.5950930000
30.7308640000 33.9127540000 90.5950930000
30.7308640000 33.9127540000 90.5950930000
30.7308640000 33.9127540000 90.5950930000
30.7308640000 33.9127540000 90.5950930000
30.7308640000 33.9127540000 90.5950930000
30.7308640000 33.9127540000 90.5950930000
30.7308640000 33.9127540000 90.5950930000
31.8087960000 33.4404640000 90.3895870000
31.8087960000 33.4404640000 90.3895870000
31.8087960000 33.4404640000 90.3895870000
31.8087960000 33.6739040000 90.4930650000
31.8087960000 33.6739040000 90.4930650000
31.8087960000 33.9084590000 90.5933000000
31.8087960000 33.9084590000 90.5933000000
31.8087960000 34.1441380000 90.6903000000
31.8087960000 34.1441380000 90.6903000000
31.8087960000 34.1441380000 90.6903000000
31.8087960000 33.2081220000 90.2828450000
31.8087960000 33.2081220000 90.2828450000
31.8087960000 33.2081220000 90.2828450000
31.8087960000 33.2081220000 90.2828450000
31.8087960000 33.2081220000 90.2828450000
31.8087960000 33.2081220000 90.2828450000
29.6921290000 33.1105230000 90.2369380000
29.6921290000 33.1105230000 90.2369380000
29.6921290000 33.1105230000 90.2369380000
29.6921290000 33.1105230000 90.2369380000
29.3197540000 32.9076650000 90.1392520000
29.3197540000 32.9076650000 90.1392520000
30.7308640000 34.2304950000 90.7249150000
30.7308640000 34.2304950000 90.7249150000
30.7308640000 34.2304950000 90.7249150000
30.7308640000 34.2304950000 90.7249150000
30.7308640000 34.2304950000 90.7249150000
31.8087960000 34.3809510000 90.7840880000
31.8087960000 34.3809510000 90.7840880000
31.8087960000 34.3809510000 90.7840880000
31.8087960000 34.3809510000 90.7840880000
31.8087960000 34.3809510000 90.7840880000
29.3197540000 33.2182810000 90.2876820000
29.3197540000 33.2182810000 90.2876820000
29.3197540000 33.2182810000 90.2876820000
30.7308640000 34.5503350000 90.8489150000
30.7308640000 34.5503350000 90.8489150000
30.7308640000 34.5503350000 90.8489150000
30.7308640000 34.5503350000 90.8489150000
30.7308640000 34.5503350000 90.8489150000
29.3197540000 33.5310170000 90.4302370000
29.3197540000 33.5310170000 90.4302370000
29.3197540000 33.5310170000 90.4302370000
29.3197540000 33.5310170000 90.4302370000
29.3197540000 33.5310170000 90.4302370000
29.3197540000 33.5310170000 90.4302370000
29.3197540000 33.5310170000 90.4302370000
30.7308640000 34.8722230000 90.9670940000
30.7308640000 34.8722230000 90.9670940000
30.7308640000 34.8722230000 90.9670940000
30.7308640000 34.8722230000 90.9670940000
30.7308640000 34.8722230000 90.9670940000
39.1975290000 47.5397530000 91.0161740000
39.1975290000 47.5397530000 91.0161740000
39.1975290000 47.5397530000 91.0161740000
39.1975290000 47.2492680000 91.1147460000
39.1975290000 47.2492680000 91.1147460000
39.1975290000 47.2492680000 91.1147460000
39.1975290000 47.2492680000 91.1147460000
41.2750020000 47.2120820000 91.1290740000
41.2750020000 47.2120820000 91.1290740000
41.2750020000 47.2120820000 91.1290740000
41.2750020000 47.2120820000 91.1290740000
41.2750020000 47.6400570000 90.9840240000
41.2750020000 47.6400570000 90.9840240000
41.2750020000 47.6400570000 90.9840240000
39.1975290000 47.8267060000 90.9136280000
39.1975290000 47.8267060000 90.9136280000
39.1975290000 47.8267060000 90.9136280000
39.1975290000 47.8267060000 90.9136280000
41.2750020000 48.0617100000 90.8298800000
41.2750020000 48.0617100000 90.8298800000
41.2750020000 48.0617100000 90.8298800000
41.2750020000 48.0617100000 90.8298800000
40.6086430000 49.2698360000 90.3166730000
40.6086430000 49.2698360000 90.3166730000
40.6086430000 49.2698360000 90.3166730000
40.6086430000 49.2698360000 90.3166730000
40.6086430000 49.2698360000 90.3166730000
40.6086430000 49.2698360000 90.3166730000
41.2750020000 48.4770390000 90.6667790000
41.2750020000 48.4770390000 90.6667790000
41.2750020000 48.4770390000 90.6667790000
41.2750020000 48.4770390000 90.6667790000
41.2750020000 48.8860470000 90.4948650000
41.2750020000 48.8860470000 90.4948650000
41.2750020000 48.8860470000 90.4948650000
41.2750020000 49.2887420000 90.3142930000
41.2750020000 49.2887420000 90.3142930000
41.2750020000 49.2887420000 90.3142930000
39.1975290000 48.1098670000 90.8073200000
39.1975290000 48.1098670000 90.8073200000
40.6086430000 49.5350340000 90.1915280000
40.6086430000 49.5350340000 90.1915280000
40.6086430000 49.5350340000 90.1915280000
40.6086430000 49.5350340000 90.1915280000
41.2750020000 49.6851270000 90.1252060000
41.2750020000 49.6851270000 90.1252060000
41.2750020000 49.6851270000 90.1252060000
41.2750020000 49.6851270000 90.1252060000
39.1975290000 48.3892860000 90.6973420000
39.1975290000 48.3892860000 90.6973420000
39.1975290000 48.3892860000 90.6973420000
39.1975290000 48.3892860000 90.6973420000
39.1975290000 48.3892860000 90.6973420000
40.6086430000 49.7970350000 90.0629270000
40.6086430000 49.7970350000 90.0629270000
40.6086430000 49.7970350000 90.0629270000
40.6086430000 49.7970350000 90.0629270000
40.6086430000 49.7970350000 90.0629270000
41.2750020000 50.0752070000 89.9277500000
41.2750020000 50.0752070000 89.9277500000
41.2750020000 50.0752070000 89.9277500000
39.1975290000 48.6651380000 90.5837250000
39.1975290000 48.6651380000 90.5837250000
39.1975290000 48.6651380000 90.5837250000
39.1975290000 48.6651380000 90.5837250000
40.2754630000 49.6580920000 90.1317440000
40.2754630000 49.6580920000 90.1317440000
40.2754630000 49.6580920000 90.1317440000
40.2754630000 49.6580920000 90.1317440000
40.6086430000 50.0560070000 89.9308700000
40.6086430000 50.0560070000 89.9308700000
40.6086430000 50.0560070000 89.9308700000
40.6086430000 50.0560070000 89.9308700000
40.6086430000 50.0560070000 89.9308700000
40.6086430000 50.0560070000 89.9308700000
41.2750020000 50.4589810000 89.7220610000
41.2750020000 50.4589810000 89.7220610000
41.2750020000 50.4589810000 89.7220610000
40.2754630000 49.8542330000 90.0341870000
40.2754630000 49.8542330000 90.0341870000
40.2754630000 49.8542330000 90.0341870000
39.1975290000 48.9375690000 90.4665150000
39.1975290000 48.9375690000 90.4665150000
39.1975290000 48.9375690000 90.4665150000
39.1975290000 48.9375690000 90.4665150000
39.1975290000 48.9375690000 90.4665150000
39.1975290000 48.9375690000 90.4665150000
39.1975290000 48.9375690000 90.4665150000
38.1587940000 48.1247600000 90.8015670000
38.1587940000 48.1247600000 90.8015670000
38.1587940000 48.1247600000 90.8015670000
38.1587940000 48.1247600000 90.8015670000
38.1587940000 48.1247600000 90.8015670000
40.2754630000 50.0484120000 89.9348070000
40.2754630000 50.0484120000 89.9348070000
38.1587940000 48.3375130000 90.7180790000
38.1587940000 48.3375130000 90.7180790000
40.2754630000 50.2407190000 89.8335950000
40.2754630000 50.2407190000 89.8335950000
40.2754630000 50.2407190000 89.8335950000
38.1587940000 48.5480690000 90.6325380000
38.1587940000 48.5480690000 90.6325380000
38.1587940000 48.5480690000 90.6325380000
40.2754630000 50.4313660000 89.7304690000
40.2754630000 50.4313660000 89.7304690000
40.2754630000 50.4313660000 89.7304690000
40.2754630000 50.4313660000 89.7304690000
40.2754630000 50.4313660000 89.7304690000
40.2754630000 50.4313660000 89.7304690000
41.2750020000 50.8364520000 89.5083010000
41.2750020000 50.8364520000 89.5083010000
41.2750020000 50.8364520000 89.5083010000
38.1587940000 48.7561450000 90.5451050000
38.1587940000 48.7561450000 90.5451050000
38.1587940000 48.9617120000 90.4558560000
38.1587940000 48.9617120000 90.4558560000
38.1587940000 49.1649170000 90.3647770000
38.1587940000 49.1649170000 90.3647770000
38.1587940000 49.3659170000 90.2718660000
38.1587940000 49.3659170000 90.2718660000
38.1587940000 49.3659170000 90.2718660000
38.1587940000 49.5648350000 90.1771010000
38.1587940000 49.5648350000 90.1771010000
38.1587940000 49.5648350000 90.1771010000
38.1587940000 49.5648350000 90.1771010000
38.1587940000 49.5648350000 90.1771010000
38.1587940000 49.5648350000 90.1771010000
38.5311740000 50.1080780000 89.9036560000
38.5311740000 50.1080780000 89.9036560000
38.5311740000 50.1080780000 89.9036560000
38.5311740000 50.1080780000 89.9036560000
38.5311740000 50.1080780000 89.9036560000
38.5311740000 50.1080780000 89.9036560000
38.5311740000 50.1080780000 89.9036560000
38.5311740000 50.1080780000 89.9036560000
38.5311740000 50.1080780000 89.9036560000
37.1984560000 51.9864540000 88.7780230000
37.1984560000 51.9864540000 88.7780230000
37.1984560000 51.9864540000 88.7780230000
37.1984560000 51.9864540000 88.7780230000
37.1984560000 51.9864540000 88.7780230000
37.1984560000 51.9864540000 88.7780230000
37.1984560000 51.9864540000 88.7780230000
37.1984560000 51.9864540000 88.7780230000
37.1984560000 51.9864540000 88.7780230000
37.1984560000 51.9864540000 88.7780230000
36.6594890000 51.7829130000 88.9145430000
36.6594890000 51.7829130000 88.9145430000
36.6594890000 51.7829130000 88.9145430000
36.6594890000 51.6924170000 88.9740520000
36.6594890000 51.6924170000 88.9740520000
36.6594890000 51.6924170000 88.9740520000
36.6594890000 51.6924170000 88.9740520000
38.9427450000 54.2423550000 86.9793010000
38.9427450000 54.2423550000 86.9793010000
38.9427450000 54.2423550000 86.9793010000
38.9427450000 54.2423550000 86.9793010000
38.9427450000 54.2423550000 86.9793010000
38.9427450000 54.2423550000 86.9793010000
37.2768520000 53.1830750000 87.8937150000
37.2768520000 53.1830750000 87.8937150000
37.2768520000 53.1830750000 87.8937150000
37.2768520000 53.1830750000 87.8937150000
37.2768520000 53.1830750000 87.8937150000
37.2768520000 53.1830750000 87.8937150000
37.2768520000 53.1830750000 87.8937150000
38.6585660000 54.2196310000 87.0003590000
38.6585660000 54.2196310000 87.0003590000
38.6585660000 54.2196310000 87.0003590000
38.6585660000 54.2196310000 87.0003590000
37.9726070000 53.8077130000 87.3709870000
37.9726070000 53.8077130000 87.3709870000
37.9726070000 53.8077130000 87.3709870000
37.9726070000 53.8077130000 87.3709870000
37.9726070000 53.8077130000 87.3709870000
37.9726070000 53.8077130000 87.3709870000
37.2768520000 53.2979390000 87.8009490000
37.2768520000 53.2979390000 87.8009490000
37.2768520000 53.2979390000 87.8009490000
37.2768520000 53.2979390000 87.8009490000
37.2768520000 53.2979390000 87.8009490000
36.1989210000 52.6136400000 88.3325200000
36.1989210000 52.6136400000 88.3325200000
36.1989210000 52.6136400000 88.3325200000
36.1989210000 52.6136400000 88.3325200000
36.1989210000 52.6136400000 88.3325200000
30.7308640000 48.0263520000 90.8388210000
30.7308640000 48.0263520000 90.8388210000
30.7308640000 48.0263520000 90.8388210000
30.7308640000 48.0263520000 90.8388210000
30.7308640000 47.7047310000 90.9574510000
30.7308640000 47.7047310000 90.9574510000
30.7308640000 47.7047310000 90.9574510000
30.7308640000 47.7047310000 90.9574510000
30.7308640000 47.7047310000 90.9574510000
31.8087960000 48.2089200000 90.7685620000
31.8087960000 48.2089200000 90.7685620000
31.8087960000 48.2089200000 90.7685620000
31.8087960000 48.2089200000 90.7685620000
31.8087960000 48.2089200000 90.7685620000
31.8087960000 48.2089200000 90.7685620000
31.8087960000 48.2089200000 90.7685620000
38.0999980000 54.2837980000 86.9405670000
38.0999980000 54.2837980000 86.9405670000
38.0999980000 54.2837980000 86.9405670000
38.0999980000 54.2837980000 86.9405670000
37.6149290000 53.9613800000 87.2351910000
37.6149290000 53.9613800000 87.2351910000
37.6149290000 53.9613800000 87.2351910000
37.6149290000 53.9613800000 87.2351910000
37.6149290000 53.9613800000 87.2351910000
37.6149290000 53.9613800000 87.2351910000
30.7308640000 48.3459170000 90.7143780000
30.7308640000 48.3459170000 90.7143780000
30.7308640000 48.3459170000 90.7143780000
30.7308640000 48.3459170000 90.7143780000
30.7308640000 48.3459170000 90.7143780000
31.8087960000 48.4454150000 90.6742860000
31.8087960000 48.4454150000 90.6742860000
31.8087960000 48.4454150000 90.6742860000
37.8207170000 54.1574750000 87.0576170000
37.8207170000 54.1574750000 87.0576170000
37.8207170000 54.1574750000 87.0576170000
37.8207170000 54.1574750000 87.0576170000
38.2763900000 54.4969560000 86.7381360000
38.2763900000 54.4969560000 86.7381360000
38.2763900000 54.4969560000 86.7381360000
36.7770840000 53.3999790000 87.7172700000
36.7770840000 53.3999790000 87.7172700000
36.7770840000 53.3999790000 87.7172700000
36.7770840000 53.3999790000 87.7172700000
36.7770840000 53.4855610000 87.6461940000
36.7770840000 53.5705490000 87.5747680000
36.7770840000 53.5705490000 87.5747680000
36.7770840000 53.5705490000 87.5747680000
30.7308640000 48.6633680000 90.5841220000
30.7308640000 48.6633680000 90.5841220000
30.7308640000 48.6633680000 90.5841220000
30.7308640000 48.6633680000 90.5841220000
30.7308640000 48.6633680000 90.5841220000
30.7308640000 48.6633680000 90.5841220000
30.7308640000 48.6633680000 90.5841220000
30.7308640000 48.6633680000 90.5841220000
31.8087960000 48.6807710000 90.5767970000
31.8087960000 48.6807710000 90.5767970000
31.8087960000 48.6807710000 90.5767970000
31.8087960000 48.9149930000 90.4760890000
31.8087960000 48.9149930000 90.4760890000
31.8087960000 49.1480940000 90.3721390000
31.8087960000 49.1480940000 90.3721390000
31.8087960000 49.1480940000 90.3721390000
31.8087960000 49.3800850000 90.2649380000
31.8087960000 49.3800850000 90.2649380000
31.8087960000 49.3800850000 90.2649380000
31.8087960000 49.3800850000 90.2649380000
31.8087960000 49.3800850000 90.2649380000
31.8087960000 49.3800850000 90.2649380000
37.7178230000 54.4561770000 86.7772980000
37.7178230000 54.4561770000 86.7772980000
37.7178230000 54.4561770000 86.7772980000
37.7178230000 54.4561770000 86.7772980000
37.7178230000 54.4561770000 86.7772980000
37.7178230000 54.4561770000 86.7772980000
36.8358800000 54.0427360000 87.1620560000
36.8358800000 54.0427360000 87.1620560000
36.8358800000 54.0427360000 87.1620560000
36.8358800000 54.0427360000 87.1620560000
31.4756160000 49.9603230000 89.9799420000
31.4756160000 49.9603230000 89.9799420000
31.4756160000 49.9603230000 89.9799420000
31.4756160000 49.9603230000 89.9799420000
31.4756160000 49.9603230000 89.9799420000
31.4756160000 49.9603230000 89.9799420000
31.4756160000 49.9603230000 89.9799420000
31.4756160000 49.9603230000 89.9799420000
31.4756160000 49.9603230000 89.9799420000
32.9651220000 52.0179410000 88.7564700000
32.9651220000 52.0179410000 88.7564700000
32.9651220000 52.0179410000 88.7564700000
32.9651220000 52.0179410000 88.7564700000
32.9651220000 52.0179410000 88.7564700000
32.9651220000 52.0179410000 88.7564700000
32.9651220000 52.0179410000 88.7564700000
32.9651220000 52.0179410000 88.7564700000
32.9651220000 52.0179410000 88.7564700000
32.9651220000 52.0179410000 88.7564700000
33.4844890000 51.7071840000 88.9643100000
33.4844890000 51.7071840000 88.9643100000
33.4844890000 51.7071840000 88.9643100000
33.4844890000 51.7071840000 88.9643100000
33.4844890000 51.8156470000 88.8927610000
33.4844890000 51.8156470000 88.8927610000
33.4844890000 51.8156470000 88.8927610000
34.0822530000 52.6349600000 88.3166660000
34.0822530000 52.6349600000 88.3166660000
34.0822530000 52.6349600000 88.3166660000
34.0822530000 52.6349600000 88.3166660000
34.0822530000 52.6349600000 88.3166660000
29.3197540000 49.0136530000 90.4326020000
29.3197540000 49.0136530000 90.4326020000
29.3197540000 49.0136530000 90.4326020000
29.3197540000 49.0136530000 90.4326020000
29.3197540000 49.0136530000 90.4326020000
29.3197540000 49.0136530000 90.4326020000
29.6921290000 49.4316670000 90.2406390000
29.6921290000 49.4316670000 90.2406390000
29.6921290000 49.4316670000 90.2406390000
29.3197540000 49.3264540000 90.2901230000
29.3197540000 49.3264540000 90.2901230000
29.3197540000 49.3264540000 90.2901230000
29.6921290000 49.6621320000 90.1295240000
29.6921290000 49.6621320000 90.1295240000
29.6921290000 49.8915900000 90.0150680000
29.6921290000 49.8915900000 90.0150680000
29.3197540000 49.6371350000 90.1417850000
29.3197540000 49.6371350000 90.1417850000
35.9539340000 54.9121020000 86.3250350000
35.9539340000 54.9121020000 86.3250350000
35.9539340000 54.9121020000 86.3250350000
35.9539340000 54.9121020000 86.3250350000
35.9539340000 54.9121020000 86.3250350000
35.2777790000 54.2045780000 87.0140840000
35.2777790000 54.2045780000 87.0140840000
35.2777790000 54.2045780000 87.0140840000
35.6305540000 55.6268200000 85.5501710000
35.6305540000 55.6268200000 85.5501710000
35.6305540000 55.6268200000 85.5501710000
35.6305540000 55.6268200000 85.5501710000
35.6305540000 55.6268200000 85.5501710000
35.6305540000 55.6268200000 85.5501710000
35.6305540000 55.6268200000 85.5501710000
29.6921290000 50.1201020000 89.8972090000
29.6921290000 50.1201020000 89.8972090000
29.6921290000 50.1201020000 89.8972090000
29.3197540000 49.9456830000 89.9875490000
29.3197540000 49.9456830000 89.9875490000
29.3197540000 49.9456830000 89.9875490000
29.3197540000 49.9456830000 89.9875490000
29.6921290000 50.3476790000 89.7759090000
29.6921290000 50.3476790000 89.7759090000
29.6921290000 50.3476790000 89.7759090000
29.6921290000 50.3476790000 89.7759090000
29.6921290000 50.3476790000 89.7759090000
29.6921290000 50.3476790000 89.7759090000
29.6921290000 50.3476790000 89.7759090000
30.8092590000 51.0764310000 89.3599930000
30.8092590000 51.0764310000 89.3599930000
30.8092590000 51.0764310000 89.3599930000
30.8092590000 51.0764310000 89.3599930000
35.4541660000 54.9323230000 86.3042600000
35.4541660000 54.9323230000 86.3042600000
35.4541660000 54.9323230000 86.3042600000
35.4541660000 54.9323230000 86.3042600000
33.0435180000 53.2366100000 87.8506390000
33.0435180000 53.2366100000 87.8506390000
33.0435180000 53.2366100000 87.8506390000
33.0435180000 53.2366100000 87.8506390000
33.0435180000 53.2366100000 87.8506390000
33.0435180000 53.2366100000 87.8506390000
33.0435180000 53.2366100000 87.8506390000
33.6020810000 53.4310420000 87.6915510000
33.6020810000 53.4310420000 87.6915510000
33.6020810000 53.4310420000 87.6915510000
33.6020810000 53.5339430000 87.6056210000
33.6020810000 53.5339430000 87.6056210000
33.6020810000 53.5339430000 87.6056210000
34.8956030000 54.9094280000 86.3277890000
34.8956030000 54.9094280000 86.3277890000
35.1405870000 55.1526910000 86.0737150000
35.1405870000 55.1526910000 86.0737150000
35.1405870000 55.1526910000 86.0737150000
35.1405870000 55.1526910000 86.0737150000
34.5134240000 55.5832670000 85.5999600000
34.5134240000 55.5832670000 85.5999600000
34.5134240000 55.5832670000 85.5999600000
34.5134240000 55.5832670000 85.5999600000
36.6398930000 56.2540050000 84.7927090000
36.6398930000 56.2540050000 84.7927090000
36.6398930000 56.2540050000 84.7927090000
36.6398930000 56.2540050000 84.7927090000
36.6398930000 56.2540050000 84.7927090000
36.6398930000 56.2540050000 84.7927090000
36.6398930000 56.2540050000 84.7927090000
34.5232240000 54.8941570000 86.3434450000
34.5232240000 54.8941570000 86.3434450000
34.5232240000 54.8941570000 86.3434450000
34.5232240000 54.8941570000 86.3434450000
34.5232240000 54.8941570000 86.3434450000
34.5232240000 54.8941570000 86.3434450000
34.5232240000 54.8941570000 86.3434450000
33.6608810000 53.9549640000 87.2408680000
33.6608810000 53.9549640000 87.2408680000
33.6608810000 53.9549640000 87.2408680000
33.6608810000 53.9549640000 87.2408680000
33.6608810000 53.9549640000 87.2408680000
33.6608810000 53.9549640000 87.2408680000
36.0813260000 56.0570980000 85.0391770000
36.0813260000 56.0570980000 85.0391770000
36.0813260000 56.0570980000 85.0391770000
36.0813260000 56.0570980000 85.0391770000
32.8524280000 53.8290440000 87.3522950000
32.8524280000 53.8290440000 87.3522950000
32.8524280000 53.8290440000 87.3522950000
32.8524280000 53.8290440000 87.3522950000
32.8524280000 53.8290440000 87.3522950000
36.3067130000 56.2660830000 84.7772980000
36.3067130000 56.2660830000 84.7772980000
32.4457550000 53.6736530000 87.4870680000
32.4457550000 53.6736530000 87.4870680000
32.4457550000 53.6736530000 87.4870680000
32.4457550000 53.6736530000 87.4870680000
32.4457550000 53.6736530000 87.4870680000
32.7054410000 54.0778430000 87.1303630000
32.7054410000 54.0778430000 87.1303630000
32.7054410000 54.0778430000 87.1303630000
32.7054410000 54.0778430000 87.1303630000
35.8069460000 56.2841870000 84.7541580000
35.8069460000 56.2841870000 84.7541580000
32.5633470000 54.3734020000 86.8562700000
32.5633470000 54.3734020000 86.8562700000
32.5633470000 54.3734020000 86.8562700000
32.5633470000 54.3734020000 86.8562700000
32.5633470000 54.3734020000 86.8562700000
35.2483790000 56.2636640000 84.7803880000
35.2483790000 56.2636640000 84.7803880000
35.2483790000 56.2636640000 84.7803880000
35.2483790000 56.2636640000 84.7803880000
35.2483790000 56.2636640000 84.7803880000
31.9557880000 54.1713830000 87.0449750000
31.9557880000 54.1713830000 87.0449750000
31.9557880000 54.1713830000 87.0449750000
31.9557880000 54.1713830000 87.0449750000
31.9557880000 54.1713830000 87.0449750000
31.6520060000 54.2340660000 86.9870990000
31.6520060000 54.2340660000 86.9870990000
31.6520060000 54.2340660000 86.9870990000
33.3668980000 55.5997350000 85.5813290000
33.3668980000 55.5997350000 85.5813290000
33.3668980000 55.5997350000 85.5813290000
33.3668980000 55.5997350000 85.5813290000
33.3668980000 55.5997350000 85.5813290000
33.3668980000 55.5997350000 85.5813290000
40.7458340000 59.5914150000 78.2566300000
40.7458340000 59.5914150000 78.2566300000
40.7458340000 59.5914150000 78.2566300000
40.7458340000 59.5914150000 78.2566300000
41.2750020000 59.4944880000 78.5807340000
41.2750020000 59.4944880000 78.5807340000
41.2750020000 59.4944880000 78.5807340000
41.2750020000 59.5951540000 78.2405170000
41.2750020000 59.5951540000 78.2405170000
41.2750020000 59.5951540000 78.2405170000
41.2750020000 59.6883540000 77.9030000000
41.2750020000 59.6883540000 77.9030000000
41.2750020000 59.6883540000 77.9030000000
41.2750020000 59.6883540000 77.9030000000
40.4812510000 59.5400730000 78.4328920000
40.4812510000 59.5400730000 78.4328920000
40.4812510000 59.5400730000 78.4328920000
40.4812510000 59.5400730000 78.4328920000
40.4812510000 59.5400730000 78.4328920000
40.4812510000 59.5400730000 78.4328920000
40.4812510000 59.5400730000 78.4328920000
41.2750020000 59.3862190000 78.9233170000
41.2750020000 59.3862190000 78.9233170000
41.2750020000 59.3862190000 78.9233170000
30.1625000000 54.4283030000 86.8046110000
30.1625000000 54.4283030000 86.8046110000
30.1625000000 54.4283030000 86.8046110000
30.1625000000 54.4283030000 86.8046110000
30.1625000000 54.4283030000 86.8046110000
29.7215270000 54.4629590000 86.7715910000
29.7215270000 54.4629590000 86.7715910000
39.6875000000 59.6167560000 78.1662600000
39.6875000000 59.6167560000 78.1662600000
39.6875000000 59.6167560000 78.1662600000
39.6875000000 59.6167560000 78.1662600000
39.6875000000 59.6167560000 78.1662600000
29.3393520000 54.4095690000 86.8227620000
29.3393520000 54.4095690000 86.8227620000
29.3393520000 54.4095690000 86.8227620000
29.3393520000 54.4095690000 86.8227620000
38.8937490000 59.5305750000 78.4637990000
38.8937490000 59.5305750000 78.4637990000
38.8937490000 59.5305750000 78.4637990000
38.8937490000 59.5305750000 78.4637990000
38.8937490000 59.5305750000 78.4637990000
38.8937490000 59.5305750000 78.4637990000
38.8937490000 59.5305750000 78.4637990000
38.0999980000 59.6259800000 78.1304320000
38.0999980000 59.6259800000 78.1304320000
38.0999980000 59.6259800000 78.1304320000
38.0999980000 59.6259800000 78.1304320000
38.0999980000 59.4807210000 78.6264500000
38.0999980000 59.4807210000 78.6264500000
38.0999980000 59.4807210000 78.6264500000
30.9562490000 57.6549420000 82.7493820000
30.9562490000 57.6549420000 82.7493820000
30.9562490000 57.6549420000 82.7493820000
30.9562490000 57.6549420000 82.7493820000
30.9562490000 57.6549420000 82.7493820000
30.9562490000 57.6549420000 82.7493820000
30.1625000000 57.8041380000 82.4940570000
30.1625000000 57.8041380000 82.4940570000
30.1625000000 57.8041380000 82.4940570000
30.1625000000 57.8041380000 82.4940570000
30.1625000000 57.8041380000 82.4940570000
30.1625000000 57.8041380000 82.4940570000
29.3687500000 57.6556360000 82.7492830000
29.3687500000 57.6556360000 82.7492830000
29.3687500000 57.6556360000 82.7492830000
29.3687500000 57.6556360000 82.7492830000
29.3687500000 57.6556360000 82.7492830000
29.3687500000 57.6556360000 82.7492830000
29.3687500000 57.6556360000 82.7492830000
29.3687500000 24.3545480000 81.7763290000
29.3687500000 24.3545480000 81.7763290000
29.3687500000 24.3545480000 81.7763290000
29.3687500000 24.3545480000 81.7763290000
29.3687500000 24.3545480000 81.7763290000
29.3687500000 24.3545480000 81.7763290000
29.3687500000 24.3545480000 81.7763290000
29.3687500000 24.3545480000 81.7763290000
37.2376560000 29.9129140000 88.3151170000
37.2376560000 29.9129140000 88.3151170000
37.2376560000 29.9129140000 88.3151170000
37.2376560000 29.9129140000 88.3151170000
37.2376560000 29.9129140000 88.3151170000
37.2376560000 29.9129140000 88.3151170000
35.7383500000 29.0996880000 87.6754910000
35.7383500000 29.0996880000 87.6754910000
35.7383500000 29.0996880000 87.6754910000
35.7383500000 29.0996880000 87.6754910000
35.7383500000 29.0996880000 87.6754910000
35.1601870000 29.9264980000 88.3251420000
35.1601870000 29.9264980000 88.3251420000
38.6944960000 31.6410600000 89.4594350000
38.6944960000 31.6410600000 89.4594350000
38.6944960000 31.6410600000 89.4594350000
38.6944960000 31.6410600000 89.4594350000
35.2189830000 29.1029870000 87.6782300000
35.2189830000 29.1029870000 87.6782300000
38.4037820000 31.6866650000 89.4860840000
38.4037820000 31.6866650000 89.4860840000
38.4037820000 31.6866650000 89.4860840000
38.4037820000 31.6866650000 89.4860840000
38.4037820000 31.6866650000 89.4860840000
37.8223500000 31.4358980000 89.3373410000
37.8223500000 31.4358980000 89.3373410000
37.8223500000 31.4358980000 89.3373410000
37.8223500000 31.4358980000 89.3373410000
37.8223500000 31.4358980000 89.3373410000
34.6800160000 29.0984020000 87.6744310000
34.6800160000 29.0984020000 87.6744310000
34.6800160000 29.0984020000 87.6744310000
37.5953330000 31.7617240000 89.5295640000
37.5953330000 31.7617240000 89.5295640000
37.5953330000 31.7617240000 89.5295640000
37.5953330000 31.7617240000 89.5295640000
37.5953330000 31.7617240000 89.5295640000
37.7831540000 32.2200850000 89.7855380000
37.7831540000 32.2200850000 89.7855380000
37.7831540000 32.2200850000 89.7855380000
37.7831540000 32.2200850000 89.7855380000
37.7831540000 32.2200850000 89.7855380000
37.7831540000 32.2200850000 89.7855380000
37.4091420000 32.0254940000 89.6788790000
37.4091420000 32.0254940000 89.6788790000
37.4091420000 32.0254940000 89.6788790000
37.4091420000 32.0254940000 89.6788790000
37.4091420000 32.0254940000 89.6788790000
35.6207540000 30.7694070000 88.9159930000
35.6207540000 30.7694070000 88.9159930000
35.6207540000 30.7694070000 88.9159930000
35.6207540000 30.7694070000 88.9159930000
35.6207540000 30.7694070000 88.9159930000
35.6207540000 30.7694070000 88.9159930000
36.6202930000 31.8962520000 89.6063690000
36.6202930000 31.8962520000 89.6063690000
36.6202930000 31.8962520000 89.6063690000
36.6202930000 31.8962520000 89.6063690000
36.6202930000 31.8962520000 89.6063690000
35.0425910000 31.6401820000 89.4587710000
35.0425910000 31.6401820000 89.4587710000
35.0425910000 31.6401820000 89.4587710000
35.0425910000 31.6401820000 89.4587710000
35.1013870000 30.7728960000 88.9182890000
35.1013870000 30.7728960000 88.9182890000
37.1200600000 32.7120480000 90.0422290000
37.1200600000 32.7120480000 90.0422290000
37.1200600000 32.7120480000 90.0422290000
37.1200600000 32.7120480000 90.0422290000
37.1200600000 32.7120480000 90.0422290000
37.1200600000 32.7120480000 90.0422290000
37.1200600000 32.7120480000 90.0422290000
37.1200600000 32.7120480000 90.0422290000
36.6006930000 32.3902090000 89.8763280000
36.6006930000 32.3902090000 89.8763280000
36.6006930000 32.3902090000 89.8763280000
34.5624240000 30.7680590000 88.9150850000
34.5624240000 30.7680590000 88.9150850000
34.5624240000 30.7680590000 88.9150850000
34.5624240000 30.7680590000 88.9150850000
36.6006930000 32.4878770000 89.9274900000
36.6006930000 32.4878770000 89.9274900000
36.6006930000 32.4878770000 89.9274900000
40.5825120000 36.2577820000 91.4032360000
40.5825120000 36.2577820000 91.4032360000
40.5825120000 36.2577820000 91.4032360000
40.5825120000 36.2577820000 91.4032360000
40.5825120000 36.2577820000 91.4032360000
41.2750020000 35.6588750000 91.2259450000
41.2750020000 35.6588750000 91.2259450000
41.2750020000 35.6588750000 91.2259450000
41.2750020000 35.6588750000 91.2259450000
41.2750020000 36.0992890000 91.3565750000
41.2750020000 36.0992890000 91.3565750000
41.2750020000 36.0992890000 91.3565750000
41.2750020000 36.5449560000 91.4771800000
41.2750020000 36.5449560000 91.4771800000
41.2750020000 36.5449560000 91.4771800000
41.2750020000 36.5449560000 91.4771800000
40.2362670000 36.1151120000 91.3636860000
40.2362670000 36.1151120000 91.3636860000
40.2362670000 36.1151120000 91.3636860000
40.2362670000 36.1151120000 91.3636860000
40.2362670000 36.1151120000 91.3636860000
33.0043220000 29.9073580000 88.3109820000
33.0043220000 29.9073580000 88.3109820000
33.0043220000 29.9073580000 88.3109820000
33.0043220000 29.9073580000 88.3109820000
33.0043220000 29.9073580000 88.3109820000
33.0043220000 29.9073580000 88.3109820000
40.5825120000 36.5564310000 91.4822010000
40.5825120000 36.5564310000 91.4822010000
40.5825120000 36.5564310000 91.4822010000
40.2362670000 36.3384440000 91.4250870000
40.2362670000 36.3384440000 91.4250870000
40.2362670000 36.3384440000 91.4250870000
40.5825120000 36.8575710000 91.5566020000
40.5825120000 36.8575710000 91.5566020000
40.5825120000 36.8575710000 91.5566020000
41.2750020000 36.9956280000 91.5874710000
41.2750020000 36.9956280000 91.5874710000
41.2750020000 36.9956280000 91.5874710000
41.2750020000 36.9956280000 91.5874710000
40.2362670000 36.5633580000 91.4839860000
40.2362670000 36.5633580000 91.4839860000
40.2362670000 36.7898410000 91.5403440000
40.2362670000 36.7898410000 91.5403440000
40.2362670000 36.7898410000 91.5403440000
40.2362670000 36.7898410000 91.5403440000
40.5825120000 37.1611440000 91.6263810000
40.5825120000 37.1611440000 91.6263810000
40.5825120000 37.1611440000 91.6263810000
41.2750020000 37.4510690000 91.6871570000
41.2750020000 37.4510690000 91.6871570000
41.2750020000 37.4510690000 91.6871570000
40.2362670000 37.0177800000 91.5941010000
40.2362670000 37.0177800000 91.5941010000
40.2362670000 37.0177800000 91.5941010000
40.2362670000 37.0177800000 91.5941010000
40.2362670000 37.0177800000 91.5941010000
37.0939290000 34.0938450000 90.6701430000
37.0939290000 34.0938450000 90.6701430000
37.0939290000 34.0938450000 90.6701430000
37.0939290000 34.0938450000 90.6701430000
37.0939290000 34.0938450000 90.6701430000
37.0939290000 34.0938450000 90.6701430000
37.0939290000 34.0938450000 90.6701430000
40.5825120000 37.4670180000 91.6914220000
40.5825120000 37.4670180000 91.6914220000
40.5825120000 37.4670180000 91.6914220000
40.5825120000 37.4670180000 91.6914220000
40.5825120000 37.4670180000 91.6914220000
40.5825120000 37.4670180000 91.6914220000
40.5825120000 37.4670180000 91.6914220000
41.2750020000 37.9110300000 91.7759250000
41.2750020000 37.9110300000 91.7759250000
41.2750020000 37.9110300000 91.7759250000
41.2750020000 38.3752710000 91.8535000000
41.2750020000 38.3752710000 91.8535000000
41.2750020000 38.3752710000 91.8535000000
41.2750020000 38.3752710000 91.8535000000
37.0939290000 34.2335320000 90.7263790000
37.0939290000 34.2335320000 90.7263790000
37.0939290000 34.2335320000 90.7263790000
37.0939290000 34.2335320000 90.7263790000
37.0939290000 34.2335320000 90.7263790000
36.0551950000 33.4180180000 90.3795850000
36.0551950000 33.4180180000 90.3795850000
36.0551950000 33.4180180000 90.3795850000
36.0551950000 33.4180180000 90.3795850000
36.0551950000 33.4180180000 90.3795850000
36.5614970000 34.3575630000 90.7752150000
36.5614970000 34.3575630000 90.7752150000
36.5614970000 34.3575630000 90.7752150000
36.5614970000 34.3575630000 90.7752150000
36.5614970000 34.4631040000 90.8160020000
36.5614970000 34.4631040000 90.8160020000
36.5614970000 34.5691600000 90.8562620000
36.5614970000 34.5691600000 90.8562620000
36.5614970000 34.5691600000 90.8562620000
36.5614970000 34.5691600000 90.8562620000
38.4789090000 36.4648360000 91.4585720000
38.4789090000 36.4648360000 91.4585720000
38.4789090000 36.4648360000 91.4585720000
38.4789090000 36.4648360000 91.4585720000
38.4789090000 36.4648360000 91.4585720000
38.4789090000 36.4648360000 91.4585720000
38.4789090000 36.4648360000 91.4585720000
38.4789090000 36.4648360000 91.4585720000
33.4452930000 31.9203720000 89.6199040000
33.4452930000 31.9203720000 89.6199040000
33.4452930000 31.9203720000 89.6199040000
32.2954980000 31.4279820000 89.3324580000
32.2954980000 31.4279820000 89.3324580000
32.2954980000 31.4279820000 89.3324580000
32.2954980000 31.4279820000 89.3324580000
32.2954980000 31.4279820000 89.3324580000
39.1713980000 37.8193090000 91.7599260000
39.1713980000 37.8193090000 91.7599260000
39.1713980000 37.8193090000 91.7599260000
39.1713980000 37.8193090000 91.7599260000
39.1713980000 37.8193090000 91.7599260000
39.1713980000 37.8193090000 91.7599260000
39.1713980000 37.8193090000 91.7599260000
39.1713980000 37.8193090000 91.7599260000
39.1713980000 37.8193090000 91.7599260000
32.4800530000 31.7758600000 89.5375820000
32.4800530000 31.7758600000 89.5375820000
32.4800530000 31.7758600000 89.5375820000
32.4800530000 31.7758600000 89.5375820000
32.4800530000 31.7758600000 89.5375820000
39.1713980000 38.1291350000 91.8144530000
39.1713980000 38.1291350000 91.8144530000
39.1713980000 38.1291350000 91.8144530000
39.1713980000 38.1291350000 91.8144530000
38.1195980000 37.0835340000 91.6090850000
38.1195980000 37.0835340000 91.6090850000
38.1195980000 37.0835340000 91.6090850000
38.1195980000 37.0835340000 91.6090850000
38.1195980000 37.0835340000 91.6090850000
38.1195980000 37.0835340000 91.6090850000
38.1195980000 37.0835340000 91.6090850000
38.1195980000 37.0835340000 91.6090850000
32.6466450000 32.0619240000 89.6989360000
32.6466450000 32.0619240000 89.6989360000
32.6466450000 32.0619240000 89.6989360000
32.6466450000 32.0619240000 89.6989360000
32.6466450000 32.0619240000 89.6989360000
33.4256940000 32.4100910000 89.8866960000
33.4256940000 32.4100910000 89.8866960000
33.4256940000 32.4100910000 89.8866960000
38.1195980000 37.3129960000 91.6593780000
38.1195980000 37.3129960000 91.6593780000
38.1195980000 37.3129960000 91.6593780000
39.1713980000 38.4403920000 91.8639450000
39.1713980000 38.4403920000 91.8639450000
39.1713980000 38.4403920000 91.8639450000
39.1713980000 38.4403920000 91.8639450000
38.1195980000 37.5435100000 91.7069240000
38.1195980000 37.5435100000 91.7069240000
38.1195980000 37.5435100000 91.7069240000
31.7010020000 31.6580830000 89.4692760000
31.7010020000 31.6580830000 89.4692760000
31.7010020000 31.6580830000 89.4692760000
31.7010020000 31.6580830000 89.4692760000
31.7010020000 31.6580830000 89.4692760000
32.8867260000 32.7485690000 90.0604100000
32.8867260000 32.7485690000 90.0604100000
32.8867260000 32.7485690000 90.0604100000
32.8867260000 32.7485690000 90.0604100000
32.8867260000 32.7485690000 90.0604100000
32.8867260000 32.7485690000 90.0604100000
33.4256940000 32.5221250000 89.9451450000
33.4256940000 32.5221250000 89.9451450000
33.4256940000 32.5221250000 89.9451450000
33.9385300000 33.4417650000 90.3902280000
33.9385300000 33.4417650000 90.3902280000
33.9385300000 33.4417650000 90.3902280000
33.9385300000 33.4417650000 90.3902280000
39.1713980000 38.7528840000 91.9083400000
39.1713980000 38.7528840000 91.9083400000
39.1713980000 38.7528840000 91.9083400000
39.1713980000 38.7528840000 91.9083400000
39.1713980000 38.7528840000 91.9083400000
41.2750020000 38.8431550000 91.9194790000
41.2750020000 38.8431550000 91.9194790000
41.2750020000 38.8431550000 91.9194790000
41.2750020000 38.8431550000 91.9194790000
32.2563020000 32.2428860000 89.7976910000
32.2563020000 32.2428860000 89.7976910000
32.2563020000 32.2428860000 89.7976910000
32.2563020000 32.2428860000 89.7976910000
32.2563020000 32.2428860000 89.7976910000
32.2563020000 32.2428860000 89.7976910000
38.1195980000 37.7749400000 91.7516860000
38.1195980000 37.7749400000 91.7516860000
38.1195980000 37.7749400000 91.7516860000
38.1195980000 37.7749400000 91.7516860000
31.4037550000 31.5915620000 89.4301990000
31.4037550000 31.5915620000 89.4301990000
31.4037550000 31.5915620000 89.4301990000
38.1195980000 38.0072170000 91.7936250000
38.1195980000 38.0072170000 91.7936250000
38.1195980000 38.0072170000 91.7936250000
38.1195980000 38.0072170000 91.7936250000
38.1195980000 38.0072170000 91.7936250000
38.1195980000 38.2402920000 91.8327410000
38.1195980000 38.2402920000 91.8327410000
38.1195980000 38.2402920000 91.8327410000
38.1195980000 38.2402920000 91.8327410000
38.1195980000 38.2402920000 91.8327410000
38.1195980000 38.2402920000 91.8327410000
38.1195980000 38.2402920000 91.8327410000
38.1195980000 38.2402920000 91.8327410000
32.8605960000 34.1522830000 90.6936190000
32.8605960000 34.1522830000 90.6936190000
32.8605960000 34.1522830000 90.6936190000
32.8605960000 34.1522830000 90.6936190000
32.8605960000 34.3113670000 90.7569430000
32.8605960000 34.3113670000 90.7569430000
32.8605960000 34.3113670000 90.7569430000
32.8605960000 34.3113670000 90.7569430000
32.8605960000 34.3113670000 90.7569430000
33.3864970000 34.5148390000 90.8355640000
33.3864970000 34.5148390000 90.8355640000
33.3864970000 34.6352500000 90.8808210000
33.3864970000 34.6352500000 90.8808210000
33.3864970000 34.6352500000 90.8808210000
33.3864970000 34.6352500000 90.8808210000
33.3864970000 34.6352500000 90.8808210000
33.3864970000 34.3944240000 90.7893750000
33.3864970000 34.3944240000 90.7893750000
33.3864970000 34.3944240000 90.7893750000
33.3864970000 34.3944240000 90.7893750000
40.5825120000 44.9841190000 91.7113650000
40.5825120000 44.9841190000 91.7113650000
40.5825120000 44.9841190000 91.7113650000
40.5825120000 44.9841190000 91.7113650000
40.5825120000 44.9841190000 91.7113650000
40.5825120000 44.9841190000 91.7113650000
41.2750020000 44.0504230000 91.8706440000
41.2750020000 44.0504230000 91.8706440000
41.2750020000 44.0504230000 91.8706440000
41.2750020000 44.0504230000 91.8706440000
41.2750020000 44.0504230000 91.8706440000
41.2750020000 44.5161930000 91.7968900000
41.2750020000 44.5161930000 91.7968900000
41.2750020000 44.5161930000 91.7968900000
41.2750020000 44.9785120000 91.7117770000
41.2750020000 44.9785120000 91.7117770000
41.2750020000 44.9785120000 91.7117770000
41.2750020000 44.9785120000 91.7117770000
39.1713980000 43.7096900000 91.9198380000
39.1713980000 43.7096900000 91.9198380000
39.1713980000 43.7096900000 91.9198380000
39.1713980000 43.7096900000 91.9198380000
39.1713980000 43.7096900000 91.9198380000
41.2750020000 43.5816990000 91.9329830000
41.2750020000 43.5816990000 91.9329830000
41.2750020000 43.5816990000 91.9329830000
41.2750020000 43.5816990000 91.9329830000
40.5825120000 45.2909050000 91.6478200000
40.5825120000 45.2909050000 91.6478200000
40.5825120000 45.2909050000 91.6478200000
40.5825120000 45.2909050000 91.6478200000
41.2750020000 45.4368710000 91.6153410000
41.2750020000 45.4368710000 91.6153410000
41.2750020000 45.4368710000 91.6153410000
41.2750020000 45.4368710000 91.6153410000
39.1713980000 44.0225750000 91.8768690000
39.1713980000 44.0225750000 91.8768690000
39.1713980000 44.0225750000 91.8768690000
39.1713980000 44.0225750000 91.8768690000
40.5825120000 45.5958670000 91.5794070000
40.5825120000 45.5958670000 91.5794070000
41.2750020000 45.8901630000 91.5081630000
41.2750020000 45.8901630000 91.5081630000
41.2750020000 45.8901630000 91.5081630000
39.1713980000 44.3341980000 91.8287960000
39.1713980000 44.3341980000 91.8287960000
39.1713980000 44.3341980000 91.8287960000
39.1713980000 44.3341980000 91.8287960000
40.2362670000 45.4459690000 91.6137080000
40.2362670000 45.4459690000 91.6137080000
40.2362670000 45.4459690000 91.6137080000
40.2362670000 45.4459690000 91.6137080000
40.2362670000 45.4459690000 91.6137080000
40.5825120000 45.8986780000 91.5062480000
40.5825120000 45.8986780000 91.5062480000
40.5825120000 45.8986780000 91.5062480000
40.2362670000 45.6744190000 91.5609510000
40.2362670000 45.6744190000 91.5609510000
40.2362670000 45.6744190000 91.5609510000
40.2362670000 45.6744190000 91.5609510000
39.1713980000 44.6443820000 91.7756810000
39.1713980000 44.6443820000 91.7756810000
39.1713980000 44.6443820000 91.7756810000
39.1713980000 44.6443820000 91.7756810000
39.1713980000 44.6443820000 91.7756810000
39.1713980000 44.6443820000 91.7756810000
39.1713980000 44.6443820000 91.7756810000
39.1713980000 44.6443820000 91.7756810000
40.5825120000 46.1988680000 91.4285200000
40.5825120000 46.1988680000 91.4285200000
40.5825120000 46.1988680000 91.4285200000
40.5825120000 46.1988680000 91.4285200000
41.2750020000 46.3371390000 91.3912890000
41.2750020000 46.3371390000 91.3912890000
41.2750020000 46.3371390000 91.3912890000
41.2750020000 46.7777750000 91.2648770000
41.2750020000 46.7777750000 91.2648770000
41.2750020000 46.7777750000 91.2648770000
41.2750020000 46.7777750000 91.2648770000
40.2362670000 45.9017490000 91.5055010000
40.2362670000 45.9017490000 91.5055010000
40.2362670000 46.1278570000 91.4473950000
40.2362670000 46.1278570000 91.4473950000
38.1195980000 44.2415500000 91.8436430000
38.1195980000 44.2415500000 91.8436430000
38.1195980000 44.2415500000 91.8436430000
38.1195980000 44.2415500000 91.8436430000
38.1195980000 44.2415500000 91.8436430000
38.1195980000 44.2415500000 91.8436430000
38.1195980000 44.2415500000 91.8436430000
38.1195980000 44.2415500000 91.8436430000
40.2362670000 46.3524480000 91.3867420000
40.2362670000 46.3524480000 91.3867420000
40.2362670000 46.3524480000 91.3867420000
40.2362670000 46.3524480000 91.3867420000
40.2362670000 46.3524480000 91.3867420000
38.1195980000 44.4748730000 91.8053590000
38.1195980000 44.4748730000 91.8053590000
38.1195980000 44.4748730000 91.8053590000
38.1195980000 44.4748730000 91.8053590000
38.1195980000 44.4748730000 91.8053590000
29.6529310000 36.0301440000 91.3391420000
29.6529310000 36.0301440000 91.3391420000
29.6529310000 36.0301440000 91.3391420000
29.6529310000 36.0301440000 91.3391420000
29.6529310000 36.0301440000 91.3391420000
29.6529310000 36.0301440000 91.3391420000
29.6529310000 36.0301440000 91.3391420000
30.7308640000 35.1961060000 91.0794220000
30.7308640000 35.1961060000 91.0794220000
30.7308640000 35.1961060000 91.0794220000
30.7308640000 35.1961060000 91.0794220000
31.4233530000 36.4745860000 91.4607240000
31.4233530000 36.4745860000 91.4607240000
31.4233530000 36.4745860000 91.4607240000
31.4233530000 36.4745860000 91.4607240000
31.4233530000 36.4745860000 91.4607240000
31.4233530000 36.4745860000 91.4607240000
31.4233530000 36.4745860000 91.4607240000
31.4233530000 36.4745860000 91.4607240000
31.4233530000 36.4745860000 91.4607240000
38.1195980000 44.7074510000 91.7642290000
38.1195980000 44.7074510000 91.7642290000
38.1195980000 44.7074510000 91.7642290000
38.1195980000 44.7074510000 91.7642290000
29.6529310000 36.2797390000 91.4088060000
29.6529310000 36.2797390000 91.4088060000
29.6529310000 36.2797390000 91.4088060000
38.1195980000 44.9391750000 91.7202840000
38.1195980000 44.9391750000 91.7202840000
38.1195980000 44.9391750000 91.7202840000
29.6529310000 36.5299990000 91.4749910000
29.6529310000 36.5299990000 91.4749910000
38.1195980000 45.1699330000 91.6735530000
38.1195980000 45.1699330000 91.6735530000
38.1195980000 45.1699330000 91.6735530000
29.6529310000 36.7809450000 91.5377270000
29.6529310000 36.7809450000 91.5377270000
29.2936210000 36.4792480000 91.4618530000
29.2936210000 36.4792480000 91.4618530000
29.2936210000 36.4792480000 91.4618530000
29.2936210000 36.4792480000 91.4618530000
38.1195980000 45.3996510000 91.6240690000
38.1195980000 45.3996510000 91.6240690000
38.1195980000 45.3996510000 91.6240690000
38.1195980000 45.3996510000 91.6240690000
38.1195980000 45.3996510000 91.6240690000
38.1195980000 45.3996510000 91.6240690000
38.1195980000 45.3996510000 91.6240690000
38.1195980000 45.3996510000 91.6240690000
38.1195980000 45.3996510000 91.6240690000
30.7047330000 37.8944510000 91.7731550000
30.7047330000 37.8944510000 91.7731550000
30.7047330000 37.8944510000 91.7731550000
30.7047330000 37.8944510000 91.7731550000
30.7047330000 37.8944510000 91.7731550000
30.7047330000 37.8944510000 91.7731550000
30.7047330000 37.8944510000 91.7731550000
31.7695980000 37.6340030000 91.7243800000
31.7695980000 37.6340030000 91.7243800000
31.7695980000 37.6340030000 91.7243800000
31.7695980000 37.8883250000 91.7721180000
31.7695980000 37.8883250000 91.7721180000
31.7695980000 37.8883250000 91.7721180000
31.7695980000 37.8883250000 91.7721180000
31.7695980000 37.1276440000 91.6185990000
31.7695980000 37.1276440000 91.6185990000
31.7695980000 37.1276440000 91.6185990000
31.7695980000 37.1276440000 91.6185990000
31.7695980000 37.1276440000 91.6185990000
31.7695980000 37.1276440000 91.6185990000
31.7695980000 37.1276440000 91.6185990000
31.7695980000 37.1276440000 91.6185990000
31.7695980000 37.3804510000 91.6732030000
31.7695980000 37.3804510000 91.6732030000
31.7695980000 37.3804510000 91.6732030000
31.7695980000 38.1434360000 91.8164290000
31.7695980000 38.1434360000 91.8164290000
31.7695980000 38.1434360000 91.8164290000
31.7695980000 38.1434360000 91.8164290000
31.7695980000 38.1434360000 91.8164290000
31.7695980000 38.1434360000 91.8164290000
31.7695980000 38.1434360000 91.8164290000
29.6529310000 37.0326040000 91.5970230000
29.6529310000 37.0326040000 91.5970230000
29.6529310000 37.0326040000 91.5970230000
38.4789090000 46.0245250000 91.4743420000
38.4789090000 46.0245250000 91.4743420000
38.4789090000 46.0245250000 91.4743420000
38.4789090000 46.0245250000 91.4743420000
38.4789090000 46.0245250000 91.4743420000
38.4789090000 46.0245250000 91.4743420000
38.4789090000 46.0245250000 91.4743420000
38.4789090000 46.0245250000 91.4743420000
29.2936210000 36.8150940000 91.5459750000
29.2936210000 36.8150940000 91.5459750000
30.7047330000 38.2355650000 91.8314820000
30.7047330000 38.2355650000 91.8314820000
30.7047330000 38.2355650000 91.8314820000
30.7047330000 38.2355650000 91.8314820000
29.2936210000 37.1522410000 91.6239400000
29.2936210000 37.1522410000 91.6239400000
29.2936210000 37.1522410000 91.6239400000
30.7047330000 38.5778010000 91.8836210000
30.7047330000 38.5778010000 91.8836210000
30.7047330000 38.5778010000 91.8836210000
30.7047330000 38.5778010000 91.8836210000
30.7047330000 38.5778010000 91.8836210000
30.7047330000 38.5778010000 91.8836210000
29.2936210000 37.4906540000 91.6957470000
29.2936210000 37.4906540000 91.6957470000
29.2936210000 37.4906540000 91.6957470000
29.2936210000 37.4906540000 91.6957470000
29.2936210000 37.4906540000 91.6957470000
29.2936210000 37.4906540000 91.6957470000
29.2936210000 37.4906540000 91.6957470000
30.7047330000 38.9211160000 91.9295500000
30.7047330000 38.9211160000 91.9295500000
30.7047330000 38.9211160000 91.9295500000
30.7047330000 38.9211160000 91.9295500000
37.0939290000 48.3030740000 90.7317500000
37.0939290000 48.3030740000 90.7317500000
37.0939290000 48.3030740000 90.7317500000
37.0939290000 48.3030740000 90.7317500000
37.0939290000 48.3030740000 90.7317500000
37.0939290000 48.4422110000 90.6758650000
37.0939290000 48.4422110000 90.6758650000
37.0939290000 48.4422110000 90.6758650000
37.0939290000 48.4422110000 90.6758650000
37.0939290000 48.4422110000 90.6758650000
36.5614970000 48.0739360000 90.8210070000
36.5614970000 48.0739360000 90.8210070000
36.5614970000 47.9681740000 90.8610690000
36.5614970000 47.9681740000 90.8610690000
36.5614970000 47.9681740000 90.8610690000
36.5614970000 47.9681740000 90.8610690000
36.5614970000 48.1789360000 90.7805180000
36.5614970000 48.1789360000 90.7805180000
36.5614970000 48.1789360000 90.7805180000
36.5614970000 48.1789360000 90.7805180000
38.6944960000 51.0513380000 89.3751600000
38.6944960000 51.0513380000 89.3751600000
38.6944960000 51.0513380000 89.3751600000
38.6944960000 51.0513380000 89.3751600000
37.7831540000 50.4746700000 89.7065510000
37.7831540000 50.4746700000 89.7065510000
37.7831540000 50.4746700000 89.7065510000
37.7831540000 50.4746700000 89.7065510000
37.7831540000 50.4746700000 89.7065510000
37.7831540000 50.4746700000 89.7065510000
38.4037820000 50.9994620000 89.4060670000
38.4037820000 50.9994620000 89.4060670000
38.4037820000 50.9994620000 89.4060670000
38.4037820000 50.9994620000 89.4060670000
38.4037820000 50.9994620000 89.4060670000
37.1200600000 49.9824750000 89.9687500000
37.1200600000 49.9824750000 89.9687500000
37.1200600000 49.9824750000 89.9687500000
37.1200600000 49.9824750000 89.9687500000
37.1200600000 49.9824750000 89.9687500000
37.1200600000 49.9824750000 89.9687500000
37.1200600000 49.8522300000 90.0350880000
37.1200600000 49.8522300000 90.0350880000
37.1200600000 49.8522300000 90.0350880000
30.7047330000 43.9682240000 91.8841860000
30.7047330000 43.9682240000 91.8841860000
30.7047330000 43.9682240000 91.8841860000
30.7047330000 43.9682240000 91.8841860000
30.7047330000 43.9682240000 91.8841860000
30.7047330000 43.6248930000 91.9300460000
30.7047330000 43.6248930000 91.9300460000
30.7047330000 43.6248930000 91.9300460000
30.7047330000 43.6248930000 91.9300460000
30.7047330000 43.6248930000 91.9300460000
31.7695980000 44.1447490000 91.8582080000
31.7695980000 44.1447490000 91.8582080000
31.7695980000 44.1447490000 91.8582080000
31.7695980000 44.1447490000 91.8582080000
31.7695980000 44.1447490000 91.8582080000
31.7695980000 44.1447490000 91.8582080000
31.7695980000 44.1447490000 91.8582080000
36.0551950000 49.1490210000 90.3719020000
36.0551950000 49.1490210000 90.3719020000
36.0551950000 49.1490210000 90.3719020000
36.0551950000 49.1490210000 90.3719020000
30.7047330000 44.3104740000 91.8321230000
30.7047330000 44.3104740000 91.8321230000
30.7047330000 44.3104740000 91.8321230000
30.7047330000 44.3104740000 91.8321230000
30.7047330000 44.3104740000 91.8321230000
31.7695980000 44.4007000000 91.8174130000
31.7695980000 44.4007000000 91.8174130000
31.7695980000 44.4007000000 91.8174130000
31.7695980000 44.4007000000 91.8174130000
37.4091420000 50.6555860000 89.6054230000
37.4091420000 50.6555860000 89.6054230000
37.4091420000 50.6555860000 89.6054230000
37.4091420000 50.6555860000 89.6054230000
37.4091420000 50.6555860000 89.6054230000
37.5953330000 50.9153100000 89.4557110000
37.5953330000 50.9153100000 89.4557110000
37.5953330000 50.9153100000 89.4557110000
37.5953330000 50.9153100000 89.4557110000
37.5953330000 50.9153100000 89.4557110000
36.6006930000 50.0916370000 89.9121550000
36.6006930000 50.0916370000 89.9121550000
36.6006930000 50.0916370000 89.9121550000
36.6006930000 50.0916370000 89.9121550000
30.7047330000 44.6516110000 91.7738650000
30.7047330000 44.6516110000 91.7738650000
30.7047330000 44.6516110000 91.7738650000
30.7047330000 44.6516110000 91.7738650000
30.7047330000 44.6516110000 91.7738650000
30.7047330000 44.6516110000 91.7738650000
30.7047330000 44.6516110000 91.7738650000
31.7695980000 44.9101720000 91.7255170000
31.7695980000 44.9101720000 91.7255170000
31.7695980000 44.9101720000 91.7255170000
31.7695980000 45.1637460000 91.6744230000
31.7695980000 45.1637460000 91.6744230000
31.7695980000 45.1637460000 91.6744230000
31.7695980000 45.4165800000 91.6198880000
31.7695980000 45.4165800000 91.6198880000
31.7695980000 45.4165800000 91.6198880000
31.7695980000 45.4165800000 91.6198880000
31.7695980000 45.4165800000 91.6198880000
31.7695980000 45.4165800000 91.6198880000
31.7695980000 45.4165800000 91.6198880000
31.7695980000 45.4165800000 91.6198880000
31.7695980000 44.6558300000 91.7731860000
31.7695980000 44.6558300000 91.7731860000
31.7695980000 44.6558300000 91.7731860000
31.7695980000 44.6558300000 91.7731860000
36.6006930000 50.1884650000 89.8612290000
36.6006930000 50.1884650000 89.8612290000
37.8223500000 51.2325550000 89.2653350000
37.8223500000 51.2325550000 89.2653350000
37.8223500000 51.2325550000 89.2653350000
37.8223500000 51.2325550000 89.2653350000
37.8223500000 51.2325550000 89.2653350000
36.6006930000 50.2846300000 89.8099370000
36.6006930000 50.2846300000 89.8099370000
36.6006930000 50.2846300000 89.8099370000
36.6202930000 50.7646220000 89.5431900000
36.6202930000 50.7646220000 89.5431900000
36.6202930000 50.7646220000 89.5431900000
36.6202930000 50.7646220000 89.5431900000
36.6202930000 50.7646220000 89.5431900000
31.4233530000 46.0809710000 91.4592820000
31.4233530000 46.0809710000 91.4592820000
31.4233530000 46.0809710000 91.4592820000
31.4233530000 46.0809710000 91.4592820000
31.4233530000 46.0809710000 91.4592820000
31.4233530000 46.0809710000 91.4592820000
31.4233530000 46.0809710000 91.4592820000
31.4233530000 46.0809710000 91.4592820000
31.4233530000 46.0809710000 91.4592820000
32.8605960000 48.2616160000 90.7479170000
32.8605960000 48.2616160000 90.7479170000
32.8605960000 48.2616160000 90.7479170000
32.8605960000 48.2616160000 90.7479170000
32.8605960000 48.2616160000 90.7479170000
33.3864970000 47.9294850000 90.8753510000
33.3864970000 47.9294850000 90.8753510000
33.3864970000 47.9294850000 90.8753510000
33.3864970000 47.9294850000 90.8753510000
33.3864970000 47.9294850000 90.8753510000
33.3864970000 48.0498390000 90.8300020000
33.3864970000 48.0498390000 90.8300020000
33.3864970000 48.1701970000 90.7837220000
33.3864970000 48.1701970000 90.7837220000
33.3864970000 48.1701970000 90.7837220000
33.3864970000 48.1701970000 90.7837220000
32.8605960000 48.4205740000 90.6844020000
32.8605960000 48.4205740000 90.6844020000
32.8605960000 48.4205740000 90.6844020000
32.8605960000 48.4205740000 90.6844020000
29.2936210000 45.0688100000 91.6938250000
29.2936210000 45.0688100000 91.6938250000
29.2936210000 45.0688100000 91.6938250000
29.2936210000 45.0688100000 91.6938250000
29.2936210000 45.0688100000 91.6938250000
29.2936210000 45.0688100000 91.6938250000
29.2936210000 45.0688100000 91.6938250000
29.6529310000 45.5315320000 91.5937880000
29.6529310000 45.5315320000 91.5937880000
29.6529310000 45.5315320000 91.5937880000
29.2936210000 45.4071660000 91.6218490000
29.2936210000 45.4071660000 91.6218490000
29.2936210000 45.4071660000 91.6218490000
29.6529310000 45.7831270000 91.5343020000
29.6529310000 45.7831270000 91.5343020000
29.6529310000 46.0340000000 91.4713820000
29.6529310000 46.0340000000 91.4713820000
29.2936210000 45.7442550000 91.5437160000
29.2936210000 45.7442550000 91.5437160000
29.6529310000 46.2841840000 91.4050140000
29.6529310000 46.2841840000 91.4050140000
29.6529310000 46.2841840000 91.4050140000
29.2936210000 46.0800360000 91.4594350000
29.2936210000 46.0800360000 91.4594350000
29.2936210000 46.0800360000 91.4594350000
29.2936210000 46.0800360000 91.4594350000
29.6529310000 46.5336990000 91.3351670000
29.6529310000 46.5336990000 91.3351670000
29.6529310000 46.5336990000 91.3351670000
29.6529310000 46.5336990000 91.3351670000
29.6529310000 46.5336990000 91.3351670000
29.6529310000 46.5336990000 91.3351670000
29.6529310000 46.5336990000 91.3351670000
30.7308640000 47.3811000000 91.0702360000
30.7308640000 47.3811000000 91.0702360000
30.7308640000 47.3811000000 91.0702360000
30.7308640000 47.3811000000 91.0702360000
35.6207540000 51.8065530000 88.8988340000
35.6207540000 51.8065530000 88.8988340000
35.6207540000 51.8065530000 88.8988340000
35.6207540000 51.8065530000 88.8988340000
35.6207540000 51.8065530000 88.8988340000
35.1601830000 52.6367570000 88.3153310000
35.1601830000 52.6367570000 88.3153310000
35.1601830000 52.6367570000 88.3153310000
35.0425910000 50.9809840000 89.4168550000
35.0425910000 50.9809840000 89.4168550000
35.0425910000 50.9809840000 89.4168550000
35.0425910000 50.9809840000 89.4168550000
32.8867260000 49.8514330000 90.0353010000
32.8867260000 49.8514330000 90.0353010000
32.8867260000 49.8514330000 90.0353010000
32.8867260000 49.8514330000 90.0353010000
32.8867260000 49.8514330000 90.0353010000
32.8867260000 49.8514330000 90.0353010000
33.4256940000 50.0835760000 89.9162220000
33.4256940000 50.0835760000 89.9162220000
33.4256940000 50.0835760000 89.9162220000
33.4256940000 50.1953240000 89.8574520000
33.4256940000 50.1953240000 89.8574520000
33.4256940000 50.1953240000 89.8574520000
33.9385300000 49.1434100000 90.3743360000
33.9385300000 49.1434100000 90.3743360000
33.9385300000 49.1434100000 90.3743360000
33.9385300000 49.1434100000 90.3743360000
35.1013870000 51.8183900000 88.8909530000
35.1013870000 51.8183900000 88.8909530000
34.5624240000 51.8174590000 88.8915560000
34.5624240000 51.8174590000 88.8915560000
34.5624240000 51.8174590000 88.8915560000
34.5624240000 51.8174590000 88.8915560000
34.5624240000 51.8174590000 88.8915560000
33.4452930000 50.7116320000 89.5734100000
33.4452930000 50.7116320000 89.5734100000
33.4452930000 50.7116320000 89.5734100000
33.4452930000 50.7116320000 89.5734100000
33.4452930000 50.7116320000 89.5734100000
32.6466450000 50.5756000000 89.6502690000
32.6466450000 50.5756000000 89.6502690000
32.6466450000 50.5756000000 89.6502690000
32.6466450000 50.5756000000 89.6502690000
32.6466450000 50.5756000000 89.6502690000
32.2563020000 50.3724820000 89.7623210000
32.2563020000 50.3724820000 89.7623210000
32.2563020000 50.3724820000 89.7623210000
32.2563020000 50.3724820000 89.7623210000
32.2563020000 50.3724820000 89.7623210000
32.2563020000 50.3724820000 89.7623210000
32.4800530000 50.8520510000 89.4925160000
32.4800530000 50.8520510000 89.4925160000
32.4800530000 50.8520510000 89.4925160000
32.4800530000 50.8520510000 89.4925160000
32.4800530000 50.8520510000 89.4925160000
32.4800530000 50.8520510000 89.4925160000
35.7383500000 53.4223940000 87.6986920000
35.7383500000 53.4223940000 87.6986920000
35.7383500000 53.4223940000 87.6986920000
35.2189830000 53.4336200000 87.6893770000
35.2189830000 53.4336200000 87.6893770000
32.2954980000 51.1659130000 89.3058700000
32.2954980000 51.1659130000 89.3058700000
32.2954980000 51.1659130000 89.3058700000
32.2954980000 51.1659130000 89.3058700000
32.2954980000 51.1659130000 89.3058700000
31.7010020000 50.8905110000 89.4701000000
31.7010020000 50.8905110000 89.4701000000
31.7010020000 50.8905110000 89.4701000000
31.7010020000 50.8905110000 89.4701000000
31.7010020000 50.8905110000 89.4701000000
34.6800160000 53.4327430000 87.6901090000
34.6800160000 53.4327430000 87.6901090000
34.6800160000 53.4327430000 87.6901090000
34.6800160000 53.4327430000 87.6901090000
31.4037550000 50.9526820000 89.4335940000
31.4037550000 50.9526820000 89.4335940000
31.4037550000 50.9526820000 89.4335940000
40.4812510000 59.8198200000 77.3782960000
40.4812510000 59.8198200000 77.3782960000
40.4812510000 59.8198200000 77.3782960000
40.4812510000 59.8198200000 77.3782960000
40.4812510000 59.8198200000 77.3782960000
40.4812510000 59.8198200000 77.3782960000
40.4812510000 59.8198200000 77.3782960000
40.4812510000 59.8198200000 77.3782960000
40.4812510000 59.8198200000 77.3782960000
40.4812510000 59.8198200000 77.3782960000
40.4812510000 59.8198200000 77.3782960000
41.2750020000 59.7742390000 77.5684970000
41.2750020000 59.7742390000 77.5684970000
41.2750020000 59.7742390000 77.5684970000
41.2750020000 59.8529470000 77.2373430000
41.2750020000 59.8529470000 77.2373430000
41.2750020000 59.8529470000 77.2373430000
41.2750020000 59.9246220000 76.9098510000
41.2750020000 59.9246220000 76.9098510000
41.2750020000 59.9246220000 76.9098510000
41.2750020000 59.9894100000 76.5863570000
41.2750020000 59.9894100000 76.5863570000
41.2750020000 59.9894100000 76.5863570000
41.2750020000 60.0474470000 76.2671740000
41.2750020000 60.0474470000 76.2671740000
41.2750020000 60.0474470000 76.2671740000
38.8937490000 59.8153950000 77.3958130000
38.8937490000 59.8153950000 77.3958130000
38.8937490000 59.8153950000 77.3958130000
38.8937490000 59.8153950000 77.3958130000
38.8937490000 59.8153950000 77.3958130000
38.8937490000 59.8153950000 77.3958130000
38.8937490000 59.8153950000 77.3958130000
38.8937490000 59.8153950000 77.3958130000
38.0999980000 59.9805150000 76.6213610000
38.0999980000 59.9805150000 76.6213610000
38.0999980000 59.9805150000 76.6213610000
38.0999980000 59.8759690000 77.1275250000
38.0999980000 59.8759690000 77.1275250000
38.0999980000 59.8759690000 77.1275250000
38.0999980000 59.7577630000 77.6306690000
38.0999980000 59.7577630000 77.6306690000
38.0999980000 59.7577630000 77.6306690000
29.3687500000 58.1953740000 81.7764210000
29.3687500000 58.1953740000 81.7764210000
29.3687500000 58.1953740000 81.7764210000
29.3687500000 58.1953740000 81.7764210000
29.3687500000 58.1953740000 81.7764210000
29.3687500000 58.1953740000 81.7764210000
29.3687500000 58.1953740000 81.7764210000
29.3687500000 58.1953740000 81.7764210000
35.5488930000 32.5113070000 89.9396060000
35.5488930000 32.5113070000 89.9396060000
35.5488930000 32.5113070000 89.9396060000
35.0033950000 33.4423560000 90.3905410000
35.0033950000 33.4423560000 90.3905410000
38.6117440000 35.3660960000 91.1361620000
38.6117440000 35.3660960000 91.1361620000
38.6117440000 35.3660960000 91.1361620000
38.6117440000 35.3660960000 91.1361620000
38.3188510000 35.4231300000 91.1546710000
38.3188510000 35.4231300000 91.1546710000
38.3188510000 35.4231300000 91.1546710000
38.3188510000 35.4231300000 91.1546710000
38.3188510000 35.4231300000 91.1546710000
35.0229950000 32.5230140000 89.9456480000
35.0229950000 32.5230140000 89.9456480000
37.7330670000 35.1361580000 91.0594640000
37.7330670000 35.1361580000 91.0594640000
37.7330670000 35.1361580000 91.0594640000
37.7330670000 35.1361580000 91.0594640000
37.7330670000 35.1361580000 91.0594640000
34.4905590000 32.5227280000 89.9454800000
34.4905590000 32.5227280000 89.9454800000
34.4905590000 32.5227280000 89.9454800000
37.5202030000 35.5052990000 91.1809770000
37.5202030000 35.5052990000 91.1809770000
37.5202030000 35.5052990000 91.1809770000
37.5202030000 35.5052990000 91.1809770000
37.5202030000 35.5052990000 91.1809770000
37.7200010000 36.0251850000 91.3381420000
37.7200010000 36.0251850000 91.3381420000
37.7200010000 36.0251850000 91.3381420000
37.7200010000 36.0251850000 91.3381420000
37.7200010000 36.0251850000 91.3381420000
37.7200010000 36.0251850000 91.3381420000
37.3405490000 35.8070110000 91.2741470000
37.3405490000 35.8070110000 91.2741470000
37.3405490000 35.8070110000 91.2741470000
37.3405490000 35.8070110000 91.2741470000
37.3405490000 35.8070110000 91.2741470000
35.5096970000 34.3827480000 90.7849580000
35.5096970000 34.3827480000 90.7849580000
35.5096970000 34.3827480000 90.7849580000
35.5096970000 34.3827480000 90.7849580000
35.5096970000 34.3827480000 90.7849580000
35.5096970000 34.3827480000 90.7849580000
36.5484310000 35.6637120000 91.2305450000
36.5484310000 35.6637120000 91.2305450000
36.5484310000 35.6637120000 91.2305450000
36.5484310000 35.6637120000 91.2305450000
36.5484310000 35.6637120000 91.2305450000
36.5484310000 35.6637120000 91.2305450000
36.5484310000 35.6637120000 91.2305450000
34.9641990000 35.3786280000 91.1400910000
34.9641990000 35.3786280000 91.1400910000
34.9641990000 35.3786280000 91.1400910000
34.9641990000 35.3786280000 91.1400910000
34.9641990000 35.3786280000 91.1400910000
34.9641990000 35.3786280000 91.1400910000
34.9837950000 34.3953360000 90.7898100000
34.9837950000 34.3953360000 90.7898100000
37.0677990000 36.5836980000 91.4891590000
37.0677990000 36.5836980000 91.4891590000
37.0677990000 36.5836980000 91.4891590000
37.0677990000 36.5836980000 91.4891590000
37.0677990000 36.5836980000 91.4891590000
37.0677990000 36.5836980000 91.4891590000
37.0677990000 36.5836980000 91.4891590000
40.2232020000 39.8990360000 92.0262830000
40.2232020000 39.8990360000 92.0262830000
40.2232020000 39.8990360000 92.0262830000
40.2232020000 39.8990360000 92.0262830000
40.2232020000 39.8990360000 92.0262830000
40.2232020000 39.8990360000 92.0262830000
40.2232020000 39.8990360000 92.0262830000
40.2232020000 39.8990360000 92.0262830000
39.1713980000 39.0664750000 91.9476010000
39.1713980000 39.0664750000 91.9476010000
39.1713980000 39.0664750000 91.9476010000
39.1713980000 39.0664750000 91.9476010000
41.2750020000 39.3136440000 91.9735790000
41.2750020000 39.3136440000 91.9735790000
41.2750020000 39.3136440000 91.9735790000
41.2750020000 39.7862280000 92.0158460000
41.2750020000 39.7862280000 92.0158460000
41.2750020000 39.7862280000 92.0158460000
37.0677990000 36.7351760000 91.5270000000
37.0677990000 36.7351760000 91.5270000000
36.5418970000 36.2229880000 91.3936770000
36.5418970000 36.2229880000 91.3936770000
36.5418970000 36.2229880000 91.3936770000
36.5418970000 36.2229880000 91.3936770000
36.5418970000 36.2229880000 91.3936770000
40.5737990000 40.3358800000 92.0528640000
40.5737990000 40.3358800000 92.0528640000
40.5737990000 40.3358800000 92.0528640000
40.5737990000 40.3358800000 92.0528640000
40.5737990000 40.3358800000 92.0528640000
40.5737990000 40.3358800000 92.0528640000
41.2750020000 40.2603990000 92.0463100000
41.2750020000 40.2603990000 92.0463100000
41.2750020000 40.2603990000 92.0463100000
41.2750020000 40.7356530000 92.0650330000
41.2750020000 40.7356530000 92.0650330000
41.2750020000 40.7356530000 92.0650330000
41.2750020000 40.7356530000 92.0650330000
36.5418970000 36.3356510000 91.4243010000
36.5418970000 36.3356510000 91.4243010000
36.5418970000 36.3356510000 91.4243010000
37.0677990000 36.8871770000 91.5636600000
34.4513630000 34.3950420000 90.7896650000
34.4513630000 34.3950420000 90.7896650000
34.4513630000 34.3950420000 90.7896650000
34.4513630000 34.3950420000 90.7896650000
40.2232020000 40.1362380000 92.0419770000
40.2232020000 40.1362380000 92.0419770000
40.2232020000 40.1362380000 92.0419770000
40.2232020000 40.1362380000 92.0419770000
36.5418970000 36.4486660000 91.4542850000
36.5418970000 36.4486660000 91.4542850000
37.0677990000 37.0396540000 91.5990980000
37.0677990000 37.0396540000 91.5990980000
37.0677990000 37.0396540000 91.5990980000
36.5418970000 36.5619770000 91.4836040000
36.5418970000 36.5619770000 91.4836040000
37.0677990000 37.1925930000 91.6333310000
37.0677990000 37.1925930000 91.6333310000
37.0677990000 37.1925930000 91.6333310000
37.0677990000 37.1925930000 91.6333310000
37.0677990000 37.1925930000 91.6333310000
37.0677990000 37.1925930000 91.6333310000
37.0677990000 37.1925930000 91.6333310000
37.0677990000 37.1925930000 91.6333310000
37.0677990000 37.1925930000 91.6333310000
36.5418970000 36.6755830000 91.5122450000
36.5418970000 36.7894670000 91.5402220000
36.5418970000 36.7894670000 91.5402220000
36.5418970000 36.7894670000 91.5402220000
36.5418970000 36.7894670000 91.5402220000
36.5418970000 36.7894670000 91.5402220000
32.8736610000 33.4409710000 90.3898320000
32.8736610000 33.4409710000 90.3898320000
32.8736610000 33.4409710000 90.3898320000
32.8736610000 33.4409710000 90.3898320000
32.8736610000 33.4409710000 90.3898320000
39.1713980000 40.5070950000 92.0606160000
39.1713980000 40.5070950000 92.0606160000
39.1713980000 40.5070950000 92.0606160000
39.1713980000 40.5070950000 92.0606160000
39.1713980000 40.5070950000 92.0606160000
39.1713980000 40.5070950000 92.0606160000
38.1195980000 39.5136760000 91.9944760000
38.1195980000 39.5136760000 91.9944760000
38.1195980000 39.5136760000 91.9944760000
38.1195980000 39.5136760000 91.9944760000
38.1195980000 39.5136760000 91.9944760000
40.5737990000 42.1000860000 92.0581590000
40.5737990000 42.1000860000 92.0581590000
40.5737990000 42.1000860000 92.0581590000
40.5737990000 42.1000860000 92.0581590000
40.5737990000 42.1000860000 92.0581590000
41.2750020000 41.6873970000 92.0673900000
41.2750020000 41.6873970000 92.0673900000
41.2750020000 41.6873970000 92.0673900000
41.2750020000 41.6873970000 92.0673900000
41.2750020000 42.1628760000 92.0511170000
41.2750020000 42.1628760000 92.0511170000
41.2750020000 42.1628760000 92.0511170000
41.2750020000 42.1628760000 92.0511170000
40.5737990000 42.4168050000 92.0417860000
40.5737990000 42.4168050000 92.0417860000
40.5737990000 42.4168050000 92.0417860000
40.5737990000 42.4168050000 92.0417860000
40.5737990000 42.4168050000 92.0417860000
40.5737990000 42.4168050000 92.0417860000
41.2750020000 42.6374240000 92.0232620000
41.2750020000 42.6374240000 92.0232620000
41.2750020000 42.6374240000 92.0232620000
41.2750020000 43.1105310000 91.9838710000
41.2750020000 43.1105310000 91.9838710000
41.2750020000 43.1105310000 91.9838710000
41.2750020000 43.1105310000 91.9838710000
40.2232020000 42.3061830000 92.0481260000
40.2232020000 42.3061830000 92.0481260000
40.2232020000 42.3061830000 92.0481260000
40.2232020000 42.3061830000 92.0481260000
40.2232020000 42.3061830000 92.0481260000
38.1195980000 40.1554220000 92.0431670000
38.1195980000 40.1554220000 92.0431670000
38.1195980000 40.1554220000 92.0431670000
38.1195980000 40.1554220000 92.0431670000
38.1195980000 40.1554220000 92.0431670000
38.1195980000 40.1554220000 92.0431670000
37.5936970000 39.7378500000 92.0139540000
37.5936970000 39.7378500000 92.0139540000
37.5936970000 39.7378500000 92.0139540000
37.5936970000 39.7378500000 92.0139540000
40.2232020000 42.5435520000 92.0337750000
40.2232020000 42.5435520000 92.0337750000
40.2232020000 42.5435520000 92.0337750000
40.2232020000 42.5435520000 92.0337750000
40.2232020000 42.5435520000 92.0337750000
40.2232020000 42.5435520000 92.0337750000
40.2232020000 42.5435520000 92.0337750000
39.1713980000 43.3957520000 91.9576640000
39.1713980000 43.3957520000 91.9576640000
39.1713980000 43.3957520000 91.9576640000
39.1713980000 43.3957520000 91.9576640000
36.0159990000 38.2591670000 91.8356930000
36.0159990000 38.2591670000 91.8356930000
36.0159990000 38.2591670000 91.8356930000
36.0159990000 38.2591670000 91.8356930000
33.3734320000 35.7006680000 91.2417070000
33.3734320000 35.7006680000 91.2417070000
33.3734320000 35.7006680000 91.2417070000
33.3734320000 35.7006680000 91.2417070000
33.3734320000 35.7006680000 91.2417070000
39.1713980000 41.9543530000 92.0639880000
39.1713980000 41.9543530000 92.0639880000
39.1713980000 41.9543530000 92.0639880000
39.1713980000 41.9543530000 92.0639880000
39.1713980000 41.9543530000 92.0639880000
39.1713980000 41.9543530000 92.0639880000
39.1713980000 41.9543530000 92.0639880000
39.1713980000 41.9543530000 92.0639880000
32.2062150000 35.1519780000 91.0645520000
32.2062150000 35.1519780000 91.0645520000
32.2062150000 35.1519780000 91.0645520000
32.2062150000 35.1519780000 91.0645520000
32.2062150000 35.1519780000 91.0645520000
32.4049260000 35.5439760000 91.1929400000
32.4049260000 35.5439760000 91.1929400000
32.4049260000 35.5439760000 91.1929400000
32.4049260000 35.5439760000 91.1929400000
32.4049260000 35.5439760000 91.1929400000
36.5418970000 39.7474170000 92.0146870000
36.5418970000 39.7474170000 92.0146870000
32.5780490000 35.8626590000 91.2904590000
32.5780490000 35.8626590000 91.2904590000
32.5780490000 35.8626590000 91.2904590000
32.5780490000 35.8626590000 91.2904590000
32.5780490000 35.8626590000 91.2904590000
33.3668980000 36.2446400000 91.3994140000
33.3668980000 36.2446400000 91.3994140000
33.3668980000 36.2446400000 91.3994140000
33.3668980000 36.2446400000 91.3994140000
33.3668980000 36.2446400000 91.3994140000
36.7171970000 40.2473450000 92.0483170000
36.7171970000 40.2473450000 92.0483170000
36.7171970000 40.2473450000 92.0483170000
37.0677990000 41.2498820000 92.0760650000
37.0677990000 41.2498820000 92.0760650000
34.9641990000 41.2691040000 92.0759510000
34.9641990000 41.2691040000 92.0759510000
34.9641990000 41.2691040000 92.0759510000
34.9641990000 41.2691040000 92.0759510000
34.9641990000 41.2691040000 92.0759510000
34.9641990000 41.2691040000 92.0759510000
34.9641990000 41.2691040000 92.0759510000
34.9641990000 41.2691040000 92.0759510000
31.6160760000 35.4132160000 91.1511230000
31.6160760000 35.4132160000 91.1511230000
31.6160760000 35.4132160000 91.1511230000
31.6160760000 35.4132160000 91.1511230000
31.6160760000 35.4132160000 91.1511230000
32.8344650000 36.6204190000 91.4981840000
32.8344650000 36.6204190000 91.4981840000
32.8344650000 36.6204190000 91.4981840000
32.8344650000 36.6204190000 91.4981840000
32.8344650000 36.6204190000 91.4981840000
32.8344650000 36.6204190000 91.4981840000
33.3668980000 36.6174200000 91.4974670000
33.3668980000 36.6174200000 91.4974670000
33.3668980000 36.7421230000 91.5284730000
33.3668980000 36.7421230000 91.5284730000
33.3668980000 36.7421230000 91.5284730000
33.3668980000 36.7421230000 91.5284730000
33.3668980000 36.3687170000 91.4329450000
33.3668980000 36.3687170000 91.4329450000
33.3668980000 36.3687170000 91.4329450000
33.3668980000 36.4929660000 91.4656300000
32.1931500000 36.0656890000 91.3493880000
32.1931500000 36.0656890000 91.3493880000
32.1931500000 36.0656890000 91.3493880000
32.1931500000 36.0656890000 91.3493880000
32.1931500000 36.0656890000 91.3493880000
32.1931500000 36.0656890000 91.3493880000
32.8344650000 36.7871250000 91.5394060000
32.8344650000 36.7871250000 91.5394060000
31.3210050000 35.3407060000 91.1274950000
31.3210050000 35.3407060000 91.1274950000
31.3210050000 35.3407060000 91.1274950000
32.8344650000 36.9541930000 91.5791170000
32.8344650000 36.9541930000 91.5791170000
32.8344650000 37.1216580000 91.6173400000
32.8344650000 37.1216580000 91.6173400000
32.8344650000 37.1216580000 91.6173400000
32.8344650000 37.1216580000 91.6173400000
32.8344650000 37.1216580000 91.6173400000
32.8344650000 37.1216580000 91.6173400000
32.8344650000 37.1216580000 91.6173400000
33.8993300000 38.2268640000 91.8303220000
33.8993300000 38.2268640000 91.8303220000
33.8993300000 38.2268640000 91.8303220000
33.8993300000 38.2268640000 91.8303220000
38.1195980000 42.9673080000 92.0007780000
38.1195980000 42.9673080000 92.0007780000
38.1195980000 42.9673080000 92.0007780000
38.1195980000 42.9673080000 92.0007780000
38.1195980000 42.3253100000 92.0471340000
38.1195980000 42.3253100000 92.0471340000
38.1195980000 42.3253100000 92.0471340000
38.1195980000 42.3253100000 92.0471340000
38.1195980000 42.3253100000 92.0471340000
37.5936970000 42.7525860000 92.0187000000
37.5936970000 42.7525860000 92.0187000000
37.5936970000 42.7525860000 92.0187000000
37.5936970000 42.7525860000 92.0187000000
36.7171970000 42.2589150000 92.0506360000
36.7171970000 42.2589150000 92.0506360000
36.7171970000 42.2589150000 92.0506360000
36.7171970000 42.2589150000 92.0506360000
36.5418970000 42.7621460000 92.0179060000
36.5418970000 42.7621460000 92.0179060000
32.3020320000 39.6559940000 92.0067670000
32.3020320000 39.6559940000 92.0067670000
32.3020320000 39.6559940000 92.0067670000
32.3020320000 39.6559940000 92.0067670000
32.3020320000 39.6559940000 92.0067670000
32.3020320000 39.6559940000 92.0067670000
33.3668980000 39.6982960000 92.0104220000
33.3668980000 39.6982960000 92.0104220000
33.3668980000 39.6982960000 92.0104220000
33.3668980000 39.6982960000 92.0104220000
33.1894190000 40.1926310000 92.0450060000
33.1894190000 40.1926310000 92.0450060000
33.1894190000 40.1926310000 92.0450060000
33.1894190000 40.1926310000 92.0450060000
33.1894190000 40.1926310000 92.0450060000
33.1894190000 40.1926310000 92.0450060000
31.7695980000 39.4105570000 91.9841770000
31.7695980000 39.4105570000 91.9841770000
31.7695980000 39.4105570000 91.9841770000
31.7695980000 39.4105570000 91.9841770000
31.7695980000 39.4105570000 91.9841770000
37.0677990000 45.3088910000 91.6439440000
37.0677990000 45.3088910000 91.6439440000
37.0677990000 45.3088910000 91.6439440000
37.0677990000 45.3088910000 91.6439440000
37.0677990000 45.3088910000 91.6439440000
37.0677990000 45.3088910000 91.6439440000
37.0677990000 45.3088910000 91.6439440000
37.0677990000 45.3088910000 91.6439440000
37.0677990000 45.3088910000 91.6439440000
36.0159990000 44.2603870000 91.8405690000
36.0159990000 44.2603870000 91.8405690000
36.0159990000 44.2603870000 91.8405690000
36.0159990000 44.2603870000 91.8405690000
31.7695980000 40.0493810000 92.0361860000
31.7695980000 40.0493810000 92.0361860000
31.7695980000 40.0493810000 92.0361860000
31.7695980000 40.0493810000 92.0361860000
31.7695980000 40.0493810000 92.0361860000
31.7695980000 40.0493810000 92.0361860000
37.0677990000 45.4619980000 91.6100920000
37.0677990000 45.4619980000 91.6100920000
37.0677990000 45.4619980000 91.6100920000
37.0677990000 45.6146580000 91.5750270000
37.0677990000 45.6146580000 91.5750270000
38.6117440000 47.1425930000 91.1496430000
38.6117440000 47.1425930000 91.1496430000
38.6117440000 47.1425930000 91.1496430000
38.6117440000 47.1425930000 91.1496430000
37.0677990000 45.7668150000 91.5387570000
37.0677990000 45.7668150000 91.5387570000
37.7200010000 46.4786190000 91.3513720000
37.7200010000 46.4786190000 91.3513720000
37.7200010000 46.4786190000 91.3513720000
37.7200010000 46.4786190000 91.3513720000
37.7200010000 46.4786190000 91.3513720000
37.7200010000 46.4786190000 91.3513720000
38.3188510000 47.0891460000 91.1668550000
38.3188510000 47.0891460000 91.1668550000
38.3188510000 47.0891460000 91.1668550000
38.3188510000 47.0891460000 91.1668550000
38.3188510000 47.0891460000 91.1668550000
37.0677990000 45.9184300000 91.5012970000
37.0677990000 45.9184300000 91.5012970000
37.0677990000 45.9184300000 91.5012970000
37.0677990000 45.9184300000 91.5012970000
37.0677990000 45.9184300000 91.5012970000
37.0677990000 45.9184300000 91.5012970000
36.5418970000 45.7215770000 91.5496520000
36.5418970000 45.7215770000 91.5496520000
36.5418970000 45.7215770000 91.5496520000
36.5418970000 45.7215770000 91.5496520000
36.5418970000 45.7215770000 91.5496520000
36.5418970000 45.7215770000 91.5496520000
36.5418970000 45.8355670000 91.5219040000
37.3405460000 46.7039220000 91.2858580000
37.3405460000 46.7039220000 91.2858580000
37.3405460000 46.7039220000 91.2858580000
37.3405460000 46.7039220000 91.2858580000
37.3405460000 46.7039220000 91.2858580000
36.5418970000 45.9492990000 91.4934840000
36.5418970000 45.9492990000 91.4934840000
36.5418970000 46.0627330000 91.4643860000
37.5202030000 47.0085560000 91.1924740000
37.5202030000 47.0085560000 91.1924740000
37.5202030000 47.0085560000 91.1924740000
37.5202030000 47.0085560000 91.1924740000
37.5202030000 47.0085560000 91.1924740000
36.5418970000 46.1758310000 91.4346390000
36.5418970000 46.1758310000 91.4346390000
36.5418970000 46.1758310000 91.4346390000
37.7330670000 47.3845940000 91.0694430000
37.7330670000 47.3845940000 91.0694430000
37.7330670000 47.3845940000 91.0694430000
37.7330670000 47.3845940000 91.0694430000
37.7330670000 47.3845940000 91.0694430000
30.7047330000 40.3706020000 92.0540850000
30.7047330000 40.3706020000 92.0540850000
30.7047330000 40.3706020000 92.0540850000
30.7047330000 40.3706020000 92.0540850000
30.7047330000 40.3706020000 92.0540850000
30.7047330000 40.3706020000 92.0540850000
30.7047330000 40.3706020000 92.0540850000
30.7047330000 40.3706020000 92.0540850000
36.5418970000 46.2885820000 91.4042430000
36.5418970000 46.2885820000 91.4042430000
36.5418970000 46.2885820000 91.4042430000
36.5418970000 46.2885820000 91.4042430000
36.5418970000 46.2885820000 91.4042430000
29.6398660000 39.7048530000 92.0106580000
29.6398660000 39.7048530000 92.0106580000
29.6398660000 39.7048530000 92.0106580000
29.6398660000 39.7048530000 92.0106580000
29.6398660000 39.7048530000 92.0106580000
29.6398660000 39.7048530000 92.0106580000
29.6398660000 39.7048530000 92.0106580000
33.8993300000 44.2281420000 91.8454970000
33.8993300000 44.2281420000 91.8454970000
33.8993300000 44.2281420000 91.8454970000
33.8993300000 44.2281420000 91.8454970000
33.8993300000 44.2281420000 91.8454970000
33.8993300000 44.2281420000 91.8454970000
33.3668980000 42.7130620000 92.0214390000
33.3668980000 42.7130620000 92.0214390000
33.3668980000 42.7130620000 92.0214390000
33.3668980000 42.7130620000 92.0214390000
36.5484310000 46.8566550000 91.2396930000
36.5484310000 46.8566550000 91.2396930000
36.5484310000 46.8566550000 91.2396930000
36.5484310000 46.8566550000 91.2396930000
36.5484310000 46.8566550000 91.2396930000
36.5484310000 46.8566550000 91.2396930000
36.5484310000 46.8566550000 91.2396930000
32.3020320000 42.6707650000 92.0244980000
32.3020320000 42.6707650000 92.0244980000
32.3020320000 42.6707650000 92.0244980000
32.3020320000 42.6707650000 92.0244980000
33.1894190000 42.2042270000 92.0531160000
33.1894190000 42.2042270000 92.0531160000
33.1894190000 42.2042270000 92.0531160000
29.6398660000 39.9646030000 92.0303570000
29.6398660000 39.9646030000 92.0303570000
29.6398660000 39.9646030000 92.0303570000
29.6398660000 39.9646030000 92.0303570000
31.7695980000 42.2344700000 92.0514760000
31.7695980000 42.2344700000 92.0514760000
31.7695980000 42.2344700000 92.0514760000
31.7695980000 42.2344700000 92.0514760000
31.7695980000 42.2344700000 92.0514760000
31.7695980000 42.2344700000 92.0514760000
32.8344650000 41.1841010000 92.0755460000
32.8344650000 41.1841010000 92.0755460000
32.8344650000 41.1841010000 92.0755460000
29.2849100000 40.1404840000 92.0416490000
29.2849100000 40.1404840000 92.0416490000
29.2849100000 40.1404840000 92.0416490000
29.2849100000 40.1404840000 92.0416490000
29.2849100000 40.1404840000 92.0416490000
29.2849100000 40.1404840000 92.0416490000
29.2849100000 40.1404840000 92.0416490000
31.7695980000 42.8742980000 92.0083920000
31.7695980000 42.8742980000 92.0083920000
31.7695980000 42.8742980000 92.0083920000
31.7695980000 42.8742980000 92.0083920000
30.7047330000 43.2805250000 91.9696810000
30.7047330000 43.2805250000 91.9696810000
30.7047330000 43.2805250000 91.9696810000
30.7047330000 43.2805250000 91.9696810000
30.7047330000 41.8279910000 92.0675350000
30.7047330000 41.8279910000 92.0675350000
30.7047330000 41.8279910000 92.0675350000
30.7047330000 41.8279910000 92.0675350000
30.7047330000 41.8279910000 92.0675350000
30.7047330000 41.8279910000 92.0675350000
30.7047330000 41.8279910000 92.0675350000
30.7047330000 41.8279910000 92.0675350000
37.1069950000 49.1568410000 90.3684080000
37.1069950000 49.1568410000 90.3684080000
37.1069950000 49.1568410000 90.3684080000
37.1069950000 49.1568410000 90.3684080000
37.1069950000 49.1568410000 90.3684080000
37.1069950000 49.1568410000 90.3684080000
32.8344650000 45.2527620000 91.6557160000
32.8344650000 45.2527620000 91.6557160000
32.8344650000 45.2527620000 91.6557160000
32.8344650000 45.2527620000 91.6557160000
32.8344650000 45.2527620000 91.6557160000
32.8344650000 45.2527620000 91.6557160000
32.8344650000 45.2527620000 91.6557160000
32.8344650000 45.2527620000 91.6557160000
33.3668980000 45.6743430000 91.5606990000
33.3668980000 45.6743430000 91.5606990000
33.3668980000 45.6743430000 91.5606990000
33.3668980000 45.6743430000 91.5606990000
33.3668980000 45.6743430000 91.5606990000
32.8344650000 45.4206920000 91.6190570000
32.8344650000 45.4206920000 91.6190570000
32.8344650000 45.4206920000 91.6190570000
29.2849100000 41.9451560000 92.0636670000
29.2849100000 41.9451560000 92.0636670000
29.2849100000 41.9451560000 92.0636670000
29.2849100000 41.9451560000 92.0636670000
29.2849100000 41.9451560000 92.0636670000
29.2849100000 41.9451560000 92.0636670000
32.8344650000 45.5881810000 91.5809100000
32.8344650000 45.5881810000 91.5809100000
35.5096970000 48.1707500000 90.7836380000
35.5096970000 48.1707500000 90.7836380000
35.5096970000 48.1707500000 90.7836380000
35.5096970000 48.1707500000 90.7836380000
35.5096970000 48.1707500000 90.7836380000
35.5096970000 48.1707500000 90.7836380000
35.0033950000 49.1411400000 90.3754200000
35.0033950000 49.1411400000 90.3754200000
34.9641950000 47.1604190000 91.1436840000
34.9641950000 47.1604190000 91.1436840000
34.9641950000 47.1604190000 91.1436840000
34.9641950000 47.1604190000 91.1436840000
34.9641950000 47.1604190000 91.1436840000
34.9641950000 47.1604190000 91.1436840000
34.9641950000 47.1604190000 91.1436840000
29.6398660000 42.4099660000 92.0416410000
29.6398660000 42.4099660000 92.0416410000
29.6398660000 42.4099660000 92.0416410000
29.6398660000 42.4099660000 92.0416410000
29.6398660000 42.4099660000 92.0416410000
29.6398660000 42.4099660000 92.0416410000
29.6398660000 42.4099660000 92.0416410000
29.6398660000 42.1496850000 92.0553890000
29.6398660000 42.1496850000 92.0553890000
29.6398660000 42.1496850000 92.0553890000
29.6398660000 42.1496850000 92.0553890000
32.8344650000 45.7552720000 91.5412600000
32.8344650000 45.7552720000 91.5412600000
33.3668980000 45.7993550000 91.5305790000
33.3668980000 45.7993550000 91.5305790000
32.8344650000 45.9220050000 91.5001070000
32.8344650000 45.9220050000 91.5001070000
32.8344650000 45.9220050000 91.5001070000
32.8344650000 45.9220050000 91.5001070000
32.8344650000 45.9220050000 91.5001070000
32.8344650000 45.9220050000 91.5001070000
33.3668980000 45.9240760000 91.4996260000
33.3668980000 45.9240760000 91.4996260000
33.3668980000 45.9240760000 91.4996260000
33.3668980000 46.0485530000 91.4678420000
33.3668980000 46.0485530000 91.4678420000
33.3668980000 46.1728210000 91.4352190000
33.3668980000 46.1728210000 91.4352190000
33.3668980000 46.1728210000 91.4352190000
33.3668980000 46.2969210000 91.4017410000
33.3668980000 46.2969210000 91.4017410000
33.3668980000 46.2969210000 91.4017410000
33.3668980000 46.2969210000 91.4017410000
34.9837950000 48.1666760000 90.7851870000
34.9837950000 48.1666760000 90.7851870000
33.3734320000 46.8488430000 91.2418750000
33.3734320000 46.8488430000 91.2418750000
33.3734320000 46.8488430000 91.2418750000
34.4513630000 48.1678390000 90.7846980000
34.4513630000 48.1678390000 90.7846980000
34.4513630000 48.1678390000 90.7846980000
34.4513630000 48.1678390000 90.7846980000
32.5780490000 46.6921500000 91.2890400000
32.5780490000 46.6921500000 91.2890400000
32.5780490000 46.6921500000 91.2890400000
32.5780490000 46.6921500000 91.2890400000
32.5780490000 46.6921500000 91.2890400000
32.1931500000 46.4893680000 91.3479610000
32.1931500000 46.4893680000 91.3479610000
32.1931500000 46.4893680000 91.3479610000
32.1931500000 46.4893680000 91.3479610000
32.1931500000 46.4893680000 91.3479610000
32.1931500000 46.4893680000 91.3479610000
32.4049260000 47.0163000000 91.1897130000
32.4049260000 47.0163000000 91.1897130000
32.4049260000 47.0163000000 91.1897130000
32.4049260000 47.0163000000 91.1897130000
32.4049260000 47.0163000000 91.1897130000
35.5488930000 50.0840420000 89.9160610000
35.5488930000 50.0840420000 89.9160610000
35.5488930000 50.0840420000 89.9160610000
35.5488930000 50.0840420000 89.9160610000
35.5488930000 50.0840420000 89.9160610000
32.2062150000 47.4184070000 91.0576320000
32.2062150000 47.4184070000 91.0576320000
32.2062150000 47.4184070000 91.0576320000
32.2062150000 47.4184070000 91.0576320000
32.2062150000 47.4184070000 91.0576320000
35.0229950000 50.0802610000 89.9180070000
35.0229950000 50.0802610000 89.9180070000
31.6160760000 47.1600490000 91.1435850000
31.6160760000 47.1600490000 91.1435850000
31.6160760000 47.1600490000 91.1435850000
31.6160760000 47.1600490000 91.1435850000
31.6160760000 47.1600490000 91.1435850000
34.4905590000 50.0813520000 89.9174190000
34.4905590000 50.0813520000 89.9174190000
34.4905590000 50.0813520000 89.9174190000
34.4905590000 50.0813520000 89.9174190000
34.4905590000 50.0813520000 89.9174190000
31.3210050000 47.2338790000 91.1194230000
31.3210050000 47.2338790000 91.1194230000
31.3210050000 47.2338790000 91.1194230000
31.3210050000 47.2338790000 91.1194230000
32.8736610000 49.1458890000 90.3731690000
32.8736610000 49.1458890000 90.3731690000
32.8736610000 49.1458890000 90.3731690000
32.8736610000 49.1458890000 90.3731690000
32.8736610000 49.1458890000 90.3731690000
32.8736610000 49.1458890000 90.3731690000
40.5737990000 41.2178920000 92.0759510000
40.5737990000 41.2178920000 92.0759510000
40.5737990000 41.2178920000 92.0759510000
40.5737990000 41.2178920000 92.0759510000
40.5737990000 41.2178920000 92.0759510000
40.5737990000 41.2178920000 92.0759510000
41.2750020000 41.2114870000 92.0720440000
41.2750020000 41.2114870000 92.0720440000
41.2750020000 41.2114870000 92.0720440000
40.1063350000 40.9808690000 92.0737990000
40.1063350000 40.9808690000 92.0737990000
40.1063350000 40.9808690000 92.0737990000
40.1063350000 40.9808690000 92.0737990000
40.1063350000 40.9808690000 92.0737990000
35.4900970000 36.7986720000 91.5423890000
35.4900970000 36.7986720000 91.5423890000
35.4900970000 36.7986720000 91.5423890000
35.4900970000 36.7986720000 91.5423890000
35.4900970000 36.7986720000 91.5423890000
35.4900970000 36.7986720000 91.5423890000
35.4900970000 36.7986720000 91.5423890000
35.4900970000 36.7986720000 91.5423890000
34.9641990000 38.2685890000 91.8371280000
34.9641990000 38.2685890000 91.8371280000
34.9641990000 38.2685890000 91.8371280000
34.9641990000 38.2685890000 91.8371280000
39.8726010000 41.3036160000 92.0760650000
39.8726010000 41.3036160000 92.0760650000
39.8726010000 41.3036160000 92.0760650000
39.8726010000 41.3036160000 92.0760650000
39.8726010000 41.3036160000 92.0760650000
39.8726010000 41.3036160000 92.0760650000
39.8726010000 41.3036160000 92.0760650000
34.9641990000 36.8032650000 91.5434650000
34.9641990000 36.8032650000 91.5434650000
34.9641990000 36.8032650000 91.5434650000
34.9641990000 36.8032650000 91.5434650000
38.8208010000 40.8719750000 92.0718460000
38.8208010000 40.8719750000 92.0718460000
38.8208010000 40.8719750000 92.0718460000
38.8208010000 40.8719750000 92.0718460000
38.8208010000 40.8719750000 92.0718460000
34.4317630000 36.7828830000 91.5384900000
34.4317630000 36.7828830000 91.5384900000
34.4317630000 36.7828830000 91.5384900000
34.4317630000 36.7828830000 91.5384900000
34.4317630000 36.7828830000 91.5384900000
34.4317630000 36.7828830000 91.5384900000
34.4317630000 36.7828830000 91.5384900000
38.6455000000 41.0545120000 92.0748370000
38.6455000000 41.0545120000 92.0748370000
38.6455000000 41.0545120000 92.0748370000
38.6455000000 41.0545120000 92.0748370000
38.4702000000 41.4783710000 92.0750270000
38.4702000000 41.4783710000 92.0750270000
38.4702000000 41.4783710000 92.0750270000
38.4702000000 41.4783710000 92.0750270000
38.1195980000 41.2402800000 92.0760800000
38.1195980000 41.2402800000 92.0760800000
38.1195980000 41.2402800000 92.0760800000
38.1195980000 41.2402800000 92.0760800000
38.1195980000 41.2402800000 92.0760800000
34.1655460000 37.5006520000 91.6980970000
34.1655460000 37.5006520000 91.6980970000
34.1655460000 37.5006520000 91.6980970000
34.1655460000 37.5006520000 91.6980970000
34.1655460000 37.5006520000 91.6980970000
37.7689970000 41.2434810000 92.0760800000
37.7689970000 41.2434810000 92.0760800000
35.4900970000 39.7569810000 92.0153880000
35.4900970000 39.7569810000 92.0153880000
35.4900970000 39.7569810000 92.0153880000
35.4900970000 39.7569810000 92.0153880000
34.9641990000 39.7617610000 92.0157320000
34.9641990000 39.7617610000 92.0157320000
34.9641990000 39.7617610000 92.0157320000
34.9641990000 39.7617610000 92.0157320000
34.4317630000 39.7406040000 92.0139850000
34.4317630000 39.7406040000 92.0139850000
34.1655460000 40.4826970000 92.0593950000
34.1655460000 40.4826970000 92.0593950000
34.1655460000 40.4826970000 92.0593950000
34.1655460000 40.4826970000 92.0593950000
34.1655460000 40.4826970000 92.0593950000
35.4900970000 42.7717130000 92.0170900000
35.4900970000 42.7717130000 92.0170900000
35.4900970000 42.7717130000 92.0170900000
35.4900970000 42.7717130000 92.0170900000
34.9641990000 44.2698360000 91.8389890000
34.9641990000 44.2698360000 91.8389890000
34.9641990000 44.2698360000 91.8389890000
34.9641990000 44.2698360000 91.8389890000
34.9641990000 44.2698360000 91.8389890000
34.9641990000 42.7765050000 92.0166700000
34.9641990000 42.7765050000 92.0166700000
34.9641990000 42.7765050000 92.0166700000
34.9641990000 42.7765050000 92.0166700000
34.4317630000 42.7553560000 92.0182880000
34.4317630000 42.7553560000 92.0182880000
34.4317630000 42.7553560000 92.0182880000
34.4317630000 42.7553560000 92.0182880000
32.1245540000 41.1557660000 92.0753170000
32.1245540000 41.1557660000 92.0753170000
32.1245540000 41.1557660000 92.0753170000
32.1245540000 41.1557660000 92.0753170000
32.1245540000 41.1557660000 92.0753170000
34.1655460000 43.4942670000 91.9461360000
34.1655460000 43.4942670000 91.9461360000
34.1655460000 43.4942670000 91.9461360000
34.1655460000 43.4942670000 91.9461360000
31.7695980000 41.1415980000 92.0751950000
31.7695980000 41.1415980000 92.0751950000
31.7695980000 41.1415980000 92.0751950000
31.7695980000 41.1415980000 92.0751950000
31.7695980000 41.1415980000 92.0751950000
31.0596890000 40.7488630000 92.0683290000
31.0596890000 40.7488630000 92.0683290000
31.0596890000 40.7488630000 92.0683290000
31.0596890000 40.7488630000 92.0683290000
31.0596890000 40.7488630000 92.0683290000
31.2371650000 40.9381260000 92.0726320000
31.2371650000 40.9381260000 92.0726320000
31.2371650000 40.9381260000 92.0726320000
31.2371650000 40.9381260000 92.0726320000
31.2371650000 40.9381260000 92.0726320000
31.4146420000 41.3704300000 92.0753860000
31.4146420000 41.3704300000 92.0753860000
31.4146420000 41.3704300000 92.0753860000
31.4146420000 41.3704300000 92.0753860000
35.4900970000 45.7308010000 91.5473710000
35.4900970000 45.7308010000 91.5473710000
35.4900970000 45.7308010000 91.5473710000
35.4900970000 45.7308010000 91.5473710000
35.4900970000 45.7308010000 91.5473710000
35.4900970000 45.7308010000 91.5473710000
35.4900970000 45.7308010000 91.5473710000
34.9641990000 45.7354240000 91.5462190000
34.9641990000 45.7354240000 91.5462190000
34.9641990000 45.7354240000 91.5462190000
34.9641990000 45.7354240000 91.5462190000
29.7581840000 40.8183670000 92.0700230000
29.7581840000 40.8183670000 92.0700230000
29.7581840000 40.8183670000 92.0700230000
29.7581840000 40.8183670000 92.0700230000
29.7581840000 40.8183670000 92.0700230000
29.9948220000 41.1577110000 92.0751500000
29.9948220000 41.1577110000 92.0751500000
29.9948220000 41.1577110000 92.0751500000
29.9948220000 41.1577110000 92.0751500000
29.9948220000 41.1577110000 92.0751500000
29.9948220000 41.1577110000 92.0751500000
29.9948220000 41.1577110000 92.0751500000
34.4317630000 45.7150650000 91.5510710000
34.4317630000 45.7150650000 91.5510710000
34.4317630000 45.7150650000 91.5510710000
34.4317630000 45.7150650000 91.5510710000
34.4317630000 45.7150650000 91.5510710000
29.2849100000 41.0424270000 92.0740430000
29.2849100000 41.0424270000 92.0740430000
29.2849100000 41.0424270000 92.0740430000
29.2849100000 41.0424270000 92.0740430000
29.2849100000 41.0424270000 92.0740430000
29.2849100000 41.0424270000 92.0740430000
29.2849100000 41.0424270000 92.0740430000
34.1655460000 46.4236830000 91.3666760000
34.1655460000 46.4236830000 91.3666760000
34.1655460000 46.4236830000 91.3666760000
34.1655460000 46.4236830000 91.3666760000
34.1655460000 46.4236830000 91.3666760000
34.1655460000 46.4236830000 91.3666760000
33.6774830000 41.3435590000 92.0757140000
33.6774830000 41.3435590000 92.0757140000
33.6774830000 41.3435590000 92.0757140000
33.6774830000 41.3435590000 92.0757140000
33.6774830000 41.3435590000 92.0757140000
33.6774830000 41.3435590000 92.0757140000
38.0999980000 82.5500030000 25.4000000000
38.0999980000 82.5500030000 25.4000000000
38.0999980000 82.5500030000 25.4000000000
41.2750020000 33.3375020000 73.0250020000
41.2750020000 33.3375020000 73.0250020000
41.2750020000 33.3375020000 73.0250020000
41.2750020000 33.3404620000 73.2418140000
41.2750020000 33.3404620000 73.2418140000
41.2750020000 33.3404620000 73.2418140000
41.2750020000 33.3493460000 73.4584580000
41.2750020000 33.3493460000 73.4584580000
41.2750020000 33.3493460000 73.4584580000
41.2750020000 33.3641430000 73.6747890000
41.2750020000 33.3641430000 73.6747890000
41.2750020000 33.3641430000 73.6747890000
41.2750020000 33.3848420000 73.8906250000
41.2750020000 33.3848420000 73.8906250000
41.2750020000 33.3848420000 73.8906250000
41.2750020000 33.4114300000 74.1058200000
41.2750020000 33.4114300000 74.1058200000
41.2750020000 33.4114300000 74.1058200000
41.2750020000 33.4438860000 74.3202130000
41.2750020000 33.4438860000 74.3202130000
41.2750020000 33.4438860000 74.3202130000
41.2750020000 33.4821890000 74.5336300000
41.2750020000 33.4821890000 74.5336300000
41.2750020000 33.4821890000 74.5336300000
41.2750020000 33.5263020000 74.7459260000
41.2750020000 33.5263020000 74.7459260000
41.2750020000 33.5263020000 74.7459260000
41.2750020000 33.5762020000 74.9569400000
41.2750020000 33.5762020000 74.9569400000
41.2750020000 33.5762020000 74.9569400000
41.2750020000 33.6318440000 75.1665120000
41.2750020000 33.6318440000 75.1665120000
41.2750020000 33.6318440000 75.1665120000
41.2750020000 33.6931920000 75.3744810000
41.2750020000 33.6931920000 75.3744810000
41.2750020000 33.6931920000 75.3744810000
41.2750020000 33.7601970000 75.5807040000
41.2750020000 33.7601970000 75.5807040000
41.2750020000 33.7601970000 75.5807040000
41.2750020000 33.8328090000 75.7850110000
41.2750020000 33.8328090000 75.7850110000
41.2750020000 33.8328090000 75.7850110000
41.2750020000 33.9109760000 75.9872670000
41.2750020000 33.9109760000 75.9872670000
41.2750020000 33.9109760000 75.9872670000
41.2750020000 33.9946370000 76.1873090000
41.2750020000 33.9946370000 76.1873090000
41.2750020000 33.9946370000 76.1873090000
41.2750020000 34.0837290000 76.3849870000
41.2750020000 34.0837290000 76.3849870000
41.2750020000 34.0837290000 76.3849870000
41.2750020000 34.1781920000 76.5801620000
41.2750020000 34.1781920000 76.5801620000
41.2750020000 34.1781920000 76.5801620000
41.2750020000 34.2779460000 76.7726820000
41.2750020000 34.2779460000 76.7726820000
41.2750020000 34.2779460000 76.7726820000
41.2750020000 34.3829270000 76.9624100000
41.2750020000 34.3829270000 76.9624100000
41.2750020000 34.3829270000 76.9624100000
41.2750020000 34.4930460000 77.1491930000
41.2750020000 34.4930460000 77.1491930000
41.2750020000 34.4930460000 77.1491930000
41.2750020000 34.6082310000 77.3329010000
41.2750020000 34.6082310000 77.3329010000
41.2750020000 34.6082310000 77.3329010000
41.2750020000 34.7283860000 77.5133970000
41.2750020000 34.7283860000 77.5133970000
41.2750020000 34.7283860000 77.5133970000
41.2750020000 34.8534280000 77.6905440000
41.2750020000 34.8534280000 77.6905440000
41.2750020000 34.8534280000 77.6905440000
41.2750020000 34.9832650000 77.8642040000
41.2750020000 34.9832650000 77.8642040000
41.2750020000 34.9832650000 77.8642040000
41.2750020000 35.1177940000 78.0342560000
41.2750020000 35.1177940000 78.0342560000
41.2750020000 35.1177940000 78.0342560000
41.2750020000 35.2569160000 78.2005690000
41.2750020000 35.2569160000 78.2005690000
41.2750020000 35.2569160000 78.2005690000
41.2750020000 35.4005320000 78.3630220000
41.2750020000 35.4005320000 78.3630220000
41.2750020000 35.4005320000 78.3630220000
41.2750020000 35.5485310000 78.5214920000
41.2750020000 35.5485310000 78.5214920000
41.2750020000 35.5485310000 78.5214920000
41.2750020000 35.7008060000 78.6758580000
41.2750020000 35.7008060000 78.6758580000
41.2750020000 35.7008060000 78.6758580000
41.2750020000 35.8572350000 78.8260120000
41.2750020000 35.8572350000 78.8260120000
41.2750020000 35.8572350000 78.8260120000
41.2750020000 36.0177120000 78.9718320000
41.2750020000 36.0177120000 78.9718320000
41.2750020000 36.0177120000 78.9718320000
41.2750020000 36.1821100000 79.1132130000
41.2750020000 36.1821100000 79.1132130000
41.2750020000 36.1821100000 79.1132130000
41.2750020000 36.3503070000 79.2500530000
41.2750020000 36.3503070000 79.2500530000
41.2750020000 36.3503070000 79.2500530000
41.2750020000 36.5221820000 79.3822480000
41.2750020000 36.5221820000 79.3822480000
41.2750020000 36.5221820000 79.3822480000
41.2750020000 36.6976010000 79.5096970000
41.2750020000 36.6976010000 79.5096970000
41.2750020000 36.6976010000 79.5096970000
41.2750020000 36.8764380000 79.6323090000
41.2750020000 36.8764380000 79.6323090000
41.2750020000 36.8764380000 79.6323090000
41.2750020000 37.0585560000 79.7499850000
41.2750020000 37.0585560000 79.7499850000
41.2750020000 37.0585560000 79.7499850000
41.2750020000 37.2438200000 79.8626480000
41.2750020000 37.2438200000 79.8626480000
41.2750020000 37.2438200000 79.8626480000
41.2750020000 37.4320950000 79.9702070000
41.2750020000 37.4320950000 79.9702070000
41.2750020000 37.4320950000 79.9702070000
41.2750020000 37.6232340000 80.0725860000
41.2750020000 37.6232340000 80.0725860000
41.2750020000 37.6232340000 80.0725860000
41.2750020000 37.8171010000 80.1697010000
41.2750020000 37.8171010000 80.1697010000
41.2750020000 37.8171010000 80.1697010000
41.2750020000 38.0135460000 80.2614900000
41.2750020000 38.0135460000 80.2614900000
41.2750020000 38.0135460000 80.2614900000
41.2750020000 38.2124290000 80.3478780000
41.2750020000 38.2124290000 80.3478780000
41.2750020000 38.2124290000 80.3478780000
41.2750020000 38.4135930000 80.4287950000
41.2750020000 38.4135930000 80.4287950000
41.2750020000 38.4135930000 80.4287950000
41.2750020000 38.6168940000 80.5041960000
41.2750020000 38.6168940000 80.5041960000
41.2750020000 38.6168940000 80.5041960000
41.2750020000 38.8221780000 80.5740050000
41.2750020000 38.8221780000 80.5740050000
41.2750020000 38.8221780000 80.5740050000
41.2750020000 39.0292930000 80.6381910000
41.2750020000 39.0292930000 80.6381910000
41.2750020000 39.0292930000 80.6381910000
41.2750020000 39.2380830000 80.6966930000
41.2750020000 39.2380830000 80.6966930000
41.2750020000 39.2380830000 80.6966930000
41.2750020000 39.4483950000 80.7494660000
41.2750020000 39.4483950000 80.7494660000
41.2750020000 39.4483950000 80.7494660000
41.2750020000 39.6600690000 80.7964780000
41.2750020000 39.6600690000 80.7964780000
41.2750020000 39.6600690000 80.7964780000
41.2750020000 39.8729480000 80.8376850000
41.2750020000 39.8729480000 80.8376850000
41.2750020000 39.8729480000 80.8376850000
41.2750020000 40.0868720000 80.8730700000
41.2750020000 40.0868720000 80.8730700000
41.2750020000 40.0868720000 80.8730700000
41.2750020000 40.3016850000 80.9025960000
41.2750020000 40.3016850000 80.9025960000
41.2750020000 40.3016850000 80.9025960000
41.2750020000 40.5172230000 80.9262390000
41.2750020000 40.5172230000 80.9262390000
41.2750020000 40.5172230000 80.9262390000
41.2750020000 40.7333260000 80.9439930000
41.2750020000 40.7333260000 80.9439930000
41.2750020000 40.7333260000 80.9439930000
41.2750020000 40.9498330000 80.9558330000
41.2750020000 40.9498330000 80.9558330000
41.2750020000 40.9498330000 80.9558330000
41.2750020000 41.1665840000 80.9617540000
41.2750020000 41.1665840000 80.9617540000
41.2750020000 41.1665840000 80.9617540000
41.2750020000 41.3834150000 80.9617540000
41.2750020000 41.3834150000 80.9617540000
41.2750020000 41.3834150000 80.9617540000
41.2750020000 41.6001660000 80.9558330000
41.2750020000 41.6001660000 80.9558330000
41.2750020000 41.6001660000 80.9558330000
41.2750020000 41.8166730000 80.9439930000
41.2750020000 41.8166730000 80.9439930000
41.2750020000 41.8166730000 80.9439930000
41.2750020000 42.0327760000 80.9262390000
41.2750020000 42.0327760000 80.9262390000
41.2750020000 42.0327760000 80.9262390000
41.2750020000 42.2483140000 80.9025960000
41.2750020000 42.2483140000 80.9025960000
41.2750020000 42.2483140000 80.9025960000
41.2750020000 42.4631270000 80.8730700000
41.2750020000 42.4631270000 80.8730700000
41.2750020000 42.4631270000 80.8730700000
41.2750020000 42.6770520000 80.8376850000
41.2750020000 42.6770520000 80.8376850000
41.2750020000 42.6770520000 80.8376850000
41.2750020000 42.8899310000 80.7964780000
41.2750020000 42.8899310000 80.7964780000
41.2750020000 42.8899310000 80.7964780000
41.2750020000 43.1016040000 80.7494660000
41.2750020000 43.1016040000 80.7494660000
41.2750020000 43.1016040000 80.7494660000
41.2750020000 43.3119160000 80.6966930000
41.2750020000 43.3119160000 80.6966930000
41.2750020000 43.3119160000 80.6966930000
41.2750020000 43.5207060000 80.6381910000
41.2750020000 43.5207060000 80.6381910000
41.2750020000 43.5207060000 80.6381910000
41.2750020000 43.7278210000 80.5740050000
41.2750020000 43.7278210000 80.5740050000
41.2750020000 43.7278210000 80.5740050000
41.2750020000 43.9331050000 80.5041960000
41.2750020000 43.9331050000 80.5041960000
41.2750020000 43.9331050000 80.5041960000
41.2750020000 44.1364060000 80.4287950000
41.2750020000 44.1364060000 80.4287950000
41.2750020000 44.1364060000 80.4287950000
41.2750020000 44.3375740000 80.3478780000
41.2750020000 44.3375740000 80.3478780000
41.2750020000 44.3375740000 80.3478780000
41.2750020000 44.5364530000 80.2614900000
41.2750020000 44.5364530000 80.2614900000
41.2750020000 44.5364530000 80.2614900000
41.2750020000 44.7328990000 80.1697010000
41.2750020000 44.7328990000 80.1697010000
41.2750020000 44.7328990000 80.1697010000
41.2750020000 44.9267650000 80.0725860000
41.2750020000 44.9267650000 80.0725860000
41.2750020000 44.9267650000 80.0725860000
41.2750020000 45.1179050000 79.9702070000
41.2750020000 45.1179050000 79.9702070000
41.2750020000 45.1179050000 79.9702070000
41.2750020000 45.3061790000 79.8626480000
41.2750020000 45.3061790000 79.8626480000
41.2750020000 45.3061790000 79.8626480000
41.2750020000 45.4914440000 79.7499850000
41.2750020000 45.4914440000 79.7499850000
41.2750020000 45.4914440000 79.7499850000
41.2750020000 45.6735610000 79.6323090000
41.2750020000 45.6735610000 79.6323090000
41.2750020000 45.6735610000 79.6323090000
41.2750020000 45.8523980000 79.5096970000
41.2750020000 45.8523980000 79.5096970000
41.2750020000 45.8523980000 79.5096970000
41.2750020000 46.0278210000 79.3822480000
41.2750020000 46.0278210000 79.3822480000
41.2750020000 46.0278210000 79.3822480000
41.2750020000 46.1996920000 79.2500530000
41.2750020000 46.1996920000 79.2500530000
41.2750020000 46.1996920000 79.2500530000
41.2750020000 46.3678930000 79.1132130000
41.2750020000 46.3678930000 79.1132130000
41.2750020000 46.3678930000 79.1132130000
41.2750020000 46.5322880000 78.9718320000
41.2750020000 46.5322880000 78.9718320000
41.2750020000 46.5322880000 78.9718320000
41.2750020000 46.6927640000 78.8260120000
41.2750020000 46.6927640000 78.8260120000
41.2750020000 46.6927640000 78.8260120000
41.2750020000 46.8491970000 78.6758580000
41.2750020000 46.8491970000 78.6758580000
41.2750020000 46.8491970000 78.6758580000
41.2750020000 47.0014690000 78.5214920000
41.2750020000 47.0014690000 78.5214920000
41.2750020000 47.0014690000 78.5214920000
41.2750020000 47.1494670000 78.3630220000
41.2750020000 47.1494670000 78.3630220000
41.2750020000 47.1494670000 78.3630220000
41.2750020000 47.2930830000 78.2005690000
41.2750020000 47.2930830000 78.2005690000
41.2750020000 47.2930830000 78.2005690000
41.2750020000 47.4322050000 78.0342560000
41.2750020000 47.4322050000 78.0342560000
41.2750020000 47.4322050000 78.0342560000
41.2750020000 47.5667380000 77.8642040000
41.2750020000 47.5667380000 77.8642040000
41.2750020000 47.5667380000 77.8642040000
41.2750020000 47.6965710000 77.6905440000
41.2750020000 47.6965710000 77.6905440000
41.2750020000 47.6965710000 77.6905440000
41.2750020000 47.8216130000 77.5133970000
41.2750020000 47.8216130000 77.5133970000
41.2750020000 47.8216130000 77.5133970000
41.2750020000 47.9417720000 77.3329010000
41.2750020000 47.9417720000 77.3329010000
41.2750020000 47.9417720000 77.3329010000
41.2750020000 48.0569530000 77.1491930000
41.2750020000 48.0569530000 77.1491930000
41.2750020000 48.0569530000 77.1491930000
41.2750020000 48.1670720000 76.9624100000
41.2750020000 48.1670720000 76.9624100000
41.2750020000 48.1670720000 76.9624100000
41.2750020000 48.2720530000 76.7726820000
41.2750020000 48.2720530000 76.7726820000
41.2750020000 48.2720530000 76.7726820000
41.2750020000 48.3718070000 76.5801620000
41.2750020000 48.3718070000 76.5801620000
41.2750020000 48.3718070000 76.5801620000
41.2750020000 48.4662700000 76.3849870000
41.2750020000 48.4662700000 76.3849870000
41.2750020000 48.4662700000 76.3849870000
41.2750020000 48.5553630000 76.1873090000
41.2750020000 48.5553630000 76.1873090000
41.2750020000 48.5553630000 76.1873090000
41.2750020000 48.6390270000 75.9872670000
41.2750020000 48.6390270000 75.9872670000
41.2750020000 48.6390270000 75.9872670000
41.2750020000 48.7171900000 75.7850110000
41.2750020000 48.7171900000 75.7850110000
41.2750020000 48.7171900000 75.7850110000
41.2750020000 48.7898030000 75.5807040000
41.2750020000 48.7898030000 75.5807040000
41.2750020000 48.7898030000 75.5807040000
41.2750020000 48.8568080000 75.3744810000
41.2750020000 48.8568080000 75.3744810000
41.2750020000 48.8568080000 75.3744810000
41.2750020000 48.9181560000 75.1665120000
41.2750020000 48.9181560000 75.1665120000
41.2750020000 48.9181560000 75.1665120000
41.2750020000 48.9737970000 74.9569400000
41.2750020000 48.9737970000 74.9569400000
41.2750020000 48.9737970000 74.9569400000
41.2750020000 49.0236970000 74.7459260000
41.2750020000 49.0236970000 74.7459260000
41.2750020000 49.0236970000 74.7459260000
41.2750020000 49.0678140000 74.5336300000
41.2750020000 49.0678140000 74.5336300000
41.2750020000 49.0678140000 74.5336300000
41.2750020000 49.1061130000 74.3202130000
41.2750020000 49.1061130000 74.3202130000
41.2750020000 49.1061130000 74.3202130000
41.2750020000 49.1385690000 74.1058200000
41.2750020000 49.1385690000 74.1058200000
41.2750020000 49.1385690000 74.1058200000
41.2750020000 49.1651570000 73.8906250000
41.2750020000 49.1651570000 73.8906250000
41.2750020000 49.1651570000 73.8906250000
41.2750020000 49.1858600000 73.6747890000
41.2750020000 49.1858600000 73.6747890000
41.2750020000 49.1858600000 73.6747890000
41.2750020000 49.2006570000 73.4584580000
41.2750020000 49.2006570000 73.4584580000
41.2750020000 49.2006570000 73.4584580000
41.2750020000 49.2095380000 73.2418140000
41.2750020000 49.2095380000 73.2418140000
41.2750020000 49.2095380000 73.2418140000
41.2750020000 49.2125020000 73.0250020000
41.2750020000 49.2125020000 73.0250020000
41.2750020000 49.2125020000 73.0250020000
41.2750020000 49.2095380000 72.8081890000
41.2750020000 49.2095380000 72.8081890000
41.2750020000 49.2095380000 72.8081890000
41.2750020000 49.2006570000 72.5915370000
41.2750020000 49.2006570000 72.5915370000
41.2750020000 49.2006570000 72.5915370000
41.2750020000 49.1858600000 72.3752140000
41.2750020000 49.1858600000 72.3752140000
41.2750020000 49.1858600000 72.3752140000
41.2750020000 49.1651570000 72.1593700000
41.2750020000 49.1651570000 72.1593700000
41.2750020000 49.1651570000 72.1593700000
41.2750020000 49.1385690000 71.9441760000
41.2750020000 49.1385690000 71.9441760000
41.2750020000 49.1385690000 71.9441760000
41.2750020000 49.1061130000 71.7297900000
41.2750020000 49.1061130000 71.7297900000
41.2750020000 49.1061130000 71.7297900000
41.2750020000 49.0678140000 71.5163650000
41.2750020000 49.0678140000 71.5163650000
41.2750020000 49.0678140000 71.5163650000
41.2750020000 49.0236970000 71.3040700000
41.2750020000 49.0236970000 71.3040700000
41.2750020000 49.0236970000 71.3040700000
41.2750020000 48.9737970000 71.0930560000
41.2750020000 48.9737970000 71.0930560000
41.2750020000 48.9737970000 71.0930560000
41.2750020000 48.9181560000 70.8834920000
41.2750020000 48.9181560000 70.8834920000
41.2750020000 48.9181560000 70.8834920000
41.2750020000 48.8568080000 70.6755140000
41.2750020000 48.8568080000 70.6755140000
41.2750020000 48.8568080000 70.6755140000
41.2750020000 48.7898030000 70.4692990000
41.2750020000 48.7898030000 70.4692990000
41.2750020000 48.7898030000 70.4692990000
41.2750020000 48.7171900000 70.2649840000
41.2750020000 48.7171900000 70.2649840000
41.2750020000 48.7171900000 70.2649840000
41.2750020000 48.6390270000 70.0627370000
41.2750020000 48.6390270000 70.0627370000
41.2750020000 48.6390270000 70.0627370000
41.2750020000 48.5553630000 69.8626940000
41.2750020000 48.5553630000 69.8626940000
41.2750020000 48.5553630000 69.8626940000
41.2750020000 48.4662700000 69.6650090000
41.2750020000 48.4662700000 69.6650090000
41.2750020000 48.4662700000 69.6650090000
41.2750020000 48.3718070000 69.4698330000
41.2750020000 48.3718070000 69.4698330000
41.2750020000 48.3718070000 69.4698330000
41.2750020000 48.2720530000 69.2773130000
41.2750020000 48.2720530000 69.2773130000
41.2750020000 48.2720530000 69.2773130000
41.2750020000 48.1670720000 69.0875930000
41.2750020000 48.1670720000 69.0875930000
41.2750020000 48.1670720000 69.0875930000
41.2750020000 48.0569530000 68.9008030000
41.2750020000 48.0569530000 68.9008030000
41.2750020000 48.0569530000 68.9008030000
41.2750020000 47.9417720000 68.7170940000
41.2750020000 47.9417720000 68.7170940000
41.2750020000 47.9417720000 68.7170940000
41.2750020000 47.8216130000 68.5365980000
41.2750020000 47.8216130000 68.5365980000
41.2750020000 47.8216130000 68.5365980000
41.2750020000 47.6965710000 68.3594590000
41.2750020000 47.6965710000 68.3594590000
41.2750020000 47.6965710000 68.3594590000
41.2750020000 47.5667380000 68.1857910000
41.2750020000 47.5667380000 68.1857910000
41.2750020000 47.5667380000 68.1857910000
41.2750020000 47.4322050000 68.0157390000
41.2750020000 47.4322050000 68.0157390000
41.2750020000 47.4322050000 68.0157390000
41.2750020000 47.2930830000 67.8494260000
41.2750020000 47.2930830000 67.8494260000
41.2750020000 47.2930830000 67.8494260000
41.2750020000 47.1494670000 67.6869740000
41.2750020000 47.1494670000 67.6869740000
41.2750020000 47.1494670000 67.6869740000
41.2750020000 47.0014690000 67.5285110000
41.2750020000 47.0014690000 67.5285110000
41.2750020000 47.0014690000 67.5285110000
41.2750020000 46.8491970000 67.3741380000
41.2750020000 46.8491970000 67.3741380000
41.2750020000 46.8491970000 67.3741380000
41.2750020000 46.6927640000 67.2239910000
41.2750020000 46.6927640000 67.2239910000
41.2750020000 46.6927640000 67.2239910000
41.2750020000 46.5322880000 67.0781710000
41.2750020000 46.5322880000 67.0781710000
41.2750020000 46.5322880000 67.0781710000
41.2750020000 46.3678930000 66.9367900000
41.2750020000 46.3678930000 66.9367900000
41.2750020000 46.3678930000 66.9367900000
41.2750020000 46.1996920000 66.7999500000
41.2750020000 46.1996920000 66.7999500000
41.2750020000 46.1996920000 66.7999500000
41.2750020000 46.0278210000 66.6677550000
41.2750020000 46.0278210000 66.6677550000
41.2750020000 46.0278210000 66.6677550000
41.2750020000 45.8523980000 66.5403060000
41.2750020000 45.8523980000 66.5403060000
41.2750020000 45.8523980000 66.5403060000
41.2750020000 45.6735610000 66.4176940000
41.2750020000 45.6735610000 66.4176940000
41.2750020000 45.6735610000 66.4176940000
41.2750020000 45.4914440000 66.3000110000
41.2750020000 45.4914440000 66.3000110000
41.2750020000 45.4914440000 66.3000110000
41.2750020000 45.3061790000 66.1873470000
41.2750020000 45.3061790000 66.1873470000
41.2750020000 45.3061790000 66.1873470000
41.2750020000 45.1179050000 66.0797880000
41.2750020000 45.1179050000 66.0797880000
41.2750020000 45.1179050000 66.0797880000
41.2750020000 44.9267650000 65.9774170000
41.2750020000 44.9267650000 65.9774170000
41.2750020000 44.9267650000 65.9774170000
41.2750020000 44.7328990000 65.8802950000
41.2750020000 44.7328990000 65.8802950000
41.2750020000 44.7328990000 65.8802950000
41.2750020000 44.5364530000 65.7885130000
41.2750020000 44.5364530000 65.7885130000
41.2750020000 44.5364530000 65.7885130000
41.2750020000 44.3375740000 65.7021260000
41.2750020000 44.3375740000 65.7021260000
41.2750020000 44.3375740000 65.7021260000
41.2750020000 44.1364060000 65.6212010000
41.2750020000 44.1364060000 65.6212010000
41.2750020000 44.1364060000 65.6212010000
41.2750020000 43.9331050000 65.5458070000
41.2750020000 43.9331050000 65.5458070000
41.2750020000 43.9331050000 65.5458070000
41.2750020000 43.7278210000 65.4759900000
41.2750020000 43.7278210000 65.4759900000
41.2750020000 43.7278210000 65.4759900000
41.2750020000 43.5207060000 65.4118120000
41.2750020000 43.5207060000 65.4118120000
41.2750020000 43.5207060000 65.4118120000
41.2750020000 43.3119160000 65.3533100000
41.2750020000 43.3119160000 65.3533100000
41.2750020000 43.3119160000 65.3533100000
41.2750020000 43.1016040000 65.3005370000
41.2750020000 43.1016040000 65.3005370000
41.2750020000 43.1016040000 65.3005370000
41.2750020000 42.8899310000 65.2535250000
41.2750020000 42.8899310000 65.2535250000
41.2750020000 42.8899310000 65.2535250000
41.2750020000 42.6770520000 65.2123110000
41.2750020000 42.6770520000 65.2123110000
41.2750020000 42.6770520000 65.2123110000
41.2750020000 42.4631270000 65.1769330000
41.2750020000 42.4631270000 65.1769330000
41.2750020000 42.4631270000 65.1769330000
41.2750020000 42.2483140000 65.1474080000
41.2750020000 42.2483140000 65.1474080000
41.2750020000 42.2483140000 65.1474080000
41.2750020000 42.0327760000 65.1237560000
41.2750020000 42.0327760000 65.1237560000
41.2750020000 42.0327760000 65.1237560000
41.2750020000 41.8166730000 65.1060100000
41.2750020000 41.8166730000 65.1060100000
41.2750020000 41.8166730000 65.1060100000
41.2750020000 41.6001660000 65.0941700000
41.2750020000 41.6001660000 65.0941700000
41.2750020000 41.6001660000 65.0941700000
41.2750020000 41.3834150000 65.0882420000
41.2750020000 41.3834150000 65.0882420000
41.2750020000 41.3834150000 65.0882420000
41.2750020000 41.1665840000 65.0882420000
41.2750020000 41.1665840000 65.0882420000
41.2750020000 41.1665840000 65.0882420000
41.2750020000 40.9498330000 65.0941700000
41.2750020000 40.9498330000 65.0941700000
41.2750020000 40.9498330000 65.0941700000
41.2750020000 40.7333260000 65.1060100000
41.2750020000 40.7333260000 65.1060100000
41.2750020000 40.7333260000 65.1060100000
41.2750020000 40.5172230000 65.1237560000
41.2750020000 40.5172230000 65.1237560000
41.2750020000 40.5172230000 65.1237560000
41.2750020000 40.3016850000 65.1474080000
41.2750020000 40.3016850000 65.1474080000
41.2750020000 40.3016850000 65.1474080000
41.2750020000 40.0868720000 65.1769330000
41.2750020000 40.0868720000 65.1769330000
41.2750020000 40.0868720000 65.1769330000
41.2750020000 39.8729480000 65.2123110000
41.2750020000 39.8729480000 65.2123110000
41.2750020000 39.8729480000 65.2123110000
41.2750020000 39.6600690000 65.2535250000
41.2750020000 39.6600690000 65.2535250000
41.2750020000 39.6600690000 65.2535250000
41.2750020000 39.4483950000 65.3005370000
41.2750020000 39.4483950000 65.3005370000
41.2750020000 39.4483950000 65.3005370000
41.2750020000 39.2380830000 65.3533100000
41.2750020000 39.2380830000 65.3533100000
41.2750020000 39.2380830000 65.3533100000
41.2750020000 39.0292930000 65.4118120000
41.2750020000 39.0292930000 65.4118120000
41.2750020000 39.0292930000 65.4118120000
41.2750020000 38.8221780000 65.4759900000
41.2750020000 38.8221780000 65.4759900000
41.2750020000 38.8221780000 65.4759900000
41.2750020000 38.6168940000 65.5458070000
41.2750020000 38.6168940000 65.5458070000
41.2750020000 38.6168940000 65.5458070000
41.2750020000 38.4135930000 65.6212010000
41.2750020000 38.4135930000 65.6212010000
41.2750020000 38.4135930000 65.6212010000
41.2750020000 38.2124290000 65.7021260000
41.2750020000 38.2124290000 65.7021260000
41.2750020000 38.2124290000 65.7021260000
41.2750020000 38.0135460000 65.7885130000
41.2750020000 38.0135460000 65.7885130000
41.2750020000 38.0135460000 65.7885130000
41.2750020000 37.8171010000 65.8802950000
41.2750020000 37.8171010000 65.8802950000
41.2750020000 37.8171010000 65.8802950000
41.2750020000 37.6232340000 65.9774170000
41.2750020000 37.6232340000 65.9774170000
41.2750020000 37.6232340000 65.9774170000
41.2750020000 37.4320950000 66.0797880000
41.2750020000 37.4320950000 66.0797880000
41.2750020000 37.4320950000 66.0797880000
41.2750020000 37.2438200000 66.1873470000
41.2750020000 37.2438200000 66.1873470000
41.2750020000 37.2438200000 66.1873470000
41.2750020000 37.0585560000 66.3000110000
41.2750020000 37.0585560000 66.3000110000
41.2750020000 37.0585560000 66.3000110000
41.2750020000 36.8764380000 66.4176940000
41.2750020000 36.8764380000 66.4176940000
41.2750020000 36.8764380000 66.4176940000
41.2750020000 36.6976010000 66.5403060000
41.2750020000 36.6976010000 66.5403060000
41.2750020000 36.6976010000 66.5403060000
41.2750020000 36.5221820000 66.6677550000
41.2750020000 36.5221820000 66.6677550000
41.2750020000 36.5221820000 66.6677550000
41.2750020000 36.3503070000 66.7999500000
41.2750020000 36.3503070000 66.7999500000
41.2750020000 36.3503070000 66.7999500000
41.2750020000 36.1821100000 66.9367900000
41.2750020000 36.1821100000 66.9367900000
41.2750020000 36.1821100000 66.9367900000
41.2750020000 36.0177120000 67.0781710000
41.2750020000 36.0177120000 67.0781710000
41.2750020000 36.0177120000 67.0781710000
41.2750020000 35.8572350000 67.2239910000
41.2750020000 35.8572350000 67.2239910000
41.2750020000 35.8572350000 67.2239910000
41.2750020000 35.7008060000 67.3741380000
41.2750020000 35.7008060000 67.3741380000
41.2750020000 35.7008060000 67.3741380000
41.2750020000 35.5485310000 67.5285110000
41.2750020000 35.5485310000 67.5285110000
41.2750020000 35.5485310000 67.5285110000
41.2750020000 35.4005320000 67.6869740000
41.2750020000 35.4005320000 67.6869740000
41.2750020000 35.4005320000 67.6869740000
41.2750020000 35.2569160000 67.8494260000
41.2750020000 35.2569160000 67.8494260000
41.2750020000 35.2569160000 67.8494260000
41.2750020000 35.1177940000 68.0157390000
41.2750020000 35.1177940000 68.0157390000
41.2750020000 35.1177940000 68.0157390000
41.2750020000 34.9832650000 68.1857910000
41.2750020000 34.9832650000 68.1857910000
41.2750020000 34.9832650000 68.1857910000
41.2750020000 34.8534280000 68.3594590000
41.2750020000 34.8534280000 68.3594590000
41.2750020000 34.8534280000 68.3594590000
41.2750020000 34.7283860000 68.5365980000
41.2750020000 34.7283860000 68.5365980000
41.2750020000 34.7283860000 68.5365980000
41.2750020000 34.6082310000 68.7170940000
41.2750020000 34.6082310000 68.7170940000
41.2750020000 34.6082310000 68.7170940000
41.2750020000 34.4930460000 68.9008030000
41.2750020000 34.4930460000 68.9008030000
41.2750020000 34.4930460000 68.9008030000
41.2750020000 34.3829270000 69.0875930000
41.2750020000 34.3829270000 69.0875930000
41.2750020000 34.3829270000 69.0875930000
41.2750020000 34.2779460000 69.2773130000
41.2750020000 34.2779460000 69.2773130000
41.2750020000 34.2779460000 69.2773130000
41.2750020000 34.1781920000 69.4698330000
41.2750020000 34.1781920000 69.4698330000
41.2750020000 34.1781920000 69.4698330000
41.2750020000 34.0837290000 69.6650090000
41.2750020000 34.0837290000 69.6650090000
41.2750020000 34.0837290000 69.6650090000
41.2750020000 33.9946370000 69.8626940000
41.2750020000 33.9946370000 69.8626940000
41.2750020000 33.9946370000 69.8626940000
41.2750020000 33.9109760000 70.0627370000
41.2750020000 33.9109760000 70.0627370000
41.2750020000 33.9109760000 70.0627370000
41.2750020000 33.8328090000 70.2649840000
41.2750020000 33.8328090000 70.2649840000
41.2750020000 33.8328090000 70.2649840000
41.2750020000 33.7601970000 70.4692990000
41.2750020000 33.7601970000 70.4692990000
41.2750020000 33.7601970000 70.4692990000
41.2750020000 33.6931920000 70.6755140000
41.2750020000 33.6931920000 70.6755140000
41.2750020000 33.6931920000 70.6755140000
41.2750020000 33.6318440000 70.8834920000
41.2750020000 33.6318440000 70.8834920000
41.2750020000 33.6318440000 70.8834920000
41.2750020000 33.5762020000 71.0930560000
41.2750020000 33.5762020000 71.0930560000
41.2750020000 33.5762020000 71.0930560000
41.2750020000 33.5263020000 71.3040700000
41.2750020000 33.5263020000 71.3040700000
41.2750020000 33.5263020000 71.3040700000
41.2750020000 33.4821890000 71.5163650000
41.2750020000 33.4821890000 71.5163650000
41.2750020000 33.4821890000 71.5163650000
41.2750020000 33.4438860000 71.7297900000
41.2750020000 33.4438860000 71.7297900000
41.2750020000 33.4438860000 71.7297900000
41.2750020000 33.4114300000 71.9441760000
41.2750020000 33.4114300000 71.9441760000
41.2750020000 33.4114300000 71.9441760000
41.2750020000 33.3848420000 72.1593700000
41.2750020000 33.3848420000 72.1593700000
41.2750020000 33.3848420000 72.1593700000
41.2750020000 33.3641430000 72.3752140000
41.2750020000 33.3641430000 72.3752140000
41.2750020000 33.3641430000 72.3752140000
41.2750020000 33.3493460000 72.5915370000
41.2750020000 33.3493460000 72.5915370000
41.2750020000 33.3493460000 72.5915370000
41.2750020000 33.3404620000 72.8081890000
41.2750020000 33.3404620000 72.8081890000
41.2750020000 33.3404620000 72.8081890000
38.0999980000 82.5500030000 12.7000000000
38.0999980000 82.5500030000 12.7000000000
38.0999980000 82.5500030000 12.7000000000
12.7000000000 82.5500030000 12.7000000000
12.7000000000 82.5500030000 12.7000000000
12.7000000000 82.5500030000 12.7000000000
0.0000000000 69.8499980000 12.7000000000
0.0000000000 69.8499980000 12.7000000000
0.0000000000 69.8499980000 12.7000000000
0.0047370000 70.1938860000 12.7000000000
0.0047370000 70.1938860000 12.7000000000
0.0047370000 70.1938860000 12.7000000000
0.0187810000 70.5375140000 12.7000000000
0.0187810000 70.5375140000 12.7000000000
0.0187810000 70.5375140000 12.7000000000
0.0421230000 70.8806380000 12.7000000000
0.0421230000 70.8806380000 12.7000000000
0.0421230000 70.8806380000 12.7000000000
0.0747450000 71.2230070000 12.7000000000
0.0747450000 71.2230070000 12.7000000000
0.0747450000 71.2230070000 12.7000000000
0.1166240000 71.5643620000 12.7000000000
0.1166240000 71.5643620000 12.7000000000
0.1166240000 71.5643620000 12.7000000000
0.1677280000 71.9044650000 12.7000000000
0.1677280000 71.9044650000 12.7000000000
0.1677280000 71.9044650000 12.7000000000
0.2280200000 72.2430570000 12.7000000000
0.2280200000 72.2430570000 12.7000000000
0.2280200000 72.2430570000 12.7000000000
0.2974570000 72.5798870000 12.7000000000
0.2974570000 72.5798870000 12.7000000000
0.2974570000 72.5798870000 12.7000000000
0.3759860000 72.9147260000 12.7000000000
0.3759860000 72.9147260000 12.7000000000
0.3759860000 72.9147260000 12.7000000000
0.4635510000 73.2473070000 12.7000000000
0.4635510000 73.2473070000 12.7000000000
0.4635510000 73.2473070000 12.7000000000
0.5600870000 73.5774000000 12.7000000000
0.5600870000 73.5774000000 12.7000000000
0.5600870000 73.5774000000 12.7000000000
0.6655240000 73.9047550000 12.7000000000
0.6655240000 73.9047550000 12.7000000000
0.6655240000 73.9047550000 12.7000000000
0.7797840000 74.2291340000 12.7000000000
0.7797840000 74.2291340000 12.7000000000
0.7797840000 74.2291340000 12.7000000000
0.9027840000 74.5503080000 12.7000000000
0.9027840000 74.5503080000 12.7000000000
0.9027840000 74.5503080000 12.7000000000
1.0344330000 74.8680270000 12.7000000000
1.0344330000 74.8680270000 12.7000000000
1.0344330000 74.8680270000 12.7000000000
1.1746350000 75.1820680000 12.7000000000
1.1746350000 75.1820680000 12.7000000000
1.1746350000 75.1820680000 12.7000000000
1.3232870000 75.4922030000 12.7000000000
1.3232870000 75.4922030000 12.7000000000
1.3232870000 75.4922030000 12.7000000000
1.4802800000 75.7981950000 12.7000000000
1.4802800000 75.7981950000 12.7000000000
1.4802800000 75.7981950000 12.7000000000
1.6455000000 76.0998310000 12.7000000000
1.6455000000 76.0998310000 12.7000000000
1.6455000000 76.0998310000 12.7000000000
1.8188240000 76.3968810000 12.7000000000
1.8188240000 76.3968810000 12.7000000000
1.8188240000 76.3968810000 12.7000000000
2.0001260000 76.6891250000 12.7000000000
2.0001260000 76.6891250000 12.7000000000
2.0001260000 76.6891250000 12.7000000000
2.1892740000 76.9763570000 12.7000000000
2.1892740000 76.9763570000 12.7000000000
2.1892740000 76.9763570000 12.7000000000
2.3861280000 77.2583620000 12.7000000000
2.3861280000 77.2583620000 12.7000000000
2.3861280000 77.2583620000 12.7000000000
2.5905440000 77.5349430000 12.7000000000
2.5905440000 77.5349430000 12.7000000000
2.5905440000 77.5349430000 12.7000000000
2.8023720000 77.8058780000 12.7000000000
2.8023720000 77.8058780000 12.7000000000
2.8023720000 77.8058780000 12.7000000000
3.0214570000 78.0709840000 12.7000000000
3.0214570000 78.0709840000 12.7000000000
3.0214570000 78.0709840000 12.7000000000
3.2476390000 78.3300630000 12.7000000000
3.2476390000 78.3300630000 12.7000000000
3.2476390000 78.3300630000 12.7000000000
3.4807510000 78.5829240000 12.7000000000
3.4807510000 78.5829240000 12.7000000000
3.4807510000 78.5829240000 12.7000000000
3.7206230000 78.8293760000 12.7000000000
3.7206230000 78.8293760000 12.7000000000
3.7206230000 78.8293760000 12.7000000000
3.9670790000 79.0692520000 12.7000000000
3.9670790000 79.0692520000 12.7000000000
3.9670790000 79.0692520000 12.7000000000
4.2199390000 79.3023610000 12.7000000000
4.2199390000 79.3023610000 12.7000000000
4.2199390000 79.3023610000 12.7000000000
4.4790160000 79.5285420000 12.7000000000
4.4790160000 79.5285420000 12.7000000000
4.4790160000 79.5285420000 12.7000000000
4.7441220000 79.7476270000 12.7000000000
4.7441220000 79.7476270000 12.7000000000
4.7441220000 79.7476270000 12.7000000000
5.0150610000 79.9594570000 12.7000000000
5.0150610000 79.9594570000 12.7000000000
5.0150610000 79.9594570000 12.7000000000
5.2916350000 80.1638720000 12.7000000000
5.2916350000 80.1638720000 12.7000000000
5.2916350000 80.1638720000 12.7000000000
5.5736420000 80.3607250000 12.7000000000
5.5736420000 80.3607250000 12.7000000000
5.5736420000 80.3607250000 12.7000000000
5.8608750000 80.5498730000 12.7000000000
5.8608750000 80.5498730000 12.7000000000
5.8608750000 80.5498730000 12.7000000000
6.1531220000 80.7311780000 12.7000000000
6.1531220000 80.7311780000 12.7000000000
6.1531220000 80.7311780000 12.7000000000
6.4501710000 80.9045030000 12.7000000000
6.4501710000 80.9045030000 12.7000000000
6.4501710000 80.9045030000 12.7000000000
6.7518030000 81.0697170000 12.7000000000
6.7518030000 81.0697170000 12.7000000000
6.7518030000 81.0697170000 12.7000000000
7.0577970000 81.2267150000 12.7000000000
7.0577970000 81.2267150000 12.7000000000
7.0577970000 81.2267150000 12.7000000000
7.3679290000 81.3753660000 12.7000000000
7.3679290000 81.3753660000 12.7000000000
7.3679290000 81.3753660000 12.7000000000
7.6819710000 81.5155640000 12.7000000000
7.6819710000 81.5155640000 12.7000000000
7.6819710000 81.5155640000 12.7000000000
7.9996940000 81.6472170000 12.7000000000
7.9996940000 81.6472170000 12.7000000000
7.9996940000 81.6472170000 12.7000000000
8.3208640000 81.7702180000 12.7000000000
8.3208640000 81.7702180000 12.7000000000
8.3208640000 81.7702180000 12.7000000000
8.6452470000 81.8844760000 12.7000000000
8.6452470000 81.8844760000 12.7000000000
8.6452470000 81.8844760000 12.7000000000
8.9726030000 81.9899140000 12.7000000000
8.9726030000 81.9899140000 12.7000000000
8.9726030000 81.9899140000 12.7000000000
9.3026940000 82.0864490000 12.7000000000
9.3026940000 82.0864490000 12.7000000000
9.3026940000 82.0864490000 12.7000000000
9.6352770000 82.1740110000 12.7000000000
9.6352770000 82.1740110000 12.7000000000
9.6352770000 82.1740110000 12.7000000000
9.9701090000 82.2525410000 12.7000000000
9.9701090000 82.2525410000 12.7000000000
9.9701090000 82.2525410000 12.7000000000
10.3069440000 82.3219830000 12.7000000000
10.3069440000 82.3219830000 12.7000000000
10.3069440000 82.3219830000 12.7000000000
10.6455350000 82.3822710000 12.7000000000
10.6455350000 82.3822710000 12.7000000000
10.6455350000 82.3822710000 12.7000000000
10.9856350000 82.4333720000 12.7000000000
10.9856350000 82.4333720000 12.7000000000
10.9856350000 82.4333720000 12.7000000000
11.3269930000 82.4752580000 12.7000000000
11.3269930000 82.4752580000 12.7000000000
11.3269930000 82.4752580000 12.7000000000
11.6693600000 82.5078740000 12.7000000000
11.6693600000 82.5078740000 12.7000000000
11.6693600000 82.5078740000 12.7000000000
12.0124850000 82.5312190000 12.7000000000
12.0124850000 82.5312190000 12.7000000000
12.0124850000 82.5312190000 12.7000000000
12.3561150000 82.5452650000 12.7000000000
12.3561150000 82.5452650000 12.7000000000
12.3561150000 82.5452650000 12.7000000000
0.0000000000 12.7000000000 12.7000000000
0.0000000000 12.7000000000 12.7000000000
0.0000000000 12.7000000000 12.7000000000
12.7000000000 0.0000000000 12.7000000000
12.7000000000 0.0000000000 12.7000000000
12.7000000000 0.0000000000 12.7000000000
12.3561210000 0.0047570000 12.7000000000
12.3561210000 0.0047570000 12.7000000000
12.3561210000 0.0047570000 12.7000000000
12.0124970000 0.0188210000 12.7000000000
12.0124970000 0.0188210000 12.7000000000
12.0124970000 0.0188210000 12.7000000000
11.6693790000 0.0421820000 12.7000000000
11.6693790000 0.0421820000 12.7000000000
11.6693790000 0.0421820000 12.7000000000
11.3270200000 0.0748210000 12.7000000000
11.3270200000 0.0748210000 12.7000000000
11.3270200000 0.0748210000 12.7000000000
10.9856690000 0.1167160000 12.7000000000
10.9856690000 0.1167160000 12.7000000000
10.9856690000 0.1167160000 12.7000000000
10.6455780000 0.1678360000 12.7000000000
10.6455780000 0.1678360000 12.7000000000
10.6455780000 0.1678360000 12.7000000000
10.3069950000 0.2281430000 12.7000000000
10.3069950000 0.2281430000 12.7000000000
10.3069950000 0.2281430000 12.7000000000
9.9701690000 0.2975940000 12.7000000000
9.9701690000 0.2975940000 12.7000000000
9.9701690000 0.2975940000 12.7000000000
9.6353450000 0.3761360000 12.7000000000
9.6353450000 0.3761360000 12.7000000000
9.6353450000 0.3761360000 12.7000000000
9.3027720000 0.4637130000 12.7000000000
9.3027720000 0.4637130000 12.7000000000
9.3027720000 0.4637130000 12.7000000000
8.9726900000 0.5602600000 12.7000000000
8.9726900000 0.5602600000 12.7000000000
8.9726900000 0.5602600000 12.7000000000
8.6453420000 0.6657070000 12.7000000000
8.6453420000 0.6657070000 12.7000000000
8.6453420000 0.6657070000 12.7000000000
8.3209700000 0.7799770000 12.7000000000
8.3209700000 0.7799770000 12.7000000000
8.3209700000 0.7799770000 12.7000000000
7.9998080000 0.9029850000 12.7000000000
7.9998080000 0.9029850000 12.7000000000
7.9998080000 0.9029850000 12.7000000000
7.6820950000 1.0346410000 12.7000000000
7.6820950000 1.0346410000 12.7000000000
7.6820950000 1.0346410000 12.7000000000
7.3680620000 1.1748500000 12.7000000000
7.3680620000 1.1748500000 12.7000000000
7.3680620000 1.1748500000 12.7000000000
7.0579390000 1.3235080000 12.7000000000
7.0579390000 1.3235080000 12.7000000000
7.0579390000 1.3235080000 12.7000000000
6.7519530000 1.4805060000 12.7000000000
6.7519530000 1.4805060000 12.7000000000
6.7519530000 1.4805060000 12.7000000000
6.4503300000 1.6457290000 12.7000000000
6.4503300000 1.6457290000 12.7000000000
6.4503300000 1.6457290000 12.7000000000
6.1532890000 1.8190560000 12.7000000000
6.1532890000 1.8190560000 12.7000000000
6.1532890000 1.8190560000 12.7000000000
5.8610500000 2.0003610000 12.7000000000
5.8610500000 2.0003610000 12.7000000000
5.8610500000 2.0003610000 12.7000000000
5.5738250000 2.1895100000 12.7000000000
5.5738250000 2.1895100000 12.7000000000
5.5738250000 2.1895100000 12.7000000000
5.2918260000 2.3863640000 12.7000000000
5.2918260000 2.3863640000 12.7000000000
5.2918260000 2.3863640000 12.7000000000
5.0152580000 2.5907800000 12.7000000000
5.0152580000 2.5907800000 12.7000000000
5.0152580000 2.5907800000 12.7000000000
4.7443250000 2.8026070000 12.7000000000
4.7443250000 2.8026070000 12.7000000000
4.7443250000 2.8026070000 12.7000000000
4.4792260000 3.0216910000 12.7000000000
4.4792260000 3.0216910000 12.7000000000
4.4792260000 3.0216910000 12.7000000000
4.2201540000 3.2478700000 12.7000000000
4.2201540000 3.2478700000 12.7000000000
4.2201540000 3.2478700000 12.7000000000
3.9672990000 3.4809790000 12.7000000000
3.9672990000 3.4809790000 12.7000000000
3.9672990000 3.4809790000 12.7000000000
3.7208480000 3.7208480000 12.7000000000
3.7208480000 3.7208480000 12.7000000000
3.7208480000 3.7208480000 12.7000000000
3.4809790000 3.9672990000 12.7000000000
3.4809790000 3.9672990000 12.7000000000
3.4809790000 3.9672990000 12.7000000000
3.2478700000 4.2201540000 12.7000000000
3.2478700000 4.2201540000 12.7000000000
3.2478700000 4.2201540000 12.7000000000
3.0216910000 4.4792260000 12.7000000000
3.0216910000 4.4792260000 12.7000000000
3.0216910000 4.4792260000 12.7000000000
2.8026070000 4.7443250000 12.7000000000
2.8026070000 4.7443250000 12.7000000000
2.8026070000 4.7443250000 12.7000000000
2.5907800000 5.0152580000 12.7000000000
2.5907800000 5.0152580000 12.7000000000
2.5907800000 5.0152580000 12.7000000000
2.3863640000 5.2918260000 12.7000000000
2.3863640000 5.2918260000 12.7000000000
2.3863640000 5.2918260000 12.7000000000
2.1895100000 5.5738250000 12.7000000000
2.1895100000 5.5738250000 12.7000000000
2.1895100000 5.5738250000 12.7000000000
2.0003610000 5.8610500000 12.7000000000
2.0003610000 5.8610500000 12.7000000000
2.0003610000 5.8610500000 12.7000000000
1.8190560000 6.1532890000 12.7000000000
1.8190560000 6.1532890000 12.7000000000
1.8190560000 6.1532890000 12.7000000000
1.6457290000 6.4503300000 12.7000000000
1.6457290000 6.4503300000 12.7000000000
1.6457290000 6.4503300000 12.7000000000
1.4805060000 6.7519530000 12.7000000000
1.4805060000 6.7519530000 12.7000000000
1.4805060000 6.7519530000 12.7000000000
1.3235080000 7.0579390000 12.7000000000
1.3235080000 7.0579390000 12.7000000000
1.3235080000 7.0579390000 12.7000000000
1.1748500000 7.3680620000 12.7000000000
1.1748500000 7.3680620000 12.7000000000
1.1748500000 7.3680620000 12.7000000000
1.0346410000 7.6820950000 12.7000000000
1.0346410000 7.6820950000 12.7000000000
1.0346410000 7.6820950000 12.7000000000
0.9029850000 7.9998080000 12.7000000000
0.9029850000 7.9998080000 12.7000000000
0.9029850000 7.9998080000 12.7000000000
0.7799770000 8.3209700000 12.7000000000
0.7799770000 8.3209700000 12.7000000000
0.7799770000 8.3209700000 12.7000000000
0.6657070000 8.6453420000 12.7000000000
0.6657070000 8.6453420000 12.7000000000
0.6657070000 8.6453420000 12.7000000000
0.5602600000 8.9726900000 12.7000000000
0.5602600000 8.9726900000 12.7000000000
0.5602600000 8.9726900000 12.7000000000
0.4637130000 9.3027720000 12.7000000000
0.4637130000 9.3027720000 12.7000000000
0.4637130000 9.3027720000 12.7000000000
0.3761360000 9.6353450000 12.7000000000
0.3761360000 9.6353450000 12.7000000000
0.3761360000 9.6353450000 12.7000000000
0.2975940000 9.9701690000 12.7000000000
0.2975940000 9.9701690000 12.7000000000
0.2975940000 9.9701690000 12.7000000000
0.2281430000 10.3069950000 12.7000000000
0.2281430000 10.3069950000 12.7000000000
0.2281430000 10.3069950000 12.7000000000
0.1678360000 10.6455780000 12.7000000000
0.1678360000 10.6455780000 12.7000000000
0.1678360000 10.6455780000 12.7000000000
0.1167160000 10.9856690000 12.7000000000
0.1167160000 10.9856690000 12.7000000000
0.1167160000 10.9856690000 12.7000000000
0.0748210000 11.3270200000 12.7000000000
0.0748210000 11.3270200000 12.7000000000
0.0748210000 11.3270200000 12.7000000000
0.0421820000 11.6693790000 12.7000000000
0.0421820000 11.6693790000 12.7000000000
0.0421820000 11.6693790000 12.7000000000
0.0188210000 12.0124970000 12.7000000000
0.0188210000 12.0124970000 12.7000000000
0.0188210000 12.0124970000 12.7000000000
0.0047570000 12.3561210000 12.7000000000
0.0047570000 12.3561210000 12.7000000000
0.0047570000 12.3561210000 12.7000000000
38.0999980000 -0.0000000000 12.7000000000
38.0999980000 -0.0000000000 12.7000000000
38.0999980000 -0.0000000000 12.7000000000
20.6375010000 12.7000000000 23.3680000000
20.6375010000 12.7000000000 23.3680000000
20.6375010000 12.7000000000 23.3680000000
20.6345390000 12.4831890000 23.3680000000
20.6345390000 12.4831890000 23.3680000000
20.6345390000 12.4831890000 23.3680000000
20.6256560000 12.2665400000 23.3680000000
20.6256560000 12.2665400000 23.3680000000
20.6256560000 12.2665400000 23.3680000000
20.6108590000 12.0502140000 23.3680000000
20.6108590000 12.0502140000 23.3680000000
20.6108590000 12.0502140000 23.3680000000
20.5901580000 11.8343730000 23.3680000000
20.5901580000 11.8343730000 23.3680000000
20.5901580000 11.8343730000 23.3680000000
20.5635700000 11.6191780000 23.3680000000
20.5635700000 11.6191780000 23.3680000000
20.5635700000 11.6191780000 23.3680000000
20.5311130000 11.4047890000 23.3680000000
20.5311130000 11.4047890000 23.3680000000
20.5311130000 11.4047890000 23.3680000000
20.4928130000 11.1913670000 23.3680000000
20.4928130000 11.1913670000 23.3680000000
20.4928130000 11.1913670000 23.3680000000
20.4486960000 10.9790710000 23.3680000000
20.4486960000 10.9790710000 23.3680000000
20.4486960000 10.9790710000 23.3680000000
20.3987980000 10.7680590000 23.3680000000
20.3987980000 10.7680590000 23.3680000000
20.3987980000 10.7680590000 23.3680000000
20.3431550000 10.5584890000 23.3680000000
20.3431550000 10.5584890000 23.3680000000
20.3431550000 10.5584890000 23.3680000000
20.2818090000 10.3505160000 23.3680000000
20.2818090000 10.3505160000 23.3680000000
20.2818090000 10.3505160000 23.3680000000
20.2148040000 10.1442980000 23.3680000000
20.2148040000 10.1442980000 23.3680000000
20.2148040000 10.1442980000 23.3680000000
20.1421910000 9.9399860000 23.3680000000
20.1421910000 9.9399860000 23.3680000000
20.1421910000 9.9399860000 23.3680000000
20.0640260000 9.7377340000 23.3680000000
20.0640260000 9.7377340000 23.3680000000
20.0640260000 9.7377340000 23.3680000000
19.9803640000 9.5376920000 23.3680000000
19.9803640000 9.5376920000 23.3680000000
19.9803640000 9.5376920000 23.3680000000
19.8912700000 9.3400110000 23.3680000000
19.8912700000 9.3400110000 23.3680000000
19.8912700000 9.3400110000 23.3680000000
19.7968080000 9.1448360000 23.3680000000
19.7968080000 9.1448360000 23.3680000000
19.7968080000 9.1448360000 23.3680000000
19.6970520000 8.9523150000 23.3680000000
19.6970520000 8.9523150000 23.3680000000
19.6970520000 8.9523150000 23.3680000000
19.5920730000 8.7625900000 23.3680000000
19.5920730000 8.7625900000 23.3680000000
19.5920730000 8.7625900000 23.3680000000
19.4819530000 8.5758040000 23.3680000000
19.4819530000 8.5758040000 23.3680000000
19.4819530000 8.5758040000 23.3680000000
19.3667700000 8.3920960000 23.3680000000
19.3667700000 8.3920960000 23.3680000000
19.3667700000 8.3920960000 23.3680000000
19.2466140000 8.2116010000 23.3680000000
19.2466140000 8.2116010000 23.3680000000
19.2466140000 8.2116010000 23.3680000000
19.1215710000 8.0344560000 23.3680000000
19.1215710000 8.0344560000 23.3680000000
19.1215710000 8.0344560000 23.3680000000
18.9917370000 7.8607940000 23.3680000000
18.9917370000 7.8607940000 23.3680000000
18.9917370000 7.8607940000 23.3680000000
18.8572060000 7.6907420000 23.3680000000
18.8572060000 7.6907420000 23.3680000000
18.8572060000 7.6907420000 23.3680000000
18.7180820000 7.5244280000 23.3680000000
18.7180820000 7.5244280000 23.3680000000
18.7180820000 7.5244280000 23.3680000000
18.5744670000 7.3619760000 23.3680000000
18.5744670000 7.3619760000 23.3680000000
18.5744670000 7.3619760000 23.3680000000
18.4264680000 7.2035080000 23.3680000000
18.4264680000 7.2035080000 23.3680000000
18.4264680000 7.2035080000 23.3680000000
18.2741970000 7.0491410000 23.3680000000
18.2741970000 7.0491410000 23.3680000000
18.2741970000 7.0491410000 23.3680000000
18.1177640000 6.8989920000 23.3680000000
18.1177640000 6.8989920000 23.3680000000
18.1177640000 6.8989920000 23.3680000000
17.9572890000 6.7531710000 23.3680000000
17.9572890000 6.7531710000 23.3680000000
17.9572890000 6.7531710000 23.3680000000
17.7928910000 6.6117880000 23.3680000000
17.7928910000 6.6117880000 23.3680000000
17.7928910000 6.6117880000 23.3680000000
17.6246930000 6.4749490000 23.3680000000
17.6246930000 6.4749490000 23.3680000000
17.6246930000 6.4749490000 23.3680000000
17.4528200000 6.3427540000 23.3680000000
17.4528200000 6.3427540000 23.3680000000
17.4528200000 6.3427540000 23.3680000000
17.2773990000 6.2153040000 23.3680000000
17.2773990000 6.2153040000 23.3680000000
17.2773990000 6.2153040000 23.3680000000
17.0985620000 6.0926930000 23.3680000000
17.0985620000 6.0926930000 23.3680000000
17.0985620000 6.0926930000 23.3680000000
16.9164450000 5.9750130000 23.3680000000
16.9164450000 5.9750130000 23.3680000000
16.9164450000 5.9750130000 23.3680000000
16.7311800000 5.8623500000 23.3680000000
16.7311800000 5.8623500000 23.3680000000
16.7311800000 5.8623500000 23.3680000000
16.5429060000 5.7547910000 23.3680000000
16.5429060000 5.7547910000 23.3680000000
16.5429060000 5.7547910000 23.3680000000
16.3517650000 5.6524140000 23.3680000000
16.3517650000 5.6524140000 23.3680000000
16.3517650000 5.6524140000 23.3680000000
16.1579000000 5.5552960000 23.3680000000
16.1579000000 5.5552960000 23.3680000000
16.1579000000 5.5552960000 23.3680000000
15.9614520000 5.4635110000 23.3680000000
15.9614520000 5.4635110000 23.3680000000
15.9614520000 5.4635110000 23.3680000000
15.7625720000 5.3771250000 23.3680000000
15.7625720000 5.3771250000 23.3680000000
15.7625720000 5.3771250000 23.3680000000
15.5614070000 5.2962040000 23.3680000000
15.5614070000 5.2962040000 23.3680000000
15.5614070000 5.2962040000 23.3680000000
15.3581070000 5.2208080000 23.3680000000
15.3581070000 5.2208080000 23.3680000000
15.3581070000 5.2208080000 23.3680000000
15.1528220000 5.1509920000 23.3680000000
15.1528220000 5.1509920000 23.3680000000
15.1528220000 5.1509920000 23.3680000000
14.9457060000 5.0868110000 23.3680000000
14.9457060000 5.0868110000 23.3680000000
14.9457060000 5.0868110000 23.3680000000
14.7369170000 5.0283100000 23.3680000000
14.7369170000 5.0283100000 23.3680000000
14.7369170000 5.0283100000 23.3680000000
14.5266060000 4.9755350000 23.3680000000
14.5266060000 4.9755350000 23.3680000000
14.5266060000 4.9755350000 23.3680000000
14.3149320000 4.9285240000 23.3680000000
14.3149320000 4.9285240000 23.3680000000
14.3149320000 4.9285240000 23.3680000000
14.1020530000 4.8873120000 23.3680000000
14.1020530000 4.8873120000 23.3680000000
14.1020530000 4.8873120000 23.3680000000
13.8881270000 4.8519300000 23.3680000000
13.8881270000 4.8519300000 23.3680000000
13.8881270000 4.8519300000 23.3680000000
13.6733160000 4.8224050000 23.3680000000
13.6733160000 4.8224050000 23.3680000000
13.6733160000 4.8224050000 23.3680000000
13.4577780000 4.7987590000 23.3680000000
13.4577780000 4.7987590000 23.3680000000
13.4577780000 4.7987590000 23.3680000000
13.2416740000 4.7810080000 23.3680000000
13.2416740000 4.7810080000 23.3680000000
13.2416740000 4.7810080000 23.3680000000
13.0251670000 4.7691670000 23.3680000000
13.0251670000 4.7691670000 23.3680000000
13.0251670000 4.7691670000 23.3680000000
12.8084150000 4.7632440000 23.3680000000
12.8084150000 4.7632440000 23.3680000000
12.8084150000 4.7632440000 23.3680000000
12.5915840000 4.7632440000 23.3680000000
12.5915840000 4.7632440000 23.3680000000
12.5915840000 4.7632440000 23.3680000000
12.3748340000 4.7691670000 23.3680000000
12.3748340000 4.7691670000 23.3680000000
12.3748340000 4.7691670000 23.3680000000
12.1583260000 4.7810080000 23.3680000000
12.1583260000 4.7810080000 23.3680000000
12.1583260000 4.7810080000 23.3680000000
11.9422230000 4.7987590000 23.3680000000
11.9422230000 4.7987590000 23.3680000000
11.9422230000 4.7987590000 23.3680000000
11.7266850000 4.8224050000 23.3680000000
11.7266850000 4.8224050000 23.3680000000
11.7266850000 4.8224050000 23.3680000000
11.5118720000 4.8519300000 23.3680000000
11.5118720000 4.8519300000 23.3680000000
11.5118720000 4.8519300000 23.3680000000
11.2979470000 4.8873120000 23.3680000000
11.2979470000 4.8873120000 23.3680000000
11.2979470000 4.8873120000 23.3680000000
11.0850690000 4.9285240000 23.3680000000
11.0850690000 4.9285240000 23.3680000000
11.0850690000 4.9285240000 23.3680000000
10.8733950000 4.9755350000 23.3680000000
10.8733950000 4.9755350000 23.3680000000
10.8733950000 4.9755350000 23.3680000000
10.6630840000 5.0283100000 23.3680000000
10.6630840000 5.0283100000 23.3680000000
10.6630840000 5.0283100000 23.3680000000
10.4542930000 5.0868110000 23.3680000000
10.4542930000 5.0868110000 23.3680000000
10.4542930000 5.0868110000 23.3680000000
10.2471780000 5.1509920000 23.3680000000
10.2471780000 5.1509920000 23.3680000000
10.2471780000 5.1509920000 23.3680000000
10.0418940000 5.2208080000 23.3680000000
10.0418940000 5.2208080000 23.3680000000
10.0418940000 5.2208080000 23.3680000000
9.8385930000 5.2962040000 23.3680000000
9.8385930000 5.2962040000 23.3680000000
9.8385930000 5.2962040000 23.3680000000
9.6374270000 5.3771250000 23.3680000000
9.6374270000 5.3771250000 23.3680000000
9.6374270000 5.3771250000 23.3680000000
9.4385470000 5.4635110000 23.3680000000
9.4385470000 5.4635110000 23.3680000000
9.4385470000 5.4635110000 23.3680000000
9.2421010000 5.5552960000 23.3680000000
9.2421010000 5.5552960000 23.3680000000
9.2421010000 5.5552960000 23.3680000000
9.0482350000 5.6524140000 23.3680000000
9.0482350000 5.6524140000 23.3680000000
9.0482350000 5.6524140000 23.3680000000
8.8570940000 5.7547910000 23.3680000000
8.8570940000 5.7547910000 23.3680000000
8.8570940000 5.7547910000 23.3680000000
8.6688200000 5.8623500000 23.3680000000
8.6688200000 5.8623500000 23.3680000000
8.6688200000 5.8623500000 23.3680000000
8.4835560000 5.9750130000 23.3680000000
8.4835560000 5.9750130000 23.3680000000
8.4835560000 5.9750130000 23.3680000000
8.3014370000 6.0926930000 23.3680000000
8.3014370000 6.0926930000 23.3680000000
8.3014370000 6.0926930000 23.3680000000
8.1226020000 6.2153040000 23.3680000000
8.1226020000 6.2153040000 23.3680000000
8.1226020000 6.2153040000 23.3680000000
7.9471810000 6.3427540000 23.3680000000
7.9471810000 6.3427540000 23.3680000000
7.9471810000 6.3427540000 23.3680000000
7.7753070000 6.4749490000 23.3680000000
7.7753070000 6.4749490000 23.3680000000
7.7753070000 6.4749490000 23.3680000000
7.6071090000 6.6117880000 23.3680000000
7.6071090000 6.6117880000 23.3680000000
7.6071090000 6.6117880000 23.3680000000
7.4427100000 6.7531710000 23.3680000000
7.4427100000 6.7531710000 23.3680000000
7.4427100000 6.7531710000 23.3680000000
7.2822360000 6.8989920000 23.3680000000
7.2822360000 6.8989920000 23.3680000000
7.2822360000 6.8989920000 23.3680000000
7.1258040000 7.0491410000 23.3680000000
7.1258040000 7.0491410000 23.3680000000
7.1258040000 7.0491410000 23.3680000000
6.9735310000 7.2035080000 23.3680000000
6.9735310000 7.2035080000 23.3680000000
6.9735310000 7.2035080000 23.3680000000
6.8255320000 7.3619760000 23.3680000000
6.8255320000 7.3619760000 23.3680000000
6.8255320000 7.3619760000 23.3680000000
6.6819170000 7.5244280000 23.3680000000
6.6819170000 7.5244280000 23.3680000000
6.6819170000 7.5244280000 23.3680000000
6.5427930000 7.6907420000 23.3680000000
6.5427930000 7.6907420000 23.3680000000
6.5427930000 7.6907420000 23.3680000000
6.4082630000 7.8607940000 23.3680000000
6.4082630000 7.8607940000 23.3680000000
6.4082630000 7.8607940000 23.3680000000
6.2784290000 8.0344560000 23.3680000000
6.2784290000 8.0344560000 23.3680000000
6.2784290000 8.0344560000 23.3680000000
6.1533870000 8.2116010000 23.3680000000
6.1533870000 8.2116010000 23.3680000000
6.1533870000 8.2116010000 23.3680000000
6.0332290000 8.3920960000 23.3680000000
6.0332290000 8.3920960000 23.3680000000
6.0332290000 8.3920960000 23.3680000000
5.9180470000 8.5758040000 23.3680000000
5.9180470000 8.5758040000 23.3680000000
5.9180470000 8.5758040000 23.3680000000
5.8079260000 8.7625900000 23.3680000000
5.8079260000 8.7625900000 23.3680000000
5.8079260000 8.7625900000 23.3680000000
5.7029480000 8.9523150000 23.3680000000
5.7029480000 8.9523150000 23.3680000000
5.7029480000 8.9523150000 23.3680000000
5.6031910000 9.1448360000 23.3680000000
5.6031910000 9.1448360000 23.3680000000
5.6031910000 9.1448360000 23.3680000000
5.5087310000 9.3400110000 23.3680000000
5.5087310000 9.3400110000 23.3680000000
5.5087310000 9.3400110000 23.3680000000
5.4196360000 9.5376920000 23.3680000000
5.4196360000 9.5376920000 23.3680000000
5.4196360000 9.5376920000 23.3680000000
5.3359750000 9.7377340000 23.3680000000
5.3359750000 9.7377340000 23.3680000000
5.3359750000 9.7377340000 23.3680000000
5.2578090000 9.9399860000 23.3680000000
5.2578090000 9.9399860000 23.3680000000
5.2578090000 9.9399860000 23.3680000000
5.1851960000 10.1442980000 23.3680000000
5.1851960000 10.1442980000 23.3680000000
5.1851960000 10.1442980000 23.3680000000
5.1181920000 10.3505160000 23.3680000000
5.1181920000 10.3505160000 23.3680000000
5.1181920000 10.3505160000 23.3680000000
5.0568450000 10.5584890000 23.3680000000
5.0568450000 10.5584890000 23.3680000000
5.0568450000 10.5584890000 23.3680000000
5.0012020000 10.7680590000 23.3680000000
5.0012020000 10.7680590000 23.3680000000
5.0012020000 10.7680590000 23.3680000000
4.9513030000 10.9790710000 23.3680000000
4.9513030000 10.9790710000 23.3680000000
4.9513030000 10.9790710000 23.3680000000
4.9071880000 11.1913670000 23.3680000000
4.9071880000 11.1913670000 23.3680000000
4.9071880000 11.1913670000 23.3680000000
4.8688870000 11.4047890000 23.3680000000
4.8688870000 11.4047890000 23.3680000000
4.8688870000 11.4047890000 23.3680000000
4.8364310000 11.6191780000 23.3680000000
4.8364310000 11.6191780000 23.3680000000
4.8364310000 11.6191780000 23.3680000000
4.8098420000 11.8343730000 23.3680000000
4.8098420000 11.8343730000 23.3680000000
4.8098420000 11.8343730000 23.3680000000
4.7891420000 12.0502140000 23.3680000000
4.7891420000 12.0502140000 23.3680000000
4.7891420000 12.0502140000 23.3680000000
4.7743440000 12.2665400000 23.3680000000
4.7743440000 12.2665400000 23.3680000000
4.7743440000 12.2665400000 23.3680000000
4.7654620000 12.4831890000 23.3680000000
4.7654620000 12.4831890000 23.3680000000
4.7654620000 12.4831890000 23.3680000000
4.7625000000 12.7000000000 23.3680000000
4.7625000000 12.7000000000 23.3680000000
4.7625000000 12.7000000000 23.3680000000
4.7654620000 12.9168110000 23.3680000000
4.7654620000 12.9168110000 23.3680000000
4.7654620000 12.9168110000 23.3680000000
4.7743440000 13.1334600000 23.3680000000
4.7743440000 13.1334600000 23.3680000000
4.7743440000 13.1334600000 23.3680000000
4.7891420000 13.3497870000 23.3680000000
4.7891420000 13.3497870000 23.3680000000
4.7891420000 13.3497870000 23.3680000000
4.8098420000 13.5656270000 23.3680000000
4.8098420000 13.5656270000 23.3680000000
4.8098420000 13.5656270000 23.3680000000
4.8364310000 13.7808230000 23.3680000000
4.8364310000 13.7808230000 23.3680000000
4.8364310000 13.7808230000 23.3680000000
4.8688870000 13.9952110000 23.3680000000
4.8688870000 13.9952110000 23.3680000000
4.8688870000 13.9952110000 23.3680000000
4.9071880000 14.2086320000 23.3680000000
4.9071880000 14.2086320000 23.3680000000
4.9071880000 14.2086320000 23.3680000000
4.9513030000 14.4209290000 23.3680000000
4.9513030000 14.4209290000 23.3680000000
4.9513030000 14.4209290000 23.3680000000
5.0012020000 14.6319410000 23.3680000000
5.0012020000 14.6319410000 23.3680000000
5.0012020000 14.6319410000 23.3680000000
5.0568450000 14.8415110000 23.3680000000
5.0568450000 14.8415110000 23.3680000000
5.0568450000 14.8415110000 23.3680000000
5.1181920000 15.0494830000 23.3680000000
5.1181920000 15.0494830000 23.3680000000
5.1181920000 15.0494830000 23.3680000000
5.1851960000 15.2557020000 23.3680000000
5.1851960000 15.2557020000 23.3680000000
5.1851960000 15.2557020000 23.3680000000
5.2578090000 15.4600130000 23.3680000000
5.2578090000 15.4600130000 23.3680000000
5.2578090000 15.4600130000 23.3680000000
5.3359750000 15.6622660000 23.3680000000
5.3359750000 15.6622660000 23.3680000000
5.3359750000 15.6622660000 23.3680000000
5.4196360000 15.8623080000 23.3680000000
5.4196360000 15.8623080000 23.3680000000
5.4196360000 15.8623080000 23.3680000000
5.5087310000 16.0599900000 23.3680000000
5.5087310000 16.0599900000 23.3680000000
5.5087310000 16.0599900000 23.3680000000
5.6031910000 16.2551630000 23.3680000000
5.6031910000 16.2551630000 23.3680000000
5.6031910000 16.2551630000 23.3680000000
5.7029480000 16.4476850000 23.3680000000
5.7029480000 16.4476850000 23.3680000000
5.7029480000 16.4476850000 23.3680000000
5.8079260000 16.6374090000 23.3680000000
5.8079260000 16.6374090000 23.3680000000
5.8079260000 16.6374090000 23.3680000000
5.9180470000 16.8241960000 23.3680000000
5.9180470000 16.8241960000 23.3680000000
5.9180470000 16.8241960000 23.3680000000
6.0332290000 17.0079040000 23.3680000000
6.0332290000 17.0079040000 23.3680000000
6.0332290000 17.0079040000 23.3680000000
6.1533870000 17.1883980000 23.3680000000
6.1533870000 17.1883980000 23.3680000000
6.1533870000 17.1883980000 23.3680000000
6.2784290000 17.3655430000 23.3680000000
6.2784290000 17.3655430000 23.3680000000
6.2784290000 17.3655430000 23.3680000000
6.4082630000 17.5392070000 23.3680000000
6.4082630000 17.5392070000 23.3680000000
6.4082630000 17.5392070000 23.3680000000
6.5427930000 17.7092590000 23.3680000000
6.5427930000 17.7092590000 23.3680000000
6.5427930000 17.7092590000 23.3680000000
6.6819170000 17.8755720000 23.3680000000
6.6819170000 17.8755720000 23.3680000000
6.6819170000 17.8755720000 23.3680000000
6.8255320000 18.0380230000 23.3680000000
6.8255320000 18.0380230000 23.3680000000
6.8255320000 18.0380230000 23.3680000000
6.9735310000 18.1964910000 23.3680000000
6.9735310000 18.1964910000 23.3680000000
6.9735310000 18.1964910000 23.3680000000
7.1258040000 18.3508590000 23.3680000000
7.1258040000 18.3508590000 23.3680000000
7.1258040000 18.3508590000 23.3680000000
7.2822360000 18.5010070000 23.3680000000
7.2822360000 18.5010070000 23.3680000000
7.2822360000 18.5010070000 23.3680000000
7.4427100000 18.6468280000 23.3680000000
7.4427100000 18.6468280000 23.3680000000
7.4427100000 18.6468280000 23.3680000000
7.6071090000 18.7882120000 23.3680000000
7.6071090000 18.7882120000 23.3680000000
7.6071090000 18.7882120000 23.3680000000
7.7753070000 18.9250510000 23.3680000000
7.7753070000 18.9250510000 23.3680000000
7.7753070000 18.9250510000 23.3680000000
7.9471810000 19.0572450000 23.3680000000
7.9471810000 19.0572450000 23.3680000000
7.9471810000 19.0572450000 23.3680000000
8.1226020000 19.1846960000 23.3680000000
8.1226020000 19.1846960000 23.3680000000
8.1226020000 19.1846960000 23.3680000000
8.3014370000 19.3073060000 23.3680000000
8.3014370000 19.3073060000 23.3680000000
8.3014370000 19.3073060000 23.3680000000
8.4835560000 19.4249880000 23.3680000000
8.4835560000 19.4249880000 23.3680000000
8.4835560000 19.4249880000 23.3680000000
8.6688200000 19.5376490000 23.3680000000
8.6688200000 19.5376490000 23.3680000000
8.6688200000 19.5376490000 23.3680000000
8.8570940000 19.6452080000 23.3680000000
8.8570940000 19.6452080000 23.3680000000
8.8570940000 19.6452080000 23.3680000000
9.0482350000 19.7475850000 23.3680000000
9.0482350000 19.7475850000 23.3680000000
9.0482350000 19.7475850000 23.3680000000
9.2421010000 19.8447040000 23.3680000000
9.2421010000 19.8447040000 23.3680000000
9.2421010000 19.8447040000 23.3680000000
9.4385470000 19.9364890000 23.3680000000
9.4385470000 19.9364890000 23.3680000000
9.4385470000 19.9364890000 23.3680000000
9.6374270000 20.0228750000 23.3680000000
9.6374270000 20.0228750000 23.3680000000
9.6374270000 20.0228750000 23.3680000000
9.8385930000 20.1037960000 23.3680000000
9.8385930000 20.1037960000 23.3680000000
9.8385930000 20.1037960000 23.3680000000
10.0418940000 20.1791930000 23.3680000000
10.0418940000 20.1791930000 23.3680000000
10.0418940000 20.1791930000 23.3680000000
10.2471780000 20.2490080000 23.3680000000
10.2471780000 20.2490080000 23.3680000000
10.2471780000 20.2490080000 23.3680000000
10.4542930000 20.3131890000 23.3680000000
10.4542930000 20.3131890000 23.3680000000
10.4542930000 20.3131890000 23.3680000000
10.6630840000 20.3716890000 23.3680000000
10.6630840000 20.3716890000 23.3680000000
10.6630840000 20.3716890000 23.3680000000
10.8733950000 20.4244650000 23.3680000000
10.8733950000 20.4244650000 23.3680000000
10.8733950000 20.4244650000 23.3680000000
11.0850690000 20.4714760000 23.3680000000
11.0850690000 20.4714760000 23.3680000000
11.0850690000 20.4714760000 23.3680000000
11.2979470000 20.5126880000 23.3680000000
11.2979470000 20.5126880000 23.3680000000
11.2979470000 20.5126880000 23.3680000000
11.5118720000 20.5480690000 23.3680000000
11.5118720000 20.5480690000 23.3680000000
11.5118720000 20.5480690000 23.3680000000
11.7266850000 20.5775950000 23.3680000000
11.7266850000 20.5775950000 23.3680000000
11.7266850000 20.5775950000 23.3680000000
11.9422230000 20.6012420000 23.3680000000
11.9422230000 20.6012420000 23.3680000000
11.9422230000 20.6012420000 23.3680000000
12.1583260000 20.6189920000 23.3680000000
12.1583260000 20.6189920000 23.3680000000
12.1583260000 20.6189920000 23.3680000000
12.3748340000 20.6308330000 23.3680000000
12.3748340000 20.6308330000 23.3680000000
12.3748340000 20.6308330000 23.3680000000
12.5915840000 20.6367550000 23.3680000000
12.5915840000 20.6367550000 23.3680000000
12.5915840000 20.6367550000 23.3680000000
12.8084150000 20.6367550000 23.3680000000
12.8084150000 20.6367550000 23.3680000000
12.8084150000 20.6367550000 23.3680000000
13.0251670000 20.6308330000 23.3680000000
13.0251670000 20.6308330000 23.3680000000
13.0251670000 20.6308330000 23.3680000000
13.2416740000 20.6189920000 23.3680000000
13.2416740000 20.6189920000 23.3680000000
13.2416740000 20.6189920000 23.3680000000
13.4577780000 20.6012420000 23.3680000000
13.4577780000 20.6012420000 23.3680000000
13.4577780000 20.6012420000 23.3680000000
13.6733160000 20.5775950000 23.3680000000
13.6733160000 20.5775950000 23.3680000000
13.6733160000 20.5775950000 23.3680000000
13.8881270000 20.5480690000 23.3680000000
13.8881270000 20.5480690000 23.3680000000
13.8881270000 20.5480690000 23.3680000000
14.1020530000 20.5126880000 23.3680000000
14.1020530000 20.5126880000 23.3680000000
14.1020530000 20.5126880000 23.3680000000
14.3149320000 20.4714760000 23.3680000000
14.3149320000 20.4714760000 23.3680000000
14.3149320000 20.4714760000 23.3680000000
14.5266060000 20.4244650000 23.3680000000
14.5266060000 20.4244650000 23.3680000000
14.5266060000 20.4244650000 23.3680000000
14.7369170000 20.3716890000 23.3680000000
14.7369170000 20.3716890000 23.3680000000
14.7369170000 20.3716890000 23.3680000000
14.9457060000 20.3131890000 23.3680000000
14.9457060000 20.3131890000 23.3680000000
14.9457060000 20.3131890000 23.3680000000
15.1528220000 20.2490080000 23.3680000000
15.1528220000 20.2490080000 23.3680000000
15.1528220000 20.2490080000 23.3680000000
15.3581070000 20.1791930000 23.3680000000
15.3581070000 20.1791930000 23.3680000000
15.3581070000 20.1791930000 23.3680000000
15.5614070000 20.1037960000 23.3680000000
15.5614070000 20.1037960000 23.3680000000
15.5614070000 20.1037960000 23.3680000000
15.7625720000 20.0228750000 23.3680000000
15.7625720000 20.0228750000 23.3680000000
15.7625720000 20.0228750000 23.3680000000
15.9614520000 19.9364890000 23.3680000000
15.9614520000 19.9364890000 23.3680000000
15.9614520000 19.9364890000 23.3680000000
16.1579000000 19.8447040000 23.3680000000
16.1579000000 19.8447040000 23.3680000000
16.1579000000 19.8447040000 23.3680000000
16.3517650000 19.7475850000 23.3680000000
16.3517650000 19.7475850000 23.3680000000
16.3517650000 19.7475850000 23.3680000000
16.5429060000 19.6452080000 23.3680000000
16.5429060000 19.6452080000 23.3680000000
16.5429060000 19.6452080000 23.3680000000
16.7311800000 19.5376490000 23.3680000000
16.7311800000 19.5376490000 23.3680000000
16.7311800000 19.5376490000 23.3680000000
16.9164450000 19.4249880000 23.3680000000
16.9164450000 19.4249880000 23.3680000000
16.9164450000 19.4249880000 23.3680000000
17.0985620000 19.3073060000 23.3680000000
17.0985620000 19.3073060000 23.3680000000
17.0985620000 19.3073060000 23.3680000000
17.2773990000 19.1846960000 23.3680000000
17.2773990000 19.1846960000 23.3680000000
17.2773990000 19.1846960000 23.3680000000
17.4528200000 19.0572450000 23.3680000000
17.4528200000 19.0572450000 23.3680000000
17.4528200000 19.0572450000 23.3680000000
17.6246930000 18.9250510000 23.3680000000
17.6246930000 18.9250510000 23.3680000000
17.6246930000 18.9250510000 23.3680000000
17.7928910000 18.7882120000 23.3680000000
17.7928910000 18.7882120000 23.3680000000
17.7928910000 18.7882120000 23.3680000000
17.9572890000 18.6468280000 23.3680000000
17.9572890000 18.6468280000 23.3680000000
17.9572890000 18.6468280000 23.3680000000
18.1177640000 18.5010070000 23.3680000000
18.1177640000 18.5010070000 23.3680000000
18.1177640000 18.5010070000 23.3680000000
18.2741970000 18.3508590000 23.3680000000
18.2741970000 18.3508590000 23.3680000000
18.2741970000 18.3508590000 23.3680000000
18.4264680000 18.1964910000 23.3680000000
18.4264680000 18.1964910000 23.3680000000
18.4264680000 18.1964910000 23.3680000000
18.5744670000 18.0380230000 23.3680000000
18.5744670000 18.0380230000 23.3680000000
18.5744670000 18.0380230000 23.3680000000
18.7180820000 17.8755720000 23.3680000000
18.7180820000 17.8755720000 23.3680000000
18.7180820000 17.8755720000 23.3680000000
18.8572060000 17.7092590000 23.3680000000
18.8572060000 17.7092590000 23.3680000000
18.8572060000 17.7092590000 23.3680000000
18.9917370000 17.5392070000 23.3680000000
18.9917370000 17.5392070000 23.3680000000
18.9917370000 17.5392070000 23.3680000000
19.1215710000 17.3655430000 23.3680000000
19.1215710000 17.3655430000 23.3680000000
19.1215710000 17.3655430000 23.3680000000
19.2466140000 17.1883980000 23.3680000000
19.2466140000 17.1883980000 23.3680000000
19.2466140000 17.1883980000 23.3680000000
19.3667700000 17.0079040000 23.3680000000
19.3667700000 17.0079040000 23.3680000000
19.3667700000 17.0079040000 23.3680000000
19.4819530000 16.8241960000 23.3680000000
19.4819530000 16.8241960000 23.3680000000
19.4819530000 16.8241960000 23.3680000000
19.5920730000 16.6374090000 23.3680000000
19.5920730000 16.6374090000 23.3680000000
19.5920730000 16.6374090000 23.3680000000
19.6970520000 16.4476850000 23.3680000000
19.6970520000 16.4476850000 23.3680000000
19.6970520000 16.4476850000 23.3680000000
19.7968080000 16.2551630000 23.3680000000
19.7968080000 16.2551630000 23.3680000000
19.7968080000 16.2551630000 23.3680000000
19.8912700000 16.0599900000 23.3680000000
19.8912700000 16.0599900000 23.3680000000
19.8912700000 16.0599900000 23.3680000000
19.9803640000 15.8623080000 23.3680000000
19.9803640000 15.8623080000 23.3680000000
19.9803640000 15.8623080000 23.3680000000
20.0640260000 15.6622660000 23.3680000000
20.0640260000 15.6622660000 23.3680000000
20.0640260000 15.6622660000 23.3680000000
20.1421910000 15.4600130000 23.3680000000
20.1421910000 15.4600130000 23.3680000000
20.1421910000 15.4600130000 23.3680000000
20.2148040000 15.2557020000 23.3680000000
20.2148040000 15.2557020000 23.3680000000
20.2148040000 15.2557020000 23.3680000000
20.2818090000 15.0494830000 23.3680000000
20.2818090000 15.0494830000 23.3680000000
20.2818090000 15.0494830000 23.3680000000
20.3431550000 14.8415110000 23.3680000000
20.3431550000 14.8415110000 23.3680000000
20.3431550000 14.8415110000 23.3680000000
20.3987980000 14.6319410000 23.3680000000
20.3987980000 14.6319410000 23.3680000000
20.3987980000 14.6319410000 23.3680000000
20.4486960000 14.4209290000 23.3680000000
20.4486960000 14.4209290000 23.3680000000
20.4486960000 14.4209290000 23.3680000000
20.4928130000 14.2086320000 23.3680000000
20.4928130000 14.2086320000 23.3680000000
20.4928130000 14.2086320000 23.3680000000
20.5311130000 13.9952110000 23.3680000000
20.5311130000 13.9952110000 23.3680000000
20.5311130000 13.9952110000 23.3680000000
20.5635700000 13.7808230000 23.3680000000
20.5635700000 13.7808230000 23.3680000000
20.5635700000 13.7808230000 23.3680000000
20.5901580000 13.5656270000 23.3680000000
20.5901580000 13.5656270000 23.3680000000
20.5901580000 13.5656270000 23.3680000000
20.6108590000 13.3497870000 23.3680000000
20.6108590000 13.3497870000 23.3680000000
20.6108590000 13.3497870000 23.3680000000
20.6256560000 13.1334600000 23.3680000000
20.6256560000 13.1334600000 23.3680000000
20.6256560000 13.1334600000 23.3680000000
20.6345390000 12.9168110000 23.3680000000
20.6345390000 12.9168110000 23.3680000000
20.6345390000 12.9168110000 23.3680000000
4.7625000000 69.8499980000 23.3680000000
4.7625000000 69.8499980000 23.3680000000
4.7625000000 69.8499980000 23.3680000000
4.7654620000 70.0668110000 23.3680000000
4.7654620000 70.0668110000 23.3680000000
4.7654620000 70.0668110000 23.3680000000
4.7743440000 70.2834630000 23.3680000000
4.7743440000 70.2834630000 23.3680000000
4.7743440000 70.2834630000 23.3680000000
4.7891420000 70.4997860000 23.3680000000
4.7891420000 70.4997860000 23.3680000000
4.7891420000 70.4997860000 23.3680000000
4.8098420000 70.7156300000 23.3680000000
4.8098420000 70.7156300000 23.3680000000
4.8098420000 70.7156300000 23.3680000000
4.8364310000 70.9308240000 23.3680000000
4.8364310000 70.9308240000 23.3680000000
4.8364310000 70.9308240000 23.3680000000
4.8688870000 71.1452100000 23.3680000000
4.8688870000 71.1452100000 23.3680000000
4.8688870000 71.1452100000 23.3680000000
4.9071880000 71.3586350000 23.3680000000
4.9071880000 71.3586350000 23.3680000000
4.9071880000 71.3586350000 23.3680000000
4.9513030000 71.5709300000 23.3680000000
4.9513030000 71.5709300000 23.3680000000
4.9513030000 71.5709300000 23.3680000000
5.0012020000 71.7819440000 23.3680000000
5.0012020000 71.7819440000 23.3680000000
5.0012020000 71.7819440000 23.3680000000
5.0568450000 71.9915080000 23.3680000000
5.0568450000 71.9915080000 23.3680000000
5.0568450000 71.9915080000 23.3680000000
5.1181920000 72.1994860000 23.3680000000
5.1181920000 72.1994860000 23.3680000000
5.1181920000 72.1994860000 23.3680000000
5.1851960000 72.4057010000 23.3680000000
5.1851960000 72.4057010000 23.3680000000
5.1851960000 72.4057010000 23.3680000000
5.2578090000 72.6100160000 23.3680000000
5.2578090000 72.6100160000 23.3680000000
5.2578090000 72.6100160000 23.3680000000
5.3359750000 72.8122630000 23.3680000000
5.3359750000 72.8122630000 23.3680000000
5.3359750000 72.8122630000 23.3680000000
5.4196360000 73.0123060000 23.3680000000
5.4196360000 73.0123060000 23.3680000000
5.4196360000 73.0123060000 23.3680000000
5.5087310000 73.2099910000 23.3680000000
5.5087310000 73.2099910000 23.3680000000
5.5087310000 73.2099910000 23.3680000000
5.6031910000 73.4051670000 23.3680000000
5.6031910000 73.4051670000 23.3680000000
5.6031910000 73.4051670000 23.3680000000
5.7029480000 73.5976870000 23.3680000000
5.7029480000 73.5976870000 23.3680000000
5.7029480000 73.5976870000 23.3680000000
5.8079260000 73.7874070000 23.3680000000
5.8079260000 73.7874070000 23.3680000000
5.8079260000 73.7874070000 23.3680000000
5.9180470000 73.9741970000 23.3680000000
5.9180470000 73.9741970000 23.3680000000
5.9180470000 73.9741970000 23.3680000000
6.0332290000 74.1579060000 23.3680000000
6.0332290000 74.1579060000 23.3680000000
6.0332290000 74.1579060000 23.3680000000
6.1533870000 74.3384020000 23.3680000000
6.1533870000 74.3384020000 23.3680000000
6.1533870000 74.3384020000 23.3680000000
6.2784290000 74.5155410000 23.3680000000
6.2784290000 74.5155410000 23.3680000000
6.2784290000 74.5155410000 23.3680000000
6.4082630000 74.6892090000 23.3680000000
6.4082630000 74.6892090000 23.3680000000
6.4082630000 74.6892090000 23.3680000000
6.5427930000 74.8592610000 23.3680000000
6.5427930000 74.8592610000 23.3680000000
6.5427930000 74.8592610000 23.3680000000
6.6819170000 75.0255740000 23.3680000000
6.6819170000 75.0255740000 23.3680000000
6.6819170000 75.0255740000 23.3680000000
6.8255320000 75.1880260000 23.3680000000
6.8255320000 75.1880260000 23.3680000000
6.8255320000 75.1880260000 23.3680000000
6.9735310000 75.3464890000 23.3680000000
6.9735310000 75.3464890000 23.3680000000
6.9735310000 75.3464890000 23.3680000000
7.1258040000 75.5008620000 23.3680000000
7.1258040000 75.5008620000 23.3680000000
7.1258040000 75.5008620000 23.3680000000
7.2822360000 75.6510090000 23.3680000000
7.2822360000 75.6510090000 23.3680000000
7.2822360000 75.6510090000 23.3680000000
7.4427100000 75.7968290000 23.3680000000
7.4427100000 75.7968290000 23.3680000000
7.4427100000 75.7968290000 23.3680000000
7.6071090000 75.9382100000 23.3680000000
7.6071090000 75.9382100000 23.3680000000
7.6071090000 75.9382100000 23.3680000000
7.7753070000 76.0750500000 23.3680000000
7.7753070000 76.0750500000 23.3680000000
7.7753070000 76.0750500000 23.3680000000
7.9471810000 76.2072450000 23.3680000000
7.9471810000 76.2072450000 23.3680000000
7.9471810000 76.2072450000 23.3680000000
8.1226020000 76.3346940000 23.3680000000
8.1226020000 76.3346940000 23.3680000000
8.1226020000 76.3346940000 23.3680000000
8.3014370000 76.4573060000 23.3680000000
8.3014370000 76.4573060000 23.3680000000
8.3014370000 76.4573060000 23.3680000000
8.4835560000 76.5749890000 23.3680000000
8.4835560000 76.5749890000 23.3680000000
8.4835560000 76.5749890000 23.3680000000
8.6688200000 76.6876530000 23.3680000000
8.6688200000 76.6876530000 23.3680000000
8.6688200000 76.6876530000 23.3680000000
8.8570940000 76.7952120000 23.3680000000
8.8570940000 76.7952120000 23.3680000000
8.8570940000 76.7952120000 23.3680000000
9.0482350000 76.8975830000 23.3680000000
9.0482350000 76.8975830000 23.3680000000
9.0482350000 76.8975830000 23.3680000000
9.2421010000 76.9947050000 23.3680000000
9.2421010000 76.9947050000 23.3680000000
9.2421010000 76.9947050000 23.3680000000
9.4385470000 77.0864870000 23.3680000000
9.4385470000 77.0864870000 23.3680000000
9.4385470000 77.0864870000 23.3680000000
9.6374270000 77.1728740000 23.3680000000
9.6374270000 77.1728740000 23.3680000000
9.6374270000 77.1728740000 23.3680000000
9.8385930000 77.2537990000 23.3680000000
9.8385930000 77.2537990000 23.3680000000
9.8385930000 77.2537990000 23.3680000000
10.0418940000 77.3291930000 23.3680000000
10.0418940000 77.3291930000 23.3680000000
10.0418940000 77.3291930000 23.3680000000
10.2471780000 77.3990100000 23.3680000000
10.2471780000 77.3990100000 23.3680000000
10.2471780000 77.3990100000 23.3680000000
10.4542930000 77.4631880000 23.3680000000
10.4542930000 77.4631880000 23.3680000000
10.4542930000 77.4631880000 23.3680000000
10.6630840000 77.5216900000 23.3680000000
10.6630840000 77.5216900000 23.3680000000
10.6630840000 77.5216900000 23.3680000000
10.8733950000 77.5744630000 23.3680000000
10.8733950000 77.5744630000 23.3680000000
10.8733950000 77.5744630000 23.3680000000
11.0850690000 77.6214750000 23.3680000000
11.0850690000 77.6214750000 23.3680000000
11.0850690000 77.6214750000 23.3680000000
11.2979470000 77.6626890000 23.3680000000
11.2979470000 77.6626890000 23.3680000000
11.2979470000 77.6626890000 23.3680000000
11.5118720000 77.6980670000 23.3680000000
11.5118720000 77.6980670000 23.3680000000
11.5118720000 77.6980670000 23.3680000000
11.7266850000 77.7275920000 23.3680000000
11.7266850000 77.7275920000 23.3680000000
11.7266850000 77.7275920000 23.3680000000
11.9422230000 77.7512440000 23.3680000000
11.9422230000 77.7512440000 23.3680000000
11.9422230000 77.7512440000 23.3680000000
12.1583260000 77.7689900000 23.3680000000
12.1583260000 77.7689900000 23.3680000000
12.1583260000 77.7689900000 23.3680000000
12.3748340000 77.7808300000 23.3680000000
12.3748340000 77.7808300000 23.3680000000
12.3748340000 77.7808300000 23.3680000000
12.5915840000 77.7867580000 23.3680000000
12.5915840000 77.7867580000 23.3680000000
12.5915840000 77.7867580000 23.3680000000
12.8084150000 77.7867580000 23.3680000000
12.8084150000 77.7867580000 23.3680000000
12.8084150000 77.7867580000 23.3680000000
13.0251670000 77.7808300000 23.3680000000
13.0251670000 77.7808300000 23.3680000000
13.0251670000 77.7808300000 23.3680000000
13.2416740000 77.7689900000 23.3680000000
13.2416740000 77.7689900000 23.3680000000
13.2416740000 77.7689900000 23.3680000000
13.4577780000 77.7512440000 23.3680000000
13.4577780000 77.7512440000 23.3680000000
13.4577780000 77.7512440000 23.3680000000
13.6733160000 77.7275920000 23.3680000000
13.6733160000 77.7275920000 23.3680000000
13.6733160000 77.7275920000 23.3680000000
13.8881270000 77.6980670000 23.3680000000
13.8881270000 77.6980670000 23.3680000000
13.8881270000 77.6980670000 23.3680000000
14.1020530000 77.6626890000 23.3680000000
14.1020530000 77.6626890000 23.3680000000
14.1020530000 77.6626890000 23.3680000000
14.3149320000 77.6214750000 23.3680000000
14.3149320000 77.6214750000 23.3680000000
14.3149320000 77.6214750000 23.3680000000
14.5266060000 77.5744630000 23.3680000000
14.5266060000 77.5744630000 23.3680000000
14.5266060000 77.5744630000 23.3680000000
14.7369170000 77.5216900000 23.3680000000
14.7369170000 77.5216900000 23.3680000000
14.7369170000 77.5216900000 23.3680000000
14.9457060000 77.4631880000 23.3680000000
14.9457060000 77.4631880000 23.3680000000
14.9457060000 77.4631880000 23.3680000000
15.1528220000 77.3990100000 23.3680000000
15.1528220000 77.3990100000 23.3680000000
15.1528220000 77.3990100000 23.3680000000
15.3581070000 77.3291930000 23.3680000000
15.3581070000 77.3291930000 23.3680000000
15.3581070000 77.3291930000 23.3680000000
15.5614070000 77.2537990000 23.3680000000
15.5614070000 77.2537990000 23.3680000000
15.5614070000 77.2537990000 23.3680000000
15.7625720000 77.1728740000 23.3680000000
15.7625720000 77.1728740000 23.3680000000
15.7625720000 77.1728740000 23.3680000000
15.9614520000 77.0864870000 23.3680000000
15.9614520000 77.0864870000 23.3680000000
15.9614520000 77.0864870000 23.3680000000
16.1579000000 76.9947050000 23.3680000000
16.1579000000 76.9947050000 23.3680000000
16.1579000000 76.9947050000 23.3680000000
16.3517650000 76.8975830000 23.3680000000
16.3517650000 76.8975830000 23.3680000000
16.3517650000 76.8975830000 23.3680000000
16.5429060000 76.7952120000 23.3680000000
16.5429060000 76.7952120000 23.3680000000
16.5429060000 76.7952120000 23.3680000000
16.7311800000 76.6876530000 23.3680000000
16.7311800000 76.6876530000 23.3680000000
16.7311800000 76.6876530000 23.3680000000
16.9164450000 76.5749890000 23.3680000000
16.9164450000 76.5749890000 23.3680000000
16.9164450000 76.5749890000 23.3680000000
17.0985620000 76.4573060000 23.3680000000
17.0985620000 76.4573060000 23.3680000000
17.0985620000 76.4573060000 23.3680000000
17.2773990000 76.3346940000 23.3680000000
17.2773990000 76.3346940000 23.3680000000
17.2773990000 76.3346940000 23.3680000000
17.4528200000 76.2072450000 23.3680000000
17.4528200000 76.2072450000 23.3680000000
17.4528200000 76.2072450000 23.3680000000
17.6246930000 76.0750500000 23.3680000000
17.6246930000 76.0750500000 23.3680000000
17.6246930000 76.0750500000 23.3680000000
17.7928910000 75.9382100000 23.3680000000
17.7928910000 75.9382100000 23.3680000000
17.7928910000 75.9382100000 23.3680000000
17.9572890000 75.7968290000 23.3680000000
17.9572890000 75.7968290000 23.3680000000
17.9572890000 75.7968290000 23.3680000000
18.1177640000 75.6510090000 23.3680000000
18.1177640000 75.6510090000 23.3680000000
18.1177640000 75.6510090000 23.3680000000
18.2741970000 75.5008620000 23.3680000000
18.2741970000 75.5008620000 23.3680000000
18.2741970000 75.5008620000 23.3680000000
18.4264680000 75.3464890000 23.3680000000
18.4264680000 75.3464890000 23.3680000000
18.4264680000 75.3464890000 23.3680000000
18.5744670000 75.1880260000 23.3680000000
18.5744670000 75.1880260000 23.3680000000
18.5744670000 75.1880260000 23.3680000000
18.7180820000 75.0255740000 23.3680000000
18.7180820000 75.0255740000 23.3680000000
18.7180820000 75.0255740000 23.3680000000
18.8572060000 74.8592610000 23.3680000000
18.8572060000 74.8592610000 23.3680000000
18.8572060000 74.8592610000 23.3680000000
18.9917370000 74.6892090000 23.3680000000
18.9917370000 74.6892090000 23.3680000000
18.9917370000 74.6892090000 23.3680000000
19.1215710000 74.5155410000 23.3680000000
19.1215710000 74.5155410000 23.3680000000
19.1215710000 74.5155410000 23.3680000000
19.2466140000 74.3384020000 23.3680000000
19.2466140000 74.3384020000 23.3680000000
19.2466140000 74.3384020000 23.3680000000
19.3667700000 74.1579060000 23.3680000000
19.3667700000 74.1579060000 23.3680000000
19.3667700000 74.1579060000 23.3680000000
19.4819530000 73.9741970000 23.3680000000
19.4819530000 73.9741970000 23.3680000000
19.4819530000 73.9741970000 23.3680000000
19.5920730000 73.7874070000 23.3680000000
19.5920730000 73.7874070000 23.3680000000
19.5920730000 73.7874070000 23.3680000000
19.6970520000 73.5976870000 23.3680000000
19.6970520000 73.5976870000 23.3680000000
19.6970520000 73.5976870000 23.3680000000
19.7968080000 73.4051670000 23.3680000000
19.7968080000 73.4051670000 23.3680000000
19.7968080000 73.4051670000 23.3680000000
19.8912700000 73.2099910000 23.3680000000
19.8912700000 73.2099910000 23.3680000000
19.8912700000 73.2099910000 23.3680000000
19.9803640000 73.0123060000 23.3680000000
19.9803640000 73.0123060000 23.3680000000
19.9803640000 73.0123060000 23.3680000000
20.0640260000 72.8122630000 23.3680000000
20.0640260000 72.8122630000 23.3680000000
20.0640260000 72.8122630000 23.3680000000
20.1421910000 72.6100160000 23.3680000000
20.1421910000 72.6100160000 23.3680000000
20.1421910000 72.6100160000 23.3680000000
20.2148040000 72.4057010000 23.3680000000
20.2148040000 72.4057010000 23.3680000000
20.2148040000 72.4057010000 23.3680000000
20.2818090000 72.1994860000 23.3680000000
20.2818090000 72.1994860000 23.3680000000
20.2818090000 72.1994860000 23.3680000000
20.3431550000 71.9915080000 23.3680000000
20.3431550000 71.9915080000 23.3680000000
20.3431550000 71.9915080000 23.3680000000
20.3987980000 71.7819440000 23.3680000000
20.3987980000 71.7819440000 23.3680000000
20.3987980000 71.7819440000 23.3680000000
20.4486960000 71.5709300000 23.3680000000
20.4486960000 71.5709300000 23.3680000000
20.4486960000 71.5709300000 23.3680000000
20.4928130000 71.3586350000 23.3680000000
20.4928130000 71.3586350000 23.3680000000
20.4928130000 71.3586350000 23.3680000000
20.5311130000 71.1452100000 23.3680000000
20.5311130000 71.1452100000 23.3680000000
20.5311130000 71.1452100000 23.3680000000
20.5635700000 70.9308240000 23.3680000000
20.5635700000 70.9308240000 23.3680000000
20.5635700000 70.9308240000 23.3680000000
20.5901580000 70.7156300000 23.3680000000
20.5901580000 70.7156300000 23.3680000000
20.5901580000 70.7156300000 23.3680000000
20.6108590000 70.4997860000 23.3680000000
20.6108590000 70.4997860000 23.3680000000
20.6108590000 70.4997860000 23.3680000000
20.6256560000 70.2834630000 23.3680000000
20.6256560000 70.2834630000 23.3680000000
20.6256560000 70.2834630000 23.3680000000
20.6345390000 70.0668110000 23.3680000000
20.6345390000 70.0668110000 23.3680000000
20.6345390000 70.0668110000 23.3680000000
20.6375010000 69.8499980000 23.3680000000
20.6375010000 69.8499980000 23.3680000000
20.6375010000 69.8499980000 23.3680000000
20.6345390000 69.6331860000 23.3680000000
20.6345390000 69.6331860000 23.3680000000
20.6345390000 69.6331860000 23.3680000000
20.6256560000 69.4165420000 23.3680000000
20.6256560000 69.4165420000 23.3680000000
20.6256560000 69.4165420000 23.3680000000
20.6108590000 69.2002110000 23.3680000000
20.6108590000 69.2002110000 23.3680000000
20.6108590000 69.2002110000 23.3680000000
20.5901580000 68.9843750000 23.3680000000
20.5901580000 68.9843750000 23.3680000000
20.5901580000 68.9843750000 23.3680000000
20.5635700000 68.7691800000 23.3680000000
20.5635700000 68.7691800000 23.3680000000
20.5635700000 68.7691800000 23.3680000000
20.5311130000 68.5547870000 23.3680000000
20.5311130000 68.5547870000 23.3680000000
20.5311130000 68.5547870000 23.3680000000
20.4928130000 68.3413700000 23.3680000000
20.4928130000 68.3413700000 23.3680000000
20.4928130000 68.3413700000 23.3680000000
20.4486960000 68.1290740000 23.3680000000
20.4486960000 68.1290740000 23.3680000000
20.4486960000 68.1290740000 23.3680000000
20.3987980000 67.9180600000 23.3680000000
20.3987980000 67.9180600000 23.3680000000
20.3987980000 67.9180600000 23.3680000000
20.3431550000 67.7084880000 23.3680000000
20.3431550000 67.7084880000 23.3680000000
20.3431550000 67.7084880000 23.3680000000
20.2818090000 67.5005190000 23.3680000000
20.2818090000 67.5005190000 23.3680000000
20.2818090000 67.5005190000 23.3680000000
20.2148040000 67.2942960000 23.3680000000
20.2148040000 67.2942960000 23.3680000000
20.2148040000 67.2942960000 23.3680000000
20.1421910000 67.0899890000 23.3680000000
20.1421910000 67.0899890000 23.3680000000
20.1421910000 67.0899890000 23.3680000000
20.0640260000 66.8877330000 23.3680000000
20.0640260000 66.8877330000 23.3680000000
20.0640260000 66.8877330000 23.3680000000
19.9803640000 66.6876910000 23.3680000000
19.9803640000 66.6876910000 23.3680000000
19.9803640000 66.6876910000 23.3680000000
19.8912700000 66.4900130000 23.3680000000
19.8912700000 66.4900130000 23.3680000000
19.8912700000 66.4900130000 23.3680000000
19.7968080000 66.2948380000 23.3680000000
19.7968080000 66.2948380000 23.3680000000
19.7968080000 66.2948380000 23.3680000000
19.6970520000 66.1023180000 23.3680000000
19.6970520000 66.1023180000 23.3680000000
19.6970520000 66.1023180000 23.3680000000
19.5920730000 65.9125900000 23.3680000000
19.5920730000 65.9125900000 23.3680000000
19.5920730000 65.9125900000 23.3680000000
19.4819530000 65.7258070000 23.3680000000
19.4819530000 65.7258070000 23.3680000000
19.4819530000 65.7258070000 23.3680000000
19.3667700000 65.5420990000 23.3680000000
19.3667700000 65.5420990000 23.3680000000
19.3667700000 65.5420990000 23.3680000000
19.2466140000 65.3616030000 23.3680000000
19.2466140000 65.3616030000 23.3680000000
19.2466140000 65.3616030000 23.3680000000
19.1215710000 65.1844560000 23.3680000000
19.1215710000 65.1844560000 23.3680000000
19.1215710000 65.1844560000 23.3680000000
18.9917370000 65.0107960000 23.3680000000
18.9917370000 65.0107960000 23.3680000000
18.9917370000 65.0107960000 23.3680000000
18.8572060000 64.8407440000 23.3680000000
18.8572060000 64.8407440000 23.3680000000
18.8572060000 64.8407440000 23.3680000000
18.7180820000 64.6744310000 23.3680000000
18.7180820000 64.6744310000 23.3680000000
18.7180820000 64.6744310000 23.3680000000
18.5744670000 64.5119780000 23.3680000000
18.5744670000 64.5119780000 23.3680000000
18.5744670000 64.5119780000 23.3680000000
18.4264680000 64.3535080000 23.3680000000
18.4264680000 64.3535080000 23.3680000000
18.4264680000 64.3535080000 23.3680000000
18.2741970000 64.1991420000 23.3680000000
18.2741970000 64.1991420000 23.3680000000
18.2741970000 64.1991420000 23.3680000000
18.1177640000 64.0489880000 23.3680000000
18.1177640000 64.0489880000 23.3680000000
18.1177640000 64.0489880000 23.3680000000
17.9572890000 63.9031720000 23.3680000000
17.9572890000 63.9031720000 23.3680000000
17.9572890000 63.9031720000 23.3680000000
17.7928910000 63.7617870000 23.3680000000
17.7928910000 63.7617870000 23.3680000000
17.7928910000 63.7617870000 23.3680000000
17.6246930000 63.6249500000 23.3680000000
17.6246930000 63.6249500000 23.3680000000
17.6246930000 63.6249500000 23.3680000000
17.4528200000 63.4927560000 23.3680000000
17.4528200000 63.4927560000 23.3680000000
17.4528200000 63.4927560000 23.3680000000
17.2773990000 63.3653030000 23.3680000000
17.2773990000 63.3653030000 23.3680000000
17.2773990000 63.3653030000 23.3680000000
17.0985620000 63.2426950000 23.3680000000
17.0985620000 63.2426950000 23.3680000000
17.0985620000 63.2426950000 23.3680000000
16.9164450000 63.1250110000 23.3680000000
16.9164450000 63.1250110000 23.3680000000
16.9164450000 63.1250110000 23.3680000000
16.7311800000 63.0123520000 23.3680000000
16.7311800000 63.0123520000 23.3680000000
16.7311800000 63.0123520000 23.3680000000
16.5429060000 62.9047930000 23.3680000000
16.5429060000 62.9047930000 23.3680000000
16.5429060000 62.9047930000 23.3680000000
16.3517650000 62.8024140000 23.3680000000
16.3517650000 62.8024140000 23.3680000000
16.3517650000 62.8024140000 23.3680000000
16.1579000000 62.7052960000 23.3680000000
16.1579000000 62.7052960000 23.3680000000
16.1579000000 62.7052960000 23.3680000000
15.9614520000 62.6135100000 23.3680000000
15.9614520000 62.6135100000 23.3680000000
15.9614520000 62.6135100000 23.3680000000
15.7625720000 62.5271260000 23.3680000000
15.7625720000 62.5271260000 23.3680000000
15.7625720000 62.5271260000 23.3680000000
15.5614070000 62.4462050000 23.3680000000
15.5614070000 62.4462050000 23.3680000000
15.5614070000 62.4462050000 23.3680000000
15.3581070000 62.3708080000 23.3680000000
15.3581070000 62.3708080000 23.3680000000
15.3581070000 62.3708080000 23.3680000000
15.1528220000 62.3009910000 23.3680000000
15.1528220000 62.3009910000 23.3680000000
15.1528220000 62.3009910000 23.3680000000
14.9457060000 62.2368130000 23.3680000000
14.9457060000 62.2368130000 23.3680000000
14.9457060000 62.2368130000 23.3680000000
14.7369170000 62.1783100000 23.3680000000
14.7369170000 62.1783100000 23.3680000000
14.7369170000 62.1783100000 23.3680000000
14.5266060000 62.1255340000 23.3680000000
14.5266060000 62.1255340000 23.3680000000
14.5266060000 62.1255340000 23.3680000000
14.3149320000 62.0785260000 23.3680000000
14.3149320000 62.0785260000 23.3680000000
14.3149320000 62.0785260000 23.3680000000
14.1020530000 62.0373120000 23.3680000000
14.1020530000 62.0373120000 23.3680000000
14.1020530000 62.0373120000 23.3680000000
13.8881270000 62.0019300000 23.3680000000
13.8881270000 62.0019300000 23.3680000000
13.8881270000 62.0019300000 23.3680000000
13.6733160000 61.9724040000 23.3680000000
13.6733160000 61.9724040000 23.3680000000
13.6733160000 61.9724040000 23.3680000000
13.4577780000 61.9487570000 23.3680000000
13.4577780000 61.9487570000 23.3680000000
13.4577780000 61.9487570000 23.3680000000
13.2416740000 61.9310070000 23.3680000000
13.2416740000 61.9310070000 23.3680000000
13.2416740000 61.9310070000 23.3680000000
13.0251670000 61.9191670000 23.3680000000
13.0251670000 61.9191670000 23.3680000000
13.0251670000 61.9191670000 23.3680000000
12.8084150000 61.9132420000 23.3680000000
12.8084150000 61.9132420000 23.3680000000
12.8084150000 61.9132420000 23.3680000000
12.5915840000 61.9132420000 23.3680000000
12.5915840000 61.9132420000 23.3680000000
12.5915840000 61.9132420000 23.3680000000
12.3748340000 61.9191670000 23.3680000000
12.3748340000 61.9191670000 23.3680000000
12.3748340000 61.9191670000 23.3680000000
12.1583260000 61.9310070000 23.3680000000
12.1583260000 61.9310070000 23.3680000000
12.1583260000 61.9310070000 23.3680000000
11.9422230000 61.9487570000 23.3680000000
11.9422230000 61.9487570000 23.3680000000
11.9422230000 61.9487570000 23.3680000000
11.7266850000 61.9724040000 23.3680000000
11.7266850000 61.9724040000 23.3680000000
11.7266850000 61.9724040000 23.3680000000
11.5118720000 62.0019300000 23.3680000000
11.5118720000 62.0019300000 23.3680000000
11.5118720000 62.0019300000 23.3680000000
11.2979470000 62.0373120000 23.3680000000
11.2979470000 62.0373120000 23.3680000000
11.2979470000 62.0373120000 23.3680000000
11.0850690000 62.0785260000 23.3680000000
11.0850690000 62.0785260000 23.3680000000
11.0850690000 62.0785260000 23.3680000000
10.8733950000 62.1255340000 23.3680000000
10.8733950000 62.1255340000 23.3680000000
10.8733950000 62.1255340000 23.3680000000
10.6630840000 62.1783100000 23.3680000000
10.6630840000 62.1783100000 23.3680000000
10.6630840000 62.1783100000 23.3680000000
10.4542930000 62.2368130000 23.3680000000
10.4542930000 62.2368130000 23.3680000000
10.4542930000 62.2368130000 23.3680000000
10.2471780000 62.3009910000 23.3680000000
10.2471780000 62.3009910000 23.3680000000
10.2471780000 62.3009910000 23.3680000000
10.0418940000 62.3708080000 23.3680000000
10.0418940000 62.3708080000 23.3680000000
10.0418940000 62.3708080000 23.3680000000
9.8385930000 62.4462050000 23.3680000000
9.8385930000 62.4462050000 23.3680000000
9.8385930000 62.4462050000 23.3680000000
9.6374270000 62.5271260000 23.3680000000
9.6374270000 62.5271260000 23.3680000000
9.6374270000 62.5271260000 23.3680000000
9.4385470000 62.6135100000 23.3680000000
9.4385470000 62.6135100000 23.3680000000
9.4385470000 62.6135100000 23.3680000000
9.2421010000 62.7052960000 23.3680000000
9.2421010000 62.7052960000 23.3680000000
9.2421010000 62.7052960000 23.3680000000
9.0482350000 62.8024140000 23.3680000000
9.0482350000 62.8024140000 23.3680000000
9.0482350000 62.8024140000 23.3680000000
8.8570940000 62.9047930000 23.3680000000
8.8570940000 62.9047930000 23.3680000000
8.8570940000 62.9047930000 23.3680000000
8.6688200000 63.0123520000 23.3680000000
8.6688200000 63.0123520000 23.3680000000
8.6688200000 63.0123520000 23.3680000000
8.4835560000 63.1250110000 23.3680000000
8.4835560000 63.1250110000 23.3680000000
8.4835560000 63.1250110000 23.3680000000
8.3014370000 63.2426950000 23.3680000000
8.3014370000 63.2426950000 23.3680000000
8.3014370000 63.2426950000 23.3680000000
8.1226020000 63.3653030000 23.3680000000
8.1226020000 63.3653030000 23.3680000000
8.1226020000 63.3653030000 23.3680000000
7.9471810000 63.4927560000 23.3680000000
7.9471810000 63.4927560000 23.3680000000
7.9471810000 63.4927560000 23.3680000000
7.7753070000 63.6249500000 23.3680000000
7.7753070000 63.6249500000 23.3680000000
7.7753070000 63.6249500000 23.3680000000
7.6071090000 63.7617870000 23.3680000000
7.6071090000 63.7617870000 23.3680000000
7.6071090000 63.7617870000 23.3680000000
7.4427100000 63.9031720000 23.3680000000
7.4427100000 63.9031720000 23.3680000000
7.4427100000 63.9031720000 23.3680000000
7.2822360000 64.0489880000 23.3680000000
7.2822360000 64.0489880000 23.3680000000
7.2822360000 64.0489880000 23.3680000000
7.1258040000 64.1991420000 23.3680000000
7.1258040000 64.1991420000 23.3680000000
7.1258040000 64.1991420000 23.3680000000
6.9735310000 64.3535080000 23.3680000000
6.9735310000 64.3535080000 23.3680000000
6.9735310000 64.3535080000 23.3680000000
6.8255320000 64.5119780000 23.3680000000
6.8255320000 64.5119780000 23.3680000000
6.8255320000 64.5119780000 23.3680000000
6.6819170000 64.6744310000 23.3680000000
6.6819170000 64.6744310000 23.3680000000
6.6819170000 64.6744310000 23.3680000000
6.5427930000 64.8407440000 23.3680000000
6.5427930000 64.8407440000 23.3680000000
6.5427930000 64.8407440000 23.3680000000
6.4082630000 65.0107960000 23.3680000000
6.4082630000 65.0107960000 23.3680000000
6.4082630000 65.0107960000 23.3680000000
6.2784290000 65.1844560000 23.3680000000
6.2784290000 65.1844560000 23.3680000000
6.2784290000 65.1844560000 23.3680000000
6.1533870000 65.3616030000 23.3680000000
6.1533870000 65.3616030000 23.3680000000
6.1533870000 65.3616030000 23.3680000000
6.0332290000 65.5420990000 23.3680000000
6.0332290000 65.5420990000 23.3680000000
6.0332290000 65.5420990000 23.3680000000
5.9180470000 65.7258070000 23.3680000000
5.9180470000 65.7258070000 23.3680000000
5.9180470000 65.7258070000 23.3680000000
5.8079260000 65.9125900000 23.3680000000
5.8079260000 65.9125900000 23.3680000000
5.8079260000 65.9125900000 23.3680000000
5.7029480000 66.1023180000 23.3680000000
5.7029480000 66.1023180000 23.3680000000
5.7029480000 66.1023180000 23.3680000000
5.6031910000 66.2948380000 23.3680000000
5.6031910000 66.2948380000 23.3680000000
5.6031910000 66.2948380000 23.3680000000
5.5087310000 66.4900130000 23.3680000000
5.5087310000 66.4900130000 23.3680000000
5.5087310000 66.4900130000 23.3680000000
5.4196360000 66.6876910000 23.3680000000
5.4196360000 66.6876910000 23.3680000000
5.4196360000 66.6876910000 23.3680000000
5.3359750000 66.8877330000 23.3680000000
5.3359750000 66.8877330000 23.3680000000
5.3359750000 66.8877330000 23.3680000000
5.2578090000 67.0899890000 23.3680000000
5.2578090000 67.0899890000 23.3680000000
5.2578090000 67.0899890000 23.3680000000
5.1851960000 67.2942960000 23.3680000000
5.1851960000 67.2942960000 23.3680000000
5.1851960000 67.2942960000 23.3680000000
5.1181920000 67.5005190000 23.3680000000
5.1181920000 67.5005190000 23.3680000000
5.1181920000 67.5005190000 23.3680000000
5.0568450000 67.7084880000 23.3680000000
5.0568450000 67.7084880000 23.3680000000
5.0568450000 67.7084880000 23.3680000000
5.0012020000 67.9180600000 23.3680000000
5.0012020000 67.9180600000 23.3680000000
5.0012020000 67.9180600000 23.3680000000
4.9513030000 68.1290740000 23.3680000000
4.9513030000 68.1290740000 23.3680000000
4.9513030000 68.1290740000 23.3680000000
4.9071880000 68.3413700000 23.3680000000
4.9071880000 68.3413700000 23.3680000000
4.9071880000 68.3413700000 23.3680000000
4.8688870000 68.5547870000 23.3680000000
4.8688870000 68.5547870000 23.3680000000
4.8688870000 68.5547870000 23.3680000000
4.8364310000 68.7691800000 23.3680000000
4.8364310000 68.7691800000 23.3680000000
4.8364310000 68.7691800000 23.3680000000
4.8098420000 68.9843750000 23.3680000000
4.8098420000 68.9843750000 23.3680000000
4.8098420000 68.9843750000 23.3680000000
4.7891420000 69.2002110000 23.3680000000
4.7891420000 69.2002110000 23.3680000000
4.7891420000 69.2002110000 23.3680000000
4.7743440000 69.4165420000 23.3680000000
4.7743440000 69.4165420000 23.3680000000
4.7743440000 69.4165420000 23.3680000000
4.7654620000 69.6331860000 23.3680000000
4.7654620000 69.6331860000 23.3680000000
4.7654620000 69.6331860000 23.3680000000
38.0999980000 55.0185470000 59.8334050000
38.0999980000 55.0185470000 59.8334050000
38.0999980000 55.0185470000 59.8334050000
38.0999980000 54.6531030000 59.4629170000
38.0999980000 54.6531030000 59.4629170000
38.0999980000 54.6531030000 59.4629170000
38.0999980000 54.2776720000 59.1025510000
38.0999980000 54.2776720000 59.1025510000
38.0999980000 54.2776720000 59.1025510000
38.0999980000 55.3737410000 60.2137370000
38.0999980000 55.3737410000 60.2137370000
38.0999980000 55.3737410000 60.2137370000
38.0999980000 53.8925360000 58.7525710000
38.0999980000 53.8925360000 58.7525710000
38.0999980000 53.8925360000 58.7525710000
38.0999980000 55.7184100000 60.6036300000
38.0999980000 55.7184100000 60.6036300000
38.0999980000 55.7184100000 60.6036300000
38.0999980000 53.4979860000 58.4132460000
38.0999980000 53.4979860000 58.4132460000
38.0999980000 53.4979860000 58.4132460000
38.0999980000 56.0522990000 61.0027920000
38.0999980000 56.0522990000 61.0027920000
38.0999980000 56.0522990000 61.0027920000
38.0999980000 53.0943150000 58.0848200000
38.0999980000 53.0943150000 58.0848200000
38.0999980000 53.0943150000 58.0848200000
38.0999980000 56.3751640000 61.4109270000
38.0999980000 56.3751640000 61.4109270000
38.0999980000 56.3751640000 61.4109270000
38.0999980000 52.6818200000 57.7675480000
38.0999980000 52.6818200000 57.7675480000
38.0999980000 52.6818200000 57.7675480000
38.0999980000 56.6867560000 61.8277280000
38.0999980000 56.6867560000 61.8277280000
38.0999980000 56.6867560000 61.8277280000
38.0999980000 52.2608150000 57.4616580000
38.0999980000 52.2608150000 57.4616580000
38.0999980000 52.2608150000 57.4616580000
38.0999980000 56.9868510000 62.2528840000
38.0999980000 56.9868510000 62.2528840000
38.0999980000 56.9868510000 62.2528840000
38.0999980000 51.8316120000 57.1673810000
38.0999980000 51.8316120000 57.1673810000
38.0999980000 51.8316120000 57.1673810000
38.0999980000 57.2752190000 62.6860770000
38.0999980000 57.2752190000 62.6860770000
38.0999980000 57.2752190000 62.6860770000
38.0999980000 51.3945310000 56.8849410000
38.0999980000 51.3945310000 56.8849410000
38.0999980000 51.3945310000 56.8849410000
38.0999980000 57.5516430000 63.1269870000
38.0999980000 57.5516430000 63.1269870000
38.0999980000 57.5516430000 63.1269870000
38.0999980000 50.9498980000 56.6145440000
38.0999980000 50.9498980000 56.6145440000
38.0999980000 50.9498980000 56.6145440000
38.0999980000 57.8159260000 63.5752830000
38.0999980000 57.8159260000 63.5752830000
38.0999980000 57.8159260000 63.5752830000
38.0999980000 50.4980430000 56.3563920000
38.0999980000 50.4980430000 56.3563920000
38.0999980000 50.4980430000 56.3563920000
38.0999980000 58.0678630000 64.0306320000
38.0999980000 58.0678630000 64.0306320000
38.0999980000 58.0678630000 64.0306320000
38.0999980000 50.0393070000 56.1106830000
38.0999980000 50.0393070000 56.1106830000
38.0999980000 50.0393070000 56.1106830000
38.0999980000 58.3072660000 64.4926910000
38.0999980000 58.3072660000 64.4926910000
38.0999980000 58.3072660000 64.4926910000
38.0999980000 49.5740320000 55.8775940000
38.0999980000 49.5740320000 55.8775940000
38.0999980000 49.5740320000 55.8775940000
38.0999980000 58.5339580000 64.9611130000
38.0999980000 58.5339580000 64.9611130000
38.0999980000 58.5339580000 64.9611130000
38.0999980000 49.1025620000 55.6572990000
38.0999980000 49.1025620000 55.6572990000
38.0999980000 49.1025620000 55.6572990000
38.0999980000 58.7477760000 65.4355620000
38.0999980000 58.7477760000 65.4355620000
38.0999980000 58.7477760000 65.4355620000
38.0999980000 48.6252480000 55.4499660000
38.0999980000 48.6252480000 55.4499660000
38.0999980000 48.6252480000 55.4499660000
38.0999980000 58.9485470000 65.9156650000
38.0999980000 58.9485470000 65.9156650000
38.0999980000 58.9485470000 65.9156650000
38.0999980000 48.1424520000 55.2557490000
38.0999980000 48.1424520000 55.2557490000
38.0999980000 48.1424520000 55.2557490000
38.0999980000 59.1361350000 66.4010770000
38.0999980000 59.1361350000 66.4010770000
38.0999980000 59.1361350000 66.4010770000
38.0999980000 47.6545300000 55.0747910000
38.0999980000 47.6545300000 55.0747910000
38.0999980000 47.6545300000 55.0747910000
38.0999980000 59.3103900000 66.8914340000
38.0999980000 59.3103900000 66.8914340000
38.0999980000 59.3103900000 66.8914340000
38.0999980000 47.1618460000 54.9072300000
38.0999980000 47.1618460000 54.9072300000
38.0999980000 47.1618460000 54.9072300000
38.0999980000 59.4711880000 67.3863680000
38.0999980000 59.4711880000 67.3863680000
38.0999980000 59.4711880000 67.3863680000
38.0999980000 46.6647720000 54.7531890000
38.0999980000 46.6647720000 54.7531890000
38.0999980000 46.6647720000 54.7531890000
38.0999980000 59.6184040000 67.8855060000
38.0999980000 59.6184040000 67.8855060000
38.0999980000 59.6184040000 67.8855060000
38.0999980000 46.1636730000 54.6127820000
38.0999980000 46.1636730000 54.6127820000
38.0999980000 46.1636730000 54.6127820000
38.0999980000 59.7519340000 68.3884810000
38.0999980000 59.7519340000 68.3884810000
38.0999980000 59.7519340000 68.3884810000
38.0999980000 45.6589280000 54.4861150000
38.0999980000 45.6589280000 54.4861150000
38.0999980000 45.6589280000 54.4861150000
38.0999980000 59.8716740000 68.8949130000
38.0999980000 59.8716740000 68.8949130000
38.0999980000 59.8716740000 68.8949130000
38.0999980000 45.1509090000 54.3732830000
38.0999980000 45.1509090000 54.3732830000
38.0999980000 45.1509090000 54.3732830000
38.0999980000 59.9775350000 69.4044270000
38.0999980000 59.9775350000 69.4044270000
38.0999980000 59.9775350000 69.4044270000
38.0999980000 44.6399990000 54.2743720000
38.0999980000 44.6399990000 54.2743720000
38.0999980000 44.6399990000 54.2743720000
38.0999980000 60.0694390000 69.9166490000
38.0999980000 60.0694390000 69.9166490000
38.0999980000 60.0694390000 69.9166490000
38.0999980000 44.1265750000 54.1894490000
38.0999980000 44.1265750000 54.1894490000
38.0999980000 44.1265750000 54.1894490000
38.0999980000 60.1473200000 70.4311830000
38.0999980000 60.1473200000 70.4311830000
38.0999980000 60.1473200000 70.4311830000
38.0999980000 43.6110270000 54.1185870000
38.0999980000 43.6110270000 54.1185870000
38.0999980000 43.6110270000 54.1185870000
38.0999980000 60.2111130000 70.9476550000
38.0999980000 60.2111130000 70.9476550000
38.0999980000 60.2111130000 70.9476550000
38.0999980000 43.0937350000 54.0618320000
38.0999980000 43.0937350000 54.0618320000
38.0999980000 43.0937350000 54.0618320000
38.0999980000 60.2607800000 71.4656750000
38.0999980000 60.2607800000 71.4656750000
38.0999980000 60.2607800000 71.4656750000
38.0999980000 42.5750850000 54.0192260000
38.0999980000 42.5750850000 54.0192260000
38.0999980000 42.5750850000 54.0192260000
38.0999980000 60.2962720000 71.9848630000
38.0999980000 60.2962720000 71.9848630000
38.0999980000 60.2962720000 71.9848630000
38.0999980000 42.0554620000 53.9908070000
38.0999980000 42.0554620000 53.9908070000
38.0999980000 42.0554620000 53.9908070000
38.0999980000 60.3175740000 72.5048220000
38.0999980000 60.3175740000 72.5048220000
38.0999980000 60.3175740000 72.5048220000
38.0999980000 41.5352590000 53.9765890000
38.0999980000 41.5352590000 53.9765890000
38.0999980000 41.5352590000 53.9765890000
38.0999980000 41.0148620000 53.9765850000
38.0999980000 41.0148620000 53.9765850000
38.0999980000 41.0148620000 53.9765850000
38.0999980000 40.4946590000 53.9907990000
38.0999980000 40.4946590000 53.9907990000
38.0999980000 40.4946590000 53.9907990000
38.0999980000 39.9750370000 54.0192150000
38.0999980000 39.9750370000 54.0192150000
38.0999980000 39.9750370000 54.0192150000
38.0999980000 39.4563870000 54.0618170000
38.0999980000 39.4563870000 54.0618170000
38.0999980000 39.4563870000 54.0618170000
38.0999980000 38.9390950000 54.1185680000
38.0999980000 38.9390950000 54.1185680000
38.0999980000 38.9390950000 54.1185680000
38.0999980000 38.4235420000 54.1894260000
38.0999980000 38.4235420000 54.1894260000
38.0999980000 38.4235420000 54.1894260000
38.0999980000 37.9101220000 54.2743420000
38.0999980000 37.9101220000 54.2743420000
38.0999980000 37.9101220000 54.2743420000
38.0999980000 37.3992120000 54.3732530000
38.0999980000 37.3992120000 54.3732530000
38.0999980000 37.3992120000 54.3732530000
38.0999980000 36.8911900000 54.4860800000
38.0999980000 36.8911900000 54.4860800000
38.0999980000 36.8911900000 54.4860800000
38.0999980000 36.3864440000 54.6127400000
38.0999980000 36.3864440000 54.6127400000
38.0999980000 36.3864440000 54.6127400000
38.0999980000 35.8853450000 54.7531430000
38.0999980000 35.8853450000 54.7531430000
38.0999980000 35.8853450000 54.7531430000
38.0999980000 35.3882680000 54.9071810000
38.0999980000 35.3882680000 54.9071810000
38.0999980000 35.3882680000 54.9071810000
38.0999980000 34.8955840000 55.0747380000
38.0999980000 34.8955840000 55.0747380000
38.0999980000 34.8955840000 55.0747380000
38.0999980000 34.4076580000 55.2556920000
38.0999980000 34.4076580000 55.2556920000
38.0999980000 34.4076580000 55.2556920000
38.0999980000 33.9248620000 55.4499050000
38.0999980000 33.9248620000 55.4499050000
38.0999980000 33.9248620000 55.4499050000
38.0999980000 33.4475480000 55.6572340000
38.0999980000 33.4475480000 55.6572340000
38.0999980000 33.4475480000 55.6572340000
38.0999980000 32.9760740000 55.8775250000
38.0999980000 32.9760740000 55.8775250000
38.0999980000 32.9760740000 55.8775250000
38.0999980000 32.5107960000 56.1106110000
38.0999980000 32.5107960000 56.1106110000
38.0999980000 32.5107960000 56.1106110000
38.0999980000 32.0520590000 56.3563160000
38.0999980000 32.0520590000 56.3563160000
38.0999980000 32.0520590000 56.3563160000
38.0999980000 31.6002030000 56.6144640000
38.0999980000 31.6002030000 56.6144640000
38.0999980000 31.6002030000 56.6144640000
38.0999980000 31.1555670000 56.8848570000
38.0999980000 31.1555670000 56.8848570000
38.0999980000 31.1555670000 56.8848570000
38.0999980000 30.7184830000 57.1672940000
38.0999980000 30.7184830000 57.1672940000
38.0999980000 30.7184830000 57.1672940000
38.0999980000 30.2892780000 57.4615670000
38.0999980000 30.2892780000 57.4615670000
38.0999980000 30.2892780000 57.4615670000
38.0999980000 29.8682690000 57.7674520000
38.0999980000 29.8682690000 57.7674520000
38.0999980000 29.8682690000 57.7674520000
38.0999980000 29.4557740000 58.0847240000
38.0999980000 29.4557740000 58.0847240000
38.0999980000 29.4557740000 58.0847240000
38.0999980000 29.0520990000 58.4131430000
38.0999980000 29.0520990000 58.4131430000
38.0999980000 29.0520990000 58.4131430000
38.0999980000 28.6575470000 58.7524680000
38.0999980000 28.6575470000 58.7524680000
38.0999980000 28.6575470000 58.7524680000
38.0999980000 28.2724090000 59.1024440000
38.0999980000 28.2724090000 59.1024440000
38.0999980000 28.2724090000 59.1024440000
38.0999980000 27.8969750000 59.4628070000
38.0999980000 27.8969750000 59.4628070000
38.0999980000 27.8969750000 59.4628070000
38.0999980000 27.5315250000 59.8332940000
38.0999980000 27.5315250000 59.8332940000
38.0999980000 27.5315250000 59.8332940000
38.0999980000 27.1763310000 60.2136230000
38.0999980000 27.1763310000 60.2136230000
38.0999980000 27.1763310000 60.2136230000
38.0999980000 26.8316570000 60.6035120000
38.0999980000 26.8316570000 60.6035120000
38.0999980000 26.8316570000 60.6035120000
38.0999980000 26.4977630000 61.0026700000
38.0999980000 26.4977630000 61.0026700000
38.0999980000 26.4977630000 61.0026700000
38.0999980000 26.1748980000 61.4108010000
38.0999980000 26.1748980000 61.4108010000
38.0999980000 26.1748980000 61.4108010000
38.0999980000 25.8633000000 61.8275990000
38.0999980000 25.8633000000 61.8275990000
38.0999980000 25.8633000000 61.8275990000
38.0999980000 25.5632040000 62.2527500000
38.0999980000 25.5632040000 62.2527500000
38.0999980000 25.5632040000 62.2527500000
38.0999980000 25.2748320000 62.6859440000
38.0999980000 25.2748320000 62.6859440000
38.0999980000 25.2748320000 62.6859440000
38.0999980000 24.9984020000 63.1268500000
38.0999980000 24.9984020000 63.1268500000
38.0999980000 24.9984020000 63.1268500000
38.0999980000 24.7341180000 63.5751460000
38.0999980000 24.7341180000 63.5751460000
38.0999980000 24.7341180000 63.5751460000
38.0999980000 24.4821760000 64.0304870000
38.0999980000 24.4821760000 64.0304870000
38.0999980000 24.4821760000 64.0304870000
38.0999980000 24.2427670000 64.4925460000
38.0999980000 24.2427670000 64.4925460000
38.0999980000 24.2427670000 64.4925460000
38.0999980000 24.0160710000 64.9609760000
38.0999980000 24.0160710000 64.9609760000
38.0999980000 24.0160710000 64.9609760000
38.0999980000 23.8022520000 65.4354170000
38.0999980000 23.8022520000 65.4354170000
38.0999980000 23.8022520000 65.4354170000
38.0999980000 23.6014750000 65.9155200000
38.0999980000 23.6014750000 65.9155200000
38.0999980000 23.6014750000 65.9155200000
38.0999980000 23.4138850000 66.4009320000
38.0999980000 23.4138850000 66.4009320000
38.0999980000 23.4138850000 66.4009320000
38.0999980000 23.2396240000 66.8912810000
38.0999980000 23.2396240000 66.8912810000
38.0999980000 23.2396240000 66.8912810000
38.0999980000 23.0788230000 67.3862150000
38.0999980000 23.0788230000 67.3862150000
38.0999980000 23.0788230000 67.3862150000
38.0999980000 22.9316010000 67.8853530000
38.0999980000 22.9316010000 67.8853530000
38.0999980000 22.9316010000 67.8853530000
38.0999980000 22.7980690000 68.3883290000
38.0999980000 22.7980690000 68.3883290000
38.0999980000 22.7980690000 68.3883290000
38.0999980000 22.6783240000 68.8947600000
38.0999980000 22.6783240000 68.8947600000
38.0999980000 22.6783240000 68.8947600000
38.0999980000 22.5724580000 69.4042740000
38.0999980000 22.5724580000 69.4042740000
38.0999980000 22.5724580000 69.4042740000
38.0999980000 22.4805490000 69.9164890000
38.0999980000 22.4805490000 69.9164890000
38.0999980000 22.4805490000 69.9164890000
38.0999980000 22.4026660000 70.4310300000
38.0999980000 22.4026660000 70.4310300000
38.0999980000 22.4026660000 70.4310300000
38.0999980000 22.3388650000 70.9475020000
38.0999980000 22.3388650000 70.9475020000
38.0999980000 22.3388650000 70.9475020000
38.0999980000 22.2891980000 71.4655230000
38.0999980000 22.2891980000 71.4655230000
38.0999980000 22.2891980000 71.4655230000
38.0999980000 22.2536980000 71.9847030000
38.0999980000 22.2536980000 71.9847030000
38.0999980000 22.2536980000 71.9847030000
38.0999980000 22.2323930000 72.5046690000
38.0999980000 22.2323930000 72.5046690000
38.0999980000 22.2323930000 72.5046690000
41.2750020000 60.3176610000 72.5047150000
41.2750020000 60.3176610000 72.5047150000
41.2750020000 60.3176610000 72.5047150000
41.2750020000 60.2963490000 71.9847640000
41.2750020000 60.2963490000 71.9847640000
41.2750020000 60.2963490000 71.9847640000
41.2750020000 60.2608410000 71.4655760000
41.2750020000 60.2608410000 71.4655760000
41.2750020000 60.2608410000 71.4655760000
41.2750020000 60.2111700000 70.9475630000
41.2750020000 60.2111700000 70.9475630000
41.2750020000 60.2111700000 70.9475630000
41.2750020000 60.1473620000 70.4310990000
41.2750020000 60.1473620000 70.4310990000
41.2750020000 60.1473620000 70.4310990000
41.2750020000 60.0694730000 69.9165650000
41.2750020000 60.0694730000 69.9165650000
41.2750020000 60.0694730000 69.9165650000
41.2750020000 59.9775580000 69.4043500000
41.2750020000 59.9775580000 69.4043500000
41.2750020000 59.9775580000 69.4043500000
41.2750020000 59.8716890000 68.8948440000
41.2750020000 59.8716890000 68.8948440000
41.2750020000 59.8716890000 68.8948440000
41.2750020000 59.7519380000 68.3884120000
41.2750020000 59.7519380000 68.3884120000
41.2750020000 59.7519380000 68.3884120000
41.2750020000 59.6184010000 67.8854450000
41.2750020000 59.6184010000 67.8854450000
41.2750020000 59.6184010000 67.8854450000
41.2750020000 59.4711760000 67.3863140000
41.2750020000 59.4711760000 67.3863140000
41.2750020000 59.4711760000 67.3863140000
41.2750020000 59.3103710000 66.8913880000
41.2750020000 59.3103710000 66.8913880000
41.2750020000 59.3103710000 66.8913880000
41.2750020000 59.1361050000 66.4010390000
41.2750020000 59.1361050000 66.4010390000
41.2750020000 59.1361050000 66.4010390000
41.2750020000 58.9485130000 65.9156340000
41.2750020000 58.9485130000 65.9156340000
41.2750020000 58.9485130000 65.9156340000
41.2750020000 58.7477300000 65.4355320000
41.2750020000 58.7477300000 65.4355320000
41.2750020000 58.7477300000 65.4355320000
41.2750020000 58.5339130000 64.9610980000
41.2750020000 58.5339130000 64.9610980000
41.2750020000 58.5339130000 64.9610980000
41.2750020000 58.3072130000 64.4926760000
41.2750020000 58.3072130000 64.4926760000
41.2750020000 58.3072130000 64.4926760000
41.2750020000 58.0678020000 64.0306240000
41.2750020000 58.0678020000 64.0306240000
41.2750020000 58.0678020000 64.0306240000
41.2750020000 57.8158610000 63.5752830000
41.2750020000 57.8158610000 63.5752830000
41.2750020000 57.8158610000 63.5752830000
41.2750020000 57.5515750000 63.1269950000
41.2750020000 57.5515750000 63.1269950000
41.2750020000 57.5515750000 63.1269950000
41.2750020000 57.2751430000 62.6860920000
41.2750020000 57.2751430000 62.6860920000
41.2750020000 57.2751430000 62.6860920000
41.2750020000 56.9867710000 62.2529070000
41.2750020000 56.9867710000 62.2529070000
41.2750020000 56.9867710000 62.2529070000
41.2750020000 56.6866720000 61.8277550000
41.2750020000 56.6866720000 61.8277550000
41.2750020000 56.6866720000 61.8277550000
41.2750020000 56.3750760000 61.4109650000
41.2750020000 56.3750760000 61.4109650000
41.2750020000 56.3750760000 61.4109650000
41.2750020000 56.0522080000 61.0028380000
41.2750020000 56.0522080000 61.0028380000
41.2750020000 56.0522080000 61.0028380000
41.2750020000 55.7183150000 60.6036830000
41.2750020000 55.7183150000 60.6036830000
41.2750020000 55.7183150000 60.6036830000
41.2750020000 55.3736420000 60.2137990000
41.2750020000 55.3736420000 60.2137990000
41.2750020000 55.3736420000 60.2137990000
41.2750020000 55.0184480000 59.8334730000
41.2750020000 55.0184480000 59.8334730000
41.2750020000 55.0184480000 59.8334730000
41.2750020000 54.6530000000 59.4629900000
41.2750020000 54.6530000000 59.4629900000
41.2750020000 54.6530000000 59.4629900000
41.2750020000 54.2775690000 59.1026310000
41.2750020000 54.2775690000 59.1026310000
41.2750020000 54.2775690000 59.1026310000
41.2750020000 53.8924330000 58.7526590000
41.2750020000 53.8924330000 58.7526590000
41.2750020000 53.8924330000 58.7526590000
41.2750020000 53.4978790000 58.4133380000
41.2750020000 53.4978790000 58.4133380000
41.2750020000 53.4978790000 58.4133380000
41.2750020000 53.0942080000 58.0849190000
41.2750020000 53.0942080000 58.0849190000
41.2750020000 53.0942080000 58.0849190000
41.2750020000 52.6817130000 57.7676540000
41.2750020000 52.6817130000 57.7676540000
41.2750020000 52.6817130000 57.7676540000
41.2750020000 52.2607080000 57.4617690000
41.2750020000 52.2607080000 57.4617690000
41.2750020000 52.2607080000 57.4617690000
41.2750020000 51.8315050000 57.1675000000
41.2750020000 51.8315050000 57.1675000000
41.2750020000 51.8315050000 57.1675000000
41.2750020000 51.3944240000 56.8850670000
41.2750020000 51.3944240000 56.8850670000
41.2750020000 51.3944240000 56.8850670000
41.2750020000 50.9497910000 56.6146740000
41.2750020000 50.9497910000 56.6146740000
41.2750020000 50.9497910000 56.6146740000
41.2750020000 50.4979400000 56.3565290000
41.2750020000 50.4979400000 56.3565290000
41.2750020000 50.4979400000 56.3565290000
41.2750020000 50.0392040000 56.1108250000
41.2750020000 50.0392040000 56.1108250000
41.2750020000 50.0392040000 56.1108250000
41.2750020000 49.5739290000 55.8777390000
41.2750020000 49.5739290000 55.8777390000
41.2750020000 49.5739290000 55.8777390000
41.2750020000 49.1024630000 55.6574520000
41.2750020000 49.1024630000 55.6574520000
41.2750020000 49.1024630000 55.6574520000
41.2750020000 48.6251530000 55.4501230000
41.2750020000 48.6251530000 55.4501230000
41.2750020000 48.6251530000 55.4501230000
41.2750020000 48.1423570000 55.2559090000
41.2750020000 48.1423570000 55.2559090000
41.2750020000 48.1423570000 55.2559090000
41.2750020000 47.6544380000 55.0749590000
41.2750020000 47.6544380000 55.0749590000
41.2750020000 47.6544380000 55.0749590000
41.2750020000 47.1617580000 54.9073980000
41.2750020000 47.1617580000 54.9073980000
41.2750020000 47.1617580000 54.9073980000
41.2750020000 46.6646840000 54.7533610000
41.2750020000 46.6646840000 54.7533610000
41.2750020000 46.6646840000 54.7533610000
41.2750020000 46.1635890000 54.6129570000
41.2750020000 46.1635890000 54.6129570000
41.2750020000 46.1635890000 54.6129570000
41.2750020000 45.6588440000 54.4862940000
41.2750020000 45.6588440000 54.4862940000
41.2750020000 45.6588440000 54.4862940000
41.2750020000 45.1508290000 54.3734660000
41.2750020000 45.1508290000 54.3734660000
41.2750020000 45.1508290000 54.3734660000
41.2750020000 44.6399230000 54.2745550000
41.2750020000 44.6399230000 54.2745550000
41.2750020000 44.6399230000 54.2745550000
41.2750020000 44.1265030000 54.1896400000
41.2750020000 44.1265030000 54.1896400000
41.2750020000 44.1265030000 54.1896400000
41.2750020000 43.6109580000 54.1187780000
41.2750020000 43.6109580000 54.1187780000
41.2750020000 43.6109580000 54.1187780000
41.2750020000 43.0936700000 54.0620230000
41.2750020000 43.0936700000 54.0620230000
41.2750020000 43.0936700000 54.0620230000
41.2750020000 42.5750200000 54.0194210000
41.2750020000 42.5750200000 54.0194210000
41.2750020000 42.5750200000 54.0194210000
41.2750020000 42.0554050000 53.9910010000
41.2750020000 42.0554050000 53.9910010000
41.2750020000 42.0554050000 53.9910010000
41.2750020000 41.5352060000 53.9767840000
41.2750020000 41.5352060000 53.9767840000
41.2750020000 41.5352060000 53.9767840000
41.2750020000 41.0148120000 53.9767840000
41.2750020000 41.0148120000 53.9767840000
41.2750020000 41.0148120000 53.9767840000
41.2750020000 40.4946100000 53.9909970000
41.2750020000 40.4946100000 53.9909970000
41.2750020000 40.4946100000 53.9909970000
41.2750020000 39.9749950000 54.0194130000
41.2750020000 39.9749950000 54.0194130000
41.2750020000 39.9749950000 54.0194130000
41.2750020000 39.4563480000 54.0620120000
41.2750020000 39.4563480000 54.0620120000
41.2750020000 39.4563480000 54.0620120000
41.2750020000 38.9390560000 54.1187630000
41.2750020000 38.9390560000 54.1187630000
41.2750020000 38.9390560000 54.1187630000
41.2750020000 38.4235120000 54.1896210000
41.2750020000 38.4235120000 54.1896210000
41.2750020000 38.4235120000 54.1896210000
41.2750020000 37.9100910000 54.2745360000
41.2750020000 37.9100910000 54.2745360000
41.2750020000 37.9100910000 54.2745360000
41.2750020000 37.3991850000 54.3734440000
41.2750020000 37.3991850000 54.3734440000
41.2750020000 37.3991850000 54.3734440000
41.2750020000 36.8911670000 54.4862710000
41.2750020000 36.8911670000 54.4862710000
41.2750020000 36.8911670000 54.4862710000
41.2750020000 36.3864250000 54.6129300000
41.2750020000 36.3864250000 54.6129300000
41.2750020000 36.3864250000 54.6129300000
41.2750020000 35.8853260000 54.7533300000
41.2750020000 35.8853260000 54.7533300000
41.2750020000 35.8853260000 54.7533300000
41.2750020000 35.3882520000 54.9073640000
41.2750020000 35.3882520000 54.9073640000
41.2750020000 35.3882520000 54.9073640000
41.2750020000 34.8955730000 55.0749210000
41.2750020000 34.8955730000 55.0749210000
41.2750020000 34.8955730000 55.0749210000
41.2750020000 34.4076540000 55.2558710000
41.2750020000 34.4076540000 55.2558710000
41.2750020000 34.4076540000 55.2558710000
41.2750020000 33.9248540000 55.4500810000
41.2750020000 33.9248540000 55.4500810000
41.2750020000 33.9248540000 55.4500810000
41.2750020000 33.4475440000 55.6574060000
41.2750020000 33.4475440000 55.6574060000
41.2750020000 33.4475440000 55.6574060000
41.2750020000 32.9760740000 55.8776930000
41.2750020000 32.9760740000 55.8776930000
41.2750020000 32.9760740000 55.8776930000
41.2750020000 32.5107990000 56.1107750000
41.2750020000 32.5107990000 56.1107750000
41.2750020000 32.5107990000 56.1107750000
41.2750020000 32.0520630000 56.3564760000
41.2750020000 32.0520630000 56.3564760000
41.2750020000 32.0520630000 56.3564760000
41.2750020000 31.6002080000 56.6146200000
41.2750020000 31.6002080000 56.6146200000
41.2750020000 31.6002080000 56.6146200000
41.2750020000 31.1555750000 56.8850100000
41.2750020000 31.1555750000 56.8850100000
41.2750020000 31.1555750000 56.8850100000
41.2750020000 30.7184910000 57.1674420000
41.2750020000 30.7184910000 57.1674420000
41.2750020000 30.7184910000 57.1674420000
41.2750020000 30.2892860000 57.4617080000
41.2750020000 30.2892860000 57.4617080000
41.2750020000 30.2892860000 57.4617080000
41.2750020000 29.8682800000 57.7675860000
41.2750020000 29.8682800000 57.7675860000
41.2750020000 29.8682800000 57.7675860000
41.2750020000 29.4557840000 58.0848540000
41.2750020000 29.4557840000 58.0848540000
41.2750020000 29.4557840000 58.0848540000
41.2750020000 29.0521110000 58.4132690000
41.2750020000 29.0521110000 58.4132690000
41.2750020000 29.0521110000 58.4132690000
41.2750020000 28.6575570000 58.7525860000
41.2750020000 28.6575570000 58.7525860000
41.2750020000 28.6575570000 58.7525860000
41.2750020000 28.2724190000 59.1025540000
41.2750020000 28.2724190000 59.1025540000
41.2750020000 28.2724190000 59.1025540000
41.2750020000 27.8969840000 59.4629140000
41.2750020000 27.8969840000 59.4629140000
41.2750020000 27.8969840000 59.4629140000
41.2750020000 27.5315320000 59.8333930000
41.2750020000 27.5315320000 59.8333930000
41.2750020000 27.5315320000 59.8333930000
41.2750020000 27.1763380000 60.2137180000
41.2750020000 27.1763380000 60.2137180000
41.2750020000 27.1763380000 60.2137180000
41.2750020000 26.8316630000 60.6036000000
41.2750020000 26.8316630000 60.6036000000
41.2750020000 26.8316630000 60.6036000000
41.2750020000 26.4977660000 61.0027540000
41.2750020000 26.4977660000 61.0027540000
41.2750020000 26.4977660000 61.0027540000
41.2750020000 26.1748980000 61.4108770000
41.2750020000 26.1748980000 61.4108770000
41.2750020000 26.1748980000 61.4108770000
41.2750020000 25.8632980000 61.8276670000
41.2750020000 25.8632980000 61.8276670000
41.2750020000 25.8632980000 61.8276670000
41.2750020000 25.5632000000 62.2528150000
41.2750020000 25.5632000000 62.2528150000
41.2750020000 25.5632000000 62.2528150000
41.2750020000 25.2748240000 62.6860010000
41.2750020000 25.2748240000 62.6860010000
41.2750020000 25.2748240000 62.6860010000
41.2750020000 24.9983900000 63.1269040000
41.2750020000 24.9983900000 63.1269040000
41.2750020000 24.9983900000 63.1269040000
41.2750020000 24.7341020000 63.5751880000
41.2750020000 24.7341020000 63.5751880000
41.2750020000 24.7341020000 63.5751880000
41.2750020000 24.4821570000 64.0305250000
41.2750020000 24.4821570000 64.0305250000
41.2750020000 24.4821570000 64.0305250000
41.2750020000 24.2427440000 64.4925770000
41.2750020000 24.2427440000 64.4925770000
41.2750020000 24.2427440000 64.4925770000
41.2750020000 24.0160430000 64.9609990000
41.2750020000 24.0160430000 64.9609990000
41.2750020000 24.0160430000 64.9609990000
41.2750020000 23.8022190000 65.4354320000
41.2750020000 23.8022190000 65.4354320000
41.2750020000 23.8022190000 65.4354320000
41.2750020000 23.6014350000 65.9155270000
41.2750020000 23.6014350000 65.9155270000
41.2750020000 23.6014350000 65.9155270000
41.2750020000 23.4138390000 66.4009320000
41.2750020000 23.4138390000 66.4009320000
41.2750020000 23.4138390000 66.4009320000
41.2750020000 23.2395730000 66.8912810000
41.2750020000 23.2395730000 66.8912810000
41.2750020000 23.2395730000 66.8912810000
41.2750020000 23.0787640000 67.3862080000
41.2750020000 23.0787640000 67.3862080000
41.2750020000 23.0787640000 67.3862080000
41.2750020000 22.9315360000 67.8853380000
41.2750020000 22.9315360000 67.8853380000
41.2750020000 22.9315360000 67.8853380000
41.2750020000 22.7979950000 68.3883060000
41.2750020000 22.7979950000 68.3883060000
41.2750020000 22.7979950000 68.3883060000
41.2750020000 22.6782440000 68.8947370000
41.2750020000 22.6782440000 68.8947370000
41.2750020000 22.6782440000 68.8947370000
41.2750020000 22.5723690000 69.4042430000
41.2750020000 22.5723690000 69.4042430000
41.2750020000 22.5723690000 69.4042430000
41.2750020000 22.4804520000 69.9164580000
41.2750020000 22.4804520000 69.9164580000
41.2750020000 22.4804520000 69.9164580000
41.2750020000 22.4025590000 70.4309840000
41.2750020000 22.4025590000 70.4309840000
41.2750020000 22.4025590000 70.4309840000
41.2750020000 22.3387510000 70.9474560000
41.2750020000 22.3387510000 70.9474560000
41.2750020000 22.3387510000 70.9474560000
41.2750020000 22.2890740000 71.4654690000
41.2750020000 22.2890740000 71.4654690000
41.2750020000 22.2890740000 71.4654690000
41.2750020000 22.2535650000 71.9846500000
41.2750020000 22.2535650000 71.9846500000
41.2750020000 22.2535650000 71.9846500000
41.2750020000 22.2322480000 72.5046080000
41.2750020000 22.2322480000 72.5046080000
41.2750020000 22.2322480000 72.5046080000
15.5630150000 72.5978550000 12.7000000000
15.5630150000 72.5978550000 12.7000000000
15.5630150000 72.5978550000 12.7000000000
15.4868800000 72.6750260000 12.7000000000
15.4868800000 72.6750260000 12.7000000000
15.4868800000 72.6750260000 12.7000000000
15.4086670000 72.7500920000 12.7000000000
15.4086670000 72.7500920000 12.7000000000
15.4086670000 72.7500920000 12.7000000000
15.6370130000 72.5186390000 12.7000000000
15.6370130000 72.5186390000 12.7000000000
15.6370130000 72.5186390000 12.7000000000
15.3284310000 72.8229830000 12.7000000000
15.3284310000 72.8229830000 12.7000000000
15.3284310000 72.8229830000 12.7000000000
15.7088200000 72.4374240000 12.7000000000
15.7088200000 72.4374240000 12.7000000000
15.7088200000 72.4374240000 12.7000000000
15.2462360000 72.8936610000 12.7000000000
15.2462360000 72.8936610000 12.7000000000
15.2462360000 72.8936610000 12.7000000000
15.7783830000 72.3542860000 12.7000000000
15.7783830000 72.3542860000 12.7000000000
15.7783830000 72.3542860000 12.7000000000
15.1621400000 72.9620740000 12.7000000000
15.1621400000 72.9620740000 12.7000000000
15.1621400000 72.9620740000 12.7000000000
15.8456490000 72.2692720000 12.7000000000
15.8456490000 72.2692720000 12.7000000000
15.8456490000 72.2692720000 12.7000000000
15.0762070000 73.0281600000 12.7000000000
15.0762070000 73.0281600000 12.7000000000
15.0762070000 73.0281600000 12.7000000000
15.9105680000 72.1824570000 12.7000000000
15.9105680000 72.1824570000 12.7000000000
15.9105680000 72.1824570000 12.7000000000
14.9885030000 73.0918730000 12.7000000000
14.9885030000 73.0918730000 12.7000000000
14.9885030000 73.0918730000 12.7000000000
15.9730910000 72.0938950000 12.7000000000
15.9730910000 72.0938950000 12.7000000000
15.9730910000 72.0938950000 12.7000000000
14.8990890000 73.1531600000 12.7000000000
14.8990890000 73.1531600000 12.7000000000
14.8990890000 73.1531600000 12.7000000000
16.0331730000 72.0036620000 12.7000000000
16.0331730000 72.0036620000 12.7000000000
16.0331730000 72.0036620000 12.7000000000
14.8080360000 73.2119900000 12.7000000000
14.8080360000 73.2119900000 12.7000000000
14.8080360000 73.2119900000 12.7000000000
16.0907670000 71.9118270000 12.7000000000
16.0907670000 71.9118270000 12.7000000000
16.0907670000 71.9118270000 12.7000000000
14.7154090000 73.2683110000 12.7000000000
14.7154090000 73.2683110000 12.7000000000
14.7154090000 73.2683110000 12.7000000000
16.1458320000 71.8184430000 12.7000000000
16.1458320000 71.8184430000 12.7000000000
16.1458320000 71.8184430000 12.7000000000
14.6212800000 73.3220830000 12.7000000000
14.6212800000 73.3220830000 12.7000000000
14.6212800000 73.3220830000 12.7000000000
16.1983260000 71.7236020000 12.7000000000
16.1983260000 71.7236020000 12.7000000000
16.1983260000 71.7236020000 12.7000000000
14.5257160000 73.3732600000 12.7000000000
14.5257160000 73.3732600000 12.7000000000
14.5257160000 73.3732600000 12.7000000000
16.2482090000 71.6273500000 12.7000000000
16.2482090000 71.6273500000 12.7000000000
16.2482090000 71.6273500000 12.7000000000
14.4287900000 73.4218140000 12.7000000000
14.4287900000 73.4218140000 12.7000000000
14.4287900000 73.4218140000 12.7000000000
16.2954460000 71.5297780000 12.7000000000
16.2954460000 71.5297780000 12.7000000000
16.2954460000 71.5297780000 12.7000000000
14.3305750000 73.4676970000 12.7000000000
14.3305750000 73.4676970000 12.7000000000
14.3305750000 73.4676970000 12.7000000000
16.3400000000 71.4309540000 12.7000000000
16.3400000000 71.4309540000 12.7000000000
16.3400000000 71.4309540000 12.7000000000
14.2311430000 73.5108800000 12.7000000000
14.2311430000 73.5108800000 12.7000000000
14.2311430000 73.5108800000 12.7000000000
16.3818380000 71.3309480000 12.7000000000
16.3818380000 71.3309480000 12.7000000000
16.3818380000 71.3309480000 12.7000000000
14.1305690000 73.5513310000 12.7000000000
14.1305690000 73.5513310000 12.7000000000
14.1305690000 73.5513310000 12.7000000000
16.4209290000 71.2298360000 12.7000000000
16.4209290000 71.2298360000 12.7000000000
16.4209290000 71.2298360000 12.7000000000
14.0289270000 73.5890270000 12.7000000000
14.0289270000 73.5890270000 12.7000000000
14.0289270000 73.5890270000 12.7000000000
16.4572450000 71.1276930000 12.7000000000
16.4572450000 71.1276930000 12.7000000000
16.4572450000 71.1276930000 12.7000000000
13.9262930000 73.6239240000 12.7000000000
13.9262930000 73.6239240000 12.7000000000
13.9262930000 73.6239240000 12.7000000000
16.4907570000 71.0246050000 12.7000000000
16.4907570000 71.0246050000 12.7000000000
16.4907570000 71.0246050000 12.7000000000
13.8227450000 73.6560060000 12.7000000000
13.8227450000 73.6560060000 12.7000000000
13.8227450000 73.6560060000 12.7000000000
16.5214410000 70.9206310000 12.7000000000
16.5214410000 70.9206310000 12.7000000000
16.5214410000 70.9206310000 12.7000000000
13.7183600000 73.6852570000 12.7000000000
13.7183600000 73.6852570000 12.7000000000
13.7183600000 73.6852570000 12.7000000000
16.5492730000 70.8158570000 12.7000000000
16.5492730000 70.8158570000 12.7000000000
16.5492730000 70.8158570000 12.7000000000
13.6132140000 73.7116390000 12.7000000000
13.6132140000 73.7116390000 12.7000000000
13.6132140000 73.7116390000 12.7000000000
16.5742320000 70.7103650000 12.7000000000
16.5742320000 70.7103650000 12.7000000000
16.5742320000 70.7103650000 12.7000000000
13.5073870000 73.7351380000 12.7000000000
13.5073870000 73.7351380000 12.7000000000
13.5073870000 73.7351380000 12.7000000000
16.5963040000 70.6042330000 12.7000000000
16.5963040000 70.6042330000 12.7000000000
16.5963040000 70.6042330000 12.7000000000
13.4009580000 73.7557370000 12.7000000000
13.4009580000 73.7557370000 12.7000000000
13.4009580000 73.7557370000 12.7000000000
16.6154650000 70.4975360000 12.7000000000
16.6154650000 70.4975360000 12.7000000000
16.6154650000 70.4975360000 12.7000000000
13.2940050000 73.7734300000 12.7000000000
13.2940050000 73.7734300000 12.7000000000
13.2940050000 73.7734300000 12.7000000000
16.6317080000 70.3903500000 12.7000000000
16.6317080000 70.3903500000 12.7000000000
16.6317080000 70.3903500000 12.7000000000
13.1866100000 73.7881850000 12.7000000000
13.1866100000 73.7881850000 12.7000000000
13.1866100000 73.7881850000 12.7000000000
16.6450160000 70.2827680000 12.7000000000
16.6450160000 70.2827680000 12.7000000000
16.6450160000 70.2827680000 12.7000000000
13.0788520000 73.8000110000 12.7000000000
13.0788520000 73.8000110000 12.7000000000
13.0788520000 73.8000110000 12.7000000000
16.6553820000 70.1748580000 12.7000000000
16.6553820000 70.1748580000 12.7000000000
16.6553820000 70.1748580000 12.7000000000
12.9708100000 73.8088840000 12.7000000000
12.9708100000 73.8088840000 12.7000000000
12.9708100000 73.8088840000 12.7000000000
16.6627960000 70.0667110000 12.7000000000
16.6627960000 70.0667110000 12.7000000000
16.6627960000 70.0667110000 12.7000000000
12.8625670000 73.8147960000 12.7000000000
12.8625670000 73.8147960000 12.7000000000
12.8625670000 73.8147960000 12.7000000000
16.6672530000 69.9583970000 12.7000000000
16.6672530000 69.9583970000 12.7000000000
16.6672530000 69.9583970000 12.7000000000
12.7542030000 73.8177640000 12.7000000000
12.7542030000 73.8177640000 12.7000000000
12.7542030000 73.8177640000 12.7000000000
16.6687510000 69.8499980000 12.7000000000
16.6687510000 69.8499980000 12.7000000000
16.6687510000 69.8499980000 12.7000000000
12.6457980000 73.8177640000 12.7000000000
12.6457980000 73.8177640000 12.7000000000
12.6457980000 73.8177640000 12.7000000000
16.6672530000 69.7416080000 12.7000000000
16.6672530000 69.7416080000 12.7000000000
16.6672530000 69.7416080000 12.7000000000
12.5374330000 73.8147960000 12.7000000000
12.5374330000 73.8147960000 12.7000000000
12.5374330000 73.8147960000 12.7000000000
16.6627960000 69.6332930000 12.7000000000
16.6627960000 69.6332930000 12.7000000000
16.6627960000 69.6332930000 12.7000000000
12.4291900000 73.8088840000 12.7000000000
12.4291900000 73.8088840000 12.7000000000
12.4291900000 73.8088840000 12.7000000000
16.6553820000 69.5251390000 12.7000000000
16.6553820000 69.5251390000 12.7000000000
16.6553820000 69.5251390000 12.7000000000
12.3211490000 73.8000110000 12.7000000000
12.3211490000 73.8000110000 12.7000000000
12.3211490000 73.8000110000 12.7000000000
16.6450180000 69.4172290000 12.7000000000
16.6450180000 69.4172290000 12.7000000000
16.6450180000 69.4172290000 12.7000000000
12.2133900000 73.7881850000 12.7000000000
12.2133900000 73.7881850000 12.7000000000
12.2133900000 73.7881850000 12.7000000000
16.6317100000 69.3096470000 12.7000000000
16.6317100000 69.3096470000 12.7000000000
16.6317100000 69.3096470000 12.7000000000
12.1059940000 73.7734300000 12.7000000000
12.1059940000 73.7734300000 12.7000000000
12.1059940000 73.7734300000 12.7000000000
16.6154690000 69.2024610000 12.7000000000
16.6154690000 69.2024610000 12.7000000000
16.6154690000 69.2024610000 12.7000000000
11.9990430000 73.7557370000 12.7000000000
11.9990430000 73.7557370000 12.7000000000
11.9990430000 73.7557370000 12.7000000000
16.5963060000 69.0957640000 12.7000000000
16.5963060000 69.0957640000 12.7000000000
16.5963060000 69.0957640000 12.7000000000
11.8926130000 73.7351380000 12.7000000000
11.8926130000 73.7351380000 12.7000000000
11.8926130000 73.7351380000 12.7000000000
16.5742360000 68.9896320000 12.7000000000
16.5742360000 68.9896320000 12.7000000000
16.5742360000 68.9896320000 12.7000000000
11.7867860000 73.7116390000 12.7000000000
11.7867860000 73.7116390000 12.7000000000
11.7867860000 73.7116390000 12.7000000000
16.5492760000 68.8841400000 12.7000000000
16.5492760000 68.8841400000 12.7000000000
16.5492760000 68.8841400000 12.7000000000
11.6816410000 73.6852570000 12.7000000000
11.6816410000 73.6852570000 12.7000000000
11.6816410000 73.6852570000 12.7000000000
16.5214440000 68.7793660000 12.7000000000
16.5214440000 68.7793660000 12.7000000000
16.5214440000 68.7793660000 12.7000000000
11.5772540000 73.6560060000 12.7000000000
11.5772540000 73.6560060000 12.7000000000
11.5772540000 73.6560060000 12.7000000000
16.4907610000 68.6753920000 12.7000000000
16.4907610000 68.6753920000 12.7000000000
16.4907610000 68.6753920000 12.7000000000
11.4737060000 73.6239240000 12.7000000000
11.4737060000 73.6239240000 12.7000000000
11.4737060000 73.6239240000 12.7000000000
16.4572490000 68.5722960000 12.7000000000
16.4572490000 68.5722960000 12.7000000000
16.4572490000 68.5722960000 12.7000000000
11.3710740000 73.5890270000 12.7000000000
11.3710740000 73.5890270000 12.7000000000
11.3710740000 73.5890270000 12.7000000000
16.4209330000 68.4701610000 12.7000000000
16.4209330000 68.4701610000 12.7000000000
16.4209330000 68.4701610000 12.7000000000
16.4209330000 68.4701610000 12.7000000000
11.2694320000 73.5513310000 12.7000000000
11.2694320000 73.5513310000 12.7000000000
11.2694320000 73.5513310000 12.7000000000
16.3818440000 68.3690490000 12.7000000000
16.3818440000 68.3690490000 12.7000000000
16.3818440000 68.3690490000 12.7000000000
11.1688580000 73.5108800000 12.7000000000
11.1688580000 73.5108800000 12.7000000000
11.1688580000 73.5108800000 12.7000000000
16.3400040000 68.2690430000 12.7000000000
16.3400040000 68.2690430000 12.7000000000
16.3400040000 68.2690430000 12.7000000000
11.0694260000 73.4676970000 12.7000000000
11.0694260000 73.4676970000 12.7000000000
11.0694260000 73.4676970000 12.7000000000
16.2954500000 68.1702120000 12.7000000000
16.2954500000 68.1702120000 12.7000000000
16.2954500000 68.1702120000 12.7000000000
10.9712100000 73.4218140000 12.7000000000
10.9712100000 73.4218140000 12.7000000000
10.9712100000 73.4218140000 12.7000000000
16.2482150000 68.0726390000 12.7000000000
16.2482150000 68.0726390000 12.7000000000
16.2482150000 68.0726390000 12.7000000000
10.8742840000 73.3732600000 12.7000000000
10.8742840000 73.3732600000 12.7000000000
10.8742840000 73.3732600000 12.7000000000
16.1983320000 67.9763950000 12.7000000000
16.1983320000 67.9763950000 12.7000000000
16.1983320000 67.9763950000 12.7000000000
10.7787210000 73.3220830000 12.7000000000
10.7787210000 73.3220830000 12.7000000000
10.7787210000 73.3220830000 12.7000000000
16.1458380000 67.8815460000 12.7000000000
16.1458380000 67.8815460000 12.7000000000
16.1458380000 67.8815460000 12.7000000000
10.6845900000 73.2683110000 12.7000000000
10.6845900000 73.2683110000 12.7000000000
10.6845900000 73.2683110000 12.7000000000
16.0907730000 67.7881700000 12.7000000000
16.0907730000 67.7881700000 12.7000000000
16.0907730000 67.7881700000 12.7000000000
10.5919650000 73.2119900000 12.7000000000
10.5919650000 73.2119900000 12.7000000000
10.5919650000 73.2119900000 12.7000000000
16.0331780000 67.6963270000 12.7000000000
16.0331780000 67.6963270000 12.7000000000
16.0331780000 67.6963270000 12.7000000000
10.5009110000 73.1531600000 12.7000000000
10.5009110000 73.1531600000 12.7000000000
10.5009110000 73.1531600000 12.7000000000
15.9730970000 67.6060940000 12.7000000000
15.9730970000 67.6060940000 12.7000000000
15.9730970000 67.6060940000 12.7000000000
10.4114980000 73.0918730000 12.7000000000
10.4114980000 73.0918730000 12.7000000000
10.4114980000 73.0918730000 12.7000000000
15.9105730000 67.5175400000 12.7000000000
15.9105730000 67.5175400000 12.7000000000
15.9105730000 67.5175400000 12.7000000000
10.3237920000 73.0281600000 12.7000000000
10.3237920000 73.0281600000 12.7000000000
10.3237920000 73.0281600000 12.7000000000
15.8456540000 67.4307170000 12.7000000000
15.8456540000 67.4307170000 12.7000000000
15.8456540000 67.4307170000 12.7000000000
10.2378600000 72.9620740000 12.7000000000
10.2378600000 72.9620740000 12.7000000000
10.2378600000 72.9620740000 12.7000000000
10.1537650000 72.8936610000 12.7000000000
10.1537650000 72.8936610000 12.7000000000
10.1537650000 72.8936610000 12.7000000000
10.0715680000 72.8229830000 12.7000000000
10.0715680000 72.8229830000 12.7000000000
10.0715680000 72.8229830000 12.7000000000
9.9913340000 72.7500920000 12.7000000000
9.9913340000 72.7500920000 12.7000000000
9.9913340000 72.7500920000 12.7000000000
9.9131190000 72.6750260000 12.7000000000
9.9131190000 72.6750260000 12.7000000000
9.9131190000 72.6750260000 12.7000000000
9.8369850000 72.5978550000 12.7000000000
9.8369850000 72.5978550000 12.7000000000
9.8369850000 72.5978550000 12.7000000000
9.7629860000 72.5186390000 12.7000000000
9.7629860000 72.5186390000 12.7000000000
9.7629860000 72.5186390000 12.7000000000
9.6911790000 72.4374240000 12.7000000000
9.6911790000 72.4374240000 12.7000000000
9.6911790000 72.4374240000 12.7000000000
9.6216160000 72.3542860000 12.7000000000
9.6216160000 72.3542860000 12.7000000000
9.6216160000 72.3542860000 12.7000000000
9.5543510000 72.2692720000 12.7000000000
9.5543510000 72.2692720000 12.7000000000
9.5543510000 72.2692720000 12.7000000000
9.4894320000 72.1824570000 12.7000000000
9.4894320000 72.1824570000 12.7000000000
9.4894320000 72.1824570000 12.7000000000
9.4269080000 72.0938950000 12.7000000000
9.4269080000 72.0938950000 12.7000000000
9.4269080000 72.0938950000 12.7000000000
9.3668270000 72.0036620000 12.7000000000
9.3668270000 72.0036620000 12.7000000000
9.3668270000 72.0036620000 12.7000000000
9.3092330000 71.9118270000 12.7000000000
9.3092330000 71.9118270000 12.7000000000
9.3092330000 71.9118270000 12.7000000000
9.2541690000 71.8184430000 12.7000000000
9.2541690000 71.8184430000 12.7000000000
9.2541690000 71.8184430000 12.7000000000
9.2016740000 71.7236020000 12.7000000000
9.2016740000 71.7236020000 12.7000000000
9.2016740000 71.7236020000 12.7000000000
9.1517910000 71.6273500000 12.7000000000
9.1517910000 71.6273500000 12.7000000000
9.1517910000 71.6273500000 12.7000000000
9.1045540000 71.5297780000 12.7000000000
9.1045540000 71.5297780000 12.7000000000
9.1045540000 71.5297780000 12.7000000000
9.0600000000 71.4309540000 12.7000000000
9.0600000000 71.4309540000 12.7000000000
9.0600000000 71.4309540000 12.7000000000
9.0181620000 71.3309480000 12.7000000000
9.0181620000 71.3309480000 12.7000000000
9.0181620000 71.3309480000 12.7000000000
8.9790710000 71.2298360000 12.7000000000
8.9790710000 71.2298360000 12.7000000000
8.9790710000 71.2298360000 12.7000000000
8.9427560000 71.1276930000 12.7000000000
8.9427560000 71.1276930000 12.7000000000
8.9427560000 71.1276930000 12.7000000000
8.9092440000 71.0246050000 12.7000000000
8.9092440000 71.0246050000 12.7000000000
8.9092440000 71.0246050000 12.7000000000
8.8785600000 70.9206310000 12.7000000000
8.8785600000 70.9206310000 12.7000000000
8.8785600000 70.9206310000 12.7000000000
8.8507280000 70.8158570000 12.7000000000
8.8507280000 70.8158570000 12.7000000000
8.8507280000 70.8158570000 12.7000000000
8.8257670000 70.7103650000 12.7000000000
8.8257670000 70.7103650000 12.7000000000
8.8257670000 70.7103650000 12.7000000000
8.8036970000 70.6042330000 12.7000000000
8.8036970000 70.6042330000 12.7000000000
8.8036970000 70.6042330000 12.7000000000
8.7845340000 70.4975360000 12.7000000000
8.7845340000 70.4975360000 12.7000000000
8.7845340000 70.4975360000 12.7000000000
8.7682920000 70.3903500000 12.7000000000
8.7682920000 70.3903500000 12.7000000000
8.7682920000 70.3903500000 12.7000000000
8.7549840000 70.2827680000 12.7000000000
8.7549840000 70.2827680000 12.7000000000
8.7549840000 70.2827680000 12.7000000000
8.7446180000 70.1748580000 12.7000000000
8.7446180000 70.1748580000 12.7000000000
8.7446180000 70.1748580000 12.7000000000
8.7372050000 70.0667110000 12.7000000000
8.7372050000 70.0667110000 12.7000000000
8.7372050000 70.0667110000 12.7000000000
8.7327470000 69.9583970000 12.7000000000
8.7327470000 69.9583970000 12.7000000000
8.7327470000 69.9583970000 12.7000000000
8.7312500000 69.8499980000 12.7000000000
8.7312500000 69.8499980000 12.7000000000
8.7312500000 69.8499980000 12.7000000000
8.7327470000 69.7416080000 12.7000000000
8.7327470000 69.7416080000 12.7000000000
8.7327470000 69.7416080000 12.7000000000
8.7372040000 69.6332930000 12.7000000000
8.7372040000 69.6332930000 12.7000000000
8.7372040000 69.6332930000 12.7000000000
8.7446170000 69.5251390000 12.7000000000
8.7446170000 69.5251390000 12.7000000000
8.7446170000 69.5251390000 12.7000000000
8.7549820000 69.4172290000 12.7000000000
8.7549820000 69.4172290000 12.7000000000
8.7549820000 69.4172290000 12.7000000000
8.7682910000 69.3096470000 12.7000000000
8.7682910000 69.3096470000 12.7000000000
8.7682910000 69.3096470000 12.7000000000
8.7845320000 69.2024610000 12.7000000000
8.7845320000 69.2024610000 12.7000000000
8.7845320000 69.2024610000 12.7000000000
8.8036950000 69.0957640000 12.7000000000
8.8036950000 69.0957640000 12.7000000000
8.8036950000 69.0957640000 12.7000000000
8.8257640000 68.9896320000 12.7000000000
8.8257640000 68.9896320000 12.7000000000
8.8257640000 68.9896320000 12.7000000000
8.8507240000 68.8841400000 12.7000000000
8.8507240000 68.8841400000 12.7000000000
8.8507240000 68.8841400000 12.7000000000
8.8785560000 68.7793660000 12.7000000000
8.8785560000 68.7793660000 12.7000000000
8.8785560000 68.7793660000 12.7000000000
8.9092400000 68.6753920000 12.7000000000
8.9092400000 68.6753920000 12.7000000000
8.9092400000 68.6753920000 12.7000000000
8.9427520000 68.5722960000 12.7000000000
8.9427520000 68.5722960000 12.7000000000
8.9427520000 68.5722960000 12.7000000000
8.9427520000 68.5722960000 12.7000000000
8.9790660000 68.4701610000 12.7000000000
8.9790660000 68.4701610000 12.7000000000
8.9790660000 68.4701610000 12.7000000000
9.0181570000 68.3690490000 12.7000000000
9.0181570000 68.3690490000 12.7000000000
9.0181570000 68.3690490000 12.7000000000
9.0599960000 68.2690430000 12.7000000000
9.0599960000 68.2690430000 12.7000000000
9.0599960000 68.2690430000 12.7000000000
9.1045490000 68.1702120000 12.7000000000
9.1045490000 68.1702120000 12.7000000000
9.1045490000 68.1702120000 12.7000000000
9.1517860000 68.0726390000 12.7000000000
9.1517860000 68.0726390000 12.7000000000
9.1517860000 68.0726390000 12.7000000000
9.2016690000 67.9763950000 12.7000000000
9.2016690000 67.9763950000 12.7000000000
9.2016690000 67.9763950000 12.7000000000
9.2541630000 67.8815460000 12.7000000000
9.2541630000 67.8815460000 12.7000000000
9.2541630000 67.8815460000 12.7000000000
9.3092270000 67.7881700000 12.7000000000
9.3092270000 67.7881700000 12.7000000000
9.3092270000 67.7881700000 12.7000000000
9.3668220000 67.6963270000 12.7000000000
9.3668220000 67.6963270000 12.7000000000
9.3668220000 67.6963270000 12.7000000000
9.4269030000 67.6060940000 12.7000000000
9.4269030000 67.6060940000 12.7000000000
9.4269030000 67.6060940000 12.7000000000
9.4894270000 67.5175400000 12.7000000000
9.4894270000 67.5175400000 12.7000000000
9.4894270000 67.5175400000 12.7000000000
9.5543450000 67.4307170000 12.7000000000
9.5543450000 67.4307170000 12.7000000000
9.5543450000 67.4307170000 12.7000000000
9.6216110000 67.3457110000 12.7000000000
9.6216110000 67.3457110000 12.7000000000
9.6216110000 67.3457110000 12.7000000000
9.6911740000 67.2625660000 12.7000000000
9.6911740000 67.2625660000 12.7000000000
9.6911740000 67.2625660000 12.7000000000
9.7629800000 67.1813510000 12.7000000000
9.7629800000 67.1813510000 12.7000000000
9.7629800000 67.1813510000 12.7000000000
9.8369800000 67.1021350000 12.7000000000
9.8369800000 67.1021350000 12.7000000000
9.8369800000 67.1021350000 12.7000000000
9.9131150000 67.0249630000 12.7000000000
9.9131150000 67.0249630000 12.7000000000
9.9131150000 67.0249630000 12.7000000000
9.9913280000 66.9498980000 12.7000000000
9.9913280000 66.9498980000 12.7000000000
9.9913280000 66.9498980000 12.7000000000
10.0715630000 66.8770070000 12.7000000000
10.0715630000 66.8770070000 12.7000000000
10.0715630000 66.8770070000 12.7000000000
10.1537590000 66.8063280000 12.7000000000
10.1537590000 66.8063280000 12.7000000000
10.1537590000 66.8063280000 12.7000000000
10.2378550000 66.7379150000 12.7000000000
10.2378550000 66.7379150000 12.7000000000
10.2378550000 66.7379150000 12.7000000000
10.3237880000 66.6718290000 12.7000000000
10.3237880000 66.6718290000 12.7000000000
10.3237880000 66.6718290000 12.7000000000
10.4114930000 66.6081160000 12.7000000000
10.4114930000 66.6081160000 12.7000000000
10.4114930000 66.6081160000 12.7000000000
10.5009060000 66.5468220000 12.7000000000
10.5009060000 66.5468220000 12.7000000000
10.5009060000 66.5468220000 12.7000000000
10.5919600000 66.4879910000 12.7000000000
10.5919600000 66.4879910000 12.7000000000
10.5919600000 66.4879910000 12.7000000000
10.6845870000 66.4316710000 12.7000000000
10.6845870000 66.4316710000 12.7000000000
10.6845870000 66.4316710000 12.7000000000
10.7787160000 66.3779070000 12.7000000000
10.7787160000 66.3779070000 12.7000000000
10.7787160000 66.3779070000 12.7000000000
15.4869790000 15.5252100000 12.7000000000
15.4869790000 15.5252100000 12.7000000000
15.4869790000 15.5252100000 12.7000000000
15.4868860000 67.0249630000 12.7000000000
15.4868860000 67.0249630000 12.7000000000
15.4868860000 67.0249630000 12.7000000000
15.5630210000 67.1021350000 12.7000000000
15.5630210000 67.1021350000 12.7000000000
15.5630210000 67.1021350000 12.7000000000
15.5631150000 15.4480350000 12.7000000000
15.5631150000 15.4480350000 12.7000000000
15.5631150000 15.4480350000 12.7000000000
15.6370190000 67.1813510000 12.7000000000
15.6370190000 67.1813510000 12.7000000000
15.6370190000 67.1813510000 12.7000000000
15.4087650000 15.6002780000 12.7000000000
15.4087650000 15.6002780000 12.7000000000
15.4087650000 15.6002780000 12.7000000000
15.4086720000 66.9498980000 12.7000000000
15.4086720000 66.9498980000 12.7000000000
15.4086720000 66.9498980000 12.7000000000
15.6371150000 15.3688090000 12.7000000000
15.6371150000 15.3688090000 12.7000000000
15.6371150000 15.3688090000 12.7000000000
15.7088260000 67.2625660000 12.7000000000
15.7088260000 67.2625660000 12.7000000000
15.7088260000 67.2625660000 12.7000000000
15.3285290000 15.6731820000 12.7000000000
15.3285290000 15.6731820000 12.7000000000
15.3285290000 15.6731820000 12.7000000000
15.3284370000 66.8770070000 12.7000000000
15.3284370000 66.8770070000 12.7000000000
15.3284370000 66.8770070000 12.7000000000
15.7089210000 15.2875900000 12.7000000000
15.7089210000 15.2875900000 12.7000000000
15.7089210000 15.2875900000 12.7000000000
15.7783890000 67.3457110000 12.7000000000
15.7783890000 67.3457110000 12.7000000000
15.7783890000 67.3457110000 12.7000000000
15.2463320000 15.7438660000 12.7000000000
15.2463320000 15.7438660000 12.7000000000
15.2463320000 15.7438660000 12.7000000000
15.2462410000 66.8063280000 12.7000000000
15.2462410000 66.8063280000 12.7000000000
15.2462410000 66.8063280000 12.7000000000
15.7784840000 15.2044410000 12.7000000000
15.7784840000 15.2044410000 12.7000000000
15.7784840000 15.2044410000 12.7000000000
15.1622340000 15.8122790000 12.7000000000
15.1622340000 15.8122790000 12.7000000000
15.1622340000 15.8122790000 12.7000000000
15.1621460000 66.7379150000 12.7000000000
15.1621460000 66.7379150000 12.7000000000
15.1621460000 66.7379150000 12.7000000000
15.8457490000 15.1194230000 12.7000000000
15.8457490000 15.1194230000 12.7000000000
15.8457490000 15.1194230000 12.7000000000
15.0763000000 15.8783690000 12.7000000000
15.0763000000 15.8783690000 12.7000000000
15.0763000000 15.8783690000 12.7000000000
15.0762130000 66.6718290000 12.7000000000
15.0762130000 66.6718290000 12.7000000000
15.0762130000 66.6718290000 12.7000000000
15.9106670000 15.0325990000 12.7000000000
15.9106670000 15.0325990000 12.7000000000
15.9106670000 15.0325990000 12.7000000000
14.9885920000 15.9420880000 12.7000000000
14.9885920000 15.9420880000 12.7000000000
14.9885920000 15.9420880000 12.7000000000
14.9885070000 66.6081160000 12.7000000000
14.9885070000 66.6081160000 12.7000000000
14.9885070000 66.6081160000 12.7000000000
15.9731890000 14.9440350000 12.7000000000
15.9731890000 14.9440350000 12.7000000000
15.9731890000 14.9440350000 12.7000000000
14.8991780000 16.0033870000 12.7000000000
14.8991780000 16.0033870000 12.7000000000
14.8991780000 16.0033870000 12.7000000000
14.8990950000 66.5468220000 12.7000000000
14.8990950000 66.5468220000 12.7000000000
14.8990950000 66.5468220000 12.7000000000
16.0332700000 14.8537960000 12.7000000000
16.0332700000 14.8537960000 12.7000000000
16.0332700000 14.8537960000 12.7000000000
14.8081210000 16.0622220000 12.7000000000
14.8081210000 16.0622220000 12.7000000000
14.8081210000 16.0622220000 12.7000000000
14.8080410000 66.4879910000 12.7000000000
14.8080410000 66.4879910000 12.7000000000
14.8080410000 66.4879910000 12.7000000000
16.0908620000 14.7619500000 12.7000000000
16.0908620000 14.7619500000 12.7000000000
16.0908620000 14.7619500000 12.7000000000
14.7154920000 16.1185470000 12.7000000000
14.7154920000 16.1185470000 12.7000000000
14.7154920000 16.1185470000 12.7000000000
14.7154140000 66.4316710000 12.7000000000
14.7154140000 66.4316710000 12.7000000000
14.7154140000 66.4316710000 12.7000000000
16.1459260000 14.6685650000 12.7000000000
16.1459260000 14.6685650000 12.7000000000
16.1459260000 14.6685650000 12.7000000000
14.6213590000 16.1723210000 12.7000000000
14.6213590000 16.1723210000 12.7000000000
14.6213590000 16.1723210000 12.7000000000
14.6212840000 66.3779070000 12.7000000000
14.6212840000 66.3779070000 12.7000000000
14.6212840000 66.3779070000 12.7000000000
16.1984180000 14.5737100000 12.7000000000
16.1984180000 14.5737100000 12.7000000000
16.1984180000 14.5737100000 12.7000000000
14.5257920000 16.2235050000 12.7000000000
14.5257920000 16.2235050000 12.7000000000
14.5257920000 16.2235050000 12.7000000000
14.5257200000 66.3267210000 12.7000000000
14.5257200000 66.3267210000 12.7000000000
14.5257200000 66.3267210000 12.7000000000
16.2482990000 14.4774580000 12.7000000000
16.2482990000 14.4774580000 12.7000000000
16.2482990000 14.4774580000 12.7000000000
14.4288640000 16.2720580000 12.7000000000
14.4288640000 16.2720580000 12.7000000000
14.4288640000 16.2720580000 12.7000000000
14.4287940000 66.2781750000 12.7000000000
14.4287940000 66.2781750000 12.7000000000
14.4287940000 66.2781750000 12.7000000000
16.2955320000 14.3798790000 12.7000000000
16.2955320000 14.3798790000 12.7000000000
16.2955320000 14.3798790000 12.7000000000
14.3306440000 16.3179470000 12.7000000000
14.3306440000 16.3179470000 12.7000000000
14.3306440000 16.3179470000 12.7000000000
14.3305790000 66.2322920000 12.7000000000
14.3305790000 66.2322920000 12.7000000000
14.3305790000 66.2322920000 12.7000000000
16.3400840000 14.2810460000 12.7000000000
16.3400840000 14.2810460000 12.7000000000
16.3400840000 14.2810460000 12.7000000000
14.2312090000 16.3611350000 12.7000000000
14.2312090000 16.3611350000 12.7000000000
14.2312090000 16.3611350000 12.7000000000
14.2311470000 66.1891020000 12.7000000000
14.2311470000 66.1891020000 12.7000000000
14.2311470000 66.1891020000 12.7000000000
16.3819180000 14.1810330000 12.7000000000
16.3819180000 14.1810330000 12.7000000000
16.3819180000 14.1810330000 12.7000000000
14.1306300000 16.4015920000 12.7000000000
14.1306300000 16.4015920000 12.7000000000
14.1306300000 16.4015920000 12.7000000000
14.1305710000 66.1486510000 12.7000000000
14.1305710000 66.1486510000 12.7000000000
14.1305710000 66.1486510000 12.7000000000
16.4210050000 14.0799150000 12.7000000000
16.4210050000 14.0799150000 12.7000000000
16.4210050000 14.0799150000 12.7000000000
14.0289840000 16.4392850000 12.7000000000
14.0289840000 16.4392850000 12.7000000000
14.0289840000 16.4392850000 12.7000000000
14.0289300000 66.1109620000 12.7000000000
14.0289300000 66.1109620000 12.7000000000
14.0289300000 66.1109620000 12.7000000000
16.4573170000 13.9777670000 12.7000000000
16.4573170000 13.9777670000 12.7000000000
16.4573170000 13.9777670000 12.7000000000
13.9263470000 16.4741900000 12.7000000000
13.9263470000 16.4741900000 12.7000000000
13.9263470000 16.4741900000 12.7000000000
13.9262960000 66.0760570000 12.7000000000
13.9262960000 66.0760570000 12.7000000000
13.9262960000 66.0760570000 12.7000000000
16.4908240000 13.8746650000 12.7000000000
16.4908240000 13.8746650000 12.7000000000
16.4908240000 13.8746650000 12.7000000000
13.8227950000 16.5062770000 12.7000000000
13.8227950000 16.5062770000 12.7000000000
13.8227950000 16.5062770000 12.7000000000
13.8227480000 66.0439760000 12.7000000000
13.8227480000 66.0439760000 12.7000000000
13.8227480000 66.0439760000 12.7000000000
16.5215030000 13.7706870000 12.7000000000
16.5215030000 13.7706870000 12.7000000000
16.5215030000 13.7706870000 12.7000000000
13.7184050000 16.5355240000 12.7000000000
13.7184050000 16.5355240000 12.7000000000
13.7184050000 16.5355240000 12.7000000000
13.7183620000 66.0147320000 12.7000000000
13.7183620000 66.0147320000 12.7000000000
13.7183620000 66.0147320000 12.7000000000
16.5493300000 13.6659100000 12.7000000000
16.5493300000 13.6659100000 12.7000000000
16.5493300000 13.6659100000 12.7000000000
13.6132550000 16.5619090000 12.7000000000
13.6132550000 16.5619090000 12.7000000000
13.6132550000 16.5619090000 12.7000000000
13.6132160000 65.9883500000 12.7000000000
13.6132160000 65.9883500000 12.7000000000
13.6132160000 65.9883500000 12.7000000000
16.5742860000 13.5604110000 12.7000000000
16.5742860000 13.5604110000 12.7000000000
16.5742860000 13.5604110000 12.7000000000
13.5074230000 16.5854110000 12.7000000000
13.5074230000 16.5854110000 12.7000000000
13.5074230000 16.5854110000 12.7000000000
13.5073890000 65.9648440000 12.7000000000
13.5073890000 65.9648440000 12.7000000000
13.5073890000 65.9648440000 12.7000000000
16.5963500000 13.4542700000 12.7000000000
16.5963500000 13.4542700000 12.7000000000
16.5963500000 13.4542700000 12.7000000000
13.4009900000 16.6060160000 12.7000000000
13.4009900000 16.6060160000 12.7000000000
13.4009900000 16.6060160000 12.7000000000
13.4009590000 65.9442440000 12.7000000000
13.4009590000 65.9442440000 12.7000000000
13.4009590000 65.9442440000 12.7000000000
16.6155070000 13.3475670000 12.7000000000
16.6155070000 13.3475670000 12.7000000000
16.6155070000 13.3475670000 12.7000000000
13.2940320000 16.6237050000 12.7000000000
13.2940320000 16.6237050000 12.7000000000
13.2940320000 16.6237050000 12.7000000000
13.2940070000 65.9265590000 12.7000000000
13.2940070000 65.9265590000 12.7000000000
13.2940070000 65.9265590000 12.7000000000
16.6317420000 13.2403790000 12.7000000000
16.6317420000 13.2403790000 12.7000000000
16.6317420000 13.2403790000 12.7000000000
13.1866320000 16.6384660000 12.7000000000
13.1866320000 16.6384660000 12.7000000000
13.1866320000 16.6384660000 12.7000000000
13.1866110000 65.9117970000 12.7000000000
13.1866110000 65.9117970000 12.7000000000
13.1866110000 65.9117970000 12.7000000000
16.6450440000 13.1327890000 12.7000000000
16.6450440000 13.1327890000 12.7000000000
16.6450440000 13.1327890000 12.7000000000
13.0788690000 16.6502880000 12.7000000000
13.0788690000 16.6502880000 12.7000000000
13.0788690000 16.6502880000 12.7000000000
13.0788530000 65.8999790000 12.7000000000
13.0788530000 65.8999790000 12.7000000000
13.0788530000 65.8999790000 12.7000000000
16.6554030000 13.0248750000 12.7000000000
16.6554030000 13.0248750000 12.7000000000
16.6554030000 13.0248750000 12.7000000000
12.9708220000 16.6591630000 12.7000000000
12.9708220000 16.6591630000 12.7000000000
12.9708220000 16.6591630000 12.7000000000
12.9708110000 65.8911060000 12.7000000000
12.9708110000 65.8911060000 12.7000000000
12.9708110000 65.8911060000 12.7000000000
16.6628090000 12.9167180000 12.7000000000
16.6628090000 12.9167180000 12.7000000000
16.6628090000 12.9167180000 12.7000000000
12.8625750000 16.6650810000 12.7000000000
12.8625750000 16.6650810000 12.7000000000
12.8625750000 16.6650810000 12.7000000000
12.8625670000 65.8851850000 12.7000000000
12.8625670000 65.8851850000 12.7000000000
12.8625670000 65.8851850000 12.7000000000
16.6672590000 12.8083990000 12.7000000000
16.6672590000 12.8083990000 12.7000000000
16.6672590000 12.8083990000 12.7000000000
12.7542050000 16.6680430000 12.7000000000
12.7542050000 16.6680430000 12.7000000000
12.7542050000 16.6680430000 12.7000000000
12.7542030000 65.8822250000 12.7000000000
12.7542030000 65.8822250000 12.7000000000
12.7542030000 65.8822250000 12.7000000000
16.6687510000 12.7000000000 12.7000000000
16.6687510000 12.7000000000 12.7000000000
16.6687510000 12.7000000000 12.7000000000
12.6457950000 16.6680430000 12.7000000000
12.6457950000 16.6680430000 12.7000000000
12.6457950000 16.6680430000 12.7000000000
12.5374330000 65.8851850000 12.7000000000
12.5374330000 65.8851850000 12.7000000000
12.5374330000 65.8851850000 12.7000000000
12.6457980000 65.8822250000 12.7000000000
12.6457980000 65.8822250000 12.7000000000
12.6457980000 65.8822250000 12.7000000000
16.6672690000 12.5915960000 12.7000000000
16.6672690000 12.5915960000 12.7000000000
16.6672690000 12.5915960000 12.7000000000
12.5374260000 16.6650810000 12.7000000000
12.5374260000 16.6650810000 12.7000000000
12.5374260000 16.6650810000 12.7000000000
12.4291890000 65.8911060000 12.7000000000
12.4291890000 65.8911060000 12.7000000000
12.4291890000 65.8911060000 12.7000000000
16.6628250000 12.4832720000 12.7000000000
16.6628250000 12.4832720000 12.7000000000
16.6628250000 12.4832720000 12.7000000000
12.4291770000 16.6591630000 12.7000000000
12.4291770000 16.6591630000 12.7000000000
12.4291770000 16.6591630000 12.7000000000
12.3211480000 65.8999790000 12.7000000000
12.3211480000 65.8999790000 12.7000000000
12.3211480000 65.8999790000 12.7000000000
16.6554260000 12.3751100000 12.7000000000
16.6554260000 12.3751100000 12.7000000000
16.6554260000 12.3751100000 12.7000000000
12.3211320000 16.6502880000 12.7000000000
12.3211320000 16.6502880000 12.7000000000
12.3211320000 16.6502880000 12.7000000000
12.2133880000 65.9117970000 12.7000000000
12.2133880000 65.9117970000 12.7000000000
12.2133880000 65.9117970000 12.7000000000
16.6450750000 12.2671900000 12.7000000000
16.6450750000 12.2671900000 12.7000000000
16.6450750000 12.2671900000 12.7000000000
12.2133680000 16.6384660000 12.7000000000
12.2133680000 16.6384660000 12.7000000000
12.2133680000 16.6384660000 12.7000000000
12.1059930000 65.9265590000 12.7000000000
12.1059930000 65.9265590000 12.7000000000
12.1059930000 65.9265590000 12.7000000000
16.6317790000 12.1595940000 12.7000000000
16.6317790000 12.1595940000 12.7000000000
16.6317790000 12.1595940000 12.7000000000
12.1059680000 16.6237050000 12.7000000000
12.1059680000 16.6237050000 12.7000000000
12.1059680000 16.6237050000 12.7000000000
11.9990410000 65.9442440000 12.7000000000
11.9990410000 65.9442440000 12.7000000000
11.9990410000 65.9442440000 12.7000000000
16.6155490000 12.0524010000 12.7000000000
16.6155490000 12.0524010000 12.7000000000
16.6155490000 12.0524010000 12.7000000000
11.9990110000 16.6060160000 12.7000000000
11.9990110000 16.6060160000 12.7000000000
11.9990110000 16.6060160000 12.7000000000
11.8926110000 65.9648440000 12.7000000000
11.8926110000 65.9648440000 12.7000000000
11.8926110000 65.9648440000 12.7000000000
16.5963970000 11.9456900000 12.7000000000
16.5963970000 11.9456900000 12.7000000000
16.5963970000 11.9456900000 12.7000000000
11.8925770000 16.5854110000 12.7000000000
11.8925770000 16.5854110000 12.7000000000
11.8925770000 16.5854110000 12.7000000000
11.7867840000 65.9883500000 12.7000000000
11.7867840000 65.9883500000 12.7000000000
11.7867840000 65.9883500000 12.7000000000
16.5743390000 11.8395430000 12.7000000000
16.5743390000 11.8395430000 12.7000000000
16.5743390000 11.8395430000 12.7000000000
11.7867450000 16.5619090000 12.7000000000
11.7867450000 16.5619090000 12.7000000000
11.7867450000 16.5619090000 12.7000000000
11.6816380000 66.0147320000 12.7000000000
11.6816380000 66.0147320000 12.7000000000
11.6816380000 66.0147320000 12.7000000000
16.5493890000 11.7340380000 12.7000000000
16.5493890000 11.7340380000 12.7000000000
16.5493890000 11.7340380000 12.7000000000
11.6815960000 16.5355240000 12.7000000000
11.6815960000 16.5355240000 12.7000000000
11.6815960000 16.5355240000 12.7000000000
11.5772520000 66.0439760000 12.7000000000
11.5772520000 66.0439760000 12.7000000000
11.5772520000 66.0439760000 12.7000000000
16.5215660000 11.6292540000 12.7000000000
16.5215660000 11.6292540000 12.7000000000
16.5215660000 11.6292540000 12.7000000000
11.5772060000 16.5062770000 12.7000000000
11.5772060000 16.5062770000 12.7000000000
11.5772060000 16.5062770000 12.7000000000
11.4737030000 66.0760570000 12.7000000000
11.4737030000 66.0760570000 12.7000000000
11.4737030000 66.0760570000 12.7000000000
16.4908920000 11.5252700000 12.7000000000
16.4908920000 11.5252700000 12.7000000000
16.4908920000 11.5252700000 12.7000000000
11.4736530000 16.4741900000 12.7000000000
11.4736530000 16.4741900000 12.7000000000
11.4736530000 16.4741900000 12.7000000000
11.3710700000 66.1109620000 12.7000000000
11.3710700000 66.1109620000 12.7000000000
11.3710700000 66.1109620000 12.7000000000
16.4573900000 11.4221610000 12.7000000000
16.4573900000 11.4221610000 12.7000000000
16.4573900000 11.4221610000 12.7000000000
11.3710160000 16.4392850000 12.7000000000
11.3710160000 16.4392850000 12.7000000000
11.3710160000 16.4392850000 12.7000000000
11.2694280000 66.1486510000 12.7000000000
11.2694280000 66.1486510000 12.7000000000
11.2694280000 66.1486510000 12.7000000000
16.4210830000 11.3200060000 12.7000000000
16.4210830000 11.3200060000 12.7000000000
16.4210830000 11.3200060000 12.7000000000
11.2693700000 16.4015920000 12.7000000000
11.2693700000 16.4015920000 12.7000000000
11.2693700000 16.4015920000 12.7000000000
11.1688540000 66.1891020000 12.7000000000
11.1688540000 66.1891020000 12.7000000000
11.1688540000 66.1891020000 12.7000000000
16.3819980000 11.2188820000 12.7000000000
16.3819980000 11.2188820000 12.7000000000
16.3819980000 11.2188820000 12.7000000000
11.1687920000 16.3611350000 12.7000000000
11.1687920000 16.3611350000 12.7000000000
11.1687920000 16.3611350000 12.7000000000
11.0694220000 66.2322920000 12.7000000000
11.0694220000 66.2322920000 12.7000000000
11.0694220000 66.2322920000 12.7000000000
16.3401680000 11.1188620000 12.7000000000
16.3401680000 11.1188620000 12.7000000000
16.3401680000 11.1188620000 12.7000000000
11.0693560000 16.3179470000 12.7000000000
11.0693560000 16.3179470000 12.7000000000
11.0693560000 16.3179470000 12.7000000000
10.9712060000 66.2781750000 12.7000000000
10.9712060000 66.2781750000 12.7000000000
10.9712060000 66.2781750000 12.7000000000
16.2956200000 11.0200220000 12.7000000000
16.2956200000 11.0200220000 12.7000000000
16.2956200000 11.0200220000 12.7000000000
10.9711370000 16.2720580000 12.7000000000
10.9711370000 16.2720580000 12.7000000000
10.9711370000 16.2720580000 12.7000000000
10.8742800000 66.3267210000 12.7000000000
10.8742800000 66.3267210000 12.7000000000
10.8742800000 66.3267210000 12.7000000000
16.2483880000 10.9224360000 12.7000000000
16.2483880000 10.9224360000 12.7000000000
16.2483880000 10.9224360000 12.7000000000
10.8742070000 16.2235050000 12.7000000000
10.8742070000 16.2235050000 12.7000000000
10.8742070000 16.2235050000 12.7000000000
16.1985110000 10.8261770000 12.7000000000
16.1985110000 10.8261770000 12.7000000000
16.1985110000 10.8261770000 12.7000000000
10.7786420000 16.1723210000 12.7000000000
10.7786420000 16.1723210000 12.7000000000
10.7786420000 16.1723210000 12.7000000000
16.1460210000 10.7313160000 12.7000000000
16.1460210000 10.7313160000 12.7000000000
16.1460210000 10.7313160000 12.7000000000
16.0909600000 10.6379230000 12.7000000000
16.0909600000 10.6379230000 12.7000000000
16.0909600000 10.6379230000 12.7000000000
16.0333690000 10.5460700000 12.7000000000
16.0333690000 10.5460700000 12.7000000000
16.0333690000 10.5460700000 12.7000000000
15.9732890000 10.4558240000 12.7000000000
15.9732890000 10.4558240000 12.7000000000
15.9732890000 10.4558240000 12.7000000000
15.9107690000 10.3672530000 12.7000000000
15.9107690000 10.3672530000 12.7000000000
15.9107690000 10.3672530000 12.7000000000
15.8458510000 10.2804230000 12.7000000000
15.8458510000 10.2804230000 12.7000000000
15.8458510000 10.2804230000 12.7000000000
15.7785860000 10.1953980000 12.7000000000
15.7785860000 10.1953980000 12.7000000000
15.7785860000 10.1953980000 12.7000000000
15.7090240000 10.1122420000 12.7000000000
15.7090240000 10.1122420000 12.7000000000
15.7090240000 10.1122420000 12.7000000000
10.6845080000 16.1185470000 12.7000000000
10.6845080000 16.1185470000 12.7000000000
10.6845080000 16.1185470000 12.7000000000
10.5918790000 16.0622220000 12.7000000000
10.5918790000 16.0622220000 12.7000000000
10.5918790000 16.0622220000 12.7000000000
10.5008230000 16.0033870000 12.7000000000
10.5008230000 16.0033870000 12.7000000000
10.5008230000 16.0033870000 12.7000000000
10.4114070000 15.9420880000 12.7000000000
10.4114070000 15.9420880000 12.7000000000
10.4114070000 15.9420880000 12.7000000000
10.3237000000 15.8783690000 12.7000000000
10.3237000000 15.8783690000 12.7000000000
10.3237000000 15.8783690000 12.7000000000
10.2377650000 15.8122790000 12.7000000000
10.2377650000 15.8122790000 12.7000000000
10.2377650000 15.8122790000 12.7000000000
10.1536680000 15.7438660000 12.7000000000
10.1536680000 15.7438660000 12.7000000000
10.1536680000 15.7438660000 12.7000000000
10.0714710000 15.6731820000 12.7000000000
10.0714710000 15.6731820000 12.7000000000
10.0714710000 15.6731820000 12.7000000000
9.9912350000 15.6002780000 12.7000000000
9.9912350000 15.6002780000 12.7000000000
9.9912350000 15.6002780000 12.7000000000
9.9130200000 15.5252100000 12.7000000000
9.9130200000 15.5252100000 12.7000000000
9.9130200000 15.5252100000 12.7000000000
9.8368840000 15.4480350000 12.7000000000
9.8368840000 15.4480350000 12.7000000000
9.8368840000 15.4480350000 12.7000000000
9.7628860000 15.3688090000 12.7000000000
9.7628860000 15.3688090000 12.7000000000
9.7628860000 15.3688090000 12.7000000000
9.6910780000 15.2875900000 12.7000000000
9.6910780000 15.2875900000 12.7000000000
9.6910780000 15.2875900000 12.7000000000
9.6215160000 15.2044410000 12.7000000000
9.6215160000 15.2044410000 12.7000000000
9.6215160000 15.2044410000 12.7000000000
9.5542510000 15.1194230000 12.7000000000
9.5542510000 15.1194230000 12.7000000000
9.5542510000 15.1194230000 12.7000000000
9.4893320000 15.0325990000 12.7000000000
9.4893320000 15.0325990000 12.7000000000
9.4893320000 15.0325990000 12.7000000000
9.4268100000 14.9440350000 12.7000000000
9.4268100000 14.9440350000 12.7000000000
9.4268100000 14.9440350000 12.7000000000
9.3667300000 14.8537960000 12.7000000000
9.3667300000 14.8537960000 12.7000000000
9.3667300000 14.8537960000 12.7000000000
9.3091370000 14.7619500000 12.7000000000
9.3091370000 14.7619500000 12.7000000000
9.3091370000 14.7619500000 12.7000000000
9.2540740000 14.6685650000 12.7000000000
9.2540740000 14.6685650000 12.7000000000
9.2540740000 14.6685650000 12.7000000000
9.2015830000 14.5737100000 12.7000000000
9.2015830000 14.5737100000 12.7000000000
9.2015830000 14.5737100000 12.7000000000
9.1517010000 14.4774580000 12.7000000000
9.1517010000 14.4774580000 12.7000000000
9.1517010000 14.4774580000 12.7000000000
9.1044670000 14.3798790000 12.7000000000
9.1044670000 14.3798790000 12.7000000000
9.1044670000 14.3798790000 12.7000000000
9.0599160000 14.2810460000 12.7000000000
9.0599160000 14.2810460000 12.7000000000
9.0599160000 14.2810460000 12.7000000000
9.0180820000 14.1810330000 12.7000000000
9.0180820000 14.1810330000 12.7000000000
9.0180820000 14.1810330000 12.7000000000
8.9789940000 14.0799150000 12.7000000000
8.9789940000 14.0799150000 12.7000000000
8.9789940000 14.0799150000 12.7000000000
8.9426830000 13.9777670000 12.7000000000
8.9426830000 13.9777670000 12.7000000000
8.9426830000 13.9777670000 12.7000000000
8.9091760000 13.8746650000 12.7000000000
8.9091760000 13.8746650000 12.7000000000
8.9091760000 13.8746650000 12.7000000000
8.8784970000 13.7706870000 12.7000000000
8.8784970000 13.7706870000 12.7000000000
8.8784970000 13.7706870000 12.7000000000
8.8506700000 13.6659100000 12.7000000000
8.8506700000 13.6659100000 12.7000000000
8.8506700000 13.6659100000 12.7000000000
8.8257140000 13.5604110000 12.7000000000
8.8257140000 13.5604110000 12.7000000000
8.8257140000 13.5604110000 12.7000000000
8.8036500000 13.4542700000 12.7000000000
8.8036500000 13.4542700000 12.7000000000
8.8036500000 13.4542700000 12.7000000000
8.7844920000 13.3475670000 12.7000000000
8.7844920000 13.3475670000 12.7000000000
8.7844920000 13.3475670000 12.7000000000
8.7682570000 13.2403790000 12.7000000000
8.7682570000 13.2403790000 12.7000000000
8.7682570000 13.2403790000 12.7000000000
8.7549550000 13.1327890000 12.7000000000
8.7549550000 13.1327890000 12.7000000000
8.7549550000 13.1327890000 12.7000000000
8.7445960000 13.0248750000 12.7000000000
8.7445960000 13.0248750000 12.7000000000
8.7445960000 13.0248750000 12.7000000000
8.7371900000 12.9167180000 12.7000000000
8.7371900000 12.9167180000 12.7000000000
8.7371900000 12.9167180000 12.7000000000
8.7327390000 12.8083990000 12.7000000000
8.7327390000 12.8083990000 12.7000000000
8.7327390000 12.8083990000 12.7000000000
8.7312500000 12.7000000000 12.7000000000
8.7312500000 12.7000000000 12.7000000000
8.7312500000 12.7000000000 12.7000000000
12.6457930000 8.7316700000 12.7000000000
12.6457930000 8.7316700000 12.7000000000
12.6457930000 8.7316700000 12.7000000000
12.7542080000 8.7316700000 12.7000000000
12.7542080000 8.7316700000 12.7000000000
12.7542080000 8.7316700000 12.7000000000
12.8625820000 8.7346320000 12.7000000000
12.8625820000 8.7346320000 12.7000000000
12.8625820000 8.7346320000 12.7000000000
12.9708350000 8.7405520000 12.7000000000
12.9708350000 8.7405520000 12.7000000000
12.9708350000 8.7405520000 12.7000000000
13.0788860000 8.7494270000 12.7000000000
13.0788860000 8.7494270000 12.7000000000
13.0788860000 8.7494270000 12.7000000000
13.1866540000 8.7612500000 12.7000000000
13.1866540000 8.7612500000 12.7000000000
13.1866540000 8.7612500000 12.7000000000
13.2940590000 8.7760120000 12.7000000000
13.2940590000 8.7760120000 12.7000000000
13.2940590000 8.7760120000 12.7000000000
13.4010210000 8.7937030000 12.7000000000
13.4010210000 8.7937030000 12.7000000000
13.4010210000 8.7937030000 12.7000000000
13.5074600000 8.8143090000 12.7000000000
13.5074600000 8.8143090000 12.7000000000
13.5074600000 8.8143090000 12.7000000000
13.6132960000 8.8378140000 12.7000000000
13.6132960000 8.8378140000 12.7000000000
13.6132960000 8.8378140000 12.7000000000
13.7184510000 8.8642020000 12.7000000000
13.7184510000 8.8642020000 12.7000000000
13.7184510000 8.8642020000 12.7000000000
13.8228450000 8.8934510000 12.7000000000
13.8228450000 8.8934510000 12.7000000000
13.8228450000 8.8934510000 12.7000000000
13.9264020000 8.9255420000 12.7000000000
13.9264020000 8.9255420000 12.7000000000
13.9264020000 8.9255420000 12.7000000000
14.0290430000 8.9604480000 12.7000000000
14.0290430000 8.9604480000 12.7000000000
14.0290430000 8.9604480000 12.7000000000
14.1306920000 8.9981460000 12.7000000000
14.1306920000 8.9981460000 12.7000000000
14.1306920000 8.9981460000 12.7000000000
14.2312760000 9.0386060000 12.7000000000
14.2312760000 9.0386060000 12.7000000000
14.2312760000 9.0386060000 12.7000000000
14.3307140000 9.0817990000 12.7000000000
14.3307140000 9.0817990000 12.7000000000
14.3307140000 9.0817990000 12.7000000000
14.4289370000 9.1276900000 12.7000000000
14.4289370000 9.1276900000 12.7000000000
14.4289370000 9.1276900000 12.7000000000
14.5258690000 9.1762490000 12.7000000000
14.5258690000 9.1762490000 12.7000000000
14.5258690000 9.1762490000 12.7000000000
14.6214400000 9.2274360000 12.7000000000
14.6214400000 9.2274360000 12.7000000000
14.6214400000 9.2274360000 12.7000000000
14.7155750000 9.2812160000 12.7000000000
14.7155750000 9.2812160000 12.7000000000
14.7155750000 9.2812160000 12.7000000000
14.8082080000 9.3375450000 12.7000000000
14.8082080000 9.3375450000 12.7000000000
14.8082080000 9.3375450000 12.7000000000
14.8992660000 9.3963850000 12.7000000000
14.8992660000 9.3963850000 12.7000000000
14.8992660000 9.3963850000 12.7000000000
14.9886840000 9.4576890000 12.7000000000
14.9886840000 9.4576890000 12.7000000000
14.9886840000 9.4576890000 12.7000000000
15.0763940000 9.5214140000 12.7000000000
15.0763940000 9.5214140000 12.7000000000
15.0763940000 9.5214140000 12.7000000000
15.1623310000 9.5875100000 12.7000000000
15.1623310000 9.5875100000 12.7000000000
15.1623310000 9.5875100000 12.7000000000
15.2464290000 9.6559290000 12.7000000000
15.2464290000 9.6559290000 12.7000000000
15.2464290000 9.6559290000 12.7000000000
15.3286280000 9.7266200000 12.7000000000
15.3286280000 9.7266200000 12.7000000000
15.3286280000 9.7266200000 12.7000000000
15.4088650000 9.7995280000 12.7000000000
15.4088650000 9.7995280000 12.7000000000
15.4088650000 9.7995280000 12.7000000000
15.4870820000 9.8746020000 12.7000000000
15.4870820000 9.8746020000 12.7000000000
15.4870820000 9.8746020000 12.7000000000
15.5632170000 9.9517840000 12.7000000000
15.5632170000 9.9517840000 12.7000000000
15.5632170000 9.9517840000 12.7000000000
15.6372170000 10.0310170000 12.7000000000
15.6372170000 10.0310170000 12.7000000000
15.6372170000 10.0310170000 12.7000000000
8.7327320000 12.5915960000 12.7000000000
8.7327320000 12.5915960000 12.7000000000
8.7327320000 12.5915960000 12.7000000000
12.5374180000 8.7346320000 12.7000000000
12.5374180000 8.7346320000 12.7000000000
12.5374180000 8.7346320000 12.7000000000
8.7371750000 12.4832720000 12.7000000000
8.7371750000 12.4832720000 12.7000000000
8.7371750000 12.4832720000 12.7000000000
12.4291650000 8.7405520000 12.7000000000
12.4291650000 8.7405520000 12.7000000000
12.4291650000 8.7405520000 12.7000000000
8.7445750000 12.3751100000 12.7000000000
8.7445750000 12.3751100000 12.7000000000
8.7445750000 12.3751100000 12.7000000000
12.3211150000 8.7494270000 12.7000000000
12.3211150000 8.7494270000 12.7000000000
12.3211150000 8.7494270000 12.7000000000
8.7549260000 12.2671900000 12.7000000000
8.7549260000 12.2671900000 12.7000000000
8.7549260000 12.2671900000 12.7000000000
12.2133460000 8.7612500000 12.7000000000
12.2133460000 8.7612500000 12.7000000000
12.2133460000 8.7612500000 12.7000000000
8.7682220000 12.1595940000 12.7000000000
8.7682220000 12.1595940000 12.7000000000
8.7682220000 12.1595940000 12.7000000000
12.1059410000 8.7760120000 12.7000000000
12.1059410000 8.7760120000 12.7000000000
12.1059410000 8.7760120000 12.7000000000
8.7844510000 12.0524010000 12.7000000000
8.7844510000 12.0524010000 12.7000000000
8.7844510000 12.0524010000 12.7000000000
11.9989790000 8.7937030000 12.7000000000
11.9989790000 8.7937030000 12.7000000000
11.9989790000 8.7937030000 12.7000000000
8.8036020000 11.9456900000 12.7000000000
8.8036020000 11.9456900000 12.7000000000
8.8036020000 11.9456900000 12.7000000000
11.8925400000 8.8143090000 12.7000000000
11.8925400000 8.8143090000 12.7000000000
11.8925400000 8.8143090000 12.7000000000
8.8256610000 11.8395430000 12.7000000000
8.8256610000 11.8395430000 12.7000000000
8.8256610000 11.8395430000 12.7000000000
11.7867040000 8.8378140000 12.7000000000
11.7867040000 8.8378140000 12.7000000000
11.7867040000 8.8378140000 12.7000000000
8.8506110000 11.7340380000 12.7000000000
8.8506110000 11.7340380000 12.7000000000
8.8506110000 11.7340380000 12.7000000000
11.6815500000 8.8642020000 12.7000000000
11.6815500000 8.8642020000 12.7000000000
11.6815500000 8.8642020000 12.7000000000
8.8784330000 11.6292540000 12.7000000000
8.8784330000 11.6292540000 12.7000000000
8.8784330000 11.6292540000 12.7000000000
11.5771550000 8.8934510000 12.7000000000
11.5771550000 8.8934510000 12.7000000000
11.5771550000 8.8934510000 12.7000000000
8.9091070000 11.5252700000 12.7000000000
8.9091070000 11.5252700000 12.7000000000
8.9091070000 11.5252700000 12.7000000000
11.4735980000 8.9255420000 12.7000000000
11.4735980000 8.9255420000 12.7000000000
11.4735980000 8.9255420000 12.7000000000
8.9426110000 11.4221610000 12.7000000000
8.9426110000 11.4221610000 12.7000000000
8.9426110000 11.4221610000 12.7000000000
11.3709560000 8.9604480000 12.7000000000
11.3709560000 8.9604480000 12.7000000000
11.3709560000 8.9604480000 12.7000000000
8.9789170000 11.3200060000 12.7000000000
8.9789170000 11.3200060000 12.7000000000
8.9789170000 11.3200060000 12.7000000000
11.2693070000 8.9981460000 12.7000000000
11.2693070000 8.9981460000 12.7000000000
11.2693070000 8.9981460000 12.7000000000
9.0180020000 11.2188820000 12.7000000000
9.0180020000 11.2188820000 12.7000000000
9.0180020000 11.2188820000 12.7000000000
11.1687250000 9.0386060000 12.7000000000
11.1687250000 9.0386060000 12.7000000000
11.1687250000 9.0386060000 12.7000000000
9.0598330000 11.1188620000 12.7000000000
9.0598330000 11.1188620000 12.7000000000
9.0598330000 11.1188620000 12.7000000000
11.0692850000 9.0817990000 12.7000000000
11.0692850000 9.0817990000 12.7000000000
11.0692850000 9.0817990000 12.7000000000
9.1043800000 11.0200220000 12.7000000000
9.1043800000 11.0200220000 12.7000000000
9.1043800000 11.0200220000 12.7000000000
10.9710630000 9.1276900000 12.7000000000
10.9710630000 9.1276900000 12.7000000000
10.9710630000 9.1276900000 12.7000000000
9.1516110000 10.9224360000 12.7000000000
9.1516110000 10.9224360000 12.7000000000
9.1516110000 10.9224360000 12.7000000000
10.8741300000 9.1762490000 12.7000000000
10.8741300000 9.1762490000 12.7000000000
10.8741300000 9.1762490000 12.7000000000
9.2014890000 10.8261770000 12.7000000000
9.2014890000 10.8261770000 12.7000000000
9.2014890000 10.8261770000 12.7000000000
10.7785610000 9.2274360000 12.7000000000
10.7785610000 9.2274360000 12.7000000000
10.7785610000 9.2274360000 12.7000000000
9.2539790000 10.7313160000 12.7000000000
9.2539790000 10.7313160000 12.7000000000
9.2539790000 10.7313160000 12.7000000000
10.6844240000 9.2812160000 12.7000000000
10.6844240000 9.2812160000 12.7000000000
10.6844240000 9.2812160000 12.7000000000
9.3090400000 10.6379230000 12.7000000000
9.3090400000 10.6379230000 12.7000000000
9.3090400000 10.6379230000 12.7000000000
10.5917920000 9.3375450000 12.7000000000
10.5917920000 9.3375450000 12.7000000000
10.5917920000 9.3375450000 12.7000000000
9.3666320000 10.5460700000 12.7000000000
9.3666320000 10.5460700000 12.7000000000
9.3666320000 10.5460700000 12.7000000000
10.5007330000 9.3963850000 12.7000000000
10.5007330000 9.3963850000 12.7000000000
10.5007330000 9.3963850000 12.7000000000
9.4267100000 10.4558240000 12.7000000000
9.4267100000 10.4558240000 12.7000000000
9.4267100000 10.4558240000 12.7000000000
10.4113160000 9.4576890000 12.7000000000
10.4113160000 9.4576890000 12.7000000000
10.4113160000 9.4576890000 12.7000000000
9.4892310000 10.3672530000 12.7000000000
9.4892310000 10.3672530000 12.7000000000
9.4892310000 10.3672530000 12.7000000000
10.3236060000 9.5214140000 12.7000000000
10.3236060000 9.5214140000 12.7000000000
10.3236060000 9.5214140000 12.7000000000
9.5541490000 10.2804230000 12.7000000000
9.5541490000 10.2804230000 12.7000000000
9.5541490000 10.2804230000 12.7000000000
10.2376700000 9.5875100000 12.7000000000
10.2376700000 9.5875100000 12.7000000000
10.2376700000 9.5875100000 12.7000000000
9.6214130000 10.1953980000 12.7000000000
9.6214130000 10.1953980000 12.7000000000
9.6214130000 10.1953980000 12.7000000000
10.1535710000 9.6559290000 12.7000000000
10.1535710000 9.6559290000 12.7000000000
10.1535710000 9.6559290000 12.7000000000
9.6909760000 10.1122420000 12.7000000000
9.6909760000 10.1122420000 12.7000000000
9.6909760000 10.1122420000 12.7000000000
10.0713720000 9.7266200000 12.7000000000
10.0713720000 9.7266200000 12.7000000000
10.0713720000 9.7266200000 12.7000000000
9.7627830000 10.0310170000 12.7000000000
9.7627830000 10.0310170000 12.7000000000
9.7627830000 10.0310170000 12.7000000000
9.9911350000 9.7995280000 12.7000000000
9.9911350000 9.7995280000 12.7000000000
9.9911350000 9.7995280000 12.7000000000
9.8367820000 9.9517840000 12.7000000000
9.8367820000 9.9517840000 12.7000000000
9.8367820000 9.9517840000 12.7000000000
9.9129190000 9.8746020000 12.7000000000
9.9129190000 9.8746020000 12.7000000000
9.9129190000 9.8746020000 12.7000000000
9.9129170000 15.5254000000 23.3680000000
9.9129170000 15.5254000000 23.3680000000
9.9129170000 15.5254000000 23.3680000000
9.8367820000 15.4482180000 23.3680000000
9.8367820000 15.4482180000 23.3680000000
9.8367820000 15.4482180000 23.3680000000
9.9911340000 15.6004740000 23.3680000000
9.9911340000 15.6004740000 23.3680000000
9.9911340000 15.6004740000 23.3680000000
9.7627820000 15.3689850000 23.3680000000
9.7627820000 15.3689850000 23.3680000000
9.7627820000 15.3689850000 23.3680000000
10.0713700000 15.6733840000 23.3680000000
10.0713700000 15.6733840000 23.3680000000
10.0713700000 15.6733840000 23.3680000000
9.6909740000 15.2877610000 23.3680000000
9.6909740000 15.2877610000 23.3680000000
9.6909740000 15.2877610000 23.3680000000
10.1535690000 15.7440740000 23.3680000000
10.1535690000 15.7440740000 23.3680000000
10.1535690000 15.7440740000 23.3680000000
9.6214120000 15.2046040000 23.3680000000
9.6214120000 15.2046040000 23.3680000000
9.6214120000 15.2046040000 23.3680000000
10.2376680000 15.8124930000 23.3680000000
10.2376680000 15.8124930000 23.3680000000
10.2376680000 15.8124930000 23.3680000000
9.5541480000 15.1195790000 23.3680000000
9.5541480000 15.1195790000 23.3680000000
9.5541480000 15.1195790000 23.3680000000
10.3236050000 15.8785900000 23.3680000000
10.3236050000 15.8785900000 23.3680000000
10.3236050000 15.8785900000 23.3680000000
9.4892300000 15.0327490000 23.3680000000
9.4892300000 15.0327490000 23.3680000000
9.4892300000 15.0327490000 23.3680000000
10.4113150000 15.9423140000 23.3680000000
10.4113150000 15.9423140000 23.3680000000
10.4113150000 15.9423140000 23.3680000000
9.4267080000 14.9441780000 23.3680000000
9.4267080000 14.9441780000 23.3680000000
9.4267080000 14.9441780000 23.3680000000
10.5007320000 16.0036180000 23.3680000000
10.5007320000 16.0036180000 23.3680000000
10.5007320000 16.0036180000 23.3680000000
9.3666300000 14.8539310000 23.3680000000
9.3666300000 14.8539310000 23.3680000000
9.3666300000 14.8539310000 23.3680000000
10.5917910000 16.0624580000 23.3680000000
10.5917910000 16.0624580000 23.3680000000
10.5917910000 16.0624580000 23.3680000000
9.3090380000 14.7620780000 23.3680000000
9.3090380000 14.7620780000 23.3680000000
9.3090380000 14.7620780000 23.3680000000
10.6844230000 16.1187880000 23.3680000000
10.6844230000 16.1187880000 23.3680000000
10.6844230000 16.1187880000 23.3680000000
9.2539780000 14.6686860000 23.3680000000
9.2539780000 14.6686860000 23.3680000000
9.2539780000 14.6686860000 23.3680000000
10.7785600000 16.1725670000 23.3680000000
10.7785600000 16.1725670000 23.3680000000
10.7785600000 16.1725670000 23.3680000000
9.2014880000 14.5738250000 23.3680000000
9.2014880000 14.5738250000 23.3680000000
9.2014880000 14.5738250000 23.3680000000
10.8741290000 16.2237550000 23.3680000000
10.8741290000 16.2237550000 23.3680000000
10.8741290000 16.2237550000 23.3680000000
9.1516090000 14.4775660000 23.3680000000
9.1516090000 14.4775660000 23.3680000000
9.1516090000 14.4775660000 23.3680000000
10.9710620000 16.2723120000 23.3680000000
10.9710620000 16.2723120000 23.3680000000
10.9710620000 16.2723120000 23.3680000000
9.1043790000 14.3799790000 23.3680000000
9.1043790000 14.3799790000 23.3680000000
9.1043790000 14.3799790000 23.3680000000
11.0692840000 16.3182050000 23.3680000000
11.0692840000 16.3182050000 23.3680000000
11.0692840000 16.3182050000 23.3680000000
9.0598320000 14.2811390000 23.3680000000
9.0598320000 14.2811390000 23.3680000000
9.0598320000 14.2811390000 23.3680000000
11.1687240000 16.3613990000 23.3680000000
11.1687240000 16.3613990000 23.3680000000
11.1687240000 16.3613990000 23.3680000000
9.0180000000 14.1811200000 23.3680000000
9.0180000000 14.1811200000 23.3680000000
9.0180000000 14.1811200000 23.3680000000
11.2693060000 16.4018570000 23.3680000000
11.2693060000 16.4018570000 23.3680000000
11.2693060000 16.4018570000 23.3680000000
8.9789160000 14.0799950000 23.3680000000
8.9789160000 14.0799950000 23.3680000000
8.9789160000 14.0799950000 23.3680000000
11.3709560000 16.4395560000 23.3680000000
11.3709560000 16.4395560000 23.3680000000
11.3709560000 16.4395560000 23.3680000000
8.9426100000 13.9778400000 23.3680000000
8.9426100000 13.9778400000 23.3680000000
8.9426100000 13.9778400000 23.3680000000
11.4735980000 16.4744630000 23.3680000000
11.4735980000 16.4744630000 23.3680000000
11.4735980000 16.4744630000 23.3680000000
8.9091060000 13.8747320000 23.3680000000
8.9091060000 13.8747320000 23.3680000000
8.9091060000 13.8747320000 23.3680000000
11.5771540000 16.5065540000 23.3680000000
11.5771540000 16.5065540000 23.3680000000
11.5771540000 16.5065540000 23.3680000000
8.8784320000 13.7707460000 23.3680000000
8.8784320000 13.7707460000 23.3680000000
8.8784320000 13.7707460000 23.3680000000
11.6815490000 16.5358030000 23.3680000000
11.6815490000 16.5358030000 23.3680000000
11.6815490000 16.5358030000 23.3680000000
8.8506100000 13.6659620000 23.3680000000
8.8506100000 13.6659620000 23.3680000000
8.8506100000 13.6659620000 23.3680000000
11.7867040000 16.5621890000 23.3680000000
11.7867040000 16.5621890000 23.3680000000
11.7867040000 16.5621890000 23.3680000000
8.8256600000 13.5604570000 23.3680000000
8.8256600000 13.5604570000 23.3680000000
8.8256600000 13.5604570000 23.3680000000
11.8925400000 16.5856950000 23.3680000000
11.8925400000 16.5856950000 23.3680000000
11.8925400000 16.5856950000 23.3680000000
8.8036010000 13.4543100000 23.3680000000
8.8036010000 13.4543100000 23.3680000000
8.8036010000 13.4543100000 23.3680000000
11.9989790000 16.6063000000 23.3680000000
11.9989790000 16.6063000000 23.3680000000
11.9989790000 16.6063000000 23.3680000000
8.7844510000 13.3476000000 23.3680000000
8.7844510000 13.3476000000 23.3680000000
8.7844510000 13.3476000000 23.3680000000
12.1059410000 16.6239910000 23.3680000000
12.1059410000 16.6239910000 23.3680000000
12.1059410000 16.6239910000 23.3680000000
8.7682210000 13.2404070000 23.3680000000
8.7682210000 13.2404070000 23.3680000000
8.7682210000 13.2404070000 23.3680000000
12.2133460000 16.6387540000 23.3680000000
12.2133460000 16.6387540000 23.3680000000
12.2133460000 16.6387540000 23.3680000000
8.7549260000 13.1328110000 23.3680000000
8.7549260000 13.1328110000 23.3680000000
8.7549260000 13.1328110000 23.3680000000
12.3211140000 16.6505780000 23.3680000000
12.3211140000 16.6505780000 23.3680000000
12.3211140000 16.6505780000 23.3680000000
8.7445750000 13.0248910000 23.3680000000
8.7445750000 13.0248910000 23.3680000000
8.7445750000 13.0248910000 23.3680000000
12.4291650000 16.6594520000 23.3680000000
12.4291650000 16.6594520000 23.3680000000
12.4291650000 16.6594520000 23.3680000000
8.7371750000 12.9167290000 23.3680000000
8.7371750000 12.9167290000 23.3680000000
8.7371750000 12.9167290000 23.3680000000
12.5374180000 16.6653730000 23.3680000000
12.5374180000 16.6653730000 23.3680000000
12.5374180000 16.6653730000 23.3680000000
8.7327320000 12.8084050000 23.3680000000
8.7327320000 12.8084050000 23.3680000000
8.7327320000 12.8084050000 23.3680000000
12.6457930000 16.6683330000 23.3680000000
12.6457930000 16.6683330000 23.3680000000
12.6457930000 16.6683330000 23.3680000000
8.7312500000 12.7000000000 23.3680000000
8.7312500000 12.7000000000 23.3680000000
8.7312500000 12.7000000000 23.3680000000
12.7542080000 16.6683330000 23.3680000000
12.7542080000 16.6683330000 23.3680000000
12.7542080000 16.6683330000 23.3680000000
8.7327320000 12.5915960000 23.3680000000
8.7327320000 12.5915960000 23.3680000000
8.7327320000 12.5915960000 23.3680000000
12.8625820000 16.6653730000 23.3680000000
12.8625820000 16.6653730000 23.3680000000
12.8625820000 16.6653730000 23.3680000000
8.7371750000 12.4832720000 23.3680000000
8.7371750000 12.4832720000 23.3680000000
8.7371750000 12.4832720000 23.3680000000
12.9708350000 16.6594520000 23.3680000000
12.9708350000 16.6594520000 23.3680000000
12.9708350000 16.6594520000 23.3680000000
8.7445750000 12.3751100000 23.3680000000
8.7445750000 12.3751100000 23.3680000000
8.7445750000 12.3751100000 23.3680000000
13.0788860000 16.6505780000 23.3680000000
13.0788860000 16.6505780000 23.3680000000
13.0788860000 16.6505780000 23.3680000000
8.7549260000 12.2671900000 23.3680000000
8.7549260000 12.2671900000 23.3680000000
8.7549260000 12.2671900000 23.3680000000
13.1866540000 16.6387540000 23.3680000000
13.1866540000 16.6387540000 23.3680000000
13.1866540000 16.6387540000 23.3680000000
8.7682210000 12.1595930000 23.3680000000
8.7682210000 12.1595930000 23.3680000000
8.7682210000 12.1595930000 23.3680000000
13.2940600000 16.6239910000 23.3680000000
13.2940600000 16.6239910000 23.3680000000
13.2940600000 16.6239910000 23.3680000000
8.7844510000 12.0524000000 23.3680000000
8.7844510000 12.0524000000 23.3680000000
8.7844510000 12.0524000000 23.3680000000
13.4010210000 16.6063000000 23.3680000000
13.4010210000 16.6063000000 23.3680000000
13.4010210000 16.6063000000 23.3680000000
8.8036010000 11.9456890000 23.3680000000
8.8036010000 11.9456890000 23.3680000000
8.8036010000 11.9456890000 23.3680000000
13.5074610000 16.5856950000 23.3680000000
13.5074610000 16.5856950000 23.3680000000
13.5074610000 16.5856950000 23.3680000000
8.8256600000 11.8395420000 23.3680000000
8.8256600000 11.8395420000 23.3680000000
8.8256600000 11.8395420000 23.3680000000
13.6132970000 16.5621890000 23.3680000000
13.6132970000 16.5621890000 23.3680000000
13.6132970000 16.5621890000 23.3680000000
8.8506100000 11.7340370000 23.3680000000
8.8506100000 11.7340370000 23.3680000000
8.8506100000 11.7340370000 23.3680000000
13.7184510000 16.5358030000 23.3680000000
13.7184510000 16.5358030000 23.3680000000
13.7184510000 16.5358030000 23.3680000000
8.8784320000 11.6292530000 23.3680000000
8.8784320000 11.6292530000 23.3680000000
8.8784320000 11.6292530000 23.3680000000
13.8228450000 16.5065540000 23.3680000000
13.8228450000 16.5065540000 23.3680000000
13.8228450000 16.5065540000 23.3680000000
8.9091060000 11.5252690000 23.3680000000
8.9091060000 11.5252690000 23.3680000000
8.9091060000 11.5252690000 23.3680000000
13.9264020000 16.4744630000 23.3680000000
13.9264020000 16.4744630000 23.3680000000
13.9264020000 16.4744630000 23.3680000000
8.9426100000 11.4221600000 23.3680000000
8.9426100000 11.4221600000 23.3680000000
8.9426100000 11.4221600000 23.3680000000
14.0290440000 16.4395560000 23.3680000000
14.0290440000 16.4395560000 23.3680000000
14.0290440000 16.4395560000 23.3680000000
8.9789160000 11.3200050000 23.3680000000
8.9789160000 11.3200050000 23.3680000000
8.9789160000 11.3200050000 23.3680000000
14.1306930000 16.4018570000 23.3680000000
14.1306930000 16.4018570000 23.3680000000
14.1306930000 16.4018570000 23.3680000000
9.0180000000 11.2188810000 23.3680000000
9.0180000000 11.2188810000 23.3680000000
9.0180000000 11.2188810000 23.3680000000
14.2312770000 16.3613990000 23.3680000000
14.2312770000 16.3613990000 23.3680000000
14.2312770000 16.3613990000 23.3680000000
9.0598320000 11.1188600000 23.3680000000
9.0598320000 11.1188600000 23.3680000000
9.0598320000 11.1188600000 23.3680000000
14.3307150000 16.3182050000 23.3680000000
14.3307150000 16.3182050000 23.3680000000
14.3307150000 16.3182050000 23.3680000000
9.1043790000 11.0200200000 23.3680000000
9.1043790000 11.0200200000 23.3680000000
9.1043790000 11.0200200000 23.3680000000
14.4289380000 16.2723120000 23.3680000000
14.4289380000 16.2723120000 23.3680000000
14.4289380000 16.2723120000 23.3680000000
9.1516090000 10.9224350000 23.3680000000
9.1516090000 10.9224350000 23.3680000000
9.1516090000 10.9224350000 23.3680000000
14.5258700000 16.2237550000 23.3680000000
14.5258700000 16.2237550000 23.3680000000
14.5258700000 16.2237550000 23.3680000000
9.2014880000 10.8261750000 23.3680000000
9.2014880000 10.8261750000 23.3680000000
9.2014880000 10.8261750000 23.3680000000
14.6214410000 16.1725670000 23.3680000000
14.6214410000 16.1725670000 23.3680000000
14.6214410000 16.1725670000 23.3680000000
9.2539780000 10.7313140000 23.3680000000
9.2539780000 10.7313140000 23.3680000000
9.2539780000 10.7313140000 23.3680000000
14.7155770000 16.1187880000 23.3680000000
14.7155770000 16.1187880000 23.3680000000
14.7155770000 16.1187880000 23.3680000000
9.3090380000 10.6379210000 23.3680000000
9.3090380000 10.6379210000 23.3680000000
9.3090380000 10.6379210000 23.3680000000
14.8082080000 16.0624580000 23.3680000000
14.8082080000 16.0624580000 23.3680000000
14.8082080000 16.0624580000 23.3680000000
9.3666300000 10.5460680000 23.3680000000
9.3666300000 10.5460680000 23.3680000000
9.3666300000 10.5460680000 23.3680000000
14.8992670000 16.0036180000 23.3680000000
14.8992670000 16.0036180000 23.3680000000
14.8992670000 16.0036180000 23.3680000000
9.4267080000 10.4558220000 23.3680000000
9.4267080000 10.4558220000 23.3680000000
9.4267080000 10.4558220000 23.3680000000
14.9886860000 15.9423140000 23.3680000000
14.9886860000 15.9423140000 23.3680000000
14.9886860000 15.9423140000 23.3680000000
9.4892300000 10.3672510000 23.3680000000
9.4892300000 10.3672510000 23.3680000000
9.4892300000 10.3672510000 23.3680000000
15.0763950000 15.8785900000 23.3680000000
15.0763950000 15.8785900000 23.3680000000
15.0763950000 15.8785900000 23.3680000000
9.5541480000 10.2804200000 23.3680000000
9.5541480000 10.2804200000 23.3680000000
9.5541480000 10.2804200000 23.3680000000
15.1623320000 15.8124930000 23.3680000000
15.1623320000 15.8124930000 23.3680000000
15.1623320000 15.8124930000 23.3680000000
9.6214120000 10.1953950000 23.3680000000
9.6214120000 10.1953950000 23.3680000000
9.6214120000 10.1953950000 23.3680000000
15.2464300000 15.7440740000 23.3680000000
15.2464300000 15.7440740000 23.3680000000
15.2464300000 15.7440740000 23.3680000000
9.6909740000 10.1122400000 23.3680000000
9.6909740000 10.1122400000 23.3680000000
9.6909740000 10.1122400000 23.3680000000
15.3286290000 15.6733840000 23.3680000000
15.3286290000 15.6733840000 23.3680000000
15.3286290000 15.6733840000 23.3680000000
9.7627820000 10.0310140000 23.3680000000
9.7627820000 10.0310140000 23.3680000000
9.7627820000 10.0310140000 23.3680000000
15.4088670000 15.6004740000 23.3680000000
15.4088670000 15.6004740000 23.3680000000
15.4088670000 15.6004740000 23.3680000000
9.8367820000 9.9517820000 23.3680000000
9.8367820000 9.9517820000 23.3680000000
9.8367820000 9.9517820000 23.3680000000
15.4870820000 15.5254000000 23.3680000000
15.4870820000 15.5254000000 23.3680000000
15.4870820000 15.5254000000 23.3680000000
9.9129170000 9.8745990000 23.3680000000
9.9129170000 9.8745990000 23.3680000000
9.9129170000 9.8745990000 23.3680000000
15.5632180000 15.4482180000 23.3680000000
15.5632180000 15.4482180000 23.3680000000
15.5632180000 15.4482180000 23.3680000000
15.6372180000 15.3689850000 23.3680000000
15.6372180000 15.3689850000 23.3680000000
15.6372180000 15.3689850000 23.3680000000
9.9911340000 9.7995250000 23.3680000000
9.9911340000 9.7995250000 23.3680000000
9.9911340000 9.7995250000 23.3680000000
15.7090250000 15.2877610000 23.3680000000
15.7090250000 15.2877610000 23.3680000000
15.7090250000 15.2877610000 23.3680000000
10.0713700000 9.7266160000 23.3680000000
10.0713700000 9.7266160000 23.3680000000
10.0713700000 9.7266160000 23.3680000000
15.7785870000 15.2046040000 23.3680000000
15.7785870000 15.2046040000 23.3680000000
15.7785870000 15.2046040000 23.3680000000
10.1535690000 9.6559260000 23.3680000000
10.1535690000 9.6559260000 23.3680000000
10.1535690000 9.6559260000 23.3680000000
15.8458530000 15.1195790000 23.3680000000
15.8458530000 15.1195790000 23.3680000000
15.8458530000 15.1195790000 23.3680000000
10.2376680000 9.5875070000 23.3680000000
10.2376680000 9.5875070000 23.3680000000
10.2376680000 9.5875070000 23.3680000000
15.9107700000 15.0327490000 23.3680000000
15.9107700000 15.0327490000 23.3680000000
15.9107700000 15.0327490000 23.3680000000
10.3236050000 9.5214110000 23.3680000000
10.3236050000 9.5214110000 23.3680000000
10.3236050000 9.5214110000 23.3680000000
15.9732910000 14.9441780000 23.3680000000
15.9732910000 14.9441780000 23.3680000000
15.9732910000 14.9441780000 23.3680000000
10.4113150000 9.4576860000 23.3680000000
10.4113150000 9.4576860000 23.3680000000
10.4113150000 9.4576860000 23.3680000000
16.0333710000 14.8539310000 23.3680000000
16.0333710000 14.8539310000 23.3680000000
16.0333710000 14.8539310000 23.3680000000
10.5007320000 9.3963810000 23.3680000000
10.5007320000 9.3963810000 23.3680000000
10.5007320000 9.3963810000 23.3680000000
16.0909610000 14.7620780000 23.3680000000
16.0909610000 14.7620780000 23.3680000000
16.0909610000 14.7620780000 23.3680000000
10.5917910000 9.3375430000 23.3680000000
10.5917910000 9.3375430000 23.3680000000
10.5917910000 9.3375430000 23.3680000000
16.1460230000 14.6686860000 23.3680000000
16.1460230000 14.6686860000 23.3680000000
16.1460230000 14.6686860000 23.3680000000
10.6844230000 9.2812120000 23.3680000000
10.6844230000 9.2812120000 23.3680000000
10.6844230000 9.2812120000 23.3680000000
16.1985110000 14.5738250000 23.3680000000
16.1985110000 14.5738250000 23.3680000000
16.1985110000 14.5738250000 23.3680000000
10.7785600000 9.2274330000 23.3680000000
10.7785600000 9.2274330000 23.3680000000
10.7785600000 9.2274330000 23.3680000000
16.2483900000 14.4775660000 23.3680000000
16.2483900000 14.4775660000 23.3680000000
16.2483900000 14.4775660000 23.3680000000
10.8741290000 9.1762450000 23.3680000000
10.8741290000 9.1762450000 23.3680000000
10.8741290000 9.1762450000 23.3680000000
16.2956220000 14.3799790000 23.3680000000
16.2956220000 14.3799790000 23.3680000000
16.2956220000 14.3799790000 23.3680000000
10.9710620000 9.1276870000 23.3680000000
10.9710620000 9.1276870000 23.3680000000
10.9710620000 9.1276870000 23.3680000000
16.3401680000 14.2811390000 23.3680000000
16.3401680000 14.2811390000 23.3680000000
16.3401680000 14.2811390000 23.3680000000
11.0692840000 9.0817950000 23.3680000000
11.0692840000 9.0817950000 23.3680000000
11.0692840000 9.0817950000 23.3680000000
16.3820000000 14.1811200000 23.3680000000
16.3820000000 14.1811200000 23.3680000000
16.3820000000 14.1811200000 23.3680000000
11.1687240000 9.0386020000 23.3680000000
11.1687240000 9.0386020000 23.3680000000
11.1687240000 9.0386020000 23.3680000000
16.4210830000 14.0799950000 23.3680000000
16.4210830000 14.0799950000 23.3680000000
16.4210830000 14.0799950000 23.3680000000
11.2693060000 8.9981420000 23.3680000000
11.2693060000 8.9981420000 23.3680000000
11.2693060000 8.9981420000 23.3680000000
16.4573900000 13.9778400000 23.3680000000
16.4573900000 13.9778400000 23.3680000000
16.4573900000 13.9778400000 23.3680000000
11.3709560000 8.9604440000 23.3680000000
11.3709560000 8.9604440000 23.3680000000
11.3709560000 8.9604440000 23.3680000000
16.4908940000 13.8747320000 23.3680000000
16.4908940000 13.8747320000 23.3680000000
16.4908940000 13.8747320000 23.3680000000
11.4735980000 8.9255370000 23.3680000000
11.4735980000 8.9255370000 23.3680000000
11.4735980000 8.9255370000 23.3680000000
16.5215680000 13.7707460000 23.3680000000
16.5215680000 13.7707460000 23.3680000000
16.5215680000 13.7707460000 23.3680000000
11.5771540000 8.8934470000 23.3680000000
11.5771540000 8.8934470000 23.3680000000
11.5771540000 8.8934470000 23.3680000000
16.5493910000 13.6659620000 23.3680000000
16.5493910000 13.6659620000 23.3680000000
16.5493910000 13.6659620000 23.3680000000
11.6815490000 8.8641980000 23.3680000000
11.6815490000 8.8641980000 23.3680000000
11.6815490000 8.8641980000 23.3680000000
16.5743410000 13.5604570000 23.3680000000
16.5743410000 13.5604570000 23.3680000000
16.5743410000 13.5604570000 23.3680000000
11.7867040000 8.8378100000 23.3680000000
11.7867040000 8.8378100000 23.3680000000
11.7867040000 8.8378100000 23.3680000000
16.5963990000 13.4543100000 23.3680000000
16.5963990000 13.4543100000 23.3680000000
16.5963990000 13.4543100000 23.3680000000
11.8925400000 8.8143040000 23.3680000000
11.8925400000 8.8143040000 23.3680000000
11.8925400000 8.8143040000 23.3680000000
16.6155490000 13.3476000000 23.3680000000
16.6155490000 13.3476000000 23.3680000000
16.6155490000 13.3476000000 23.3680000000
11.9989790000 8.7936990000 23.3680000000
11.9989790000 8.7936990000 23.3680000000
11.9989790000 8.7936990000 23.3680000000
16.6317790000 13.2404070000 23.3680000000
16.6317790000 13.2404070000 23.3680000000
16.6317790000 13.2404070000 23.3680000000
12.2133460000 8.7612460000 23.3680000000
12.2133460000 8.7612460000 23.3680000000
12.2133460000 8.7612460000 23.3680000000
12.1059410000 8.7760090000 23.3680000000
12.1059410000 8.7760090000 23.3680000000
12.1059410000 8.7760090000 23.3680000000
16.6450750000 13.1328110000 23.3680000000
16.6450750000 13.1328110000 23.3680000000
16.6450750000 13.1328110000 23.3680000000
12.3211140000 8.7494230000 23.3680000000
12.3211140000 8.7494230000 23.3680000000
12.3211140000 8.7494230000 23.3680000000
16.6554260000 13.0248910000 23.3680000000
16.6554260000 13.0248910000 23.3680000000
16.6554260000 13.0248910000 23.3680000000
12.4291650000 8.7405480000 23.3680000000
12.4291650000 8.7405480000 23.3680000000
12.4291650000 8.7405480000 23.3680000000
16.6628250000 12.9167290000 23.3680000000
16.6628250000 12.9167290000 23.3680000000
16.6628250000 12.9167290000 23.3680000000
12.5374180000 8.7346280000 23.3680000000
12.5374180000 8.7346280000 23.3680000000
12.5374180000 8.7346280000 23.3680000000
16.6672690000 12.8084050000 23.3680000000
16.6672690000 12.8084050000 23.3680000000
16.6672690000 12.8084050000 23.3680000000
12.6457930000 8.7316670000 23.3680000000
12.6457930000 8.7316670000 23.3680000000
12.6457930000 8.7316670000 23.3680000000
16.6687510000 12.7000000000 23.3680000000
16.6687510000 12.7000000000 23.3680000000
16.6687510000 12.7000000000 23.3680000000
12.7542080000 8.7316670000 23.3680000000
12.7542080000 8.7316670000 23.3680000000
12.7542080000 8.7316670000 23.3680000000
16.6672690000 12.5915960000 23.3680000000
16.6672690000 12.5915960000 23.3680000000
16.6672690000 12.5915960000 23.3680000000
12.8625820000 8.7346280000 23.3680000000
12.8625820000 8.7346280000 23.3680000000
12.8625820000 8.7346280000 23.3680000000
16.6628250000 12.4832720000 23.3680000000
16.6628250000 12.4832720000 23.3680000000
16.6628250000 12.4832720000 23.3680000000
12.9708350000 8.7405480000 23.3680000000
12.9708350000 8.7405480000 23.3680000000
12.9708350000 8.7405480000 23.3680000000
16.6554260000 12.3751100000 23.3680000000
16.6554260000 12.3751100000 23.3680000000
16.6554260000 12.3751100000 23.3680000000
13.0788860000 8.7494230000 23.3680000000
13.0788860000 8.7494230000 23.3680000000
13.0788860000 8.7494230000 23.3680000000
16.6450750000 12.2671900000 23.3680000000
16.6450750000 12.2671900000 23.3680000000
16.6450750000 12.2671900000 23.3680000000
13.1866540000 8.7612460000 23.3680000000
13.1866540000 8.7612460000 23.3680000000
13.1866540000 8.7612460000 23.3680000000
16.6317790000 12.1595930000 23.3680000000
16.6317790000 12.1595930000 23.3680000000
16.6317790000 12.1595930000 23.3680000000
13.4010210000 8.7936990000 23.3680000000
13.4010210000 8.7936990000 23.3680000000
13.4010210000 8.7936990000 23.3680000000
13.2940600000 8.7760090000 23.3680000000
13.2940600000 8.7760090000 23.3680000000
13.2940600000 8.7760090000 23.3680000000
16.6155490000 12.0524000000 23.3680000000
16.6155490000 12.0524000000 23.3680000000
16.6155490000 12.0524000000 23.3680000000
13.5074610000 8.8143040000 23.3680000000
13.5074610000 8.8143040000 23.3680000000
13.5074610000 8.8143040000 23.3680000000
16.5963990000 11.9456890000 23.3680000000
16.5963990000 11.9456890000 23.3680000000
16.5963990000 11.9456890000 23.3680000000
13.6132970000 8.8378100000 23.3680000000
13.6132970000 8.8378100000 23.3680000000
13.6132970000 8.8378100000 23.3680000000
16.5743410000 11.8395420000 23.3680000000
16.5743410000 11.8395420000 23.3680000000
16.5743410000 11.8395420000 23.3680000000
13.7184510000 8.8641980000 23.3680000000
13.7184510000 8.8641980000 23.3680000000
13.7184510000 8.8641980000 23.3680000000
16.5493910000 11.7340370000 23.3680000000
16.5493910000 11.7340370000 23.3680000000
16.5493910000 11.7340370000 23.3680000000
13.8228450000 8.8934470000 23.3680000000
13.8228450000 8.8934470000 23.3680000000
13.8228450000 8.8934470000 23.3680000000
16.5215680000 11.6292530000 23.3680000000
16.5215680000 11.6292530000 23.3680000000
16.5215680000 11.6292530000 23.3680000000
13.9264020000 8.9255370000 23.3680000000
13.9264020000 8.9255370000 23.3680000000
13.9264020000 8.9255370000 23.3680000000
16.4908940000 11.5252690000 23.3680000000
16.4908940000 11.5252690000 23.3680000000
16.4908940000 11.5252690000 23.3680000000
14.0290440000 8.9604440000 23.3680000000
14.0290440000 8.9604440000 23.3680000000
14.0290440000 8.9604440000 23.3680000000
16.4573900000 11.4221600000 23.3680000000
16.4573900000 11.4221600000 23.3680000000
16.4573900000 11.4221600000 23.3680000000
14.1306930000 8.9981420000 23.3680000000
14.1306930000 8.9981420000 23.3680000000
14.1306930000 8.9981420000 23.3680000000
16.4210830000 11.3200050000 23.3680000000
16.4210830000 11.3200050000 23.3680000000
16.4210830000 11.3200050000 23.3680000000
14.2312770000 9.0386020000 23.3680000000
14.2312770000 9.0386020000 23.3680000000
14.2312770000 9.0386020000 23.3680000000
16.3820000000 11.2188810000 23.3680000000
16.3820000000 11.2188810000 23.3680000000
16.3820000000 11.2188810000 23.3680000000
14.3307150000 9.0817950000 23.3680000000
14.3307150000 9.0817950000 23.3680000000
14.3307150000 9.0817950000 23.3680000000
16.3401680000 11.1188600000 23.3680000000
16.3401680000 11.1188600000 23.3680000000
16.3401680000 11.1188600000 23.3680000000
14.4289380000 9.1276870000 23.3680000000
14.4289380000 9.1276870000 23.3680000000
14.4289380000 9.1276870000 23.3680000000
16.2956220000 11.0200200000 23.3680000000
16.2956220000 11.0200200000 23.3680000000
16.2956220000 11.0200200000 23.3680000000
14.5258700000 9.1762450000 23.3680000000
14.5258700000 9.1762450000 23.3680000000
14.5258700000 9.1762450000 23.3680000000
16.2483900000 10.9224350000 23.3680000000
16.2483900000 10.9224350000 23.3680000000
16.2483900000 10.9224350000 23.3680000000
14.6214410000 9.2274330000 23.3680000000
14.6214410000 9.2274330000 23.3680000000
14.6214410000 9.2274330000 23.3680000000
16.1985110000 10.8261750000 23.3680000000
16.1985110000 10.8261750000 23.3680000000
16.1985110000 10.8261750000 23.3680000000
14.7155770000 9.2812120000 23.3680000000
14.7155770000 9.2812120000 23.3680000000
14.7155770000 9.2812120000 23.3680000000
16.1460230000 10.7313140000 23.3680000000
16.1460230000 10.7313140000 23.3680000000
16.1460230000 10.7313140000 23.3680000000
14.8082080000 9.3375430000 23.3680000000
14.8082080000 9.3375430000 23.3680000000
14.8082080000 9.3375430000 23.3680000000
16.0909610000 10.6379210000 23.3680000000
16.0909610000 10.6379210000 23.3680000000
16.0909610000 10.6379210000 23.3680000000
14.8992670000 9.3963810000 23.3680000000
14.8992670000 9.3963810000 23.3680000000
14.8992670000 9.3963810000 23.3680000000
16.0333710000 10.5460680000 23.3680000000
16.0333710000 10.5460680000 23.3680000000
16.0333710000 10.5460680000 23.3680000000
14.9886860000 9.4576860000 23.3680000000
14.9886860000 9.4576860000 23.3680000000
14.9886860000 9.4576860000 23.3680000000
15.9732910000 10.4558220000 23.3680000000
15.9732910000 10.4558220000 23.3680000000
15.9732910000 10.4558220000 23.3680000000
15.0763950000 9.5214110000 23.3680000000
15.0763950000 9.5214110000 23.3680000000
15.0763950000 9.5214110000 23.3680000000
15.9107700000 10.3672510000 23.3680000000
15.9107700000 10.3672510000 23.3680000000
15.9107700000 10.3672510000 23.3680000000
15.1623320000 9.5875070000 23.3680000000
15.1623320000 9.5875070000 23.3680000000
15.1623320000 9.5875070000 23.3680000000
15.8458530000 10.2804200000 23.3680000000
15.8458530000 10.2804200000 23.3680000000
15.8458530000 10.2804200000 23.3680000000
15.2464300000 9.6559260000 23.3680000000
15.2464300000 9.6559260000 23.3680000000
15.2464300000 9.6559260000 23.3680000000
15.7785870000 10.1953950000 23.3680000000
15.7785870000 10.1953950000 23.3680000000
15.7785870000 10.1953950000 23.3680000000
15.3286290000 9.7266160000 23.3680000000
15.3286290000 9.7266160000 23.3680000000
15.3286290000 9.7266160000 23.3680000000
15.7090250000 10.1122400000 23.3680000000
15.7090250000 10.1122400000 23.3680000000
15.7090250000 10.1122400000 23.3680000000
15.4088670000 9.7995250000 23.3680000000
15.4088670000 9.7995250000 23.3680000000
15.4088670000 9.7995250000 23.3680000000
15.6372180000 10.0310140000 23.3680000000
15.6372180000 10.0310140000 23.3680000000
15.6372180000 10.0310140000 23.3680000000
15.4870820000 9.8745990000 23.3680000000
15.4870820000 9.8745990000 23.3680000000
15.4870820000 9.8745990000 23.3680000000
15.5632180000 9.9517820000 23.3680000000
15.5632180000 9.9517820000 23.3680000000
15.5632180000 9.9517820000 23.3680000000
9.9129170000 72.6754000000 23.3680000000
9.9129170000 72.6754000000 23.3680000000
9.9129170000 72.6754000000 23.3680000000
9.8367820000 72.5982210000 23.3680000000
9.8367820000 72.5982210000 23.3680000000
9.8367820000 72.5982210000 23.3680000000
9.9911340000 72.7504730000 23.3680000000
9.9911340000 72.7504730000 23.3680000000
9.9911340000 72.7504730000 23.3680000000
9.7627820000 72.5189820000 23.3680000000
9.7627820000 72.5189820000 23.3680000000
9.7627820000 72.5189820000 23.3680000000
10.0713700000 72.8233870000 23.3680000000
10.0713700000 72.8233870000 23.3680000000
10.0713700000 72.8233870000 23.3680000000
9.6909740000 72.4377590000 23.3680000000
9.6909740000 72.4377590000 23.3680000000
9.6909740000 72.4377590000 23.3680000000
10.1535690000 72.8940730000 23.3680000000
10.1535690000 72.8940730000 23.3680000000
10.1535690000 72.8940730000 23.3680000000
9.6214120000 72.3546070000 23.3680000000
9.6214120000 72.3546070000 23.3680000000
9.6214120000 72.3546070000 23.3680000000
10.2376680000 72.9624940000 23.3680000000
10.2376680000 72.9624940000 23.3680000000
10.2376680000 72.9624940000 23.3680000000
9.5541480000 72.2695770000 23.3680000000
9.5541480000 72.2695770000 23.3680000000
9.5541480000 72.2695770000 23.3680000000
10.3236050000 73.0285870000 23.3680000000
10.3236050000 73.0285870000 23.3680000000
10.3236050000 73.0285870000 23.3680000000
9.4892300000 72.1827470000 23.3680000000
9.4892300000 72.1827470000 23.3680000000
9.4892300000 72.1827470000 23.3680000000
10.4113150000 73.0923160000 23.3680000000
10.4113150000 73.0923160000 23.3680000000
10.4113150000 73.0923160000 23.3680000000
9.4267080000 72.0941770000 23.3680000000
9.4267080000 72.0941770000 23.3680000000
9.4267080000 72.0941770000 23.3680000000
10.5007320000 73.1536180000 23.3680000000
10.5007320000 73.1536180000 23.3680000000
10.5007320000 73.1536180000 23.3680000000
9.3666300000 72.0039290000 23.3680000000
9.3666300000 72.0039290000 23.3680000000
9.3666300000 72.0039290000 23.3680000000
10.5917910000 73.2124560000 23.3680000000
10.5917910000 73.2124560000 23.3680000000
10.5917910000 73.2124560000 23.3680000000
9.3090380000 71.9120790000 23.3680000000
9.3090380000 71.9120790000 23.3680000000
9.3090380000 71.9120790000 23.3680000000
10.6844230000 73.2687910000 23.3680000000
10.6844230000 73.2687910000 23.3680000000
10.6844230000 73.2687910000 23.3680000000
9.2539780000 71.8186870000 23.3680000000
9.2539780000 71.8186870000 23.3680000000
9.2539780000 71.8186870000 23.3680000000
10.7785600000 73.3225710000 23.3680000000
10.7785600000 73.3225710000 23.3680000000
10.7785600000 73.3225710000 23.3680000000
9.2014880000 71.7238240000 23.3680000000
9.2014880000 71.7238240000 23.3680000000
9.2014880000 71.7238240000 23.3680000000
10.8741290000 73.3737560000 23.3680000000
10.8741290000 73.3737560000 23.3680000000
10.8741290000 73.3737560000 23.3680000000
9.1516090000 71.6275630000 23.3680000000
9.1516090000 71.6275630000 23.3680000000
9.1516090000 71.6275630000 23.3680000000
10.9710620000 73.4223100000 23.3680000000
10.9710620000 73.4223100000 23.3680000000
10.9710620000 73.4223100000 23.3680000000
9.1043790000 71.5299760000 23.3680000000
9.1043790000 71.5299760000 23.3680000000
9.1043790000 71.5299760000 23.3680000000
11.0692840000 73.4682080000 23.3680000000
11.0692840000 73.4682080000 23.3680000000
11.0692840000 73.4682080000 23.3680000000
9.0598320000 71.4311370000 23.3680000000
9.0598320000 71.4311370000 23.3680000000
9.0598320000 71.4311370000 23.3680000000
11.1687240000 73.5113980000 23.3680000000
11.1687240000 73.5113980000 23.3680000000
11.1687240000 73.5113980000 23.3680000000
9.0180000000 71.3311230000 23.3680000000
9.0180000000 71.3311230000 23.3680000000
9.0180000000 71.3311230000 23.3680000000
11.2693060000 73.5518570000 23.3680000000
11.2693060000 73.5518570000 23.3680000000
11.2693060000 73.5518570000 23.3680000000
8.9789160000 71.2299960000 23.3680000000
8.9789160000 71.2299960000 23.3680000000
8.9789160000 71.2299960000 23.3680000000
11.3709560000 73.5895540000 23.3680000000
11.3709560000 73.5895540000 23.3680000000
11.3709560000 73.5895540000 23.3680000000
8.9426100000 71.1278380000 23.3680000000
8.9426100000 71.1278380000 23.3680000000
8.9426100000 71.1278380000 23.3680000000
11.4735980000 73.6244660000 23.3680000000
11.4735980000 73.6244660000 23.3680000000
11.4735980000 73.6244660000 23.3680000000
8.9091060000 71.0247340000 23.3680000000
8.9091060000 71.0247340000 23.3680000000
8.9091060000 71.0247340000 23.3680000000
11.5771540000 73.6565550000 23.3680000000
11.5771540000 73.6565550000 23.3680000000
11.5771540000 73.6565550000 23.3680000000
8.8784320000 70.9207460000 23.3680000000
8.8784320000 70.9207460000 23.3680000000
8.8784320000 70.9207460000 23.3680000000
11.6815490000 73.6858060000 23.3680000000
11.6815490000 73.6858060000 23.3680000000
11.6815490000 73.6858060000 23.3680000000
8.8506100000 70.8159640000 23.3680000000
8.8506100000 70.8159640000 23.3680000000
8.8506100000 70.8159640000 23.3680000000
11.7867040000 73.7121890000 23.3680000000
11.7867040000 73.7121890000 23.3680000000
11.7867040000 73.7121890000 23.3680000000
8.8256600000 70.7104570000 23.3680000000
8.8256600000 70.7104570000 23.3680000000
8.8256600000 70.7104570000 23.3680000000
11.8925400000 73.7356950000 23.3680000000
11.8925400000 73.7356950000 23.3680000000
11.8925400000 73.7356950000 23.3680000000
8.8036010000 70.6043090000 23.3680000000
8.8036010000 70.6043090000 23.3680000000
8.8036010000 70.6043090000 23.3680000000
11.9989790000 73.7563020000 23.3680000000
11.9989790000 73.7563020000 23.3680000000
11.9989790000 73.7563020000 23.3680000000
8.7844510000 70.4975970000 23.3680000000
8.7844510000 70.4975970000 23.3680000000
8.7844510000 70.4975970000 23.3680000000
12.1059410000 73.7739940000 23.3680000000
12.1059410000 73.7739940000 23.3680000000
12.1059410000 73.7739940000 23.3680000000
8.7682210000 70.3904040000 23.3680000000
8.7682210000 70.3904040000 23.3680000000
8.7682210000 70.3904040000 23.3680000000
12.2133460000 73.7887570000 23.3680000000
12.2133460000 73.7887570000 23.3680000000
12.2133460000 73.7887570000 23.3680000000
8.7549260000 70.2828140000 23.3680000000
8.7549260000 70.2828140000 23.3680000000
8.7549260000 70.2828140000 23.3680000000
12.3211140000 73.8005750000 23.3680000000
12.3211140000 73.8005750000 23.3680000000
12.3211140000 73.8005750000 23.3680000000
8.7445750000 70.1748890000 23.3680000000
8.7445750000 70.1748890000 23.3680000000
8.7445750000 70.1748890000 23.3680000000
12.4291650000 73.8094560000 23.3680000000
12.4291650000 73.8094560000 23.3680000000
12.4291650000 73.8094560000 23.3680000000
8.7371750000 70.0667270000 23.3680000000
8.7371750000 70.0667270000 23.3680000000
8.7371750000 70.0667270000 23.3680000000
12.5374180000 73.8153760000 23.3680000000
12.5374180000 73.8153760000 23.3680000000
12.5374180000 73.8153760000 23.3680000000
8.7327320000 69.9584050000 23.3680000000
8.7327320000 69.9584050000 23.3680000000
8.7327320000 69.9584050000 23.3680000000
12.6457930000 73.8183360000 23.3680000000
12.6457930000 73.8183360000 23.3680000000
12.6457930000 73.8183360000 23.3680000000
8.7312500000 69.8499980000 23.3680000000
8.7312500000 69.8499980000 23.3680000000
8.7312500000 69.8499980000 23.3680000000
12.7542080000 73.8183360000 23.3680000000
12.7542080000 73.8183360000 23.3680000000
12.7542080000 73.8183360000 23.3680000000
8.7327320000 69.7415920000 23.3680000000
8.7327320000 69.7415920000 23.3680000000
8.7327320000 69.7415920000 23.3680000000
12.8625820000 73.8153760000 23.3680000000
12.8625820000 73.8153760000 23.3680000000
12.8625820000 73.8153760000 23.3680000000
8.7371750000 69.6332700000 23.3680000000
8.7371750000 69.6332700000 23.3680000000
8.7371750000 69.6332700000 23.3680000000
12.9708350000 73.8094560000 23.3680000000
12.9708350000 73.8094560000 23.3680000000
12.9708350000 73.8094560000 23.3680000000
8.7445750000 69.5251080000 23.3680000000
8.7445750000 69.5251080000 23.3680000000
8.7445750000 69.5251080000 23.3680000000
13.0788860000 73.8005750000 23.3680000000
13.0788860000 73.8005750000 23.3680000000
13.0788860000 73.8005750000 23.3680000000
8.7549260000 69.4171910000 23.3680000000
8.7549260000 69.4171910000 23.3680000000
8.7549260000 69.4171910000 23.3680000000
13.1866540000 73.7887570000 23.3680000000
13.1866540000 73.7887570000 23.3680000000
13.1866540000 73.7887570000 23.3680000000
8.7682210000 69.3095930000 23.3680000000
8.7682210000 69.3095930000 23.3680000000
8.7682210000 69.3095930000 23.3680000000
13.2940600000 73.7739940000 23.3680000000
13.2940600000 73.7739940000 23.3680000000
13.2940600000 73.7739940000 23.3680000000
8.7844510000 69.2024000000 23.3680000000
8.7844510000 69.2024000000 23.3680000000
8.7844510000 69.2024000000 23.3680000000
13.4010210000 73.7563020000 23.3680000000
13.4010210000 73.7563020000 23.3680000000
13.4010210000 73.7563020000 23.3680000000
8.8036010000 69.0956880000 23.3680000000
8.8036010000 69.0956880000 23.3680000000
8.8036010000 69.0956880000 23.3680000000
13.5074610000 73.7356950000 23.3680000000
13.5074610000 73.7356950000 23.3680000000
13.5074610000 73.7356950000 23.3680000000
8.8256600000 68.9895400000 23.3680000000
8.8256600000 68.9895400000 23.3680000000
8.8256600000 68.9895400000 23.3680000000
13.6132970000 73.7121890000 23.3680000000
13.6132970000 73.7121890000 23.3680000000
13.6132970000 73.7121890000 23.3680000000
8.8506100000 68.8840410000 23.3680000000
8.8506100000 68.8840410000 23.3680000000
8.8506100000 68.8840410000 23.3680000000
13.7184510000 73.6858060000 23.3680000000
13.7184510000 73.6858060000 23.3680000000
13.7184510000 73.6858060000 23.3680000000
8.8784320000 68.7792510000 23.3680000000
8.8784320000 68.7792510000 23.3680000000
8.8784320000 68.7792510000 23.3680000000
13.8228450000 73.6565550000 23.3680000000
13.8228450000 73.6565550000 23.3680000000
13.8228450000 73.6565550000 23.3680000000
8.9091060000 68.6752700000 23.3680000000
8.9091060000 68.6752700000 23.3680000000
8.9091060000 68.6752700000 23.3680000000
13.9264020000 73.6244660000 23.3680000000
13.9264020000 73.6244660000 23.3680000000
13.9264020000 73.6244660000 23.3680000000
8.9426100000 68.5721590000 23.3680000000
8.9426100000 68.5721590000 23.3680000000
8.9426100000 68.5721590000 23.3680000000
14.0290440000 73.5895540000 23.3680000000
14.0290440000 73.5895540000 23.3680000000
14.0290440000 73.5895540000 23.3680000000
8.9789160000 68.4700090000 23.3680000000
8.9789160000 68.4700090000 23.3680000000
8.9789160000 68.4700090000 23.3680000000
8.9789160000 68.4700090000 23.3680000000
14.1306930000 73.5518570000 23.3680000000
14.1306930000 73.5518570000 23.3680000000
14.1306930000 73.5518570000 23.3680000000
9.0180000000 68.3688810000 23.3680000000
9.0180000000 68.3688810000 23.3680000000
9.0180000000 68.3688810000 23.3680000000
14.2312770000 73.5113980000 23.3680000000
14.2312770000 73.5113980000 23.3680000000
14.2312770000 73.5113980000 23.3680000000
9.0598320000 68.2688600000 23.3680000000
9.0598320000 68.2688600000 23.3680000000
9.0598320000 68.2688600000 23.3680000000
14.3307150000 73.4682080000 23.3680000000
14.3307150000 73.4682080000 23.3680000000
14.3307150000 73.4682080000 23.3680000000
9.1043790000 68.1700210000 23.3680000000
9.1043790000 68.1700210000 23.3680000000
9.1043790000 68.1700210000 23.3680000000
14.4289380000 73.4223100000 23.3680000000
14.4289380000 73.4223100000 23.3680000000
14.4289380000 73.4223100000 23.3680000000
9.1516090000 68.0724330000 23.3680000000
9.1516090000 68.0724330000 23.3680000000
9.1516090000 68.0724330000 23.3680000000
14.5258700000 73.3737560000 23.3680000000
14.5258700000 73.3737560000 23.3680000000
14.5258700000 73.3737560000 23.3680000000
9.2014880000 67.9761730000 23.3680000000
9.2014880000 67.9761730000 23.3680000000
9.2014880000 67.9761730000 23.3680000000
14.6214410000 73.3225710000 23.3680000000
14.6214410000 73.3225710000 23.3680000000
14.6214410000 73.3225710000 23.3680000000
9.2539780000 67.8813170000 23.3680000000
9.2539780000 67.8813170000 23.3680000000
9.2539780000 67.8813170000 23.3680000000
14.7155770000 73.2687910000 23.3680000000
14.7155770000 73.2687910000 23.3680000000
14.7155770000 73.2687910000 23.3680000000
9.3090380000 67.7879180000 23.3680000000
9.3090380000 67.7879180000 23.3680000000
9.3090380000 67.7879180000 23.3680000000
14.8082080000 73.2124560000 23.3680000000
14.8082080000 73.2124560000 23.3680000000
14.8082080000 73.2124560000 23.3680000000
9.3666300000 67.6960680000 23.3680000000
9.3666300000 67.6960680000 23.3680000000
9.3666300000 67.6960680000 23.3680000000
14.8992670000 73.1536180000 23.3680000000
14.8992670000 73.1536180000 23.3680000000
14.8992670000 73.1536180000 23.3680000000
9.4267080000 67.6058200000 23.3680000000
9.4267080000 67.6058200000 23.3680000000
9.4267080000 67.6058200000 23.3680000000
14.9886860000 73.0923160000 23.3680000000
14.9886860000 73.0923160000 23.3680000000
14.9886860000 73.0923160000 23.3680000000
9.4892300000 67.5172500000 23.3680000000
9.4892300000 67.5172500000 23.3680000000
9.4892300000 67.5172500000 23.3680000000
15.0763950000 73.0285870000 23.3680000000
15.0763950000 73.0285870000 23.3680000000
15.0763950000 73.0285870000 23.3680000000
9.5541480000 67.4304200000 23.3680000000
9.5541480000 67.4304200000 23.3680000000
9.5541480000 67.4304200000 23.3680000000
15.1623320000 72.9624940000 23.3680000000
15.1623320000 72.9624940000 23.3680000000
15.1623320000 72.9624940000 23.3680000000
9.6214120000 67.3453980000 23.3680000000
9.6214120000 67.3453980000 23.3680000000
9.6214120000 67.3453980000 23.3680000000
15.2464300000 72.8940730000 23.3680000000
15.2464300000 72.8940730000 23.3680000000
15.2464300000 72.8940730000 23.3680000000
9.6909740000 67.2622380000 23.3680000000
9.6909740000 67.2622380000 23.3680000000
9.6909740000 67.2622380000 23.3680000000
15.3286290000 72.8233870000 23.3680000000
15.3286290000 72.8233870000 23.3680000000
15.3286290000 72.8233870000 23.3680000000
9.7627820000 67.1810150000 23.3680000000
9.7627820000 67.1810150000 23.3680000000
9.7627820000 67.1810150000 23.3680000000
15.4088670000 72.7504730000 23.3680000000
15.4088670000 72.7504730000 23.3680000000
15.4088670000 72.7504730000 23.3680000000
9.8367820000 67.1017840000 23.3680000000
9.8367820000 67.1017840000 23.3680000000
9.8367820000 67.1017840000 23.3680000000
15.4870820000 72.6754000000 23.3680000000
15.4870820000 72.6754000000 23.3680000000
15.4870820000 72.6754000000 23.3680000000
9.9129170000 67.0245970000 23.3680000000
9.9129170000 67.0245970000 23.3680000000
9.9129170000 67.0245970000 23.3680000000
15.5632180000 72.5982210000 23.3680000000
15.5632180000 72.5982210000 23.3680000000
15.5632180000 72.5982210000 23.3680000000
15.6372180000 72.5189820000 23.3680000000
15.6372180000 72.5189820000 23.3680000000
15.6372180000 72.5189820000 23.3680000000
9.9911340000 66.9495240000 23.3680000000
9.9911340000 66.9495240000 23.3680000000
9.9911340000 66.9495240000 23.3680000000
15.7090250000 72.4377590000 23.3680000000
15.7090250000 72.4377590000 23.3680000000
15.7090250000 72.4377590000 23.3680000000
10.0713700000 66.8766170000 23.3680000000
10.0713700000 66.8766170000 23.3680000000
10.0713700000 66.8766170000 23.3680000000
15.7785870000 72.3546070000 23.3680000000
15.7785870000 72.3546070000 23.3680000000
15.7785870000 72.3546070000 23.3680000000
10.1535690000 66.8059230000 23.3680000000
10.1535690000 66.8059230000 23.3680000000
10.1535690000 66.8059230000 23.3680000000
15.8458530000 72.2695770000 23.3680000000
15.8458530000 72.2695770000 23.3680000000
15.8458530000 72.2695770000 23.3680000000
10.2376680000 66.7375110000 23.3680000000
10.2376680000 66.7375110000 23.3680000000
10.2376680000 66.7375110000 23.3680000000
15.9107700000 72.1827470000 23.3680000000
15.9107700000 72.1827470000 23.3680000000
15.9107700000 72.1827470000 23.3680000000
10.3236050000 66.6714100000 23.3680000000
10.3236050000 66.6714100000 23.3680000000
10.3236050000 66.6714100000 23.3680000000
15.9732910000 72.0941770000 23.3680000000
15.9732910000 72.0941770000 23.3680000000
15.9732910000 72.0941770000 23.3680000000
10.4113150000 66.6076890000 23.3680000000
10.4113150000 66.6076890000 23.3680000000
10.4113150000 66.6076890000 23.3680000000
16.0333710000 72.0039290000 23.3680000000
16.0333710000 72.0039290000 23.3680000000
16.0333710000 72.0039290000 23.3680000000
10.5007320000 66.5463790000 23.3680000000
10.5007320000 66.5463790000 23.3680000000
10.5007320000 66.5463790000 23.3680000000
16.0909610000 71.9120790000 23.3680000000
16.0909610000 71.9120790000 23.3680000000
16.0909610000 71.9120790000 23.3680000000
10.5917910000 66.4875410000 23.3680000000
10.5917910000 66.4875410000 23.3680000000
10.5917910000 66.4875410000 23.3680000000
16.1460230000 71.8186870000 23.3680000000
16.1460230000 71.8186870000 23.3680000000
16.1460230000 71.8186870000 23.3680000000
10.6844230000 66.4312130000 23.3680000000
10.6844230000 66.4312130000 23.3680000000
10.6844230000 66.4312130000 23.3680000000
16.1985110000 71.7238240000 23.3680000000
16.1985110000 71.7238240000 23.3680000000
16.1985110000 71.7238240000 23.3680000000
10.7785600000 66.3774340000 23.3680000000
10.7785600000 66.3774340000 23.3680000000
10.7785600000 66.3774340000 23.3680000000
16.2483900000 71.6275630000 23.3680000000
16.2483900000 71.6275630000 23.3680000000
16.2483900000 71.6275630000 23.3680000000
10.8741290000 66.3262480000 23.3680000000
10.8741290000 66.3262480000 23.3680000000
10.8741290000 66.3262480000 23.3680000000
16.2956220000 71.5299760000 23.3680000000
16.2956220000 71.5299760000 23.3680000000
16.2956220000 71.5299760000 23.3680000000
10.9710620000 66.2776870000 23.3680000000
10.9710620000 66.2776870000 23.3680000000
10.9710620000 66.2776870000 23.3680000000
16.3401680000 71.4311370000 23.3680000000
16.3401680000 71.4311370000 23.3680000000
16.3401680000 71.4311370000 23.3680000000
11.0692840000 66.2317960000 23.3680000000
11.0692840000 66.2317960000 23.3680000000
11.0692840000 66.2317960000 23.3680000000
16.3820000000 71.3311230000 23.3680000000
16.3820000000 71.3311230000 23.3680000000
16.3820000000 71.3311230000 23.3680000000
11.1687240000 66.1885990000 23.3680000000
11.1687240000 66.1885990000 23.3680000000
11.1687240000 66.1885990000 23.3680000000
16.4210830000 71.2299960000 23.3680000000
16.4210830000 71.2299960000 23.3680000000
16.4210830000 71.2299960000 23.3680000000
11.2693060000 66.1481400000 23.3680000000
11.2693060000 66.1481400000 23.3680000000
11.2693060000 66.1481400000 23.3680000000
16.4573900000 71.1278380000 23.3680000000
16.4573900000 71.1278380000 23.3680000000
16.4573900000 71.1278380000 23.3680000000
11.3709560000 66.1104430000 23.3680000000
11.3709560000 66.1104430000 23.3680000000
11.3709560000 66.1104430000 23.3680000000
16.4908940000 71.0247340000 23.3680000000
16.4908940000 71.0247340000 23.3680000000
16.4908940000 71.0247340000 23.3680000000
11.4735980000 66.0755390000 23.3680000000
11.4735980000 66.0755390000 23.3680000000
11.4735980000 66.0755390000 23.3680000000
16.5215680000 70.9207460000 23.3680000000
16.5215680000 70.9207460000 23.3680000000
16.5215680000 70.9207460000 23.3680000000
11.5771540000 66.0434490000 23.3680000000
11.5771540000 66.0434490000 23.3680000000
11.5771540000 66.0434490000 23.3680000000
16.5493910000 70.8159640000 23.3680000000
16.5493910000 70.8159640000 23.3680000000
16.5493910000 70.8159640000 23.3680000000
11.6815490000 66.0141980000 23.3680000000
11.6815490000 66.0141980000 23.3680000000
11.6815490000 66.0141980000 23.3680000000
16.5743410000 70.7104570000 23.3680000000
16.5743410000 70.7104570000 23.3680000000
16.5743410000 70.7104570000 23.3680000000
11.7867040000 65.9878080000 23.3680000000
11.7867040000 65.9878080000 23.3680000000
11.7867040000 65.9878080000 23.3680000000
16.5963990000 70.6043090000 23.3680000000
16.5963990000 70.6043090000 23.3680000000
16.5963990000 70.6043090000 23.3680000000
11.8925400000 65.9643020000 23.3680000000
11.8925400000 65.9643020000 23.3680000000
11.8925400000 65.9643020000 23.3680000000
16.6155490000 70.4975970000 23.3680000000
16.6155490000 70.4975970000 23.3680000000
16.6155490000 70.4975970000 23.3680000000
11.9989790000 65.9437030000 23.3680000000
11.9989790000 65.9437030000 23.3680000000
11.9989790000 65.9437030000 23.3680000000
16.6317790000 70.3904040000 23.3680000000
16.6317790000 70.3904040000 23.3680000000
16.6317790000 70.3904040000 23.3680000000
12.2133460000 65.9112470000 23.3680000000
12.2133460000 65.9112470000 23.3680000000
12.2133460000 65.9112470000 23.3680000000
12.1059410000 65.9260100000 23.3680000000
12.1059410000 65.9260100000 23.3680000000
12.1059410000 65.9260100000 23.3680000000
16.6450750000 70.2828140000 23.3680000000
16.6450750000 70.2828140000 23.3680000000
16.6450750000 70.2828140000 23.3680000000
12.3211140000 65.8994220000 23.3680000000
12.3211140000 65.8994220000 23.3680000000
12.3211140000 65.8994220000 23.3680000000
16.6554260000 70.1748890000 23.3680000000
16.6554260000 70.1748890000 23.3680000000
16.6554260000 70.1748890000 23.3680000000
12.4291650000 65.8905490000 23.3680000000
12.4291650000 65.8905490000 23.3680000000
12.4291650000 65.8905490000 23.3680000000
16.6628250000 70.0667270000 23.3680000000
16.6628250000 70.0667270000 23.3680000000
16.6628250000 70.0667270000 23.3680000000
12.5374180000 65.8846280000 23.3680000000
12.5374180000 65.8846280000 23.3680000000
12.5374180000 65.8846280000 23.3680000000
16.6672690000 69.9584050000 23.3680000000
16.6672690000 69.9584050000 23.3680000000
16.6672690000 69.9584050000 23.3680000000
12.6457930000 65.8816680000 23.3680000000
12.6457930000 65.8816680000 23.3680000000
12.6457930000 65.8816680000 23.3680000000
16.6687510000 69.8499980000 23.3680000000
16.6687510000 69.8499980000 23.3680000000
16.6687510000 69.8499980000 23.3680000000
12.7542080000 65.8816680000 23.3680000000
12.7542080000 65.8816680000 23.3680000000
12.7542080000 65.8816680000 23.3680000000
16.6672690000 69.7415920000 23.3680000000
16.6672690000 69.7415920000 23.3680000000
16.6672690000 69.7415920000 23.3680000000
12.8625820000 65.8846280000 23.3680000000
12.8625820000 65.8846280000 23.3680000000
12.8625820000 65.8846280000 23.3680000000
16.6628250000 69.6332700000 23.3680000000
16.6628250000 69.6332700000 23.3680000000
16.6628250000 69.6332700000 23.3680000000
12.9708350000 65.8905490000 23.3680000000
12.9708350000 65.8905490000 23.3680000000
12.9708350000 65.8905490000 23.3680000000
16.6554260000 69.5251080000 23.3680000000
16.6554260000 69.5251080000 23.3680000000
16.6554260000 69.5251080000 23.3680000000
13.0788860000 65.8994220000 23.3680000000
13.0788860000 65.8994220000 23.3680000000
13.0788860000 65.8994220000 23.3680000000
16.6450750000 69.4171910000 23.3680000000
16.6450750000 69.4171910000 23.3680000000
16.6450750000 69.4171910000 23.3680000000
13.1866540000 65.9112470000 23.3680000000
13.1866540000 65.9112470000 23.3680000000
13.1866540000 65.9112470000 23.3680000000
16.6317790000 69.3095930000 23.3680000000
16.6317790000 69.3095930000 23.3680000000
16.6317790000 69.3095930000 23.3680000000
13.4010210000 65.9437030000 23.3680000000
13.4010210000 65.9437030000 23.3680000000
13.4010210000 65.9437030000 23.3680000000
13.2940600000 65.9260100000 23.3680000000
13.2940600000 65.9260100000 23.3680000000
13.2940600000 65.9260100000 23.3680000000
16.6155490000 69.2024000000 23.3680000000
16.6155490000 69.2024000000 23.3680000000
16.6155490000 69.2024000000 23.3680000000
13.5074610000 65.9643020000 23.3680000000
13.5074610000 65.9643020000 23.3680000000
13.5074610000 65.9643020000 23.3680000000
16.5963990000 69.0956880000 23.3680000000
16.5963990000 69.0956880000 23.3680000000
16.5963990000 69.0956880000 23.3680000000
13.6132970000 65.9878080000 23.3680000000
13.6132970000 65.9878080000 23.3680000000
13.6132970000 65.9878080000 23.3680000000
16.5743410000 68.9895400000 23.3680000000
16.5743410000 68.9895400000 23.3680000000
16.5743410000 68.9895400000 23.3680000000
13.7184510000 66.0141980000 23.3680000000
13.7184510000 66.0141980000 23.3680000000
13.7184510000 66.0141980000 23.3680000000
16.5493910000 68.8840410000 23.3680000000
16.5493910000 68.8840410000 23.3680000000
16.5493910000 68.8840410000 23.3680000000
13.8228450000 66.0434490000 23.3680000000
13.8228450000 66.0434490000 23.3680000000
13.8228450000 66.0434490000 23.3680000000
16.5215680000 68.7792510000 23.3680000000
16.5215680000 68.7792510000 23.3680000000
16.5215680000 68.7792510000 23.3680000000
13.9264020000 66.0755390000 23.3680000000
13.9264020000 66.0755390000 23.3680000000
13.9264020000 66.0755390000 23.3680000000
16.4908940000 68.6752700000 23.3680000000
16.4908940000 68.6752700000 23.3680000000
16.4908940000 68.6752700000 23.3680000000
14.0290440000 66.1104430000 23.3680000000
14.0290440000 66.1104430000 23.3680000000
14.0290440000 66.1104430000 23.3680000000
16.4573900000 68.5721590000 23.3680000000
16.4573900000 68.5721590000 23.3680000000
16.4573900000 68.5721590000 23.3680000000
16.4573900000 68.5721590000 23.3680000000
14.1306930000 66.1481400000 23.3680000000
14.1306930000 66.1481400000 23.3680000000
14.1306930000 66.1481400000 23.3680000000
16.4210830000 68.4700090000 23.3680000000
16.4210830000 68.4700090000 23.3680000000
16.4210830000 68.4700090000 23.3680000000
14.2312770000 66.1885990000 23.3680000000
14.2312770000 66.1885990000 23.3680000000
14.2312770000 66.1885990000 23.3680000000
16.3820000000 68.3688810000 23.3680000000
16.3820000000 68.3688810000 23.3680000000
16.3820000000 68.3688810000 23.3680000000
14.3307150000 66.2317960000 23.3680000000
14.3307150000 66.2317960000 23.3680000000
14.3307150000 66.2317960000 23.3680000000
16.3401680000 68.2688600000 23.3680000000
16.3401680000 68.2688600000 23.3680000000
16.3401680000 68.2688600000 23.3680000000
14.4289380000 66.2776870000 23.3680000000
14.4289380000 66.2776870000 23.3680000000
14.4289380000 66.2776870000 23.3680000000
16.2956220000 68.1700210000 23.3680000000
16.2956220000 68.1700210000 23.3680000000
16.2956220000 68.1700210000 23.3680000000
14.5258700000 66.3262480000 23.3680000000
14.5258700000 66.3262480000 23.3680000000
14.5258700000 66.3262480000 23.3680000000
16.2483900000 68.0724330000 23.3680000000
16.2483900000 68.0724330000 23.3680000000
16.2483900000 68.0724330000 23.3680000000
14.6214410000 66.3774340000 23.3680000000
14.6214410000 66.3774340000 23.3680000000
14.6214410000 66.3774340000 23.3680000000
16.1985110000 67.9761730000 23.3680000000
16.1985110000 67.9761730000 23.3680000000
16.1985110000 67.9761730000 23.3680000000
14.7155770000 66.4312130000 23.3680000000
14.7155770000 66.4312130000 23.3680000000
14.7155770000 66.4312130000 23.3680000000
16.1460230000 67.8813170000 23.3680000000
16.1460230000 67.8813170000 23.3680000000
16.1460230000 67.8813170000 23.3680000000
14.8082080000 66.4875410000 23.3680000000
14.8082080000 66.4875410000 23.3680000000
14.8082080000 66.4875410000 23.3680000000
16.0909610000 67.7879180000 23.3680000000
16.0909610000 67.7879180000 23.3680000000
16.0909610000 67.7879180000 23.3680000000
14.8992670000 66.5463790000 23.3680000000
14.8992670000 66.5463790000 23.3680000000
14.8992670000 66.5463790000 23.3680000000
16.0333710000 67.6960680000 23.3680000000
16.0333710000 67.6960680000 23.3680000000
16.0333710000 67.6960680000 23.3680000000
14.9886860000 66.6076890000 23.3680000000
14.9886860000 66.6076890000 23.3680000000
14.9886860000 66.6076890000 23.3680000000
15.9732910000 67.6058200000 23.3680000000
15.9732910000 67.6058200000 23.3680000000
15.9732910000 67.6058200000 23.3680000000
15.0763950000 66.6714100000 23.3680000000
15.0763950000 66.6714100000 23.3680000000
15.0763950000 66.6714100000 23.3680000000
15.9107700000 67.5172500000 23.3680000000
15.9107700000 67.5172500000 23.3680000000
15.9107700000 67.5172500000 23.3680000000
15.1623320000 66.7375110000 23.3680000000
15.1623320000 66.7375110000 23.3680000000
15.1623320000 66.7375110000 23.3680000000
15.8458530000 67.4304200000 23.3680000000
15.8458530000 67.4304200000 23.3680000000
15.8458530000 67.4304200000 23.3680000000
15.2464300000 66.8059230000 23.3680000000
15.2464300000 66.8059230000 23.3680000000
15.2464300000 66.8059230000 23.3680000000
15.7785870000 67.3453980000 23.3680000000
15.7785870000 67.3453980000 23.3680000000
15.7785870000 67.3453980000 23.3680000000
15.3286290000 66.8766170000 23.3680000000
15.3286290000 66.8766170000 23.3680000000
15.3286290000 66.8766170000 23.3680000000
15.7090250000 67.2622380000 23.3680000000
15.7090250000 67.2622380000 23.3680000000
15.7090250000 67.2622380000 23.3680000000
15.4088670000 66.9495240000 23.3680000000
15.4088670000 66.9495240000 23.3680000000
15.4088670000 66.9495240000 23.3680000000
15.6372180000 67.1810150000 23.3680000000
15.6372180000 67.1810150000 23.3680000000
15.6372180000 67.1810150000 23.3680000000
15.4870820000 67.0245970000 23.3680000000
15.4870820000 67.0245970000 23.3680000000
15.4870820000 67.0245970000 23.3680000000
15.5632180000 67.1017840000 23.3680000000
15.5632180000 67.1017840000 23.3680000000
15.5632180000 67.1017840000 23.3680000000
3 0 4 8
3 0 8 9
3 5 2 13
3 6 18 20
3 22 6 27
3 28 27 6
3 31 6 22
3 35 28 6
3 37 6 31
3 41 35 6
3 45 6 37
3 48 41 6
3 50 6 45
3 52 48 6
3 56 6 50
3 60 52 6
3 62 6 56
3 64 60 6
3 69 6 62
3 70 64 6
3 73 6 69
3 77 70 6
3 81 6 73
3 83 77 6
3 85 6 81
3 89 83 6
3 91 6 85
3 95 89 6
3 98 6 91
3 100 95 6
3 103 100 6
3 106 103 6
3 111 106 6
3 113 111 6
3 115 98 120
3 115 120 124
3 115 124 126
3 115 126 129
3 115 18 6
3 115 6 98
3 132 115 129
3 137 113 6
3 140 115 132
3 142 137 6
3 145 115 140
3 147 142 6
3 151 115 145
3 153 147 6
3 156 115 151
3 160 153 6
3 163 115 156
3 166 160 6
3 170 115 163
3 173 166 6
3 174 115 170
3 178 173 6
3 180 115 174
3 183 178 6
3 186 115 180
3 189 183 6
3 192 115 186
3 196 6 3
3 196 189 6
3 198 115 192
3 202 196 3
3 205 115 198
3 209 202 3
3 211 115 205
3 213 209 3
3 217 115 211
3 220 213 3
3 223 115 217
3 225 220 3
3 228 115 223
3 231 225 3
3 235 115 228
3 238 231 3
3 241 3 14
3 244 115 235
3 247 238 3
3 252 115 244
3 253 247 3
3 256 115 252
3 259 253 3
3 263 115 256
3 266 259 3
3 268 115 263
3 271 266 3
3 276 115 268
3 278 271 3
3 280 115 276
3 283 278 3
3 286 115 280
3 290 283 3
3 293 115 286
3 293 296 115
3 299 290 3
3 301 296 293
3 301 304 296
3 308 299 3
3 310 304 301
3 310 313 304
3 318 308 3
3 320 313 310
3 320 322 313
3 327 318 3
3 329 332 322
3 329 322 320
3 338 327 3
3 341 332 329
3 341 342 332
3 347 338 3
3 349 342 341
3 349 353 342
3 356 347 3
3 358 353 349
3 358 362 353
3 365 356 3
3 368 362 358
3 368 371 362
3 374 365 3
3 379 371 368
3 379 383 371
3 386 374 3
3 389 390 383
3 389 383 379
3 395 386 3
3 397 390 389
3 397 402 390
3 405 395 3
3 406 402 397
3 406 409 402
3 414 405 3
3 416 409 406
3 419 414 3
3 423 416 425
3 423 409 416
3 429 419 3
3 432 429 3
3 436 432 3
3 439 425 440
3 439 423 425
3 443 436 3
3 447 443 3
3 451 440 452
3 451 439 440
3 455 447 3
3 458 455 3
3 461 451 452
3 461 452 466
3 469 458 3
3 471 469 3
3 474 471 3
3 478 461 466
3 478 466 481
3 485 474 3
3 489 485 3
3 491 481 495
3 491 478 481
3 497 489 3
3 500 495 504
3 500 491 495
3 506 504 511
3 506 500 504
3 513 506 511
3 513 511 519
3 520 513 519
3 520 519 524
3 526 524 530
3 526 520 524
3 534 526 530
3 534 530 537
3 539 534 537
3 539 537 544
3 545 539 544
3 545 544 551
3 552 551 555
3 552 545 551
3 558 555 562
3 558 552 555
3 565 562 570
3 565 558 562
3 572 565 570
3 572 570 575
3 578 575 581
3 578 572 575
3 584 581 587
3 584 578 581
3 590 587 594
3 590 584 587
3 600 594 602
3 600 590 594
3 604 602 607
3 604 600 602
3 610 607 614
3 610 604 607
3 617 614 623
3 617 610 614
3 625 617 623
3 625 623 628
3 633 628 636
3 633 625 628
3 639 633 636
3 639 636 641
3 643 641 647
3 643 647 650
3 643 639 641
3 654 650 658
3 654 643 650
3 660 658 665
3 660 654 658
3 666 660 665
3 666 665 669
3 672 669 676
3 672 666 669
3 679 676 683
3 679 672 676
3 685 683 691
3 685 679 683
3 693 691 696
3 693 685 691
3 701 696 705
3 701 693 696
3 709 701 705
3 709 705 710
3 713 710 716
3 713 709 710
3 719 716 722
3 719 713 716
3 725 722 728
3 725 719 722
3 731 728 736
3 731 725 728
3 740 736 743
3 740 731 736
3 746 740 743
3 746 743 749
3 756 758 761
3 756 761 763
3 756 763 768
3 756 768 771
3 756 771 772
3 756 772 777
3 756 777 778
3 756 778 783
3 756 783 785
3 756 785 787
3 756 787 790
3 756 790 793
3 756 793 798
3 756 798 799
3 756 799 804
3 756 804 806
3 756 806 808
3 756 808 811
3 756 811 816
3 756 816 818
3 756 818 820
3 756 820 497
3 756 3 241
3 756 497 3
3 756 824 827
3 756 827 829
3 756 829 834
3 756 834 835
3 756 835 838
3 756 838 843
3 756 843 845
3 756 845 847
3 756 847 758
3 852 749 856
3 852 746 749
3 857 824 756
3 857 861 824
3 866 856 868
3 866 852 856
3 870 861 857
3 870 874 861
3 876 868 879
3 876 866 868
3 884 874 870
3 884 885 874
3 889 879 892
3 889 876 879
3 895 885 884
3 895 899 885
3 903 892 905
3 903 889 892
3 907 899 895
3 907 913 899
3 914 903 905
3 914 905 918
3 923 913 907
3 923 924 913
3 927 914 918
3 927 918 931
3 934 924 923
3 934 940 924
3 941 931 944
3 941 927 931
3 947 940 934
3 947 951 940
3 955 944 960
3 955 941 944
3 961 951 947
3 961 965 951
3 968 960 974
3 968 955 960
3 976 965 961
3 976 979 965
3 982 974 985
3 982 968 974
3 988 979 976
3 988 993 979
3 995 985 999
3 995 982 985
3 1002 993 988
3 1002 1004 993
3 1007 995 999
3 1007 999 1012
3 1015 1004 1002
3 1015 1017 1004
3 1019 1007 1012
3 1019 1017 1015
3 1019 1012 1017
3 7 21 11
3 1025 1027 240
3 1029 240 1027
3 1033 1025 240
3 1037 240 1029
3 1039 1033 240
3 1042 240 1037
3 1045 1039 240
3 1047 240 1042
3 1052 1045 240
3 1054 240 1047
3 1058 1052 240
3 1059 240 1054
3 1064 1058 240
3 1066 240 1059
3 1070 1064 240
3 1071 240 1066
3 1074 1070 240
3 1078 240 1071
3 1078 1082 240
3 1083 1074 240
3 1088 1082 1078
3 1089 1083 240
3 1094 1082 1088
3 1095 1089 240
3 1099 1082 1094
3 1103 1095 240
3 1104 1082 1099
3 1107 1103 240
3 1110 1082 1104
3 1114 1107 240
3 1118 1082 1110
3 1120 1114 240
3 1123 1082 1118
3 1125 1120 240
3 1128 1082 1123
3 1132 1125 240
3 1135 1082 1128
3 1139 1132 240
3 1142 1082 1135
3 1143 1139 240
3 1146 1082 1142
3 1150 1143 240
3 1153 1082 1146
3 1157 1150 240
3 1160 1082 1153
3 1162 1157 240
3 1165 1082 1160
3 1168 1162 240
3 1170 1082 1165
3 1175 1168 240
3 1177 1082 1170
3 1181 1175 240
3 1182 1082 1177
3 1185 1181 240
3 1188 1082 1182
3 1191 1185 240
3 1196 1082 1188
3 1198 1191 240
3 1200 1203 1082
3 1200 1082 1196
3 1208 1198 240
3 1211 1203 1200
3 1211 1212 1203
3 1216 1208 240
3 1218 1223 1212
3 1218 1212 1211
3 1226 1216 240
3 1228 1223 1218
3 1228 1232 1223
3 1234 1226 240
3 1237 1232 1228
3 1237 1239 1232
3 1243 1234 240
3 1245 1239 1237
3 1245 1249 1239
3 1251 1243 240
3 1254 1249 1245
3 1254 1257 1249
3 1260 1263 1257
3 1260 1257 1254
3 1267 1269 1263
3 1267 1263 1260
3 1272 1275 1269
3 1272 1269 1267
3 1278 1281 1275
3 1278 1275 1272
3 1286 1289 1281
3 1286 1281 1278
3 1290 1293 1289
3 1290 1289 1286
3 1296 1299 1293
3 1296 1293 1290
3 1303 1305 1299
3 1303 1299 1296
3 1308 1312 1305
3 1308 1305 1303
3 1315 1318 1312
3 1315 1312 1308
3 1321 1325 1318
3 1321 1318 1315
3 1327 1329 1325
3 1327 1325 1321
3 1333 1337 1329
3 1333 1329 1327
3 1340 1337 1333
3 1340 1341 1337
3 1345 1341 1340
3 1345 1347 1341
3 1351 1347 1345
3 1351 1355 1347
3 1357 1355 1351
3 1357 1359 1355
3 1363 1359 1357
3 1363 1365 1359
3 1368 1365 1363
3 1368 1373 1365
3 1374 1373 1368
3 1374 1379 1373
3 1380 1379 1374
3 1380 1383 1379
3 1386 1383 1380
3 1389 1383 1386
3 1392 1389 1386
3 1397 1389 1392
3 1400 1397 1392
3 1401 1400 1404
3 1401 1397 1400
3 1407 1404 1410
3 1407 1401 1404
3 1413 1410 1417
3 1413 1407 1410
3 1419 1413 1417
3 1419 1417 1422
3 1426 1419 1422
3 1426 1422 1428
3 1431 1426 1428
3 1431 1428 1434
3 1438 1434 1441
3 1438 1431 1434
3 1443 1441 1446
3 1443 1438 1441
3 1449 1446 1454
3 1449 1443 1446
3 1455 1454 1459
3 1455 1449 1454
3 1461 1459 1464
3 1461 1455 1459
3 1467 1464 1472
3 1467 1461 1464
3 1474 1472 1476
3 1474 1467 1472
3 1480 1476 1482
3 1480 1474 1476
3 1485 1482 1490
3 1485 1480 1482
3 12 1493 1496
3 12 1496 1499
3 12 1499 1500
3 12 1500 1503
3 12 1503 1506
3 12 1506 1509
3 12 1509 1513
3 12 1513 1517
3 12 1517 1519
3 12 1519 1523
3 12 1523 1526
3 12 1526 1527
3 12 1527 1530
3 12 1530 1534
3 12 1534 1538
3 12 1538 1539
3 12 1539 1542
3 12 1542 1546
3 12 1546 1548
3 12 1548 1551
3 12 1551 1556
3 12 1556 1558
3 12 1558 1561
3 12 1561 1565
3 12 1565 1566
3 12 1566 1570
3 12 1570 1572
3 12 1572 1575
3 12 1575 1578
3 12 1578 1583
3 12 1583 1584
3 12 1584 1589
3 12 1589 1590
3 12 1590 1594
3 12 1594 1597
3 12 1597 1601
3 12 1601 1604
3 12 1604 1605
3 12 1605 1609
3 12 1609 1612
3 12 1612 1615
3 12 1615 1619
3 12 1619 1620
3 12 1620 1623
3 12 1623 1627
3 12 1627 1251
3 12 1251 240
3 1629 1490 1632
3 1629 1485 1490
3 1635 1629 1632
3 1635 1632 1640
3 1642 1635 1640
3 1642 1640 1644
3 1647 1644 1652
3 1647 1642 1644
3 1654 1652 1657
3 1654 1647 1652
3 1660 1657 1662
3 1660 1654 1657
3 1666 1662 1668
3 1666 1660 1662
3 1671 1668 1676
3 1671 1666 1668
3 1678 1676 1681
3 1678 1671 1676
3 1683 1681 1688
3 1683 1678 1681
3 1689 1688 1692
3 1689 1683 1688
3 1696 1692 1698
3 1696 1689 1692
3 1701 1698 1705
3 1701 1705 1708
3 1701 1708 1712
3 1701 1712 1714
3 1701 1714 1718
3 1701 1718 1721
3 1701 1721 1722
3 1701 1722 1725
3 1701 1725 1728
3 1701 1728 1733
3 1701 1733 1736
3 1701 1736 1737
3 1701 1737 1740
3 1701 1740 1743
3 1701 1743 1748
3 1701 1748 1749
3 1701 1696 1698
3 1701 1749 1754
3 1701 1754 1756
3 1701 1756 1758
3 1701 1758 1762
3 1701 1762 1764
3 1701 1764 1767
3 1701 1767 1771
3 1 1493 12
3 1 1771 1775
3 1 1775 1776
3 1 1776 1781
3 1 1781 1784
3 1 1784 1785
3 1 1701 1771
3 1 1785 1789
3 1 1789 1793
3 1 1793 1796
3 1 1796 1797
3 1 1797 1800
3 1 1800 1805
3 1 1805 1806
3 1 1806 1811
3 1 1811 1814
3 1 1814 1817
3 1 1817 1818
3 1 1818 1821
3 1 1821 1824
3 1 1824 1828
3 1 1828 1832
3 1 1832 1835
3 1 1835 1838
3 1 1838 1839
3 1 1839 1842
3 1 1842 1845
3 1 1845 1848
3 1 1848 1852
3 1 1852 1855
3 1 1855 1857
3 1 1857 1862
3 1 1862 1863
3 1 1863 1867
3 1 1867 1870
3 1 1870 1872
3 1 1872 1875
3 1 1875 1878
3 1 1878 1881
3 1 1881 1886
3 1 1886 1889
3 1 1889 1493
3 1890 1893 19
3 1896 19 1893
3 1901 1890 19
3 1903 19 1896
3 1905 1901 19
3 1910 19 1903
3 1911 1905 19
3 1915 19 1910
3 1919 1911 19
3 1920 19 1915
3 1925 1919 19
3 1926 19 1920
3 1929 1925 19
3 1934 19 1926
3 1936 1929 19
3 1939 19 1934
3 1941 1936 19
3 1946 19 1939
3 1947 1941 19
3 1950 19 1946
3 1953 1947 19
3 1957 19 1950
3 1959 1953 19
3 1963 19 1957
3 1966 1959 19
3 1970 19 1963
3 1972 1966 19
3 1975 19 1970
3 1978 1972 19
3 1980 19 1975
3 1984 1978 19
3 1987 19 1980
3 1991 1984 19
3 1994 19 1987
3 1996 1991 19
3 1999 19 1994
3 2001 1996 19
3 2004 19 1999
3 2007 2001 19
3 2012 19 2004
3 2014 2007 19
3 2018 19 2012
3 2021 2014 19
3 2024 19 2018
3 2025 2021 19
3 2028 10 19
3 2028 19 2024
3 2031 10 2028
3 2036 10 2031
3 2039 10 2036
3 2041 10 2039
3 2045 10 2041
3 2047 10 2045
3 2049 10 2047
3 2054 10 2049
3 2055 10 2054
3 2060 10 2055
3 2061 10 2060
3 2064 10 2061
3 2067 10 2064
3 2071 10 2067
3 2073 10 2071
3 2077 10 2073
3 2080 10 2077
3 2084 10 2080
3 2085 10 2084
3 2090 10 2085
3 2093 10 2090
3 2095 10 2093
3 2098 10 2095
3 16 2025 19
3 16 2101 2105
3 16 2105 2107
3 16 2107 2110
3 16 2110 2114
3 16 2114 2116
3 16 2116 2118
3 16 2118 2121
3 16 2121 2126
3 16 2126 2128
3 16 2128 2132
3 16 2132 2134
3 16 2134 2136
3 16 2136 2139
3 16 2139 2142
3 16 2142 2147
3 16 2147 2148
3 16 2148 2153
3 16 2153 2156
3 16 2156 2157
3 16 2157 2160
3 16 2160 2165
3 16 2165 2167
3 16 2167 2170
3 16 2170 2025
3 2173 10 2098
3 2177 2101 16
3 2178 10 2173
3 2183 2177 16
3 2185 10 2178
3 2187 2183 16
3 2191 10 2185
3 2193 2187 16
3 2198 10 2191
3 2200 2193 16
3 2202 10 2198
3 2205 2200 16
3 2209 10 2202
3 2213 2205 16
3 2214 10 2209
3 2217 2213 16
3 2221 10 2214
3 2224 2217 16
3 2226 10 2221
3 2229 2224 16
3 2233 10 2226
3 2235 2229 16
3 2238 10 2233
3 2242 2235 16
3 2245 10 2238
3 2249 2242 16
3 2252 10 2245
3 2253 2249 16
3 2256 10 2252
3 2259 2253 16
3 2262 10 2256
3 2266 2259 16
3 2268 10 2262
3 2273 2266 16
3 2274 2273 16
3 2279 2274 16
3 2281 2279 16
3 2283 10 2268
3 2283 2268 2286
3 2283 2286 2289
3 2283 2289 2294
3 2283 2294 2295
3 2283 2295 2300
3 2283 2300 2301
3 2283 2301 2305
3 2283 2305 2309
3 2283 2309 2310
3 2283 2310 2315
3 2283 2315 2316
3 2283 2316 2321
3 2283 2321 2322
3 2283 2322 2326
3 2283 2326 2328
3 2283 2328 2331
3 2283 2331 2334
3 2283 2334 2338
3 2283 2338 2340
3 2283 2340 2345
3 2283 2345 2346
3 2283 2346 2350
3 2283 2350 2352
3 2355 2358 2362
3 2355 2362 2366
3 2355 2366 2367
3 2355 2367 2372
3 2355 2372 2373
3 2355 2373 2377
3 2355 2377 2380
3 2355 2380 2384
3 2355 2384 2387
3 2355 2387 2388
3 2355 2388 2393
3 2355 2393 2396
3 2355 2396 2398
3 2355 2398 2400
3 2355 2400 2405
3 2355 2405 2408
3 2355 2408 2409
3 2355 2409 2414
3 2355 2414 2415
3 2355 2415 2281
3 2355 2281 16
3 2418 2352 2421
3 2418 2283 2352
3 2424 2429 2358
3 2424 2358 2355
3 2430 2418 2421
3 2430 2421 2435
3 2437 2439 2429
3 2437 2429 2424
3 2443 2430 2435
3 2443 2435 2445
3 2449 2451 2439
3 2449 2439 2437
3 2456 2443 2445
3 2456 2445 2457
3 2462 2463 2451
3 2462 2451 2449
3 2466 2456 2457
3 2466 2457 2469
3 2472 2475 2463
3 2472 2463 2462
3 2478 2466 2469
3 2478 2469 2481
3 2485 2488 2475
3 2485 2475 2472
3 2490 2478 2481
3 2490 2481 2495
3 2496 2501 2488
3 2496 2488 2485
3 2503 2490 2495
3 2503 2495 2505
3 2510 2512 2501
3 2510 2501 2496
3 2514 2503 2505
3 2514 2505 2517
3 2520 2512 2510
3 2520 2524 2512
3 2526 2514 2517
3 2526 2517 2529
3 2532 2524 2520
3 2532 2535 2524
3 2538 2529 2541
3 2538 2526 2529
3 2545 2535 2532
3 2545 2548 2535
3 2551 2541 2554
3 2551 2538 2541
3 2557 2548 2545
3 2557 2561 2548
3 2562 2554 2566
3 2562 2551 2554
3 2568 2561 2557
3 2568 2572 2561
3 2574 2566 2577
3 2574 2562 2566
3 2580 2572 2568
3 2580 2585 2572
3 2586 2577 2591
3 2586 2574 2577
3 2592 2585 2580
3 2592 2595 2585
3 2598 2591 2601
3 2598 2586 2591
3 2605 2595 2592
3 2605 2607 2595
3 2610 2601 2614
3 2610 2598 2601
3 2616 2607 2605
3 2616 2619 2607
3 2624 2614 2626
3 2624 2610 2614
3 2630 2631 2619
3 2630 2619 2616
3 2634 2626 2637
3 2634 2624 2626
3 2640 2644 2631
3 2640 2631 2630
3 2646 2637 2650
3 2646 2634 2637
3 2652 2644 2640
3 2652 2657 2644
3 2658 2646 2650
3 2658 2650 2661
3 2666 2657 2652
3 2666 2667 2657
3 2671 2658 2661
3 2671 2661 2674
3 2678 2667 2666
3 2678 2679 2667
3 2684 2674 2687
3 2684 2671 2674
3 2689 2679 2678
3 2689 2691 2679
3 2694 2684 2687
3 2694 2687 2697
3 2702 2691 2689
3 2702 2703 2691
3 2708 2694 2697
3 2708 2697 2709
3 2713 2703 2702
3 2713 2715 2703
3 2718 2708 2709
3 2718 2709 2721
3 2724 2715 2713
3 2724 2728 2715
3 2732 2718 2721
3 2732 2721 2734
3 2736 2728 2724
3 2736 2741 2728
3 2742 2732 2734
3 2742 2734 2745
3 2750 2741 2736
3 2750 2751 2741
3 2754 2751 2750
3 2754 2742 2745
3 2754 2745 2751
3 2283 1701 1
3 2283 1 10
3 754 2758 2763
3 754 243 2758
3 2765 2770 2772
3 2775 2773 2778
3 2774 2765 2772
3 2781 2779 2785
3 2782 2775 2778
3 2789 2786 2795
3 2790 2783 2787
3 2797 2794 2802
3 2798 2791 2793
3 2805 2801 2809
3 2805 2799 2801
3 2813 2808 2816
3 2811 2817 2820
3 2814 2804 2806
3 2822 2821 2827
3 2823 2810 2818
3 2832 2825 2828
3 2831 2829 2836
3 2841 2833 2835
3 2840 2837 2844
3 2847 2839 2842
3 2848 2843 2853
3 2855 2849 2852
3 2857 2851 2860
3 2862 2856 2859
3 2865 2861 2868
3 2873 2864 2867
3 2871 2869 2876
3 2872 2875 2880
3 2883 2872 2880
3 2890 2893 2898
3 2888 2900 2903
3 2887 2902 2907
3 2909 2905 2914
3 2912 2915 2916
3 2911 2889 2906
3 2921 2910 2919
3 2923 2918 2926
3 2930 2920 2925
3 2928 2927 2932
3 2938 2931 2934
3 2936 2935 2942
3 2938 2941 2945
3 2948 2944 2951
3 2950 2953 2956
3 2950 2937 2946
3 2961 2965 2968
3 2960 2967 2969
3 2958 2970 2974
3 2976 2958 2974
3 2982 2884 2879
3 2980 2878 2964
3 2978 2963 2957
3 2985 2958 2976
3 2986 2979 2959
3 2987 2973 2991
3 2987 2975 2973
3 2994 2984 2977
3 2998 2992 3001
3 2997 2988 2993
3 3003 2975 2987
3 3003 2995 2975
3 3007 2996 3002
3 3013 3005 2989
3 3010 2988 2997
3 3016 3014 2998
3 3019 2996 3007
3 3020 2999 3024
3 3020 3006 2999
3 3028 3017 3009
3 3029 3025 3034
3 3030 3021 3026
3 3036 3027 3008
3 3035 3006 3020
3 3040 3029 3034
3 3041 3037 3022
3 3043 3031 3039
3 3044 3021 3030
3 3045 3033 3049
3 3045 3038 3033
3 3052 755 2760
3 3059 3050 3064
3 3058 753 3055
3 3066 3061 3071
3 3066 3056 3061
3 3065 3073 3074
3 3078 3065 3074
3 3079 3075 3080
3 3084 3081 3086
3 3083 3079 3080
3 3088 3092 3093
3 3089 3085 3091
3 3089 3082 3085
3 3099 3090 3094
3 3102 3108 3111
3 3114 3109 3115
3 3114 3103 3109
3 3119 3112 3116
3 3120 3118 3124
3 3125 3120 3124
3 3130 3123 3131
3 3130 3126 3123
3 3138 3120 3125
3 3136 3113 3121
3 3139 3129 3134
3 3140 3132 3146
3 3150 3126 3130
3 3147 3137 3127
3 3152 3141 3142
3 3154 3148 3128
3 3153 3129 3139
3 3157 3143 3159
3 3156 3151 3144
3 3162 3153 3139
3 3164 3141 3152
3 3166 3164 3152
3 3171 3160 3173
3 3170 3155 3161
3 3175 3169 3151
3 3175 3151 3156
3 3181 3171 3173
3 3178 3174 3184
3 3180 3185 3186
3 3191 3176 3157
3 3190 3155 3170
3 3192 3171 3181
3 3193 3190 3170
3 3195 3192 3181
3 3197 3194 3182
3 3198 3196 3179
3 3198 3179 3189
3 3200 3188 3201
3 3204 3211 119
3 3220 3222 3223
3 3218 3227 3234
3 3219 3233 3221
3 3235 3220 3223
3 3236 3225 3238
3 3240 3237 3239
3 3240 3239 3243
3 3249 3245 3254
3 3247 3251 3255
3 3249 3241 3245
3 3259 3209 116
3 3261 3257 3208
3 3263 3247 3255
3 3265 2761 2885
3 3264 2881 2983
3 3269 3266 2981
3 3270 2979 2986
3 3274 3267 3271
3 3276 3273 3269
3 3281 3004 3011
3 3284 2995 3003
3 3280 3278 3272
3 3280 2984 2994
3 3280 3272 2984
3 3283 3012 3015
3 3286 3048 3290
3 3286 3046 3048
3 3291 3285 3287
3 3294 3293 3289
3 3296 3287 3300
3 3301 3292 3297
3 3308 3275 3282
3 3309 3017 3028
3 3303 3279 3018
3 3304 3027 3036
3 3311 3302 3295
3 3311 3298 3315
3 3310 3314 3318
3 3313 3319 3324
3 3311 3295 3298
3 3327 3304 3036
3 3326 3037 3041
3 3336 3285 3291
3 3330 3046 3286
3 3334 3292 3301
3 3340 3302 3311
3 3340 3333 3302
3 3343 3312 3322
3 3343 3338 3312
3 3346 3344 3323
3 3352 3335 3339
3 3349 3353 3337
3 3358 3350 3342
3 3359 3320 3361
3 3359 3348 3320
3 3366 3338 3343
3 3367 3357 3341
3 3370 3362 3371
3 3369 3360 3364
3 3377 3344 3346
3 3375 3368 3345
3 3378 3370 3371
3 3381 3377 3346
3 3385 3348 3359
3 3384 3380 3347
3 3387 3379 3373
3 3387 3373 3393
3 3394 3385 3359
3 3395 3360 3369
3 3396 3390 3402
3 3397 3389 3392
3 3404 3395 3369
3 3403 3370 3378
3 3409 3086 3081
3 3405 3414 3422
3 3410 3063 3051
3 3412 3072 3062
3 3411 3054 3413
3 3408 3080 3075
3 3407 3076 3070
3 3424 3396 3402
3 3428 3406 3423
3 3428 3087 3406
3 3427 3091 3085
3 3432 3379 3387
3 3430 3403 3378
3 3437 3093 3092
3 3436 3427 3420
3 3437 3439 3441
3 3436 3091 3427
3 3435 3421 3440
3 3434 3443 3444
3 3449 3452 3455
3 3463 962 950
3 3464 978 963
3 3463 3467 3473
3 3465 3472 3451
3 3474 3450 3459
3 3476 3475 3454
3 3478 3452 3449
3 3479 3450 3474
3 3478 977 3466
3 3478 3466 3452
3 3484 3454 3485
3 3482 3477 3460
3 3490 991 975
3 3490 975 3479
3 3489 3475 3476
3 3490 3479 3474
3 3492 3488 3498
3 3495 3502 3503
3 3496 3504 3506
3 3491 3483 3487
3 3511 1003 989
3 3512 990 3489
3 3511 3477 3482
3 3512 3489 3476
3 3514 3494 3510
3 3516 3511 3482
3 3516 1003 3511
3 3523 3481 3497
3 3519 1001 3517
3 3519 1014 1001
3 3521 1022 1013
3 3522 3518 3480
3 3526 3529 3536
3 3526 3538 3529
3 3541 3535 3547
3 3542 3528 3533
3 3550 3540 3546
3 3551 3548 3556
3 3551 3549 3548
3 3562 3564 3568
3 3563 3569 3572
3 3574 3554 3580
3 3575 3552 3555
3 3583 3558 3570
3 3582 3573 3587
3 3591 3560 3581
3 3593 3576 3579
3 3598 3540 3550
3 3604 3582 3587
3 3603 3592 3584
3 3606 3597 3549
3 3606 3549 3551
3 3608 3578 3566
3 3608 3594 3578
3 3609 3564 3562
3 3612 3106 3104
3 3612 3585 3106
3 3610 3600 3588
3 3614 3552 3575
3 3613 3605 3553
3 3622 3561 3590
3 3619 3589 3602
3 3620 3607 3559
3 3625 3576 3593
3 3624 3615 3574
3 3628 3625 3593
3 3630 3594 3608
3 3630 3627 3594
3 3634 3607 3620
3 3634 3631 3607
3 3638 3635 3617
3 3639 3637 3616
3 3646 3618 3601
3 3644 3611 3105
3 3649 3600 3610
3 3647 3642 3621
3 3655 3641 3648
3 3656 3137 3147
3 3664 3165 3168
3 3665 3167 3177
3 3662 3190 3193
3 3661 3176 3191
3 3667 3660 3192
3 3667 3192 3195
3 3670 3666 3194
3 3671 3196 3198
3 3670 3194 3197
3 3674 3666 3670
3 3673 3663 3668
3 3678 3163 3661
3 3679 3663 3673
3 3675 3658 3149
3 3680 3148 3154
3 3675 3153 3162
3 3681 3674 3670
3 3683 3682 3671
3 3686 3671 3198
3 3687 3684 3669
3 3691 3202 3697
3 3693 3698 3699
3 3690 3200 3201
3 3703 3214 3685
3 3703 3685 3200
3 3707 3199 3694
3 3708 3712 3212
3 3710 3213 3706
3 3720 3723 3727
3 3719 3731 3722
3 3718 3729 3735
3 3717 3734 3738
3 3742 3221 3233
3 3746 3747 3751
3 3742 3752 3753
3 3754 3221 3742
3 3754 3742 3753
3 3754 3753 3756
3 3761 3223 3222
3 3761 3222 3755
3 3761 3755 3759
3 3769 3252 3244
3 3762 3256 3253
3 3763 3206 3258
3 3765 3775 3205
3 3767 3757 3774
3 3766 3224 3760
3 3766 3760 3758
3 3768 3238 3225
3 3764 3243 3239
3 3777 410 424
3 3778 400 411
3 3786 3739 3789
3 3785 3716 3741
3 3787 3781 3715
3 3795 3783 3791
3 3798 3782 3784
3 3797 400 3778
3 3801 3796 3789
3 3803 401 3799
3 3803 3783 3795
3 3803 3799 3783
3 3803 391 401
3 3805 3800 3790
3 3806 392 3802
3 3806 3796 3801
3 3807 382 393
3 3806 3802 3796
3 3808 3804 3793
3 3812 3804 3808
3 3811 3800 3805
3 3811 3807 3800
3 3811 382 3807
3 3818 3809 3819
3 3815 3820 3823
3 3817 3812 3808
3 3817 380 3812
3 3816 372 381
3 3815 361 373
3 3826 2762 3268
3 3828 3273 3276
3 3829 3277 3306
3 3828 3266 3273
3 3834 3830 3307
3 3833 2760 3827
3 3836 2760 3833
3 3839 3837 3831
3 3840 3832 3305
3 3838 3307 3842
3 3845 2760 3836
3 3848 3417 3053
3 3845 3052 2760
3 3853 3043 3039
3 3852 3038 3045
3 3854 3328 3042
3 3849 3046 3330
3 3858 3846 3835
3 3857 3837 3839
3 3855 3838 3842
3 3856 3415 3847
3 3855 3842 3418
3 3859 3851 3331
3 3862 3332 3355
3 3864 3325 3852
3 3865 3850 3863
3 3870 3304 3327
3 3870 3843 3304
3 3875 3844 3872
3 3876 3416 3841
3 3877 3869 3883
3 3878 3874 3871
3 3888 3868 3329
3 3888 3882 3868
3 3887 3325 3864
3 3890 3877 3883
3 3892 3874 3878
3 3891 3419 3873
3 3895 3860 3356
3 3897 3866 3861
3 3895 3886 3867
3 3902 3879 3885
3 3901 3889 3898
3 3904 3894 3354
3 3904 3354 3351
3 3907 3422 3414
3 3908 3416 3893
3 3909 3441 3439
3 3911 3440 3421
3 3910 3448 3442
3 3906 3883 3445
3 3906 3890 3883
3 3913 3900 3899
3 3916 3365 3374
3 3918 3905 3350
3 3918 3350 3358
3 3919 3357 3367
3 3917 3376 3382
3 3920 3912 3896
3 3923 3894 3904
3 3922 3905 3918
3 3924 3920 3896
3 3926 3401 3931
3 3927 3933 3936
3 3928 3425 3399
3 3937 3929 3934
3 3937 3934 3943
3 3944 3930 3939
3 3947 3942 3951
3 3947 3938 3942
3 3953 3945 3940
3 3958 3954 3938
3 3958 3938 3947
3 3963 3957 3948
3 3965 3952 3967
3 3964 3966 3969
3 3963 3948 3950
3 3980 3383 3386
3 3981 3385 3394
3 3979 3403 3430
3 3977 3917 3382
3 3976 3395 3404
3 3987 3914 3975
3 3982 3921 3915
3 3993 3447 3880
3 3988 3433 3446
3 3996 3985 3978
3 3998 3994 3973
3 4008 3425 3928
3 4003 3929 3946
3 4004 3945 3953
3 4009 3438 3990
3 4009 3095 3438
3 4018 3957 3963
3 4020 3955 3959
3 4017 4007 3956
3 4021 4010 3991
3 4024 4022 3992
3 4025 4015 3962
3 4032 4005 4019
3 4034 4033 4016
3 4040 3961 3971
3 4039 4027 3960
3 4038 3972 4041
3 4048 4010 4021
3 4051 4035 4013
3 4052 4011 4045
3 4053 3096 4012
3 4054 4062 3100
3 4055 4064 4059
3 4058 3101 3097
3 4070 4038 4041
3 4069 4043 4071
3 4075 3456 4046
3 4076 4022 4024
3 4076 4049 4022
3 4077 4050 4014
3 4078 4015 4025
3 4079 4069 4071
3 4083 4078 4025
3 4084 4026 4037
3 4084 4082 4026
3 4086 4081 4073
3 4086 4073 4092
3 4093 4085 4038
3 4093 4038 4070
3 4095 4091 4101
3 4097 4088 4089
3 4103 4044 3458
3 4102 4065 4056
3 4104 4057 4047
3 4105 3473 3467
3 4106 3451 3472
3 4107 3457 3453
3 4108 3468 4068
3 4109 4069 4079
3 4109 4094 4069
3 4111 4095 4101
3 4116 4081 4086
3 4114 4110 4080
3 4124 4067 3470
3 4122 4061 4066
3 4128 4133 4138
3 4132 3505 3499
3 4131 3506 3504
3 4143 3469 3461
3 4145 949 936
3 4144 4121 3471
3 4142 3462 948
3 4148 4141 937
3 4146 921 909
3 4147 935 922
3 4150 4156 4160
3 4169 4151 4163
3 4171 4168 4165
3 4172 4170 4164
3 4175 4168 4171
3 4177 4152 4167
3 4178 984 997
3 4174 970 983
3 4178 997 4151
3 4180 4158 4190
3 4184 4189 4192
3 4181 4195 4197
3 4179 4198 4200
3 4183 4193 4196
3 4201 4173 4161
3 4203 4162 4182
3 4205 4170 4172
3 4204 4173 4201
3 4205 4176 4170
3 4205 969 4176
3 4207 4199 4212
3 4208 4179 4200
3 4217 4204 4201
3 4216 956 971
3 4217 967 4204
3 4221 916 928
3 4220 4210 4215
3 4223 4219 929
3 4228 942 954
3 4229 930 943
3 4224 4218 4202
3 4226 4203 4182
3 4224 957 4218
3 4227 4185 4209
3 4225 4206 4222
3 4233 916 4221
3 4233 4221 4213
3 4235 4239 4245
3 4235 4246 4239
3 4252 4242 4255
3 4253 4237 4244
3 4258 4267 4269
3 4261 4270 4273
3 4276 4252 4255
3 4279 4274 4282
3 4278 4260 4272
3 4287 4257 4264
3 4286 4266 4263
3 4284 4275 4256
3 4291 4283 4292
3 4290 4277 4281
3 4296 4260 4278
3 4295 4277 4290
3 4300 4285 4262
3 4301 4295 4290
3 4309 4297 4304
3 4306 4260 4296
3 4308 4298 4259
3 4313 4302 4291
3 4317 4252 4276
3 4325 4291 4292
3 4320 4294 4328
3 4324 4327 3530
3 4321 4314 4289
3 4323 3531 3539
3 4330 4275 4284
3 4330 4319 4275
3 4331 4288 4299
3 4332 4329 4287
3 4334 4298 4308
3 4335 4331 4299
3 4339 4334 4308
3 4343 4338 4305
3 4345 4342 4306
3 4347 4344 4310
3 4358 4311 4303
3 4359 4302 4313
3 4355 4312 4322
3 4354 4320 3537
3 4357 4350 4307
3 4361 3597 3606
3 4363 3605 3613
3 4360 3615 3624
3 4362 3623 3629
3 4371 4375 4369
3 4377 3103 3114
3 4379 3113 3136
3 4380 3650 3104
3 4381 3135 3657
3 4385 3626 3633
3 4385 4364 3626
3 4388 3632 3636
3 4384 3635 3638
3 4383 3637 3639
3 4389 4382 3640
3 4389 3640 3654
3 4394 3645 4376
3 4393 3652 3643
3 4400 4390 3651
3 4398 3653 4395
3 4403 4367 4387
3 4405 4372 4368
3 4411 4377 3659
3 4409 4399 4392
3 4412 4391 4378
3 4415 4408 4386
3 4416 4382 4389
3 4417 4390 4400
3 4419 4414 4396
3 4420 516 4424
3 4420 4424 4432
3 4420 507 516
3 4435 4418 4397
3 4436 4435 4397
3 4443 4429 4446
3 4442 4421 4433
3 4447 4398 4410
3 4451 4438 4401
3 4449 4458 4439
3 4450 4411 3659
3 4459 4468 4470
3 4464 4440 4445
3 4462 4472 4473
3 4464 4445 4479
3 4461 4478 4466
3 4480 4463 4476
3 4492 3727 3723
3 4489 4497 4499
3 4490 3733 3728
3 4503 3658 3675
3 4503 3675 4510
3 4506 4456 4448
3 4502 4450 3659
3 4512 4422 4444
3 4515 4441 4465
3 4514 501 508
3 4516 492 502
3 4518 509 4423
3 4520 4460 4488
3 4520 4517 4460
3 4523 4452 4504
3 4525 3674 3681
3 4527 3682 3683
3 4527 3683 3686
3 4524 3688 3215
3 4526 3677 3672
3 4531 4519 4484
3 4534 4513 4521
3 4534 490 4513
3 4532 477 493
3 4535 4529 3211
3 4537 4508 3677
3 4539 3676 4528
3 4538 4525 4536
3 4541 4530 4483
3 4542 4507 4509
3 4543 4522 4505
3 4544 4511 3773
3 4547 4533 4519
3 4546 4530 4541
3 4547 479 4533
3 4547 4519 4531
3 4550 4545 3776
3 4548 4452 4523
3 4551 4522 4543
3 4554 4540 4482
3 4557 4535 3211
3 4556 4538 4536
3 4563 3701 4568
3 4565 4566 4569
3 4561 3692 3702
3 4577 4540 4554
3 4576 463 480
3 4574 450 462
3 4575 4546 4541
3 4575 476 4546
3 4579 450 4574
3 4580 4486 4585
3 4579 4553 4487
3 4581 4573 4552
3 4586 3751 3747
3 4587 3753 3752
3 4588 3774 3757
3 4587 3756 3753
3 4589 4549 3773
3 4590 4452 4548
3 4590 3750 4452
3 4595 3749 3745
3 4594 4457 3748
3 4596 3771 4508
3 4596 4508 4537
3 4597 4538 4556
3 4602 4598 4555
3 4603 3214 3207
3 4604 3770 4599
3 4601 3210 3772
3 4600 4557 3211
3 4608 4613 4615
3 4606 4616 3714
3 4605 3704 3695
3 4607 3709 3705
3 4607 3689 4558
3 4607 3713 3709
3 4618 4621 4591
3 4618 4622 4621
3 4628 4592 3744
3 4625 4619 4593
3 4627 3743 3230
3 4632 4622 4618
3 4629 4619 4625
3 4633 3788 4624
3 4636 3819 3809
3 4638 3823 3820
3 4639 4644 3821
3 4637 3792 4631
3 4634 3810 3794
3 4646 4653 4645
3 4652 3231 3228
3 4651 4626 3232
3 4650 4629 4625
3 4649 3226 4657
3 4648 4643 4640
3 4647 4635 4630
3 4658 3824 4641
3 4659 4642 4655
3 4665 3825 4661
3 4667 3813 3822
3 4669 364 3814
3 4668 351 363
3 4675 354 4666
3 4673 343 352
3 4672 335 344
3 4678 3925 3983
3 4679 3884 3903
3 4680 3912 3920
3 4681 3900 3913
3 4680 3920 3924
3 4683 3879 4682
3 4686 3388 3398
3 4685 3396 3424
3 4686 3429 3388
3 4687 3426 4002
3 4689 3879 4683
3 4694 3983 4695
3 4692 4677 3984
3 4691 4684 4676
3 4691 4690 4684
3 4703 4687 4002
3 4705 3973 3432
3 4706 3431 4688
3 4704 4685 4701
3 4710 3989 3881
3 4711 3879 4689
3 4708 4714 4023
3 4709 4024 3992
3 4708 4695 4714
3 4712 4693 4698
3 4707 4690 4691
3 4718 4704 4701
3 4727 3999 3974
3 4726 3973 4705
3 4722 4704 4718
3 4730 4724 4720
3 4734 4700 4006
3 4735 4001 4030
3 4736 4717 4702
3 4737 4731 4719
3 4743 4725 4729
3 4742 4728 4736
3 4744 3986 3995
3 4744 4696 3986
3 4746 3994 3998
3 4752 4723 4740
3 4753 4748 4000
3 4749 4758 4747
3 4751 3997 4721
3 4761 4715 4699
3 4766 4696 4744
3 4765 4762 4697
3 4764 4745 4757
3 4769 4060 4119
3 4771 3079 3083
3 4770 3067 3077
3 4768 3082 3089
3 4767 3098 4063
3 4769 3090 3099
3 4777 4732 4031
3 4776 4738 4733
3 4782 4741 4774
3 4780 4750 4739
3 4785 4773 4028
3 4786 4029 4036
3 4788 4764 4757
3 4787 4760 4763
3 4790 4772 4125
3 4791 3068 4771
3 4792 3057 3069
3 4795 4781 4778
3 4800 4773 4785
3 4797 4796 4775
3 4807 4134 4713
3 4805 4138 4133
3 4802 4760 4787
3 4803 4716 4759
3 4804 4788 4757
3 4808 4127 3501
3 4810 4713 4134
3 4809 4023 4714
3 4809 3459 4074
3 4813 4135 4130
3 4812 3485 3454
3 4811 3500 3486
3 4809 4074 4023
3 4815 4819 4823
3 4814 4821 4826
3 4829 4818 4816
3 4831 4099 4820
3 4828 4113 4100
3 4832 4814 4826
3 4835 4830 4814
3 4835 4814 4832
3 4841 4793 4123
3 4838 4140 4146
3 4837 4120 4139
3 4840 4149 910
3 4839 908 894
3 4845 4834 4824
3 4846 4827 4848
3 4852 4836 4833
3 4855 4851 4834
3 4855 4834 4845
3 4858 4844 4850
3 4859 4847 4864
3 4865 4085 4093
3 4866 4094 4109
3 4870 4856 4844
3 4870 4844 4858
3 4876 4110 4114
3 4875 4866 4109
3 4878 4857 4861
3 4882 4872 4860
3 4881 4862 4885
3 4880 4886 4889
3 4892 4866 4875
3 4893 4896 4867
3 4900 4891 4877
3 4902 4801 4755
3 4901 4136 4806
3 4906 4899 4873
3 4911 4851 4855
3 4918 4836 4852
3 4917 4113 4828
3 4916 4830 4835
3 4921 4136 4901
3 4920 4126 4137
3 4922 3507 4129
3 4924 4919 4904
3 4929 4913 4854
3 4930 4853 4869
3 4932 4871 4878
3 4940 4925 4905
3 4939 4903 4943
3 4947 4915 4928
3 4951 4933 4879
3 4956 4919 4924
3 4957 3509 4923
3 4960 4944 4935
3 4965 4952 4883
3 4964 4879 4888
3 4969 4938 4941
3 4971 4973 4978
3 4970 4942 4972
3 4980 4926 4936
3 4981 4954 4927
3 4983 4191 4166
3 4979 4966 4188
3 4980 4159 4953
3 4982 4937 4968
3 4984 4154 3513
3 4986 3508 4955
3 4985 4953 4159
3 4986 3515 3508
3 4985 4159 4155
3 4988 4959 4932
3 4993 4890 4997
3 4993 4963 4890
3 4999 4987 4934
3 5000 4933 4951
3 5002 4998 4931
3 5006 4996 5010
3 5005 4992 4995
3 5012 4950 4962
3 5013 5001 4949
3 5015 5004 5011
3 5022 4963 4993
3 5021 5012 4962
3 5027 3513 4154
3 5024 4157 4153
3 5026 3494 3514
3 5023 3520 3493
3 5029 4197 4195
3 5031 4200 4198
3 5033 3521 5025
3 5032 5024 4153
3 5038 4212 4199
3 5038 5030 5040
3 5035 5041 5044
3 5038 4199 5030
3 5036 5043 5046
3 5052 1021 3524
3 5053 3525 5034
3 5050 1009 1020
3 5051 996 1008
3 5051 4153 996
3 5051 5032 4153
3 5060 902 917
3 5059 890 901
3 5056 5064 5068
3 5058 915 4231
3 5057 4234 5063
3 5075 5055 5067
3 5077 5074 5072
3 5079 5078 5071
3 5084 5054 5076
3 5083 5074 5077
3 5082 877 888
3 5081 864 878
3 5082 888 5055
3 5092 5095 5097
3 5090 5100 5102
3 5088 5066 5104
3 5086 5108 5094
3 5085 5098 5099
3 5111 5065 5091
3 5112 5080 5073
3 5114 864 5081
3 5115 5080 5112
3 5114 5078 5079
3 5114 5081 5078
3 5116 5101 5122
3 5119 5093 5103
3 5127 5115 5112
3 5128 853 865
3 5127 863 5115
3 5132 5117 5121
3 5133 735 741
3 5135 5089 5118
3 5140 5126 5110
3 5140 850 5126
3 5134 5130 739
3 5136 748 851
3 5138 742 747
3 5139 5120 5131
3 5137 5113 5087
3 5145 733 5129
3 5145 5129 5124
3 5146 5150 5153
3 5146 5153 5159
3 5162 5148 5158
3 5162 5158 5167
3 5172 5174 5179
3 5173 5180 5182
3 5184 5160 5165
3 5189 5183 5193
3 5189 5169 5183
3 5198 5175 5168
3 5194 5185 5164
3 5194 5164 5177
3 5201 5191 5204
3 5199 5188 5190
3 5210 5197 5170
3 5211 5171 5186
3 5213 5187 5200
3 5217 5205 5221
3 5215 5201 5204
3 5226 5212 5202
3 5225 5203 5218
3 5227 5208 5168
3 5230 5171 5211
3 5237 5160 5184
3 5239 5224 5219
3 5241 5234 5185
3 5241 5185 5194
3 5243 5240 5220
3 5247 5195 5207
3 5248 5242 5196
3 5250 5222 5257
3 5251 5256 4241
3 5252 5217 5221
3 5249 4240 4247
3 5254 5245 5216
3 5258 5208 5227
3 5259 5246 5209
3 5261 5258 5227
3 5263 5260 5232
3 5264 5262 5233
3 5272 5265 5229
3 5281 5250 4248
3 5280 5244 5253
3 5279 5268 5228
3 5278 5212 5226
3 5277 5231 5214
3 5274 5224 5239
3 5273 5240 5243
3 5282 4319 4330
3 5283 4329 4332
3 5284 4331 4335
3 5285 4333 4337
3 5292 5296 5286
3 5301 4354 3537
3 5302 3538 3526
3 5303 3544 3599
3 5304 3527 3543
3 5308 4336 4341
3 5306 5287 4340
3 5307 4342 4345
3 5310 4346 4349
3 5313 4354 5301
3 5318 4356 5314
3 5320 4348 4353
3 5322 5309 4352
3 5324 4351 5316
3 5331 5294 5288
3 5329 5290 5305
3 5332 567 5340
3 5332 5340 5345
3 5332 561 567
3 5348 5317 5315
3 5352 5325 5321
3 5362 5343 5365
3 5361 5334 5346
3 5366 5319 5350
3 5368 5353 5317
3 5370 3596 4366
3 5372 5299 3595
3 5371 5312 5300
3 5371 5349 5312
3 5376 5309 5322
3 5375 5328 5311
3 5377 5373 5326
3 5379 5323 5354
3 5380 5377 5326
3 5382 5364 5389
3 5387 5390 5393
3 5381 5358 5363
3 5383 5392 5394
3 5384 5395 5399
3 5406 5370 4366
3 5407 4365 4374
3 5404 5367 5351
3 5408 5355 5369
3 5405 5349 5371
3 5409 5357 5404
3 5412 5403 4373
3 5410 5378 5356
3 5413 5385 5401
3 5428 4471 4467
3 5429 5433 5436
3 5431 5438 5443
3 5430 4446 4429
3 5427 4479 4445
3 5423 4466 4478
3 5444 5333 5360
3 5446 560 5335
3 5448 5359 5388
3 5447 554 559
3 5449 548 553
3 5450 5445 5383
3 5451 5386 5419
3 5455 547 5445
3 5455 5445 5450
3 5454 541 546
3 5456 5452 5418
3 5458 5457 5417
3 5461 5452 5456
3 5461 5453 5452
3 5461 540 5453
3 5460 5457 5458
3 5462 5412 4373
3 5463 5467 5411
3 5464 4404 5470
3 5466 4375 4371
3 5464 4370 4404
3 5477 5459 5415
3 5483 5459 5477
3 5480 538 5460
3 5480 5460 5458
3 5480 533 538
3 5481 527 532
3 5490 5416 5491
3 5489 4427 514
3 5488 5482 5478
3 5484 5479 5414
3 5484 527 5481
3 5486 522 528
3 5485 515 521
3 5487 5493 4425
3 5498 5465 5471
3 5497 5467 5463
3 5501 4477 4469
3 5501 4469 5425
3 5500 5426 5439
3 5499 5440 5508
3 5503 5507 5509
3 5512 5467 5497
3 5514 5473 5521
3 5517 5496 5476
3 5515 5513 5495
3 5526 4414 4419
3 5522 4418 4435
3 5522 4435 4436
3 5528 4437 4453
3 5527 4402 4413
3 5533 4499 4497
3 5530 5467 5512
3 5535 5519 4500
3 5529 5541 5469
3 5531 4496 5537
3 5532 5516 5518
3 5534 5513 5515
3 5542 5472 4406
3 5545 4407 5524
3 5548 5504 5511
3 5547 5510 5539
3 5552 5525 4455
3 5551 5543 5523
3 5557 4474 5505
3 5556 4485 4475
3 5555 5502 5549
3 5561 5546 5536
3 5559 5554 5550
3 5562 5552 4455
3 5563 5543 5551
3 5568 4498 4494
3 5566 5537 4496
3 5567 5558 5538
3 5564 4493 3726
3 5573 5543 5563
3 5571 4454 4591
3 5569 5520 5474
3 5572 5475 5544
3 5569 4620 5520
3 5571 4591 4621
3 5570 5562 4455
3 5576 5558 5567
3 5575 4481 5554
3 5578 5565 3724
3 5574 5553 5560
3 5579 5577 3725
3 5581 4582 4481
3 5579 3725 3732
3 5580 3730 4583
3 5581 4481 5575
3 5587 3789 3739
3 5586 3740 3737
3 5585 4491 4501
3 5582 4500 5519
3 5583 5520 4620
3 5584 3736 4495
3 5583 4620 4623
3 5583 4623 3790
3 5589 5594 5595
3 5588 5597 5599
3 5602 4572 5610
3 5605 5611 5593
3 5608 5594 5589
3 5606 4562 4570
3 5612 3731 3719
3 5613 3721 3779
3 5614 4583 3730
3 5615 4578 4584
3 5617 5616 3777
3 5618 4578 5615
3 5621 4560 5603
3 5624 4578 5618
3 5625 3780 422
3 5626 5617 3777
3 5624 449 4578
3 5624 437 449
3 5627 421 438
3 5628 5638 5641
3 5629 5639 4612
3 5631 4559 5619
3 5632 4609 4564
3 5633 4614 4610
3 5646 4654 3229
3 5645 3237 3240
3 5643 4660 4656
3 5644 3220 3235
3 5643 3227 3218
3 5647 3242 3246
3 5653 4663 5642
3 5650 3248 3260
3 5652 5645 3250
3 5660 4671 4664
3 5658 4672 4670
3 5657 334 4674
3 5656 324 333
3 5659 4662 5651
3 5662 859 752
3 5663 3060 4789
3 5664 872 858
3 5665 882 871
3 5666 896 883
3 5667 4842 897
3 5661 4794 4843
3 5668 753 3058
3 5673 4799 4784
3 5671 4898 4798
3 5672 4783 4035
3 5672 4035 4051
3 5674 4078 4083
3 5669 4084 4868
3 5669 4082 4084
3 5670 4050 4077
3 5669 4868 4895
3 5679 4754 4779
3 5678 4756 4750
3 5677 4781 4795
3 5676 4796 4797
3 5675 4798 4898
3 5675 4898 5680
3 5682 4118 4087
3 5685 4112 4912
3 5684 4095 4111
3 5682 4087 4096
3 5686 5675 5680
3 5687 4756 5678
3 5690 4115 5683
3 5688 5685 4912
3 5695 4117 5691
3 5697 4907 4874
3 5694 4873 4116
3 5699 4977 4974
3 5700 4903 4756
3 5700 4756 5687
3 5699 5680 4977
3 5699 5686 5680
3 5698 4972 4942
3 5700 4943 4903
3 5703 5693 5692
3 5704 4910 5696
3 5711 4914 4946
3 5710 5701 5689
3 5707 5688 4912
3 5713 5705 5709
3 5719 5681 4897
3 5719 4897 4894
3 5720 4891 4900
3 5721 4899 4906
3 5727 4908 5702
3 5726 5701 5716
3 5725 5731 5717
3 5724 5722 4909
3 5733 5718 5728
3 5732 5681 5719
3 5740 5715 5706
3 5734 5708 4948
3 5737 4945 4961
3 5744 5714 5738
3 5743 5723 5712
3 5747 5039 4976
3 5747 4976 5681
3 5747 5681 5732
3 5748 5044 5041
3 5745 5728 5049
3 5746 5046 5043
3 5745 5733 5728
3 5751 5742 5739
3 5753 5757 5762
3 5755 5761 5767
3 5770 5760 5756
3 5772 5014 5009
3 5768 5008 5759
3 5778 4967 4975
3 5776 4976 5039
3 5777 5029 4195
3 5778 4186 4967
3 5775 4194 4187
3 5774 5042 5028
3 5773 4196 4193
3 5779 5752 5765
3 5782 5769 5754
3 5784 5752 5779
3 5786 5780 5764
3 5786 5764 5791
3 5792 5783 5781
3 5794 5793 5780
3 5794 5780 5786
3 5798 5785 5790
3 5799 5789 5802
3 5807 5795 5787
3 5804 5785 5798
3 5815 4987 4999
3 5810 4958 4989
3 5812 5001 5013
3 5811 4998 5002
3 5810 5741 4958
3 5817 5799 5802
3 5822 5808 5800
3 5821 5803 5825
3 5819 5823 5828
3 5833 5012 5021
3 5833 5809 5012
3 5839 5735 5813
3 5837 5750 5736
3 5840 5836 5814
3 5841 5809 5833
3 5844 5843 5832
3 5848 5845 5830
3 5854 5769 5782
3 5853 5783 5792
3 5852 5793 5794
3 5851 5016 5771
3 5859 5047 5730
3 5863 4213 5036
3 5865 5037 5048
3 5870 5806 5817
3 5872 5856 5797
3 5873 5796 5805
3 5876 5864 5045
3 5879 5047 5859
3 5882 5867 5820
3 5890 5855 5868
3 5893 5858 5898
3 5896 5875 5860
3 5902 5889 5871
3 5903 5881 5818
3 5904 5816 5827
3 5909 5901 5874
3 5912 5862 5878
3 5911 4214 5861
3 5917 5897 5921
3 5918 5892 5899
3 5920 5923 5925
3 5928 5905 5829
3 5928 5829 5934
3 5937 5919 5109
3 5939 5069 5913
3 5940 5895 5915
3 5941 5877 5894
3 5938 5106 5070
3 5942 5910 5875
3 5943 5907 5869
3 5947 4232 4211
3 5948 5069 5062
3 5948 5913 5069
3 5949 5061 4230
3 5947 4211 5914
3 5954 5945 5866
3 5952 5867 5882
3 5956 5951 5883
3 5961 5880 5906
3 5957 5905 5928
3 5966 5102 5100
3 5964 5099 5098
3 5969 5122 5101
3 5967 5973 5977
3 5968 5979 5972
3 5969 5963 5982
3 5969 5101 5963
3 5988 5991 5995
3 5983 5996 5999
3 6002 6008 5990
3 6012 5987 5997
3 6013 6000 6015
3 6018 6001 5993
3 6021 5992 5984
3 6022 6010 6016
3 6023 6017 6026
3 6030 6019 5985
3 6032 6010 6022
3 6033 5986 6011
3 6038 6023 6026
3 6039 6034 6023
3 6039 6023 6038
3 6043 6027 5984
3 6044 5987 6031
3 6045 6035 6041
3 6054 6037 6025
3 6054 6025 6057
3 6053 6055 6060
3 6062 6040 6036
3 6064 6037 6054
3 6064 6063 6037
3 6073 6001 6018
3 6068 6020 6028
3 6078 5154 5149
3 6074 6052 6061
3 6075 6065 6051
3 6076 6058 5155
3 6080 6027 6043
3 6083 6072 6029
3 6084 5141 6092
3 6085 732 5144
3 6090 6091 6100
3 6086 726 734
3 6087 721 727
3 6104 6082 6046
3 6108 6088 6101
3 6112 6105 6048
3 6114 6110 6102
3 6116 6111 6044
3 6120 6115 6103
3 6121 720 6088
3 6124 6110 6114
3 6122 6089 6109
3 6121 715 720
3 6123 707 714
3 6126 6117 6047
3 6137 6142 6145
3 6140 6099 6152
3 6139 6155 6158
3 6135 6146 6161
3 6136 6156 6143
3 6166 6098 6134
3 6167 6119 6097
3 6174 6040 6062
3 6173 6049 6042
3 6172 6125 6050
3 6171 6077 5152
3 6175 6063 6064
3 6176 6065 6075
3 6178 6123 6115
3 6178 6115 6120
3 6177 6119 6167
3 6178 707 6123
3 6181 6135 6161
3 6185 6177 6167
3 6185 706 6177
3 6184 700 708
3 6186 6182 6162
3 6197 6138 6180
3 6195 6166 6134
3 6194 695 699
3 6192 6179 6189
3 6198 689 694
3 6196 702 6183
3 6193 6191 687
3 6196 6183 6168
3 6202 6187 6159
3 6203 5234 5241
3 6212 5242 5248
3 6208 6203 5241
3 6210 5246 5259
3 6214 6217 6204
3 6221 6203 6208
3 6220 6213 6205
3 6224 4250 4318
3 6223 5276 4249
3 6225 4246 4235
3 6226 4236 4251
3 6228 5271 5275
3 6237 6227 5276
3 6236 6224 4318
3 6237 5276 6223
3 6242 5270 6231
3 6238 6245 5269
3 6249 613 619
3 6250 6256 6262
3 6250 620 6256
3 6265 6222 6209
3 6272 6259 6276
3 6270 6251 6257
3 6277 6243 6230
3 6286 6281 6229
3 6285 6232 6235
3 6288 6245 6238
3 6294 6268 6273
3 6297 6299 6302
3 6296 6301 6304
3 6295 6314 6300
3 6294 6273 6315
3 6316 6290 6239
3 6321 4316 5291
3 6320 6233 4315
3 6319 6282 6234
3 6318 5297 6283
3 6322 5289 5298
3 6324 6240 6278
3 6325 6317 6241
3 6329 6284 5295
3 6330 6279 6285
3 6327 6323 6280
3 6335 6292 6306
3 6341 5365 5343
3 6342 6349 6351
3 6343 6350 6353
3 6359 5389 5364
3 6356 5365 6341
3 6356 6341 6354
3 6362 6269 6291
3 6363 6248 6271
3 6364 605 612
3 6365 597 606
3 6360 611 6247
3 6369 6366 6293
3 6369 6293 6332
3 6372 592 599
3 6371 598 6361
3 6371 6361 6368
3 6373 6367 6333
3 6376 6374 6339
3 6377 6374 6376
3 6378 593 6370
3 6378 6370 6367
3 6378 6367 6373
3 6380 6375 6337
3 6384 586 591
3 6385 579 585
3 6384 591 6377
3 6384 6377 6376
3 6383 6375 6380
3 6391 6382 6379
3 6390 6394 5338
3 6392 5336 566
3 6389 6336 6393
3 6388 573 580
3 6387 568 574
3 6386 6381 6334
3 6386 579 6385
3 6399 5330 6402
3 6397 6405 6326
3 6401 5296 5292
3 6400 6329 5295
3 6399 5293 5330
3 6414 6416 6418
3 6411 6424 6415
3 6425 6398 6403
3 6426 6405 6397
3 6429 6405 6426
3 6428 6432 6407
3 6427 5436 5433
3 6430 6403 5442
3 6430 6425 6403
3 6431 5432 6433
3 6430 5442 5437
3 6440 6420 6435
3 6441 6410 6419
3 6444 5421 5398
3 6442 6412 6439
3 6447 5400 6413
3 6450 6437 6434
3 6452 6433 5432
3 6451 6445 6438
3 6456 5377 5380
3 6454 6404 5327
3 6455 5410 5468
3 6455 5378 5410
3 6454 5327 5374
3 6456 5373 5377
3 6457 6404 6454
3 6458 6455 5468
3 6462 5434 5424
3 6461 5422 4434
3 6460 6453 5435
3 6468 6446 6449
3 6467 6448 6463
3 6465 6459 4431
3 6464 5420 6443
3 6469 5441 6404
3 6469 5506 5441
3 6469 6404 6457
3 6470 6458 5468
3 6471 5509 5507
3 6470 5468 5540
3 6472 5539 5510
3 6474 5494 5420
3 6474 5420 6464
3 6473 6466 4430
3 6473 4430 4428
3 6475 4426 5492
3 6483 5590 5600
3 6480 5607 5591
3 6478 5623 5604
3 6479 2896 2894
3 6476 5601 6489
3 6484 6488 6492
3 6481 6490 6495
3 6482 6493 6496
3 6477 6498 6500
3 6486 6501 2897
3 6502 2892 6512
3 6509 5620 6476
3 6508 6510 6515
3 6503 6514 6517
3 6504 6518 5637
3 6505 5636 5634
3 6506 6485 2895
3 6507 5630 5622
3 6525 297 306
3 6526 118 295
3 6522 3259 116
3 6521 5655 5648
3 6524 5649 3262
3 6523 325 5654
3 6519 314 323
3 6520 305 315
3 6527 5742 5751
3 6529 5835 6531
3 6529 5749 5835
3 6528 5729 5723
3 6528 5723 5743
3 6534 5017 5850
3 6533 4991 5003
3 6535 5020 4990
3 6532 5004 5015
3 6539 6534 5850
3 6540 5020 6535
3 6542 5729 6528
3 6541 6529 6531
3 6545 5831 5019
3 6543 5018 6537
3 6547 5846 5834
3 6550 5921 5897
3 6548 5898 5858
3 6548 5729 6542
3 6549 6541 6531
3 6548 5858 5729
3 6549 5924 5922
3 6549 6531 5924
3 6554 6546 6538
3 6555 5847 6544
3 6560 6539 5850
3 6557 6551 6536
3 6558 5857 5888
3 6565 6553 6559
3 6567 6530 5838
3 6567 5838 5842
3 6568 5843 5844
3 6569 5845 5848
3 6577 6580 6570
3 6576 5849 6552
3 6574 6551 6562
3 6573 6571 5847
3 6587 6572 6582
3 6586 6530 6567
3 6591 6563 6556
3 6590 6561 5886
3 6595 6606 5930
3 6597 5935 6609
3 6596 6607 6612
3 6600 5929 5936
3 6613 6588 5885
3 6615 6575 6566
3 6616 6564 6592
3 6623 6602 6610
3 6623 6610 6628
3 6625 6627 6632
3 6633 6619 6589
3 6636 6614 5884
3 6638 6587 6582
3 6640 5977 5973
3 6639 5972 5979
3 6638 6582 5978
3 6637 5980 5927
3 6637 6530 6586
3 6637 5927 6530
3 6644 6598 6622
3 6645 6635 6593
3 6649 6636 5884
3 6650 6646 6594
3 6660 5953 5962
3 6657 5944 5950
3 6655 5908 5946
3 6654 6648 5887
3 6653 5891 5900
3 6652 5901 5909
3 6661 6651 6588
3 6661 6588 6613
3 6665 6636 6649
3 6666 6647 6656
3 6663 6661 6613
3 6665 6614 6636
3 6671 5105 5916
3 6671 5916 5926
3 6669 5964 5098
3 6667 5097 5095
3 6668 5981 5965
3 6669 5927 5980
3 6670 5096 5107
3 6676 6603 6601
3 6677 6599 6643
3 6678 6604 6672
3 6681 5958 5932
3 6682 5931 6605
3 6685 6690 6694
3 6701 6683 6692
3 6698 6695 6702
3 6700 6704 6707
3 6711 6687 6696
3 6718 6678 6672
3 6723 5959 6679
3 6722 6680 6716
3 6729 6005 6732
3 6725 6007 6004
3 6728 6697 6706
3 6724 6709 6699
3 6727 6708 6006
3 6737 6664 6658
3 6735 5960 6721
3 6738 6659 5955
3 6739 5974 6583
3 6750 6730 6733
3 6751 6713 6726
3 6755 5970 5975
3 6754 5124 5971
3 6757 5974 6739
3 6761 6756 5976
3 6762 6735 6721
3 6768 6743 6769
3 6766 6759 6742
3 6776 6777 6783
3 6775 6720 6719
3 6775 6763 6720
3 6789 6753 6758
3 6787 5125 6752
3 6794 6799 6801
3 6792 6804 6807
3 6795 6771 6805
3 6792 6807 6798
3 6793 6767 6770
3 6809 6788 6759
3 6810 6764 6796
3 6813 6095 6790
3 6812 6154 6096
3 6808 6760 6765
3 6811 6797 6151
3 6814 6794 6801
3 6814 6150 6794
3 6818 6093 5142
3 6817 6790 6095
3 6817 6095 6094
3 6816 5143 5123
3 6816 5123 6791
3 6820 6153 6815
3 6820 6815 6803
3 6825 6144 6141
3 6823 6819 6802
3 6826 6157 6148
3 6824 6164 6147
3 6827 6143 6156
3 6823 6149 6819
3 6828 6163 6821
3 6832 6745 6734
3 6832 6839 6745
3 6835 6731 6003
3 6835 6003 6070
3 6843 6838 6833
3 6841 6834 6066
3 6845 6779 6778
3 6848 6838 6843
3 6849 6842 6067
3 6850 6847 6844
3 6853 6829 6857
3 6852 6859 6864
3 6853 6160 6829
3 6871 6202 6159
3 6870 6165 6856
3 6878 6081 6106
3 6880 6107 6113
3 6879 6118 6127
3 6877 6071 6079
3 6872 6111 6116
3 6884 6069 6873
3 6881 6849 6067
3 6887 6868 6851
3 6891 6876 6128
3 6895 6892 6129
3 6898 5150 5146
3 6896 6169 5151
3 6899 5147 5163
3 6897 5161 5236
3 6900 6894 6130
3 6903 6131 6170
3 6912 6169 6896
3 6912 6904 6169
3 6910 6897 5236
3 6913 6901 6132
3 6917 6133 6906
3 6920 6882 6874
3 6923 6875 6893
3 6922 6892 6895
3 6924 6894 6900
3 6925 6901 6913
3 6925 6919 6901
3 6927 6916 6902
3 6931 6925 6913
3 6933 6932 6914
3 6935 6928 6907
3 6934 6905 6908
3 6940 6933 6914
3 6943 6215 6938
3 6944 6937 6911
3 6946 5235 6207
3 6942 6206 6216
3 6945 6909 5238
3 6951 6199 6867
3 6952 6869 6890
3 6955 6918 6926
3 6958 6941 6915
3 6965 6190 6200
3 6963 681 688
3 6962 675 680
3 6964 6201 6950
3 6962 686 6188
3 6968 6260 6973
3 6980 6956 6929
3 6983 6936 6218
3 6977 6930 6934
3 6984 6988 6974
3 6986 6973 6260
3 6991 6966 6954
3 6996 7002 6989
3 6998 6988 6984
3 7008 673 6960
3 7005 6961 6994
3 7006 667 674
3 7007 659 668
3 7012 6987 6263
3 7014 6995 6985
3 7012 6263 6252
3 7013 6253 7018
3 7023 7011 7016
3 7023 7000 7011
3 7031 5258 5261
3 7029 5262 5264
3 7028 6289 6264
3 7030 5266 5267
3 7027 6246 6287
3 7031 6267 6211
3 7030 5267 6244
3 7032 5260 5263
3 7031 6211 5258
3 7040 6302 6299
3 7033 6305 6303
3 7034 6298 6312
3 7038 6967 7043
3 7036 6274 6261
3 7037 6313 6275
3 7039 6258 6969
3 7046 6305 7033
3 7047 7035 7041
3 7054 637 646
3 7050 631 638
3 7056 6307 7048
3 7056 7048 7042
3 7060 6266 7063
3 7060 6219 6266
3 7059 6982 6215
3 7057 7065 6979
3 7058 6217 6214
3 7061 6213 6220
3 7076 7079 7021
3 7078 627 632
3 7072 618 626
3 7077 7051 7081
3 7076 631 7050
3 7073 7024 7015
3 7074 7017 6255
3 7075 6254 621
3 7084 7044 7085
3 7084 6308 7055
3 7084 7055 7044
3 7088 7086 7094
3 7088 6309 7083
3 7092 7093 7096
3 7088 7083 7086
3 7092 7096 7100
3 7091 7098 7102
3 7105 7066 7062
3 7106 7060 7063
3 7107 7070 6348
3 7112 7063 6421
3 7110 7066 7105
3 7113 6351 6349
3 7110 6345 7066
3 7111 6353 6350
3 7112 6421 6352
3 7112 7106 7063
3 7117 7103 7108
3 7114 7090 7101
3 7120 7087 7115
3 7123 6338 6311
3 7124 6310 7089
3 7128 7118 7109
3 7125 7121 7116
3 7129 7107 6348
3 7132 6264 6289
3 7132 7064 6264
3 7134 6328 6406
3 7133 6290 6316
3 7131 6317 6325
3 7130 6323 6327
3 7139 7126 6347
3 7137 6346 6344
3 7136 6340 5347
3 7140 7064 7132
3 7141 7130 6408
3 7146 7127 7138
3 7143 6331 7122
3 7145 7135 5344
3 7144 7119 7128
3 7149 6423 7064
3 7147 6435 6420
3 7150 6406 6436
3 7148 6418 6416
3 7151 7141 6408
3 7149 7064 7140
3 7149 6417 6423
3 7152 6331 7143
3 7155 7142 5342
3 7154 5339 6395
3 7153 5341 5337
3 7152 6396 6331
3 7159 6422 6409
3 7158 5393 5390
3 7161 6352 6421
3 7160 5394 5392
3 7161 5391 6358
3 7159 6409 5402
3 7157 6357 6355
3 7156 5397 5396
3 7164 6624 6630
3 7165 6691 6684
3 7166 6631 7168
3 7162 7170 6689
3 7172 6674 6642
3 7171 6641 6620
3 7174 6621 7167
3 7176 6736 7186
3 7180 6646 6650
3 7178 6651 6661
3 7178 6661 6663
3 7177 6579 6618
3 7179 6581 6578
3 7181 6635 6645
3 7176 6662 6736
3 7183 6617 6634
3 7188 6712 6744
3 7190 7165 6684
3 7193 7173 7163
3 7194 6675 7175
3 7192 6686 6710
3 7197 6585 7182
3 7195 7176 7186
3 7201 7189 6749
3 7203 6673 7191
3 7199 6717 6674
3 7208 6801 6799
3 7207 6773 6740
3 7209 6741 6584
3 7205 6807 6804
3 7206 6806 6772
3 7205 6798 6807
3 7210 6585 7197
3 7212 7202 6747
3 7211 6714 7200
3 7215 6746 6837
3 7216 7213 6748
3 7219 6714 7211
3 7220 7214 7217
3 7221 7218 6836
3 7228 6823 6802
3 7227 6831 6822
3 7226 7187 6830
3 7225 7198 7184
3 7224 7204 7196
3 7224 6800 7204
3 7230 6776 6715
3 7230 6777 6776
3 7229 6845 6778
3 7229 6840 6845
3 7229 7223 6840
3 7230 6715 7222
3 7232 7185 6735
3 7234 6763 6775
3 7233 6774 6780
3 7232 6735 6762
3 7235 7185 7232
3 7236 7231 6784
3 7239 6829 7185
3 7239 6857 6829
3 7239 7185 7235
3 7242 6862 6860
3 7241 7238 6786
3 7244 6858 7240
3 7244 7240 7237
3 7249 6785 6846
3 7247 6847 6850
3 7246 6849 6881
3 7246 6881 7251
3 7257 6782 7248
3 7258 7246 7251
3 7260 6974 6988
3 7259 6782 7257
3 7267 7002 6996
3 7266 6889 6854
3 7264 6855 6866
3 7263 6865 7001
3 7270 6976 7261
3 7269 6970 6975
3 7271 7256 7250
3 7270 7261 7255
3 7268 7254 6971
3 7274 7267 6996
3 7275 6888 7265
3 7279 6948 6888
3 7285 6885 7272
3 7284 7022 7280
3 7286 7281 6886
3 7289 7276 6999
3 7288 7282 7273
3 7287 7026 7283
3 7290 6997 7020
3 7297 6925 6931
3 7291 6932 6933
3 7291 6933 6940
3 7294 6939 6959
3 7295 6957 6981
3 7296 6978 7071
3 7292 6883 6921
3 7292 7252 6883
3 7297 6919 6925
3 7300 7252 7292
3 7298 7293 7067
3 7306 6992 6953
3 7305 7010 6993
3 7311 7277 7019
3 7313 6947 7278
3 7307 7025 7082
3 7308 7304 6949
3 7310 7080 7049
3 7318 7252 7300
3 7315 7045 6972
3 7317 7085 7044
3 7316 7094 7086
3 7315 6972 7253
3 7320 7009 7303
3 7319 7312 7052
3 7321 7302 7309
3 7323 662 7004
3 7324 655 661
3 7322 644 653
3 7325 7053 645
3 7326 7068 7109
3 7330 7108 7103
3 7327 7314 7301
3 7327 7093 7314
3 7329 7097 7095
3 7328 7299 7069
3 7327 7100 7096
3 7331 7104 7099
3 7333 6863 7243
3 7336 7003 6861
3 7334 7262 6990
3 7335 6989 7002
3 7337 7245 6781
3 7332 6782 7259
3 7340 117 3217
3 17 117 7340
3 775 773 7341
3 7341 773 7345
3 7346 770 7349
3 774 770 7346
3 7347 766 7351
3 769 766 7347
3 7352 765 7355
3 767 765 7352
3 7354 760 7356
3 764 760 7354
3 7357 757 7361
3 762 757 7357
3 7360 848 7363
3 759 848 7360
3 7364 846 7367
3 849 846 7364
3 7366 842 7370
3 844 842 7366
3 7368 839 7372
3 841 839 7368
3 7373 836 7376
3 840 836 7373
3 7375 832 7378
3 837 832 7375
3 7379 830 7382
3 833 830 7379
3 7380 826 7384
3 831 826 7380
3 7383 823 7387
3 828 823 7383
3 7386 862 7391
3 825 862 7386
3 860 873 7389
3 7389 873 7394
3 875 887 7393
3 7393 887 7396
3 7395 898 7400
3 886 898 7395
3 7399 911 7403
3 900 911 7399
3 912 925 7402
3 7402 925 7406
3 7405 938 7409
3 926 938 7405
3 7407 952 7411
3 939 952 7407
3 7412 966 7415
3 953 966 7412
3 7413 980 7417
3 964 980 7413
3 7416 992 7421
3 981 992 7416
3 7419 1005 7423
3 994 1005 7419
3 7424 1016 7427
3 1006 1016 7424
3 7426 1010 7429
3 1018 1010 7426
3 7430 998 7433
3 1011 998 7430
3 1000 987 7432
3 7432 987 7434
3 986 972 7436
3 7436 972 7439
3 973 958 7438
3 7438 958 7440
3 959 945 7441
3 7441 945 7444
3 946 932 7445
3 7445 932 7447
3 933 919 7446
3 7446 919 7451
3 920 904 7449
3 7449 904 7454
3 906 893 7453
3 7453 893 7456
3 7457 880 7459
3 891 880 7457
3 7458 869 7462
3 881 869 7458
3 7463 855 7465
3 867 855 7463
3 854 751 7466
3 7466 751 7469
3 750 744 7467
3 7467 744 7472
3 745 737 7471
3 7471 737 7474
3 738 729 7475
3 7475 729 7478
3 730 724 7477
3 7477 724 7481
3 723 717 7480
3 7480 717 7484
3 718 711 7483
3 7483 711 7487
3 712 703 7485
3 7485 703 7490
3 704 697 7489
3 7489 697 7491
3 698 690 7492
3 7492 690 7496
3 692 682 7495
3 7495 682 7498
3 684 678 7499
3 7499 678 7502
3 677 670 7501
3 7501 670 7505
3 671 664 7504
3 7504 664 7508
3 663 656 7506
3 7506 656 7509
3 657 651 7511
3 7511 651 7513
3 652 649 7514
3 7514 649 7516
3 7517 640 7520
3 648 640 7517
3 7518 634 7523
3 642 634 7518
3 7522 630 7526
3 635 630 7522
3 7524 622 7529
3 629 622 7524
3 7528 616 7532
3 624 616 7528
3 7531 608 7535
3 615 608 7531
3 7533 601 7537
3 609 601 7533
3 7538 596 7541
3 603 596 7538
3 595 589 7540
3 7540 589 7543
3 588 582 7544
3 7544 582 7545
3 583 576 7546
3 7546 576 7550
3 577 569 7548
3 7548 569 7553
3 571 563 7552
3 7552 563 7554
3 564 556 7555
3 7555 556 7559
3 557 550 7558
3 7558 550 7562
3 549 542 7561
3 7561 542 7563
3 543 536 7564
3 7564 536 7567
3 535 529 7568
3 7568 529 7571
3 531 523 7569
3 7569 523 7574
3 525 518 7572
3 7572 518 7577
3 517 510 7575
3 7575 510 7579
3 7580 503 7583
3 512 503 7580
3 505 494 7581
3 7581 494 7585
3 7586 483 7588
3 496 483 7586
3 7589 465 7592
3 482 465 7589
3 7590 454 7595
3 464 454 7590
3 7594 442 7598
3 453 442 7594
3 7597 426 7601
3 441 426 7597
3 7600 415 7604
3 427 415 7600
3 7602 407 7606
3 417 407 7602
3 7607 398 7610
3 408 398 7607
3 7609 387 7613
3 399 387 7609
3 7612 377 7616
3 388 377 7612
3 378 369 7615
3 7615 369 7619
3 370 359 7617
3 7617 359 7621
3 360 348 7622
3 7622 348 7625
3 350 339 7623
3 7623 339 7627
3 340 330 7628
3 7628 330 7629
3 331 319 7630
3 7630 319 7632
3 321 311 7634
3 7634 311 7637
3 312 302 7636
3 7636 302 7640
3 7638 294 7642
3 303 294 7638
3 7641 288 7646
3 292 288 7641
3 7645 282 7648
3 287 282 7645
3 7649 275 7651
3 281 275 7649
3 7652 270 7653
3 274 270 7652
3 7655 264 7657
3 269 264 7655
3 7656 258 7661
3 262 258 7656
3 7659 251 7663
3 257 251 7659
3 7662 246 7666
3 250 246 7662
3 7667 236 7669
3 245 236 7667
3 7668 229 7671
3 234 229 7668
3 7672 224 7676
3 230 224 7672
3 7674 218 7677
3 222 218 7674
3 7678 210 7680
3 216 210 7678
3 7681 204 7685
3 212 204 7681
3 7684 199 7688
3 206 199 7684
3 200 193 7686
3 7686 193 7691
3 7690 188 7694
3 194 188 7690
3 7692 182 7697
3 187 182 7692
3 7695 176 7700
3 181 176 7695
3 7699 169 7703
3 175 169 7699
3 7702 164 7706
3 168 164 7702
3 7704 158 7707
3 162 158 7704
3 7708 150 7712
3 157 150 7708
3 7711 146 7715
3 152 146 7711
3 7714 138 7718
3 144 138 7714
3 7716 134 7721
3 139 134 7716
3 7720 131 7722
3 133 131 7720
3 7723 127 7725
3 130 127 7723
3 7727 123 7729
3 128 123 7727
3 7730 121 7732
3 125 121 7730
3 7731 97 7735
3 122 97 7731
3 99 92 7736
3 7736 92 7738
3 93 87 7739
3 7739 87 7740
3 7742 80 7745
3 86 80 7742
3 7744 74 7747
3 79 74 7744
3 75 67 7748
3 7748 67 7750
3 7751 61 7754
3 68 61 7751
3 7752 57 7756
3 63 57 7752
3 7757 49 7760
3 55 49 7757
3 7758 43 7763
3 51 43 7758
3 7761 38 7764
3 44 38 7761
3 7766 33 7769
3 39 33 7766
3 7767 23 7772
3 32 23 7767
3 7771 25 7775
3 24 25 7771
3 7774 29 7778
3 26 29 7774
3 30 34 7777
3 7777 34 7781
3 36 40 7780
3 7780 40 7784
3 42 46 7783
3 7783 46 7787
3 47 54 7786
3 7786 54 7789
3 53 59 7790
3 7790 59 7793
3 58 65 7791
3 7791 65 7795
3 66 71 7794
3 7794 71 7797
3 72 76 7798
3 7798 76 7802
3 7801 82 7804
3 78 82 7801
3 7803 90 7808
3 84 90 7803
3 7806 96 7810
3 88 96 7806
3 94 102 7811
3 7811 102 7813
3 101 104 7814
3 7814 104 7815
3 105 108 7816
3 7816 108 7819
3 107 110 7820
3 7820 110 7823
3 109 114 7822
3 7822 114 7825
3 112 136 7826
3 7826 136 7829
3 135 143 7828
3 7828 143 7832
3 141 148 7830
3 7830 148 7835
3 149 154 7833
3 7833 154 7836
3 155 161 7838
3 7838 161 7841
3 159 167 7839
3 7839 167 7843
3 165 171 7842
3 7842 171 7846
3 172 179 7845
3 7845 179 7850
3 177 184 7849
3 7849 184 7852
3 185 190 7853
3 7853 190 7856
3 191 195 7854
3 7854 195 7858
3 197 203 7857
3 7857 203 7861
3 7860 207 7865
3 201 207 7860
3 7864 214 7868
3 208 214 7864
3 7867 221 7870
3 215 221 7867
3 7869 226 7872
3 219 226 7869
3 7874 232 7876
3 227 232 7874
3 7877 239 7878
3 233 239 7877
3 7880 249 7882
3 237 249 7880
3 7881 254 7885
3 248 254 7881
3 255 260 7886
3 7886 260 7887
3 261 267 7888
3 7888 267 7892
3 265 273 7891
3 7891 273 7895
3 272 279 7894
3 7894 279 7896
3 277 284 7898
3 7898 284 7900
3 285 289 7901
3 7901 289 7904
3 291 298 7903
3 7903 298 7906
3 300 307 7905
3 7905 307 7910
3 309 317 7908
3 7908 317 7911
3 316 328 7912
3 7912 328 7915
3 326 337 7916
3 7916 337 7919
3 336 345 7917
3 7917 345 7921
3 346 355 7922
3 7922 355 7925
3 7924 366 7927
3 357 366 7924
3 367 375 7928
3 7928 375 7931
3 7929 384 7934
3 376 384 7929
3 7933 394 7937
3 385 394 7933
3 7936 403 7940
3 396 403 7936
3 7938 412 7943
3 404 412 7938
3 7942 418 7946
3 413 418 7942
3 7945 428 7947
3 420 428 7945
3 7949 431 7952
3 430 431 7949
3 7950 434 7955
3 433 434 7950
3 7954 444 7957
3 435 444 7954
3 7956 446 7960
3 445 446 7956
3 448 456 7961
3 7961 456 7962
3 457 459 7963
3 7963 459 7966
3 460 468 7965
3 7965 468 7970
3 467 470 7968
3 7968 470 7973
3 472 473 7972
3 7972 473 7975
3 475 484 7976
3 7976 484 7979
3 486 488 7977
3 7977 488 7980
3 487 499 7981
3 7981 499 7983
3 7984 821 7986
3 498 821 7984
3 7988 817 7991
3 822 817 7988
3 7990 814 7994
3 819 814 7990
3 7993 813 7997
3 815 813 7993
3 7995 810 7999
3 812 810 7995
3 8000 805 8002
3 809 805 8000
3 8003 803 8004
3 807 803 8003
3 8005 801 8007
3 802 801 8005
3 8008 796 8012
3 800 796 8008
3 8011 795 8014
3 797 795 8011
3 8013 792 8018
3 794 792 8013
3 8016 788 8021
3 791 788 8016
3 8020 784 8024
3 789 784 8020
3 8022 782 8026
3 786 782 8022
3 8025 780 8028
3 781 780 8025
3 8030 776 7343
3 779 776 8030
3 8033 15 7339
3 8036 2357 15
3 8036 15 8033
3 8039 2285 2419
3 8041 2420 2431
3 8040 8039 2419
3 8044 2432 2442
3 8045 8041 2431
3 8047 2444 2455
3 8048 8044 2442
3 8049 2454 2467
3 8051 8047 2455
3 8052 2468 2479
3 8054 8049 2467
3 8057 2480 2491
3 8055 8052 2479
3 8060 2492 2502
3 8058 8057 2491
3 8061 2504 2515
3 8062 8060 2502
3 8064 2516 2527
3 8065 8061 2515
3 8069 2528 2539
3 8068 8064 2527
3 8071 2540 2552
3 8072 8069 2539
3 8075 2550 2563
3 8074 8071 2552
3 8077 2564 2575
3 8078 8075 2563
3 8080 2576 2587
3 8079 8077 2575
3 8082 2588 2599
3 8084 8080 2587
3 8085 2600 2611
3 8087 8082 2599
3 8089 2612 2622
3 8090 8085 2611
3 8093 8089 2622
3 8092 2623 2636
3 8096 8092 2636
3 8094 2635 2648
3 8099 8094 2648
3 8098 2647 2659
3 8102 8098 2659
3 8101 2660 2670
3 8103 8101 2670
3 8104 2672 2682
3 8108 8104 2682
3 8106 2683 2696
3 8111 8106 2696
3 8109 2695 2706
3 8113 8109 2706
3 8112 2707 2719
3 8117 8112 2719
3 8116 2720 2731
3 8120 8116 2731
3 8118 2730 2743
3 8123 8118 2743
3 8122 2744 2755
3 8126 8122 2755
3 8125 2756 2748
3 8129 8125 2748
3 8128 2749 2738
3 8132 8128 2738
3 8131 2737 2725
3 8135 8131 2725
3 8134 2726 2712
3 8137 8134 2712
3 8138 2714 2701
3 8141 8138 2701
3 8140 2700 2688
3 8144 8140 2688
3 8143 2690 2676
3 8145 8143 2676
3 8146 2677 2665
3 8149 8146 2665
3 8148 2664 2653
3 8152 8148 2653
3 8151 2654 2641
3 8154 2642 2629
3 8156 8151 2641
3 8159 2628 2617
3 8157 8154 2629
3 8162 2618 2604
3 8161 8159 2617
3 8164 2606 2593
3 8165 8162 2604
3 8167 2594 2581
3 8168 8164 2593
3 8171 2582 2569
3 8169 8167 2581
3 8172 2570 2556
3 8174 8171 2569
3 8177 8172 2556
3 8176 2558 2544
3 8178 8176 2544
3 8180 2546 2533
3 8183 8180 2533
3 8182 2534 2521
3 8186 8182 2521
3 8185 2522 2508
3 8189 8185 2508
3 8188 2509 2497
3 8191 8188 2497
3 8190 2498 2484
3 8194 8190 2484
3 8195 2486 2473
3 8198 8195 2473
3 8197 2474 2461
3 8199 8197 2461
3 8200 2460 2448
3 8202 8200 2448
3 8203 2450 2438
3 8207 8203 2438
3 8206 2436 2426
3 8208 8206 2426
3 8210 2425 2356
3 8035 8210 2356
3 1703 2284 8038
3 8213 1703 8038
3 8216 1080 1205
3 8218 1204 1214
3 8219 8216 1205
3 8220 1213 1221
3 8221 8218 1214
3 8224 1222 1230
3 8225 8220 1221
3 8226 1231 1240
3 8228 8224 1230
3 8231 1241 1248
3 8230 8226 1240
3 8232 1250 1258
3 8233 8231 1248
3 8236 1259 1265
3 8237 8232 1258
3 8239 1264 1270
3 8240 8236 1265
3 8241 1271 1276
3 8243 8239 1270
3 8245 1277 1282
3 8246 8241 1276
3 8247 1283 1288
3 8248 8245 1282
3 8250 1287 1294
3 8252 8247 1288
3 8254 1295 1301
3 8255 8250 1294
3 8257 1300 1306
3 8258 8254 1301
3 8260 1307 1311
3 8259 8257 1306
3 8263 1313 1317
3 8264 8260 1311
3 8266 1319 1323
3 8267 8263 1317
3 8270 8266 1323
3 8269 1324 1330
3 8273 8269 1330
3 8272 1331 1335
3 8274 8272 1335
3 8276 1336 1342
3 8279 8276 1342
3 8277 1343 1348
3 8280 8277 1348
3 8281 1349 1353
3 8285 8281 1353
3 8283 1354 1360
3 8286 8283 1360
3 8287 1361 1366
3 8289 8287 1366
3 8290 1367 1371
3 8294 8290 1371
3 8293 1372 1377
3 8297 8293 1377
3 8296 1378 1384
3 8298 8296 1384
3 8300 1385 1390
3 8302 8300 1390
3 8301 1391 1395
3 8305 8301 1395
3 8304 1396 1403
3 8309 8304 1403
3 8308 1402 1409
3 8311 8308 1409
3 8312 1408 1415
3 8314 8312 1415
3 8315 1414 1420
3 8317 8315 1420
3 8316 1421 1427
3 8320 8316 1427
3 8319 1425 1432
3 8324 8319 1432
3 8322 1433 1437
3 8326 8322 1437
3 8327 1439 1445
3 8330 8327 1445
3 8329 1444 1450
3 8333 1451 1456
3 8332 8329 1450
3 8334 1457 1462
3 8336 8333 1456
3 8337 1463 1468
3 8338 8334 1462
3 8341 1469 1473
3 8342 8337 1468
3 8344 1475 1481
3 8343 8341 1473
3 8347 1479 1486
3 8346 8344 1481
3 8349 1487 1631
3 8350 8347 1486
3 8352 8349 1631
3 8353 1630 1637
3 8356 8353 1637
3 8357 1636 1641
3 8360 8357 1641
3 8359 1643 1649
3 8362 8359 1649
3 8361 1648 1653
3 8365 8361 1653
3 8364 1655 1659
3 8369 8364 1659
3 8368 1661 1665
3 8372 8368 1665
3 8371 1667 1672
3 8374 8371 1672
3 8375 1673 1679
3 8378 8375 1679
3 8377 1677 1685
3 8379 8377 1685
3 8380 1684 1690
3 8383 8380 1690
3 8384 1691 1695
3 8387 8384 1695
3 8385 1697 1702
3 8212 8385 1702
3 242 8388 2759
3 8215 8388 242
3 1081 8215 242
3 8392 8394 1199
3 1199 8394 1193
3 1192 8398 1187
3 8395 8398 1192
3 1186 8400 1180
3 8399 8400 1186
3 1179 8404 1174
3 8402 8404 1179
3 1173 8406 1169
3 8403 8406 1173
3 1167 8410 1163
3 8408 8410 1167
3 1161 8412 1155
3 8411 8412 1161
3 1156 8417 1151
3 8414 8417 1156
3 1149 8419 1145
3 1144 8420 1138
3 8415 8419 1149
3 8420 8423 1138
3 1137 8426 1133
3 8422 8426 1137
3 1131 8429 1126
3 8425 8429 1131
3 1127 8431 1119
3 1121 8432 1113
3 8428 8431 1127
3 8432 8435 1113
3 1115 8437 1109
3 8433 8437 1115
3 1108 8439 1102
3 8438 8439 1108
3 1101 8442 1097
3 8441 8442 1101
3 8443 8446 1096
3 1096 8446 1091
3 8447 8449 1090
3 1090 8449 1085
3 8450 8452 1084
3 1084 8452 1076
3 8453 8456 1075
3 1075 8456 1068
3 8454 8458 1069
3 1069 8458 1062
3 8459 8461 1063
3 1063 8461 1057
3 8462 8464 1056
3 1056 8464 1051
3 8465 8467 1050
3 1050 8467 1044
3 1046 8468 1038
3 8468 8471 1038
3 1040 8470 1032
3 1034 8473 1023
3 8470 8474 1032
3 1024 8476 1028
3 8473 8477 1023
3 8476 8479 1028
3 1026 8482 1030
3 1031 8481 1036
3 8480 8482 1026
3 8481 8484 1036
3 1035 8488 1043
3 8485 8488 1035
3 1041 8490 1049
3 8489 8490 1041
3 1048 8495 1055
3 8491 8495 1048
3 1053 8498 1060
3 1061 8497 1065
3 8494 8498 1053
3 8497 8499 1065
3 1067 8503 1073
3 1072 8502 1077
3 8500 8503 1067
3 8502 8507 1077
3 1079 8509 1087
3 1086 8510 1092
3 8506 8509 1079
3 8510 8513 1092
3 1093 8515 1098
3 8511 8515 1093
3 1100 8519 1106
3 8514 8519 1100
3 8518 8520 1105
3 1105 8520 1112
3 8521 8523 1111
3 1111 8523 1117
3 1116 8524 1122
3 8524 8527 1122
3 8528 8531 1124
3 1124 8531 1129
3 8530 8532 1130
3 1130 8532 1134
3 8534 8535 1136
3 1136 8535 1140
3 8537 8540 1141
3 1141 8540 1147
3 8539 8542 1148
3 1148 8542 1154
3 8543 8545 1152
3 1152 8545 1158
3 8546 8547 1159
3 1159 8547 1166
3 1164 8549 1172
3 8549 8551 1172
3 8552 8554 1171
3 1171 8554 1178
3 1176 8555 1183
3 8555 8557 1183
3 8558 8560 1184
3 1184 8560 1189
3 8561 8563 1190
3 1190 8563 1195
3 8564 8567 1194
3 1194 8567 1202
3 1201 8566 1210
3 8566 8569 1210
3 8570 8571 1209
3 1209 8571 1220
3 1219 8575 1229
3 8572 8575 1219
3 1227 8578 1236
3 8576 8578 1227
3 1238 8582 1246
3 8579 8582 1238
3 1247 8585 1255
3 8581 8585 1247
3 1256 8587 1262
3 1261 8586 1268
3 8584 8587 1256
3 8586 8590 1268
3 8591 8593 1266
3 1266 8593 1274
3 8592 8596 1273
3 1273 8596 1280
3 8597 8599 1279
3 1279 8599 1284
3 8600 8603 1285
3 1285 8603 1292
3 1291 8602 1297
3 8602 8606 1297
3 8605 8609 1298
3 1298 8609 1304
3 8608 8612 1302
3 1302 8612 1309
3 1310 8611 1316
3 8611 8613 1316
3 8615 8616 1314
3 1314 8616 1322
3 8618 8621 1320
3 1320 8621 1328
3 8619 8623 1326
3 1326 8623 1334
3 1332 8622 1338
3 8622 8627 1338
3 8625 8628 1339
3 1339 8628 1346
3 8630 8632 1344
3 1344 8632 1352
3 1350 8631 1356
3 8631 8635 1356
3 8634 8639 1358
3 1358 8639 1362
3 8638 8642 1364
3 1364 8642 1370
3 8641 8645 1369
3 1369 8645 1376
3 8644 8647 1375
3 1375 8647 1381
3 1382 8650 1388
3 8648 8650 1382
3 1387 8653 1393
3 8651 8653 1387
3 1394 8655 1399
3 8654 8655 1394
3 1398 8658 1405
3 8657 8658 1398
3 1406 8662 1411
3 8660 8662 1406
3 1412 8665 1418
3 8663 8665 1412
3 1416 8669 1423
3 1424 8668 1430
3 8666 8669 1416
3 8668 8671 1430
3 1429 8674 1435
3 1436 8675 1440
3 8672 8674 1429
3 8675 8678 1440
3 1442 8679 1447
3 8676 8679 1442
3 1448 8683 1453
3 8680 8683 1448
3 1452 8687 1458
3 1460 8686 1465
3 8684 8687 1452
3 8686 8690 1465
3 1466 8692 1470
3 8689 8692 1466
3 1471 8696 1478
3 8693 8696 1471
3 1477 8697 1484
3 8695 8697 1477
3 1483 8701 1488
3 1489 8702 1633
3 8699 8701 1483
3 8702 8703 1633
3 1634 8706 1639
3 1638 8707 1645
3 8705 8706 1634
3 8707 8711 1645
3 1646 8714 1651
3 8709 8714 1646
3 1650 8716 1658
3 8712 8716 1650
3 1656 8720 1664
3 8715 8720 1656
3 1663 8721 1670
3 1669 8723 1675
3 8719 8721 1663
3 8723 8725 1675
3 1674 8728 1682
3 8724 8728 1674
3 1680 8731 1687
3 1686 8732 1693
3 8729 8731 1680
3 1694 8735 1699
3 8732 8733 1693
3 8735 8736 1699
3 8737 8740 1700
3 1700 8740 1706
3 1704 8744 1707
3 8741 8744 1704
3 1709 8746 1711
3 8743 8746 1709
3 1710 8748 1715
3 8747 8748 1710
3 1713 8752 1717
3 8750 8752 1713
3 1716 8756 1720
3 8751 8756 1716
3 1719 8758 1723
3 8754 8758 1719
3 1724 8762 1726
3 1727 8761 1729
3 8759 8762 1724
3 1730 8764 1732
3 8761 8765 1729
3 8764 8766 1732
3 1731 8770 1734
3 8767 8770 1731
3 1735 8773 1739
3 8769 8773 1735
3 1738 8777 1742
3 1741 8776 1744
3 8774 8777 1738
3 8776 8780 1744
3 1745 8783 1746
3 8778 8783 1745
3 1747 8786 1751
3 8782 8786 1747
3 1750 8789 1753
3 8785 8789 1750
3 8787 8792 1752
3 1752 8792 1755
3 8790 8794 1757
3 1757 8794 1760
3 8795 8796 1759
3 1759 8796 1763
3 8797 8800 1761
3 1761 8800 1765
3 1766 8801 1768
3 8801 8804 1768
3 8803 8807 1769
3 1769 8807 1770
3 8806 8809 1772
3 1772 8809 1773
3 8810 8812 1774
3 1774 8812 1777
3 8813 8815 1778
3 1778 8815 1779
3 1780 8818 1782
3 8816 8818 1780
3 1783 8820 1787
3 1786 8821 1790
3 8819 8820 1783
3 8821 8825 1790
3 1788 8826 1791
3 8824 8826 1788
3 1792 8830 1795
3 8828 8830 1792
3 1794 8833 1799
3 1798 8832 1801
3 8831 8833 1794
3 8832 8837 1801
3 1802 8838 1804
3 8835 8838 1802
3 1803 8843 1807
3 1808 8842 1809
3 8840 8843 1803
3 1810 8845 1813
3 8842 8846 1809
3 8845 8847 1813
3 1812 8852 1816
3 8849 8852 1812
3 1815 8853 1819
3 8851 8853 1815
3 1820 8858 1823
3 8855 8858 1820
3 1822 8860 1826
3 8856 8860 1822
3 1825 8864 1829
3 8861 8864 1825
3 8863 8865 1827
3 1827 8865 1830
3 8867 8868 1831
3 1831 8868 1833
3 1834 8869 1837
3 8869 8871 1837
3 8873 8875 1836
3 1836 8875 1840
3 8876 8878 1841
3 1841 8878 1844
3 8879 8881 1843
3 1843 8881 1846
3 1847 8882 1850
3 8882 8883 1850
3 8885 8886 1849
3 1849 8886 1853
3 1851 8887 1854
3 8887 8891 1854
3 8890 8893 1856
3 1856 8893 1858
3 8894 8895 1859
3 1859 8895 1861
3 1860 8897 1864
3 8897 8899 1864
3 1865 8900 1866
3 8900 8902 1866
3 8901 8904 1868
3 1868 8904 1869
3 8906 8909 1871
3 1871 8909 1874
3 8908 8910 1873
3 1873 8910 1876
3 8912 8913 1877
3 1877 8913 1879
3 1880 8917 1882
3 8915 8917 1880
3 1883 8918 1884
3 8918 8919 1884
3 1885 8922 1887
3 1888 8924 1492
3 8921 8922 1885
3 8924 8926 1492
3 1491 8928 1495
3 1494 8929 1497
3 8927 8928 1491
3 8929 8931 1497
3 1498 8935 1502
3 8933 8935 1498
3 8936 8938 1501
3 1501 8938 1505
3 8939 8941 1504
3 1504 8941 1508
3 8942 8944 1507
3 1507 8944 1511
3 8945 8947 1510
3 1510 8947 1514
3 1512 8946 1515
3 8946 8949 1515
3 8951 8952 1516
3 1516 8952 1520
3 8953 8955 1518
3 1518 8955 1521
3 8957 8960 1522
3 1522 8960 1525
3 8958 8961 1524
3 1524 8961 1529
3 1528 8963 1532
3 8963 8965 1532
3 8966 8969 1531
3 1531 8969 1535
3 1533 8968 1536
3 8968 8971 1536
3 8972 8974 1537
3 1537 8974 1541
3 8975 8978 1540
3 1540 8978 1543
3 8977 8980 1544
3 1544 8980 1545
3 1547 8981 1549
3 8981 8984 1549
3 8983 8987 1550
3 1550 8987 1553
3 8986 8988 1552
3 1552 8988 1555
3 8990 8991 1554
3 1554 8991 1559
3 1557 8996 1560
3 1562 8994 1563
3 8993 8996 1557
3 8994 8999 1563
3 1564 9000 1568
3 8998 9000 1564
3 1567 9003 1571
3 9002 9003 1567
3 1569 9007 1574
3 9004 9007 1569
3 1573 9011 1576
3 1577 9010 1580
3 9008 9011 1573
3 9010 9014 1580
3 9013 9016 1579
3 1579 9016 1581
3 1582 9015 1585
3 9015 9018 1585
3 1586 9019 1587
3 9019 9023 1587
3 1588 9026 1592
3 1591 9025 1593
3 9022 9026 1588
3 9025 9027 1593
3 1595 9031 1596
3 1598 9030 1599
3 9029 9031 1595
3 9030 9035 1599
3 1600 9036 1603
3 9033 9036 1600
3 1602 9039 1607
3 9038 9039 1602
3 1606 9042 1610
3 9041 9042 1606
3 1608 9046 1611
3 1613 9045 1616
3 9043 9046 1608
3 9045 9048 1616
3 1614 9052 1617
3 1618 9053 1621
3 9049 9052 1614
3 9053 9055 1621
3 1622 9059 1625
3 9056 9059 1622
3 1624 9062 1628
3 9058 9062 1624
3 1626 9063 1252
3 9061 9063 1626
3 1253 9067 1242
3 1244 9066 1235
3 9065 9067 1253
3 9066 9071 1235
3 1233 9072 1224
3 9070 9072 1233
3 1225 9077 1217
3 9074 9077 1225
3 1215 9079 1207
3 1206 9080 1197
3 9076 9079 1215
3 9080 8393 1197
3 9082 9086 2353
3 2353 9086 2423
3 2422 9089 2433
3 2434 9088 2447
3 9085 9089 2422
3 9088 9090 2447
3 2446 9093 2459
3 9092 9093 2446
3 2458 9097 2471
3 9095 9097 2458
3 2470 9099 2482
3 9098 9099 2470
3 2483 9104 2493
3 2494 9103 2507
3 9101 9104 2483
3 9103 9107 2507
3 2506 9109 2519
3 9106 9109 2506
3 2518 9113 2531
3 9110 9113 2518
3 2530 9115 2542
3 2543 9116 2555
3 9112 9115 2530
3 9116 9118 2555
3 2553 9122 2565
3 9119 9122 2553
3 2567 9123 2579
3 9121 9123 2567
3 2578 9126 2590
3 9125 9126 2578
3 2589 9130 2603
3 2602 9131 2613
3 9128 9130 2589
3 9131 9134 2613
3 9133 9136 2615
3 2615 9136 2627
3 2625 9137 2638
3 9137 9140 2638
3 9139 9141 2639
3 2639 9141 2651
3 9143 9144 2649
3 2649 9144 2662
3 9146 9147 2663
3 2663 9147 2675
3 9149 9151 2673
3 2673 9151 2686
3 2685 9152 2698
3 9152 9154 2698
3 9155 9158 2699
3 2699 9158 2711
3 2710 9156 2723
3 9156 9161 2723
3 2722 9164 2735
3 9160 9164 2722
3 2733 9166 2747
3 2746 9165 2752
3 9163 9166 2733
3 2753 9170 2740
3 9165 9169 2752
3 9170 9172 2740
3 2739 9174 2729
3 9173 9174 2739
3 2727 9177 2716
3 9175 9177 2727
3 2717 9180 2705
3 9178 9180 2717
3 2704 9184 2692
3 9182 9184 2704
3 2693 9187 2681
3 9185 9187 2693
3 2680 9191 2669
3 2668 9190 2656
3 9188 9191 2680
3 2655 9194 2645
3 9190 9193 2656
3 9194 9197 2645
3 2643 9198 2633
3 9195 9198 2643
3 2632 9202 2621
3 9199 9202 2632
3 2620 9205 2609
3 2608 9206 2596
3 9203 9205 2620
3 9206 9207 2596
3 2597 9208 2583
3 9208 9211 2583
3 9212 9214 2584
3 2584 9214 2573
3 2571 9215 2560
3 9215 9217 2560
3 9216 9219 2559
3 2559 9219 2547
3 2549 9221 2537
3 9221 9223 2537
3 2536 9224 2525
3 9224 9227 2525
3 9226 9230 2523
3 2523 9230 2513
3 2511 9228 2499
3 9228 9231 2499
3 9233 9234 2500
3 2500 9234 2487
3 2489 9235 2476
3 9235 9239 2476
3 9238 9241 2477
3 2477 9241 2464
3 2465 9242 2452
3 9242 9245 2452
3 2453 9243 2440
3 9243 9247 2440
3 9248 9250 2441
3 2441 9250 2428
3 9251 9254 2427
3 2427 9254 2360
3 2359 9253 2361
3 9253 9257 2361
3 9255 9258 2363
3 2363 9258 2364
3 2365 9260 2369
3 9260 9262 2369
3 9263 9265 2368
3 2368 9265 2370
3 2371 9266 2374
3 9266 9269 2374
3 2375 9270 2378
3 9267 9270 2375
3 2376 9273 2379
3 2381 9274 2383
3 9272 9273 2376
3 9274 9278 2383
3 2382 9279 2385
3 9276 9279 2382
3 9281 9282 2386
3 2386 9282 2390
3 9284 9285 2389
3 2389 9285 2391
3 9287 9288 2392
3 2392 9288 2394
3 2395 9290 2399
3 9290 9292 2399
3 9293 9294 2397
3 2397 9294 2402
3 9295 9298 2401
3 2401 9298 2403
3 2404 9297 2406
3 9297 9302 2406
3 2407 9301 2411
3 9301 9303 2411
3 9305 9306 2410
3 2410 9306 2413
3 9308 9310 2412
3 2412 9310 2417
3 2416 9309 2280
3 9309 9312 2280
3 9314 9315 2282
3 2282 9315 2277
3 9317 9320 2278
3 2278 9320 2275
3 2276 9319 2271
3 9319 9322 2271
3 2272 9323 2267
3 9323 9325 2267
3 9324 9328 2265
3 2265 9328 2261
3 2260 9329 2254
3 9329 9331 2254
3 9330 9334 2255
3 2255 9334 2247
3 2241 9337 2236
3 9335 9336 2248
3 2248 9336 2243
3 9337 9340 2236
3 2237 9344 2231
3 9341 9344 2237
3 2230 9346 2223
3 9343 9346 2230
3 2225 9350 2218
3 2219 9349 2212
3 9345 9350 2225
3 9349 9353 2212
3 2211 9354 2207
3 2206 9356 2199
3 9352 9354 2211
3 9356 9359 2199
3 9358 9361 2201
3 2201 9361 2195
3 9362 9364 2194
3 2194 9364 2188
3 2189 9365 2182
3 9365 9368 2182
3 2181 9369 2176
3 9367 9369 2181
3 2175 9372 2100
3 9371 9372 2175
3 2102 9376 2103
3 9374 9376 2102
3 2104 9378 2106
3 9375 9378 2104
3 2108 9383 2109
3 9379 9383 2108
3 2111 9386 2113
3 9382 9386 2111
3 2112 9388 2115
3 2117 9387 2119
3 9384 9388 2112
3 9387 9391 2119
3 2120 9392 2122
3 9392 9395 2122
3 2123 9397 2125
3 9394 9397 2123
3 2124 9401 2129
3 9398 9401 2124
3 2127 9402 2130
3 9400 9402 2127
3 2131 9406 2135
3 9403 9406 2131
3 2133 9409 2137
3 9407 9409 2133
3 2138 9413 2141
3 2140 9412 2143
3 9410 9413 2138
3 2144 9416 2145
3 9412 9415 2143
3 9416 9418 2145
3 2146 9421 2149
3 2150 9422 2152
3 9419 9421 2146
3 9422 9423 2152
3 2151 9426 2154
3 9425 9426 2151
3 9427 9431 2155
3 2155 9431 2159
3 2158 9434 2162
3 9430 9434 2158
3 2161 9436 2164
3 9433 9436 2161
3 2163 9440 2168
3 9437 9440 2163
3 2166 9443 2169
3 9439 9443 2166
3 2171 9446 2027
3 9442 9446 2171
3 2026 9447 2019
3 9445 9447 2026
3 2020 9452 2015
3 9448 9452 2020
3 2013 9455 2008
3 2009 9453 2002
3 9450 9455 2013
3 9453 9457 2002
3 2003 9459 1997
3 9456 9459 2003
3 1995 9462 1989
3 9460 9462 1995
3 1990 9467 1985
3 9464 9467 1990
3 1983 9468 1979
3 9466 9468 1983
3 1977 9473 1973
3 9469 9473 1977
3 1971 9476 1965
3 9472 9476 1971
3 1967 9477 1961
3 9475 9477 1967
3 9479 9480 1960
3 1960 9480 1955
3 1954 9482 1948
3 9482 9485 1948
3 9484 9486 1949
3 1949 9486 1943
3 9487 9489 1942
3 1942 9489 1937
3 9490 9494 1935
3 1935 9494 1931
3 1930 9492 1923
3 9492 9497 1923
3 1924 9496 1917
3 9496 9499 1917
3 9500 9503 1918
3 1918 9503 1913
3 9502 9504 1912
3 1912 9504 1907
3 1906 9507 1900
3 1899 9509 1891
3 9506 9507 1906
3 9509 9512 1891
3 1892 9515 1894
3 1895 9514 1898
3 9511 9515 1892
3 1897 9517 1902
3 9514 9518 1898
3 9517 9519 1902
3 1904 9522 1908
3 9521 9522 1904
3 1909 9527 1916
3 9523 9527 1909
3 1914 9529 1922
3 9526 9529 1914
3 1921 9532 1927
3 9528 9532 1921
3 1928 9536 1933
3 9533 9536 1928
3 1932 9537 1940
3 9535 9537 1932
3 1938 9540 1945
3 9539 9540 1938
3 1944 9543 1952
3 9542 9543 1944
3 1951 9546 1958
3 9544 9546 1951
3 1956 9550 1962
3 9548 9550 1956
3 1964 9553 1969
3 9551 9553 1964
3 9554 9556 1968
3 1968 9556 1974
3 1976 9557 1981
3 9557 9559 1981
3 1982 9560 1986
3 9560 9562 1986
3 9561 9565 1988
3 1988 9565 1993
3 1992 9566 2000
3 9566 9568 2000
3 9569 9572 1998
3 1998 9572 2005
3 2006 9571 2011
3 9571 9575 2011
3 2010 9573 2017
3 9573 9577 2017
3 9576 9579 2016
3 2016 9579 2022
3 9581 9582 2023
3 2023 9582 2030
3 9583 9586 2029
3 2029 9586 2032
3 2033 9585 2035
3 9585 9590 2035
3 2034 9588 2037
3 9588 9593 2037
3 9592 9595 2038
3 2038 9595 2042
3 2040 9596 2043
3 9596 9598 2043
3 9599 9602 2044
3 2044 9602 2046
3 9601 9604 2048
3 2048 9604 2050
3 2051 9603 2052
3 9603 9608 2052
3 9607 9610 2053
3 2053 9610 2056
3 2057 9611 2059
3 9611 9613 2059
3 2058 9615 2063
3 9614 9615 2058
3 2062 9620 2065
3 2066 9618 2069
3 9617 9620 2062
3 2068 9622 2070
3 9618 9621 2069
3 9622 9625 2070
3 9626 9627 2072
3 2072 9627 2075
3 9629 9631 2074
3 2074 9631 2076
3 9630 9634 2078
3 2078 9634 2079
3 9635 9637 2081
3 2081 9637 2083
3 9638 9640 2082
3 2082 9640 2086
3 9641 9644 2087
3 2087 9644 2088
3 2089 9643 2091
3 9643 9645 2091
3 9647 9650 2092
3 2092 9650 2096
3 9648 9651 2094
3 2094 9651 2099
3 9652 9655 2097
3 2097 9655 2172
3 2174 9656 2179
3 9656 9658 2179
3 9657 9661 2180
3 2180 9661 2186
3 9662 9664 2184
3 2184 9664 2192
3 9665 9668 2190
3 2190 9668 2196
3 2197 9667 2204
3 9667 9671 2204
3 9669 9672 2203
3 2203 9672 2208
3 9674 9676 2210
3 2210 9676 2215
3 9677 9678 2216
3 2216 9678 2222
3 2227 9683 2232
3 9680 9682 2220
3 2220 9682 2228
3 9683 9684 2232
3 2234 9688 2240
3 9685 9688 2234
3 2239 9690 2246
3 9689 9690 2239
3 2244 9693 2250
3 9692 9693 2244
3 2251 9697 2258
3 2257 9698 2263
3 9694 9697 2251
3 9698 9700 2263
3 9701 9704 2264
3 2264 9704 2270
3 2269 9703 2287
3 9703 9707 2287
3 2288 9708 2291
3 9706 9708 2288
3 2290 9712 2292
3 9710 9712 2290
3 2293 9715 2297
3 9713 9715 2293
3 2296 9719 2299
3 2298 9718 2302
3 9716 9719 2296
3 2303 9721 2304
3 9718 9720 2302
3 9721 9723 2304
3 2306 9726 2308
3 9724 9726 2306
3 2307 9729 2311
3 9728 9729 2307
3 2312 9732 2313
3 2314 9733 2317
3 9731 9732 2312
3 9733 9736 2317
3 2318 9739 2320
3 9737 9739 2318
3 2319 9741 2323
3 9740 9741 2319
3 2324 9744 2327
3 9742 9744 2324
3 2325 9748 2329
3 9745 9748 2325
3 2330 9752 2332
3 2333 9750 2335
3 9747 9752 2330
3 9750 9753 2335
3 2336 9758 2339
3 9755 9758 2336
3 2337 9759 2341
3 9756 9759 2337
3 2342 9763 2343
3 2344 9764 2347
3 9761 9763 2342
3 9764 9765 2347
3 2348 9769 2351
3 9766 9769 2348
3 2349 9083 2354
3 9770 9083 2349
3 9771 9774 7338
3 9777 7338 9774
3 9780 9771 7338
3 9783 7338 9777
3 9788 9780 7338
3 9789 7338 9783
3 9793 9788 7338
3 9797 7338 9789
3 9799 9793 7338
3 9803 7338 9797
3 9806 9799 7338
3 9808 7338 9803
3 9810 9806 7338
3 9815 7338 9808
3 9818 9810 7338
3 9819 7338 9815
3 9822 9818 7338
3 9825 7338 9819
3 9828 9822 7338
3 9831 7338 9825
3 9835 9828 7338
3 9837 7338 9831
3 9842 9835 7338
3 9843 7338 9837
3 9848 9842 7338
3 9849 7338 9843
3 9854 9848 7338
3 9857 7338 9849
3 9858 9854 7338
3 9861 7338 9857
3 9866 9858 7338
3 9869 7338 9861
3 9870 9866 7338
3 9875 7338 9869
3 9876 9870 7338
3 9880 7338 9875
3 9882 9876 7338
3 9885 7338 9880
3 9889 9882 7338
3 9893 7338 9885
3 9895 9889 7338
3 9899 7338 9893
3 9900 9895 7338
3 9903 7338 9899
3 9906 9900 7338
3 9910 7338 9903
3 9912 9906 7338
3 9915 8032 7338
3 9915 7338 9910
3 9920 9912 7338
3 9921 8032 9915
3 9924 9920 7338
3 9927 8032 9921
3 9931 9924 7338
3 9933 8032 9927
3 9936 9931 7338
3 9940 8032 9933
3 2949 9936 7338
3 9943 8390 8032
3 9943 8032 9940
3 2939 2949 7338
3 9945 8390 9943
3 2929 2939 7338
3 9950 8390 9945
3 2922 2929 7338
3 9953 8390 9950
3 2908 2922 7338
3 9956 8390 9953
3 2886 2908 7338
3 2891 2886 7338
3 6511 2891 7338
3 2757 9956 9959
3 2757 9959 9961
3 2757 9961 9965
3 2757 9965 9966
3 2757 9966 9971
3 2757 9971 9973
3 2757 9973 9976
3 2757 9976 9979
3 2757 9979 9982
3 2757 9982 9986
3 2757 9986 9988
3 2757 9988 9991
3 2757 9991 9993
3 2757 9993 9996
3 2757 9996 9999
3 2757 8390 9956
3 10003 2757 9999
3 10007 2757 10003
3 10010 2757 10007
3 10012 2757 10010
3 10015 2757 10012
3 10017 2757 10015
3 10021 2757 10017
3 10024 2757 10021
3 10027 2757 10024
3 10031 2757 10027
3 10032 2757 10031
3 10035 2757 10032
3 10040 2757 10035
3 10043 2757 10040
3 10044 2757 10043
3 10047 2757 10044
3 10051 2757 10047
3 10053 2757 10051
3 10056 2757 10053
3 10060 2757 10056
3 10063 2757 10060
3 10067 2757 10063
3 10068 2757 10067
3 10071 2757 10068
3 10074 2757 10071
3 10077 2757 10074
3 10082 2757 10077
3 10085 2757 10082
3 10086 2757 10085
3 10089 2757 10086
3 10094 2757 10089
3 10096 2757 10094
3 10100 2757 10096
3 10103 2757 10100
3 10106 2757 10103
3 10108 2757 10106
3 2764 2757 2882
3 2882 2757 2870
3 2870 2757 2863
3 2863 2757 2854
3 2854 2757 2846
3 2846 2757 2838
3 2838 2757 2830
3 2830 2757 2824
3 2824 2757 2812
3 2812 2757 2803
3 2803 2757 2796
3 2796 2757 2788
3 2788 2757 2780
3 2780 2757 2776
3 2776 2757 2767
3 2767 2757 10111
3 10111 2757 10108
3 7338 3216 3711
3 7338 3711 4617
3 7338 4617 4611
3 7338 4611 5640
3 7338 5640 5635
3 7338 5635 6516
3 7338 6516 6513
3 7338 6513 6511
3 9938 2947 2954
3 9938 2954 10115
3 9930 10114 10118
3 9930 9937 10114
3 9925 10117 10120
3 9925 9932 10117
3 9919 10121 10123
3 9919 9926 10121
3 9913 10124 10126
3 9913 9918 10124
3 9907 10125 10130
3 9907 9914 10125
3 9902 10129 10133
3 9902 9908 10129
3 9896 10131 10135
3 9896 9901 10131
3 9888 10136 10138
3 9888 9894 10136
3 9883 10139 10141
3 9883 9890 10139
3 9878 10140 10144
3 9878 9884 10140
3 9872 10145 10147
3 9872 9877 10145
3 9864 10148 10151
3 9864 9871 10148
3 9860 10150 10152
3 9860 9865 10150
3 9853 10154 10157
3 9853 9859 10154
3 9846 10156 10158
3 9846 9852 10156
3 9841 10159 10163
3 9841 9847 10159
3 9834 9840 10162
3 9834 10162 10165
3 9829 9836 10164
3 9829 10164 10168
3 9823 9830 10167
3 9823 10167 10170
3 9816 9824 10171
3 9816 10171 10175
3 9811 9817 10173
3 9811 10173 10177
3 9804 9812 10176
3 9804 10176 10180
3 9800 9805 10181
3 9800 10181 10184
3 9792 9798 10182
3 9792 10182 10185
3 9786 9794 10186
3 9786 10186 10190
3 9781 10189 10193
3 9781 9787 10189
3 9772 10191 10196
3 9772 9782 10191
3 9776 10195 10199
3 9776 9773 10195
3 9778 10197 10202
3 9778 9775 10197
3 9784 10201 10205
3 9784 9779 10201
3 9790 10203 10208
3 9790 9785 10203
3 9795 10206 10209
3 9795 9791 10206
3 9801 10211 10213
3 9801 9796 10211
3 9807 10214 10217
3 9807 9802 10214
3 9813 10216 10220
3 9813 9809 10216
3 9820 10219 10223
3 9820 9814 10219
3 9826 10222 10226
3 9826 9821 10222
3 9832 10224 10229
3 9832 9827 10224
3 9839 10228 10230
3 9839 9833 10228
3 9844 10232 10235
3 9844 9838 10232
3 9850 9845 10234
3 9850 10234 10238
3 9855 9851 10237
3 9855 10237 10241
3 9862 9856 10239
3 9862 10239 10244
3 9867 9863 10243
3 9867 10243 10245
3 9873 9868 10246
3 9873 10246 10250
3 9879 9874 10248
3 9879 10248 10252
3 9887 9881 10253
3 9887 10253 10254
3 9892 9886 10256
3 9892 10256 10259
3 9897 9891 10257
3 9897 10257 10262
3 9905 9898 10261
3 9905 10261 10265
3 9911 9904 10264
3 9911 10264 10268
3 9917 9909 10267
3 9917 10267 10270
3 9922 9916 10271
3 9922 10271 10273
3 9928 9923 10272
3 9928 10272 10276
3 9935 9929 10275
3 9935 10275 10279
3 9941 9934 10280
3 9941 10280 10283
3 9942 9939 10282
3 9942 10282 10285
3 9946 9944 10284
3 9946 10284 10287
3 9949 9947 10288
3 9949 10288 10291
3 9952 9948 10292
3 9952 10292 10294
3 9955 10293 10298
3 9955 9951 10293
3 9958 10296 10300
3 9958 9954 10296
3 9960 10299 10302
3 9960 9957 10299
3 9964 10303 10306
3 9964 9962 10303
3 9967 10307 10310
3 9967 9963 10307
3 9969 9968 10308
3 9969 10308 10313
3 9972 9970 10312
3 9972 10312 10316
3 9975 9974 10315
3 9975 10315 10318
3 9978 9977 10319
3 9978 10319 10321
3 9981 9980 10322
3 9981 10322 10325
3 9984 9983 10324
3 9984 10324 10328
3 9987 9985 10327
3 9987 10327 10329
3 9992 9989 10330
3 9992 10330 10333
3 9990 10334 10336
3 9995 9990 10336
3 9994 10337 10339
3 9997 9994 10339
3 9998 10340 10343
3 10000 9998 10343
3 10001 10342 10344
3 10002 10001 10344
3 10004 10346 10348
3 10005 10004 10348
3 10006 10349 10352
3 10008 10006 10352
3 10009 10350 10353
3 10013 10009 10353
3 10011 10354 10357
3 10016 10011 10357
3 10014 10358 10359
3 10019 10014 10359
3 10018 10361 10364
3 10020 10363 10367
3 10022 10018 10364
3 10023 10366 10368
3 10025 10020 10367
3 10028 10370 10372
3 10026 10023 10368
3 10029 10373 10375
3 10030 10028 10372
3 10033 10376 10379
3 10034 10029 10375
3 10036 10378 10381
3 10037 10033 10379
3 10039 10380 10383
3 10038 10036 10381
3 10042 10385 10388
3 10041 10039 10383
3 10045 10386 10390
3 10046 10042 10388
3 10049 10045 10390
3 10048 10391 10392
3 10050 10394 10396
3 10052 10048 10392
3 10055 10050 10396
3 10054 10397 10399
3 10057 10400 10402
3 10058 10054 10399
3 10059 10403 10404
3 10061 10057 10402
3 10062 10406 10408
3 10064 10059 10404
3 10065 10409 10410
3 10066 10062 10408
3 10069 10411 10415
3 10070 10065 10410
3 10073 10413 10418
3 10072 10069 10415
3 10075 10416 10419
3 10076 10073 10418
3 10079 10420 10424
3 10078 10075 10419
3 10080 10423 10426
3 10081 10079 10424
3 10083 10427 10429
3 10084 10080 10426
3 10088 10428 10433
3 10087 10083 10429
3 10090 10432 10434
3 10091 10088 10433
3 10092 10435 10438
3 10093 10090 10434
3 10095 10439 10441
3 10097 10092 10438
3 10099 10442 10443
3 10098 10095 10441
3 10102 10445 10447
3 10101 10099 10443
3 10104 10448 10449
3 10105 10102 10447
3 10107 10451 10454
3 10109 10104 10449
3 10110 10453 2768
3 10112 10107 10454
3 2766 10110 2768
3 7944 10371 10369
3 7948 10374 10371
3 7948 10371 7944
3 7941 7944 10369
3 7941 10369 10365
3 7951 10374 7948
3 7951 10377 10374
3 7939 10365 10362
3 7939 7941 10365
3 7953 10382 10377
3 7953 10377 7951
3 7935 10362 10360
3 7935 7939 10362
3 7958 10384 10382
3 7958 10382 7953
3 7932 7935 10360
3 7932 10360 10356
3 7959 10384 7958
3 7959 10387 10384
3 7930 10356 10355
3 7930 7932 10356
3 7964 10389 10387
3 7964 10387 7959
3 7926 10355 10351
3 7926 7930 10355
3 7967 10389 7964
3 7967 10393 10389
3 7923 10351 10347
3 7923 7926 10351
3 7969 10395 10393
3 7969 10393 7967
3 7920 10347 10345
3 7920 7923 10347
3 7971 10398 10395
3 7971 10395 7969
3 7918 7920 10345
3 7918 10345 10341
3 7974 10401 10398
3 7974 10398 7971
3 7914 7918 10341
3 7914 10341 10338
3 7978 10401 7974
3 7978 10405 10401
3 7913 7914 10338
3 7913 10338 10335
3 7982 10405 7978
3 7982 10407 10405
3 7909 7913 10335
3 7909 10335 10332
3 7985 10412 10407
3 7985 10407 7982
3 7907 10332 10331
3 7907 7909 10332
3 7987 10414 10412
3 7987 10412 7985
3 7902 10331 10326
3 7902 7907 10331
3 7989 10417 10414
3 7989 10414 7987
3 7899 7902 10326
3 7899 10326 10323
3 7992 10421 10417
3 7992 10417 7989
3 7897 10323 10320
3 7897 7899 10323
3 7996 10422 10421
3 7996 10421 7992
3 7893 10320 10317
3 7893 7897 10320
3 7998 10422 7996
3 7998 10425 10422
3 7890 10317 10314
3 7890 7893 10317
3 8001 10430 10425
3 8001 10425 7998
3 7889 10314 10311
3 7889 7890 10314
3 8006 10431 10430
3 8006 10430 8001
3 7884 10311 10309
3 7884 7889 10311
3 8009 10436 10431
3 8009 10431 8006
3 7883 10309 10305
3 7883 7884 10309
3 8010 10437 10436
3 8010 10436 8009
3 7879 10305 10304
3 7879 7883 10305
3 8015 10437 8010
3 8015 10440 10437
3 7875 10304 10301
3 7875 7879 10304
3 8017 10440 8015
3 8017 10444 10440
3 7873 10301 10297
3 7873 7875 10301
3 8019 10444 8017
3 8019 10446 10444
3 7871 10297 10295
3 7871 7873 10297
3 8023 10450 10446
3 8023 10446 8019
3 7866 10295 10290
3 7866 7871 10295
3 7866 10290 10289
3 8027 10450 8023
3 8027 10452 10450
3 7863 7866 10289
3 7863 10289 10286
3 8029 2769 10452
3 8029 10452 8027
3 7862 7863 10286
3 7862 10286 10281
3 7342 2771 2769
3 7342 2769 8029
3 7859 7862 10281
3 7859 10281 10278
3 7344 2777 2771
3 7344 2771 7342
3 7855 7859 10278
3 7855 10278 10277
3 7348 2784 2777
3 7348 2777 7344
3 7851 10277 10274
3 7851 7855 10277
3 7350 2792 2784
3 7350 2784 7348
3 7848 7851 10274
3 7848 10274 10269
3 7353 2800 2792
3 7353 2792 7350
3 7847 7848 10269
3 7847 10269 10266
3 7358 2807 2800
3 7358 2800 7353
3 7844 7847 10266
3 7844 10266 10263
3 7359 2815 2807
3 7359 2819 2815
3 7359 2807 7358
3 7840 7844 10263
3 7840 10263 10260
3 7362 2826 2819
3 7362 2819 7359
3 7837 7840 10260
3 7837 10260 10258
3 7365 2834 2826
3 7365 2826 7362
3 7834 7837 10258
3 7834 10258 10255
3 7369 2834 7365
3 7369 2845 2834
3 7831 7834 10255
3 7831 10255 10251
3 7371 2850 2845
3 7371 2845 7369
3 7827 7831 10251
3 7827 10251 10249
3 7374 2858 2850
3 7374 2850 7371
3 7824 7827 10249
3 7824 10249 10247
3 7377 2866 2858
3 7377 2874 2866
3 7377 2858 7374
3 7821 7824 10247
3 7821 10247 10242
3 7381 2874 7377
3 7381 2877 2874
3 7818 7821 10242
3 7818 10242 10240
3 7385 2877 7381
3 7385 2962 2877
3 7817 7818 10240
3 7817 10240 10236
3 7388 2966 2962
3 7388 2962 7385
3 7812 7817 10236
3 7812 10236 10233
3 7390 2966 7388
3 7390 2971 2966
3 7809 7812 10233
3 7809 10233 10231
3 7392 2971 7390
3 7392 2972 2971
3 7807 10231 10227
3 7807 7809 10231
3 7397 2990 2972
3 7397 2972 7392
3 7805 10227 10225
3 7805 7807 10227
3 7398 2990 7397
3 7398 3000 2990
3 7800 10225 10221
3 7800 7805 10225
3 7401 3023 3000
3 7401 3000 7398
3 7799 10221 10218
3 7799 7800 10221
3 7404 3032 3023
3 7404 3023 7401
3 7796 7799 10218
3 7796 10218 10215
3 7408 3047 3032
3 7408 3032 7404
3 7792 7796 10215
3 7792 10215 10212
3 7410 3288 3047
3 7410 3047 7408
3 7788 7792 10212
3 7788 10212 10210
3 7414 3299 3288
3 7414 3288 7410
3 7785 7788 10210
3 7785 10210 10207
3 7418 3299 7414
3 7418 3316 3299
3 7418 3317 3316
3 7782 7785 10207
3 7782 10207 10204
3 7420 3317 7418
3 7420 3321 3317
3 7779 7782 10204
3 7779 10204 10200
3 7422 3321 7420
3 7422 3363 3321
3 7776 7779 10200
3 7425 3372 3363
3 7425 3363 7422
3 10198 7776 10200
3 7773 7776 10198
3 7428 3372 7425
3 3391 3372 7428
3 10194 7770 7773
3 10194 7773 10198
3 3400 7428 7431
3 3400 3391 7428
3 10192 7768 7770
3 10192 7770 10194
3 3932 7431 7435
3 3932 3400 7431
3 3935 7435 7437
3 3935 3932 7435
3 10188 7765 7768
3 10188 7768 10192
3 3941 7437 7442
3 3941 3935 7437
3 10187 7762 7765
3 10187 7765 10188
3 3949 7442 7443
3 3949 3941 7442
3 10183 7759 7762
3 10183 7762 10187
3 3968 3949 7443
3 10179 7755 7759
3 10179 7759 10183
3 3970 3968 7443
3 3970 7443 7448
3 10178 7755 10179
3 10178 7753 7755
3 4042 3970 7448
3 4042 7448 7450
3 4072 7450 7452
3 4072 4042 7450
3 10174 7753 10178
3 10174 7749 7753
3 4090 7452 7455
3 4090 4072 7452
3 10172 7746 7749
3 10172 7749 10174
3 4098 4090 7455
3 10169 7746 10172
3 10169 7743 7746
3 4817 7455 7460
3 4817 4098 7455
3 10166 7741 7743
3 10166 7743 10169
3 4822 4817 7460
3 4822 7460 7461
3 4825 4822 7461
3 4825 7461 7464
3 10161 7741 10166
3 10161 7737 7741
3 4849 4825 7464
3 4849 7464 7468
3 10160 7734 7737
3 10160 7737 10161
3 4863 7468 7470
3 4863 4849 7468
3 10155 7734 10160
3 10155 7733 7734
3 4884 4863 7470
3 10153 7733 10155
3 10153 7728 7733
3 4887 7470 7473
3 4887 4884 7470
3 10149 7726 7728
3 10149 7728 10153
3 4994 7473 7476
3 4994 4887 7473
3 10146 7724 7726
3 10146 7726 10149
3 5007 7476 7479
3 5007 4994 7476
3 10143 7724 10146
3 10143 7719 7724
3 5758 5007 7479
3 5758 7479 7482
3 5763 7482 7486
3 5763 5758 7482
3 10142 7719 10143
3 10142 7717 7719
3 5766 7486 7488
3 5766 5763 7486
3 10137 7717 10142
3 10137 7713 7717
3 5788 7488 7493
3 5788 5766 7488
3 10134 7713 10137
3 10134 7710 7713
3 5801 7493 7494
3 5801 5788 7493
3 10132 7710 10134
3 10132 7709 7710
3 5824 5801 7494
3 10128 7705 7709
3 10128 7709 10132
3 5826 7494 7497
3 5826 5824 7494
3 10127 7701 7705
3 10127 7705 10128
3 5933 5826 7497
3 5933 7497 7500
3 10122 7698 7701
3 10122 7701 10127
3 6608 5933 7500
3 6608 7500 7503
3 10119 7696 7698
3 10119 7698 10122
3 6611 7503 7507
3 6611 6608 7503
3 10116 7693 7696
3 10116 7696 10119
3 6626 7507 7510
3 6626 6611 7507
3 6629 7510 7512
3 6629 6626 7510
3 10113 7689 7693
3 10113 7693 10116
3 7169 7512 7515
3 7169 6629 7512
3 2955 7687 7689
3 2955 7689 10113
3 2943 2955 2952
3 2943 7687 2955
3 6688 7515 7519
3 6688 7169 7515
3 2940 7687 2943
3 2940 7683 7687
3 6693 7519 7521
3 6693 6688 7519
3 2933 7683 2940
3 2933 7682 7683
3 2924 7682 2933
3 2924 7679 7682
3 6703 6693 7521
3 6703 7521 7525
3 2917 7679 2924
3 2917 7675 7679
3 6705 7525 7527
3 6705 6703 7525
3 2913 7675 2917
3 6009 6705 7527
3 2904 7673 7675
3 2904 7675 2913
3 2901 7673 2904
3 5989 7527 7530
3 5989 6009 7527
3 2899 7673 2901
3 2899 7670 7673
3 5994 7530 7534
3 5994 5989 7530
3 6499 7670 2899
3 6499 7665 7670
3 6497 7665 6499
3 5998 7534 7536
3 5998 5994 7534
3 6494 7665 6497
3 6494 7664 7665
3 6014 5998 7536
3 6014 7536 7539
3 6491 7664 6494
3 6487 7664 6491
3 6487 7660 7664
3 6024 7539 7542
3 6024 6014 7539
3 5598 7660 6487
3 5598 7658 7660
3 6056 7542 7547
3 6056 6024 7542
3 5596 7658 5598
3 6059 7547 7549
3 6059 6056 7547
3 5592 7658 5596
3 5592 7654 7658
3 5609 7654 5592
3 5609 7650 7654
3 5156 7549 7551
3 5156 6059 7549
3 4571 7650 5609
3 4571 7647 7650
3 5157 5156 7551
3 4567 7647 4571
3 5166 7551 7556
3 5166 5157 7551
3 3700 7647 4567
3 3700 7644 7647
3 5176 7556 7557
3 5176 5166 7556
3 3696 7644 3700
3 3696 7643 7644
3 5178 7557 7560
3 5178 5176 7557
3 3203 7643 3696
3 3187 7643 3203
3 3187 7639 7643
3 5181 7560 7565
3 5181 5178 7560
3 3183 7639 3187
3 3183 7635 7639
3 5192 7565 7566
3 5192 5181 7565
3 3172 7633 7635
3 3172 7635 3183
3 5206 5192 7566
3 3158 7633 3172
3 5223 7566 7570
3 5223 5206 7566
3 3145 7633 3158
3 3145 7631 7633
3 5255 7570 7573
3 5255 5223 7570
3 3133 7631 3145
3 3133 7626 7631
3 4238 7573 7576
3 4238 5255 7573
3 3122 7624 7626
3 3122 7626 3133
3 4243 7576 7578
3 4243 4238 7576
3 3117 7624 3122
3 3117 7620 7624
3 4254 7578 7582
3 4254 4243 7578
3 3110 7620 3117
3 4265 4254 7582
3 3107 7618 7620
3 3107 7620 3110
3 4268 7582 7584
3 4268 4265 7582
3 3586 7618 3107
3 3586 7614 7618
3 4271 7584 7587
3 4271 4268 7584
3 3571 7614 3586
3 3571 7611 7614
3 4280 7587 7591
3 4280 4271 7587
3 3567 7611 3571
3 3567 7608 7611
3 4293 4280 7591
3 4293 7591 7593
3 3565 7608 3567
3 4326 4293 7593
3 4326 7593 7596
3 3577 7608 3565
3 3577 7605 7608
3 3532 4326 7596
3 3557 7605 3577
3 3557 7603 7605
3 3534 3532 7596
3 3534 7596 7599
3 3545 7603 3557
3 3545 3534 7599
3 3545 7599 7603
3 10456 10460 8034
3 10462 8034 10460
3 10465 10456 8034
3 10469 8034 10462
3 10472 8034 8031
3 10472 10465 8034
3 10474 8034 10469
3 10476 10472 8031
3 10481 8034 10474
3 10484 10476 8031
3 10486 8034 10481
3 10489 10484 8031
3 10492 8034 10486
3 10494 10489 8031
3 10497 8034 10492
3 10501 10494 8031
3 10505 8034 10497
3 10506 10501 8031
3 10509 8034 10505
3 10513 10506 8031
3 10517 8034 10509
3 10518 10513 8031
3 10521 8034 10517
3 10525 10518 8031
3 10528 8034 10521
3 10530 10525 8031
3 10534 8034 10528
3 10537 10530 8031
3 10540 8034 10534
3 10542 10537 8031
3 10546 8034 10540
3 10549 10542 8031
3 10551 8034 10546
3 10556 10549 8031
3 10557 8034 10551
3 10560 10556 8031
3 10564 8034 10557
3 10568 10560 8031
3 10571 8034 10564
3 10574 10568 8031
3 10577 8034 10571
3 10578 10574 8031
3 10581 8034 10577
3 10586 10578 8031
3 10587 8034 10581
3 10591 10586 8031
3 10593 8034 10587
3 10596 10591 8031
3 10601 8034 10593
3 10604 10596 8031
3 10606 8034 10601
3 10610 10604 8031
3 10613 8034 10606
3 10614 10610 8031
3 10617 8034 10613
3 10621 10614 8031
3 10625 8034 10617
3 10626 10621 8031
3 10631 8034 10625
3 10631 8209 8034
3 10633 10626 8031
3 10635 8209 10631
3 10635 8205 8209
3 10639 10633 8031
3 10641 8205 10635
3 10641 8204 8205
3 10645 10639 8031
3 10648 8204 10641
3 10648 8201 8204
3 10650 10645 8031
3 10653 8196 8201
3 10653 8201 10648
3 10657 10650 8031
3 10659 8196 10653
3 10659 8193 8196
3 10663 10657 8031
3 10666 8193 10659
3 10666 8192 8193
3 10668 10663 8031
3 10672 8187 8192
3 10672 8192 10666
3 10676 10668 8031
3 10678 8187 10672
3 10678 8184 8187
3 10681 10676 8031
3 10683 8181 8184
3 10683 8184 10678
3 10688 10681 8031
3 10690 8181 10683
3 10690 8179 8181
3 10692 10688 8031
3 10696 8175 8179
3 10696 8179 10690
3 10699 10692 8031
3 10703 8173 8175
3 10703 8175 10696
3 10705 10699 8031
3 10708 8170 8173
3 10708 8173 10703
3 10712 10705 8031
3 10715 8166 8170
3 10715 8170 10708
3 10718 10712 8031
3 10721 8163 8166
3 10721 8166 10715
3 10723 10718 8031
3 10726 8163 10721
3 10726 8160 8163
3 10730 10723 8031
3 10733 8160 10726
3 10733 8158 8160
3 10735 10730 8031
3 10738 8158 10733
3 10738 8155 8158
3 10743 10735 8031
3 10744 8155 10738
3 10744 8153 8155
3 10747 10743 8031
3 10750 8153 10744
3 10750 8150 8153
3 10753 10747 8031
3 10756 8147 8150
3 10756 8150 10750
3 10759 10753 8031
3 10763 8147 10756
3 10763 8142 8147
3 10765 10759 8031
3 10770 8142 10763
3 10770 8139 8142
3 10771 10765 8031
3 10774 8136 8139
3 10774 8139 10770
3 10779 8136 10774
3 10779 8133 8136
3 10780 8133 10779
3 10780 8130 8133
3 10785 8130 10780
3 10785 8127 8130
3 10787 8127 10785
3 8124 8127 10787
3 10790 8124 10787
3 8121 10790 10793
3 8121 8124 10790
3 8119 10793 10796
3 8119 8121 10793
3 8115 10796 10799
3 8115 8119 10796
3 8114 10799 10802
3 8114 8115 10799
3 8110 8114 10802
3 8110 10802 10804
3 8107 10804 10807
3 8107 8110 10804
3 8105 10807 10812
3 8105 8107 10807
3 8100 10812 10813
3 8100 8105 10812
3 8097 10813 10816
3 8097 8100 10813
3 8095 10816 10820
3 8095 8097 10816
3 8091 10820 10822
3 8091 8095 10820
3 8088 8091 10822
3 8088 10822 10825
3 8086 10825 10828
3 8086 8088 10825
3 8083 8086 10828
3 8083 10828 10832
3 8081 10832 10835
3 8081 8083 10832
3 8076 8081 10835
3 8076 10835 10838
3 8073 10838 10842
3 8073 8076 10838
3 8070 10842 10845
3 8070 8073 10842
3 8067 8070 10845
3 8067 10845 10848
3 8066 8067 10848
3 8066 10848 10851
3 8063 8066 10851
3 8063 10851 10852
3 8059 8063 10852
3 8059 10852 10855
3 8056 8059 10855
3 8056 10855 10859
3 8053 8056 10859
3 8053 10859 10861
3 8050 8053 10861
3 8050 10861 10866
3 8046 8050 10866
3 8046 10866 10868
3 8043 8046 10868
3 8043 10868 10870
3 8042 10870 10874
3 8042 8043 10870
3 8037 10874 10878
3 8037 10878 10880
3 8037 10880 10882
3 8037 10882 10885
3 8037 10885 10890
3 8037 10890 10891
3 8037 10891 10895
3 8037 10895 10899
3 8037 10899 10902
3 8037 10902 10904
3 8037 10904 10906
3 8037 10906 10910
3 8037 10910 10915
3 8037 10915 10917
3 8037 10917 10920
3 8037 10920 10922
3 8037 10922 10926
3 8037 10926 10928
3 8037 10928 10932
3 8037 10932 10935
3 8037 10935 10939
3 8037 10939 10942
3 8037 10942 10943
3 8037 10943 10947
3 8037 10947 10950
3 8037 10950 10953
3 8037 10953 10957
3 8037 10957 10960
3 8037 10960 10961
3 8037 8042 10874
3 8037 10961 10964
3 8037 10964 10968
3 8037 10968 10972
3 8037 10972 10975
3 8037 10975 10977
3 8037 10977 10979
3 8037 10979 10984
3 8037 10984 10986
3 8037 10986 10989
3 8037 10989 10992
3 10995 10999 11001
3 11003 11001 11006
3 11003 10995 11001
3 11010 11012 10999
3 11010 10999 10995
3 11017 11006 11019
3 11017 11003 11006
3 11022 11012 11010
3 11022 11025 11012
3 11028 11019 11030
3 11028 11017 11019
3 11033 11036 11025
3 11033 11025 11022
3 11039 11030 10771
3 11039 11028 11030
3 11044 11046 11036
3 11044 11036 11033
3 11050 10771 8031
3 11050 8031 8389
3 11050 11039 10771
3 11051 11054 11046
3 11051 11046 11044
3 11058 11050 8389
3 11061 11054 11051
3 11061 11063 11054
3 11068 11058 8389
3 11071 11063 11061
3 11071 11074 11063
3 11075 11068 8389
3 11079 11074 11071
3 11079 11081 11074
3 11085 11075 8389
3 11087 11081 11079
3 11087 11092 11081
3 11094 11085 8389
3 11096 11092 11087
3 11096 11100 11092
3 11102 11094 8389
3 11107 11109 11100
3 11107 11100 11096
3 11111 11102 8389
3 11114 11118 11109
3 11114 11109 11107
3 11122 11111 8389
3 11123 11118 11114
3 11123 11126 11118
3 11130 11122 8389
3 11132 11126 11123
3 11132 11135 11126
3 11139 11130 8389
3 11141 11135 11132
3 11141 11144 11135
3 11147 11139 8389
3 11150 11144 11141
3 11150 11153 11144
3 11157 11147 8389
3 11160 11153 11150
3 11160 11164 11153
3 11167 11157 8389
3 11168 11164 11160
3 11168 11172 11164
3 11175 11167 8389
3 11177 11172 11168
3 11177 11180 11172
3 11185 11175 8389
3 11187 11180 11177
3 11187 11189 11180
3 11192 11185 8389
3 11196 11189 11187
3 11196 11199 11189
3 11203 11192 8389
3 11204 11199 11196
3 11204 11207 11199
3 11212 11203 8389
3 11215 11207 11204
3 11215 11216 11207
3 11221 11212 8389
3 11222 11216 11215
3 11222 11226 11216
3 11229 11221 8389
3 11231 11226 11222
3 11231 11234 11226
3 11239 11229 8389
3 11242 11234 11231
3 11242 11243 11234
3 11247 11239 8389
3 11250 11243 11242
3 11250 11252 11243
3 11257 11247 8389
3 11258 11252 11250
3 11258 11262 11252
3 11264 11257 8389
3 11268 11262 11258
3 11268 11271 11274
3 11268 11274 11262
3 11278 11264 8389
3 11281 11271 11268
3 11281 11284 11271
3 11286 11278 8389
3 11288 11292 11284
3 11288 11284 11281
3 11296 11286 8389
3 11297 11301 11292
3 11297 11292 11288
3 11305 11296 8389
3 11307 11309 11301
3 11307 11301 11297
3 11314 11305 8389
3 11315 11318 11309
3 11315 11309 11307
3 11321 11314 8389
3 11324 11328 11318
3 11324 11318 11315
3 11330 11321 8389
3 11333 11338 11328
3 11333 11328 11324
3 11340 11330 8389
3 11344 11346 11338
3 11344 11338 11333
3 11348 11340 8389
3 11351 11346 11344
3 11351 11354 11346
3 11357 11348 8389
3 11361 11354 11351
3 11361 11363 11354
3 11368 11357 8389
3 11369 11363 11361
3 11369 11373 11363
3 11375 11368 8389
3 11380 11373 11369
3 11380 11383 11373
3 11386 11375 8389
3 11388 11383 11380
3 11388 11390 11383
3 11393 11386 8389
3 11397 11390 11388
3 11397 11399 11390
3 11404 11393 8389
3 11405 11399 11397
3 11405 11409 11399
3 11412 11404 8389
3 11414 11409 11405
3 11414 11418 11409
3 11420 11412 8389
3 11423 11418 11414
3 11423 10992 11418
3 11428 11420 8389
3 11429 10992 11423
3 11429 8037 10992
3 11434 11428 8389
3 11435 11434 8389
3 11440 11435 8389
3 11441 11440 8389
3 11444 11441 8389
3 11447 11444 8389
3 11450 11447 8389
3 11453 11450 8389
3 8211 11429 11457
3 8211 11457 11459
3 8211 11459 11463
3 8211 11463 11465
3 8211 11465 11469
3 8211 11469 11473
3 8211 11473 11475
3 8211 8037 11429
3 8211 11475 11477
3 8211 11477 11482
3 8211 11482 11484
3 8211 11484 11487
3 8211 11487 11491
3 8211 11491 11494
3 8211 11494 11497
3 8211 11497 11498
3 8211 11498 11502
3 8211 11502 11505
3 8211 11505 11509
3 8211 11509 11512
3 8211 11512 11514
3 8211 11514 11516
3 8211 11516 11519
3 8211 11519 11522
3 8211 11522 11527
3 8211 11527 11530
3 8211 11530 11531
3 8211 11531 11536
3 8211 11536 11538
3 8211 11538 11541
3 8211 11541 11545
3 8211 11545 11546
3 8211 11546 11550
3 8211 11550 11553
3 8211 11553 11556
3 8211 11556 11558
3 8211 11558 11562
3 8211 11562 11564
3 8211 11564 11569
3 8211 11569 11570
3 8214 11574 11578
3 8214 11578 11579
3 8214 11579 11582
3 8214 11582 11587
3 8214 11587 11588
3 8214 11588 11591
3 8214 11591 11595
3 8214 11595 11598
3 8214 11598 11601
3 8214 11601 11603
3 8214 11603 11608
3 8214 11608 11611
3 8214 11611 11613
3 8214 11613 11616
3 8214 11616 11620
3 8214 11620 11623
3 8214 11623 11624
3 8214 11624 11627
3 8214 11627 11630
3 8214 11630 11635
3 8214 11635 11636
3 8214 11636 11640
3 8214 11640 11644
3 8214 11644 11646
3 8214 11646 11650
3 8214 11650 11652
3 8214 11652 11656
3 8214 11656 11658
3 8214 11658 11661
3 8214 11661 11664
3 8214 11664 11667
3 8214 11667 11453
3 8214 11453 8389
3 8386 11570 11669
3 8386 8211 11570
3 8217 11674 11574
3 8217 11574 8214
3 8382 8386 11669
3 8382 11669 11675
3 8222 11679 11674
3 8222 11674 8217
3 8381 11675 11683
3 8381 8382 11675
3 8223 11684 11679
3 8223 11679 8222
3 8376 8381 11683
3 8376 11683 11687
3 8227 11690 11684
3 8227 11684 8223
3 8373 8376 11687
3 8373 11687 11693
3 8229 11690 8227
3 8229 11696 11690
3 8370 8373 11693
3 8370 11693 11699
3 8234 11696 8229
3 8234 11702 11696
3 8367 8370 11699
3 8367 11699 11705
3 8235 11702 8234
3 8235 11708 11702
3 8366 8367 11705
3 8366 11705 11711
3 8238 11708 8235
3 8238 11715 11708
3 8363 11711 11719
3 8363 8366 11711
3 8242 11715 8238
3 8242 11720 11715
3 8358 8363 11719
3 8358 11719 11725
3 8244 11720 8242
3 8244 11728 11720
3 8355 11725 11730
3 8355 8358 11725
3 8249 11728 8244
3 8249 11734 11728
3 8354 8355 11730
3 8354 11730 11737
3 8251 11734 8249
3 8251 11738 11734
3 8351 11737 11741
3 8351 8354 11737
3 8253 11738 8251
3 8253 11746 11738
3 8348 11741 11748
3 8348 8351 11741
3 8256 11746 8253
3 8256 11751 11746
3 8345 11748 11755
3 8345 8348 11748
3 8261 11751 8256
3 8261 11757 11751
3 8340 11755 11760
3 8340 8345 11755
3 8262 11757 8261
3 8262 11764 11757
3 8339 11760 11766
3 8339 8340 11760
3 8265 11764 8262
3 8265 11769 11764
3 8335 11766 11771
3 8335 8339 11766
3 8268 11769 8265
3 8268 11775 11769
3 8331 8335 11771
3 8331 11771 11777
3 8271 11775 8268
3 8271 11781 11775
3 8328 11777 11785
3 8328 8331 11777
3 8275 11786 11781
3 8275 11781 8271
3 8325 8328 11785
3 8325 11785 11789
3 8278 11792 11786
3 8278 11786 8275
3 8323 11789 11795
3 8323 8325 11789
3 8282 11798 11792
3 8282 11792 8278
3 8321 11795 11802
3 8321 8323 11795
3 8284 11798 8282
3 8284 11804 11798
3 8318 11802 11808
3 8318 8321 11802
3 8288 11804 8284
3 8288 11810 11804
3 8313 8318 11808
3 8313 11808 11814
3 8291 11810 8288
3 8291 11817 11810
3 8310 8313 11814
3 8310 11814 11819
3 8292 11817 8291
3 8292 11822 11817
3 8307 8310 11819
3 8307 11819 11825
3 8295 11822 8292
3 8295 11828 11822
3 8306 8307 11825
3 8306 11825 11832
3 8299 11828 8295
3 8299 11834 11828
3 8303 8306 11832
3 8303 11834 8299
3 8303 11832 11834
3 11839 8827 8823
3 11842 8823 8822
3 11842 11839 8823
3 11845 8829 8827
3 11845 8827 11839
3 11847 11842 8822
3 11847 8822 8817
3 11850 8829 11845
3 11850 8834 8829
3 11853 11847 8817
3 11853 8817 8814
3 11855 8834 11850
3 11855 8836 8834
3 11858 11853 8814
3 11858 8814 8811
3 11861 8839 8836
3 11861 8836 11855
3 11866 11858 8811
3 11866 8811 8808
3 11868 8841 8839
3 11868 8839 11861
3 11872 11866 8808
3 11872 8808 8805
3 11874 8841 11868
3 11874 8844 8841
3 11877 8805 8802
3 11877 11872 8805
3 11879 8844 11874
3 11879 8848 8844
3 11882 8802 8799
3 11882 11877 8802
3 11885 8848 11879
3 11885 8850 8848
3 11888 8799 8798
3 11888 11882 8799
3 11892 8854 8850
3 11892 8850 11885
3 11894 8798 8793
3 11894 11888 8798
3 11899 8854 11892
3 11899 8857 8854
3 11902 11894 8793
3 11902 8793 8791
3 11905 8857 11899
3 11905 8859 8857
3 11906 8791 8788
3 11906 11902 8791
3 11909 8859 11905
3 11909 8862 8859
3 11912 11906 8788
3 11912 8788 8784
3 11917 8866 8862
3 11917 8862 11909
3 11919 8784 8781
3 11919 11912 8784
3 11922 8870 8866
3 11922 8866 11917
3 11924 8781 8779
3 11924 11919 8781
3 11928 8872 8870
3 11928 8870 11922
3 11931 8779 8775
3 11931 11924 8779
3 11933 8874 8872
3 11933 8872 11928
3 11937 8775 8772
3 11937 11931 8775
3 11941 8877 8874
3 11941 8874 11933
3 11944 11937 8772
3 11944 8772 8771
3 11946 8880 8877
3 11946 8877 11941
3 11948 8771 8768
3 11948 11944 8771
3 11951 8884 8880
3 11951 8880 11946
3 11956 8768 8763
3 11956 11948 8768
3 11957 8884 11951
3 11957 8888 8884
3 11960 8763 8760
3 11960 11956 8763
3 11963 8888 11957
3 11963 8889 8888
3 11966 11960 8760
3 11966 8760 8757
3 11969 8892 8889
3 11969 8889 11963
3 11973 8757 8755
3 11973 11966 8757
3 11976 8892 11969
3 11978 8755 8753
3 11978 11973 8755
3 11981 8892 11976
3 11981 8896 8892
3 11984 8753 8749
3 11984 11978 8753
3 11987 8898 8896
3 11987 8896 11981
3 11992 8749 8745
3 11992 11984 8749
3 11993 8898 11987
3 11993 8903 8898
3 11997 11992 8745
3 11997 8745 8742
3 12001 8903 11993
3 12001 8905 8903
3 12003 8742 8739
3 12003 11997 8742
3 12007 8905 12001
3 12007 8907 8905
3 12007 8911 8907
3 12010 8738 8734
3 12010 8739 8738
3 12010 12003 8739
3 12011 8911 12007
3 12011 8914 8911
3 12014 8734 8730
3 12014 12010 8734
3 12017 8916 8914
3 12017 8914 12011
3 12021 8730 8727
3 12021 12014 8730
3 12023 8916 12017
3 12023 8920 8916
3 12026 8727 8726
3 12026 12021 8727
3 12029 8923 8920
3 12029 8920 12023
3 12032 8726 8722
3 12032 12026 8726
3 12037 8923 12029
3 12037 8925 8923
3 12038 8722 8718
3 12038 12032 8722
3 12042 8925 12037
3 12044 8718 8717
3 12044 12038 8718
3 12047 8925 12042
3 12047 8930 8925
3 12051 8717 8713
3 12051 12044 8717
3 12053 8930 12047
3 12053 8932 8930
3 12058 8713 8710
3 12058 12051 8713
3 12060 8934 8932
3 12060 8932 12053
3 12062 8710 8708
3 12062 12058 8710
3 12067 8937 8934
3 12067 8934 12060
3 12070 8708 8704
3 12070 12062 8708
3 12072 8940 8937
3 12072 8937 12067
3 12074 12070 8704
3 12074 8704 8700
3 12079 8940 12072
3 12079 8943 8940
3 12080 8700 8698
3 12080 12074 8700
3 12083 8948 8943
3 12083 8943 12079
3 12086 8698 8694
3 12086 12080 8698
3 12091 8948 12083
3 12091 8950 8948
3 12092 8694 8691
3 12092 12086 8694
3 12095 8950 12091
3 12095 8954 8950
3 12099 12092 8691
3 12099 8691 8688
3 12102 8954 12095
3 12102 8956 8954
3 12104 12099 8688
3 12104 8688 8685
3 12107 8956 12102
3 12107 8959 8956
3 12111 12104 8685
3 12111 8685 8682
3 12114 8959 12107
3 12114 8962 8959
3 12116 12111 8682
3 12116 8682 8681
3 12119 8962 12114
3 12119 8964 8962
3 12123 12116 8681
3 12123 8681 8677
3 12125 8964 12119
3 12125 8967 8964
3 12128 12123 8677
3 12128 8677 8673
3 12133 8970 8967
3 12133 8967 12125
3 12134 12128 8673
3 12134 8673 8670
3 12137 8970 12133
3 12137 8973 8970
3 12142 12134 8670
3 12142 8670 8667
3 12143 8973 12137
3 12143 8976 8973
3 12148 12142 8667
3 12148 8667 8664
3 12149 8976 12143
3 12149 8979 8976
3 12153 12148 8664
3 12153 8664 8661
3 12157 8979 12149
3 12157 8982 8979
3 12159 12153 8661
3 12159 8661 8659
3 12163 8982 12157
3 12163 8985 8982
3 12166 12159 8659
3 12166 8659 8656
3 12167 8989 8985
3 12167 8985 12163
3 12170 12166 8656
3 8652 12170 8656
3 12173 8989 12167
3 12173 8992 8989
3 12176 12170 8652
3 12179 8992 12173
3 12179 8995 8992
3 8649 12176 8652
3 8649 12182 12176
3 12185 8995 12179
3 8997 8995 12185
3 12188 8997 12185
3 8646 12182 8649
3 8646 12191 12182
3 9001 12188 12196
3 9001 8997 12188
3 8643 12198 12191
3 8643 12191 8646
3 9005 12196 12202
3 9005 9001 12196
3 8640 12203 12198
3 8640 12198 8643
3 9006 12202 12206
3 9006 9005 12202
3 8637 12203 8640
3 8637 12209 12203
3 9009 12206 12212
3 9009 9006 12206
3 8636 12216 12209
3 8636 12209 8637
3 9012 12212 12218
3 9012 9009 12212
3 8633 12223 12216
3 8633 12216 8636
3 9017 12218 12224
3 9017 9012 12218
3 8629 12228 12223
3 8629 12223 8633
3 9020 12224 12230
3 9020 9017 12224
3 8626 12233 12228
3 8626 12228 8629
3 9021 12230 12238
3 9021 9020 12230
3 8624 12239 12233
3 8624 12233 8626
3 9024 9021 12238
3 9024 12238 12244
3 8620 12247 12239
3 8620 12239 8624
3 9028 9024 12244
3 9028 12244 12250
3 8617 12251 12247
3 8617 12247 8620
3 9032 12250 12254
3 9032 9028 12250
3 8614 12257 12251
3 8614 12251 8617
3 9034 12254 12260
3 9034 9032 12254
3 8610 12263 12257
3 8610 12257 8614
3 9037 12260 12267
3 9037 9034 12260
3 8607 12263 8610
3 8607 12269 12263
3 9040 12267 12273
3 9040 9037 12267
3 8604 12269 8607
3 8604 12277 12269
3 9044 12273 12278
3 9044 9040 12273
3 8601 12282 12277
3 8601 12277 8604
3 9047 12278 12285
3 9047 9044 12278
3 8598 12282 8601
3 8598 12288 12282
3 9050 9047 12285
3 9050 12285 12292
3 8595 12293 12288
3 8595 12288 8598
3 9051 12292 12298
3 9051 9050 12292
3 8594 12300 12293
3 8594 12293 8595
3 9054 12298 12303
3 9054 9051 12298
3 8589 12300 8594
3 8589 12305 12300
3 9057 12303 12308
3 9057 9054 12303
3 8588 12311 12305
3 8588 12305 8589
3 9060 12308 12315
3 9060 9057 12308
3 8583 12317 12311
3 8583 12311 8588
3 9064 9060 12315
3 9064 12315 12322
3 8580 12323 12326
3 8580 12326 12317
3 8580 12317 8583
3 9068 12322 12331
3 9068 9064 12322
3 8577 12333 12323
3 8577 12323 8580
3 9069 9068 12331
3 9069 12331 12335
3 8574 12340 12333
3 8574 12333 8577
3 9073 12335 12343
3 9073 9069 12335
3 8573 12344 12340
3 8573 12340 8574
3 9075 12343 12348
3 9075 9073 12343
3 8568 12350 12344
3 8568 12344 8573
3 9078 12348 12355
3 9078 9075 12348
3 8565 12350 8568
3 8565 12358 12350
3 8391 9078 12355
3 8562 12358 8565
3 8396 12355 12360
3 8396 8391 12355
3 8559 12358 8562
3 8559 12362 12358
3 8397 12360 12365
3 8397 8396 12360
3 8556 12362 8559
3 8556 12368 12362
3 8401 12365 12373
3 8401 8397 12365
3 8553 12368 8556
3 8553 12375 12368
3 8405 8401 12373
3 8405 12373 12378
3 8550 12375 8553
3 8550 12381 12375
3 8407 12378 12385
3 8407 8405 12378
3 8548 12381 8550
3 8548 12386 12389
3 8548 12389 12381
3 8409 12385 12392
3 8409 8407 12385
3 8544 12386 8548
3 8544 12397 12386
3 8413 8409 12392
3 8413 12392 12400
3 8541 12397 8544
3 8541 12401 12397
3 8416 12400 12405
3 8416 8413 12400
3 8538 12401 8541
3 8538 12407 12401
3 8418 12405 12411
3 8418 8416 12405
3 8536 12413 12407
3 8536 12407 8538
3 8421 12411 12417
3 8421 8418 12411
3 8533 12419 12413
3 8533 12413 8536
3 8424 12417 12423
3 8424 8421 12417
3 8529 12425 12419
3 8529 12419 8533
3 8427 8424 12423
3 8427 12423 12428
3 8526 12425 8529
3 8526 12432 12425
3 8430 12428 12435
3 8430 8427 12428
3 8525 12432 8526
3 8525 12437 12432
3 8434 8430 12435
3 8434 12435 12442
3 8522 12437 8525
3 8522 12445 12437
3 8436 8434 12442
3 8436 12442 12446
3 8517 12445 8522
3 8517 12449 12445
3 8440 8436 12446
3 8440 12446 12452
3 8516 12449 8517
3 8516 12457 12449
3 8444 8440 12452
3 8444 12452 12459
3 8512 12457 8516
3 8512 12461 12457
3 8445 8444 12459
3 8445 12459 12464
3 8508 12461 8512
3 8508 12467 12461
3 8448 12464 12472
3 8448 8445 12464
3 8505 12467 8508
3 8505 12473 12467
3 8451 8448 12472
3 8451 12472 12476
3 8504 12473 8505
3 8504 12480 12473
3 8455 8451 12476
3 8455 12476 12482
3 8501 12480 8504
3 8501 12485 12480
3 8457 8455 12482
3 8457 12482 12488
3 8496 12485 8501
3 8496 12491 12485
3 8460 8457 12488
3 8460 12488 12494
3 8493 12491 8496
3 8493 12498 12491
3 8463 8460 12494
3 8463 12494 12501
3 8492 12498 8493
3 8492 12503 12498
3 8466 8463 12501
3 8466 12501 12507
3 8487 12503 8492
3 8487 12509 12503
3 8469 12507 12514
3 8469 8466 12507
3 8486 12509 8487
3 8486 12515 12509
3 8472 8469 12514
3 8472 12514 12518
3 8483 12515 8486
3 8483 12521 12515
3 8475 8472 12518
3 8475 12518 12524
3 8478 12521 8483
3 8478 8475 12524
3 8478 12524 12521
3 12528 9171 9168
3 12530 9168 9167
3 12530 12528 9168
3 12533 9176 9171
3 12533 9171 12528
3 12536 12530 9167
3 12536 9167 9162
3 12539 9176 12533
3 12539 9179 9176
3 12543 12536 9162
3 12543 9162 9159
3 12546 9179 12539
3 12546 9181 9179
3 12548 12543 9159
3 12548 9159 9157
3 12552 9181 12546
3 12552 9183 9181
3 12554 12548 9157
3 12554 9157 9153
3 12557 9183 12552
3 12557 9186 9183
3 12560 12554 9153
3 12560 9153 9150
3 12563 9189 9186
3 12563 9186 12557
3 12566 9150 9148
3 12566 12560 9150
3 12570 9189 12563
3 12570 9192 9189
3 12572 9148 9145
3 12572 12566 9148
3 12575 9196 9192
3 12575 9192 12570
3 12578 9145 9142
3 12578 12572 9145
3 12581 9200 9196
3 12581 9196 12575
3 12585 9142 9138
3 12585 12578 9142
3 12589 9201 9200
3 12589 9200 12581
3 12590 9138 9135
3 12590 12585 9138
3 12593 9201 12589
3 12593 9204 9201
3 12596 9135 9132
3 12596 12590 9135
3 12599 9204 12593
3 12599 9209 9204
3 12603 12596 9132
3 12603 9132 9129
3 12607 9210 9209
3 12607 9209 12599
3 12608 9129 9127
3 12608 12603 9129
3 12611 9213 9210
3 12611 9210 12607
3 12614 9127 9124
3 12614 12608 9127
3 12617 9218 9213
3 12617 9213 12611
3 12622 9124 9120
3 12622 12614 9124
3 12624 9218 12617
3 12624 9220 9218
3 12626 12622 9120
3 12626 9120 9117
3 12630 9222 9220
3 12630 9220 12624
3 12632 9117 9114
3 12632 12626 9117
3 12636 9225 9222
3 12636 9222 12630
3 12638 9114 9111
3 12638 12632 9114
3 12643 9229 9225
3 12643 9225 12636
3 12644 12638 9111
3 12644 9111 9108
3 12648 9232 9229
3 12648 9229 12643
3 12652 12644 9108
3 12652 9108 9105
3 12653 9236 9232
3 12653 9232 12648
3 12656 9105 9102
3 12656 12652 9105
3 12659 9236 12653
3 12659 9237 9236
3 12662 12656 9102
3 12662 9102 9100
3 12665 9237 12659
3 12668 9100 9096
3 12668 12662 9100
3 12673 9237 12665
3 12673 9240 9237
3 12675 9096 9094
3 12675 12668 9096
3 12677 9244 9240
3 12677 9240 12673
3 12680 12675 9094
3 12680 9094 9091
3 12683 9246 9244
3 12683 9244 12677
3 12686 9091 9087
3 12686 12680 9091
3 12690 9246 12683
3 12690 9249 9246
3 12692 9087 9084
3 12692 12686 9087
3 12696 9249 12690
3 12696 9252 9249
3 12696 9256 9252
3 12698 12692 9084
3 12698 9081 9768
3 12698 9084 9081
3 12701 9256 12696
3 12701 9259 9256
3 12705 9768 9767
3 12705 12698 9768
3 12709 9261 9259
3 12709 9259 12701
3 12710 9767 9762
3 12710 12705 9767
3 12713 9261 12709
3 12713 9264 9261
3 12716 9762 9760
3 12716 12710 9762
3 12719 9264 12713
3 12719 9268 9264
3 12722 9760 9757
3 12722 12716 9760
3 12725 9268 12719
3 12725 9271 9268
3 12730 9757 9754
3 12730 12722 9757
3 12733 9271 12725
3 12735 9754 9751
3 12735 12730 9754
3 12737 9271 12733
3 12737 9275 9271
3 12740 12735 9751
3 12740 9751 9749
3 12743 9275 12737
3 12743 9277 9275
3 12746 9749 9746
3 12746 12740 9749
3 12751 9280 9277
3 12751 9277 12743
3 12754 12746 9746
3 12754 9746 9743
3 12757 9283 9280
3 12757 9280 12751
3 12759 9743 9738
3 12759 12754 9743
3 12761 9286 9283
3 12761 9283 12757
3 12765 12759 9738
3 12765 9738 9735
3 12767 9286 12761
3 12767 9289 9286
3 12772 9735 9734
3 12772 12765 9735
3 12773 9289 12767
3 12773 9291 9289
3 12779 9734 9730
3 12779 12772 9734
3 12782 9291 12773
3 12782 9296 9291
3 12784 9730 9727
3 12784 12779 9730
3 12786 9296 12782
3 12786 9299 9296
3 12789 12784 9727
3 12789 9727 9725
3 12794 9299 12786
3 12794 9300 9299
3 12796 12789 9725
3 12796 9725 9722
3 12798 9300 12794
3 12798 9304 9300
3 12802 12796 9722
3 12802 9722 9717
3 12804 9304 12798
3 12804 9307 9304
3 12809 12802 9717
3 12809 9717 9714
3 12810 9307 12804
3 12810 9311 9307
3 12813 12809 9714
3 12813 9714 9711
3 12817 9311 12810
3 12817 9313 9311
3 12821 12813 9711
3 12821 9711 9709
3 12824 9316 9313
3 12824 9313 12817
3 12825 12821 9709
3 12825 9709 9705
3 12828 9316 12824
3 12828 9318 9316
3 12832 12825 9705
3 12832 9705 9702
3 12835 9318 12828
3 12835 9321 9318
3 12839 12832 9702
3 12839 9702 9699
3 12842 9321 12835
3 12842 9326 9321
3 12843 12839 9699
3 12843 9699 9696
3 12847 9326 12842
3 12847 9327 9326
3 12849 12843 9696
3 12849 9696 9695
3 12852 9327 12847
3 12852 9332 9327
3 12856 12849 9695
3 12856 9695 9691
3 12859 9333 9332
3 12859 9332 12852
3 12862 12856 9691
3 9687 12862 9691
3 12864 9333 12859
3 12864 9338 9333
3 12867 12862 9687
3 12872 9338 12864
3 12872 9339 9338
3 9686 12873 12867
3 9686 12867 9687
3 12878 9339 12872
3 9342 9339 12878
3 12879 9342 12878
3 9681 12873 9686
3 9681 12884 12873
3 9347 12879 12886
3 9347 9342 12879
3 9679 12890 12884
3 9679 12884 9681
3 9348 12886 12892
3 9348 9347 12886
3 9675 12894 12890
3 9675 12890 9679
3 9351 12892 12897
3 9351 9348 12892
3 9673 12900 12894
3 9673 12894 9675
3 9355 12897 12905
3 9355 9351 12897
3 9670 12906 12900
3 9670 12900 9673
3 9357 12905 12910
3 9357 9355 12905
3 9666 12912 12906
3 9666 12906 9670
3 9360 12910 12915
3 9360 9357 12910
3 9663 12918 12912
3 9663 12912 9666
3 9363 12915 12923
3 9363 9360 12915
3 9660 12924 12918
3 9660 12918 9663
3 9366 12923 12928
3 9366 9363 12923
3 9659 12924 9660
3 9659 12930 12924
3 9370 9366 12928
3 9370 12928 12933
3 9654 12938 12930
3 9654 12930 9659
3 9373 9370 12933
3 9373 12933 12939
3 9653 12944 12938
3 9653 12938 9654
3 9377 12939 12945
3 9377 9373 12939
3 9649 12950 12944
3 9649 12944 9653
3 9380 12945 12953
3 9380 9377 12945
3 9646 12950 9649
3 9646 12954 12950
3 9381 12953 12957
3 9381 9380 12953
3 9642 12954 9646
3 9642 12960 12954
3 9385 12957 12964
3 9385 9381 12957
3 9639 12968 12960
3 9639 12960 9642
3 9389 9385 12964
3 9389 12964 12970
3 9636 12972 12968
3 9636 12968 9639
3 9390 12970 12977
3 9390 9389 12970
3 9633 12978 12972
3 9633 12972 9636
3 9393 9390 12977
3 9393 12977 12981
3 9632 12984 12978
3 9632 12978 9633
3 9396 9393 12981
3 9396 12981 12989
3 9628 12992 12984
3 9628 12984 9632
3 9399 12989 12995
3 9399 9396 12989
3 9624 12996 12992
3 9624 12992 9628
3 9404 12995 12999
3 9404 9399 12995
3 9623 13002 12996
3 9623 12996 9624
3 9405 12999 13007
3 9405 9404 12999
3 9619 13010 13002
3 9619 13002 9623
3 9408 13007 13013
3 9408 9405 13007
3 9616 13014 13019
3 9616 13019 13010
3 9616 13010 9619
3 9411 13013 13022
3 9411 9408 13013
3 9612 13025 13014
3 9612 13014 9616
3 9414 9411 13022
3 9414 13022 13026
3 9609 13029 13025
3 9609 13025 9612
3 9417 9414 13026
3 9417 13026 13032
3 9606 13035 13029
3 9606 13029 9609
3 9420 9417 13032
3 9420 13032 13038
3 9605 13041 13035
3 9605 13035 9606
3 9424 13038 13046
3 9424 9420 13038
3 9600 13041 9605
3 9600 13048 13041
3 9428 9424 13046
3 9597 13048 9600
3 9429 13046 13051
3 9429 9428 13046
3 9594 13048 9597
3 9594 13055 13048
3 9432 13051 13056
3 9432 9429 13051
3 9591 13055 9594
3 9591 13061 13055
3 9435 13056 13063
3 9435 9432 13056
3 9589 13061 9591
3 9589 13067 13061
3 9438 9435 13063
3 9438 13063 13068
3 9587 13067 9589
3 9587 13072 13067
3 9441 13068 13074
3 9441 9438 13068
3 9584 13072 9587
3 9584 13077 13081
3 9584 13081 13072
3 9444 13074 13085
3 9444 9441 13074
3 9580 13077 9584
3 9580 13086 13077
3 9449 13085 13091
3 9449 9444 13085
3 9578 13086 9580
3 9578 13094 13086
3 9451 9449 13091
3 9451 13091 13097
3 9574 13094 9578
3 9574 13098 13094
3 9454 9451 13097
3 9454 13097 13101
3 9570 13105 13098
3 9570 13098 9574
3 9458 13101 13109
3 9458 9454 13101
3 9567 13111 13105
3 9567 13105 9570
3 9461 9458 13109
3 9461 13109 13115
3 9564 13117 13111
3 9564 13111 9567
3 9463 9461 13115
3 9463 13115 13122
3 9563 13117 9564
3 9563 13123 13117
3 9465 9463 13122
3 9465 13122 13126
3 9558 13123 9563
3 9558 13129 13123
3 9470 9465 13126
3 9470 13126 13134
3 9555 13129 9558
3 9555 13135 13129
3 9471 9470 13134
3 9471 13134 13138
3 9552 13135 9555
3 9552 13141 13135
3 9474 13138 13144
3 9474 9471 13138
3 9549 13141 9552
3 9549 13147 13141
3 9478 9474 13144
3 9478 13144 13152
3 9547 13147 9549
3 9547 13153 13147
3 9481 9478 13152
3 9481 13152 13158
3 9545 13153 9547
3 9545 13159 13153
3 9483 9481 13158
3 9483 13158 13162
3 9541 13159 9545
3 9541 13166 13159
3 9488 13162 13168
3 9488 9483 13162
3 9538 13166 9541
3 9538 13171 13166
3 9491 9488 13168
3 9491 13168 13174
3 9534 13171 9538
3 9534 13178 13171
3 9493 9491 13174
3 9493 13174 13181
3 9531 13178 9534
3 9531 13185 13178
3 9495 9493 13181
3 9495 13181 13186
3 9530 13185 9531
3 9530 13189 13185
3 9498 9495 13186
3 9498 13186 13192
3 9525 13189 9530
3 9525 13195 13189
3 9501 9498 13192
3 9501 13192 13198
3 9524 13195 9525
3 9524 13203 13195
3 9505 13198 13205
3 9505 9501 13198
3 9520 13203 9524
3 9520 13208 13203
3 9508 13205 13212
3 9508 9505 13205
3 9516 13208 9520
3 9516 13213 13208
3 9510 9508 13212
3 9510 13212 13218
3 9513 13213 9516
3 9513 9510 13218
3 9513 13218 13213
3 13045 10628 13052
3 10628 10632 13052
3 13050 10638 13057
3 10634 10638 13050
3 13058 10644 13062
3 10640 10644 13058
3 13064 10652 13070
3 10646 10652 13064
3 13069 10658 13076
3 10651 10658 13069
3 13075 10662 13084
3 10656 10662 13075
3 13083 10669 13090
3 10664 10669 13083
3 13089 10674 13096
3 10670 10674 13089
3 13095 10680 13103
3 10675 10680 13095
3 13102 10687 13108
3 10682 10687 13102
3 13107 10694 13113
3 10686 10694 13107
3 13114 10700 13119
3 10693 10700 13114
3 13120 10704 13127
3 10698 10706 13121
3 13128 10711 13133
3 10707 10711 13128
3 13132 10719 13140
3 10713 10719 13132
3 13139 10724 13146
3 10717 10724 13139
3 13145 10729 13150
3 10725 10729 13145
3 10731 10736 13151
3 13151 10736 13156
3 10737 10742 13157
3 13157 10742 13164
3 10741 10748 13163
3 13163 10748 13170
3 10749 10755 13169
3 13169 10755 13175
3 10754 10760 13176
3 13176 10760 13182
3 10761 10766 13180
3 13180 10766 13188
3 10767 10773 13187
3 13187 10773 13193
3 10772 11031 13194
3 13194 11031 13199
3 11032 11018 13200
3 13200 11018 13204
3 13206 11008 13210
3 11020 11008 13206
3 13211 11002 13217
3 11007 11002 13211
3 13216 10998 13215
3 11000 10998 13216
3 13214 11014 13209
3 10997 11014 13214
3 13207 11024 13202
3 11013 11024 13207
3 13201 11037 13197
3 11026 11037 13201
3 13196 11045 13191
3 11038 11045 13196
3 13190 11055 13183
3 11047 11055 13190
3 13184 11064 13179
3 11056 11064 13184
3 13177 11072 13173
3 11065 11072 13177
3 13172 11082 13167
3 11073 11082 13172
3 13165 11090 13161
3 11083 11090 13165
3 13160 11101 13155
3 11091 11101 13160
3 13154 11110 13148
3 11099 11110 13154
3 13149 11117 13143
3 11108 11117 13149
3 11119 11127 13142
3 13142 11127 13137
3 11128 11136 13136
3 13136 11136 13131
3 11137 11145 13130
3 13130 11145 13125
3 11146 11154 13124
3 13124 11154 13118
3 11155 11163 13116
3 13116 11163 13112
3 11162 11171 13110
3 13110 11171 13106
3 11173 11181 13104
3 13104 11181 13100
3 11182 11190 13099
3 13099 11190 13093
3 11191 11198 13092
3 13092 11198 13087
3 11200 11208 13088
3 13088 11208 13079
3 11209 11217 13078
3 13078 11217 13082
3 11218 11225 13080
3 13080 11225 13073
3 11227 11236 13071
3 13071 11236 13065
3 11235 11244 13066
3 13066 11244 13060
3 11245 11253 13059
3 13059 11253 13054
3 11254 11261 13053
3 13053 11261 13049
3 11263 11275 13047
3 13047 11275 13043
3 11273 11270 13042
3 13042 11270 13037
3 13036 11282 13030
3 11272 11282 13036
3 13031 11291 13023
3 11283 11291 13031
3 13024 11300 13016
3 11293 11300 13024
3 13015 11310 13018
3 11302 11310 13015
3 13017 11319 13009
3 11311 11319 13017
3 13008 11327 13003
3 11320 11327 13008
3 13004 11336 12997
3 11329 11336 13004
3 11337 11345 12998
3 12998 11345 12991
3 11347 11355 12990
3 12990 11355 12986
3 11356 11365 12985
3 12985 11365 12980
3 11364 11372 12979
3 12979 11372 12973
3 11374 11382 12974
3 12974 11382 12966
3 11381 11391 12967
3 12967 11391 12962
3 11392 11401 12961
3 12961 11401 12956
3 11400 11408 12955
3 12955 11408 12948
3 11410 11417 12949
3 12949 11417 12943
3 11419 10993 12942
3 12942 10993 12937
3 10991 10988 12936
3 12936 10988 12932
3 10990 10987 12931
3 12931 10987 12925
3 10985 10982 12926
3 12926 10982 12920
3 10983 10980 12919
3 12919 10980 12914
3 10981 10976 12913
3 12913 10976 12907
3 10978 10973 12908
3 12908 10973 12901
3 10974 10970 12902
3 12902 10970 12895
3 10971 10967 12896
3 12896 10967 12889
3 10969 10966 12888
3 12888 10966 12882
3 12883 10963 12875
3 10965 10963 12883
3 12874 10958 12869
3 10962 10958 12874
3 12868 10956 12863
3 10959 10956 12868
3 12861 10952 12855
3 10955 10952 12861
3 12857 10949 12851
3 10954 10949 12857
3 12850 10946 12845
3 10951 10946 12850
3 12844 10945 12837
3 10948 10945 12844
3 10944 10940 12838
3 12838 10940 12833
3 10941 10937 12831
3 12831 10937 12827
3 12826 10934 12820
3 10938 10934 12826
3 12819 10931 12815
3 10936 10931 12819
3 12814 10930 12808
3 10933 10930 12814
3 12807 10925 12803
3 10929 10925 12807
3 12801 10923 12797
3 10927 10923 12801
3 12795 10921 12791
3 10924 10921 12795
3 12790 10918 12785
3 10919 10918 12790
3 12783 10914 12778
3 10916 10914 12783
3 12777 10912 12770
3 10913 10911 12776
3 12771 10907 12766
3 10909 10907 12771
3 12764 10903 12758
3 10908 10903 12764
3 12760 10901 12753
3 10905 10901 12760
3 12752 10898 12747
3 10900 10898 12752
3 12748 10894 12742
3 10897 10894 12748
3 12741 10892 12734
3 10896 10892 12741
3 12736 10888 12728
3 10893 10888 12736
3 12729 10887 12724
3 10889 10887 12729
3 12723 10884 12718
3 10886 10884 12723
3 12717 10879 12712
3 10883 10879 12717
3 12711 10876 12706
3 10881 10876 12711
3 10877 10875 12704
3 12704 10875 12700
3 12699 10873 12693
3 12694 10872 12687
3 10873 10871 12693
3 12688 10869 12681
3 10872 10867 12687
3 12682 10865 12676
3 10869 10864 12681
3 12674 10862 12669
3 10865 10863 12676
3 12670 10858 12663
3 10862 10860 12669
3 12664 10857 12658
3 10858 10856 12663
3 12657 10853 12650
3 10857 10854 12658
3 12651 10849 12645
3 10853 10850 12650
3 12646 10846 12639
3 10849 10847 12645
3 12640 10844 12634
3 10846 10843 12639
3 12633 10840 12627
3 10844 10841 12634
3 12628 10837 12620
3 10840 10839 12627
3 12621 10836 12615
3 10837 10834 12620
3 12616 10831 12609
3 10836 10833 12615
3 12610 10829 12604
3 10831 10830 12609
3 12602 10826 12598
3 10829 10827 12604
3 10826 10824 12598
3 12597 10823 12591
3 10823 10821 12591
3 12592 10819 12586
3 10819 10817 12586
3 12584 10818 12580
3 10818 10815 12580
3 12579 10814 12574
3 10814 10811 12574
3 12573 10810 12567
3 10810 10808 12567
3 12568 10809 12562
3 10809 10806 12562
3 12561 10805 12555
3 10805 10801 12555
3 12556 10803 12549
3 10803 10800 12549
3 12550 10798 12544
3 10798 10797 12544
3 12542 10795 12537
3 12538 10792 12531
3 10795 10794 12537
3 12532 10791 12527
3 10792 10789 12531
3 12529 10786 12535
3 10791 10788 12527
3 12534 10784 12541
3 10786 10783 12535
3 12540 10781 12545
3 10784 10782 12541
3 12547 10777 12551
3 10781 10778 12545
3 12553 10775 12558
3 10777 10776 12551
3 12559 10768 12564
3 10775 10769 12558
3 12565 10764 12569
3 10768 10762 12564
3 12571 10757 12576
3 10764 10758 12569
3 12577 10751 12582
3 10757 10752 12576
3 12583 10745 12588
3 10751 10746 12582
3 12587 10739 12595
3 10745 10740 12588
3 12594 10732 12600
3 10739 10734 12595
3 12601 10728 12606
3 10732 10727 12600
3 10728 10722 12606
3 12605 10720 12612
3 10720 10716 12612
3 12613 10714 12619
3 10714 10710 12619
3 12618 10709 12625
3 10709 10702 12625
3 12623 10701 12629
3 10701 10697 12629
3 12631 10695 12635
3 10695 10691 12635
3 12637 10689 12641
3 10689 10684 12641
3 12642 10685 12647
3 10685 10679 12647
3 12649 10677 12654
3 10677 10673 12654
3 12655 10671 12660
3 10671 10665 12660
3 12661 10667 12666
3 10667 10661 12666
3 12667 10660 12671
3 10660 10654 12671
3 12672 10655 12678
3 10655 10649 12678
3 12679 10647 12684
3 10647 10642 12684
3 12685 10643 12691
3 10643 10636 12691
3 12689 10637 12695
3 10637 10630 12695
3 12697 10629 12702
3 10629 10623 12702
3 12703 10624 12707
3 10624 10619 12707
3 12708 10618 12714
3 12715 10611 12720
3 10618 10612 12714
3 12721 10607 12726
3 10611 10605 12720
3 12727 10600 12731
3 10607 10599 12726
3 12732 10594 12738
3 10600 10595 12731
3 12739 10589 12744
3 10594 10588 12738
3 12745 10582 12749
3 10589 10583 12744
3 12750 10575 12756
3 10582 10576 12749
3 10575 10570 12756
3 12755 10569 12763
3 10569 10563 12763
3 12762 10565 12768
3 10565 10559 12768
3 12769 10558 12775
3 10558 10553 12775
3 12774 10552 12780
3 10552 10547 12780
3 12781 10545 12787
3 10545 10541 12787
3 12788 10539 12792
3 10539 10535 12792
3 12793 10533 12800
3 10533 10529 12800
3 12799 10527 12805
3 10527 10523 12805
3 12806 10522 12811
3 10522 10515 12811
3 12812 10516 12818
3 10516 10511 12818
3 12816 10510 12823
3 10510 10503 12823
3 12822 10504 12829
3 10504 10498 12829
3 12830 10499 12836
3 10499 10493 12836
3 12834 10491 12840
3 10491 10485 12840
3 12841 10487 12848
3 10487 10480 12848
3 12846 10479 12853
3 10479 10475 12853
3 12854 10473 12860
3 10473 10467 12860
3 12858 10468 12865
3 12866 10461 12871
3 10468 10463 12865
3 12870 10458 12876
3 10461 10459 12871
3 12877 10455 12880
3 10458 10457 12876
3 12881 10466 12885
3 10455 10464 12880
3 12887 10470 12893
3 10466 10471 12885
3 12891 10478 12898
3 10470 10477 12893
3 12899 10482 12903
3 10478 10483 12898
3 12904 10488 12909
3 10482 10490 12903
3 10488 10496 12909
3 12911 10495 12916
3 10495 10502 12916
3 12917 10500 12921
3 10500 10508 12921
3 12922 10507 12927
3 12929 10514 12935
3 10507 10512 12927
3 12934 10520 12940
3 10514 10519 12935
3 12941 10524 12947
3 10520 10526 12940
3 12946 10532 12951
3 10524 10531 12947
3 12952 10536 12958
3 10532 10538 12951
3 12959 10544 12963
3 10536 10543 12958
3 12965 10550 12971
3 10544 10548 12963
3 12969 10554 12976
3 10550 10555 12971
3 12975 10561 12982
3 10554 10562 12976
3 12983 10567 12987
3 10561 10566 12982
3 12988 10572 12993
3 10567 10573 12987
3 12994 10579 13001
3 10572 10580 12993
3 13000 10585 13006
3 10579 10584 13001
3 13005 10592 13012
3 10585 10590 13006
3 13011 10598 13020
3 10592 10597 13012
3 13021 10602 13027
3 10598 10603 13020
3 13028 10609 13033
3 10602 10608 13027
3 13034 10615 13039
3 10609 10616 13033
3 13040 10620 13044
3 10615 10622 13039
3 10620 10627 13044
3 12354 11266 12359
3 12361 11276 12366
3 11266 11277 12359
3 12367 11285 12372
3 11276 11287 12366
3 12371 11294 12377
3 11285 11295 12372
3 12379 11303 12383
3 11294 11304 12377
3 12384 11312 12393
3 11303 11313 12383
3 12394 11322 12398
3 11312 11323 12393
3 12399 11332 12404
3 11322 11331 12398
3 12406 11339 12410
3 11332 11341 12404
3 12412 11349 12416
3 11339 11350 12410
3 12418 11358 12422
3 11349 11359 12416
3 12424 11366 12429
3 11358 11367 12422
3 12430 11376 12434
3 11366 11377 12429
3 12436 11384 12440
3 11376 11385 12434
3 12441 11394 12447
3 11384 11395 12440
3 12448 11402 12453
3 11394 11403 12447
3 12454 11411 12460
3 11402 11413 12453
3 11411 11422 12460
3 12458 11421 12465
3 11421 11426 12465
3 12466 11427 12470
3 11427 11433 12470
3 12471 11432 12477
3 11432 11437 12477
3 12478 11436 12483
3 11436 11438 12483
3 12484 11439 12489
3 11439 11442 12489
3 12490 11443 12495
3 11443 11445 12495
3 12496 11446 12500
3 11446 11448 12500
3 12502 11449 12506
3 11449 11452 12506
3 12508 11451 12512
3 11451 11454 12512
3 12513 11455 12519
3 12520 11666 12525
3 11455 11668 12519
3 12526 11663 12522
3 11666 11665 12525
3 12523 11660 12516
3 11663 11662 12522
3 12517 11657 12511
3 11660 11659 12516
3 12510 11654 12504
3 11657 11655 12511
3 12505 11651 12497
3 11654 11653 12504
3 12499 11648 12492
3 11651 11649 12497
3 12493 11647 12486
3 11648 11645 12492
3 12487 11642 12479
3 11647 11643 12486
3 12481 11639 12474
3 11642 11641 12479
3 12475 11637 12468
3 11639 11638 12474
3 12469 11633 12463
3 11637 11634 12468
3 12462 11631 12456
3 11633 11632 12463
3 12455 11628 12450
3 11631 11629 12456
3 12451 11625 12443
3 11628 11626 12450
3 11625 11622 12443
3 12444 11621 12438
3 11621 11619 12438
3 12439 11618 12433
3 11618 11615 12433
3 12431 11617 12426
3 11617 11612 12426
3 12427 11614 12420
3 11614 11609 12420
3 12421 11610 12414
3 11610 11607 12414
3 12415 11606 12408
3 11606 11604 12408
3 12409 11605 12403
3 11605 11602 12403
3 12402 11600 12395
3 11600 11599 12395
3 12396 11597 12387
3 11597 11596 12387
3 12388 11594 12391
3 11594 11593 12391
3 12390 11592 12380
3 11592 11590 12380
3 12382 11589 12376
3 11589 11585 12376
3 12374 11586 12369
3 11586 11584 12369
3 12370 11583 12363
3 11583 11581 12363
3 12364 11580 12357
3 11580 11576 12357
3 12356 11577 12351
3 11577 11573 12351
3 12352 11575 12346
3 11575 11672 12346
3 12345 11673 12338
3 12339 11678 12332
3 11673 11680 12338
3 12334 11686 12324
3 11678 11685 12332
3 12325 11692 12327
3 11686 11691 12324
3 12328 11697 12318
3 11692 11698 12327
3 12319 11703 12312
3 11697 11704 12318
3 12313 11709 12306
3 11703 11710 12312
3 12307 11716 12301
3 11709 11714 12306
3 11716 11721 12301
3 12299 11722 12294
3 11722 11726 12294
3 12295 11727 12287
3 11727 11732 12287
3 12289 11733 12281
3 11733 11740 12281
3 12283 11739 12275
3 11739 11744 12275
3 12276 11745 12270
3 11745 11752 12270
3 12271 11750 12265
3 11750 11756 12265
3 12264 11758 12258
3 11758 11763 12258
3 12259 11762 12252
3 11762 11768 12252
3 12253 11770 12245
3 11770 11776 12245
3 12246 11774 12240
3 11774 11782 12240
3 12241 11780 12235
3 11780 11787 12235
3 12234 11788 12229
3 11788 11793 12229
3 12227 11794 12221
3 11794 11799 12221
3 12222 11800 12215
3 11800 11806 12215
3 12217 11805 12211
3 11805 11811 12211
3 12210 11812 12204
3 11812 11818 12204
3 12205 11816 12199
3 11816 11823 12199
3 12197 11824 12192
3 12193 11829 12183
3 11824 11830 12192
3 12184 11835 12177
3 11829 11836 12183
3 12178 11831 12171
3 11835 11833 12177
3 12172 11826 12164
3 11831 11827 12171
3 12165 11820 12158
3 11826 11821 12164
3 12160 11813 12152
3 11820 11815 12158
3 12154 11807 12147
3 11813 11809 12152
3 12146 11801 12140
3 11807 11803 12147
3 11801 11797 12140
3 12141 11796 12136
3 11796 11790 12136
3 12135 11791 12130
3 11791 11783 12130
3 12129 11784 12122
3 12124 11778 12118
3 11784 11779 12122
3 12117 11773 12112
3 11778 11772 12118
3 12110 11765 12105
3 11773 11767 12112
3 12106 11759 12100
3 11765 11761 12105
3 12098 11754 12093
3 11759 11753 12100
3 12094 11747 12087
3 11754 11749 12093
3 12088 11743 12082
3 11747 11742 12087
3 12081 11735 12075
3 11743 11736 12082
3 12076 11729 12068
3 11735 11731 12075
3 12069 11724 12063
3 11729 11723 12068
3 12064 11717 12056
3 11724 11718 12063
3 12057 11713 12050
3 11717 11712 12056
3 12052 11706 12045
3 11713 11707 12050
3 12046 11700 12040
3 11706 11701 12045
3 12039 11694 12034
3 11700 11695 12040
3 12033 11688 12027
3 11694 11689 12034
3 12028 11682 12020
3 11688 11681 12027
3 12022 11676 12016
3 11682 11677 12020
3 12015 11670 12009
3 11676 11671 12016
3 11670 11572 12009
3 12008 11571 12002
3 12004 11568 11998
3 11571 11567 12002
3 11996 11565 11990
3 11568 11566 11998
3 11991 11561 11985
3 11565 11563 11990
3 11986 11559 11979
3 11561 11560 11985
3 11980 11555 11972
3 11559 11557 11979
3 11974 11552 11967
3 11555 11554 11972
3 11968 11549 11962
3 11552 11551 11967
3 11961 11548 11955
3 11549 11547 11962
3 11954 11543 11949
3 11548 11544 11955
3 11950 11542 11942
3 11543 11540 11949
3 11943 11537 11936
3 11542 11539 11942
3 11938 11534 11930
3 11537 11535 11936
3 11932 11532 11926
3 11534 11533 11930
3 11925 11529 11918
3 11532 11528 11926
3 11920 11525 11913
3 11529 11526 11918
3 11914 11524 11907
3 11525 11523 11913
3 11524 11521 11907
3 11908 11520 11901
3 11520 11517 11901
3 11900 11518 11895
3 11518 11515 11895
3 11896 11513 11889
3 11513 11510 11889
3 11890 11511 11884
3 11511 11508 11884
3 11883 11507 11876
3 11507 11506 11876
3 11878 11504 11870
3 11504 11501 11870
3 11871 11503 11864
3 11503 11499 11864
3 11865 11500 11860
3 11500 11495 11860
3 11859 11496 11852
3 11496 11492 11852
3 11854 11493 11846
3 11848 11489 11840
3 11493 11490 11846
3 11841 11488 11838
3 11489 11486 11840
3 11837 11483 11843
3 11488 11485 11838
3 11844 11480 11849
3 11483 11481 11843
3 11851 11478 11856
3 11480 11479 11849
3 11857 11474 11862
3 11478 11476 11856
3 11863 11471 11869
3 11474 11472 11862
3 11867 11468 11873
3 11471 11470 11869
3 11875 11466 11880
3 11468 11467 11873
3 11881 11462 11887
3 11466 11464 11880
3 11886 11461 11891
3 11462 11460 11887
3 11893 11458 11898
3 11461 11456 11891
3 11897 11431 11904
3 11458 11430 11898
3 11903 11424 11910
3 11431 11425 11904
3 11911 11416 11915
3 11424 11415 11910
3 11416 11407 11915
3 11916 11406 11923
3 11406 11396 11923
3 11921 11398 11927
3 11398 11389 11927
3 11929 11387 11934
3 11387 11379 11934
3 11935 11378 11939
3 11378 11370 11939
3 11940 11371 11945
3 11371 11362 11945
3 11947 11360 11953
3 11360 11353 11953
3 11952 11352 11958
3 11352 11343 11958
3 11959 11342 11965
3 11342 11334 11965
3 11964 11335 11970
3 11335 11326 11970
3 11971 11325 11975
3 11325 11316 11975
3 11977 11317 11983
3 11317 11306 11983
3 11982 11308 11989
3 11308 11298 11989
3 11988 11299 11994
3 11299 11289 11994
3 11995 11290 12000
3 11290 11280 12000
3 11999 11279 12005
3 11279 11269 12005
3 12006 11267 12013
3 11267 11260 12013
3 12012 11259 12018
3 11259 11249 12018
3 12019 11251 12024
3 12025 11240 12031
3 11251 11241 12024
3 12030 11232 12036
3 11240 11233 12031
3 12035 11223 12041
3 11232 11224 12036
3 12043 11213 12048
3 11223 11214 12041
3 12049 11206 12054
3 11213 11205 12048
3 12055 11195 12061
3 11206 11197 12054
3 12059 11186 12065
3 11195 11188 12061
3 11186 11179 12065
3 12066 11178 12071
3 11178 11170 12071
3 12073 11169 12077
3 11169 11161 12077
3 12078 11159 12085
3 11159 11152 12085
3 12084 11151 12089
3 11151 11143 12089
3 12090 11142 12096
3 11142 11134 12096
3 12097 11133 12103
3 11133 11125 12103
3 12101 11124 12109
3 11124 11115 12109
3 12108 11116 12113
3 11116 11106 12113
3 12115 11105 12121
3 11105 11098 12121
3 12120 11097 12127
3 11097 11089 12127
3 12126 11088 12131
3 11088 11080 12131
3 12132 11078 12139
3 11078 11070 12139
3 12138 11069 12145
3 11069 11062 12145
3 12144 11060 12150
3 11060 11053 12150
3 12151 11052 12156
3 11052 11043 12156
3 12155 11042 12162
3 11042 11034 12162
3 12161 11035 12168
3 11035 11023 12168
3 12169 11021 12174
3 12175 11009 12180
3 11021 11011 12174
3 12181 10996 12186
3 11009 10994 12180
3 12187 11005 12190
3 10996 11004 12186
3 12189 11015 12195
3 11005 11016 12190
3 12194 11027 12201
3 11015 11029 12195
3 12200 11040 12208
3 11027 11041 12201
3 12207 11048 12213
3 11040 11049 12208
3 12214 11057 12219
3 11048 11059 12213
3 11057 11066 12219
3 12220 11067 12226
3 11067 11077 12226
3 12225 11076 12231
3 11076 11086 12231
3 12232 11084 12236
3 12237 11093 12242
3 11084 11095 12236
3 12243 11104 12248
3 11093 11103 12242
3 12249 11112 12256
3 11104 11113 12248
3 12255 11121 12261
3 11112 11120 12256
3 12262 11131 12268
3 11121 11129 12261
3 12266 11140 12272
3 11131 11138 12268
3 12274 11148 12279
3 11140 11149 12272
3 12280 11156 12286
3 11148 11158 12279
3 12284 11166 12291
3 11156 11165 12286
3 12290 11174 12296
3 11166 11176 12291
3 12297 11183 12302
3 11174 11184 12296
3 12304 11193 12309
3 11183 11194 12302
3 12310 11201 12314
3 11193 11202 12309
3 12316 11210 12321
3 11201 11211 12314
3 12320 11219 12329
3 11210 11220 12321
3 12330 11230 12337
3 11219 11228 12329
3 12336 11237 12341
3 11230 11238 12337
3 12342 11246 12349
3 11237 11248 12341
3 12347 11255 12353
3 11246 11256 12349
3 11255 11265 12353
