v -0.2922925055027008 0.10954371839761734 -0.009479694999754429
v -0.2922925055027008 0.10954371839761734 0.009479694999754429
v -0.29229193925857544 0.1093951016664505 -0.028439244255423546
v -0.29229193925857544 0.1093951016664505 0.028439244255423546
v -0.2922908365726471 0.10915466398000717 -0.04739902913570404
v -0.2922908365726471 0.10915466398000717 0.04739902913570404
v -0.2922716438770294 0.11425173282623291 -0.03791913017630577
v -0.2922716438770294 0.11425173282623291 0.03791913017630577
v -0.2922688126564026 0.11447145789861679 -0.018959421664476395
v -0.2922688126564026 0.11447145789861679 0.018959421664476395
v -0.29226770997047424 0.11455219984054565 0.0
v -0.29223284125328064 0.10460301488637924 0.0
v -0.2922312021255493 0.10452229529619217 -0.018959421664476395
v -0.2922312021255493 0.10452229529619217 0.018959421664476395
v -0.29222652316093445 0.10430260002613068 -0.03791913017630577
v -0.29222652316093445 0.10430260002613068 0.03791913017630577
v -0.29217076301574707 0.11910316348075867 -0.04739902913570404
v -0.29217076301574707 0.11910316348075867 0.04739902913570404
v -0.2921636700630188 0.11934352666139603 -0.028439244255423546
v -0.2921636700630188 0.11934352666139603 0.028439244255423546
v -0.29215919971466064 0.1194920614361763 -0.009479694999754429
v -0.29215919971466064 0.1194920614361763 0.009479694999754429
v -0.2920871675014496 0.09959660470485687 -0.009479694999754429
v -0.2920871675014496 0.09959660470485687 0.009479694999754429
v -0.2920815348625183 0.09944809973239899 -0.028439244255423546
v -0.2920815348625183 0.09944809973239899 0.028439244255423546
v -0.29207226634025574 0.0992078185081482 -0.04739902913570404
v -0.29207226634025574 0.0992078185081482 0.04739902913570404
v -0.2919780910015106 0.12419663369655609 -0.03791913017630577
v -0.2919780910015106 0.12419663369655609 0.03791913017630577
v -0.29196780920028687 0.12441614270210266 -0.018959421664476395
v -0.29196780920028687 0.12441614270210266 0.018959421664476395
v -0.29196396470069885 0.12449679523706436 0.0
v -0.2918594181537628 0.09466079622507095 0.0
v -0.29185497760772705 0.09458015859127045 -0.018959421664476395
v -0.29185497760772705 0.09458015859127045 0.018959421664476395
v -0.29184284806251526 0.09436074644327164 -0.03791913017630577
v -0.29184284806251526 0.09436074644327164 0.03791913017630577
v -0.2917121946811676 0.12904183566570282 -0.04739902913570404
v -0.2917121946811676 0.12904183566570282 0.04739902913570404
v -0.2916969060897827 0.12928180396556854 -0.028439244255423546
v -0.2916969060897827 0.12928180396556854 0.028439244255423546
v -0.29168739914894104 0.1294301152229309 -0.009479694999754429
v -0.29168739914894104 0.1294301152229309 0.009479694999754429
v -0.2915434241294861 0.08966222405433655 -0.009479694999754429
v -0.2915434241294861 0.08966222405433655 0.009479694999754429
v -0.2915327250957489 0.08951400965452194 -0.028439244255423546
v -0.2915327250957489 0.08951400965452194 0.028439244255423546
v -0.2915152907371521 0.08927418291568756 -0.04739902913570404
v -0.2915152907371521 0.08927418291568756 0.04739902913570404
v -0.2913462817668915 0.13412579894065857 -0.03791913017630577
v -0.2913462817668915 0.13412579894065857 0.03791913017630577
v -0.2913285195827484 0.13434481620788574 -0.018959421664476395
v -0.2913285195827484 0.13434481620788574 0.018959421664476395
v -0.29132193326950073 0.1344252973794937 0.0
v -0.29114779829978943 0.08473704010248184 0.0
v -0.2911406457424164 0.08465660363435745 -0.018959421664476395
v -0.2911406457424164 0.08465660363435745 0.018959421664476395
v -0.2911210358142853 0.08443772792816162 -0.03791913017630577
v -0.2911210358142853 0.08443772792816162 0.03791913017630577
v -0.2909156084060669 0.138959139585495 -0.04739902913570404
v -0.2909156084060669 0.138959139585495 0.04739902913570404
v -0.29089218378067017 0.139198437333107 -0.028439244255423546
v -0.29089218378067017 0.139198437333107 0.028439244255423546
v -0.2908776104450226 0.13934634625911713 -0.009479694999754429
v -0.2908776104450226 0.13934634625911713 0.009479694999754429
v -0.29066187143325806 0.0797521099448204 -0.009479694999754429
v -0.29066187143325806 0.0797521099448204 0.009479694999754429
v -0.29064613580703735 0.07960434257984161 -0.028439244255423546
v -0.29064613580703735 0.07960434257984161 0.028439244255423546
v -0.2906205356121063 0.07936526089906693 -0.04739902913570404
v -0.2906205356121063 0.07936526089906693 0.04739902913570404
v -0.2903769016265869 0.1440276950597763 -0.03791913017630577
v -0.2903769016265869 0.1440276950597763 0.03791913017630577
v -0.2903516888618469 0.14424599707126617 -0.018959421664476395
v -0.2903516888618469 0.14424599707126617 0.018959421664476395
v -0.29034239053726196 0.14432619512081146 0.0
v -0.2900988459587097 0.07484325021505356 0.0
v -0.290088951587677 0.07476309686899185 -0.018959421664476395
v -0.290088951587677 0.07476309686899185 0.018959421664476395
v -0.29006195068359375 0.07454503327608109 -0.03791913017630577
v -0.29006195068359375 0.07454503327608109 0.03791913017630577
v -0.28978198766708374 0.14884357154369354 -0.04739902913570404
v -0.28978198766708374 0.14884357154369354 0.04739902913570404
v -0.28975042700767517 0.14908196032047272 -0.028439244255423546
v -0.28975042700767517 0.14908196032047272 0.028439244255423546
v -0.28973084688186646 0.1492292732000351 -0.009479694999754429
v -0.28973084688186646 0.1492292732000351 0.009479694999754429
v -0.2894435524940491 0.0698777586221695 -0.009479694999754429
v -0.2894435524940491 0.0698777586221695 0.009479694999754429
v -0.28942281007766724 0.06973060220479965 -0.028439244255423546
v -0.28942281007766724 0.06973060220479965 0.028439244255423546
v -0.28938910365104675 0.06949251145124435 -0.04739902913570404
v -0.28938910365104675 0.06949251145124435 0.04739902913570404
v -0.28907108306884766 0.15389087796211243 -0.03791913017630577
v -0.28907108306884766 0.15389087796211243 0.03791913017630577
v -0.28903844952583313 0.1541081815958023 -0.018959421664476395
v -0.28903844952583313 0.1541081815958023 0.018959421664476395
v -0.2890264093875885 0.15418803691864014 0.0
v -0.28871381282806396 0.06499088555574417 0.0
v -0.28870120644569397 0.0649111270904541 -0.018959421664476395
v -0.28870120644569397 0.0649111270904541 0.018959421664476395
v -0.2886667847633362 0.06469409167766571 -0.03791913017630577
v -0.2886667847633362 0.06469409167766571 0.03791913017630577
v -0.2883126139640808 0.15868373215198517 -0.04739902913570404
v -0.2883126139640808 0.15868373215198517 0.04739902913570404
v -0.2882729768753052 0.15892088413238525 -0.028439244255423546
v -0.2882729768753052 0.15892088413238525 0.028439244255423546
v -0.28824836015701294 0.15906745195388794 -0.009479694999754429
v -0.28824836015701294 0.15906745195388794 0.009479694999754429
v -0.28788989782333374 0.06005058065056801 -0.009479694999754429
v -0.28788989782333374 0.06005058065056801 0.009479694999754429
v -0.28786414861679077 0.05990421399474144 -0.028439244255423546
v -0.28786414861679077 0.05990421399474144 0.028439244255423546
v -0.2878223657608032 0.05966740846633911 -0.04739902913570404
v -0.2878223657608032 0.05966740846633911 0.04739902913570404
v -0.2874303460121155 0.16370390355587006 -0.03791913017630577
v -0.2874303460121155 0.16370390355587006 0.03791913017630577
v -0.2873903512954712 0.16391995549201965 -0.018959421664476395
v -0.2873903512954712 0.16391995549201965 0.018959421664476395
v -0.2873755991458893 0.16399934887886047 0.0
v -0.28699424862861633 0.05519135668873787 0.0
v -0.28697893023490906 0.055112075060606 -0.018959421664476395
v -0.28697893023490906 0.055112075060606 0.018959421664476395
v -0.2869371473789215 0.05489634722471237 -0.03791913017630577
v -0.2869371473789215 0.05489634722471237 0.03791913017630577
v -0.2865091860294342 0.1684681475162506 -0.04739902913570404
v -0.2865091860294342 0.1684681475162506 0.04739902913570404
v -0.2864615023136139 0.1687038391828537 -0.028439244255423546
v -0.2864615023136139 0.1687038391828537 0.028439244255423546
v -0.2864319086074829 0.16884945333003998 -0.009479694999754429
v -0.2864319086074829 0.16884945333003998 0.009479694999754429
v -0.28600266575813293 0.05028195679187775 -0.009479694999754429
v -0.28600266575813293 0.05028195679187775 0.009479694999754429
v -0.2859719693660736 0.05013655126094818 -0.028439244255423546
v -0.2859719693660736 0.05013655126094818 0.028439244255423546
v -0.2859221398830414 0.0499013252556324 -0.04739902913570404
v -0.2859221398830414 0.0499013252556324 0.04739902913570404
v -0.2854565680027008 0.1734553873538971 -0.03791913017630577
v -0.2854565680027008 0.1734553873538971 0.03791913017630577
v -0.28540927171707153 0.1736699789762497 -0.018959421664476395
v -0.28540927171707153 0.1736699789762497 0.018959421664476395
v -0.28539180755615234 0.17374880611896515 0.0
v -0.28506308794021606 0.10992445796728134 -0.04739902913570404
v -0.28506308794021606 0.10992445796728134 0.04739902913570404
v -0.2849421799182892 0.04545605555176735 0.0
v -0.284924179315567 0.04537734389305115 -0.018959421664476395
v -0.284924179315567 0.04537734389305115 0.018959421664476395
v -0.2848750650882721 0.045163147151470184 -0.03791913017630577
v -0.2848750650882721 0.045163147151470184 0.03791913017630577
v -0.2846544086933136 0.12477577477693558 -0.04739902913570404
v -0.2846544086933136 0.12477577477693558 0.04739902913570404
v -0.28437381982803345 0.17818553745746613 -0.04739902913570404
v -0.28437381982803345 0.17818553745746613 0.04739902913570404
v -0.28431811928749084 0.17841945588588715 -0.028439244255423546
v -0.28431811928749084 0.17841945588588715 0.028439244255423546
v -0.2842836081981659 0.17856399714946747 -0.009479694999754429
v -0.2842836081981659 0.17856399714946747 0.009479694999754429
v -0.28421974182128906 0.14223486185073853 -0.04739902913570404
v -0.28421974182128906 0.14223486185073853 0.04739902913570404
v -0.2841954231262207 0.09439537674188614 -0.04739902913570404
v -0.2841954231262207 0.09439537674188614 0.04739902913570404
v -0.28378409147262573 0.040583230555057526 -0.009479694999754429
v -0.28378409147262573 0.040583230555057526 0.009479694999754429
v -0.28374844789505005 0.04043896496295929 -0.028439244255423546
v -0.28374844789505005 0.04043896496295929 0.028439244255423546
v -0.2836906611919403 0.04020555317401886 -0.04739902913570404
v -0.2836906611919403 0.04020555317401886 0.04739902913570404
v -0.2836167812347412 0.07681047916412354 -0.04739902913570404
v -0.2836167812347412 0.07681047916412354 0.04739902913570404
v -0.2831520736217499 0.183134064078331 -0.03791913017630577
v -0.2831520736217499 0.183134064078331 0.03791913017630577
v -0.2830974757671356 0.1833469122648239 -0.018959421664476395
v -0.2830974757671356 0.1833469122648239 0.018959421664476395
v -0.2830773591995239 0.18342511355876923 0.0
v -0.28255996108055115 0.035796213895082474 0.0
v -0.2825393080711365 0.0357181616127491 -0.018959421664476395
v -0.2825393080711365 0.0357181616127491 0.018959421664476395
v -0.282509446144104 0.13339604437351227 -0.04739902913570404
v -0.282509446144104 0.13339604437351227 0.04739902913570404
v -0.28248292207717896 0.03550576791167259 -0.03791913017630577
v -0.28248292207717896 0.03550576791167259 0.03791913017630577
v -0.28221654891967773 0.08535172790288925 -0.04739902913570404
v -0.28221654891967773 0.08535172790288925 0.04739902913570404
v -0.2819089889526367 0.18782462179660797 -0.04739902913570404
v -0.2819089889526367 0.18782462179660797 0.04739902913570404
v -0.281845360994339 0.18805651366710663 -0.028439244255423546
v -0.281845360994339 0.18805651366710663 0.028439244255423546
v -0.28180593252182007 0.18819980323314667 -0.009479694999754429
v -0.28180593252182007 0.18819980323314667 0.009479694999754429
v -0.2813030183315277 0.15532775223255157 -0.04739902913570404
v -0.2813030183315277 0.15532775223255157 0.04739902913570404
v -0.2812367081642151 0.030965635553002357 -0.009479694999754429
v -0.2812367081642151 0.030965635553002357 0.009479694999754429
v -0.2811962068080902 0.030822664499282837 -0.028439244255423546
v -0.2811962068080902 0.030822664499282837 0.028439244255423546
v -0.28113046288490295 0.030591357499361038 -0.04739902913570404
v -0.28113046288490295 0.030591357499361038 0.04739902913570404
v -0.28084176778793335 0.06310563534498215 -0.04739902913570404
v -0.28084176778793335 0.06310563534498215 0.04739902913570404
v -0.2805195152759552 0.1927286982536316 -0.03791913017630577
v -0.2805195152759552 0.1927286982536316 0.03791913017630577
v -0.2804577052593231 0.19293956458568573 -0.018959421664476395
v -0.2804577052593231 0.19293956458568573 0.018959421664476395
v -0.280447781085968 0.11752521991729736 -0.04739902913570404
v -0.280447781085968 0.11752521991729736 0.04739902913570404
v -0.2804349362850189 0.19301703572273254 0.0
v -0.280122309923172 0.10216787457466125 -0.04739902913570404
v -0.280122309923172 0.10216787457466125 0.04739902913570404
v -0.2798503637313843 0.026223046705126762 0.0
v -0.2798270583152771 0.02614573948085308 -0.018959421664476395
v -0.2798270583152771 0.02614573948085308 0.018959421664476395
v -0.27976348996162415 0.025935398414731026 -0.03791913017630577
v -0.27976348996162415 0.025935398414731026 0.03791913017630577
v -0.27928590774536133 0.1478225439786911 -0.04739902913570404
v -0.27928590774536133 0.1478225439786911 0.04739902913570404
v -0.27911752462387085 0.19737422466278076 -0.04739902913570404
v -0.27911752462387085 0.19737422466278076 0.04739902913570404
v -0.27909570932388306 0.16277922689914703 -0.04739902913570404
v -0.27909570932388306 0.16277922689914703 0.04739902913570404
v -0.27904602885246277 0.19760380685329437 -0.028439244255423546
v -0.27904602885246277 0.19760380685329437 0.028439244255423546
v -0.27900177240371704 0.197745680809021 -0.009479694999754429
v -0.27900177240371704 0.197745680809021 0.009479694999754429
v -0.27889543771743774 0.07063968479633331 -0.04739902913570404
v -0.27889543771743774 0.07063968479633331 0.04739902913570404
v -0.2785651981830597 0.05566473305225372 -0.04739902913570404
v -0.2785651981830597 0.05566473305225372 0.04739902913570404
v -0.27836349606513977 0.021440310403704643 -0.009479694999754429
v -0.27836349606513977 0.021440310403704643 0.009479694999754429
v -0.2783181369304657 0.021298794075846672 -0.028439244255423546
v -0.2783181369304657 0.021298794075846672 0.028439244255423546
v -0.2782445549964905 0.021069856360554695 -0.04739902913570404
v -0.2782445549964905 0.021069856360554695 0.04739902913570404
v -0.2775619626045227 0.20222817361354828 -0.03791913017630577
v -0.2775619626045227 0.20222817361354828 0.03791913017630577
v -0.2774930000305176 0.20243681967258453 -0.018959421664476395
v -0.2774930000305176 0.20243681967258453 0.018959421664476395
v -0.27746760845184326 0.20251348614692688 0.0
v -0.27696219086647034 0.07920320332050323 -0.04739902913570404
v -0.27696219086647034 0.07920320332050323 0.04739902913570404
v -0.27681654691696167 0.016747649759054184 0.0
v -0.2767929136753082 0.1402054876089096 -0.04739902913570404
v -0.2767929136753082 0.1402054876089096 0.04739902913570404
v -0.2767906188964844 0.016671178862452507 -0.018959421664476395
v -0.2767906188964844 0.016671178862452507 0.018959421664476395
v -0.2767198979854584 0.016463112086057663 -0.03791913017630577
v -0.2767198979854584 0.016463112086057663 0.03791913017630577
v -0.27616408467292786 0.12591241300106049 -0.04739902913570404
v -0.27616408467292786 0.12591241300106049 0.04739902913570404
v -0.2760026454925537 0.20682330429553986 -0.04739902913570404
v -0.2760026454925537 0.20682330429553986 0.04739902913570404
v -0.27592337131500244 0.20705032348632812 -0.028439244255423546
v -0.27592337131500244 0.20705032348632812 0.028439244255423546
v -0.2758743166923523 0.207190603017807 -0.009479694999754429
v -0.2758743166923523 0.207190603017807 0.009479694999754429
v -0.27544087171554565 0.09313899278640747 -0.04739902913570404
v -0.27544087171554565 0.09313899278640747 0.04739902913570404
v -0.2753191590309143 0.10973843187093735 -0.04739902913570404
v -0.2753191590309143 0.10973843187093735 0.04739902913570404
v -0.2751677632331848 0.012018268927931786 -0.009479694999754429
v -0.2751677632331848 0.012018268927931786 0.009479694999754429
v -0.27511757612228394 0.011878394521772861 -0.028439244255423546
v -0.27511757612228394 0.011878394521772861 0.028439244255423546
v -0.2750362753868103 0.01165209524333477 -0.04739902913570404
v -0.2750362753868103 0.01165209524333477 0.04739902913570404
v -0.2749370336532593 0.18075241148471832 -0.04739902913570404
v -0.2749370336532593 0.18075241148471832 0.04739902913570404
v -0.27451953291893005 0.1709267646074295 -0.04739902913570404
v -0.27451953291893005 0.1709267646074295 0.04739902913570404
v -0.2742827832698822 0.21162149310112 -0.03791913017630577
v -0.2742827832698822 0.21162149310112 0.03791913017630577
v -0.2742282450199127 0.037731390446424484 -0.04739902913570404
v -0.2742282450199127 0.037731390446424484 0.04739902913570404
v -0.2742067873477936 0.21182768046855927 -0.018959421664476395
v -0.2742067873477936 0.21182768046855927 0.018959421664476395
v -0.27417880296707153 0.2119034230709076 0.0
v -0.27390918135643005 0.047561440616846085 -0.04739902913570404
v -0.27390918135643005 0.047561440616846085 0.04739902913570404
v -0.27370721101760864 0.1334521472454071 -0.04739902913570404
v -0.27370721101760864 0.1334521472454071 0.04739902913570404
v -0.2734619975090027 0.007380984723567963 0.0
v -0.27343347668647766 0.007305446546524763 -0.018959421664476395
v -0.27343347668647766 0.007305446546524763 0.018959421664476395
v -0.27335572242736816 0.00709990831092 -0.03791913017630577
v -0.27335572242736816 0.00709990831092 0.03791913017630577
v -0.2731665074825287 0.0855865553021431 -0.04739902913570404
v -0.2731665074825287 0.0855865553021431 0.04739902913570404
v -0.273139625787735 0.1551133543252945 -0.04739902913570404
v -0.273139625787735 0.1551133543252945 0.04739902913570404
v -0.2726832926273346 0.06339296698570251 -0.04739902913570404
v -0.2726832926273346 0.06339296698570251 0.04739902913570404
v -0.2726534605026245 0.19005025923252106 -0.04739902913570404
v -0.2726534605026245 0.19005025923252106 0.04739902913570404
v -0.2725679874420166 0.21616089344024658 -0.04739902913570404
v -0.2725679874420166 0.21616089344024658 0.04739902913570404
v -0.2724810540676117 0.21638508141040802 -0.028439244255423546
v -0.2724810540676117 0.21638508141040802 0.028439244255423546
v -0.2724490165710449 0.14658749103546143 -0.04739902913570404
v -0.2724490165710449 0.14658749103546143 0.04739902913570404
v -0.2724272608757019 0.21652360260486603 -0.009479694999754429
v -0.2724272608757019 0.21652360260486603 0.009479694999754429
v -0.272014856338501 0.07207366079092026 -0.04739902913570404
v -0.272014856338501 0.07207366079092026 0.04739902913570404
v -0.27185237407684326 0.0284571535885334 -0.04739902913570404
v -0.27185237407684326 0.0284571535885334 0.04739902913570404
v -0.2716531753540039 0.002710473956540227 -0.009479694999754429
v -0.2716531753540039 0.002710473956540227 0.009479694999754429
v -0.27159830927848816 0.0025723690632730722 -0.028439244255423546
v -0.27159830927848816 0.0025723690632730722 0.028439244255423546
v -0.2715093195438385 0.0023489773739129305 -0.04739902913570404
v -0.2715093195438385 0.0023489773739129305 0.04739902913570404
v -0.2706858515739441 0.22089777886867523 -0.03791913017630577
v -0.2706858515739441 0.22089777886867523 0.03791913017630577
v -0.27060285210609436 0.22110125422477722 -0.018959421664476395
v -0.27060285210609436 0.22110125422477722 0.018959421664476395
v -0.270572304725647 0.22117599844932556 0.0
v -0.27053335309028625 0.16329285502433777 -0.04739902913570404
v -0.27053335309028625 0.16329285502433777 0.04739902913570404
v -0.2699989080429077 0.05523652955889702 -0.04739902913570404
v -0.2699989080429077 0.05523652955889702 0.04739902913570404
v -0.2697905898094177 -0.0018660761415958405 0.0
v -0.26975950598716736 -0.0019406031351536512 -0.018959421664476395
v -0.26975950598716736 -0.0019406031351536512 0.018959421664476395
v -0.2696748375892639 -0.002143376274034381 -0.03791913017630577
v -0.2696748375892639 -0.002143376274034381 0.03791913017630577
v -0.2696615159511566 0.11879706382751465 -0.04739902913570404
v -0.2696615159511566 0.11879706382751465 0.04739902913570404
v -0.26964887976646423 0.19949239492416382 -0.04739902913570404
v -0.26964887976646423 0.19949239492416382 0.04739902913570404
v -0.26942211389541626 0.10044179111719131 -0.04739902913570404
v -0.26942211389541626 0.10044179111719131 0.04739902913570404
v -0.2688175439834595 0.2253761887550354 -0.04739902913570404
v -0.2688175439834595 0.2253761887550354 0.04739902913570404
v -0.2687540352344513 0.019046233966946602 -0.04739902913570404
v -0.2687540352344513 0.019046233966946602 0.04739902913570404
v -0.2687230408191681 0.22559727728366852 -0.028439244255423546
v -0.2687230408191681 0.22559727728366852 0.028439244255423546
v -0.26866453886032104 0.2257338911294937 -0.009479694999754429
v -0.26866453886032104 0.2257338911294937 0.009479694999754429
v -0.2678239047527313 -0.00647232960909605 -0.009479694999754429
v -0.2678239047527313 -0.00647232960909605 0.009479694999754429
v -0.2677905559539795 0.17619384825229645 -0.04739902913570404
v -0.2677905559539795 0.17619384825229645 0.04739902913570404
v -0.2677643299102783 -0.00660849129781127 -0.028439244255423546
v -0.2677643299102783 -0.00660849129781127 0.028439244255423546
v -0.26766782999038696 -0.006828723009675741 -0.04739902913570404
v -0.26766782999038696 -0.006828723009675741 0.04739902913570404
v -0.2674430310726166 0.13955503702163696 -0.04739902913570404
v -0.2674430310726166 0.13955503702163696 0.04739902913570404
v -0.2671981453895569 0.10957416146993637 -0.04739902913570404
v -0.2671981453895569 0.10957416146993637 0.04739902913570404
v -0.267153263092041 0.07902026921510696 -0.04739902913570404
v -0.267153263092041 0.07902026921510696 0.04739902913570404
v -0.26712721586227417 0.0423605851829052 -0.04739902913570404
v -0.26712721586227417 0.0423605851829052 0.04739902913570404
v -0.2668269872665405 0.12981052696704865 -0.04739902913570404
v -0.2668269872665405 0.12981052696704865 0.04739902913570404
v -0.2667752802371979 0.23004627227783203 -0.03791913017630577
v -0.2667752802371979 0.23004627227783203 0.03791913017630577
v -0.2666853964328766 0.23024678230285645 -0.018959421664476395
v -0.2666853964328766 0.23024678230285645 0.018959421664476395
v -0.26665234565734863 0.23032045364379883 0.0
v -0.2665635943412781 0.18368327617645264 -0.04739902913570404
v -0.2665635943412781 0.18368327617645264 0.04739902913570404
v -0.26645344495773315 0.20887070894241333 -0.04739902913570404
v -0.26645344495773315 0.20887070894241333 0.04739902913570404
v -0.2663719952106476 0.08845801651477814 -0.04739902913570404
v -0.2663719952106476 0.08845801651477814 0.04739902913570404
v -0.2658252716064453 0.03488257899880409 -0.04739902913570404
v -0.2658252716064453 0.03488257899880409 0.04739902913570404
v -0.265806645154953 -0.010982836596667767 0.0
v -0.2657730281352997 -0.011056274175643921 -0.018959421664476395
v -0.2657730281352997 -0.011056274175643921 0.018959421664476395
v -0.26568150520324707 -0.01125604473054409 -0.03791913017630577
v -0.26568150520324707 -0.01125604473054409 0.03791913017630577
v -0.2655836045742035 0.15024107694625854 -0.04739902913570404
v -0.2655836045742035 0.15024107694625854 0.04739902913570404
v -0.26546627283096313 0.009700645692646503 -0.04739902913570404
v -0.26546627283096313 0.009700645692646503 0.04739902913570404
v -0.2651732563972473 0.06833392381668091 -0.04739902913570404
v -0.2651732563972473 0.06833392381668091 0.04739902913570404
v -0.26475563645362854 0.23445849120616913 -0.04739902913570404
v -0.26475563645362854 0.23445849120616913 0.04739902913570404
v -0.26465365290641785 0.23467625677585602 -0.028439244255423546
v -0.26465365290641785 0.23467625677585602 0.028439244255423546
v -0.2645905315876007 0.23481078445911407 -0.009479694999754429
v -0.2645905315876007 0.23481078445911407 0.009479694999754429
v -0.26368430256843567 -0.015519493259489536 -0.009479694999754429
v -0.26368430256843567 -0.015519493259489536 0.009479694999754429
v -0.26362013816833496 -0.015653537586331367 -0.028439244255423546
v -0.26362013816833496 -0.015653537586331367 0.028439244255423546
v -0.2635856866836548 0.19276022911071777 -0.04739902913570404
v -0.2635856866836548 0.19276022911071777 0.04739902913570404
v -0.2635161876678467 -0.015870356932282448 -0.04739902913570404
v -0.2635161876678467 -0.015870356932282448 0.04739902913570404
v -0.2631659209728241 0.15916751325130463 -0.04739902913570404
v -0.2631659209728241 0.15916751325130463 0.04739902913570404
v -0.26275748014450073 0.025839367881417274 -0.04739902913570404
v -0.26275748014450073 0.025839367881417274 0.04739902913570404
v -0.2627525329589844 0.21770012378692627 -0.04739902913570404
v -0.2627525329589844 0.21770012378692627 0.04739902913570404
v -0.26274585723876953 0.16847744584083557 -0.04739902913570404
v -0.26274585723876953 0.16847744584083557 0.04739902913570404
v -0.2626756727695465 0.05943630635738373 -0.04739902913570404
v -0.2626756727695465 0.05943630635738373 0.04739902913570404
v -0.26255562901496887 0.23905636370182037 -0.03791913017630577
v -0.26255562901496887 0.23905636370182037 0.03791913017630577
v -0.2624589800834656 0.2392536997795105 -0.018959421664476395
v -0.2624589800834656 0.2392536997795105 0.018959421664476395
v -0.26242342591285706 0.23932620882987976 0.0
v -0.2621611952781677 0.05012718215584755 -0.04739902913570404
v -0.2621611952781677 0.05012718215584755 0.04739902913570404
v -0.2616797685623169 0.0009080152958631516 -0.04739902913570404
v -0.2616797685623169 0.0009080152958631516 0.04739902913570404
v -0.26151469349861145 -0.019958727061748505 0.0
v -0.26147860288619995 -0.020030979067087173 -0.018959421664476395
v -0.26147860288619995 -0.020030979067087173 0.018959421664476395
v -0.26138031482696533 -0.02022751234471798 -0.03791913017630577
v -0.26138031482696533 -0.02022751234471798 0.03791913017630577
v -0.26047325134277344 0.10480166226625443 -0.04739902913570404
v -0.26047325134277344 0.10480166226625443 0.04739902913570404
v -0.2604578733444214 0.2019704133272171 -0.04739902913570404
v -0.2604578733444214 0.2019704133272171 0.04739902913570404
v -0.26038700342178345 0.2433972954750061 -0.04739902913570404
v -0.26038700342178345 0.2433972954750061 0.04739902913570404
v -0.26033028960227966 0.11419934034347534 -0.04739902913570404
v -0.26033028960227966 0.11419934034347534 0.04739902913570404
v -0.260277658700943 0.24361145496368408 -0.028439244255423546
v -0.260277658700943 0.24361145496368408 0.028439244255423546
v -0.26024168729782104 0.14479754865169525 -0.04739902913570404
v -0.26024168729782104 0.14479754865169525 0.04739902913570404
v -0.26020997762680054 0.24374376237392426 -0.009479694999754429
v -0.26020997762680054 0.24374376237392426 0.009479694999754429
v -0.2601867616176605 0.1771293580532074 -0.04739902913570404
v -0.2601867616176605 0.1771293580532074 0.04739902913570404
v -0.2599034905433655 0.07383235543966293 -0.04739902913570404
v -0.2599034905433655 0.07383235543966293 0.04739902913570404
v -0.25975939631462097 0.016975117847323418 -0.04739902913570404
v -0.25975939631462097 0.016975117847323418 0.04739902913570404
v -0.2595122456550598 0.04150032252073288 -0.04739902913570404
v -0.2595122456550598 0.04150032252073288 0.04739902913570404
v -0.25942760705947876 0.12363811582326889 -0.04739902913570404
v -0.25942760705947876 0.12363811582326889 0.04739902913570404
v -0.25929439067840576 0.09506359696388245 -0.04739902913570404
v -0.25929439067840576 0.09506359696388245 0.04739902913570404
v -0.25923916697502136 -0.024420524016022682 -0.009479694999754429
v -0.25923916697502136 -0.024420524016022682 0.009479694999754429
v -0.2591705024242401 -0.02455230988562107 -0.028439244255423546
v -0.2591705024242401 -0.02455230988562107 0.028439244255423546
v -0.25905922055244446 -0.024765463545918465 -0.04739902913570404
v -0.25905922055244446 -0.024765463545918465 0.04739902913570404
v -0.2582986652851105 0.13545329868793488 -0.04739902913570404
v -0.2582986652851105 0.13545329868793488 0.04739902913570404
v -0.25805720686912537 0.08322414010763168 -0.04739902913570404
v -0.25805720686912537 0.08322414010763168 0.04739902913570404
v -0.2580317556858063 0.24791762232780457 -0.03791913017630577
v -0.2580317556858063 0.24791762232780457 0.03791913017630577
v -0.2579284608364105 0.2481115758419037 -0.018959421664476395
v -0.2579284608364105 0.2481115758419037 0.018959421664476395
v -0.2578904628753662 0.24818283319473267 0.0
v -0.2577686607837677 0.21036440134048462 -0.04739902913570404
v -0.2577686607837677 0.21036440134048462 0.04739902913570404
v -0.2576996982097626 0.18592844903469086 -0.04739902913570404
v -0.2576996982097626 0.18592844903469086 0.04739902913570404
v -0.25694018602371216 0.03272668272256851 -0.04739902913570404
v -0.25694018602371216 0.03272668272256851 0.04739902913570404
v -0.2569197416305542 -0.02878335304558277 0.0
v -0.2568812370300293 -0.02885432541370392 -0.018959421664476395
v -0.2568812370300293 -0.02885432541370392 0.018959421664476395
v -0.2567763030529022 -0.029047412797808647 -0.03791913017630577
v -0.2567763030529022 -0.029047412797808647 0.03791913017630577
v -0.25676795840263367 0.008294111117720604 -0.04739902913570404
v -0.25676795840263367 0.008294111117720604 0.04739902913570404
v -0.2565796375274658 0.2253524512052536 -0.04739902913570404
v -0.2565796375274658 0.2253524512052536 0.04739902913570404
v -0.2557166516780853 0.2521822154521942 -0.04739902913570404
v -0.2557166516780853 0.2521822154521942 0.04739902913570404
v -0.25569525361061096 0.1531381756067276 -0.04739902913570404
v -0.25569525361061096 0.1531381756067276 0.04739902913570404
v -0.25560009479522705 0.25239256024360657 -0.028439244255423546
v -0.25560009479522705 0.25239256024360657 0.028439244255423546
v -0.25552797317504883 0.2525224983692169 -0.009479694999754429
v -0.25552797317504883 0.2525224983692169 0.009479694999754429
v -0.25543105602264404 -0.006683950312435627 -0.04739902913570404
v -0.25543105602264404 -0.006683950312435627 0.04739902913570404
v -0.2552737891674042 0.06554912030696869 -0.04739902913570404
v -0.2552737891674042 0.06554912030696869 0.04739902913570404
v -0.2549918591976166 0.23506015539169312 -0.04739902913570404
v -0.2549918591976166 0.23506015539169312 0.04739902913570404
v -0.2549686133861542 0.19472382962703705 -0.04739902913570404
v -0.2549686133861542 0.19472382962703705 0.04739902913570404
v -0.25449371337890625 -0.033165108412504196 -0.009479694999754429
v -0.25449371337890625 -0.033165108412504196 0.009479694999754429
v -0.25442057847976685 -0.03329449146986008 -0.028439244255423546
v -0.25442057847976685 -0.03329449146986008 0.028439244255423546
v -0.2543316185474396 0.1723327785730362 -0.04739902913570404
v -0.2543316185474396 0.1723327785730362 0.04739902913570404
v -0.25430211424827576 -0.03350374475121498 -0.04739902913570404
v -0.25430211424827576 -0.03350374475121498 0.04739902913570404
v -0.2541227340698242 0.023969080299139023 -0.04739902913570404
v -0.2541227340698242 0.023969080299139023 0.04739902913570404
v -0.25408118963241577 0.21717901527881622 -0.04739902913570404
v -0.25408118963241577 0.21717901527881622 0.04739902913570404
v -0.25374603271484375 -0.016375992447137833 -0.04739902913570404
v -0.25374603271484375 -0.016375992447137833 0.04739902913570404
v -0.25371110439300537 0.04636472836136818 -0.04739902913570404
v -0.25371110439300537 0.04636472836136818 0.04739902913570404
v -0.2532089352607727 0.25661978125572205 -0.03791913017630577
v -0.2532089352607727 0.25661978125572205 0.03791913017630577
v -0.25309908390045166 0.25681009888648987 -0.018959421664476395
v -0.25309908390045166 0.25681009888648987 0.018959421664476395
v -0.25305870175361633 0.2568800151348114 0.0
v -0.2530144155025482 0.0015153865097090602 -0.04739902913570404
v -0.2530144155025482 0.0015153865097090602 0.04739902913570404
v -0.2527027726173401 0.10938861221075058 -0.04739902913570404
v -0.2527027726173401 0.10938861221075058 0.04739902913570404
v -0.25264450907707214 0.14438803493976593 -0.04739902913570404
v -0.25264450907707214 0.14438803493976593 0.04739902913570404
v -0.25251853466033936 0.11899647116661072 -0.04739902913570404
v -0.25251853466033936 0.11899647116661072 0.04739902913570404
v -0.2524294853210449 0.09977946430444717 -0.04739902913570404
v -0.2524294853210449 0.09977946430444717 0.04739902913570404
v -0.2523125112056732 0.0743478313088417 -0.04739902913570404
v -0.2523125112056732 0.0743478313088417 0.04739902913570404
v -0.25202715396881104 -0.03744647279381752 0.0
v -0.25198623538017273 -0.03751610219478607 -0.018959421664476395
v -0.25198623538017273 -0.03751610219478607 0.018959421664476395
v -0.25187480449676514 -0.03770549222826958 -0.03791913017630577
v -0.25187480449676514 -0.03770549222826958 0.03791913017630577
v -0.2516407072544098 0.1793683022260666 -0.04739902913570404
v -0.2516407072544098 0.1793683022260666 0.04739902913570404
v -0.25146934390068054 0.20390042662620544 -0.04739902913570404
v -0.25146934390068054 0.20390042662620544 0.04739902913570404
v -0.2514306306838989 0.1290321946144104 -0.04739902913570404
v -0.2514306306838989 0.1290321946144104 0.04739902913570404
v -0.2512454092502594 0.08974146097898483 -0.04739902913570404
v -0.2512454092502594 0.08974146097898483 0.04739902913570404
v -0.251162588596344 0.16419754922389984 -0.04739902913570404
v -0.251162588596344 0.16419754922389984 0.04739902913570404
v -0.250949889421463 0.03935796394944191 -0.04739902913570404
v -0.250949889421463 0.03935796394944191 0.04739902913570404
v -0.2508692443370819 0.2436998039484024 -0.04739902913570404
v -0.2508692443370819 0.2436998039484024 0.04739902913570404
v -0.25075003504753113 0.2608031630516052 -0.04739902913570404
v -0.25075003504753113 0.2608031630516052 0.04739902913570404
v -0.25068795680999756 0.015001295134425163 -0.04739902913570404
v -0.25068795680999756 0.015001295134425163 0.04739902913570404
v -0.25062716007232666 0.05452428013086319 -0.04739902913570404
v -0.25062716007232666 0.05452428013086319 0.04739902913570404
v -0.2506263852119446 0.2610093951225281 -0.028439244255423546
v -0.2506263852119446 0.2610093951225281 0.028439244255423546
v -0.25054988265037537 0.2611367702484131 -0.009479694999754429
v -0.25054988265037537 0.2611367702484131 0.009479694999754429
v -0.250083327293396 0.1374558061361313 -0.04739902913570404
v -0.250083327293396 0.1374558061361313 0.04739902913570404
v -0.24981816112995148 0.081315778195858 -0.04739902913570404
v -0.24981816112995148 0.081315778195858 0.04739902913570404
v -0.2495378702878952 -0.024973830208182335 -0.04739902913570404
v -0.2495378702878952 -0.024973830208182335 0.04739902913570404
v -0.2494533807039261 -0.04174313321709633 -0.009479694999754429
v -0.2494533807039261 -0.04174313321709633 0.009479694999754429
v -0.24937589466571808 -0.04186994209885597 -0.028439244255423546
v -0.24937589466571808 -0.04186994209885597 0.028439244255423546
v -0.2492503821849823 -0.042075034230947495 -0.04739902913570404
v -0.2492503821849823 -0.042075034230947495 0.04739902913570404
v -0.24895544350147247 0.18833398818969727 -0.04739902913570404
v -0.24895544350147247 0.18833398818969727 0.04739902913570404
v -0.2489120364189148 0.22916467487812042 -0.04739902913570404
v -0.2489120364189148 0.22916467487812042 0.04739902913570404
v -0.24817155301570892 0.03038596175611019 -0.04739902913570404
v -0.24817155301570892 0.03038596175611019 0.04739902913570404
v -0.24809274077415466 0.26515278220176697 -0.03791913017630577
v -0.24809274077415466 0.26515278220176697 0.03791913017630577
v -0.24797649681568146 0.2653392553329468 -0.018959421664476395
v -0.24797649681568146 0.2653392553329468 0.018959421664476395
v -0.24793373048305511 0.2654077708721161 0.0
v -0.24777765572071075 0.15079551935195923 -0.04739902913570404
v -0.24777765572071075 0.15079551935195923 0.04739902913570404
v -0.24775546789169312 0.21191148459911346 -0.04739902913570404
v -0.24775546789169312 0.21191148459911346 0.04739902913570404
v -0.24772487580776215 -0.010420415550470352 -0.04739902913570404
v -0.24772487580776215 -0.010420415550470352 0.04739902913570404
v -0.24737881124019623 0.06799875199794769 -0.04739902913570404
v -0.24737881124019623 0.06799875199794769 0.04739902913570404
v -0.24694332480430603 0.157490536570549 -0.04739902913570404
v -0.24694332480430603 0.157490536570549 0.04739902913570404
v -0.24684253334999084 -0.045938070863485336 0.0
v -0.2467992752790451 -0.04600626230239868 -0.018959421664476395
v -0.2467992752790451 -0.04600626230239868 0.018959421664476395
v -0.2467438131570816 0.006847998593002558 -0.04739902913570404
v -0.2467438131570816 0.006847998593002558 0.04739902913570404
v -0.24668146669864655 -0.04619176685810089 -0.03791913017630577
v -0.24668146669864655 -0.04619176685810089 0.03791913017630577
v -0.24647720158100128 0.06130554899573326 -0.04739902913570404
v -0.24647720158100128 0.06130554899573326 0.04739902913570404
v -0.2461947202682495 0.23623418807983398 -0.04739902913570404
v -0.2461947202682495 0.23623418807983398 0.04739902913570404
v -0.24601152539253235 0.2523331046104431 -0.04739902913570404
v -0.24601152539253235 0.2523331046104431 0.04739902913570404
v -0.2459222674369812 0.17249125242233276 -0.04739902913570404
v -0.2459222674369812 0.17249125242233276 0.04739902913570404
v -0.2455587387084961 0.19707882404327393 -0.04739902913570404
v -0.2455587387084961 0.19707882404327393 0.04739902913570404
v -0.24554963409900665 0.22056660056114197 -0.04739902913570404
v -0.24554963409900665 0.22056660056114197 0.04739902913570404
v -0.24549289047718048 0.2692500352859497 -0.04739902913570404
v -0.24549289047718048 0.2692500352859497 0.04739902913570404
v -0.2453622967004776 0.26945191621780396 -0.028439244255423546
v -0.2453622967004776 0.26945191621780396 0.028439244255423546
v -0.24530506134033203 0.046313852071762085 -0.04739902913570404
v -0.24530506134033203 0.046313852071762085 0.04739902913570404
v -0.24528148770332336 0.26957666873931885 -0.009479694999754429
v -0.24528148770332336 0.26957666873931885 0.009479694999754429
v -0.24493655562400818 -0.017463674768805504 -0.04739902913570404
v -0.24493655562400818 -0.017463674768805504 0.04739902913570404
v -0.24489396810531616 0.10976710915565491 -0.018959421664476395
v -0.24489396810531616 0.10976710915565491 0.018959421664476395
v -0.24489423632621765 0.10984795540571213 0.0
v -0.2448931187391281 0.10954710841178894 -0.03791913017630577
v -0.2448931187391281 0.10954710841178894 0.03791913017630577
v -0.24486586451530457 0.1144050732254982 -0.04739902913570404
v -0.24486586451530457 0.1144050732254982 0.04739902913570404
v -0.24486200511455536 0.11464576423168182 -0.028439244255423546
v -0.24486200511455536 0.11464576423168182 0.028439244255423546
v -0.2448595017194748 0.1147945299744606 -0.009479694999754429
v -0.2448595017194748 0.1147945299744606 0.009479694999754429
v -0.2448274791240692 0.10483414679765701 -0.009479694999754429
v -0.2448274791240692 0.10483414679765701 0.009479694999754429
v -0.24482391774654388 0.10468541085720062 -0.028439244255423546
v -0.24482391774654388 0.10468541085720062 0.028439244255423546
v -0.24481797218322754 0.10444474965333939 -0.04739902913570404
v -0.24481797218322754 0.10444474965333939 0.04739902913570404
v -0.24473346769809723 0.11950626224279404 -0.03791913017630577
v -0.24473346769809723 0.11950626224279404 0.03791913017630577
v -0.24472542107105255 0.021746840327978134 -0.04739902913570404
v -0.24472542107105255 0.021746840327978134 0.04739902913570404
v -0.24472536146640778 0.11972611397504807 -0.018959421664476395
v -0.24472536146640778 0.11972611397504807 0.018959421664476395
v -0.24472233653068542 0.11980690062046051 0.0
v -0.24466101825237274 0.09989025443792343 0.0
v -0.2446574717760086 0.09980949014425278 -0.018959421664476395
v -0.2446574717760086 0.09980949014425278 0.018959421664476395
v -0.24464766681194305 0.09958971291780472 -0.03791913017630577
v -0.24464766681194305 0.09958971291780472 0.03791913017630577
v -0.2445947527885437 -0.03355757147073746 -0.04739902913570404
v -0.2445947527885437 -0.03355757147073746 0.04739902913570404
v -0.24450868368148804 0.12435908615589142 -0.04739902913570404
v -0.24450868368148804 0.12435908615589142 0.04739902913570404
v -0.24449503421783447 0.12459943443536758 -0.028439244255423546
v -0.24449503421783447 0.12459943443536758 0.028439244255423546
v -0.2444864809513092 0.12474796175956726 -0.009479694999754429
v -0.2444864809513092 0.12474796175956726 0.009479694999754429
v -0.24444955587387085 -0.0017892580945044756 -0.04739902913570404
v -0.24444955587387085 -0.0017892580945044756 0.04739902913570404
v -0.24439042806625366 0.09488330781459808 -0.009479694999754429
v -0.24439042806625366 0.09488330781459808 0.009479694999754429
v -0.24438083171844482 0.09473483264446259 -0.028439244255423546
v -0.24438083171844482 0.09473483264446259 0.028439244255423546
v -0.24436511099338531 0.09449461847543716 -0.04739902913570404
v -0.24436511099338531 0.09449461847543716 0.04739902913570404
v -0.2441689521074295 0.1294506937265396 -0.03791913017630577
v -0.2441689521074295 0.1294506937265396 0.03791913017630577
v -0.24415192008018494 0.12967002391815186 -0.018959421664476395
v -0.24415192008018494 0.12967002391815186 0.018959421664476395
v -0.24414560198783875 0.12975060939788818 0.0
v -0.24412404000759125 -0.05014464259147644 -0.009479694999754429
v -0.24412404000759125 -0.05014464259147644 0.009479694999754429
v -0.2440422773361206 -0.0502687469124794 -0.028439244255423546
v -0.2440422773361206 -0.0502687469124794 0.028439244255423546
v -0.24402308464050293 0.08995028585195541 0.0
v -0.24401625990867615 0.08986972272396088 -0.018959421664476395
v -0.24401625990867615 0.08986972272396088 0.018959421664476395
v -0.24399752914905548 0.08965053409337997 -0.03791913017630577
v -0.24399752914905548 0.08965053409337997 0.03791913017630577
v -0.2439098358154297 -0.050469450652599335 -0.04739902913570404
v -0.2439098358154297 -0.050469450652599335 0.04739902913570404
v -0.2437470257282257 0.13429035246372223 -0.04739902913570404
v -0.2437470257282257 0.13429035246372223 0.04739902913570404
v -0.24372361600399017 0.1345299333333969 -0.028439244255423546
v -0.24372361600399017 0.1345299333333969 0.028439244255423546
v -0.2437090277671814 0.13467802107334137 -0.009479694999754429
v -0.2437090277671814 0.13467802107334137 0.009479694999754429
v -0.24354910850524902 0.08495848625898361 -0.009479694999754429
v -0.24354910850524902 0.08495848625898361 0.009479694999754429
v -0.24353349208831787 0.0848105251789093 -0.028439244255423546
v -0.24353349208831787 0.0848105251789093 0.028439244255423546
v -0.2435080111026764 0.08457113802433014 -0.04739902913570404
v -0.2435080111026764 0.08457113802433014 0.04739902913570404
v -0.24320052564144135 0.13936392962932587 -0.03791913017630577
v -0.24320052564144135 0.13936392962932587 0.03791913017630577
v -0.24317458271980286 0.13958239555358887 -0.018959421664476395
v -0.24317458271980286 0.13958239555358887 0.018959421664476395
v -0.2431650161743164 0.13966265320777893 0.0
v -0.2429814636707306 0.0800444558262825 0.0
v -0.24297137558460236 0.07996425777673721 -0.018959421664476395
v -0.24297137558460236 0.07996425777673721 0.018959421664476395
v -0.24296851456165314 0.18139329552650452 -0.04739902913570404
v -0.24296851456165314 0.18139329552650452 0.04739902913570404
v -0.24294374883174896 0.07974600046873093 -0.03791913017630577
v -0.24294374883174896 0.07974600046873093 0.03791913017630577
v -0.2426891177892685 0.2735067307949066 -0.03791913017630577
v -0.2426891177892685 0.2735067307949066 0.03791913017630577
v -0.24258214235305786 0.14418242871761322 -0.04739902913570404
v -0.24258214235305786 0.14418242871761322 0.04739902913570404
v -0.2425665706396103 0.2736891210079193 -0.018959421664476395
v -0.2425665706396103 0.2736891210079193 0.018959421664476395
v -0.24254901707172394 0.14442086219787598 -0.028439244255423546
v -0.24254901707172394 0.14442086219787598 0.028439244255423546
v -0.24252842366695404 0.14456821978092194 -0.009479694999754429
v -0.24252842366695404 0.14456821978092194 0.009479694999754429
v -0.2425215095281601 0.27375611662864685 0.0
v -0.24230490624904633 0.07507607340812683 -0.009479694999754429
v -0.24230490624904633 0.07507607340812683 0.009479694999754429
v -0.24228328466415405 0.07492886483669281 -0.028439244255423546
v -0.24228328466415405 0.07492886483669281 0.028439244255423546
v -0.24224810302257538 0.07469072192907333 -0.04739902913570404
v -0.24224810302257538 0.07469072192907333 0.04739902913570404
v -0.24223507940769196 0.03717174753546715 -0.04739902913570404
v -0.24223507940769196 0.03717174753546715 0.04739902913570404
v -0.24184371531009674 0.2056047022342682 -0.04739902913570404
v -0.24184371531009674 0.2056047022342682 0.04739902913570404
v -0.2418297976255417 0.14922958612442017 -0.03791913017630577
v -0.2418297976255417 0.14922958612442017 0.03791913017630577
v -0.24179500341415405 0.14944681525230408 -0.018959421664476395
v -0.24179500341415405 0.14944681525230408 0.018959421664476395
v -0.24178215861320496 0.14952662587165833 0.0
v -0.2415379136800766 0.07018920034170151 0.0
v -0.2415245622396469 0.07010945677757263 -0.018959421664476395
v -0.2415245622396469 0.07010945677757263 0.018959421664476395
v -0.24148809909820557 0.069892518222332 -0.03791913017630577
v -0.24148809909820557 0.069892518222332 0.03791913017630577
v -0.24143952131271362 0.24450725317001343 -0.04739902913570404
v -0.24143952131271362 0.24450725317001343 0.04739902913570404
v -0.24137192964553833 -0.05424829199910164 0.0
v -0.24132637679576874 -0.05431496724486351 -0.018959421664476395
v -0.24132637679576874 -0.05431496724486351 0.018959421664476395
v -0.24124431610107422 0.22860999405384064 -0.04739902913570404
v -0.24124431610107422 0.22860999405384064 0.04739902913570404
v -0.24120230972766876 -0.054496362805366516 -0.03791913017630577
v -0.24120230972766876 -0.054496362805366516 0.03791913017630577
v -0.2410159856081009 0.15401895344257355 -0.04739902913570404
v -0.2410159856081009 0.15401895344257355 0.04739902913570404
v -0.2409818321466446 0.26086676120758057 -0.04739902913570404
v -0.2409818321466446 0.26086676120758057 0.04739902913570404
v -0.24097320437431335 0.15425585210323334 -0.028439244255423546
v -0.24097320437431335 0.15425585210323334 0.028439244255423546
v -0.24094663560390472 0.1544022560119629 -0.009479694999754429
v -0.24094663560390472 0.1544022560119629 0.009479694999754429
v -0.24090340733528137 0.013229945674538612 -0.04739902913570404
v -0.24090340733528137 0.013229945674538612 0.04739902913570404
v -0.24065987765789032 0.06525241583585739 -0.009479694999754429
v -0.24065987765789032 0.06525241583585739 0.009479694999754429
v -0.24063228070735931 0.06510622799396515 -0.028439244255423546
v -0.24063228070735931 0.06510622799396515 0.028439244255423546
v -0.24058744311332703 0.0648697018623352 -0.04739902913570404
v -0.24058744311332703 0.0648697018623352 0.04739902913570404
v -0.24010036885738373 -0.025685541331768036 -0.04739902913570404
v -0.24010036885738373 -0.025685541331768036 0.04739902913570404
v -0.2400611788034439 -0.009789171628654003 -0.04739902913570404
v -0.2400611788034439 -0.009789171628654003 0.04739902913570404
v -0.240059033036232 0.15903133153915405 -0.03791913017630577
v -0.240059033036232 0.15903133153915405 0.03791913017630577
v -0.2400154322385788 0.15924696624279022 -0.018959421664476395
v -0.2400154322385788 0.15924696624279022 0.018959421664476395
v -0.23999935388565063 0.1593262106180191 0.0
v -0.23995544016361237 0.19047501683235168 -0.04739902913570404
v -0.23995544016361237 0.19047501683235168 0.04739902913570404
v -0.23995131254196167 0.2775130867958069 -0.04739902913570404
v -0.23995131254196167 0.2775130867958069 0.04739902913570404
v -0.2398139238357544 0.2777104377746582 -0.028439244255423546
v -0.2398139238357544 0.2777104377746582 0.028439244255423546
v -0.2397289276123047 0.2778323292732239 -0.009479694999754429
v -0.2397289276123047 0.2778323292732239 0.009479694999754429
v -0.23969480395317078 0.06040078029036522 0.0
v -0.23967821896076202 0.06032165512442589 -0.018959421664476395
v -0.23967821896076202 0.06032165512442589 0.018959421664476395
v -0.23963294923305511 0.060106370598077774 -0.03791913017630577
v -0.23963294923305511 0.060106370598077774 0.03791913017630577
v -0.23948128521442413 -0.04204043373465538 -0.04739902913570404
v -0.23948128521442413 -0.04204043373465538 0.04739902913570404
v -0.239169180393219 0.02840670384466648 -0.04739902913570404
v -0.239169180393219 0.02840670384466648 0.04739902913570404
v -0.23905114829540253 0.16378365457057953 -0.04739902913570404
v -0.23905114829540253 0.16378365457057953 0.04739902913570404
v -0.23899875581264496 0.1640186309814453 -0.028439244255423546
v -0.23899875581264496 0.1640186309814453 0.028439244255423546
v -0.23896625638008118 0.16416381299495697 -0.009479694999754429
v -0.23896625638008118 0.16416381299495697 0.009479694999754429
v -0.23861674964427948 0.05550379678606987 -0.009479694999754429
v -0.23861674964427948 0.05550379678606987 0.009479694999754429
v -0.23858322203159332 0.05535883456468582 -0.028439244255423546
v -0.23858322203159332 0.05535883456468582 0.028439244255423546
v -0.2385288029909134 0.05512433499097824 -0.04739902913570404
v -0.2385288029909134 0.05512433499097824 0.04739902913570404
v -0.2385118305683136 -0.05835990607738495 -0.009479694999754429
v -0.2385118305683136 -0.05835990607738495 0.009479694999754429
v -0.23842589557170868 -0.05848115310072899 -0.028439244255423546
v -0.23842589557170868 -0.05848115310072899 0.028439244255423546
v -0.23828671872615814 -0.05867724120616913 -0.04739902913570404
v -0.23828671872615814 -0.05867724120616913 0.04739902913570404
v -0.23789115250110626 0.168752983212471 -0.03791913017630577
v -0.23789115250110626 0.168752983212471 0.03791913017630577
v -0.23783881962299347 0.16896666586399078 -0.018959421664476395
v -0.23783881962299347 0.16896666586399078 0.018959421664476395
v -0.23781952261924744 0.16904518008232117 0.0
v -0.23745518922805786 0.05069541931152344 0.0
v -0.23743538558483124 0.0506170354783535 -0.018959421664476395
v -0.23743538558483124 0.0506170354783535 0.018959421664476395
v -0.23738141357898712 0.05040375515818596 -0.03791913017630577
v -0.23738141357898712 0.05040375515818596 0.03791913017630577
v -0.2370624542236328 0.23663128912448883 -0.04739902913570404
v -0.2370624542236328 0.23663128912448883 0.04739902913570404
v -0.23700429499149323 0.2816719114780426 -0.03791913017630577
v -0.23700429499149323 0.2816719114780426 0.03791913017630577
v -0.23687562346458435 0.28185001015663147 -0.018959421664476395
v -0.23687562346458435 0.28185001015663147 0.018959421664476395
v -0.2368282973766327 0.28191545605659485 0.0
v -0.23678836226463318 0.252621591091156 -0.04739902913570404
v -0.23678836226463318 0.252621591091156 0.04739902913570404
v -0.23669084906578064 0.17346039414405823 -0.04739902913570404
v -0.23669084906578064 0.17346039414405823 0.04739902913570404
v -0.2366289347410202 0.17369303107261658 -0.028439244255423546
v -0.2366289347410202 0.17369303107261658 0.028439244255423546
v -0.23659056425094604 0.17383676767349243 -0.009479694999754429
v -0.23659056425094604 0.17383676767349243 0.009479694999754429
v -0.23651020228862762 0.22262398898601532 -0.04739902913570404
v -0.23651020228862762 0.22262398898601532 0.04739902913570404
v -0.23617888987064362 0.04584630951285362 -0.009479694999754429
v -0.23617888987064362 0.04584630951285362 0.009479694999754429
v -0.23615992069244385 0.19943496584892273 -0.04739902913570404
v -0.23615992069244385 0.19943496584892273 0.04739902913570404
v -0.23613950610160828 0.045702848583459854 -0.028439244255423546
v -0.23613950610160828 0.045702848583459854 0.028439244255423546
v -0.23607559502124786 0.04547074809670448 -0.04739902913570404
v -0.23607559502124786 0.04547074809670448 0.04739902913570404
v -0.2358018308877945 -0.0177692249417305 -0.04739902913570404
v -0.2358018308877945 -0.0177692249417305 0.04739902913570404
v -0.23562166094779968 -0.062367524951696396 0.0
v -0.235573872923851 -0.06243260204792023 -0.018959421664476395
v -0.235573872923851 -0.06243260204792023 0.018959421664476395
v -0.23557160794734955 0.26876381039619446 -0.04739902913570404
v -0.23557160794734955 0.26876381039619446 0.04739902913570404
v -0.23544371128082275 -0.06260967254638672 -0.03791913017630577
v -0.23544371128082275 -0.06260967254638672 0.03791913017630577
v -0.23539336025714874 -0.0037485600914806128 -0.04739902913570404
v -0.23539336025714874 -0.0037485600914806128 0.04739902913570404
v -0.23537026345729828 -0.03375137224793434 -0.04739902913570404
v -0.23537026345729828 -0.03375137224793434 0.04739902913570404
v -0.235329732298851 0.17837843298912048 -0.03791913017630577
v -0.235329732298851 0.17837843298912048 0.03791913017630577
v -0.23529769480228424 0.019488055258989334 -0.04739902913570404
v -0.23529769480228424 0.019488055258989334 0.04739902913570404
v -0.2352687567472458 0.1785898208618164 -0.018959421664476395
v -0.2352687567472458 0.1785898208618164 0.018959421664476395
v -0.23524630069732666 0.17866747081279755 0.0
v -0.2350948303937912 0.2140221893787384 -0.04739902913570404
v -0.2350948303937912 0.2140221893787384 0.04739902913570404
v -0.23482275009155273 0.04108913615345955 0.0
v -0.2347998023033142 0.04101162403821945 -0.018959421664476395
v -0.2347998023033142 0.04101162403821945 0.018959421664476395
v -0.23473718762397766 0.040800727903842926 -0.03791913017630577
v -0.23473718762397766 0.040800727903842926 0.03791913017630577
v -0.23413172364234924 0.2855827808380127 -0.04739902913570404
v -0.23413172364234924 0.2855827808380127 0.04739902913570404
v -0.23406630754470825 0.004859530366957188 -0.04739902913570404
v -0.23406630754470825 0.004859530366957188 0.04739902913570404
v -0.23399461805820465 -0.04988410323858261 -0.04739902913570404
v -0.23399461805820465 -0.04988410323858261 0.04739902913570404
v -0.2339876890182495 0.2857753336429596 -0.028439244255423546
v -0.2339876890182495 0.2857753336429596 0.028439244255423546
v -0.23393899202346802 0.18303313851356506 -0.04739902913570404
v -0.23393899202346802 0.18303313851356506 0.04739902913570404
v -0.2338986098766327 0.2858942747116089 -0.009479694999754429
v -0.2338986098766327 0.2858942747116089 0.009479694999754429
v -0.23386768996715546 0.18326306343078613 -0.028439244255423546
v -0.23386768996715546 0.18326306343078613 0.028439244255423546
v -0.2338235080242157 0.18340513110160828 -0.009479694999754429
v -0.2338235080242157 0.18340513110160828 0.009479694999754429
v -0.23335032165050507 0.03629595786333084 -0.009479694999754429
v -0.23335032165050507 0.03629595786333084 0.009479694999754429
v -0.23330512642860413 0.03615420311689377 -0.028439244255423546
v -0.23330512642860413 0.03615420311689377 0.028439244255423546
v -0.23323184251785278 0.03592490032315254 -0.04739902913570404
v -0.23323184251785278 0.03592490032315254 0.04739902913570404
v -0.23275218904018402 0.2063671052455902 -0.04739902913570404
v -0.23275218904018402 0.2063671052455902 0.04739902913570404
v -0.23262330889701843 -0.06637941300868988 -0.009479694999754429
v -0.23262330889701843 -0.06637941300868988 0.009479694999754429
v -0.23261182010173798 0.24465984106063843 -0.04739902913570404
v -0.23261182010173798 0.24465984106063843 0.04739902913570404
v -0.2325333058834076 -0.06649765372276306 -0.028439244255423546
v -0.2325333058834076 -0.06649765372276306 0.028439244255423546
v -0.232387512922287 -0.0666889101266861 -0.04739902913570404
v -0.232387512922287 -0.0666889101266861 0.04739902913570404
v -0.2323790341615677 0.18789176642894745 -0.03791913017630577
v -0.2323790341615677 0.18789176642894745 0.03791913017630577
v -0.2323784977197647 0.22893382608890533 -0.04739902913570404
v -0.2323784977197647 0.22893382608890533 0.04739902913570404
v -0.2323095202445984 0.18810050189495087 -0.018959421664476395
v -0.2323095202445984 0.18810050189495087 0.018959421664476395
v -0.23228392004966736 0.1881771683692932 0.0
v -0.23217760026454926 0.2605651915073395 -0.04739902913570404
v -0.23217760026454926 0.2605651915073395 0.04739902913570404
v -0.2318134754896164 0.012577514164149761 -0.04739902913570404
v -0.2318134754896164 0.012577514164149761 0.04739902913570404
v -0.2318018674850464 0.03159786015748978 0.0
v -0.23177579045295715 0.03152134269475937 -0.018959421664476395
v -0.23177579045295715 0.03152134269475937 0.018959421664476395
v -0.23170463740825653 0.03131316602230072 -0.03791913017630577
v -0.23170463740825653 0.03131316602230072 0.03791913017630577
v -0.2312745302915573 -0.025743242353200912 -0.04739902913570404
v -0.2312745302915573 -0.025743242353200912 0.04739902913570404
v -0.23119673132896423 -0.010016307234764099 -0.04739902913570404
v -0.23119673132896423 -0.010016307234764099 0.04739902913570404
v -0.23104487359523773 0.289638876914978 -0.03791913017630577
v -0.23104487359523773 0.289638876914978 0.03791913017630577
v -0.23091021180152893 0.28981253504753113 -0.018959421664476395
v -0.23091021180152893 0.28981253504753113 0.018959421664476395
v -0.23086069524288177 0.2898763120174408 0.0
v -0.23080016672611237 0.19248607754707336 -0.04739902913570404
v -0.23080016672611237 0.19248607754707336 0.04739902913570404
v -0.23071958124637604 0.1927129179239273 -0.028439244255423546
v -0.23071958124637604 0.1927129179239273 0.028439244255423546
v -0.2306814342737198 -0.04165074974298477 -0.04739902913570404
v -0.2306814342737198 -0.04165074974298477 0.04739902913570404
v -0.23066964745521545 0.19285304844379425 -0.009479694999754429
v -0.23066964745521545 0.19285304844379425 0.009479694999754429
v -0.2301357537508011 0.026868510991334915 -0.009479694999754429
v -0.2301357537508011 0.026868510991334915 0.009479694999754429
v -0.2300848364830017 0.026728715747594833 -0.028439244255423546
v -0.2300848364830017 0.026728715747594833 0.028439244255423546
v -0.2300022840499878 0.026502573862671852 -0.04739902913570404
v -0.2300022840499878 0.026502573862671852 0.04739902913570404
v -0.22959841787815094 -0.07028631865978241 0.0
v -0.22954843938350677 -0.07034976035356522 -0.018959421664476395
v -0.22954843938350677 -0.07034976035356522 0.018959421664476395
v -0.22941233217716217 -0.07052229344844818 -0.03791913017630577
v -0.22941233217716217 -0.07052229344844818 0.03791913017630577
v -0.22904393076896667 0.1972772479057312 -0.03791913017630577
v -0.22904393076896667 0.1972772479057312 0.03791913017630577
v -0.22896596789360046 0.19748297333717346 -0.018959421664476395
v -0.22896596789360046 0.19748297333717346 0.018959421664476395
v -0.2289372831583023 0.19755855202674866 0.0
v -0.22839754819869995 0.0222372617572546 0.0
v -0.2283683717250824 0.022161882370710373 -0.018959421664476395
v -0.2283683717250824 0.022161882370710373 0.018959421664476395
v -0.22828881442546844 0.02195677161216736 -0.03791913017630577
v -0.22828881442546844 0.02195677161216736 0.03791913017630577
v -0.22828374803066254 0.22098730504512787 -0.04739902913570404
v -0.22828374803066254 0.22098730504512787 0.04739902913570404
v -0.228040874004364 0.293449729681015 -0.04739902913570404
v -0.228040874004364 0.293449729681015 0.04739902913570404
v -0.22800584137439728 0.23718425631523132 -0.04739902913570404
v -0.22800584137439728 0.23718425631523132 0.04739902913570404
v -0.22797325253486633 0.2750082015991211 -0.04739902913570404
v -0.22797325253486633 0.2750082015991211 0.04739902913570404
v -0.22789037227630615 0.2936372756958008 -0.028439244255423546
v -0.22789037227630615 0.2936372756958008 0.028439244255423546
v -0.22779728472232819 0.29375311732292175 -0.009479694999754429
v -0.22779728472232819 0.29375311732292175 0.009479694999754429
v -0.2275078445672989 0.25279730558395386 -0.04739902913570404
v -0.2275078445672989 0.25279730558395386 0.04739902913570404
v -0.22727955877780914 0.2018035352230072 -0.04739902913570404
v -0.22727955877780914 0.2018035352230072 0.04739902913570404
v -0.22719302773475647 -0.002007625298574567 -0.04739902913570404
v -0.22719302773475647 -0.002007625298574567 0.04739902913570404
v -0.2271897941827774 0.20202691853046417 -0.028439244255423546
v -0.2271897941827774 0.20202691853046417 0.028439244255423546
v -0.2271876037120819 0.2664937674999237 -0.04739902913570404
v -0.2271876037120819 0.2664937674999237 0.04739902913570404
v -0.22713419795036316 0.2021649181842804 -0.009479694999754429
v -0.22713419795036316 0.2021649181842804 0.009479694999754429
v -0.2267482876777649 -0.01820877194404602 -0.04739902913570404
v -0.2267482876777649 -0.01820877194404602 0.04739902913570404
v -0.2265404909849167 0.0175795815885067 -0.009479694999754429
v -0.2265404909849167 0.0175795815885067 0.009479694999754429
v -0.22648394107818604 0.017441965639591217 -0.028439244255423546
v -0.22648394107818604 0.017441965639591217 0.028439244255423546
v -0.22646528482437134 -0.07419383525848389 -0.009479694999754429
v -0.22646528482437134 -0.07419383525848389 0.009479694999754429
v -0.2263922393321991 0.017219379544258118 -0.04739902913570404
v -0.2263922393321991 0.017219379544258118 0.04739902913570404
v -0.22637127339839935 -0.07430896908044815 -0.028439244255423546
v -0.22637127339839935 -0.07430896908044815 0.028439244255423546
v -0.22633416950702667 -0.05605395883321762 -0.04739902913570404
v -0.22633416950702667 -0.05605395883321762 0.04739902913570404
v -0.2262190580368042 -0.07449515163898468 -0.04739902913570404
v -0.2262190580368042 -0.07449515163898468 0.04739902913570404
v -0.22608917951583862 -0.03383065387606621 -0.04739902913570404
v -0.22608917951583862 -0.03383065387606621 0.04739902913570404
v -0.2256339192390442 -0.04753078892827034 -0.04739902913570404
v -0.2256339192390442 -0.04753078892827034 0.04739902913570404
v -0.2253299355506897 0.20651935040950775 -0.03791913017630577
v -0.2253299355506897 0.20651935040950775 0.03791913017630577
v -0.2252436727285385 0.2067217230796814 -0.018959421664476395
v -0.2252436727285385 0.2067217230796814 0.018959421664476395
v -0.22521193325519562 0.2067960798740387 0.0
v -0.22481776773929596 0.2973984181880951 -0.03791913017630577
v -0.22481776773929596 0.2973984181880951 0.03791913017630577
v -0.22467727959156036 0.2975673973560333 -0.018959421664476395
v -0.22467727959156036 0.2975673973560333 0.018959421664476395
v -0.2246256172657013 0.2976294457912445 0.0
v -0.22461539506912231 0.013022859580814838 0.0
v -0.22458316385746002 0.012948711402714252 -0.018959421664476395
v -0.22458316385746002 0.012948711402714252 0.018959421664476395
v -0.22449533641338348 0.01274699717760086 -0.03791913017630577
v -0.22449533641338348 0.01274699717760086 0.03791913017630577
v -0.22444576025009155 0.2841930389404297 -0.04739902913570404
v -0.22444576025009155 0.2841930389404297 0.04739902913570404
v -0.22351807355880737 0.22934100031852722 -0.04739902913570404
v -0.22351807355880737 0.22934100031852722 0.04739902913570404
v -0.22338296473026276 0.21097014844417572 -0.04739902913570404
v -0.22338296473026276 0.21097014844417572 0.04739902913570404
v -0.22330918908119202 -0.07799552381038666 0.0
v -0.22328418493270874 0.21118968725204468 -0.028439244255423546
v -0.22328418493270874 0.21118968725204468 0.028439244255423546
v -0.22325706481933594 -0.07805722206830978 -0.018959421664476395
v -0.22325706481933594 -0.07805722206830978 0.018959421664476395
v -0.22322304546833038 0.21132531762123108 -0.009479694999754429
v -0.22322304546833038 0.21132531762123108 0.009479694999754429
v -0.22311514616012573 -0.0782250463962555 -0.03791913017630577
v -0.22311514616012573 -0.0782250463962555 0.03791913017630577
v -0.22298629581928253 0.2449934184551239 -0.04739902913570404
v -0.22298629581928253 0.2449934184551239 0.04739902913570404
v -0.22271470725536346 -0.06520375609397888 -0.04739902913570404
v -0.22271470725536346 -0.06520375609397888 0.04739902913570404
v -0.22257046401500702 0.008444540202617645 -0.009479694999754429
v -0.22257046401500702 0.008444540202617645 0.009479694999754429
v -0.22250835597515106 0.008309341967105865 -0.028439244255423546
v -0.22250835597515106 0.008309341967105865 0.028439244255423546
v -0.22240769863128662 0.00809065904468298 -0.04739902913570404
v -0.22240769863128662 0.00809065904468298 0.04739902913570404
v -0.22234800457954407 -0.010301554575562477 -0.04739902913570404
v -0.22234800457954407 -0.010301554575562477 0.04739902913570404
v -0.22207093238830566 0.2600463032722473 -0.04739902913570404
v -0.22207093238830566 0.2600463032722473 0.04739902913570404
v -0.22168581187725067 0.3011048436164856 -0.04739902913570404
v -0.22168581187725067 0.3011048436164856 0.04739902913570404
v -0.22165976464748383 -0.025965828448534012 -0.04739902913570404
v -0.22165976464748383 -0.025965828448534012 0.04739902913570404
v -0.221529021859169 0.30128714442253113 -0.028439244255423546
v -0.221529021859169 0.30128714442253113 0.028439244255423546
v -0.22143204510211945 0.30139973759651184 -0.009479694999754429
v -0.22143204510211945 0.30139973759651184 0.009479694999754429
v -0.22124318778514862 0.21560277044773102 -0.03791913017630577
v -0.22124318778514862 0.21560277044773102 0.03791913017630577
v -0.2211487591266632 0.21580147743225098 -0.018959421664476395
v -0.2211487591266632 0.21580147743225098 0.018959421664476395
v -0.22111403942108154 0.21587447822093964 0.0
v -0.22058433294296265 -0.041030850261449814 -0.04739902913570404
v -0.22058433294296265 -0.041030850261449814 0.04739902913570404
v -0.2204616665840149 0.003969866316765547 0.0
v -0.22042645514011383 0.0038970927707850933 -0.018959421664476395
v -0.22042645514011383 0.0038970927707850933 0.018959421664476395
v -0.22033052146434784 0.003699122928082943 -0.03791913017630577
v -0.22033052146434784 0.003699122928082943 0.03791913017630577
v -0.22004489600658417 -0.08179411292076111 -0.009479694999754429
v -0.22004489600658417 -0.08179411292076111 0.009479694999754429
v -0.21994701027870178 -0.08190600574016571 -0.028439244255423546
v -0.21994701027870178 -0.08190600574016571 0.028439244255423546
v -0.21978850662708282 -0.082086943089962 -0.04739902913570404
v -0.21978850662708282 -0.082086943089962 0.04739902913570404
v -0.21968279778957367 0.2771924138069153 -0.04739902913570404
v -0.21968279778957367 0.2771924138069153 0.04739902913570404
v -0.21911683678627014 0.2199707329273224 -0.04739902913570404
v -0.21911683678627014 0.2199707329273224 0.04739902913570404
v -0.21900922060012817 0.22018606960773468 -0.028439244255423546
v -0.21900922060012817 0.22018606960773468 0.028439244255423546
v -0.21894261240959167 0.22031910717487335 -0.009479694999754429
v -0.21894261240959167 0.22031910717487335 0.009479694999754429
v -0.21884532272815704 0.237345352768898 -0.04739902913570404
v -0.21884532272815704 0.237345352768898 0.04739902913570404
v -0.21865636110305786 0.2918151915073395 -0.04739902913570404
v -0.21865636110305786 0.2918151915073395 0.04739902913570404
v -0.21833018958568573 0.3049415349960327 -0.03791913017630577
v -0.21833018958568573 0.3049415349960327 0.03791913017630577
v -0.21823227405548096 -0.0005215078126639128 -0.009479694999754429
v -0.21823227405548096 -0.0005215078126639128 0.009479694999754429
v -0.21818402409553528 0.30510562658309937 -0.018959421664476395
v -0.21818402409553528 0.30510562658309937 0.018959421664476395
v -0.21816472709178925 -0.0006540670874528587 -0.028439244255423546
v -0.21816472709178925 -0.0006540670874528587 0.028439244255423546
v -0.21814467012882233 0.2680853605270386 -0.04739902913570404
v -0.21814467012882233 0.2680853605270386 0.04739902913570404
v -0.21813027560710907 0.3051658868789673 0.0
v -0.21805524826049805 -0.0008684844942763448 -0.04739902913570404
v -0.21805524826049805 -0.0008684844942763448 0.04739902913570404
v -0.2180212140083313 -0.05815602466464043 -0.04739902913570404
v -0.2180212140083313 -0.05815602466464043 0.04739902913570404
v -0.21760578453540802 -0.01825675554573536 -0.04739902913570404
v -0.21760578453540802 -0.01825675554573536 0.04739902913570404
v -0.21759648621082306 0.2526267468929291 -0.04739902913570404
v -0.21759648621082306 0.2526267468929291 0.04739902913570404
v -0.21685011684894562 -0.07276761531829834 -0.04739902913570404
v -0.21685011684894562 -0.07276761531829834 0.04739902913570404
v -0.21679045259952545 0.2245125025510788 -0.03791913017630577
v -0.21679045259952545 0.2245125025510788 0.03791913017630577
v -0.2167612761259079 -0.08548615127801895 0.0
v -0.21670706570148468 -0.08554606139659882 -0.018959421664476395
v -0.21670706570148468 -0.08554606139659882 0.018959421664476395
v -0.21668803691864014 0.2247072011232376 -0.018959421664476395
v -0.21668803691864014 0.2247072011232376 0.018959421664476395
v -0.2166503667831421 0.22477872669696808 0.0
v -0.2165749967098236 -0.04903425648808479 -0.04739902913570404
v -0.2165749967098236 -0.04903425648808479 0.04739902913570404
v -0.2165594846010208 -0.08570898324251175 -0.03791913017630577
v -0.2165594846010208 -0.08570898324251175 0.03791913017630577
v -0.21619561314582825 -0.033552613109350204 -0.04739902913570404
v -0.21619561314582825 -0.033552613109350204 0.04739902913570404
v -0.21594326198101044 -0.004906707908958197 0.0
v -0.2159051150083542 -0.0049779959954321384 -0.018959421664476395
v -0.2159051150083542 -0.0049779959954321384 0.018959421664476395
v -0.2158012092113495 -0.005171921569854021 -0.03791913017630577
v -0.2158012092113495 -0.005171921569854021 0.03791913017630577
v -0.21558953821659088 0.2835601270198822 -0.04739902913570404
v -0.21558953821659088 0.2835601270198822 0.04739902913570404
v -0.21507389843463898 0.3085392117500305 -0.04739902913570404
v -0.21507389843463898 0.3085392117500305 0.04739902913570404
v -0.21491098403930664 0.3087160885334015 -0.028439244255423546
v -0.21491098403930664 0.3087160885334015 0.028439244255423546
v -0.21481023728847504 0.3088253140449524 -0.009479694999754429
v -0.21481023728847504 0.3088253140449524 0.009479694999754429
v -0.21448825299739838 0.22879038751125336 -0.04739902913570404
v -0.21448825299739838 0.22879038751125336 0.04739902913570404
v -0.2143719643354416 0.22900116443634033 -0.028439244255423546
v -0.2143719643354416 0.22900116443634033 0.028439244255423546
v -0.2143000066280365 0.22913138568401337 -0.009479694999754429
v -0.2143000066280365 0.22913138568401337 0.009479694999754429
v -0.21386389434337616 -0.06448370218276978 -0.04739902913570404
v -0.21386389434337616 -0.06448370218276978 0.04739902913570404
v -0.21353308856487274 -0.00930369459092617 -0.009479694999754429
v -0.21353308856487274 -0.00930369459092617 0.009479694999754429
v -0.21346019208431244 -0.009433425962924957 -0.028439244255423546
v -0.21346019208431244 -0.009433425962924957 0.028439244255423546
v -0.21336965262889862 -0.08917137235403061 -0.009479694999754429
v -0.21336965262889862 -0.08917137235403061 0.009479694999754429
v -0.21335051953792572 0.24534696340560913 -0.04739902913570404
v -0.21335051953792572 0.24534696340560913 0.04739902913570404
v -0.21334208548069 -0.00964322965592146 -0.04739902913570404
v -0.21334208548069 -0.00964322965592146 0.04739902913570404
v -0.2132679671049118 -0.08927993476390839 -0.028439244255423546
v -0.2132679671049118 -0.08927993476390839 0.028439244255423546
v -0.2131033092737198 -0.0894554853439331 -0.04739902913570404
v -0.2131033092737198 -0.0894554853439331 0.04739902913570404
v -0.21226073801517487 0.27511534094810486 -0.04739902913570404
v -0.21226073801517487 0.27511534094810486 0.04739902913570404
v -0.2121487706899643 0.29928064346313477 -0.04739902913570404
v -0.2121487706899643 0.29928064346313477 0.04739902913570404
v -0.21204519271850586 -0.026202965527772903 -0.04739902913570404
v -0.21204519271850586 -0.026202965527772903 0.04739902913570404
v -0.21197910606861115 0.23323380947113037 -0.03791913017630577
v -0.21197910606861115 0.23323380947113037 0.03791913017630577
v -0.21186885237693787 0.23342417180538177 -0.018959421664476395
v -0.21186885237693787 0.23342417180538177 0.018959421664476395
v -0.2118283063173294 0.2334941029548645 0.0
v -0.21158964931964874 0.3122594952583313 -0.03791913017630577
v -0.21158964931964874 0.3122594952583313 0.03791913017630577
v -0.21143797039985657 0.31241849064826965 -0.018959421664476395
v -0.21143797039985657 0.31241849064826965 0.018959421664476395
v -0.2113822102546692 0.31247690320014954 0.0
v -0.21106767654418945 -0.013592185452580452 0.0
v -0.2110266387462616 -0.013661877252161503 -0.018959421664476395
v -0.2110266387462616 -0.013661877252161503 0.018959421664476395
v -0.21091492474079132 -0.013851426541805267 -0.03791913017630577
v -0.21091492474079132 -0.013851426541805267 0.03791913017630577
v -0.21061834692955017 -0.05600447207689285 -0.04739902913570404
v -0.21061834692955017 -0.05600447207689285 0.04739902913570404
v -0.21026895940303802 -0.0801672488451004 -0.04739902913570404
v -0.21026895940303802 -0.0801672488451004 0.04739902913570404
v -0.20996235311031342 -0.0927494615316391 0.0
v -0.20990610122680664 -0.09280754625797272 -0.018959421664476395
v -0.20990610122680664 -0.09280754625797272 0.018959421664476395
v -0.20975294709205627 -0.09296546131372452 -0.03791913017630577
v -0.20975294709205627 -0.09296546131372452 0.03791913017630577
v -0.2095048427581787 0.23741452395915985 -0.04739902913570404
v -0.2095048427581787 0.23741452395915985 0.04739902913570404
v -0.20938009023666382 0.23762041330337524 -0.028439244255423546
v -0.20938009023666382 0.23762041330337524 0.028439244255423546
v -0.2093028724193573 0.23774757981300354 -0.009479694999754429
v -0.2093028724193573 0.23774757981300354 0.009479694999754429
v -0.20925946533679962 0.29068636894226074 -0.04739902913570404
v -0.20925946533679962 0.29068636894226074 0.04739902913570404
v -0.2092529833316803 0.25955674052238464 -0.04739902913570404
v -0.2092529833316803 0.25955674052238464 0.04739902913570404
v -0.20885546505451202 0.26824092864990234 -0.04739902913570404
v -0.20885546505451202 0.26824092864990234 0.04739902913570404
v -0.20857641100883484 0.2514757812023163 -0.04739902913570404
v -0.20857641100883484 0.2514757812023163 0.04739902913570404
v -0.20848070085048676 -0.017887501046061516 -0.009479694999754429
v -0.20848070085048676 -0.017887501046061516 0.009479694999754429
v -0.20840255916118622 -0.01801418326795101 -0.028439244255423546
v -0.20840255916118622 -0.01801418326795101 0.028439244255423546
v -0.20827598869800568 -0.018219057470560074 -0.04739902913570404
v -0.20827598869800568 -0.018219057470560074 0.04739902913570404
v -0.20821279287338257 0.3157442510128021 -0.04739902913570404
v -0.20821279287338257 0.3157442510128021 0.04739902913570404
v -0.20804396271705627 0.31591546535491943 -0.028439244255423546
v -0.20804396271705627 0.31591546535491943 0.028439244255423546
v -0.20793955028057098 0.316021203994751 -0.009479694999754429
v -0.20793955028057098 0.316021203994751 0.009479694999754429
v -0.20777401328086853 -0.04041824862360954 -0.04739902913570404
v -0.20777401328086853 -0.04041824862360954 0.04739902913570404
v -0.20746508240699768 -0.07154353708028793 -0.04739902913570404
v -0.20746508240699768 -0.07154353708028793 0.04739902913570404
v -0.20728853344917297 -0.0490904226899147 -0.04739902913570404
v -0.20728853344917297 -0.0490904226899147 0.04739902913570404
v -0.2071998566389084 -0.03229464218020439 -0.04739902913570404
v -0.2071998566389084 -0.03229464218020439 0.04739902913570404
v -0.20681709051132202 0.2417522370815277 -0.03791913017630577
v -0.20681709051132202 0.2417522370815277 0.03791913017630577
v -0.2066991925239563 0.24193796515464783 -0.018959421664476395
v -0.2066991925239563 0.24193796515464783 0.018959421664476395
v -0.206655815243721 0.24200619757175446 0.0
v -0.20657020807266235 0.2820942997932434 -0.04739902913570404
v -0.20657020807266235 0.2820942997932434 0.04739902913570404
v -0.20644740760326385 -0.09631701558828354 -0.009479694999754429
v -0.20644740760326385 -0.09631701558828354 0.009479694999754429
v -0.2063419371843338 -0.09642219543457031 -0.028439244255423546
v -0.2063419371843338 -0.09642219543457031 0.028439244255423546
v -0.2061711847782135 -0.09659223258495331 -0.04739902913570404
v -0.2061711847782135 -0.09659223258495331 0.04739902913570404
v -0.20584295690059662 -0.02207215502858162 0.0
v -0.2057991325855255 -0.02214014157652855 -0.018959421664476395
v -0.2057991325855255 -0.02214014157652855 0.018959421664476395
v -0.2056797444820404 -0.022325029596686363 -0.03791913017630577
v -0.2056797444820404 -0.022325029596686363 0.03791913017630577
v -0.2054944783449173 0.3066154718399048 -0.04739902913570404
v -0.2054944783449173 0.3066154718399048 0.04739902913570404
v -0.20486082136631012 -0.06292793899774551 -0.04739902913570404
v -0.20486082136631012 -0.06292793899774551 0.04739902913570404
v -0.20460394024848938 0.31934380531311035 -0.03791913017630577
v -0.20460394024848938 0.31934380531311035 0.03791913017630577
v -0.2044469565153122 0.31949755549430847 -0.018959421664476395
v -0.2044469565153122 0.31949755549430847 0.018959421664476395
v -0.20438922941684723 0.31955403089523315 0.0
v -0.20417487621307373 0.24582888185977936 -0.04739902913570404
v -0.20417487621307373 0.24582888185977936 0.04739902913570404
v -0.20404183864593506 0.24602952599525452 -0.028439244255423546
v -0.20404183864593506 0.24602952599525452 0.028439244255423546
v -0.20395952463150024 0.24615347385406494 -0.009479694999754429
v -0.20395952463150024 0.24615347385406494 0.009479694999754429
v -0.20354294776916504 -0.08743535727262497 -0.04739902913570404
v -0.20354294776916504 -0.08743535727262497 0.04739902913570404
v -0.20343202352523804 0.2735428512096405 -0.04739902913570404
v -0.20343202352523804 0.2735428512096405 0.04739902913570404
v -0.20308351516723633 -0.026258643716573715 -0.009479694999754429
v -0.20308351516723633 -0.026258643716573715 0.009479694999754429
v -0.20306384563446045 0.2976832985877991 -0.04739902913570404
v -0.20306384563446045 0.2976832985877991 0.04739902913570404
v -0.2030002474784851 -0.026382118463516235 -0.028439244255423546
v -0.2030002474784851 -0.026382118463516235 0.028439244255423546
v -0.20292043685913086 -0.09977693855762482 0.0
v -0.2028653621673584 -0.026581794023513794 -0.04739902913570404
v -0.2028653621673584 -0.026581794023513794 0.04739902913570404
v -0.20286214351654053 -0.09983315318822861 -0.018959421664476395
v -0.20286214351654053 -0.09983315318822861 0.018959421664476395
v -0.20270349085330963 -0.0999859869480133 -0.03791913017630577
v -0.20270349085330963 -0.0999859869480133 0.03791913017630577
v -0.20180755853652954 -0.05433741584420204 -0.04739902913570404
v -0.20180755853652954 -0.05433741584420204 0.04739902913570404
v -0.20131294429302216 0.2500537037849426 -0.03791913017630577
v -0.20131294429302216 0.2500537037849426 0.03791913017630577
v -0.20122435688972473 -0.07850919663906097 -0.04739902913570404
v -0.20122435688972473 -0.07850919663906097 0.04739902913570404
v -0.2011875957250595 0.2502345144748688 -0.018959421664476395
v -0.2011875957250595 0.2502345144748688 0.018959421664476395
v -0.20118695497512817 0.2649044096469879 -0.04739902913570404
v -0.20118695497512817 0.2649044096469879 0.04739902913570404
v -0.20114149153232574 0.25030091404914856 0.0
v -0.20111046731472015 0.32271161675453186 -0.04739902913570404
v -0.20111046731472015 0.32271161675453186 0.04739902913570404
v -0.20093588531017303 0.3228769898414612 -0.028439244255423546
v -0.20093588531017303 0.3228769898414612 0.028439244255423546
v -0.200827956199646 0.3229791224002838 -0.009479694999754429
v -0.200827956199646 0.3229791224002838 0.009479694999754429
v -0.20059725642204285 0.28902503848075867 -0.04739902913570404
v -0.20059725642204285 0.28902503848075867 0.04739902913570404
v -0.20027785003185272 -0.03033251129090786 0.0
v -0.20023125410079956 -0.030398696660995483 -0.018959421664476395
v -0.20023125410079956 -0.030398696660995483 0.018959421664476395
v -0.20010437071323395 -0.030578700825572014 -0.03791913017630577
v -0.20010437071323395 -0.030578700825572014 0.03791913017630577
v -0.1996677666902542 -0.04565770924091339 -0.04739902913570404
v -0.1996677666902542 -0.04565770924091339 0.04739902913570404
v -0.1992863416671753 -0.10322259366512299 -0.009479694999754429
v -0.1992863416671753 -0.10322259366512299 0.009479694999754429
v -0.199177086353302 -0.10332437604665756 -0.028439244255423546
v -0.199177086353302 -0.10332437604665756 0.028439244255423546
v -0.19900019466876984 -0.10348892956972122 -0.04739902913570404
v -0.19900019466876984 -0.10348892956972122 0.04739902913570404
v -0.19882410764694214 -0.06978976726531982 -0.04739902913570404
v -0.19882410764694214 -0.06978976726531982 0.04739902913570404
v -0.19859899580478668 0.31325358152389526 -0.04739902913570404
v -0.19859899580478668 0.31325358152389526 0.04739902913570404
v -0.1985071450471878 0.254019558429718 -0.04739902913570404
v -0.1985071450471878 0.254019558429718 0.04739902913570404
v -0.19836607575416565 0.2542146146297455 -0.028439244255423546
v -0.19836607575416565 0.2542146146297455 0.028439244255423546
v -0.1982787847518921 0.25433510541915894 -0.009479694999754429
v -0.1982787847518921 0.25433510541915894 0.009479694999754429
v -0.19760426878929138 0.2807268500328064 -0.04739902913570404
v -0.19760426878929138 0.2807268500328064 0.04739902913570404
v -0.1973811835050583 0.32618626952171326 -0.03791913017630577
v -0.1973811835050583 0.32618626952171326 0.03791913017630577
v -0.19735054671764374 -0.034403201192617416 -0.009479694999754429
v -0.19735054671764374 -0.034403201192617416 0.009479694999754429
v -0.1972622275352478 -0.03452332690358162 -0.028439244255423546
v -0.1972622275352478 -0.03452332690358162 0.028439244255423546
v -0.19721904397010803 0.3263345956802368 -0.018959421664476395
v -0.19721904397010803 0.3263345956802368 0.018959421664476395
v -0.19715945422649384 0.3263890743255615 0.0
v -0.19711916148662567 -0.03471760079264641 -0.04739902913570404
v -0.19711916148662567 -0.03471760079264641 0.04739902913570404
v -0.19693775475025177 0.30453214049339294 -0.04739902913570404
v -0.19693775475025177 0.30453214049339294 0.04739902913570404
v -0.1965833604335785 -0.09400566667318344 -0.04739902913570404
v -0.1965833604335785 -0.09400566667318344 0.04739902913570404
v -0.1959250569343567 -0.061448726803064346 -0.04739902913570404
v -0.1959250569343567 -0.061448726803064346 0.04739902913570404
v -0.19564397633075714 -0.10656023025512695 0.0
v -0.19558361172676086 -0.1066146120429039 -0.0189594067633152
v -0.19558361172676086 -0.1066146120429039 0.0189594067633152
v -0.19547578692436218 0.25812453031539917 -0.03791913017630577
v -0.19547578692436218 0.25812453031539917 0.03791913017630577
v -0.19541937112808228 -0.1067623719573021 -0.03791913017630577
v -0.19541937112808228 -0.1067623719573021 0.03791913017630577
v -0.19534319639205933 0.2583000659942627 -0.018959421664476395
v -0.19534319639205933 0.2583000659942627 0.018959421664476395
v -0.19529442489147186 0.2583645284175873 0.0
v -0.19500835239887238 -0.08526662737131119 -0.04739902913570404
v -0.19500835239887238 -0.08526662737131119 0.04739902913570404
v -0.1948508322238922 0.272086501121521 -0.04739902913570404
v -0.1948508322238922 0.272086501121521 0.04739902913570404
v -0.19438166916370392 -0.03835945576429367 0.0
v -0.19433236122131348 -0.038423795253038406 -0.018959421664476395
v -0.19433236122131348 -0.038423795253038406 0.018959421664476395
v -0.19419805705547333 -0.038598742336034775 -0.03791913017630577
v -0.19419805705547333 -0.038598742336034775 0.03791913017630577
v -0.1939452737569809 0.29596009850502014 -0.04739902913570404
v -0.1939452737569809 0.29596009850502014 0.04739902913570404
v -0.19377511739730835 0.32943323254585266 -0.04739902913570404
v -0.19377511739730835 0.32943323254585266 0.04739902913570404
v -0.1935950219631195 0.3295925557613373 -0.028439244255423546
v -0.1935950219631195 0.3295925557613373 0.028439244255423546
v -0.19348366558551788 0.32969096302986145 -0.009479694999754429
v -0.19348366558551788 0.32969096302986145 0.009479694999754429
v -0.1932687759399414 -0.05276479572057724 -0.04739902913570404
v -0.1932687759399414 -0.05276479572057724 0.04739902913570404
v -0.19251105189323425 0.26197296380996704 -0.04739902913570404
v -0.19251105189323425 0.26197296380996704 0.04739902913570404
v -0.19236214458942413 0.26216214895248413 -0.028439244255423546
v -0.19236214458942413 0.26216214895248413 0.028439244255423546
v -0.19227004051208496 0.2622789740562439 -0.009479694999754429
v -0.19227004051208496 0.2622789740562439 0.009479694999754429
v -0.19223672151565552 -0.07685264945030212 -0.04739902913570404
v -0.19223672151565552 -0.07685264945030212 0.04739902913570404
v -0.19189514219760895 -0.10987986624240875 -0.00947967916727066
v -0.19189514219760895 -0.10987986624240875 0.00947967916727066
v -0.1917819380760193 -0.10997834801673889 -0.028439227491617203
v -0.1917819380760193 -0.10997834801673889 0.028439227491617203
v -0.19159865379333496 -0.11013757437467575 -0.04739902913570404
v -0.19159865379333496 -0.11013757437467575 0.04739902913570404
v -0.19129148125648499 -0.04230751097202301 -0.009479694999754429
v -0.19129148125648499 -0.04230751097202301 0.009479694999754429
v -0.19119811058044434 -0.042424239218235016 -0.028439244255423546
v -0.19119811058044434 -0.042424239218235016 0.028439244255423546
v -0.19114935398101807 0.2873600721359253 -0.04739902913570404
v -0.19114935398101807 0.2873600721359253 0.04739902913570404
v -0.19104687869548798 -0.04261299967765808 -0.04739902913570404
v -0.19104687869548798 -0.04261299967765808 0.04739902913570404
v -0.19085098803043365 0.30932924151420593 -0.04739902913570404
v -0.19085098803043365 0.30932924151420593 0.04739902913570404
v -0.18992973864078522 0.3327789306640625 -0.03791913017630577
v -0.18992973864078522 0.3327789306640625 0.03791913017630577
v -0.189889594912529 0.31782954931259155 -0.04739902913570404
v -0.189889594912529 0.31782954931259155 0.04739902913570404
v -0.1897626668214798 0.3329216539859772 -0.018959421664476395
v -0.1897626668214798 0.3329216539859772 0.018959421664476395
v -0.18970432877540588 -0.06815917789936066 -0.04739902913570404
v -0.18970432877540588 -0.06815917789936066 0.04739902913570404
v -0.18970122933387756 0.33297407627105713 0.0
v -0.18931527435779572 0.2659512758255005 -0.03791913017630577
v -0.18931527435779572 0.2659512758255005 0.03791913017630577
v -0.18917565047740936 0.2661212682723999 -0.018959421664476395
v -0.18917565047740936 0.2661212682723999 0.018959421664476395
v -0.18912430107593536 0.2661837041378021 0.0
v -0.18910595774650574 -0.09002669155597687 -0.04739902913570404
v -0.18910595774650574 -0.09002669155597687 0.04739902913570404
v -0.18869388103485107 0.2789786458015442 -0.04739902913570404
v -0.18869388103485107 0.2789786458015442 0.04739902913570404
v -0.18816444277763367 -0.04613947123289108 0.0
v -0.18814188241958618 -0.11309117078781128 0.0
v -0.18811236321926117 -0.04620195925235748 -0.0189594067633152
v -0.18811236321926117 -0.04620195925235748 0.0189594067633152
v -0.18807929754257202 -0.11314377933740616 -0.018959375098347664
v -0.18807929754257202 -0.11314377933740616 0.018959375098347664
v -0.18797068297863007 -0.046371787786483765 -0.03791913017630577
v -0.18797068297863007 -0.046371787786483765 0.03791913017630577
v -0.18790918588638306 -0.11328667402267456 -0.037919096648693085
v -0.18790918588638306 -0.11328667402267456 0.037919096648693085
v -0.1878282129764557 -0.0984959676861763 -0.04739902913570404
v -0.1878282129764557 -0.0984959676861763 0.04739902913570404
v -0.18715833127498627 0.30197352170944214 -0.04739902913570404
v -0.18715833127498627 0.30197352170944214 0.04739902913570404
v -0.18707598745822906 -0.05958753824234009 -0.04739902913570404
v -0.18707598745822906 -0.05958753824234009 0.04739902913570404
v -0.18621498346328735 -0.08290114998817444 -0.04739902913570404
v -0.18621498346328735 -0.08290114998817444 0.04739902913570404
v -0.18621525168418884 0.33590129017829895 -0.04739902913570404
v -0.18621525168418884 0.33590129017829895 0.04739902913570404
v -0.1861964911222458 0.26967599987983704 -0.04739902913570404
v -0.1861964911222458 0.26967599987983704 0.04739902913570404
v -0.1860400289297104 0.2698589563369751 -0.028439244255423546
v -0.1860400289297104 0.2698589563369751 0.028439244255423546
v -0.186029851436615 0.33605441451072693 -0.028439244255423546
v -0.186029851436615 0.33605441451072693 0.028439244255423546
v -0.18594324588775635 0.26997193694114685 -0.009479694999754429
v -0.18594324588775635 0.26997193694114685 0.009479694999754429
v -0.18591518700122833 0.3361489474773407 -0.009479694999754429
v -0.18591518700122833 0.3361489474773407 0.009479694999754429
v -0.1849166452884674 -0.049958206713199615 -0.00947967916727066
v -0.1849166452884674 -0.049958206713199615 0.00947967916727066
v -0.1848181188106537 -0.0500716008245945 -0.028439227491617203
v -0.1848181188106537 -0.0500716008245945 0.028439227491617203
v -0.18465855717658997 -0.050254955887794495 -0.04739902913570404
v -0.18465855717658997 -0.050254955887794495 0.04739902913570404
v -0.18457193672657013 0.326106995344162 -0.04739902913570404
v -0.18457193672657013 0.326106995344162 0.04739902913570404
v -0.18432578444480896 0.2937643527984619 -0.04739902913570404
v -0.18432578444480896 0.2937643527984619 0.04739902913570404
v -0.18428300321102142 -0.11628071218729019 -0.009479647502303123
v -0.18428300321102142 -0.11628071218729019 0.009479663334786892
v -0.18416543304920197 -0.11637616157531738 -0.02843916416168213
v -0.18416543304920197 -0.11637616157531738 0.028439180925488472
v -0.18397511541843414 -0.11653045564889908 -0.04739902913570404
v -0.18397511541843414 -0.11653045564889908 0.04739902913570404
v -0.18353727459907532 -0.07474862784147263 -0.04739902913570404
v -0.18353727459907532 -0.07474862784147263 0.04739902913570404
v -0.18284159898757935 0.2735210657119751 -0.03791913017630577
v -0.18284159898757935 0.2735210657119751 0.03791913017630577
v -0.1826951652765274 0.2736852467060089 -0.018959421664476395
v -0.1826951652765274 0.2736852467060089 0.018959421664476395
v -0.18264132738113403 0.2737455368041992 0.0
v -0.1824297308921814 -0.10671958327293396 -0.04739902913570404
v -0.1824297308921814 -0.10671958327293396 0.04739902913570404
v -0.1822582483291626 0.3391141891479492 -0.03791913017630577
v -0.1822582483291626 0.3391141891479492 0.03791913017630577
v -0.18208640813827515 0.3392511308193207 -0.018959421664476395
v -0.18208640813827515 0.3392511308193207 0.018959421664476395
v -0.18202322721481323 0.3393014371395111 0.0
v -0.18172967433929443 0.2857055366039276 -0.04739902913570404
v -0.18172967433929443 0.2857055366039276 0.04739902913570404
v -0.18167030811309814 0.30905744433403015 -0.04739902913570404
v -0.18167030811309814 0.30905744433403015 0.04739902913570404
v -0.18163688480854034 -0.05365932732820511 0.0
v -0.1815819889307022 -0.05372001230716705 -0.018959375098347664
v -0.1815819889307022 -0.05372001230716705 0.018959375098347664
v -0.18143266439437866 -0.05388486757874489 -0.037919096648693085
v -0.18143266439437866 -0.05388486757874489 0.037919096648693085
v -0.18133655190467834 0.31827908754348755 -0.04739902913570404
v -0.18133655190467834 0.31827908754348755 0.04739902913570404
v -0.180626779794693 -0.06652778387069702 -0.04739902913570404
v -0.180626779794693 -0.06652778387069702 0.04739902913570404
v -0.18042367696762085 -0.11936166882514954 0.0
v -0.1803586184978485 -0.11941269785165787 -0.018959295004606247
v -0.1803586184978485 -0.11941269785165787 0.01895931176841259
v -0.18018189072608948 -0.1195511668920517 -0.037919048219919205
v -0.18018189072608948 -0.1195511668920517 0.0379190668463707
v -0.17989490926265717 -0.08946409821510315 -0.04739902913570404
v -0.17989490926265717 -0.08946409821510315 0.04739902913570404
v -0.1795739233493805 0.2771158814430237 -0.04739902913570404
v -0.1795739233493805 0.2771158814430237 0.04739902913570404
v -0.1794101595878601 0.27729231119155884 -0.028439244255423546
v -0.1794101595878601 0.27729231119155884 0.028439244255423546
v -0.17930884659290314 0.27740126848220825 -0.009479694999754429
v -0.17930884659290314 0.27740126848220825 0.009479694999754429
v -0.1792760193347931 -0.09862702339887619 -0.04739902913570404
v -0.1792760193347931 -0.09862702339887619 0.04739902913570404
v -0.17892132699489594 -0.08036927878856659 -0.04739902913570404
v -0.17892132699489594 -0.08036927878856659 0.04739902913570404
v -0.17843963205814362 0.3421083390712738 -0.04739902913570404
v -0.17843963205814362 0.3421083390712738 0.04739902913570404
v -0.17824912071228027 0.3422550559043884 -0.028439244255423546
v -0.17824912071228027 0.3422550559043884 0.028439244255423546
v -0.1782371997833252 -0.05734216794371605 -0.009479663334786892
v -0.1782371997833252 -0.05734216794371605 0.009479647502303123
v -0.17813318967819214 -0.0574524812400341 -0.028439180925488472
v -0.17813318967819214 -0.0574524812400341 0.02843916416168213
v -0.1781313121318817 0.342345654964447 -0.009479694999754429
v -0.1781313121318817 0.342345654964447 0.009479694999754429
v -0.17796476185321808 -0.057630810886621475 -0.04739902913570404
v -0.17796476185321808 -0.057630810886621475 0.04739902913570404
v -0.17735812067985535 0.3323976993560791 -0.04739902913570404
v -0.17735812067985535 0.3323976993560791 0.04739902913570404
v -0.17645977437496185 -0.12241718173027039 -0.009479585103690624
v -0.17645977437496185 -0.12241718173027039 0.009479600936174393
v -0.17633706331253052 -0.12251006811857224 -0.028439054265618324
v -0.17633706331253052 -0.12251006811857224 0.028439069166779518
v -0.17613841593265533 -0.12266019731760025 -0.04739902913570404
v -0.17613841593265533 -0.12266019731760025 0.04739902913570404
v -0.17606544494628906 0.2808213233947754 -0.03791913017630577
v -0.17606544494628906 0.2808213233947754 0.03791913017630577
v -0.17602850496768951 0.3236919641494751 -0.04739902913570404
v -0.17602850496768951 0.3236919641494751 0.04739902913570404
v -0.17591245472431183 0.2809794247150421 -0.018959421664476395
v -0.17591245472431183 0.2809794247150421 0.018959421664476395
v -0.17585621774196625 0.28103747963905334 0.0
v -0.17577368021011353 0.29076287150382996 -0.04739902913570404
v -0.17577368021011353 0.29076287150382996 0.04739902913570404
v -0.1751546561717987 -0.11293993145227432 -0.04739902913570404
v -0.1751546561717987 -0.11293993145227432 0.04739902913570404
v -0.17481060326099396 -0.06090598925948143 0.0
v -0.1747526228427887 -0.06096506491303444 -0.01895931176841259
v -0.1747526228427887 -0.06096506491303444 0.018959295004606247
v -0.17470958828926086 0.2989068627357483 -0.04739902913570404
v -0.17470958828926086 0.2989068627357483 0.04739902913570404
v -0.17459508776664734 -0.061125386506319046 -0.0379190668463707
v -0.17459508776664734 -0.061125386506319046 0.037919048219919205
v -0.17452238500118256 0.31470954418182373 -0.04739902913570404
v -0.17452238500118256 0.31470954418182373 0.04739902913570404
v -0.1744929850101471 -0.07318639755249023 -0.04739902913570404
v -0.1744929850101471 -0.07318639755249023 0.04739902913570404
v -0.17437557876110077 0.34518468379974365 -0.03791913017630577
v -0.17437557876110077 0.34518468379974365 0.03791913017630577
v -0.174199178814888 0.34531572461128235 -0.018959421664476395
v -0.174199178814888 0.34531572461128235 0.018959421664476395
v -0.17413432896137238 0.3453638255596161 0.0
v -0.17391222715377808 -0.1042204424738884 -0.04739902913570404
v -0.17391222715377808 -0.1042204424738884 0.04739902913570404
v -0.1727207452058792 0.30720198154449463 -0.04739902913570404
v -0.1727207452058792 0.30720198154449463 0.04739902913570404
v -0.17265430092811584 0.28428027033805847 -0.04739902913570404
v -0.17265430092811584 0.28428027033805847 0.04739902913570404
v -0.17249968647956848 -0.1253637671470642 1.5799999530941022e-08
v -0.17248348891735077 0.2844499349594116 -0.028439244255423546
v -0.17248348891735077 0.2844499349594116 0.028439244255423546
v -0.1724315881729126 -0.12541353702545166 -0.01895913854241371
v -0.1724315881729126 -0.12541353702545166 0.018959153443574905
v -0.1723778396844864 0.28455469012260437 -0.009479694999754429
v -0.1723778396844864 0.28455469012260437 0.009479694999754429
v -0.17231504619121552 -0.09423503279685974 -0.04739902913570404
v -0.17231504619121552 -0.09423503279685974 0.04739902913570404
v -0.17224687337875366 -0.1255483776330948 -0.03791894018650055
v -0.17224687337875366 -0.1255483776330948 0.03791895508766174
v -0.1712651252746582 -0.06444653868675232 -0.009479600936174393
v -0.1712651252746582 -0.06444653868675232 0.009479585103690624
v -0.1711549609899521 -0.06455425918102264 -0.028439069166779518
v -0.1711549609899521 -0.06455425918102264 0.028439054265618324
v -0.17097657918930054 -0.06472839415073395 -0.04739902913570404
v -0.17097657918930054 -0.06472839415073395 0.04739902913570404
v -0.1704665571451187 -0.08154613524675369 -0.04739902913570404
v -0.1704665571451187 -0.08154613524675369 0.04739902913570404
v -0.17045728862285614 0.348047137260437 -0.04739902913570404
v -0.17045728862285614 0.348047137260437 0.04739902913570404
v -0.17026188969612122 0.34818726778030396 -0.028439244255423546
v -0.17026188969612122 0.34818726778030396 0.028439244255423546
v -0.1701410710811615 0.3482738137245178 -0.009479694999754429
v -0.1701410710811615 0.3482738137245178 0.009479694999754429
v -0.16947126388549805 0.3383873701095581 -0.04739902913570404
v -0.16947126388549805 0.3383873701095581 0.04739902913570404
v -0.16899804770946503 0.28784000873565674 -0.03791913017630577
v -0.16899804770946503 0.28784000873565674 0.03791913017630577
v -0.1688387542963028 0.2879917621612549 -0.018959421664476395
v -0.1688387542963028 0.2879917621612549 0.018959421664476395
v -0.16878019273281097 0.2880474925041199 0.0
v -0.1687019020318985 0.3292233347892761 -0.04739902913570404
v -0.1687019020318985 0.3292233347892761 0.04739902913570404
v -0.16843611001968384 -0.1282813549041748 -0.009479410946369171
v -0.16843611001968384 -0.1282813549041748 0.009479458443820477
v -0.1683068573474884 -0.1283724457025528 -0.02843880094587803
v -0.1683068573474884 -0.1283724457025528 0.028438832610845566
v -0.16809764504432678 -0.128519669175148 -0.04739902913570404
v -0.16809764504432678 -0.128519669175148 0.04739902913570404
v -0.16793058812618256 0.32011690735816956 -0.04739902913570404
v -0.16793058812618256 0.32011690735816956 0.04739902913570404
v -0.16769817471504211 -0.06786663085222244 -1.5799999530941022e-08
v -0.16763661801815033 -0.06792446225881577 -0.018959153443574905
v -0.16763661801815033 -0.06792446225881577 0.01895913854241371
v -0.16746965050697327 -0.0680810958147049 -0.03791895508766174
v -0.16746965050697327 -0.0680810958147049 0.03791894018650055
v -0.16720838844776154 -0.11885174363851547 -0.04739902913570404
v -0.16720838844776154 -0.11885174363851547 0.04739902913570404
v -0.16668298840522766 0.31125307083129883 -0.04739902913570404
v -0.16668298840522766 0.31125307083129883 0.04739902913570404
v -0.1665031462907791 -0.10965333133935928 -0.04739902913570404
v -0.1665031462907791 -0.10965333133935928 0.04739902913570404
v -0.16629087924957275 0.3509833812713623 -0.03791913017630577
v -0.16629087924957275 0.3509833812713623 0.03791913017630577
v -0.1661101132631302 0.3511083424091339 -0.018959421664476395
v -0.1661101132631302 0.3511083424091339 0.018959421664476395
v -0.16604366898536682 0.3511542081832886 0.0
v -0.16601848602294922 0.3020830750465393 -0.04739902913570404
v -0.16601848602294922 0.3020830750465393 0.04739902913570404
v -0.16567718982696533 -0.10040947794914246 -0.04739902913570404
v -0.16567718982696533 -0.10040947794914246 0.04739902913570404
v -0.16544906795024872 0.29115739464759827 -0.04739902913570404
v -0.16544906795024872 0.29115739464759827 0.04739902913570404
v -0.16527150571346283 0.29131996631622314 -0.028439244255423546
v -0.16527150571346283 0.29131996631622314 0.028439244255423546
v -0.16516168415546417 0.2914203405380249 -0.009479694999754429
v -0.16516168415546417 0.2914203405380249 0.009479694999754429
v -0.1644328236579895 -0.0906059667468071 -0.04739902913570404
v -0.1644328236579895 -0.0906059667468071 0.04739902913570404
v -0.16438117623329163 -0.13108955323696136 3.1599999061882045e-08
v -0.1643090844154358 -0.13113859295845032 -0.01895875856280327
v -0.1643090844154358 -0.13113859295845032 0.018958805128932
v -0.16411396861076355 -0.13127107918262482 -0.03791870176792145
v -0.16411396861076355 -0.13127107918262482 0.037918735295534134
v -0.1640135496854782 -0.07125861942768097 -0.009479458443820477
v -0.1640135496854782 -0.07125861942768097 0.009479410946369171
v -0.16389594972133636 -0.0713646188378334 -0.028438832610845566
v -0.16389594972133636 -0.0713646188378334 0.02843880094587803
v -0.16370557248592377 -0.07153591513633728 -0.04739902913570404
v -0.16370557248592377 -0.07153591513633728 0.04739902913570404
v -0.16229163110256195 -0.08178886771202087 -0.04739902913570404
v -0.16229163110256195 -0.08178886771202087 0.04739902913570404
v -0.1622774302959442 0.3537108302116394 -0.04739902913570404
v -0.1622774302959442 0.3537108302116394 0.04739902913570404
v -0.1620773822069168 0.35384422540664673 -0.028439244255423546
v -0.1620773822069168 0.35384422540664673 0.028439244255423546
v -0.16195370256900787 0.3539266288280487 -0.009479694999754429
v -0.16195370256900787 0.3539266288280487 0.009479694999754429
v -0.16165108978748322 0.29456549882888794 -0.03791913017630577
v -0.16165108978748322 0.29456549882888794 0.03791913017630577
v -0.16148576140403748 0.294710636138916 -0.018959421664476395
v -0.16148576140403748 0.294710636138916 0.018959421664476395
v -0.16146701574325562 0.3442195653915405 -0.04739902913570404
v -0.16146701574325562 0.3442195653915405 0.04739902913570404
v -0.16142497956752777 0.2947639226913452 0.0
v -0.16116148233413696 0.33476004004478455 -0.04739902913570404
v -0.16116148233413696 0.33476004004478455 0.04739902913570404
v -0.16031339764595032 -0.07452861219644547 -3.1599999061882045e-08
v -0.16026143729686737 0.32598599791526794 -0.04739902913570404
v -0.16026143729686737 0.32598599791526794 0.04739902913570404
v -0.16024740040302277 -0.07458574324846268 -0.018958805128932
v -0.16024740040302277 -0.07458574324846268 0.01895875856280327
v -0.1602238267660141 -0.1338653862476349 -0.009479047730565071
v -0.1602238267660141 -0.1338653862476349 0.009479142725467682
v -0.16008564829826355 -0.13395589590072632 -0.028438232839107513
v -0.16008564829826355 -0.13395589590072632 0.028438296169042587
v -0.16006876528263092 -0.07474015653133392 -0.037918735295534134
v -0.16006876528263092 -0.07474015653133392 0.03791870176792145
v -0.15986210107803345 -0.13410206139087677 -0.04739902913570404
v -0.15986210107803345 -0.13410206139087677 0.04739902913570404
v -0.15953543782234192 0.31674379110336304 -0.04739902913570404
v -0.15953543782234192 0.31674379110336304 0.04739902913570404
v -0.15914574265480042 -0.12460434436798096 -0.04739902913570404
v -0.15914574265480042 -0.12460434436798096 0.04739902913570404
v -0.15893620252609253 -0.11514228582382202 -0.04739902913570404
v -0.15893620252609253 -0.11514228582382202 0.04739902913570404
v -0.1588074266910553 0.307538241147995 -0.04739902913570404
v -0.1588074266910553 0.307538241147995 0.04739902913570404
v -0.1581302434206009 -0.10635611414909363 -0.04739902913570404
v -0.1581302434206009 -0.10635611414909363 0.04739902913570404
v -0.1580135077238083 0.35650357604026794 -0.03791913017630577
v -0.1580135077238083 0.35650357604026794 0.03791913017630577
v -0.1579701453447342 0.2977358400821686 -0.04739902913570404
v -0.1579701453447342 0.2977358400821686 0.04739902913570404
v -0.15782861411571503 0.3566223084926605 -0.018959421664476395
v -0.15782861411571503 0.3566223084926605 0.018959421664476395
v -0.15778610110282898 0.2978910505771637 -0.028439244255423546
v -0.15778610110282898 0.2978910505771637 0.028439244255423546
v -0.1577606350183487 0.3566659092903137 0.0
v -0.15767230093479156 0.29798686504364014 -0.009479694999754429
v -0.15767230093479156 0.29798686504364014 0.009479694999754429
v -0.15740427374839783 -0.09677792340517044 -0.04739902913570404
v -0.15740427374839783 -0.09677792340517044 0.04739902913570404
v -0.15668950974941254 -0.0872141569852829 -0.04739902913570404
v -0.15668950974941254 -0.0872141569852829 0.04739902913570404
v -0.15649685263633728 -0.07776588946580887 -0.009479142725467682
v -0.15649685263633728 -0.07776588946580887 0.009479047730565071
v -0.1563696414232254 -0.07787150889635086 -0.028438296169042587
v -0.1563696414232254 -0.07787150889635086 0.028438232839107513
v -0.15616375207901 -0.07804214954376221 -0.04739902913570404
v -0.15616375207901 -0.07804214954376221 0.04739902913570404
v -0.15608073770999908 -0.13653112947940826 6.319999812376409e-08
v -0.15600307285785675 -0.13658015429973602 -0.018957920372486115
v -0.15600307285785675 -0.13658015429973602 0.01895803213119507
v -0.15579356253147125 -0.13671225309371948 -0.03791819512844086
v -0.15579356253147125 -0.13671225309371948 0.03791824355721474
v -0.1540367156267166 0.3009866774082184 -0.03791913017630577
v -0.1540367156267166 0.3009866774082184 0.03791913017630577
v -0.1539095640182495 0.3590928614139557 -0.04739902913570404
v -0.1539095640182495 0.3590928614139557 0.04739902913570404
v -0.15386562049388885 0.3011249899864197 -0.018959421664476395
v -0.15386562049388885 0.3011249899864197 0.018959421664476395
v -0.15380272269248962 0.3011757731437683 0.0
v -0.15370510518550873 0.35921937227249146 -0.028439244255423546
v -0.15370510518550873 0.35921937227249146 0.028439244255423546
v -0.15357866883277893 0.3592974841594696 -0.009479694999754429
v -0.15357866883277893 0.3592974841594696 0.009479694999754429
v -0.1535106599330902 0.340444952249527 -0.04739902913570404
v -0.1535106599330902 0.340444952249527 0.04739902913570404
v -0.15336930751800537 0.3493226170539856 -0.04739902913570404
v -0.15336930751800537 0.3493226170539856 0.04739902913570404
v -0.15283647179603577 0.33133217692375183 -0.04739902913570404
v -0.15283647179603577 0.33133217692375183 0.04739902913570404
v -0.15267156064510345 -0.08087937533855438 -6.319999812376409e-08
v -0.15259966254234314 -0.08093667775392532 -0.01895803213119507
v -0.15259966254234314 -0.08093667775392532 0.018957920372486115
v -0.15240563452243805 -0.08109110593795776 -0.03791824355721474
v -0.15240563452243805 -0.08109110593795776 0.03791819512844086
v -0.1522531807422638 0.32228654623031616 -0.04739902913570404
v -0.1522531807422638 0.32228654623031616 0.04739902913570404
v -0.15183602273464203 -0.13916146755218506 -0.009478257037699223
v -0.15183602273464203 -0.13916146755218506 0.009478431195020676
v -0.1516851931810379 -0.13925310969352722 -0.028437048196792603
v -0.1516851931810379 -0.13925310969352722 0.028437158092856407
v -0.15144136548042297 -0.13940097391605377 -0.04739902913570404
v -0.15144136548042297 -0.13940097391605377 0.04739902913570404
v -0.15127694606781006 0.3132820129394531 -0.04739902913570404
v -0.15127694606781006 0.3132820129394531 0.04739902913570404
v -0.15122589468955994 -0.1207522451877594 -0.04739902913570404
v -0.15122589468955994 -0.1207522451877594 0.04739902913570404
v -0.1509973108768463 -0.12962687015533447 -0.04739902913570404
v -0.1509973108768463 -0.12962687015533447 0.04739902913570404
v -0.15064285695552826 -0.1116320863366127 -0.04739902913570404
v -0.15064285695552826 -0.1116320863366127 0.04739902913570404
v -0.15022990107536316 0.3040046989917755 -0.04739902913570404
v -0.15022990107536316 0.3040046989917755 0.04739902913570404
v -0.15017636120319366 -0.1025756448507309 -0.04739902913570404
v -0.15017636120319366 -0.1025756448507309 0.04739902913570404
v -0.15003971755504608 0.3041522800922394 -0.028439244255423546
v -0.15003971755504608 0.3041522800922394 0.028439244255423546
v -0.14992208778858185 0.30424341559410095 -0.009479694999754429
v -0.14992208778858185 0.30424341559410095 0.009479694999754429
v -0.1495530754327774 0.3617388904094696 -0.03791913017630577
v -0.1495530754327774 0.3617388904094696 0.03791913017630577
v -0.14936423301696777 0.3618512451648712 -0.018959421664476395
v -0.14936423301696777 0.3618512451648712 0.018959421664476395
v -0.14931949973106384 -0.09350618720054626 -0.04739902913570404
v -0.14931949973106384 -0.09350618720054626 0.04739902913570404
v -0.14929480850696564 0.3618924915790558 0.0
v -0.1487310379743576 -0.08395596593618393 -0.009478431195020676
v -0.1487310379743576 -0.08395596593618393 0.009478257037699223
v -0.14859060943126678 -0.08406323194503784 -0.028437158092856407
v -0.14859060943126678 -0.08406323194503784 0.028437048196792603
v -0.14836359024047852 -0.08423631638288498 -0.04739902913570404
v -0.14836359024047852 -0.08423631638288498 0.04739902913570404
v -0.14761266112327576 -0.1416805237531662 1.2639999624752818e-07
v -0.14752691984176636 -0.1417306661605835 -0.018956150859594345
v -0.14752690494060516 -0.1417306661605835 0.01895635761320591
v -0.14729666709899902 -0.14186514914035797 -0.037917137145996094
v -0.14729666709899902 -0.14186514914035797 0.03791721537709236
v -0.14681044220924377 0.34396761655807495 -0.04739902913570404
v -0.14681044220924377 0.34396761655807495 0.04739902913570404
v -0.14616753160953522 0.30709290504455566 -0.03791913017630577
v -0.14616753160953522 0.30709290504455566 0.03791913017630577
v -0.14599095284938812 0.3072241544723511 -0.018959421664476395
v -0.14599095284938812 0.3072241544723511 0.018959421664476395
v -0.14592604339122772 0.3072723150253296 0.0
v -0.14538812637329102 0.3363927900791168 -0.04739902913570404
v -0.14538812637329102 0.3363927900791168 0.04739902913570404
v -0.14536337554454803 0.36418697237968445 -0.04739902913570404
v -0.14536337554454803 0.36418697237968445 0.04739902913570404
v -0.14515472948551178 0.3643064796924591 -0.028439244255423546
v -0.14515472948551178 0.3643064796924591 0.028439244255423546
v -0.14502570033073425 0.36438024044036865 -0.009479694999754429
v -0.14502570033073425 0.36438024044036865 0.009479694999754429
v -0.1447899341583252 -0.08690646290779114 -1.2639999624752818e-07
v -0.1447097212076187 -0.08696524798870087 -0.01895635761320591
v -0.1447097212076187 -0.08696524798870087 0.018956150859594345
v -0.1445910930633545 0.3274606168270111 -0.04739902913570404
v -0.1445910930633545 0.3274606168270111 0.04739902913570404
v -0.14449428021907806 -0.08712286502122879 -0.03791721537709236
v -0.14449428021907806 -0.08712286502122879 0.037917137145996094
v -0.14448533952236176 -0.12421126663684845 -0.04739902913570404
v -0.14448533952236176 -0.12421126663684845 0.04739902913570404
v -0.14391198754310608 0.35203617811203003 -0.04739902913570404
v -0.14391198754310608 0.35203617811203003 0.04739902913570404
v -0.14388704299926758 0.31878766417503357 -0.04739902913570404
v -0.14388704299926758 0.31878766417503357 0.04739902913570404
v -0.14328782260417938 -0.14416176080703735 -0.009476598352193832
v -0.14328782260417938 -0.14416176080703735 0.009476929903030396
v -0.14311836659908295 -0.14425697922706604 -0.02843453548848629
v -0.14311836659908295 -0.14425697922706604 0.028434740379452705
v -0.1431121975183487 -0.1166406124830246 -0.04739902913570404
v -0.1431121975183487 -0.1166406124830246 0.04739902913570404
v -0.14284513890743256 -0.14441022276878357 -0.04739902913570404
v -0.14284513890743256 -0.14441022276878357 0.04739902913570404
v -0.14245527982711792 -0.10773149132728577 -0.04739902913570404
v -0.14245527982711792 -0.10773149132728577 0.04739902913570404
v -0.14224113523960114 0.3099536597728729 -0.04739902913570404
v -0.14224113523960114 0.3099536597728729 0.04739902913570404
v -0.14204511046409607 0.31009337306022644 -0.028439244255423546
v -0.14204511046409607 0.31009337306022644 0.028439244255423546
v -0.14192387461662292 0.31017962098121643 -0.009479694999754429
v -0.14192387461662292 0.31017962098121643 0.009479694999754429
v -0.1418619602918625 -0.09898080676794052 -0.04739902913570404
v -0.1418619602918625 -0.09898080676794052 0.04739902913570404
v -0.14151403307914734 -0.13224546611309052 -0.04739902913570404
v -0.14151403307914734 -0.13224546611309052 0.04739902913570404
v -0.14091935753822327 0.3666831851005554 -0.03791913017630577
v -0.14091935753822327 0.3666831851005554 0.03791913017630577
v -0.1407342255115509 -0.08981654047966003 -0.009476929903030396
v -0.1407342255115509 -0.08981654047966003 0.009476598352193832
v -0.14072680473327637 0.3667890727519989 -0.018959421664476395
v -0.14072680473327637 0.3667890727519989 0.018959421664476395
v -0.1406560242176056 0.36682793498039246 0.0
v -0.14057491719722748 -0.08992832154035568 -0.028434740379452705
v -0.14057491719722748 -0.08992832154035568 0.02843453548848629
v -0.14031800627708435 -0.09010817110538483 -0.04739902913570404
v -0.14031800627708435 -0.09010817110538483 0.04739902913570404
v -0.13899362087249756 -0.14652974903583527 2.21199996985888e-07
v -0.13889576494693756 -0.14658263325691223 -0.018952423706650734
v -0.13889576494693756 -0.14658263325691223 0.01895277015864849
v -0.13883668184280396 0.3324013352394104 -0.04739902913570404
v -0.13883668184280396 0.3324013352394104 0.04739902913570404
v -0.1386350691318512 -0.14672324061393738 -0.03791498765349388
v -0.1386350691318512 -0.14672324061393738 0.03791513293981552
v -0.13805656135082245 0.31287410855293274 -0.03791913017630577
v -0.13805656135082245 0.31287410855293274 0.03791913017630577
v -0.1378747969865799 0.31299805641174316 -0.018959421664476395
v -0.1378747969865799 0.31299805641174316 0.018959421664476395
v -0.13787207007408142 0.3416416049003601 -0.04739902913570404
v -0.13787207007408142 0.3416416049003601 0.04739902913570404
v -0.1378079652786255 0.3130435347557068 0.0
v -0.13702911138534546 0.3590613901615143 -0.04739902913570404
v -0.13702911138534546 0.3590613901615143 0.04739902913570404
v -0.13668835163116455 -0.09259742498397827 -2.21199996985888e-07
v -0.1366487741470337 0.3689872920513153 -0.04739902913570404
v -0.1366487741470337 0.3689872920513153 0.04739902913570404
v -0.1366369128227234 -0.11257393658161163 -0.04739902913570404
v -0.1366369128227234 -0.11257393658161163 0.04739902913570404
v -0.1365959346294403 -0.09265956282615662 -0.01895277015864849
v -0.1365959346294403 -0.09265956282615662 0.018952423706650734
v -0.13643616437911987 0.36909961700439453 -0.028439244255423546
v -0.13643616437911987 0.36909961700439453 0.028439244255423546
v -0.13634970784187317 -0.09282481670379639 -0.03791513293981552
v -0.13634970784187317 -0.09282481670379639 0.03791498765349388
v -0.13630472123622894 0.3691689372062683 -0.009479694999754429
v -0.13630472123622894 0.3691689372062683 0.009479694999754429
v -0.13618122041225433 0.32447120547294617 -0.04739902913570404
v -0.13618122041225433 0.32447120547294617 0.04739902913570404
v -0.1355772167444229 -0.12179114669561386 -0.04739902913570404
v -0.1355772167444229 -0.12179114669561386 0.04739902913570404
v -0.13549841940402985 0.35051143169403076 -0.04739902913570404
v -0.13549841940402985 0.35051143169403076 0.04739902913570404
v -0.1345968246459961 -0.14885832369327545 -0.009473043493926525
v -0.1345968246459961 -0.14885832369327545 0.009473596699535847
v -0.13456301391124725 -0.13920168578624725 -0.04739902913570404
v -0.13456301391124725 -0.13920168578624725 0.04739902913570404
v -0.13439953327178955 -0.14896057546138763 -0.028429385274648666
v -0.13439953327178955 -0.14896057546138763 0.028429731726646423
v -0.13429653644561768 -0.2680412530899048 -0.020434733480215073
v -0.13429653644561768 -0.2680414617061615 0.02043481171131134
v -0.13429471850395203 -0.26947811245918274 0.004283387213945389
v -0.13429473340511322 -0.26947692036628723 -0.004283260554075241
v -0.134293332695961 -0.26966792345046997 -0.04271232336759567
v -0.134293332695961 -0.26966795325279236 0.042712338268756866
v -0.13428913056850433 -0.2701035439968109 0.012570096179842949
v -0.13428914546966553 -0.2701030969619751 -0.01256998535245657
v -0.1342855542898178 -0.2667873799800873 -0.04739902913570404
v -0.1342855542898178 -0.2667873799800873 0.04739902913570404
v -0.13426074385643005 -0.27173951268196106 -0.037459846585989
v -0.13426074385643005 -0.27173957228660583 0.037459880113601685
v -0.13425688445568085 -0.2652808427810669 -0.028810709714889526
v -0.13425688445568085 -0.26528093218803406 0.028810741379857063
v -0.13419894874095917 -0.2634419798851013 -0.03859137371182442
v -0.13419894874095917 -0.2634420096874237 0.03859138861298561
v -0.1341923028230667 -0.2632717192173004 0.00804628524929285
v -0.13419228792190552 -0.2632713317871094 -0.008046237751841545
v -0.1341826170682907 -0.2630327343940735 -0.013898074626922607
v -0.1341826170682907 -0.2630329430103302 0.013898122124373913
v -0.13415780663490295 -0.2747177481651306 -0.0289792288094759
v -0.13415780663490295 -0.27471789717674255 0.028979308903217316
v -0.1340879499912262 -0.10459840297698975 -0.04739902913570404
v -0.1340879499912262 -0.10459840297698975 0.04739902913570404
v -0.13408343493938446 -0.14912401139736176 -0.04739902913570404
v -0.13408343493938446 -0.14912401139736176 0.04739902913570404
v -0.13405263423919678 -0.2766990065574646 -0.04739902913570404
v -0.13405263423919678 -0.2766990065574646 0.04739902913570404
v -0.13401709496974945 0.3155728280544281 -0.04739902913570404
v -0.13401709496974945 0.3155728280544281 0.04739902913570404
v -0.1339501291513443 -0.27824559807777405 0.019390800967812538
v -0.1339501440525055 -0.27824532985687256 -0.019390642642974854
v -0.1339278519153595 -0.27854982018470764 -0.009366854093968868
v -0.1339278221130371 -0.2785502076148987 0.009367043152451515
v -0.13392546772956848 -0.27858179807662964 1.10599998492944e-07
v -0.13381552696228027 0.31570446491241455 -0.028439244255423546
v -0.13381552696228027 0.31570446491241455 0.028439244255423546
v -0.1337866187095642 -0.2568855583667755 -0.04739902913570404
v -0.1337866187095642 -0.2568855583667755 -0.03791922330856323
v -0.1337866187095642 -0.2568855583667755 -0.028439417481422424
v -0.1337866187095642 -0.2568855583667755 -0.018959611654281616
v -0.1337866187095642 -0.2568855583667755 -0.009479805827140808
v -0.1337866187095642 -0.2568855583667755 0.0
v -0.1337866187095642 -0.2568855583667755 0.009479805827140808
v -0.1337866187095642 -0.2568855583667755 0.018959611654281616
v -0.1337866187095642 -0.2568855583667755 0.028439417481422424
v -0.1337866187095642 -0.2568855583667755 0.03791922330856323
v -0.1337866187095642 -0.2568855583667755 0.04739902913570404
v -0.13375814259052277 -0.28061607480049133 -0.03826627880334854
v -0.13375814259052277 -0.2806161344051361 0.03826632723212242
v -0.13369090855121613 0.3157857358455658 -0.009479694999754429
v -0.13369090855121613 0.3157857358455658 0.009479694999754429
v -0.13351620733737946 -0.2830570340156555 -0.004799672868102789
v -0.13351619243621826 -0.28305715322494507 0.004799894522875547
v -0.13350196182727814 -0.2831878960132599 -0.014691929332911968
v -0.13350193202495575 -0.283188134431839 0.01469211932271719
v -0.13337013125419617 -0.28434693813323975 -0.029512863606214523
v -0.13337010145187378 -0.2843470573425293 0.029512973502278328
v -0.1331174522638321 -0.13063660264015198 -0.04739902913570404
v -0.1331174522638321 -0.13063660264015198 0.04739902913570404
v -0.13308914005756378 -0.28656646609306335 -0.04739902913570404
v -0.13308914005756378 -0.28656646609306335 0.04739902913570404
v -0.13300280272960663 -0.28719452023506165 -0.009832075797021389
v -0.13300278782844543 -0.2871946692466736 0.009832312352955341
v -0.1329066902399063 -0.2878692150115967 1.4219999400211236e-07
v -0.13277991116046906 -0.28872379660606384 -0.02017814666032791
v -0.13277988135814667 -0.28872397541999817 0.020178351551294327
v -0.13265298306941986 -0.2895438075065613 -0.03884759545326233
v -0.13265296816825867 -0.28954389691352844 0.0388476587831974
v -0.13252733647823334 -0.09533541649580002 -0.009473596699535847
v -0.13252733647823334 -0.09533541649580002 0.009473043493926525
v -0.13240531086921692 -0.2507303059101105 -0.013241108506917953
v -0.13237249851226807 -0.2506421208381653 -0.03310739994049072
v -0.132340207695961 -0.09545571357011795 -0.028429731726646423
v -0.132340207695961 -0.09545571357011795 0.028429385274648666
v -0.1322064846754074 -0.2502114474773407 0.03255956247448921
v -0.13212384283542633 -0.2500059902667999 0.014986972324550152
v -0.13212236762046814 0.37133079767227173 -0.03791913017630577
v -0.13212236762046814 0.37133079767227173 0.03791913017630577
v -0.13204030692577362 -0.09564801305532455 -0.04739902913570404
v -0.13204030692577362 -0.09564801305532455 0.04739902913570404
v -0.13195934891700745 -0.2935420870780945 -0.006147859618067741
v -0.13195933401584625 -0.29354217648506165 0.006148127838969231
v -0.13192631304264069 0.37143006920814514 -0.018959421664476395
v -0.13192631304264069 0.37143006920814514 0.018959421664476395
v -0.13185425102710724 0.3714665174484253 0.0
v -0.1318470686674118 -0.29412880539894104 -0.031414780765771866
v -0.1318470537662506 -0.2941288948059082 0.031414907425642014
v -0.13177548348903656 -0.24919483065605164 -0.025904580950737
v -0.13164544105529785 -0.2951485216617584 0.03909358009696007
v -0.13164544105529785 -0.29514846205711365 -0.039093516767024994
v -0.1316022425889969 -0.29536178708076477 -0.013639908283948898
v -0.1316022127866745 -0.2953619062900543 0.013640160672366619
v -0.13140031695365906 -0.29633593559265137 -0.04739902913570404
v -0.13140031695365906 -0.29633593559265137 0.04739902913570404
v -0.13130976259708405 -0.29676133394241333 1.4219999400211236e-07
v -0.13130559027194977 -0.24821512401103973 0.02382570691406727
v -0.13119901716709137 -0.2480079084634781 -0.04739902913570404
v -0.13119901716709137 -0.2480079084634781 0.04739902913570404
v -0.1310170292854309 -0.2476651966571808 -0.0060790362767875195
v -0.1309286504983902 -0.24750348925590515 -0.040778759866952896
v -0.13092538714408875 -0.29849687218666077 -0.02276357263326645
v -0.13092537224292755 -0.29849696159362793 0.02276376262307167
v -0.13089875876903534 -0.24744948744773865 -0.018612351268529892
v -0.13079774379730225 -0.24726934731006622 0.04062280058860779
v -0.13046428561210632 -0.30044832825660706 -0.007267519365996122
v -0.13046427071094513 -0.30044838786125183 0.007267788052558899
v -0.1304425299167633 -0.3005372881889343 -0.03871268406510353
v -0.1304425150156021 -0.3005373179912567 0.0387127622961998
v -0.1302437037229538 -0.15107057988643646 3.6340000519885507e-07
v -0.1301508992910385 0.3320404589176178 -0.04739902913570404
v -0.1301508992910385 0.3320404589176178 0.04739902913570404
v -0.13012711703777313 -0.15112857520580292 -0.018944507464766502
v -0.13012711703777313 -0.15112857520580292 0.018945107236504555
v -0.130088672041893 -0.3019489347934723 -0.030794311314821243
v -0.1300886571407318 -0.30194902420043945 0.030794454738497734
v -0.1299629807472229 -0.2459053099155426 0.006282188463956118
v -0.1298225373029709 -0.24569477140903473 -0.013074706308543682
v -0.12982138991355896 -0.15128034353256226 -0.03791072219610214
v -0.12982138991355896 -0.15128034353256226 0.03791094571352005
v -0.12971720099449158 0.31832069158554077 -0.03791913017630577
v -0.12971720099449158 0.31832069158554077 0.03791913017630577
v -0.12963177263736725 -0.30368250608444214 -0.015649501234292984
v -0.12963175773620605 -0.3036825656890869 0.015649737790226936
v -0.12953054904937744 0.3184371590614319 -0.018959421664476395
v -0.12953054904937744 0.3184371590614319 0.018959421664476395
v -0.1295214146375656 0.3448522984981537 -0.04739902913570404
v -0.1295214146375656 0.3448522984981537 0.04739902913570404
v -0.12946192920207977 0.31847989559173584 0.0
v -0.12936840951442719 -0.3046413064002991 1.4219999400211236e-07
v -0.12915748357772827 0.3549657166004181 -0.04739902913570404
v -0.12915748357772827 0.3549657166004181 0.04739902913570404
v -0.1289953589439392 -0.3059541881084442 -0.04739902913570404
v -0.1289953589439392 -0.3059541881084442 0.04739902913570404
v -0.12870770692825317 -0.30693331360816956 -0.024904761463403702
v -0.12870769202709198 -0.30693337321281433 0.024904951453208923
v -0.12869057059288025 0.3637627363204956 -0.04739902913570404
v -0.12869057059288025 0.3637627363204956 0.04739902913570404
v -0.12848374247550964 -0.2438998520374298 -0.03249500319361687
v -0.12839023768901825 -0.09793973714113235 -3.6340000519885507e-07
v -0.1282791942358017 -0.09800805151462555 -0.018945107236504555
v -0.1282791942358017 -0.09800805151462555 0.018944507464766502
v -0.12821468710899353 -0.30855095386505127 -0.008168053813278675
v -0.12821468710899353 -0.30855098366737366 0.008168306201696396
v -0.12818770110607147 -0.24354685842990875 0.016387581825256348
v -0.12812434136867523 -0.2810489535331726 -0.04739902913570404
v -0.12812434136867523 -0.2810489535331726 0.04739902913570404
v -0.12798799574375153 -0.09818684309720993 -0.03791094571352005
v -0.12798799574375153 -0.09818684309720993 0.03791072219610214
v -0.12795193493366241 -0.11210805177688599 -0.04739902913570404
v -0.12795193493366241 -0.11210805177688599 0.04739902913570404
v -0.1279088705778122 -0.30951929092407227 -0.036175332963466644
v -0.127908855676651 -0.30951932072639465 0.036175429821014404
v -0.12786397337913513 -0.2431761920452118 0.0319906622171402
v -0.12777583301067352 0.3734882175922394 -0.04739902913570404
v -0.12777583301067352 0.3734882175922394 0.04739902913570404
v -0.12755954265594482 0.3735932409763336 -0.028439244255423546
v -0.12755954265594482 0.3735932409763336 0.028439244255423546
v -0.12747344374656677 -0.2719372510910034 -0.04739902913570404
v -0.12747344374656677 -0.2719372510910034 0.04739902913570404
v -0.12742581963539124 0.37365806102752686 -0.009479694999754429
v -0.12742581963539124 0.37365806102752686 0.009479694999754429
v -0.12730515003204346 -0.2425711452960968 -0.016673903912305832
v -0.1271992176771164 -0.12491574138402939 -0.04739902913570404
v -0.1271992176771164 -0.12491574138402939 0.04739902913570404
v -0.12704196572303772 -0.3121357262134552 -0.017152760177850723
v -0.12704193592071533 -0.3121357560157776 0.017152981832623482
v -0.12684805691242218 -0.2535581886768341 -0.04739902913570404
v -0.12684805691242218 -0.2535581886768341 0.04739902913570404
v -0.12674322724342346 -0.3129976689815521 1.4219999400211236e-07
v -0.12673377990722656 -0.13502895832061768 -0.04739902913570404
v -0.12673377990722656 -0.13502895832061768 0.04739902913570404
v -0.12637804448604584 -0.2416536509990692 -0.02381313033401966
v -0.12617875635623932 -0.14382179081439972 -0.04739902913570404
v -0.12617875635623932 -0.14382179081439972 0.04739902913570404
v -0.12588736414909363 -0.3153688311576843 -0.04739902913570404
v -0.12588736414909363 -0.3153688311576843 0.04739902913570404
v -0.12585651874542236 -0.24117955565452576 -0.01076153852045536
v -0.12578444182872772 -0.15324309468269348 -0.009465239010751247
v -0.12578444182872772 -0.15324309468269348 0.009466138668358326
v -0.12578324973583221 -0.31564807891845703 -0.026891982182860374
v -0.12578323483467102 -0.3156481087207794 0.02689213864505291
v -0.1255713254213333 0.3208529055118561 -0.04739902913570404
v -0.1255713254213333 0.3208529055118561 0.04739902913570404
v -0.12554465234279633 -0.15335726737976074 -0.02841898798942566
v -0.12554465234279633 -0.15335728228092194 0.02841954119503498
v -0.1254110336303711 -0.24079623818397522 -0.04739902913570404
v -0.1254110336303711 -0.24079623818397522 0.04739902913570404
v -0.12536460161209106 0.32097625732421875 -0.028439244255423546
v -0.12536460161209106 0.32097625732421875 0.028439244255423546
v -0.12523676455020905 0.3210523724555969 -0.009479694999754429
v -0.12523676455020905 0.3210523724555969 0.009479694999754429
v -0.12521415948867798 -0.3171420395374298 -0.008938808925449848
v -0.12521415948867798 -0.3171420693397522 0.008939062245190144
v -0.12516635656356812 -0.153536856174469 -0.04739902913570404
v -0.12516635656356812 -0.153536856174469 0.04739902913570404
v -0.1247248575091362 -0.26185745000839233 -0.04739902913570404
v -0.1247248575091362 -0.26185745000839233 0.04739902913570404
v -0.12460985034704208 -0.24015302956104279 0.02346055954694748
v -0.12451133877038956 -0.24007780849933624 -0.002277175895869732
v -0.12426930665969849 -0.23989641666412354 0.01748785562813282
v -0.12415769696235657 -0.2894391417503357 -0.04739902913570404
v -0.12415769696235657 -0.2894391417503357 0.04739902913570404
v -0.12413778901100159 -0.31983157992362976 -0.03712530434131622
v -0.1241377741098404 -0.31983157992362976 0.03712538629770279
v -0.12413524836301804 -0.10050021857023239 -0.009466138668358326
v -0.12413524836301804 -0.10050021857023239 0.009465239010751247
v -0.12392027676105499 -0.24787591397762299 -0.04739902913570404
v -0.12392027676105499 -0.24787591397762299 0.04739902913570404
v -0.1239059790968895 -0.10063486546278 -0.02841954119503498
v -0.1239059790968895 -0.10063486546278 0.02841898798942566
v -0.12385939806699753 -0.23959997296333313 -0.039731208235025406
v -0.12385524064302444 -0.23959703743457794 0.012288877740502357
v -0.12379586696624756 -0.32065218687057495 -0.018362699076533318
v -0.12379585206508636 -0.32065221667289734 0.01836288906633854
v -0.12354417890310287 -0.10084667056798935 -0.04739902913570404
v -0.12354417890310287 -0.10084667056798935 0.04739902913570404
v -0.12347786873579025 -0.2393357753753662 0.0396946482360363
v -0.12343217432498932 -0.2995207905769348 -0.04739902913570404
v -0.12343217432498932 -0.2995207905769348 0.04739902913570404
v -0.12333380430936813 -0.32173752784729004 1.2639999624752818e-07
v -0.12317230552434921 0.37567636370658875 -0.03791913017630577
v -0.12317230552434921 0.37567636370658875 0.03791913017630577
v -0.1229729875922203 0.37576887011528015 -0.018959421664476395
v -0.1229729875922203 0.37576887011528015 0.018959421664476395
v -0.12289972603321075 0.3758028447628021 0.0
v -0.1225557029247284 -0.2387411743402481 0.0054734027944505215
v -0.1225200891494751 0.33974823355674744 -0.04739902913570404
v -0.1225200891494751 0.33974823355674744 0.04739902913570404
v -0.12215965241193771 0.3306621313095093 -0.04739902913570404
v -0.12215965241193771 0.3306621313095093 0.04739902913570404
v -0.12211628258228302 -0.32447829842567444 -0.027630742639303207
v -0.12211628258228302 -0.3244783282279968 0.027630869299173355
v -0.1220933124423027 -0.3245285153388977 -0.04739902913570404
v -0.1220933124423027 -0.3245285153388977 0.04739902913570404
v -0.12198805063962936 -0.2384042739868164 -0.01710779406130314
v -0.121826171875 0.3496367335319519 -0.04739902913570404
v -0.121826171875 0.3496367335319519 0.04739902913570404
v -0.12158197164535522 -0.2381761372089386 -0.03163212165236473
v -0.12138848751783371 -0.15529420971870422 5.846000021847431e-07
v -0.12124134600162506 -0.1553613245487213 -0.018927553668618202
v -0.12124134600162506 -0.1553613245487213 0.01892850175499916
v -0.1211935356259346 -0.3264520466327667 -0.00994946714490652
v -0.1211935356259346 -0.3264520764350891 0.009949672035872936
v -0.1211632788181305 0.3234236538410187 -0.03791913017630577
v -0.1211632788181305 0.3234236538410187 0.03791913017630577
v -0.12097203731536865 0.32353243231773376 -0.018959421664476395
v -0.12097203731536865 0.32353243231773376 0.018959421664476395
v -0.12090174853801727 0.3235723674297333 0.0
v -0.12086924910545349 -0.1555306315422058 -0.03790280595421791
v -0.12086924910545349 -0.1555306315422058 0.03790317103266716
v -0.12084226310253143 0.3588666021823883 -0.04739902913570404
v -0.12084226310253143 0.3588666021823883 0.04739902913570404
v -0.12058946490287781 -0.23766137659549713 0.03178403526544571
v -0.12054355442523956 -0.32779422402381897 -0.01961180567741394
v -0.12054355442523956 -0.32779425382614136 0.019611980766057968
v -0.12026475369930267 -0.11973229050636292 -0.04739902913570404
v -0.12026475369930267 -0.11973229050636292 0.04739902913570404
v -0.1200132668018341 -0.1106325164437294 -0.04739902913570404
v -0.1200132668018341 -0.1106325164437294 0.04739902913570404
v -0.119941346347332 -0.3290049433708191 -0.03725571557879448
v -0.119941346347332 -0.3290049731731415 0.03725577890872955
v -0.11992472410202026 -0.10292027145624161 -5.846000021847431e-07
v -0.11983054131269455 -0.253743976354599 -0.04739902913570404
v -0.11983054131269455 -0.253743976354599 0.04739902913570404
v -0.1197911724448204 -0.2801527678966522 -0.04739902913570404
v -0.1197911724448204 -0.2801527678966522 0.04739902913570404
v -0.11978352814912796 -0.10299952328205109 -0.01892850175499916
v -0.11978354305028915 -0.10299952328205109 0.018927553668618202
v -0.11975104361772537 0.36802953481674194 -0.04739902913570404
v -0.11975104361772537 0.36802953481674194 0.04739902913570404
v -0.11970880627632141 -0.23725280165672302 0.017814356833696365
v -0.11964350938796997 -0.3084922134876251 -0.04739902913570404
v -0.11964350938796997 -0.3084922134876251 0.04739902913570404
v -0.11946198344230652 -0.12962797284126282 -0.04739902913570404
v -0.11946198344230652 -0.12962797284126282 0.04739902913570404
v -0.11945037543773651 -0.32996997237205505 1.10599998492944e-07
v -0.11942639201879501 -0.10319940000772476 -0.03790317103266716
v -0.11942639201879501 -0.10319940000772476 0.03790280595421791
v -0.1194213479757309 -0.27088072896003723 -0.04739902913570404
v -0.1194213479757309 -0.27088072896003723 0.04739902913570404
v -0.11875487118959427 0.3776845932006836 -0.04739902913570404
v -0.11875487118959427 0.3776845932006836 0.04739902913570404
v -0.118535116314888 0.3777821958065033 -0.028439244255423546
v -0.118535116314888 0.3777821958065033 0.028439244255423546
v -0.1183992549777031 0.37784242630004883 -0.009479694999754429
v -0.1183992549777031 0.37784242630004883 0.009479694999754429
v -0.11837136745452881 -0.13885244727134705 -0.04739902913570404
v -0.11837136745452881 -0.13885244727134705 0.04739902913570404
v -0.11815609782934189 -0.23663507401943207 -0.024250734597444534
v -0.11763383448123932 -0.33338332176208496 -0.04739902913570404
v -0.11763383448123932 -0.33338332176208496 0.04739902913570404
v -0.11754799634218216 -0.3335389494895935 -0.026536693796515465
v -0.11754798144102097 -0.3335389494895935 0.026536820456385612
v -0.11748481541872025 -0.33365315198898315 -0.015579096972942352
v -0.11748480051755905 -0.33365315198898315 0.015579271130263805
v -0.11744385957717896 -0.33372703194618225 -0.007154077757149935
v -0.11744385957717896 -0.33372703194618225 0.007154267281293869
v -0.11732879281044006 -0.23635637760162354 -0.00934593565762043
v -0.11730387806892395 -0.236348494887352 -0.04739902913570404
v -0.11730387806892395 -0.236348494887352 0.04739902913570404
v -0.11719682067632675 -0.1480002999305725 -0.04739902913570404
v -0.11719682067632675 -0.1480002999305725 0.04739902913570404
v -0.11691785603761673 0.32578521966934204 -0.04739902913570404
v -0.11691785603761673 0.32578521966934204 0.04739902913570404
v -0.11687791347503662 -0.15730750560760498 -0.009447243064641953
v -0.11687789857387543 -0.15730750560760498 0.009448586031794548
v -0.11679338663816452 -0.31694495677948 -0.04739902913570404
v -0.11679338663816452 -0.31694495677948 0.04739902913570404
v -0.11677935719490051 -0.29446062445640564 -0.04739902913570404
v -0.11677935719490051 -0.29446062445640564 0.04739902913570404
v -0.11670626699924469 0.32590001821517944 -0.028439244255423546
v -0.11670626699924469 0.32590001821517944 0.028439244255423546
v -0.1165754497051239 0.3259708881378174 -0.009479694999754429
v -0.1165754497051239 0.3259708881378174 0.009479694999754429
v -0.11657112091779709 -0.1574411392211914 -0.028398748487234116
v -0.1165711060166359 -0.1574411392211914 0.02839958667755127
v -0.11651231348514557 -0.2361139953136444 0.024951782077550888
v -0.1161615401506424 -0.2360195815563202 0.0007833163836039603
v -0.11610428243875504 -0.15764367580413818 -0.04739902913570404
v -0.11610428243875504 -0.15764367580413818 0.04739902913570404
v -0.11592739075422287 -0.26124534010887146 -0.04739902913570404
v -0.11592739075422287 -0.26124534010887146 0.04739902913570404
v -0.11579260230064392 -0.23592646420001984 0.010304217226803303
v -0.11577531695365906 -0.28771209716796875 -0.04739902913570404
v -0.11577531695365906 -0.28771209716796875 0.04739902913570404
v -0.1157568171620369 -0.23591776192188263 -0.03868332877755165
v -0.11563805490732193 0.3348839282989502 -0.04739902913570404
v -0.11563805490732193 0.3348839282989502 0.04739902913570404
v -0.11558886617422104 -0.1052982285618782 -0.009448586031794548
v -0.11558886617422104 -0.1052982285618782 0.009447243064641953
v -0.11532323062419891 -0.23581703007221222 0.03897238150238991
v -0.11529593914747238 -0.337457537651062 9.480000073835981e-08
v -0.11529339849948883 -0.1054561659693718 -0.02839958667755127
v -0.11529341340065002 -0.1054561659693718 0.028398748487234116
v -0.11510896682739258 -0.33776962757110596 -0.03744339942932129
v -0.11510895192623138 -0.33776962757110596 0.03744346275925636
v -0.1148436889052391 -0.10569554567337036 -0.04739902913570404
v -0.1148436889052391 -0.10569554567337036 0.04739902913570404
v -0.11480028927326202 -0.2357068806886673 -0.01778501644730568
v -0.11475483328104019 -0.2444329708814621 -0.04739902913570404
v -0.11475483328104019 -0.2444329708814621 0.04739902913570404
v -0.11444604396820068 0.34445223212242126 -0.04739902913570404
v -0.11444604396820068 0.34445223212242126 0.04739902913570404
v -0.11442332714796066 -0.23563507199287415 -0.03081038035452366
v -0.11418059468269348 -0.33929139375686646 -0.019980255514383316
v -0.11418057978153229 -0.33929139375686646 0.019980397075414658
v -0.11407952755689621 0.3797147572040558 -0.03791913017630577
v -0.11407952755689621 0.3797147572040558 0.03791913017630577
v -0.11387717723846436 0.3798004388809204 -0.018959421664476395
v -0.11387717723846436 0.3798004388809204 0.018959421664476395
v -0.11380279064178467 0.3798319101333618 0.0
v -0.11362823843955994 -0.23550419509410858 0.03164351359009743
v -0.11346174031496048 -0.11478007584810257 -0.04739902913570404
v -0.11346174031496048 -0.11478007584810257 0.04739902913570404
v -0.11344458162784576 -0.3257265090942383 -0.04739902913570404
v -0.11344458162784576 -0.3257265090942383 0.04739902913570404
v -0.11327483505010605 0.35401207208633423 -0.04739902913570404
v -0.11327483505010605 0.35401207208633423 0.04739902913570404
v -0.11322354525327682 -0.34081411361694336 -0.010242014192044735
v -0.11322354525327682 -0.34081411361694336 0.010242155753076077
v -0.11301257461309433 -0.27582231163978577 -0.04739902913570404
v -0.11301257461309433 -0.27582231163978577 0.04739902913570404
v -0.11253325641155243 -0.3418850302696228 -0.04739902913570404
v -0.11253325641155243 -0.3418850302696228 0.04739902913570404
v -0.1124640554189682 -0.1591901034116745 8.688999741934822e-07
v -0.11244148015975952 -0.30134937167167664 -0.04739902913570404
v -0.11244148015975952 -0.30134937167167664 0.04739902913570404
v -0.11240891367197037 0.3281745910644531 -0.03791913017630577
v -0.11240891367197037 0.3281745910644531 0.03791913017630577
v -0.11235342919826508 0.36279284954071045 -0.04739902913570404
v -0.11235342919826508 0.36279284954071045 0.04739902913570404
v -0.11233163625001907 -0.3421936631202698 -0.028255745768547058
v -0.11233163625001907 -0.3421936631202698 0.02825584076344967
v -0.11226095259189606 -0.15927468240261078 -0.01889009401202202
v -0.11226093769073486 -0.15927469730377197 0.018891483545303345
v -0.11221341043710709 0.3282754719257355 -0.018959421664476395
v -0.11221341043710709 0.3282754719257355 0.018959421664476395
v -0.11214154958724976 0.3283125162124634 0.0
v -0.11214079707860947 -0.12436245381832123 -0.04739902913570404
v -0.11214079707860947 -0.12436245381832123 0.04739902913570404
v -0.11203914135694504 -0.25327029824256897 -0.04739902913570404
v -0.11203914135694504 -0.25327029824256897 0.04739902913570404
v -0.11179375648498535 -0.15946854650974274 -0.037890248000621796
v -0.11179375648498535 -0.15946856141090393 0.03789076954126358
v -0.11173789948225021 -0.23530305922031403 0.018411457538604736
v -0.11133158206939697 -0.10752405971288681 -8.688999741934822e-07
v -0.111135333776474 -0.1076240986585617 -0.018891483545303345
v -0.111135333776474 -0.1076240986585617 0.01889009401202202
v -0.11086872965097427 -0.13391748070716858 -0.04739902913570404
v -0.11086872965097427 -0.13391748070716858 0.04739902913570404
v -0.11072719842195511 0.3721163272857666 -0.04739902913570404
v -0.11072719842195511 0.3721163272857666 0.04739902913570404
v -0.11068384349346161 -0.10785344988107681 -0.03789076954126358
v -0.11068384349346161 -0.10785344988107681 0.037890248000621796
v -0.11018995940685272 -0.3453628420829773 6.319999812376409e-08
v -0.1101129874587059 -0.31172388792037964 -0.04739902913570404
v -0.1101129874587059 -0.31172388792037964 0.04739902913570404
v -0.10978808254003525 -0.1427181363105774 -0.04739902913570404
v -0.10978808254003525 -0.1427181363105774 0.04739902913570404
v -0.10974498093128204 -0.3459976017475128 -0.01928756572306156
v -0.10974498093128204 -0.3459976017475128 0.019287675619125366
v -0.1097099632024765 -0.34604719281196594 -0.03781420364975929
v -0.1097099632024765 -0.34604719281196594 0.03781425207853317
v -0.10968603193759918 -0.28267112374305725 -0.04739902913570404
v -0.10968603193759918 -0.28267112374305725 0.04739902913570404
v -0.10968472063541412 -0.26872602105140686 -0.04739902913570404
v -0.10968472063541412 -0.26872602105140686 0.04739902913570404
v -0.10959630459547043 0.381571501493454 -0.04739902913570404
v -0.10959630459547043 0.381571501493454 0.04739902913570404
v -0.1095409095287323 -0.2602419853210449 -0.04739902913570404
v -0.1095409095287323 -0.2602419853210449 0.04739902913570404
v -0.10937335342168808 0.3816615641117096 -0.028439244255423546
v -0.10937335342168808 0.3816615641117096 0.028439244255423546
v -0.10923553258180618 0.38171714544296265 -0.009479694999754429
v -0.10923553258180618 0.38171714544296265 0.009479694999754429
v -0.10853011161088943 -0.31902968883514404 -0.04739902913570404
v -0.10853011161088943 -0.31902968883514404 0.04739902913570404
v -0.10846232622861862 -0.29183682799339294 -0.04739902913570404
v -0.10846232622861862 -0.29183682799339294 0.04739902913570404
v -0.10813193023204803 -0.15199726819992065 -0.04739902913570404
v -0.10813193023204803 -0.15199726819992065 0.04739902913570404
v -0.10811173170804977 -0.23534180223941803 -0.04739902913570404
v -0.10811173170804977 -0.23534180223941803 0.04739902913570404
v -0.108070969581604 0.330361545085907 -0.04739902913570404
v -0.108070969581604 0.330361545085907 0.04739902913570404
v -0.10805051028728485 -0.2353472262620926 -0.03512730821967125
v -0.10798171907663345 -0.2353535294532776 -0.024352261796593666
v -0.10791482031345367 -0.1610417664051056 -0.0094018978998065
v -0.10791482031345367 -0.1610417664051056 0.009403840638697147
v -0.10787728428840637 -0.23536346852779388 -0.013868371024727821
v -0.10785489529371262 0.33046767115592957 -0.028439244255423546
v -0.10785489529371262 0.33046767115592957 0.028439244255423546
v -0.10776852071285248 -0.2353743463754654 0.03591495379805565
v -0.10774148255586624 -0.23537710309028625 -0.004401347599923611
v -0.10772130638360977 0.33053314685821533 -0.009479694999754429
v -0.10772130638360977 0.33053314685821533 0.009479694999754429
v -0.10756532102823257 -0.23539598286151886 0.004950670525431633
v -0.10752412676811218 -0.23540058732032776 0.02660074643790722
v -0.1074955016374588 -0.16120795905590057 -0.028362473472952843
v -0.1074955016374588 -0.16120797395706177 0.028363673016428947
v -0.1074509471654892 -0.2354089468717575 0.012415764853358269
v -0.10718799382448196 0.3396604359149933 -0.04739902913570404
v -0.10718799382448196 0.3396604359149933 0.04739902913570404
v -0.10717649012804031 -0.33283841609954834 -0.04739902913570404
v -0.10717649012804031 -0.33283841609954834 0.04739902913570404
v -0.10715105384588242 -0.34955015778541565 -0.009693227708339691
v -0.10715105384588242 -0.34955015778541565 0.009693354368209839
v -0.10704225301742554 -0.2481953203678131 -0.04739902913570404
v -0.10704225301742554 -0.2481953203678131 0.04739902913570404
v -0.10692960023880005 -0.10971539467573166 -0.009403840638697147
v -0.10692961513996124 -0.10971537977457047 0.0094018978998065
v -0.1069076731801033 -0.1614397168159485 -0.04739902913570404
v -0.1069076731801033 -0.1614397168159485 0.04739902913570404
v -0.1068221777677536 -0.3499836027622223 -0.028472311794757843
v -0.1068221777677536 -0.3499836027622223 0.02847239188849926
v -0.10681938380002975 -0.349987268447876 -0.04739902913570404
v -0.10681938380002975 -0.349987268447876 0.04739902913570404
v -0.10652317106723785 -0.1099121943116188 -0.028363673016428947
v -0.10652317106723785 -0.10991217941045761 0.028362473472952843
v -0.10622912645339966 0.3487720787525177 -0.04739902913570404
v -0.10622912645339966 0.3487720787525177 0.04739902913570404
v -0.10595321655273438 -0.1101866066455841 -0.04739902913570404
v -0.10595321655273438 -0.1101866066455841 0.04739902913570404
v -0.105404794216156 -0.24226249754428864 -0.04739902913570404
v -0.105404794216156 -0.24226249754428864 0.04739902913570404
v -0.10518092662096024 -0.3055014908313751 -0.04739902913570404
v -0.10518092662096024 -0.3055014908313751 0.04739902913570404
v -0.1049627959728241 -0.11948563158512115 -0.04739902913570404
v -0.1049627959728241 -0.11948563158512115 0.04739902913570404
v -0.104888916015625 0.3577460050582886 -0.04739902913570404
v -0.104888916015625 0.3577460050582886 0.04739902913570404
v -0.10485456883907318 0.38344138860702515 -0.03791913017630577
v -0.10485456883907318 0.38344138860702515 0.03791913017630577
v -0.10464942455291748 0.38352012634277344 -0.018959421664476395
v -0.10464942455291748 0.38352012634277344 0.018959421664476395
v -0.10457403212785721 0.3835490345954895 0.0
v -0.10436395555734634 -0.25475823879241943 -0.04739902913570404
v -0.10436395555734634 -0.25475823879241943 0.04739902913570404
v -0.10409174114465714 -0.3534475564956665 4.7400000369179907e-08
v -0.10391315817832947 -0.2771167755126953 -0.04739902913570404
v -0.10391315817832947 -0.2771167755126953 0.04739902913570404
v -0.10390595346689224 -0.3536749482154846 -0.01908169500529766
v -0.10390593856573105 -0.3536749482154846 0.01908179000020027
v -0.10382479429244995 -0.12863121926784515 -0.04739902913570404
v -0.10382479429244995 -0.12863121926784515 0.04739902913570404
v -0.10376161336898804 -0.35385093092918396 -0.03791571408510208
v -0.10376161336898804 -0.35385093092918396 0.03791574761271477
v -0.10369741916656494 0.3668089210987091 -0.04739902913570404
v -0.10369741916656494 0.3668089210987091 0.04739902913570404
v -0.10353203862905502 -0.16274219751358032 1.216600026054948e-06
v -0.10346858948469162 0.3325656056404114 -0.03791913017630577
v -0.10346858948469162 0.3325656056404114 0.03791913017630577
v -0.10344775021076202 -0.32524311542510986 -0.04739902913570404
v -0.10344775021076202 -0.32524311542510986 0.04739902913570404
v -0.10326915234327316 0.33265843987464905 -0.018959421664476395
v -0.10326915234327316 0.33265843987464905 0.018959421664476395
v -0.1032014936208725 -0.16286717355251312 -0.01880197785794735
v -0.1032014787197113 -0.16286717355251312 0.018803954124450684
v -0.10319583863019943 0.33269253373146057 0.0
v -0.10315044969320297 -0.23631729185581207 0.018385672941803932
v -0.1028679832816124 -0.34113892912864685 -0.04739902913570404
v -0.1028679832816124 -0.34113892912864685 0.04739902913570404
v -0.10267595201730728 -0.11172959953546524 -1.216600026054948e-06
v -0.10266412049531937 -0.29886019229888916 -0.04739902913570404
v -0.10266412049531937 -0.29886019229888916 0.04739902913570404
v -0.10263267904520035 -0.26279884576797485 -0.04739902913570404
v -0.10263267904520035 -0.26279884576797485 0.04739902913570404
v -0.10261722654104233 -0.16308695077896118 -0.03787931427359581
v -0.10261720418930054 -0.16308696568012238 0.03788004070520401
v -0.10235463082790375 -0.11187770962715149 -0.018803954124450684
v -0.10235464572906494 -0.1118776872754097 0.01880197785794735
v -0.10220682621002197 -0.2857241630554199 -0.04739902913570404
v -0.10220682621002197 -0.2857241630554199 0.04739902913570404
v -0.102048359811306 -0.13773353397846222 -0.04739902913570404
v -0.102048359811306 -0.13773353397846222 0.04739902913570404
v -0.10180015861988068 -0.2367815375328064 0.03177943825721741
v -0.10179434716701508 -0.23678374290466309 -0.030824821442365646
v -0.1017865538597107 -0.11213818192481995 -0.03788004070520401
v -0.1017865538597107 -0.11213818192481995 0.03787931427359581
v -0.1017611026763916 0.37547025084495544 -0.04739902913570404
v -0.1017611026763916 0.37547025084495544 0.04739902913570404
v -0.10135986655950546 -0.26997748017311096 -0.04739902913570404
v -0.10135986655950546 -0.26997748017311096 0.04739902913570404
v -0.10124471783638 -0.23699943721294403 -0.01783687062561512
v -0.10115355998277664 -0.1466212421655655 -0.04739902913570404
v -0.10115355998277664 -0.1466212421655655 0.04739902913570404
v -0.10080645233392715 -0.35732531547546387 -0.009548281319439411
v -0.10080645233392715 -0.35732531547546387 0.009548360481858253
v -0.10062730312347412 -0.357528418302536 -0.02847898006439209
v -0.10062730312347412 -0.357528418302536 0.02847902663052082
v -0.10061575472354889 -0.23726600408554077 0.03909711912274361
v -0.10061202198266983 -0.2372676581144333 -0.03869151324033737
v -0.10052333772182465 -0.3576458990573883 -0.04739902913570404
v -0.10052333772182465 -0.3576458990573883 0.04739902913570404
v -0.10031075775623322 0.38514444231987 -0.04739902913570404
v -0.10031075775623322 0.38514444231987 0.04739902913570404
v -0.10014761984348297 -0.3151777684688568 -0.04739902913570404
v -0.10014761984348297 -0.3151777684688568 0.04739902913570404
v -0.10008488595485687 0.38522687554359436 -0.028439244255423546
v -0.10008488595485687 0.38522687554359436 0.028439244255423546
v -0.09994523227214813 0.38527771830558777 -0.009479694999754429
v -0.09994523227214813 0.38527771830558777 0.009479694999754429
v -0.09947557002305984 -0.23780544102191925 0.000571332115214318
v -0.09942112118005753 -0.23783306777477264 0.010047993622720242
v -0.09923406690359116 -0.23792940378189087 -0.04739902913570404
v -0.09923406690359116 -0.23792940378189087 0.04739902913570404
v -0.0991324931383133 -0.15526197850704193 -0.04739902913570404
v -0.0991324931383133 -0.15526197850704193 0.04739902913570404
v -0.09904531389474869 0.3345743417739868 -0.04739902913570404
v -0.09904531389474869 0.3345743417739868 0.04739902913570404
v -0.09895800054073334 -0.16443118453025818 -0.00927406270056963
v -0.09895798563957214 -0.16443118453025818 0.009276701137423515
v -0.0988251119852066 0.33467158675193787 -0.028439244255423546
v -0.0988251119852066 0.33467158675193787 0.028439244255423546
v -0.09880685061216354 0.3436177968978882 -0.04739902913570404
v -0.09880685061216354 0.3436177968978882 0.04739902913570404
v -0.09875720739364624 -0.2477891594171524 -0.04739902913570404
v -0.09875720739364624 -0.2477891594171524 0.04739902913570404
v -0.0987224131822586 -0.238203763961792 -0.00947356503456831
v -0.0987149104475975 -0.23820792138576508 0.025139229372143745
v -0.09868896752595901 0.3347315788269043 -0.009479694999754429
v -0.09868896752595901 0.3347315788269043 0.009479694999754429
v -0.09860440343618393 -0.2922103703022003 -0.04739902913570404
v -0.09860440343618393 -0.2922103703022003 0.04739902913570404
v -0.09832432866096497 -0.1646583527326584 -0.02831406332552433
v -0.09832430630922318 -0.1646583527326584 0.02831568941473961
v -0.09824014455080032 -0.2384774535894394 -0.024290185421705246
v -0.09822404384613037 -0.11373195797204971 -0.009276701137423515
v -0.09822405874729156 -0.11373195797204971 0.00927406270056963
v -0.0977400541305542 -0.3055935204029083 -0.04739902913570404
v -0.0977400541305542 -0.3055935204029083 0.04739902913570404
v -0.09762898087501526 0.3524090051651001 -0.04739902913570404
v -0.09762898087501526 0.3524090051651001 0.04739902913570404
v -0.09760632365942001 -0.11400142312049866 -0.02831568941473961
v -0.09760633856058121 -0.11400140076875687 0.02831406332552433
v -0.0975872054696083 -0.16492053866386414 -0.04739902913570404
v -0.0975872054696083 -0.16492053866386414 0.04739902913570404
v -0.09748692810535431 -0.36095988750457764 4.7400000369179907e-08
v -0.09738585352897644 -0.36106643080711365 -0.019009854644536972
v -0.09738585352897644 -0.36106643080711365 0.019009917974472046
v -0.09722714871168137 -0.36123326420783997 -0.03793074190616608
v -0.09722714871168137 -0.36123326420783997 0.037930771708488464
v -0.0970400795340538 -0.34911131858825684 -0.04739902913570404
v -0.0970400795340538 -0.34911131858825684 0.04739902913570404
v -0.0968874841928482 -0.11431243270635605 -0.04739902913570404
v -0.0968874841928482 -0.11431243270635605 0.04739902913570404
v -0.09664017707109451 -0.3332526683807373 -0.04739902913570404
v -0.09664017707109451 -0.3332526683807373 0.04739902913570404
v -0.09653937071561813 -0.123369000852108 -0.04739902913570404
v -0.09653937071561813 -0.123369000852108 0.04739902913570404
v -0.09653368592262268 0.3612128496170044 -0.04739902913570404
v -0.09653368592262268 0.3612128496170044 0.04739902913570404
v -0.09641797095537186 0.36889976263046265 -0.04739902913570404
v -0.09641797095537186 0.36889976263046265 0.04739902913570404
v -0.09621718525886536 -0.28112170100212097 -0.04739902913570404
v -0.09621718525886536 -0.28112170100212097 0.04739902913570404
v -0.09584864228963852 -0.25750207901000977 -0.04739902913570404
v -0.09584864228963852 -0.25750207901000977 0.04739902913570404
v -0.0955081433057785 0.3868519067764282 -0.03791913017630577
v -0.0955081433057785 0.3868519067764282 0.03791913017630577
v -0.09548544138669968 -0.2403549700975418 0.01769889146089554
v -0.09541206806898117 -0.24041317403316498 0.03215118870139122
v -0.09530042856931686 0.386923611164093 -0.018959421664476395
v -0.09530042856931686 0.386923611164093 0.018959421664476395
v -0.09523880481719971 -0.24055251479148865 -0.031656719744205475
v -0.0952388346195221 -0.1321595460176468 -0.04739902913570404
v -0.0952388346195221 -0.1321595460176468 0.04739902913570404
v -0.09522408246994019 0.38694992661476135 0.0
v -0.09475024789571762 -0.26606446504592896 -0.04739902913570404
v -0.09475024789571762 -0.26606446504592896 0.04739902913570404
v -0.09474749863147736 -0.325433611869812 -0.04739902913570404
v -0.09474749863147736 -0.325433611869812 0.04739902913570404
v -0.09472943842411041 -0.24097806215286255 -0.017199985682964325
v -0.09472624957561493 -0.16591720283031464 1.611600055184681e-06
v -0.09437832236289978 -0.34120404720306396 -0.04739902913570404
v -0.09437832236289978 -0.34120404720306396 0.04739902913570404
v -0.09435711801052094 0.33658939599990845 -0.03791913017630577
v -0.09435711801052094 0.33658939599990845 0.03791913017630577
v -0.09421978890895844 -0.27378445863723755 -0.04739902913570404
v -0.09421978890895844 -0.27378445863723755 0.04739902913570404
v -0.09415406733751297 0.3366740942001343 -0.018959421664476395
v -0.09415406733751297 0.3366740942001343 0.018959421664476395
v -0.09409451484680176 -0.11549512296915054 -1.611600055184681e-06
v -0.09407944232225418 0.33670514822006226 0.0
v -0.09400960803031921 -0.1661616712808609 -0.01856856979429722
v -0.09400957822799683 -0.1661616861820221 0.018571224063634872
v -0.09396609663963318 -0.3645392954349518 -0.009504974819719791
v -0.09396609663963318 -0.3645392954349518 0.009505038149654865
v -0.093953438103199 -0.14097867906093597 -0.04739902913570404
v -0.093953438103199 -0.14097867906093597 0.04739902913570404
v -0.09383612871170044 -0.14864350855350494 -0.04739902913570404
v -0.09383612871170044 -0.14864350855350494 0.04739902913570404
v -0.0938311219215393 -0.3646713197231293 -0.028463590890169144
v -0.0938311219215393 -0.3646713197231293 0.02846362255513668
v -0.09367945790290833 -0.36481916904449463 -0.04739902913570404
v -0.09367945790290833 -0.36481916904449463 0.04739902913570404
v -0.09367895126342773 -0.24193724989891052 0.004946673288941383
v -0.09341474622488022 -0.16636301577091217 -0.03791089728474617
v -0.09341473132371902 -0.16636301577091217 0.03791184350848198
v -0.09339416027069092 -0.11578531563282013 -0.018571224063634872
v -0.09339417517185211 -0.11578530073165894 0.01856856979429722
v -0.09336205571889877 -0.24225038290023804 0.03993990644812584
v -0.09330655634403229 -0.2423064410686493 -0.03974132239818573
v -0.09281265735626221 -0.11602433025836945 -0.03791184350848198
v -0.0928126722574234 -0.11602433025836945 0.03791089728474617
v -0.09233710169792175 -0.24335001409053802 -0.002638561651110649
v -0.09217336773872375 -0.28760987520217896 -0.04739902913570404
v -0.09217336773872375 -0.28760987520217896 0.04739902913570404
v -0.09215434640645981 -0.2435615062713623 0.011375071480870247
v -0.09202240407466888 -0.24371735751628876 -0.04739902913570404
v -0.09202240407466888 -0.24371735751628876 0.04739902913570404
v -0.09195196628570557 0.3762059211730957 -0.04739902913570404
v -0.09195196628570557 0.3762059211730957 0.04739902913570404
v -0.09166739881038666 -0.31088578701019287 -0.04739902913570404
v -0.09166739881038666 -0.31088578701019287 0.04739902913570404
v -0.09159969538450241 -0.2989502549171448 -0.04739902913570404
v -0.09159969538450241 -0.2989502549171448 0.04739902913570404
v -0.09141699224710464 -0.24446947872638702 0.02422322705388069
v -0.09140826761722565 -0.24448077380657196 -0.010937483981251717
v -0.09111475944519043 -0.2448696792125702 -0.023866817355155945
v -0.09101305902004242 -0.3186243176460266 -0.04739902913570404
v -0.09101305902004242 -0.3186243176460266 0.04739902913570404
v -0.09098305553197861 0.35597503185272217 -0.04739902913570404
v -0.09098305553197861 0.35597503185272217 0.04739902913570404
v -0.09090899676084518 0.3883993327617645 -0.04739902913570404
v -0.09090899676084518 0.3883993327617645 0.04739902913570404
v -0.09078669548034668 -0.2453249841928482 0.017039509490132332
v -0.09068044275045395 0.3884740173816681 -0.028439244255423546
v -0.09068044275045395 0.3884740173816681 0.028439244255423546
v -0.09053914248943329 0.38852009177207947 -0.009479694999754429
v -0.09053914248943329 0.38852009177207947 0.009479694999754429
v -0.09038781374692917 -0.3679174482822418 3.1599999061882045e-08
v -0.09032329171895981 -0.2460094839334488 -0.016778655350208282
v -0.09031211584806442 -0.367986261844635 -0.018981698900461197
v -0.09031211584806442 -0.367986261844635 0.018981747329235077
v -0.090251624584198 -0.3548911213874817 -0.04739902913570404
v -0.090251624584198 -0.3548911213874817 0.04739902913570404
v -0.09019014239311218 -0.16742977499961853 -0.008874678052961826
v -0.09019012749195099 -0.16742977499961853 0.00887810718268156
v -0.09014502167701721 -0.36813783645629883 -0.03792814910411835
v -0.09014502167701721 -0.36813783645629883 0.03792816773056984
v -0.09006957709789276 0.34763726592063904 -0.04739902913570404
v -0.09006957709789276 0.34763726592063904 0.04739902913570404
v -0.08985582739114761 0.3384166359901428 -0.04739902913570404
v -0.08985582739114761 0.3384166359901428 0.04739902913570404
v -0.08965708315372467 -0.1172911524772644 -0.00887810718268156
v -0.08965709805488586 -0.1172911524772644 0.008874678052961826
v -0.0896318331360817 0.3385048508644104 -0.028439244255423546
v -0.0896318331360817 0.3385048508644104 0.028439244255423546
v -0.08959176391363144 -0.247207909822464 0.03273696079850197
v -0.08949606865644455 -0.24737726151943207 -0.032516807317733765
v -0.08949336409568787 0.33855926990509033 -0.009479694999754429
v -0.08949336409568787 0.33855926990509033 0.009479694999754429
v -0.0893172174692154 -0.155899316072464 -0.04739902913570404
v -0.0893172174692154 -0.155899316072464 0.04739902913570404
v -0.08901982009410858 -0.1678066998720169 -0.02836068719625473
v -0.0890197828412056 -0.1678066998720169 0.028362805023789406
v -0.08882278203964233 -0.24867241084575653 0.01314111240208149
v -0.08856680989265442 -0.32808658480644226 -0.04739902913570404
v -0.08856680989265442 -0.32808658480644226 0.04739902913570404
v -0.08853862434625626 -0.1356615573167801 -0.04739902913570404
v -0.08853862434625626 -0.1356615573167801 0.04739902913570404
v -0.08851046860218048 -0.11773892492055893 -0.028362805023789406
v -0.08851049840450287 -0.11773891001939774 0.02836068719625473
v -0.08842827379703522 -0.24953584372997284 -0.013208987191319466
v -0.08823136240243912 -0.34637242555618286 -0.04739902913570404
v -0.08823136240243912 -0.34637242555618286 0.04739902913570404
v -0.08815367519855499 -0.16808214783668518 -0.04739902913570404
v -0.08815367519855499 -0.16808214783668518 0.04739902913570404
v -0.0881456509232521 0.3648007810115814 -0.04739902913570404
v -0.0881456509232521 0.3648007810115814 0.04739902913570404
v -0.08813372254371643 -0.2502477765083313 0.005391576327383518
v -0.0878971517086029 -0.25087258219718933 0.018759239464998245
v -0.08776269853115082 -0.25125351548194885 0.04085611552000046
v -0.08775026351213455 -0.12730348110198975 -0.04739902913570404
v -0.08775026351213455 -0.12730348110198975 0.04739902913570404
v -0.08774573355913162 -0.2513030767440796 -0.040784843266010284
v -0.08772572875022888 -0.25136202573776245 -0.018679972738027573
v -0.08766146749258041 -0.1180661991238594 -0.04739902913570404
v -0.08766146749258041 -0.1180661991238594 0.04739902913570404
v -0.08759621530771255 -0.2517565190792084 -0.006314720027148724
v -0.08757465332746506 -0.2518245279788971 -0.04739902913570404
v -0.08757465332746506 -0.2518245279788971 0.04739902913570404
v -0.08724938333034515 -0.2529529631137848 0.02605314552783966
v -0.08719518780708313 -0.2531640827655792 -0.02593020722270012
v -0.08694826066493988 -0.25425225496292114 0.013146262615919113
v -0.08689458668231964 -0.26942870020866394 -0.028810741379857063
v -0.08689458668231964 -0.2694286108016968 0.028810709714889526
v -0.08689283579587936 -0.2675863206386566 -0.03859138861298561
v -0.08689283579587936 -0.26758629083633423 0.03859137371182442
v -0.08689068257808685 -0.2674156725406647 -0.00804628524929285
v -0.08689068257808685 -0.26741528511047363 0.008046237751841545
v -0.08688712865114212 -0.26717638969421387 -0.013898122124373913
v -0.08688712865114212 -0.26717618107795715 0.013898074626922607
v -0.08688703179359436 -0.2545657753944397 0.033200982958078384
v -0.08687001466751099 -0.25465717911720276 -0.03311809524893761
v -0.08686693757772446 -0.2709372937679291 -0.04739902913570404
v -0.08686693757772446 -0.2709372937679291 0.04739902913570404
v -0.08683434128761292 -0.25485554337501526 -0.01332862302660942
v -0.0868239477276802 -0.27219241857528687 -0.02043481171131134
v -0.0868239477276802 -0.27219220995903015 0.020434733480215073
v -0.08675240725278854 -0.2736292779445648 -0.004283387213945389
v -0.08675248175859451 -0.2736281156539917 0.004283260554075241
v -0.08674118667840958 -0.27381908893585205 -0.042712338268756866
v -0.08674118667840958 -0.27381905913352966 0.04271232336759567
v -0.08671383559703827 -0.2742544412612915 -0.012570096179842949
v -0.08671387284994125 -0.2742539942264557 0.01256998535245657
v -0.08662799745798111 -0.37121301889419556 -0.009490091353654861
v -0.08662799745798111 -0.37121301889419556 0.009490138851106167
v -0.08659163117408752 -0.2758884131908417 -0.037459880113601685
v -0.08659163117408752 -0.2758883535861969 0.037459846585989
v -0.08658482134342194 -0.3374675214290619 -0.04739902913570404
v -0.08658482134342194 -0.3374675214290619 0.04739902913570404
v -0.0865679606795311 -0.2610166668891907 -0.04739902913570404
v -0.0865679606795311 -0.2610166668891907 -0.03791922330856323
v -0.0865679606795311 -0.2610166668891907 -0.028439417481422424
v -0.0865679606795311 -0.2610166668891907 -0.018959611654281616
v -0.0865679606795311 -0.2610166668891907 -0.009479805827140808
v -0.0865679606795311 -0.2610166668891907 0.0
v -0.0865679606795311 -0.2610166668891907 0.009479805827140808
v -0.0865679606795311 -0.2610166668891907 0.018959611654281616
v -0.0865679606795311 -0.2610166668891907 0.028439417481422424
v -0.0865679606795311 -0.2610166668891907 0.03791922330856323
v -0.0865679606795311 -0.2610166668891907 0.04739902913570404
v -0.08650314807891846 -0.3713182806968689 -0.028452184051275253
v -0.08650314807891846 -0.3713182806968689 0.02845221571624279
v -0.0863250270485878 -0.3714680075645447 -0.04739902913570404
v -0.0863250270485878 -0.3714680075645447 0.04739902913570404
v -0.08629922568798065 -0.16866198182106018 2.038100092249806e-06
v -0.08628997951745987 -0.2788573205471039 -0.028979308903217316
v -0.08628999441862106 -0.27885720133781433 0.0289792288094759
v -0.08605103939771652 0.38994231820106506 -0.03791913017630577
v -0.08605103939771652 0.38994231820106506 0.03791913017630577
v -0.08603273332118988 -0.28082725405693054 -0.04739902913570404
v -0.08603273332118988 -0.28082725405693054 0.04739902913570404
v -0.08584240823984146 -0.1187552735209465 -2.038100092249806e-06
v -0.08584101498126984 0.3900069296360016 -0.018959421664476395
v -0.08584101498126984 0.3900069296360016 0.018959421664476395
v -0.08580044656991959 -0.2823619246482849 -0.019390800967812538
v -0.08580047637224197 -0.2823616564273834 0.019390642642974854
v -0.08576381951570511 0.3900306224822998 0.0
v -0.08575142920017242 -0.28266382217407227 -0.009367043152451515
v -0.0857514962553978 -0.2826634347438812 0.009366854093968868
v -0.08574629575014114 -0.28269514441490173 -1.10599998492944e-07
v -0.08562392741441727 -0.14445635676383972 -0.04739902913570404
v -0.08562392741441727 -0.14445635676383972 0.04739902913570404
v -0.08539082109928131 -0.28470802307128906 -0.03826632723212242
v -0.0853908360004425 -0.2847079634666443 0.03826627880334854
v -0.0850895494222641 0.34023940563201904 -0.03791913017630577
v -0.0850895494222641 0.34023940563201904 0.03791913017630577
v -0.08490113914012909 -0.28711509704589844 -0.004799894522875547
v -0.08490117639303207 -0.2871149778366089 0.004799672868102789
v -0.08488322794437408 0.3403157591819763 -0.018959421664476395
v -0.08488322794437408 0.3403157591819763 0.018959421664476395
v -0.08487292379140854 -0.28724396228790283 -0.01469211932271719
v -0.08487296849489212 -0.28724372386932373 0.014691929332911968
v -0.08480740338563919 0.34034377336502075 0.0
v -0.08464840799570084 -0.3071029782295227 -0.04739902913570404
v -0.08464840799570084 -0.3071029782295227 0.04739902913570404
v -0.08462832868099213 -0.16917286813259125 -0.03811316564679146
v -0.08462831377983093 -0.16917286813259125 0.038114335387945175
v -0.08461453765630722 -0.2883830666542053 -0.029512973502278328
v -0.08461456745862961 -0.2883829176425934 0.029512863606214523
v -0.08420193940401077 -0.11936258524656296 -0.038114335387945175
v -0.08420196175575256 -0.11936258524656296 0.03811316564679146
v -0.08412907272577286 -0.1693233847618103 -0.017785094678401947
v -0.08412902802228928 -0.1693233996629715 0.017788618803024292
v -0.08407621085643768 -0.2905576229095459 -0.04739902913570404
v -0.08407621085643768 -0.2905576229095459 0.04739902913570404
v -0.08404119312763214 -0.3623390793800354 -0.04739902913570404
v -0.08404119312763214 -0.3623390793800354 0.04739902913570404
v -0.08402738720178604 0.37300461530685425 -0.04739902913570404
v -0.08402738720178604 0.37300461530685425 0.04739902913570404
v -0.08391343802213669 -0.29117143154144287 -0.009832312352955341
v -0.08391349017620087 -0.29117125272750854 0.009832075797021389
v -0.08379075676202774 0.3816883862018585 -0.04739902913570404
v -0.08379075676202774 0.3816883862018585 0.04739902913570404
v -0.08373354375362396 -0.29182958602905273 -1.4219999400211236e-07
v -0.08371153473854065 -0.11954154819250107 0.017785094678401947
v -0.08371149003505707 -0.11954157799482346 -0.017788618803024292
v -0.08349798619747162 -0.29266223311424255 -0.020178351551294327
v -0.0834980383515358 -0.2926620543003082 0.02017814666032791
v -0.08326402306556702 -0.293459415435791 -0.0388476587831974
v -0.08326404541730881 -0.29345938563346863 0.03884759545326233
v -0.08289676159620285 -0.31869176030158997 -0.04739902913570404
v -0.08289676159620285 -0.31869176030158997 0.04739902913570404
v -0.08287413418292999 -0.16969749331474304 -0.007624007295817137
v -0.0828741043806076 -0.16969749331474304 0.007628131192177534
v -0.08281013369560242 -0.37431782484054565 1.5799999530941022e-08
v -0.08274015784263611 -0.37437260150909424 -0.01896967552602291
v -0.08274015784263611 -0.37437260150909424 0.018969707190990448
v -0.08256299793720245 -0.3745109438896179 -0.037924326956272125
v -0.08256299793720245 -0.3745109438896179 0.03792434185743332
v -0.08253735303878784 0.35381537675857544 -0.04739902913570404
v -0.08253735303878784 0.35381537675857544 0.04739902913570404
v -0.08247827738523483 -0.1199864000082016 -0.007628131192177534
v -0.08247829228639603 -0.1199863851070404 0.007624007295817137
v -0.08201040327548981 -0.29732468724250793 -0.006148127838969231
v -0.082010418176651 -0.29732462763786316 0.006147859618067741
v -0.08181064575910568 -0.29788854718208313 -0.031414907425642014
v -0.08181069046258926 -0.29788845777511597 0.031414780765771866
v -0.0817851573228836 -0.3531600832939148 -0.04739902913570404
v -0.0817851573228836 -0.3531600832939148 0.04739902913570404
v -0.08145387470722198 -0.298866331577301 -0.03909358009696007
v -0.08145388960838318 -0.29886627197265625 0.039093516767024994
v -0.08142635226249695 -0.15261907875537872 -0.04739902913570404
v -0.08142635226249695 -0.15261907875537872 0.04739902913570404
v -0.08140190690755844 0.39133232831954956 -0.04739902913570404
v -0.08140190690755844 0.39133232831954956 0.04739902913570404
v -0.08137765526771545 -0.2990705668926239 -0.013640160672366619
v -0.08137769997119904 -0.29907047748565674 0.013639908283948898
v -0.0811709314584732 0.39139920473098755 -0.028439244255423546
v -0.0811709314584732 0.39139920473098755 0.028439244255423546
v -0.08110330998897552 -0.16130049526691437 -0.04739902913570404
v -0.08110330998897552 -0.16130049526691437 0.04739902913570404
v -0.08102814853191376 0.39144042134284973 -0.009479694999754429
v -0.08102814853191376 0.39144042134284973 0.009479694999754429
v -0.08102290332317352 -0.3000014126300812 -0.04739902913570404
v -0.08102290332317352 -0.3000014126300812 0.04739902913570404
v -0.08086446672677994 -0.3004071116447449 -1.4219999400211236e-07
v -0.08051767945289612 0.34188205003738403 -0.04739902913570404
v -0.08051767945289612 0.34188205003738403 0.04739902913570404
v -0.080290287733078 0.3419610857963562 -0.028439244255423546
v -0.080290287733078 0.3419610857963562 0.028439244255423546
v -0.08019574731588364 -0.3020569086074829 -0.02276376262307167
v -0.08019577711820602 -0.30205678939819336 0.02276357263326645
v -0.08015961199998856 -0.33039966225624084 -0.04739902913570404
v -0.08015961199998856 -0.33039966225624084 0.04739902913570404
v -0.08014971762895584 0.34200984239578247 -0.009479694999754429
v -0.08014971762895584 0.34200984239578247 0.009479694999754429
v -0.08012659102678299 -0.13340970873832703 -0.04739902913570404
v -0.08012659102678299 -0.13340970873832703 0.04739902913570404
v -0.07971960306167603 -0.3447735607624054 -0.04739902913570404
v -0.07971960306167603 -0.3447735607624054 0.04739902913570404
v -0.07943996787071228 -0.17069004476070404 -0.029471831396222115
v -0.07943990081548691 -0.17069005966186523 0.02947435900568962
v -0.07940108329057693 -0.30390089750289917 -0.007267788052558899
v -0.07940109819173813 -0.3039008378982544 0.007267519365996122
v -0.07936377823352814 -0.303984671831131 -0.0387127622961998
v -0.07936380058526993 -0.3039846122264862 0.03871268406510353
v -0.07933121919631958 0.3662438690662384 -0.04739902913570404
v -0.07933121919631958 0.3662438690662384 0.04739902913570404
v -0.07909978181123734 -0.12116706371307373 -0.02947435900568962
v -0.07909984886646271 -0.12116704881191254 0.029471831396222115
v -0.07900797575712204 -0.17081168293952942 -0.038137368857860565
v -0.07900793850421906 -0.1708116978406906 0.038138680160045624
v -0.07883983105421066 -0.3682156801223755 -0.04739902913570404
v -0.07883983105421066 -0.3682156801223755 0.04739902913570404
v -0.07882245630025864 -0.3773232102394104 -0.009484292939305305
v -0.07882245630025864 -0.3773232102394104 0.009484324604272842
v -0.07875902950763702 -0.3053106367588043 -0.030794454738497734
v -0.07875906676054001 -0.30531057715415955 0.030794311314821243
v -0.0786961168050766 -0.37741467356681824 -0.028445769101381302
v -0.0786961168050766 -0.37741467356681824 0.028445784002542496
v -0.07867445796728134 -0.12131179124116898 -0.038138680160045624
v -0.07867448776960373 -0.12131176888942719 0.038137368857860565
v -0.07861800491809845 -0.17092087864875793 -0.04739902913570404
v -0.07861800491809845 -0.17092087864875793 0.04739902913570404
v -0.07850010693073273 -0.377556174993515 -0.04739902913570404
v -0.07850010693073273 -0.377556174993515 0.04739902913570404
v -0.07829044759273529 -0.12144170701503754 -0.04739902913570404
v -0.07829044759273529 -0.12144170701503754 0.04739902913570404
v -0.07798848301172256 -0.3379650115966797 -0.04739902913570404
v -0.07798848301172256 -0.3379650115966797 0.04739902913570404
v -0.07798364758491516 -0.3069298267364502 -0.015649737790226936
v -0.07798367738723755 -0.30692973732948303 0.015649501234292984
v -0.07753926515579224 -0.30782076716423035 -1.4219999400211236e-07
v -0.07694496214389801 -0.17138275504112244 -0.011464797891676426
v -0.07694489508867264 -0.17138276994228363 0.011469379998743534
v -0.07691731303930283 0.3760841190814972 -0.04739902913570404
v -0.07691731303930283 0.3760841190814972 0.04739902913570404
v -0.07691266387701035 -0.30903545022010803 -0.04739902913570404
v -0.07691266387701035 -0.30903545022010803 0.04739902913570404
v -0.07680034637451172 -0.1458098143339157 -0.04739902913570404
v -0.07680034637451172 -0.1458098143339157 0.04739902913570404
v -0.0767335593700409 -0.17144033312797546 2.51219989877427e-06
v -0.0766419842839241 -0.12199138104915619 -0.011469379998743534
v -0.07664205133914948 -0.1219913512468338 0.011464797891676426
v -0.0764942616224289 0.3927091062068939 -0.03791913017630577
v -0.0764942616224289 0.3927091062068939 0.03791913017630577
v -0.0764336809515953 -0.1220599040389061 -2.51219989877427e-06
v -0.07643169164657593 -0.30993717908859253 -0.024904951453208923
v -0.07643172144889832 -0.30993711948394775 0.024904761463403702
v -0.07628215104341507 0.392766535282135 -0.018959421664476395
v -0.07628215104341507 0.392766535282135 0.018959421664476395
v -0.07620419561862946 0.3927876055240631 0.0
v -0.07617853581905365 -0.17159074544906616 -0.020130036398768425
v -0.07617845386266708 -0.17159077525138855 0.02013404853641987
v -0.07588652521371841 -0.12223894149065018 0.020130036398768425
v -0.07588644325733185 -0.12223897874355316 -0.02013404853641987
v -0.07568123936653137 0.3435094952583313 -0.03791913017630577
v -0.07568123936653137 0.3435094952583313 0.03791913017630577
v -0.07561150193214417 -0.31141865253448486 0.008168053813278675
v -0.07561148703098297 -0.31141868233680725 -0.008168306201696396
v -0.07547197490930557 0.34357741475105286 -0.018959421664476395
v -0.07547197490930557 0.34357741475105286 0.018959421664476395
v -0.07541247457265854 -0.36048778891563416 -0.04739902913570404
v -0.07541247457265854 -0.36048778891563416 0.04739902913570404
v -0.07539506256580353 0.34360232949256897 0.0
v -0.07511556148529053 0.35081446170806885 -0.04739902913570404
v -0.07511556148529053 0.35081446170806885 0.04739902913570404
v -0.07510512322187424 -0.31230059266090393 -0.036175429821014404
v -0.07510513812303543 -0.31230056285858154 0.036175332963466644
v -0.07478594779968262 -0.38013797998428345 1.5799999530941022e-08
v -0.0747152641415596 -0.3801853358745575 -0.018964240327477455
v -0.0747152641415596 -0.3801853358745575 0.018964271992444992
v -0.0746723860502243 0.38460567593574524 -0.04739902913570404
v -0.0746723860502243 0.38460567593574524 0.04739902913570404
v -0.07452740520238876 -0.38031089305877686 -0.03792184591293335
v -0.07452740520238876 -0.38031089305877686 0.03792184591293335
v -0.07428696751594543 -0.15562939643859863 -0.04739902913570404
v -0.07428696751594543 -0.15562939643859863 0.04739902913570404
v -0.07388832420110703 -0.3254152834415436 -0.04739902913570404
v -0.07388832420110703 -0.3254152834415436 0.04739902913570404
v -0.07367905974388123 -0.31466373801231384 -0.017152981832623482
v -0.07367908954620361 -0.31466367840766907 0.017152760177850723
v -0.07356367260217667 0.3598049581050873 -0.04739902913570404
v -0.07356367260217667 0.3598049581050873 0.04739902913570404
v -0.07331348210573196 -0.17234861850738525 -0.03756546974182129
v -0.07331343740224838 -0.17234863340854645 0.03756701573729515
v -0.07320942729711533 -0.3510854244232178 -0.04739902913570404
v -0.07320942729711533 -0.3510854244232178 0.04739902913570404
v -0.07320868223905563 -0.3433855473995209 -0.04739902913570404
v -0.07320868223905563 -0.3433855473995209 0.04739902913570404
v -0.07319067418575287 -0.3154357075691223 -1.4219999400211236e-07
v -0.07306002825498581 -0.12314122915267944 -0.03756701573729515
v -0.07306007295846939 -0.12314121425151825 0.03756546974182129
v -0.072776198387146 -0.13032619655132294 -0.04739902913570404
v -0.072776198387146 -0.13032619655132294 0.04739902913570404
v -0.07195660471916199 -0.1641291379928589 -0.04739902913570404
v -0.07195660471916199 -0.1641291379928589 0.04739902913570404
v -0.07180049270391464 0.3939400911331177 -0.04739902913570404
v -0.07180049270391464 0.3939400911331177 0.04739902913570404
v -0.07179908454418182 -0.31754186749458313 -0.04739902913570404
v -0.07179908454418182 -0.31754186749458313 0.04739902913570404
v -0.07163052260875702 -0.3177882134914398 -0.02689213864505291
v -0.07163053750991821 -0.31778818368911743 0.026891982182860374
v -0.07156738638877869 0.39399904012680054 -0.028439244255423546
v -0.07156738638877869 0.39399904012680054 0.028439244255423546
v -0.07142329216003418 0.3940353989601135 -0.009479694999754429
v -0.07142329216003418 0.3940353989601135 0.009479694999754429
v -0.07111461460590363 -0.13930737972259521 -0.04739902913570404
v -0.07111461460590363 -0.13930737972259521 0.04739902913570404
v -0.07104634493589401 0.3449649214744568 -0.04739902913570404
v -0.07104634493589401 0.3449649214744568 0.04739902913570404
v -0.07102695852518082 0.36924540996551514 -0.04739902913570404
v -0.07102695852518082 0.36924540996551514 0.04739902913570404
v -0.07101984322071075 -0.17293299734592438 -0.00753496028482914
v -0.07101978361606598 -0.17293301224708557 0.007540205959230661
v -0.07081593573093414 0.3450346291065216 -0.028439244255423546
v -0.07081593573093414 0.3450346291065216 0.028439244255423546
v -0.07079488784074783 -0.12383722513914108 -0.007540205959230661
v -0.0707949697971344 -0.12383721023797989 0.00753496028482914
v -0.07071205228567123 -0.31909942626953125 -0.008939062245190144
v -0.07071205228567123 -0.31909939646720886 0.008938808925449848
v -0.07067348808050156 0.34507760405540466 -0.009479694999754429
v -0.07067348808050156 0.34507760405540466 0.009479694999754429
v -0.07062187045812607 -0.17303238809108734 -0.0157171543687582
v -0.07062174379825592 -0.17303241789340973 0.015722084790468216
v -0.07058876752853394 -0.38284021615982056 -0.009481812827289104
v -0.07058876752853394 -0.38284021615982056 0.009481828659772873
v -0.07045726478099823 -0.38292136788368225 -0.02844245173037052
v -0.07045726478099823 -0.38292136788368225 0.028442466631531715
v -0.07041078060865402 -0.33633825182914734 -0.04739902913570404
v -0.07041078060865402 -0.33633825182914734 0.04739902913570404
v -0.07040160149335861 -0.1239556297659874 -0.015722084790468216
v -0.07040172815322876 -0.12395559251308441 0.0157171543687582
v -0.07024738192558289 -0.38305044174194336 -0.04739902913570404
v -0.07024738192558289 -0.38305044174194336 0.04739902913570404
v -0.0699203759431839 -0.36922726035118103 -0.04739902913570404
v -0.0699203759431839 -0.36922726035118103 0.04739902913570404
v -0.06963369250297546 -0.1732766032218933 -0.026210272684693336
v -0.06963356584310532 -0.1732766330242157 0.0262137483805418
v -0.06942494958639145 -0.12424654513597488 -0.0262137483805418
v -0.0694250613451004 -0.1242465153336525 0.026210272684693336
v -0.06899124383926392 -0.17343342304229736 -0.04739902913570404
v -0.06899124383926392 -0.17343342304229736 0.04739902913570404
v -0.06898674368858337 -0.3214314877986908 -0.03712538629770279
v -0.06898675858974457 -0.3214314579963684 0.03712530434131622
v -0.06878991425037384 -0.12443334609270096 -0.04739902913570404
v -0.06878991425037384 -0.12443334609270096 0.04739902913570404
v -0.06847445666790009 -0.1487334966659546 -0.04739902913570404
v -0.06847445666790009 -0.1487334966659546 0.04739902913570404
v -0.06844177842140198 -0.32213544845581055 -0.01836288906633854
v -0.06844181567430496 -0.32213544845581055 0.018362699076533318
v -0.06832090020179749 0.37803152203559875 -0.04739902913570404
v -0.06832090020179749 0.37803152203559875 0.04739902913570404
v -0.06791279464960098 0.3536050617694855 -0.04739902913570404
v -0.06791279464960098 0.3536050617694855 0.04739902913570404
v -0.06770763546228409 -0.3230608403682709 -1.2639999624752818e-07
v -0.06684882938861847 0.39514902234077454 -0.03791913017630577
v -0.06684882938861847 0.39514902234077454 0.03791913017630577
v -0.06682363897562027 -0.35805559158325195 -0.04739902913570404
v -0.06682363897562027 -0.35805559158325195 0.04739902913570404
v -0.066634900867939 0.3951992094516754 -0.018959421664476395
v -0.066634900867939 0.3951992094516754 0.018959421664476395
v -0.06655625998973846 0.3952175974845886 0.0
v -0.06635559350252151 -0.38534966111183167 1.5799999530941022e-08
v -0.06628227978944778 -0.38539132475852966 -0.018961697816848755
v -0.06628227978944778 -0.38539132475852966 0.01896171271800995
v -0.06614771485328674 0.3463943302631378 -0.03791913017630577
v -0.06614771485328674 0.3463943302631378 0.03791913017630577
v -0.06608418375253677 -0.38550350069999695 -0.03792048618197441
v -0.06608418375253677 -0.38550350069999695 0.03792048618197441
v -0.06593587249517441 0.3464536666870117 -0.018959421664476395
v -0.06593587249517441 0.3464536666870117 0.018959421664476395
v -0.06585801392793655 0.34647542238235474 0.0
v -0.0657850056886673 -0.32536786794662476 -0.027630869299173355
v -0.06578502058982849 -0.32536786794662476 0.027630742639303207
v -0.06574888527393341 -0.3254097104072571 -0.04739902913570404
v -0.06574888527393341 -0.3254097104072571 0.04739902913570404
v -0.06567369401454926 -0.15749402344226837 -0.04739902913570404
v -0.06567369401454926 -0.15749402344226837 0.04739902913570404
v -0.06560360640287399 -0.17423494160175323 3.0177000098774442e-06
v -0.06555943191051483 -0.13303884863853455 -0.04739902913570404
v -0.06555943191051483 -0.13303884863853455 0.04739902913570404
v -0.06543819606304169 -0.1253884881734848 -3.0177000098774442e-06
v -0.06513691693544388 -0.17434200644493103 -0.010498379357159138
v -0.06513673812150955 -0.1743420660495758 0.010503988713026047
v -0.06511770188808441 -0.377109169960022 -0.04739902913570404
v -0.06511770188808441 -0.377109169960022 0.04739902913570404
v -0.06505126506090164 0.3869715929031372 -0.04739902913570404
v -0.06505126506090164 0.3869715929031372 0.04739902913570404
v -0.06497596204280853 -0.1255161613225937 -0.010503988713026047
v -0.06497611850500107 -0.1255161166191101 0.010498379357159138
v -0.06474645435810089 0.3627627491950989 -0.04739902913570404
v -0.06474645435810089 0.3627627491950989 0.04739902913570404
v -0.06471510976552963 -0.3467654287815094 -0.04739902913570404
v -0.06471510976552963 -0.3467654287815094 0.04739902913570404
v -0.06468456983566284 -0.1744450479745865 -0.018463486805558205
v -0.06468436866998672 -0.17444509267807007 0.018468478694558144
v -0.06452801078557968 -0.12563897669315338 -0.018468478694558144
v -0.0645282194018364 -0.1256389170885086 0.018463486805558205
v -0.06433884054422379 -0.32700154185295105 -0.009949672035872936
v -0.06433885544538498 -0.32700154185295105 0.00994946714490652
v -0.06408719718456268 -0.1745799332857132 -0.036775168031454086
v -0.06408710777759552 -0.17457996308803558 0.03677701577544212
v -0.06393655389547348 -0.1257997304201126 0.036775168031454086
v -0.06393647193908691 -0.1257997453212738 -0.03677701577544212
v -0.06332556158304214 -0.3280985653400421 -0.019611980766057968
v -0.06332557648420334 -0.3280985355377197 0.01961180567741394
v -0.06239061430096626 -0.3290780484676361 -0.03725577890872955
v -0.062390632927417755 -0.3290780484676361 0.03725571557879448
v -0.0623118057847023 -0.1664005070924759 -0.04739902913570404
v -0.0623118057847023 -0.1664005070924759 0.04739902913570404
v -0.062276605516672134 -0.142179936170578 -0.04739902913570404
v -0.062276605516672134 -0.142179936170578 0.04739902913570404
v -0.06211590766906738 0.39621955156326294 -0.04739902913570404
v -0.06211590766906738 0.39621955156326294 0.04739902913570404
v -0.06197059527039528 -0.3877350091934204 -0.009480690583586693
v -0.06197059527039528 -0.3877350091934204 0.009480706416070461
v -0.061880916357040405 0.3962705433368683 -0.028439244255423546
v -0.061880916357040405 0.3962705433368683 0.028439244255423546
v -0.061833202838897705 -0.38780635595321655 -0.028440792113542557
v -0.061833202838897705 -0.38780635595321655 0.02844080701470375
v -0.061735671013593674 0.3963019847869873 -0.009479694999754429
v -0.061735671013593674 0.3963019847869873 0.009479694999754429
v -0.06163107603788376 -0.32985177636146545 -1.10599998492944e-07
v -0.06161180138587952 -0.38792094588279724 -0.04739902913570404
v -0.06161180138587952 -0.38792094588279724 0.04739902913570404
v -0.06158031150698662 0.3719315528869629 -0.04739902913570404
v -0.06158031150698662 0.3719315528869629 0.04739902913570404
v -0.06155407056212425 -0.36818793416023254 -0.04739902913570404
v -0.06155407056212425 -0.36818793416023254 0.04739902913570404
v -0.06145748496055603 0.3476600646972656 -0.04739902913570404
v -0.06145748496055603 0.3476600646972656 0.04739902913570404
v -0.061224427074193954 0.34772035479545593 -0.028439244255423546
v -0.061224427074193954 0.34772035479545593 0.028439244255423546
v -0.06108034774661064 0.3477575182914734 -0.009479694999754429
v -0.06108034774661064 0.3477575182914734 0.009479694999754429
v -0.05982784554362297 -0.17550380527973175 -0.006735275499522686
v -0.05982762202620506 -0.17550384998321533 0.0067412639036774635
v -0.059714529663324356 -0.12690132856369019 0.006735275499522686
v -0.05971430987119675 -0.12690140306949615 -0.0067412639036774635
v -0.059360016137361526 -0.3543241024017334 -0.04739902913570404
v -0.059360016137361526 -0.3543241024017334 0.04739902913570404
v -0.05928455665707588 -0.17561689019203186 -0.04739902913570404
v -0.05928455665707588 -0.17561689019203186 0.04739902913570404
v -0.05917556956410408 -0.1270361840724945 -0.04739902913570404
v -0.05917556956410408 -0.1270361840724945 0.04739902913570404
v -0.05914697423577309 -0.3407370448112488 -0.04739902913570404
v -0.05914697423577309 -0.3407370448112488 0.04739902913570404
v -0.05899978429079056 -0.15132765471935272 -0.04739902913570404
v -0.05899978429079056 -0.15132765471935272 0.04739902913570404
v -0.05898008123040199 -0.1756797730922699 -0.014542385935783386
v -0.05897974967956543 -0.17567984759807587 0.014548057690262794
v -0.058951832354068756 -0.1756855994462967 -0.025348132476210594
v -0.058951593935489655 -0.17568564414978027 0.025352049618959427
v -0.058873165398836136 -0.1271113008260727 -0.014548057690262794
v -0.0588734969496727 -0.12711119651794434 0.014542385935783386
v -0.05887315049767494 0.3803446888923645 -0.04739902913570404
v -0.05887315049767494 0.3803446888923645 0.04739902913570404
v -0.05884522944688797 -0.12711820006370544 -0.025352049618959427
v -0.05884545296430588 -0.12711815536022186 0.025348132476210594
v -0.05884099751710892 -0.3325363099575043 -0.04739902913570404
v -0.05884099751710892 -0.3325363099575043 0.04739902913570404
v -0.05871472507715225 -0.3609203100204468 -0.04739902913570404
v -0.05871472507715225 -0.3609203100204468 0.04739902913570404
v -0.05870988965034485 -0.33265671133995056 -0.026536820456385612
v -0.05870990827679634 -0.33265671133995056 0.026536693796515465
v -0.05865614116191864 0.35660520195961 -0.04739902913570404
v -0.05865614116191864 0.35660520195961 0.04739902913570404
v -0.05861346423625946 -0.33274492621421814 -0.015579271130263805
v -0.05861346423625946 -0.33274492621421814 0.015579096972942352
v -0.05855099484324455 -0.3328019678592682 -0.007154267281293869
v -0.05855099484324455 -0.3328019678592682 0.007154077757149935
v -0.057563766837120056 -0.389925479888916 0.0
v -0.057487454265356064 -0.3899616599082947 -0.0189604964107275
v -0.057487454265356064 -0.3899616599082947 0.0189604964107275
v -0.05733882635831833 -0.3747496008872986 -0.04739902913570404
v -0.05733882635831833 -0.3747496008872986 0.04739902913570404
v -0.05728019401431084 -0.39005962014198303 -0.0379197932779789
v -0.05728019401431084 -0.39005962014198303 0.0379197932779789
v -0.05712595954537392 0.39725929498672485 -0.03791913017630577
v -0.05712595954537392 0.39725929498672485 0.03791913017630577
v -0.0569104328751564 0.39730215072631836 -0.018959421664476395
v -0.0569104328751564 0.39730215072631836 0.018959421664476395
v -0.056831229478120804 0.3973178565502167 0.0
v -0.05650477856397629 0.3488891124725342 -0.03791913017630577
v -0.05650477856397629 0.3488891124725342 0.03791913017630577
v -0.05629070848226547 0.34893977642059326 -0.018959421664476395
v -0.05629070848226547 0.34893977642059326 0.018959421664476395
v -0.05626906082034111 -0.13595955073833466 -0.04739902913570404
v -0.05626906082034111 -0.13595955073833466 0.04739902913570404
v -0.05621202662587166 0.3489583730697632 0.0
v -0.056201424449682236 -0.15971361100673676 -0.04739902913570404
v -0.056201424449682236 -0.15971361100673676 0.04739902913570404
v -0.05587920546531677 -0.17630115151405334 3.270600018367986e-06
v -0.05579535663127899 -0.12785246968269348 -3.270600018367986e-06
v -0.05573885515332222 0.3653843402862549 -0.04739902913570404
v -0.05573885515332222 0.3653843402862549 0.04739902913570404
v -0.055383190512657166 0.3891417980194092 -0.04739902913570404
v -0.055383190512657166 0.3891417980194092 0.04739902913570404
v -0.05529482290148735 -0.33562636375427246 -9.480000073835981e-08
v -0.05525502189993858 -0.38226547837257385 -0.04739902913570404
v -0.05525502189993858 -0.38226547837257385 0.04739902913570404
v -0.05501328781247139 -0.335857629776001 -0.03744346275925636
v -0.05501328781247139 -0.3358575999736786 0.03744339942932129
v -0.054226431995630264 -0.17661811411380768 -0.03672875091433525
v -0.05422632396221161 -0.17661814391613007 0.03673064708709717
v -0.05415353178977966 -0.12823067605495453 0.03672875091433525
v -0.05415342375636101 -0.12823070585727692 -0.03673064708709717
v -0.05385000631213188 -0.34764736890792847 -0.04739902913570404
v -0.05385000631213188 -0.34764736890792847 0.04739902913570404
v -0.05361994728446007 -0.3369734287261963 -0.019980397075414658
v -0.05361994728446007 -0.3369734287261963 0.019980255514383316
v -0.05349626764655113 -0.17675501108169556 -0.008641901426017284
v -0.053495604544878006 -0.1767551302909851 0.00864801649004221
v -0.05342796444892883 -0.12839403748512268 0.008641901426017284
v -0.05342730134725571 -0.12839418649673462 -0.00864801649004221
v -0.05324231833219528 -0.14471273124217987 -0.04739902913570404
v -0.05324231833219528 -0.14471273124217987 0.04739902913570404
v -0.05301445722579956 -0.3919810354709625 -0.00948015321046114
v -0.05301445722579956 -0.3919810354709625 0.009480169042944908
v -0.052871499210596085 -0.3920423686504364 -0.02843998558819294
v -0.052871499210596085 -0.3920423686504364 0.02843998558819294
v -0.05264044553041458 -0.39214104413986206 -0.04739902913570404
v -0.05264044553041458 -0.39214104413986206 0.04739902913570404
v -0.05262172222137451 -0.168474480509758 -0.04739902913570404
v -0.05262172222137451 -0.168474480509758 0.04739902913570404
v -0.05258037522435188 0.3738856911659241 -0.04739902913570404
v -0.05258037522435188 0.3738856911659241 0.04739902913570404
v -0.052359338849782944 0.3981681168079376 -0.04739902913570404
v -0.052359338849782944 0.3981681168079376 0.04739902913570404
v -0.05235044285655022 -0.3567705750465393 -0.04739902913570404
v -0.05235044285655022 -0.3567705750465393 0.04739902913570404
v -0.05219122767448425 -0.33806997537612915 -0.010242155753076077
v -0.052191246300935745 -0.33806997537612915 0.010242014192044735
v -0.052122753113508224 0.3982110917568207 -0.028439244255423546
v -0.052122753113508224 0.3982110917568207 0.028439244255423546
v -0.051976513117551804 0.39823755621910095 -0.009479694999754429
v -0.051976513117551804 0.39823755621910095 0.009479694999754429
v -0.05176696181297302 0.34996306896209717 -0.04739902913570404
v -0.05176696181297302 0.34996306896209717 0.04739902913570404
v -0.05166454613208771 -0.17708998918533325 -0.01756625436246395
v -0.05166410282254219 -0.17709006369113922 0.017571577802300453
v -0.0516066737473011 -0.12879391014575958 -0.017571577802300453
v -0.051607098430395126 -0.12879382073879242 0.01756625436246395
v -0.05153163895010948 0.3500138521194458 -0.028439244255423546
v -0.05153163895010948 0.3500138521194458 0.028439244255423546
v -0.05138617381453514 0.3500451147556305 -0.009479694999754429
v -0.05138617381453514 0.3500451147556305 0.009479694999754429
v -0.05129259079694748 -0.3669293224811554 -0.04739902913570404
v -0.05129259079694748 -0.3669293224811554 0.04739902913570404
v -0.051165513694286346 -0.33882877230644226 -0.04739902913570404
v -0.051165513694286346 -0.33882877230644226 0.04739902913570404
v -0.05086664855480194 -0.3390454947948456 -0.02825584076344967
v -0.050866663455963135 -0.3390454947948456 0.028255745768547058
v -0.05061407387256622 -0.3767845332622528 -0.04739902913570404
v -0.05061407387256622 -0.3767845332622528 0.04739902913570404
v -0.04997284337878227 -0.15319374203681946 -0.04739902913570404
v -0.04997284337878227 -0.15319374203681946 0.04739902913570404
v -0.04957118630409241 0.3825201690196991 -0.04739902913570404
v -0.04957118630409241 0.3825201690196991 0.04739902913570404
v -0.04950917139649391 -0.17746871709823608 -0.04739902913570404
v -0.04950917139649391 -0.17746871709823608 0.04739902913570404
v -0.04946335032582283 -0.12924592196941376 -0.04739902913570404
v -0.04946335032582283 -0.12924592196941376 0.04739902913570404
v -0.049374841153621674 -0.17749176919460297 -0.0030913804657757282
v -0.049372583627700806 -0.1774921715259552 0.003097700420767069
v -0.04934637248516083 0.3588152825832367 -0.04739902913570404
v -0.04934637248516083 0.3588152825832367 0.04739902913570404
v -0.04932970181107521 -0.1292734444141388 0.0030913804657757282
v -0.049327459186315536 -0.1292739063501358 -0.003097700420767069
v -0.04924629628658295 -0.17751377820968628 -0.027149926871061325
v -0.04924604296684265 -0.17751382291316986 0.02715357579290867
v -0.049201566725969315 -0.12929975986480713 -0.02715357579290867
v -0.04920182004570961 -0.12929971516132355 0.027149926871061325
v -0.04845793917775154 -0.39384058117866516 0.0
v -0.04837886244058609 -0.39387112855911255 -0.018959911540150642
v -0.04837886244058609 -0.39387112855911255 0.018959911540150642
v -0.048163700848817825 -0.39395400881767273 -0.03791944310069084
v -0.048163700848817825 -0.39395400881767273 0.03791944310069084
v -0.04771259054541588 -0.341218501329422 -6.319999812376409e-08
v -0.04733690619468689 0.3990373909473419 -0.03791913017630577
v -0.04733690619468689 0.3990373909473419 0.03791913017630577
v -0.04712003841996193 0.39907291531562805 -0.018959421664476395
v -0.04712003841996193 0.39907291531562805 0.018959421664476395
v -0.04706187918782234 -0.3416418433189392 -0.019287675619125366
v -0.047061894088983536 -0.3416418433189392 0.01928756572306156
v -0.047040343284606934 0.3990859091281891 0.0
v -0.047010768204927444 -0.3416747450828552 -0.03781425207853317
v -0.047010768204927444 -0.3416747450828552 0.03781420364975929
v -0.04695466160774231 -0.13803674280643463 -0.04739902913570404
v -0.04695466160774231 -0.13803674280643463 0.04739902913570404
v -0.046874068677425385 -0.16179527342319489 -0.04739902913570404
v -0.046874068677425385 -0.16179527342319489 0.04739902913570404
v -0.04676838591694832 0.3509896993637085 -0.03791913017630577
v -0.04676838591694832 0.3509896993637085 0.03791913017630577
v -0.04657324403524399 0.36727797985076904 -0.04739902913570404
v -0.04657324403524399 0.36727797985076904 0.04739902913570404
v -0.04655240476131439 0.351031631231308 -0.018959421664476395
v -0.04655240476131439 0.351031631231308 0.018959421664476395
v -0.04647304117679596 0.35104697942733765 0.0
v -0.046350814402103424 -0.38314318656921387 -0.04739902913570404
v -0.046350814402103424 -0.38314318656921387 0.04739902913570404
v -0.0459216944873333 0.3906062841415405 -0.04739902913570404
v -0.0459216944873333 0.3906062841415405 0.04739902913570404
v -0.04517097398638725 -0.1781807541847229 -0.009919526986777782
v -0.04517034441232681 -0.17818085849285126 0.00992540456354618
v -0.045145001262426376 -0.13009610772132874 0.009919526986777782
v -0.04514436796307564 -0.1300962120294571 -0.00992540456354618
v -0.04513845965266228 -0.3594733774662018 -0.04739902913570404
v -0.04513845965266228 -0.3594733774662018 0.04739902913570404
v -0.04418327286839485 -0.17833352088928223 -0.03630121052265167
v -0.044183146208524704 -0.17833353579044342 0.03630318492650986
v -0.04416105896234512 -0.1302785575389862 -0.03630318492650986
v -0.04416117072105408 -0.130278542637825 0.03630121052265167
v -0.04404088854789734 -0.14652200043201447 -0.04739902913570404
v -0.04404088854789734 -0.14652200043201447 0.04739902913570404
v -0.044025734066963196 -0.1783575564622879 -0.019794324412941933
v -0.044025372713804245 -0.17835763096809387 0.019799191504716873
v -0.044003866612911224 -0.13030733168125153 -0.019799191504716873
v -0.044004231691360474 -0.13030727207660675 0.019794324412941933
v -0.04395809769630432 -0.3739069700241089 -0.04739902913570404
v -0.04395809769630432 -0.3739069700241089 0.04739902913570404
v -0.04392126575112343 -0.3523404598236084 -0.04739902913570404
v -0.04392126575112343 -0.3523404598236084 0.04739902913570404
v -0.04376900568604469 -0.39555516839027405 -0.009479900822043419
v -0.04376900568604469 -0.39555516839027405 0.009479916654527187
v -0.04362126439809799 -0.39560598134994507 -0.02843957580626011
v -0.04362126439809799 -0.39560598134994507 0.02843957580626011
v -0.0435979887843132 0.37559637427330017 -0.04739902913570404
v -0.0435979887843132 0.37559637427330017 0.04739902913570404
v -0.0433821976184845 -0.39568784832954407 -0.04739902913570404
v -0.0433821976184845 -0.39568784832954407 0.04739902913570404
v -0.04329982027411461 -0.3439326584339142 -0.009693354368209839
v -0.04329982027411461 -0.3439326584339142 0.009693227708339691
v -0.04314577206969261 -0.16984406113624573 -0.04739902913570404
v -0.04314577206969261 -0.16984406113624573 0.04739902913570404
v -0.04290759190917015 -0.17852570116519928 3.191499899912742e-06
v -0.04289017990231514 -0.13050809502601624 -3.191499899912742e-06
v -0.0428265705704689 -0.3442026674747467 -0.02847239188849926
v -0.042826585471630096 -0.3442026674747467 0.028472311794757843
v -0.04282257333397865 -0.3442049026489258 -0.04739902913570404
v -0.04282257333397865 -0.3442049026489258 0.04739902913570404
v -0.04254211485385895 0.3997834622859955 -0.04739902913570404
v -0.04254211485385895 0.3997834622859955 0.04739902913570404
v -0.04235047847032547 -0.17860785126686096 -0.027160417288541794
v -0.04235024377703667 -0.17860788106918335 0.027164051309227943
v -0.04233477637171745 -0.13060623407363892 -0.027164051309227943
v -0.04233499616384506 -0.13060620427131653 0.027160417288541794
v -0.042304202914237976 0.3998183608055115 -0.028439244255423546
v -0.042304202914237976 0.3998183608055115 0.028439244255423546
v -0.04215715453028679 0.399839848279953 -0.009479694999754429
v -0.04215715453028679 0.399839848279953 0.009479694999754429
v -0.0420033298432827 0.38308972120285034 -0.04739902913570404
v -0.0420033298432827 0.38308972120285034 0.04739902913570404
v -0.04199080169200897 0.3518701195716858 -0.04739902913570404
v -0.04199080169200897 0.3518701195716858 0.04739902913570404
v -0.0417536161839962 0.3519112765789032 -0.028439244255423546
v -0.0417536161839962 0.3519112765789032 0.028439244255423546
v -0.04160699248313904 0.35193660855293274 -0.009479694999754429
v -0.04160699248313904 0.35193660855293274 0.009479694999754429
v -0.04132203012704849 -0.15487173199653625 -0.04739902913570404
v -0.04132203012704849 -0.15487173199653625 0.04739902913570404
v -0.04057759791612625 -0.38917824625968933 -0.04739902913570404
v -0.04057759791612625 -0.38917824625968933 0.04739902913570404
v -0.040220778435468674 0.36098194122314453 -0.04739902913570404
v -0.040220778435468674 0.36098194122314453 0.04739902913570404
v -0.0401616245508194 -0.3661468029022217 -0.04739902913570404
v -0.0401616245508194 -0.3661468029022217 0.04739902913570404
v -0.03967643156647682 -0.1789868026971817 -0.04739902913570404
v -0.03967643156647682 -0.1789868026971817 0.04739902913570404
v -0.039669305086135864 -0.13105888664722443 -0.04739902913570404
v -0.039669305086135864 -0.13105888664722443 0.04739902913570404
v -0.03934171423316002 -0.16237753629684448 -0.04739902913570404
v -0.03934171423316002 -0.16237753629684448 0.04739902913570404
v -0.039329975843429565 0.3693455159664154 -0.04739902913570404
v -0.039329975843429565 0.3693455159664154 0.04739902913570404
v -0.03908759355545044 -0.3970735967159271 0.0
v -0.039006177335977554 -0.3970983326435089 -0.01895962841808796
v -0.039006177335977554 -0.3970983326435089 0.01895962841808796
v -0.038929533213377 -0.34628090262413025 -4.7400000369179907e-08
v -0.03878450766205788 -0.3971653878688812 -0.03791927173733711
v -0.03878450766205788 -0.3971653878688812 0.03791927173733711
v -0.038666389882564545 -0.34641221165657043 -0.01908179000020027
v -0.038666389882564545 -0.34641221165657043 0.01908169500529766
v -0.03846214711666107 -0.3465133607387543 -0.03791574761271477
v -0.03846214711666107 -0.3465133607387543 0.03791571408510208
v -0.038144227117300034 -0.17919258773326874 -0.022355088964104652
v -0.03814398869872093 -0.17919261753559113 0.022359181195497513
v -0.03814098611474037 -0.1313048154115677 -0.022359181195497513
v -0.03814123943448067 -0.1313047707080841 0.022355088964104652
v -0.03808434680104256 -0.17920047044754028 -0.038070425391197205
v -0.03808426856994629 -0.17920047044754028 0.03807194158434868
v -0.038081519305706024 -0.13131418824195862 0.038070425391197205
v -0.038081422448158264 -0.1313142031431198 -0.03807194158434868
v -0.03796723857522011 -0.13977599143981934 -0.04739902913570404
v -0.03796723857522011 -0.13977599143981934 0.04739902913570404
v -0.03750361129641533 -0.17927619814872742 -0.014613484032452106
v -0.03750331327319145 -0.1792762279510498 0.014618651010096073
v -0.03750190511345863 -0.13140471279621124 -0.014618651010096073
v -0.037502221763134 -0.13140466809272766 0.014613484032452106
v -0.03749299421906471 0.40048131346702576 -0.03791913017630577
v -0.03749299421906471 0.40048131346702576 0.03791913017630577
v -0.037275053560733795 0.40050944685935974 -0.018959421664476395
v -0.037275053560733795 0.40050944685935974 0.018959421664476395
v -0.03719496726989746 0.4005197286605835 0.0
v -0.03712017089128494 -0.17932555079460144 -0.005732659716159105
v -0.037119995802640915 -0.17932558059692383 0.005738189909607172
v -0.037119507789611816 -0.1314636617898941 -0.005738189909607172
v -0.037119679152965546 -0.13146363198757172 0.005732659716159105
v -0.0369546040892601 0.3526926338672638 -0.03791913017630577
v -0.0369546040892601 0.3526926338672638 0.03791913017630577
v -0.03690219670534134 -0.17935337126255035 2.95449990517227e-06
v -0.036902230232954025 -0.1314968764781952 -2.95449990517227e-06
v -0.0367371067404747 0.3527257442474365 -0.018959421664476395
v -0.0367371067404747 0.3527257442474365 0.018959421664476395
v -0.0366571769118309 0.3527378737926483 0.0
v -0.03621382266283035 -0.14824140071868896 -0.04739902913570404
v -0.03621382266283035 -0.14824140071868896 0.04739902913570404
v -0.03616981953382492 0.3893340229988098 -0.04739902913570404
v -0.03616981953382492 0.3893340229988098 0.04739902913570404
v -0.03610954433679581 -0.13161636888980865 -0.03020338900387287
v -0.03610970079898834 -0.13161635398864746 0.03020055964589119
v -0.03610791638493538 -0.17945334315299988 -0.03020055964589119
v -0.036107759922742844 -0.17945335805416107 0.03020338900387287
v -0.03595278039574623 -0.38385602831840515 -0.04739902913570404
v -0.03595278039574623 -0.38385602831840515 0.04739902913570404
v -0.035445135086774826 -0.3573519289493561 -0.04739902913570404
v -0.035445135086774826 -0.3573519289493561 0.04739902913570404
v -0.034755971282720566 0.3773916959762573 -0.04739902913570404
v -0.034755971282720566 0.3773916959762573 0.04739902913570404
v -0.03431490808725357 -0.3484265208244324 -0.009548360481858253
v -0.03431490808725357 -0.3484265208244324 0.009548281319439411
v -0.03428461775183678 -0.3984377384185791 -0.00947978999465704
v -0.03428461775183678 -0.3984377384185791 0.00947978999465704
v -0.034132957458496094 -0.398477703332901 -0.028439385816454887
v -0.034132957458496094 -0.398477703332901 0.028439385816454887
v -0.034065570682287216 -0.3485332429409027 -0.02847902663052082
v -0.034065570682287216 -0.3485332429409027 0.02847898006439209
v -0.033921003341674805 -0.34859469532966614 -0.04739902913570404
v -0.033921003341674805 -0.34859469532966614 0.04739902913570404
v -0.03388752415776253 -0.3985419273376465 -0.04739902913570404
v -0.03388752415776253 -0.3985419273376465 0.04739902913570404
v -0.03340786322951317 -0.16847418248653412 -0.04739902913570404
v -0.03340786322951317 -0.16847418248653412 0.04739902913570404
v -0.03282087296247482 -0.3738611042499542 -0.04739902913570404
v -0.03282087296247482 -0.3738611042499542 0.04739902913570404
v -0.032675594091415405 0.40106379985809326 -0.04739902913570404
v -0.032675594091415405 0.40106379985809326 0.04739902913570404
v -0.032436639070510864 0.4010905921459198 -0.028439244255423546
v -0.032436639070510864 0.4010905921459198 0.028439244255423546
v -0.03236092999577522 -0.13214562833309174 -0.03838216885924339
v -0.0323609933257103 -0.13214561343193054 0.03838087245821953
v -0.03235236555337906 -0.17989622056484222 -0.03838087245821953
v -0.032352302223443985 -0.17989622056484222 0.03838216885924339
v -0.03228893131017685 0.4011070132255554 -0.009479694999754429
v -0.03228893131017685 0.4011070132255554 0.009479694999754429
v -0.032145168632268906 0.3533780574798584 -0.04739902913570404
v -0.032145168632268906 0.3533780574798584 0.04739902913570404
v -0.03212518244981766 -0.3648243844509125 -0.04739902913570404
v -0.03212518244981766 -0.3648243844509125 0.04739902913570404
v -0.03195887431502342 -0.15690243244171143 -0.04739902913570404
v -0.03195887431502342 -0.15690243244171143 0.04739902913570404
v -0.03190651535987854 0.3534095287322998 -0.028439244255423546
v -0.03190651535987854 0.3534095287322998 0.028439244255423546
v -0.03175899386405945 0.3534288704395294 -0.009479694999754429
v -0.03175899386405945 0.3534288704395294 0.009479694999754429
v -0.03156176581978798 -0.3912801444530487 -0.04739902913570404
v -0.03156176581978798 -0.3912801444530487 0.04739902913570404
v -0.031501900404691696 0.3654794692993164 -0.04739902913570404
v -0.031501900404691696 0.3654794692993164 0.04739902913570404
v -0.030718931928277016 -0.1323588788509369 -0.02001057378947735
v -0.030719121918082237 -0.1323588490486145 0.02000662498176098
v -0.030708251520991325 -0.18007460236549377 -0.02000662498176098
v -0.030708061531186104 -0.18007461726665497 0.02001057378947735
v -0.030438203364610672 -0.1323942095041275 -2.622700094434549e-06
v -0.030427001416683197 -0.18010418117046356 2.622700094434549e-06
v -0.030141090974211693 -0.1422627717256546 -0.04739902913570404
v -0.030141090974211693 -0.1422627717256546 0.04739902913570404
v -0.02980964444577694 -0.13247211277484894 -0.04739902913570404
v -0.02980964444577694 -0.13247211277484894 0.04739902913570404
v -0.029797716066241264 -0.18016935884952545 -0.04739902913570404
v -0.029797716066241264 -0.18016935884952545 0.04739902913570404
v -0.029777823016047478 -0.13247600197792053 -0.009876330383121967
v -0.029777981340885162 -0.13247598707675934 0.009871669113636017
v -0.02976602129638195 -0.18017259240150452 -0.009871669113636017
v -0.029765862971544266 -0.1801726073026657 0.009876330383121967
v -0.02973325364291668 -0.35024362802505493 -4.7400000369179907e-08
v -0.029595021158456802 -0.3502938449382782 -0.019009917974472046
v -0.029595021158456802 -0.3502938449382782 0.019009854644536972
v -0.029503826051950455 -0.39960676431655884 0.0
v -0.02942054532468319 -0.3996254801750183 -0.01895948499441147
v -0.02942054532468319 -0.3996254801750183 0.01895948499441147
v -0.02937810868024826 -0.3503720760345459 -0.037930771708488464
v -0.02937810868024826 -0.3503720760345459 0.03793074190616608
v -0.029193805530667305 -0.39967620372772217 -0.037919193506240845
v -0.029193805530667305 -0.39967620372772217 0.037919193506240845
v -0.02891238033771515 0.38469767570495605 -0.04739902913570404
v -0.02891238033771515 0.38469767570495605 0.04739902913570404
v -0.02808869630098343 -0.38264405727386475 -0.04739902913570404
v -0.02808869630098343 -0.38264405727386475 0.04739902913570404
v -0.027654442936182022 0.3931826949119568 -0.04739902913570404
v -0.027654442936182022 0.3931826949119568 0.04739902913570404
v -0.027605652809143066 0.40158939361572266 -0.03791913017630577
v -0.027605652809143066 0.40158939361572266 0.03791913017630577
v -0.027386890724301338 0.4016100764274597 -0.018959421664476395
v -0.027386890724301338 0.4016100764274597 0.018959421664476395
v -0.027306485921144485 0.4016176462173462 0.0
v -0.02707969769835472 0.35399511456489563 -0.03791913017630577
v -0.02707969769835472 0.35399511456489563 0.03791913017630577
v -0.026875533163547516 -0.13281399011611938 -0.02913016267120838
v -0.02687564492225647 -0.1328139752149582 0.02912784181535244
v -0.026861123740673065 -0.1804553121328354 -0.02912784181535244
v -0.02686101384460926 -0.18045532703399658 0.02913016267120838
v -0.026861045509576797 0.3540193438529968 -0.018959421664476395
v -0.026861045509576797 0.3540193438529968 0.018959421664476395
v -0.026780689135193825 0.35402819514274597 0.0
v -0.026274846866726875 -0.14940723776817322 -0.04739902913570404
v -0.026274846866726875 -0.14940723776817322 0.04739902913570404
v -0.02615453116595745 -0.1639701873064041 -0.04739902913570404
v -0.02615453116595745 -0.1639701873064041 0.04739902913570404
v -0.025693796575069427 -0.13294154405593872 -0.004804507829248905
v -0.025693876668810844 -0.13294152915477753 0.004800194408744574
v -0.025678660720586777 -0.18056203424930573 -0.004800194408744574
v -0.02567858248949051 -0.18056203424930573 0.004804507829248905
v -0.02565586194396019 -0.13294555246829987 -0.014621257781982422
v -0.02565600350499153 -0.13294553756713867 0.014617497101426125
v -0.02564077265560627 -0.18056535720825195 -0.014617497101426125
v -0.025640616193413734 -0.18056537210941315 0.014621257781982422
v -0.02557728998363018 -0.3687390387058258 -0.04739902913570404
v -0.02557728998363018 -0.3687390387058258 0.04739902913570404
v -0.02544485777616501 0.37699875235557556 -0.04739902913570404
v -0.02544485777616501 0.37699875235557556 0.04739902913570404
v -0.0251881442964077 0.36069172620773315 -0.04739902913570404
v -0.0251881442964077 0.36069172620773315 0.04739902913570404
v -0.025114012882113457 -0.36017999053001404 -0.04739902913570404
v -0.025114012882113457 -0.36017999053001404 0.04739902913570404
v -0.024961482733488083 -0.35182642936706543 -0.009505038149654865
v -0.024961482733488083 -0.35182642936706543 0.009504974819719791
v -0.02478032372891903 -0.3518805503845215 -0.02846362255513668
v -0.02478032372891903 -0.3518805503845215 0.028463590890169144
v -0.024613020941615105 -0.4006129801273346 -0.009479726664721966
v -0.024613020941615105 -0.4006129801273346 0.009479726664721966
v -0.024576948955655098 -0.351940780878067 -0.04739902913570404
v -0.024576948955655098 -0.351940780878067 0.04739902913570404
v -0.024458404630422592 -0.40064167976379395 -0.028439290821552277
v -0.024458404630422592 -0.40064167976379395 0.028439290821552277
v -0.024267876520752907 -0.1721060425043106 -0.04739902913570404
v -0.024267876520752907 -0.1721060425043106 0.04739902913570404
v -0.024265870451927185 -0.390318900346756 -0.04739902913570404
v -0.024265870451927185 -0.390318900346756 0.04739902913570404
v -0.02420816943049431 -0.4006877839565277 -0.04739902913570404
v -0.02420816943049431 -0.4006877839565277 0.04739902913570404
v -0.023618414998054504 -0.37640413641929626 -0.04739902913570404
v -0.023618414998054504 -0.37640413641929626 0.04739902913570404
v -0.02355954609811306 -0.13315726816654205 -0.038089100271463394
v -0.02355959266424179 -0.13315726816654205 0.03808813914656639
v -0.023543555289506912 -0.18074242770671844 -0.03808813914656639
v -0.023543523624539375 -0.18074244260787964 0.038089100271463394
v -0.022807622328400612 -0.14067170023918152 -0.04739902913570404
v -0.022807622328400612 -0.14067170023918152 0.04739902913570404
v -0.02277122065424919 0.4020075798034668 -0.04739902913570404
v -0.02277122065424919 0.4020075798034668 0.04739902913570404
v -0.02253149263560772 0.4020262062549591 -0.028439244255423546
v -0.02253149263560772 0.4020262062549591 0.028439244255423546
v -0.022386545315384865 -0.15720294415950775 -0.04739902913570404
v -0.022386545315384865 -0.15720294415950775 0.04739902913570404
v -0.022383306175470352 0.4020376205444336 -0.009479694999754429
v -0.022383306175470352 0.4020376205444336 0.009479694999754429
v -0.02224637009203434 0.3544843792915344 -0.04739902913570404
v -0.02224637009203434 0.3544843792915344 0.04739902913570404
v -0.022006627172231674 0.35450613498687744 -0.028439244255423546
v -0.022006627172231674 0.35450613498687744 0.028439244255423546
v -0.021858440712094307 0.35451945662498474 -0.009479694999754429
v -0.021858440712094307 0.35451945662498474 0.009479694999754429
v -0.02130034938454628 -0.13336506485939026 -1.8801999885909026e-06
v -0.021284043788909912 -0.1809162050485611 1.8801999885909026e-06
v -0.021241843700408936 -0.13337014615535736 -0.009337213821709156
v -0.02124200202524662 -0.13337014615535736 0.009333611465990543
v -0.021225696429610252 -0.18092045187950134 -0.009333611465990543
v -0.021225538104772568 -0.18092048168182373 0.009337213821709156
v -0.02086653746664524 -0.13340254127979279 0.019258098676800728
v -0.020866410806775093 -0.13340255618095398 -0.019260896369814873
v -0.020850248634815216 -0.18094755709171295 -0.019258098676800728
v -0.02085012197494507 -0.18094757199287415 0.019260896369814873
v -0.020536845549941063 0.386581152677536 -0.04739902913570404
v -0.020536845549941063 0.386581152677536 0.04739902913570404
v -0.020203441381454468 -0.35310742259025574 -3.1599999061882045e-08
v -0.020103776827454567 -0.3531312048435211 -0.018981747329235077
v -0.020103776827454567 -0.3531312048435211 0.018981698900461197
v -0.02008957229554653 0.36903104186058044 -0.04739902913570404
v -0.02008957229554653 0.36903104186058044 0.04739902913570404
v -0.020067594945430756 -0.38421085476875305 -0.04739902913570404
v -0.020067594945430756 -0.38421085476875305 0.04739902913570404
v -0.02003893442451954 0.39473217725753784 -0.04739902913570404
v -0.02003893442451954 0.39473217725753784 0.04739902913570404
v -0.019900672137737274 -0.13348321616649628 -0.04739902913570404
v -0.019900672137737274 -0.13348321616649628 0.04739902913570404
v -0.019883939996361732 -0.35318318009376526 -0.03792816773056984
v -0.019883939996361732 -0.35318318009376526 0.03792814910411835
v -0.01988447643816471 -0.1810150146484375 -0.04739902913570404
v -0.01988447643816471 -0.1810150146484375 0.04739902913570404
v -0.0197589173913002 -0.40142616629600525 0.0
v -0.019674278795719147 -0.40143871307373047 -0.018959421664476395
v -0.019674278795719147 -0.40143871307373047 0.018959421664476395
v -0.019443871453404427 -0.40147265791893005 -0.037919145077466965
v -0.019443871453404427 -0.40147265791893005 0.037919145077466965
v -0.018885668367147446 -0.37125009298324585 -0.04739902913570404
v -0.018885668367147446 -0.37125009298324585 0.04739902913570404
v -0.018751544877886772 -0.16516529023647308 -0.04739902913570404
v -0.018751544877886772 -0.16516529023647308 0.04739902913570404
v -0.018445884808897972 0.3609393537044525 -0.04739902913570404
v -0.018445884808897972 0.3609393537044525 0.04739902913570404
v -0.018047260120511055 -0.3640243411064148 -0.04739902913570404
v -0.018047260120511055 -0.3640243411064148 0.04739902913570404
v -0.01777719520032406 -0.1492030769586563 -0.04739902913570404
v -0.01777719520032406 -0.1492030769586563 0.04739902913570404
v -0.017686331644654274 0.40236032009124756 -0.03791913017630577
v -0.017686331644654274 0.40236032009124756 0.03791913017630577
v -0.017569271847605705 -0.13366208970546722 -0.02883336693048477
v -0.01756933517754078 -0.13366207480430603 0.028831882402300835
v -0.01755375601351261 -0.18116457760334015 -0.028831882402300835
v -0.017553692683577538 -0.18116457760334015 0.02883336693048477
v -0.017466984689235687 0.4023735523223877 -0.018959421664476395
v -0.017466984689235687 0.4023735523223877 0.018959421664476395
v -0.01738637499511242 0.4023783504962921 0.0
v -0.01738537847995758 -0.3935137391090393 -0.04739902913570404
v -0.01738537847995758 -0.3935137391090393 0.04739902913570404
v -0.017159996554255486 0.3548949360847473 -0.03791913017630577
v -0.017159996554255486 0.3548949360847473 0.03791913017630577
v -0.016940539702773094 0.3549102544784546 -0.018959421664476395
v -0.016940539702773094 0.3549102544784546 0.018959421664476395
v -0.016859881579875946 0.3549158573150635 0.0
v -0.016341667622327805 0.37862923741340637 -0.04739902913570404
v -0.016341667622327805 0.37862923741340637 0.04739902913570404
v -0.0153028080239892 -0.3541306257247925 -0.009490138851106167
v -0.0153028080239892 -0.3541306257247925 0.009490091353654861
v -0.015141809359192848 -0.35415926575660706 -0.02845221571624279
v -0.015141809359192848 -0.35415926575660706 0.028452184051275253
v -0.015070900321006775 -0.3772764205932617 -0.04739902913570404
v -0.015070900321006775 -0.3772764205932617 0.04739902913570404
v -0.014912287704646587 -0.3541995584964752 -0.04739902913570404
v -0.014912287704646587 -0.3541995584964752 0.04739902913570404
v -0.014806983061134815 -0.4020688831806183 -0.009479694999754429
v -0.014806983061134815 -0.4020688831806183 0.009479694999754429
v -0.014789050444960594 -0.13384616374969482 -0.0373905673623085
v -0.014789082109928131 -0.13384616374969482 0.03738996759057045
v -0.014774861745536327 -0.1813185065984726 -0.03738996759057045
v -0.01477483008056879 -0.1813185065984726 0.0373905673623085
v -0.014650344848632812 -0.40208616852760315 -0.028439244255423546
v -0.014650344848632812 -0.40208616852760315 0.028439244255423546
v -0.014396870508790016 -0.40211373567581177 -0.04739902913570404
v -0.014396870508790016 -0.40211373567581177 0.04739902913570404
v -0.014385605230927467 -0.14171241223812103 -0.04739902913570404
v -0.014385605230927467 -0.14171241223812103 0.04739902913570404
v -0.014370042830705643 -0.15765884518623352 -0.04739902913570404
v -0.014370042830705643 -0.15765884518623352 0.04739902913570404
v -0.01421583816409111 -0.17265276610851288 -0.04739902913570404
v -0.01421583816409111 -0.17265276610851288 0.04739902913570404
v -0.012964566238224506 -0.13394971191883087 0.012521053664386272
v -0.012964408844709396 -0.13394972681999207 -0.012523076497018337
v -0.0129515640437603 -0.18140506744384766 -0.012521053664386272
v -0.012951389886438847 -0.18140506744384766 0.012523076497018337
v -0.012840460054576397 0.40261372923851013 -0.04739902913570404
v -0.012840460054576397 0.40261372923851013 0.04739902913570404
v -0.01280361507087946 -0.13395819067955017 -0.042689934372901917
v -0.01280361507087946 -0.13395819067955017 0.0426897294819355
v -0.012790722772479057 -0.18141216039657593 -0.0426897294819355
v -0.012790706939995289 -0.18141216039657593 0.042689934372901917
v -0.012738109566271305 0.3920685946941376 -0.04739902913570404
v -0.012738109566271305 0.3920685946941376 0.04739902913570404
v -0.012600226327776909 0.4026241898536682 -0.028439244255423546
v -0.012600226327776909 0.4026241898536682 0.028439244255423546
v -0.012451756745576859 0.4026305675506592 -0.009479694999754429
v -0.012451756745576859 0.4026305675506592 0.009479694999754429
v -0.01236378401517868 -0.13398082554340363 -0.004270494449883699
v -0.012364194728434086 -0.13398081064224243 0.0042683775536715984
v -0.012351618148386478 -0.18143105506896973 -0.0042683775536715984
v -0.012351207435131073 -0.18143106997013092 0.004270494449883699
v -0.012310775928199291 0.3551872670650482 -0.04739902913570404
v -0.012310775928199291 0.3551872670650482 0.04739902913570404
v -0.012103626504540443 0.38515010476112366 -0.04739902913570404
v -0.012103626504540443 0.38515010476112366 0.04739902913570404
v -0.012070352211594582 0.35519924759864807 -0.028439244255423546
v -0.012070352211594582 0.35519924759864807 0.028439244255423546
v -0.011976265348494053 -0.3851078152656555 -0.04739902913570404
v -0.011976265348494053 -0.3851078152656555 0.04739902913570404
v -0.011921740137040615 0.35520651936531067 -0.009479694999754429
v -0.011921740137040615 0.35520651936531067 0.009479694999754429
v -0.011850499548017979 -0.36930033564567566 -0.04739902913570404
v -0.011850499548017979 -0.36930033564567566 0.04739902913570404
v -0.011638626456260681 0.3652292490005493 -0.04739902913570404
v -0.011638626456260681 0.3652292490005493 0.04739902913570404
v -0.01138442475348711 0.3728332221508026 -0.04739902913570404
v -0.01138442475348711 0.3728332221508026 0.04739902913570404
v -0.011195413768291473 -0.16495315730571747 -0.04739902913570404
v -0.011195413768291473 -0.16495315730571747 0.04739902913570404
v -0.010965039022266865 -0.1340475231409073 -0.020368311554193497
v -0.010965101420879364 -0.1340475082397461 0.0203669685870409
v -0.010953662917017937 -0.1814868301153183 -0.0203669685870409
v -0.010953583754599094 -0.1814868301153183 0.020368311554193497
v -0.010715956799685955 -0.3611011505126953 -0.04739902913570404
v -0.010715956799685955 -0.3611011505126953 0.04739902913570404
v -0.010429666377604008 -0.35486045479774475 -1.5799999530941022e-08
v -0.01034133043140173 -0.35487109422683716 -0.018969707190990448
v -0.01034133043140173 -0.35487109422683716 0.01896967552602291
v -0.010117796249687672 -0.3548975884914398 -0.03792434185743332
v -0.010117796249687672 -0.3548975884914398 0.037924326956272125
v -0.009958772920072079 -0.13409054279327393 -0.04739902913570404
v -0.009958772920072079 -0.13409054279327393 0.04739902913570404
v -0.009948203340172768 -0.18152280151844025 -0.04739902913570404
v -0.009948203340172768 -0.18152280151844025 0.04739902913570404
v -0.009906002320349216 -0.4025217890739441 0.0
v -0.009820541366934776 -0.4025280773639679 -0.018959389999508858
v -0.009820541366934776 -0.4025280773639679 0.018959389999508858
v -0.009742396883666515 -0.15016746520996094 -0.04739902913570404
v -0.009742396883666515 -0.15016746520996094 0.04739902913570404
v -0.009587891399860382 -0.40254494547843933 -0.03791913017630577
v -0.009587891399860382 -0.40254494547843933 0.03791913017630577
v -0.00878771673887968 -0.393812894821167 -0.04739902913570404
v -0.00878771673887968 -0.393812894821167 0.04739902913570404
v -0.008316317573189735 -0.1341518759727478 -0.028760403394699097
v -0.008316349238157272 -0.1341518759727478 0.0287597868591547
v -0.008307311683893204 -0.18157406151294708 -0.0287597868591547
v -0.008307295851409435 -0.18157407641410828 0.028760403394699097
v -0.00774651812389493 0.4027932584285736 -0.03791913017630577
v -0.00774651812389493 0.4027932584285736 0.03791913017630577
v -0.00752683961763978 0.40279898047447205 -0.018959421664476395
v -0.00752683961763978 0.40279898047447205 0.018959421664476395
v -0.007446119096130133 0.4028010368347168 0.0
v -0.007211920339614153 0.35539066791534424 -0.03791913017630577
v -0.007211920339614153 0.35539066791534424 0.03791913017630577
v -0.006992004811763763 0.3553970456123352 -0.018959421664476395
v -0.006992004811763763 0.3553970456123352 0.018959421664476395
v -0.006911205127835274 0.35539934039115906 0.0
v -0.006741674616932869 0.3964966833591461 -0.04739902913570404
v -0.006741674616932869 0.3964966833591461 0.04739902913570404
v -0.006554795894771814 -0.1342053860425949 -0.03857111930847168
v -0.006554811727255583 -0.1342053860425949 0.03857089579105377
v -0.006547543685883284 -0.181618794798851 -0.03857089579105377
v -0.006547543685883284 -0.1816188097000122 0.03857111930847168
v -0.006355735938996077 -0.3761584758758545 -0.04739902913570404
v -0.006355735938996077 -0.3761584758758545 0.04739902913570404
v -0.0062762475572526455 -0.1342126876115799 -0.008029095828533173
v -0.006276374217122793 -0.1342126727104187 0.00802808441221714
v -0.0062694065272808075 -0.1816249042749405 -0.00802808441221714
v -0.00626927986741066 -0.1816249042749405 0.008029095828533173
v -0.006042775698006153 -0.13421854376792908 -0.013871973380446434
v -0.006042839027941227 -0.13421854376792908 0.013871104456484318
v -0.006036124192178249 -0.18162980675697327 -0.013871104456484318
v -0.006036045029759407 -0.18162980675697327 0.013871973380446434
v -0.005607305094599724 -0.15888148546218872 -0.04739902913570404
v -0.005607305094599724 -0.15888148546218872 0.04739902913570404
v -0.005534231662750244 0.3795502185821533 -0.04739902913570404
v -0.005534231662750244 0.3795502185821533 0.04739902913570404
v -0.0054506356827914715 -0.35531750321388245 -0.009484324604272842
v -0.0054506356827914715 -0.35531750321388245 0.009484292939305305
v -0.005367307923734188 0.38892123103141785 -0.04739902913570404
v -0.005367307923734188 0.38892123103141785 0.04739902913570404
v -0.005346136633306742 -0.14236649870872498 -0.04739902913570404
v -0.005346136633306742 -0.14236649870872498 0.04739902913570404
v -0.005294740200042725 -0.35532715916633606 -0.028445784002542496
v -0.005294740200042725 -0.35532715916633606 0.028445769101381302
v -0.00505309971049428 -0.3553415536880493 -0.04739902913570404
v -0.00505309971049428 -0.3553415536880493 0.04739902913570404
v -0.0049559795297682285 0.3620736300945282 -0.04739902913570404
v -0.0049559795297682285 0.3620736300945282 0.04739902913570404
v -0.004920003470033407 -0.4027974605560303 -0.00947967916727066
v -0.004920003470033407 -0.4027974605560303 0.00947967916727066
v -0.0047622909769415855 -0.4028031527996063 -0.02843921259045601
v -0.0047622909769415855 -0.4028031527996063 0.02843921259045601
v -0.004507126286625862 -0.4028119742870331 -0.04739902913570404
v -0.004507126286625862 -0.4028119742870331 0.04739902913570404
v -0.003650578437373042 -0.38558706641197205 -0.04739902913570404
v -0.003650578437373042 -0.38558706641197205 0.04739902913570404
v -0.003032337175682187 -0.17040739953517914 -0.04739902913570404
v -0.003032337175682187 -0.17040739953517914 0.04739902913570404
v -0.002894832519814372 0.40288156270980835 -0.04739902913570404
v -0.002894832519814372 0.40288156270980835 0.04739902913570404
v -0.002654377371072769 0.4028838276863098 -0.028439244255423546
v -0.002654377371072769 0.4028838276863098 0.028439244255423546
v -0.0025057813618332148 0.4028851389884949 -0.009479694999754429
v -0.0025057813618332148 0.4028851389884949 0.009479694999754429
v -0.0023548153694719076 0.35548555850982666 -0.04739902913570404
v -0.0023548153694719076 0.35548555850982666 0.04739902913570404
v -0.0022450867109000683 0.37008318305015564 -0.04739902913570404
v -0.0022450867109000683 0.37008318305015564 0.04739902913570404
v -0.002114091534167528 0.35548776388168335 -0.028439244255423546
v -0.002114091534167528 0.35548776388168335 0.028439244255423546
v -0.0019653216004371643 0.35548898577690125 -0.009479694999754429
v -0.0019653216004371643 0.35548898577690125 0.009479694999754429
v -0.0009681410156190395 -0.1511823982000351 -0.04739902913570404
v -0.0009681410156190395 -0.1511823982000351 0.04739902913570404
v -0.0005260343896225095 -0.35548698902130127 -1.5799999530941022e-08
v -0.0004408425884321332 -0.3554874360561371 -0.018964271992444992
v -0.0004408425884321332 -0.3554874360561371 0.018964240327477455
v -0.00021455959358718246 -0.35548830032348633 -0.03792184591293335
v -0.00021455959358718246 -0.35548830032348633 0.03792184591293335
v -4.107999984626076e-07 -0.18169213831424713 -0.04739902913570404
v -4.107999984626076e-07 -0.18169213831424713 -0.03791922330856323
v -4.107999984626076e-07 -0.18169213831424713 -0.028439417481422424
v -4.107999984626076e-07 -0.18169213831424713 -0.018959611654281616
v -4.107999984626076e-07 -0.18169213831424713 -0.009479805827140808
v -4.107999984626076e-07 -0.18169213831424713 0.0
v -4.107999984626076e-07 -0.18169213831424713 0.009479805827140808
v -4.107999984626076e-07 -0.18169213831424713 0.018959611654281616
v -4.107999984626076e-07 -0.18169213831424713 0.028439417481422424
v -4.107999984626076e-07 -0.18169213831424713 0.03791922330856323
v -4.107999984626076e-07 -0.18169213831424713 0.04739902913570404
v -4.107999984626076e-07 -0.1342931091785431 -0.04739902913570404
v -4.107999984626076e-07 -0.1342931091785431 -0.03791922330856323
v -4.107999984626076e-07 -0.1342931091785431 -0.028439417481422424
v -4.107999984626076e-07 -0.1342931091785431 -0.018959611654281616
v -4.107999984626076e-07 -0.1342931091785431 -0.009479805827140808
v -4.107999984626076e-07 -0.1342931091785431 0.0
v -4.107999984626076e-07 -0.1342931091785431 0.009479805827140808
v -4.107999984626076e-07 -0.1342931091785431 0.018959611654281616
v -4.107999984626076e-07 -0.1342931091785431 0.028439417481422424
v -4.107999984626076e-07 -0.1342931091785431 0.03791922330856323
v -4.107999984626076e-07 -0.1342931091785431 0.04739902913570404
v 1.1060000133511494e-06 -0.40288761258125305 0.0
v 7.3484297899995e-05 -0.36574023962020874 -0.04739902913570404
v 7.3484297899995e-05 -0.36574023962020874 0.04739902913570404
v 8.689820242580026e-05 -0.40288758277893066 -0.018959375098347664
v 8.689820242580026e-05 -0.40288758277893066 0.018959375098347664
v 0.0003204174863640219 -0.402887225151062 -0.03791911154985428
v 0.0003204174863640219 -0.402887225151062 0.03791911154985428
v 0.0003705655981320888 -0.3791190981864929 -0.04739902913570404
v 0.0003705655981320888 -0.3791190981864929 0.04739902913570404
v 0.0004222620918881148 -0.3934260606765747 -0.04739902913570404
v 0.0004222620918881148 -0.3934260606765747 0.04739902913570404
v 0.001091394224204123 0.38525867462158203 -0.04739902913570404
v 0.001091394224204123 0.38525867462158203 0.04739902913570404
v 0.0019144468242302537 0.39402252435684204 -0.04739902913570404
v 0.0019144468242302537 0.39402252435684204 0.04739902913570404
v 0.0022022852208465338 0.40288761258125305 -0.03791913017630577
v 0.0022022852208465338 0.40288761258125305 0.03791913017630577
v 0.0024220114573836327 0.4028858542442322 -0.018959421664476395
v 0.0024220114573836327 0.4028858542442322 0.018959421664476395
v 0.002502763643860817 0.40288519859313965 0.0
v 0.002748100785538554 0.35548144578933716 -0.03791913017630577
v 0.002748100785538554 0.35548144578933716 0.03791913017630577
v 0.002968079876154661 0.3554788827896118 -0.018959421664476395
v 0.002968079876154661 0.3554788827896118 0.018959421664476395
v 0.003012856002897024 -0.1601991206407547 -0.04739902913570404
v 0.003012856002897024 -0.1601991206407547 0.04739902913570404
v 0.003048910992220044 0.35547786951065063 0.0
v 0.0035529995802789927 0.36268165707588196 -0.04739902913570404
v 0.0035529995802789927 0.36268165707588196 0.04739902913570404
v 0.004083884414285421 -0.3728681802749634 -0.04739902913570404
v 0.004083884414285421 -0.3728681802749634 0.04739902913570404
v 0.004119512625038624 0.37808722257614136 -0.04739902913570404
v 0.004119512625038624 0.37808722257614136 0.04739902913570404
v 0.004418300464749336 -0.14304402470588684 -0.04739902913570404
v 0.004418300464749336 -0.14304402470588684 0.04739902913570404
v 0.004471103195101023 -0.35537344217300415 -0.009481828659772873
v 0.004471103195101023 -0.35537344217300415 0.009481812827289104
v 0.004625624045729637 -0.3553653359413147 -0.028442466631531715
v 0.004625624045729637 -0.3553653359413147 0.02844245173037052
v 0.0048720040358603 -0.35535186529159546 -0.04739902913570404
v 0.0048720040358603 -0.35535186529159546 0.04739902913570404
v 0.004984877072274685 -0.38602516055107117 -0.04739902913570404
v 0.004984877072274685 -0.38602516055107117 0.04739902913570404
v 0.00499397749081254 -0.4027946889400482 -0.00947967916727066
v 0.00499397749081254 -0.4027946889400482 0.00947967916727066
v 0.005151816178113222 -0.4027887284755707 -0.02843921259045601
v 0.005151816178113222 -0.4027887284755707 0.02843921259045601
v 0.0054071866907179356 -0.402778685092926 -0.04739902913570404
v 0.0054071866907179356 -0.402778685092926 0.04739902913570404
v 0.005590304732322693 -0.17528584599494934 -0.04739902913570404
v 0.005590304732322693 -0.17528584599494934 0.04739902913570404
v 0.005977159831672907 -0.13442619144916534 -0.013821857050061226
v 0.0059770806692540646 -0.13442619144916534 0.013821936212480068
v 0.005982689559459686 -0.1818983554840088 -0.013821936212480068
v 0.005982768721878529 -0.1818983554840088 0.013821857050061226
v 0.006193836685270071 -0.13443602621555328 -0.00798679981380701
v 0.006193694192916155 -0.13443602621555328 0.007986894808709621
v 0.006199287250638008 -0.1819135695695877 -0.007986894808709621
v 0.006199445575475693 -0.1819135844707489 0.00798679981380701
v 0.0065204789862036705 -0.1344515085220337 -0.038554370403289795
v 0.0065204789862036705 -0.1344515085220337 0.03855438530445099
v 0.006526025012135506 -0.1819375604391098 -0.03855438530445099
v 0.006526040378957987 -0.1819375604391098 0.038554370403289795
v 0.007054160349071026 0.4028107523918152 -0.04739902913570404
v 0.007054160349071026 0.4028107523918152 0.04739902913570404
v 0.007231069728732109 -0.16740281879901886 -0.04739902913570404
v 0.007231069728732109 -0.16740281879901886 0.04739902913570404
v 0.00729453656822443 0.4028048515319824 -0.028439244255423546
v 0.00729453656822443 0.4028048515319824 0.028439244255423546
v 0.007443101145327091 0.4028010964393616 -0.009479694999754429
v 0.007443101145327091 0.4028010964393616 0.009479694999754429
v 0.007605032064020634 0.35537874698638916 -0.04739902913570404
v 0.007605032064020634 0.35537874698638916 0.04739902913570404
v 0.00784564483910799 0.3553711473941803 -0.028439244255423546
v 0.00784564483910799 0.3553711473941803 0.028439244255423546
v 0.007994351908564568 0.3553663194179535 -0.009479694999754429
v 0.007994351908564568 0.3553663194179535 0.009479694999754429
v 0.008125252090394497 -0.1515789031982422 -0.04739902913570404
v 0.008125252090394497 -0.1515789031982422 0.04739902913570404
v 0.008264084346592426 -0.1345476359128952 -0.028711330145597458
v 0.008264068514108658 -0.1345476359128952 0.02871137671172619
v 0.008268333971500397 -0.18208642303943634 -0.02871137671172619
v 0.008268349803984165 -0.18208642303943634 0.028711330145597458
v 0.008816567249596119 0.3870490491390228 -0.04739902913570404
v 0.008816567249596119 0.3870490491390228 0.04739902913570404
v 0.00914670154452324 -0.39435088634490967 -0.04739902913570404
v 0.00914670154452324 -0.39435088634490967 0.04739902913570404
v 0.009382985532283783 -0.35498046875 -1.5799999530941022e-08
v 0.009466929361224174 -0.354971319437027 -0.01896171271800995
v 0.009466929361224174 -0.354971319437027 0.018961697816848755
v 0.00962353590875864 0.37017807364463806 -0.04739902913570404
v 0.00962353590875864 0.37017807364463806 0.04739902913570404
v 0.009693512693047523 -0.35494616627693176 -0.03792048618197441
v 0.009693512693047523 -0.35494616627693176 0.03792048618197441
v 0.009907202795147896 -0.1346590518951416 -0.04739902913570404
v 0.009907202795147896 -0.1346590518951416 0.04739902913570404
v 0.009908387437462807 -0.402521550655365 0.0
v 0.009908498264849186 -0.18225893378257751 -0.04739902913570404
v 0.009908498264849186 -0.18225893378257751 0.04739902913570404
v 0.009994006715714931 -0.402515172958374 -0.018959375098347664
v 0.009994006715714931 -0.402515172958374 0.018959375098347664
v 0.010227019898593426 -0.4024975895881653 -0.03791911154985428
v 0.010227019898593426 -0.4024975895881653 0.03791911154985428
v 0.010268209502100945 -0.3787824511528015 -0.04739902913570404
v 0.010268209502100945 -0.3787824511528015 0.04739902913570404
v 0.010492549277842045 -0.3612104654312134 -0.04739902913570404
v 0.010492549277842045 -0.3612104654312134 0.04739902913570404
v 0.01060472708195448 -0.36933448910713196 -0.04739902913570404
v 0.01060472708195448 -0.36933448910713196 0.04739902913570404
v 0.010688859969377518 0.395408034324646 -0.04739902913570404
v 0.010688859969377518 0.395408034324646 0.04739902913570404
v 0.010867412202060223 -0.18237438797950745 -0.020271679386496544
v 0.010867475531995296 -0.18237440288066864 0.02027156949043274
v 0.010868865996599197 -0.1347336769104004 -0.02027156949043274
v 0.010868802666664124 -0.1347336769104004 0.020271679386496544
v 0.011207200586795807 -0.15909916162490845 -0.04739902913570404
v 0.011207200586795807 -0.15909916162490845 0.04739902913570404
v 0.012148513458669186 0.4026432931423187 -0.03791913017630577
v 0.012148513458669186 0.4026432931423187 0.03791913017630577
v 0.012157424353063107 -0.18254682421684265 -0.004220899194478989
v 0.012157945893704891 -0.18254691362380981 0.004220693837851286
v 0.012164218351244926 -0.13484516739845276 -0.004220693837851286
v 0.012163696810603142 -0.13484512269496918 0.004220899194478989
v 0.012368065305054188 0.4026340842247009 -0.018959421664476395
v 0.012368065305054188 0.4026340842247009 0.018959421664476395
v 0.012448754161596298 0.40263065695762634 0.0
v 0.01270357146859169 0.35516712069511414 -0.03791913017630577
v 0.01270357146859169 0.35516712069511414 0.03791913017630577
v 0.012721551582217216 -0.18262842297554016 -0.042672984302043915
v 0.012721551582217216 -0.18262842297554016 0.04267295077443123
v 0.012730431742966175 -0.1348978877067566 -0.04267295077443123
v 0.012730431742966175 -0.1348978877067566 0.042672984302043915
v 0.0127908019348979 -0.18263870477676392 -0.012411704286932945
v 0.012790975160896778 -0.1826387345790863 0.012411515228450298
v 0.012800202704966068 -0.13490454852581024 -0.012411515228450298
v 0.012800044380128384 -0.13490453362464905 0.012411704286932945
v 0.012923266738653183 0.3551556169986725 -0.018959421664476395
v 0.012923266738653183 0.3551556169986725 0.018959421664476395
v 0.01300398726016283 0.35515135526657104 0.0
v 0.013005156069993973 -0.3869457244873047 -0.04739902913570404
v 0.013005156069993973 -0.3869457244873047 0.04739902913570404
v 0.013354518450796604 -0.14385688304901123 -0.04739902913570404
v 0.013354518450796604 -0.14385688304901123 0.04739902913570404
v 0.013645359314978123 0.36289072036743164 -0.04739902913570404
v 0.013645359314978123 0.36289072036743164 0.04739902913570404
v 0.0143345408141613 -0.35429805517196655 -0.009480706416070461
v 0.0143345408141613 -0.35429805517196655 0.009480690583586693
v 0.014487450011074543 -0.35427233576774597 -0.02844080701470375
v 0.014487450011074543 -0.35427233576774597 0.028440792113542557
v 0.014676161110401154 -0.1829404979944229 -0.037339452654123306
v 0.014676176942884922 -0.1829404979944229 0.037339407950639725
v 0.01469673216342926 -0.13509973883628845 -0.037339407950639725
v 0.01469673216342926 -0.13509973883628845 0.037339452654123306
v 0.01473356131464243 -0.3542303740978241 -0.04739902913570404
v 0.01473356131464243 -0.3542303740978241 0.04739902913570404
v 0.014880877919495106 -0.4020605683326721 -0.00947967916727066
v 0.014880877919495106 -0.4020605683326721 0.00947967916727066
v 0.015037942677736282 -0.402042955160141 -0.028439195826649666
v 0.015037942677736282 -0.402042955160141 0.028439195826649666
v 0.015076635405421257 -0.1653449684381485 -0.04739902913570404
v 0.015076635405421257 -0.1653449684381485 0.04739902913570404
v 0.0152920326218009 -0.4020140767097473 -0.04739902913570404
v 0.0152920326218009 -0.4020140767097473 0.04739902913570404
v 0.015338105149567127 0.3799510896205902 -0.04739902913570404
v 0.015338105149567127 0.3799510896205902 0.04739902913570404
v 0.016877973452210426 -0.3747578263282776 -0.04739902913570404
v 0.016877973452210426 -0.3747578263282776 0.04739902913570404
v 0.016932876780629158 -0.15245705842971802 -0.04739902913570404
v 0.016932876780629158 -0.15245705842971802 0.04739902913570404
v 0.01699496991932392 0.4024013876914978 -0.04739902913570404
v 0.01699496991932392 0.4024013876914978 0.04739902913570404
v 0.017235014587640762 0.4023872911930084 -0.028439244255423546
v 0.017235014587640762 0.4023872911930084 0.028439244255423546
v 0.01738337241113186 0.40237849950790405 -0.009479694999754429
v 0.01738337241113186 0.40237849950790405 0.009479694999754429
v 0.01739278994500637 -0.1834506094455719 -0.028703713789582253
v 0.017392804846167564 -0.1834506094455719 0.028703588992357254
v 0.01743723452091217 -0.1354299932718277 -0.028703588992357254
v 0.017437202855944633 -0.1354299932718277 0.028703713789582253
v 0.017545193433761597 0.3905854821205139 -0.04739902913570404
v 0.017545193433761597 0.3905854821205139 0.04739902913570404
v 0.01755230315029621 0.35486701130867004 -0.04739902913570404
v 0.01755230315029621 0.35486701130867004 0.04739902913570404
v 0.017552712932229042 -0.17283464968204498 -0.04739902913570404
v 0.017552712932229042 -0.17283464968204498 0.04739902913570404
v 0.017792411148548126 0.354849636554718 -0.028439244255423546
v 0.017792411148548126 0.354849636554718 0.028439244255423546
v 0.01794080063700676 0.3548387885093689 -0.009479694999754429
v 0.01794080063700676 0.3548387885093689 0.009479694999754429
v 0.018922830000519753 -0.3930216133594513 -0.04739902913570404
v 0.018922830000519753 -0.3930216133594513 0.04739902913570404
v 0.019105063751339912 0.3702546954154968 -0.04739902913570404
v 0.019105063751339912 0.3702546954154968 0.04739902913570404
v 0.019169731065630913 -0.35334768891334534 0.0
v 0.01925220526754856 -0.35332900285720825 -0.0189604964107275
v 0.01925220526754856 -0.35332900285720825 0.0189604964107275
v 0.019476039335131645 -0.3532778322696686 -0.0379197932779789
v 0.019476039335131645 -0.3532778322696686 0.0379197932779789
v 0.01968814991414547 -0.1839519441127777 -0.04739902913570404
v 0.01968814991414547 -0.1839519441127777 0.04739902913570404
v 0.019760828465223312 -0.13575495779514313 -0.04739902913570404
v 0.019760828465223312 -0.13575495779514313 0.04739902913570404
v 0.01976177655160427 -0.4014256000518799 0.0
v 0.019846731796860695 -0.4014129638671875 -0.01895935833454132
v 0.019846731796860695 -0.4014129638671875 0.01895935833454132
v 0.02007792890071869 -0.40137818455696106 -0.03791911154985428
v 0.02007792890071869 -0.40137818455696106 0.03791911154985428
v 0.02022344432771206 -0.16017542779445648 -0.04739902913570404
v 0.02022344432771206 -0.16017542779445648 0.04739902913570404
v 0.020378390327095985 -0.38304102420806885 -0.04739902913570404
v 0.020378390327095985 -0.38304102420806885 0.04739902913570404
v 0.020557228475809097 -0.1841588169336319 -0.01902121491730213
v 0.020557289943099022 -0.1841588169336319 0.019020961597561836
v 0.020642846822738647 -0.13588915765285492 -0.019020961597561836
v 0.020642783492803574 -0.13588915765285492 0.01902121491730213
v 0.020761486142873764 -0.18420881032943726 -1.7380000372213544e-07
v 0.02077610045671463 -0.18421241641044617 -0.009147207252681255
v 0.020776227116584778 -0.18421243131160736 0.009146890603005886
v 0.020850248634815216 -0.13592159748077393 1.7380000372213544e-07
v 0.020865226164460182 -0.13592395186424255 -0.009146890603005886
v 0.020865099504590034 -0.13592392206192017 0.009147207252681255
v 0.02191885933279991 -0.36414048075675964 -0.04739902913570404
v 0.02191885933279991 -0.36414048075675964 0.04739902913570404
v 0.02208068035542965 0.4020606577396393 -0.03791913017630577
v 0.02208068035542965 0.4020606577396393 0.03791913017630577
v 0.022299788892269135 0.4020439684391022 -0.018959421664476395
v 0.022299788892269135 0.4020439684391022 0.018959421664476395
v 0.02237556502223015 -0.16660472750663757 -0.04739902913570404
v 0.02237556502223015 -0.16660472750663757 0.04739902913570404
v 0.02238030545413494 0.4020377993583679 0.0
v 0.02263801358640194 0.35444825887680054 -0.03791913017630577
v 0.02263801358640194 0.35444825887680054 0.03791913017630577
v 0.0228570606559515 0.3544278144836426 -0.018959421664476395
v 0.0228570606559515 0.3544278144836426 0.018959421664476395
v 0.022887427359819412 -0.14582844078540802 -0.04739902913570404
v 0.022887427359819412 -0.14582844078540802 0.04739902913570404
v 0.02293754369020462 0.3544202744960785 0.0
v 0.02323271334171295 0.3622368574142456 -0.04739902913570404
v 0.02323271334171295 0.3622368574142456 0.04739902913570404
v 0.023239443078637123 -0.18485736846923828 -0.03799474611878395
v 0.023239443078637123 -0.18485739827156067 0.03799466788768768
v 0.023373251780867577 -0.13634276390075684 -0.03799466788768768
v 0.023373235017061234 -0.13634276390075684 0.03799474611878395
v 0.02401154302060604 -0.35210517048835754 -0.009480169042944908
v 0.02401154302060604 -0.35210517048835754 0.00948015321046114
v 0.02416122891008854 -0.3520619869232178 -0.02843998558819294
v 0.02416122891008854 -0.3520619869232178 0.02843998558819294
v 0.024311231449246407 0.3766932785511017 -0.04739902913570404
v 0.024311231449246407 0.3766932785511017 0.04739902913570404
v 0.024402884766459465 -0.3519916534423828 -0.04739902913570404
v 0.024402884766459465 -0.3519916534423828 0.04739902913570404
v 0.024642091244459152 -0.376318097114563 -0.04739902913570404
v 0.024642091244459152 -0.376318097114563 0.04739902913570404
v 0.02468675747513771 -0.40059906244277954 -0.009479663334786892
v 0.02468675747513771 -0.40059906244277954 0.009479663334786892
v 0.024842163547873497 -0.400569885969162 -0.028439195826649666
v 0.024842163547873497 -0.400569885969162 0.028439195826649666
v 0.024855371564626694 0.38479769229888916 -0.04739902913570404
v 0.024855371564626694 0.38479769229888916 0.04739902913570404
v 0.024921761825680733 -0.18534260988235474 -0.004650429356843233
v 0.02492179349064827 -0.18534260988235474 0.004650066141039133
v 0.025087453424930573 -0.18539239466190338 -0.014270283281803131
v 0.025087499991059303 -0.18539240956306458 0.014269967563450336
v 0.025093045085668564 -0.13665828108787537 -0.004650066141039133
v 0.025092998519539833 -0.13665828108787537 0.004650429356843233
v 0.02509353682398796 -0.4005223214626312 -0.04739902913570404
v 0.02509353682398796 -0.4005223214626312 0.04739902913570404
v 0.02526276558637619 -0.13669069111347198 -0.014269967563450336
v 0.025262702256441116 -0.1366906762123108 0.014270283281803131
v 0.025519289076328278 0.3945207893848419 -0.04739902913570404
v 0.025519289076328278 0.3945207893848419 0.04739902913570404
v 0.025799386203289032 -0.15420348942279816 -0.04739902913570404
v 0.025799386203289032 -0.15420348942279816 0.04739902913570404
v 0.026254670694470406 -0.17920497059822083 -0.04739902913570404
v 0.026254670694470406 -0.17920497059822083 0.04739902913570404
v 0.02643192559480667 -0.18580973148345947 -0.028882946819067
v 0.026431942358613014 -0.18580973148345947 0.02888275682926178
v 0.026642030104994774 -0.13696235418319702 -0.02888275682926178
v 0.02664201520383358 -0.13696235418319702 0.028882946819067
v 0.02691609226167202 0.4016539454460144 -0.04739902913570404
v 0.02691609226167202 0.4016539454460144 0.04739902913570404
v 0.027155520394444466 0.4016316831111908 -0.028439244255423546
v 0.027155520394444466 0.4016316831111908 0.028439244255423546
v 0.027303483337163925 0.4016178548336029 -0.009479694999754429
v 0.027303483337163925 0.4016178548336029 0.009479694999754429
v 0.027470549568533897 0.35395121574401855 -0.04739902913570404
v 0.027470549568533897 0.35395121574401855 0.04739902913570404
v 0.02770974114537239 0.35392409563064575 -0.028439244255423546
v 0.02770974114537239 0.35392409563064575 0.028439244255423546
v 0.027833057567477226 -0.3902776837348938 -0.04739902913570404
v 0.027833057567477226 -0.3902776837348938 0.04739902913570404
v 0.02785756252706051 0.3539072275161743 -0.009479694999754429
v 0.02785756252706051 0.3539072275161743 0.009479694999754429
v 0.0284794382750988 0.3695780336856842 -0.04739902913570404
v 0.0284794382750988 0.3695780336856842 0.04739902913570404
v 0.028706969693303108 -0.35060977935791016 0.0
v 0.02871752344071865 -0.16259948909282684 -0.04739902913570404
v 0.02871752344071865 -0.16259948909282684 0.04739902913570404
v 0.028733449056744576 -0.17133581638336182 -0.04739902913570404
v 0.028733449056744576 -0.17133581638336182 0.04739902913570404
v 0.028787104412913322 -0.35058167576789856 -0.018959911540150642
v 0.028787104412913322 -0.35058167576789856 0.018959911540150642
v 0.02878746949136257 -0.18659913539886475 -0.009454146958887577
v 0.02878749929368496 -0.18659915030002594 0.009453767910599709
v 0.029004935175180435 -0.35050487518310547 -0.03791944310069084
v 0.029004935175180435 -0.35050487518310547 0.03791944310069084
v 0.029068956151604652 -0.13747695088386536 -0.009453767910599709
v 0.029068924486637115 -0.13747693598270416 0.009454146958887577
v 0.02921096235513687 -0.18674907088279724 -0.04739902913570404
v 0.02921096235513687 -0.18674907088279724 0.04739902913570404
v 0.02923944965004921 -0.18675924837589264 -2.053999992313038e-07
v 0.029506733641028404 -0.13757479190826416 -0.04739902913570404
v 0.029506733641028404 -0.13757479190826416 0.04739902913570404
v 0.029507555067539215 -0.39960575103759766 0.0
v 0.029536215588450432 -0.13758142292499542 2.053999992313038e-07
v 0.02959137223660946 -0.39958682656288147 -0.01895935833454132
v 0.02959137223660946 -0.39958682656288147 0.01895935833454132
v 0.02981942519545555 -0.39953508973121643 -0.03791911154985428
v 0.02981942519545555 -0.39953508973121643 0.03791911154985428
v 0.030087577179074287 -0.18706725537776947 -0.01945856586098671
v 0.03008759208023548 -0.18706727027893066 0.01945824921131134
v 0.03041456639766693 -0.13778255879878998 -0.01945824921131134
v 0.030414551496505737 -0.13778254389762878 0.01945856586098671
v 0.031024765223264694 -0.37163761258125305 -0.04739902913570404
v 0.031024765223264694 -0.37163761258125305 0.04739902913570404
v 0.03123520128428936 -0.3565070629119873 -0.04739902913570404
v 0.03123520128428936 -0.3565070629119873 0.04739902913570404
v 0.03132963553071022 -0.3804723024368286 -0.04739902913570404
v 0.03132963553071022 -0.3804723024368286 0.04739902913570404
v 0.03164070099592209 -0.1876574158668518 -0.038243986666202545
v 0.03164070099592209 -0.1876574158668518 0.03824387490749359
v 0.031987264752388 0.4011403024196625 -0.03791913017630577
v 0.031987264752388 0.4011403024196625 0.03791913017630577
v 0.03202825039625168 -0.13816829025745392 -0.03824387490749359
v 0.032028235495090485 -0.13816827535629272 0.038243986666202545
v 0.03220568224787712 0.40111619234085083 -0.018959421664476395
v 0.03220568224787712 0.40111619234085083 0.018959421664476395
v 0.03228594362735748 0.4011072814464569 0.0
v 0.03241352736949921 -0.14739924669265747 -0.04739902913570404
v 0.03241352736949921 -0.14739924669265747 0.04739902913570404
v 0.03253502398729324 0.3533259928226471 -0.03791913017630577
v 0.03253502398729324 0.3533259928226471 0.03791913017630577
v 0.03275306150317192 0.35329669713974 -0.018959421664476395
v 0.03275306150317192 0.35329669713974 0.018959421664476395
v 0.03278147056698799 0.3611271381378174 -0.04739902913570404
v 0.03278147056698799 0.3611271381378174 0.04739902913570404
v 0.03281573951244354 0.3889227509498596 -0.04739902913570404
v 0.03281573951244354 0.3889227509498596 0.04739902913570404
v 0.03283316642045975 0.35328584909439087 0.0
v 0.03337588533759117 -0.34882327914237976 -0.009479916654527187
v 0.03337588533759117 -0.34882327914237976 0.009479900822043419
v 0.0335204042494297 -0.34876301884651184 -0.02843957580626011
v 0.0335204042494297 -0.34876301884651184 0.02843957580626011
v 0.033602673560380936 0.3781128525733948 -0.04739902913570404
v 0.033602673560380936 0.3781128525733948 0.04739902913570404
v 0.03375387564301491 -0.3486649990081787 -0.04739902913570404
v 0.03375387564301491 -0.3486649990081787 0.04739902913570404
v 0.033909235149621964 -0.3640207052230835 -0.04739902913570404
v 0.033909235149621964 -0.3640207052230835 0.04739902913570404
v 0.03421573340892792 -0.1887119561433792 -0.005635128356516361
v 0.03421573340892792 -0.1887119710445404 0.005634717643260956
v 0.03435816615819931 -0.3984180688858032 -0.009479663334786892
v 0.03435816615819931 -0.3984180688858032 0.009479663334786892
v 0.03440259397029877 -0.15655872225761414 -0.04739902913570404
v 0.03440259397029877 -0.15655872225761414 0.04739902913570404
v 0.0345110259950161 -0.39837753772735596 -0.028439195826649666
v 0.0345110259950161 -0.39837753772735596 0.028439195826649666
v 0.03471985086798668 -0.1388588696718216 -0.005634717643260956
v 0.034719835966825485 -0.1388588696718216 0.005635128356516361
v 0.034758277237415314 -0.3983115553855896 -0.04739902913570404
v 0.034758277237415314 -0.3983115553855896 0.04739902913570404
v 0.03519267216324806 -0.1891375482082367 -0.029873838648200035
v 0.03519267216324806 -0.1891375482082367 0.029873616993427277
v 0.035746704787015915 -0.13913805782794952 -0.029873616993427277
v 0.035746704787015915 -0.13913805782794952 0.029873838648200035
v 0.036312490701675415 -0.16709361970424652 -0.04739902913570404
v 0.036312490701675415 -0.16709361970424652 0.04739902913570404
v 0.036755483597517014 -0.18984833359718323 -0.01301613636314869
v 0.036755483597517014 -0.18984833359718323 0.013015741482377052
v 0.03676799684762955 -0.18985417485237122 -2.21199996985888e-07
v 0.03680603951215744 0.40056926012039185 -0.04739902913570404
v 0.03680603951215744 0.40056926012039185 0.04739902913570404
v 0.036962080746889114 -0.18994510173797607 -0.03791394457221031
v 0.036962080746889114 -0.18994510173797607 0.037913836538791656
v 0.03704456984996796 0.4005388617515564 -0.028439244255423546
v 0.03704456984996796 0.4005388617515564 0.028439244255423546
v 0.03705167770385742 -0.388879656791687 -0.04739902913570404
v 0.03705167770385742 -0.388879656791687 0.04739902913570404
v 0.03719122335314751 -0.19005320966243744 -0.021687157452106476
v 0.03719122335314751 -0.19005320966243744 0.02168685756623745
v 0.037191979587078094 0.400519996881485 -0.009479694999754429
v 0.037191979587078094 0.400519996881485 0.009479694999754429
v 0.0373433418571949 0.3526328504085541 -0.04739902913570404
v 0.0373433418571949 0.3526328504085541 0.04739902913570404
v 0.03739636391401291 -0.13960495591163635 -0.013015741482377052
v 0.03739636391401291 -0.13960495591163635 0.01301613636314869
v 0.03740960359573364 -0.13960878551006317 2.21199996985888e-07
v 0.03758123517036438 0.3525960445404053 -0.028439244255423546
v 0.03758123517036438 0.3525960445404053 0.028439244255423546
v 0.037615127861499786 -0.13966858386993408 -0.037913836538791656
v 0.037615127861499786 -0.13966858386993408 0.03791394457221031
v 0.03772825375199318 0.3525731563568115 -0.009479694999754429
v 0.03772825375199318 0.3525731563568115 0.009479694999754429
v 0.03785793483257294 -0.13973967730998993 -0.02168685756623745
v 0.03785793483257294 -0.13973967730998993 0.021687157452106476
v 0.037870291620492935 -0.346802294254303 0.0
v 0.037947047501802444 -0.34676510095596313 -0.01895962841808796
v 0.037947047501802444 -0.34676510095596313 0.01895962841808796
v 0.038077693432569504 0.3675549030303955 -0.04739902913570404
v 0.038077693432569504 0.3675549030303955 0.04739902913570404
v 0.038145553320646286 -0.17918887734413147 -0.04739902913570404
v 0.038145553320646286 -0.17918887734413147 0.04739902913570404
v 0.03815571218729019 -0.3466634750366211 -0.03791927173733711
v 0.03815571218729019 -0.3466634750366211 0.03791927173733711
v 0.03835270181298256 -0.19061380624771118 -0.04739902913570404
v 0.03835270181298256 -0.19061380624771118 0.04739902913570404
v 0.03862622752785683 -0.3723009526729584 -0.04739902913570404
v 0.03862622752785683 -0.3723009526729584 0.04739902913570404
v 0.039091844111680984 -0.1401086449623108 -0.04739902913570404
v 0.039091844111680984 -0.1401086449623108 0.04739902913570404
v 0.03909255564212799 -0.39707183837890625 0.0
v 0.039174776524305344 -0.3970468044281006 -0.01895935833454132
v 0.039174776524305344 -0.3970468044281006 0.01895935833454132
v 0.03927227482199669 -0.19107289612293243 -0.005704646930098534
v 0.03927229344844818 -0.19107289612293243 0.005704236216843128
v 0.0393984355032444 -0.39697837829589844 -0.037919096648693085
v 0.0393984355032444 -0.39697837829589844 0.037919096648693085
v 0.03975127637386322 -0.3808511793613434 -0.04739902913570404
v 0.03975127637386322 -0.3808511793613434 0.04739902913570404
v 0.04007262364029884 -0.1404111683368683 -0.005704236216843128
v 0.04007262364029884 -0.1404111683368683 0.005704646930098534
v 0.0408361591398716 -0.15010282397270203 -0.04739902913570404
v 0.0408361591398716 -0.15010282397270203 0.04739902913570404
v 0.0409136563539505 0.3923029601573944 -0.04739902913570404
v 0.0409136563539505 0.3923029601573944 0.04739902913570404
v 0.040965400636196136 -0.19195418059825897 -0.026788683608174324
v 0.040965400636196136 -0.19195418059825897 0.02678843028843403
v 0.04140224680304527 0.383472204208374 -0.04739902913570404
v 0.04140224680304527 0.383472204208374 0.04739902913570404
v 0.0417771078646183 -0.3642965853214264 -0.04739902913570404
v 0.0417771078646183 -0.3642965853214264 0.04739902913570404
v 0.0418567880988121 0.39988332986831665 -0.03791913017630577
v 0.0418567880988121 0.39988332986831665 0.03791913017630577
v 0.0418878011405468 -0.14099283516407013 -0.02678843028843403
v 0.0418878011405468 -0.14099283516407013 0.026788683608174324
v 0.042074255645275116 0.39985179901123047 -0.018959421664476395
v 0.042074255645275116 0.39985179901123047 0.018959421664476395
v 0.04215415194630623 0.3998401463031769 0.0
v 0.04230530932545662 -0.34449508786201477 -0.00947978999465704
v 0.04230530932545662 -0.34449508786201477 0.00947978999465704
v 0.04237820953130722 0.3518022298812866 -0.03791913017630577
v 0.04237820953130722 0.3518022298812866 0.03791913017630577
v 0.042435720562934875 -0.15951476991176605 -0.04739902913570404
v 0.042435720562934875 -0.15951476991176605 0.04739902913570404
v 0.04244265332818031 -0.34441834688186646 -0.028439385816454887
v 0.04244265332818031 -0.34441834688186646 0.028439385816454887
v 0.042470384389162064 -0.1927778571844101 -0.03613894805312157
v 0.04247036576271057 -0.1927778571844101 0.036138806492090225
v 0.04259486868977547 0.351764053106308 -0.018959421664476395
v 0.04259486868977547 0.351764053106308 0.018959421664476395
v 0.042634036391973495 -0.3566122353076935 -0.04739902913570404
v 0.042634036391973495 -0.3566122353076935 0.04739902913570404
v 0.04266205057501793 -0.19288556277751923 -0.01929856278002262
v 0.04266203194856644 -0.19288554787635803 0.019298231229186058
v 0.0426645465195179 -0.3442937433719635 -0.04739902913570404
v 0.0426645465195179 -0.3442937433719635 0.04739902913570404
v 0.0426744669675827 0.351749986410141 0.0
v 0.042678069323301315 0.3590726852416992 -0.04739902913570404
v 0.042678069323301315 0.3590726852416992 0.04739902913570404
v 0.04351213574409485 -0.14153757691383362 -0.036138806492090225
v 0.04351215064525604 -0.14153757691383362 0.03613894805312157
v 0.04367176070809364 -0.16703462600708008 -0.04739902913570404
v 0.04367176070809364 -0.16703462600708008 0.04739902913570404
v 0.04371979087591171 -0.14160887897014618 -0.019298231229186058
v 0.04371979087591171 -0.14160887897014618 0.01929856278002262
v 0.04384234920144081 -0.395529568195343 -0.009479663334786892
v 0.04384234920144081 -0.395529568195343 0.009479663334786892
v 0.043953847140073776 -0.1936282068490982 -2.21199996985888e-07
v 0.04399184510111809 -0.395477831363678 -0.028439195826649666
v 0.04399184510111809 -0.395477831363678 0.028439195826649666
v 0.04423357918858528 -0.3953937590122223 -0.04739902913570404
v 0.04423357918858528 -0.3953937590122223 0.04739902913570404
v 0.04438186064362526 -0.1938808262348175 -0.009871543385088444
v 0.04438186064362526 -0.1938808262348175 0.009871148504316807
v 0.04463811591267586 -0.1742236316204071 -0.04739902913570404
v 0.04463811591267586 -0.1742236316204071 0.04739902913570404
v 0.04512400180101395 -0.14210106432437897 2.21199996985888e-07
v 0.0452749989926815 0.37402987480163574 -0.04739902913570404
v 0.0452749989926815 0.37402987480163574 0.04739902913570404
v 0.04559114947915077 -0.14226870238780975 -0.009871148504316807
v 0.04559114947915077 -0.14226870238780975 0.009871543385088444
v 0.0458405502140522 -0.18740810453891754 -0.04739902913570404
v 0.0458405502140522 -0.18740810453891754 0.04739902913570404
v 0.046437934041023254 -0.38582807779312134 -0.04739902913570404
v 0.046437934041023254 -0.38582807779312134 0.04739902913570404
v 0.046539969742298126 -0.3419749140739441 0.0
v 0.04657839238643646 -0.3766099214553833 -0.04739902913570404
v 0.04657839238643646 -0.3766099214553833 0.04739902913570404
v 0.04661229997873306 -0.34192898869514465 -0.01895948499441147
v 0.04661229997873306 -0.34192898869514465 0.01895948499441147
v 0.04665333032608032 0.3991486132144928 -0.04739902913570404
v 0.04665333032608032 0.3991486132144928 0.04739902913570404
v 0.046808864921331406 -0.3418036699295044 -0.03791917487978935
v 0.046808864921331406 -0.3418036699295044 0.03791917487978935
v 0.04689069092273712 0.3991101384162903 -0.028439244255423546
v 0.04689069092273712 0.3991101384162903 0.028439244255423546
v 0.04698101803660393 -0.1954873651266098 -0.026943093165755272
v 0.046981003135442734 -0.1954873651266098 0.02694285660982132
v 0.04699411615729332 -0.19549578428268433 -0.04739902913570404
v 0.04699411615729332 -0.19549578428268433 0.04739902913570404
v 0.047037359327077866 0.39908626675605774 -0.009479694999754429
v 0.047037359327077866 0.39908626675605774 0.009479694999754429
v 0.04715435579419136 0.3509141504764557 -0.04739902913570404
v 0.04715435579419136 0.3509141504764557 0.04739902913570404
v 0.04739056155085564 0.3508676588535309 -0.028439244255423546
v 0.04739056155085564 0.3508676588535309 0.028439244255423546
v 0.047536518424749374 0.350838840007782 -0.009479694999754429
v 0.047536518424749374 0.350838840007782 0.009479694999754429
v 0.04764270782470703 -0.19591687619686127 -0.004694020375609398
v 0.04764270782470703 -0.19591687619686127 0.004693625494837761
v 0.047716300934553146 -0.3680444061756134 -0.04739902913570404
v 0.047716300934553146 -0.3680444061756134 0.04739902913570404
v 0.048441316932439804 -0.3613845407962799 -0.04739902913570404
v 0.048441316932439804 -0.3613845407962799 0.04739902913570404
v 0.04844937473535538 -0.14333713054656982 -0.02694285660982132
v 0.04844939336180687 -0.14333713054656982 0.026943093165755272
v 0.04846389591693878 -0.1433427482843399 -0.04739902913570404
v 0.04846389591693878 -0.1433427482843399 0.04739902913570404
v 0.048464544117450714 -0.39383769035339355 0.0
v 0.04854469373822212 -0.39380666613578796 -0.01895935833454132
v 0.04854469373822212 -0.39380666613578796 0.01895935833454132
v 0.048727717250585556 0.38054826855659485 -0.04739902913570404
v 0.048727717250585556 0.38054826855659485 0.04739902913570404
v 0.048762716352939606 -0.39372190833091736 -0.037919096648693085
v 0.048762716352939606 -0.39372190833091736 0.037919096648693085
v 0.049171216785907745 -0.19694222509860992 -0.0174820888787508
v 0.04917119815945625 -0.19694222509860992 0.017481742426753044
v 0.04918327182531357 -0.143623486161232 -0.004693625494837761
v 0.04918327182531357 -0.143623486161232 0.004694020375609398
v 0.04921931028366089 -0.18002761900424957 -0.04739902913570404
v 0.04921931028366089 -0.18002761900424957 0.04739902913570404
v 0.04932371526956558 -0.1539044976234436 -0.04739902913570404
v 0.04932371526956558 -0.1539044976234436 0.04739902913570404
v 0.04975041747093201 0.38954341411590576 -0.04739902913570404
v 0.04975041747093201 0.38954341411590576 0.04739902913570404
v 0.04976428672671318 0.3652905523777008 -0.04739902913570404
v 0.04976428672671318 0.3652905523777008 0.04739902913570404
v 0.05039379373192787 -0.3471520245075226 -0.04739902913570404
v 0.05039379373192787 -0.3471520245075226 0.04739902913570404
v 0.05055321380496025 -0.19791057705879211 -0.008904129266738892
v 0.05055321380496025 -0.19791056215763092 0.008903749287128448
v 0.05062315985560417 -0.1624976545572281 -0.04739902913570404
v 0.05062315985560417 -0.1624976545572281 0.04739902913570404
v 0.05068304017186165 -0.33917710185050964 -0.009479726664721966
v 0.05068304017186165 -0.33917710185050964 0.009479726664721966
v 0.050811365246772766 -0.33908477425575256 -0.028439290821552277
v 0.050811365246772766 -0.33908477425575256 0.028439275920391083
v 0.05088892579078674 -0.14430831372737885 -0.017481742426753044
v 0.05088894069194794 -0.14430831372737885 0.0174820888787508
v 0.05094730481505394 0.35691654682159424 -0.04739902913570404
v 0.05094730481505394 0.35691654682159424 0.04739902913570404
v 0.05101864039897919 -0.33893492817878723 -0.04739902913570404
v 0.05101864039897919 -0.33893492817878723 0.04739902913570404
v 0.051019731909036636 -0.19824658334255219 -0.03665430098772049
v 0.051019731909036636 -0.19824658334255219 0.036654189229011536
v 0.05146801471710205 -0.19857391715049744 -2.053999992313038e-07
v 0.051677804440259933 0.3982912302017212 -0.03791913017630577
v 0.051677804440259933 0.3982912302017212 0.03791913017630577
v 0.05189406871795654 0.3982522785663605 -0.018959421664476395
v 0.05189406871795654 0.3982522785663605 0.018959421664476395
v 0.05197354033589363 0.398237943649292 0.0
v 0.05215128883719444 0.3498794436454773 -0.03791913017630577
v 0.05215128883719444 0.3498794436454773 0.03791913017630577
v 0.052366212010383606 0.3498325049877167 -0.018959421664476395
v 0.052366212010383606 0.3498325049877167 0.018959421664476395
v 0.052444372326135635 -0.14495663344860077 -0.008903749287128448
v 0.052444372326135635 -0.14495663344860077 0.008904129266738892
v 0.0524451769888401 0.3498152196407318 0.0
v 0.052639465779066086 -0.1712241917848587 -0.04739902913570404
v 0.052639465779066086 -0.1712241917848587 0.04739902913570404
v 0.05297242850065231 -0.14518196880817413 -0.036654189229011536
v 0.05297242850065231 -0.14518196880817413 0.03665430098772049
v 0.05308762192726135 -0.39194920659065247 -0.009479663334786892
v 0.05308762192726135 -0.39194920659065247 0.009479663334786892
v 0.05323290079832077 -0.3918865919113159 -0.028439195826649666
v 0.05323290079832077 -0.3918865919113159 0.028439195826649666
v 0.05346781015396118 -0.3917849063873291 -0.04739902913570404
v 0.05346781015396118 -0.3917849063873291 0.04739902913570404
v 0.0534813366830349 -0.14540167152881622 2.053999992313038e-07
v 0.054056648164987564 -0.38116729259490967 -0.04739902913570404
v 0.054056648164987564 -0.38116729259490967 0.04739902913570404
v 0.05434124916791916 -0.3543858528137207 -0.04739902913570404
v 0.05434124916791916 -0.3543858528137207 0.04739902913570404
v 0.05460260808467865 -0.33619073033332825 0.0
v 0.054669566452503204 -0.3361365795135498 -0.018959421664476395
v 0.054669566452503204 -0.3361365795135498 0.0189594067633152
v 0.05474492907524109 0.3739855885505676 -0.04739902913570404
v 0.05474492907524109 0.3739855885505676 0.04739902913570404
v 0.05485140532255173 -0.33598899841308594 -0.03791913017630577
v 0.05485140532255173 -0.33598899841308594 0.03791913017630577
v 0.054866887629032135 -0.20120428502559662 -0.01457682903856039
v 0.05486687272787094 -0.20120428502559662 0.014576497487723827
v 0.05487292259931564 -0.20120921730995178 -0.02529521845281124
v 0.05487292259931564 -0.2012092024087906 0.02529498189687729
v 0.055022500455379486 -0.20133128762245178 -0.04739902913570404
v 0.055022500455379486 -0.20133128762245178 0.04739902913570404
v 0.05504373461008072 -0.37254762649536133 -0.04739902913570404
v 0.05504373461008072 -0.37254762649536133 0.04739902913570404
v 0.05530717968940735 -0.2015652060508728 -0.006799501366913319
v 0.05530717968940735 -0.2015652060508728 0.0067991535179317
v 0.05541760101914406 0.38377317786216736 -0.04739902913570404
v 0.05541760101914406 0.38377317786216736 0.04739902913570404
v 0.05573790892958641 -0.36358359456062317 -0.04739902913570404
v 0.05573790892958641 -0.36358359456062317 0.04739902913570404
v 0.05644657090306282 0.39739367365837097 -0.04739902913570404
v 0.05644657090306282 0.39739367365837097 0.04739902913570404
v 0.05668247491121292 0.3973471224308014 -0.028439244255423546
v 0.05668247491121292 0.3973471224308014 0.028439244255423546
v 0.05682826042175293 0.3973182737827301 -0.009479694999754429
v 0.05682826042175293 0.3973182737827301 0.009479694999754429
v 0.05688738450407982 0.34879788756370544 -0.04739902913570404
v 0.05688738450407982 0.34879788756370544 0.04739902913570404
v 0.057121504098176956 0.3487418293952942 -0.028439244255423546
v 0.057121504098176956 0.3487418293952942 0.028439244255423546
v 0.057143114507198334 -0.17750157415866852 -0.04739902913570404
v 0.057143114507198334 -0.17750157415866852 0.04739902913570404
v 0.05726616457104683 0.3487071096897125 -0.009479694999754429
v 0.05726616457104683 0.3487071096897125 0.009479694999754429
v 0.05739054083824158 -0.14717358350753784 -0.014576497487723827
v 0.05739055573940277 -0.14717359840869904 0.01457682903856039
v 0.057397570461034775 -0.14717692136764526 -0.02529498189687729
v 0.05739758536219597 -0.14717692136764526 0.02529521845281124
v 0.05755360797047615 -0.18925580382347107 -0.04739902913570404
v 0.05755360797047615 -0.18925580382347107 0.04739902913570404
v 0.05757240951061249 -0.3899209797382355 0.0
v 0.05757182464003563 -0.1472594439983368 -0.04739902913570404
v 0.05757182464003563 -0.1472594439983368 0.04739902913570404
v 0.057650063186883926 -0.3898841142654419 -0.01895935833454132
v 0.057650063186883926 -0.3898841142654419 0.01895935833454132
v 0.0577145591378212 -0.15648053586483002 -0.04739902913570404
v 0.0577145591378212 -0.15648053586483002 0.04739902913570404
v 0.05786125734448433 -0.38978350162506104 -0.037919096648693085
v 0.05786125734448433 -0.38978350162506104 0.037919096648693085
v 0.05790401250123978 -0.14741761982440948 -0.0067991535179317
v 0.05790402740240097 -0.14741763472557068 0.006799501366913319
v 0.05810612067580223 0.35879409313201904 -0.04739902913570404
v 0.05810612067580223 0.35879409313201904 0.04739902913570404
v 0.05835980176925659 -0.16480128467082977 -0.04739902913570404
v 0.05835980176925659 -0.16480128467082977 0.04739902913570404
v 0.05838121101260185 0.3901938796043396 -0.04739902913570404
v 0.05838121101260185 0.3901938796043396 0.04739902913570404
v 0.058399491012096405 -0.3329390287399292 -0.00947967916727066
v 0.058399491012096405 -0.3329390287399292 0.00947967916727066
v 0.05851718410849571 -0.3328320384025574 -0.028439227491617203
v 0.05851718410849571 -0.3328320384025574 0.02843921259045601
v 0.058555543422698975 -0.3442394733428955 -0.04739902913570404
v 0.058555543422698975 -0.3442394733428955 0.04739902913570404
v 0.05870717391371727 -0.33265843987464905 -0.04739902913570404
v 0.05870717391371727 -0.33265843987464905 0.04739902913570404
v 0.058764953166246414 -0.20457525551319122 -0.036750536412000656
v 0.058764953166246414 -0.20457524061203003 0.0367504246532917
v 0.05921304598450661 -0.2049895077943802 -0.018461210653185844
v 0.05921304598450661 -0.204989492893219 0.018460942432284355
v 0.059281256049871445 0.36631128191947937 -0.04739902913570404
v 0.059281256049871445 0.36631128191947937 0.04739902913570404
v 0.059477899223566055 -0.20523712038993835 -0.010516153648495674
v 0.059477899223566055 -0.20523712038993835 0.010515853762626648
v 0.05971004068851471 -0.20545586943626404 -1.5800000596755126e-07
v 0.06143895164132118 0.396365761756897 -0.03791913017630577
v 0.06143895164132118 0.396365761756897 0.03791913017630577
v 0.06165376678109169 0.3963194787502289 -0.018959421664476395
v 0.06165376678109169 0.3963194787502289 0.018959421664476395
v 0.0617327019572258 0.3963024616241455 0.0
v 0.06183808669447899 0.347560852766037 -0.03791913017630577
v 0.06183808669447899 0.347560852766037 0.03791913017630577
v 0.06195266544818878 -0.3295257091522217 0.0
v 0.06200063228607178 -0.1494617611169815 -0.0367504246532917
v 0.06200063228607178 -0.1494617611169815 0.036750536412000656
v 0.062013428658246994 -0.3294638395309448 -0.01895935833454132
v 0.062013428658246994 -0.3294638395309448 0.01895935833454132
v 0.06204359233379364 -0.3876965641975403 -0.009479663334786892
v 0.06204359233379364 -0.3876965641975403 0.009479663334786892
v 0.06205093860626221 0.34750521183013916 -0.018959421664476395
v 0.06205093860626221 0.34750521183013916 0.018959421664476395
v 0.062088824808597565 0.3782232701778412 -0.04739902913570404
v 0.062088824808597565 0.3782232701778412 0.04739902913570404
v 0.06212913244962692 0.3474847078323364 0.0
v 0.06217829883098602 -0.32929545640945435 -0.037919096648693085
v 0.06217829883098602 -0.32929545640945435 0.037919096648693085
v 0.06218386068940163 -0.3876233994960785 -0.028439195826649666
v 0.06218386068940163 -0.3876233994960785 0.028439195826649666
v 0.06233307346701622 -0.20804420113563538 -0.04739902913570404
v 0.06233307346701622 -0.20804420113563538 0.04739902913570404
v 0.0624106340110302 -0.3875046670436859 -0.04739902913570404
v 0.0624106340110302 -0.3875046670436859 0.04739902913570404
v 0.06254055351018906 -0.14974431693553925 -0.018460942432284355
v 0.06254055351018906 -0.14974431693553925 0.018461210653185844
v 0.06281815469264984 -0.20854763686656952 -0.02619706466794014
v 0.06281815469264984 -0.20854763686656952 0.026196874678134918
v 0.06286073476076126 -0.14991335570812225 -0.010515853762626648
v 0.06286073476076126 -0.14991337060928345 0.010516153648495674
v 0.06286730617284775 -0.35142001509666443 -0.04739902913570404
v 0.06286730617284775 -0.35142001509666443 0.04739902913570404
v 0.06306955963373184 -0.19987702369689941 -0.04739902913570404
v 0.06306955963373184 -0.19987702369689941 0.04739902913570404
v 0.06307192891836166 -0.37757232785224915 -0.04739902913570404
v 0.06307192891836166 -0.37757232785224915 0.04739902913570404
v 0.06314203143119812 -0.15006278455257416 1.5800000596755126e-07
v 0.06348396837711334 -0.20925204455852509 -0.015718402341008186
v 0.06348396837711334 -0.20925204455852509 0.01571815088391304
v 0.06360630691051483 -0.1712838113307953 -0.04739902913570404
v 0.06360630691051483 -0.1712838113307953 0.04739902913570404
v 0.06372030079364777 -0.20950590074062347 -0.007540190126746893
v 0.06372030079364777 -0.20950590074062347 0.007539905607700348
v 0.06400106102228165 0.35332581400871277 -0.04739902913570404
v 0.06400106102228165 0.35332581400871277 0.04739902913570404
v 0.0640018954873085 -0.3687584400177002 -0.04739902913570404
v 0.0640018954873085 -0.3687584400177002 0.04739902913570404
v 0.06411702930927277 0.38495269417762756 -0.04739902913570404
v 0.06411702930927277 0.38495269417762756 0.04739902913570404
v 0.0643400102853775 -0.35975003242492676 -0.04739902913570404
v 0.0643400102853775 -0.35975003242492676 0.04739902913570404
v 0.06488431245088577 -0.179158017039299 -0.04739902913570404
v 0.06488431245088577 -0.179158017039299 0.04739902913570404
v 0.06521804630756378 0.37108176946640015 -0.04739902913570404
v 0.06521804630756378 0.37108176946640015 0.04739902913570404
v 0.0653536394238472 -0.32586294412612915 -0.009479647502303123
v 0.0653536394238472 -0.32586294412612915 0.009479647502303123
v 0.06536105275154114 -0.2113262116909027 -0.037557948380708694
v 0.06536103039979935 -0.2113262116909027 0.03755787014961243
v 0.06545934081077576 -0.32574209570884705 -0.028439149260520935
v 0.06545934081077576 -0.32574209570884705 0.028439149260520935
v 0.06562986224889755 -0.3255462050437927 -0.04739902913570404
v 0.06562986224889755 -0.3255462050437927 0.04739902913570404
v 0.06606799364089966 -0.336536169052124 -0.04739902913570404
v 0.06606799364089966 -0.336536169052124 0.04739902913570404
v 0.06617440283298492 0.39530643820762634 -0.04739902913570404
v 0.06617440283298492 0.39530643820762634 0.04739902913570404
v 0.06618373841047287 -0.16153723001480103 -0.04739902913570404
v 0.06618373841047287 -0.16153723001480103 0.04739902913570404
v 0.06636597216129303 -0.15183739364147186 -0.04739902913570404
v 0.06636597216129303 -0.15183739364147186 0.04739902913570404
v 0.0663665235042572 -0.3853429853916168 0.0
v 0.06640859693288803 0.39525189995765686 -0.028439244255423546
v 0.06640859693288803 0.39525189995765686 0.028439244255423546
v 0.06644126027822495 -0.38530048727989197 -0.01895935833454132
v 0.06644126027822495 -0.38530048727989197 0.01895935833454132
v 0.06652629375457764 0.3462875783443451 -0.04739902913570404
v 0.06652629375457764 0.3462875783443451 0.04739902913570404
v 0.06655330955982208 0.3952181041240692 -0.009479694999754429
v 0.06655330955982208 0.3952181041240692 0.009479694999754429
v 0.06664445996284485 -0.38518455624580383 -0.037919096648693085
v 0.06664445996284485 -0.38518455624580383 0.037919096648693085
v 0.066757932305336 0.34622207283973694 -0.028439244255423546
v 0.066757932305336 0.34622207283973694 0.028439244255423546
v 0.0669010579586029 0.3461814820766449 -0.009479694999754429
v 0.0669010579586029 0.3461814820766449 0.009479694999754429
v 0.06697200238704681 -0.15218396484851837 -0.026196874678134918
v 0.06697200238704681 -0.15218396484851837 0.02619706466794014
v 0.0671294629573822 0.36097726225852966 -0.04739902913570404
v 0.0671294629573822 0.36097726225852966 0.04739902913570404
v 0.06726323813199997 -0.21357306838035583 -0.020127207040786743
v 0.06726323813199997 -0.21357306838035583 0.020127002149820328
v 0.06747763603925705 -0.3457850515842438 -0.04739902913570404
v 0.06747763603925705 -0.3457850515842438 0.04739902913570404
v 0.06758744269609451 -0.2139718234539032 -1.2639999624752818e-07
v 0.06774401664733887 -0.21416614949703217 -0.011466078460216522
v 0.06774400174617767 -0.21416613459587097 0.011465856805443764
v 0.06780923902988434 -0.15266966819763184 -0.01571815088391304
v 0.06780923902988434 -0.15266966819763184 0.015718402341008186
v 0.0681079626083374 -0.15284493565559387 -0.007539905607700348
v 0.0681079626083374 -0.15284493565559387 0.007540190126746893
v 0.06849390268325806 -0.3220677375793457 0.0
v 0.0685478150844574 -0.32199862599372864 -0.018959280103445053
v 0.0685478150844574 -0.32199862599372864 0.018959280103445053
v 0.06855527311563492 -0.19410650432109833 -0.04739902913570404
v 0.06855527311563492 -0.19410650432109833 0.04739902913570404
v 0.0686938613653183 -0.32181063294410706 -0.037919048219919205
v 0.0686938613653183 -0.32181063294410706 0.037919048219919205
v 0.06883051246404648 -0.21554693579673767 -0.04739902913570404
v 0.06883051246404648 -0.21554693579673767 0.04739902913570404
v 0.06889531016349792 -0.1859813630580902 -0.04739902913570404
v 0.06889531016349792 -0.1859813630580902 0.04739902913570404
v 0.06908171623945236 -0.21587449312210083 -0.038134098052978516
v 0.06908170133829117 -0.21587449312210083 0.03813403472304344
v 0.06935424357652664 -0.21623356640338898 -0.029467692598700523
v 0.06935424357652664 -0.21623355150222778 0.029467565938830376
v 0.06962206214666367 -0.3529397249221802 -0.04739902913570404
v 0.06962206214666367 -0.3529397249221802 0.04739902913570404
v 0.07020574808120728 -0.15410521626472473 -0.03755787014961243
v 0.07020574808120728 -0.15410521626472473 0.037557948380708694
v 0.07027129083871841 -0.3744335472583771 -0.04739902913570404
v 0.07027129083871841 -0.3744335472583771 0.04739902913570404
v 0.07059020549058914 0.35184431076049805 -0.04739902913570404
v 0.07059020549058914 0.35184431076049805 0.04739902913570404
v 0.07066143304109573 -0.3827947974205017 -0.009479663334786892
v 0.07066143304109573 -0.3827947974205017 0.009479663334786892
v 0.0707947313785553 0.37813258171081543 -0.04739902913570404
v 0.0707947313785553 0.37813258171081543 0.04739902913570404
v 0.07079591602087021 -0.3827114701271057 -0.028439195826649666
v 0.07079591602087021 -0.3827114701271057 0.028439195826649666
v 0.07101332396268845 -0.3825763165950775 -0.04739902913570404
v 0.07101332396268845 -0.3825763165950775 0.04739902913570404
v 0.07112891227006912 0.39410921931266785 -0.03791913017630577
v 0.07112891227006912 0.39410921931266785 0.03791913017630577
v 0.07134203612804413 0.39405566453933716 -0.018959421664476395
v 0.07134203612804413 0.39405566453933716 0.018959421664476395
v 0.0714203342795372 0.3940359354019165 0.0
v 0.07142259180545807 0.3448502719402313 -0.03791913017630577
v 0.07142259180545807 0.3448502719402313 0.03791913017630577
v 0.07142645120620728 -0.21909788250923157 -0.007625350262969732
v 0.07142645120620728 -0.21909788250923157 0.00762514490634203
v 0.0714544802904129 -0.3180423378944397 -0.009479569271206856
v 0.0714544802904129 -0.3180423378944397 0.009479569271206856
v 0.07154709845781326 -0.31790825724601746 -0.02843903750181198
v 0.07154709845781326 -0.31790825724601746 0.02843903750181198
v 0.0716329962015152 0.34478601813316345 -0.018959421664476395
v 0.0716329962015152 0.34478601813316345 0.018959421664476395
v 0.07169640064239502 -0.3176909387111664 -0.04739902913570404
v 0.07169640064239502 -0.3176909387111664 0.04739902913570404
v 0.07171031087636948 0.3447623550891876 0.0
v 0.07179203629493713 0.38623499870300293 -0.04739902913570404
v 0.07179203629493713 0.38623499870300293 0.04739902913570404
v 0.07217295467853546 -0.22019296884536743 -0.01778469979763031
v 0.07217295467853546 -0.22019296884536743 0.017784541472792625
v 0.07246551662683487 -0.22063212096691132 -0.03811172768473625
v 0.07246550172567368 -0.22063212096691132 0.03811166435480118
v 0.07252305746078491 -0.3395749032497406 -0.04739902913570404
v 0.07252305746078491 -0.3395749032497406 0.04739902913570404
v 0.0726630762219429 -0.17795279622077942 -0.04739902913570404
v 0.0726630762219429 -0.17795279622077942 0.04739902913570404
v 0.07269495725631714 -0.1556694358587265 -0.020127002149820328
v 0.07269497215747833 -0.1556694358587265 0.020127207040786743
v 0.07312595844268799 -0.15594805777072906 1.2639999624752818e-07
v 0.07330038398504257 -0.16755664348602295 -0.04739902913570404
v 0.07330038398504257 -0.16755664348602295 0.04739902913570404
v 0.07333484292030334 -0.15608395636081696 -0.011465856805443764
v 0.07333484292030334 -0.15608395636081696 0.011466078460216522
v 0.07340196520090103 -0.2220780849456787 -9.480000073835981e-08
v 0.07351463288068771 -0.3314129710197449 -0.04739902913570404
v 0.07351463288068771 -0.3314129710197449 0.04739902913570404
v 0.07362636923789978 -0.20435252785682678 -0.04739902913570404
v 0.07362636923789978 -0.20435252785682678 0.04739902913570404
v 0.07386411726474762 0.3678182065486908 -0.04739902913570404
v 0.07386411726474762 0.3678182065486908 0.04739902913570404
v 0.07404033094644547 -0.36623385548591614 -0.04739902913570404
v 0.07404033094644547 -0.36623385548591614 0.04739902913570404
v 0.07414072751998901 -0.31391575932502747 0.0
v 0.0741872563958168 -0.31383955478668213 -0.018959106877446175
v 0.0741872563958168 -0.31383955478668213 0.018959106877446175
v 0.07431302219629288 -0.31363269686698914 -0.03791894018650055
v 0.07431302219629288 -0.31363269686698914 0.03791894018650055
v 0.07443004846572876 -0.22374162077903748 -0.04739902913570404
v 0.07443004846572876 -0.22374162077903748 0.04739902913570404
v 0.07479843497276306 -0.15705163776874542 -0.04739902913570404
v 0.07479843497276306 -0.15705163776874542 0.04739902913570404
v 0.07479895651340485 -0.3801287114620209 0.0
v 0.07487034052610397 -0.38008081912994385 -0.01895935833454132
v 0.07487034052610397 -0.38008081912994385 0.01895935833454132
v 0.07489653676748276 -0.2245250642299652 -0.02835973910987377
v 0.07489653676748276 -0.2245250642299652 0.02835964411497116
v 0.07506443560123444 -0.37995022535324097 -0.037919096648693085
v 0.07506443560123444 -0.37995022535324097 0.037919096648693085
v 0.07514043152332306 -0.15728174149990082 -0.03813403472304344
v 0.07514043152332306 -0.15728174149990082 0.038134098052978516
v 0.07550656050443649 -0.22557874023914337 -0.008875736966729164
v 0.07550656050443649 -0.22557874023914337 0.00887557864189148
v 0.07551310211420059 -0.15753424167633057 -0.029467565938830376
v 0.07551311701536179 -0.15753424167633057 0.029467692598700523
v 0.07567643374204636 -0.3579409420490265 -0.04739902913570404
v 0.07567643374204636 -0.3579409420490265 0.04739902913570404
v 0.07582557201385498 0.3928893506526947 -0.04739902913570404
v 0.07582557201385498 0.3928893506526947 0.04739902913570404
v 0.07590682804584503 -0.1969434916973114 -0.04739902913570404
v 0.07590682804584503 -0.1969434916973114 0.04739902913570404
v 0.0760551393032074 0.3433874249458313 -0.04739902913570404
v 0.0760551393032074 0.3433874249458313 0.04739902913570404
v 0.07605777680873871 0.3928268849849701 -0.028439244255423546
v 0.07605777680873871 0.3928268849849701 0.028439244255423546
v 0.07616030424833298 -0.1883360892534256 -0.04739902913570404
v 0.07616030424833298 -0.1883360892534256 0.04739902913570404
v 0.07620125263929367 0.3927881717681885 -0.009479694999754429
v 0.07620125263929367 0.3927881717681885 0.009479694999754429
v 0.07628393173217773 0.3433125615119934 -0.028439244255423546
v 0.07628393173217773 0.3433125615119934 0.028439244255423546
v 0.07642529159784317 0.34326615929603577 -0.009479694999754429
v 0.07642529159784317 0.34326615929603577 0.009479694999754429
v 0.07662234455347061 -0.3095812499523163 -0.009479410946369171
v 0.07662234455347061 -0.3095812499523163 0.009479410946369171
v 0.07670100033283234 -0.30943387746810913 -0.028438786044716835
v 0.07670100033283234 -0.30943387746810913 0.028438786044716835
v 0.07682764530181885 -0.3091951608657837 -0.04739902913570404
v 0.07682764530181885 -0.3091951608657837 0.04739902913570404
v 0.07702670991420746 -0.21595685184001923 -0.04739902913570404
v 0.07702670991420746 -0.21595685184001923 0.04739902913570404
v 0.07713031023740768 -0.22856345772743225 -0.03791053220629692
v 0.07713031023740768 -0.22856345772743225 0.03791048750281334
v 0.07741726189851761 -0.22912132740020752 -0.01856890134513378
v 0.07741726189851761 -0.22912132740020752 0.018568791449069977
v 0.07770735770463943 0.355387419462204 -0.04739902913570404
v 0.07770735770463943 0.355387419462204 0.04739902913570404
v 0.07775591313838959 -0.2297927439212799 -6.319999812376409e-08
v 0.07777205854654312 -0.3477790951728821 -0.04739902913570404
v 0.07777205854654312 -0.3477790951728821 0.04739902913570404
v 0.07790406793355942 -0.3217281103134155 -0.04739902913570404
v 0.07790406793355942 -0.3217281103134155 0.04739902913570404
v 0.07840627431869507 -0.15955759584903717 -0.00762514490634203
v 0.07840627431869507 -0.15955759584903717 0.007625350262969732
v 0.0786861777305603 0.37474754452705383 -0.04739902913570404
v 0.0786861777305603 0.37474754452705383 0.04739902913570404
v 0.07881961017847061 -0.3051786720752716 0.0
v 0.07885828614234924 -0.30509522557258606 -0.01895875856280327
v 0.07885828614234924 -0.30509522557258606 0.01895875856280327
v 0.07889415323734283 -0.3772706091403961 -0.009479663334786892
v 0.07889415323734283 -0.3772706091403961 0.009479663334786892
v 0.0789625495672226 -0.304869145154953 -0.03791870176792145
v 0.0789625495672226 -0.304869145154953 0.03791870176792145
v 0.07900620251893997 0.38331854343414307 -0.04739902913570404
v 0.07900620251893997 0.38331854343414307 0.04739902913570404
v 0.07902214676141739 -0.3771775960922241 -0.028439195826649666
v 0.07902214676141739 -0.3771775960922241 0.028439195826649666
v 0.07905862480401993 -0.2325213998556137 -0.04739902913570404
v 0.07905862480401993 -0.2325213998556137 0.04739902913570404
v 0.079228974878788 -0.37702676653862 -0.04739902913570404
v 0.079228974878788 -0.37702676653862 0.04739902913570404
v 0.07938174903392792 -0.23323819041252136 -0.028314094990491867
v 0.07938172668218613 -0.23323819041252136 0.02831401489675045
v 0.07947695255279541 -0.16033557057380676 -0.017784541472792625
v 0.0794769674539566 -0.16033557057380676 0.01778469979763031
v 0.07965236157178879 -0.23385225236415863 -0.009275042451918125
v 0.07965236157178879 -0.23385225236415863 0.009274931624531746
v 0.07990111410617828 -0.16064824163913727 -0.03811166435480118
v 0.07990111410617828 -0.16064824163913727 0.03811172768473625
v 0.08045759052038193 -0.3369256258010864 -0.04739902913570404
v 0.08045759052038193 -0.3369256258010864 0.04739902913570404
v 0.0805625319480896 -0.18090027570724487 -0.04739902913570404
v 0.0805625319480896 -0.18090027570724487 0.04739902913570404
v 0.08073647320270538 0.39152419567108154 -0.03791913017630577
v 0.08073647320270538 0.39152419567108154 0.03791913017630577
v 0.08079023659229279 -0.3005930185317993 -0.009479079395532608
v 0.08079023659229279 -0.3005930185317993 0.009479079395532608
v 0.08085408806800842 -0.30043137073516846 -0.028438247740268707
v 0.08085408806800842 -0.30043137073516846 0.028438247740268707
v 0.08088895678520203 0.34175220131874084 -0.03791913017630577
v 0.08088895678520203 0.34175220131874084 0.03791913017630577
v 0.08089056611061096 -0.20217910408973694 -0.04739902913570404
v 0.08089056611061096 -0.20217910408973694 0.04739902913570404
v 0.0809476375579834 0.39146342873573303 -0.018959421664476395
v 0.0809476375579834 0.39146342873573303 0.018959421664476395
v 0.08095666021108627 -0.3001697063446045 -0.04739902913570404
v 0.08095666021108627 -0.3001697063446045 0.04739902913570404
v 0.08102522790431976 0.3914410471916199 0.0
v 0.0810965821146965 0.3416794240474701 -0.018959421664476395
v 0.0810965821146965 0.3416794240474701 0.018959421664476395
v 0.08112698048353195 -0.2374511957168579 -0.0378793440759182
v 0.08112698048353195 -0.2374511957168579 0.03787931427359581
v 0.08117284625768661 0.34165263175964355 0.0
v 0.08123240619897842 -0.17245331406593323 -0.04739902913570404
v 0.08123240619897842 -0.17245331406593323 0.04739902913570404
v 0.08127722889184952 -0.16168059408664703 9.480000073835981e-08
v 0.08134984970092773 -0.23803815245628357 -0.01880257949233055
v 0.08134984970092773 -0.23803815245628357 0.01880248449742794
v 0.08147330582141876 -0.238368958234787 -4.7400000369179907e-08
v 0.08164356648921967 -0.32909461855888367 -0.04739902913570404
v 0.08164356648921967 -0.32909461855888367 0.04739902913570404
v 0.08247032761573792 -0.2959742546081543 0.0
v 0.08250068128108978 -0.2958827018737793 -0.018957968801259995
v 0.08250068128108978 -0.2958827018737793 0.01895795203745365
v 0.08258204907178879 -0.295635461807251 -0.03791821375489235
v 0.08258204907178879 -0.295635461807251 0.03791821375489235
v 0.08265586197376251 -0.2417716681957245 -0.04739902913570404
v 0.08265586197376251 -0.2417716681957245 0.04739902913570404
v 0.08282323181629181 -0.162873774766922 -0.04739902913570404
v 0.08282323181629181 -0.162873774766922 0.04739902913570404
v 0.0828237235546112 -0.3743065297603607 0.0
v 0.08284088224172592 -0.195814311504364 -0.04739902913570404
v 0.08284088224172592 -0.195814311504364 0.04739902913570404
v 0.08285053074359894 -0.24237924814224243 -0.028362788259983063
v 0.08285053074359894 -0.24237924814224243 0.028362726792693138
v 0.08289137482643127 -0.374253511428833 -0.01895935833454132
v 0.08289137482643127 -0.374253511428833 0.01895935833454132
v 0.08298613876104355 -0.24281181395053864 -0.009402735158801079
v 0.08298613876104355 -0.24281181395053864 0.009402655996382236
v 0.08305570483207703 -0.3641014099121094 -0.04739902913570404
v 0.08305570483207703 -0.3641014099121094 0.04739902913570404
v 0.08307532966136932 -0.3741089403629303 -0.037919096648693085
v 0.08307532966136932 -0.3741089403629303 0.037919096648693085
v 0.08309298008680344 0.3664943277835846 -0.04739902913570404
v 0.08309298008680344 0.3664943277835846 0.04739902913570404
v 0.08322476595640182 -0.35597020387649536 -0.04739902913570404
v 0.08322476595640182 -0.35597020387649536 0.04739902913570404
v 0.08344907313585281 -0.22183595597743988 -0.04739902913570404
v 0.08344907313585281 -0.22183595597743988 0.04739902913570404
v 0.08351743966341019 -0.2109353244304657 -0.04739902913570404
v 0.08351743966341019 -0.2109353244304657 0.04739902913570404
v 0.08353808522224426 -0.16343773901462555 -0.02835964411497116
v 0.08353808522224426 -0.16343773901462555 0.02835973910987377
v 0.08390514552593231 -0.2911991775035858 -0.009478352032601833
v 0.08390514552593231 -0.2911991775035858 0.009478336200118065
v 0.08395301550626755 -0.2910207509994507 -0.028437094762921333
v 0.08395301550626755 -0.2910207509994507 0.028437094762921333
v 0.08402957022190094 -0.2907322645187378 -0.04739902913570404
v 0.08402957022190094 -0.2907322645187378 0.04739902913570404
v 0.08412756025791168 -0.2468237429857254 -0.03789038956165314
v 0.08412756025791168 -0.2468237429857254 0.03789037466049194
v 0.08425441384315491 -0.2473200559616089 -0.018890662118792534
v 0.08425441384315491 -0.2473200559616089 0.018890613690018654
v 0.0843084305524826 -0.24753521382808685 -3.1599999061882045e-08
v 0.08448660373687744 -0.16419833898544312 -0.00887557864189148
v 0.08448661863803864 -0.16419833898544312 0.008875736966729164
v 0.08491622656583786 -0.3072092831134796 -0.04739902913570404
v 0.08491622656583786 -0.3072092831134796 0.04739902913570404
v 0.08504734933376312 -0.28642788529396057 0.0
v 0.08506858348846436 -0.2863263785839081 -0.0189562626183033
v 0.08506858348846436 -0.2863263785839081 0.018956245854496956
v 0.08512500673532486 -0.2860535979270935 -0.037917185574769974
v 0.08512500673532486 -0.2860535979270935 0.037917185574769974
v 0.08514147251844406 -0.31527307629585266 -0.04739902913570404
v 0.08514147251844406 -0.31527307629585266 0.04739902913570404
v 0.08517483621835709 -0.2513718008995056 -0.04739902913570404
v 0.08517483621835709 -0.2513718008995056 0.04739902913570404
v 0.08517542481422424 -0.18747402727603912 -0.04739902913570404
v 0.08517542481422424 -0.18747402727603912 0.04739902913570404
v 0.08527578413486481 -0.2518789768218994 -0.02839908003807068
v 0.08527578413486481 -0.2518789768218994 0.02839905023574829
v 0.08534037321805954 -0.2522119879722595 -0.00944789033383131
v 0.08534037321805954 -0.2522119879722595 0.009447827003896236
v 0.08538889139890671 0.3901451826095581 -0.04739902913570404
v 0.08538889139890671 0.3901451826095581 0.04739902913570404
v 0.08542268723249435 0.34937000274658203 -0.04739902913570404
v 0.08542268723249435 0.34937000274658203 0.04739902913570404
v 0.0854581892490387 0.3401021659374237 -0.04739902913570404
v 0.0854581892490387 0.3401021659374237 0.04739902913570404
v 0.08561882376670837 0.39007484912872314 -0.028439244255423546
v 0.08561882376670837 0.39007484912872314 0.028439244255423546
v 0.08568374812602997 0.34001806378364563 -0.028439244255423546
v 0.08568374812602997 0.34001806378364563 0.028439244255423546
v 0.08576091378927231 0.39003127813339233 -0.009479694999754429
v 0.08576091378927231 0.39003127813339233 0.009479694999754429
v 0.08582309633493423 0.33996596932411194 -0.009479694999754429
v 0.08582309633493423 0.33996596932411194 0.009479694999754429
v 0.08592928946018219 -0.28152814507484436 -0.009476772509515285
v 0.08592928946018219 -0.28152814507484436 0.009476756677031517
v 0.08595915138721466 -0.2813282907009125 -0.028434645384550095
v 0.08595915138721466 -0.2813282907009125 0.028434645384550095
v 0.086006298661232 -0.28100597858428955 -0.04739902913570404
v 0.086006298661232 -0.28100597858428955 0.04739902913570404
v 0.08605317771434784 -0.25650396943092346 -0.03790295124053955
v 0.08605317771434784 -0.25650396943092346 0.03790295124053955
v 0.08610464632511139 0.35774850845336914 -0.04739902913570404
v 0.08610464632511139 0.35774850845336914 0.04739902913570404
v 0.08611022680997849 -0.2569173276424408 -0.018928011879324913
v 0.08611022680997849 -0.2569173276424408 0.018927980214357376
v 0.08613217622041702 -0.25708046555519104 -1.5799999530941022e-08
v 0.08652125298976898 -0.2766713798046112 -1.5799999530941022e-08
v 0.08653189241886139 -0.2765566408634186 -0.018952611833810806
v 0.08653189241886139 -0.2765566408634186 0.018952596932649612
v 0.08655951917171478 -0.2762506306171417 -0.037915050983428955
v 0.08655951917171478 -0.2762506306171417 0.037915050983428955
v 0.08658268302679062 -0.2611965537071228 -0.04739902913570404
v 0.08658268302679062 -0.2611965537071228 0.04739902913570404
v 0.0866033062338829 -0.34303343296051025 -0.04739902913570404
v 0.0866033062338829 -0.34303343296051025 0.04739902913570404
v 0.08661811053752899 -0.2616238296031952 -0.02841925621032715
v 0.08661811053752899 -0.2616238296031952 0.028419241309165955
v 0.08663945645093918 -0.261894553899765 -0.009465696290135384
v 0.08663945645093918 -0.261894553899765 0.009465665556490421
v 0.08667287230491638 0.3779740333557129 -0.04739902913570404
v 0.08667287230491638 0.3779740333557129 0.04739902913570404
v 0.08669691532850266 -0.3711540997028351 -0.009479663334786892
v 0.08669691532850266 -0.3711540997028351 0.009479663334786892
v 0.08681768923997879 -0.3710519075393677 -0.028439195826649666
v 0.08681768923997879 -0.3710519075393677 0.028439195826649666
v 0.0868416577577591 -0.27171382308006287 -0.009473327547311783
v 0.0868416577577591 -0.27171382308006287 0.009473312646150589
v 0.08684958517551422 -0.2714847922325134 -0.028429575264453888
v 0.08684958517551422 -0.2714847922325134 0.028429558500647545
v 0.08686104416847229 -0.27111777663230896 -0.04739902913570404
v 0.08686104416847229 -0.27111777663230896 0.04739902913570404
v 0.08686909824609756 -0.26635685563087463 -0.037910833954811096
v 0.08686909824609756 -0.26635685563087463 0.0379108190536499
v 0.08687741309404373 -0.26670798659324646 -0.01894482411444187
v 0.08687741309404373 -0.26670798659324646 0.01894480735063553
v 0.08688020706176758 -0.26684170961380005 -1.5799999530941022e-08
v 0.08698642998933792 -0.3503458797931671 -0.04739902913570404
v 0.08698642998933792 -0.3503458797931671 0.04739902913570404
v 0.08701284974813461 -0.3708862364292145 -0.04739902913570404
v 0.08701284974813461 -0.3708862364292145 0.04739902913570404
v 0.08709702640771866 -0.16636615991592407 -0.03791048750281334
v 0.08709702640771866 -0.16636615991592407 0.03791053220629692
v 0.08715479075908661 -0.32374972105026245 -0.04739902913570404
v 0.08715479075908661 -0.32374972105026245 0.04739902913570404
v 0.0872589722275734 -0.23213593661785126 -0.04739902913570404
v 0.0872589722275734 -0.23213593661785126 0.04739902913570404
v 0.08757293224334717 -0.16677355766296387 -0.018568791449069977
v 0.08757293224334717 -0.16677355766296387 0.01856890134513378
v 0.08814089745283127 -0.16726483404636383 6.319999812376409e-08
v 0.08856134116649628 -0.2028498351573944 -0.04739902913570404
v 0.08856134116649628 -0.2028498351573944 0.04739902913570404
v 0.08867169916629791 -0.17893782258033752 -0.04739902913570404
v 0.08867169916629791 -0.17893782258033752 0.04739902913570404
v 0.08997640758752823 -0.33242523670196533 -0.04739902913570404
v 0.08997640758752823 -0.33242523670196533 0.04739902913570404
v 0.09022150933742523 0.33827173709869385 -0.03791913017630577
v 0.09022150933742523 0.33827173709869385 0.03791913017630577
v 0.09025046974420547 0.3886137008666992 -0.03791913017630577
v 0.09025046974420547 0.3886137008666992 0.03791913017630577
v 0.09039710462093353 -0.36790820956230164 0.0
v 0.09039665013551712 -0.1692720651626587 -0.04739902913570404
v 0.09039665013551712 -0.1692720651626587 0.04739902913570404
v 0.0904259905219078 0.33819058537483215 -0.018959421664476395
v 0.0904259905219078 0.33819058537483215 0.018959421664476395
v 0.09045945107936859 0.3885457515716553 -0.018959421664476395
v 0.09045945107936859 0.3885457515716553 0.018959421664476395
v 0.09046066552400589 -0.36785033345222473 -0.01895935833454132
v 0.09046066552400589 -0.36785033345222473 0.01895935833454132
v 0.09050111472606659 0.3381607234477997 0.0
v 0.09053623676300049 0.3885207772254944 0.0
v 0.09058061987161636 -0.21692880988121033 -0.04739902913570404
v 0.09058061987161636 -0.21692880988121033 0.04739902913570404
v 0.09063345193862915 -0.36769261956214905 -0.037919096648693085
v 0.09063345193862915 -0.36769261956214905 0.037919096648693085
v 0.09090307354927063 -0.3566308915615082 -0.04739902913570404
v 0.09090307354927063 -0.3566308915615082 0.04739902913570404
v 0.09097576886415482 -0.16980226337909698 -0.02831401489675045
v 0.09097576886415482 -0.16980227828025818 0.028314094990491867
v 0.09126284718513489 0.3707645833492279 -0.04739902913570404
v 0.09126284718513489 0.3707645833492279 0.04739902913570404
v 0.0913524180650711 -0.28711721301078796 -0.04739902913570404
v 0.0913524180650711 -0.28711721301078796 0.04739902913570404
v 0.09137552976608276 -0.1944875568151474 -0.04739902913570404
v 0.09137552976608276 -0.1944875568151474 0.04739902913570404
v 0.09145614504814148 0.36310362815856934 -0.04739902913570404
v 0.09145614504814148 0.36310362815856934 0.04739902913570404
v 0.09146756678819656 -0.17025744915008545 -0.009274931624531746
v 0.09146756678819656 -0.17025744915008545 0.009275042451918125
v 0.09151261299848557 -0.24101658165454865 -0.04739902913570404
v 0.09151261299848557 -0.24101658165454865 0.04739902913570404
v 0.09178493171930313 -0.3180575370788574 -0.04739902913570404
v 0.09178493171930313 -0.3180575370788574 0.04739902913570404
v 0.09203819930553436 -0.3110431730747223 -0.04739902913570404
v 0.09203819930553436 -0.3110431730747223 0.04739902913570404
v 0.09240685403347015 -0.22412492334842682 -0.04739902913570404
v 0.09240685403347015 -0.22412492334842682 0.04739902913570404
v 0.09284409880638123 0.354387104511261 -0.04739902913570404
v 0.09284409880638123 0.354387104511261 0.04739902913570404
v 0.09309226274490356 -0.2659784257411957 -0.04739902913570404
v 0.09309226274490356 -0.2659784257411957 0.04739902913570404
v 0.09326992928981781 -0.2987821102142334 -0.04739902913570404
v 0.09326992928981781 -0.2987821102142334 0.04739902913570404
v 0.09342952072620392 -0.2515548765659332 -0.04739902913570404
v 0.09342952072620392 -0.2515548765659332 0.04739902913570404
v 0.09383784979581833 -0.18620416522026062 -0.04739902913570404
v 0.09383784979581833 -0.18620416522026062 0.04739902913570404
v 0.09402717649936676 -0.3644786477088928 -0.009479663334786892
v 0.09402717649936676 -0.3644786477088928 0.009479663334786892
v 0.09414008259773254 -0.364367812871933 -0.028439195826649666
v 0.09414008259773254 -0.364367812871933 0.028439195826649666
v 0.09426245093345642 0.3455148935317993 -0.04739902913570404
v 0.09426245093345642 0.3455148935317993 0.04739902913570404
v 0.09427294135093689 -0.17294368147850037 -0.03787931427359581
v 0.09427294135093689 -0.17294368147850037 0.0378793440759182
v 0.09432248771190643 -0.36418816447257996 -0.04739902913570404
v 0.09432248771190643 -0.36418816447257996 0.04739902913570404
v 0.09447082877159119 -0.23154506087303162 -0.04739902913570404
v 0.09447082877159119 -0.23154506087303162 0.04739902913570404
v 0.09471844136714935 -0.17338484525680542 -0.01880248449742794
v 0.09471844136714935 -0.17338484525680542 0.01880257949233055
v 0.09471986442804337 0.33643728494644165 -0.04739902913570404
v 0.09471986442804337 0.33643728494644165 0.04739902913570404
v 0.09485325962305069 0.3870771527290344 -0.04739902913570404
v 0.09485325962305069 0.3870771527290344 0.04739902913570404
v 0.09494180232286453 0.33634406328201294 -0.028439244255423546
v 0.09494180232286453 0.33634406328201294 0.028439244255423546
v 0.09494839608669281 -0.20981881022453308 -0.04739902913570404
v 0.09494839608669281 -0.20981881022453308 0.04739902913570404
v 0.09496808052062988 -0.1736338585615158 4.7400000369179907e-08
v 0.09507893025875092 0.336286336183548 -0.009479694999754429
v 0.09507893025875092 0.336286336183548 0.009479694999754429
v 0.09508068114519119 0.3869990110397339 -0.028439244255423546
v 0.09508068114519119 0.3869990110397339 0.028439244255423546
v 0.09515649080276489 -0.3244684636592865 -0.04739902913570404
v 0.09515649080276489 -0.3244684636592865 0.04739902913570404
v 0.09522119164466858 0.38695064187049866 -0.009479694999754429
v 0.09522119164466858 0.38695064187049866 0.009479694999754429
v 0.09642896056175232 -0.3483158349990845 -0.04739902913570404
v 0.09642896056175232 -0.3483158349990845 0.04739902913570404
v 0.09649331867694855 0.3774350881576538 -0.04739902913570404
v 0.09649331867694855 0.3774350881576538 0.04739902913570404
v 0.09664332121610641 -0.2589297890663147 -0.04739902913570404
v 0.09664332121610641 -0.2589297890663147 0.04739902913570404
v 0.09677334874868393 -0.2771311402320862 -0.04739902913570404
v 0.09677334874868393 -0.2771311402320862 0.04739902913570404
v 0.09709547460079193 -0.21814653277397156 -0.04739902913570404
v 0.09709547460079193 -0.21814653277397156 0.04739902913570404
v 0.09747739881277084 -0.1762116402387619 -0.04739902913570404
v 0.09747739881277084 -0.1762116402387619 0.04739902913570404
v 0.09747782349586487 -0.36096861958503723 0.0
v 0.09753695130348206 -0.3609062135219574 -0.01895935833454132
v 0.09753695130348206 -0.3609062135219574 0.01895935833454132
v 0.09769761562347412 -0.3607361614704132 -0.037919096648693085
v 0.09769761562347412 -0.3607361614704132 0.037919096648693085
v 0.09791456162929535 -0.17667511105537415 -0.028362726792693138
v 0.09791456162929535 -0.17667511105537415 0.028362788259983063
v 0.09811992198228836 -0.2014746367931366 -0.04739902913570404
v 0.09811992198228836 -0.2014746367931366 0.04739902913570404
v 0.09822384268045425 -0.17700570821762085 -0.009402655996382236
v 0.09822384268045425 -0.17700570821762085 0.009402735158801079
v 0.0985088050365448 -0.33847707509994507 -0.04739902913570404
v 0.0985088050365448 -0.33847707509994507 0.04739902913570404
v 0.0985989198088646 0.3688158094882965 -0.04739902913570404
v 0.0985989198088646 0.3688158094882965 0.04739902913570404
v 0.09866728633642197 -0.24497517943382263 -0.04739902913570404
v 0.09866728633642197 -0.24497517943382263 0.04739902913570404
v 0.09940481930971146 0.33441466093063354 -0.03791913017630577
v 0.09940481930971146 0.33441466093063354 0.03791913017630577
v 0.09943605214357376 -0.2879355847835541 -0.04739902913570404
v 0.09943605214357376 -0.2879355847835541 0.04739902913570404
v 0.09960582107305527 0.33432525396347046 -0.018959421664476395
v 0.09960582107305527 0.33432525396347046 0.018959421664476395
v 0.09965991973876953 0.3853810727596283 -0.03791913017630577
v 0.09965991973876953 0.3853810727596283 0.03791913017630577
v 0.09967967122793198 0.33429238200187683 0.0
v 0.0997595340013504 -0.3306230306625366 -0.04739902913570404
v 0.0997595340013504 -0.3306230306625366 0.04739902913570404
v 0.09986646473407745 0.38530609011650085 -0.018959421664476395
v 0.09986646473407745 0.38530609011650085 0.018959421664476395
v 0.09988689422607422 -0.3160117268562317 -0.04739902913570404
v 0.09988689422607422 -0.3160117268562317 0.04739902913570404
v 0.09994235634803772 0.38527849316596985 0.0
v 0.09995073080062866 -0.30847862362861633 -0.04739902913570404
v 0.09995073080062866 -0.30847862362861633 0.04739902913570404
v 0.09997223317623138 0.35977667570114136 -0.04739902913570404
v 0.09997223317623138 0.35977667570114136 0.04739902913570404
v 0.10068511217832565 -0.23708456754684448 -0.04739902913570404
v 0.10068511217832565 -0.23708456754684448 0.04739902913570404
v 0.10071622580289841 -0.19304010272026062 -0.04739902913570404
v 0.10071622580289841 -0.19304010272026062 0.04739902913570404
v 0.10084500908851624 -0.35728058218955994 -0.009479663334786892
v 0.10084500908851624 -0.35728058218955994 0.009479663334786892
v 0.10094940662384033 -0.3571617007255554 -0.028439195826649666
v 0.10094940662384033 -0.3571617007255554 0.028439195826649666
v 0.10101695358753204 -0.18009603023529053 -0.03789037466049194
v 0.10101695358753204 -0.18009603023529053 0.03789038956165314
v 0.1011180728673935 -0.35696911811828613 -0.04739902913570404
v 0.1011180728673935 -0.35696911811828613 0.04739902913570404
v 0.10135331004858017 -0.1804814636707306 -0.018890613690018654
v 0.10135331004858017 -0.1804814636707306 0.018890662118792534
v 0.10135915875434875 -0.2655628025531769 -0.04739902913570404
v 0.10135915875434875 -0.2655628025531769 0.04739902913570404
v 0.10149851441383362 -0.1806487739086151 3.1599999061882045e-08
v 0.10153979808092117 0.350837379693985 -0.04739902913570404
v 0.10153979808092117 0.350837379693985 0.04739902913570404
v 0.10199636220932007 -0.2518393397331238 -0.04739902913570404
v 0.10199636220932007 -0.2518393397331238 0.04739902913570404
v 0.10243475437164307 -0.22606416046619415 -0.04739902913570404
v 0.10243475437164307 -0.22606416046619415 0.04739902913570404
v 0.10272692143917084 0.34169673919677734 -0.04739902913570404
v 0.10272692143917084 0.34169673919677734 0.04739902913570404
v 0.10352463275194168 -0.2817475199699402 -0.04739902913570404
v 0.10352463275194168 -0.2817475199699402 0.04739902913570404
v 0.10364576429128647 -0.3235014081001282 -0.04739902913570404
v 0.10364576429128647 -0.3235014081001282 0.04739902913570404
v 0.10382485389709473 0.33239877223968506 -0.04739902913570404
v 0.10382485389709473 0.33239877223968506 0.04739902913570404
v 0.10391464829444885 -0.2587243318557739 -0.04739902913570404
v 0.10391464829444885 -0.2587243318557739 0.04739902913570404
v 0.10402729362249374 -0.3535255491733551 0.0
v 0.1040268987417221 -0.18365466594696045 -0.04739902913570404
v 0.1040268987417221 -0.18365466594696045 0.04739902913570404
v 0.10404281318187714 0.33229660987854004 -0.028439244255423546
v 0.10404281318187714 0.33229660987854004 0.028439244255423546
v 0.1040816456079483 -0.3534589409828186 -0.01895935833454132
v 0.1040816456079483 -0.3534589409828186 0.01895935833454132
v 0.10417747497558594 0.33223336935043335 -0.009479694999754429
v 0.10417747497558594 0.33223336935043335 0.009479694999754429
v 0.10420774668455124 0.3836887776851654 -0.04739902913570404
v 0.10420774668455124 0.3836887776851654 0.04739902913570404
v 0.10422933101654053 -0.3532775044441223 -0.037919096648693085
v 0.10422933101654053 -0.3532775044441223 0.037919096648693085
v 0.10429202020168304 -0.2946576178073883 -0.04739902913570404
v 0.10429202020168304 -0.2946576178073883 0.04739902913570404
v 0.10435274243354797 -0.18405531346797943 -0.02839905023574829
v 0.10435274243354797 -0.18405531346797943 0.02839908003807068
v 0.1044323667883873 0.38360294699668884 -0.028439244255423546
v 0.1044323667883873 0.38360294699668884 0.028439244255423546
v 0.10444743931293488 -0.34275832772254944 -0.04739902913570404
v 0.10444743931293488 -0.34275832772254944 0.04739902913570404
v 0.10456564277410507 -0.18431881070137024 -0.009447827003896236
v 0.10456564277410507 -0.18431881070137024 0.00944789033383131
v 0.1045711562037468 0.3835498094558716 -0.009479694999754429
v 0.1045711562037468 0.3835498094558716 0.009479694999754429
v 0.10458292812108994 -0.21595142781734467 -0.04739902913570404
v 0.10458292812108994 -0.21595142781734467 0.04739902913570404
v 0.10516967624425888 -0.30252817273139954 -0.04739902913570404
v 0.10516967624425888 -0.30252817273139954 0.04739902913570404
v 0.10552520304918289 0.37425994873046875 -0.04739902913570404
v 0.10552520304918289 0.37425994873046875 0.04739902913570404
v 0.10611710697412491 -0.198733851313591 -0.04739902913570404
v 0.10611710697412491 -0.198733851313591 0.04739902913570404
v 0.1063474789261818 -0.20770752429962158 -0.04739902913570404
v 0.1063474789261818 -0.20770752429962158 0.04739902913570404
v 0.10691497474908829 -0.3366023302078247 -0.04739902913570404
v 0.10691497474908829 -0.3366023302078247 0.04739902913570404
v 0.10711321234703064 -0.349599152803421 -0.009479663334786892
v 0.10711321234703064 -0.349599152803421 0.009479663334786892
v 0.10720856487751007 -0.34947288036346436 -0.028439195826649666
v 0.10720856487751007 -0.34947288036346436 0.028439195826649666
v 0.10723700374364853 -0.18774551153182983 -0.03790295124053955
v 0.10723700374364853 -0.18774551153182983 0.03790295124053955
v 0.10734035074710846 0.3649715483188629 -0.04739902913570404
v 0.10734035074710846 0.3649715483188629 0.04739902913570404
v 0.1073625460267067 -0.34926837682724 -0.04739902913570404
v 0.1073625460267067 -0.34926837682724 0.04739902913570404
v 0.10748732835054398 -0.1880786269903183 -0.018927980214357376
v 0.10748732835054398 -0.1880786269903183 0.018928011879324913
v 0.10758579522371292 -0.18821024894714355 1.5799999530941022e-08
v 0.1077122837305069 -0.27163439989089966 -0.04739902913570404
v 0.1077122837305069 -0.27163439989089966 0.04739902913570404
v 0.10773023217916489 -0.2450697422027588 -0.04739902913570404
v 0.10773023217916489 -0.2450697422027588 0.04739902913570404
v 0.10821950435638428 -0.32939255237579346 -0.04739902913570404
v 0.10821950435638428 -0.32939255237579346 0.04739902913570404
v 0.10842366516590118 0.3301873207092285 -0.03791913017630577
v 0.10842366516590118 0.3301873207092285 0.03791913017630577
v 0.10845095664262772 0.35620662569999695 -0.04739902913570404
v 0.10845095664262772 0.35620662569999695 0.04739902913570404
v 0.10845937579870224 -0.31763577461242676 -0.04739902913570404
v 0.10845937579870224 -0.31763577461242676 0.04739902913570404
v 0.10862088203430176 0.33008983731269836 -0.018959421664476395
v 0.10862088203430176 0.33008983731269836 0.018959421664476395
v 0.10869332402944565 0.33005398511886597 0.0
v 0.10872182250022888 -0.3094979524612427 -0.04739902913570404
v 0.10872182250022888 -0.3094979524612427 0.04739902913570404
v 0.10874659568071365 -0.23397888243198395 -0.04739902913570404
v 0.10874659568071365 -0.23397888243198395 0.04739902913570404
v 0.10887739062309265 -0.2884237766265869 -0.04739902913570404
v 0.10887739062309265 -0.2884237766265869 0.04739902913570404
v 0.10895388573408127 0.381830096244812 -0.03791913017630577
v 0.10895388573408127 0.381830096244812 0.03791913017630577
v 0.10915777087211609 0.38174811005592346 -0.018959421664476395
v 0.10915777087211609 0.38174811005592346 0.018959421664476395
v 0.10923267155885696 0.3817179501056671 0.0
v 0.10946156084537506 -0.25445881485939026 -0.04739902913570404
v 0.10946156084537506 -0.25445881485939026 0.04739902913570404
v 0.10958556085824966 -0.26304981112480164 -0.04739902913570404
v 0.10958556085824966 -0.26304981112480164 0.04739902913570404
v 0.10984570533037186 0.3466514050960541 -0.04739902913570404
v 0.10984570533037186 0.3466514050960541 0.04739902913570404
v 0.11000944674015045 -0.19156061112880707 -0.04739902913570404
v 0.11000944674015045 -0.19156061112880707 0.04739902913570404
v 0.1100098118185997 -0.3456195890903473 0.0
v 0.11005908995866776 -0.34554916620254517 -0.01895935833454132
v 0.11005908995866776 -0.34554916620254517 0.01895935833454132
v 0.11007539927959442 -0.27859312295913696 -0.04739902913570404
v 0.11007539927959442 -0.27859312295913696 0.04739902913570404
v 0.11019299179315567 -0.3453572988510132 -0.037919096648693085
v 0.11019299179315567 -0.3453572988510132 0.037919096648693085
v 0.11025447398424149 -0.1919117271900177 -0.028419241309165955
v 0.11025447398424149 -0.1919117271900177 0.02841925621032715
v 0.11040910333395004 -0.1921345442533493 -0.009465665556490421
v 0.11040910333395004 -0.1921345442533493 0.009465696290135384
v 0.11075223982334137 -0.2207225114107132 -0.04739902913570404
v 0.11075223982334137 -0.2207225114107132 0.04739902913570404
v 0.11127419769763947 0.3370627164840698 -0.04739902913570404
v 0.11127419769763947 0.3370627164840698 0.04739902913570404
v 0.11219333112239838 -0.22759903967380524 -0.04739902913570404
v 0.11219333112239838 -0.22759903967380524 0.04739902913570404
v 0.11223862320184708 -0.2988666296005249 -0.04739902913570404
v 0.11223862320184708 -0.2988666296005249 0.04739902913570404
v 0.1127580851316452 0.32799339294433594 -0.04739902913570404
v 0.1127580851316452 0.32799339294433594 0.04739902913570404
v 0.11279764771461487 -0.3414762318134308 -0.009479663334786892
v 0.11279764771461487 -0.3414762318134308 0.009479663334786892
v 0.11288342624902725 -0.3413432836532593 -0.028439195826649666
v 0.11288342624902725 -0.3413432836532593 0.028439195826649666
v 0.1128881499171257 -0.19584473967552185 -0.0379108190536499
v 0.1128881499171257 -0.19584473967552185 0.037910833954811096
v 0.1129717156291008 0.32788246870040894 -0.028439244255423546
v 0.1129717156291008 0.32788246870040894 0.028439244255423546
v 0.11302191019058228 -0.3411279618740082 -0.04739902913570404
v 0.11302191019058228 -0.3411279618740082 0.04739902913570404
v 0.11307775974273682 -0.19613982737064362 -0.01894480735063553
v 0.11307775974273682 -0.19613982737064362 0.01894482411444187
v 0.11310368776321411 0.3278138041496277 -0.009479694999754429
v 0.11310368776321411 0.3278138041496277 0.009479694999754429
v 0.11314977705478668 -0.19625236093997955 1.5799999530941022e-08
v 0.11329832673072815 -0.3239023983478546 -0.04739902913570404
v 0.11329832673072815 -0.3239023983478546 0.04739902913570404
v 0.11344148963689804 0.3799839913845062 -0.04739902913570404
v 0.11344148963689804 0.3799839913845062 0.04739902913570404
v 0.11366306245326996 0.3798905909061432 -0.028439244255423546
v 0.11366306245326996 0.3798905909061432 0.028439244255423546
v 0.11378081887960434 -0.21317890286445618 -0.04739902913570404
v 0.11378081887960434 -0.21317890286445618 0.04739902913570404
v 0.11379996687173843 0.37983277440071106 -0.009479694999754429
v 0.11379996687173843 0.37983277440071106 0.009479694999754429
v 0.11463026702404022 0.37035325169563293 -0.04739902913570404
v 0.11463026702404022 0.37035325169563293 0.04739902913570404
v 0.11539244651794434 -0.19988636672496796 -0.04739902913570404
v 0.11539244651794434 -0.19988636672496796 0.04739902913570404
v 0.1153927594423294 -0.337293803691864 0.0
v 0.11543671786785126 -0.3372199237346649 -0.01895935833454132
v 0.11543671786785126 -0.3372199237346649 0.01895935833454132
v 0.11555609852075577 -0.3370187282562256 -0.037919096648693085
v 0.11555609852075577 -0.3370187282562256 0.037919096648693085
v 0.11557964235544205 -0.20020171999931335 -0.028429558500647545
v 0.11557964235544205 -0.20020171999931335 0.028429575264453888
v 0.115696020424366 -0.20039880275726318 -0.009473312646150589
v 0.115696020424366 -0.20039880275726318 0.009473327547311783
v 0.11590955406427383 0.3612123131752014 -0.04739902913570404
v 0.11590955406427383 0.3612123131752014 0.04739902913570404
v 0.1160673275589943 -0.2505493760108948 -0.04739902913570404
v 0.1160673275589943 -0.2505493760108948 0.04739902913570404
v 0.11654950678348541 -0.316040962934494 -0.04739902913570404
v 0.11654950678348541 -0.316040962934494 0.04739902913570404
v 0.11655304580926895 -0.28379178047180176 -0.04739902913570404
v 0.11655304580926895 -0.28379178047180176 0.04739902913570404
v 0.11677107959985733 -0.29186177253723145 -0.04739902913570404
v 0.11677107959985733 -0.29186177253723145 0.04739902913570404
v 0.11686922609806061 -0.27515101432800293 -0.04739902913570404
v 0.11686922609806061 -0.27515101432800293 0.04739902913570404
v 0.1169290766119957 -0.25867652893066406 -0.04739902913570404
v 0.1169290766119957 -0.25867652893066406 0.04739902913570404
v 0.11708524078130722 0.3520033359527588 -0.04739902913570404
v 0.11708524078130722 0.3520033359527588 0.04739902913570404
v 0.11711744219064713 -0.2668152153491974 -0.04739902913570404
v 0.11711744219064713 -0.2668152153491974 0.04739902913570404
v 0.11726317554712296 0.32559677958488464 -0.03791913017630577
v 0.11726317554712296 0.32559677958488464 0.03791913017630577
v 0.11745624989271164 0.325491338968277 -0.018959421664476395
v 0.11745624989271164 0.325491338968277 0.018959421664476395
v 0.11752717196941376 0.325452595949173 0.0
v 0.1178547814488411 0.3329894244670868 -0.04739902913570404
v 0.1178547814488411 0.3329894244670868 0.04739902913570404
v 0.11786734312772751 -0.33295607566833496 -0.009479663334786892
v 0.11786734312772751 -0.33295607566833496 0.009479663334786892
v 0.11793458461761475 -0.20434793829917908 -0.037915050983428955
v 0.11793458461761475 -0.20434793829917908 0.037915050983428955
v 0.11794308573007584 -0.3328171670436859 -0.028439195826649666
v 0.11794308573007584 -0.3328171670436859 0.028439195826649666
v 0.1179601177573204 -0.2428208589553833 -0.04739902913570404
v 0.1179601177573204 -0.2428208589553833 0.04739902913570404
v 0.11799707263708115 0.3421016335487366 -0.04739902913570404
v 0.11799707263708115 0.3421016335487366 0.04739902913570404
v 0.11805789917707443 -0.22345343232154846 -0.04739902913570404
v 0.11805789917707443 -0.22345343232154846 0.04739902913570404
v 0.11806529760360718 -0.3325922191143036 -0.04739902913570404
v 0.11806529760360718 -0.3325922191143036 0.04739902913570404
v 0.11808106303215027 -0.20461755990982056 -0.018952596932649612
v 0.11808106303215027 -0.20461755990982056 0.018952611833810806
v 0.11812163889408112 0.37796488404273987 -0.03791913017630577
v 0.11812163889408112 0.37796488404273987 0.03791913017630577
v 0.11813585460186005 -0.20471879839897156 1.5799999530941022e-08
v 0.11815622448921204 -0.23240025341510773 -0.04739902913570404
v 0.11815622448921204 -0.23240025341510773 0.04739902913570404
v 0.11832258850336075 0.37787601351737976 -0.018959421664476395
v 0.11832258850336075 0.37787601351737976 0.018959421664476395
v 0.11839642375707626 0.37784332036972046 0.0
v 0.11879800260066986 -0.30692365765571594 -0.04739902913570404
v 0.11879800260066986 -0.30692365765571594 0.04739902913570404
v 0.12014684081077576 -0.3285936117172241 0.0
v 0.12014655023813248 -0.20858654379844666 -0.04739902913570404
v 0.12014655023813248 -0.20858654379844666 0.04739902913570404
v 0.12018521875143051 -0.3285166919231415 -0.01895935833454132
v 0.12018521875143051 -0.3285166919231415 0.01895935833454132
v 0.12028943002223969 -0.32830721139907837 -0.037919096648693085
v 0.12028943002223969 -0.32830721139907837 0.037919096648693085
v 0.1202915608882904 -0.2088777720928192 -0.028434645384550095
v 0.1202915608882904 -0.2088777720928192 0.028434645384550095
v 0.12038116157054901 -0.20905861258506775 -0.009476756677031517
v 0.12038116157054901 -0.20905861258506775 0.009476772509515285
v 0.12150480598211288 0.3232283890247345 -0.04739902913570404
v 0.12150480598211288 0.3232283890247345 0.04739902913570404
v 0.12171372026205063 0.32310888171195984 -0.028439244255423546
v 0.12171372026205063 0.32310888171195984 0.028439244255423546
v 0.12184277176856995 0.3230349123477936 -0.009479694999754429
v 0.12184277176856995 0.3230349123477936 0.009479694999754429
v 0.12229464948177338 -0.32408514618873596 -0.009479663334786892
v 0.12229464948177338 -0.32408514618873596 0.009479663334786892
v 0.12230809032917023 -0.29828646779060364 -0.04739902913570404
v 0.12230809032917023 -0.29828646779060364 0.04739902913570404
v 0.12234531342983246 -0.21320736408233643 -0.037917185574769974
v 0.12234531342983246 -0.21320736408233643 0.037917185574769974
v 0.12235993146896362 -0.32394102215766907 -0.028439195826649666
v 0.12235993146896362 -0.32394102215766907 0.028439195826649666
v 0.1224597841501236 -0.21346095204353333 -0.018956245854496956
v 0.1224597841501236 -0.21346095204353333 0.0189562626183033
v 0.12246523797512054 -0.3237076699733734 -0.04739902913570404
v 0.12246523797512054 -0.3237076699733734 0.04739902913570404
v 0.12250226736068726 -0.21355541050434113 0.0
v 0.1225438043475151 0.3759671151638031 -0.04739902913570404
v 0.1225438043475151 0.3759671151638031 0.04739902913570404
v 0.12276206165552139 0.37586623430252075 -0.028439244255423546
v 0.12276206165552139 0.37586623430252075 0.028439244255423546
v 0.12289691716432571 0.37580376863479614 -0.009479694999754429
v 0.12289691716432571 0.37580376863479614 0.009479694999754429
v 0.12337979674339294 -0.25502657890319824 -0.04739902913570404
v 0.12337979674339294 -0.25502657890319824 0.04739902913570404
v 0.12365373224020004 0.3662634491920471 -0.04739902913570404
v 0.12365373224020004 0.3662634491920471 0.04739902913570404
v 0.12366513907909393 -0.2386774867773056 -0.04739902913570404
v 0.12366513907909393 -0.2386774867773056 0.04739902913570404
v 0.12424609810113907 -0.31956639885902405 0.0
v 0.12424587458372116 -0.21761375665664673 -0.04739902913570404
v 0.12424587458372116 -0.21761375665664673 0.04739902913570404
v 0.1242787092924118 -0.3194868564605713 -0.01895935833454132
v 0.1242787092924118 -0.3194868564605713 0.01895935833454132
v 0.12429681420326233 0.3574756383895874 -0.04739902913570404
v 0.12429681420326233 0.3574756383895874 0.04739902913570404
v 0.12432343512773514 -0.2798915505409241 -0.04739902913570404
v 0.12432343512773514 -0.2798915505409241 0.04739902913570404
v 0.12435872852802277 -0.2178897261619568 -0.028437094762921333
v 0.12435872852802277 -0.2178897261619568 0.028437094762921333
v 0.12436718493700027 -0.3192702531814575 -0.037919096648693085
v 0.12436718493700027 -0.3192702531814575 0.037919096648693085
v 0.12442827969789505 -0.21806064248085022 -0.009478336200118065
v 0.12442827969789505 -0.21806064248085022 0.009478352032601833
v 0.1244843378663063 -0.288663387298584 -0.04739902913570404
v 0.1244843378663063 -0.288663387298584 0.04739902913570404
v 0.12486376613378525 0.34736359119415283 -0.04739902913570404
v 0.12486376613378525 0.34736359119415283 0.04739902913570404
v 0.12497327476739883 -0.2478422224521637 -0.04739902913570404
v 0.12497327476739883 -0.2478422224521637 0.04739902913570404
v 0.12551148235797882 -0.27075034379959106 -0.04739902913570404
v 0.12551148235797882 -0.27075034379959106 0.04739902913570404
v 0.12573975324630737 0.3345610201358795 -0.04739902913570404
v 0.12573975324630737 0.3345610201358795 0.04739902913570404
v 0.12590870261192322 0.320650577545166 -0.03791913017630577
v 0.12590870261192322 0.320650577545166 0.03791913017630577
v 0.12596280872821808 -0.2621593177318573 -0.04739902913570404
v 0.12596280872821808 -0.2621593177318573 0.04739902913570404
v 0.12605544924736023 -0.31491178274154663 -0.009479663334786892
v 0.12605544924736023 -0.31491178274154663 0.009479663334786892
v 0.1260937601327896 -0.222373366355896 -0.03791821375489235
v 0.1260937601327896 -0.222373366355896 0.03791821375489235
v 0.12609729170799255 0.32053738832473755 -0.018959421664476395
v 0.12609729170799255 0.32053738832473755 0.018959421664476395
v 0.12610991299152374 -0.31476321816444397 -0.028439195826649666
v 0.12610991299152374 -0.31476321816444397 0.028439195826649666
v 0.12616658210754395 0.32049575448036194 0.0
v 0.12618300318717957 -0.22261758148670197 -0.01895795203745365
v 0.12618300318717957 -0.22261758148670197 0.018957968801259995
v 0.1261977255344391 -0.31452271342277527 -0.04739902913570404
v 0.1261977255344391 -0.31452271342277527 0.04739902913570404
v 0.12621596455574036 -0.22270812094211578 0.0
v 0.12715250253677368 0.37378987669944763 -0.03791913017630577
v 0.12715250253677368 0.37378987669944763 0.03791913017630577
v 0.1273503303527832 0.37369421124458313 -0.018959421664476395
v 0.1273503303527832 0.37369421124458313 0.018959421664476395
v 0.1274230182170868 0.37365901470184326 0.0
v 0.12766820192337036 -0.31026139855384827 0.0
v 0.12766803801059723 -0.2269187867641449 -0.04739902913570404
v 0.12766803801059723 -0.2269187867641449 0.04739902913570404
v 0.12769484519958496 -0.3101796507835388 -0.01895935833454132
v 0.12769484519958496 -0.3101796507835388 0.01895935833454132
v 0.12775488197803497 -0.22718584537506104 -0.028438247740268707
v 0.12775488197803497 -0.22718584537506104 0.028438247740268707
v 0.12776711583137512 -0.3099571168422699 -0.037919096648693085
v 0.12776711583137512 -0.3099571168422699 0.037919096648693085
v 0.1278083175420761 -0.22735106945037842 -0.009479079395532608
v 0.1278083175420761 -0.22735106945037842 0.009479079395532608
v 0.12912921607494354 -0.3054860234260559 -0.009479663334786892
v 0.12912921607494354 -0.3054860234260559 0.009479663334786892
v 0.12915775179862976 -0.23179471492767334 -0.03791870176792145
v 0.12915775179862976 -0.23179471492767334 0.03791870176792145
v 0.12917260825634003 -0.30533382296562195 -0.028439195826649666
v 0.12917260825634003 -0.30533382296562195 0.028439195826649666
v 0.1292257010936737 -0.23203402757644653 -0.018958741798996925
v 0.1292257010936737 -0.23203402757644653 0.018958741798996925
v 0.1292424499988556 -0.30508744716644287 -0.04739902913570404
v 0.1292424499988556 -0.30508744716644287 0.04739902913570404
v 0.1292506903409958 -0.2321224808692932 0.0
v 0.13005049526691437 0.3181116580963135 -0.04739902913570404
v 0.13005049526691437 0.3181116580963135 0.04739902913570404
v 0.13025438785552979 0.3179837465286255 -0.028439244255423546
v 0.13025438785552979 0.3179837465286255 0.028439244255423546
v 0.1303803026676178 0.31790462136268616 -0.009479694999754429
v 0.1303803026676178 0.31790462136268616 0.009479694999754429
v 0.13039439916610718 -0.2364509254693985 -0.04739902913570404
v 0.13039439916610718 -0.2364509254693985 0.04739902913570404
v 0.13039450347423553 -0.300729364156723 0.0
v 0.13041506707668304 -0.3006458580493927 -0.01895935833454132
v 0.13041506707668304 -0.3006458580493927 0.01895935833454132
v 0.1304587870836258 -0.2367132604122162 -0.028438786044716835
v 0.1304587870836258 -0.2367132604122162 0.028438786044716835
v 0.13047072291374207 -0.30041855573654175 -0.037919096648693085
v 0.13047072291374207 -0.30041855573654175 0.037919096648693085
v 0.13049830496311188 -0.2368754744529724 -0.009479410946369171
v 0.13049830496311188 -0.2368754744529724 0.009479410946369171
v 0.13072259724140167 0.3531455993652344 -0.04739902913570404
v 0.13072259724140167 0.3531455993652344 0.04739902913570404
v 0.13149923086166382 -0.29585927724838257 -0.009479663334786892
v 0.13149923086166382 -0.29585927724838257 0.009479663334786892
v 0.1315041184425354 0.3716427683830261 -0.04739902913570404
v 0.1315041184425354 0.3716427683830261 0.04739902913570404
v 0.13151945173740387 -0.24141909182071686 -0.03791894018650055
v 0.13151945173740387 -0.24141909182071686 0.03791894018650055
v 0.13153129816055298 -0.2957042157649994 -0.028439195826649666
v 0.13153129816055298 -0.2957042157649994 0.028439195826649666
v 0.13156820833683014 -0.24165616929531097 -0.018959106877446175
v 0.13156820833683014 -0.24165616929531097 0.018959106877446175
v 0.13158278167247772 -0.2954532504081726 -0.04739902913570404
v 0.13158278167247772 -0.2954532504081726 0.04739902913570404
v 0.13158607482910156 -0.24174362421035767 0.0
v 0.13171881437301636 0.3715344965457916 -0.028439244255423546
v 0.13171881437301636 0.3715344965457916 0.028439244255423546
v 0.13185147941112518 0.3714675009250641 -0.009479694999754429
v 0.13185147941112518 0.3714675009250641 0.009479694999754429
v 0.1319817304611206 0.32711541652679443 -0.04739902913570404
v 0.1319817304611206 0.32711541652679443 0.04739902913570404
v 0.13208289444446564 0.36172500252723694 -0.04739902913570404
v 0.13208289444446564 0.36172500252723694 0.04739902913570404
v 0.13241015374660492 -0.29102230072021484 0.0
v 0.13241012394428253 -0.24615821242332458 -0.04739902913570404
v 0.13241012394428253 -0.24615821242332458 0.04739902913570404
v 0.1324245035648346 -0.2909374535083771 -0.01895935833454132
v 0.1324245035648346 -0.2909374535083771 0.01895935833454132
v 0.13245391845703125 -0.24641826748847961 -0.028439022600650787
v 0.13245391845703125 -0.24641826748847961 0.028439022600650787
v 0.1324632614850998 -0.2907065749168396 -0.037919096648693085
v 0.1324632614850998 -0.2907065749168396 0.037919096648693085
v 0.13248072564601898 -0.24657905101776123 -0.009479569271206856
v 0.13248072564601898 -0.24657905101776123 0.009479569271206856
v 0.133152574300766 -0.2860841453075409 -0.009479663334786892
v 0.133152574300766 -0.2860841453075409 0.009479663334786892
v 0.13316525518894196 -0.25119322538375854 -0.03791903331875801
v 0.13316525518894196 -0.25119322538375854 0.03791903331875801
v 0.1331731379032135 -0.2859269976615906 -0.028439195826649666
v 0.1331731379032135 -0.2859269976615906 0.028439195826649666
v 0.1331958919763565 -0.2514294385910034 -0.01895926333963871
v 0.1331958919763565 -0.2514294385910034 0.01895926333963871
v 0.13320599496364594 -0.285672664642334 -0.04739902913570404
v 0.13320599496364594 -0.285672664642334 0.04739902913570404
v 0.1332070678472519 -0.2515164017677307 0.0
v 0.13326819241046906 0.34432530403137207 -0.04739902913570404
v 0.13326819241046906 0.34432530403137207 0.04739902913570404
v 0.13370417058467865 -0.2811933159828186 0.0
v 0.13370421528816223 -0.2559877634048462 -0.04739902913570404
v 0.13370421528816223 -0.2559877634048462 0.04739902913570404
v 0.13371223211288452 -0.2811075448989868 -0.01895935833454132
v 0.13371223211288452 -0.2811075448989868 0.01895935833454132
v 0.13372837007045746 -0.2562466859817505 -0.028439132496714592
v 0.13372837007045746 -0.2562466859817505 0.028439132496714592
v 0.13373388350009918 -0.2808741629123688 -0.037919096648693085
v 0.13373388350009918 -0.2808741629123688 0.037919096648693085
v 0.1337430477142334 -0.2564067244529724 -0.009479631669819355
v 0.1337430477142334 -0.2564067244529724 0.009479631669819355
v 0.13408027589321136 -0.2762140929698944 -0.009479663334786892
v 0.13408027589321136 -0.2762140929698944 0.009479663334786892
v 0.1340857446193695 -0.26106327772140503 -0.03791908174753189
v 0.1340857446193695 -0.26106327772140503 0.03791908174753189
v 0.13408920168876648 -0.27605554461479187 -0.028439195826649666
v 0.13408920168876648 -0.27605554461479187 0.028439195826649666
v 0.13409875333309174 -0.2612989842891693 -0.018959326669573784
v 0.13409875333309174 -0.2612989842891693 0.018959326669573784
v 0.1341032236814499 -0.2757989764213562 -0.04739902913570404
v 0.1341032236814499 -0.2757989764213562 0.04739902913570404
v 0.1341034471988678 -0.2613857090473175 0.0
v 0.1342695653438568 -0.27129629254341125 0.0
v 0.1342695951461792 -0.26588600873947144 -0.04739902913570404
v 0.1342695951461792 -0.26588600873947144 0.04739902913570404
v 0.1342712938785553 -0.2712099254131317 -0.018959343433380127
v 0.1342712938785553 -0.2712099254131317 0.018959343433380127
v 0.13427455723285675 -0.2661439776420593 -0.028439180925488472
v 0.13427455723285675 -0.2661439776420593 0.028439180925488472
v 0.1342756599187851 -0.2709750235080719 -0.037919096648693085
v 0.1342756599187851 -0.2709750235080719 0.037919096648693085
v 0.1342773586511612 -0.2663034200668335 -0.009479663334786892
v 0.1342773586511612 -0.2663034200668335 0.009479663334786892
v 0.1343459188938141 0.31535691022872925 -0.03791913017630577
v 0.1343459188938141 0.31535691022872925 0.03791913017630577
v 0.13443073630332947 0.33513280749320984 -0.04739902913570404
v 0.13443073630332947 0.33513280749320984 0.04739902913570404
v 0.1345297396183014 0.3152361512184143 -0.018959421664476395
v 0.1345297396183014 0.3152361512184143 0.018959421664476395
v 0.1345972716808319 0.31519177556037903 0.0
v 0.13603606820106506 0.3693099617958069 -0.03791913017630577
v 0.13603606820106506 0.3693099617958069 0.03791913017630577
v 0.13623052835464478 0.36920759081840515 -0.018959421664476395
v 0.13623052835464478 0.36920759081840515 0.018959421664476395
v 0.13630196452140808 0.3691699802875519 0.0
v 0.13838109374046326 0.312651664018631 -0.04739902913570404
v 0.13838109374046326 0.312651664018631 0.04739902913570404
v 0.13857954740524292 0.31251558661460876 -0.028439244255423546
v 0.13857954740524292 0.31251558661460876 0.028439244255423546
v 0.1387021392583847 0.3124313950538635 -0.009479694999754429
v 0.1387021392583847 0.3124313950538635 0.009479694999754429
v 0.13910135626792908 0.35483840107917786 -0.04739902913570404
v 0.13910135626792908 0.35483840107917786 0.04739902913570404
v 0.13982181251049042 0.3215659260749817 -0.04739902913570404
v 0.13982181251049042 0.3215659260749817 0.04739902913570404
v 0.14030888676643372 0.3304058611392975 -0.04739902913570404
v 0.14030888676643372 0.3304058611392975 0.04739902913570404
v 0.1403120905160904 0.3670159876346588 -0.04739902913570404
v 0.1403120905160904 0.3670159876346588 0.04739902913570404
v 0.14052298665046692 0.3669004738330841 -0.028439244255423546
v 0.14052298665046692 0.3669004738330841 0.028439244255423546
v 0.14065326750278473 0.3668290078639984 -0.009479694999754429
v 0.14065326750278473 0.3668290078639984 0.009479694999754429
v 0.14085519313812256 0.3392564058303833 -0.04739902913570404
v 0.14085519313812256 0.3392564058303833 0.04739902913570404
v 0.14215196669101715 0.3468358814716339 -0.04739902913570404
v 0.14215196669101715 0.3468358814716339 0.04739902913570404
v 0.1425609141588211 0.3097245395183563 -0.03791913017630577
v 0.1425609141588211 0.3097245395183563 0.03791913017630577
v 0.14273963868618011 0.309596449136734 -0.018959421664476395
v 0.14273963868618011 0.309596449136734 0.018959421664476395
v 0.142805278301239 0.30954933166503906 0.0
v 0.14476200938224792 0.3645302951335907 -0.03791913017630577
v 0.14476200938224792 0.3645302951335907 0.03791913017630577
v 0.14495286345481873 0.36442136764526367 -0.018959421664476395
v 0.14495286345481873 0.36442136764526367 0.018959421664476395
v 0.14502298831939697 0.3643813133239746 0.0
v 0.14648275077342987 0.3068574070930481 -0.04739902913570404
v 0.14648275077342987 0.3068574070930481 0.04739902913570404
v 0.1466754525899887 0.30671343207359314 -0.028439244255423546
v 0.1466754525899887 0.30671343207359314 0.028439244255423546
v 0.14679448306560516 0.3066243529319763 -0.009479694999754429
v 0.14679448306560516 0.3066243529319763 0.009479694999754429
v 0.14733344316482544 0.31614843010902405 -0.04739902913570404
v 0.14733344316482544 0.31614843010902405 0.04739902913570404
v 0.14808246493339539 0.32526034116744995 -0.04739902913570404
v 0.14808246493339539 0.32526034116744995 0.04739902913570404
v 0.1484336405992508 0.33431771397590637 -0.04739902913570404
v 0.1484336405992508 0.33431771397590637 0.04739902913570404
v 0.14860966801643372 0.3523150682449341 -0.04739902913570404
v 0.14860966801643372 0.3523150682449341 0.04739902913570404
v 0.14892540872097015 0.3434443175792694 -0.04739902913570404
v 0.14892540872097015 0.3434443175792694 0.04739902913570404
v 0.1489574909210205 0.36209210753440857 -0.04739902913570404
v 0.1489574909210205 0.36209210753440857 0.04739902913570404
v 0.1491643190383911 0.3619695007801056 -0.028439244255423546
v 0.1491643190383911 0.3619695007801056 0.028439244255423546
v 0.14929211139678955 0.3618936240673065 -0.009479694999754429
v 0.14929211139678955 0.3618936240673065 0.009479694999754429
v 0.1505400389432907 0.3037627637386322 -0.03791913017630577
v 0.1505400389432907 0.3037627637386322 0.03791913017630577
v 0.15071335434913635 0.30362755060195923 -0.018959421664476395
v 0.15071335434913635 0.30362755060195923 0.018959421664476395
v 0.15077701210975647 0.30357784032821655 0.0
v 0.15332023799419403 0.3594564199447632 -0.03791913017630577
v 0.15332023799419403 0.3594564199447632 0.03791913017630577
v 0.1535072773694992 0.3593410849571228 -0.018959421664476395
v 0.1535072773694992 0.3593410849571228 0.018959421664476395
v 0.15357598662376404 0.3592986464500427 0.0
v 0.15434210002422333 0.30073854327201843 -0.04739902913570404
v 0.15434210002422333 0.30073854327201843 0.04739902913570404
v 0.15452870726585388 0.30058690905570984 -0.02843925915658474
v 0.15452870726585388 0.30058690905570984 0.02843925915658474
v 0.1546439677476883 0.3004930913448334 -0.009479710832238197
v 0.1546439677476883 0.3004930913448334 0.009479710832238197
v 0.154764786362648 0.3099164366722107 -0.04739902913570404
v 0.154764786362648 0.3099164366722107 0.04739902913570404
v 0.15536651015281677 0.3195151090621948 -0.04739902913570404
v 0.15536651015281677 0.3195151090621948 0.04739902913570404
v 0.15598274767398834 0.3291126787662506 -0.04739902913570404
v 0.15598274767398834 0.3291126787662506 0.04739902913570404
v 0.15669448673725128 0.3379099667072296 -0.04739902913570404
v 0.15669448673725128 0.3379099667072296 0.04739902913570404
v 0.1568080186843872 0.3473735749721527 -0.04739902913570404
v 0.1568080186843872 0.3473735749721527 0.04739902913570404
v 0.15743029117584229 0.35687685012817383 -0.04739902913570404
v 0.15743029117584229 0.35687685012817383 0.04739902913570404
v 0.15763282775878906 0.35674726963043213 -0.028439244255423546
v 0.15763282775878906 0.35674726963043213 0.028439244255423546
v 0.1577579528093338 0.35666707158088684 -0.009479694999754429
v 0.1577579528093338 0.35666707158088684 0.009479694999754429
v 0.15827013552188873 0.297481507062912 -0.037919145077466965
v 0.15827013552188873 0.297481507062912 0.03791913017630577
v 0.15843772888183594 0.29733943939208984 -0.018959421664476395
v 0.15843772888183594 0.29733943939208984 0.018959421664476395
v 0.15849927067756653 0.2972871959209442 0.0
v 0.16041097044944763 0.3045586347579956 -0.04739902913570404
v 0.16041097044944763 0.3045586347579956 0.04739902913570404
v 0.16170081496238708 0.3540942072868347 -0.03791913017630577
v 0.16170081496238708 0.3540942072868347 0.03791913017630577
v 0.16188381612300873 0.35397255420684814 -0.018959421664476395
v 0.16188381612300873 0.35397255420684814 0.018959421664476395
v 0.1619461178779602 0.29430511593818665 -0.04739902913570404
v 0.1619461178779602 0.29430511593818665 0.04739902913570404
v 0.16195105016231537 0.3539278209209442 0.0
v 0.16212627291679382 0.2941461205482483 -0.02843925915658474
v 0.16212627291679382 0.2941461205482483 0.02843925915658474
v 0.16223755478858948 0.2940477728843689 -0.009479710832238197
v 0.16223755478858948 0.2940477728843689 0.009479710832238197
v 0.16244818270206451 0.3134104907512665 -0.04739902913570404
v 0.16244818270206451 0.3134104907512665 0.04739902913570404
v 0.16358745098114014 0.3232421875 -0.04739902913570404
v 0.16358745098114014 0.3232421875 0.04739902913570404
v 0.16431735455989838 0.332494854927063 -0.04739902913570404
v 0.16431735455989838 0.332494854927063 0.04739902913570404
v 0.16492827236652374 0.3417011499404907 -0.04739902913570404
v 0.16492827236652374 0.3417011499404907 0.04739902913570404
v 0.16572070121765137 0.3513762652873993 -0.04739902913570404
v 0.16572070121765137 0.3513762652873993 0.04739902913570404
v 0.16573838889598846 0.2908911108970642 -0.037919145077466965
v 0.16573838889598846 0.2908911108970642 0.037919145077466965
v 0.16589993238449097 0.2907424569129944 -0.018959438428282738
v 0.16589993238449097 0.2907424569129944 0.018959438428282738
v 0.16591870784759521 0.3512398600578308 -0.028439244255423546
v 0.16591870784759521 0.3512398600578308 0.028439244255423546
v 0.16595926880836487 0.29068779945373535 0.0
v 0.1660410314798355 0.35115545988082886 -0.009479694999754429
v 0.1660410314798355 0.35115545988082886 0.009479694999754429
v 0.1685536950826645 0.3044225573539734 -0.04739902913570404
v 0.1685536950826645 0.3044225573539734 0.04739902913570404
v 0.1692822426557541 0.28756779432296753 -0.04739902913570404
v 0.1692822426557541 0.28756779432296753 0.04739902913570404
v 0.1694556176662445 0.28740179538726807 -0.028439275920391083
v 0.1694556176662445 0.28740179538726807 0.028439275920391083
v 0.1695626974105835 0.28729909658432007 -0.009479710832238197
v 0.1695626974105835 0.28729909658432007 0.009479710832238197
v 0.1698940247297287 0.3484498858451843 -0.03791913017630577
v 0.1698940247297287 0.3484498858451843 0.03791913017630577
v 0.1700727939605713 0.3483220934867859 -0.018959421664476395
v 0.1700727939605713 0.3483220934867859 0.018959421664476395
v 0.17013844847679138 0.3482750952243805 0.0
v 0.17028045654296875 0.3171307444572449 -0.04739902913570404
v 0.17028045654296875 0.3171307444572449 0.04739902913570404
v 0.17177803814411163 0.3271354138851166 -0.04739902913570404
v 0.17177803814411163 0.3271354138851166 0.04739902913570404
v 0.172932431101799 0.28400251269340515 -0.037919145077466965
v 0.172932431101799 0.28400251269340515 0.037919145077466965
v 0.1729331910610199 0.3358677923679352 -0.04739902913570404
v 0.1729331910610199 0.3358677923679352 0.04739902913570404
v 0.17306673526763916 0.2958905100822449 -0.04739902913570404
v 0.17306673526763916 0.2958905100822449 0.04739902913570404
v 0.17308764159679413 0.2838476002216339 -0.01895945332944393
v 0.17308764159679413 0.2838476002216339 0.01895945332944393
v 0.1731446236371994 0.283790647983551 0.0
v 0.17381909489631653 0.34559670090675354 -0.04739902913570404
v 0.17381909489631653 0.34559670090675354 0.04739902913570404
v 0.17401234805583954 0.3454536497592926 -0.028439244255423546
v 0.17401234805583954 0.3454536497592926 0.028439244255423546
v 0.17413172125816345 0.34536513686180115 -0.009479694999754429
v 0.17413172125816345 0.34536513686180115 0.009479694999754429
v 0.1763383448123932 0.28053775429725647 -0.04739902913570404
v 0.1763383448123932 0.28053775429725647 0.04739902913570404
v 0.17650456726551056 0.28036507964134216 -0.028439290821552277
v 0.17650456726551056 0.28036507964134216 0.028439290821552277
v 0.17660723626613617 0.28025829792022705 -0.009479726664721966
v 0.17660723626613617 0.28025829792022705 0.009479726664721966
v 0.17715056240558624 0.30318310856819153 -0.04739902913570404
v 0.17715056240558624 0.30318310856819153 0.04739902913570404
v 0.17719577252864838 0.32159462571144104 -0.04739902913570404
v 0.17719577252864838 0.32159462571144104 0.04739902913570404
v 0.17789041996002197 0.3425299823284149 -0.03791913017630577
v 0.17789041996002197 0.3425299823284149 0.03791913017630577
v 0.17790398001670837 0.3124391436576843 -0.04739902913570404
v 0.17790398001670837 0.3124391436576843 0.04739902913570404
v 0.1780647188425064 0.34239619970321655 -0.018959421664476395
v 0.1780647188425064 0.34239619970321655 0.018959421664476395
v 0.17812874913215637 0.34234699606895447 0.0
v 0.17958906292915344 0.28889647126197815 -0.04739902913570404
v 0.17958906292915344 0.28889647126197815 0.04739902913570404
v 0.17984038591384888 0.2768271565437317 -0.03791917487978935
v 0.17984038591384888 0.2768271565437317 0.03791917487978935
v 0.17998890578746796 0.2766663134098053 -0.01895948499441147
v 0.17998890578746796 0.2766663134098053 0.01895948499441147
v 0.18004342913627625 0.2766072154045105 0.0
v 0.18026882410049438 0.3297184109687805 -0.04739902913570404
v 0.18026882410049438 0.3297184109687805 0.04739902913570404
v 0.18171611428260803 0.3395448923110962 -0.04739902913570404
v 0.18171611428260803 0.3395448923110962 0.04739902913570404
v 0.18189989030361176 0.2972656786441803 -0.04739902913570404
v 0.18189989030361176 0.2972656786441803 0.04739902913570404
v 0.1819043755531311 0.33939531445503235 -0.028439244255423546
v 0.1819043755531311 0.33939531445503235 0.028439244255423546
v 0.1820206642150879 0.33930280804634094 -0.009479694999754429
v 0.1820206642150879 0.33930280804634094 0.009479694999754429
v 0.18310272693634033 0.2732265889644623 -0.04739902913570404
v 0.18310272693634033 0.2732265889644623 0.04739902913570404
v 0.1832614541053772 0.27304768562316895 -0.028439339250326157
v 0.1832614541053772 0.27304768562316895 0.028439339250326157
v 0.18335947394371033 0.27293702960014343 -0.009479758329689503
v 0.18335947394371033 0.27293702960014343 0.009479758329689503
v 0.18432852625846863 0.30589765310287476 -0.04739902913570404
v 0.18432852625846863 0.30589765310287476 0.04739902913570404
v 0.18568068742752075 0.33634138107299805 -0.03791913017630577
v 0.18568068742752075 0.33634138107299805 0.03791913017630577
v 0.18574753403663635 0.32154935598373413 -0.04739902913570404
v 0.18574753403663635 0.32154935598373413 0.04739902913570404
v 0.18584609031677246 0.2821325957775116 -0.04739902913570404
v 0.18584609031677246 0.2821325957775116 0.04739902913570404
v 0.1858503222465515 0.3362017273902893 -0.018959421664476395
v 0.1858503222465515 0.3362017273902893 0.018959421664476395
v 0.18591263890266418 0.3361503779888153 0.0
v 0.18645079433918 0.2693769037723541 -0.03791920840740204
v 0.18645079433918 0.2693769037723541 0.03791920840740204
v 0.18659229576587677 0.2692105770111084 -0.018959548324346542
v 0.18659229576587677 0.2692105770111084 0.018959548324346542
v 0.18664424121379852 0.26914942264556885 0.0
v 0.1871170997619629 0.31308484077453613 -0.04739902913570404
v 0.1871170997619629 0.31308484077453613 0.04739902913570404
v 0.1884714514017105 0.2907857894897461 -0.04739902913570404
v 0.1884714514017105 0.2907857894897461 0.04739902913570404
v 0.18940258026123047 0.3332277834415436 -0.04739902913570404
v 0.18940258026123047 0.3332277834415436 0.04739902913570404
v 0.18956421315670013 0.26564639806747437 -0.04739902913570404
v 0.18956421315670013 0.26564639806747437 0.04739902913570404
v 0.1895856261253357 0.33307191729545593 -0.028439244255423546
v 0.1895856261253357 0.33307191729545593 0.028439244255423546
v 0.1896987110376358 0.3329755365848541 -0.009479694999754429
v 0.1896987110376358 0.3329755365848541 0.009479694999754429
v 0.18971508741378784 0.2654617428779602 -0.028439434245228767
v 0.18971508741378784 0.2654617428779602 0.028439434245228767
v 0.18980827927589417 0.26534754037857056 -0.009479821659624577
v 0.18980827927589417 0.26534754037857056 0.009479821659624577
v 0.19072385132312775 0.2995586097240448 -0.04739902913570404
v 0.19072385132312775 0.2995586097240448 0.04739902913570404
v 0.19219782948493958 0.27510303258895874 -0.04739902913570404
v 0.19219782948493958 0.27510303258895874 0.04739902913570404
v 0.19275270402431488 0.26166409254074097 -0.0379193015396595
v 0.19275270402431488 0.26166409254074097 0.0379193015396595
v 0.19288687407970428 0.2614927291870117 -0.018959689885377884
v 0.19288687407970428 0.2614927291870117 0.018959689885377884
v 0.19293613731861115 0.26142972707748413 0.0
v 0.1930583417415619 0.30839183926582336 -0.04739902913570404
v 0.1930583417415619 0.30839183926582336 0.04739902913570404
v 0.19325582683086395 0.32989123463630676 -0.03791913017630577
v 0.19325582683086395 0.32989123463630676 0.03791913017630577
v 0.19342060387134552 0.32974591851234436 -0.018959421664476395
v 0.19342060387134552 0.32974591851234436 0.018959421664476395
v 0.19348113238811493 0.3296924829483032 0.0
v 0.19454705715179443 0.3171462118625641 -0.04739902913570404
v 0.19454705715179443 0.3171462118625641 0.04739902913570404
v 0.1946142017841339 0.2840038537979126 -0.04739902913570404
v 0.1946142017841339 0.2840038537979126 0.04739902913570404
v 0.1957121342420578 0.25780972838401794 -0.04739902913570404
v 0.1957121342420578 0.25780972838401794 0.04739902913570404
v 0.1958547830581665 0.2576199173927307 -0.028439639136195183
v 0.1958547830581665 0.2576199173927307 0.02843962237238884
v 0.19594289362430573 0.2575024366378784 -0.009479948319494724
v 0.19594289362430573 0.2575024366378784 0.009479932487010956
v 0.1968696117401123 0.32665276527404785 -0.04739902913570404
v 0.1968696117401123 0.32665276527404785 0.04739902913570404
v 0.19703343510627747 0.29294684529304504 -0.04739902913570404
v 0.19703343510627747 0.29294684529304504 0.04739902913570404
v 0.19704723358154297 0.3264907896518707 -0.028439244255423546
v 0.19704723358154297 0.3264907896518707 0.028439244255423546
v 0.19715693593025208 0.3263905942440033 -0.009479694999754429
v 0.19715693593025208 0.3263905942440033 0.009479694999754429
v 0.19829653203487396 0.2684122622013092 -0.04739902913570404
v 0.19829653203487396 0.2684122622013092 0.04739902913570404
v 0.19873568415641785 0.2537015676498413 -0.037919461727142334
v 0.19873568415641785 0.2537015676498413 0.037919461727142334
v 0.1988621950149536 0.25352567434310913 -0.018959974870085716
v 0.1988621950149536 0.25352567434310913 0.018959959968924522
v 0.1989087015390396 0.25346097350120544 0.0
v 0.1995336264371872 0.3014020621776581 -0.04739902913570404
v 0.1995336264371872 0.3014020621776581 0.04739902913570404
v 0.2006070464849472 0.323186993598938 -0.03791913017630577
v 0.2006070464849472 0.323186993598938 0.03791913017630577
v 0.20064106583595276 0.27728596329689026 -0.04739902913570404
v 0.20064106583595276 0.27728596329689026 0.04739902913570404
v 0.20076677203178406 0.32303616404533386 -0.018959421664476395
v 0.20076677203178406 0.32303616404533386 0.018959421664476395
v 0.20082543790340424 0.32298073172569275 0.0
v 0.20153629779815674 0.24972954392433167 -0.04739902913570404
v 0.20153629779815674 0.24972954392433167 0.04739902913570404
v 0.2015710026025772 0.3106446862220764 -0.04739902913570404
v 0.2015710026025772 0.3106446862220764 0.04739902913570404
v 0.2016703188419342 0.2495352029800415 -0.02844003401696682
v 0.2016703188419342 0.2495352029800415 0.02844003401696682
v 0.20175321400165558 0.24941480159759521 -0.009480200707912445
v 0.20175321400165558 0.24941480159759521 0.009480184875428677
v 0.2034953087568283 0.28576892614364624 -0.04739902913570404
v 0.2034953087568283 0.28576892614364624 0.04739902913570404
v 0.20410853624343872 0.31982743740081787 -0.04739902913570404
v 0.20410853624343872 0.31982743740081787 0.04739902913570404
v 0.20428051054477692 0.3196595311164856 -0.028439244255423546
v 0.20428051054477692 0.3196595311164856 0.028439244255423546
v 0.20438672602176666 0.3195556700229645 -0.009479694999754429
v 0.20438672602176666 0.3195556700229645 0.009479694999754429
v 0.2043898105621338 0.2455025464296341 -0.037919823080301285
v 0.2043898105621338 0.2455025464296341 0.03791980817914009
v 0.20450839400291443 0.24532270431518555 -0.018960559740662575
v 0.20450839400291443 0.24532270431518555 0.01896054297685623
v 0.2045520395040512 0.2452564239501953 0.0
v 0.20580284297466278 0.25550758838653564 -0.04739902913570404
v 0.20580284297466278 0.25550758838653564 0.04739902913570404
v 0.20583802461624146 0.2721977233886719 -0.04739902913570404
v 0.20583802461624146 0.2721977233886719 0.04739902913570404
v 0.20592887699604034 0.29457801580429077 -0.04739902913570404
v 0.20592887699604034 0.29457801580429077 0.04739902913570404
v 0.20627352595329285 0.26367253065109253 -0.04739902913570404
v 0.20627352595329285 0.26367253065109253 0.04739902913570404
v 0.20702706277370453 0.2414192259311676 -0.04739902913570404
v 0.20702706277370453 0.2414192259311676 0.04739902913570404
v 0.2071520835161209 0.24122117459774017 -0.02844085544347763
v 0.2071520835161209 0.24122117459774017 0.028440838679671288
v 0.20722965896129608 0.2410980612039566 -0.00948072224855423
v 0.20722965896129608 0.2410980612039566 0.009480706416070461
v 0.20772585272789001 0.3162364959716797 -0.03791913017630577
v 0.20772585272789001 0.3162364959716797 0.03791913017630577
v 0.20788030326366425 0.31608033180236816 -0.018959421664476395
v 0.20788030326366425 0.31608033180236816 0.018959421664476395
v 0.20793703198432922 0.31602293252944946 0.0
v 0.20836889743804932 0.30344367027282715 -0.04739902913570404
v 0.20836889743804932 0.30344367027282715 0.04739902913570404
v 0.20899593830108643 0.27924296259880066 -0.04739902913570404
v 0.20899593830108643 0.27924296259880066 0.04739902913570404
v 0.2097056806087494 0.23708076775074005 -0.0379205197095871
v 0.2097056806087494 0.23708076775074005 0.0379205048084259
v 0.2098160833120346 0.2368975281715393 -0.018961776047945023
v 0.2098160833120346 0.2368975281715393 0.01896176114678383
v 0.20985695719718933 0.23682960867881775 -1.5799999530941022e-08
v 0.21071922779083252 0.24945393204689026 -0.04739902913570404
v 0.21071922779083252 0.24945393204689026 0.04739902913570404
v 0.21111097931861877 0.312759667634964 -0.04739902913570404
v 0.21111097931861877 0.312759667634964 0.04739902913570404
v 0.2112770974636078 0.31258606910705566 -0.028439244255423546
v 0.2112770974636078 0.31258606910705566 0.028439244255423546
v 0.21137967705726624 0.3124786913394928 -0.009479694999754429
v 0.21137967705726624 0.3124786913394928 0.009479694999754429
v 0.21211880445480347 0.2877967059612274 -0.04739902913570404
v 0.21211880445480347 0.2877967059612274 0.04739902913570404
v 0.2121753692626953 0.2328924983739853 -0.04739902913570404
v 0.2121753692626953 0.2328924983739853 0.04739902913570404
v 0.21229086816310883 0.23269186913967133 -0.028442515060305595
v 0.21229086816310883 0.23269186913967133 0.028442498296499252
v 0.21236325800418854 0.23256590962409973 -0.009481859393417835
v 0.21236325800418854 0.23256590962409973 0.009481843560934067
v 0.2146039605140686 0.30904775857925415 -0.03791913017630577
v 0.2146039605140686 0.30904775857925415 0.03791913017630577
v 0.21467432379722595 0.22845056653022766 -0.037921879440546036
v 0.21467432379722595 0.22845055162906647 0.03792186081409454
v 0.2147529572248459 0.30888646841049194 -0.018959421664476395
v 0.2147529572248459 0.30888646841049194 0.018959421664476395
v 0.2147730141878128 0.25687214732170105 -0.04739902913570404
v 0.2147730141878128 0.25687214732170105 0.04739902913570404
v 0.21477645635604858 0.22826433181762695 -0.018964320421218872
v 0.21477645635604858 0.22826431691646576 0.018964288756251335
v 0.2148076742887497 0.3088271915912628 0.0
v 0.2148149311542511 0.22819407284259796 -1.5799999530941022e-08
v 0.21498309075832367 0.2723749279975891 -0.04739902913570404
v 0.21498309075832367 0.2723749279975891 0.04739902913570404
v 0.21502313017845154 0.29610979557037354 -0.04739902913570404
v 0.21502313017845154 0.29610979557037354 0.04739902913570404
v 0.21634498238563538 0.2415635883808136 -0.04739902913570404
v 0.21634498238563538 0.2415635883808136 0.04739902913570404
v 0.21634633839130402 0.2815018892288208 -0.04739902913570404
v 0.21634633839130402 0.2815018892288208 0.04739902913570404
v 0.21697267889976501 0.2241634577512741 -0.04739902913570404
v 0.21697267889976501 0.2241634577512741 0.04739902913570404
v 0.2170778512954712 0.22396229207515717 -0.028445832431316376
v 0.2170778512954712 0.22396229207515717 0.028445815667510033
v 0.21714583039283752 0.22383202612400055 -0.00948435626924038
v 0.21714583039283752 0.22383202612400055 0.009484324604272842
v 0.21786881983280182 0.3054576814174652 -0.04739902913570404
v 0.21786881983280182 0.3054576814174652 0.04739902913570404
v 0.21802887320518494 0.30527859926223755 -0.02843925915658474
v 0.21802887320518494 0.30527859926223755 0.02843925915658474
v 0.21812769770622253 0.3051678538322449 -0.009479710832238197
v 0.21812769770622253 0.3051678538322449 0.009479710832238197
v 0.2190752476453781 0.2644081115722656 -0.04739902913570404
v 0.2190752476453781 0.2644081115722656 0.04739902913570404
v 0.21928709745407104 0.2196272909641266 -0.03792435675859451
v 0.21928709745407104 0.2196272909641266 0.03792435675859451
v 0.21938113868236542 0.21943792700767517 -0.018969755619764328
v 0.2193811684846878 0.21943792700767517 0.01896972395479679
v 0.219418466091156 0.21936266124248505 -1.5799999530941022e-08
v 0.22030889987945557 0.24933242797851562 -0.04739902913570404
v 0.22030889987945557 0.24933242797851562 0.04739902913570404
v 0.22096186876296997 0.2886040508747101 -0.04739902913570404
v 0.22096186876296997 0.2886040508747101 0.04739902913570404
v 0.22114881873130798 0.23365727066993713 -0.04739902913570404
v 0.22114881873130798 0.23365727066993713 0.04739902913570404
v 0.22123338282108307 0.30162909626960754 -0.03791913017630577
v 0.22123338282108307 0.30162909626960754 0.037919145077466965
v 0.22137676179409027 0.30146294832229614 -0.018959421664476395
v 0.22137676179409027 0.30146294832229614 0.018959421664476395
v 0.22141104936599731 0.21524658799171448 -0.04739902913570404
v 0.22141104936599731 0.21524658799171448 0.04739902913570404
v 0.22142939269542694 0.30140185356140137 0.0
v 0.22150424122810364 0.21504920721054077 -0.028452247381210327
v 0.22150424122810364 0.21504920721054077 0.02845221571624279
v 0.22157007455825806 0.21490946412086487 -0.009490154683589935
v 0.22157007455825806 0.21490946412086487 0.009490123018622398
v 0.2235352247953415 0.21062873303890228 -0.03792818263173103
v 0.2235352247953415 0.21062873303890228 0.03792816773056984
v 0.22362197935581207 0.21043463051319122 -0.018981778994202614
v 0.22362197935581207 0.21043463051319122 0.018981730565428734
v 0.22366176545619965 0.21034547686576843 -3.1599999061882045e-08
v 0.22405721247196198 0.2709597945213318 -0.04739902913570404
v 0.22405721247196198 0.2709597945213318 0.04739902913570404
v 0.22437423467636108 0.29792994260787964 -0.04739902913570404
v 0.22437423467636108 0.29792994260787964 0.04739902913570404
v 0.2245279848575592 0.29774564504623413 -0.02843925915658474
v 0.2245279848575592 0.29774564504623413 0.02843925915658474
v 0.2246229201555252 0.2976316809654236 -0.009479710832238197
v 0.2246229201555252 0.2976316809654236 0.009479710832238197
v 0.22464768588542938 0.257257342338562 -0.04739902913570404
v 0.22464768588542938 0.257257342338562 0.04739902913570404
v 0.22467203438282013 0.2794908583164215 -0.04739902913570404
v 0.22467203438282013 0.2794908583164215 0.04739902913570404
v 0.22545459866523743 0.24162673950195312 -0.04739902913570404
v 0.22545459866523743 0.24162673950195312 0.04739902913570404
v 0.22548317909240723 0.20615658164024353 -0.04739902913570404
v 0.22548317909240723 0.20615658164024353 0.04739902913570404
v 0.2255602478981018 0.2059745490550995 -0.028463654220104218
v 0.2255602478981018 0.2059745490550995 0.02846362255513668
v 0.22563040256500244 0.20580843091011047 -0.009505053982138634
v 0.22563040256500244 0.20580843091011047 0.00950499065220356
v 0.2260674685239792 0.22542323172092438 -0.04739902913570404
v 0.2260674685239792 0.22542323172092438 0.04739902913570404
v 0.22740913927555084 0.20147791504859924 -0.037930771708488464
v 0.22740913927555084 0.20147791504859924 0.03793075680732727
v 0.22748982906341553 0.20127572119235992 -0.01900993287563324
v 0.22748982906341553 0.20127572119235992 0.019009871408343315
v 0.22754256427288055 0.201143279671669 -3.1599999061882045e-08
v 0.22760650515556335 0.2939891517162323 -0.037919145077466965
v 0.22760650515556335 0.2939891517162323 0.037919145077466965
v 0.22774402797222137 0.29381832480430603 -0.018959438428282738
v 0.22774402797222137 0.29381832480430603 0.018959438428282738
v 0.22779452800750732 0.29375553131103516 0.0
v 0.22916185855865479 0.26512888073921204 -0.04739902913570404
v 0.22916185855865479 0.26512888073921204 0.04739902913570404
v 0.22918230295181274 0.19690853357315063 -0.04739902913570404
v 0.22918230295181274 0.19690853357315063 0.04739902913570404
v 0.22923263907432556 0.19677472114562988 -0.028479043394327164
v 0.22923265397548676 0.19677472114562988 0.028478994965553284
v 0.2293250858783722 0.19652843475341797 -0.009548360481858253
v 0.2293250858783722 0.19652843475341797 0.009548281319439411
v 0.22991392016410828 0.2492208480834961 -0.04739902913570404
v 0.22991392016410828 0.2492208480834961 0.04739902913570404
v 0.22991789877414703 0.23348566889762878 -0.04739902913570404
v 0.22991789877414703 0.23348566889762878 0.04739902913570404
v 0.23061969876289368 0.29018518328666687 -0.04739902913570404
v 0.23061969876289368 0.29018518328666687 0.04739902913570404
v 0.2307669222354889 0.289995938539505 -0.028439275920391083
v 0.2307669222354889 0.289995938539505 0.028439275920391083
v 0.230851948261261 0.2108761966228485 -0.04739902913570404
v 0.230851948261261 0.2108761966228485 0.04739902913570404
v 0.23085786402225494 0.2898789048194885 -0.009479710832238197
v 0.23085786402225494 0.2898789048194885 0.009479710832238197
v 0.230897918343544 0.19220773875713348 -0.03791574761271477
v 0.230897918343544 0.19220773875713348 0.03791571408510208
v 0.2309696525335312 0.1920044720172882 -0.01908179000020027
v 0.2309696525335312 0.1920044720172882 0.019081711769104004
v 0.23106595873832703 0.19173070788383484 -4.7400000369179907e-08
v 0.23239386081695557 0.27339619398117065 -0.04739902913570404
v 0.23239386081695557 0.27339619398117065 0.04739902913570404
v 0.23249933123588562 0.1875266581773758 -0.02847239188849926
v 0.23249933123588562 0.1875266581773758 0.028472328558564186
v 0.2325022965669632 0.1875176876783371 -0.04739902913570404
v 0.2325022965669632 0.1875176876783371 0.04739902913570404
v 0.23266775906085968 0.18701572716236115 -0.00969333853572607
v 0.23266775906085968 0.18701572716236115 0.00969324354082346
v 0.23301374912261963 0.21865607798099518 -0.04739902913570404
v 0.23301374912261963 0.21865607798099518 0.04739902913570404
v 0.23371587693691254 0.2861367464065552 -0.037919145077466965
v 0.23371587693691254 0.2861367464065552 0.037919145077466965
v 0.23384734988212585 0.2859615683555603 -0.01895945332944393
v 0.23384734988212585 0.2859615683555603 0.01895945332944393
v 0.23389561474323273 0.2858971655368805 0.0
v 0.23392833769321442 0.2572745084762573 -0.04739902913570404
v 0.23392833769321442 0.2572745084762573 0.04739902913570404
v 0.23399516940116882 0.18284882605075836 -0.03781425207853317
v 0.23399516940116882 0.18284882605075836 0.03781420364975929
v 0.2340095043182373 0.18280240893363953 -0.019287660717964172
v 0.2340095043182373 0.18280240893363953 0.01928754895925522
v 0.23423480987548828 0.22726738452911377 -0.04739902913570404
v 0.23423480987548828 0.22726738452911377 0.04739902913570404
v 0.23423655331134796 0.1820623278617859 -6.319999812376409e-08
v 0.23441269993782043 0.20398813486099243 -0.04739902913570404
v 0.23441269993782043 0.20398813486099243 0.04739902913570404
v 0.23451723158359528 0.24130211770534515 -0.04739902913570404
v 0.23451723158359528 0.24130211770534515 0.04739902913570404
v 0.23533175885677338 0.17836856842041016 -0.028255825862288475
v 0.23533175885677338 0.17836856842041016 0.028255730867385864
v 0.23543769121170044 0.1779996156692505 -0.04739902913570404
v 0.23543769121170044 0.1779996156692505 0.04739902913570404
v 0.23578090965747833 0.17678891122341156 -0.010242139920592308
v 0.23578090965747833 0.17678889632225037 0.010241998359560966
v 0.23626352846622467 0.17504489421844482 -0.019980350509285927
v 0.23626354336738586 0.17504489421844482 0.019980238750576973
v 0.236597940325737 0.2822323143482208 -0.04739902913570404
v 0.236597940325737 0.2822323143482208 0.04739902913570404
v 0.2367313653230667 0.1733045130968094 -0.037443432956933975
v 0.2367313653230667 0.1733045130968094 0.03744339942932129
v 0.2367384433746338 0.28203848004341125 -0.028439290821552277
v 0.2367384433746338 0.28203848004341125 0.028439290821552277
v 0.2368205487728119 0.1729668229818344 -7.900000298377563e-08
v 0.23682519793510437 0.28191858530044556 -0.009479726664721966
v 0.23682519793510437 0.28191858530044556 0.009479726664721966
v 0.23788520693778992 0.16877391934394836 -0.007154235616326332
v 0.23788520693778992 0.16877390444278717 0.007154077757149935
v 0.23790575563907623 0.1686897873878479 -0.0155792236328125
v 0.23790575563907623 0.1686897724866867 0.015579065307974815
v 0.23793821036815643 0.16855672001838684 -0.02653677389025688
v 0.23793821036815643 0.16855670511722565 0.026536662131547928
v 0.2379564642906189 0.26560667157173157 -0.04739902913570404
v 0.2379564642906189 0.26560667157173157 0.04739902913570404
v 0.2379835993051529 0.1683700680732727 -0.04739902913570404
v 0.2379835993051529 0.1683700680732727 0.04739902913570404
v 0.23835961520671844 0.19511140882968903 -0.04739902913570404
v 0.23835961520671844 0.19511140882968903 0.04739902913570404
v 0.23873689770698547 0.24925798177719116 -0.04739902913570404
v 0.23873689770698547 0.24925798177719116 0.04739902913570404
v 0.23885037004947662 0.23336359858512878 -0.04739902913570404
v 0.23885037004947662 0.23336359858512878 0.04739902913570404
v 0.23886509239673615 0.16460955142974854 -9.480000073835981e-08
v 0.23910586535930634 0.16353335976600647 -0.03725573047995567
v 0.23910586535930634 0.16353334486484528 0.03725568577647209
v 0.23939357697963715 0.16221646964550018 -0.01961190067231655
v 0.23939360678195953 0.162216454744339 0.019611744210124016
v 0.23955442011356354 0.2780810594558716 -0.03791917487978935
v 0.23955442011356354 0.2780810594558716 0.03791917487978935
v 0.23967964947223663 0.2779017984867096 -0.01895948499441147
v 0.23967964947223663 0.2779017984867096 0.01895948499441147
v 0.23970438539981842 0.16075335443019867 -0.00994962453842163
v 0.23970438539981842 0.16075333952903748 0.009949435479938984
v 0.23972563445568085 0.2778359055519104 0.0
v 0.23993900418281555 0.21033364534378052 -0.04739902913570404
v 0.23993900418281555 0.21033364534378052 0.04739902913570404
v 0.24013583362102509 0.15864494442939758 -0.04739902913570404
v 0.24013583362102509 0.15864494442939758 0.04739902913570404
v 0.24014440178871155 0.15860213339328766 -0.027630789205431938
v 0.24014440178871155 0.15860211849212646 0.027630679309368134
v 0.24071525037288666 0.15565215051174164 -1.10599998492944e-07
v 0.24093109369277954 0.1544831395149231 -0.018362779170274734
v 0.24093109369277954 0.1544831097126007 0.018362605944275856
v 0.24109123647212982 0.15359452366828918 -0.03712533786892891
v 0.24109123647212982 0.153594508767128 0.037125274538993835
v 0.2414940744638443 0.18638157844543457 -0.04739902913570404
v 0.2414940744638443 0.18638157844543457 0.04739902913570404
v 0.2415832281112671 0.15073789656162262 -0.008938967250287533
v 0.2415832281112671 0.15073786675930023 0.008938777260482311
v 0.24184219539165497 0.1491466909646988 -0.026892028748989105
v 0.24184222519397736 0.1491466462612152 0.026891887187957764
v 0.2418908327817917 0.14884033799171448 -0.04739902913570404
v 0.2418908327817917 0.14884033799171448 0.04739902913570404
v 0.2422707974910736 0.14635397493839264 -1.10599998492944e-07
v 0.2423020750284195 0.2740806043148041 -0.04739902913570404
v 0.2423020750284195 0.2740806043148041 0.04739902913570404
v 0.2424032837152481 0.14544446766376495 -0.01715284027159214
v 0.2424032837152481 0.14544442296028137 0.01715265028178692
v 0.24243561923503876 0.27388250827789307 -0.028439339250326157
v 0.24243561923503876 0.27388250827789307 0.028439339250326157
v 0.2425180822610855 0.27375999093055725 -0.009479758329689503
v 0.2425180822610855 0.27375999093055725 0.009479758329689503
v 0.2427828460931778 0.14269301295280457 -0.036175332963466644
v 0.2427828460931778 0.14269298315048218 0.03617525473237038
v 0.24291323125362396 0.14169074594974518 -0.008168227039277554
v 0.24291323125362396 0.1416907161474228 0.00816800631582737
v 0.24312356114387512 0.14000070095062256 -0.024904776364564896
v 0.24312356114387512 0.1400006264448166 0.02490461990237236
v 0.24315321445465088 0.25717538595199585 -0.04739902913570404
v 0.24315321445465088 0.25717538595199585 0.04739902913570404
v 0.2432456910610199 0.13897249102592468 -0.04739902913570404
v 0.2432456910610199 0.13897249102592468 0.04739902913570404
v 0.24332459270954132 0.2254083752632141 -0.04739902913570404
v 0.24332459270954132 0.2254083752632141 0.04739902913570404
v 0.24339905381202698 0.13762514293193817 -1.2639999624752818e-07
v 0.2435075044631958 0.13662967085838318 -0.01564957946538925
v 0.243507519364357 0.1366296112537384 0.01564938947558403
v 0.24365350604057312 0.24108806252479553 -0.04739902913570404
v 0.24365350604057312 0.24108806252479553 0.04739902913570404
v 0.24369284510612488 0.1348329484462738 -0.030794311314821243
v 0.24369286000728607 0.13483288884162903 0.03079420141875744
v 0.2438334822654724 0.1333743780851364 -0.03871268406510353
v 0.2438334822654724 0.13337434828281403 0.03871262073516846
v 0.24384114146232605 0.13329224288463593 -0.007267693057656288
v 0.24384114146232605 0.13329219818115234 0.007267471868544817
v 0.24384348094463348 0.20183704793453217 -0.04739902913570404
v 0.24384348094463348 0.20183704793453217 0.04739902913570404
v 0.24396267533302307 0.08925788104534149 -0.04739902913570404
v 0.24396267533302307 0.08925788104534149 -0.03791922330856323
v 0.24396267533302307 0.08925788104534149 -0.028439417481422424
v 0.24396267533302307 0.08925788104534149 -0.018959611654281616
v 0.24396267533302307 0.08925788104534149 -0.009479805827140808
v 0.24396267533302307 0.08925788104534149 0.0
v 0.24396267533302307 0.08925788104534149 0.009479805827140808
v 0.24396267533302307 0.08925788104534149 0.018959611654281616
v 0.24396267533302307 0.08925788104534149 0.028439417481422424
v 0.24396267533302307 0.08925788104534149 0.03791922330856323
v 0.24396267533302307 0.08925788104534149 0.04739902913570404
v 0.24401985108852386 0.13128195703029633 -0.022763604298233986
v 0.24401985108852386 0.13128183782100677 0.02276344783604145
v 0.2441638708114624 0.12950585782527924 -1.10599998492944e-07
v 0.24419814348220825 0.12905770540237427 -0.04739902913570404
v 0.24419814348220825 0.12905770540237427 0.04739902913570404
v 0.24425412714481354 0.08295626938343048 -0.013241108506917953
v 0.2442711442708969 0.0828637033700943 -0.03310739994049072
v 0.2442706674337387 0.1280718892812729 -0.013640002347528934
v 0.2442706674337387 0.12807177007198334 0.013639797456562519
v 0.24428671598434448 0.12784580886363983 -0.039093516767024994
v 0.24428671598434448 0.12784576416015625 0.03909347206354141
v 0.24435783922672272 0.12680673599243164 -0.03141476586461067
v 0.24435783922672272 0.12680664658546448 0.03141466900706291
v 0.24435986578464508 0.08241076022386551 0.03255956247448921
v 0.24439644813537598 0.12621375918388367 -0.006148049142211676
v 0.24439644813537598 0.1262136995792389 0.0061478279531002045
v 0.24440555274486542 0.08219406753778458 0.014986972324550152
v 0.24442416429519653 0.09543027728796005 -0.013898090459406376
v 0.24442414939403534 0.09543008357286453 0.013898058794438839
v 0.24443894624710083 0.09567009657621384 -0.008046269416809082
v 0.24443891644477844 0.09566975384950638 0.008046221919357777
v 0.24444922804832458 0.09583959728479385 -0.03859137371182442
v 0.24444922804832458 0.09583956748247147 0.03859137371182442
v 0.24455371499061584 0.09768541157245636 -0.028810709714889526
v 0.24455371499061584 0.09768534451723099 0.02881067804992199
v 0.24460777640342712 0.08133475482463837 -0.025904580950737
v 0.2446228563785553 0.12213495373725891 -0.03884759545326233
v 0.2446228563785553 0.12213488668203354 0.03884755074977875
v 0.24462881684303284 0.09919600188732147 -0.04739902913570404
v 0.24462881684303284 0.09919600188732147 0.04739902913570404
v 0.2446475625038147 0.17728300392627716 -0.04739902913570404
v 0.2446475625038147 0.17728300392627716 0.04739902913570404
v 0.24466046690940857 0.1213073655962944 0.020178020000457764
v 0.24466045200824738 0.12130753695964813 -0.02017817832529545
v 0.2446843385696411 0.1004568487405777 -0.020434748381376266
v 0.2446843385696411 0.10045665502548218 0.020434685051441193
v 0.24469678103923798 0.1204427108168602 -1.10599998492944e-07
v 0.2447233498096466 0.1197577640414238 -0.009832201525568962
v 0.2447233647108078 0.11975760757923126 0.009832012467086315
v 0.24473989009857178 0.10189910233020782 0.004283244721591473
v 0.24473991990089417 0.10190024226903915 -0.004283355548977852
v 0.24474652111530304 0.10208749771118164 -0.04271232336759567
v 0.24474652111530304 0.10208748281002045 0.04271230846643448
v 0.24474665522575378 0.11911239475011826 -0.04739902913570404
v 0.24474665522575378 0.11911239475011826 0.04739902913570404
v 0.24476145207881927 0.10252794623374939 -0.012570032849907875
v 0.2447614222764969 0.10252750664949417 0.012569937855005264
v 0.2448100596666336 0.10416839271783829 -0.037459846585989
v 0.2448100447654724 0.1041683480143547 0.03745981678366661
v 0.24481432139873505 0.11687041819095612 -0.02951284684240818
v 0.24481433629989624 0.11687027662992477 0.029512768611311913
v 0.24484147131443024 0.1157018318772316 -0.014691992662847042
v 0.24484147131443024 0.1157015785574913 0.014691834338009357
v 0.24484416842460632 0.11557042598724365 0.004799657501280308
v 0.24484415352344513 0.1155705451965332 -0.0047998311929404736
v 0.24487042427062988 0.10716286301612854 -0.028979213908314705
v 0.2448704093694687 0.1071627214550972 0.02897915057837963
v 0.24488182365894318 0.11310060322284698 -0.03826627880334854
v 0.24488182365894318 0.11310053616762161 0.03826623037457466
v 0.24489028751850128 0.10915300250053406 -0.04739902913570404
v 0.24489028751850128 0.10915300250053406 0.04739902913570404
v 0.24489420652389526 0.11102305352687836 -0.009366949088871479
v 0.24489420652389526 0.11102268844842911 0.009366790764033794
v 0.2448941469192505 0.11105526983737946 -7.900000298377563e-08
v 0.24489454925060272 0.1107148677110672 -0.019390659406781197
v 0.24489454925060272 0.11071459949016571 0.019390547648072243
v 0.2449004054069519 0.08028832077980042 0.02382570691406727
v 0.24496936798095703 0.08006574958562851 -0.04739902913570404
v 0.24496936798095703 0.08006574958562851 0.04739902913570404
v 0.2450890839099884 0.0796966552734375 -0.0060790362767875195
v 0.24511536955833435 0.2698313891887665 -0.03791920840740204
v 0.24511536955833435 0.2698313891887665 0.03791920840740204
v 0.24514804780483246 0.0795220360159874 -0.040778759866952896
v 0.24516810476779938 0.07946367561817169 -0.018612351268529892
v 0.2452341616153717 0.26964840292930603 -0.018959548324346542
v 0.2452341616153717 0.26964840292930603 0.018959548324346542
v 0.24523630738258362 0.07926873862743378 0.04062280058860779
v 0.2452777624130249 0.2695811688899994 0.0
v 0.24570710957050323 0.21678994596004486 -0.04739902913570404
v 0.24570710957050323 0.21678994596004486 0.04739902913570404
v 0.2458215206861496 0.07778045535087585 0.006282188463956118
v 0.2459232658147812 0.07754871994256973 -0.013074706308543682
v 0.24641329050064087 0.16197773814201355 -0.04739902913570404
v 0.24641329050064087 0.16197773814201355 0.04739902913570404
v 0.24651189148426056 0.23407167196273804 -0.04739902913570404
v 0.24651189148426056 0.23407167196273804 0.04739902913570404
v 0.2469300478696823 0.07554859668016434 -0.03249500319361687
v 0.24716028571128845 0.07514955848455429 0.016387581825256348
v 0.24737124145030975 0.193180650472641 -0.04739902913570404
v 0.24737124145030975 0.193180650472641 0.04739902913570404
v 0.2474147379398346 0.07472832500934601 0.0319906622171402
v 0.2477254718542099 0.2657395005226135 -0.04739902913570404
v 0.2477254718542099 0.2657395005226135 0.04739902913570404
v 0.24785181879997253 0.2655375599861145 -0.028439434245228767
v 0.24785181879997253 0.2655375599861145 0.028439434245228767
v 0.24785999953746796 0.07403542846441269 -0.016673903912305832
v 0.24790097773075104 0.15512694418430328 -0.04739902913570404
v 0.24790097773075104 0.15512694418430328 0.04739902913570404
v 0.24792982637882233 0.26541268825531006 -0.009479821659624577
v 0.24792982637882233 0.26541268825531006 0.009479821659624577
v 0.24818122386932373 0.24864204227924347 -0.04739902913570404
v 0.24818122386932373 0.24864204227924347 0.04739902913570404
v 0.24861370027065277 0.07297087460756302 -0.02381313033401966
v 0.2490449696779251 0.07241341471672058 -0.01076153852045536
v 0.24941712617874146 0.07195857912302017 -0.04739902913570404
v 0.24941712617874146 0.07195857912302017 0.04739902913570404
v 0.2497270554304123 0.2086714506149292 -0.04739902913570404
v 0.2497270554304123 0.2086714506149292 0.04739902913570404
v 0.24982869625091553 0.085202656686306 -0.04739902913570404
v 0.24982869625091553 0.085202656686306 0.04739902913570404
v 0.2500661015510559 0.16915614902973175 -0.04739902913570404
v 0.2500661015510559 0.16915614902973175 0.04739902913570404
v 0.2500944435596466 0.07118602097034454 0.02346055954694748
v 0.2501378059387207 0.1843198537826538 -0.04739902913570404
v 0.2501378059387207 0.1843198537826538 0.04739902913570404
v 0.25017842650413513 0.0710948258638382 -0.002277175895869732
v 0.25038525462150574 0.0708741620182991 0.01748785562813282
v 0.2503923177719116 0.2613973617553711 -0.0379193015396595
v 0.2503923177719116 0.2613973617553711 0.0379193015396595
v 0.25050440430641174 0.2612110674381256 -0.018959689885377884
v 0.25050440430641174 0.2612110674381256 0.018959689885377884
v 0.2505218982696533 0.13978569209575653 -0.04739902913570404
v 0.2505218982696533 0.13978569209575653 0.04739902913570404
v 0.25054556131362915 0.2611425817012787 0.0
v 0.2507374584674835 0.07051104307174683 -0.039731208235025406
v 0.25074106454849243 0.07050742208957672 0.012288877740502357
v 0.25106731057167053 0.0701846182346344 0.0396946482360363
v 0.2518722414970398 0.06943890452384949 0.0054734027944505215
v 0.25192201137542725 0.22218704223632812 -0.04739902913570404
v 0.25192201137542725 0.22218704223632812 0.04739902913570404
v 0.2522541582584381 0.09343510866165161 -0.04739902913570404
v 0.2522541582584381 0.09343510866165161 0.04739902913570404
v 0.25237274169921875 0.06900855153799057 -0.01710779406130314
v 0.25247445702552795 0.2400868833065033 -0.04739902913570404
v 0.25247445702552795 0.2400868833065033 0.04739902913570404
v 0.252733051776886 0.06871336698532104 -0.03163212165236473
v 0.2527768909931183 0.14892365038394928 -0.04739902913570404
v 0.2527768909931183 0.14892365038394928 0.04739902913570404
v 0.25284528732299805 0.11837322264909744 -0.04739902913570404
v 0.25284528732299805 0.11837322264909744 0.04739902913570404
v 0.2528618574142456 0.2572186589241028 -0.04739902913570404
v 0.2528618574142456 0.2572186589241028 0.04739902913570404
v 0.2529807388782501 0.25701338052749634 -0.02843962237238884
v 0.2529807388782501 0.25701338052749634 0.028439639136195183
v 0.2530425190925598 0.17733991146087646 -0.04739902913570404
v 0.2530425190925598 0.17733991146087646 0.04739902913570404
v 0.2530542016029358 0.25688636302948 -0.009479932487010956
v 0.2530542016029358 0.25688636302948 0.009479948319494724
v 0.25310084223747253 0.10292467474937439 -0.04739902913570404
v 0.25310084223747253 0.10292467474937439 0.04739902913570404
v 0.2532512843608856 0.1997370421886444 -0.04739902913570404
v 0.2532512843608856 0.1997370421886444 0.04739902913570404
v 0.25330597162246704 0.1282840520143509 -0.04739902913570404
v 0.25330597162246704 0.1282840520143509 0.04739902913570404
v 0.25362107157707214 0.06803407520055771 0.03178403526544571
v 0.25425654649734497 0.23041145503520966 -0.04739902913570404
v 0.25425654649734497 0.23041145503520966 0.04739902913570404
v 0.25441741943359375 0.06747878342866898 0.017814356833696365
v 0.25501176714897156 0.11076844483613968 -0.04739902913570404
v 0.25501176714897156 0.11076844483613968 0.04739902913570404
v 0.2553790509700775 0.252788782119751 -0.037919461727142334
v 0.2553790509700775 0.252788782119751 0.037919461727142334
v 0.25548428297042847 0.2525996267795563 -0.018959959968924522
v 0.25548428297042847 0.2525996267795563 0.018959974870085716
v 0.2555229663848877 0.252530038356781 0.0
v 0.2556132376194 0.07722988724708557 -0.04739902913570404
v 0.2556132376194 0.07722988724708557 0.04739902913570404
v 0.25574126839637756 0.21544484794139862 -0.04739902913570404
v 0.25574126839637756 0.21544484794139862 0.04739902913570404
v 0.2558392584323883 0.06660082936286926 -0.024250734597444534
v 0.2559799253940582 0.15859055519104004 -0.04739902913570404
v 0.2559799253940582 0.15859055519104004 0.04739902913570404
v 0.25602373480796814 0.08620457351207733 -0.04739902913570404
v 0.25602373480796814 0.08620457351207733 0.04739902913570404
v 0.25628405809402466 0.1906176507472992 -0.04739902913570404
v 0.25628405809402466 0.1906176507472992 0.04739902913570404
v 0.2566055953502655 0.0661826878786087 -0.00934593565762043
v 0.25662878155708313 0.0661706030368805 -0.04739902913570404
v 0.25662878155708313 0.0661706030368805 0.04739902913570404
v 0.2573676109313965 0.06580221652984619 0.024951782077550888
v 0.25769662857055664 0.06564832478761673 0.0007833163836039603
v 0.2577052414417267 0.2485278993844986 -0.04739902913570404
v 0.2577052414417267 0.2485278993844986 0.04739902913570404
v 0.25781646370887756 0.24831989407539368 -0.02844003401696682
v 0.25781646370887756 0.24831989407539368 0.02844003401696682
v 0.25788524746894836 0.24819104373455048 -0.009480184875428677
v 0.25788524746894836 0.24819104373455048 0.009480200707912445
v 0.2580437958240509 0.06549255549907684 0.010304217226803303
v 0.2580775320529938 0.06547776609659195 -0.03868332877755165
v 0.2584870457649231 0.06530328094959259 0.03897238150238991
v 0.2588113248348236 0.18227072060108185 -0.04739902913570404
v 0.2588113248348236 0.18227072060108185 0.04739902913570404
v 0.25882136821746826 0.20678101480007172 -0.04739902913570404
v 0.25882136821746826 0.20678101480007172 0.04739902913570404
v 0.25897857546806335 0.1355956792831421 -0.04739902913570404
v 0.25897857546806335 0.1355956792831421 0.04739902913570404
v 0.25898289680480957 0.06510399281978607 -0.01778501644730568
v 0.2591836452484131 0.09856007993221283 -0.04739902913570404
v 0.2591836452484131 0.09856007993221283 0.04739902913570404
v 0.2591935694217682 0.14333896338939667 -0.04739902913570404
v 0.2591935694217682 0.14333896338939667 0.04739902913570404
v 0.25934168696403503 0.0649678185582161 -0.03081038035452366
v 0.25943511724472046 0.12313851714134216 -0.04739902913570404
v 0.25943511724472046 0.12313851714134216 0.04739902913570404
v 0.2599252462387085 0.15044288337230682 -0.04739902913570404
v 0.2599252462387085 0.15044288337230682 0.04739902913570404
v 0.260069876909256 0.24401570856571198 -0.03791980817914009
v 0.260069876909256 0.24401570856571198 0.037919823080301285
v 0.26010197401046753 0.0647008866071701 0.03164351359009743
v 0.26016801595687866 0.24382415413856506 -0.01896054297685623
v 0.26016801595687866 0.24382415413856506 0.018960559740662575
v 0.26020416617393494 0.2437535673379898 0.0
v 0.26058048009872437 0.22288061678409576 -0.04739902913570404
v 0.26058048009872437 0.22288061678409576 0.04739902913570404
v 0.2608756124973297 0.09146036952733994 -0.04739902913570404
v 0.2608756124973297 0.09146036952733994 0.04739902913570404
v 0.26154983043670654 0.17366980016231537 -0.04739902913570404
v 0.26154983043670654 0.17366980016231537 0.04739902913570404
v 0.26192426681518555 0.19789348542690277 -0.04739902913570404
v 0.26192426681518555 0.19789348542690277 0.04739902913570404
v 0.26192864775657654 0.06417451798915863 0.018411457538604736
v 0.2620927095413208 0.08289182186126709 0.04739902913570404
v 0.2621493935585022 0.08294229209423065 -0.04739902913570404
v 0.2622230648994446 0.11561860889196396 -0.04739902913570404
v 0.2622230648994446 0.11561860889196396 0.04739902913570404
v 0.26225006580352783 0.23967736959457397 -0.04739902913570404
v 0.26225006580352783 0.23967736959457397 0.04739902913570404
v 0.2623533308506012 0.2394673228263855 -0.028440838679671288
v 0.2623533308506012 0.2394673228263855 0.02844085544347763
v 0.26241740584373474 0.2393368035554886 -0.009480706416070461
v 0.26241740584373474 0.2393368035554886 0.00948072224855423
v 0.26249566674232483 0.07020118087530136 -0.04739902913570404
v 0.26254841685295105 0.10612182319164276 -0.04739902913570404
v 0.26254841685295105 0.10612182319164276 0.04739902913570404
v 0.26261937618255615 0.07028665393590927 0.04739902913570404
v 0.26303714513778687 0.16446122527122498 -0.04739902913570404
v 0.26303714513778687 0.16446122527122498 0.04739902913570404
v 0.2643904387950897 0.12910468876361847 -0.04739902913570404
v 0.2643904387950897 0.12910468876361847 0.04739902913570404
v 0.2644369602203369 0.07643651962280273 -0.04739902913570404
v 0.2644369602203369 0.07643651962280273 0.04739902913570404
v 0.2644522786140442 0.2141256034374237 -0.04739902913570404
v 0.2644522786140442 0.2141256034374237 0.04739902913570404
v 0.26445919275283813 0.23508843779563904 -0.0379205048084259
v 0.26445919275283813 0.23508843779563904 0.0379205197095871
v 0.26455017924308777 0.23489496111869812 -0.01896176114678383
v 0.26455017924308777 0.23489496111869812 0.018961776047945023
v 0.26458385586738586 0.23482327163219452 1.5799999530941022e-08
v 0.2650599777698517 0.18895164132118225 -0.04739902913570404
v 0.2650599777698517 0.18895164132118225 0.04739902913570404
v 0.2654828131198883 0.14653173089027405 -0.04739902913570404
v 0.2654828131198883 0.14653173089027405 0.04739902913570404
v 0.26550644636154175 0.06358299404382706 -0.04739902913570404
v 0.26550644636154175 0.06358299404382706 0.04739902913570404
v 0.26556769013404846 0.06357771903276443 -0.03512730821967125
v 0.26563653349876404 0.0635719820857048 -0.024352261796593666
v 0.26574113965034485 0.06356363743543625 -0.013868371024727821
v 0.26585009694099426 0.06355545669794083 0.03591495379805565
v 0.26587721705436707 0.06355349719524384 -0.004401347599923611
v 0.2660540044307709 0.0635414868593216 0.004950670525431633
v 0.2660953402519226 0.06353886425495148 0.02660074643790722
v 0.26616886258125305 0.06353439390659332 0.012415764853358269
v 0.2664368152618408 0.18148580193519592 -0.04739902913570404
v 0.2664368152618408 0.18148580193519592 0.04739902913570404
v 0.26649102568626404 0.2306772917509079 -0.04739902913570404
v 0.26649102568626404 0.2306772917509079 0.04739902913570404
v 0.2665860056877136 0.2304663062095642 -0.028442498296499252
v 0.2665860056877136 0.2304663062095642 0.028442515060305595
v 0.26664552092552185 0.2303338348865509 -0.009481843560934067
v 0.26664552092552185 0.2303338348865509 0.009481859393417835
v 0.2667424976825714 0.15462322533130646 -0.04739902913570404
v 0.2667424976825714 0.15462322533130646 0.04739902913570404
v 0.26701393723487854 0.08847876638174057 -0.04739902913570404
v 0.26701393723487854 0.08847876638174057 0.04739902913570404
v 0.26747244596481323 0.09691168367862701 -0.04739902913570404
v 0.26747244596481323 0.09691168367862701 0.04739902913570404
v 0.26775068044662476 0.1386510580778122 -0.04739902913570404
v 0.26775068044662476 0.1386510580778122 0.04739902913570404
v 0.26783204078674316 0.2048136591911316 -0.04739902913570404
v 0.26783204078674316 0.2048136591911316 0.04739902913570404
v 0.2682887017726898 0.11166570335626602 -0.04739902913570404
v 0.2682887017726898 0.11166570335626602 0.04739902913570404
v 0.2685419023036957 0.22601772844791412 -0.03792186081409454
v 0.2685419023036957 0.22601772844791412 0.037921879440546036
v 0.2686256468296051 0.22582265734672546 -0.018964288756251335
v 0.2686256468296051 0.22582265734672546 0.018964320421218872
v 0.26865720748901367 0.22574906051158905 1.5799999530941022e-08
v 0.26918739080429077 0.08148015290498734 -0.04739902913570404
v 0.26941511034965515 0.12005070596933365 -0.04739902913570404
v 0.26941511034965515 0.12005070596933365 0.04739902913570404
v 0.2694958746433258 0.08140835911035538 0.04739902913570404
v 0.269621878862381 0.168828085064888 -0.04739902913570404
v 0.269621878862381 0.168828085064888 0.04739902913570404
v 0.2704232335090637 0.22153808176517487 -0.04739902913570404
v 0.2704232335090637 0.22153808176517487 0.04739902913570404
v 0.2705093026161194 0.22132806479930878 -0.028445815667510033
v 0.2705093026161194 0.22132806479930878 0.028445832431316376
v 0.27056175470352173 0.06368215382099152 0.018385672941803932
v 0.2705649137496948 0.2211921066045761 -0.009484324604272842
v 0.2705649137496948 0.2211921066045761 0.00948435626924038
v 0.2709372043609619 0.07183649390935898 -0.04739902913570404
v 0.2710237503051758 0.19543489813804626 -0.04739902913570404
v 0.2710237503051758 0.19543489813804626 0.04739902913570404
v 0.2719721496105194 0.06390488147735596 0.03177943825721741
v 0.2719782590866089 0.06390603631734848 -0.030824821442365646
v 0.27214956283569336 0.07267419248819351 0.04739902913570404
v 0.2722615897655487 0.1616797298192978 -0.04739902913570404
v 0.2722615897655487 0.1616797298192978 0.04739902913570404
v 0.27231189608573914 0.10552532225847244 -0.04739902913570404
v 0.27231189608573914 0.10552532225847244 0.04739902913570404
v 0.27231284976005554 0.2168152630329132 -0.03792434185743332
v 0.27231284976005554 0.2168152630329132 0.03792435675859451
v 0.27238959074020386 0.21661826968193054 -0.01896972395479679
v 0.27238959074020386 0.21661826968193054 0.018969755619764328
v 0.2724200487136841 0.21654000878334045 1.5799999530941022e-08
v 0.27255699038505554 0.06402301788330078 -0.01783687062561512
v 0.27304571866989136 0.14669032394886017 -0.04739902913570404
v 0.27304571866989136 0.14669032394886017 0.04739902913570404
v 0.2732226848602295 0.06417632102966309 0.03909711912274361
v 0.27322667837142944 0.06417729705572128 -0.03869151324033737
v 0.2732711434364319 0.17635169625282288 -0.04739902913570404
v 0.2732711434364319 0.17635169625282288 0.04739902913570404
v 0.2734796404838562 0.08924084901809692 0.04739902913570404
v 0.27349168062210083 0.18618518114089966 -0.04739902913570404
v 0.27349168062210083 0.18618518114089966 0.04739902913570404
v 0.2735922634601593 0.08955687284469604 -0.04739902913570404
v 0.27404212951660156 0.2122703343629837 -0.04739902913570404
v 0.27404212951660156 0.2122703343629837 0.04739902913570404
v 0.27411797642707825 0.212065652012825 -0.02845221571624279
v 0.27411797642707825 0.212065652012825 0.028452247381210327
v 0.2741715610027313 0.21192078292369843 -0.00949010718613863
v 0.2741715610027313 0.21192078292369843 0.009490154683589935
v 0.2744392156600952 0.0645095482468605 0.000571332115214318
v 0.2744976580142975 0.06452732533216476 0.010047993622720242
v 0.2746985852718353 0.06458970159292221 -0.04739902913570404
v 0.2746985852718353 0.06458970159292221 0.04739902913570404
v 0.27509668469429016 0.13014543056488037 -0.04739902913570404
v 0.27509668469429016 0.13014543056488037 0.04739902913570404
v 0.2751086354255676 0.11230268329381943 -0.04739902913570404
v 0.2751086354255676 0.11230268329381943 0.04739902913570404
v 0.275250107049942 0.06477104872465134 -0.00947356503456831
v 0.27525824308395386 0.06477382779121399 0.025139229372143745
v 0.2757667899131775 0.20749486982822418 -0.03792816773056984
v 0.2757667899131775 0.20749486982822418 0.03792818263173103
v 0.2757725715637207 0.06495682150125504 -0.024290185421705246
v 0.2758371829986572 0.20729422569274902 -0.018981730565428734
v 0.2758371829986572 0.20729422569274902 0.018981778994202614
v 0.2758694589138031 0.20720209181308746 3.1599999061882045e-08
v 0.27645552158355713 0.13940207660198212 -0.04739902913570404
v 0.27645552158355713 0.13940207660198212 0.04739902913570404
v 0.2769944965839386 0.07962998002767563 -0.04739902913570404
v 0.2771185636520386 0.09811029583215714 -0.04739902913570404
v 0.2771185636520386 0.09811029583215714 0.04739902913570404
v 0.2772625684738159 0.08184599876403809 0.04739902913570404
v 0.2773435115814209 0.20288480818271637 -0.04739902913570404
v 0.2773435115814209 0.20288480818271637 0.04739902913570404
v 0.27737781405448914 0.1537128984928131 -0.04739902913570404
v 0.27737781405448914 0.1537128984928131 0.04739902913570404
v 0.27740588784217834 0.20269708335399628 -0.028463607653975487
v 0.27740588784217834 0.20269708335399628 0.028463654220104218
v 0.2774626910686493 0.20252589881420135 -0.00950499065220356
v 0.2774626910686493 0.20252589881420135 0.009505038149654865
v 0.27798962593078613 0.1679779440164566 -0.04739902913570404
v 0.27798962593078613 0.1679779440164566 0.04739902913570404
v 0.2788114547729492 0.06632748991250992 0.01769889146089554
v 0.2788938283920288 0.06637205928564072 0.03215118870139122
v 0.27889764308929443 0.19807565212249756 -0.03793075680732727
v 0.27889764308929443 0.19807565212249756 0.037930771708488464
v 0.2789604067802429 0.11930850148200989 -0.04739902913570404
v 0.2789604067802429 0.11930850148200989 0.04739902913570404
v 0.27896276116371155 0.19786779582500458 -0.019009871408343315
v 0.27896276116371155 0.19786779582500458 0.01900993287563324
v 0.2790052890777588 0.19773176312446594 3.1599999061882045e-08
v 0.2790886461734772 0.06647919863462448 -0.031656719744205475
v 0.27966418862342834 0.06680982559919357 -0.017199985682964325
v 0.2803235650062561 0.19339235126972198 -0.04739902913570404
v 0.2803235650062561 0.19339235126972198 0.04739902913570404
v 0.28036409616470337 0.19325493276119232 -0.02847898006439209
v 0.28036409616470337 0.19325493276119232 0.028479043394327164
v 0.2804383933544159 0.1930025815963745 -0.009548281319439411
v 0.2804383933544159 0.1930025815963745 0.009548360481858253
v 0.28077980875968933 0.16046588122844696 -0.04739902913570404
v 0.28077980875968933 0.16046588122844696 0.04739902913570404
v 0.28086528182029724 0.06757203489542007 0.004946673288941383
v 0.28123173117637634 0.06782536208629608 0.03993990644812584
v 0.28129610419273376 0.06787094473838806 -0.03974132239818573
v 0.28132522106170654 0.07608573883771896 0.04739902913570404
v 0.2816983461380005 0.18858645856380463 -0.03791571408510208
v 0.2816983461380005 0.18858647346496582 0.03791574761271477
v 0.28175586462020874 0.1883784979581833 -0.01908169500529766
v 0.28175586462020874 0.1883784979581833 0.019081775099039078
v 0.28183290362358093 0.18809884786605835 4.7400000369179907e-08
v 0.2820202708244324 0.08950816094875336 -0.04739902913570404
v 0.2822536528110504 0.08983513712882996 0.04739902913570404
v 0.2823728024959564 0.10845312476158142 -0.04739902913570404
v 0.2823728024959564 0.10845312476158142 0.04739902913570404
v 0.28237903118133545 0.14635634422302246 -0.04739902913570404
v 0.28237903118133545 0.14635634422302246 0.04739902913570404
v 0.28243204951286316 0.06873032450675964 -0.002638561651110649
v 0.2826487421989441 0.06890685111284256 0.011375071480870247
v 0.28280574083328247 0.06903745234012604 -0.04739902913570404
v 0.28280574083328247 0.06903745234012604 0.04739902913570404
v 0.2829766273498535 0.18381252884864807 -0.028472311794757843
v 0.2829766273498535 0.18381252884864807 0.028472375124692917
v 0.2829788327217102 0.1838039755821228 -0.04739902913570404
v 0.2829788327217102 0.1838039755821228 0.04739902913570404
v 0.2831108272075653 0.18329182267189026 -0.009693227708339691
v 0.2831108272075653 0.18329182267189026 0.00969333853572607
v 0.2835325598716736 0.06967299431562424 0.02422322705388069
v 0.2835431396961212 0.06968259811401367 -0.010937483981251717
v 0.2838590145111084 0.13692234456539154 -0.04739902913570404
v 0.2838590145111084 0.13692234456539154 0.04739902913570404
v 0.2838996946811676 0.07001464813947678 -0.023866817355155945
v 0.2841653525829315 0.1790534108877182 -0.03781420364975929
v 0.2841653525829315 0.1790534108877182 0.03781423345208168
v 0.28417685627937317 0.1790056824684143 -0.019287534058094025
v 0.2841768264770508 0.1790056824684143 0.01928764395415783
v 0.2842545807361603 0.12809491157531738 -0.04739902913570404
v 0.2842545807361603 0.12809491157531738 0.04739902913570404
v 0.2842770218849182 0.08171885460615158 0.04739902913570404
v 0.28430184721946716 0.07040604948997498 0.017039509490132332
v 0.28435686230659485 0.1782534420490265 6.319999812376409e-08
v 0.2846974730491638 0.0826285108923912 -0.04739902913570404
v 0.28487706184387207 0.07099969685077667 -0.016778655350208282
v 0.2852227985858917 0.17450428009033203 -0.02825571410357952
v 0.2852227985858917 0.17450429499149323 0.028255794197320938
v 0.2853062152862549 0.17413078248500824 -0.04739902913570404
v 0.2853062152862549 0.17413078248500824 0.04739902913570404
v 0.2854044437408447 0.10018164664506912 -0.04739902913570404
v 0.2854044437408447 0.10018164664506912 0.04739902913570404
v 0.28557702898979187 0.17290209233760834 -0.010241998359560966
v 0.28557702898979187 0.17290209233760834 0.01024212408810854
v 0.2858056128025055 0.07205288112163544 0.03273696079850197
v 0.28592923283576965 0.07220304757356644 -0.032516807317733765
v 0.28595679998397827 0.1711350679397583 -0.019980207085609436
v 0.28595679998397827 0.1711350828409195 0.019980333745479584
v 0.28632405400276184 0.16937348246574402 -0.037443384528160095
v 0.28632402420043945 0.1693734973669052 0.037443432956933975
v 0.28634345531463623 0.11943487823009491 -0.04739902913570404
v 0.28634345531463623 0.11943487823009491 0.04739902913570404
v 0.2863941788673401 0.16903074085712433 7.900000298377563e-08
v 0.2868172228336334 0.0733615905046463 0.01314111240208149
v 0.2872266173362732 0.16479064524173737 -0.007154061924666166
v 0.2872266173362732 0.16479064524173737 0.007154219783842564
v 0.2872426211833954 0.16470573842525482 -0.015579033643007278
v 0.2872426211833954 0.16470575332641602 0.015579191967844963
v 0.28726786375045776 0.16457165777683258 -0.02653663046658039
v 0.28726786375045776 0.16457168757915497 0.026536742225289345
v 0.28730303049087524 0.16438397765159607 -0.04739902913570404
v 0.28730303049087524 0.16438397765159607 0.04739902913570404
v 0.2873556613922119 0.0741434171795845 -0.013208987191319466
v 0.2877693474292755 0.07479338347911835 0.005391576327383518
v 0.28798815608024597 0.1605856567621231 9.480000073835981e-08
v 0.2881108224391937 0.07536762207746506 0.018759239464998245
v 0.2881743013858795 0.1595010757446289 -0.0372556671500206
v 0.2881743013858795 0.1595010757446289 0.03725571557879448
v 0.28830939531326294 0.07571940124034882 0.04085611552000046
v 0.2883346974849701 0.07576528936624527 -0.040784843266010284
v 0.2883646488189697 0.07581985741853714 -0.018679972738027573
v 0.2883966267108917 0.15817230939865112 -0.01961171254515648
v 0.2883966267108917 0.15817232429981232 0.019611869007349014
v 0.288560688495636 0.07618585973978043 -0.006314720027148724
v 0.28859373927116394 0.07624910771846771 -0.04739902913570404
v 0.28859373927116394 0.07624910771846771 0.04739902913570404
v 0.2886360287666321 0.1566973626613617 -0.009949419647455215
v 0.2886360287666321 0.1566973775625229 0.009949593804776669
v 0.28896698355674744 0.15457487106323242 -0.04739902913570404
v 0.28896698355674744 0.15457487106323242 0.04739902913570404
v 0.28897371888160706 0.15453077852725983 -0.027630632743239403
v 0.28897371888160706 0.15453080832958221 0.02763075940310955
v 0.289110004901886 0.07730389386415482 0.02605314552783966
v 0.2892000377178192 0.07750239968299866 -0.02593020722270012
v 0.2894096374511719 0.15156058967113495 1.10599998492944e-07
v 0.2895735800266266 0.1503848284482956 -0.01836257427930832
v 0.2895735800266266 0.15038487315177917 0.018362730741500854
v 0.2896321713924408 0.0785311609506607 0.013146262615919113
v 0.2896948456764221 0.1494920402765274 -0.03712524101138115
v 0.2896948456764221 0.1494920551776886 0.03712530434131622
v 0.2897469103336334 0.07882930338382721 0.033200982958078384
v 0.28977954387664795 0.07891635596752167 -0.03311809524893761
v 0.2898491322994232 0.07910551130771637 -0.01332862302660942
v 0.2900660037994385 0.14661940932273865 -0.008938745595514774
v 0.2900660037994385 0.14661942422389984 0.008938951417803764
v 0.2902599573135376 0.14502139389514923 -0.026891855522990227
v 0.2902599573135376 0.1450214385986328 0.026891982182860374
v 0.29029616713523865 0.144714817404747 -0.04739902913570404
v 0.29029616713523865 0.144714817404747 0.04739902913570404
v 0.29057884216308594 0.14221660792827606 1.10599998492944e-07
v 0.29067668318748474 0.14130400121212006 -0.01715260185301304
v 0.29067668318748474 0.14130404591560364 0.01715279184281826
v 0.29095491766929626 0.13854458928108215 -0.03617522493004799
v 0.2909548878669739 0.13854461908340454 0.03617530316114426
v 0.2910497784614563 0.13753841817378998 -0.008167990483343601
v 0.2910497784614563 0.13753844797611237 0.008168195374310017
v 0.2911813259124756 0.08512678742408752 -0.04739902913570404
v 0.2911813259124756 0.08512678742408752 -0.03791922330856323
v 0.2911813259124756 0.08512678742408752 -0.028439417481422424
v 0.2911813259124756 0.08512678742408752 -0.018959611654281616
v 0.2911813259124756 0.08512678742408752 -0.009479805827140808
v 0.2911813259124756 0.08512678742408752 0.0
v 0.2911813259124756 0.08512678742408752 0.009479805827140808
v 0.2911813259124756 0.08512678742408752 0.018959611654281616
v 0.2911813259124756 0.08512678742408752 0.028439417481422424
v 0.2911813259124756 0.08512678742408752 0.03791922330856323
v 0.2911813259124756 0.08512678742408752 0.04739902913570404
v 0.2912015914916992 0.13584448397159576 -0.02490457147359848
v 0.2912015914916992 0.13584455847740173 0.024904713034629822
v 0.29128897190093994 0.13481523096561432 -0.04739902913570404
v 0.29128897190093994 0.13481523096561432 0.04739902913570404
v 0.29139819741249084 0.1334632933139801 1.10599998492944e-07
v 0.29147469997406006 0.13246627151966095 -0.0156493429094553
v 0.29147469997406006 0.13246633112430573 0.01564953289926052
v 0.29160407185554504 0.13066735863685608 -0.03079415298998356
v 0.29160407185554504 0.13066741824150085 0.030794264748692513
v 0.2916549742221832 0.09129075706005096 -0.01389804296195507
v 0.2916550040245056 0.09129095077514648 0.013898074626922607
v 0.2916707396507263 0.09153003245592117 -0.008046206086874008
v 0.2916707396507263 0.09153039008378983 0.008046253584325314
v 0.29168179631233215 0.09169986099004745 -0.03859135881066322
v 0.29168179631233215 0.09169987589120865 0.03859137371182442
v 0.2917008399963379 0.12920737266540527 -0.03871258720755577
v 0.2917008399963379 0.12920741736888885 0.038712650537490845
v 0.2917061746120453 0.12912391126155853 -0.0072674560360610485
v 0.2917061448097229 0.12912395596504211 0.007267661392688751
v 0.29179537296295166 0.09354285895824432 -0.028810663148760796
v 0.29179537296295166 0.0935429260134697 0.028810694813728333
v 0.29182693362236023 0.12711206078529358 -0.02276339940726757
v 0.29182693362236023 0.12711216509342194 0.022763557732105255
v 0.29187965393066406 0.09505147486925125 -0.04739902913570404
v 0.29187965393066406 0.09505147486925125 0.04739902913570404
v 0.29192209243774414 0.1253342628479004 1.10599998492944e-07
v 0.2919439971446991 0.09630987048149109 -0.02043467015028
v 0.2919439971446991 0.09631006419658661 0.02043471671640873
v 0.291944295167923 0.12488760054111481 -0.04739902913570404
v 0.291944295167923 0.12488760054111481 0.04739902913570404
v 0.2919909656047821 0.12389971315860748 -0.013639749959111214
v 0.2919909358024597 0.12389983981847763 0.013639955781400204
v 0.2920011281967163 0.12367475777864456 -0.039093438535928726
v 0.2920011281967163 0.12367480248212814 0.039093486964702606
v 0.2920109033584595 0.09774994850158691 -0.004283244721591473
v 0.29201099276542664 0.09775110334157944 0.004283339716494083
v 0.29201915860176086 0.09793863445520401 -0.04271230846643448
v 0.29201915860176086 0.0979386493563652 0.04271230846643448
v 0.29203787446022034 0.09837746620178223 -0.012569922022521496
v 0.29203787446022034 0.09837791323661804 0.012570001184940338
v 0.29204580187797546 0.12263499200344086 -0.03141462430357933
v 0.29204580187797546 0.12263508886098862 0.03141471743583679
v 0.292069673538208 0.12204111367464066 -0.006147812120616436
v 0.292069673538208 0.12204118072986603 0.006148017477244139
v 0.2921018600463867 0.10001630336046219 -0.03745980188250542
v 0.2921018600463867 0.10001637041568756 0.037459831684827805
v 0.2921948730945587 0.10300616919994354 -0.028979133814573288
v 0.2921949028968811 0.10300631076097488 0.028979197144508362
v 0.29220086336135864 0.11796404421329498 -0.03884751722216606
v 0.29220086336135864 0.11796408891677856 0.03884756565093994
v 0.2922205626964569 0.11713604629039764 -0.02017795667052269
v 0.2922205626964569 0.11713621765375137 0.020178114995360374
v 0.29223862290382385 0.11627142131328583 1.10599998492944e-07
v 0.29223981499671936 0.10499420017004013 -0.04739902913570404
v 0.29223981499671936 0.10499420017004013 0.04739902913570404
v 0.2922510802745819 0.11558685451745987 -0.009831980802118778
v 0.2922510802745819 0.1155870258808136 0.009832169860601425
v 0.29226136207580566 0.11494341492652893 -0.04739902913570404
v 0.29226136207580566 0.11494341492652893 0.04739902913570404
v 0.29226556420326233 0.10655299574136734 -0.019390501081943512
v 0.29226556420326233 0.10655326396226883 0.01939062587916851
v 0.29226964712142944 0.10686047375202179 -0.009366759099066257
v 0.29226967692375183 0.10686083137989044 0.009366917423903942
v 0.29227006435394287 0.10689295828342438 7.900000298377563e-08
v 0.2922860383987427 0.11270232498645782 -0.029512722045183182
v 0.2922860383987427 0.11270246654748917 0.029512815177440643
v 0.2922888696193695 0.10893665999174118 -0.03826621547341347
v 0.2922888696193695 0.10893671959638596 0.03826626390218735
v 0.2922925055027008 0.11140315979719162 0.004799815360456705
v 0.29229211807250977 0.1115342229604721 -0.01469180267304182
v 0.29229211807250977 0.1115344762802124 0.014691960997879505
v 0.2922925055027008 0.11140301823616028 -0.004799641668796539
f 2560 2581 2536
f 2536 2488 2560
f 2560 2488 2497
f 1921 1950 1999
f 2609 2560 2610
f 2560 2569 2610
f 1944 1950 1893
f 1950 1892 1893
f 1884 1946 1883
f 1946 1943 1883
f 2563 2601 2600
f 2568 2563 2600
f 2063 1999 1950
f 2581 2560 2609
f 2063 1950 2033
f 1950 1921 1892
f 1946 1918 1984
f 1918 1946 1884
f 2560 2497 2569
f 1984 2057 1946
f 2033 1950 1944
f 2563 2582 2601
f 2099 2063 2177
f 2063 2146 2177
f 1946 2032 1943
f 2488 2448 2377
f 2392 2488 2377
f 2496 2563 2568
f 2057 2084 2172
f 2145 2057 2172
f 2451 2489 2378
f 2489 2391 2378
f 1946 2057 2032
f 2146 2063 2033
f 2582 2563 2537
f 2488 2392 2497
f 2489 2537 2563
f 2057 2145 2032
f 2489 2563 2496
f 2391 2489 2496
f 2582 2537 2571
f 2602 2582 2571
f 2536 2581 2570
f 2581 2608 2570
f 1984 1918 1934
f 1918 1885 1934
f 1921 1999 1942
f 1891 1921 1942
f 2582 2602 2601
f 2608 2581 2609
f 1885 1918 1884
f 1921 1891 1892
f 2370 2459 2413
f 2370 2273 2276
f 2273 2370 2413
f 2081 2185 2135
f 2273 2185 2276
f 2185 2273 2135
f 2346 2447 2390
f 2287 2346 2390
f 2284 2346 2231
f 2117 2231 2169
f 2346 2287 2231
f 2564 2603 2571
f 2559 2504 2570
f 2506 2564 2571
f 2571 2603 2602
f 2607 2559 2570
f 2536 2570 2504
f 2607 2570 2608
f 2571 2537 2506
f 2451 2506 2537
f 1886 1934 1885
f 1886 1949 1934
f 2504 2448 2536
f 1942 1890 1891
f 2273 2413 2363
f 2506 2413 2459
f 2044 1990 1942
f 2046 1990 2044
f 2135 2273 2190
f 2135 2018 2081
f 2564 2519 2551
f 2585 2564 2551
f 2406 2284 2362
f 2406 2504 2447
f 2564 2585 2603
f 2519 2564 2506
f 2284 2163 2198
f 2044 2163 2117
f 2513 2559 2544
f 2559 2572 2544
f 2572 2559 2607
f 1949 2018 1934
f 2559 2513 2504
f 2008 1949 1963
f 1949 1917 1963
f 1942 1999 2044
f 1917 1949 1886
f 1949 2008 2018
f 2505 2551 2519
f 1984 1934 2018
f 2505 2519 2459
f 1990 2058 1962
f 2585 2551 2567
f 2099 2044 1999
f 2492 2389 2483
f 2483 2558 2492
f 1999 2063 2099
f 2164 2045 2072
f 2488 2536 2448
f 1962 2072 2045
f 2057 1984 2084
f 2370 2276 2405
f 2537 2489 2451
f 2459 2370 2405
f 2280 2405 2276
f 2276 2185 2144
f 2185 2081 2144
f 2144 2280 2276
f 2377 2448 2362
f 2451 2363 2413
f 2506 2451 2413
f 2287 2390 2283
f 2190 2084 2135
f 2084 2018 2135
f 2377 2269 2392
f 2169 2287 2283
f 2495 2544 2558
f 2585 2567 2604
f 2605 2558 2606
f 2269 2279 2177
f 2558 2483 2495
f 1962 1888 1889
f 2099 2177 2198
f 2405 2492 2505
f 2269 2177 2146
f 2492 2405 2389
f 2405 2280 2389
f 2045 2144 2023
f 2144 2045 2164
f 2280 2144 2164
f 2567 2505 2492
f 2451 2378 2363
f 2505 2567 2551
f 2544 2495 2513
f 2023 1945 2045
f 1945 2023 1963
f 2513 2495 2447
f 2492 2558 2567
f 2558 2605 2567
f 1962 2045 1945
f 1888 1962 1945
f 2406 2362 2448
f 2504 2406 2448
f 2198 2163 2099
f 2268 2378 2391
f 2163 2044 2099
f 2544 2572 2558
f 2172 2084 2190
f 2172 2268 2145
f 2459 2519 2506
f 2558 2572 2606
f 2513 2447 2504
f 1963 2023 2008
f 2008 2081 2018
f 2008 2023 2081
f 2117 2046 2044
f 1963 1917 1945
f 2585 2604 2603
f 1945 1917 1887
f 2606 2572 2607
f 2058 1990 2046
f 2272 2273 2363
f 2273 2272 2190
f 1887 1917 1886
f 2058 2046 2117
f 2284 2279 2362
f 2279 2284 2198
f 1922 1889 1890
f 2483 2389 2390
f 2363 2378 2272
f 2378 2268 2272
f 2389 2283 2390
f 2164 2072 2169
f 2018 2084 1984
f 2362 2279 2377
f 2283 2164 2169
f 2279 2269 2377
f 2172 2190 2272
f 2268 2172 2272
f 2279 2198 2177
f 2283 2389 2280
f 2023 2144 2081
f 1922 1990 1962
f 2405 2505 2459
f 2164 2283 2280
f 2447 2346 2406
f 1922 1962 1889
f 2346 2284 2406
f 2231 2117 2163
f 2604 2567 2605
f 1990 1922 1942
f 2495 2390 2447
f 2390 2495 2483
f 2284 2231 2163
f 1942 1922 1890
f 1945 1887 1888
f 2058 2169 2072
f 2169 2058 2117
f 2072 1962 2058
f 2231 2287 2169
f 3700 3771 3792
f 3792 3720 3700
f 3700 3720 3637
f 3770 3699 3791
f 3735 3700 3639
f 3700 3638 3639
f 3630 3699 3629
f 3699 3734 3629
f 1854 1860 1883
f 1860 1884 1883
f 1861 1855 1893
f 1892 1861 1893
f 3719 3791 3699
f 3771 3700 3735
f 3719 3699 3631
f 3699 3770 3734
f 1860 1850 1856
f 1850 1860 1854
f 3700 3637 3638
f 1856 1858 1860
f 3631 3699 3630
f 1861 1851 1855
f 3817 3719 3753
f 3719 3632 3753
f 1860 1885 1884
f 3720 3818 3754
f 3636 3720 3754
f 1891 1861 1892
f 1858 1866 1846
f 1886 1858 1846
f 1867 1859 1847
f 1859 1890 1847
f 1860 1858 1885
f 3632 3719 3631
f 1851 1861 1857
f 3720 3636 3637
f 1859 1857 1861
f 1858 1886 1885
f 1859 1861 1891
f 1890 1859 1891
f 3841 3771 3735
f 1851 1873 1855
f 3770 3840 3734
f 1872 1850 1854
f 4070 4036 4008
f 3771 3841 3792
f 4035 4070 4008
f 1873 1851 1857
f 4036 4069 4007
f 3840 3770 3791
f 4069 4034 4007
f 1850 1872 1856
f 1914 1903 1933
f 1933 1903 1912
f 1902 1913 1932
f 1902 1932 1911
f 1849 1880 1848
f 1888 1849 1848
f 3858 3761 3762
f 3761 3634 3762
f 2027 2012 2060
f 2039 2060 2012
f 2027 2060 2078
f 2011 2026 2059
f 2059 2038 2011
f 2059 2026 2077
f 3974 3918 3882
f 3952 3974 3882
f 1989 1969 1952
f 1975 1989 1952
f 1968 1988 1951
f 1988 1975 1951
f 4044 4084 4114
f 4035 4044 4114
f 4083 4043 4113
f 4043 4034 4113
f 4430 4398 4317
f 4381 4430 4317
f 4397 4429 4316
f 4429 4380 4316
f 4636 4572 4729
f 4572 4613 4729
f 4765 4729 4801
f 4729 4749 4801
f 1941 1952 1928
f 1952 1938 1928
f 1951 1941 1927
f 1937 1951 1927
f 1981 1998 1961
f 4843 4801 4883
f 1997 1980 1960
f 4801 4836 4883
f 4347 4284 4340
f 4283 4347 4339
f 4284 4347 4228
f 4347 4283 4228
f 4473 4411 4477
f 4410 4473 4476
f 4411 4473 4347
f 4473 4410 4347
f 4649 4735 4775
f 4775 4735 4807
f 4547 4599 4473
f 4599 4546 4473
f 4736 4649 4775
f 4734 4648 4774
f 4649 4736 4599
f 4736 4648 4599
f 3791 3719 3817
f 4734 4774 4806
f 3720 3792 3818
f 4648 4736 4774
f 1858 1856 1866
f 4775 4816 4736
f 1857 1859 1867
f 4816 4774 4736
f 4775 4807 4847
f 4847 4807 4887
f 4923 4883 4949
f 4847 4890 4816
f 4890 4846 4816
f 4883 4909 4949
f 4816 4775 4847
f 4806 4774 4846
f 4999 4949 5017
f 4929 4956 4890
f 4956 4928 4890
f 4949 4990 5017
f 4806 4846 4886
f 3947 3962 4035
f 4774 4816 4846
f 5001 5026 4956
f 5026 5000 4956
f 3961 3946 4034
f 4847 4887 4929
f 4929 4887 4955
f 5049 5093 5026
f 1912 1909 1938
f 5093 5048 5026
f 4890 4847 4929
f 4886 4846 4928
f 1908 1911 1937
f 5111 5130 5093
f 5130 5110 5093
f 4886 4928 4954
f 3973 3917 4013
f 4059 3974 3952
f 4846 4890 4928
f 3917 3973 3881
f 1914 1940 1907
f 5157 5185 5130
f 4013 3917 3961
f 3973 4058 3951
f 5185 5156 5130
f 3973 3951 3881
f 1939 1913 1906
f 3818 3882 3918
f 3882 3818 3792
f 1895 1867 1903
f 1867 1895 1857
f 3881 3817 3917
f 3817 3881 3791
f 1866 1894 1902
f 1894 1866 1856
f 4929 4955 5001
f 5001 4955 5023
f 5201 5212 5185
f 5212 5200 5185
f 4956 4929 5001
f 4954 4928 5000
f 5229 5244 5212
f 5244 5228 5212
f 4954 5000 5022
f 4928 4956 5000
f 5263 5274 5244
f 5274 5262 5244
f 5001 5023 5049
f 5049 5023 5090
f 5287 5298 5274
f 5298 5286 5274
f 5026 5001 5049
f 5022 5000 5048
f 5309 5299 5298
f 5299 5308 5298
f 5022 5048 5089
f 5000 5026 5048
f 5289 5277 5299
f 5277 5288 5299
f 5049 5090 5111
f 5111 5090 5127
f 5265 5253 5277
f 5253 5264 5277
f 5093 5049 5111
f 5089 5048 5110
f 5233 5221 5253
f 5221 5232 5253
f 5089 5110 5126
f 5048 5093 5110
f 5203 5191 5221
f 5191 5202 5221
f 5111 5127 5157
f 5157 5127 5182
f 5173 5143 5191
f 5143 5172 5191
f 5130 5111 5157
f 5126 5110 5156
f 5119 5101 5143
f 5101 5118 5143
f 5126 5156 5181
f 5110 5130 5156
f 5076 5041 5101
f 5041 5075 5101
f 5157 5182 5201
f 5201 5182 5209
f 5013 4991 5041
f 4991 5012 5041
f 5185 5157 5201
f 5181 5156 5200
f 4945 4907 4991
f 4907 4944 4991
f 5181 5200 5208
f 5156 5185 5200
f 4879 4837 4907
f 4837 4878 4907
f 5201 5209 5229
f 5229 5209 5241
f 4795 4747 4837
f 4747 4794 4837
f 5212 5201 5229
f 5208 5200 5228
f 4710 4614 4747
f 4614 4709 4747
f 5208 5228 5240
f 5200 5212 5228
f 4554 4496 4614
f 4496 4553 4614
f 5229 5241 5263
f 5263 5241 5271
f 4436 4382 4496
f 4382 4435 4496
f 5244 5229 5263
f 5240 5228 5262
f 4321 4274 4382
f 4274 4320 4382
f 5240 5262 5270
f 5228 5244 5262
f 4223 4168 4274
f 4168 4222 4274
f 5263 5271 5287
f 5287 5271 5295
f 4116 4060 4168
f 4060 4115 4168
f 5274 5263 5287
f 5270 5262 5286
f 4002 3953 4060
f 3953 4001 4060
f 5270 5286 5294
f 5262 5274 5286
f 3894 3842 3953
f 3842 3893 3953
f 5287 5295 5309
f 5309 5295 5303
f 3796 3736 3842
f 3736 3795 3842
f 5298 5287 5309
f 5294 5286 5308
f 3684 3640 3736
f 3640 3683 3736
f 5294 5308 5302
f 5286 5298 5308
f 3588 3532 3640
f 3532 3587 3640
f 5309 5303 5289
f 5289 5303 5281
f 3464 3422 3532
f 3422 3463 3532
f 5299 5309 5289
f 5302 5308 5288
f 3362 3310 3422
f 3310 3361 3422
f 5302 5288 5280
f 5308 5299 5288
f 3254 3197 3310
f 3197 3253 3310
f 5289 5281 5265
f 5265 5281 5257
f 3146 3095 3197
f 3095 3145 3197
f 5277 5289 5265
f 5280 5288 5264
f 3040 2993 3095
f 2993 3039 3095
f 5280 5264 5256
f 5288 5277 5264
f 2937 2884 2993
f 2884 2936 2993
f 5265 5257 5233
f 5233 5257 5223
f 2847 2790 2884
f 2790 2846 2884
f 5253 5265 5233
f 5256 5264 5232
f 2736 2675 2790
f 2675 2735 2790
f 5256 5232 5222
f 5264 5253 5232
f 2595 2518 2675
f 2518 2594 2675
f 5233 5223 5203
f 5203 5223 5195
f 2474 2424 2518
f 2424 2473 2518
f 5221 5233 5203
f 5222 5232 5202
f 2374 2325 2424
f 2325 2373 2424
f 5222 5202 5194
f 5232 5221 5202
f 2293 2241 2325
f 2241 2292 2325
f 5203 5195 5173
f 5173 5195 5147
f 2206 2178 2241
f 2178 2205 2241
f 5047 5017 5078
f 5017 5040 5078
f 2089 2066 2122
f 2066 2088 2122
f 3817 3753 3853
f 3774 3853 3753
f 3754 3818 3854
f 3854 3775 3754
f 1846 1866 1877
f 1877 1853 1846
f 1867 1847 1876
f 1852 1876 1847
f 3918 3974 4014
f 3854 3918 3962
f 3918 4014 3962
f 3917 3853 3961
f 1903 1914 1895
f 1877 1902 1911
f 1914 1907 1895
f 1903 1876 1912
f 5109 5078 5123
f 4034 4043 3961
f 5078 5103 5123
f 5153 5123 5175
f 1913 1902 1894
f 5123 5145 5175
f 5197 5175 5205
f 4013 4043 4083
f 5175 5193 5205
f 5225 5205 5237
f 1906 1913 1894
f 5205 5220 5237
f 3696 3775 3762
f 3860 3762 3775
f 1862 1852 1865
f 3775 3854 3860
f 3774 3695 3761
f 3761 3859 3774
f 1862 1865 1889
f 3853 3774 3859
f 1852 1862 1848
f 1848 1879 1852
f 1853 1863 1864
f 1876 1852 1879
f 1863 1853 1849
f 1878 1849 1853
f 1864 1863 1887
f 1853 1877 1878
f 2012 1989 2039
f 1989 2015 2039
f 1988 2011 2038
f 2015 1988 2038
f 5259 5237 5267
f 5237 5255 5267
f 5283 5267 5291
f 5267 5279 5291
f 4271 4269 4198
f 4216 4198 4269
f 4268 4270 4197
f 4197 4215 4268
f 5284 5272 5296
f 5284 5292 5268
f 5260 5268 5238
f 5260 5242 5272
f 2078 2060 2101
f 2089 2101 2060
f 2059 2077 2100
f 2100 2088 2059
f 4398 4409 4336
f 4340 4336 4409
f 4508 4568 4472
f 4477 4472 4568
f 4636 4735 4568
f 5191 5203 5173
f 4636 4568 4508
f 4734 4635 4567
f 5194 5202 5172
f 4567 4635 4507
f 4765 4807 4735
f 5194 5172 5146
f 4765 4735 4636
f 4843 4887 4807
f 5202 5191 5172
f 4843 4807 4765
f 4923 4955 4887
f 5173 5147 5119
f 4923 4887 4843
f 4999 5023 4955
f 5119 5147 5105
f 4999 4955 4923
f 5047 5090 5023
f 5143 5173 5119
f 5047 5023 4999
f 5109 5127 5090
f 5146 5172 5118
f 5109 5090 5047
f 5153 5182 5127
f 5146 5118 5104
f 5153 5127 5109
f 5197 5209 5182
f 5172 5143 5118
f 5197 5182 5153
f 5225 5241 5209
f 5119 5105 5076
f 5225 5209 5197
f 5259 5271 5241
f 5076 5105 5043
f 5259 5241 5225
f 5283 5295 5271
f 5101 5119 5076
f 5283 5271 5259
f 5305 5303 5295
f 5104 5118 5075
f 5305 5295 5283
f 5293 5281 5303
f 5104 5075 5042
f 5293 5303 5305
f 5269 5257 5281
f 5118 5101 5075
f 5269 5281 5293
f 5239 5223 5257
f 5076 5043 5013
f 5239 5257 5269
f 5207 5195 5223
f 5013 5043 4993
f 5207 5223 5239
f 5179 5147 5195
f 5041 5076 5013
f 5179 5195 5207
f 5125 5105 5147
f 5042 5075 5012
f 5125 5147 5179
f 5080 5043 5105
f 5042 5012 4992
f 5080 5105 5125
f 5015 4993 5043
f 5075 5041 5012
f 5015 5043 5080
f 4947 4913 4993
f 5013 4993 4945
f 4947 4993 5015
f 4881 4839 4913
f 4945 4993 4913
f 4881 4913 4947
f 4797 4755 4839
f 4991 5013 4945
f 4797 4839 4881
f 4712 4620 4755
f 4992 5012 4944
f 4712 4755 4797
f 4560 4498 4620
f 4992 4944 4912
f 4560 4620 4712
f 4440 4386 4498
f 5012 4991 4944
f 4440 4498 4560
f 4330 4278 4386
f 4945 4913 4879
f 4330 4386 4440
f 4225 4170 4278
f 4879 4913 4839
f 4225 4278 4330
f 4119 4062 4170
f 4907 4945 4879
f 4119 4170 4225
f 4006 3956 4062
f 4912 4944 4878
f 4006 4062 4119
f 3896 3844 3956
f 4912 4878 4838
f 4408 4397 4335
f 4335 4339 4408
f 4567 4507 4471
f 4471 4476 4567
f 3896 3956 4006
f 3798 3740 3844
f 4944 4907 4878
f 3798 3844 3896
f 3686 3644 3740
f 4879 4839 4795
f 3686 3740 3798
f 3590 3534 3644
f 4795 4839 4755
f 3590 3644 3686
f 3470 3424 3534
f 4837 4879 4795
f 3470 3534 3590
f 3366 3312 3424
f 4838 4878 4794
f 3366 3424 3470
f 3256 3199 3312
f 4838 4794 4754
f 3256 3312 3366
f 4806 4764 4734
f 4878 4837 4794
f 4734 4764 4635
f 4886 4842 4806
f 4795 4755 4710
f 4806 4842 4764
f 4954 4922 4886
f 4710 4755 4620
f 4886 4922 4842
f 5022 4998 4954
f 4747 4795 4710
f 4954 4998 4922
f 5089 5046 5022
f 4754 4794 4709
f 5022 5046 4998
f 5126 5108 5089
f 4754 4709 4619
f 5089 5108 5046
f 5181 5152 5126
f 4794 4747 4709
f 5126 5152 5108
f 5208 5196 5181
f 4710 4620 4554
f 5181 5196 5152
f 5240 5224 5208
f 4554 4620 4498
f 5208 5224 5196
f 5270 5258 5240
f 4614 4710 4554
f 5240 5258 5224
f 5294 5282 5270
f 4619 4709 4553
f 5270 5282 5258
f 5302 5304 5294
f 4619 4553 4497
f 5294 5304 5282
f 5280 5292 5302
f 4709 4614 4553
f 5302 5292 5304
f 5256 5268 5280
f 4554 4498 4436
f 5280 5268 5292
f 5222 5238 5256
f 4436 4498 4386
f 5256 5238 5268
f 5194 5206 5222
f 4496 4554 4436
f 5222 5206 5238
f 5146 5178 5194
f 4497 4553 4435
f 5194 5178 5206
f 5104 5124 5146
f 4497 4435 4385
f 5146 5124 5178
f 5042 5079 5104
f 4553 4496 4435
f 5104 5079 5124
f 4992 5014 5042
f 4436 4386 4321
f 5042 5014 5079
f 4912 4946 4992
f 4321 4386 4278
f 4992 4946 5014
f 4838 4880 4912
f 4382 4436 4321
f 4912 4880 4946
f 4754 4796 4838
f 4385 4435 4320
f 4838 4796 4880
f 4619 4711 4754
f 4385 4320 4277
f 4754 4711 4796
f 4497 4559 4619
f 4435 4382 4320
f 4619 4559 4711
f 4385 4439 4497
f 4321 4278 4223
f 4497 4439 4559
f 4277 4329 4385
f 3818 3918 3854
f 3917 3817 3853
f 1866 1902 1877
f 1903 1867 1876
f 4271 4198 4165
f 4269 4271 4336
f 5305 5291 5307
f 4197 4270 4164
f 4270 4268 4335
f 5291 5301 5307
f 4070 4035 4130
f 4114 4130 4035
f 4126 4070 4130
f 4034 4069 4129
f 4129 4113 4034
f 4069 4126 4129
f 2078 2101 2139
f 5306 5296 5300
f 5293 5307 5285
f 2100 2077 2138
f 5306 5304 5292
f 5307 5297 5285
f 4114 4165 4198
f 4165 4114 4084
f 5269 5285 5261
f 4164 4113 4197
f 4113 4164 4083
f 5285 5273 5261
f 4398 4336 4271
f 4409 4398 4472
f 5239 5261 5227
f 4508 4472 4398
f 4223 4278 4170
f 5261 5243 5227
f 4385 4329 4439
f 4169 4224 4277
f 5207 5227 5199
f 4274 4321 4223
f 4277 4224 4329
f 5227 5211 5199
f 4061 4118 4169
f 4277 4320 4222
f 5179 5199 5155
f 4169 4118 4224
f 3955 4005 4061
f 5199 5184 5155
f 4277 4222 4169
f 4061 4005 4118
f 5125 5155 5107
f 3843 3895 3955
f 4320 4274 4222
f 5155 5129 5107
f 3955 3895 4005
f 3739 3797 3843
f 5080 5107 5045
f 4223 4170 4116
f 3843 3797 3895
f 5107 5088 5045
f 3643 3685 3739
f 4116 4170 4062
f 5015 5045 4997
f 3739 3685 3797
f 3533 3589 3643
f 5045 5021 4997
f 4168 4223 4116
f 3643 3589 3685
f 4947 4997 4919
f 3423 3469 3533
f 4169 4222 4115
f 4997 4953 4919
f 3533 3469 3589
f 3311 3365 3423
f 4881 4919 4841
f 4169 4115 4061
f 3423 3365 3469
f 4919 4885 4841
f 3198 3255 3311
f 4222 4168 4115
f 4797 4841 4761
f 3311 3255 3365
f 3148 3097 3199
f 4841 4803 4761
f 4116 4062 4002
f 3148 3199 3256
f 4712 4761 4626
f 3096 3147 3198
f 4002 4062 3956
f 4761 4727 4626
f 3198 3147 3255
f 3042 2995 3097
f 4560 4626 4502
f 4060 4116 4002
f 3042 3097 3148
f 4626 4564 4502
f 2994 3041 3096
f 4061 4115 4001
f 4440 4502 4392
f 3096 3041 3147
f 2941 2886 2995
f 4502 4442 4392
f 4061 4001 3955
f 2941 2995 3042
f 4330 4392 4282
f 2885 2940 2994
f 4115 4060 4001
f 4392 4334 4282
f 2994 2940 3041
f 2849 2792 2886
f 4225 4282 4174
f 4002 3956 3894
f 2849 2886 2941
f 4282 4227 4174
f 2791 2848 2885
f 3894 3956 3844
f 4119 4174 4066
f 2885 2848 2940
f 2740 2677 2792
f 4174 4121 4066
f 3953 4002 3894
f 2740 2792 2849
f 4006 4066 3958
f 2676 2739 2791
f 3955 4001 3893
f 4066 4010 3958
f 2791 2739 2848
f 2612 2521 2677
f 3896 3958 3846
f 3955 3893 3843
f 2612 2677 2740
f 3958 3906 3846
f 2520 2611 2676
f 4001 3953 3893
f 3798 3846 3742
f 2676 2611 2739
f 2480 2426 2521
f 3846 3802 3742
f 3894 3844 3796
f 2480 2521 2612
f 3686 3742 3646
f 2425 2479 2520
f 3796 3844 3740
f 3742 3688 3646
f 2520 2479 2611
f 2376 2329 2426
f 3590 3646 3538
f 3842 3894 3796
f 2376 2426 2480
f 3646 3592 3538
f 2328 2375 2425
f 3843 3893 3795
f 3470 3538 3426
f 2425 2375 2479
f 2301 2247 2329
f 3538 3472 3426
f 3843 3795 3739
f 2301 2329 2376
f 3366 3426 3316
f 2246 2300 2328
f 3893 3842 3795
f 3426 3372 3316
f 2328 2300 2375
f 2219 2192 2247
f 3256 3316 3202
f 3796 3740 3684
f 2219 2247 2301
f 3316 3262 3202
f 2191 2218 2246
f 3684 3740 3644
f 3148 3202 3099
f 2246 2218 2300
f 2139 2141 2192
f 3202 3152 3099
f 3736 3796 3684
f 2139 2192 2219
f 3042 3099 2999
f 2140 2138 2191
f 3739 3795 3683
f 3099 3044 2999
f 2191 2138 2218
f 2141 2139 2101
f 4571 4635 4728
f 4335 4397 4270
f 4397 4408 4471
f 4612 4571 4728
f 4471 4507 4397
f 3739 3683 3643
f 4728 4764 4800
f 3795 3736 3683
f 3684 3644 3588
f 4748 4728 4800
f 3588 3644 3534
f 3640 3684 3588
f 4800 4842 4882
f 3643 3683 3587
f 3643 3587 3533
f 4835 4800 4882
f 3683 3640 3587
f 5204 5219 5192
f 4882 4922 4948
f 5204 5196 5224
f 5044 5079 5014
f 4908 4882 4948
f 5044 5020 5087
f 5174 5192 5144
f 4948 4998 5016
f 5174 5152 5196
f 4996 5014 4946
f 4989 4948 5016
f 4996 4952 5020
f 5122 5144 5102
f 5016 5046 5077
f 5122 5108 5152
f 4918 4946 4880
f 5039 5016 5077
f 4918 4884 4952
f 5077 5102 5039
f 5077 5108 5122
f 5077 5046 5108
f 4840 4880 4796
f 5102 5077 5122
f 4840 4802 4884
f 5016 5039 4989
f 5122 5152 5174
f 5016 4998 5046
f 4760 4796 4711
f 5144 5122 5174
f 4760 4726 4802
f 4948 4989 4908
f 5174 5196 5204
f 4948 4922 4998
f 4625 4711 4559
f 5192 5174 5204
f 4625 4563 4726
f 4882 4908 4835
f 5204 5224 5236
f 4882 4842 4922
f 4501 4559 4439
f 5219 5204 5236
f 4501 4441 4563
f 4800 4835 4748
f 5236 5258 5266
f 4800 4764 4842
f 4391 4439 4329
f 5254 5236 5266
f 4391 4333 4441
f 4728 4748 4612
f 5266 5282 5290
f 4728 4635 4764
f 4281 4329 4224
f 5278 5266 5290
f 4281 4226 4333
f 4571 4612 4494
f 5290 5304 5306
f 4571 4507 4635
f 4173 4224 4118
f 5300 5290 5306
f 4173 4120 4226
f 3044 3099 3152
f 5306 5292 5284
f 3148 3099 3042
f 4065 4118 4005
f 5296 5306 5284
f 4065 4009 4120
f 3152 3202 3262
f 5284 5268 5260
f 3256 3202 3148
f 3957 4005 3895
f 5272 5284 5260
f 3957 3905 4009
f 3262 3316 3372
f 5260 5238 5226
f 3366 3316 3256
f 3845 3895 3797
f 5242 5260 5226
f 3845 3801 3905
f 3372 3426 3472
f 5226 5206 5198
f 3470 3426 3366
f 3741 3797 3685
f 5210 5226 5198
f 3741 3687 3801
f 3472 3538 3592
f 5198 5178 5154
f 3590 3538 3470
f 3645 3685 3589
f 5183 5198 5154
f 3645 3591 3687
f 3592 3646 3688
f 5154 5124 5106
f 3686 3646 3590
f 3537 3589 3469
f 5128 5154 5106
f 3537 3471 3591
f 3688 3742 3802
f 5106 5079 5044
f 3798 3742 3686
f 3425 3469 3365
f 5087 5106 5044
f 3425 3371 3471
f 3802 3846 3906
f 5044 5014 4996
f 3896 3846 3798
f 3315 3365 3255
f 5020 5044 4996
f 3315 3261 3371
f 3906 3958 4010
f 4996 4946 4918
f 4006 3958 3896
f 3201 3255 3147
f 4952 4996 4918
f 3201 3151 3261
f 4010 4066 4121
f 4918 4880 4840
f 4119 4066 4006
f 3098 3147 3041
f 4884 4918 4840
f 3098 3043 3151
f 4121 4174 4227
f 4840 4796 4760
f 4225 4174 4119
f 3042 2999 2941
f 4802 4840 4760
f 2946 2999 3044
f 4227 4282 4334
f 4760 4711 4625
f 4330 4282 4225
f 2998 3041 2940
f 4726 4760 4625
f 2998 2945 3043
f 4334 4392 4442
f 4625 4559 4501
f 4440 4392 4330
f 2138 2140 2100
f 4563 4625 4501
f 4269 4284 4216
f 4284 4228 4216
f 4283 4268 4215
f 4228 4283 4215
f 4501 4439 4391
f 5226 5238 5206
f 4441 4501 4391
f 4391 4329 4281
f 5226 5210 5242
f 4333 4391 4281
f 4281 4224 4173
f 4226 4281 4173
f 4409 4411 4340
f 4411 4347 4340
f 4410 4408 4339
f 4347 4410 4339
f 4568 4547 4477
f 4547 4473 4477
f 4546 4567 4476
f 4473 4546 4476
f 3588 3534 3464
f 3464 3534 3424
f 3532 3588 3464
f 3533 3587 3463
f 3533 3463 3423
f 3587 3532 3463
f 3464 3424 3362
f 3362 3424 3312
f 3422 3464 3362
f 3423 3463 3361
f 3423 3361 3311
f 3463 3422 3361
f 3362 3312 3254
f 3254 3312 3199
f 3310 3362 3254
f 3311 3361 3253
f 3311 3253 3198
f 3361 3310 3253
f 3254 3199 3146
f 3146 3199 3097
f 3197 3254 3146
f 3198 3253 3145
f 3198 3145 3096
f 3253 3197 3145
f 3146 3097 3040
f 3040 3097 2995
f 3095 3146 3040
f 3096 3145 3039
f 3096 3039 2994
f 3145 3095 3039
f 3040 2995 2937
f 2937 2995 2886
f 2993 3040 2937
f 2994 3039 2936
f 2994 2936 2885
f 3039 2993 2936
f 2937 2886 2847
f 2847 2886 2792
f 2884 2937 2847
f 2885 2936 2846
f 2885 2846 2791
f 2936 2884 2846
f 2847 2792 2736
f 2736 2792 2677
f 2790 2847 2736
f 2791 2846 2735
f 2791 2735 2676
f 2846 2790 2735
f 2736 2677 2595
f 2595 2677 2521
f 2675 2736 2595
f 2676 2735 2594
f 2676 2594 2520
f 2735 2675 2594
f 2595 2521 2474
f 2474 2521 2426
f 2518 2595 2474
f 2520 2594 2473
f 2520 2473 2425
f 2594 2518 2473
f 4547 4568 4649
f 4649 4568 4735
f 4599 4547 4649
f 4567 4546 4648
f 4567 4648 4734
f 4546 4599 4648
f 2474 2426 2374
f 2374 2426 2329
f 2424 2474 2374
f 2425 2473 2373
f 2425 2373 2328
f 2473 2424 2373
f 2374 2329 2293
f 2293 2329 2247
f 2325 2374 2293
f 2328 2373 2292
f 2328 2292 2246
f 2373 2325 2292
f 2293 2247 2206
f 2206 2247 2192
f 2241 2293 2206
f 2246 2292 2205
f 2246 2205 2191
f 2292 2241 2205
f 2206 2192 2141
f 2141 2143 2206
f 2143 2178 2206
f 2191 2205 2140
f 2142 2140 2205
f 2178 2142 2205
f 4165 4110 4221
f 4110 4167 4221
f 4109 4164 4220
f 4166 4109 4220
f 1935 1940 1914
f 1935 1933 1954
f 1933 1935 1914
f 1940 1935 1954
f 1939 1936 1913
f 1932 1936 1953
f 1936 1932 1913
f 1936 1939 1953
f 2026 2011 1980
f 2012 2027 1981
f 1968 1980 2011
f 1981 1969 2012
f 4109 4083 4164
f 2049 2021 2079
f 4084 4110 4165
f 2049 2077 2026
f 4503 4494 4429
f 4503 4507 4571
f 4507 4503 4429
f 4494 4503 4571
f 4495 4504 4430
f 4508 4504 4572
f 4504 4508 4430
f 4504 4495 4572
f 1889 1865 1890
f 1847 1865 1852
f 1865 1847 1890
f 3775 3696 3692
f 1864 1887 1886
f 1864 1846 1853
f 1846 1864 1886
f 3692 3696 3635
f 3692 3635 3636
f 3692 3754 3775
f 3754 3692 3636
f 3695 3774 3691
f 3633 3691 3632
f 3753 3691 3774
f 3691 3753 3632
f 3695 3691 3633
f 4228 4177 4126
f 4129 4177 4215
f 4177 4129 4126
f 4177 4228 4215
f 4178 4228 4126
f 4178 4130 4216
f 4130 4178 4126
f 4228 4178 4216
f 4220 4275 4166
f 4508 4572 4636
f 4276 4221 4167
f 4613 4572 4495
f 2021 2049 1997
f 2049 2026 1997
f 2050 2022 1998
f 2027 2050 1998
f 5106 5087 5128
f 1980 1947 1960
f 4043 4013 3961
f 5106 5124 5079
f 1947 1980 1968
f 3201 3147 3098
f 4109 4166 4058
f 4109 4013 4083
f 1937 1947 1968
f 4167 4110 4059
f 4014 4110 4084
f 1948 1981 1961
f 1981 1948 1969
f 1948 1938 1969
f 4040 4059 4110
f 4040 4014 3974
f 1953 1978 1997
f 1960 1953 1997
f 1979 1954 1998
f 1954 1961 1998
f 4275 4220 4316
f 4220 4270 4316
f 4270 4220 4164
f 4221 4276 4317
f 4271 4221 4317
f 4221 4271 4165
f 2088 2066 2038
f 2059 2088 2038
f 2066 2089 2039
f 2089 2060 2039
f 1906 1894 1872
f 1894 1856 1872
f 3881 3951 3840
f 3791 3881 3840
f 1895 1907 1873
f 1857 1895 1873
f 3952 3882 3841
f 3882 3792 3841
f 2079 2106 2049
f 2106 2077 2049
f 2107 2080 2050
f 2078 2107 2050
f 2136 2181 2106
f 2181 2138 2106
f 2182 2137 2107
f 2139 2182 2107
f 4284 4269 4340
f 4336 4340 4269
f 4268 4283 4339
f 4339 4335 4268
f 4411 4409 4477
f 4472 4477 4409
f 4408 4410 4476
f 4476 4471 4408
f 2209 2248 2181
f 2941 2890 2849
f 2248 2218 2181
f 2855 2890 2946
f 2249 2210 2182
f 4442 4502 4564
f 2219 2249 2182
f 4560 4502 4440
f 2302 2332 2248
f 2889 2940 2848
f 2332 2300 2248
f 2889 2854 2945
f 2333 2303 2249
f 4564 4626 4727
f 2301 2333 2249
f 4712 4626 4560
f 2379 2427 2332
f 2849 2796 2740
f 2427 2375 2332
f 2746 2796 2855
f 2428 2380 2333
f 4727 4761 4803
f 2376 2428 2333
f 4797 4761 4712
f 2481 2526 2427
f 2795 2848 2739
f 2526 2479 2427
f 2795 2745 2854
f 2527 2482 2428
f 4803 4841 4885
f 2480 2527 2428
f 4881 4841 4797
f 2613 2678 2526
f 2740 2679 2612
f 4129 4197 4113
f 2614 2679 2746
f 2678 2611 2526
f 4885 4919 4953
f 4198 4130 4114
f 4947 4919 4881
f 2015 2038 2066
f 2678 2739 2611
f 2039 2015 2066
f 2678 2613 2745
f 4215 4197 4129
f 4953 4997 5021
f 2679 2614 2527
f 5015 4997 4947
f 4198 4216 4130
f 2612 2527 2480
f 2612 2679 2527
f 2482 2527 2614
f 1849 1878 1880
f 5021 5045 5088
f 1879 1848 1880
f 5080 5045 5015
f 3859 3761 3858
f 2526 2611 2479
f 3762 3860 3858
f 2526 2481 2613
f 2021 1997 1978
f 5088 5107 5129
f 1980 1997 2026
f 5125 5107 5080
f 2745 2795 2678
f 2480 2428 2376
f 1998 2022 1979
f 2380 2428 2482
f 1998 1981 2027
f 5129 5155 5184
f 4173 4118 4065
f 2795 2739 2678
f 5179 5155 5125
f 1927 1910 1908
f 2427 2479 2375
f 1937 1927 1908
f 2427 2379 2481
f 1910 1927 1941
f 4120 4173 4065
f 5184 5199 5211
f 1910 1928 1909
f 5207 5199 5179
f 1928 1938 1909
f 2376 2333 2301
f 1928 1910 1941
f 2303 2333 2380
f 3954 4007 3946
f 5211 5227 5243
f 4007 4034 3946
f 5239 5227 5207
f 4007 3954 4036
f 2332 2375 2300
f 4008 3954 3947
f 2332 2302 2379
f 4035 4008 3947
f 5243 5261 5273
f 3954 4008 4036
f 5269 5261 5239
f 1951 1975 1941
f 2301 2249 2219
f 1951 1937 1968
f 2210 2249 2303
f 2796 2746 2679
f 5273 5285 5297
f 1975 1952 1941
f 5293 5285 5269
f 1938 1952 1969
f 2248 2300 2218
f 2740 2796 2679
f 2248 2209 2302
f 4126 4069 4036
f 5297 5307 5301
f 4070 4126 4036
f 5305 5307 5293
f 1975 1988 2015
f 4398 4430 4508
f 2011 1988 1968
f 4495 4430 4381
f 2854 2889 2795
f 5301 5291 5279
f 1989 1975 2015
f 5283 5291 5305
f 1989 2012 1969
f 4429 4397 4507
f 2889 2848 2795
f 4429 4494 4380
f 2122 2142 2178
f 5279 5267 5255
f 2143 2122 2178
f 5259 5267 5283
f 1911 1900 1877
f 2219 2182 2139
f 1878 1900 1908
f 2137 2182 2210
f 1900 1878 1877
f 5255 5237 5220
f 1900 1911 1908
f 5225 5237 5259
f 1901 1912 1876
f 2181 2218 2138
f 1901 1879 1909
f 2181 2136 2209
f 1879 1901 1876
f 5220 5205 5193
f 1912 1901 1909
f 5197 5205 5225
f 3907 3961 3853
f 2139 2107 2078
f 3907 3859 3946
f 2080 2107 2137
f 3859 3907 3853
f 5193 5175 5145
f 3961 3907 3946
f 5153 5175 5197
f 3962 3908 3854
f 2106 2138 2077
f 3860 3908 3947
f 2106 2079 2136
f 3908 3860 3854
f 5145 5123 5103
f 3908 3962 3947
f 5109 5123 5153
f 2890 2855 2796
f 4271 4317 4398
f 2849 2890 2796
f 4381 4317 4276
f 2945 2998 2889
f 5103 5078 5040
f 2998 2940 2889
f 5047 5078 5109
f 2999 2946 2890
f 4316 4270 4397
f 2941 2999 2890
f 4316 4380 4275
f 3043 3098 2998
f 5040 5017 4990
f 3098 3041 2998
f 4999 5017 5047
f 5236 5224 5258
f 4990 4949 4909
f 5236 5254 5219
f 4923 4949 4999
f 5154 5128 5183
f 4909 4883 4836
f 5154 5178 5124
f 4843 4883 4923
f 5266 5258 5282
f 4836 4801 4749
f 5266 5278 5254
f 4765 4801 4843
f 5198 5183 5210
f 4749 4729 4613
f 5198 5206 5178
f 4636 4729 4765
f 1947 1937 1911
f 2078 2050 2027
f 1947 1932 1960
f 2022 2050 2080
f 2143 2141 2089
f 2101 2089 2141
f 2122 2143 2089
f 2140 2142 2088
f 2088 2100 2140
f 2142 2122 2088
f 5290 5300 5278
f 4065 4005 3957
f 5290 5282 5304
f 4009 4065 3957
f 4014 4040 4110
f 4059 4040 3974
f 4058 4039 4109
f 3957 3895 3845
f 4013 4039 3973
f 4039 4013 4109
f 4039 4058 3973
f 3905 3957 3845
f 3954 3904 3947
f 3860 3904 3858
f 3904 3860 3947
f 3904 3954 3858
f 3903 3954 3946
f 3903 3859 3858
f 3859 3903 3946
f 3954 3903 3858
f 1899 1910 1909
f 1899 1879 1880
f 1879 1899 1909
f 1910 1899 1880
f 1910 1898 1908
f 1878 1898 1880
f 1898 1878 1908
f 1898 1910 1880
f 3634 3696 3762
f 3696 3634 3635
f 3695 3634 3761
f 3634 3695 3633
f 1862 1888 1848
f 1888 1862 1889
f 1888 1863 1849
f 1863 1888 1887
f 3845 3797 3741
f 3801 3845 3741
f 3741 3685 3645
f 3687 3741 3645
f 3645 3589 3537
f 1932 1947 1911
f 1954 1933 1961
f 1954 1979 1940
f 3591 3645 3537
f 3537 3469 3425
f 3471 3537 3425
f 3425 3365 3315
f 3371 3425 3315
f 3151 3201 3098
f 1932 1953 1960
f 1978 1953 1939
f 3315 3255 3201
f 4014 4044 3962
f 4044 4014 4084
f 4044 4035 3962
f 3261 3315 3201
f 1948 1933 1912
f 1933 1948 1961
f 1938 1948 1912
f 3768 3789 3701
f 3721 3701 3789
f 3721 3620 3701
f 3702 3790 3769
f 3701 3618 3737
f 3619 3618 3701
f 3738 3628 3702
f 3702 3628 3627
f 2583 2600 2575
f 2575 2600 2601
f 2576 2610 2584
f 2609 2610 2576
f 3790 3702 3722
f 3701 3737 3768
f 3702 3626 3722
f 3769 3738 3702
f 2575 2596 2590
f 2590 2583 2575
f 3620 3619 3701
f 2596 2575 2573
f 2576 2584 2591
f 3702 3627 3626
f 3815 3751 3721
f 3721 3751 3621
f 2575 2601 2602
f 3722 3752 3816
f 3625 3752 3722
f 2608 2609 2576
f 2573 2586 2616
f 2603 2586 2573
f 2617 2587 2574
f 2574 2587 2607
f 2575 2602 2573
f 3621 3620 3721
f 2591 2597 2576
f 3722 3626 3625
f 2574 2576 2597
f 2573 2602 2603
f 2574 2608 2576
f 2607 2608 2574
f 3768 3737 3838
f 2620 2583 2590
f 3839 3738 3769
f 2591 2584 2621
f 4019 3999 4063
f 3838 3789 3768
f 4063 3999 4017
f 2590 2596 2620
f 4064 4000 4019
f 3769 3790 3839
f 4018 4000 4064
f 2621 2597 2591
f 2648 2686 2669
f 2648 2667 2686
f 2670 2687 2649
f 2687 2668 2649
f 2630 2588 2589
f 2589 2588 2605
f 3760 3759 3855
f 3623 3759 3760
f 2801 2870 2822
f 2870 2801 2840
f 2870 2894 2822
f 2823 2871 2802
f 2841 2802 2871
f 2823 2895 2871
f 3915 3879 3969
f 3969 3879 3948
f 2751 2723 2780
f 2780 2723 2753
f 2779 2724 2752
f 2753 2724 2779
f 4075 4102 4028
f 4028 4102 4017
f 4029 4103 4076
f 4018 4103 4029
f 4337 4299 4368
f 4368 4299 4331
f 4369 4300 4338
f 4332 4300 4369
f 4465 4535 4499
f 4492 4535 4465
f 4535 4594 4565
f 4561 4594 4535
f 2723 2684 2706
f 2696 2684 2723
f 2706 2685 2724
f 2724 2685 2697
f 2788 2737 2768
f 4594 4643 4617
f 2769 2738 2789
f 4610 4643 4594
f 4248 4305 4307
f 4307 4306 4249
f 4307 4205 4248
f 4249 4205 4307
f 4352 4406 4405
f 4405 4407 4353
f 4405 4307 4352
f 4353 4307 4405
f 4537 4569 4505
f 4537 4600 4569
f 4478 4405 4450
f 4451 4405 4478
f 4505 4569 4541
f 4506 4570 4538
f 4541 4478 4505
f 4506 4478 4541
f 3789 3815 3721
f 4570 4601 4538
f 3722 3816 3790
f 4541 4570 4506
f 2573 2616 2596
f 4602 4541 4569
f 2597 2617 2574
f 4570 4541 4602
f 4600 4621 4569
f 4600 4645 4621
f 4643 4687 4663
f 4647 4602 4621
f 4622 4602 4647
f 4659 4687 4643
f 4569 4621 4602
f 4570 4622 4601
f 4687 4719 4703
f 4693 4647 4665
f 4666 4647 4693
f 4699 4719 4687
f 4622 4646 4601
f 3959 4017 3942
f 4602 4622 4570
f 4723 4693 4705
f 4706 4693 4723
f 3943 4018 3960
f 4645 4665 4621
f 4645 4691 4665
f 4694 4723 4713
f 2660 2696 2667
f 4714 4723 4694
f 4621 4665 4647
f 4622 4666 4646
f 2668 2697 2661
f 4652 4694 4681
f 4682 4694 4652
f 4666 4692 4646
f 3916 4012 3970
f 3969 3948 4054
f 4647 4666 4622
f 3970 3880 3916
f 2704 2654 2669
f 4605 4652 4637
f 3916 3960 4012
f 4055 3949 3970
f 4638 4652 4605
f 3949 3880 3970
f 2670 2655 2705
f 3879 3915 3815
f 3815 3789 3879
f 2616 2648 2633
f 2633 2596 2616
f 3816 3916 3880
f 3880 3790 3816
f 2634 2649 2617
f 2617 2597 2634
f 4691 4705 4665
f 4691 4721 4705
f 4550 4605 4579
f 4580 4605 4550
f 4665 4705 4693
f 4666 4706 4692
f 4487 4550 4527
f 4528 4550 4487
f 4706 4722 4692
f 4693 4706 4666
f 4412 4487 4452
f 4453 4487 4412
f 4721 4713 4705
f 4721 4695 4713
f 4315 4412 4366
f 4367 4412 4315
f 4705 4713 4723
f 4706 4714 4722
f 4233 4315 4291
f 4292 4315 4233
f 4714 4696 4722
f 4723 4714 4706
f 4135 4233 4193
f 4194 4233 4135
f 4695 4681 4713
f 4695 4653 4681
f 4045 4135 4088
f 4089 4135 4045
f 4713 4681 4694
f 4714 4682 4696
f 3935 4045 3989
f 3990 4045 3935
f 4682 4654 4696
f 4694 4682 4714
f 3833 3935 3883
f 3884 3935 3833
f 4653 4637 4681
f 4653 4606 4637
f 3727 3833 3785
f 3786 3833 3727
f 4681 4637 4652
f 4682 4638 4654
f 3613 3727 3675
f 3676 3727 3613
f 4638 4607 4654
f 4652 4638 4682
f 3523 3613 3575
f 3576 3613 3523
f 4606 4579 4637
f 4606 4551 4579
f 3407 3523 3455
f 3456 3523 3407
f 4637 4579 4605
f 4638 4580 4607
f 3307 3407 3357
f 3358 3407 3307
f 4580 4552 4607
f 4605 4580 4638
f 3200 3307 3251
f 3252 3307 3200
f 4551 4527 4579
f 4551 4488 4527
f 3100 3200 3153
f 3154 3200 3100
f 4579 4527 4550
f 4580 4528 4552
f 3020 3100 3053
f 3054 3100 3020
f 4719 4697 4715
f 4717 4697 4719
f 2876 2944 2920
f 2921 2944 2876
f 3815 3851 3751
f 3772 3751 3851
f 3752 3852 3816
f 3852 3752 3773
f 2586 2625 2616
f 2625 2586 2592
f 2617 2626 2587
f 2593 2587 2626
f 3969 4011 3915
f 3915 3959 3851
f 4011 3959 3915
f 3852 3960 3916
f 2669 2633 2648
f 2625 2667 2648
f 2654 2633 2669
f 2649 2668 2626
f 4697 4655 4683
f 4064 4019 4117
f 4685 4655 4697
f 4655 4608 4639
f 2649 2634 2670
f 4641 4608 4655
f 4608 4555 4581
f 4117 4019 4063
f 4589 4555 4608
f 4555 4490 4529
f 2670 2634 2655
f 4531 4490 4555
f 3772 3759 3697
f 3759 3772 3856
f 2578 2580 2593
f 3851 3856 3772
f 3698 3760 3773
f 3857 3773 3760
f 2578 2606 2580
f 3773 3857 3852
f 2577 2588 2592
f 2628 2592 2588
f 2592 2579 2577
f 2592 2628 2625
f 2593 2589 2578
f 2589 2593 2629
f 2579 2604 2577
f 2626 2629 2593
f 2780 2840 2801
f 2811 2840 2780
f 2802 2841 2779
f 2779 2841 2811
f 4490 4417 4454
f 4458 4417 4490
f 4417 4327 4370
f 4372 4327 4417
f 4240 4175 4242
f 4175 4240 4189
f 4243 4176 4241
f 4190 4241 4176
f 4105 4202 4143
f 4196 4095 4143
f 4095 3992 4053
f 3996 4105 4053
f 2870 2926 2894
f 2926 2870 2920
f 2895 2927 2871
f 2921 2871 2927
f 4348 4301 4337
f 4301 4348 4305
f 4463 4401 4425
f 4401 4463 4406
f 4537 4463 4499
f 4528 4489 4552
f 4463 4425 4499
f 4500 4464 4538
f 4550 4528 4580
f 4500 4426 4464
f 4600 4537 4565
f 4488 4452 4527
f 4537 4499 4565
f 4645 4600 4617
f 4488 4413 4452
f 4600 4565 4617
f 4691 4645 4663
f 4527 4452 4487
f 4645 4617 4663
f 4721 4691 4703
f 4528 4453 4489
f 4691 4663 4703
f 4695 4721 4715
f 4453 4414 4489
f 4721 4703 4715
f 4653 4695 4683
f 4487 4453 4528
f 4695 4715 4683
f 4606 4653 4639
f 4413 4366 4452
f 4653 4683 4639
f 4551 4606 4581
f 4413 4318 4366
f 4606 4639 4581
f 4488 4551 4529
f 4452 4366 4412
f 4551 4581 4529
f 4413 4488 4454
f 4453 4367 4414
f 4488 4529 4454
f 4318 4413 4370
f 4367 4319 4414
f 4413 4454 4370
f 4234 4318 4293
f 4412 4367 4453
f 4318 4370 4293
f 4138 4234 4195
f 4318 4291 4366
f 4234 4293 4195
f 4046 4138 4094
f 4318 4234 4291
f 4138 4195 4094
f 4566 4538 4601
f 4366 4291 4315
f 4566 4500 4538
f 4618 4601 4646
f 4338 4302 4349
f 4306 4349 4302
f 4426 4402 4464
f 4407 4464 4402
f 4367 4292 4319
f 4618 4566 4601
f 4664 4646 4692
f 4292 4235 4319
f 4664 4618 4646
f 4704 4692 4722
f 4315 4292 4367
f 4704 4664 4692
f 4716 4722 4696
f 4234 4193 4291
f 4716 4704 4722
f 4684 4696 4654
f 4234 4138 4193
f 4684 4716 4696
f 4640 4654 4607
f 4291 4193 4233
f 4640 4684 4654
f 4582 4607 4552
f 4292 4194 4235
f 4582 4640 4607
f 4530 4552 4489
f 4194 4139 4235
f 4530 4582 4552
f 4455 4489 4414
f 4233 4194 4292
f 4455 4530 4489
f 4371 4414 4319
f 4138 4088 4193
f 4371 4455 4414
f 4294 4319 4235
f 4138 4046 4088
f 4294 4371 4319
f 4196 4235 4139
f 4193 4088 4135
f 4196 4294 4235
f 4095 4139 4047
f 4194 4089 4139
f 4095 4196 4139
f 3940 4046 3991
f 4089 4047 4139
f 4046 4094 3991
f 3992 4047 3941
f 4135 4089 4194
f 3992 4095 4047
f 3834 3940 3885
f 4046 3989 4088
f 3940 3991 3885
f 3886 3941 3835
f 4046 3940 3989
f 3886 3992 3941
f 3728 3834 3787
f 4088 3989 4045
f 3915 3851 3815
f 3816 3852 3916
f 2616 2625 2648
f 2649 2626 2617
f 4175 4146 4242
f 4242 4301 4240
f 4327 4238 4293
f 4243 4147 4176
f 4241 4302 4243
f 4297 4238 4327
f 4017 4122 4063
f 4122 4017 4102
f 4063 4122 4117
f 4064 4123 4018
f 4103 4018 4123
f 4117 4123 4064
f 4146 4175 4102
f 4102 4075 4146
f 4238 4142 4195
f 4103 4176 4147
f 4147 4076 4103
f 4201 4142 4238
f 2926 2985 2894
f 4202 4298 4239
f 4142 4052 4094
f 2895 2986 2927
f 4294 4196 4239
f 4104 4052 4142
f 4301 4242 4337
f 4337 4401 4348
f 4052 3944 3991
f 4401 4337 4425
f 3834 3885 3787
f 3995 3944 4052
f 3788 3835 3729
f 4089 3990 4047
f 3944 3836 3885
f 3788 3886 3835
f 3614 3728 3677
f 3889 3836 3944
f 3990 3941 4047
f 3728 3787 3677
f 4500 4536 4466
f 3678 3729 3615
f 4045 3990 4089
f 4466 4536 4493
f 3678 3788 3729
f 3524 3614 3581
f 4566 4595 4536
f 3940 3883 3989
f 3614 3677 3581
f 4536 4595 4562
f 3582 3615 3525
f 3940 3834 3883
f 4618 4644 4595
f 3582 3678 3615
f 3408 3524 3457
f 4595 4644 4611
f 3989 3883 3935
f 3524 3581 3457
f 4664 4688 4644
f 3458 3525 3409
f 3990 3884 3941
f 4644 4688 4660
f 3458 3582 3525
f 3308 3408 3359
f 4704 4720 4688
f 3884 3835 3941
f 3408 3457 3359
f 4688 4720 4700
f 3360 3409 3309
f 3935 3884 3990
f 4716 4698 4720
f 3360 3458 3409
f 3203 3308 3257
f 4720 4698 4718
f 3834 3785 3883
f 3308 3359 3257
f 4684 4656 4698
f 3258 3309 3204
f 3834 3728 3785
f 4698 4656 4686
f 3258 3360 3309
f 3105 3203 3159
f 4640 4609 4656
f 3883 3785 3833
f 3203 3257 3159
f 4656 4609 4642
f 3160 3204 3106
f 3884 3786 3835
f 4582 4556 4609
f 3160 3258 3204
f 3031 3105 3073
f 4609 4556 4590
f 3786 3729 3835
f 3105 3159 3073
f 4530 4491 4556
f 3074 3106 3032
f 3833 3786 3884
f 4556 4491 4532
f 3074 3160 3106
f 2989 3031 2985
f 4455 4418 4491
f 3728 3675 3785
f 3031 3073 2985
f 4491 4418 4459
f 2986 3032 2990
f 3728 3614 3675
f 4371 4328 4418
f 2986 3074 3032
f 2985 2926 2989
f 4418 4328 4373
f 4338 4243 4302
f 4349 4402 4338
f 4294 4239 4328
f 4426 4338 4402
f 3785 3675 3727
f 4328 4239 4298
f 3786 3676 3729
f 3676 3615 3729
f 4196 4143 4239
f 3727 3676 3786
f 3614 3575 3675
f 4239 4143 4202
f 3614 3524 3575
f 3675 3575 3613
f 4095 4053 4143
f 3676 3576 3615
f 4532 4590 4556
f 4143 4053 4105
f 4582 4530 4556
f 3788 3678 3733
f 3992 3945 4053
f 3680 3794 3733
f 4590 4642 4609
f 4053 3945 3996
f 4640 4582 4609
f 3616 3581 3677
f 3886 3837 3945
f 3616 3679 3583
f 4642 4686 4656
f 3945 3837 3890
f 4684 4640 4656
f 3678 3582 3617
f 3836 3732 3787
f 3584 3680 3617
f 4686 4718 4698
f 3793 3732 3836
f 4716 4684 4698
f 3526 3457 3581
f 3788 3733 3837
f 3526 3583 3461
f 4718 4700 4720
f 3837 3733 3794
f 4704 4716 4720
f 3582 3458 3527
f 3732 3616 3677
f 3462 3584 3527
f 4700 4660 4688
f 3679 3616 3732
f 4664 4704 4688
f 3418 3359 3457
f 3678 3617 3733
f 3418 3461 3363
f 4660 4611 4644
f 3733 3617 3680
f 4618 4664 4644
f 3458 3360 3419
f 3616 3526 3581
f 3364 3462 3419
f 4611 4562 4595
f 3583 3526 3616
f 4566 4618 4595
f 3313 3257 3359
f 3582 3527 3617
f 3313 3363 3259
f 4562 4493 4536
f 3617 3527 3584
f 4500 4566 4536
f 3360 3258 3314
f 3526 3418 3457
f 3260 3364 3314
f 4493 4420 4466
f 3461 3418 3526
f 4426 4500 4466
f 3205 3159 3257
f 3458 3419 3527
f 3205 3259 3161
f 3944 3995 3889
f 3527 3419 3462
f 3944 3885 3991
f 3258 3160 3206
f 3418 3313 3359
f 3162 3260 3206
f 2990 2927 2986
f 3363 3313 3418
f 4248 4189 4240
f 4205 4189 4248
f 4241 4190 4249
f 4249 4190 4205
f 3360 3314 3419
f 3992 3886 3945
f 3419 3314 3364
f 3313 3205 3257
f 3890 3996 3945
f 3259 3205 3313
f 3258 3206 3314
f 3314 3206 3260
f 4352 4305 4348
f 4307 4305 4352
f 4349 4306 4353
f 4353 4306 4307
f 4450 4406 4463
f 4405 4406 4450
f 4464 4407 4451
f 4451 4407 4405
f 3576 3525 3615
f 3613 3576 3676
f 3524 3455 3575
f 3524 3408 3455
f 3575 3455 3523
f 3576 3456 3525
f 3456 3409 3525
f 3523 3456 3576
f 3408 3357 3455
f 3408 3308 3357
f 3455 3357 3407
f 3456 3358 3409
f 3358 3309 3409
f 3407 3358 3456
f 4463 4505 4450
f 4463 4537 4505
f 4450 4505 4478
f 4451 4506 4464
f 4506 4538 4464
f 4478 4506 4451
f 3308 3251 3357
f 3308 3203 3251
f 3357 3251 3307
f 3358 3252 3309
f 3252 3204 3309
f 3307 3252 3358
f 3203 3153 3251
f 3203 3105 3153
f 3251 3153 3200
f 3252 3154 3204
f 3154 3106 3204
f 3200 3154 3252
f 3105 3053 3153
f 3105 3031 3053
f 3153 3053 3100
f 3154 3054 3106
f 3054 3032 3106
f 3100 3054 3154
f 3031 2989 3053
f 2991 3053 2989
f 3020 3053 2991
f 3054 2990 3032
f 2990 3054 2992
f 2992 3054 3020
f 4096 4203 4146
f 4148 4203 4096
f 4147 4204 4097
f 4097 4204 4149
f 2704 2669 2690
f 2686 2725 2690
f 2690 2669 2686
f 2690 2725 2704
f 2691 2670 2705
f 2691 2726 2687
f 2687 2670 2691
f 2705 2726 2691
f 2822 2768 2801
f 2769 2802 2752
f 2751 2801 2768
f 2802 2769 2823
f 4076 4147 4097
f 2821 2897 2865
f 4096 4146 4075
f 2895 2823 2865
f 4420 4369 4424
f 4426 4466 4424
f 4424 4369 4426
f 4424 4466 4420
f 4423 4368 4419
f 4423 4465 4425
f 4425 4368 4423
f 4419 4465 4423
f 2606 2607 2580
f 2587 2593 2580
f 2580 2607 2587
f 3773 3694 3698
f 2579 2603 2604
f 2579 2592 2586
f 2586 2603 2579
f 3694 3624 3698
f 3694 3625 3624
f 3694 3773 3752
f 3752 3625 3694
f 3697 3693 3772
f 3622 3621 3693
f 3751 3772 3693
f 3693 3621 3751
f 3697 3622 3693
f 4159 4117 4205
f 4159 4190 4123
f 4123 4117 4159
f 4205 4190 4159
f 4205 4117 4158
f 4122 4189 4158
f 4158 4117 4122
f 4158 4189 4205
f 4245 4149 4204
f 4465 4499 4425
f 4203 4148 4244
f 4465 4419 4492
f 2865 2789 2821
f 2823 2789 2865
f 2820 2788 2864
f 2864 2788 2822
f 4240 4305 4248
f 4305 4240 4301
f 4249 4306 4241
f 4302 4241 4306
f 4348 4406 4352
f 4406 4348 4401
f 4353 4407 4349
f 4402 4349 4407
f 3732 3793 3679
f 4052 4104 3995
f 2712 2738 2769
f 4052 3991 4094
f 2779 2811 2753
f 3108 3073 3159
f 3732 3677 3787
f 3108 3161 3071
f 2769 2752 2712
f 4142 4201 4104
f 2779 2752 2802
f 4142 4094 4195
f 4149 4055 4097
f 3160 3074 3109
f 4012 4076 4097
f 3072 3162 3109
f 2712 2752 2697
f 4238 4297 4201
f 4096 4054 4148
f 4238 4195 4293
f 4096 4075 4011
f 4368 4425 4337
f 2768 2737 2711
f 4368 4331 4419
f 2711 2751 2768
f 4327 4372 4297
f 2696 2751 2711
f 4327 4293 4370
f 4054 4096 4022
f 4338 4426 4369
f 4011 3969 4022
f 4420 4332 4369
f 2759 2789 2726
f 4417 4458 4372
f 4176 4103 4123
f 4417 4370 4454
f 2726 2789 2738
f 3023 2985 3073
f 4122 4102 4175
f 3023 3071 2981
f 2841 2876 2811
f 4490 4531 4458
f 2811 2876 2840
f 4490 4454 4529
f 4176 4123 4190
f 3074 2986 3024
f 2725 2788 2758
f 2982 3072 3024
f 4189 4122 4175
f 4555 4589 4531
f 2737 2788 2725
f 4555 4529 4581
f 2629 2630 2589
f 2928 2894 2985
f 2588 2630 2628
f 2928 2981 2896
f 3760 3855 3857
f 4608 4641 4589
f 3856 3855 3759
f 4608 4581 4639
f 2789 2759 2821
f 2986 2895 2929
f 2789 2823 2769
f 2897 2982 2929
f 4204 4300 4245
f 4655 4685 4641
f 2820 2758 2788
f 4655 4639 4683
f 2768 2822 2788
f 4299 4337 4242
f 3205 3108 3159
f 4243 4300 4204
f 4299 4244 4331
f 2664 2661 2685
f 4697 4717 4685
f 2685 2661 2697
f 4697 4683 4715
f 2685 2706 2664
f 3161 3108 3205
f 4243 4338 4300
f 2684 2660 2664
f 4332 4245 4300
f 2696 2660 2684
f 4719 4699 4717
f 2664 2706 2684
f 4719 4715 4703
f 4000 3943 3950
f 4687 4659 4699
f 4018 3943 4000
f 4687 4703 4663
f 3950 4019 4000
f 4643 4610 4659
f 3950 3942 3999
f 4643 4663 4617
f 3999 3942 4017
f 4594 4561 4610
f 3999 4019 3950
f 4594 4617 4565
f 2753 2706 2724
f 4535 4492 4561
f 2697 2752 2724
f 4535 4565 4499
f 4204 4147 4243
f 2864 2822 2894
f 2723 2706 2753
f 2864 2896 2820
f 2989 2920 2991
f 2920 2989 2926
f 2991 2920 2944
f 2992 2921 2990
f 2927 2990 2921
f 2944 2921 2992
f 4298 4373 4328
f 3160 3109 3206
f 4371 4294 4328
f 3206 3109 3162
f 4022 4096 4011
f 4022 3969 4054
f 4023 4097 4055
f 3108 3023 3073
f 4023 3970 4012
f 4012 4097 4023
f 4055 3970 4023
f 3071 3023 3108
f 3899 3942 3950
f 3899 3855 3856
f 3856 3942 3899
f 3950 3855 3899
f 3950 3943 3900
f 3857 3855 3900
f 3900 3943 3857
f 3900 3855 3950
f 2664 2660 2637
f 2628 2630 2637
f 2637 2660 2628
f 2637 2630 2664
f 2638 2661 2664
f 2638 2630 2629
f 2629 2661 2638
f 2664 2630 2638
f 3697 3759 3623
f 3623 3622 3697
f 3623 3760 3698
f 3698 3624 3623
f 2605 2588 2577
f 2577 2604 2605
f 2578 2589 2605
f 2605 2606 2578
f 3074 3024 3109
f 3109 3024 3072
f 3023 2928 2985
f 2981 2928 3023
f 2986 2929 3024
f 2723 2751 2696
f 2686 2737 2725
f 2758 2704 2725
f 3024 2929 2982
f 2928 2864 2894
f 2896 2864 2928
f 2895 2865 2929
f 2929 2865 2897
f 4244 4299 4203
f 2726 2738 2687
f 2726 2705 2759
f 3789 3838 3879
f 4028 3959 4011
f 4011 4075 4028
f 4017 3959 4028
f 3879 3838 3948
f 2686 2667 2711
f 2711 2737 2686
f 2711 2667 2696
f 2633 2620 2596
f 4012 3960 4029
f 4029 4076 4012
f 4029 3960 4018
f 2654 2620 2633
f 2712 2668 2687
f 2687 2738 2712
f 2697 2668 2712
f 3836 3787 3885
f 3836 3889 3793
f 4373 4459 4418
f 4455 4371 4418
f 3886 3788 3837
f 3794 3890 3837
f 4459 4532 4491
f 4530 4455 4491
f 3880 3839 3790
f 3949 3839 3880
f 2597 2621 2634
f 2634 2621 2655
f 2870 2840 2920
f 2920 2840 2876
f 2921 2841 2871
f 2876 2841 2921
f 3959 3942 3901
f 3856 3851 3901
f 3901 3942 3856
f 3901 3851 3959
f 3902 3943 3960
f 3902 3852 3857
f 3857 3943 3902
f 3960 3852 3902
f 2641 2660 2667
f 2641 2625 2628
f 2628 2660 2641
f 2667 2625 2641
f 2668 2661 2642
f 2629 2626 2642
f 2642 2661 2629
f 2642 2626 2668
f 2944 3020 2991
f 2992 3020 2944
f 4242 4146 4203
f 2801 2751 2780
f 2753 2811 2780
f 4203 4299 4242
f 5940 5966 5960
f 5966 5940 5942
f 5940 5910 5942
f 5961 5967 5941
f 5947 5908 5940
f 5940 5908 5909
f 5917 5918 5941
f 5941 5918 5948
f 3557 3629 3528
f 3630 3629 3557
f 3529 3639 3558
f 3558 3639 3638
f 5943 5941 5967
f 5960 5947 5940
f 5943 5916 5941
f 5941 5948 5961
f 3485 3465 3557
f 3557 3528 3485
f 5940 5909 5910
f 3541 3557 3465
f 5916 5917 5941
f 3486 3529 3558
f 5942 5953 5974
f 5911 5953 5942
f 3631 3630 3557
f 5975 5954 5943
f 5943 5954 5915
f 3558 3638 3637
f 3439 3517 3541
f 3541 3517 3632
f 3542 3518 3440
f 3636 3518 3542
f 3541 3631 3557
f 5942 5910 5911
f 3558 3466 3486
f 5915 5916 5943
f 3466 3558 3542
f 3632 3631 3541
f 3558 3637 3542
f 3542 3637 3636
f 3485 3528 3416
f 5978 5947 5960
f 3417 3529 3486
f 5961 5948 5979
f 3229 3127 3220
f 3416 3465 3485
f 3158 3127 3229
f 5960 5966 5978
f 3229 3233 3158
f 3486 3466 3417
f 3219 3128 3228
f 5979 5967 5961
f 5968 5930 5945
f 5968 5952 5930
f 5946 5931 5969
f 5931 5951 5969
f 5982 5959 5958
f 5958 5959 5913
f 3496 3495 3395
f 3634 3495 3496
f 5877 5862 5870
f 5862 5877 5868
f 5862 5859 5870
f 5871 5863 5878
f 5869 5878 5863
f 5871 5860 5863
f 3330 3375 3271
f 3271 3375 3299
f 5896 5904 5885
f 5885 5904 5895
f 5886 5905 5897
f 5895 5905 5886
f 3167 3139 3209
f 3209 3139 3219
f 3210 3140 3168
f 3220 3140 3210
f 2860 2925 2812
f 2812 2925 2866
f 2813 2924 2861
f 2867 2924 2813
f 2650 2490 2549
f 2565 2490 2650
f 2490 2364 2420
f 2431 2364 2490
f 5904 5933 5921
f 5926 5933 5904
f 5921 5934 5905
f 5905 5934 5927
f 5883 5900 5887
f 2364 2239 2304
f 5888 5901 5884
f 2308 2239 2364
f 2960 2910 2903
f 2903 2911 2959
f 2903 3015 2960
f 2959 3015 2903
f 2838 2763 2767
f 2767 2764 2839
f 2767 2903 2838
f 2839 2903 2767
f 2486 2414 2532
f 2486 2356 2414
f 2622 2767 2682
f 2683 2767 2622
f 2532 2414 2469
f 2533 2415 2487
f 2469 2622 2532
f 2533 2622 2469
f 5942 5974 5966
f 2415 2357 2487
f 5967 5975 5943
f 2469 2415 2533
f 3465 3439 3541
f 2349 2469 2414
f 3542 3440 3466
f 2415 2469 2349
f 2356 2296 2414
f 2356 2233 2296
f 2239 2123 2179
f 2232 2349 2296
f 2297 2349 2232
f 2183 2123 2239
f 2414 2296 2349
f 2415 2297 2357
f 2123 1993 2055
f 2108 2232 2175
f 2176 2232 2108
f 2061 1993 2123
f 2297 2234 2357
f 3291 3219 3303
f 2349 2297 2415
f 1985 2108 2051
f 2052 2108 1985
f 3304 3220 3292
f 2233 2175 2296
f 2233 2113 2175
f 1821 1985 1915
f 5956 5926 5952
f 1916 1985 1821
f 2296 2175 2232
f 2297 2176 2234
f 5951 5927 5957
f 1761 1821 1796
f 1797 1821 1761
f 2176 2114 2234
f 3331 3242 3272
f 3271 3299 3191
f 2232 2176 2297
f 3272 3376 3331
f 5922 5962 5945
f 1699 1761 1735
f 3331 3292 3242
f 3192 3300 3272
f 1736 1761 1699
f 3300 3376 3272
f 5946 5963 5923
f 3375 3330 3439
f 3439 3465 3375
f 5974 5968 5976
f 5976 5966 5974
f 3440 3331 3376
f 3376 3466 3440
f 5977 5969 5975
f 5975 5967 5977
f 2113 2051 2175
f 2113 1986 2051
f 1633 1699 1671
f 1672 1699 1633
f 2175 2051 2108
f 2176 2052 2114
f 1577 1633 1610
f 1611 1633 1577
f 2052 1987 2114
f 2108 2052 2176
f 1513 1577 1546
f 1547 1577 1513
f 1986 1915 2051
f 1986 1826 1915
f 1456 1513 1486
f 1487 1513 1456
f 2051 1915 1985
f 2052 1916 1987
f 1392 1456 1422
f 1423 1456 1392
f 1916 1827 1987
f 1985 1916 2052
f 1335 1392 1364
f 1365 1392 1335
f 1826 1796 1915
f 1826 1762 1796
f 1279 1335 1306
f 1307 1335 1279
f 1915 1796 1821
f 1916 1797 1827
f 1223 1279 1247
f 1248 1279 1223
f 1797 1763 1827
f 1821 1797 1916
f 1162 1223 1190
f 1191 1223 1162
f 1762 1735 1796
f 1762 1700 1735
f 1111 1162 1132
f 1133 1162 1111
f 1796 1735 1761
f 1797 1736 1763
f 1053 1111 1078
f 1079 1111 1053
f 1736 1701 1763
f 1761 1736 1797
f 1004 1053 1028
f 1029 1053 1004
f 1700 1671 1735
f 1700 1636 1671
f 945 1004 976
f 977 1004 945
f 1735 1671 1699
f 1736 1672 1701
f 907 945 929
f 930 945 907
f 1672 1637 1701
f 1699 1672 1736
f 859 907 880
f 881 907 859
f 1636 1610 1671
f 1636 1578 1610
f 807 859 829
f 830 859 807
f 1671 1610 1633
f 1672 1611 1637
f 775 807 790
f 791 807 775
f 1611 1579 1637
f 1633 1611 1672
f 728 775 752
f 753 775 728
f 1578 1546 1610
f 1578 1514 1546
f 695 728 713
f 714 728 695
f 1610 1546 1577
f 1611 1547 1579
f 671 695 684
f 685 695 671
f 1547 1515 1579
f 1577 1547 1611
f 641 671 656
f 657 671 641
f 1514 1486 1546
f 1514 1457 1486
f 619 641 628
f 629 641 619
f 1546 1486 1513
f 1547 1487 1515
f 640 619 626
f 627 619 640
f 1487 1458 1515
f 1513 1487 1547
f 666 640 652
f 653 640 666
f 1457 1422 1486
f 1457 1394 1422
f 694 666 682
f 683 666 694
f 1486 1422 1456
f 1487 1423 1458
f 727 694 710
f 711 694 727
f 1423 1395 1458
f 1456 1423 1487
f 766 727 748
f 749 727 766
f 1394 1364 1422
f 1394 1336 1364
f 806 766 788
f 789 766 806
f 1422 1364 1392
f 1423 1365 1395
f 856 806 825
f 826 806 856
f 1365 1337 1395
f 1392 1365 1423
f 902 856 878
f 879 856 902
f 1336 1306 1364
f 1336 1280 1306
f 944 902 927
f 928 902 944
f 1364 1306 1335
f 1365 1307 1337
f 998 944 972
f 973 944 998
f 1307 1281 1337
f 1335 1307 1365
f 1050 998 1020
f 1021 998 1050
f 1280 1247 1306
f 1280 1224 1247
f 1104 1050 1070
f 1071 1050 1104
f 1306 1247 1279
f 1307 1248 1281
f 1156 1104 1128
f 1129 1104 1156
f 1248 1225 1281
f 1279 1248 1307
f 1214 1156 1180
f 1181 1156 1214
f 1224 1190 1247
f 1224 1163 1190
f 1270 1214 1241
f 1242 1214 1270
f 1247 1190 1223
f 1248 1191 1225
f 1330 1270 1300
f 1301 1270 1330
f 1191 1164 1225
f 1223 1191 1248
f 1387 1330 1354
f 1355 1330 1387
f 1163 1132 1190
f 1163 1112 1132
f 1444 1387 1418
f 1419 1387 1444
f 1190 1132 1162
f 1191 1133 1164
f 1508 1444 1476
f 1477 1444 1508
f 1133 1113 1164
f 1162 1133 1191
f 1566 1508 1540
f 1541 1508 1566
f 1112 1078 1132
f 1112 1054 1078
f 1630 1566 1601
f 1602 1566 1630
f 1132 1078 1111
f 1133 1079 1113
f 1688 1630 1665
f 1666 1630 1688
f 1079 1055 1113
f 1111 1079 1133
f 1752 1688 1726
f 1727 1688 1752
f 1054 1028 1078
f 1054 1005 1028
f 1818 1752 1788
f 1789 1752 1818
f 1078 1028 1053
f 1079 1029 1055
f 1974 1818 1896
f 1897 1818 1974
f 1029 1006 1055
f 1053 1029 1079
f 2094 1974 2036
f 2037 1974 2094
f 1005 976 1028
f 1005 946 976
f 2224 2094 2159
f 2160 2094 2224
f 1028 976 1004
f 1029 977 1006
f 2345 2224 2281
f 2282 2224 2345
f 977 947 1006
f 1004 977 1029
f 2470 2345 2407
f 2408 2345 2470
f 946 929 976
f 946 908 929
f 2643 2470 2538
f 2539 2470 2643
f 976 929 945
f 977 930 947
f 2785 2643 2715
f 2716 2643 2785
f 930 909 947
f 945 930 977
f 2893 2785 2842
f 2843 2785 2893
f 908 880 929
f 908 860 880
f 3011 2893 2955
f 2956 2893 3011
f 929 880 907
f 930 881 909
f 3120 3011 3067
f 3068 3011 3120
f 881 861 909
f 907 881 930
f 3236 3120 3179
f 3180 3120 3236
f 860 829 880
f 860 808 829
f 3336 3236 3285
f 3286 3236 3336
f 880 829 859
f 881 830 861
f 3452 3336 3393
f 3394 3336 3452
f 830 809 861
f 859 830 881
f 3554 3452 3507
f 3508 3452 3554
f 808 790 829
f 808 776 790
f 3666 3554 3609
f 3610 3554 3666
f 829 790 807
f 830 791 809
f 3778 3666 3715
f 3716 3666 3778
f 791 777 809
f 807 791 830
f 3876 3778 3827
f 3828 3778 3876
f 776 752 790
f 776 729 752
f 3988 3876 3931
f 3932 3876 3988
f 790 752 775
f 791 753 777
f 4106 3988 4041
f 4042 3988 4106
f 753 730 777
f 775 753 791
f 4217 4106 4156
f 4157 4106 4217
f 729 713 752
f 729 696 713
f 4326 4217 4266
f 4267 4217 4326
f 752 713 728
f 753 714 730
f 4460 4326 4395
f 4396 4326 4460
f 714 697 730
f 728 714 753
f 4596 4460 4525
f 4526 4460 4596
f 696 684 713
f 696 672 684
f 4756 4596 4679
f 4680 4596 4756
f 713 684 695
f 714 685 697
f 4862 4756 4817
f 4818 4756 4862
f 685 673 697
f 695 685 714
f 4971 4862 4914
f 4915 4862 4971
f 672 656 684
f 672 642 656
f 5072 4971 5024
f 5025 4971 5072
f 684 656 671
f 685 657 673
f 5180 5072 5116
f 5117 5072 5180
f 657 643 673
f 671 657 685
f 5316 5180 5217
f 5218 5180 5316
f 642 628 656
f 642 617 628
f 5348 5316 5326
f 5327 5316 5348
f 656 628 641
f 657 629 643
f 5380 5348 5358
f 5359 5348 5380
f 629 618 643
f 641 629 657
f 5412 5380 5390
f 5391 5380 5412
f 617 626 628
f 617 638 626
f 5442 5412 5424
f 5425 5412 5442
f 628 626 619
f 629 627 618
f 5470 5442 5451
f 5452 5442 5470
f 627 639 618
f 619 627 629
f 5500 5470 5481
f 5482 5470 5500
f 638 652 626
f 638 664 652
f 5532 5500 5515
f 5516 5500 5532
f 626 652 640
f 627 653 639
f 5557 5532 5547
f 5548 5532 5557
f 653 665 639
f 640 653 627
f 5589 5557 5573
f 5574 5557 5589
f 664 682 652
f 664 692 682
f 5619 5589 5605
f 5606 5589 5619
f 652 682 666
f 653 683 665
f 5647 5619 5632
f 5633 5619 5647
f 683 693 665
f 666 683 653
f 5675 5647 5662
f 5663 5647 5675
f 692 710 682
f 692 725 710
f 5702 5675 5688
f 5689 5675 5702
f 682 710 694
f 683 711 693
f 5724 5702 5718
f 5719 5702 5724
f 711 726 693
f 694 711 683
f 5751 5724 5743
f 5744 5724 5751
f 725 748 710
f 725 764 748
f 5781 5751 5763
f 5764 5751 5781
f 710 748 727
f 711 749 726
f 5805 5781 5788
f 5789 5781 5805
f 749 765 726
f 727 749 711
f 5824 5805 5814
f 5815 5805 5824
f 1993 1830 1919
f 1925 1830 1993
f 5861 5843 5852
f 5853 5843 5861
f 5953 5983 5974
f 5983 5953 5964
f 5975 5984 5954
f 5965 5954 5984
f 3439 3402 3517
f 3480 3517 3402
f 3518 3401 3440
f 3401 3518 3479
f 5945 5976 5968
f 5983 5952 5968
f 5962 5976 5945
f 5969 5951 5984
f 3271 3241 3330
f 3330 3291 3402
f 3241 3291 3330
f 3401 3292 3331
f 1830 1766 1801
f 3213 3134 3192
f 1803 1766 1830
f 1766 1702 1737
f 5969 5977 5946
f 1739 1702 1766
f 1702 1642 1673
f 3213 3272 3242
f 1675 1642 1702
f 1642 1580 1612
f 5946 5977 5963
f 1614 1580 1642
f 5938 5959 5964
f 5980 5964 5959
f 3089 3090 3015
f 5964 5980 5983
f 5965 5958 5939
f 5958 5965 5981
f 3089 3158 3090
f 5984 5981 5965
f 3480 3495 3563
f 3495 3480 3397
f 3479 3568 3564
f 3402 3397 3480
f 3564 3496 3479
f 3398 3479 3496
f 3568 3635 3564
f 3479 3398 3401
f 5885 5868 5877
f 5874 5868 5885
f 5878 5869 5886
f 5886 5869 5874
f 1580 1518 1548
f 1550 1518 1580
f 1518 1459 1488
f 1492 1459 1518
f 2975 3063 2979
f 3063 2975 3036
f 2980 3064 2976
f 3035 2976 3064
f 1314 1371 1339
f 1367 1309 1339
f 1309 1252 1283
f 1255 1314 1283
f 5862 5846 5859
f 5846 5862 5852
f 5860 5847 5863
f 5853 5863 5847
f 2852 2918 2860
f 2918 2852 2910
f 2666 2776 2729
f 2776 2666 2763
f 2486 2666 2549
f 764 788 748
f 2666 2729 2549
f 2550 2665 2487
f 764 804 788
f 2550 2730 2665
f 2356 2486 2420
f 748 788 766
f 2486 2549 2420
f 2233 2356 2304
f 749 789 765
f 2356 2420 2304
f 2113 2233 2179
f 789 805 765
f 2233 2304 2179
f 1986 2113 2055
f 766 789 749
f 2113 2179 2055
f 1826 1986 1919
f 804 825 788
f 1986 2055 1919
f 1762 1826 1801
f 804 854 825
f 1826 1919 1801
f 1700 1762 1737
f 788 825 806
f 1762 1801 1737
f 1636 1700 1673
f 789 826 805
f 1700 1737 1673
f 1578 1636 1612
f 826 855 805
f 1636 1673 1612
f 1514 1578 1548
f 806 826 789
f 1578 1612 1548
f 1457 1514 1488
f 854 878 825
f 1514 1548 1488
f 1394 1457 1424
f 854 900 878
f 1457 1488 1424
f 1336 1394 1366
f 825 878 856
f 1394 1424 1366
f 1280 1336 1308
f 826 879 855
f 1336 1366 1308
f 1224 1280 1251
f 879 901 855
f 1280 1308 1251
f 1163 1224 1192
f 856 879 826
f 1224 1251 1192
f 1112 1163 1134
f 900 927 878
f 1163 1192 1134
f 1054 1112 1082
f 900 942 927
f 1112 1134 1082
f 1005 1054 1030
f 878 927 902
f 1054 1082 1030
f 946 1005 978
f 879 928 901
f 1005 1030 978
f 908 946 931
f 928 943 901
f 946 978 931
f 860 908 882
f 902 928 879
f 908 931 882
f 808 860 833
f 942 972 927
f 860 882 833
f 776 808 792
f 942 996 972
f 808 833 792
f 729 776 754
f 927 972 944
f 776 792 754
f 696 729 715
f 928 973 943
f 729 754 715
f 672 696 686
f 973 997 943
f 696 715 686
f 642 672 658
f 944 973 928
f 672 686 658
f 617 642 630
f 996 1020 972
f 642 658 630
f 638 617 624
f 996 1048 1020
f 617 630 624
f 664 638 650
f 972 1020 998
f 638 624 650
f 692 664 680
f 973 1021 997
f 664 650 680
f 725 692 708
f 1021 1049 997
f 692 680 708
f 764 725 746
f 998 1021 973
f 725 708 746
f 804 764 786
f 1048 1070 1020
f 764 746 786
f 854 804 823
f 1048 1102 1070
f 804 786 823
f 900 854 876
f 1020 1070 1050
f 854 823 876
f 942 900 923
f 1021 1071 1049
f 900 876 923
f 996 942 968
f 1071 1103 1049
f 942 923 968
f 1048 996 1016
f 1050 1071 1021
f 996 968 1016
f 1102 1048 1068
f 1102 1128 1070
f 1048 1016 1068
f 1154 1102 1126
f 1102 1154 1128
f 1102 1068 1126
f 1212 1154 1178
f 1070 1128 1104
f 1154 1126 1178
f 1266 1212 1239
f 1071 1129 1103
f 1212 1178 1239
f 1328 1266 1298
f 1129 1155 1103
f 1266 1239 1298
f 1385 1328 1352
f 1104 1129 1071
f 1328 1298 1352
f 1442 1385 1414
f 1154 1180 1128
f 1385 1352 1414
f 1506 1442 1474
f 1154 1212 1180
f 1442 1414 1474
f 1564 1506 1536
f 1128 1180 1156
f 1506 1474 1536
f 1626 1564 1599
f 1129 1181 1155
f 1564 1536 1599
f 1686 1626 1662
f 1181 1213 1155
f 1626 1599 1662
f 1750 1686 1724
f 1156 1181 1129
f 1686 1662 1724
f 1814 1750 1786
f 1212 1241 1180
f 1750 1724 1786
f 1970 1814 1881
f 1212 1266 1241
f 1814 1786 1881
f 2092 1970 2034
f 1180 1241 1214
f 1970 1881 2034
f 2222 2092 2157
f 1181 1242 1213
f 2092 2034 2157
f 2341 2222 2277
f 1242 1267 1213
f 2222 2157 2277
f 2467 2341 2399
f 1214 1242 1181
f 2341 2277 2399
f 2639 2467 2534
f 1266 1300 1241
f 2467 2399 2534
f 2781 2639 2709
f 1266 1328 1300
f 2639 2534 2709
f 2891 2781 2836
f 1241 1300 1270
f 2781 2709 2836
f 3007 2891 2953
f 1242 1301 1267
f 2891 2836 2953
f 3118 3007 3065
f 1301 1329 1267
f 3007 2953 3065
f 3234 3118 3177
f 1270 1301 1242
f 3118 3065 3177
f 3334 3234 3283
f 1328 1354 1300
f 3234 3177 3283
f 3450 3334 3391
f 1328 1385 1354
f 3334 3283 3391
f 2861 2919 2853
f 2911 2853 2919
f 2730 2775 2665
f 2764 2665 2775
f 3552 3450 3503
f 1300 1354 1330
f 3450 3391 3503
f 3662 3552 3607
f 1301 1355 1329
f 3552 3503 3607
f 3776 3662 3713
f 1355 1386 1329
f 3662 3607 3713
f 3872 3776 3825
f 1330 1355 1301
f 3776 3713 3825
f 3982 3872 3927
f 1385 1418 1354
f 3872 3825 3927
f 4098 3982 4037
f 1385 1442 1418
f 3982 3927 4037
f 4213 4098 4154
f 1354 1418 1387
f 4098 4037 4154
f 4322 4213 4262
f 1355 1419 1386
f 4213 4154 4262
f 4456 4322 4393
f 1419 1443 1386
f 4322 4262 4393
f 4592 4456 4523
f 1387 1419 1355
f 4456 4393 4523
f 4750 4592 4675
f 1442 1476 1418
f 4592 4523 4675
f 4858 4750 4812
f 1442 1506 1476
f 4750 4675 4812
f 4969 4858 4910
f 1418 1476 1444
f 4858 4812 4910
f 5070 4969 5018
f 1419 1477 1443
f 4969 4910 5018
f 5176 5070 5114
f 1477 1507 1443
f 5070 5018 5114
f 5314 5176 5215
f 1444 1477 1419
f 5176 5114 5215
f 5346 5314 5324
f 1506 1540 1476
f 5314 5215 5324
f 5378 5346 5356
f 1506 1564 1540
f 5346 5324 5356
f 5410 5378 5388
f 1476 1540 1508
f 5378 5356 5388
f 5438 5410 5422
f 1477 1541 1507
f 5410 5388 5422
f 5468 5438 5449
f 1541 1565 1507
f 5438 5422 5449
f 5498 5468 5479
f 1508 1541 1477
f 5468 5449 5479
f 5530 5498 5513
f 1564 1601 1540
f 5498 5479 5513
f 5555 5530 5545
f 1564 1626 1601
f 5530 5513 5545
f 2421 2487 2357
f 1540 1601 1566
f 2421 2550 2487
f 2305 2357 2234
f 1541 1602 1565
f 2305 2421 2357
f 2180 2234 2114
f 1602 1627 1565
f 2180 2305 2234
f 2056 2114 1987
f 1566 1602 1541
f 2056 2180 2114
f 1920 1987 1827
f 1626 1665 1601
f 1920 2056 1987
f 1802 1827 1763
f 1626 1686 1665
f 1802 1920 1827
f 1738 1763 1701
f 1601 1665 1630
f 1738 1802 1763
f 1674 1701 1637
f 1602 1666 1627
f 1674 1738 1701
f 1613 1637 1579
f 1666 1687 1627
f 1613 1674 1637
f 1549 1579 1515
f 1630 1666 1602
f 1549 1613 1579
f 1489 1515 1458
f 1686 1726 1665
f 1489 1549 1515
f 1425 1458 1395
f 1686 1750 1726
f 1425 1489 1458
f 1367 1395 1337
f 1665 1726 1688
f 1367 1425 1395
f 1309 1337 1281
f 1666 1727 1687
f 1309 1367 1337
f 1252 1281 1225
f 1727 1751 1687
f 1252 1309 1281
f 1193 1225 1164
f 1688 1727 1666
f 1193 1252 1225
f 1135 1164 1113
f 1750 1788 1726
f 1135 1193 1164
f 1083 1113 1055
f 1750 1814 1788
f 1083 1135 1113
f 1031 1055 1006
f 1726 1788 1752
f 1031 1083 1055
f 979 1006 947
f 1727 1789 1751
f 979 1031 1006
f 932 947 909
f 1789 1815 1751
f 932 979 947
f 883 909 861
f 1752 1789 1727
f 883 932 909
f 834 861 809
f 1814 1896 1788
f 834 883 861
f 793 809 777
f 1814 1970 1896
f 793 834 809
f 755 777 730
f 1788 1896 1818
f 755 793 777
f 716 730 697
f 1789 1897 1815
f 716 755 730
f 687 697 673
f 1897 1971 1815
f 687 716 697
f 659 673 643
f 1818 1897 1789
f 659 687 673
f 631 643 618
f 1970 2036 1896
f 631 659 643
f 625 618 639
f 1970 2092 2036
f 625 631 618
f 651 639 665
f 1896 2036 1974
f 651 625 639
f 681 665 693
f 1897 2037 1971
f 681 651 665
f 709 693 726
f 2037 2093 1971
f 709 681 693
f 747 726 765
f 1974 2037 1897
f 747 709 726
f 787 765 805
f 2092 2159 2036
f 787 747 765
f 824 805 855
f 2092 2222 2159
f 824 787 805
f 877 855 901
f 2036 2159 2094
f 877 824 855
f 924 901 943
f 2037 2160 2093
f 924 877 901
f 969 943 997
f 2160 2223 2093
f 969 924 943
f 1017 997 1049
f 2094 2160 2037
f 1017 969 997
f 1069 1049 1103
f 2222 2281 2159
f 1069 1017 1049
f 1127 1103 1155
f 2222 2341 2281
f 1127 1069 1103
f 1179 1155 1213
f 2159 2281 2224
f 1179 1127 1155
f 1240 1213 1267
f 2160 2282 2223
f 1240 1179 1213
f 5974 5983 5968
f 5969 5984 5975
f 3330 3402 3439
f 3440 3401 3331
f 3228 3128 3158
f 3128 3219 3139
f 3158 3233 3228
f 5858 5836 5845
f 3140 3220 3127
f 1766 1803 1739
f 3063 3093 2979
f 2979 2918 2975
f 1459 1398 1424
f 2980 3094 3064
f 2976 2919 2980
f 1426 1398 1459
f 3093 3063 3139
f 3139 3167 3093
f 1398 1338 1366
f 3140 3064 3094
f 3094 3168 3140
f 1370 1338 1398
f 5846 5831 5859
f 1371 1427 1399
f 1338 1282 1308
f 5860 5832 5847
f 1425 1367 1399
f 1313 1282 1338
f 2918 2979 2860
f 2860 2776 2852
f 1282 1226 1251
f 2776 2860 2729
f 1299 1267 1329
f 1254 1226 1282
f 2282 2342 2223
f 1299 1240 1267
f 1226 1165 1192
f 1353 1329 1386
f 2224 2282 2160
f 1194 1165 1226
f 1353 1299 1329
f 1415 1386 1443
f 1165 1114 1134
f 2341 2407 2281
f 1415 1353 1386
f 1140 1114 1165
f 1475 1443 1507
f 2341 2467 2407
f 1114 1056 1082
f 1475 1415 1443
f 1537 1507 1565
f 1087 1056 1114
f 2281 2407 2345
f 1537 1475 1507
f 1056 1007 1030
f 1600 1565 1627
f 2282 2408 2342
f 1032 1007 1056
f 1600 1537 1565
f 1663 1627 1687
f 1007 948 978
f 2408 2468 2342
f 1663 1600 1627
f 982 948 1007
f 1725 1687 1751
f 2345 2408 2282
f 948 910 931
f 1725 1663 1687
f 1787 1751 1815
f 933 910 948
f 2467 2538 2407
f 1787 1725 1751
f 910 862 882
f 1882 1815 1971
f 2467 2639 2538
f 884 862 910
f 1882 1787 1815
f 2035 1971 2093
f 862 810 833
f 2407 2538 2470
f 2035 1882 1971
f 835 810 862
f 2158 2093 2223
f 2408 2539 2468
f 810 778 792
f 2158 2035 2093
f 2278 2223 2342
f 794 778 810
f 2539 2640 2468
f 2278 2158 2223
f 778 731 754
f 2400 2342 2468
f 2470 2539 2408
f 756 731 778
f 2400 2278 2342
f 2535 2468 2640
f 731 700 715
f 2639 2715 2538
f 2535 2400 2468
f 717 700 731
f 2710 2640 2782
f 2639 2781 2715
f 700 674 686
f 2710 2535 2640
f 2837 2782 2892
f 688 674 700
f 2538 2715 2643
f 2837 2710 2782
f 674 644 658
f 2954 2892 3008
f 2539 2716 2640
f 660 644 674
f 2954 2837 2892
f 3066 3008 3119
f 644 620 630
f 2716 2782 2640
f 3066 2954 3008
f 632 620 644
f 3178 3119 3235
f 2643 2716 2539
f 620 634 624
f 3178 3066 3119
f 3284 3235 3335
f 622 634 620
f 2781 2842 2715
f 3284 3178 3235
f 634 662 650
f 3392 3335 3451
f 2781 2891 2842
f 648 662 634
f 3392 3284 3335
f 3504 3451 3553
f 662 690 680
f 2715 2842 2785
f 3504 3392 3451
f 678 690 662
f 3608 3553 3663
f 2716 2843 2782
f 690 723 708
f 3608 3504 3553
f 3714 3663 3777
f 704 723 690
f 2843 2892 2782
f 3714 3608 3663
f 723 762 746
f 3826 3777 3873
f 2785 2843 2716
f 742 762 723
f 3826 3714 3777
f 3928 3873 3983
f 762 802 786
f 2891 2955 2842
f 3928 3826 3873
f 784 802 762
f 4038 3983 4099
f 2891 3007 2955
f 802 850 823
f 4038 3928 3983
f 4155 4099 4214
f 821 850 802
f 2842 2955 2893
f 4155 4038 4099
f 850 896 876
f 4263 4214 4323
f 2843 2956 2892
f 872 896 850
f 4263 4155 4214
f 4394 4323 4457
f 896 940 923
f 2956 3008 2892
f 4394 4263 4323
f 921 940 896
f 4524 4457 4593
f 2893 2956 2843
f 940 994 968
f 4524 4394 4457
f 4676 4593 4751
f 964 994 940
f 3007 3067 2955
f 4676 4524 4593
f 994 1046 1016
f 4813 4751 4859
f 3007 3118 3067
f 1013 1046 994
f 4813 4676 4751
f 4911 4859 4970
f 1046 1097 1068
f 2955 3067 3011
f 4911 4813 4859
f 1066 1097 1046
f 5019 4970 5071
f 2956 3068 3008
f 1097 1152 1126
f 5019 4911 4970
f 5115 5071 5177
f 1124 1152 1097
f 3068 3119 3008
f 5115 5019 5071
f 1152 1210 1178
f 5216 5177 5315
f 3011 3068 2956
f 1176 1210 1152
f 5216 5115 5177
f 5325 5315 5347
f 1210 1262 1239
f 3118 3179 3067
f 5325 5216 5315
f 1237 1262 1210
f 5357 5347 5379
f 3118 3234 3179
f 1262 1324 1298
f 5357 5325 5347
f 5389 5379 5411
f 1296 1324 1262
f 3067 3179 3120
f 5389 5357 5379
f 1324 1383 1352
f 5423 5411 5439
f 3068 3180 3119
f 1350 1383 1324
f 5423 5389 5411
f 5450 5439 5469
f 1383 1440 1414
f 3180 3235 3119
f 5450 5423 5439
f 1412 1440 1383
f 5480 5469 5499
f 3120 3180 3068
f 1440 1502 1474
f 5480 5450 5469
f 5514 5499 5531
f 1472 1502 1440
f 3234 3285 3179
f 5514 5480 5499
f 1502 1562 1536
f 5546 5531 5556
f 3234 3334 3285
f 1533 1562 1502
f 5546 5514 5531
f 5587 5555 5571
f 1562 1624 1599
f 3179 3285 3236
f 5555 5545 5571
f 1597 1624 1562
f 5572 5556 5588
f 3180 3286 3235
f 1624 1682 1662
f 5572 5546 5556
f 5617 5587 5603
f 1658 1682 1624
f 3286 3335 3235
f 5587 5571 5603
f 1682 1748 1724
f 5604 5588 5618
f 3236 3286 3180
f 1720 1748 1682
f 5604 5572 5588
f 5645 5617 5630
f 1748 1812 1786
f 3334 3393 3285
f 5617 5603 5630
f 1784 1812 1748
f 5631 5618 5646
f 3334 3450 3393
f 1812 1966 1881
f 5631 5604 5618
f 5672 5645 5660
f 1874 1966 1812
f 3285 3393 3336
f 5645 5630 5660
f 1966 2090 2034
f 5661 5646 5673
f 3286 3394 3335
f 2028 2090 1966
f 5661 5631 5646
f 5700 5672 5686
f 2090 2214 2157
f 3394 3451 3335
f 5672 5660 5686
f 2149 2214 2090
f 5687 5673 5701
f 3336 3394 3286
f 2214 2337 2277
f 5687 5661 5673
f 5722 5700 5716
f 2270 2337 2214
f 3450 3507 3393
f 5700 5686 5716
f 2337 2463 2399
f 5717 5701 5723
f 3450 3552 3507
f 2395 2463 2337
f 5717 5687 5701
f 5749 5722 5741
f 2463 2635 2534
f 3393 3507 3452
f 5722 5716 5741
f 2530 2635 2463
f 5742 5723 5750
f 3394 3508 3451
f 2635 2777 2709
f 5742 5717 5723
f 5779 5749 5761
f 2707 2777 2635
f 3508 3553 3451
f 5749 5741 5761
f 2777 2887 2836
f 5762 5750 5780
f 3452 3508 3394
f 2830 2887 2777
f 5762 5742 5750
f 5801 5779 5784
f 2887 3005 2953
f 3552 3609 3507
f 5779 5761 5784
f 2951 3005 2887
f 5785 5780 5802
f 3552 3662 3609
f 3005 3114 3065
f 5785 5762 5780
f 5816 5801 5810
f 3059 3114 3005
f 3507 3609 3554
f 5801 5784 5810
f 3114 3230 3177
f 5811 5802 5817
f 3508 3610 3553
f 3175 3230 3114
f 5811 5785 5802
f 5829 5816 5831
f 3230 3328 3283
f 3610 3663 3553
f 5816 5810 5831
f 3277 3328 3230
f 5832 5817 5830
f 3554 3610 3508
f 3328 3448 3391
f 5832 5811 5817
f 5831 5846 5829
f 3389 3448 3328
f 2861 2980 2919
f 2853 2775 2861
f 3448 3550 3503
f 2730 2861 2775
f 3662 3715 3609
f 3499 3550 3448
f 3662 3776 3715
f 3609 3715 3666
f 3550 3660 3607
f 3610 3716 3663
f 3716 3777 3663
f 3603 3660 3550
f 3666 3716 3610
f 3776 3827 3715
f 3660 3766 3713
f 3776 3872 3827
f 1615 1676 1643
f 3711 3766 3660
f 1674 1613 1643
f 1031 979 1008
f 3766 3870 3825
f 983 1033 1008
f 1676 1740 1703
f 3821 3870 3766
f 1738 1674 1703
f 979 932 949
f 3870 3980 3927
f 934 983 949
f 1740 1804 1767
f 3925 3980 3870
f 1802 1738 1767
f 932 883 911
f 3980 4090 4037
f 885 934 911
f 1804 1926 1831
f 4032 4090 3980
f 1920 1802 1831
f 883 834 863
f 4090 4211 4154
f 836 885 863
f 1926 2062 1994
f 4152 4211 4090
f 2056 1920 1994
f 834 793 811
f 4211 4313 4262
f 795 836 811
f 2062 2184 2124
f 4260 4313 4211
f 2180 2056 2124
f 793 755 779
f 4313 4448 4393
f 757 795 779
f 2184 2309 2240
f 4387 4448 4313
f 2305 2180 2240
f 755 716 732
f 4448 4583 4523
f 718 757 732
f 2309 2432 2365
f 4515 4583 4448
f 2421 2305 2365
f 716 687 701
f 4583 4743 4675
f 689 718 701
f 2432 2566 2491
f 4671 4743 4583
f 2550 2421 2491
f 687 659 675
f 4743 4854 4812
f 661 689 675
f 2566 2748 2651
f 4808 4854 4743
f 2730 2550 2651
f 659 631 645
f 4854 4963 4910
f 633 661 645
f 5585 5569 5599
f 4903 4963 4854
f 5585 5603 5571
f 631 625 621
f 4963 5068 5018
f 623 633 621
f 5553 5539 5569
f 5010 5068 4963
f 5553 5571 5545
f 625 651 635
f 5068 5168 5114
f 649 623 635
f 5528 5511 5539
f 5112 5168 5068
f 5528 5545 5513
f 651 681 663
f 5168 5310 5215
f 679 649 663
f 5496 5477 5511
f 5213 5310 5168
f 5496 5513 5479
f 681 709 691
f 5310 5344 5324
f 705 679 691
f 5462 5447 5477
f 5322 5344 5310
f 5462 5479 5449
f 709 747 724
f 5344 5376 5356
f 743 705 724
f 5436 5419 5447
f 5354 5376 5344
f 5436 5449 5422
f 747 787 763
f 5376 5408 5388
f 785 743 763
f 5408 5386 5419
f 5386 5408 5376
f 5408 5422 5388
f 787 824 803
f 5408 5436 5422
f 822 785 803
f 5376 5354 5386
f 5419 5436 5408
f 5376 5388 5356
f 824 877 851
f 5436 5462 5449
f 873 822 851
f 5344 5322 5354
f 5447 5462 5436
f 5344 5356 5324
f 877 924 897
f 5462 5496 5479
f 922 873 897
f 5310 5213 5322
f 5477 5496 5462
f 5310 5324 5215
f 924 969 941
f 5496 5528 5513
f 965 922 941
f 5168 5112 5213
f 5511 5528 5496
f 5168 5215 5114
f 969 1017 995
f 5528 5553 5545
f 1014 965 995
f 5068 5010 5112
f 5539 5553 5528
f 5068 5114 5018
f 1017 1069 1047
f 5553 5585 5571
f 1067 1014 1047
f 4963 4903 5010
f 5569 5585 5553
f 4963 5018 4910
f 1069 1127 1098
f 5585 5615 5603
f 1125 1067 1098
f 4854 4808 4903
f 5599 5615 5585
f 4854 4910 4812
f 1127 1179 1153
f 2550 2491 2651
f 1177 1125 1153
f 4743 4671 4808
f 2651 2491 2566
f 4743 4812 4675
f 1179 1240 1211
f 2421 2365 2491
f 1238 1177 1211
f 4583 4515 4671
f 2491 2365 2432
f 4583 4675 4523
f 1240 1299 1263
f 2305 2240 2365
f 1297 1238 1263
f 4448 4387 4515
f 2365 2240 2309
f 4448 4523 4393
f 1299 1353 1325
f 2180 2124 2240
f 1351 1297 1325
f 4313 4260 4387
f 2240 2124 2184
f 4313 4393 4262
f 1353 1415 1384
f 2056 1994 2124
f 1413 1351 1384
f 4211 4152 4260
f 2124 1994 2062
f 4211 4262 4154
f 1415 1475 1441
f 1920 1831 1994
f 1473 1413 1441
f 4090 4032 4152
f 1994 1831 1926
f 4090 4154 4037
f 1475 1537 1503
f 1802 1767 1831
f 1534 1473 1503
f 3980 3925 4032
f 1831 1767 1804
f 3980 4037 3927
f 1537 1600 1563
f 1738 1703 1767
f 1598 1534 1563
f 3870 3821 3925
f 1767 1703 1740
f 3870 3927 3825
f 1600 1663 1625
f 1674 1643 1703
f 1659 1598 1625
f 3766 3711 3821
f 1703 1643 1676
f 3766 3825 3713
f 1663 1725 1683
f 1613 1581 1643
f 1721 1659 1683
f 3660 3603 3711
f 1643 1581 1615
f 3660 3713 3607
f 1725 1787 1749
f 1549 1519 1581
f 1785 1721 1749
f 3550 3499 3603
f 1581 1519 1551
f 3550 3607 3503
f 1787 1882 1813
f 1489 1460 1519
f 1875 1785 1813
f 3448 3389 3499
f 1519 1460 1493
f 3448 3503 3391
f 1882 2035 1967
f 1425 1399 1460
f 2029 1875 1967
f 3328 3277 3389
f 1460 1399 1427
f 3328 3391 3283
f 2035 2158 2091
f 1367 1339 1399
f 2150 2029 2091
f 3230 3175 3277
f 1399 1339 1371
f 3230 3283 3177
f 2158 2278 2215
f 1309 1283 1339
f 2271 2150 2215
f 3114 3059 3175
f 1339 1283 1314
f 3114 3177 3065
f 2278 2400 2338
f 1252 1227 1283
f 2396 2271 2338
f 3005 2951 3059
f 1283 1227 1255
f 3005 3065 2953
f 2400 2535 2464
f 1193 1166 1227
f 2531 2396 2464
f 2887 2830 2951
f 1227 1166 1195
f 2887 2953 2836
f 2535 2710 2636
f 1135 1115 1166
f 2708 2531 2636
f 2777 2707 2830
f 1166 1115 1141
f 2777 2836 2709
f 2710 2837 2778
f 1083 1057 1115
f 2831 2708 2778
f 2635 2530 2707
f 1115 1057 1088
f 2635 2709 2534
f 2837 2954 2888
f 1031 1008 1057
f 2952 2831 2888
f 2463 2395 2530
f 1057 1008 1033
f 2463 2534 2399
f 2954 3066 3006
f 979 949 1008
f 3060 2952 3006
f 2337 2270 2395
f 1008 949 983
f 2337 2399 2277
f 3066 3178 3115
f 932 911 949
f 3176 3060 3115
f 2214 2149 2270
f 949 911 934
f 2214 2277 2157
f 3178 3284 3231
f 883 863 911
f 3278 3176 3231
f 2090 2028 2149
f 911 863 885
f 2090 2157 2034
f 3284 3392 3329
f 834 811 863
f 3390 3278 3329
f 1966 1874 2028
f 863 811 836
f 1966 2034 1881
f 3392 3504 3449
f 793 779 811
f 3500 3390 3449
f 1812 1784 1874
f 811 779 795
f 1812 1881 1786
f 3504 3608 3551
f 755 732 779
f 3604 3500 3551
f 5830 5847 5832
f 779 732 757
f 2960 3036 2975
f 3015 3036 2960
f 2976 3035 2959
f 2959 3035 3015
f 716 701 732
f 1252 1193 1227
f 732 701 718
f 687 675 701
f 1195 1255 1227
f 701 675 689
f 659 645 675
f 675 645 661
f 2838 2910 2852
f 2903 2910 2838
f 2853 2911 2839
f 2839 2911 2903
f 2682 2763 2666
f 2767 2763 2682
f 2665 2764 2683
f 2683 2764 2767
f 3715 3827 3778
f 3716 3828 3777
f 3828 3873 3777
f 3778 3828 3716
f 3872 3931 3827
f 3872 3982 3931
f 3827 3931 3876
f 3828 3932 3873
f 3932 3983 3873
f 3876 3932 3828
f 3982 4041 3931
f 3982 4098 4041
f 3931 4041 3988
f 3932 4042 3983
f 4042 4099 3983
f 3988 4042 3932
f 4098 4156 4041
f 4098 4213 4156
f 4041 4156 4106
f 4042 4157 4099
f 4157 4214 4099
f 4106 4157 4042
f 4213 4266 4156
f 4213 4322 4266
f 4156 4266 4217
f 4157 4267 4214
f 4267 4323 4214
f 4217 4267 4157
f 4322 4395 4266
f 4322 4456 4395
f 4266 4395 4326
f 4267 4396 4323
f 4396 4457 4323
f 4326 4396 4267
f 4456 4525 4395
f 4456 4592 4525
f 4395 4525 4460
f 4396 4526 4457
f 4526 4593 4457
f 4460 4526 4396
f 4592 4679 4525
f 4592 4750 4679
f 4525 4679 4596
f 4526 4680 4593
f 4680 4751 4593
f 4596 4680 4526
f 4750 4817 4679
f 4750 4858 4817
f 4679 4817 4756
f 4680 4818 4751
f 4818 4859 4751
f 4756 4818 4680
f 4858 4914 4817
f 4858 4969 4914
f 4817 4914 4862
f 4818 4915 4859
f 4915 4970 4859
f 4862 4915 4818
f 4969 5024 4914
f 4969 5070 5024
f 4914 5024 4971
f 4915 5025 4970
f 5025 5071 4970
f 4971 5025 4915
f 5070 5116 5024
f 5070 5176 5116
f 5024 5116 5072
f 5025 5117 5071
f 5117 5177 5071
f 5072 5117 5025
f 5176 5217 5116
f 5176 5314 5217
f 5116 5217 5180
f 5117 5218 5177
f 5218 5315 5177
f 5180 5218 5117
f 5314 5326 5217
f 5314 5346 5326
f 5217 5326 5316
f 5218 5327 5315
f 5327 5347 5315
f 5316 5327 5218
f 5346 5358 5326
f 5346 5378 5358
f 5326 5358 5348
f 5327 5359 5347
f 5359 5379 5347
f 5348 5359 5327
f 5378 5390 5358
f 5378 5410 5390
f 5358 5390 5380
f 5359 5391 5379
f 5391 5411 5379
f 5380 5391 5359
f 5410 5424 5390
f 5410 5438 5424
f 5390 5424 5412
f 5391 5425 5411
f 5425 5439 5411
f 5412 5425 5391
f 5438 5451 5424
f 5438 5468 5451
f 5424 5451 5442
f 5425 5452 5439
f 5452 5469 5439
f 5442 5452 5425
f 5468 5481 5451
f 5468 5498 5481
f 5451 5481 5470
f 5452 5482 5469
f 5482 5499 5469
f 5470 5482 5452
f 5498 5515 5481
f 5498 5530 5515
f 5481 5515 5500
f 5482 5516 5499
f 5516 5531 5499
f 5500 5516 5482
f 5530 5547 5515
f 5530 5555 5547
f 5515 5547 5532
f 5516 5548 5531
f 5548 5556 5531
f 5532 5548 5516
f 5555 5573 5547
f 5555 5587 5573
f 5547 5573 5557
f 5548 5574 5556
f 5574 5588 5556
f 5557 5574 5548
f 5587 5605 5573
f 5587 5617 5605
f 5573 5605 5589
f 5574 5606 5588
f 5606 5618 5588
f 5589 5606 5574
f 5617 5632 5605
f 5617 5645 5632
f 5605 5632 5619
f 5606 5633 5618
f 5633 5646 5618
f 5619 5633 5606
f 5645 5662 5632
f 5645 5672 5662
f 5632 5662 5647
f 5633 5663 5646
f 5663 5673 5646
f 5647 5663 5633
f 5672 5688 5662
f 5672 5700 5688
f 5662 5688 5675
f 5663 5689 5673
f 5689 5701 5673
f 5675 5689 5663
f 5700 5718 5688
f 5700 5722 5718
f 5688 5718 5702
f 5689 5719 5701
f 5719 5723 5701
f 5702 5719 5689
f 5722 5743 5718
f 5722 5749 5743
f 5718 5743 5724
f 5719 5744 5723
f 5744 5750 5723
f 5724 5744 5719
f 2666 2532 2682
f 2666 2486 2532
f 2682 2532 2622
f 2683 2533 2665
f 2533 2487 2665
f 2622 2533 2683
f 5749 5763 5743
f 5749 5779 5763
f 5743 5763 5751
f 5744 5764 5750
f 5764 5780 5750
f 5751 5764 5744
f 5779 5788 5763
f 5779 5801 5788
f 5763 5788 5781
f 5764 5789 5780
f 5789 5802 5780
f 5781 5789 5764
f 5801 5814 5788
f 5801 5816 5814
f 5788 5814 5805
f 5789 5815 5802
f 5815 5817 5802
f 5805 5815 5789
f 5816 5829 5814
f 5827 5814 5829
f 5824 5814 5827
f 5815 5830 5817
f 5830 5815 5828
f 5828 5815 5824
f 3133 3028 3093
f 3083 3028 3133
f 3094 3027 3134
f 3134 3027 3084
f 5878 5888 5871
f 5870 5887 5877
f 5888 5878 5897
f 5896 5877 5887
f 3168 3094 3134
f 5873 5858 5865
f 3133 3093 3167
f 5860 5871 5865
f 2748 2813 2742
f 2730 2651 2742
f 2742 2813 2730
f 2742 2651 2748
f 2741 2812 2747
f 2741 2650 2729
f 2729 2812 2741
f 2747 2650 2741
f 3568 3636 3635
f 3568 3479 3518
f 3518 3636 3568
f 3563 3567 3480
f 3633 3632 3567
f 3517 3480 3567
f 3567 3632 3517
f 3563 3633 3567
f 5914 5915 5937
f 5954 5965 5937
f 5937 5915 5954
f 5939 5937 5965
f 5936 5911 5912
f 5936 5964 5953
f 5953 5911 5936
f 5939 5914 5937
f 5964 5936 5938
f 3089 3035 3127
f 3127 3158 3089
f 3015 3035 3089
f 5936 5912 5938
f 3128 3036 3090
f 3090 3158 3128
f 3090 3036 3015
f 2966 3084 3027
f 2650 2549 2729
f 3028 3083 2965
f 2650 2747 2565
f 5865 5884 5873
f 5871 5884 5865
f 5872 5883 5864
f 5864 5883 5870
f 5920 5901 5888
f 1033 1088 1057
f 3191 3133 3214
f 3242 3134 3213
f 5888 5897 5920
f 1083 1031 1057
f 3241 3271 3214
f 3192 3272 3213
f 3084 3192 3134
f 3242 3168 3134
f 3214 3133 3241
f 3133 3191 3083
f 3133 3167 3241
f 3214 3271 3191
f 5920 5897 5927
f 5887 5900 5919
f 5919 5896 5887
f 5926 5896 5919
f 5892 5884 5903
f 5903 5884 5901
f 5902 5883 5891
f 5900 5883 5902
f 3027 2924 2966
f 2980 2924 3027
f 3027 3094 2980
f 2965 2925 3028
f 3028 2925 2979
f 2979 3093 3028
f 5977 5979 5963
f 5967 5979 5977
f 3300 3417 3376
f 3376 3417 3466
f 5962 5978 5976
f 5976 5978 5966
f 3375 3416 3299
f 3465 3416 3375
f 5861 5869 5853
f 5853 5869 5863
f 5852 5868 5861
f 5862 5868 5852
f 5845 5865 5858
f 5860 5865 5845
f 5857 5864 5844
f 5844 5864 5859
f 5821 5845 5836
f 5832 5845 5821
f 5835 5844 5820
f 5820 5844 5831
f 5800 5821 5813
f 5811 5821 5800
f 5812 5820 5799
f 5799 5820 5810
f 5778 5800 5787
f 5785 5800 5778
f 5786 5799 5777
f 5777 5799 5784
f 5748 5778 5760
f 5762 5778 5748
f 5759 5777 5747
f 5747 5777 5761
f 5721 5748 5740
f 5742 5748 5721
f 5739 5747 5720
f 5720 5747 5741
f 5699 5721 5714
f 5717 5721 5699
f 5713 5720 5698
f 5698 5720 5716
f 5667 5699 5685
f 5687 5699 5667
f 5684 5698 5666
f 5666 5698 5686
f 5644 5667 5659
f 5661 5667 5644
f 5658 5666 5643
f 5643 5666 5660
f 5616 5644 5629
f 5631 5644 5616
f 5628 5643 5615
f 5615 5643 5630
f 5586 5616 5600
f 5604 5616 5586
f 5554 5586 5570
f 5572 5586 5554
f 5529 5554 5540
f 5546 5554 5529
f 5497 5529 5512
f 5514 5529 5497
f 5463 5497 5478
f 5480 5497 5463
f 5437 5463 5448
f 5450 5463 5437
f 5409 5437 5420
f 5423 5437 5409
f 5377 5409 5387
f 5389 5409 5377
f 5345 5377 5355
f 5357 5377 5345
f 5311 5345 5323
f 5325 5345 5311
f 5169 5311 5214
f 5216 5311 5169
f 5069 5169 5113
f 5115 5169 5069
f 4964 5069 5011
f 5019 5069 4964
f 4855 4964 4904
f 4911 4964 4855
f 4744 4855 4809
f 4813 4855 4744
f 4584 4744 4672
f 4676 4744 4584
f 4449 4584 4516
f 4524 4584 4449
f 4314 4449 4388
f 4394 4449 4314
f 4212 4314 4261
f 4263 4314 4212
f 4091 4212 4153
f 4155 4212 4091
f 3981 4091 4033
f 4038 4091 3981
f 3871 3981 3926
f 3928 3981 3871
f 3767 3871 3822
f 3826 3871 3767
f 3661 3767 3712
f 3714 3767 3661
f 3551 3661 3604
f 3608 3661 3551
f 3449 3551 3500
f 3504 3551 3449
f 3329 3449 3390
f 3392 3449 3329
f 3231 3329 3278
f 3284 3329 3231
f 3115 3231 3176
f 3178 3231 3115
f 3006 3115 3060
f 3066 3115 3006
f 2888 3006 2952
f 2954 3006 2888
f 2778 2888 2831
f 2837 2888 2778
f 2636 2778 2708
f 2710 2778 2636
f 2464 2636 2531
f 2535 2636 2464
f 2338 2464 2396
f 2400 2464 2338
f 2215 2338 2271
f 2278 2338 2215
f 2091 2215 2150
f 2158 2215 2091
f 1967 2091 2029
f 2035 2091 1967
f 1813 1967 1875
f 1882 1967 1813
f 1749 1813 1785
f 1787 1813 1749
f 2975 2910 2960
f 2910 2975 2918
f 2959 2911 2976
f 2919 2976 2911
f 2852 2763 2838
f 2763 2852 2776
f 2839 2764 2853
f 2775 2853 2764
f 1683 1749 1721
f 1748 1720 1784
f 1725 1749 1683
f 1748 1786 1724
f 1625 1683 1659
f 3608 3714 3661
f 1663 1683 1625
f 3712 3604 3661
f 1563 1625 1598
f 1682 1658 1720
f 1600 1625 1563
f 1682 1724 1662
f 1503 1563 1534
f 3714 3826 3767
f 1537 1563 1503
f 3822 3712 3767
f 1441 1503 1473
f 1624 1597 1658
f 1475 1503 1441
f 1624 1662 1599
f 1384 1441 1413
f 3826 3928 3871
f 3064 3140 3127
f 3926 3822 3871
f 1415 1441 1384
f 1562 1533 1597
f 3128 3139 3063
f 1562 1599 1536
f 5869 5861 5874
f 3928 4038 3981
f 5874 5861 5868
f 4033 3926 3981
f 3064 3127 3035
f 1502 1472 1533
f 1325 1384 1351
f 1502 1536 1474
f 3036 3128 3063
f 4038 4155 4091
f 1353 1384 1325
f 4153 4033 4091
f 3496 3395 3398
f 1440 1412 1472
f 3397 3395 3495
f 1440 1474 1414
f 5981 5982 5958
f 4155 4263 4212
f 5959 5982 5980
f 4261 4153 4212
f 5884 5892 5873
f 1383 1350 1412
f 5884 5871 5888
f 1383 1414 1352
f 1263 1325 1297
f 4263 4394 4314
f 5872 5891 5883
f 4388 4261 4314
f 5887 5870 5883
f 1324 1296 1350
f 1299 1325 1263
f 1324 1352 1298
f 5955 5957 5934
f 4394 4524 4449
f 5934 5957 5927
f 4516 4388 4449
f 5934 5921 5955
f 1262 1237 1296
f 5933 5956 5955
f 1262 1298 1239
f 5926 5956 5933
f 4524 4676 4584
f 631 621 645
f 5955 5921 5933
f 4672 4516 4584
f 3229 3304 3295
f 1210 1176 1237
f 3220 3304 3229
f 1210 1239 1178
f 3295 3233 3229
f 645 621 633
f 4676 4813 4744
f 3295 3303 3228
f 4809 4672 4744
f 3228 3303 3219
f 1152 1124 1176
f 3228 3233 3295
f 1152 1178 1126
f 5895 5921 5905
f 4813 4911 4855
f 5927 5897 5905
f 4904 4809 4855
f 1211 1263 1238
f 1097 1066 1124
f 5904 5921 5895
f 1097 1126 1068
f 5904 5896 5926
f 4911 5019 4964
f 1240 1263 1211
f 5011 4904 4964
f 5832 5860 5845
f 1046 1013 1066
f 1766 1737 1801
f 1046 1068 1016
f 5886 5874 5895
f 5019 5115 5069
f 5886 5897 5878
f 5113 5011 5069
f 1153 1211 1177
f 994 964 1013
f 5895 5874 5885
f 994 1016 968
f 5877 5896 5885
f 5115 5216 5169
f 1179 1211 1153
f 5214 5113 5169
f 5828 5824 5843
f 940 921 964
f 5843 5824 5827
f 940 968 923
f 3292 3401 3346
f 5216 5325 5311
f 3398 3304 3346
f 5323 5214 5311
f 3346 3401 3398
f 896 872 921
f 3346 3304 3292
f 896 923 876
f 3345 3402 3291
f 5325 5357 5345
f 3345 3303 3397
f 5355 5323 5345
f 3397 3402 3345
f 850 821 872
f 3291 3303 3345
f 850 876 823
f 5971 5984 5951
f 5357 5389 5377
f 5971 5957 5981
f 5387 5355 5377
f 5981 5984 5971
f 802 784 821
f 5951 5957 5971
f 802 823 786
f 5952 5983 5970
f 5389 5423 5409
f 5980 5956 5970
f 5420 5387 5409
f 5970 5983 5980
f 762 742 784
f 5970 5956 5952
f 762 786 746
f 1098 1153 1125
f 5423 5450 5437
f 1127 1153 1098
f 5448 5420 5437
f 1047 1098 1067
f 723 704 742
f 1069 1098 1047
f 723 746 708
f 995 1047 1014
f 5450 5480 5463
f 1017 1047 995
f 5478 5448 5463
f 941 995 965
f 690 678 704
f 969 995 941
f 690 708 680
f 1613 1549 1581
f 5480 5514 5497
f 1551 1615 1581
f 5512 5478 5497
f 1088 1141 1115
f 662 648 678
f 1135 1083 1115
f 662 680 650
f 1549 1489 1519
f 5514 5546 5529
f 1493 1551 1519
f 5540 5512 5529
f 1141 1195 1166
f 634 622 648
f 1193 1135 1166
f 634 650 624
f 5927 5951 5920
f 5546 5572 5554
f 5931 5901 5920
f 5570 5540 5554
f 5920 5951 5931
f 620 632 622
f 897 941 922
f 620 624 630
f 3210 3292 3220
f 5572 5604 5586
f 3210 3168 3242
f 5600 5570 5586
f 3242 3292 3210
f 644 660 632
f 924 941 897
f 644 630 658
f 5919 5952 5926
f 5615 5630 5603
f 5919 5900 5930
f 5615 5599 5628
f 5930 5952 5919
f 674 688 660
f 851 897 873
f 674 658 686
f 3219 3291 3209
f 5604 5631 5616
f 3241 3167 3209
f 5629 5600 5616
f 3209 3291 3241
f 700 717 688
f 877 897 851
f 700 686 715
f 5903 5923 5892
f 5643 5660 5630
f 5903 5901 5931
f 5643 5628 5658
f 5922 5945 5928
f 731 756 717
f 803 851 822
f 731 715 754
f 824 851 803
f 5631 5661 5644
f 763 803 785
f 5659 5629 5644
f 787 803 763
f 778 794 756
f 724 763 743
f 778 754 792
f 5891 5922 5902
f 5666 5686 5660
f 5930 5900 5902
f 5666 5658 5684
f 5930 5902 5928
f 810 835 794
f 747 763 724
f 810 792 833
f 691 724 705
f 5661 5687 5667
f 709 724 691
f 5685 5659 5667
f 663 691 679
f 862 884 835
f 681 691 663
f 862 833 882
f 3564 3635 3634
f 5698 5716 5686
f 3634 3496 3564
f 5698 5684 5713
f 3634 3633 3563
f 910 933 884
f 3563 3495 3634
f 910 882 931
f 5913 5914 5939
f 5687 5717 5699
f 5939 5958 5913
f 5714 5685 5699
f 5938 5912 5913
f 948 982 933
f 5913 5959 5938
f 948 931 978
f 5955 5982 5972
f 5720 5741 5716
f 5981 5957 5972
f 5720 5713 5739
f 5972 5982 5981
f 1007 1032 982
f 5972 5957 5955
f 1007 978 1030
f 5973 5982 5955
f 5717 5742 5721
f 5973 5956 5980
f 5740 5714 5721
f 5980 5982 5973
f 1056 1087 1032
f 5955 5956 5973
f 1056 1030 1082
f 3342 3395 3295
f 5747 5761 5741
f 3342 3304 3398
f 5747 5739 5759
f 3398 3395 3342
f 1114 1140 1087
f 3295 3304 3342
f 1114 1082 1134
f 3295 3395 3341
f 5742 5762 5748
f 3397 3303 3341
f 5760 5740 5748
f 3341 3395 3397
f 1165 1194 1140
f 3341 3303 3295
f 1165 1134 1192
f 635 663 649
f 5777 5784 5761
f 5928 5945 5930
f 5777 5759 5786
f 5928 5902 5922
f 1226 1254 1194
f 5929 5946 5923
f 1226 1192 1251
f 651 663 635
f 5762 5785 5778
f 5929 5903 5931
f 5787 5760 5778
f 5931 5946 5929
f 1282 1313 1254
f 5923 5903 5929
f 1282 1251 1308
f 621 635 623
f 5799 5810 5784
f 1489 1425 1460
f 5799 5786 5812
f 625 635 621
f 1338 1370 1313
f 1427 1493 1460
f 1338 1308 1366
f 5843 5853 5828
f 5785 5811 5800
f 5847 5830 5853
f 5813 5787 5800
f 5828 5853 5830
f 1398 1426 1370
f 5827 5852 5843
f 1398 1366 1424
f 5852 5829 5846
f 2812 2729 2860
f 5829 5852 5827
f 2812 2866 2747
f 5864 5857 5872
f 1459 1492 1426
f 5864 5870 5859
f 1459 1424 1488
f 2490 2420 2549
f 2861 2730 2813
f 2490 2565 2431
f 2748 2867 2813
f 2364 2304 2420
f 1518 1550 1492
f 2364 2431 2308
f 1518 1488 1548
f 2239 2179 2304
f 5820 5831 5810
f 2239 2308 2183
f 5820 5812 5835
f 2123 2055 2179
f 1580 1614 1550
f 2123 2183 2061
f 1580 1548 1612
f 1993 1919 2055
f 5811 5832 5821
f 1993 2061 1925
f 5836 5813 5821
f 2867 2966 2924
f 1642 1675 1614
f 2980 2861 2924
f 1642 1612 1673
f 1830 1801 1919
f 5844 5859 5831
f 1830 1925 1803
f 5844 5835 5857
f 2925 2965 2866
f 1702 1739 1675
f 2925 2860 2979
f 1702 1673 1737
f 6397 6375 6351
f 6303 6351 6375
f 6303 6375 6320
f 6376 6398 6352
f 6382 6375 6423
f 6375 6422 6423
f 6414 6376 6413
f 6376 6381 6413
f 5986 5991 5908
f 5991 5909 5908
f 5995 5987 5918
f 5917 5995 5918
f 6352 6304 6376
f 6375 6397 6422
f 6376 6304 6319
f 6398 6376 6414
f 5925 5991 6005
f 6320 6375 6382
f 5991 5925 5909
f 6043 6005 5991
f 5932 5995 5917
f 6376 6319 6381
f 6284 6303 6237
f 6023 5991 5986
f 6303 6254 6237
f 6045 6073 6108
f 5995 6024 5987
f 6097 6045 6108
f 6304 6292 6238
f 6253 6304 6238
f 6054 6043 6107
f 6043 6096 6107
f 6043 5991 6023
f 6254 6303 6320
f 5995 5932 6009
f 6045 6097 6024
f 6009 6045 5995
f 6304 6253 6319
f 5995 6045 6024
f 6096 6043 6023
f 6352 6398 6390
f 6398 6415 6390
f 6397 6351 6389
f 6421 6397 6389
f 5925 6005 5944
f 5910 5925 5944
f 6009 5932 5985
f 5932 5916 5985
f 6415 6398 6414
f 6397 6421 6422
f 5925 5910 5909
f 5916 5932 5917
f 6293 6234 6263
f 6174 6234 6175
f 6234 6174 6263
f 6115 6051 6088
f 6115 6174 6175
f 6174 6115 6088
f 6283 6216 6252
f 6216 6180 6252
f 6216 6179 6139
f 6139 6076 6106
f 6180 6216 6139
f 6416 6377 6390
f 6327 6372 6389
f 6377 6331 6390
f 6416 6390 6415
f 6372 6420 6389
f 6389 6351 6327
f 6389 6420 6421
f 6352 6390 6331
f 6331 6292 6352
f 5944 5911 5910
f 5992 5911 5944
f 6284 6327 6351
f 5915 5985 5916
f 6263 6174 6223
f 6263 6331 6293
f 6006 6031 5985
f 6006 6035 6031
f 6174 6088 6120
f 6021 6088 6051
f 6342 6377 6369
f 6377 6399 6369
f 6179 6260 6222
f 6327 6260 6283
f 6399 6377 6416
f 6377 6342 6331
f 6098 6179 6127
f 6098 6031 6076
f 6372 6339 6360
f 6394 6372 6360
f 6372 6394 6420
f 6021 5992 5944
f 6339 6372 6327
f 5992 6014 6000
f 5924 5992 6000
f 6009 5985 6031
f 5992 5924 5911
f 6014 5992 6021
f 6369 6328 6342
f 5944 6005 6021
f 6342 6328 6293
f 6044 6006 5999
f 6369 6399 6380
f 6031 6073 6009
f 6251 6317 6302
f 6370 6302 6317
f 6351 6303 6284
f 6034 6099 6046
f 6045 6009 6073
f 6046 5999 6034
f 6304 6352 6292
f 6175 6234 6259
f 6005 6043 6054
f 6234 6293 6259
f 6259 6177 6175
f 6115 6175 6095
f 6051 6115 6095
f 6177 6095 6175
f 6284 6237 6222
f 6223 6292 6263
f 6292 6331 6263
f 6252 6180 6178
f 6054 6120 6088
f 6021 6054 6088
f 6172 6237 6254
f 6180 6106 6178
f 6360 6318 6370
f 6380 6399 6417
f 6370 6418 6419
f 6176 6172 6108
f 6302 6370 6318
f 5913 5999 5914
f 6108 6073 6127
f 6317 6259 6328
f 6108 6172 6097
f 6259 6317 6251
f 6177 6259 6251
f 6095 6034 6022
f 6034 6095 6099
f 6095 6177 6099
f 6328 6380 6317
f 6238 6292 6223
f 6380 6328 6369
f 6318 6360 6339
f 5988 6022 6034
f 6022 5988 6000
f 6318 6339 6283
f 6370 6317 6380
f 6418 6370 6380
f 6034 5999 5988
f 5999 5913 5988
f 6222 6260 6284
f 6260 6327 6284
f 6098 6127 6073
f 6238 6171 6253
f 6031 6098 6073
f 6394 6360 6370
f 6054 6107 6120
f 6171 6107 6096
f 6342 6293 6331
f 6394 6370 6419
f 6283 6339 6327
f 6022 6000 6014
f 6051 6014 6021
f 6022 6014 6051
f 6035 6076 6031
f 5924 6000 5988
f 6417 6399 6416
f 5924 5988 5912
f 6394 6419 6420
f 6006 6044 6035
f 6174 6173 6223
f 6173 6174 6120
f 5924 5912 5911
f 6035 6044 6076
f 6176 6179 6222
f 6179 6176 6127
f 5914 5935 5915
f 6251 6302 6252
f 6238 6223 6173
f 6171 6238 6173
f 6178 6251 6252
f 6046 6099 6106
f 6054 6021 6005
f 6176 6222 6237
f 6099 6178 6106
f 6172 6176 6237
f 6120 6107 6173
f 6107 6171 6173
f 6127 6176 6108
f 6251 6178 6177
f 6095 6022 6051
f 6006 5935 5999
f 6328 6259 6293
f 6178 6099 6177
f 6216 6283 6260
f 5999 5935 5914
f 6179 6216 6260
f 6076 6139 6098
f 6380 6417 6418
f 5935 6006 5985
f 6252 6318 6283
f 6318 6252 6302
f 6139 6179 6098
f 5935 5985 5915
f 5912 5988 5913
f 6106 6044 6046
f 6044 6106 6076
f 5999 6046 6044
f 6180 6139 6106
f 6437 6460 6468
f 6468 6443 6437
f 6437 6443 6415
f 6461 6438 6469
f 6447 6437 6413
f 6437 6414 6413
f 6438 6448 6423
f 6422 6438 6423
f 3559 3530 3618
f 3619 3559 3618
f 3531 3560 3628
f 3560 3627 3628
f 6444 6469 6438
f 6460 6437 6447
f 6444 6438 6421
f 6438 6461 6448
f 3487 3559 3467
f 3559 3487 3530
f 6437 6415 6414
f 3543 3467 3559
f 3488 3560 3531
f 6421 6438 6422
f 6443 6470 6450
f 6416 6443 6450
f 3620 3559 3619
f 6471 6444 6451
f 6444 6420 6451
f 3560 3626 3627
f 3441 3543 3519
f 3543 3621 3519
f 3544 3442 3520
f 3625 3544 3520
f 3543 3559 3620
f 6443 6416 6415
f 3560 3488 3468
f 6420 6444 6421
f 3468 3544 3560
f 3621 3543 3620
f 3560 3544 3626
f 3544 3625 3626
f 3421 3488 3531
f 6461 6478 6448
f 3487 3420 3530
f 6477 6460 6447
f 3217 3226 3125
f 3488 3421 3468
f 3226 3157 3125
f 6478 6461 6469
f 3157 3226 3232
f 3420 3487 3467
f 3227 3218 3126
f 6460 6477 6468
f 6473 6489 6465
f 6465 6489 6475
f 6488 6472 6464
f 6488 6464 6474
f 6458 6487 6459
f 6418 6458 6459
f 3396 3497 3498
f 3497 3623 3498
f 6403 6408 6393
f 6401 6393 6408
f 6403 6393 6388
f 6407 6402 6392
f 6392 6400 6407
f 6392 6402 6387
f 3274 3333 3378
f 3302 3274 3378
f 6412 6430 6442
f 6428 6412 6442
f 6429 6411 6441
f 6411 6428 6441
f 3208 3166 3138
f 3218 3208 3138
f 3165 3207 3137
f 3207 3217 3137
f 2806 2859 2923
f 2863 2806 2923
f 2858 2805 2922
f 2805 2862 2922
f 2543 2647 2485
f 2647 2555 2485
f 2412 2485 2355
f 2485 2423 2355
f 6449 6442 6467
f 6442 6455 6467
f 6441 6449 6466
f 6454 6441 6466
f 6425 6410 6432
f 2286 2355 2230
f 6409 6424 6431
f 2355 2299 2230
f 2900 2958 2905
f 2957 2900 2904
f 2958 2900 3014
f 2900 2957 3014
f 2762 2835 2755
f 2834 2762 2754
f 2835 2762 2900
f 2762 2834 2900
f 2525 2472 2398
f 2398 2472 2344
f 2674 2615 2762
f 2615 2673 2762
f 2460 2525 2398
f 2471 2524 2397
f 2525 2460 2615
f 2460 2524 2615
f 6443 6468 6470
f 2471 2397 2343
f 6469 6444 6471
f 2524 2460 2397
f 3467 3543 3441
f 2398 2336 2460
f 3544 3468 3442
f 2336 2397 2460
f 2398 2344 2275
f 2275 2344 2221
f 2162 2230 2096
f 2275 2211 2336
f 2211 2274 2336
f 2230 2166 2096
f 2336 2398 2275
f 2343 2397 2274
f 2031 2096 1965
f 2152 2085 2211
f 2085 2151 2211
f 2096 2041 1965
f 2343 2274 2220
f 3306 3294 3218
f 2397 2336 2274
f 2025 1955 2085
f 1955 2024 2085
f 3293 3305 3217
f 2275 2221 2152
f 2152 2221 2087
f 1841 1805 1955
f 6475 6480 6455
f 1805 1840 1955
f 2211 2275 2152
f 2220 2274 2151
f 6479 6474 6454
f 1775 1741 1805
f 1741 1774 1805
f 2220 2151 2086
f 3273 3332 3243
f 3190 3274 3302
f 2274 2211 2151
f 3332 3273 3377
f 6473 6453 6482
f 1707 1677 1741
f 3243 3332 3293
f 3273 3189 3301
f 1677 1706 1741
f 3273 3301 3377
f 6452 6472 6481
f 3442 3378 3333
f 3378 3442 3468
f 6491 6471 6489
f 6471 6491 6469
f 3377 3441 3332
f 3441 3377 3467
f 6470 6490 6488
f 6490 6470 6468
f 2152 2087 2025
f 2025 2087 1959
f 1639 1605 1677
f 1605 1638 1677
f 2085 2152 2025
f 2086 2151 2024
f 1570 1535 1605
f 1535 1569 1605
f 2086 2024 1958
f 2151 2085 2024
f 1497 1465 1535
f 1465 1496 1535
f 2025 1959 1841
f 1841 1959 1807
f 1433 1393 1465
f 1393 1432 1465
f 1955 2025 1841
f 1958 2024 1840
f 1359 1321 1393
f 1321 1358 1393
f 1958 1840 1806
f 2024 1955 1840
f 1287 1253 1321
f 1253 1286 1321
f 1841 1807 1775
f 1775 1807 1743
f 1218 1171 1253
f 1171 1217 1253
f 1805 1841 1775
f 1806 1840 1774
f 1137 1099 1171
f 1099 1136 1171
f 1806 1774 1742
f 1840 1805 1774
f 1059 1015 1099
f 1015 1058 1099
f 1775 1743 1707
f 1707 1743 1679
f 981 935 1015
f 935 980 1015
f 1741 1775 1707
f 1742 1774 1706
f 889 839 935
f 839 888 935
f 1742 1706 1678
f 1774 1741 1706
f 797 735 839
f 735 796 839
f 1707 1679 1639
f 1639 1679 1607
f 668 588 735
f 588 667 735
f 1677 1707 1639
f 1678 1706 1638
f 562 526 588
f 526 561 588
f 1678 1638 1606
f 1706 1677 1638
f 494 468 526
f 468 493 526
f 1639 1607 1570
f 1570 1607 1539
f 448 416 468
f 416 447 468
f 1605 1639 1570
f 1606 1638 1569
f 390 372 416
f 372 389 416
f 1606 1569 1538
f 1638 1605 1569
f 342 322 372
f 322 341 372
f 1570 1539 1497
f 1497 1539 1467
f 308 282 322
f 282 307 322
f 1535 1570 1497
f 1538 1569 1496
f 262 242 282
f 242 261 282
f 1538 1496 1466
f 1569 1535 1496
f 230 210 242
f 210 229 242
f 1497 1467 1433
f 1433 1467 1397
f 194 176 210
f 176 193 210
f 1465 1497 1433
f 1466 1496 1432
f 164 146 176
f 146 163 176
f 1466 1432 1396
f 1496 1465 1432
f 134 122 146
f 122 133 146
f 1433 1397 1359
f 1359 1397 1323
f 112 100 122
f 100 111 122
f 1393 1433 1359
f 1396 1432 1358
f 90 78 100
f 78 89 100
f 1396 1358 1322
f 1432 1393 1358
f 68 56 78
f 56 67 78
f 1359 1323 1287
f 1287 1323 1257
f 46 34 56
f 34 45 56
f 1321 1359 1287
f 1322 1358 1286
f 24 12 34
f 12 23 34
f 1322 1286 1256
f 1358 1321 1286
f 2 11 12
f 11 1 12
f 1287 1257 1218
f 1218 1257 1173
f 22 33 11
f 33 21 11
f 1253 1287 1218
f 1256 1286 1217
f 44 55 33
f 55 43 33
f 1256 1217 1172
f 1286 1253 1217
f 66 77 55
f 77 65 55
f 1218 1173 1137
f 1137 1173 1101
f 88 99 77
f 99 87 77
f 1171 1218 1137
f 1172 1217 1136
f 110 121 99
f 121 109 99
f 1172 1136 1100
f 1217 1171 1136
f 132 143 121
f 143 131 121
f 1137 1101 1059
f 1059 1101 1019
f 158 175 143
f 175 157 143
f 1099 1137 1059
f 1100 1136 1058
f 190 207 175
f 207 189 175
f 1100 1058 1018
f 1136 1099 1058
f 224 239 207
f 239 223 207
f 1059 1019 981
f 981 1019 937
f 256 277 239
f 277 255 239
f 1015 1059 981
f 1018 1058 980
f 302 317 277
f 317 301 277
f 1018 980 936
f 1058 1015 980
f 340 363 317
f 363 339 317
f 981 937 889
f 889 937 841
f 388 411 363
f 411 387 363
f 935 981 889
f 936 980 888
f 434 461 411
f 461 433 411
f 936 888 840
f 980 935 888
f 484 513 461
f 513 483 461
f 889 841 797
f 797 841 737
f 554 577 513
f 577 553 513
f 839 889 797
f 840 888 796
f 614 712 577
f 712 613 577
f 840 796 736
f 888 839 796
f 774 818 712
f 818 773 712
f 797 737 668
f 668 737 590
f 875 920 818
f 920 874 818
f 735 797 668
f 736 796 667
f 961 1003 920
f 1003 960 920
f 736 667 589
f 796 735 667
f 1045 1086 1003
f 1086 1044 1003
f 668 590 562
f 562 590 528
f 1123 1161 1086
f 1161 1122 1086
f 588 668 562
f 589 667 561
f 1201 1236 1161
f 1236 1200 1161
f 589 561 527
f 667 588 561
f 1276 1312 1236
f 1312 1275 1236
f 562 528 494
f 494 528 470
f 1347 1382 1312
f 1382 1346 1312
f 526 562 494
f 527 561 493
f 1421 1451 1382
f 1451 1420 1382
f 527 493 469
f 561 526 493
f 1491 1528 1451
f 1528 1490 1451
f 494 470 448
f 448 470 418
f 1559 1592 1528
f 1592 1558 1528
f 468 494 448
f 469 493 447
f 1623 1664 1592
f 1664 1622 1592
f 469 447 417
f 493 468 447
f 1692 1734 1664
f 1734 1691 1664
f 448 418 390
f 390 418 374
f 1760 1800 1734
f 1800 1759 1734
f 416 448 390
f 417 447 389
f 1833 1931 1800
f 1931 1832 1800
f 417 389 373
f 447 416 389
f 2007 2071 1931
f 2071 2006 1931
f 390 374 342
f 342 374 324
f 2132 2197 2071
f 2197 2131 2071
f 372 390 342
f 373 389 341
f 2261 2322 2197
f 2322 2260 2197
f 373 341 323
f 389 372 341
f 2388 2454 2322
f 2454 2387 2322
f 342 324 308
f 308 324 284
f 2517 2627 2454
f 2627 2516 2454
f 322 342 308
f 323 341 307
f 2703 2772 2627
f 2772 2702 2627
f 323 307 283
f 341 322 307
f 2827 2883 2772
f 2883 2826 2772
f 308 284 262
f 262 284 246
f 2943 3004 2883
f 3004 2942 2883
f 282 308 262
f 283 307 261
f 3058 3107 3004
f 3107 3057 3004
f 283 261 245
f 307 282 261
f 3172 3225 3107
f 3225 3171 3107
f 262 246 230
f 230 246 212
f 3276 3327 3225
f 3327 3275 3225
f 242 262 230
f 245 261 229
f 3388 3445 3327
f 3445 3387 3327
f 245 229 211
f 261 242 229
f 3494 3549 3445
f 3549 3493 3445
f 230 212 194
f 194 212 178
f 3602 3659 3549
f 3659 3601 3549
f 210 230 194
f 211 229 193
f 3710 3765 3659
f 3765 3709 3659
f 211 193 177
f 229 210 193
f 3814 3869 3765
f 3869 3813 3765
f 194 178 164
f 164 178 148
f 3924 3977 3869
f 3977 3923 3869
f 176 194 164
f 177 193 163
f 4031 4087 3977
f 4087 4030 3977
f 177 163 147
f 193 176 163
f 4151 4210 4087
f 4210 4150 4087
f 164 148 134
f 134 148 124
f 4259 4312 4210
f 4312 4258 4210
f 146 164 134
f 147 163 133
f 4390 4447 4312
f 4447 4389 4312
f 147 133 123
f 163 146 133
f 4522 4591 4447
f 4591 4521 4447
f 134 124 112
f 112 124 102
f 4678 4757 4591
f 4757 4677 4591
f 122 134 112
f 123 133 111
f 4824 4869 4757
f 4869 4823 4757
f 123 111 101
f 133 122 111
f 4931 4982 4869
f 4982 4930 4869
f 112 102 90
f 90 102 80
f 5036 5098 4982
f 5098 5035 4982
f 100 112 90
f 101 111 89
f 5136 5190 5098
f 5190 5135 5098
f 101 89 79
f 111 100 89
f 5248 5321 5190
f 5321 5247 5190
f 90 80 68
f 68 80 58
f 5339 5353 5321
f 5353 5338 5321
f 78 90 68
f 79 89 67
f 5375 5385 5353
f 5385 5374 5353
f 79 67 57
f 89 78 67
f 5407 5421 5385
f 5421 5406 5385
f 68 58 46
f 46 58 36
f 5444 5457 5421
f 5457 5443 5421
f 56 68 46
f 57 67 45
f 5476 5493 5457
f 5493 5475 5457
f 57 45 35
f 67 56 45
f 5510 5527 5493
f 5527 5509 5493
f 46 36 24
f 24 36 14
f 5544 5564 5527
f 5564 5543 5527
f 34 46 24
f 35 45 23
f 5582 5598 5564
f 5598 5581 5564
f 35 23 13
f 45 34 23
f 5614 5638 5598
f 5638 5613 5598
f 24 14 2
f 2 14 10
f 5655 5674 5638
f 5674 5654 5638
f 12 24 2
f 13 23 1
f 5695 5715 5674
f 5715 5694 5674
f 13 1 9
f 23 12 1
f 5732 5756 5715
f 5756 5731 5715
f 2 10 22
f 22 10 32
f 5776 5796 5756
f 5796 5775 5756
f 11 2 22
f 9 1 21
f 5826 5854 5796
f 5854 5825 5796
f 9 21 31
f 1 11 21
f 5882 5996 5854
f 5996 5881 5854
f 22 32 44
f 44 32 54
f 6018 6042 5996
f 6042 6017 5996
f 33 22 44
f 31 21 43
f 6066 6083 6042
f 6083 6065 6042
f 31 43 53
f 21 33 43
f 6105 6130 6083
f 6130 6104 6083
f 44 54 66
f 66 54 76
f 6149 6166 6130
f 6166 6148 6130
f 55 44 66
f 53 43 65
f 6188 6205 6166
f 6205 6187 6166
f 53 65 75
f 43 55 65
f 6218 6233 6205
f 6233 6217 6205
f 66 76 88
f 88 76 98
f 6250 6266 6233
f 6266 6249 6233
f 77 66 88
f 75 65 87
f 6280 6291 6266
f 6291 6279 6266
f 75 87 97
f 65 77 87
f 6299 6310 6291
f 6310 6298 6291
f 88 98 110
f 110 98 120
f 6326 6340 6310
f 6340 6325 6310
f 99 88 110
f 97 87 109
f 6350 6359 6340
f 6359 6349 6340
f 1845 1965 1811
f 1965 1871 1811
f 6384 6391 6371
f 6391 6383 6371
f 6450 6470 6483
f 6483 6462 6450
f 6471 6451 6484
f 6463 6484 6451
f 3441 3519 3403
f 3481 3403 3519
f 3520 3442 3404
f 3404 3482 3520
f 6489 6473 6491
f 6483 6488 6474
f 6473 6482 6491
f 6489 6484 6475
f 3333 3274 3244
f 3332 3403 3293
f 3333 3244 3294
f 3404 3333 3294
f 1777 1811 1745
f 3189 3211 3131
f 1811 1781 1745
f 1709 1745 1681
f 6472 6488 6490
f 1745 1711 1681
f 1641 1681 1609
f 3243 3211 3273
f 1681 1645 1609
f 1572 1609 1545
f 6481 6472 6490
f 1609 1574 1545
f 6463 6436 6459
f 6459 6486 6463
f 3014 3085 3086
f 6484 6463 6486
f 6435 6462 6458
f 6485 6458 6462
f 3086 3085 3157
f 6462 6483 6485
f 3566 3482 3498
f 3400 3498 3482
f 3482 3566 3570
f 3482 3404 3400
f 3481 3565 3497
f 3497 3399 3481
f 3570 3566 3624
f 3403 3481 3399
f 6408 6412 6401
f 6412 6406 6401
f 6411 6407 6400
f 6406 6411 6400
f 1499 1545 1469
f 1545 1501 1469
f 1435 1469 1401
f 1469 1437 1401
f 2974 2972 3062
f 3034 3062 2972
f 2971 2973 3061
f 3061 3033 2971
f 1258 1221 1290
f 1258 1288 1219
f 1174 1219 1142
f 1174 1144 1221
f 6388 6393 6379
f 6384 6379 6393
f 6392 6387 6378
f 6378 6383 6392
f 2859 2845 2917
f 2905 2917 2845
f 2722 2653 2774
f 2755 2774 2653
f 2543 2472 2653
f 97 109 119
f 2543 2653 2722
f 2471 2542 2652
f 87 99 109
f 2652 2542 2721
f 2412 2344 2472
f 110 120 132
f 2412 2472 2543
f 2286 2221 2344
f 132 120 142
f 2286 2344 2412
f 2162 2087 2221
f 121 110 132
f 2162 2221 2286
f 2031 1959 2087
f 119 109 131
f 2031 2087 2162
f 1845 1807 1959
f 119 131 141
f 1845 1959 2031
f 1777 1743 1807
f 109 121 131
f 1777 1807 1845
f 1709 1679 1743
f 132 142 158
f 1709 1743 1777
f 1641 1607 1679
f 158 142 174
f 1641 1679 1709
f 1572 1539 1607
f 143 132 158
f 1572 1607 1641
f 1499 1467 1539
f 141 131 157
f 1499 1539 1572
f 1435 1397 1467
f 141 157 173
f 1435 1467 1499
f 1361 1323 1397
f 131 143 157
f 1361 1397 1435
f 1289 1257 1323
f 158 174 190
f 1289 1323 1361
f 1220 1173 1257
f 190 174 204
f 1220 1257 1289
f 1143 1101 1173
f 175 158 190
f 1143 1173 1220
f 1061 1019 1101
f 173 157 189
f 1061 1101 1143
f 985 937 1019
f 173 189 203
f 985 1019 1061
f 893 841 937
f 157 175 189
f 893 937 985
f 799 737 841
f 190 204 224
f 799 841 893
f 670 590 737
f 224 204 238
f 670 737 799
f 564 528 590
f 207 190 224
f 564 590 670
f 496 470 528
f 203 189 223
f 496 528 564
f 450 418 470
f 203 223 237
f 450 470 496
f 392 374 418
f 189 207 223
f 392 418 450
f 346 324 374
f 224 238 256
f 346 374 392
f 310 284 324
f 256 238 276
f 310 324 346
f 264 246 284
f 239 224 256
f 264 284 310
f 232 212 246
f 237 223 255
f 232 246 264
f 196 178 212
f 237 255 275
f 196 212 232
f 166 148 178
f 223 239 255
f 166 178 196
f 136 124 148
f 256 276 302
f 136 148 166
f 114 102 124
f 302 276 316
f 114 124 136
f 92 80 102
f 277 256 302
f 92 102 114
f 70 58 80
f 275 255 301
f 70 80 92
f 48 36 58
f 275 301 315
f 48 58 70
f 26 14 36
f 255 277 301
f 26 36 48
f 4 10 14
f 302 316 340
f 4 14 26
f 20 32 10
f 340 316 362
f 20 10 4
f 42 54 32
f 317 302 340
f 42 32 20
f 64 76 54
f 315 301 339
f 64 54 42
f 86 98 76
f 315 339 361
f 86 76 64
f 108 120 98
f 301 317 339
f 108 98 86
f 130 142 120
f 340 362 388
f 130 120 108
f 156 174 142
f 388 362 410
f 156 142 130
f 188 204 174
f 363 340 388
f 188 174 156
f 222 238 204
f 361 339 387
f 222 204 188
f 254 276 238
f 361 387 409
f 254 238 222
f 298 316 276
f 339 363 387
f 298 276 254
f 338 362 316
f 388 410 434
f 338 316 298
f 386 410 362
f 434 410 460
f 386 362 338
f 430 460 410
f 411 388 434
f 430 410 386
f 482 512 460
f 409 387 433
f 482 460 430
f 552 576 512
f 409 433 459
f 552 512 482
f 610 707 576
f 387 411 433
f 610 576 552
f 772 817 707
f 434 460 484
f 772 707 610
f 871 919 817
f 484 460 512
f 871 817 772
f 959 1002 919
f 461 434 484
f 959 919 871
f 1043 1081 1002
f 459 433 483
f 1043 1002 959
f 1121 1160 1081
f 459 483 511
f 1121 1081 1043
f 1199 1235 1160
f 433 461 483
f 1199 1160 1121
f 1274 1311 1235
f 484 512 554
f 1274 1235 1199
f 1345 1379 1311
f 554 512 576
f 1345 1311 1274
f 1417 1450 1379
f 513 484 554
f 1417 1379 1345
f 1485 1527 1450
f 511 483 553
f 1485 1450 1417
f 1557 1591 1527
f 511 553 575
f 1557 1527 1485
f 1621 1661 1591
f 483 513 553
f 1621 1591 1557
f 1690 1731 1661
f 554 576 614
f 1690 1661 1621
f 1758 1799 1731
f 614 576 707
f 1758 1731 1690
f 1829 1930 1799
f 577 554 614
f 1829 1799 1758
f 2003 2070 1930
f 575 553 613
f 2003 1930 1829
f 2130 2196 2070
f 575 613 706
f 2130 2070 2003
f 2259 2321 2196
f 553 577 613
f 2259 2196 2130
f 2386 2450 2321
f 614 707 774
f 2386 2321 2259
f 2515 2624 2450
f 774 707 817
f 2515 2450 2386
f 2699 2771 2624
f 712 614 774
f 2699 2624 2515
f 2825 2882 2771
f 706 613 773
f 2825 2771 2699
f 2939 3003 2882
f 706 773 816
f 2939 2882 2825
f 3056 3104 3003
f 613 712 773
f 3056 3003 2939
f 3170 3224 3104
f 774 817 875
f 3170 3104 3056
f 3270 3326 3224
f 875 817 919
f 3270 3224 3170
f 3384 3444 3326
f 818 774 875
f 3384 3326 3270
f 3492 3548 3444
f 2844 2858 2916
f 2916 2904 2844
f 2652 2721 2773
f 2773 2754 2652
f 816 773 874
f 3492 3444 3384
f 3600 3658 3548
f 816 874 918
f 3600 3548 3492
f 3708 3764 3658
f 773 818 874
f 3708 3658 3600
f 3812 3866 3764
f 875 919 961
f 3812 3764 3708
f 3922 3976 3866
f 961 919 1002
f 3922 3866 3812
f 4025 4086 3976
f 920 875 961
f 4025 3976 3922
f 4145 4209 4086
f 918 874 960
f 4145 4086 4025
f 4257 4311 4209
f 918 960 1001
f 4257 4209 4145
f 4384 4446 4311
f 874 920 960
f 4384 4311 4257
f 4518 4588 4446
f 961 1002 1045
f 4518 4446 4384
f 4674 4753 4588
f 1045 1002 1081
f 4674 4588 4518
f 4820 4866 4753
f 1003 961 1045
f 4820 4753 4674
f 4925 4981 4866
f 1001 960 1044
f 4925 4866 4820
f 5032 5097 4981
f 1001 1044 1080
f 5032 4981 4925
f 5134 5189 5097
f 960 1003 1044
f 5134 5097 5032
f 5246 5320 5189
f 1045 1081 1123
f 5246 5189 5134
f 5337 5352 5320
f 1123 1081 1160
f 5337 5320 5246
f 5373 5384 5352
f 1086 1045 1123
f 5373 5352 5337
f 5405 5418 5384
f 1080 1044 1122
f 5405 5384 5373
f 5441 5456 5418
f 1080 1122 1159
f 5441 5418 5405
f 5474 5492 5456
f 1044 1086 1122
f 5474 5456 5441
f 5508 5526 5492
f 1123 1160 1201
f 5508 5492 5474
f 5542 5563 5526
f 1201 1160 1235
f 5542 5526 5508
f 5580 5597 5563
f 1161 1123 1201
f 5580 5563 5542
f 5612 5637 5597
f 1159 1122 1200
f 5612 5597 5580
f 5653 5669 5637
f 1159 1200 1234
f 5653 5637 5612
f 5693 5712 5669
f 1122 1161 1200
f 5693 5669 5653
f 5730 5755 5712
f 1201 1235 1276
f 5730 5712 5693
f 5772 5795 5755
f 1276 1235 1311
f 5772 5755 5730
f 5823 5851 5795
f 1236 1201 1276
f 5823 5795 5772
f 5880 5994 5851
f 1234 1200 1275
f 5880 5851 5823
f 6013 6039 5994
f 1234 1275 1310
f 6013 5994 5880
f 2343 2411 2471
f 1200 1236 1275
f 2471 2411 2542
f 2220 2285 2343
f 1276 1311 1347
f 2343 2285 2411
f 2086 2161 2220
f 1347 1311 1379
f 2220 2161 2285
f 1958 2030 2086
f 1312 1276 1347
f 2086 2030 2161
f 1806 1844 1958
f 1310 1275 1346
f 1958 1844 2030
f 1742 1776 1806
f 1310 1346 1378
f 1806 1776 1844
f 1678 1708 1742
f 1275 1312 1346
f 1742 1708 1776
f 1606 1640 1678
f 1347 1379 1421
f 1678 1640 1708
f 1538 1571 1606
f 1421 1379 1450
f 1606 1571 1640
f 1466 1498 1538
f 1382 1347 1421
f 1538 1498 1571
f 1396 1434 1466
f 1378 1346 1420
f 1466 1434 1498
f 1322 1360 1396
f 1378 1420 1449
f 1396 1360 1434
f 1256 1288 1322
f 1346 1382 1420
f 1322 1288 1360
f 1172 1219 1256
f 1421 1450 1491
f 1256 1219 1288
f 1100 1142 1172
f 1491 1450 1527
f 1172 1142 1219
f 1018 1060 1100
f 1451 1421 1491
f 1100 1060 1142
f 936 984 1018
f 1449 1420 1490
f 1018 984 1060
f 840 892 936
f 1449 1490 1526
f 936 892 984
f 736 798 840
f 1420 1451 1490
f 840 798 892
f 589 669 736
f 1491 1527 1559
f 736 669 798
f 527 563 589
f 1559 1527 1591
f 589 563 669
f 469 495 527
f 1528 1491 1559
f 527 495 563
f 417 449 469
f 1526 1490 1558
f 469 449 495
f 373 391 417
f 1526 1558 1590
f 417 391 449
f 323 345 373
f 1490 1528 1558
f 373 345 391
f 283 309 323
f 1559 1591 1623
f 323 309 345
f 245 263 283
f 1623 1591 1661
f 283 263 309
f 211 231 245
f 1592 1559 1623
f 245 231 263
f 177 195 211
f 1590 1558 1622
f 211 195 231
f 147 165 177
f 1590 1622 1660
f 177 165 195
f 123 135 147
f 1558 1592 1622
f 147 135 165
f 101 113 123
f 1623 1661 1692
f 123 113 135
f 79 91 101
f 1692 1661 1731
f 101 91 113
f 57 69 79
f 1664 1623 1692
f 79 69 91
f 35 47 57
f 1660 1622 1691
f 57 47 69
f 13 25 35
f 1660 1691 1730
f 35 25 47
f 9 3 13
f 1622 1664 1691
f 13 3 25
f 31 19 9
f 1692 1731 1760
f 9 19 3
f 53 41 31
f 1760 1731 1799
f 31 41 19
f 75 63 53
f 1734 1692 1760
f 53 63 41
f 97 85 75
f 1730 1691 1759
f 75 85 63
f 119 107 97
f 1730 1759 1798
f 97 107 85
f 141 129 119
f 1691 1734 1759
f 119 129 107
f 173 155 141
f 1760 1799 1833
f 141 155 129
f 203 187 173
f 1833 1799 1930
f 173 187 155
f 237 221 203
f 1800 1760 1833
f 203 221 187
f 275 253 237
f 1798 1759 1832
f 237 253 221
f 315 297 275
f 1798 1832 1929
f 275 297 253
f 361 337 315
f 1759 1800 1832
f 315 337 297
f 409 385 361
f 1833 1930 2007
f 361 385 337
f 459 429 409
f 2007 1930 2070
f 409 429 385
f 511 481 459
f 1931 1833 2007
f 6470 6488 6483
f 6489 6471 6484
f 3332 3441 3403
f 3442 3333 3404
f 2974 3062 3092
f 2972 2974 2917
f 1361 1401 1327
f 3061 2973 3091
f 2973 2971 2916
f 1401 1363 1327
f 3157 3227 3126
f 3138 3126 3218
f 3227 3157 3232
f 1291 1327 1363
f 3125 3137 3217
f 1435 1401 1361
f 3138 3092 3062
f 3092 3138 3166
f 1289 1327 1259
f 3091 3137 3061
f 3137 3091 3165
f 1327 1291 1259
f 6388 6379 6366
f 1326 1290 1362
f 1220 1259 1175
f 6378 6387 6365
f 1326 1360 1288
f 1259 1222 1175
f 2859 2917 2974
f 2845 2859 2774
f 1143 1175 1108
f 2722 2774 2859
f 459 481 429
f 1175 1145 1108
f 575 551 511
f 1929 1832 2006
f 1061 1108 1023
f 511 551 481
f 706 609 575
f 1108 1063 1023
f 1929 2006 2069
f 575 609 551
f 985 1023 939
f 816 771 706
f 1832 1931 2006
f 1023 989 939
f 706 771 609
f 918 870 816
f 893 939 845
f 2007 2070 2132
f 816 870 771
f 939 895 845
f 1001 958 918
f 2132 2070 2196
f 799 845 741
f 918 958 870
f 1080 1042 1001
f 845 801 741
f 2071 2007 2132
f 1001 1042 958
f 670 741 594
f 1159 1120 1080
f 2069 2006 2131
f 741 677 594
f 1080 1120 1042
f 1234 1198 1159
f 564 594 530
f 2069 2131 2195
f 1159 1198 1120
f 594 566 530
f 1310 1273 1234
f 2006 2071 2131
f 496 530 472
f 1234 1273 1198
f 1378 1344 1310
f 530 500 472
f 2132 2196 2261
f 1310 1344 1273
f 450 472 420
f 1449 1416 1378
f 2261 2196 2321
f 472 452 420
f 1378 1416 1344
f 1526 1484 1449
f 392 420 376
f 2197 2132 2261
f 1449 1484 1416
f 420 396 376
f 1590 1556 1526
f 2195 2131 2260
f 346 376 326
f 1526 1556 1484
f 1660 1620 1590
f 376 348 326
f 2195 2260 2320
f 1590 1620 1556
f 310 326 286
f 1730 1689 1660
f 2131 2197 2260
f 326 312 286
f 1660 1689 1620
f 1798 1757 1730
f 264 286 248
f 2261 2321 2388
f 1730 1757 1689
f 286 266 248
f 1929 1828 1798
f 2388 2321 2450
f 232 248 214
f 1798 1828 1757
f 2069 2002 1929
f 248 234 214
f 2322 2261 2388
f 1929 2002 1828
f 196 214 182
f 2195 2129 2069
f 2320 2260 2387
f 214 198 182
f 2069 2129 2002
f 2320 2258 2195
f 166 182 150
f 2320 2387 2449
f 2195 2258 2129
f 182 168 150
f 2449 2385 2320
f 2260 2322 2387
f 136 150 126
f 2320 2385 2258
f 2623 2514 2449
f 150 138 126
f 2388 2450 2517
f 2449 2514 2385
f 114 126 104
f 2770 2698 2623
f 2517 2450 2624
f 126 116 104
f 2623 2698 2514
f 2881 2824 2770
f 92 104 82
f 2454 2388 2517
f 2770 2824 2698
f 104 94 82
f 3002 2938 2881
f 2449 2387 2516
f 70 82 60
f 2881 2938 2824
f 3103 3055 3002
f 82 72 60
f 2449 2516 2623
f 3002 3055 2938
f 48 60 38
f 3223 3169 3103
f 2387 2454 2516
f 60 50 38
f 3103 3169 3055
f 3325 3269 3223
f 26 38 16
f 2517 2624 2703
f 3223 3269 3169
f 38 28 16
f 3443 3383 3325
f 2703 2624 2771
f 4 16 8
f 3325 3383 3269
f 3547 3491 3443
f 16 6 8
f 2627 2517 2703
f 3443 3491 3383
f 20 8 30
f 3657 3599 3547
f 2623 2516 2702
f 8 18 30
f 3547 3599 3491
f 3763 3707 3657
f 42 30 52
f 2623 2702 2770
f 3657 3707 3599
f 30 40 52
f 3865 3811 3763
f 2516 2627 2702
f 64 52 74
f 3763 3811 3707
f 3975 3921 3865
f 52 62 74
f 2703 2771 2827
f 3865 3921 3811
f 86 74 96
f 4085 4024 3975
f 2827 2771 2882
f 74 84 96
f 3975 4024 3921
f 4208 4144 4085
f 108 96 118
f 2772 2703 2827
f 4085 4144 4024
f 96 106 118
f 4310 4256 4208
f 2770 2702 2826
f 130 118 140
f 4208 4256 4144
f 4445 4383 4310
f 118 128 140
f 2770 2826 2881
f 4310 4383 4256
f 156 140 172
f 4587 4517 4445
f 2702 2772 2826
f 140 154 172
f 4445 4517 4383
f 4752 4673 4587
f 188 172 202
f 2827 2882 2943
f 4587 4673 4517
f 172 186 202
f 4865 4819 4752
f 2943 2882 3003
f 222 202 236
f 4752 4819 4673
f 4980 4924 4865
f 202 218 236
f 2883 2827 2943
f 4865 4924 4819
f 254 236 272
f 5096 5031 4980
f 2881 2826 2942
f 236 252 272
f 4980 5031 4924
f 5188 5133 5096
f 298 272 314
f 2881 2942 3002
f 5096 5133 5031
f 272 296 314
f 5319 5245 5188
f 2826 2883 2942
f 338 314 360
f 5188 5245 5133
f 5351 5336 5319
f 314 334 360
f 2943 3003 3058
f 5319 5336 5245
f 386 360 408
f 5383 5372 5351
f 3058 3003 3104
f 360 384 408
f 5351 5372 5336
f 5417 5404 5383
f 430 408 458
f 3004 2943 3058
f 5383 5404 5372
f 408 426 458
f 5455 5440 5417
f 3002 2942 3057
f 482 458 510
f 5417 5440 5404
f 5491 5473 5455
f 458 478 510
f 3002 3057 3103
f 5455 5473 5440
f 552 510 574
f 5525 5507 5491
f 2942 3004 3057
f 510 546 574
f 5491 5507 5473
f 5562 5541 5525
f 610 574 703
f 3058 3104 3172
f 5525 5541 5507
f 574 608 703
f 5596 5579 5562
f 3172 3104 3224
f 772 703 815
f 5562 5579 5541
f 5636 5611 5596
f 703 770 815
f 3107 3058 3172
f 5596 5611 5579
f 871 815 917
f 5668 5652 5636
f 3103 3057 3171
f 815 865 917
f 5636 5652 5611
f 5711 5692 5668
f 959 917 1000
f 3103 3171 3223
f 5668 5692 5652
f 917 953 1000
f 5754 5729 5711
f 3057 3107 3171
f 1043 1000 1077
f 5711 5729 5692
f 5794 5771 5754
f 1000 1039 1077
f 3172 3224 3276
f 5754 5771 5729
f 1121 1077 1158
f 5850 5822 5794
f 3276 3224 3326
f 1077 1119 1158
f 5794 5822 5771
f 5993 5879 5850
f 1199 1158 1233
f 3225 3172 3276
f 5850 5879 5822
f 1158 1197 1233
f 6038 6012 5993
f 3223 3171 3275
f 1274 1233 1305
f 5993 6012 5879
f 6062 6082 6039
f 1233 1272 1305
f 3223 3275 3325
f 6062 6039 6013
f 1345 1305 1375
f 6081 6061 6038
f 3171 3225 3275
f 1305 1343 1375
f 6038 6061 6012
f 6103 6129 6082
f 1417 1375 1448
f 3276 3326 3388
f 6103 6082 6062
f 1375 1411 1448
f 6128 6102 6081
f 3388 3326 3444
f 1485 1448 1525
f 6081 6102 6061
f 6147 6165 6129
f 1448 1483 1525
f 3327 3276 3388
f 6147 6129 6103
f 1557 1525 1589
f 6164 6146 6128
f 3325 3275 3387
f 1525 1555 1589
f 6128 6146 6102
f 6186 6204 6165
f 1621 1589 1657
f 3325 3387 3443
f 6186 6165 6147
f 1589 1619 1657
f 6203 6185 6164
f 3275 3327 3387
f 1690 1657 1729
f 6164 6185 6146
f 6215 6232 6204
f 1657 1685 1729
f 3388 3444 3494
f 6215 6204 6186
f 1758 1729 1795
f 6231 6214 6203
f 3494 3444 3548
f 1729 1756 1795
f 6203 6214 6185
f 6248 6265 6232
f 1829 1795 1924
f 3445 3388 3494
f 6248 6232 6215
f 1795 1823 1924
f 6264 6247 6231
f 3443 3387 3493
f 2003 1924 2068
f 6231 6247 6214
f 6278 6290 6265
f 1924 2001 2068
f 3443 3493 3547
f 6278 6265 6248
f 2130 2068 2194
f 6289 6277 6264
f 3387 3445 3493
f 2068 2128 2194
f 6264 6277 6247
f 6297 6309 6290
f 2259 2194 2319
f 3494 3548 3602
f 6297 6290 6278
f 2194 2255 2319
f 6308 6296 6289
f 3602 3548 3658
f 2386 2319 2446
f 6289 6296 6277
f 6322 6335 6309
f 2319 2382 2446
f 3549 3494 3602
f 6322 6309 6297
f 2515 2446 2619
f 6334 6321 6308
f 3547 3493 3601
f 2446 2512 2619
f 6308 6321 6296
f 6344 6354 6335
f 2699 2619 2766
f 3547 3601 3657
f 6344 6335 6322
f 2619 2695 2766
f 6353 6343 6334
f 3493 3549 3601
f 2825 2766 2878
f 6334 6343 6321
f 6366 6364 6354
f 2766 2819 2878
f 3602 3658 3710
f 6366 6354 6344
f 2939 2878 3001
f 6363 6365 6353
f 3710 3658 3764
f 2878 2935 3001
f 6353 6365 6343
f 6364 6366 6379
f 3056 3001 3102
f 2916 2858 2973
f 2858 2844 2773
f 3001 3050 3102
f 2773 2721 2858
f 3659 3602 3710
f 3170 3102 3222
f 3657 3601 3709
f 3657 3709 3763
f 3102 3164 3222
f 3601 3659 3709
f 3710 3764 3814
f 3270 3222 3324
f 3814 3764 3866
f 3765 3710 3814
f 3222 3268 3324
f 3763 3709 3813
f 1608 1573 1644
f 3384 3324 3438
f 1608 1640 1571
f 740 798 669
f 3324 3382 3438
f 740 676 800
f 1680 1644 1710
f 3492 3438 3546
f 1680 1708 1640
f 593 669 563
f 3438 3484 3546
f 593 565 676
f 1744 1710 1780
f 3600 3546 3656
f 1744 1776 1708
f 529 563 495
f 3546 3598 3656
f 529 499 565
f 1810 1780 1870
f 3708 3656 3758
f 1810 1844 1776
f 471 495 449
f 3656 3704 3758
f 471 451 499
f 1964 1870 2040
f 3812 3758 3864
f 1964 2030 1844
f 419 449 391
f 3758 3810 3864
f 419 395 451
f 2095 2040 2165
f 3922 3864 3972
f 2095 2161 2030
f 375 391 345
f 3864 3920 3972
f 375 347 395
f 2229 2165 2298
f 4025 3972 4082
f 2229 2285 2161
f 325 345 309
f 3972 4021 4082
f 325 311 347
f 2354 2298 2422
f 4145 4082 4207
f 2354 2411 2285
f 285 309 263
f 4082 4141 4207
f 285 265 311
f 2484 2422 2554
f 4257 4207 4309
f 2484 2542 2411
f 247 263 231
f 4207 4255 4309
f 247 233 265
f 2646 2554 2743
f 4384 4309 4444
f 2646 2721 2542
f 213 231 195
f 4309 4377 4444
f 213 197 233
f 6101 6080 6060
f 4518 4444 4578
f 6062 6080 6103
f 181 195 165
f 4444 4512 4578
f 181 167 197
f 6060 6037 6011
f 4674 4578 4746
f 6013 6037 6062
f 149 165 135
f 4578 4668 4746
f 149 137 167
f 6011 5990 5876
f 4820 4746 4861
f 5880 5990 6013
f 125 135 113
f 4746 4811 4861
f 125 115 137
f 5876 5849 5819
f 4925 4861 4979
f 5823 5849 5880
f 103 113 91
f 4861 4917 4979
f 103 93 115
f 5819 5793 5770
f 5032 4979 5092
f 5772 5793 5823
f 81 91 69
f 4979 5030 5092
f 81 71 93
f 5770 5753 5728
f 5134 5092 5187
f 5730 5753 5772
f 59 69 47
f 5092 5132 5187
f 59 49 71
f 5728 5710 5691
f 5246 5187 5318
f 5693 5710 5730
f 37 47 25
f 5187 5235 5318
f 37 27 49
f 5691 5665 5651
f 5337 5318 5350
f 5653 5665 5693
f 15 25 3
f 5318 5335 5350
f 15 5 27
f 5651 5635 5610
f 5373 5350 5382
f 5612 5635 5653
f 7 3 19
f 5350 5371 5382
f 7 17 5
f 5610 5593 5576
f 5405 5382 5416
f 5580 5593 5612
f 29 19 41
f 5382 5403 5416
f 29 39 17
f 5576 5561 5538
f 5441 5416 5454
f 5542 5561 5580
f 51 41 63
f 5416 5435 5454
f 51 61 39
f 5538 5520 5504
f 5474 5454 5488
f 5508 5520 5542
f 73 63 85
f 5454 5472 5488
f 73 83 61
f 5504 5488 5472
f 5508 5488 5520
f 5474 5488 5508
f 95 85 107
f 5488 5504 5520
f 95 105 83
f 5472 5454 5435
f 5542 5520 5561
f 5441 5454 5474
f 117 107 129
f 5520 5538 5561
f 117 127 105
f 5435 5416 5403
f 5580 5561 5593
f 5405 5416 5441
f 139 129 155
f 5561 5576 5593
f 139 153 127
f 5403 5382 5371
f 5612 5593 5635
f 5373 5382 5405
f 171 155 187
f 5593 5610 5635
f 171 185 153
f 5371 5350 5335
f 5653 5635 5665
f 5337 5350 5373
f 201 187 221
f 5635 5651 5665
f 201 217 185
f 5335 5318 5235
f 5693 5665 5710
f 5246 5318 5337
f 235 221 253
f 5665 5691 5710
f 235 251 217
f 5235 5187 5132
f 5730 5710 5753
f 5134 5187 5246
f 271 253 297
f 5710 5728 5753
f 271 295 251
f 5132 5092 5030
f 5772 5753 5793
f 5032 5092 5134
f 313 297 337
f 5753 5770 5793
f 313 333 295
f 5030 4979 4917
f 5823 5793 5849
f 4925 4979 5032
f 359 337 385
f 5793 5819 5849
f 359 383 333
f 4917 4861 4811
f 5880 5849 5990
f 4820 4861 4925
f 407 385 429
f 5849 5876 5990
f 407 425 383
f 4811 4746 4668
f 6013 5990 6037
f 4674 4746 4820
f 457 429 481
f 5990 6011 6037
f 457 477 425
f 4668 4578 4512
f 6062 6037 6080
f 4518 4578 4674
f 509 481 551
f 6037 6060 6080
f 509 545 477
f 4512 4444 4377
f 6103 6080 6126
f 4384 4444 4518
f 573 551 609
f 6080 6101 6126
f 573 607 545
f 4377 4309 4255
f 2646 2542 2484
f 4257 4309 4384
f 702 609 771
f 2554 2646 2484
f 702 769 607
f 4255 4207 4141
f 2484 2411 2354
f 4145 4207 4257
f 814 771 870
f 2422 2484 2354
f 814 864 769
f 4141 4082 4021
f 2354 2285 2229
f 4025 4082 4145
f 916 870 958
f 2298 2354 2229
f 916 952 864
f 4021 3972 3920
f 2229 2161 2095
f 3922 3972 4025
f 999 958 1042
f 2165 2229 2095
f 999 1038 952
f 3920 3864 3810
f 2095 2030 1964
f 3812 3864 3922
f 1076 1042 1120
f 2040 2095 1964
f 1076 1118 1038
f 3810 3758 3704
f 1964 1844 1810
f 3708 3758 3812
f 1157 1120 1198
f 1870 1964 1810
f 1157 1196 1118
f 3704 3656 3598
f 1810 1776 1744
f 3600 3656 3708
f 1232 1198 1273
f 1780 1810 1744
f 1232 1271 1196
f 3598 3546 3484
f 1744 1708 1680
f 3492 3546 3600
f 1304 1273 1344
f 1710 1744 1680
f 1304 1342 1271
f 3484 3438 3382
f 1680 1640 1608
f 3384 3438 3492
f 1374 1344 1416
f 1644 1680 1608
f 1374 1410 1342
f 3382 3324 3268
f 1608 1571 1544
f 3270 3324 3384
f 1447 1416 1484
f 1573 1608 1544
f 1447 1482 1410
f 3268 3222 3164
f 1544 1498 1468
f 3170 3222 3270
f 1524 1484 1556
f 1500 1544 1468
f 1524 1554 1482
f 3164 3102 3050
f 1468 1434 1400
f 3056 3102 3170
f 1588 1556 1620
f 1436 1468 1400
f 1588 1618 1554
f 3050 3001 2935
f 1400 1360 1326
f 2939 3001 3056
f 1656 1620 1689
f 1362 1400 1326
f 1656 1684 1618
f 2935 2878 2819
f 1326 1288 1258
f 2825 2878 2939
f 1728 1689 1757
f 1290 1326 1258
f 1728 1755 1684
f 2819 2766 2695
f 1258 1219 1174
f 2699 2766 2825
f 1794 1757 1828
f 1221 1258 1174
f 1794 1822 1755
f 2695 2619 2512
f 1174 1142 1107
f 2515 2619 2699
f 1923 1828 2002
f 1144 1174 1107
f 1923 2000 1822
f 2512 2446 2382
f 1107 1060 1022
f 2386 2446 2515
f 2067 2002 2129
f 1062 1107 1022
f 2067 2127 2000
f 2382 2319 2255
f 1022 984 938
f 2259 2319 2386
f 2193 2129 2258
f 988 1022 938
f 2193 2254 2127
f 2255 2194 2128
f 938 892 844
f 2130 2194 2259
f 2318 2258 2385
f 894 938 844
f 2318 2381 2254
f 2128 2068 2001
f 844 798 740
f 2003 2068 2130
f 2445 2385 2514
f 800 844 740
f 2445 2511 2381
f 2001 1924 1823
f 740 669 593
f 1829 1924 2003
f 2618 2514 2698
f 676 740 593
f 2618 2694 2511
f 1823 1795 1756
f 593 563 529
f 1758 1795 1829
f 2765 2698 2824
f 565 593 529
f 2765 2818 2694
f 1756 1729 1685
f 529 495 471
f 1690 1729 1758
f 2877 2824 2938
f 499 529 471
f 2877 2934 2818
f 1685 1657 1619
f 471 449 419
f 1621 1657 1690
f 3000 2938 3055
f 451 471 419
f 3000 3049 2934
f 1619 1589 1555
f 419 391 375
f 1557 1589 1621
f 3101 3055 3169
f 395 419 375
f 3101 3163 3049
f 1555 1525 1483
f 375 345 325
f 1485 1525 1557
f 6365 6363 6378
f 347 375 325
f 2972 2958 3034
f 2958 3014 3034
f 2957 2971 3033
f 3014 2957 3033
f 325 309 285
f 1107 1142 1060
f 311 325 285
f 285 263 247
f 1107 1062 1144
f 265 285 247
f 247 231 213
f 233 247 213
f 2845 2835 2905
f 2835 2900 2905
f 2834 2844 2904
f 2900 2834 2904
f 2653 2674 2755
f 2674 2762 2755
f 2673 2652 2754
f 2762 2673 2754
f 3763 3813 3865
f 3709 3765 3813
f 3814 3866 3924
f 3924 3866 3976
f 3869 3814 3924
f 3865 3813 3923
f 3865 3923 3975
f 3813 3869 3923
f 3924 3976 4031
f 4031 3976 4086
f 3977 3924 4031
f 3975 3923 4030
f 3975 4030 4085
f 3923 3977 4030
f 4031 4086 4151
f 4151 4086 4209
f 4087 4031 4151
f 4085 4030 4150
f 4085 4150 4208
f 4030 4087 4150
f 4151 4209 4259
f 4259 4209 4311
f 4210 4151 4259
f 4208 4150 4258
f 4208 4258 4310
f 4150 4210 4258
f 4259 4311 4390
f 4390 4311 4446
f 4312 4259 4390
f 4310 4258 4389
f 4310 4389 4445
f 4258 4312 4389
f 4390 4446 4522
f 4522 4446 4588
f 4447 4390 4522
f 4445 4389 4521
f 4445 4521 4587
f 4389 4447 4521
f 4522 4588 4678
f 4678 4588 4753
f 4591 4522 4678
f 4587 4521 4677
f 4587 4677 4752
f 4521 4591 4677
f 4678 4753 4824
f 4824 4753 4866
f 4757 4678 4824
f 4752 4677 4823
f 4752 4823 4865
f 4677 4757 4823
f 4824 4866 4931
f 4931 4866 4981
f 4869 4824 4931
f 4865 4823 4930
f 4865 4930 4980
f 4823 4869 4930
f 4931 4981 5036
f 5036 4981 5097
f 4982 4931 5036
f 4980 4930 5035
f 4980 5035 5096
f 4930 4982 5035
f 5036 5097 5136
f 5136 5097 5189
f 5098 5036 5136
f 5096 5035 5135
f 5096 5135 5188
f 5035 5098 5135
f 5136 5189 5248
f 5248 5189 5320
f 5190 5136 5248
f 5188 5135 5247
f 5188 5247 5319
f 5135 5190 5247
f 5248 5320 5339
f 5339 5320 5352
f 5321 5248 5339
f 5319 5247 5338
f 5319 5338 5351
f 5247 5321 5338
f 5339 5352 5375
f 5375 5352 5384
f 5353 5339 5375
f 5351 5338 5374
f 5351 5374 5383
f 5338 5353 5374
f 5375 5384 5407
f 5407 5384 5418
f 5385 5375 5407
f 5383 5374 5406
f 5383 5406 5417
f 5374 5385 5406
f 5407 5418 5444
f 5444 5418 5456
f 5421 5407 5444
f 5417 5406 5443
f 5417 5443 5455
f 5406 5421 5443
f 5444 5456 5476
f 5476 5456 5492
f 5457 5444 5476
f 5455 5443 5475
f 5455 5475 5491
f 5443 5457 5475
f 5476 5492 5510
f 5510 5492 5526
f 5493 5476 5510
f 5491 5475 5509
f 5491 5509 5525
f 5475 5493 5509
f 5510 5526 5544
f 5544 5526 5563
f 5527 5510 5544
f 5525 5509 5543
f 5525 5543 5562
f 5509 5527 5543
f 5544 5563 5582
f 5582 5563 5597
f 5564 5544 5582
f 5562 5543 5581
f 5562 5581 5596
f 5543 5564 5581
f 5582 5597 5614
f 5614 5597 5637
f 5598 5582 5614
f 5596 5581 5613
f 5596 5613 5636
f 5581 5598 5613
f 5614 5637 5655
f 5655 5637 5669
f 5638 5614 5655
f 5636 5613 5654
f 5636 5654 5668
f 5613 5638 5654
f 5655 5669 5695
f 5695 5669 5712
f 5674 5655 5695
f 5668 5654 5694
f 5668 5694 5711
f 5654 5674 5694
f 5695 5712 5732
f 5732 5712 5755
f 5715 5695 5732
f 5711 5694 5731
f 5711 5731 5754
f 5694 5715 5731
f 5732 5755 5776
f 5776 5755 5795
f 5756 5732 5776
f 5754 5731 5775
f 5754 5775 5794
f 5731 5756 5775
f 5776 5795 5826
f 5826 5795 5851
f 5796 5776 5826
f 5794 5775 5825
f 5794 5825 5850
f 5775 5796 5825
f 5826 5851 5882
f 5882 5851 5994
f 5854 5826 5882
f 5850 5825 5881
f 5850 5881 5993
f 5825 5854 5881
f 5882 5994 6018
f 6018 5994 6039
f 5996 5882 6018
f 5993 5881 6017
f 5993 6017 6038
f 5881 5996 6017
f 6018 6039 6066
f 6066 6039 6082
f 6042 6018 6066
f 6038 6017 6065
f 6038 6065 6081
f 6017 6042 6065
f 6066 6082 6105
f 6105 6082 6129
f 6083 6066 6105
f 6081 6065 6104
f 6081 6104 6128
f 6065 6083 6104
f 6105 6129 6149
f 6149 6129 6165
f 6130 6105 6149
f 6128 6104 6148
f 6128 6148 6164
f 6104 6130 6148
f 6149 6165 6188
f 6188 6165 6204
f 6166 6149 6188
f 6164 6148 6187
f 6164 6187 6203
f 6148 6166 6187
f 6188 6204 6218
f 6218 6204 6232
f 6205 6188 6218
f 6203 6187 6217
f 6203 6217 6231
f 6187 6205 6217
f 6218 6232 6250
f 6250 6232 6265
f 6233 6218 6250
f 6231 6217 6249
f 6231 6249 6264
f 6217 6233 6249
f 6250 6265 6280
f 6280 6265 6290
f 6266 6250 6280
f 6264 6249 6279
f 6264 6279 6289
f 6249 6266 6279
f 2674 2653 2525
f 2525 2653 2472
f 2615 2674 2525
f 2652 2673 2524
f 2652 2524 2471
f 2673 2615 2524
f 6280 6290 6299
f 6299 6290 6309
f 6291 6280 6299
f 6289 6279 6298
f 6289 6298 6308
f 6279 6291 6298
f 6299 6309 6326
f 6326 6309 6335
f 6310 6299 6326
f 6308 6298 6325
f 6308 6325 6334
f 6298 6310 6325
f 6326 6335 6350
f 6350 6335 6354
f 6340 6326 6350
f 6334 6325 6349
f 6334 6349 6353
f 6325 6340 6349
f 6350 6354 6364
f 6364 6362 6350
f 6362 6359 6350
f 6353 6349 6363
f 6361 6363 6349
f 6359 6361 6349
f 3092 3132 3026
f 3132 3082 3026
f 3131 3091 3025
f 3081 3131 3025
f 6457 6453 6473
f 6457 6465 6440
f 6465 6457 6473
f 6453 6457 6440
f 6452 6456 6472
f 6464 6456 6439
f 6456 6464 6472
f 6456 6452 6439
f 6402 6407 6424
f 6408 6403 6425
f 6429 6424 6407
f 6425 6430 6408
f 3131 3165 3091
f 6395 6404 6385
f 3166 3132 3092
f 6395 6387 6402
f 2731 2743 2805
f 2731 2721 2646
f 2721 2731 2805
f 2743 2731 2646
f 2744 2732 2806
f 2722 2732 2647
f 2732 2722 2806
f 2732 2744 2647
f 3570 3624 3625
f 3570 3520 3482
f 3520 3570 3625
f 3565 3481 3569
f 3622 3569 3621
f 3519 3569 3481
f 3569 3519 3621
f 3565 3569 3622
f 6419 6434 6420
f 6451 6434 6463
f 6434 6451 6420
f 6436 6463 6434
f 6433 6417 6416
f 6433 6450 6462
f 6450 6433 6416
f 6436 6434 6419
f 6462 6435 6433
f 3125 3085 3033
f 3085 3125 3157
f 3085 3014 3033
f 6433 6435 6417
f 3086 3126 3034
f 3126 3086 3157
f 3014 3086 3034
f 3025 2963 3081
f 2722 2647 2543
f 2964 3026 3082
f 2555 2647 2744
f 6404 6395 6409
f 6395 6402 6409
f 6396 6405 6410
f 6403 6396 6410
f 844 800 894
f 3212 3190 3132
f 3211 3243 3131
f 844 892 798
f 3212 3244 3274
f 3211 3189 3273
f 3131 3081 3189
f 3131 3243 3165
f 3244 3212 3132
f 3082 3132 3190
f 3244 3132 3166
f 3190 3212 3274
f 6424 6445 6431
f 6445 6424 6429
f 6454 6445 6429
f 6446 6425 6432
f 6439 6426 6409
f 6431 6439 6409
f 6427 6440 6410
f 6440 6432 6410
f 2963 3025 2922
f 3025 2973 2922
f 2973 3025 3091
f 3026 2964 2923
f 2974 3026 2923
f 3026 2974 3092
f 6481 6490 6477
f 6490 6468 6477
f 3377 3301 3420
f 3467 3377 3420
f 6491 6482 6478
f 6469 6491 6478
f 3302 3378 3421
f 3378 3468 3421
f 6383 6391 6400
f 6392 6383 6400
f 6391 6384 6401
f 6384 6393 6401
f 6385 6373 6395
f 6373 6387 6395
f 6374 6386 6396
f 6388 6374 6396
f 6367 6355 6373
f 6355 6365 6373
f 6356 6368 6374
f 6366 6356 6374
f 6345 6332 6355
f 6332 6343 6355
f 6333 6346 6356
f 6344 6333 6356
f 6323 6306 6332
f 6306 6321 6332
f 6307 6324 6333
f 6322 6307 6333
f 6294 6285 6306
f 6285 6296 6306
f 6286 6295 6307
f 6297 6286 6307
f 6273 6261 6285
f 6261 6277 6285
f 6262 6274 6286
f 6278 6262 6286
f 6245 6229 6261
f 6229 6247 6261
f 6230 6246 6262
f 6248 6230 6262
f 6212 6201 6229
f 6201 6214 6229
f 6202 6213 6230
f 6215 6202 6230
f 6183 6162 6201
f 6162 6185 6201
f 6163 6184 6202
f 6186 6163 6202
f 6144 6125 6162
f 6125 6146 6162
f 6126 6145 6163
f 6147 6126 6163
f 6100 6079 6125
f 6079 6102 6125
f 6059 6036 6079
f 6036 6061 6079
f 6010 5989 6036
f 5989 6012 6036
f 5875 5848 5989
f 5848 5879 5989
f 5818 5792 5848
f 5792 5822 5848
f 5769 5752 5792
f 5752 5771 5792
f 5727 5709 5752
f 5709 5729 5752
f 5690 5664 5709
f 5664 5692 5709
f 5650 5634 5664
f 5634 5652 5664
f 5609 5592 5634
f 5592 5611 5634
f 5575 5560 5592
f 5560 5579 5592
f 5537 5519 5560
f 5519 5541 5560
f 5503 5487 5519
f 5487 5507 5519
f 5471 5453 5487
f 5453 5473 5487
f 5434 5415 5453
f 5415 5440 5453
f 5402 5381 5415
f 5381 5404 5415
f 5370 5349 5381
f 5349 5372 5381
f 5334 5317 5349
f 5317 5336 5349
f 5234 5186 5317
f 5186 5245 5317
f 5131 5091 5186
f 5091 5133 5186
f 5029 4978 5091
f 4978 5031 5091
f 4916 4860 4978
f 4860 4924 4978
f 4810 4745 4860
f 4745 4819 4860
f 4667 4577 4745
f 4577 4673 4745
f 4511 4443 4577
f 4443 4517 4577
f 4376 4308 4443
f 4308 4383 4443
f 4254 4206 4308
f 4206 4256 4308
f 4140 4081 4206
f 4081 4144 4206
f 4020 3971 4081
f 3971 4024 4081
f 3919 3863 3971
f 3863 3921 3971
f 3809 3757 3863
f 3757 3811 3863
f 3703 3655 3757
f 3655 3707 3757
f 3597 3545 3655
f 3545 3599 3655
f 3483 3437 3545
f 3437 3491 3545
f 3381 3323 3437
f 3323 3383 3437
f 3267 3221 3323
f 3221 3269 3323
f 3163 3101 3221
f 3101 3169 3221
f 3049 3000 3101
f 3000 3055 3101
f 2934 2877 3000
f 2877 2938 3000
f 2818 2765 2877
f 2765 2824 2877
f 2694 2618 2765
f 2618 2698 2765
f 2511 2445 2618
f 2445 2514 2618
f 2381 2318 2445
f 2318 2385 2445
f 2254 2193 2318
f 2193 2258 2318
f 2127 2067 2193
f 2067 2129 2193
f 2000 1923 2067
f 1923 2002 2067
f 1822 1794 1923
f 1794 1828 1923
f 1755 1728 1794
f 1728 1757 1794
f 1684 1656 1728
f 1656 1689 1728
f 1618 1588 1656
f 1588 1620 1656
f 1554 1524 1588
f 1524 1556 1588
f 1482 1447 1524
f 1447 1484 1524
f 1410 1374 1447
f 1374 1416 1447
f 1342 1304 1374
f 1304 1344 1374
f 1271 1232 1304
f 1232 1273 1304
f 1196 1157 1232
f 1157 1198 1232
f 1118 1076 1157
f 1076 1120 1157
f 1038 999 1076
f 999 1042 1076
f 952 916 999
f 916 958 999
f 864 814 916
f 814 870 916
f 2958 2972 2905
f 2917 2905 2972
f 2971 2957 2904
f 2904 2916 2971
f 2835 2845 2755
f 2774 2755 2845
f 2844 2834 2754
f 2754 2773 2844
f 769 702 814
f 3221 3169 3269
f 702 771 814
f 3221 3267 3163
f 607 573 702
f 1483 1448 1411
f 573 609 702
f 1417 1448 1485
f 545 509 573
f 3323 3269 3383
f 509 551 573
f 3323 3381 3267
f 477 457 509
f 1411 1375 1343
f 457 481 509
f 1345 1375 1417
f 425 407 457
f 3437 3383 3491
f 407 429 457
f 3437 3483 3381
f 383 359 407
f 1343 1305 1272
f 359 385 407
f 1274 1305 1345
f 333 313 359
f 3545 3491 3599
f 313 337 359
f 3545 3597 3483
f 295 271 313
f 1272 1233 1197
f 271 297 313
f 1199 1233 1274
f 251 235 271
f 3655 3599 3707
f 3125 3061 3137
f 3655 3703 3597
f 235 253 271
f 1197 1158 1119
f 3062 3126 3138
f 1121 1158 1199
f 6406 6400 6391
f 3757 3707 3811
f 6401 6406 6391
f 3757 3809 3703
f 3033 3061 3125
f 1119 1077 1039
f 217 201 235
f 1043 1077 1121
f 3062 3034 3126
f 3863 3811 3921
f 201 221 235
f 3863 3919 3809
f 3399 3497 3396
f 1039 1000 953
f 3498 3400 3396
f 959 1000 1043
f 6458 6485 6487
f 3971 3921 4024
f 6486 6459 6487
f 3971 4020 3919
f 6404 6409 6426
f 953 917 865
f 6424 6409 6402
f 871 917 959
f 185 171 201
f 4081 4024 4144
f 6410 6405 6427
f 4081 4140 4020
f 6410 6425 6403
f 865 815 770
f 213 195 181
f 171 187 201
f 772 815 871
f 6466 6476 6479
f 4206 4144 4256
f 6454 6466 6479
f 4206 4254 4140
f 6476 6466 6449
f 197 213 181
f 770 703 608
f 6476 6467 6480
f 610 703 772
f 6467 6455 6480
f 4308 4256 4383
f 6467 6476 6449
f 4308 4376 4254
f 3296 3226 3305
f 608 574 546
f 3226 3217 3305
f 552 574 610
f 3226 3296 3232
f 4443 4383 4517
f 3227 3296 3306
f 4443 4511 4376
f 3218 3227 3306
f 546 510 478
f 3296 3227 3232
f 482 510 552
f 6441 6428 6449
f 4577 4517 4673
f 6441 6454 6429
f 4577 4667 4511
f 153 139 171
f 478 458 426
f 6428 6442 6449
f 430 458 482
f 6455 6442 6430
f 4745 4673 4819
f 139 155 171
f 4745 4810 4667
f 6332 6345 6323
f 426 408 384
f 2805 2858 2721
f 386 408 430
f 6428 6411 6406
f 4860 4819 4924
f 6407 6411 6429
f 4860 4916 4810
f 127 117 139
f 384 360 334
f 6412 6428 6406
f 338 360 386
f 6412 6408 6430
f 4978 4924 5031
f 117 129 139
f 4978 5029 4916
f 6371 6361 6359
f 334 314 296
f 6362 6371 6359
f 298 314 338
f 3347 3293 3403
f 5091 5031 5133
f 3347 3399 3305
f 5091 5131 5029
f 3399 3347 3403
f 296 272 252
f 3293 3347 3305
f 254 272 298
f 3294 3348 3404
f 5186 5133 5245
f 3400 3348 3306
f 5186 5234 5131
f 3348 3400 3404
f 252 236 218
f 3348 3294 3306
f 222 236 254
f 6474 6493 6483
f 5317 5245 5336
f 6485 6493 6479
f 5317 5334 5234
f 6493 6485 6483
f 218 202 186
f 6493 6474 6479
f 188 202 222
f 6494 6475 6484
f 5349 5336 5372
f 6494 6486 6480
f 5349 5370 5334
f 6486 6494 6484
f 186 172 154
f 6475 6494 6480
f 156 172 188
f 105 95 117
f 5381 5372 5404
f 95 107 117
f 5381 5402 5370
f 83 73 95
f 154 140 128
f 73 85 95
f 130 140 156
f 61 51 73
f 5415 5404 5440
f 51 63 73
f 5415 5434 5402
f 39 29 51
f 128 118 106
f 29 41 51
f 108 118 130
f 1544 1571 1498
f 5453 5440 5473
f 1544 1500 1573
f 5453 5471 5434
f 938 894 988
f 106 96 84
f 938 984 892
f 86 96 108
f 1468 1498 1434
f 5487 5473 5507
f 1468 1436 1500
f 5487 5503 5471
f 1022 988 1062
f 84 74 62
f 1022 1060 984
f 64 74 86
f 6445 6454 6474
f 5519 5507 5541
f 6445 6464 6431
f 5519 5537 5503
f 6464 6445 6474
f 62 52 40
f 17 7 29
f 42 52 64
f 3217 3207 3293
f 5560 5541 5579
f 3243 3207 3165
f 5560 5575 5537
f 3207 3243 3293
f 40 30 18
f 7 19 29
f 20 30 42
f 6455 6446 6475
f 5592 5579 5611
f 6465 6446 6432
f 5592 5609 5575
f 6446 6465 6475
f 18 8 6
f 5 15 7
f 4 8 20
f 3208 3218 3294
f 5634 5611 5652
f 3208 3244 3166
f 5634 5650 5609
f 3244 3208 3294
f 6 16 28
f 15 3 7
f 26 16 4
f 6426 6439 6452
f 5664 5652 5692
f 6464 6439 6431
f 5664 5690 5650
f 27 37 15
f 28 38 50
f 37 25 15
f 48 38 26
f 49 59 37
f 5709 5692 5729
f 59 47 37
f 5709 5727 5690
f 71 81 59
f 50 60 72
f 6440 6427 6453
f 70 60 48
f 6440 6465 6432
f 5752 5729 5771
f 81 69 59
f 5752 5769 5727
f 93 103 81
f 72 82 94
f 103 91 81
f 92 82 70
f 115 125 103
f 5792 5771 5822
f 125 113 103
f 5792 5818 5769
f 3623 3565 3622
f 94 104 116
f 3565 3623 3497
f 114 104 92
f 3566 3623 3624
f 5848 5822 5879
f 3623 3566 3498
f 5848 5875 5818
f 6435 6418 6417
f 116 126 138
f 6418 6435 6458
f 136 126 114
f 6418 6436 6419
f 5989 5879 6012
f 6436 6418 6459
f 5989 6010 5875
f 6495 6476 6487
f 138 150 168
f 6495 6485 6479
f 166 150 136
f 6485 6495 6487
f 6036 6012 6061
f 6476 6495 6479
f 6036 6059 6010
f 6476 6492 6487
f 168 182 198
f 6486 6492 6480
f 196 182 166
f 6492 6486 6487
f 6079 6061 6102
f 6492 6476 6480
f 6079 6100 6059
f 3296 3343 3396
f 198 214 234
f 3399 3343 3305
f 232 214 196
f 3343 3399 3396
f 6103 6126 6147
f 3343 3296 3305
f 6145 6126 6101
f 3344 3296 3396
f 234 248 266
f 3344 3400 3306
f 264 248 232
f 3400 3344 3396
f 6125 6102 6146
f 3296 3344 3306
f 6125 6144 6100
f 137 149 125
f 266 286 312
f 6425 6446 6430
f 310 286 264
f 6446 6455 6430
f 6147 6163 6186
f 2859 2806 2722
f 6184 6163 6145
f 149 135 125
f 312 326 348
f 2744 2806 2863
f 346 326 310
f 1361 1327 1289
f 6162 6146 6185
f 1363 1401 1437
f 6162 6183 6144
f 167 181 149
f 348 376 396
f 1400 1434 1360
f 392 376 346
f 181 165 149
f 6186 6202 6215
f 1400 1362 1436
f 6213 6202 6184
f 6361 6371 6383
f 396 420 452
f 6383 6378 6363
f 450 420 392
f 6363 6361 6383
f 6201 6185 6214
f 6371 6362 6384
f 6201 6212 6183
f 6379 6384 6364
f 452 472 500
f 6362 6364 6384
f 496 472 450
f 6405 6396 6386
f 6215 6230 6248
f 6388 6396 6403
f 6246 6230 6213
f 2543 2485 2412
f 500 530 566
f 2423 2485 2555
f 564 530 496
f 2412 2355 2286
f 6229 6214 6247
f 2299 2355 2423
f 6229 6245 6212
f 2286 2230 2162
f 566 594 677
f 2166 2230 2299
f 670 594 564
f 2162 2096 2031
f 6248 6262 6278
f 2041 2096 2166
f 6274 6262 6246
f 2031 1965 1845
f 677 741 801
f 1871 1965 2041
f 799 741 670
f 2922 2862 2963
f 6261 6247 6277
f 2922 2973 2858
f 6261 6273 6245
f 1845 1811 1777
f 801 845 895
f 1781 1811 1871
f 893 845 799
f 2863 2923 2964
f 6278 6286 6297
f 2974 2923 2859
f 6295 6286 6274
f 1777 1745 1709
f 895 939 989
f 1711 1745 1781
f 985 939 893
f 6373 6385 6367
f 6285 6277 6296
f 6373 6365 6387
f 6285 6294 6273
f 1709 1681 1641
f 989 1023 1063
f 1645 1681 1711
f 1061 1023 985
f 6386 6374 6368
f 6297 6307 6322
f 6366 6374 6388
f 6324 6307 6295
f 1641 1609 1572
f 1063 1108 1145
f 1574 1609 1645
f 1143 1108 1061
f 6355 6367 6345
f 6306 6296 6321
f 6355 6343 6365
f 6306 6323 6294
f 1572 1545 1499
f 1145 1175 1222
f 1501 1545 1574
f 1220 1175 1143
f 6368 6356 6346
f 6322 6333 6344
f 6344 6356 6366
f 6346 6333 6324
f 1499 1469 1435
f 1222 1259 1291
f 1437 1469 1501
f 1289 1259 1220
f 2805 2743 2862
f 6332 6321 6343
f 2568 2600 2443
f 6381 6319 6269
f 403 539 397
f 3289 3249 3351
f 3410 3289 3351
f 539 479 397
f 549 412 405
f 4627 4539 4483
f 487 549 405
f 4539 4399 4483
f 2631 2717 2760
f 6029 6135 6154
f 2717 2828 2760
f 6089 6029 6154
f 605 857 580
f 2680 2556 2727
f 857 721 580
f 2803 2680 2727
f 866 654 591
f 5275 5166 5160
f 750 866 591
f 5166 5083 5160
f 1836 1995 2009
f 5790 5893 5997
f 1995 2102 2009
f 5855 5790 5997
f 1956 1816 1972
f 1084 1184 1036
f 2073 1956 1972
f 1184 1093 1036
f 5489 5445 5458
f 1202 1105 1051
f 5445 5426 5458
f 1109 1202 1051
f 1470 1552 1542
f 5626 5676 5696
f 5670 5626 5696
f 1552 1603 1542
f 1454 1516 1404
f 1516 1430 1404
f 5081 4974 5094
f 3141 3245 3121
f 4701 4848 4825
f 4848 4701 4741
f 4974 5081 4959
f 3245 3141 3265
f 3986 4077 3993
f 257 208 331
f 6225 6275 6189
f 6189 6275 6235
f 2167 2109 2227
f 6381 6269 6341
f 4563 4485 4623
f 6267 6255 6195
f 4726 4563 4623
f 4940 5039 5033
f 2745 2856 2906
f 6287 6255 6336
f 3528 3629 3579
f 2209 2136 2290
f 4494 4612 4474
f 2256 2167 2227
f 5210 5183 5099
f 4009 3905 3929
f 6255 6267 6329
f 5039 5102 5033
f 2854 2745 2906
f 2965 3083 3009
f 3687 3591 3649
f 5296 5272 5150
f 3059 2951 2987
f 921 872 767
f 4903 4808 4897
f 884 933 782
f 4272 4362 4421
f 4166 4275 4181
f 2308 2431 2314
f 5786 5759 5837
f 2568 2443 2403
f 6269 6319 6219
f 2481 2379 2522
f 4835 4908 4792
f 2395 2270 2288
f 1176 1124 1072
f 4362 4272 4264
f 5354 5322 5360
f 1140 1194 1091
f 4333 4226 4229
f 1739 1803 1732
f 5658 5628 5680
f 1144 1062 1169
f 5650 5690 5639
f 4788 4934 4870
f 3891 3861 3963
f 1472 1412 1390
f 1784 1720 1712
f 1482 1554 1560
f 1038 1118 1148
f 5511 5477 5523
f 1426 1492 1406
f 6010 6059 5889
f 1573 1500 1582
f 3618 3530 3595
f 565 499 646
f 5434 5471 5432
f 3840 3951 3874
f 2000 2127 2115
f 477 545 599
f 6245 6273 6197
f 2165 2040 2147
f 265 233 335
f 5029 5131 5037
f 217 251 329
f 2818 2934 2908
f 2963 2862 2930
f 3861 3891 3805
f 4934 4788 4920
f 6244 6269 6206
f 6071 5922 6040
f 4485 4356 4360
f 3986 3993 3897
f 331 208 259
f 3823 3737 3689
f 2654 2502 2493
f 4485 4360 4509
f 208 27 144
f 4020 3986 3909
f 3925 3821 3877
f 622 632 516
f 2383 2457 2339
f 4201 4297 4295
f 3301 3189 3263
f 2457 2383 2507
f 3163 3267 3239
f 127 153 269
f 167 137 278
f 4667 4810 4707
f 2554 2422 2540
f 6323 6345 6239
f 2381 2511 2498
f 333 383 475
f 5334 5370 5328
f 395 347 485
f 6144 6183 6074
f 1780 1710 1792
f 769 864 956
f 1684 1755 1770
f 894 800 986
f 5537 5575 5521
f 1362 1290 1402
f 5769 5818 5735
f 1271 1342 1376
f 3838 3737 3823
f 2856 2783 2879
f 4844 4940 4814
f 205 249 327
f 3723 3819 3803
f 6255 6287 6207
f 4561 4492 4631
f 3071 3161 3029
f 3995 4104 4100
f 2856 2879 2949
f 4814 4940 4932
f 2125 2111 2004
f 445 455 368
f 4185 4048 4127
f 4419 4331 4481
f 2896 2981 2850
f 2042 2109 2167
f 6191 6244 6206
f 5922 5891 6040
f 3705 3595 3664
f 3595 3571 3664
f 3730 3605 3671
f 453 443 357
f 2021 1978 2118
f 6481 6313 6357
f 6336 6255 6329
f 6447 6413 6311
f 3993 3887 3897
f 351 331 259
f 3705 3823 3689
f 1854 1883 2042
f 445 368 331
f 4127 4048 3993
f 27 208 161
f 3986 4020 4073
f 4100 4104 4187
f 208 257 161
f 4077 3986 4073
f 4054 3948 4050
f 4295 4297 4374
f 6071 6113 6156
f 3730 3671 3803
f 357 443 327
f 3583 3679 3641
f 4685 4717 4831
f 2502 2409 2493
f 4360 4427 4509
f 2004 2111 1991
f 6311 6269 6244
f 4236 4185 4127
f 455 353 368
f 3605 3573 3671
f 349 453 357
f 205 327 259
f 3803 3819 3897
f 4589 4641 4788
f 3793 3889 3861
f 3259 3363 3247
f 4659 4610 4776
f 3247 3363 3355
f 4659 4776 4790
f 4479 4372 4544
f 2443 2600 2455
f 4372 4458 4544
f 4419 4481 4533
f 2850 2981 2967
f 4244 4148 4272
f 6447 6311 6347
f 2879 2983 2949
f 4833 4814 4932
f 4050 3948 3913
f 4561 4631 4732
f 3029 3161 3143
f 4231 4100 4187
f 2654 2704 2502
f 368 257 331
f 4077 4127 3993
f 4831 4957 4899
f 3561 3641 3669
f 27 5 144
f 3919 4020 3909
f 4050 4015 4124
f 6077 5978 6057
f 2758 2820 2671
f 5144 5085 5033
f 3021 2945 2906
f 3671 3723 3803
f 249 357 327
f 6267 6195 6235
f 6481 6477 6313
f 353 455 437
f 4185 4236 4303
f 2671 2545 2507
f 4481 4633 4533
f 2914 2850 2967
f 3528 3579 3473
f 6313 6287 6357
f 4415 4272 4421
f 4762 4802 4623
f 3573 3605 3513
f 453 349 431
f 4780 4788 4870
f 3861 3997 3963
f 2965 3009 2901
f 4272 4179 4264
f 921 767 831
f 2987 2951 2874
f 4903 4897 5004
f 782 933 852
f 4831 4888 4957
f 3509 3641 3561
f 2308 2314 2199
f 5837 5759 5806
f 2288 2270 2173
f 1176 1072 1138
f 1091 1194 1150
f 5354 5360 5392
f 3583 3641 3521
f 4831 4717 4786
f 4050 3938 4015
f 1739 1732 1669
f 5680 5628 5648
f 1472 1390 1452
f 2671 2713 2545
f 3747 3861 3805
f 4788 4856 4920
f 3938 4050 3913
f 1406 1492 1463
f 5511 5523 5551
f 3618 3595 3689
f 3595 3705 3689
f 4531 4657 4544
f 4829 4699 4790
f 3461 3433 3355
f 5962 6071 6057
f 1712 1720 1652
f 5962 5922 6071
f 3877 3821 3783
f 622 516 520
f 516 632 522
f 3925 3877 3984
f 455 445 537
f 4048 4185 4107
f 1597 1516 1593
f 4589 4788 4650
f 3861 3889 3965
f 4888 4831 4786
f 3641 3509 3521
f 4372 4479 4374
f 3605 3730 3667
f 443 453 535
f 4458 4531 4544
f 240 353 303
f 4236 4250 4324
f 5626 5569 5583
f 1614 1552 1522
f 1202 1313 1284
f 5419 5445 5466
f 3577 3573 3501
f 349 243 299
f 4776 4610 4732
f 3259 3247 3143
f 1956 2028 1834
f 1296 1184 1268
f 6121 6071 6156
f 4699 4659 4790
f 3363 3461 3355
f 5790 5713 5745
f 2061 1995 1868
f 866 1032 966
f 5112 5166 5249
f 2680 2707 2528
f 1013 857 950
f 6029 5835 5949
f 2747 2717 2561
f 3369 3371 3287
f 5278 5137 5162
f 549 794 611
f 4515 4539 4669
f 4788 4780 4650
f 3997 3861 3965
f 3289 3277 3185
f 784 539 601
f 2290 2136 2201
f 3299 3297 3215
f 4333 4229 4345
f 4295 4231 4187
f 4201 4295 4187
f 249 179 280
f 3653 3723 3651
f 4792 4908 4876
f 2481 2522 2656
f 4244 4272 4343
f 4415 4481 4343
f 2850 2713 2799
f 1854 2042 2004
f 2896 2850 2799
f 4481 4331 4343
f 3029 2914 2967
f 4633 4631 4533
f 3071 3029 2967
f 4631 4492 4533
f 4100 3997 3965
f 2111 2125 2207
f 3995 4100 3965
f 4961 5087 4942
f 3579 3629 3673
f 5192 5219 5141
f 3151 3043 3183
f 5094 5192 5141
f 3043 3121 3183
f 4272 4415 4343
f 1169 1062 1095
f 5650 5639 5601
f 1144 1169 1243
f 5639 5690 5678
f 3595 3530 3477
f 1560 1554 1628
f 1038 1148 1074
f 1148 1118 1228
f 1482 1560 1494
f 5889 6059 6019
f 1573 1582 1648
f 6010 5889 5833
f 1582 1500 1511
f 5434 5432 5400
f 646 499 559
f 565 646 780
f 5432 5471 5464
f 2115 2127 2237
f 477 599 543
f 599 545 744
f 2000 2115 1982
f 6197 6273 6220
f 2165 2147 2266
f 6245 6197 6160
f 2147 2040 2019
f 335 233 305
f 5029 5037 4936
f 5037 5131 5139
f 265 335 379
f 217 329 293
f 2908 2934 3018
f 2818 2908 2793
f 329 251 366
f 2963 2930 3045
f 2930 2862 2816
f 2758 2671 2644
f 353 240 287
f 4250 4236 4171
f 4494 4474 4378
f 4474 4612 4597
f 2209 2290 2347
f 2250 2111 2207
f 3929 3905 3829
f 5210 5099 5120
f 5099 5183 5054
f 4009 3929 4026
f 4967 4867 4972
f 4056 4067 3967
f 4972 4867 4870
f 4056 3967 3963
f 3573 3577 3651
f 243 349 280
f 3687 3649 3725
f 5150 5272 5158
f 3009 3083 3110
f 5296 5150 5164
f 3649 3591 3539
f 4952 4884 4825
f 2598 2461 2433
f 4575 4519 4469
f 3849 3743 3805
f 4976 5008 4920
f 3779 3743 3849
f 4976 5058 5008
f 2598 2433 2545
f 4469 4519 4421
f 4179 4272 4131
f 4218 4287 4350
f 4218 4350 4264
f 4181 4275 4279
f 4272 4148 4131
f 3059 2987 3087
f 767 872 698
f 4166 4181 4071
f 3593 3505 3561
f 5066 5060 4957
f 2671 2500 2644
f 3505 3459 3561
f 4985 5066 4957
f 2522 2379 2429
f 4835 4792 4739
f 4897 4808 4798
f 884 782 719
f 3840 3874 3781
f 2314 2431 2435
f 5786 5837 5866
f 6311 6270 6347
f 4229 4226 4133
f 2395 2288 2401
f 1072 1124 1011
f 5360 5322 5330
f 1140 1091 1034
f 3874 3951 3978
f 1732 1803 1790
f 5658 5680 5707
f 1390 1412 1333
f 1784 1712 1772
f 4003 4092 4015
f 5523 5477 5494
f 1426 1406 1348
f 894 986 1026
f 5521 5575 5565
f 1402 1290 1317
f 5769 5735 5705
f 3301 3263 3367
f 1684 1770 1695
f 956 864 1009
f 1271 1376 1294
f 1376 1342 1428
f 6144 6074 6052
f 1792 1710 1716
f 395 485 505
f 5328 5370 5366
f 3263 3189 3155
f 2381 2498 2366
f 475 383 489
f 5735 5818 5782
f 1362 1402 1445
f 3163 3239 3123
f 269 153 267
f 2540 2422 2393
f 6323 6239 6242
f 167 278 273
f 4707 4810 4827
f 5537 5521 5501
f 986 800 868
f 769 956 842
f 1770 1755 1819
f 6074 6183 6131
f 1780 1792 1842
f 5334 5328 5251
f 485 347 414
f 3936 4003 4015
f 2498 2511 2662
f 333 475 401
f 3239 3267 3321
f 127 269 219
f 2554 2540 2700
f 6239 6345 6281
f 278 137 227
f 4667 4707 4557
f 6253 6171 6219
f 6319 6253 6219
f 6096 6023 6084
f 6023 5986 6084
f 2391 2496 2403
f 2032 2145 2186
f 2496 2568 2403
f 2145 2268 2186
f 3861 3747 3745
f 4856 4788 4768
f 3793 3861 3745
f 4788 4641 4768
f 5085 5002 5033
f 2996 3021 2906
f 3571 3595 3515
f 4629 4762 4623
f 2118 1978 2064
f 5872 6055 6040
f 2713 2671 2799
f 2671 2820 2799
f 6169 6189 6235
f 6219 6171 6150
f 2391 2403 2310
f 6084 5986 6027
f 6096 6084 6150
f 2032 2186 2053
f 2186 2268 2310
f 4831 4856 4768
f 3747 3641 3745
f 6195 6169 6235
f 4685 4831 4768
f 3641 3679 3745
f 3289 3410 3353
f 479 539 586
f 549 487 595
f 4399 4539 4433
f 3734 3781 3673
f 4485 4563 4431
f 4356 4485 4431
f 2969 3012 2898
f 2977 2947 2872
f 491 393 423
f 4965 4950 5050
f 399 501 439
f 6137 6069 6111
f 2235 2244 2133
f 4231 4295 4341
f 4952 4825 4926
f 2216 2203 2097
f 890 733 819
f 758 912 848
f 5396 5398 5430
f 1654 1650 1586
f 5839 5765 5797
f 1631 1634 1567
f 1277 1182 1249
f 1204 1292 1264
f 5577 5590 5624
f 2856 2745 2733
f 5039 4940 4938
f 4940 4844 4938
f 2783 2856 2733
f 4297 4372 4374
f 2409 2502 2350
f 3012 2930 2898
f 3263 3281 3339
f 3281 3263 3193
f 2908 2977 2872
f 393 329 423
f 4050 4179 4131
f 403 269 343
f 3239 3249 3173
f 5978 5962 6057
f 4627 4707 4766
f 278 412 355
f 269 403 318
f 3249 3239 3317
f 2631 2540 2477
f 6239 6135 6181
f 4707 4627 4548
f 412 278 320
f 605 475 569
f 2498 2556 2439
f 4054 4050 4131
f 2540 2631 2692
f 6135 6239 6210
f 485 654 582
f 5275 5328 5342
f 1836 1792 1768
f 6074 5893 6003
f 475 605 503
f 2556 2498 2658
f 1770 1816 1746
f 1084 956 1064
f 654 485 514
f 5328 5275 5230
f 5489 5521 5533
f 986 1105 1089
f 1792 1836 1904
f 5893 6074 6047
f 1470 1402 1388
f 5735 5676 5682
f 1816 1770 1838
f 956 1084 970
f 1376 1454 1372
f 1454 1376 1461
f 5521 5489 5485
f 1105 986 992
f 1402 1470 1478
f 5676 5735 5725
f 4950 5037 5050
f 335 399 439
f 2111 2250 2170
f 6197 6137 6111
f 2244 2147 2133
f 2115 2216 2097
f 733 599 819
f 646 758 848
f 5398 5432 5430
f 1650 1582 1586
f 5889 5839 5797
f 1560 1631 1567
f 1182 1148 1249
f 5590 5639 5624
f 1169 1204 1264
f 3297 3299 3379
f 2717 2747 2814
f 5835 6029 6001
f 2707 2680 2786
f 857 1013 886
f 5166 5112 5073
f 1032 866 905
f 1995 2061 2104
f 5713 5790 5773
f 249 151 179
f 3749 3723 3653
f 1184 1296 1188
f 2028 1956 2075
f 5445 5419 5413
f 1313 1202 1208
f 1552 1614 1616
f 5569 5626 5620
f 1516 1597 1509
f 4610 4561 4732
f 3161 3259 3143
f 3819 3809 3909
f 17 205 144
f 3420 3367 3477
f 3823 3938 3913
f 3838 3823 3913
f 2502 2416 2350
f 2118 2064 2212
f 2828 2717 2814
f 6029 6089 6001
f 721 857 886
f 2680 2803 2786
f 988 1026 1095
f 5565 5609 5601
f 1317 1221 1243
f 5727 5705 5678
f 1618 1695 1628
f 1009 952 1074
f 1196 1294 1228
f 1428 1410 1494
f 6100 6052 6019
f 1716 1644 1648
f 5782 5875 5833
f 1436 1445 1511
f 5366 5402 5400
f 451 505 559
f 5503 5501 5464
f 868 676 780
f 2254 2366 2237
f 489 425 543
f 607 842 744
f 1819 1822 1982
f 2393 2298 2266
f 6294 6242 6220
f 1870 1842 2019
f 6131 6212 6160
f 197 273 305
f 4827 4916 4936
f 5234 5251 5139
f 414 311 379
f 267 185 293
f 3049 3123 3018
f 2662 2694 2793
f 295 401 366
f 3155 3081 3045
f 2743 2700 2816
f 5083 5166 5073
f 866 750 905
f 4631 4633 4758
f 2914 3029 2961
f 3997 4100 4079
f 6313 6270 6227
f 2102 1995 2104
f 5790 5855 5773
f 2064 2155 2212
f 4015 4111 4124
f 539 403 497
f 3249 3289 3195
f 1093 1184 1188
f 1956 2073 2075
f 6207 6287 6257
f 3277 3289 3353
f 539 784 586
f 4539 4627 4689
f 412 549 507
f 5426 5445 5413
f 1202 1109 1208
f 4539 4515 4433
f 794 549 595
f 2717 2631 2547
f 6135 6029 6063
f 1603 1552 1616
f 5626 5670 5620
f 857 605 827
f 2556 2680 2509
f 1430 1516 1509
f 4957 4994 4899
f 3647 3561 3669
f 5166 5275 5312
f 654 866 846
f 1995 1836 1824
f 5893 5790 5803
f 1816 1956 1808
f 1184 1084 1186
f 5445 5489 5483
f 1105 1202 1206
f 6113 6071 6040
f 5676 5626 5622
f 1552 1470 1480
f 1516 1454 1531
f 2042 2125 2004
f 4481 4415 4513
f 2713 2850 2749
f 3191 3215 3110
f 3809 3819 3749
f 205 17 151
f 516 522 421
f 3984 3877 3933
f 3185 3175 3087
f 821 601 698
f 2021 2118 2153
f 3877 3783 3831
f 520 516 427
f 5254 5278 5162
f 3371 3261 3287
f 4671 4669 4798
f 611 835 719
f 5978 6077 6067
f 6287 6336 6357
f 2565 2561 2435
f 5949 5812 5866
f 4100 4231 4162
f 2528 2530 2401
f 1066 950 1011
f 5213 5249 5330
f 966 1087 1034
f 4279 4380 4378
f 3801 3725 3829
f 5158 5242 5120
f 2429 2302 2347
f 4748 4739 4597
f 1925 1868 1790
f 5745 5684 5707
f 4133 4120 4026
f 2850 2914 2809
f 4633 4481 4585
f 3978 4058 4071
f 5087 5020 4942
f 1834 1874 1772
f 1350 1268 1333
f 5891 5872 6040
f 5447 5466 5494
f 1284 1370 1348
f 2620 2441 2465
f 5137 5278 5170
f 3371 3369 3446
f 6113 6195 6156
f 3281 3237 3337
f 5087 4961 5027
f 3611 3717 3664
f 183 257 287
f 4077 4183 4171
f 3717 3755 3664
f 2545 2457 2507
f 6313 6227 6257
f 179 243 280
f 3577 3653 3651
f 3938 3823 3867
f 2207 2252 2326
f 3473 3579 3535
f 3237 3297 3337
f 2252 2368 2326
f 3819 3723 3749
f 249 205 151
f 3823 3705 3799
f 2947 3016 2912
f 567 491 603
f 3037 2969 2932
f 501 571 636
f 4891 4965 4987
f 2290 2201 2339
f 2330 2235 2225
f 6069 6007 5906
f 954 890 1024
f 2203 2306 2188
f 1292 1319 1380
f 5535 5577 5567
f 5362 5396 5394
f 912 974 1040
f 1302 1277 1368
f 1634 1704 1646
f 5765 5737 5703
f 1722 1654 1667
f 2901 3009 2932
f 4701 4542 4573
f 4542 4467 4573
f 4895 4974 4874
f 3141 3069 3187
f 4804 4895 4874
f 3069 3129 3187
f 6385 6275 6300
f 225 240 303
f 4250 4358 4324
f 831 767 603
f 2987 2874 2912
f 6193 6116 6151
f 3489 3577 3501
f 243 215 299
f 455 524 437
f 4285 4185 4303
f 5004 4897 4987
f 782 852 636
f 6199 6207 6257
f 1658 1597 1593
f 3809 3919 3909
f 5 17 144
f 3641 3747 3669
f 4856 4831 4899
f 2199 2314 2225
f 5837 5806 5906
f 4179 4050 4124
f 6227 6193 6151
f 3367 3429 3477
f 3781 3717 3673
f 5569 5539 5583
f 1550 1614 1522
f 2288 2173 2188
f 1138 1072 1024
f 3605 3511 3513
f 518 453 431
f 1026 1130 1095
f 5558 5565 5601
f 5705 5656 5678
f 1331 1317 1243
f 1695 1693 1628
f 1116 1009 1074
f 1294 1315 1228
f 1504 1428 1494
f 6052 5898 6019
f 1714 1716 1648
f 5757 5782 5833
f 1445 1529 1511
f 505 615 559
f 5368 5366 5400
f 5501 5460 5464
f 925 868 780
f 2366 2334 2237
f 597 489 543
f 842 903 744
f 1976 1819 1982
f 2371 2393 2266
f 6242 6167 6220
f 1842 2016 2019
f 6086 6131 6160
f 273 370 305
f 4850 4827 4936
f 5251 5148 5139
f 473 414 379
f 364 267 293
f 3123 3079 3018
f 401 462 366
f 2756 2662 2793
f 3112 3155 3045
f 2700 2797 2816
f 1313 1370 1284
f 5447 5419 5466
f 1091 1150 1040
f 5392 5360 5394
f 2945 2854 2906
f 5102 5144 5033
f 2028 1874 1834
f 1350 1296 1268
f 3261 3151 3183
f 5219 5254 5141
f 6089 6055 6015
f 1669 1732 1667
f 5680 5648 5703
f 6055 5872 6015
f 3509 3433 3521
f 4829 4888 4786
f 3433 3461 3521
f 4699 4829 4786
f 5713 5684 5745
f 1925 2061 1868
f 1452 1390 1368
f 2500 2671 2507
f 4967 5027 4901
f 4780 4657 4650
f 4657 4531 4650
f 1032 1087 966
f 5213 5112 5249
f 3287 3261 3183
f 5254 5162 5141
f 5170 5066 5062
f 3505 3446 3412
f 5027 4961 4901
f 4802 4726 4623
f 2707 2530 2528
f 1066 1013 950
f 3083 3191 3110
f 3175 3059 3087
f 872 821 698
f 5137 5170 5062
f 3446 3369 3412
f 4808 4671 4798
f 835 884 719
f 2431 2565 2435
f 5812 5786 5866
f 1124 1066 1011
f 2530 2395 2401
f 5835 5812 5949
f 2565 2747 2561
f 5322 5213 5330
f 1087 1140 1034
f 1803 1925 1790
f 5684 5658 5707
f 1874 1784 1772
f 1412 1350 1333
f 5477 5447 5494
f 1370 1426 1348
f 5020 4952 4926
f 794 835 611
f 4671 4515 4669
f 1319 1406 1380
f 5523 5535 5567
f 1390 1302 1368
f 1704 1712 1646
f 5737 5680 5703
f 1732 1722 1667
f 5360 5362 5394
f 974 1091 1040
f 161 257 183
f 4077 4073 4183
f 1072 954 1024
f 2306 2288 2188
f 6007 5837 5906
f 2314 2330 2225
f 571 782 636
f 4897 4891 4987
f 3016 2987 2912
f 767 567 603
f 3009 3037 2932
f 3277 3175 3185
f 821 784 601
f 3191 3299 3215
f 4942 5020 4926
f 2201 2262 2339
f 1406 1463 1380
f 5551 5523 5567
f 522 445 421
f 4048 3984 3933
f 1712 1652 1646
f 6055 6089 6123
f 3215 3135 3110
f 4287 4279 4378
f 3725 3779 3829
f 5058 5158 5120
f 2461 2429 2347
f 4739 4575 4597
f 4067 4133 4026
f 2042 1883 2013
f 2109 2042 2013
f 4003 3978 4071
f 3783 3730 3831
f 443 520 427
f 2262 2383 2339
f 2441 2620 2493
f 4358 4376 4461
f 93 225 199
f 601 531 698
f 3116 3185 3087
f 3483 3489 3414
f 215 83 191
f 5908 5947 6049
f 4669 4784 4798
f 541 611 719
f 4633 4737 4814
f 2807 2914 2879
f 6426 6452 6336
f 3629 3734 3673
f 3530 3420 3477
f 2561 2452 2435
f 6032 5949 5866
f 4160 4246 4136
f 4974 4959 4874
f 3265 3141 3187
f 6275 6385 6315
f 3279 3265 3187
f 4959 4852 4874
f 1062 988 1095
f 5609 5650 5601
f 1221 1144 1243
f 5690 5727 5678
f 1554 1618 1628
f 952 1038 1074
f 1410 1482 1494
f 1118 1196 1228
f 6059 6100 6019
f 1644 1573 1648
f 1500 1436 1511
f 5875 6010 5833
f 5402 5434 5400
f 499 451 559
f 676 565 780
f 5471 5503 5464
f 2127 2254 2237
f 425 477 543
f 545 607 744
f 1822 2000 1982
f 2298 2165 2266
f 6273 6294 6220
f 2040 1870 2019
f 6212 6245 6160
f 233 197 305
f 4916 5029 4936
f 5131 5234 5139
f 311 265 379
f 185 217 293
f 2934 3049 3018
f 251 295 366
f 2694 2818 2793
f 3081 2963 3045
f 2862 2743 2816
f 988 894 1026
f 5575 5609 5565
f 1290 1221 1317
f 5727 5769 5705
f 1618 1684 1695
f 864 952 1009
f 1196 1271 1294
f 1342 1410 1428
f 6100 6144 6052
f 1710 1644 1716
f 5818 5875 5782
f 1436 1362 1445
f 5370 5402 5366
f 451 395 505
f 3420 3301 3367
f 800 676 868
f 5503 5537 5501
f 2254 2381 2366
f 383 425 489
f 607 769 842
f 1755 1822 1819
f 2422 2298 2393
f 6294 6323 6242
f 1870 1780 1842
f 6183 6212 6131
f 197 167 273
f 4810 4916 4827
f 5234 5334 5251
f 347 311 414
f 3049 3163 3123
f 153 185 267
f 2511 2694 2662
f 295 333 401
f 3189 3081 3155
f 6345 6367 6281
f 2743 2554 2700
f 4511 4667 4557
f 137 115 227
f 3267 3381 3321
f 105 127 219
f 2583 2620 2465
f 2418 2528 2401
f 950 898 1011
f 2383 2500 2507
f 2441 2493 2358
f 3611 3571 3535
f 5249 5332 5330
f 914 966 1034
f 3703 3809 3749
f 17 39 151
f 2493 2409 2358
f 4252 4231 4360
f 2047 1906 1991
f 4770 4615 4661
f 2719 2688 2552
f 1868 1782 1790
f 5767 5745 5707
f 4246 4229 4136
f 4441 4333 4345
f 4908 4989 4876
f 2613 2481 2656
f 1268 1245 1333
f 1764 1834 1772
f 4741 4701 4573
f 4603 4741 4573
f 2600 2583 2455
f 2125 2042 2167
f 6367 6385 6300
f 5466 5505 5494
f 1260 1284 1348
f 6275 6225 6300
f 6116 6067 6151
f 4792 4770 4661
f 2688 2522 2552
f 2500 2502 2644
f 6311 6413 6341
f 2502 2704 2644
f 3381 3483 3414
f 83 105 191
f 4376 4511 4461
f 115 93 199
f 2403 2294 2310
f 2186 2109 2053
f 2294 2186 2310
f 6091 6084 6027
f 6158 6219 6150
f 6084 6158 6150
f 3734 3840 3781
f 4888 4829 4905
f 3433 3509 3427
f 6269 6311 6341
f 4183 4250 4171
f 240 183 287
f 4380 4494 4378
f 2302 2209 2347
f 4612 4748 4597
f 3905 3801 3829
f 5242 5210 5120
f 3801 3687 3725
f 5272 5242 5158
f 5192 5094 5085
f 3121 3043 3021
f 5183 5128 5054
f 4120 4009 4026
f 4275 4380 4279
f 2379 2302 2429
f 4748 4835 4739
f 3591 3471 3539
f 5300 5296 5164
f 4226 4120 4133
f 4058 4166 4071
f 3951 4058 3978
f 1939 1906 2047
f 49 27 161
f 4020 4140 4073
f 327 351 259
f 3887 3803 3897
f 4542 4629 4509
f 4825 4884 4762
f 660 688 537
f 4152 4032 4107
f 368 353 287
f 4236 4127 4171
f 6067 6077 6151
f 3711 3603 3667
f 678 648 535
f 4657 4780 4778
f 4848 4741 4863
f 4427 4542 4509
f 3671 3573 3651
f 349 357 280
f 4895 4833 4932
f 2983 3069 2949
f 3069 2996 2949
f 5002 4895 4932
f 1597 1533 1509
f 5599 5569 5620
f 1614 1675 1616
f 3435 3473 3535
f 4479 4467 4374
f 1254 1313 1208
f 5419 5386 5413
f 4804 4776 4732
f 3247 3129 3143
f 2149 2028 2075
f 1296 1237 1188
f 2111 2047 1991
f 4183 4254 4289
f 71 183 169
f 2061 2183 2104
f 5739 5713 5773
f 5112 5010 5073
f 982 1032 905
f 4633 4814 4758
f 2879 2914 2961
f 2830 2707 2786
f 1013 964 886
f 2079 2021 2153
f 3579 3611 3535
f 2747 2866 2814
f 5857 5835 6001
f 3299 3416 3379
f 578 479 586
f 3410 3431 3353
f 2828 2901 2932
f 4354 4399 4433
f 487 584 595
f 3245 3265 3319
f 4959 5081 5052
f 6270 6311 6244
f 2155 2264 2212
f 2212 2264 2350
f 4876 4989 4938
f 2613 2656 2733
f 524 717 584
f 4260 4285 4354
f 721 831 603
f 2874 2803 2912
f 3511 3499 3431
f 704 518 578
f 4741 4821 4863
f 4441 4345 4431
f 4152 4107 4199
f 537 688 557
f 2443 2455 2352
f 3667 3603 3585
f 678 535 555
f 5083 5004 4987
f 852 750 636
f 717 524 557
f 4285 4260 4199
f 3265 3373 3319
f 4983 4959 5052
f 518 704 555
f 3499 3511 3585
f 2102 2199 2225
f 5806 5855 5906
f 291 225 303
f 4358 4437 4324
f 3405 3489 3501
f 215 289 299
f 5144 5192 5085
f 3043 2945 3021
f 5128 5087 5027
f 4140 4254 4183
f 71 49 183
f 5278 5300 5170
f 3471 3371 3446
f 4360 4231 4341
f 4844 4876 4938
f 2656 2783 2733
f 3539 3471 3446
f 5300 5164 5170
f 2173 2073 2188
f 1093 1138 1024
f 4345 4356 4431
f 6404 6426 6329
f 6404 6329 6315
f 4884 4802 4762
f 4629 4542 4724
f 3911 3847 3807
f 5054 5128 5027
f 6116 6049 6067
f 5426 5392 5394
f 1150 1109 1040
f 5908 6049 6027
f 3379 3435 3337
f 4542 4701 4724
f 4563 4441 4431
f 4989 5039 4938
f 2745 2613 2733
f 3874 3911 3807
f 2996 3069 3075
f 4895 5002 5006
f 3069 3141 3075
f 4974 4895 5006
f 1603 1669 1667
f 5648 5670 5703
f 2368 2465 2326
f 6336 6452 6357
f 4387 4260 4354
f 717 756 584
f 2455 2368 2352
f 6169 6195 6118
f 6195 6113 6118
f 2079 2153 2201
f 6270 6313 6347
f 742 704 578
f 3499 3389 3431
f 1430 1452 1368
f 225 291 199
f 4437 4358 4461
f 6049 5947 6067
f 3489 3405 3414
f 289 215 191
f 6071 6121 6057
f 2502 2500 2416
f 2465 2441 2326
f 1720 1658 1652
f 5539 5511 5551
f 1492 1550 1463
f 4399 4285 4303
f 524 487 437
f 704 678 555
f 3603 3499 3585
f 5094 4974 5006
f 3141 3121 3075
f 6385 6404 6315
f 688 717 557
f 4260 4152 4199
f 6313 6477 6347
f 3373 3265 3349
f 4959 4983 4893
f 3265 3279 3349
f 4852 4959 4893
f 4701 4825 4724
f 479 518 431
f 3511 3410 3513
f 3887 3933 3831
f 421 351 427
f 6091 6049 6133
f 225 93 169
f 4376 4358 4289
f 1533 1472 1452
f 3489 3483 3555
f 83 215 159
f 5628 5599 5648
f 1675 1739 1669
f 4821 4741 4730
f 4741 4603 4730
f 1194 1254 1150
f 5386 5354 5392
f 3435 3475 3385
f 4467 4479 4573
f 4479 4603 4573
f 1237 1176 1138
f 2270 2149 2173
f 5947 5978 6067
f 487 524 584
f 4285 4399 4354
f 5759 5739 5806
f 2183 2308 2199
f 4181 4191 4092
f 4191 4111 4092
f 397 479 377
f 3410 3351 3453
f 1652 1584 1646
f 1463 1438 1380
f 5594 5551 5567
f 487 405 381
f 4483 4399 4364
f 933 982 852
f 5010 4903 5004
f 5150 5056 5060
f 3681 3649 3593
f 3647 3681 3593
f 5056 4994 5060
f 2760 2828 2868
f 6089 6154 6189
f 3410 3511 3431
f 518 479 578
f 3929 3849 3967
f 5008 5099 4972
f 3849 3891 3967
f 4934 5008 4972
f 2951 2830 2874
f 964 921 831
f 580 721 533
f 2803 2727 2832
f 4350 4474 4469
f 4362 4350 4469
f 750 591 547
f 5160 5083 5064
f 5872 5857 6015
f 2866 2965 2901
f 2153 2262 2201
f 2009 2102 2120
f 5855 5997 6025
f 3247 3279 3187
f 4852 4776 4874
f 4776 4804 4874
f 3129 3247 3187
f 2073 1972 2082
f 1036 1093 962
f 4250 4183 4289
f 183 240 169
f 6193 6191 6133
f 1109 1051 990
f 5458 5426 5428
f 3121 3245 3183
f 5081 5094 5141
f 1542 1603 1595
f 5670 5696 5733
f 2252 2256 2352
f 1584 1520 1575
f 1404 1430 1340
f 3416 3528 3473
f 4825 4848 4926
f 1438 1408 1356
f 5641 5594 5607
f 5505 5517 5549
f 1167 1260 1230
f 1753 1764 1697
f 1245 1146 1215
f 1782 1778 1718
f 5841 5767 5808
f 5332 5340 5364
f 760 914 837
f 3475 3429 3385
f 2437 2418 2316
f 898 738 812
f 6109 6032 6093
f 2452 2475 2360
f 4784 4772 4872
f 441 541 466
f 784 742 586
f 3389 3277 3353
f 289 397 377
f 3351 3405 3453
f 4437 4483 4364
f 405 291 381
f 240 225 169
f 4358 4250 4289
f 6154 6225 6189
f 2797 2760 2868
f 2727 2756 2832
f 462 580 533
f 5148 5160 5064
f 591 473 547
f 3181 3112 3077
f 2016 2009 2120
f 5997 6086 6025
f 435 364 464
f 3079 3149 3047
f 370 441 466
f 4772 4850 4872
f 6049 6091 6027
f 903 1036 962
f 1972 1976 2082
f 2475 2371 2360
f 6167 6109 6093
f 5460 5458 5428
f 1051 925 990
f 2334 2437 2316
f 738 597 812
f 5340 5368 5364
f 615 760 837
f 5696 5757 5733
f 1529 1542 1595
f 5898 5841 5808
f 1778 1714 1718
f 1315 1404 1340
f 1520 1504 1575
f 1146 1116 1215
f 1693 1753 1697
f 5656 5641 5607
f 1408 1331 1356
f 1130 1167 1230
f 5517 5558 5549
f 3149 3116 3047
f 531 435 464
f 3135 3181 3077
f 4515 4387 4433
f 756 794 595
f 3577 3489 3555
f 215 243 159
f 2312 2383 2242
f 2383 2262 2242
f 2620 2654 2493
f 4833 4895 4782
f 3069 2983 3051
f 4895 4804 4782
f 3129 3069 3051
f 6049 6116 6133
f 3279 3247 3355
f 4776 4852 4790
f 4542 4427 4403
f 4378 4474 4350
f 4287 4378 4350
f 4467 4542 4403
f 4474 4597 4469
f 2347 2290 2433
f 4597 4575 4469
f 2461 2347 2433
f 3933 3877 3831
f 516 421 427
f 648 622 520
f 3821 3711 3783
f 5120 5099 5008
f 3929 3829 3849
f 5058 5120 5008
f 3829 3779 3849
f 4032 3925 3984
f 632 660 522
f 4026 3929 3967
f 5099 5054 4972
f 4067 4026 3967
f 5054 4967 4972
f 5150 5158 5056
f 3725 3649 3681
f 5158 5058 5056
f 3779 3725 3681
f 5164 5150 5060
f 3649 3539 3593
f 5066 5164 5060
f 3539 3505 3593
f 4181 4279 4191
f 4279 4287 4191
f 4603 4479 4544
f 3505 3539 3446
f 5164 5066 5170
f 3597 3703 3653
f 39 61 179
f 4071 4181 4092
f 2136 2079 2201
f 4003 4071 4092
f 4739 4792 4661
f 2522 2429 2552
f 2429 2461 2552
f 4575 4739 4661
f 4229 4133 4136
f 4133 4067 4136
f 6287 6313 6257
f 3874 3978 3911
f 3978 4003 3911
f 6281 6367 6300
f 2368 2252 2352
f 4967 5054 5027
f 6057 6121 6142
f 6116 6193 6133
f 3473 3435 3379
f 6477 6447 6347
f 524 455 557
f 4185 4285 4199
f 5583 5539 5551
f 1550 1522 1463
f 1658 1593 1652
f 2312 2242 2212
f 6077 6057 6142
f 2242 2118 2212
f 3781 3874 3807
f 2901 2828 2814
f 6089 6015 6001
f 3717 3781 3807
f 2656 2522 2688
f 4792 4876 4770
f 2783 2656 2688
f 4876 4844 4770
f 3511 3605 3585
f 453 518 555
f 4104 4201 4187
f 2803 2874 2786
f 831 721 886
f 4345 4229 4246
f 4356 4345 4246
f 3737 3618 3689
f 5004 5083 5073
f 750 852 905
f 4492 4419 4533
f 2981 3071 2967
f 1978 1939 2064
f 1872 1854 2004
f 2199 2102 2104
f 5855 5806 5773
f 1522 1438 1463
f 5594 5583 5551
f 1138 1093 1188
f 2073 2173 2075
f 1593 1584 1652
f 5392 5426 5413
f 1109 1150 1208
f 3597 3653 3555
f 179 61 159
f 1669 1603 1616
f 5670 5648 5620
f 6413 6381 6341
f 1452 1430 1509
f 3948 3838 3913
f 1883 1943 2013
f 4717 4699 4786
f 3461 3583 3521
f 3673 3717 3611
f 93 71 169
f 4254 4376 4289
f 2256 2252 2167
f 5517 5489 5533
f 1105 1167 1089
f 3475 3571 3515
f 1408 1470 1388
f 5676 5641 5682
f 3281 3385 3339
f 1816 1753 1746
f 1146 1084 1064
f 5893 5841 6003
f 1778 1836 1768
f 1454 1404 1372
f 1520 1454 1461
f 3579 3673 3611
f 654 760 582
f 5340 5275 5342
f 4356 4252 4360
f 2556 2437 2439
f 738 605 569
f 5696 5676 5725
f 1470 1542 1478
f 2475 2631 2477
f 6135 6109 6181
f 4772 4627 4766
f 412 441 355
f 1051 1105 992
f 5489 5458 5485
f 3249 3149 3173
f 435 403 343
f 3181 3281 3193
f 3483 3597 3555
f 61 83 159
f 1084 1036 970
f 1972 1816 1838
f 6195 6255 6156
f 4160 4252 4246
f 5997 5893 6047
f 1836 2009 1904
f 1292 1356 1264
f 5607 5577 5624
f 1230 1292 1204
f 5577 5549 5590
f 5275 5160 5230
f 591 654 514
f 1634 1575 1567
f 1340 1277 1249
f 6091 6133 6141
f 6133 6191 6141
f 1697 1634 1631
f 1277 1215 1182
f 1595 1654 1586
f 5765 5733 5797
f 4531 4589 4650
f 3889 3995 3965
f 912 990 848
f 5428 5396 5430
f 605 580 503
f 2727 2556 2658
f 5808 5765 5839
f 1654 1718 1650
f 962 890 819
f 2203 2082 2097
f 6069 6025 6111
f 2120 2235 2133
f 5396 5364 5398
f 837 912 758
f 2631 2760 2692
f 6154 6135 6210
f 5064 4965 5050
f 501 547 439
f 2947 2832 2872
f 533 491 423
f 2316 2203 2216
f 890 812 733
f 2868 2969 2898
f 405 412 320
f 4627 4483 4548
f 2235 2360 2244
f 6093 6069 6137
f 4965 4872 4950
f 466 501 399
f 403 397 318
f 3351 3249 3317
f 491 464 393
f 3047 2947 2977
f 2969 3077 3012
f 2820 2896 2799
f 4331 4244 4343
f 6255 6207 6156
f 6207 6121 6156
f 4148 4054 4131
f 4657 4730 4544
f 3679 3793 3745
f 4641 4685 4768
f 2252 2125 2167
f 4511 4557 4461
f 227 115 199
f 4737 4615 4770
f 2719 2807 2688
f 2704 2758 2644
f 3321 3381 3414
f 105 219 191
f 2783 2807 2879
f 4737 4844 4814
f 6191 6193 6244
f 4730 4603 4544
f 1470 1408 1480
f 5641 5676 5622
f 1454 1520 1531
f 5489 5517 5483
f 1167 1105 1206
f 1753 1816 1808
f 1084 1146 1186
f 1836 1778 1824
f 5841 5893 5803
f 5275 5340 5312
f 760 654 846
f 605 738 827
f 2437 2556 2509
f 2631 2475 2547
f 6109 6135 6063
f 4627 4772 4689
f 441 412 507
f 403 435 497
f 3149 3249 3195
f 3281 3181 3237
f 2383 2312 2416
f 4893 4829 4790
f 3433 3349 3355
f 2500 2383 2416
f 4852 4893 4790
f 3349 3279 3355
f 357 249 280
f 3723 3671 3651
f 445 522 537
f 3984 4048 4107
f 520 443 535
f 3730 3783 3667
f 377 479 431
f 3410 3453 3513
f 4127 4077 4171
f 257 368 287
f 3077 2969 3037
f 4364 4399 4303
f 487 381 437
f 464 491 567
f 2947 3047 3016
f 4437 4364 4324
f 381 291 303
f 289 377 299
f 3453 3405 3501
f 501 466 571
f 4872 4965 4891
f 2360 2235 2330
f 6069 6093 6007
f 3571 3475 3535
f 812 890 954
f 2203 2316 2306
f 5364 5396 5362
f 912 837 974
f 2433 2290 2339
f 5765 5808 5737
f 1718 1654 1722
f 2457 2433 2339
f 2250 2264 2170
f 1634 1697 1704
f 1215 1277 1302
f 2264 2155 2170
f 1292 1230 1319
f 5549 5577 5535
f 1356 1292 1380
f 5577 5607 5567
f 2047 2111 2170
f 1277 1340 1368
f 1575 1634 1646
f 1654 1595 1667
f 5733 5765 5703
f 2155 2047 2170
f 6225 6281 6300
f 5396 5428 5394
f 990 912 1040
f 890 962 1024
f 2082 2203 2188
f 6193 6270 6244
f 6025 6069 5906
f 2235 2120 2225
f 4965 5064 4987
f 547 501 636
f 2832 2947 2912
f 491 533 603
f 4107 4185 4199
f 455 537 557
f 2969 2868 2932
f 3595 3477 3515
f 3891 3849 3805
f 5008 4934 4920
f 3297 3379 3337
f 3477 3429 3515
f 3605 3667 3585
f 535 453 555
f 4350 4362 4264
f 6329 6267 6315
f 3385 3281 3337
f 219 269 318
f 3239 3321 3317
f 289 219 318
f 3321 3405 3317
f 4557 4707 4548
f 278 227 320
f 2125 2252 2207
f 4437 4557 4548
f 227 291 320
f 2700 2540 2692
f 6239 6281 6210
f 2797 2700 2692
f 6281 6225 6210
f 401 475 503
f 2498 2662 2658
f 462 401 503
f 2662 2756 2658
f 485 414 514
f 5251 5328 5230
f 414 473 514
f 5148 5251 5230
f 646 559 758
f 5400 5432 5398
f 543 599 733
f 2115 2237 2216
f 5889 6019 5839
f 1648 1582 1650
f 6197 6220 6137
f 2266 2147 2244
f 1074 1148 1182
f 1560 1628 1631
f 335 305 399
f 4936 5037 4950
f 5601 5639 5590
f 1169 1095 1204
f 293 329 393
f 2908 3018 2977
f 559 615 758
f 5368 5400 5398
f 597 543 733
f 2237 2334 2216
f 6019 5898 5839
f 1714 1648 1650
f 2371 2266 2244
f 6220 6167 6137
f 1116 1074 1182
f 1628 1693 1631
f 305 370 399
f 4850 4936 4950
f 1095 1130 1204
f 5558 5601 5590
f 364 293 393
f 3018 3079 2977
f 6074 6131 6047
f 1842 1792 1904
f 2016 1842 1904
f 6131 6086 6047
f 5639 5678 5624
f 1243 1169 1264
f 5678 5656 5624
f 1331 1243 1264
f 3045 2930 3012
f 3112 3045 3012
f 2433 2457 2545
f 4362 4469 4421
f 1770 1819 1838
f 842 956 970
f 1148 1228 1249
f 1494 1560 1567
f 1819 1976 1838
f 903 842 970
f 1228 1315 1249
f 1504 1494 1567
f 5833 5889 5797
f 1582 1511 1586
f 5501 5521 5485
f 986 868 992
f 5757 5833 5797
f 1511 1529 1586
f 5460 5501 5485
f 868 925 992
f 5058 4976 5056
f 3743 3779 3681
f 3647 3743 3681
f 4976 4994 5056
f 5432 5464 5430
f 780 646 848
f 1445 1402 1478
f 5735 5782 5725
f 5464 5460 5430
f 925 780 848
f 1529 1445 1478
f 5782 5757 5725
f 4557 4437 4461
f 291 227 199
f 3129 3051 3143
f 4782 4804 4732
f 3051 3029 3143
f 4631 4782 4732
f 599 744 819
f 1982 2115 2097
f 1376 1428 1461
f 1294 1376 1372
f 744 903 819
f 1976 1982 2097
f 1428 1504 1461
f 1315 1294 1372
f 219 289 191
f 3405 3321 3414
f 2147 2019 2133
f 6160 6197 6111
f 5705 5735 5682
f 1402 1317 1388
f 2019 2016 2133
f 6086 6160 6111
f 5656 5705 5682
f 1317 1331 1388
f 5521 5565 5533
f 1026 986 1089
f 379 335 439
f 5037 5139 5050
f 1130 1026 1089
f 5565 5558 5533
f 5139 5148 5050
f 473 379 439
f 956 1009 1064
f 1695 1770 1746
f 2793 2908 2872
f 329 366 423
f 1009 1116 1064
f 1693 1695 1746
f 2443 2352 2323
f 2352 2256 2323
f 2756 2793 2872
f 366 462 423
f 6052 6074 6003
f 1792 1716 1768
f 2930 2816 2898
f 1716 1714 1768
f 5898 6052 6003
f 2816 2797 2898
f 5328 5366 5342
f 505 485 582
f 615 505 582
f 5366 5368 5342
f 4287 4218 4191
f 4218 4111 4191
f 475 489 569
f 2366 2498 2439
f 489 597 569
f 2334 2366 2439
f 2540 2393 2477
f 6242 6239 6181
f 2393 2371 2477
f 6167 6242 6181
f 3967 3891 3963
f 4934 4972 4870
f 273 278 355
f 4707 4827 4766
f 370 273 355
f 4827 4850 4766
f 269 267 343
f 3123 3239 3173
f 267 364 343
f 3079 3123 3173
f 3263 3155 3193
f 3155 3112 3193
f 4252 4356 4246
f 4467 4403 4374
f 4403 4295 4374
f 2807 2783 2688
f 4844 4737 4770
f 2461 2598 2552
f 4519 4575 4661
f 4615 4519 4661
f 2598 2719 2552
f 3429 3367 3339
f 3367 3263 3339
f 3647 3593 3561
f 5060 4994 4957
f 3847 3755 3807
f 6452 6481 6357
f 4067 4056 4136
f 4056 4160 4136
f 2455 2583 2465
f 4092 4111 4015
f 243 179 159
f 3653 3577 3555
f 2416 2312 2350
f 1906 1872 1991
f 3571 3611 3664
f 3215 3297 3237
f 3135 3215 3237
f 4003 3936 3911
f 3936 3847 3911
f 5986 5908 6027
f 2268 2391 2310
f 1943 2032 2053
f 6171 6096 6150
f 6270 6193 6227
f 6121 6207 6142
f 531 601 497
f 3185 3116 3195
f 601 539 497
f 3289 3185 3195
f 2368 2455 2465
f 4784 4669 4689
f 611 541 507
f 4669 4539 4689
f 549 611 507
f 2452 2561 2547
f 5949 6032 6063
f 2561 2717 2547
f 6029 5949 6063
f 6426 6336 6329
f 4231 4252 4162
f 2153 2118 2242
f 2262 2153 2242
f 3755 3717 3807
f 2528 2418 2509
f 898 950 827
f 950 857 827
f 2680 2528 2509
f 3755 3705 3664
f 4737 4633 4585
f 2914 2807 2809
f 2250 2207 2326
f 4403 4427 4341
f 966 914 846
f 5332 5249 5312
f 5249 5166 5312
f 866 966 846
f 6207 6199 6142
f 4073 4140 4183
f 49 161 183
f 1782 1868 1824
f 5745 5767 5803
f 1868 1995 1824
f 5790 5745 5803
f 4856 4976 4920
f 3743 3747 3805
f 3803 3887 3831
f 351 327 427
f 3887 3993 3933
f 331 351 421
f 1245 1268 1186
f 1834 1764 1808
f 4179 4218 4264
f 1872 2004 1991
f 1268 1184 1186
f 1956 1834 1808
f 6084 6091 6141
f 2109 2186 2227
f 2186 2294 2227
f 6158 6084 6141
f 2403 2443 2323
f 2294 2403 2323
f 6269 6219 6206
f 6219 6158 6206
f 4519 4415 4421
f 2713 2598 2545
f 5505 5466 5483
f 1284 1260 1206
f 5466 5445 5483
f 1202 1284 1206
f 6089 6189 6123
f 4867 4780 4870
f 3997 4056 3963
f 4867 4967 4901
f 1438 1522 1480
f 5583 5594 5622
f 5626 5583 5622
f 1522 1552 1480
f 4888 4985 4957
f 3459 3509 3561
f 5066 4985 5062
f 3459 3505 3412
f 3938 3936 4015
f 1584 1593 1531
f 1593 1516 1531
f 4976 4856 4899
f 3747 3743 3669
f 1520 1584 1531
f 1408 1438 1480
f 5594 5641 5622
f 5517 5505 5483
f 1260 1167 1206
f 1146 1245 1186
f 1764 1753 1808
f 5767 5841 5803
f 1778 1782 1824
f 4218 4179 4124
f 914 760 846
f 5340 5332 5312
f 2418 2437 2509
f 738 898 827
f 2475 2452 2547
f 6032 6109 6063
f 4772 4784 4689
f 541 441 507
f 3181 3135 3237
f 435 531 497
f 3116 3149 3195
f 3429 3475 3515
f 397 289 318
f 3405 3351 3317
f 4483 4437 4548
f 291 405 320
f 4415 4519 4513
f 2598 2713 2749
f 6225 6154 6210
f 2760 2797 2692
f 2047 2155 2064
f 580 462 503
f 2756 2727 2658
f 1939 2047 2064
f 6142 6199 6151
f 5160 5148 5230
f 473 591 514
f 2009 2016 1904
f 6086 5997 6047
f 3110 3135 3037
f 3009 3110 3037
f 1036 903 970
f 1976 1972 1838
f 4994 4976 4899
f 3743 3647 3669
f 4295 4403 4341
f 6077 6142 6151
f 4056 3997 4079
f 5458 5460 5485
f 925 1051 992
f 1542 1529 1478
f 5757 5696 5725
f 1404 1315 1372
f 1504 1520 1461
f 698 531 567
f 3116 3087 3016
f 3087 2987 3016
f 767 698 567
f 5641 5656 5682
f 1331 1408 1388
f 4780 4867 4778
f 1167 1130 1089
f 5558 5517 5533
f 1116 1146 1064
f 1753 1693 1746
f 4798 4784 4891
f 541 719 571
f 4897 4798 4891
f 719 782 571
f 5841 5898 6003
f 1714 1778 1768
f 5368 5340 5342
f 760 615 582
f 4111 4218 4124
f 597 738 569
f 2437 2334 2439
f 6032 5866 6007
f 2435 2452 2330
f 5866 5837 6007
f 2314 2435 2330
f 4985 4888 4905
f 3509 3459 3427
f 2371 2475 2477
f 6109 6167 6181
f 4519 4615 4513
f 2719 2598 2749
f 4850 4772 4766
f 441 370 355
f 3149 3079 3173
f 364 435 343
f 2264 2250 2358
f 2418 2401 2306
f 1011 898 954
f 3705 3755 3799
f 2401 2288 2306
f 1072 1011 954
f 3112 3181 3193
f 3936 3938 3867
f 914 1034 974
f 5330 5332 5362
f 2409 2264 2358
f 1034 1091 974
f 5360 5330 5362
f 4758 4833 4782
f 2983 2961 3051
f 1790 1782 1722
f 5767 5707 5737
f 1732 1790 1722
f 5707 5680 5737
f 4160 4056 4079
f 4825 4762 4724
f 1333 1245 1302
f 1764 1772 1704
f 3385 3429 3339
f 1390 1333 1302
f 1772 1712 1704
f 5494 5505 5535
f 1260 1348 1319
f 5523 5494 5535
f 1348 1406 1319
f 464 364 393
f 3079 3047 2977
f 6315 6267 6235
f 3077 3112 3012
f 5085 5094 5006
f 3121 3021 3075
f 6275 6315 6235
f 370 466 399
f 4872 4850 4950
f 2360 2371 2244
f 6167 6093 6137
f 2334 2316 2216
f 812 597 733
f 5364 5368 5398
f 615 837 758
f 5898 5808 5839
f 1718 1714 1650
f 1693 1697 1631
f 1215 1116 1182
f 1130 1230 1204
f 5549 5558 5590
f 5656 5607 5624
f 1356 1331 1264
f 1315 1340 1249
f 1575 1504 1567
f 5733 5757 5797
f 1529 1595 1586
f 5460 5428 5430
f 990 925 848
f 4867 4821 4778
f 903 962 819
f 2082 1976 2097
f 2016 2120 2133
f 6025 6086 6111
f 5148 5064 5050
f 547 473 439
f 2832 2756 2872
f 462 533 423
f 2797 2868 2898
f 4631 4758 4782
f 2961 3029 3051
f 2312 2212 2350
f 3459 3373 3427
f 4983 4985 4905
f 3847 3936 3867
f 3135 3077 3037
f 445 331 421
f 3993 4048 3933
f 3730 3803 3831
f 327 443 427
f 3047 3116 3016
f 531 464 567
f 4784 4872 4891
f 466 541 571
f 2264 2409 2350
f 2452 2360 2330
f 6093 6032 6007
f 898 812 954
f 2316 2418 2306
f 5332 5364 5362
f 837 914 974
f 1782 1718 1722
f 5808 5767 5737
f 4940 5033 4932
f 2906 2856 2949
f 2996 2906 2949
f 5033 5002 4932
f 4623 4485 4509
f 4629 4623 4509
f 1697 1764 1704
f 1245 1215 1302
f 3755 3847 3799
f 5505 5549 5535
f 1230 1260 1319
f 6199 6227 6151
f 4821 4867 4901
f 1438 1356 1380
f 5607 5594 5567
f 4615 4737 4585
f 2807 2719 2809
f 1584 1575 1646
f 1340 1430 1368
f 3373 3459 3412
f 4985 4983 5062
f 3703 3749 3653
f 151 39 179
f 5670 5733 5703
f 1595 1603 1667
f 4961 4942 4863
f 4942 4848 4863
f 5162 5137 5052
f 3369 3287 3319
f 5081 5162 5052
f 3287 3245 3319
f 6227 6199 6257
f 1109 990 1040
f 5428 5426 5394
f 6113 6040 6118
f 6040 6055 6118
f 2073 2082 2188
f 962 1093 1024
f 4252 4160 4162
f 5855 6025 5906
f 2120 2102 2225
f 750 547 636
f 5064 5083 4987
f 533 721 603
f 2803 2832 2912
f 2868 2828 2932
f 205 259 144
f 3897 3819 3909
f 259 208 144
f 3986 3897 3909
f 3245 3287 3183
f 5162 5081 5141
f 4848 4942 4926
f 3475 3435 3535
f 4427 4360 4341
f 3453 3573 3513
f 349 377 431
f 4236 4364 4303
f 381 353 437
f 522 660 537
f 4032 3984 4107
f 648 520 535
f 3783 3711 3667
f 2294 2323 2227
f 2323 2256 2227
f 6141 6191 6206
f 6158 6141 6206
f 6189 6169 6123
f 4814 4833 4758
f 2983 2879 2961
f 3435 3385 3337
f 3573 3453 3501
f 377 349 299
f 4364 4236 4324
f 353 381 303
f 1533 1452 1509
f 5648 5599 5620
f 1675 1669 1616
f 1150 1254 1208
f 5386 5392 5413
f 1237 1138 1188
f 2173 2149 2075
f 5806 5739 5773
f 2183 2199 2104
f 852 982 905
f 5010 5004 5073
f 2874 2830 2786
f 964 831 886
f 6015 5857 6001
f 2866 2901 2814
f 2326 2441 2358
f 3416 3473 3379
f 2250 2326 2358
f 4762 4629 4724
f 3021 2996 3075
f 5002 5085 5006
f 3847 3867 3799
f 3867 3823 3799
f 4513 4615 4585
f 2719 2749 2809
f 4481 4513 4585
f 2749 2850 2809
f 4160 4079 4162
f 4079 4100 4162
f 584 756 595
f 4387 4354 4433
f 3431 3389 3353
f 742 578 586
f 5137 5062 5052
f 3412 3369 3319
f 3373 3412 3319
f 5062 4983 5052
f 4657 4778 4730
f 4901 4961 4863
f 4821 4901 4863
f 2109 2013 2053
f 2013 1943 2053
f 4905 4829 4893
f 3433 3427 3349
f 3427 3373 3349
f 4983 4905 4893
f 4778 4821 4730
f 6169 6118 6123
f 6118 6055 6123
f 2569 2444 2610
f 404 398 540
f 3290 3352 3250
f 3411 3352 3290
f 540 398 480
f 550 406 413
f 4628 4484 4540
f 488 406 550
f 4540 4484 4400
f 2632 2761 2718
f 6030 6155 6136
f 2718 2761 2829
f 6090 6155 6030
f 606 581 858
f 2681 2728 2557
f 858 581 722
f 2804 2728 2681
f 867 592 655
f 5276 5161 5167
f 751 592 867
f 5167 5161 5084
f 1837 2010 1996
f 5791 5998 5894
f 1996 2010 2103
f 5856 5998 5791
f 1957 1973 1817
f 1085 1037 1185
f 2074 1973 1957
f 1185 1037 1094
f 5490 5459 5446
f 1203 1052 1106
f 5446 5459 5427
f 1110 1052 1203
f 1471 1543 1553
f 5627 5697 5677
f 5671 5697 5627
f 1553 1543 1604
f 1455 1405 1517
f 1517 1405 1431
f 5082 5095 4975
f 3142 3122 3246
f 4702 4826 4849
f 4849 4742 4702
f 4975 4960 5082
f 3246 3266 3142
f 3987 3994 4078
f 258 332 209
f 6226 6190 6276
f 6190 6236 6276
f 2168 2228 2110
f 4564 4624 4486
f 6268 6196 6256
f 4727 4624 4564
f 4941 5034 5040
f 2746 2907 2857
f 6288 6337 6256
f 3529 3580 3639
f 2210 2291 2137
f 4495 4475 4613
f 2257 2228 2168
f 5211 5100 5184
f 4010 3930 3906
f 6256 6330 6268
f 5040 5034 5103
f 2855 2907 2746
f 2966 3010 3084
f 3688 3650 3592
f 5297 5151 5273
f 3060 2988 2952
f 922 768 873
f 4904 4898 4809
f 885 783 934
f 4273 4422 4363
f 4167 4182 4276
f 2309 2315 2432
f 5787 5838 5760
f 2569 2404 2444
f 2482 2523 2380
f 4836 4793 4909
f 2396 2289 2271
f 1177 1073 1125
f 4363 4265 4273
f 5355 5361 5323
f 1141 1092 1195
f 4334 4230 4227
f 1740 1733 1804
f 5659 5681 5629
f 1145 1170 1063
f 5651 5640 5691
f 4789 4871 4935
f 3892 3964 3862
f 1473 1391 1413
f 1785 1713 1721
f 1483 1561 1555
f 1039 1149 1119
f 5512 5524 5478
f 1427 1407 1493
f 6011 5890 6060
f 1574 1583 1501
f 3628 3596 3531
f 566 647 500
f 5435 5433 5472
f 3841 3875 3952
f 2001 2116 2128
f 478 600 546
f 6246 6198 6274
f 2166 2148 2041
f 266 336 234
f 5030 5038 5132
f 218 330 252
f 2819 2909 2935
f 2964 2931 2863
f 3862 3806 3892
f 4935 4921 4789
f 6241 6209 6272
f 6072 6041 5923
f 4486 4361 4357
f 3987 3898 3994
f 332 260 209
f 3824 3690 3738
f 2655 2494 2503
f 4486 4510 4361
f 209 145 28
f 4021 3910 3987
f 3926 3878 3822
f 623 517 633
f 2384 2340 2458
f 4202 4296 4298
f 3302 3264 3190
f 2458 2508 2384
f 3164 3240 3268
f 128 270 154
f 168 279 138
f 4668 4708 4811
f 2555 2541 2423
f 6324 6240 6346
f 2382 2499 2512
f 334 476 384
f 5335 5329 5371
f 396 486 348
f 6145 6075 6184
f 1781 1793 1711
f 770 957 865
f 1685 1771 1756
f 895 987 801
f 5538 5522 5576
f 1363 1403 1291
f 5770 5736 5819
f 1272 1377 1343
f 3839 3824 3738
f 2857 2880 2784
f 4845 4815 4941
f 206 328 250
f 3724 3804 3820
f 6256 6208 6288
f 4562 4632 4493
f 3072 3030 3162
f 3996 4101 4105
f 2857 2950 2880
f 4815 4933 4941
f 2126 2005 2112
f 446 369 456
f 4186 4128 4049
f 4420 4482 4332
f 2897 2851 2982
f 2043 2168 2110
f 6192 6209 6241
f 5923 6041 5892
f 3706 3665 3596
f 3596 3665 3572
f 3731 3672 3606
f 454 358 444
f 2022 2119 1979
f 6482 6358 6314
f 6337 6330 6256
f 6448 6312 6423
f 3994 3898 3888
f 352 260 332
f 3706 3690 3824
f 1855 2043 1893
f 446 332 369
f 4128 3994 4049
f 28 162 209
f 3987 4074 4021
f 4101 4188 4105
f 209 162 258
f 4078 4074 3987
f 4055 4051 3949
f 4296 4375 4298
f 6072 6157 6114
f 3731 3804 3672
f 358 328 444
f 3584 3642 3680
f 4686 4832 4718
f 2503 2494 2410
f 4361 4510 4428
f 2005 1992 2112
f 6312 6241 6272
f 4237 4128 4186
f 456 369 354
f 3606 3672 3574
f 350 358 454
f 206 260 328
f 3804 3898 3820
f 4590 4789 4642
f 3794 3862 3890
f 3260 3248 3364
f 4660 4777 4611
f 3248 3356 3364
f 4660 4791 4777
f 4480 4545 4373
f 2444 2456 2610
f 4373 4545 4459
f 4420 4534 4482
f 2851 2968 2982
f 4245 4273 4149
f 6448 6348 6312
f 2880 2950 2984
f 4834 4933 4815
f 4051 3914 3949
f 4562 4733 4632
f 3030 3144 3162
f 4232 4188 4101
f 2655 2503 2705
f 369 332 258
f 4078 3994 4128
f 4832 4900 4958
f 3562 3670 3642
f 28 145 6
f 3920 3910 4021
f 4051 4125 4016
f 6078 6058 5979
f 2759 2672 2821
f 5145 5034 5086
f 3022 2907 2946
f 3672 3804 3724
f 250 328 358
f 6268 6236 6196
f 6482 6314 6478
f 354 438 456
f 4186 4304 4237
f 2672 2508 2546
f 4482 4534 4634
f 2915 2968 2851
f 3529 3474 3580
f 6314 6358 6288
f 4416 4422 4273
f 4763 4624 4803
f 3574 3514 3606
f 454 432 350
f 4781 4871 4789
f 3862 3964 3998
f 2966 2902 3010
f 4273 4265 4180
f 922 832 768
f 2988 2875 2952
f 4904 5005 4898
f 783 853 934
f 4832 4958 4889
f 3510 3562 3642
f 2309 2200 2315
f 5838 5807 5760
f 2289 2174 2271
f 1177 1139 1073
f 1092 1151 1195
f 5355 5393 5361
f 3584 3522 3642
f 4832 4787 4718
f 4051 4016 3939
f 1740 1670 1733
f 5681 5649 5629
f 1473 1453 1391
f 2672 2546 2714
f 3748 3806 3862
f 4789 4921 4857
f 3939 3914 4051
f 1407 1464 1493
f 5512 5552 5524
f 3628 3690 3596
f 3596 3690 3706
f 4532 4545 4658
f 4830 4791 4700
f 3462 3356 3434
f 5963 6058 6072
f 1713 1653 1721
f 5963 6072 5923
f 3878 3784 3822
f 623 521 517
f 517 523 633
f 3926 3985 3878
f 456 538 446
f 4049 4108 4186
f 1598 1594 1517
f 4590 4651 4789
f 3862 3966 3890
f 4889 4787 4832
f 3642 3522 3510
f 4373 4375 4480
f 3606 3668 3731
f 444 536 454
f 4459 4545 4532
f 241 304 354
f 4237 4325 4251
f 5627 5584 5570
f 1615 1523 1553
f 1203 1285 1314
f 5420 5467 5446
f 3578 3502 3574
f 350 300 244
f 4777 4733 4611
f 3260 3144 3248
f 1957 1835 2029
f 1297 1269 1185
f 6122 6157 6072
f 4700 4791 4660
f 3364 3356 3462
f 5791 5746 5714
f 2062 1869 1996
f 867 967 1033
f 5113 5250 5167
f 2681 2529 2708
f 1014 951 858
f 6030 5950 5836
f 2748 2562 2718
f 3370 3288 3372
f 5279 5163 5138
f 550 612 795
f 4516 4670 4540
f 4789 4651 4781
f 3998 3966 3862
f 3290 3186 3278
f 785 602 540
f 2291 2202 2137
f 3300 3216 3298
f 4334 4346 4230
f 4296 4188 4232
f 4202 4188 4296
f 250 281 180
f 3654 3652 3724
f 4793 4877 4909
f 2482 2657 2523
f 4245 4344 4273
f 4416 4344 4482
f 2851 2800 2714
f 1855 2005 2043
f 2897 2800 2851
f 4482 4344 4332
f 3030 2968 2915
f 4634 4534 4632
f 3072 2968 3030
f 4632 4534 4493
f 4101 3966 3998
f 2112 2208 2126
f 3996 3966 4101
f 4962 4943 5088
f 3580 3674 3639
f 5193 5142 5220
f 3152 3184 3044
f 5095 5142 5193
f 3044 3184 3122
f 4273 4344 4416
f 1170 1096 1063
f 5651 5602 5640
f 1145 1244 1170
f 5640 5679 5691
f 3596 3478 3531
f 1561 1629 1555
f 1039 1075 1149
f 1149 1229 1119
f 1483 1495 1561
f 5890 6020 6060
f 1574 1649 1583
f 6011 5834 5890
f 1583 1512 1501
f 5435 5401 5433
f 647 560 500
f 566 781 647
f 5433 5465 5472
f 2116 2238 2128
f 478 544 600
f 600 745 546
f 2001 1983 2116
f 6198 6221 6274
f 2166 2267 2148
f 6246 6161 6198
f 2148 2020 2041
f 336 306 234
f 5030 4937 5038
f 5038 5140 5132
f 266 380 336
f 218 294 330
f 2909 3019 2935
f 2819 2794 2909
f 330 367 252
f 2964 3046 2931
f 2931 2817 2863
f 2759 2645 2672
f 354 288 241
f 4251 4172 4237
f 4495 4379 4475
f 4475 4598 4613
f 2210 2348 2291
f 2251 2208 2112
f 3930 3830 3906
f 5211 5121 5100
f 5100 5055 5184
f 4010 4027 3930
f 4968 4973 4868
f 4057 3968 4068
f 4973 4871 4868
f 4057 3964 3968
f 3574 3652 3578
f 244 281 350
f 3688 3726 3650
f 5151 5159 5273
f 3010 3111 3084
f 5297 5165 5151
f 3650 3540 3592
f 4953 4826 4885
f 2599 2434 2462
f 4576 4470 4520
f 3850 3806 3744
f 4977 4921 5009
f 3780 3850 3744
f 4977 5009 5059
f 2599 2546 2434
f 4470 4422 4520
f 4180 4132 4273
f 4219 4351 4288
f 4219 4265 4351
f 4182 4280 4276
f 4273 4132 4149
f 3060 3088 2988
f 768 699 873
f 4167 4072 4182
f 3594 3562 3506
f 5067 4958 5061
f 2672 2645 2501
f 3506 3562 3460
f 4986 4958 5067
f 2523 2430 2380
f 4836 4740 4793
f 4898 4799 4809
f 885 720 783
f 3841 3782 3875
f 2315 2436 2432
f 5787 5867 5838
f 6312 6348 6271
f 4230 4134 4227
f 2396 2402 2289
f 1073 1012 1125
f 5361 5331 5323
f 1141 1035 1092
f 3875 3979 3952
f 1733 1791 1804
f 5659 5708 5681
f 1391 1334 1413
f 1785 1773 1713
f 4004 4016 4093
f 5524 5495 5478
f 1427 1349 1407
f 895 1027 987
f 5522 5566 5576
f 1403 1318 1291
f 5770 5706 5736
f 3302 3368 3264
f 1685 1696 1771
f 957 1010 865
f 1272 1295 1377
f 1377 1429 1343
f 6145 6053 6075
f 1793 1717 1711
f 396 506 486
f 5329 5367 5371
f 3264 3156 3190
f 2382 2367 2499
f 476 490 384
f 5736 5783 5819
f 1363 1446 1403
f 3164 3124 3240
f 270 268 154
f 2541 2394 2423
f 6324 6243 6240
f 168 274 279
f 4708 4828 4811
f 5538 5502 5522
f 987 869 801
f 770 843 957
f 1771 1820 1756
f 6075 6132 6184
f 1781 1843 1793
f 5335 5252 5329
f 486 415 348
f 3937 4016 4004
f 2499 2663 2512
f 334 402 476
f 3240 3322 3268
f 128 220 270
f 2555 2701 2541
f 6240 6282 6346
f 279 228 138
f 4668 4558 4708
f 6097 6085 6024
f 6254 6224 6172
f 2392 2404 2497
f 2033 2187 2146
f 6024 6085 5987
f 2497 2404 2569
f 6320 6224 6254
f 2146 2187 2269
f 3862 3746 3748
f 4857 4769 4789
f 3794 3746 3862
f 4789 4769 4642
f 5086 5034 5003
f 2997 2907 3022
f 3572 3516 3596
f 4630 4624 4763
f 2119 2065 1979
f 5873 6041 6056
f 2714 2800 2672
f 2672 2800 2821
f 6170 6236 6190
f 6097 6153 6085
f 6224 6153 6172
f 2392 2311 2404
f 2033 2054 2187
f 6320 6305 6224
f 2187 2311 2269
f 6085 6028 5987
f 4832 4769 4857
f 3748 3746 3642
f 6196 6236 6170
f 4686 4769 4832
f 3642 3746 3680
f 3290 3354 3411
f 480 587 540
f 550 596 488
f 4400 4434 4540
f 3735 3674 3782
f 4486 4432 4564
f 4357 4432 4486
f 2970 2899 3013
f 2978 2873 2948
f 492 424 394
f 4966 5051 4951
f 400 440 502
f 6138 6112 6070
f 2236 2134 2245
f 4232 4342 4296
f 4953 4927 4826
f 2217 2098 2204
f 891 820 734
f 759 849 913
f 5397 5431 5399
f 1655 1587 1651
f 5840 5798 5766
f 1632 1568 1635
f 1278 1250 1183
f 1205 1265 1293
f 5578 5625 5591
f 2857 2734 2746
f 5040 4939 4941
f 4941 4939 4845
f 2784 2734 2857
f 4298 4375 4373
f 2410 2351 2503
f 3013 2899 2931
f 3264 3340 3282
f 3282 3194 3264
f 2909 2873 2978
f 394 424 330
f 4051 4132 4180
f 404 344 270
f 3240 3174 3250
f 5979 6058 5963
f 4628 4767 4708
f 279 356 413
f 270 319 404
f 3250 3318 3240
f 2632 2478 2541
f 6240 6182 6136
f 4708 4549 4628
f 413 321 279
f 606 570 476
f 2499 2440 2557
f 4055 4132 4051
f 2541 2693 2632
f 6136 6211 6240
f 486 583 655
f 5276 5343 5329
f 1837 1769 1793
f 6075 6004 5894
f 476 504 606
f 2557 2659 2499
f 1771 1747 1817
f 1085 1065 957
f 655 515 486
f 5329 5231 5276
f 5490 5534 5522
f 987 1090 1106
f 1793 1905 1837
f 5894 6048 6075
f 1471 1389 1403
f 5736 5683 5677
f 1817 1839 1771
f 957 971 1085
f 1377 1373 1455
f 1455 1462 1377
f 5522 5486 5490
f 1106 993 987
f 1403 1479 1471
f 5677 5726 5736
f 4951 5051 5038
f 336 440 400
f 2112 2171 2251
f 6198 6112 6138
f 2245 2134 2148
f 2116 2098 2217
f 734 820 600
f 647 849 759
f 5399 5431 5433
f 1651 1587 1583
f 5890 5798 5840
f 1561 1568 1632
f 1183 1250 1149
f 5591 5625 5640
f 1170 1265 1205
f 3298 3380 3300
f 2718 2815 2748
f 5836 6002 6030
f 2708 2787 2681
f 858 887 1014
f 5167 5074 5113
f 1033 906 867
f 1996 2105 2062
f 5714 5774 5791
f 250 180 152
f 3750 3654 3724
f 1185 1189 1297
f 2029 2076 1957
f 5446 5414 5420
f 1314 1209 1203
f 1553 1617 1615
f 5570 5621 5627
f 1517 1510 1598
f 4611 4733 4562
f 3162 3144 3260
f 3820 3910 3810
f 18 145 206
f 3421 3478 3368
f 3824 3914 3939
f 3839 3914 3824
f 2503 2351 2417
f 2119 2213 2065
f 2829 2815 2718
f 6030 6002 6090
f 722 887 858
f 2681 2787 2804
f 989 1096 1027
f 5566 5602 5610
f 1318 1244 1222
f 5728 5679 5706
f 1619 1629 1696
f 1010 1075 953
f 1197 1229 1295
f 1429 1495 1411
f 6101 6020 6053
f 1717 1649 1645
f 5783 5834 5876
f 1437 1512 1446
f 5367 5401 5403
f 452 560 506
f 5504 5465 5502
f 869 781 677
f 2255 2238 2367
f 490 544 426
f 608 745 843
f 1820 1983 1823
f 2394 2267 2299
f 6295 6221 6243
f 1871 2020 1843
f 6132 6161 6213
f 198 306 274
f 4828 4937 4917
f 5235 5140 5252
f 415 380 312
f 268 294 186
f 3050 3019 3124
f 2663 2794 2695
f 296 367 402
f 3156 3046 3082
f 2744 2817 2701
f 5084 5074 5167
f 867 906 751
f 4632 4759 4634
f 2915 2962 3030
f 3998 4080 4101
f 6314 6228 6271
f 2103 2105 1996
f 5791 5774 5856
f 2065 2213 2156
f 4016 4125 4112
f 540 498 404
f 3250 3196 3290
f 1094 1189 1185
f 1957 2076 2074
f 6208 6258 6288
f 3278 3354 3290
f 540 587 785
f 4540 4690 4628
f 413 508 550
f 5427 5414 5446
f 1203 1209 1110
f 4540 4434 4516
f 795 596 550
f 2718 2548 2632
f 6136 6064 6030
f 1604 1617 1553
f 5627 5621 5671
f 858 828 606
f 2557 2510 2681
f 1431 1510 1517
f 4958 4900 4995
f 3648 3670 3562
f 5167 5313 5276
f 655 847 867
f 1996 1825 1837
f 5894 5804 5791
f 1817 1809 1957
f 1185 1187 1085
f 5446 5484 5490
f 1106 1207 1203
f 6114 6041 6072
f 5677 5623 5627
f 1553 1481 1471
f 1517 1532 1455
f 2043 2005 2126
f 4482 4514 4416
f 2714 2750 2851
f 3192 3111 3216
f 3810 3750 3820
f 206 152 18
f 517 422 523
f 3985 3934 3878
f 3186 3088 3176
f 822 699 602
f 2022 2154 2119
f 3878 3832 3784
f 521 428 517
f 5255 5163 5279
f 3372 3288 3262
f 4672 4799 4670
f 612 720 836
f 5979 6068 6078
f 6288 6358 6337
f 2566 2436 2562
f 5950 5867 5813
f 4101 4163 4232
f 2529 2402 2531
f 1067 1012 951
f 5214 5331 5250
f 967 1035 1088
f 4280 4379 4381
f 3802 3830 3726
f 5159 5121 5243
f 2430 2348 2303
f 4749 4598 4740
f 1926 1791 1869
f 5746 5708 5685
f 4134 4027 4121
f 2851 2810 2915
f 4634 4586 4482
f 3979 4072 4059
f 5088 4943 5021
f 1835 1773 1875
f 1351 1334 1269
f 5892 6041 5873
f 5448 5495 5467
f 1285 1349 1371
f 2621 2466 2442
f 5138 5171 5279
f 3372 3447 3370
f 6114 6157 6196
f 3282 3338 3238
f 5088 5028 4962
f 3612 3665 3718
f 184 288 258
f 4078 4172 4184
f 3718 3665 3756
f 2546 2508 2458
f 6314 6258 6228
f 180 281 244
f 3578 3652 3654
f 3939 3868 3824
f 2208 2327 2253
f 3474 3536 3580
f 3238 3338 3298
f 2253 2327 2369
f 3820 3750 3724
f 250 152 206
f 3824 3800 3706
f 2948 2913 3017
f 568 604 492
f 3038 2933 2970
f 502 637 572
f 4892 4988 4966
f 2291 2340 2202
f 2331 2226 2236
f 6070 5907 6008
f 955 1025 891
f 2204 2189 2307
f 1293 1381 1320
f 5536 5568 5578
f 5363 5395 5397
f 913 1041 975
f 1303 1369 1278
f 1635 1647 1705
f 5766 5704 5738
f 1723 1668 1655
f 2902 2933 3010
f 4702 4574 4543
f 4543 4574 4468
f 4896 4875 4975
f 3142 3188 3070
f 4805 4875 4896
f 3070 3188 3130
f 6386 6301 6276
f 226 304 241
f 4251 4325 4359
f 832 604 768
f 2988 2913 2875
f 6194 6152 6117
f 3490 3502 3578
f 244 300 216
f 456 438 525
f 4286 4304 4186
f 5005 4988 4898
f 783 637 853
f 6200 6258 6208
f 1659 1594 1598
f 3810 3910 3920
f 6 145 18
f 3642 3670 3748
f 4857 4900 4832
f 2200 2226 2315
f 5838 5907 5807
f 4180 4125 4051
f 6228 6152 6194
f 3368 3478 3430
f 3782 3674 3718
f 5570 5584 5540
f 1551 1523 1615
f 2289 2189 2174
f 1139 1025 1073
f 3606 3514 3512
f 519 432 454
f 1027 1096 1131
f 5559 5602 5566
f 5706 5679 5657
f 1332 1244 1318
f 1696 1629 1694
f 1117 1075 1010
f 1295 1229 1316
f 1505 1495 1429
f 6053 6020 5899
f 1715 1649 1717
f 5758 5834 5783
f 1446 1512 1530
f 506 560 616
f 5369 5401 5367
f 5502 5465 5461
f 926 781 869
f 2367 2238 2335
f 598 544 490
f 843 745 904
f 1977 1983 1820
f 2372 2267 2394
f 6243 6221 6168
f 1843 2020 2017
f 6087 6161 6132
f 274 306 371
f 4851 4937 4828
f 5252 5140 5149
f 474 380 415
f 365 294 268
f 3124 3019 3080
f 402 367 463
f 2757 2794 2663
f 3113 3046 3156
f 2701 2817 2798
f 1314 1285 1371
f 5448 5467 5420
f 1092 1041 1151
f 5393 5395 5361
f 2946 2907 2855
f 5103 5034 5145
f 2029 1835 1875
f 1351 1269 1297
f 3262 3184 3152
f 5220 5142 5255
f 6090 6016 6056
f 1670 1668 1733
f 5681 5704 5649
f 6056 6016 5873
f 3510 3522 3434
f 4830 4787 4889
f 3434 3522 3462
f 4700 4787 4830
f 5714 5746 5685
f 1926 1869 2062
f 1453 1369 1391
f 2501 2508 2672
f 4968 4902 5028
f 4781 4651 4658
f 4658 4651 4532
f 1033 967 1088
f 5214 5250 5113
f 3288 3184 3262
f 5255 5142 5163
f 5171 5063 5067
f 3506 3413 3447
f 5028 4902 4962
f 4803 4624 4727
f 2708 2529 2531
f 1067 951 1014
f 3084 3111 3192
f 3176 3088 3060
f 873 699 822
f 5138 5063 5171
f 3447 3413 3370
f 4809 4799 4672
f 836 720 885
f 2432 2436 2566
f 5813 5867 5787
f 1125 1012 1067
f 2531 2402 2396
f 5836 5950 5813
f 2566 2562 2748
f 5323 5331 5214
f 1088 1035 1141
f 1804 1791 1926
f 5685 5708 5659
f 1875 1773 1785
f 1413 1334 1351
f 5478 5495 5448
f 1371 1349 1427
f 5021 4927 4953
f 795 612 836
f 4672 4670 4516
f 1320 1381 1407
f 5524 5568 5536
f 1391 1369 1303
f 1705 1647 1713
f 5738 5704 5681
f 1733 1668 1723
f 5361 5395 5363
f 975 1041 1092
f 162 184 258
f 4078 4184 4074
f 1073 1025 955
f 2307 2189 2289
f 6008 5907 5838
f 2315 2226 2331
f 572 637 783
f 4898 4988 4892
f 3017 2913 2988
f 768 604 568
f 3010 2933 3038
f 3278 3186 3176
f 822 602 785
f 3192 3216 3300
f 4943 4927 5021
f 2202 2340 2263
f 1407 1381 1464
f 5552 5568 5524
f 523 422 446
f 4049 3934 3985
f 1713 1647 1653
f 6056 6124 6090
f 3216 3111 3136
f 4288 4379 4280
f 3726 3830 3780
f 5059 5121 5159
f 2462 2348 2430
f 4740 4598 4576
f 4068 4027 4134
f 2043 2014 1893
f 2110 2014 2043
f 4004 4072 3979
f 3784 3832 3731
f 444 428 521
f 2263 2340 2384
f 2442 2494 2621
f 4359 4462 4377
f 94 200 226
f 602 699 532
f 3117 3088 3186
f 3484 3415 3490
f 216 192 84
f 5918 6050 5948
f 4670 4799 4785
f 542 720 612
f 4634 4815 4738
f 2808 2880 2915
f 6427 6337 6453
f 3639 3674 3735
f 3531 3478 3421
f 2562 2436 2453
f 6033 5867 5950
f 4161 4137 4247
f 4975 4875 4960
f 3266 3188 3142
f 6276 6316 6386
f 3280 3188 3266
f 4960 4875 4853
f 1063 1096 989
f 5610 5602 5651
f 1222 1244 1145
f 5691 5679 5728
f 1555 1629 1619
f 953 1075 1039
f 1411 1495 1483
f 1119 1229 1197
f 6060 6020 6101
f 1645 1649 1574
f 1501 1512 1437
f 5876 5834 6011
f 5403 5401 5435
f 500 560 452
f 677 781 566
f 5472 5465 5504
f 2128 2238 2255
f 426 544 478
f 546 745 608
f 1823 1983 2001
f 2299 2267 2166
f 6274 6221 6295
f 2041 2020 1871
f 6213 6161 6246
f 234 306 198
f 4917 4937 5030
f 5132 5140 5235
f 312 380 266
f 186 294 218
f 2935 3019 3050
f 252 367 296
f 2695 2794 2819
f 3082 3046 2964
f 2863 2817 2744
f 989 1027 895
f 5576 5566 5610
f 1291 1318 1222
f 5728 5706 5770
f 1619 1696 1685
f 865 1010 953
f 1197 1295 1272
f 1343 1429 1411
f 6101 6053 6145
f 1711 1717 1645
f 5819 5783 5876
f 1437 1446 1363
f 5371 5367 5403
f 452 506 396
f 3421 3368 3302
f 801 869 677
f 5504 5502 5538
f 2255 2367 2382
f 384 490 426
f 608 843 770
f 1756 1820 1823
f 2423 2394 2299
f 6295 6243 6324
f 1871 1843 1781
f 6184 6132 6213
f 198 274 168
f 4811 4828 4917
f 5235 5252 5335
f 348 415 312
f 3050 3124 3164
f 154 268 186
f 2512 2663 2695
f 296 402 334
f 3190 3156 3082
f 6346 6282 6368
f 2744 2701 2555
f 4512 4558 4668
f 138 228 116
f 3268 3322 3382
f 106 220 128
f 2584 2466 2621
f 2419 2402 2529
f 951 1012 899
f 2384 2508 2501
f 2442 2359 2494
f 3612 3536 3572
f 5250 5331 5333
f 915 1035 967
f 3704 3750 3810
f 18 152 40
f 2494 2359 2410
f 4253 4361 4232
f 2048 1992 1907
f 4771 4662 4616
f 2720 2553 2689
f 1869 1791 1783
f 5768 5708 5746
f 4247 4137 4230
f 4442 4346 4334
f 4909 4877 4990
f 2614 2657 2482
f 1269 1334 1246
f 1765 1773 1835
f 4742 4574 4702
f 4604 4574 4742
f 2610 2456 2584
f 2126 2168 2043
f 6368 6301 6386
f 5467 5495 5506
f 1261 1349 1285
f 6276 6301 6226
f 6117 6152 6068
f 4793 4662 4771
f 2689 2553 2523
f 2501 2645 2503
f 6312 6338 6423
f 2503 2645 2705
f 3382 3415 3484
f 84 192 106
f 4377 4462 4512
f 116 200 94
f 6085 6153 6159
f 6159 6153 6224
f 2404 2311 2295
f 2187 2054 2110
f 2295 2311 2187
f 6224 6305 6272
f 6092 6028 6085
f 3735 3782 3841
f 4889 4906 4830
f 3434 3428 3510
f 6272 6338 6312
f 4184 4172 4251
f 241 288 184
f 4381 4379 4495
f 2303 2348 2210
f 4613 4598 4749
f 3906 3830 3802
f 5243 5121 5211
f 3802 3726 3688
f 5273 5159 5243
f 5193 5086 5095
f 3122 3022 3044
f 5184 5055 5129
f 4121 4027 4010
f 4276 4280 4381
f 2380 2430 2303
f 4749 4740 4836
f 3592 3540 3472
f 5301 5165 5297
f 4227 4134 4121
f 4059 4072 4167
f 3952 3979 4059
f 1940 2048 1907
f 50 162 28
f 4021 4074 4141
f 328 260 352
f 3888 3898 3804
f 4543 4510 4630
f 4826 4763 4885
f 661 538 689
f 4153 4108 4033
f 369 288 354
f 4237 4172 4128
f 6068 6152 6078
f 3712 3668 3604
f 679 536 649
f 4658 4779 4781
f 4849 4864 4742
f 4428 4510 4543
f 3672 3652 3574
f 350 281 358
f 4896 4933 4834
f 2984 2950 3070
f 3070 2950 2997
f 5003 4933 4896
f 1598 1510 1534
f 5600 5621 5570
f 1615 1617 1676
f 3436 3536 3474
f 4480 4375 4468
f 1255 1209 1314
f 5420 5414 5387
f 4805 4733 4777
f 3248 3144 3130
f 2150 2076 2029
f 1297 1189 1238
f 2112 1992 2048
f 4184 4290 4255
f 72 170 184
f 2062 2105 2184
f 5740 5774 5714
f 5113 5074 5011
f 983 906 1033
f 4634 4759 4815
f 2880 2962 2915
f 2831 2787 2708
f 1014 887 965
f 2080 2154 2022
f 3580 3536 3612
f 2748 2815 2867
f 5858 6002 5836
f 3300 3380 3417
f 579 587 480
f 3411 3354 3432
f 2829 2933 2902
f 4355 4434 4400
f 488 596 585
f 3246 3320 3266
f 4960 5053 5082
f 6271 6241 6312
f 2156 2213 2265
f 2213 2351 2265
f 4877 4939 4990
f 2614 2734 2657
f 525 585 718
f 4261 4355 4286
f 722 604 832
f 2875 2913 2804
f 3512 3432 3500
f 705 579 519
f 4742 4864 4822
f 4442 4432 4346
f 4153 4200 4108
f 538 558 689
f 2444 2353 2456
f 3668 3586 3604
f 679 556 536
f 5084 4988 5005
f 853 637 751
f 718 558 525
f 4286 4200 4261
f 3266 3320 3374
f 4984 5053 4960
f 519 556 705
f 3500 3586 3512
f 2103 2226 2200
f 5807 5907 5856
f 292 304 226
f 4359 4325 4438
f 3406 3502 3490
f 216 300 290
f 5145 5086 5193
f 3044 3022 2946
f 5129 5028 5088
f 4141 4184 4255
f 72 184 50
f 5279 5171 5301
f 3472 3447 3372
f 4361 4342 4232
f 4845 4939 4877
f 2657 2734 2784
f 3540 3447 3472
f 5301 5171 5165
f 2174 2189 2074
f 1094 1025 1139
f 4346 4432 4357
f 6405 6330 6427
f 6405 6316 6330
f 4885 4763 4803
f 4630 4725 4543
f 3912 3808 3848
f 5055 5028 5129
f 6117 6068 6050
f 5427 5395 5393
f 1151 1041 1110
f 5918 6028 6050
f 3380 3338 3436
f 4543 4725 4702
f 4564 4432 4442
f 4990 4939 5040
f 2746 2734 2614
f 3875 3808 3912
f 2997 3076 3070
f 4896 5007 5003
f 3070 3076 3142
f 4975 5007 4896
f 1604 1668 1670
f 5649 5704 5671
f 2369 2327 2466
f 6337 6358 6453
f 4388 4355 4261
f 718 585 757
f 2456 2353 2369
f 6170 6119 6196
f 6196 6119 6114
f 2080 2202 2154
f 6271 6348 6314
f 743 579 705
f 3500 3432 3390
f 1431 1369 1453
f 226 200 292
f 4438 4462 4359
f 6050 6068 5948
f 3490 3415 3406
f 290 192 216
f 6072 6058 6122
f 2503 2417 2501
f 2466 2327 2442
f 1721 1653 1659
f 5540 5552 5512
f 1493 1464 1551
f 4400 4304 4286
f 525 438 488
f 705 556 679
f 3604 3586 3500
f 5095 5007 4975
f 3142 3076 3122
f 6386 6316 6405
f 689 558 718
f 4261 4200 4153
f 6314 6348 6478
f 3374 3350 3266
f 4960 4894 4984
f 3266 3350 3280
f 4853 4894 4960
f 4702 4725 4826
f 480 432 519
f 3512 3514 3411
f 3888 3832 3934
f 422 428 352
f 6092 6134 6050
f 226 170 94
f 4377 4290 4359
f 1534 1453 1473
f 3490 3556 3484
f 84 160 216
f 5629 5649 5600
f 1676 1670 1740
f 4822 4731 4742
f 4742 4731 4604
f 1195 1151 1255
f 5387 5393 5355
f 3436 3386 3476
f 4468 4574 4480
f 4480 4574 4604
f 1238 1139 1177
f 2271 2174 2150
f 5948 6068 5979
f 488 585 525
f 4286 4355 4400
f 5760 5807 5740
f 2184 2200 2309
f 4182 4093 4192
f 4192 4093 4112
f 398 378 480
f 3411 3454 3352
f 1653 1647 1585
f 1464 1381 1439
f 5595 5568 5552
f 488 382 406
f 4484 4365 4400
f 934 853 983
f 5011 5005 4904
f 5151 5061 5057
f 3682 3594 3650
f 3648 3594 3682
f 5057 5061 4995
f 2761 2869 2829
f 6090 6190 6155
f 3411 3432 3512
f 519 579 480
f 3930 3968 3850
f 5009 4973 5100
f 3850 3968 3892
f 4935 4973 5009
f 2952 2875 2831
f 965 832 922
f 581 534 722
f 2804 2833 2728
f 4351 4470 4475
f 4363 4470 4351
f 751 548 592
f 5161 5065 5084
f 5873 6016 5858
f 2867 2902 2966
f 2154 2202 2263
f 2010 2121 2103
f 5856 6026 5998
f 3248 3188 3280
f 4853 4875 4777
f 4777 4875 4805
f 3130 3188 3248
f 2074 2083 1973
f 1037 963 1094
f 4251 4290 4184
f 184 170 241
f 6194 6134 6192
f 1110 991 1052
f 5459 5429 5427
f 3122 3184 3246
f 5082 5142 5095
f 1543 1596 1604
f 5671 5734 5697
f 2253 2353 2257
f 1585 1576 1521
f 1405 1341 1431
f 3417 3474 3529
f 4826 4927 4849
f 1439 1357 1409
f 5642 5608 5595
f 5506 5550 5518
f 1168 1231 1261
f 1754 1698 1765
f 1246 1216 1147
f 1783 1719 1779
f 5842 5809 5768
f 5333 5365 5341
f 761 838 915
f 3476 3386 3430
f 2438 2317 2419
f 899 813 739
f 6110 6094 6033
f 2453 2361 2476
f 4785 4873 4773
f 442 467 542
f 785 587 743
f 3390 3354 3278
f 290 378 398
f 3352 3454 3406
f 4438 4365 4484
f 406 382 292
f 241 170 226
f 4359 4290 4251
f 6155 6190 6226
f 2798 2869 2761
f 2728 2833 2757
f 463 534 581
f 5149 5065 5161
f 592 548 474
f 3182 3078 3113
f 2017 2121 2010
f 5998 6026 6087
f 436 465 365
f 3080 3048 3150
f 371 467 442
f 4773 4873 4851
f 6050 6028 6092
f 904 963 1037
f 1973 2083 1977
f 2476 2361 2372
f 6168 6094 6110
f 5461 5429 5459
f 1052 991 926
f 2335 2317 2438
f 739 813 598
f 5341 5365 5369
f 616 838 761
f 5697 5734 5758
f 1530 1596 1543
f 5899 5809 5842
f 1779 1719 1715
f 1316 1341 1405
f 1521 1576 1505
f 1147 1216 1117
f 1694 1698 1754
f 5657 5608 5642
f 1409 1357 1332
f 1131 1231 1168
f 5518 5550 5559
f 3150 3048 3117
f 532 465 436
f 3136 3078 3182
f 4516 4434 4388
f 757 596 795
f 3578 3556 3490
f 216 160 244
f 2313 2243 2384
f 2384 2243 2263
f 2621 2494 2655
f 4834 4783 4896
f 3070 3052 2984
f 4896 4783 4805
f 3130 3052 3070
f 6050 6134 6117
f 3280 3356 3248
f 4777 4791 4853
f 4543 4404 4428
f 4379 4351 4475
f 4288 4351 4379
f 4468 4404 4543
f 4475 4470 4598
f 2348 2434 2291
f 4598 4470 4576
f 2462 2434 2348
f 3934 3832 3878
f 517 428 422
f 649 521 623
f 3822 3784 3712
f 5121 5009 5100
f 3930 3850 3830
f 5059 5009 5121
f 3830 3850 3780
f 4033 3985 3926
f 633 523 661
f 4027 3968 3930
f 5100 4973 5055
f 4068 3968 4027
f 5055 4973 4968
f 5151 5057 5159
f 3726 3682 3650
f 5159 5057 5059
f 3780 3682 3726
f 5165 5061 5151
f 3650 3594 3540
f 5067 5061 5165
f 3540 3594 3506
f 4182 4192 4280
f 4280 4192 4288
f 4604 4545 4480
f 3506 3447 3540
f 5165 5171 5067
f 3598 3654 3704
f 40 180 62
f 4072 4093 4182
f 2137 2202 2080
f 4004 4093 4072
f 4740 4662 4793
f 2523 2553 2430
f 2430 2553 2462
f 4576 4662 4740
f 4230 4137 4134
f 4134 4137 4068
f 6288 6258 6314
f 3875 3912 3979
f 3979 3912 4004
f 6282 6301 6368
f 2369 2353 2253
f 4968 5028 5055
f 6058 6143 6122
f 6117 6134 6194
f 3474 3380 3436
f 6478 6348 6448
f 525 558 456
f 4186 4200 4286
f 5584 5552 5540
f 1551 1464 1523
f 1659 1653 1594
f 2313 2213 2243
f 6078 6143 6058
f 2243 2213 2119
f 3782 3808 3875
f 2902 2815 2829
f 6090 6002 6016
f 3718 3808 3782
f 2657 2689 2523
f 4793 4771 4877
f 2784 2689 2657
f 4877 4771 4845
f 3512 3586 3606
f 454 556 519
f 4105 4188 4202
f 2804 2787 2875
f 832 887 722
f 4346 4247 4230
f 4357 4247 4346
f 3738 3690 3628
f 5005 5074 5084
f 751 906 853
f 4493 4534 4420
f 2982 2968 3072
f 1979 2065 1940
f 1873 2005 1855
f 2200 2105 2103
f 5856 5774 5807
f 1523 1464 1439
f 5595 5552 5584
f 1139 1189 1094
f 2074 2076 2174
f 1594 1653 1585
f 5393 5414 5427
f 1110 1209 1151
f 3598 3556 3654
f 180 160 62
f 1670 1617 1604
f 5671 5621 5649
f 6423 6338 6382
f 1453 1510 1431
f 3949 3914 3839
f 1893 2014 1944
f 4718 4787 4700
f 3462 3522 3584
f 3674 3612 3718
f 94 170 72
f 4255 4290 4377
f 2257 2168 2253
f 5518 5534 5490
f 1106 1090 1168
f 3476 3516 3572
f 1409 1389 1471
f 5677 5683 5642
f 3282 3340 3386
f 1817 1747 1754
f 1147 1065 1085
f 5894 6004 5842
f 1779 1769 1837
f 1455 1373 1405
f 1521 1462 1455
f 3580 3612 3674
f 655 583 761
f 5341 5343 5276
f 4357 4361 4253
f 2557 2440 2438
f 739 570 606
f 5697 5726 5677
f 1471 1479 1543
f 2476 2478 2632
f 6136 6182 6110
f 4773 4767 4628
f 413 356 442
f 1052 993 1106
f 5490 5486 5459
f 3250 3174 3150
f 436 344 404
f 3182 3194 3282
f 3484 3556 3598
f 62 160 84
f 1085 971 1037
f 1973 1839 1817
f 6196 6157 6256
f 4161 4247 4253
f 5998 6048 5894
f 1837 1905 2010
f 1293 1265 1357
f 5608 5625 5578
f 1231 1205 1293
f 5578 5591 5550
f 5276 5231 5161
f 592 515 655
f 1635 1568 1576
f 1341 1250 1278
f 6134 6140 6192
f 6092 6140 6134
f 1698 1632 1635
f 1278 1183 1216
f 1596 1587 1655
f 5766 5798 5734
f 4532 4651 4590
f 3890 3966 3996
f 913 849 991
f 5429 5431 5397
f 606 504 581
f 2728 2659 2557
f 5809 5840 5766
f 1655 1651 1719
f 963 820 891
f 2204 2098 2083
f 6070 6112 6026
f 2121 2134 2236
f 5397 5399 5365
f 838 759 913
f 2632 2693 2761
f 6155 6211 6136
f 5065 5051 4966
f 502 440 548
f 2948 2873 2833
f 534 424 492
f 2317 2217 2204
f 891 734 813
f 2869 2899 2970
f 406 321 413
f 4628 4549 4484
f 2236 2245 2361
f 6094 6138 6070
f 4966 4951 4873
f 467 400 502
f 404 319 398
f 3352 3318 3250
f 492 394 465
f 3048 2978 2948
f 2970 3013 3078
f 2821 2800 2897
f 4332 4344 4245
f 6256 6157 6208
f 6208 6157 6122
f 4149 4132 4055
f 4658 4545 4731
f 3680 3746 3794
f 4642 4769 4686
f 2253 2168 2126
f 4512 4462 4558
f 228 200 116
f 4738 4771 4616
f 2720 2689 2808
f 2705 2645 2759
f 3322 3415 3382
f 106 192 220
f 2784 2880 2808
f 4738 4815 4845
f 6192 6241 6194
f 4731 4545 4604
f 1471 1481 1409
f 5642 5623 5677
f 1455 1532 1521
f 5490 5484 5518
f 1168 1207 1106
f 1754 1809 1817
f 1085 1187 1147
f 1837 1825 1779
f 5842 5804 5894
f 5276 5313 5341
f 761 847 655
f 606 828 739
f 2438 2510 2557
f 2632 2548 2476
f 6110 6064 6136
f 4628 4690 4773
f 442 508 413
f 404 498 436
f 3150 3196 3250
f 3282 3238 3182
f 2384 2417 2313
f 4894 4791 4830
f 3434 3356 3350
f 2501 2417 2384
f 4853 4791 4894
f 3350 3356 3280
f 358 281 250
f 3724 3652 3672
f 446 538 523
f 3985 4108 4049
f 521 536 444
f 3731 3668 3784
f 378 432 480
f 3411 3514 3454
f 4128 4172 4078
f 258 288 369
f 3078 3038 2970
f 4365 4304 4400
f 488 438 382
f 465 568 492
f 2948 3017 3048
f 4438 4325 4365
f 382 304 292
f 290 300 378
f 3454 3502 3406
f 502 572 467
f 4873 4892 4966
f 2361 2331 2236
f 6070 6008 6094
f 3572 3536 3476
f 813 955 891
f 2204 2307 2317
f 5365 5363 5397
f 913 975 838
f 2434 2340 2291
f 5766 5738 5809
f 1719 1723 1655
f 2458 2340 2434
f 2251 2171 2265
f 1635 1705 1698
f 1216 1303 1278
f 2265 2171 2156
f 1293 1320 1231
f 5550 5536 5578
f 1357 1381 1293
f 5578 5568 5608
f 2048 2171 2112
f 1278 1369 1341
f 1576 1647 1635
f 1655 1668 1596
f 5734 5704 5766
f 2156 2171 2048
f 6226 6301 6282
f 5397 5395 5429
f 991 1041 913
f 891 1025 963
f 2083 2189 2204
f 6194 6241 6271
f 6026 5907 6070
f 2236 2226 2121
f 4966 4988 5065
f 548 637 502
f 2833 2913 2948
f 492 604 534
f 4108 4200 4186
f 456 558 538
f 2970 2933 2869
f 3596 3516 3478
f 3892 3806 3850
f 5009 4921 4935
f 3298 3338 3380
f 3478 3516 3430
f 3606 3586 3668
f 536 556 454
f 4351 4265 4363
f 6330 6316 6268
f 3386 3338 3282
f 220 319 270
f 3240 3318 3322
f 290 319 220
f 3322 3318 3406
f 4558 4549 4708
f 279 321 228
f 2126 2208 2253
f 4438 4549 4558
f 228 321 292
f 2701 2693 2541
f 6240 6211 6282
f 2798 2693 2701
f 6282 6211 6226
f 402 504 476
f 2499 2659 2663
f 463 504 402
f 2663 2659 2757
f 486 515 415
f 5252 5231 5329
f 415 515 474
f 5149 5231 5252
f 647 759 560
f 5401 5399 5433
f 544 734 600
f 2116 2217 2238
f 5890 5840 6020
f 1649 1651 1583
f 6198 6138 6221
f 2267 2245 2148
f 1075 1183 1149
f 1561 1632 1629
f 336 400 306
f 4937 4951 5038
f 5602 5591 5640
f 1170 1205 1096
f 294 394 330
f 2909 2978 3019
f 560 759 616
f 5369 5399 5401
f 598 734 544
f 2238 2217 2335
f 6020 5840 5899
f 1715 1651 1649
f 2372 2245 2267
f 6221 6138 6168
f 1117 1183 1075
f 1629 1632 1694
f 306 400 371
f 4851 4951 4937
f 1096 1205 1131
f 5559 5591 5602
f 365 394 294
f 3019 2978 3080
f 6075 6048 6132
f 1843 1905 1793
f 2017 1905 1843
f 6132 6048 6087
f 5640 5625 5679
f 1244 1265 1170
f 5679 5625 5657
f 1332 1265 1244
f 3046 3013 2931
f 3113 3013 3046
f 2434 2546 2458
f 4363 4422 4470
f 1771 1839 1820
f 843 971 957
f 1149 1250 1229
f 1495 1568 1561
f 1820 1839 1977
f 904 971 843
f 1229 1250 1316
f 1505 1568 1495
f 5834 5798 5890
f 1583 1587 1512
f 5502 5486 5522
f 987 993 869
f 5758 5798 5834
f 1512 1587 1530
f 5461 5486 5502
f 869 993 926
f 5059 5057 4977
f 3744 3682 3780
f 3648 3682 3744
f 4977 5057 4995
f 5433 5431 5465
f 781 849 647
f 1446 1479 1403
f 5736 5726 5783
f 5465 5431 5461
f 926 849 781
f 1530 1479 1446
f 5783 5726 5758
f 4558 4462 4438
f 292 200 228
f 3130 3144 3052
f 4783 4733 4805
f 3052 3144 3030
f 4632 4733 4783
f 600 820 745
f 1983 2098 2116
f 1377 1462 1429
f 1295 1373 1377
f 745 820 904
f 1977 2098 1983
f 1429 1462 1505
f 1316 1373 1295
f 220 192 290
f 3406 3415 3322
f 2148 2134 2020
f 6161 6112 6198
f 5706 5683 5736
f 1403 1389 1318
f 2020 2134 2017
f 6087 6112 6161
f 5657 5683 5706
f 1318 1389 1332
f 5522 5534 5566
f 1027 1090 987
f 380 440 336
f 5038 5051 5140
f 1131 1090 1027
f 5566 5534 5559
f 5140 5051 5149
f 474 440 380
f 957 1065 1010
f 1696 1747 1771
f 2794 2873 2909
f 330 424 367
f 1010 1065 1117
f 1694 1747 1696
f 2444 2324 2353
f 2353 2324 2257
f 2757 2873 2794
f 367 424 463
f 6053 6004 6075
f 1793 1769 1717
f 2931 2899 2817
f 1717 1769 1715
f 5899 6004 6053
f 2817 2899 2798
f 5329 5343 5367
f 506 583 486
f 616 583 506
f 5367 5343 5369
f 4288 4192 4219
f 4219 4192 4112
f 476 570 490
f 2367 2440 2499
f 490 570 598
f 2335 2440 2367
f 2541 2478 2394
f 6243 6182 6240
f 2394 2478 2372
f 6168 6182 6243
f 3968 3964 3892
f 4935 4871 4973
f 274 356 279
f 4708 4767 4828
f 371 356 274
f 4828 4767 4851
f 270 344 268
f 3124 3174 3240
f 268 344 365
f 3080 3174 3124
f 3264 3194 3156
f 3156 3194 3113
f 4253 4247 4357
f 4468 4375 4404
f 4404 4375 4296
f 2808 2689 2784
f 4845 4771 4738
f 2462 2553 2599
f 4520 4662 4576
f 4616 4662 4520
f 2599 2553 2720
f 3430 3340 3368
f 3368 3340 3264
f 3648 3562 3594
f 5061 4958 4995
f 3848 3808 3756
f 6453 6358 6482
f 4068 4137 4057
f 4057 4137 4161
f 2456 2466 2584
f 4093 4016 4112
f 244 160 180
f 3654 3556 3578
f 2417 2351 2313
f 1907 1992 1873
f 3572 3665 3612
f 3216 3238 3298
f 3136 3238 3216
f 4004 3912 3937
f 3937 3912 3848
f 5987 6028 5918
f 6382 6305 6320
f 2269 2311 2392
f 1944 2054 2033
f 6172 6153 6097
f 6271 6228 6194
f 6122 6143 6208
f 532 498 602
f 3186 3196 3117
f 602 498 540
f 3290 3196 3186
f 2369 2466 2456
f 4785 4690 4670
f 612 508 542
f 4670 4690 4540
f 550 508 612
f 2453 2548 2562
f 5950 6064 6033
f 2562 2548 2718
f 6030 6064 5950
f 6427 6330 6337
f 4232 4163 4253
f 2154 2243 2119
f 2263 2243 2154
f 3756 3808 3718
f 2529 2510 2419
f 899 828 951
f 951 828 858
f 2681 2510 2529
f 3756 3665 3706
f 4738 4586 4634
f 2915 2810 2808
f 2251 2327 2208
f 4404 4342 4428
f 967 847 915
f 5333 5313 5250
f 5250 5313 5167
f 867 847 967
f 6208 6143 6200
f 4074 4184 4141
f 50 184 162
f 1783 1825 1869
f 5746 5804 5768
f 1869 1825 1996
f 5791 5804 5746
f 4857 4921 4977
f 3744 3806 3748
f 3804 3832 3888
f 352 428 328
f 3888 3934 3994
f 332 422 352
f 1246 1187 1269
f 1835 1809 1765
f 4180 4265 4219
f 1873 1992 2005
f 1269 1187 1185
f 1957 1809 1835
f 2110 2228 2187
f 2187 2228 2295
f 2404 2324 2444
f 6224 6209 6159
f 2295 2324 2404
f 6159 6140 6085
f 6272 6209 6224
f 6085 6140 6092
f 4520 4422 4416
f 2714 2546 2599
f 5506 5484 5467
f 1285 1207 1261
f 5467 5484 5446
f 1203 1207 1285
f 6090 6124 6190
f 4868 4871 4781
f 3998 3964 4057
f 4868 4902 4968
f 1439 1481 1523
f 5584 5623 5595
f 5627 5623 5584
f 1523 1481 1553
f 4889 4958 4986
f 3460 3562 3510
f 5067 5063 4986
f 3460 3413 3506
f 3939 4016 3937
f 1585 1532 1594
f 1594 1532 1517
f 4977 4900 4857
f 3748 3670 3744
f 1521 1532 1585
f 1409 1481 1439
f 5595 5623 5642
f 5518 5484 5506
f 1261 1207 1168
f 1147 1187 1246
f 1765 1809 1754
f 5768 5804 5842
f 1779 1825 1783
f 4219 4125 4180
f 915 847 761
f 5341 5313 5333
f 2419 2510 2438
f 739 828 899
f 2476 2548 2453
f 6033 6064 6110
f 4773 4690 4785
f 542 508 442
f 3182 3238 3136
f 436 498 532
f 3117 3196 3150
f 3430 3516 3476
f 398 319 290
f 3406 3318 3352
f 4484 4549 4438
f 292 321 406
f 4416 4514 4520
f 2599 2750 2714
f 6226 6211 6155
f 2761 2693 2798
f 2048 2065 2156
f 581 504 463
f 2757 2659 2728
f 1940 2065 2048
f 6143 6152 6200
f 5161 5231 5149
f 474 515 592
f 2010 1905 2017
f 6087 6048 5998
f 3111 3038 3136
f 3010 3038 3111
f 1037 971 904
f 1977 1839 1973
f 4995 4900 4977
f 3744 3670 3648
f 4296 4342 4404
f 6078 6152 6143
f 4057 4080 3998
f 5459 5486 5461
f 926 993 1052
f 1543 1479 1530
f 5758 5726 5697
f 1405 1373 1316
f 1505 1462 1521
f 699 568 532
f 3117 3017 3088
f 3088 3017 2988
f 768 568 699
f 5642 5683 5657
f 1332 1389 1409
f 4781 4779 4868
f 1168 1090 1131
f 5559 5534 5518
f 1117 1065 1147
f 1754 1747 1694
f 4799 4892 4785
f 542 572 720
f 4898 4892 4799
f 720 572 783
f 5842 6004 5899
f 1715 1769 1779
f 5369 5343 5341
f 761 583 616
f 4112 4125 4219
f 598 570 739
f 2438 2440 2335
f 6033 6008 5867
f 2436 2331 2453
f 5867 6008 5838
f 2315 2331 2436
f 4986 4906 4889
f 3510 3428 3460
f 2372 2478 2476
f 6110 6182 6168
f 4520 4514 4616
f 2720 2750 2599
f 4851 4767 4773
f 442 356 371
f 3150 3174 3080
f 365 344 436
f 2265 2359 2251
f 2419 2307 2402
f 1012 955 899
f 3706 3800 3756
f 2402 2307 2289
f 1073 955 1012
f 3113 3194 3182
f 3937 3868 3939
f 915 975 1035
f 5331 5363 5333
f 2410 2359 2265
f 1035 975 1092
f 5361 5363 5331
f 4759 4783 4834
f 2984 3052 2962
f 1791 1723 1783
f 5768 5738 5708
f 1733 1723 1791
f 5708 5738 5681
f 4161 4080 4057
f 4826 4725 4763
f 1334 1303 1246
f 1765 1705 1773
f 3386 3340 3430
f 1391 1303 1334
f 1773 1705 1713
f 5495 5536 5506
f 1261 1320 1349
f 5524 5536 5495
f 1349 1320 1407
f 465 394 365
f 3080 2978 3048
f 6316 6236 6268
f 3078 3013 3113
f 5086 5007 5095
f 3122 3076 3022
f 6276 6236 6316
f 371 400 467
f 4873 4951 4851
f 2361 2245 2372
f 6168 6138 6094
f 2335 2217 2317
f 813 734 598
f 5365 5399 5369
f 616 759 838
f 5899 5840 5809
f 1719 1651 1715
f 1694 1632 1698
f 1216 1183 1117
f 1131 1205 1231
f 5550 5591 5559
f 5657 5625 5608
f 1357 1265 1332
f 1316 1250 1341
f 1576 1568 1505
f 5734 5798 5758
f 1530 1587 1596
f 5461 5431 5429
f 991 849 926
f 4868 4779 4822
f 904 820 963
f 2083 2098 1977
f 2017 2134 2121
f 6026 6112 6087
f 5149 5051 5065
f 548 440 474
f 2833 2873 2757
f 463 424 534
f 2798 2899 2869
f 4632 4783 4759
f 2962 3052 3030
f 2313 2351 2213
f 3460 3428 3374
f 4984 4906 4986
f 3848 3868 3937
f 3136 3038 3078
f 446 422 332
f 3994 3934 4049
f 3731 3832 3804
f 328 428 444
f 3048 3017 3117
f 532 568 465
f 4785 4892 4873
f 467 572 542
f 2265 2351 2410
f 2453 2331 2361
f 6094 6008 6033
f 899 955 813
f 2317 2307 2419
f 5333 5363 5365
f 838 975 915
f 1783 1723 1719
f 5809 5738 5768
f 4941 4933 5034
f 2907 2950 2857
f 2997 2950 2907
f 5034 4933 5003
f 4624 4510 4486
f 4630 4510 4624
f 1698 1705 1765
f 1246 1303 1216
f 3756 3800 3848
f 5506 5536 5550
f 1231 1320 1261
f 6200 6152 6228
f 4822 4902 4868
f 1439 1381 1357
f 5608 5568 5595
f 4616 4586 4738
f 2808 2810 2720
f 1585 1647 1576
f 1341 1369 1431
f 3374 3413 3460
f 4986 5063 4984
f 3704 3654 3750
f 152 180 40
f 5671 5704 5734
f 1596 1668 1604
f 4962 4864 4943
f 4943 4864 4849
f 5163 5053 5138
f 3370 3320 3288
f 5082 5053 5163
f 3288 3320 3246
f 6228 6258 6200
f 1110 1041 991
f 5429 5395 5427
f 6114 6119 6041
f 6041 6119 6056
f 2074 2189 2083
f 963 1025 1094
f 4253 4163 4161
f 5856 5907 6026
f 2121 2226 2103
f 751 637 548
f 5065 4988 5084
f 534 604 722
f 2804 2913 2833
f 2869 2933 2829
f 206 145 260
f 3898 3910 3820
f 260 145 209
f 3987 3910 3898
f 3246 3184 3288
f 5163 5142 5082
f 4849 4927 4943
f 3476 3536 3436
f 4428 4342 4361
f 3454 3514 3574
f 350 432 378
f 4237 4304 4365
f 382 438 354
f 523 538 661
f 4033 4108 3985
f 649 536 521
f 3784 3668 3712
f 6209 6140 6159
f 6192 6140 6209
f 2295 2228 2324
f 2324 2228 2257
f 6190 6124 6170
f 4815 4759 4834
f 2984 2962 2880
f 3436 3338 3386
f 3574 3502 3454
f 378 300 350
f 4365 4325 4237
f 354 304 382
f 1534 1510 1453
f 5649 5621 5600
f 1676 1617 1670
f 1151 1209 1255
f 5387 5414 5393
f 1238 1189 1139
f 2174 2076 2150
f 5807 5774 5740
f 2184 2105 2200
f 853 906 983
f 5011 5074 5005
f 2875 2787 2831
f 965 887 832
f 6016 6002 5858
f 2867 2815 2902
f 2327 2359 2442
f 3417 3380 3474
f 2251 2359 2327
f 4763 4725 4630
f 3022 3076 2997
f 5003 5007 5086
f 3848 3800 3868
f 3868 3800 3824
f 4514 4586 4616
f 2720 2810 2750
f 4482 4586 4514
f 2750 2810 2851
f 4161 4163 4080
f 4080 4163 4101
f 585 596 757
f 4388 4434 4355
f 3432 3354 3390
f 743 587 579
f 5138 5053 5063
f 3413 3320 3370
f 3374 3320 3413
f 5063 5053 4984
f 4658 4731 4779
f 4902 4864 4962
f 4822 4864 4902
f 2110 2054 2014
f 2014 2054 1944
f 4906 4894 4830
f 3434 3350 3428
f 3428 3350 3374
f 4984 4894 4906
f 4779 4731 4822
f 6272 6305 6338
f 6338 6305 6382
f 6170 6124 6119
f 6119 6124 6056
