v -29.435731887817383 -37.61030578613281 9.949999809265137
v -14.435731887817383 -37.61030578613281 9.949999809265137
v -85.7005386352539 -37.61030578613281 19.899999618530273
v -1.700538992881775 -37.61030578613281 19.899999618530273
v -1.700538992881775 -37.61030578613281 0.0
v -85.7005386352539 -37.61030578613281 0.0
v -93.7005386352539 13.389694213867188 12.899999618530273
v -93.7005386352539 13.389694213867188 7.0
v -98.7005386352539 13.389694213867188 7.0
v -98.7005386352539 13.389694213867188 12.899999618530273
v -27.725732803344727 -42.61030578613281 9.949999809265137
v -24.425731658935547 -42.61030578613281 9.949999809265137
v -12.72573184967041 -42.61030578613281 9.949999809265137
v -9.425731658935547 -42.61030578613281 9.949999809265137
v 3.2994608879089355 -42.61030578613281 19.899999618530273
v -90.7005386352539 -42.61030578613281 19.899999618530273
v -90.7005386352539 -42.61030578613281 0.0
v 3.2994608879089355 -42.61030578613281 0.0
v -93.7005386352539 6.3896942138671875 0.0
v -93.7005386352539 -29.610305786132812 0.0
v -93.7005386352539 6.3896942138671875 19.899999618530273
v -93.7005386352539 -29.610305786132812 19.899999618530273
v -93.7005386352539 -13.110305786132812 12.449999809265137
v -93.7005386352539 -13.110305786132812 7.449999809265137
v -93.7005386352539 6.8896942138671875 12.449999809265137
v -93.7005386352539 6.8896942138671875 7.449999809265137
v -98.7005386352539 6.3896942138671875 0.0
v -98.7005386352539 -34.61030578613281 0.0
v -98.7005386352539 -34.61030578613281 19.899999618530273
v -98.7005386352539 6.3896942138671875 19.899999618530273
v -98.7005386352539 6.8896942138671875 12.449999809265137
v -98.7005386352539 6.8896942138671875 7.449999809265137
v -98.7005386352539 -13.110305786132812 12.449999809265137
v -98.7005386352539 -13.110305786132812 7.449999809265137
v 11.299461364746094 6.3896942138671875 0.0
v 11.299461364746094 -34.61030578613281 0.0
v 11.299461364746094 13.389694213867188 7.0
v 11.299461364746094 13.389694213867188 12.899999618530273
v 11.299461364746094 6.3896942138671875 19.899999618530273
v 11.299461364746094 -34.61030578613281 19.899999618530273
v 11.299461364746094 -13.110305786132812 12.449999809265137
v 11.299461364746094 -13.110305786132812 7.449999809265137
v 11.299461364746094 6.8896942138671875 12.449999809265137
v 11.299461364746094 6.8896942138671875 7.449999809265137
v 6.2994608879089355 13.389694213867188 7.0
v 6.2994608879089355 13.389694213867188 12.899999618530273
v 6.2994608879089355 6.3896942138671875 0.0
v 6.2994608879089355 -29.610305786132812 0.0
v 6.2994608879089355 -29.610305786132812 19.899999618530273
v 6.2994608879089355 6.3896942138671875 19.899999618530273
v 6.2994608879089355 6.8896942138671875 12.449999809265137
v 6.2994608879089355 6.8896942138671875 7.449999809265137
v 6.2994608879089355 -13.110305786132812 12.449999809265137
v 6.2994608879089355 -13.110305786132812 7.449999809265137
v -12.72573184967041 -39.32030487060547 9.949999809265137
v -27.725732803344727 -39.32030487060547 9.949999809265137
v -29.208839416503906 -37.61030578613281 11.163771629333496
v -28.558801651000977 -37.61030578613281 12.213617324829102
v -27.573413848876953 -37.61030578613281 12.957749366760254
v -26.385753631591797 -37.61030578613281 13.295666694641113
v -25.156225204467773 -37.61030578613281 13.181734085083008
v -24.050880432128906 -37.61030578613281 12.631338119506836
v -23.219003677368164 -37.61030578613281 11.718811988830566
v -22.7729434967041 -37.61030578613281 10.567398071289062
v -22.7729434967041 -37.61030578613281 9.332601547241211
v -23.219003677368164 -37.61030578613281 8.181187629699707
v -24.050880432128906 -37.61030578613281 7.268661975860596
v -25.156225204467773 -37.61030578613281 6.718266010284424
v -26.385753631591797 -37.61030578613281 6.60433292388916
v -27.573413848876953 -37.61030578613281 6.942251205444336
v -28.558801651000977 -37.61030578613281 7.68638277053833
v -29.208839416503906 -37.61030578613281 8.736227989196777
v -14.208839416503906 -37.61030578613281 11.163771629333496
v -13.558801651000977 -37.61030578613281 12.213617324829102
v -12.573412895202637 -37.61030578613281 12.957749366760254
v -11.385753631591797 -37.61030578613281 13.295666694641113
v -10.156225204467773 -37.61030578613281 13.181734085083008
v -9.050880432128906 -37.61030578613281 12.631338119506836
v -8.219002723693848 -37.61030578613281 11.718811988830566
v -7.772943019866943 -37.61030578613281 10.567398071289062
v -7.772943019866943 -37.61030578613281 9.332601547241211
v -8.219002723693848 -37.61030578613281 8.181187629699707
v -9.050880432128906 -37.61030578613281 7.268661975860596
v -10.156225204467773 -37.61030578613281 6.718266010284424
v -11.385753631591797 -37.61030578613281 6.60433292388916
v -12.573412895202637 -37.61030578613281 6.942251205444336
v -13.558801651000977 -37.61030578613281 7.68638277053833
v -14.208839416503906 -37.61030578613281 8.736227989196777
v -84.46524810791016 -37.61030578613281 19.899999618530273
v -83.22994995117188 -37.61030578613281 19.899999618530273
v -81.99465942382812 -37.61030578613281 19.899999618530273
v -80.75936126708984 -37.61030578613281 19.899999618530273
v -79.5240707397461 -37.61030578613281 19.899999618530273
v -78.28877258300781 -37.61030578613281 19.899999618530273
v -77.05348205566406 -37.61030578613281 19.899999618530273
v -75.81818389892578 -37.61030578613281 19.899999618530273
v -74.58289337158203 -37.61030578613281 19.899999618530273
v -73.34759521484375 -37.61030578613281 19.899999618530273
v -72.1123046875 -37.61030578613281 19.899999618530273
v -70.87700653076172 -37.61030578613281 19.899999618530273
v -69.64171600341797 -37.61030578613281 19.899999618530273
v -68.40642547607422 -37.61030578613281 19.899999618530273
v -67.17112731933594 -37.61030578613281 19.899999618530273
v -65.93583679199219 -37.61030578613281 19.899999618530273
v -64.7005386352539 -37.61030578613281 19.899999618530273
v -63.46524429321289 -37.61030578613281 19.899999618530273
v -62.229949951171875 -37.61030578613281 19.899999618530273
v -60.99465560913086 -37.61030578613281 19.899999618530273
v -59.759361267089844 -37.61030578613281 19.899999618530273
v -58.524070739746094 -37.61030578613281 19.899999618530273
v -57.28877639770508 -37.61030578613281 19.899999618530273
v -56.05348205566406 -37.61030578613281 19.899999618530273
v -54.81818771362305 -37.61030578613281 19.899999618530273
v -53.58289337158203 -37.61030578613281 19.899999618530273
v -52.347599029541016 -37.61030578613281 19.899999618530273
v -51.1123046875 -37.61030578613281 19.899999618530273
v -49.877010345458984 -37.61030578613281 19.899999618530273
v -48.64171600341797 -37.61030578613281 19.899999618530273
v -47.40642166137695 -37.61030578613281 19.899999618530273
v -46.17112731933594 -37.61030578613281 19.899999618530273
v -44.93583297729492 -37.61030578613281 19.899999618530273
v -43.700538635253906 -37.61030578613281 19.899999618530273
v -42.46524429321289 -37.61030578613281 19.899999618530273
v -41.229949951171875 -37.61030578613281 19.899999618530273
v -39.99465560913086 -37.61030578613281 19.899999618530273
v -38.759361267089844 -37.61030578613281 19.899999618530273
v -37.524070739746094 -37.61030578613281 19.899999618530273
v -36.28877639770508 -37.61030578613281 19.899999618530273
v -35.05348205566406 -37.61030578613281 19.899999618530273
v -33.81818771362305 -37.61030578613281 19.899999618530273
v -32.58289337158203 -37.61030578613281 19.899999618530273
v -31.347597122192383 -37.61030578613281 19.899999618530273
v -30.1123046875 -37.61030578613281 19.899999618530273
v -28.877010345458984 -37.61030578613281 19.899999618530273
v -27.64171600341797 -37.61030578613281 19.899999618530273
v -26.406421661376953 -37.61030578613281 19.899999618530273
v -25.171127319335938 -37.61030578613281 19.899999618530273
v -23.935834884643555 -37.61030578613281 19.899999618530273
v -22.700538635253906 -37.61030578613281 19.899999618530273
v -21.46524429321289 -37.61030578613281 19.899999618530273
v -20.229951858520508 -37.61030578613281 19.899999618530273
v -18.994657516479492 -37.61030578613281 19.899999618530273
v -17.759363174438477 -37.61030578613281 19.899999618530273
v -16.52406883239746 -37.61030578613281 19.899999618530273
v -15.288775444030762 -37.61030578613281 19.899999618530273
v -14.053481101989746 -37.61030578613281 19.899999618530273
v -12.818185806274414 -37.61030578613281 19.899999618530273
v -11.582892417907715 -37.61030578613281 19.899999618530273
v -10.3475980758667 -37.61030578613281 19.899999618530273
v -9.112303733825684 -37.61030578613281 19.899999618530273
v -7.877009868621826 -37.61030578613281 19.899999618530273
v -6.641716003417969 -37.61030578613281 19.899999618530273
v -5.406422138214111 -37.61030578613281 19.899999618530273
v -4.171127796173096 -37.61030578613281 19.899999618530273
v -2.9358339309692383 -37.61030578613281 19.899999618530273
v -1.700538992881775 -37.61030578613281 18.65625
v -1.700538992881775 -37.61030578613281 17.412500381469727
v -1.700538992881775 -37.61030578613281 16.168750762939453
v -1.700538992881775 -37.61030578613281 14.925000190734863
v -1.700538992881775 -37.61030578613281 13.681249618530273
v -1.700538992881775 -37.61030578613281 12.4375
v -1.700538992881775 -37.61030578613281 11.193750381469727
v -1.700538992881775 -37.61030578613281 9.949999809265137
v -1.700538992881775 -37.61030578613281 8.706250190734863
v -1.700538992881775 -37.61030578613281 7.462500095367432
v -1.700538992881775 -37.61030578613281 6.21875
v -1.700538992881775 -37.61030578613281 4.974999904632568
v -1.700538992881775 -37.61030578613281 3.731250047683716
v -1.700538992881775 -37.61030578613281 2.487499952316284
v -1.700538992881775 -37.61030578613281 1.243749976158142
v -84.46524810791016 -37.61030578613281 0.0
v -83.22994995117188 -37.61030578613281 0.0
v -81.99465942382812 -37.61030578613281 0.0
v -80.75936126708984 -37.61030578613281 0.0
v -79.5240707397461 -37.61030578613281 0.0
v -78.28877258300781 -37.61030578613281 0.0
v -77.05348205566406 -37.61030578613281 0.0
v -75.81818389892578 -37.61030578613281 0.0
v -74.58289337158203 -37.61030578613281 0.0
v -73.34759521484375 -37.61030578613281 0.0
v -72.1123046875 -37.61030578613281 0.0
v -70.87700653076172 -37.61030578613281 0.0
v -69.64171600341797 -37.61030578613281 0.0
v -68.40642547607422 -37.61030578613281 0.0
v -67.17112731933594 -37.61030578613281 0.0
v -65.93583679199219 -37.61030578613281 0.0
v -64.7005386352539 -37.61030578613281 0.0
v -63.46524429321289 -37.61030578613281 0.0
v -62.229949951171875 -37.61030578613281 0.0
v -60.99465560913086 -37.61030578613281 0.0
v -59.759361267089844 -37.61030578613281 0.0
v -58.524070739746094 -37.61030578613281 0.0
v -57.28877639770508 -37.61030578613281 0.0
v -56.05348205566406 -37.61030578613281 0.0
v -54.81818771362305 -37.61030578613281 0.0
v -53.58289337158203 -37.61030578613281 0.0
v -52.347599029541016 -37.61030578613281 0.0
v -51.1123046875 -37.61030578613281 0.0
v -49.877010345458984 -37.61030578613281 0.0
v -48.64171600341797 -37.61030578613281 0.0
v -47.40642166137695 -37.61030578613281 0.0
v -46.17112731933594 -37.61030578613281 0.0
v -44.93583297729492 -37.61030578613281 0.0
v -43.700538635253906 -37.61030578613281 0.0
v -42.46524429321289 -37.61030578613281 0.0
v -41.229949951171875 -37.61030578613281 0.0
v -39.99465560913086 -37.61030578613281 0.0
v -38.759361267089844 -37.61030578613281 0.0
v -37.524070739746094 -37.61030578613281 0.0
v -36.28877639770508 -37.61030578613281 0.0
v -35.05348205566406 -37.61030578613281 0.0
v -33.81818771362305 -37.61030578613281 0.0
v -32.58289337158203 -37.61030578613281 0.0
v -31.347597122192383 -37.61030578613281 0.0
v -30.1123046875 -37.61030578613281 0.0
v -28.877010345458984 -37.61030578613281 0.0
v -27.64171600341797 -37.61030578613281 0.0
v -26.406421661376953 -37.61030578613281 0.0
v -25.171127319335938 -37.61030578613281 0.0
v -23.935834884643555 -37.61030578613281 0.0
v -22.700538635253906 -37.61030578613281 0.0
v -21.46524429321289 -37.61030578613281 0.0
v -20.229951858520508 -37.61030578613281 0.0
v -18.994657516479492 -37.61030578613281 0.0
v -17.759363174438477 -37.61030578613281 0.0
v -16.52406883239746 -37.61030578613281 0.0
v -15.288775444030762 -37.61030578613281 0.0
v -14.053481101989746 -37.61030578613281 0.0
v -12.818185806274414 -37.61030578613281 0.0
v -11.582892417907715 -37.61030578613281 0.0
v -10.3475980758667 -37.61030578613281 0.0
v -9.112303733825684 -37.61030578613281 0.0
v -7.877009868621826 -37.61030578613281 0.0
v -6.641716003417969 -37.61030578613281 0.0
v -5.406422138214111 -37.61030578613281 0.0
v -4.171127796173096 -37.61030578613281 0.0
v -2.9358339309692383 -37.61030578613281 0.0
v -85.7005386352539 -37.61030578613281 18.65625
v -85.7005386352539 -37.61030578613281 17.412500381469727
v -85.7005386352539 -37.61030578613281 16.168750762939453
v -85.7005386352539 -37.61030578613281 14.925000190734863
v -85.7005386352539 -37.61030578613281 13.681249618530273
v -85.7005386352539 -37.61030578613281 12.4375
v -85.7005386352539 -37.61030578613281 11.193750381469727
v -85.7005386352539 -37.61030578613281 9.949999809265137
v -85.7005386352539 -37.61030578613281 8.706250190734863
v -85.7005386352539 -37.61030578613281 7.462500095367432
v -85.7005386352539 -37.61030578613281 6.21875
v -85.7005386352539 -37.61030578613281 4.974999904632568
v -85.7005386352539 -37.61030578613281 3.731250047683716
v -85.7005386352539 -37.61030578613281 2.487499952316284
v -85.7005386352539 -37.61030578613281 1.243749976158142
v -93.7005386352539 13.389694213867188 11.720000267028809
v -93.7005386352539 13.389694213867188 10.539999961853027
v -93.7005386352539 13.389694213867188 9.359999656677246
v -93.7005386352539 13.389694213867188 8.180000305175781
v -97.4505386352539 13.389694213867188 7.0
v -96.2005386352539 13.389694213867188 7.0
v -94.9505386352539 13.389694213867188 7.0
v -98.7005386352539 13.389694213867188 11.720000267028809
v -98.7005386352539 13.389694213867188 10.539999961853027
v -98.7005386352539 13.389694213867188 9.359999656677246
v -98.7005386352539 13.389694213867188 8.180000305175781
v -97.4505386352539 13.389694213867188 12.899999618530273
v -96.2005386352539 13.389694213867188 12.899999618530273
v -94.9505386352539 13.389694213867188 12.899999618530273
v -24.740854263305664 -42.61030578613281 10.919845581054688
v -25.565853118896484 -42.61030578613281 11.519243240356445
v -26.585609436035156 -42.61030578613281 11.519243240356445
v -27.41061019897461 -42.61030578613281 10.919845581054688
v -27.41061019897461 -42.61030578613281 8.980154037475586
v -26.585609436035156 -42.61030578613281 8.380757331848145
v -25.565853118896484 -42.61030578613281 8.380757331848145
v -24.740854263305664 -42.61030578613281 8.980154037475586
v -9.740854263305664 -42.61030578613281 10.919845581054688
v -10.5658540725708 -42.61030578613281 11.519243240356445
v -11.585610389709473 -42.61030578613281 11.519243240356445
v -12.41061019897461 -42.61030578613281 10.919845581054688
v -12.41061019897461 -42.61030578613281 8.980154037475586
v -11.585610389709473 -42.61030578613281 8.380757331848145
v -10.5658540725708 -42.61030578613281 8.380757331848145
v -9.740854263305664 -42.61030578613281 8.980154037475586
v 2.0626180171966553 -42.61030578613281 19.899999618530273
v 0.8257759809494019 -42.61030578613281 19.899999618530273
v -0.4110659956932068 -42.61030578613281 19.899999618530273
v -1.6479079723358154 -42.61030578613281 19.899999618530273
v -2.8847498893737793 -42.61030578613281 19.899999618530273
v -4.121592044830322 -42.61030578613281 19.899999618530273
v -5.358434200286865 -42.61030578613281 19.899999618530273
v -6.59527587890625 -42.61030578613281 19.899999618530273
v -7.832118034362793 -42.61030578613281 19.899999618530273
v -9.068960189819336 -42.61030578613281 19.899999618530273
v -10.305803298950195 -42.61030578613281 19.899999618530273
v -11.542645454406738 -42.61030578613281 19.899999618530273
v -12.779486656188965 -42.61030578613281 19.899999618530273
v -14.016328811645508 -42.61030578613281 19.899999618530273
v -15.25317096710205 -42.61030578613281 19.899999618530273
v -16.490013122558594 -42.61030578613281 19.899999618530273
v -17.72685432434082 -42.61030578613281 19.899999618530273
v -18.96369743347168 -42.61030578613281 19.899999618530273
v -20.200538635253906 -42.61030578613281 19.899999618530273
v -21.437381744384766 -42.61030578613281 19.899999618530273
v -22.674224853515625 -42.61030578613281 19.899999618530273
v -23.91106605529785 -42.61030578613281 19.899999618530273
v -25.147907257080078 -42.61030578613281 19.899999618530273
v -26.384750366210938 -42.61030578613281 19.899999618530273
v -27.621591567993164 -42.61030578613281 19.899999618530273
v -28.858434677124023 -42.61030578613281 19.899999618530273
v -30.09527587890625 -42.61030578613281 19.899999618530273
v -31.332117080688477 -42.61030578613281 19.899999618530273
v -32.5689582824707 -42.61030578613281 19.899999618530273
v -33.80580139160156 -42.61030578613281 19.899999618530273
v -35.04264450073242 -42.61030578613281 19.899999618530273
v -36.27948760986328 -42.61030578613281 19.899999618530273
v -37.51633071899414 -42.61030578613281 19.899999618530273
v -38.753170013427734 -42.61030578613281 19.899999618530273
v -39.990013122558594 -42.61030578613281 19.899999618530273
v -41.22685623168945 -42.61030578613281 19.899999618530273
v -42.46369552612305 -42.61030578613281 19.899999618530273
v -43.700538635253906 -42.61030578613281 19.899999618530273
v -44.937381744384766 -42.61030578613281 19.899999618530273
v -46.174224853515625 -42.61030578613281 19.899999618530273
v -47.41106414794922 -42.61030578613281 19.899999618530273
v -48.64790725708008 -42.61030578613281 19.899999618530273
v -49.88475036621094 -42.61030578613281 19.899999618530273
v -51.1215934753418 -42.61030578613281 19.899999618530273
v -52.35843276977539 -42.61030578613281 19.899999618530273
v -53.59527587890625 -42.61030578613281 19.899999618530273
v -54.83211898803711 -42.61030578613281 19.899999618530273
v -56.0689582824707 -42.61030578613281 19.899999618530273
v -57.30580139160156 -42.61030578613281 19.899999618530273
v -58.54264450073242 -42.61030578613281 19.899999618530273
v -59.77948760986328 -42.61030578613281 19.899999618530273
v -61.01633071899414 -42.61030578613281 19.899999618530273
v -62.253170013427734 -42.61030578613281 19.899999618530273
v -63.490013122558594 -42.61030578613281 19.899999618530273
v -64.72685241699219 -42.61030578613281 19.899999618530273
v -65.96369934082031 -42.61030578613281 19.899999618530273
v -67.2005386352539 -42.61030578613281 19.899999618530273
v -68.43738555908203 -42.61030578613281 19.899999618530273
v -69.67422485351562 -42.61030578613281 19.899999618530273
v -70.91106414794922 -42.61030578613281 19.899999618530273
v -72.14791107177734 -42.61030578613281 19.899999618530273
v -73.38475036621094 -42.61030578613281 19.899999618530273
v -74.62158966064453 -42.61030578613281 19.899999618530273
v -75.85843658447266 -42.61030578613281 19.899999618530273
v -77.09527587890625 -42.61030578613281 19.899999618530273
v -78.33211517333984 -42.61030578613281 19.899999618530273
v -79.56896209716797 -42.61030578613281 19.899999618530273
v -80.80580139160156 -42.61030578613281 19.899999618530273
v -82.04264831542969 -42.61030578613281 19.899999618530273
v -83.27948760986328 -42.61030578613281 19.899999618530273
v -84.51632690429688 -42.61030578613281 19.899999618530273
v -85.753173828125 -42.61030578613281 19.899999618530273
v -86.9900131225586 -42.61030578613281 19.899999618530273
v -88.22685241699219 -42.61030578613281 19.899999618530273
v -89.46369934082031 -42.61030578613281 19.899999618530273
v -90.7005386352539 -42.61030578613281 18.65625
v -90.7005386352539 -42.61030578613281 17.412500381469727
v -90.7005386352539 -42.61030578613281 16.168750762939453
v -90.7005386352539 -42.61030578613281 14.925000190734863
v -90.7005386352539 -42.61030578613281 13.681249618530273
v -90.7005386352539 -42.61030578613281 12.4375
v -90.7005386352539 -42.61030578613281 11.193750381469727
v -90.7005386352539 -42.61030578613281 9.949999809265137
v -90.7005386352539 -42.61030578613281 8.706250190734863
v -90.7005386352539 -42.61030578613281 7.462500095367432
v -90.7005386352539 -42.61030578613281 6.21875
v -90.7005386352539 -42.61030578613281 4.974999904632568
v -90.7005386352539 -42.61030578613281 3.731250047683716
v -90.7005386352539 -42.61030578613281 2.487499952316284
v -90.7005386352539 -42.61030578613281 1.243749976158142
v 2.0626180171966553 -42.61030578613281 0.0
v 0.8257759809494019 -42.61030578613281 0.0
v -0.4110659956932068 -42.61030578613281 0.0
v -1.6479079723358154 -42.61030578613281 0.0
v -2.8847498893737793 -42.61030578613281 0.0
v -4.121592044830322 -42.61030578613281 0.0
v -5.358434200286865 -42.61030578613281 0.0
v -6.59527587890625 -42.61030578613281 0.0
v -7.832118034362793 -42.61030578613281 0.0
v -9.068960189819336 -42.61030578613281 0.0
v -10.305803298950195 -42.61030578613281 0.0
v -11.542645454406738 -42.61030578613281 0.0
v -12.779486656188965 -42.61030578613281 0.0
v -14.016328811645508 -42.61030578613281 0.0
v -15.25317096710205 -42.61030578613281 0.0
v -16.490013122558594 -42.61030578613281 0.0
v -17.72685432434082 -42.61030578613281 0.0
v -18.96369743347168 -42.61030578613281 0.0
v -20.200538635253906 -42.61030578613281 0.0
v -21.437381744384766 -42.61030578613281 0.0
v -22.674224853515625 -42.61030578613281 0.0
v -23.91106605529785 -42.61030578613281 0.0
v -25.147907257080078 -42.61030578613281 0.0
v -26.384750366210938 -42.61030578613281 0.0
v -27.621591567993164 -42.61030578613281 0.0
v -28.858434677124023 -42.61030578613281 0.0
v -30.09527587890625 -42.61030578613281 0.0
v -31.332117080688477 -42.61030578613281 0.0
v -32.5689582824707 -42.61030578613281 0.0
v -33.80580139160156 -42.61030578613281 0.0
v -35.04264450073242 -42.61030578613281 0.0
v -36.27948760986328 -42.61030578613281 0.0
v -37.51633071899414 -42.61030578613281 0.0
v -38.753170013427734 -42.61030578613281 0.0
v -39.990013122558594 -42.61030578613281 0.0
v -41.22685623168945 -42.61030578613281 0.0
v -42.46369552612305 -42.61030578613281 0.0
v -43.700538635253906 -42.61030578613281 0.0
v -44.937381744384766 -42.61030578613281 0.0
v -46.174224853515625 -42.61030578613281 0.0
v -47.41106414794922 -42.61030578613281 0.0
v -48.64790725708008 -42.61030578613281 0.0
v -49.88475036621094 -42.61030578613281 0.0
v -51.1215934753418 -42.61030578613281 0.0
v -52.35843276977539 -42.61030578613281 0.0
v -53.59527587890625 -42.61030578613281 0.0
v -54.83211898803711 -42.61030578613281 0.0
v -56.0689582824707 -42.61030578613281 0.0
v -57.30580139160156 -42.61030578613281 0.0
v -58.54264450073242 -42.61030578613281 0.0
v -59.77948760986328 -42.61030578613281 0.0
v -61.01633071899414 -42.61030578613281 0.0
v -62.253170013427734 -42.61030578613281 0.0
v -63.490013122558594 -42.61030578613281 0.0
v -64.72685241699219 -42.61030578613281 0.0
v -65.96369934082031 -42.61030578613281 0.0
v -67.2005386352539 -42.61030578613281 0.0
v -68.43738555908203 -42.61030578613281 0.0
v -69.67422485351562 -42.61030578613281 0.0
v -70.91106414794922 -42.61030578613281 0.0
v -72.14791107177734 -42.61030578613281 0.0
v -73.38475036621094 -42.61030578613281 0.0
v -74.62158966064453 -42.61030578613281 0.0
v -75.85843658447266 -42.61030578613281 0.0
v -77.09527587890625 -42.61030578613281 0.0
v -78.33211517333984 -42.61030578613281 0.0
v -79.56896209716797 -42.61030578613281 0.0
v -80.80580139160156 -42.61030578613281 0.0
v -82.04264831542969 -42.61030578613281 0.0
v -83.27948760986328 -42.61030578613281 0.0
v -84.51632690429688 -42.61030578613281 0.0
v -85.753173828125 -42.61030578613281 0.0
v -86.9900131225586 -42.61030578613281 0.0
v -88.22685241699219 -42.61030578613281 0.0
v -89.46369934082031 -42.61030578613281 0.0
v 3.2994608879089355 -42.61030578613281 18.65625
v 3.2994608879089355 -42.61030578613281 17.412500381469727
v 3.2994608879089355 -42.61030578613281 16.168750762939453
v 3.2994608879089355 -42.61030578613281 14.925000190734863
v 3.2994608879089355 -42.61030578613281 13.681249618530273
v 3.2994608879089355 -42.61030578613281 12.4375
v 3.2994608879089355 -42.61030578613281 11.193750381469727
v 3.2994608879089355 -42.61030578613281 9.949999809265137
v 3.2994608879089355 -42.61030578613281 8.706250190734863
v 3.2994608879089355 -42.61030578613281 7.462500095367432
v 3.2994608879089355 -42.61030578613281 6.21875
v 3.2994608879089355 -42.61030578613281 4.974999904632568
v 3.2994608879089355 -42.61030578613281 3.731250047683716
v 3.2994608879089355 -42.61030578613281 2.487499952316284
v 3.2994608879089355 -42.61030578613281 1.243749976158142
v -93.7005386352539 5.148313999176025 0.0
v -93.7005386352539 3.906934976577759 0.0
v -93.7005386352539 2.665555953979492 0.0
v -93.7005386352539 1.4241759777069092 0.0
v -93.7005386352539 0.18279699981212616 0.0
v -93.7005386352539 -1.0585819482803345 0.0
v -93.7005386352539 -2.299962043762207 0.0
v -93.7005386352539 -3.5413410663604736 0.0
v -93.7005386352539 -4.78272008895874 0.0
v -93.7005386352539 -6.024099826812744 0.0
v -93.7005386352539 -7.26547908782959 0.0
v -93.7005386352539 -8.506857872009277 0.0
v -93.7005386352539 -9.748236656188965 0.0
v -93.7005386352539 -10.989617347717285 0.0
v -93.7005386352539 -12.230996131896973 0.0
v -93.7005386352539 -13.47237491607666 0.0
v -93.7005386352539 -14.713754653930664 0.0
v -93.7005386352539 -15.955134391784668 0.0
v -93.7005386352539 -17.19651222229004 0.0
v -93.7005386352539 -18.43789291381836 0.0
v -93.7005386352539 -19.679271697998047 0.0
v -93.7005386352539 -20.920650482177734 0.0
v -93.7005386352539 -22.162031173706055 0.0
v -93.7005386352539 -23.403409957885742 0.0
v -93.7005386352539 -24.64478874206543 0.0
v -93.7005386352539 -25.88616943359375 0.0
v -93.7005386352539 -27.127548217773438 0.0
v -93.7005386352539 -28.368927001953125 0.0
v -93.7005386352539 7.605230808258057 0.1063460037112236
v -93.7005386352539 8.783835411071777 0.42215201258659363
v -93.7005386352539 9.889694213867188 0.9378219842910767
v -93.7005386352539 10.889206886291504 1.6376889944076538
v -93.7005386352539 11.752004623413086 2.5004870891571045
v -93.7005386352539 12.451870918273926 3.5
v -93.7005386352539 12.967541694641113 4.60585880279541
v -93.7005386352539 13.283348083496094 5.784462928771973
v -93.7005386352539 13.283348083496094 14.1155366897583
v -93.7005386352539 12.967541694641113 15.294140815734863
v -93.7005386352539 12.451870918273926 16.399999618530273
v -93.7005386352539 11.752004623413086 17.399513244628906
v -93.7005386352539 10.889206886291504 18.262311935424805
v -93.7005386352539 9.889694213867188 18.962177276611328
v -93.7005386352539 8.783835411071777 19.477848052978516
v -93.7005386352539 7.605230808258057 19.79365348815918
v -93.7005386352539 5.148313999176025 19.899999618530273
v -93.7005386352539 3.906934976577759 19.899999618530273
v -93.7005386352539 2.665555953979492 19.899999618530273
v -93.7005386352539 1.4241759777069092 19.899999618530273
v -93.7005386352539 0.18279699981212616 19.899999618530273
v -93.7005386352539 -1.0585819482803345 19.899999618530273
v -93.7005386352539 -2.299962043762207 19.899999618530273
v -93.7005386352539 -3.5413410663604736 19.899999618530273
v -93.7005386352539 -4.78272008895874 19.899999618530273
v -93.7005386352539 -6.024099826812744 19.899999618530273
v -93.7005386352539 -7.26547908782959 19.899999618530273
v -93.7005386352539 -8.506857872009277 19.899999618530273
v -93.7005386352539 -9.748236656188965 19.899999618530273
v -93.7005386352539 -10.989617347717285 19.899999618530273
v -93.7005386352539 -12.230996131896973 19.899999618530273
v -93.7005386352539 -13.47237491607666 19.899999618530273
v -93.7005386352539 -14.713754653930664 19.899999618530273
v -93.7005386352539 -15.955134391784668 19.899999618530273
v -93.7005386352539 -17.19651222229004 19.899999618530273
v -93.7005386352539 -18.43789291381836 19.899999618530273
v -93.7005386352539 -19.679271697998047 19.899999618530273
v -93.7005386352539 -20.920650482177734 19.899999618530273
v -93.7005386352539 -22.162031173706055 19.899999618530273
v -93.7005386352539 -23.403409957885742 19.899999618530273
v -93.7005386352539 -24.64478874206543 19.899999618530273
v -93.7005386352539 -25.88616943359375 19.899999618530273
v -93.7005386352539 -27.127548217773438 19.899999618530273
v -93.7005386352539 -28.368927001953125 19.899999618530273
v -93.7005386352539 -29.610305786132812 18.65625
v -93.7005386352539 -29.610305786132812 17.412500381469727
v -93.7005386352539 -29.610305786132812 16.168750762939453
v -93.7005386352539 -29.610305786132812 14.925000190734863
v -93.7005386352539 -29.610305786132812 13.681249618530273
v -93.7005386352539 -29.610305786132812 12.4375
v -93.7005386352539 -29.610305786132812 11.193750381469727
v -93.7005386352539 -29.610305786132812 9.949999809265137
v -93.7005386352539 -29.610305786132812 8.706250190734863
v -93.7005386352539 -29.610305786132812 7.462500095367432
v -93.7005386352539 -29.610305786132812 6.21875
v -93.7005386352539 -29.610305786132812 4.974999904632568
v -93.7005386352539 -29.610305786132812 3.731250047683716
v -93.7005386352539 -29.610305786132812 2.487499952316284
v -93.7005386352539 -29.610305786132812 1.243749976158142
v -93.7005386352539 -14.195015907287598 12.202422142028809
v -93.7005386352539 -15.064885139465332 11.5087251663208
v -93.7005386352539 -15.547625541687012 10.506301879882812
v -93.7005386352539 -15.547625541687012 9.393697738647461
v -93.7005386352539 -15.064885139465332 8.391275405883789
v -93.7005386352539 -14.195015907287598 7.697577953338623
v -93.7005386352539 -11.860305786132812 12.449999809265137
v -93.7005386352539 -10.610305786132812 12.449999809265137
v -93.7005386352539 -9.360305786132812 12.449999809265137
v -93.7005386352539 -8.110305786132812 12.449999809265137
v -93.7005386352539 -6.8603057861328125 12.449999809265137
v -93.7005386352539 -5.6103057861328125 12.449999809265137
v -93.7005386352539 -4.3603057861328125 12.449999809265137
v -93.7005386352539 -3.1103060245513916 12.449999809265137
v -93.7005386352539 -1.8603060245513916 12.449999809265137
v -93.7005386352539 -0.6103060245513916 12.449999809265137
v -93.7005386352539 0.6396939754486084 12.449999809265137
v -93.7005386352539 1.8896939754486084 12.449999809265137
v -93.7005386352539 3.1396939754486084 12.449999809265137
v -93.7005386352539 4.3896942138671875 12.449999809265137
v -93.7005386352539 5.6396942138671875 12.449999809265137
v -93.7005386352539 7.974402904510498 7.697577953338623
v -93.7005386352539 8.844271659851074 8.391275405883789
v -93.7005386352539 9.32701301574707 9.393697738647461
v -93.7005386352539 9.32701301574707 10.506301879882812
v -93.7005386352539 8.844271659851074 11.5087251663208
v -93.7005386352539 7.974402904510498 12.202422142028809
v -93.7005386352539 -11.860305786132812 7.449999809265137
v -93.7005386352539 -10.610305786132812 7.449999809265137
v -93.7005386352539 -9.360305786132812 7.449999809265137
v -93.7005386352539 -8.110305786132812 7.449999809265137
v -93.7005386352539 -6.8603057861328125 7.449999809265137
v -93.7005386352539 -5.6103057861328125 7.449999809265137
v -93.7005386352539 -4.3603057861328125 7.449999809265137
v -93.7005386352539 -3.1103060245513916 7.449999809265137
v -93.7005386352539 -1.8603060245513916 7.449999809265137
v -93.7005386352539 -0.6103060245513916 7.449999809265137
v -93.7005386352539 0.6396939754486084 7.449999809265137
v -93.7005386352539 1.8896939754486084 7.449999809265137
v -93.7005386352539 3.1396939754486084 7.449999809265137
v -93.7005386352539 4.3896942138671875 7.449999809265137
v -93.7005386352539 5.6396942138671875 7.449999809265137
v -98.7005386352539 13.283348083496094 5.784462928771973
v -98.7005386352539 12.967541694641113 4.60585880279541
v -98.7005386352539 12.451870918273926 3.5
v -98.7005386352539 11.752004623413086 2.5004870891571045
v -98.7005386352539 10.889206886291504 1.6376889944076538
v -98.7005386352539 9.889694213867188 0.9378219842910767
v -98.7005386352539 8.783835411071777 0.42215201258659363
v -98.7005386352539 7.605230808258057 0.1063460037112236
v -98.7005386352539 -33.367881774902344 0.0
v -98.7005386352539 -32.125457763671875 0.0
v -98.7005386352539 -30.883033752441406 0.0
v -98.7005386352539 -29.640609741210938 0.0
v -98.7005386352539 -28.39818572998047 0.0
v -98.7005386352539 -27.15576171875 0.0
v -98.7005386352539 -25.91333770751953 0.0
v -98.7005386352539 -24.670913696289062 0.0
v -98.7005386352539 -23.42848777770996 0.0
v -98.7005386352539 -22.186063766479492 0.0
v -98.7005386352539 -20.943639755249023 0.0
v -98.7005386352539 -19.701215744018555 0.0
v -98.7005386352539 -18.458791732788086 0.0
v -98.7005386352539 -17.216367721557617 0.0
v -98.7005386352539 -15.973942756652832 0.0
v -98.7005386352539 -14.731518745422363 0.0
v -98.7005386352539 -13.489093780517578 0.0
v -98.7005386352539 -12.24666976928711 0.0
v -98.7005386352539 -11.00424575805664 0.0
v -98.7005386352539 -9.761821746826172 0.0
v -98.7005386352539 -8.519396781921387 0.0
v -98.7005386352539 -7.276972770690918 0.0
v -98.7005386352539 -6.034549236297607 0.0
v -98.7005386352539 -4.792125225067139 0.0
v -98.7005386352539 -3.5497000217437744 0.0
v -98.7005386352539 -2.3072760105133057 0.0
v -98.7005386352539 -1.064851999282837 0.0
v -98.7005386352539 0.17757199704647064 0.0
v -98.7005386352539 1.419996976852417 0.0
v -98.7005386352539 2.6624209880828857 0.0
v -98.7005386352539 3.9048449993133545 0.0
v -98.7005386352539 5.147268772125244 0.0
v -98.7005386352539 -34.61030578613281 18.65625
v -98.7005386352539 -34.61030578613281 17.412500381469727
v -98.7005386352539 -34.61030578613281 16.168750762939453
v -98.7005386352539 -34.61030578613281 14.925000190734863
v -98.7005386352539 -34.61030578613281 13.681249618530273
v -98.7005386352539 -34.61030578613281 12.4375
v -98.7005386352539 -34.61030578613281 11.193750381469727
v -98.7005386352539 -34.61030578613281 9.949999809265137
v -98.7005386352539 -34.61030578613281 8.706250190734863
v -98.7005386352539 -34.61030578613281 7.462500095367432
v -98.7005386352539 -34.61030578613281 6.21875
v -98.7005386352539 -34.61030578613281 4.974999904632568
v -98.7005386352539 -34.61030578613281 3.731250047683716
v -98.7005386352539 -34.61030578613281 2.487499952316284
v -98.7005386352539 -34.61030578613281 1.243749976158142
v -98.7005386352539 -33.367881774902344 19.899999618530273
v -98.7005386352539 -32.125457763671875 19.899999618530273
v -98.7005386352539 -30.883033752441406 19.899999618530273
v -98.7005386352539 -29.640609741210938 19.899999618530273
v -98.7005386352539 -28.39818572998047 19.899999618530273
v -98.7005386352539 -27.15576171875 19.899999618530273
v -98.7005386352539 -25.91333770751953 19.899999618530273
v -98.7005386352539 -24.670913696289062 19.899999618530273
v -98.7005386352539 -23.42848777770996 19.899999618530273
v -98.7005386352539 -22.186063766479492 19.899999618530273
v -98.7005386352539 -20.943639755249023 19.899999618530273
v -98.7005386352539 -19.701215744018555 19.899999618530273
v -98.7005386352539 -18.458791732788086 19.899999618530273
v -98.7005386352539 -17.216367721557617 19.899999618530273
v -98.7005386352539 -15.973942756652832 19.899999618530273
v -98.7005386352539 -14.731518745422363 19.899999618530273
v -98.7005386352539 -13.489093780517578 19.899999618530273
v -98.7005386352539 -12.24666976928711 19.899999618530273
v -98.7005386352539 -11.00424575805664 19.899999618530273
v -98.7005386352539 -9.761821746826172 19.899999618530273
v -98.7005386352539 -8.519396781921387 19.899999618530273
v -98.7005386352539 -7.276972770690918 19.899999618530273
v -98.7005386352539 -6.034549236297607 19.899999618530273
v -98.7005386352539 -4.792125225067139 19.899999618530273
v -98.7005386352539 -3.5497000217437744 19.899999618530273
v -98.7005386352539 -2.3072760105133057 19.899999618530273
v -98.7005386352539 -1.064851999282837 19.899999618530273
v -98.7005386352539 0.17757199704647064 19.899999618530273
v -98.7005386352539 1.419996976852417 19.899999618530273
v -98.7005386352539 2.6624209880828857 19.899999618530273
v -98.7005386352539 3.9048449993133545 19.899999618530273
v -98.7005386352539 5.147268772125244 19.899999618530273
v -98.7005386352539 7.605230808258057 19.79365348815918
v -98.7005386352539 8.783835411071777 19.477848052978516
v -98.7005386352539 9.889694213867188 18.962177276611328
v -98.7005386352539 10.889206886291504 18.262311935424805
v -98.7005386352539 11.752004623413086 17.399513244628906
v -98.7005386352539 12.451870918273926 16.399999618530273
v -98.7005386352539 12.967541694641113 15.294140815734863
v -98.7005386352539 13.283348083496094 14.1155366897583
v -98.7005386352539 7.974402904510498 12.202422142028809
v -98.7005386352539 8.844271659851074 11.5087251663208
v -98.7005386352539 9.32701301574707 10.506301879882812
v -98.7005386352539 9.32701301574707 9.393697738647461
v -98.7005386352539 8.844271659851074 8.391275405883789
v -98.7005386352539 7.974402904510498 7.697577953338623
v -98.7005386352539 5.6396942138671875 12.449999809265137
v -98.7005386352539 4.3896942138671875 12.449999809265137
v -98.7005386352539 3.1396939754486084 12.449999809265137
v -98.7005386352539 1.8896939754486084 12.449999809265137
v -98.7005386352539 0.6396939754486084 12.449999809265137
v -98.7005386352539 -0.6103060245513916 12.449999809265137
v -98.7005386352539 -1.8603060245513916 12.449999809265137
v -98.7005386352539 -3.1103060245513916 12.449999809265137
v -98.7005386352539 -4.3603057861328125 12.449999809265137
v -98.7005386352539 -5.6103057861328125 12.449999809265137
v -98.7005386352539 -6.8603057861328125 12.449999809265137
v -98.7005386352539 -8.110305786132812 12.449999809265137
v -98.7005386352539 -9.360305786132812 12.449999809265137
v -98.7005386352539 -10.610305786132812 12.449999809265137
v -98.7005386352539 -11.860305786132812 12.449999809265137
v -98.7005386352539 -14.195015907287598 7.697577953338623
v -98.7005386352539 -15.064885139465332 8.391275405883789
v -98.7005386352539 -15.547625541687012 9.393697738647461
v -98.7005386352539 -15.547625541687012 10.506301879882812
v -98.7005386352539 -15.064885139465332 11.5087251663208
v -98.7005386352539 -14.195015907287598 12.202422142028809
v -98.7005386352539 5.6396942138671875 7.449999809265137
v -98.7005386352539 4.3896942138671875 7.449999809265137
v -98.7005386352539 3.1396939754486084 7.449999809265137
v -98.7005386352539 1.8896939754486084 7.449999809265137
v -98.7005386352539 0.6396939754486084 7.449999809265137
v -98.7005386352539 -0.6103060245513916 7.449999809265137
v -98.7005386352539 -1.8603060245513916 7.449999809265137
v -98.7005386352539 -3.1103060245513916 7.449999809265137
v -98.7005386352539 -4.3603057861328125 7.449999809265137
v -98.7005386352539 -5.6103057861328125 7.449999809265137
v -98.7005386352539 -6.8603057861328125 7.449999809265137
v -98.7005386352539 -8.110305786132812 7.449999809265137
v -98.7005386352539 -9.360305786132812 7.449999809265137
v -98.7005386352539 -10.610305786132812 7.449999809265137
v -98.7005386352539 -11.860305786132812 7.449999809265137
v 11.299461364746094 5.147268772125244 0.0
v 11.299461364746094 3.9048449993133545 0.0
v 11.299461364746094 2.6624209880828857 0.0
v 11.299461364746094 1.419996976852417 0.0
v 11.299461364746094 0.17757199704647064 0.0
v 11.299461364746094 -1.064851999282837 0.0
v 11.299461364746094 -2.3072760105133057 0.0
v 11.299461364746094 -3.5497000217437744 0.0
v 11.299461364746094 -4.792125225067139 0.0
v 11.299461364746094 -6.034549236297607 0.0
v 11.299461364746094 -7.276972770690918 0.0
v 11.299461364746094 -8.519396781921387 0.0
v 11.299461364746094 -9.761821746826172 0.0
v 11.299461364746094 -11.00424575805664 0.0
v 11.299461364746094 -12.24666976928711 0.0
v 11.299461364746094 -13.489093780517578 0.0
v 11.299461364746094 -14.731518745422363 0.0
v 11.299461364746094 -15.973942756652832 0.0
v 11.299461364746094 -17.216367721557617 0.0
v 11.299461364746094 -18.458791732788086 0.0
v 11.299461364746094 -19.701215744018555 0.0
v 11.299461364746094 -20.943639755249023 0.0
v 11.299461364746094 -22.186063766479492 0.0
v 11.299461364746094 -23.42848777770996 0.0
v 11.299461364746094 -24.670913696289062 0.0
v 11.299461364746094 -25.91333770751953 0.0
v 11.299461364746094 -27.15576171875 0.0
v 11.299461364746094 -28.39818572998047 0.0
v 11.299461364746094 -29.640609741210938 0.0
v 11.299461364746094 -30.883033752441406 0.0
v 11.299461364746094 -32.125457763671875 0.0
v 11.299461364746094 -33.367881774902344 0.0
v 11.299461364746094 7.605230808258057 0.1063460037112236
v 11.299461364746094 8.783835411071777 0.42215201258659363
v 11.299461364746094 9.889694213867188 0.9378219842910767
v 11.299461364746094 10.889206886291504 1.6376889944076538
v 11.299461364746094 11.752004623413086 2.5004870891571045
v 11.299461364746094 12.451870918273926 3.5
v 11.299461364746094 12.967541694641113 4.60585880279541
v 11.299461364746094 13.283348083496094 5.784462928771973
v 11.299461364746094 13.389694213867188 11.720000267028809
v 11.299461364746094 13.389694213867188 10.539999961853027
v 11.299461364746094 13.389694213867188 9.359999656677246
v 11.299461364746094 13.389694213867188 8.180000305175781
v 11.299461364746094 13.283348083496094 14.1155366897583
v 11.299461364746094 12.967541694641113 15.294140815734863
v 11.299461364746094 12.451870918273926 16.399999618530273
v 11.299461364746094 11.752004623413086 17.399513244628906
v 11.299461364746094 10.889206886291504 18.262311935424805
v 11.299461364746094 9.889694213867188 18.962177276611328
v 11.299461364746094 8.783835411071777 19.477848052978516
v 11.299461364746094 7.605230808258057 19.79365348815918
v 11.299461364746094 5.147268772125244 19.899999618530273
v 11.299461364746094 3.9048449993133545 19.899999618530273
v 11.299461364746094 2.6624209880828857 19.899999618530273
v 11.299461364746094 1.419996976852417 19.899999618530273
v 11.299461364746094 0.17757199704647064 19.899999618530273
v 11.299461364746094 -1.064851999282837 19.899999618530273
v 11.299461364746094 -2.3072760105133057 19.899999618530273
v 11.299461364746094 -3.5497000217437744 19.899999618530273
v 11.299461364746094 -4.792125225067139 19.899999618530273
v 11.299461364746094 -6.034549236297607 19.899999618530273
v 11.299461364746094 -7.276972770690918 19.899999618530273
v 11.299461364746094 -8.519396781921387 19.899999618530273
v 11.299461364746094 -9.761821746826172 19.899999618530273
v 11.299461364746094 -11.00424575805664 19.899999618530273
v 11.299461364746094 -12.24666976928711 19.899999618530273
v 11.299461364746094 -13.489093780517578 19.899999618530273
v 11.299461364746094 -14.731518745422363 19.899999618530273
v 11.299461364746094 -15.973942756652832 19.899999618530273
v 11.299461364746094 -17.216367721557617 19.899999618530273
v 11.299461364746094 -18.458791732788086 19.899999618530273
v 11.299461364746094 -19.701215744018555 19.899999618530273
v 11.299461364746094 -20.943639755249023 19.899999618530273
v 11.299461364746094 -22.186063766479492 19.899999618530273
v 11.299461364746094 -23.42848777770996 19.899999618530273
v 11.299461364746094 -24.670913696289062 19.899999618530273
v 11.299461364746094 -25.91333770751953 19.899999618530273
v 11.299461364746094 -27.15576171875 19.899999618530273
v 11.299461364746094 -28.39818572998047 19.899999618530273
v 11.299461364746094 -29.640609741210938 19.899999618530273
v 11.299461364746094 -30.883033752441406 19.899999618530273
v 11.299461364746094 -32.125457763671875 19.899999618530273
v 11.299461364746094 -33.367881774902344 19.899999618530273
v 11.299461364746094 -34.61030578613281 18.65625
v 11.299461364746094 -34.61030578613281 17.412500381469727
v 11.299461364746094 -34.61030578613281 16.168750762939453
v 11.299461364746094 -34.61030578613281 14.925000190734863
v 11.299461364746094 -34.61030578613281 13.681249618530273
v 11.299461364746094 -34.61030578613281 12.4375
v 11.299461364746094 -34.61030578613281 11.193750381469727
v 11.299461364746094 -34.61030578613281 9.949999809265137
v 11.299461364746094 -34.61030578613281 8.706250190734863
v 11.299461364746094 -34.61030578613281 7.462500095367432
v 11.299461364746094 -34.61030578613281 6.21875
v 11.299461364746094 -34.61030578613281 4.974999904632568
v 11.299461364746094 -34.61030578613281 3.731250047683716
v 11.299461364746094 -34.61030578613281 2.487499952316284
v 11.299461364746094 -34.61030578613281 1.243749976158142
v 11.299461364746094 -14.195015907287598 12.202422142028809
v 11.299461364746094 -15.064885139465332 11.5087251663208
v 11.299461364746094 -15.547625541687012 10.506301879882812
v 11.299461364746094 -15.547625541687012 9.393697738647461
v 11.299461364746094 -15.064885139465332 8.391275405883789
v 11.299461364746094 -14.195015907287598 7.697577953338623
v 11.299461364746094 -11.860305786132812 12.449999809265137
v 11.299461364746094 -10.610305786132812 12.449999809265137
v 11.299461364746094 -9.360305786132812 12.449999809265137
v 11.299461364746094 -8.110305786132812 12.449999809265137
v 11.299461364746094 -6.8603057861328125 12.449999809265137
v 11.299461364746094 -5.6103057861328125 12.449999809265137
v 11.299461364746094 -4.3603057861328125 12.449999809265137
v 11.299461364746094 -3.1103060245513916 12.449999809265137
v 11.299461364746094 -1.8603060245513916 12.449999809265137
v 11.299461364746094 -0.6103060245513916 12.449999809265137
v 11.299461364746094 0.6396939754486084 12.449999809265137
v 11.299461364746094 1.8896939754486084 12.449999809265137
v 11.299461364746094 3.1396939754486084 12.449999809265137
v 11.299461364746094 4.3896942138671875 12.449999809265137
v 11.299461364746094 5.6396942138671875 12.449999809265137
v 11.299461364746094 7.974402904510498 7.697577953338623
v 11.299461364746094 8.844271659851074 8.391275405883789
v 11.299461364746094 9.32701301574707 9.393697738647461
v 11.299461364746094 9.32701301574707 10.506301879882812
v 11.299461364746094 8.844271659851074 11.5087251663208
v 11.299461364746094 7.974402904510498 12.202422142028809
v 11.299461364746094 -11.860305786132812 7.449999809265137
v 11.299461364746094 -10.610305786132812 7.449999809265137
v 11.299461364746094 -9.360305786132812 7.449999809265137
v 11.299461364746094 -8.110305786132812 7.449999809265137
v 11.299461364746094 -6.8603057861328125 7.449999809265137
v 11.299461364746094 -5.6103057861328125 7.449999809265137
v 11.299461364746094 -4.3603057861328125 7.449999809265137
v 11.299461364746094 -3.1103060245513916 7.449999809265137
v 11.299461364746094 -1.8603060245513916 7.449999809265137
v 11.299461364746094 -0.6103060245513916 7.449999809265137
v 11.299461364746094 0.6396939754486084 7.449999809265137
v 11.299461364746094 1.8896939754486084 7.449999809265137
v 11.299461364746094 3.1396939754486084 7.449999809265137
v 11.299461364746094 4.3896942138671875 7.449999809265137
v 11.299461364746094 5.6396942138671875 7.449999809265137
v 7.5494608879089355 13.389694213867188 7.0
v 8.799461364746094 13.389694213867188 7.0
v 10.049461364746094 13.389694213867188 7.0
v 6.2994608879089355 13.389694213867188 11.720000267028809
v 6.2994608879089355 13.389694213867188 10.539999961853027
v 6.2994608879089355 13.389694213867188 9.359999656677246
v 6.2994608879089355 13.389694213867188 8.180000305175781
v 7.5494608879089355 13.389694213867188 12.899999618530273
v 8.799461364746094 13.389694213867188 12.899999618530273
v 10.049461364746094 13.389694213867188 12.899999618530273
v 6.2994608879089355 13.283348083496094 5.784462928771973
v 6.2994608879089355 12.967541694641113 4.60585880279541
v 6.2994608879089355 12.451870918273926 3.5
v 6.2994608879089355 11.752004623413086 2.5004870891571045
v 6.2994608879089355 10.889206886291504 1.6376889944076538
v 6.2994608879089355 9.889694213867188 0.9378219842910767
v 6.2994608879089355 8.783835411071777 0.42215201258659363
v 6.2994608879089355 7.605230808258057 0.1063460037112236
v 6.2994608879089355 -28.368927001953125 0.0
v 6.2994608879089355 -27.127548217773438 0.0
v 6.2994608879089355 -25.88616943359375 0.0
v 6.2994608879089355 -24.64478874206543 0.0
v 6.2994608879089355 -23.403409957885742 0.0
v 6.2994608879089355 -22.162031173706055 0.0
v 6.2994608879089355 -20.920650482177734 0.0
v 6.2994608879089355 -19.679271697998047 0.0
v 6.2994608879089355 -18.43789291381836 0.0
v 6.2994608879089355 -17.19651222229004 0.0
v 6.2994608879089355 -15.955134391784668 0.0
v 6.2994608879089355 -14.713754653930664 0.0
v 6.2994608879089355 -13.47237491607666 0.0
v 6.2994608879089355 -12.230996131896973 0.0
v 6.2994608879089355 -10.989617347717285 0.0
v 6.2994608879089355 -9.748236656188965 0.0
v 6.2994608879089355 -8.506857872009277 0.0
v 6.2994608879089355 -7.26547908782959 0.0
v 6.2994608879089355 -6.024099826812744 0.0
v 6.2994608879089355 -4.78272008895874 0.0
v 6.2994608879089355 -3.5413410663604736 0.0
v 6.2994608879089355 -2.299962043762207 0.0
v 6.2994608879089355 -1.0585819482803345 0.0
v 6.2994608879089355 0.18279699981212616 0.0
v 6.2994608879089355 1.4241759777069092 0.0
v 6.2994608879089355 2.665555953979492 0.0
v 6.2994608879089355 3.906934976577759 0.0
v 6.2994608879089355 5.148313999176025 0.0
v 6.2994608879089355 -29.610305786132812 18.65625
v 6.2994608879089355 -29.610305786132812 17.412500381469727
v 6.2994608879089355 -29.610305786132812 16.168750762939453
v 6.2994608879089355 -29.610305786132812 14.925000190734863
v 6.2994608879089355 -29.610305786132812 13.681249618530273
v 6.2994608879089355 -29.610305786132812 12.4375
v 6.2994608879089355 -29.610305786132812 11.193750381469727
v 6.2994608879089355 -29.610305786132812 9.949999809265137
v 6.2994608879089355 -29.610305786132812 8.706250190734863
v 6.2994608879089355 -29.610305786132812 7.462500095367432
v 6.2994608879089355 -29.610305786132812 6.21875
v 6.2994608879089355 -29.610305786132812 4.974999904632568
v 6.2994608879089355 -29.610305786132812 3.731250047683716
v 6.2994608879089355 -29.610305786132812 2.487499952316284
v 6.2994608879089355 -29.610305786132812 1.243749976158142
v 6.2994608879089355 -28.368927001953125 19.899999618530273
v 6.2994608879089355 -27.127548217773438 19.899999618530273
v 6.2994608879089355 -25.88616943359375 19.899999618530273
v 6.2994608879089355 -24.64478874206543 19.899999618530273
v 6.2994608879089355 -23.403409957885742 19.899999618530273
v 6.2994608879089355 -22.162031173706055 19.899999618530273
v 6.2994608879089355 -20.920650482177734 19.899999618530273
v 6.2994608879089355 -19.679271697998047 19.899999618530273
v 6.2994608879089355 -18.43789291381836 19.899999618530273
v 6.2994608879089355 -17.19651222229004 19.899999618530273
v 6.2994608879089355 -15.955134391784668 19.899999618530273
v 6.2994608879089355 -14.713754653930664 19.899999618530273
v 6.2994608879089355 -13.47237491607666 19.899999618530273
v 6.2994608879089355 -12.230996131896973 19.899999618530273
v 6.2994608879089355 -10.989617347717285 19.899999618530273
v 6.2994608879089355 -9.748236656188965 19.899999618530273
v 6.2994608879089355 -8.506857872009277 19.899999618530273
v 6.2994608879089355 -7.26547908782959 19.899999618530273
v 6.2994608879089355 -6.024099826812744 19.899999618530273
v 6.2994608879089355 -4.78272008895874 19.899999618530273
v 6.2994608879089355 -3.5413410663604736 19.899999618530273
v 6.2994608879089355 -2.299962043762207 19.899999618530273
v 6.2994608879089355 -1.0585819482803345 19.899999618530273
v 6.2994608879089355 0.18279699981212616 19.899999618530273
v 6.2994608879089355 1.4241759777069092 19.899999618530273
v 6.2994608879089355 2.665555953979492 19.899999618530273
v 6.2994608879089355 3.906934976577759 19.899999618530273
v 6.2994608879089355 5.148313999176025 19.899999618530273
v 6.2994608879089355 7.605230808258057 19.79365348815918
v 6.2994608879089355 8.783835411071777 19.477848052978516
v 6.2994608879089355 9.889694213867188 18.962177276611328
v 6.2994608879089355 10.889206886291504 18.262311935424805
v 6.2994608879089355 11.752004623413086 17.399513244628906
v 6.2994608879089355 12.451870918273926 16.399999618530273
v 6.2994608879089355 12.967541694641113 15.294140815734863
v 6.2994608879089355 13.283348083496094 14.1155366897583
v 6.2994608879089355 7.974402904510498 12.202422142028809
v 6.2994608879089355 8.844271659851074 11.5087251663208
v 6.2994608879089355 9.32701301574707 10.506301879882812
v 6.2994608879089355 9.32701301574707 9.393697738647461
v 6.2994608879089355 8.844271659851074 8.391275405883789
v 6.2994608879089355 7.974402904510498 7.697577953338623
v 6.2994608879089355 5.6396942138671875 12.449999809265137
v 6.2994608879089355 4.3896942138671875 12.449999809265137
v 6.2994608879089355 3.1396939754486084 12.449999809265137
v 6.2994608879089355 1.8896939754486084 12.449999809265137
v 6.2994608879089355 0.6396939754486084 12.449999809265137
v 6.2994608879089355 -0.6103060245513916 12.449999809265137
v 6.2994608879089355 -1.8603060245513916 12.449999809265137
v 6.2994608879089355 -3.1103060245513916 12.449999809265137
v 6.2994608879089355 -4.3603057861328125 12.449999809265137
v 6.2994608879089355 -5.6103057861328125 12.449999809265137
v 6.2994608879089355 -6.8603057861328125 12.449999809265137
v 6.2994608879089355 -8.110305786132812 12.449999809265137
v 6.2994608879089355 -9.360305786132812 12.449999809265137
v 6.2994608879089355 -10.610305786132812 12.449999809265137
v 6.2994608879089355 -11.860305786132812 12.449999809265137
v 6.2994608879089355 -14.195015907287598 7.697577953338623
v 6.2994608879089355 -15.064885139465332 8.391275405883789
v 6.2994608879089355 -15.547625541687012 9.393697738647461
v 6.2994608879089355 -15.547625541687012 10.506301879882812
v 6.2994608879089355 -15.064885139465332 11.5087251663208
v 6.2994608879089355 -14.195015907287598 12.202422142028809
v 6.2994608879089355 5.6396942138671875 7.449999809265137
v 6.2994608879089355 4.3896942138671875 7.449999809265137
v 6.2994608879089355 3.1396939754486084 7.449999809265137
v 6.2994608879089355 1.8896939754486084 7.449999809265137
v 6.2994608879089355 0.6396939754486084 7.449999809265137
v 6.2994608879089355 -0.6103060245513916 7.449999809265137
v 6.2994608879089355 -1.8603060245513916 7.449999809265137
v 6.2994608879089355 -3.1103060245513916 7.449999809265137
v 6.2994608879089355 -4.3603057861328125 7.449999809265137
v 6.2994608879089355 -5.6103057861328125 7.449999809265137
v 6.2994608879089355 -6.8603057861328125 7.449999809265137
v 6.2994608879089355 -8.110305786132812 7.449999809265137
v 6.2994608879089355 -9.360305786132812 7.449999809265137
v 6.2994608879089355 -10.610305786132812 7.449999809265137
v 6.2994608879089355 -11.860305786132812 7.449999809265137
v 7.5494608879089355 6.3896942138671875 0.0
v 8.799461364746094 6.3896942138671875 0.0
v 10.049461364746094 6.3896942138671875 0.0
v 4.437979221343994 -42.52887725830078 0.0
v 5.55332088470459 -42.286251068115234 0.0
v 6.622780799865723 -41.88736343383789 0.0
v 7.624587059020996 -41.340335845947266 0.0
v 8.538346290588379 -40.65630340576172 0.0
v 9.345457077026367 -39.84919357299805 0.0
v 10.029488563537598 -38.93543243408203 0.0
v 10.576517105102539 -37.93362808227539 0.0
v 10.975403785705566 -36.864166259765625 0.0
v 11.218031883239746 -35.74882507324219 0.0
v -98.61911010742188 -35.74882507324219 0.0
v -98.37648010253906 -36.864166259765625 0.0
v -97.97759246826172 -37.93362808227539 0.0
v -97.4305648803711 -38.93543243408203 0.0
v -96.74653625488281 -39.84919357299805 0.0
v -95.93942260742188 -40.65630340576172 0.0
v -95.02566528320312 -41.340335845947266 0.0
v -94.02385711669922 -41.88736343383789 0.0
v -92.95439910888672 -42.286251068115234 0.0
v -91.83905792236328 -42.52887725830078 0.0
v -97.4505386352539 6.3896942138671875 0.0
v -96.2005386352539 6.3896942138671875 0.0
v -94.9505386352539 6.3896942138671875 0.0
v -93.61911010742188 -30.748825073242188 0.0
v -93.37648010253906 -31.864166259765625 0.0
v -92.97759246826172 -32.93362808227539 0.0
v -92.4305648803711 -33.93543243408203 0.0
v -91.74653625488281 -34.84919357299805 0.0
v -90.93942260742188 -35.65630340576172 0.0
v -90.02566528320312 -36.340335845947266 0.0
v -89.02385711669922 -36.88736343383789 0.0
v -87.95439910888672 -37.286251068115234 0.0
v -86.83905792236328 -37.52887725830078 0.0
v -0.562021017074585 -37.52887725830078 0.0
v 0.5533210039138794 -37.286251068115234 0.0
v 1.6227810382843018 -36.88736343383789 0.0
v 2.624587059020996 -36.340335845947266 0.0
v 3.5383460521698 -35.65630340576172 0.0
v 4.345457077026367 -34.84919357299805 0.0
v 5.029489040374756 -33.93543243408203 0.0
v 5.576517105102539 -32.93362808227539 0.0
v 5.975403785705566 -31.864166259765625 0.0
v 6.218031883239746 -30.748825073242188 0.0
v 7.5494608879089355 6.3896942138671875 19.899999618530273
v 8.799461364746094 6.3896942138671875 19.899999618530273
v 10.049461364746094 6.3896942138671875 19.899999618530273
v -0.562021017074585 -37.52887725830078 19.899999618530273
v 0.5533210039138794 -37.286251068115234 19.899999618530273
v 1.6227810382843018 -36.88736343383789 19.899999618530273
v 2.624587059020996 -36.340335845947266 19.899999618530273
v 3.5383460521698 -35.65630340576172 19.899999618530273
v 4.345457077026367 -34.84919357299805 19.899999618530273
v 5.029489040374756 -33.93543243408203 19.899999618530273
v 5.576517105102539 -32.93362808227539 19.899999618530273
v 5.975403785705566 -31.864166259765625 19.899999618530273
v 6.218031883239746 -30.748825073242188 19.899999618530273
v -93.61911010742188 -30.748825073242188 19.899999618530273
v -93.37648010253906 -31.864166259765625 19.899999618530273
v -92.97759246826172 -32.93362808227539 19.899999618530273
v -92.4305648803711 -33.93543243408203 19.899999618530273
v -91.74653625488281 -34.84919357299805 19.899999618530273
v -90.93942260742188 -35.65630340576172 19.899999618530273
v -90.02566528320312 -36.340335845947266 19.899999618530273
v -89.02385711669922 -36.88736343383789 19.899999618530273
v -87.95439910888672 -37.286251068115234 19.899999618530273
v -86.83905792236328 -37.52887725830078 19.899999618530273
v -97.4505386352539 6.3896942138671875 19.899999618530273
v -96.2005386352539 6.3896942138671875 19.899999618530273
v -94.9505386352539 6.3896942138671875 19.899999618530273
v -98.61911010742188 -35.74882507324219 19.899999618530273
v -98.37648010253906 -36.864166259765625 19.899999618530273
v -97.97759246826172 -37.93362808227539 19.899999618530273
v -97.4305648803711 -38.93543243408203 19.899999618530273
v -96.74653625488281 -39.84919357299805 19.899999618530273
v -95.93942260742188 -40.65630340576172 19.899999618530273
v -95.02566528320312 -41.340335845947266 19.899999618530273
v -94.02385711669922 -41.88736343383789 19.899999618530273
v -92.95439910888672 -42.286251068115234 19.899999618530273
v -91.83905792236328 -42.52887725830078 19.899999618530273
v 4.437979221343994 -42.52887725830078 19.899999618530273
v 5.55332088470459 -42.286251068115234 19.899999618530273
v 6.622780799865723 -41.88736343383789 19.899999618530273
v 7.624587059020996 -41.340335845947266 19.899999618530273
v 8.538346290588379 -40.65630340576172 19.899999618530273
v 9.345457077026367 -39.84919357299805 19.899999618530273
v 10.029488563537598 -38.93543243408203 19.899999618530273
v 10.576517105102539 -37.93362808227539 19.899999618530273
v 10.975403785705566 -36.864166259765625 19.899999618530273
v 11.218031883239746 -35.74882507324219 19.899999618530273
v -94.9505386352539 -13.110305786132812 12.449999809265137
v -96.2005386352539 -13.110305786132812 12.449999809265137
v -97.4505386352539 -13.110305786132812 12.449999809265137
v -94.9505386352539 6.8896942138671875 12.449999809265137
v -96.2005386352539 6.8896942138671875 12.449999809265137
v -97.4505386352539 6.8896942138671875 12.449999809265137
v -94.9505386352539 6.8896942138671875 7.449999809265137
v -96.2005386352539 6.8896942138671875 7.449999809265137
v -97.4505386352539 6.8896942138671875 7.449999809265137
v -94.9505386352539 -13.110305786132812 7.449999809265137
v -96.2005386352539 -13.110305786132812 7.449999809265137
v -97.4505386352539 -13.110305786132812 7.449999809265137
v -12.72573184967041 -40.41697311401367 9.949999809265137
v -12.72573184967041 -41.513641357421875 9.949999809265137
v -12.339706420898438 -39.32030487060547 11.010600090026855
v -11.362252235412598 -39.32030487060547 11.574933052062988
v -10.250732421875 -39.32030487060547 11.378941535949707
v -9.525238990783691 -39.32030487060547 10.51433277130127
v -9.525238990783691 -39.32030487060547 9.385666847229004
v -10.250732421875 -39.32030487060547 8.521058082580566
v -11.362252235412598 -39.32030487060547 8.325066566467285
v -12.339706420898438 -39.32030487060547 8.889399528503418
v -13.580732345581055 -38.46530532836914 9.949999809265137
v -27.725732803344727 -40.41697311401367 9.949999809265137
v -27.725732803344727 -41.513641357421875 9.949999809265137
v -27.339706420898438 -39.32030487060547 11.010600090026855
v -26.36225128173828 -39.32030487060547 11.574933052062988
v -25.250732421875 -39.32030487060547 11.378941535949707
v -24.525239944458008 -39.32030487060547 10.51433277130127
v -24.525239944458008 -39.32030487060547 9.385666847229004
v -25.250732421875 -39.32030487060547 8.521058082580566
v -26.36225128173828 -39.32030487060547 8.325066566467285
v -27.339706420898438 -39.32030487060547 8.889399528503418
v -28.580732345581055 -38.46530532836914 9.949999809265137
v 10.049461364746094 -13.110305786132812 12.449999809265137
v 8.799461364746094 -13.110305786132812 12.449999809265137
v 7.5494608879089355 -13.110305786132812 12.449999809265137
v 10.049461364746094 -13.110305786132812 7.449999809265137
v 8.799461364746094 -13.110305786132812 7.449999809265137
v 7.5494608879089355 -13.110305786132812 7.449999809265137
v 10.049461364746094 6.8896942138671875 7.449999809265137
v 8.799461364746094 6.8896942138671875 7.449999809265137
v 7.5494608879089355 6.8896942138671875 7.449999809265137
v 10.049461364746094 6.8896942138671875 12.449999809265137
v 8.799461364746094 6.8896942138671875 12.449999809265137
v 7.5494608879089355 6.8896942138671875 12.449999809265137
v -64.08300018310547 -37.61030578613281 10.183162689208984
v -41.847599029541016 -37.61030578613281 9.949999809265137
v -75.26073455810547 -37.61030578613281 9.84371566772461
v -52.96524429321289 -37.61030578613281 9.949999809265137
v -35.736114501953125 -37.61030578613281 6.78425407409668
v -35.45692825317383 -37.61030578613281 13.33969497680664
v -69.59915161132812 -37.61030578613281 13.330534934997559
v -69.70531463623047 -37.61030578613281 6.479618072509766
v -58.524070739746094 -37.61030578613281 13.372209548950195
v -58.76900100708008 -37.61030578613281 6.648434162139893
v -47.46207046508789 -37.61030578613281 6.597198963165283
v -47.39695739746094 -37.61030578613281 13.293414115905762
v -79.68006896972656 -37.61030578613281 13.97222900390625
v -79.70809173583984 -37.61030578613281 6.1207709312438965
v -18.526899337768555 -37.61030578613281 5.422737121582031
v -18.526899337768555 -37.61030578613281 14.477263450622559
v -40.648075103759766 -37.61030578613281 5.079728126525879
v -40.5748176574707 -37.61030578613281 14.790452003479004
v -65.0472412109375 -37.61030578613281 5.2338151931762695
v -65.0472412109375 -37.61030578613281 14.66618537902832
v -74.25177764892578 -37.61030578613281 14.833146095275879
v -74.369384765625 -37.61030578613281 4.911341190338135
v -53.62043380737305 -37.61030578613281 14.714893341064453
v -53.555259704589844 -37.61030578613281 4.942062854766846
v -31.856597900390625 -37.61030578613281 4.35169792175293
v -31.61185646057129 -37.61030578613281 15.436320304870605
v -6.142457962036133 -37.61030578613281 15.502458572387695
v -6.142457962036133 -37.61030578613281 4.397541046142578
v -81.52274322509766 -37.61030578613281 9.789987564086914
v -18.627197265625 -37.61030578613281 9.949999809265137
v -33.516658782958984 -37.61030578613281 10.246825218200684
v -44.264862060546875 -37.61030578613281 15.865193367004395
v -44.26569366455078 -37.61030578613281 4.034392833709717
v -37.909751892089844 -37.61030578613281 10.128255844116211
v -22.13216209411621 -37.61030578613281 3.901578903198242
v -22.245403289794922 -37.61030578613281 15.948908805847168
v -14.828984260559082 -37.61030578613281 16.001815795898438
v -14.828984260559082 -37.61030578613281 3.898184061050415
v -60.28376770019531 -37.61030578613281 10.000843048095703
v -67.91571807861328 -37.61030578613281 9.949999809265137
v -45.7936897277832 -37.61030578613281 9.997469902038574
v -61.2308464050293 -37.61030578613281 3.820810079574585
v -61.2308464050293 -37.61030578613281 16.07918930053711
v -50.139183044433594 -37.61030578613281 3.937117099761963
v -50.11153030395508 -37.61030578613281 16.00436782836914
v -71.5581283569336 -37.61030578613281 10.259305953979492
v -56.6076545715332 -37.61030578613281 10.259305953979492
v -49.322837829589844 -37.61030578613281 10.259305953979492
v -37.30715560913086 -37.61030578613281 3.7286529541015625
v -28.445768356323242 -37.61030578613281 3.5125410556793213
v -28.293901443481445 -37.61030578613281 16.41597557067871
v -82.19297790527344 -37.61030578613281 16.391006469726562
v -82.19297790527344 -37.61030578613281 3.508992910385132
v -37.399871826171875 -37.61030578613281 16.40864372253418
v -67.96538543701172 -37.61030578613281 3.528182029724121
v -68.01300048828125 -37.61030578613281 16.42261505126953
v -56.87546920776367 -37.61030578613281 3.4589879512786865
v -56.87546920776367 -37.61030578613281 16.441011428833008
v -51.0572624206543 -37.61030578613281 7.2350921630859375
v -77.45055389404297 -37.61030578613281 3.4089291095733643
v -77.53483581542969 -37.61030578613281 16.496932983398438
v -62.27634048461914 -37.61030578613281 7.190256118774414
v -62.14182662963867 -37.61030578613281 12.780632019042969
v -71.47052001953125 -37.61030578613281 3.490143060684204
v -71.37162780761719 -37.61030578613281 16.373239517211914
v -9.280332565307617 -37.61030578613281 16.485870361328125
v -9.280332565307617 -37.61030578613281 3.4141290187835693
v -43.69309616088867 -37.61030578613281 7.281339168548584
v -43.92454147338867 -37.61030578613281 12.744243621826172
v -5.052309989929199 -37.61030578613281 12.674930572509766
v -5.052491188049316 -37.61030578613281 7.231672763824463
v -51.20890808105469 -37.61030578613281 13.031817436218262
v -78.59199523925781 -37.61030578613281 10.835580825805664
v -25.2540225982666 -37.61030578613281 3.2054169178009033
v -76.7482681274414 -37.61030578613281 7.167805194854736
v -25.105215072631836 -37.61030578613281 16.73113441467285
v -82.61537170410156 -37.61030578613281 7.090668201446533
v -82.559814453125 -37.61030578613281 12.83390998840332
v -34.32148361206055 -37.61030578613281 16.828367233276367
v -55.50741195678711 -37.61030578613281 7.436408996582031
v -72.56524658203125 -37.61030578613281 7.502013206481934
v -47.171653747558594 -37.61030578613281 17.03000259399414
v -47.17168045043945 -37.61030578613281 2.86966609954834
v -34.305023193359375 -37.61030578613281 3.2195188999176025
v -32.0938835144043 -37.61030578613281 7.584323883056641
v -12.187921524047852 -37.61030578613281 2.9320080280303955
v -12.187921524047852 -37.61030578613281 16.967992782592773
v -65.99628448486328 -37.61030578613281 12.09422492980957
v -65.88229370117188 -37.61030578613281 7.55983304977417
v -31.814455032348633 -37.61030578613281 12.501968383789062
v -38.84685516357422 -37.61030578613281 7.178708076477051
v -20.502830505371094 -37.61030578613281 7.652224063873291
v -20.502830505371094 -37.61030578613281 12.24777603149414
v -76.8398666381836 -37.61030578613281 13.385164260864258
v -16.843473434448242 -37.61030578613281 7.7469282150268555
v -16.86271095275879 -37.61030578613281 12.175651550292969
v -38.51070785522461 -37.61030578613281 12.89175033569336
v -19.450294494628906 -37.61030578613281 3.012953042984009
v -19.447546005249023 -37.61030578613281 16.884124755859375
v -73.53307342529297 -37.61030578613281 12.168709754943848
v -55.847660064697266 -37.61030578613281 12.9344482421875
v -41.83296585083008 -37.61030578613281 17.326025009155273
v -41.92719268798828 -37.61030578613281 2.68904709815979
v -63.620140075683594 -37.61030578613281 17.186960220336914
v -63.620140075683594 -37.61030578613281 2.713038921356201
v -52.70417022705078 -37.61030578613281 2.647650957107544
v -52.50485610961914 -37.61030578613281 17.244295120239258
v -4.317690849304199 -37.61030578613281 9.949999809265137
v -79.06816101074219 -37.61030578613281 8.417760848999023
v -75.04595947265625 -37.61030578613281 17.378908157348633
v -75.04595947265625 -37.61030578613281 2.521091938018799
v -40.83008575439453 -37.61030578613281 12.355853080749512
v -79.8414077758789 -37.61030578613281 17.37189292907715
v -79.8414077758789 -37.61030578613281 2.5281078815460205
v -41.2481689453125 -37.61030578613281 7.347391128540039
v -17.02686882019043 -37.61030578613281 17.444793701171875
v -17.02686882019043 -37.61030578613281 2.455207109451294
v -59.06475067138672 -37.61030578613281 2.284766912460327
v -59.06475067138672 -37.61030578613281 17.615232467651367
v -4.026133060455322 -37.61030578613281 17.333457946777344
v -4.026133060455322 -37.61030578613281 2.5665431022644043
v -39.52997589111328 -37.61030578613281 2.271549940109253
v -72.00569152832031 -37.61030578613281 14.207626342773438
v -30.72734832763672 -37.61030578613281 2.6107370853424072
v -30.45112419128418 -37.61030578613281 17.50661277770996
v -39.53498077392578 -37.61030578613281 17.53173065185547
v -53.10994338989258 -37.61030578613281 12.136805534362793
v -35.684364318847656 -37.61030578613281 9.219427108764648
v -29.604562759399414 -37.61030578613281 5.460375785827637
v -67.3801040649414 -37.61030578613281 5.709056854248047
v -67.34756469726562 -37.61030578613281 14.105937004089355
v -29.477584838867188 -37.61030578613281 14.489911079406738
v -53.02690124511719 -37.61030578613281 7.921454906463623
v -6.92642879486084 -37.61030578613281 17.86792755126953
v -6.92642879486084 -37.61030578613281 2.032072067260742
v -65.7790756225586 -37.61030578613281 17.78855323791504
v -65.7790756225586 -37.61030578613281 2.1114470958709717
v -54.822208404541016 -37.61030578613281 2.3389029502868652
v -54.75532913208008 -37.61030578613281 17.70342445373535
v -34.103511810302734 -37.61030578613281 5.215194225311279
v -3.907459020614624 -37.61030578613281 14.396249771118164
v -3.907459020614624 -37.61030578613281 5.503749847412109
v -15.197622299194336 -37.61030578613281 13.750398635864258
v -15.197622299194336 -37.61030578613281 6.149600982666016
v -33.49338150024414 -37.61030578613281 14.04195785522461
v -22.08286476135254 -37.61030578613281 13.685917854309082
v -22.082260131835938 -37.61030578613281 6.214588165283203
v -58.43532180786133 -37.61030578613281 8.71489143371582
v -47.546905517578125 -37.61030578613281 8.75058364868164
v -69.93619537353516 -37.61030578613281 8.853326797485352
v -7.0033040046691895 -37.61030578613281 13.580180168151855
v -7.004147052764893 -37.61030578613281 6.319580078125
v -83.56121063232422 -37.61030578613281 10.699604988098145
v -42.72394561767578 -37.61030578613281 14.628074645996094
v -42.68607711791992 -37.61030578613281 5.334537029266357
v -74.6773452758789 -37.61030578613281 7.8373517990112305
v -23.36557960510254 -37.61030578613281 2.1358020305633545
v -39.867313385009766 -37.61030578613281 9.0578031539917
v -80.25155639648438 -37.61030578613281 11.92747688293457
v -23.291614532470703 -37.61030578613281 17.794830322265625
v -13.049884796142578 -37.61030578613281 15.050048828125
v -13.049884796142578 -37.61030578613281 4.849950790405273
v -69.68978118896484 -37.61030578613281 11.088665008544922
v -58.524070739746094 -37.61030578613281 11.225852012634277
v -47.46879959106445 -37.61030578613281 11.096041679382324
v -23.982498168945312 -37.61030578613281 14.975749015808105
v -24.116466522216797 -37.61030578613281 4.8037428855896
v -71.42176055908203 -37.61030578613281 5.416738986968994
v -45.38444137573242 -37.61030578613281 14.071828842163086
v -45.21879196166992 -37.61030578613281 5.908751010894775
v -83.58183288574219 -37.61030578613281 14.730903625488281
v -83.58183288574219 -37.61030578613281 5.169095993041992
v -35.13861846923828 -37.61030578613281 11.38739013671875
v -69.66959381103516 -37.61030578613281 17.764345169067383
v -69.66959381103516 -37.61030578613281 2.1356539726257324
v -20.674226760864258 -37.61030578613281 9.949999809265137
v -33.89271545410156 -37.61030578613281 8.140626907348633
v -59.242431640625 -37.61030578613281 15.360678672790527
v -59.242431640625 -37.61030578613281 4.539320945739746
v -45.32566452026367 -37.61030578613281 17.827564239501953
v -55.84191131591797 -37.61030578613281 5.296957015991211
v -45.32634735107422 -37.61030578613281 2.072129964828491
v -60.335968017578125 -37.61030578613281 7.849960803985596
v -16.538410186767578 -37.61030578613281 9.87430477142334
v -51.66689682006836 -37.61030578613281 5.232244968414307
v -26.998035430908203 -37.61030578613281 1.8749510049819946
v -49.36241149902344 -37.61030578613281 14.12314224243164
v -49.53961944580078 -37.61030578613281 5.779698848724365
v -77.15677642822266 -37.61030578613281 9.205709457397461
v -32.372013092041016 -37.61030578613281 17.911115646362305
v -72.98310089111328 -37.61030578613281 17.927614212036133
v -73.0176773071289 -37.61030578613281 2.054861068725586
v -45.73215866088867 -37.61030578613281 7.91441011428833
v -83.73536682128906 -37.61030578613281 17.9913387298584
v -83.73536682128906 -37.61030578613281 1.9086610078811646
v -49.05500411987305 -37.61030578613281 17.86540985107422
v -49.05551528930664 -37.61030578613281 2.0343921184539795
v -10.989754676818848 -37.61030578613281 15.324175834655762
v -10.989754676818848 -37.61030578613281 4.575823783874512
v -61.9444694519043 -37.61030578613281 9.076106071472168
v -62.85860824584961 -37.61030578613281 5.097657203674316
v -62.85837936401367 -37.61030578613281 14.783546447753906
v -37.44084930419922 -37.61030578613281 5.608452796936035
v -31.387008666992188 -37.61030578613281 9.436640739440918
v -26.88117218017578 -37.61030578613281 18.038665771484375
v -67.88152313232422 -37.61030578613281 7.823241233825684
v -14.045486450195312 -37.61030578613281 2.045125961303711
v -14.045486450195312 -37.61030578613281 17.854873657226562
v -43.76401138305664 -37.61030578613281 9.261411666870117
v -51.15201950073242 -37.61030578613281 9.117121696472168
v -26.606531143188477 -37.61030578613281 4.693251132965088
v -26.59275245666504 -37.61030578613281 15.312678337097168
v -76.43412017822266 -37.61030578613281 5.164068222045898
v -69.73323059082031 -37.61030578613281 4.45639181137085
v -69.74124145507812 -37.61030578613281 15.331815719604492
v -75.41191864013672 -37.61030578613281 11.798165321350098
v -54.85821533203125 -37.61030578613281 9.259533882141113
v -51.740379333496094 -37.61030578613281 14.893692016601562
v -64.1300277709961 -37.61030578613281 6.882946014404297
v -64.13766479492188 -37.61030578613281 13.031407356262207
v -21.36663818359375 -37.61030578613281 2.0055840015411377
v -60.28411865234375 -37.61030578613281 12.1532621383667
v -35.70336151123047 -37.61030578613281 15.483637809753418
v -32.587608337402344 -37.61030578613281 2.0004029273986816
v -73.35485076904297 -37.61030578613281 9.429086685180664
v -36.06837844848633 -37.61030578613281 17.911035537719727
v -71.36308288574219 -37.61030578613281 12.234914779663086
v -20.46523094177246 -37.61030578613281 4.976603984832764
v -20.46523094177246 -37.61030578613281 14.923396110534668
v -8.881498336791992 -37.61030578613281 14.547890663146973
v -8.881498336791992 -37.61030578613281 5.352108955383301
v -83.70655822753906 -37.61030578613281 8.76046085357666
v -36.075660705566406 -37.61030578613281 2.003325939178467
v -21.32410430908203 -37.61030578613281 17.924335479736328
v -61.565040588378906 -37.61030578613281 17.958511352539062
v -61.565040588378906 -37.61030578613281 1.9414880275726318
v -81.59414672851562 -37.61030578613281 14.504640579223633
v -81.59414672851562 -37.61030578613281 5.395359039306641
v -45.665809631347656 -37.61030578613281 12.135574340820312
v -67.98078918457031 -37.61030578613281 12.289450645446777
v -16.84229278564453 -37.61030578613281 4.436669826507568
v -16.84229278564453 -37.61030578613281 15.463330268859863
v -60.714599609375 -37.61030578613281 14.07933521270752
v -60.67838668823242 -37.61030578613281 5.761519908905029
v -56.9258918762207 -37.61030578613281 14.490875244140625
v -38.70865249633789 -37.61030578613281 14.860548973083496
v -49.032203674316406 -37.61030578613281 12.218442916870117
v -65.99930572509766 -37.61030578613281 9.658513069152832
v -10.557500839233398 -37.61030578613281 1.949295997619629
v -10.557500839233398 -37.61030578613281 17.95070457458496
v -51.42973327636719 -37.61030578613281 11.091466903686523
v -39.66749954223633 -37.61030578613281 11.03145694732666
v -54.934974670410156 -37.61030578613281 11.155721664428711
v -36.989315032958984 -37.61030578613281 11.757638931274414
v -49.2239875793457 -37.61030578613281 7.770382881164551
v -80.82672119140625 -37.61030578613281 7.465118885040283
v -5.936751842498779 -37.61030578613281 10.866276741027832
v -79.24002838134766 -37.61030578613281 4.229394912719727
v -79.30268859863281 -37.61030578613281 15.680798530578613
v -35.8482780456543 -37.61030578613281 4.695971965789795
v -5.9398088455200195 -37.61030578613281 9.032729148864746
v -62.50816345214844 -37.61030578613281 10.983354568481445
v -47.92448043823242 -37.61030578613281 15.246162414550781
v -81.59028625488281 -37.61030578613281 18.079927444458008
v -81.59028625488281 -37.61030578613281 1.820072054862976
v -47.9791145324707 -37.61030578613281 4.6244330406188965
v -50.8892822265625 -37.61030578613281 18.037567138671875
v -50.8752555847168 -37.61030578613281 1.8172520399093628
v -76.14180755615234 -37.61030578613281 15.21280574798584
v -43.46717071533203 -37.61030578613281 18.11534881591797
v -43.468048095703125 -37.61030578613281 1.7845710515975952
v -33.68903350830078 -37.61030578613281 12.259207725524902
v -18.623641967773438 -37.61030578613281 8.133563995361328
v -18.629560470581055 -37.61030578613281 11.764138221740723
v -76.68949127197266 -37.61030578613281 1.769987940788269
v -76.68949127197266 -37.61030578613281 18.13001251220703
v -38.97185516357422 -37.61030578613281 4.1862921714782715
v -3.4676830768585205 -37.61030578613281 8.363186836242676
v -3.488818883895874 -37.61030578613281 11.511916160583496
v -28.940292358398438 -37.61030578613281 1.790511965751648
v -67.78877258300781 -37.61030578613281 18.219614028930664
v -67.78877258300781 -37.61030578613281 1.680385947227478
v -56.765533447265625 -37.61030578613281 1.6948970556259155
v -56.726131439208984 -37.61030578613281 18.125059127807617
v -37.845733642578125 -37.61030578613281 18.138822555541992
v -37.04616928100586 -37.61030578613281 8.065740585327148
v -28.78432273864746 -37.61030578613281 18.124704360961914
v -44.21889877319336 -37.61030578613281 10.991987228393555
v -37.834529876708984 -37.61030578613281 1.761544942855835
v -55.33095169067383 -37.61030578613281 15.481687545776367
v -73.22750091552734 -37.61030578613281 3.664108991622925
v -73.11132049560547 -37.61030578613281 16.057912826538086
v -66.34043884277344 -37.61030578613281 15.853425025939941
v -66.41451263427734 -37.61030578613281 4.16221284866333
v -57.5736083984375 -37.61030578613281 5.061164855957031
v -78.43389892578125 -37.61030578613281 12.66776180267334
v -77.9554672241211 -37.61030578613281 5.904294967651367
v -30.215713500976562 -37.61030578613281 7.206663131713867
v -71.28993225097656 -37.61030578613281 1.5536340475082397
v -71.28993225097656 -37.61030578613281 18.34636688232422
v -42.53288269042969 -37.61030578613281 11.532953262329102
v -7.527369976043701 -37.61030578613281 15.768854141235352
v -7.527369976043701 -37.61030578613281 4.13114595413208
v -45.982547760009766 -37.61030578613281 4.119905948638916
v -45.9826545715332 -37.61030578613281 15.779446601867676
v -8.818246841430664 -37.61030578613281 1.6956199407577515
v -8.818246841430664 -37.61030578613281 18.20438003540039
v -30.296796798706055 -37.61030578613281 12.717352867126465
v -78.3766098022461 -37.61030578613281 18.213117599487305
v -78.3766098022461 -37.61030578613281 1.6868829727172852
v -30.83439064025879 -37.61030578613281 11.125109672546387
v -5.6583638191223145 -37.61030578613281 18.23764419555664
v -5.6583638191223145 -37.61030578613281 1.6623560190200806
v -17.00727081298828 -37.61030578613281 6.127394199371338
v -17.00727081298828 -37.61030578613281 13.772605895996094
v -79.619140625 -37.61030578613281 10.214337348937988
v -29.8521671295166 -37.61030578613281 3.9904189109802246
v -37.011390686035156 -37.61030578613281 14.349312782287598
v -18.188480377197266 -37.61030578613281 1.63544499874115
v -18.176698684692383 -37.61030578613281 18.261959075927734
v -32.58600616455078 -37.61030578613281 5.994662761688232
v -56.80581283569336 -37.61030578613281 11.973043441772461
v -15.370343208312988 -37.61030578613281 1.7985759973526
v -15.370343208312988 -37.61030578613281 18.101423263549805
v -57.245811462402344 -37.61030578613281 7.544970989227295
v -71.27272033691406 -37.61030578613281 8.970417022705078
v -33.30045700073242 -37.61030578613281 15.662346839904785
v -29.737533569335938 -37.61030578613281 15.982705116271973
v -24.93351936340332 -37.61030578613281 1.6099250316619873
v -3.479857921600342 -37.61030578613281 16.306379318237305
v -3.479857921600342 -37.61030578613281 3.593621015548706
v -75.38500213623047 -37.61030578613281 6.374016761779785
v -84.23941802978516 -37.61030578613281 3.6476619243621826
v -84.23941802978516 -37.61030578613281 16.252338409423828
v -76.68718719482422 -37.61030578613281 10.771099090576172
v -63.590980529785156 -37.61030578613281 8.405252456665039
v -75.30926513671875 -37.61030578613281 13.567880630493164
v -55.03840255737305 -37.61030578613281 3.902085065841675
v -24.830305099487305 -37.61030578613281 18.329559326171875
v -39.239742279052734 -37.61030578613281 6.104311943054199
v -84.28204345703125 -37.61030578613281 12.948573112487793
v -84.63386535644531 -37.61030578613281 6.842617034912109
v -40.8031005859375 -37.61030578613281 1.570552945137024
v -77.92123413085938 -37.61030578613281 14.598319053649902
v -73.16466522216797 -37.61030578613281 5.876440048217773
v -64.57212829589844 -37.61030578613281 11.468003273010254
v -28.162832260131836 -37.61030578613281 5.490388870239258
v -3.008542060852051 -37.61030578613281 6.630369186401367
v -3.008542060852051 -37.61030578613281 13.269631385803223
v -80.60608673095703 -37.61030578613281 4.054823875427246
v -80.61064910888672 -37.61030578613281 15.845918655395508
v -46.8782958984375 -37.61030578613281 18.490602493286133
v -18.24671173095703 -37.61030578613281 15.975736618041992
v -18.24710464477539 -37.61030578613281 3.923845052719116
v -46.87869644165039 -37.61030578613281 1.409337043762207
v -28.075178146362305 -37.61030578613281 14.417837142944336
v -54.55936050415039 -37.61030578613281 6.6213507652282715
v -40.83259201049805 -37.61030578613281 18.31947898864746
v -5.314144134521484 -37.61030578613281 14.065990447998047
v -5.314256191253662 -37.61030578613281 5.834846019744873
v -34.42030715942383 -37.61030578613281 18.728666305541992
v -81.81986236572266 -37.61030578613281 11.459284782409668
v -31.341205596923828 -37.61030578613281 14.171895027160645
v -40.59343719482422 -37.61030578613281 3.492398977279663
v -52.744075775146484 -37.61030578613281 13.855118751525879
v -82.44561004638672 -37.61030578613281 8.44676399230957
v -40.58016586303711 -37.61030578613281 16.042110443115234
v -42.47020721435547 -37.61030578613281 7.977212905883789
v -65.8833236694336 -37.61030578613281 13.723723411560059
v -65.92008209228516 -37.61030578613281 6.1933369636535645
v -15.522302627563477 -37.61030578613281 12.26374340057373
v -15.51323413848877 -37.61030578613281 7.635207176208496
v -73.6549301147461 -37.61030578613281 10.833980560302734
v -39.85517883300781 -37.61030578613281 13.4464750289917
v -34.430843353271484 -37.61030578613281 1.055191993713379
v -42.28765869140625 -37.61030578613281 13.414834022521973
v -64.78932189941406 -37.61030578613281 3.4335999488830566
v -64.78932189941406 -37.61030578613281 16.466400146484375
v -53.64006042480469 -37.61030578613281 16.284923553466797
v -56.228729248046875 -37.61030578613281 8.616477966308594
v -71.049560546875 -37.61030578613281 7.179321765899658
v -64.67320251464844 -37.61030578613281 1.4747049808502197
v -64.67320251464844 -37.61030578613281 18.425294876098633
v -53.4213981628418 -37.61030578613281 1.5564830303192139
v -53.530670166015625 -37.61030578613281 18.374540328979492
v -32.97224426269531 -37.61030578613281 3.373220920562744
v -75.49398040771484 -37.61030578613281 4.0714240074157715
v -54.55324935913086 -37.61030578613281 13.631977081298828
v -73.46428680419922 -37.61030578613281 13.642192840576172
v -12.23038101196289 -37.61030578613281 1.059257984161377
v -12.23038101196289 -37.61030578613281 18.840742111206055
v -81.1312026977539 -37.61030578613281 13.07052993774414
v -48.5784797668457 -37.61030578613281 3.3720850944519043
v -6.815090179443359 -37.61030578613281 12.163925170898438
v -48.5681266784668 -37.61030578613281 16.52840805053711
v -19.816909790039062 -37.61030578613281 13.592452049255371
v -19.816909790039062 -37.61030578613281 6.3075480461120605
v -42.74570083618164 -37.61030578613281 16.075000762939453
v -42.63209533691406 -37.61030578613281 3.8169798851013184
v -78.08625793457031 -37.61030578613281 7.561077117919922
v -32.395790100097656 -37.61030578613281 11.238079071044922
v -21.831422805786133 -37.61030578613281 8.345817565917969
v -21.831422805786133 -37.61030578613281 11.554182052612305
v -6.82524299621582 -37.61030578613281 7.729139804840088
v -31.1761474609375 -37.61030578613281 6.043875217437744
v -32.55696487426758 -37.61030578613281 8.570083618164062
v -66.80416870117188 -37.61030578613281 10.868851661682129
v -52.76813888549805 -37.61030578613281 6.168478965759277
v -13.482731819152832 -37.61030578613281 16.491289138793945
v -13.482731819152832 -37.61030578613281 3.40871000289917
v -60.3743782043457 -37.61030578613281 1.2508759498596191
v -60.3743782043457 -37.61030578613281 18.649124145507812
v -25.37571144104004 -37.61030578613281 5.165245056152344
v -23.67573356628418 -37.61030578613281 16.404212951660156
v -38.38871765136719 -37.61030578613281 8.638653755187988
v -3.304687023162842 -37.61030578613281 1.6380620002746582
v -3.304687023162842 -37.61030578613281 18.261938095092773
v -57.87091827392578 -37.61030578613281 1.1692270040512085
v -57.865291595458984 -37.61030578613281 18.719337463378906
v -61.036781311035156 -37.61030578613281 11.178069114685059
v -52.62472915649414 -37.61030578613281 4.148641109466553
v -13.772283554077148 -37.61030578613281 6.11486291885376
v -13.772283554077148 -37.61030578613281 13.785137176513672
v -23.35070037841797 -37.61030578613281 3.5168120861053467
v -62.96707534790039 -37.61030578613281 18.537992477416992
v -62.96707534790039 -37.61030578613281 1.3620070219039917
v -20.121387481689453 -37.61030578613281 1.420732021331787
v -17.52716827392578 -37.61030578613281 11.01939868927002
v -38.834693908691406 -37.61030578613281 16.271968841552734
v -20.083942413330078 -37.61030578613281 18.489200592041016
v -36.512413024902344 -37.61030578613281 10.15918254852295
v -20.528352737426758 -37.61030578613281 3.619749069213867
v -20.520519256591797 -37.61030578613281 16.28394317626953
v -62.46287536621094 -37.61030578613281 16.149486541748047
v -62.471920013427734 -37.61030578613281 3.7371249198913574
v -25.55030059814453 -37.61030578613281 14.606964111328125
v -75.81536865234375 -37.61030578613281 8.693709373474121
v -41.48799514770508 -37.61030578613281 6.090750217437744
v -49.7740478515625 -37.61030578613281 9.092370986938477
v -64.97342681884766 -37.61030578613281 8.689285278320312
v -72.29785919189453 -37.61030578613281 11.40389347076416
v -15.297344207763672 -37.61030578613281 10.912959098815918
v -40.00760269165039 -37.61030578613281 7.120070934295654
v -18.160919189453125 -37.61030578613281 13.193375587463379
v -18.160541534423828 -37.61030578613281 6.706478118896484
v -35.64094543457031 -37.61030578613281 3.2454819679260254
v -74.2457275390625 -37.61030578613281 1.5576430559158325
v -74.22651672363281 -37.61030578613281 18.297607421875
v -34.39579391479492 -37.61030578613281 6.669964790344238
v -51.79462432861328 -37.61030578613281 8.086647033691406
v -19.79050064086914 -37.61030578613281 8.810009002685547
v -19.79093360900879 -37.61030578613281 11.089822769165039
v -58.276859283447266 -37.61030578613281 16.378276824951172
v -58.276859283447266 -37.61030578613281 3.521723985671997
v -77.29297637939453 -37.61030578613281 12.421181678771973
v -51.430885314941406 -37.61030578613281 16.16153335571289
v -44.075477600097656 -37.61030578613281 14.620318412780762
v -44.08360290527344 -37.61030578613281 5.317372798919678
v -53.765472412109375 -37.61030578613281 3.242993116378784
v -68.36956024169922 -37.61030578613281 4.796131134033203
v -68.7346420288086 -37.61030578613281 14.42429256439209
v -67.16932678222656 -37.61030578613281 8.941254615783691
v -71.0929946899414 -37.61030578613281 15.179023742675781
v -56.78060531616211 -37.61030578613281 6.123068809509277
v -42.29330825805664 -37.61030578613281 18.449710845947266
v -42.25529479980469 -37.61030578613281 1.3926680088043213
v -80.5919418334961 -37.61030578613281 8.963044166564941
v -31.293941497802734 -37.61030578613281 18.534666061401367
v -4.835521221160889 -37.61030578613281 3.6147398948669434
v -4.835521221160889 -37.61030578613281 16.285259246826172
v -31.61278533935547 -37.61030578613281 16.790830612182617
v -40.992576599121094 -37.61030578613281 11.092986106872559
v -75.1744613647461 -37.61030578613281 16.023412704467773
v -38.338809967041016 -37.61030578613281 11.476845741271973
v -52.145362854003906 -37.61030578613281 18.45994758605957
v -52.15919494628906 -37.61030578613281 1.4262089729309082
v -80.1064682006836 -37.61030578613281 1.1846330165863037
v -80.1064682006836 -37.61030578613281 18.71536636352539
v -10.764531135559082 -37.61030578613281 16.67267608642578
v -10.764531135559082 -37.61030578613281 3.227323055267334
v -51.41615676879883 -37.61030578613281 3.458163022994995
v -84.44674682617188 -37.61030578613281 11.720212936401367
v -30.439313888549805 -37.61030578613281 8.276544570922852
v -17.692529678344727 -37.61030578613281 8.889106750488281
v -60.533687591552734 -37.61030578613281 2.6389000415802
v -60.533687591552734 -37.61030578613281 17.26110076904297
v -78.5451431274414 -37.61030578613281 9.521740913391113
v -3.073837995529175 -37.61030578613281 9.750834465026855
v -34.78897476196289 -37.61030578613281 14.380123138427734
v -57.19972610473633 -37.61030578613281 13.181140899658203
v -41.34139633178711 -37.61030578613281 8.801053047180176
v -49.95442199707031 -37.61030578613281 11.426614761352539
v -31.414087295532227 -37.61030578613281 1.3490760326385498
v -5.986208915710449 -37.61030578613281 16.98427963256836
v -5.986208915710449 -37.61030578613281 2.9157209396362305
v -46.646060943603516 -37.61030578613281 14.603903770446777
v -46.66907501220703 -37.61030578613281 5.299633026123047
v -27.131914138793945 -37.61030578613281 3.276737928390503
v -59.054969787597656 -37.61030578613281 9.964946746826172
v -69.24308013916016 -37.61030578613281 9.959725379943848
v -46.93657684326172 -37.61030578613281 9.935900688171387
v -27.021093368530273 -37.61030578613281 16.657318115234375
v -23.282495498657227 -37.61030578613281 13.798894882202148
v -41.631019592285156 -37.61030578613281 4.31469202041626
v -23.304208755493164 -37.61030578613281 6.080844879150391
v -41.633506774902344 -37.61030578613281 15.537589073181152
v -66.72834777832031 -37.61030578613281 18.735675811767578
v -66.72834777832031 -37.61030578613281 1.1643240451812744
v -55.590721130371094 -37.61030578613281 1.1922529935836792
v -55.61132049560547 -37.61030578613281 18.768003463745117
v -15.356006622314453 -37.61030578613281 8.96684455871582
v -31.804738998413086 -37.61030578613281 3.0950839519500732
v -37.240516662597656 -37.61030578613281 13.008573532104492
v -42.49681854248047 -37.61030578613281 6.70231819152832
v -17.14995765686035 -37.61030578613281 18.778762817382812
v -17.151357650756836 -37.61030578613281 1.1207369565963745
v -48.07042694091797 -37.61030578613281 18.72468376159668
v -48.07084274291992 -37.61030578613281 1.1753970384597778
v -9.994644165039062 -37.61030578613281 5.422036170959473
v -9.994644165039062 -37.61030578613281 14.477964401245117
v -77.91167449951172 -37.61030578613281 4.61350679397583
v -35.60597229003906 -37.61030578613281 16.757915496826172
v -53.65951919555664 -37.61030578613281 9.001018524169922
v -63.198638916015625 -37.61030578613281 12.078312873840332
v -43.07938766479492 -37.61030578613281 10.36711311340332
v -82.5812759399414 -37.61030578613281 1.1135079860687256
v -82.5812759399414 -37.61030578613281 18.78649139404297
v -51.889198303222656 -37.61030578613281 12.046954154968262
v -15.969437599182129 -37.61030578613281 17.02863883972168
v -15.969437599182129 -37.61030578613281 2.8713619709014893
v -34.479949951171875 -37.61030578613281 9.156826972961426
v -79.51197052001953 -37.61030578613281 7.276700019836426
v -59.8184700012207 -37.61030578613281 6.753982067108154
v -50.655189514160156 -37.61030578613281 14.188106536865234
v -41.18474197387695 -37.61030578613281 13.473531723022461
v -39.50898361206055 -37.61030578613281 1.0183470249176025
v -52.63471984863281 -37.61030578613281 15.69947624206543
v -72.46220397949219 -37.61030578613281 12.900882720947266
v -53.717777252197266 -37.61030578613281 11.097750663757324
v -64.01143646240234 -37.61030578613281 15.610815048217773
v -64.01275634765625 -37.61030578613281 4.2845869064331055
v -76.30136108398438 -37.61030578613281 16.77640724182129
v -74.07645416259766 -37.61030578613281 6.813298225402832
v -22.31270408630371 -37.61030578613281 1.2771409749984741
v -35.23780059814453 -37.61030578613281 8.032458305358887
v -22.745346069335938 -37.61030578613281 14.78529167175293
v -22.76078987121582 -37.61030578613281 4.941714763641357
v -15.54277229309082 -37.61030578613281 4.853090763092041
v -15.54277229309082 -37.61030578613281 15.04690933227539
v -84.416015625 -37.61030578613281 9.83721923828125
v -58.20173263549805 -37.61030578613281 14.612651824951172
v -75.51986694335938 -37.61030578613281 1.2463010549545288
v -75.52962493896484 -37.61030578613281 18.625198364257812
v -60.904571533203125 -37.61030578613281 8.932443618774414
v -82.67066192626953 -37.61030578613281 9.761187553405762
v -4.70471715927124 -37.61030578613281 8.705246925354004
v -68.39698791503906 -37.61030578613281 6.55739688873291
v -67.06123352050781 -37.61030578613281 6.960491180419922
v -11.877347946166992 -37.61030578613281 5.298288822174072
v -11.877347946166992 -37.61030578613281 14.60171127319336
v -70.99234771728516 -37.61030578613281 13.375761985778809
v -4.449703216552734 -37.61030578613281 1.3670059442520142
v -4.449703216552734 -37.61030578613281 18.53299331665039
v -4.701176166534424 -37.61030578613281 11.231167793273926
v -78.68647003173828 -37.61030578613281 16.879724502563477
v -78.71136474609375 -37.61030578613281 2.960036039352417
v -22.26637077331543 -37.61030578613281 18.639360427856445
v -44.5114631652832 -37.61030578613281 8.1326322555542
v -50.407962799072266 -37.61030578613281 5.057201862335205
v -14.314230918884277 -37.61030578613281 14.933385848999023
v -14.314230918884277 -37.61030578613281 4.96661376953125
v -39.522850036621094 -37.61030578613281 18.868141174316406
v -34.7794189453125 -37.61030578613281 4.300559043884277
v -55.593597412109375 -37.61030578613281 14.249996185302734
v -6.983406066894531 -37.61030578613281 14.87135124206543
v -6.983406066894531 -37.61030578613281 5.028648853302002
v -69.15275573730469 -37.61030578613281 3.378951072692871
v -69.35726928710938 -37.61030578613281 16.472000122070312
v -59.45146942138672 -37.61030578613281 14.302420616149902
v -29.95063018798828 -37.61030578613281 18.522560119628906
v -19.570125579833984 -37.61030578613281 15.809706687927246
v -19.570125579833984 -37.61030578613281 4.090292930603027
v -59.724586486816406 -37.61030578613281 11.131754875183105
v -30.092620849609375 -37.61030578613281 1.402318000793457
v -76.27360534667969 -37.61030578613281 2.9592859745025635
v -36.955440521240234 -37.61030578613281 6.822819232940674
v -54.35757827758789 -37.61030578613281 7.910394191741943
v -34.43165969848633 -37.61030578613281 13.177279472351074
v -29.12070655822754 -37.61030578613281 6.701528072357178
v -46.91944122314453 -37.61030578613281 7.726229190826416
v -68.8795166015625 -37.61030578613281 18.751964569091797
v -68.8795166015625 -37.61030578613281 1.1480350494384766
v -74.24427795410156 -37.61030578613281 3.7600200176239014
v -28.71855354309082 -37.61030578613281 13.449662208557129
v -59.176490783691406 -37.61030578613281 7.700588226318359
v -2.901309013366699 -37.61030578613281 17.295639038085938
v -2.901309013366699 -37.61030578613281 2.604361057281494
v -39.56753921508789 -37.61030578613281 12.177698135375977
v -38.36945343017578 -37.61030578613281 3.0263969898223877
v -59.698516845703125 -37.61030578613281 8.860611915588379
v -68.24192810058594 -37.61030578613281 11.178628921508789
v -67.03556823730469 -37.61030578613281 12.93632698059082
v -55.70989990234375 -37.61030578613281 16.650650024414062
v -33.25200653076172 -37.61030578613281 18.804096221923828
v -68.58042907714844 -37.61030578613281 8.9000883102417
v -33.043609619140625 -37.61030578613281 7.1060991287231445
v -73.12342834472656 -37.61030578613281 14.988075256347656
v -25.799219131469727 -37.61030578613281 18.87150001525879
v -69.3160171508789 -37.61030578613281 7.7179388999938965
v -70.34782409667969 -37.61030578613281 18.797664642333984
v -70.34782409667969 -37.61030578613281 1.102334976196289
v -36.985286712646484 -37.61030578613281 9.176600456237793
v -25.872665405273438 -37.61030578613281 1.0457990169525146
v -46.20138168334961 -37.61030578613281 6.738916873931885
v -7.357096195220947 -37.61030578613281 0.898410975933075
v -7.357096195220947 -37.61030578613281 19.001588821411133
v -81.10914611816406 -37.61030578613281 16.885061264038086
v -81.10857391357422 -37.61030578613281 3.015031099319458
v -72.1711654663086 -37.61030578613281 4.311263084411621
v -46.400814056396484 -37.61030578613281 8.901886940002441
v -20.971431732177734 -37.61030578613281 6.3553690910339355
v -20.971649169921875 -37.61030578613281 13.544892311096191
v -67.47225189208984 -37.61030578613281 15.346901893615723
v -8.225154876708984 -37.61030578613281 6.3778181076049805
v -8.22423267364502 -37.61030578613281 13.52214241027832
v -28.09673309326172 -37.61030578613281 1.1147300004959106
v -2.7558720111846924 -37.61030578613281 5.596875190734863
v -2.7558720111846924 -37.61030578613281 14.303125381469727
v -44.411720275878906 -37.61030578613281 18.709875106811523
v -44.412288665771484 -37.61030578613281 1.1900659799575806
v -49.121620178222656 -37.61030578613281 15.27590560913086
v -32.37154006958008 -37.61030578613281 13.579815864562988
v -44.3099365234375 -37.61030578613281 17.163818359375
v -29.44485855102539 -37.61030578613281 2.812329053878784
v -44.310787200927734 -37.61030578613281 2.7359321117401123
v -46.32122802734375 -37.61030578613281 11.109023094177246
v -44.949886322021484 -37.61030578613281 7.034272193908691
v -34.560821533203125 -37.61030578613281 15.67772388458252
v -65.6873779296875 -37.61030578613281 10.810210227966309
v -54.559165954589844 -37.61030578613281 12.2991304397583
v -63.05233383178711 -37.61030578613281 13.515050888061523
v -63.04856491088867 -37.61030578613281 6.341450214385986
v -6.713501930236816 -37.61030578613281 9.949071884155273
v -12.101898193359375 -37.61030578613281 15.803949356079102
v -12.101898193359375 -37.61030578613281 4.096051216125488
v -49.16703796386719 -37.61030578613281 4.728757858276367
v -73.8719482421875 -37.61030578613281 16.93092918395996
v -46.84584045410156 -37.61030578613281 12.203864097595215
v -36.94182586669922 -37.61030578613281 18.76401710510254
v -57.58036422729492 -37.61030578613281 17.432964324951172
v -57.620140075683594 -37.61030578613281 2.508018970489502
v -28.86404800415039 -37.61030578613281 4.584406852722168
v -61.13812255859375 -37.61030578613281 6.942925930023193
v -57.765377044677734 -37.61030578613281 9.862154006958008
v -48.20188903808594 -37.61030578613281 9.826873779296875
v -70.42524719238281 -37.61030578613281 9.98818302154541
v -73.55339813232422 -37.61030578613281 7.989468097686768
v -67.119384765625 -37.61030578613281 17.37216567993164
v -56.108726501464844 -37.61030578613281 2.756964921951294
v -67.10792541503906 -37.61030578613281 2.5710599422454834
v -29.28019142150879 -37.61030578613281 17.122663497924805
v -46.065040588378906 -37.61030578613281 3.067255973815918
v -46.0648078918457 -37.61030578613281 16.832509994506836
v -70.31969451904297 -37.61030578613281 5.4365668296813965
v -49.95752716064453 -37.61030578613281 12.887483596801758
v -28.729185104370117 -37.61030578613281 15.353432655334473
v -22.58905029296875 -37.61030578613281 12.643750190734863
v -22.591562271118164 -37.61030578613281 7.253899097442627
v -30.56357192993164 -37.61030578613281 15.009915351867676
v -36.941436767578125 -37.61030578613281 1.1400129795074463
v -13.381388664245605 -37.61030578613281 18.837726593017578
v -13.381388664245605 -37.61030578613281 1.0622730255126953
v -22.343917846679688 -37.61030578613281 2.694365978240967
v -35.21048355102539 -37.61030578613281 5.669674873352051
v -84.61296844482422 -37.61030578613281 7.972328186035156
v -70.21045684814453 -37.61030578613281 12.264114379882812
v -22.311603546142578 -37.61030578613281 17.23912239074707
v -74.47975158691406 -37.61030578613281 8.979599952697754
v -28.004039764404297 -37.61030578613281 18.78483009338379
v -84.59397888183594 -37.61030578613281 14.244009971618652
v -84.6526107788086 -37.61030578613281 5.637855052947998
v -80.80254364013672 -37.61030578613281 6.326958179473877
v -34.10283279418945 -37.61030578613281 11.192654609680176
v -84.70960235595703 -37.61030578613281 0.9870529770851135
v -84.70960235595703 -37.61030578613281 18.912946701049805
v -39.56300354003906 -37.61030578613281 8.004842758178711
v -32.96940231323242 -37.61030578613281 4.852474212646484
v -59.08449935913086 -37.61030578613281 12.251914978027344
v -32.93605041503906 -37.61030578613281 16.859098434448242
v -50.176517486572266 -37.61030578613281 18.702608108520508
v -50.17475509643555 -37.61030578613281 1.1908739805221558
v -70.9240951538086 -37.61030578613281 11.206513404846191
v -8.239343643188477 -37.61030578613281 17.075162887573242
v -8.239343643188477 -37.61030578613281 2.8248379230499268
v -33.30524826049805 -37.61030578613281 1.0631639957427979
v -61.644527435302734 -37.61030578613281 14.996891021728516
v -61.953121185302734 -37.61030578613281 6.029784202575684
v -36.014591217041016 -37.61030578613281 12.370508193969727
v -48.59119415283203 -37.61030578613281 13.226125717163086
v -78.59151458740234 -37.61030578613281 13.821242332458496
v -82.50155639648438 -37.61030578613281 15.150442123413086
v -82.50155639648438 -37.61030578613281 4.749557971954346
v -82.48888397216797 -37.61030578613281 17.499282836914062
v -82.48884582519531 -37.61030578613281 2.4007229804992676
v -82.60816955566406 -37.61030578613281 14.106605529785156
v -82.6188735961914 -37.61030578613281 5.833240985870361
v -44.98139190673828 -37.61030578613281 12.993864059448242
v -50.25599670410156 -37.61030578613281 2.616208076477051
v -50.00439453125 -37.61030578613281 17.269939422607422
v -30.777210235595703 -37.61030578613281 5.0288310050964355
v -18.25126075744629 -37.61030578613281 2.7324020862579346
v -18.24593734741211 -37.61030578613281 17.164060592651367
v -50.53511047363281 -37.61030578613281 10.198131561279297
v -14.67431640625 -37.61030578613281 18.964296340942383
v -14.67431640625 -37.61030578613281 0.9357039928436279
v -48.659244537353516 -37.61030578613281 11.187256813049316
v -9.778119087219238 -37.61030578613281 1.0164159536361694
v -9.778119087219238 -37.61030578613281 18.883583068847656
v -70.90422058105469 -37.61030578613281 4.405938148498535
v -46.180137634277344 -37.61030578613281 13.238728523254395
v -60.31523513793945 -37.61030578613281 15.208757400512695
v -60.28025817871094 -37.61030578613281 4.68030309677124
v -68.48492431640625 -37.61030578613281 13.291922569274902
v -37.88639831542969 -37.61030578613281 4.54978609085083
v -4.285068988800049 -37.61030578613281 13.391809463500977
v -4.285099029541016 -37.61030578613281 6.508950233459473
v -39.08068084716797 -37.61030578613281 10.002535820007324
v -79.13016510009766 -37.61030578613281 11.852811813354492
v -35.081077575683594 -37.61030578613281 10.37883472442627
v -70.2139892578125 -37.61030578613281 14.322999954223633
v -48.741432189941406 -37.61030578613281 6.6748528480529785
v -83.19597625732422 -37.61030578613281 11.733757972717285
v -16.323667526245117 -37.61030578613281 6.726643085479736
v -16.328384399414062 -37.61030578613281 13.176944732666016
v -61.607906341552734 -37.61030578613281 10.020135879516602
v -72.35631561279297 -37.61030578613281 18.780628204345703
v -72.35631561279297 -37.61030578613281 1.119372010231018
v -24.908740997314453 -37.61030578613281 15.646458625793457
v -52.02059555053711 -37.61030578613281 6.975459098815918
v -32.63491439819336 -37.61030578613281 14.850964546203613
v -61.03200912475586 -37.61030578613281 13.056262016296387
v -59.11869812011719 -37.61030578613281 0.9409739971160889
v -59.11757278442383 -37.61030578613281 18.95673942565918
v -55.629913330078125 -37.61030578613281 11.855839729309082
v -62.48847579956055 -37.61030578613281 2.6015191078186035
v -62.48847579956055 -37.61030578613281 17.298480987548828
v -79.69025421142578 -37.61030578613281 13.018665313720703
v -28.023597717285156 -37.61030578613281 2.4592819213867188
v -61.64734649658203 -37.61030578613281 4.849812984466553
v -59.6517333984375 -37.61030578613281 16.40361976623535
v -59.65021896362305 -37.61030578613281 3.495906114578247
v -77.93002319335938 -37.61030578613281 8.585994720458984
v -40.618797302246094 -37.61030578613281 9.911539077758789
v -72.64232635498047 -37.61030578613281 10.259942054748535
v -6.05116605758667 -37.61030578613281 6.8369269371032715
v -6.048263072967529 -37.61030578613281 13.061570167541504
v -57.47513961791992 -37.61030578613281 15.480795860290527
v -74.64110565185547 -37.61030578613281 12.809659957885742
v -66.32917022705078 -37.61030578613281 5.095131874084473
v -66.3310546875 -37.61030578613281 14.808853149414062
v -61.90727996826172 -37.61030578613281 13.868618965148926
v -51.86661911010742 -37.61030578613281 10.05012321472168
v -36.344696044921875 -37.61030578613281 5.783441066741943
v -50.00688552856445 -37.61030578613281 6.959251880645752
v -47.99903869628906 -37.61030578613281 12.204191207885742
v -21.634347915649414 -37.61030578613281 14.753954887390137
v -35.65107727050781 -37.61030578613281 18.851552963256836
v -24.980533599853516 -37.61030578613281 4.174920082092285
v -21.617881774902344 -37.61030578613281 5.10922384262085
v -63.98947525024414 -37.61030578613281 14.240583419799805
v -63.98783493041992 -37.61030578613281 5.650660037994385
v -80.38832092285156 -37.61030578613281 5.123143196105957
v -80.39728546142578 -37.61030578613281 14.8309326171875
v -45.65640640258789 -37.61030578613281 18.80060386657715
v -45.65679931640625 -37.61030578613281 1.099329948425293
v -70.41893768310547 -37.61030578613281 3.1674349308013916
v -70.33720397949219 -37.61030578613281 16.861038208007812
v -50.94747543334961 -37.61030578613281 6.189239025115967
v -39.620201110839844 -37.61030578613281 15.470559120178223
v -23.866485595703125 -37.61030578613281 1.146069049835205
v -35.65330123901367 -37.61030578613281 1.0293140411376953
v -25.854555130004883 -37.61030578613281 2.3795080184936523
v -55.66023635864258 -37.61030578613281 9.949407577514648
v -36.74886703491211 -37.61030578613281 15.421467781066895
v -52.49641799926758 -37.61030578613281 11.062183380126953
v -2.7189130783081055 -37.61030578613281 10.872776985168457
v -63.02577590942383 -37.61030578613281 9.63330078125
v -27.032033920288086 -37.61030578613281 5.671332836151123
v -56.192161560058594 -37.61030578613281 4.139263153076172
v -27.934677124023438 -37.61030578613281 17.47287368774414
v -14.436281204223633 -37.61030578613281 7.0053229331970215
v -14.436281204223633 -37.61030578613281 12.89467716217041
v -59.05287551879883 -37.61030578613281 5.486455917358398
v -68.66368103027344 -37.61030578613281 15.599525451660156
v -72.14906311035156 -37.61030578613281 15.596715927124023
v -11.151041984558105 -37.61030578613281 1.0209180116653442
v -11.151041984558105 -37.61030578613281 18.87908172607422
v -68.60196685791016 -37.61030578613281 2.4335780143737793
v -68.56793975830078 -37.61030578613281 17.47528076171875
v -21.65764617919922 -37.61030578613281 9.949999809265137
v -69.13204956054688 -37.61030578613281 5.568534851074219
v -77.55257415771484 -37.61030578613281 18.861215591430664
v -77.55257415771484 -37.61030578613281 1.0387840270996094
v -61.543792724609375 -37.61030578613281 8.064567565917969
v -80.66793823242188 -37.61030578613281 10.905576705932617
v -43.39423751831055 -37.61030578613281 13.716703414916992
v -43.395362854003906 -37.61030578613281 6.18267822265625
v -9.914471626281738 -37.61030578613281 4.319544792175293
v -9.914471626281738 -37.61030578613281 15.58045482635498
v -84.60041046142578 -37.61030578613281 2.637782096862793
v -84.60041046142578 -37.61030578613281 17.262218475341797
v -38.026771545410156 -37.61030578613281 14.05167007446289
v -69.05814361572266 -37.61030578613281 12.187539100646973
v -23.798843383789062 -37.61030578613281 18.78365707397461
v -74.78733825683594 -37.61030578613281 10.79314136505127
v -25.735267639160156 -37.61030578613281 17.514894485473633
v -54.2993278503418 -37.61030578613281 10.0689058303833
v -50.53458786010742 -37.61030578613281 8.13665771484375
v -45.08389663696289 -37.61030578613281 15.126107215881348
v -45.084651947021484 -37.61030578613281 4.773698806762695
v -55.65272903442383 -37.61030578613281 6.330615043640137
v -54.624732971191406 -37.61030578613281 5.301212787628174
v -75.7293472290039 -37.61030578613281 7.456728935241699
v -36.94040298461914 -37.61030578613281 2.6931090354919434
v -19.29544448852539 -37.61030578613281 12.593001365661621
v -19.294322967529297 -37.61030578613281 7.306562900543213
v -24.378263473510742 -37.61030578613281 2.5514020919799805
v -78.9342041015625 -37.61030578613281 5.360636234283447
v -26.92096519470215 -37.61030578613281 14.296525955200195
v -72.46470642089844 -37.61030578613281 3.0020558834075928
v -72.47352600097656 -37.61030578613281 16.819673538208008
v -67.25956726074219 -37.61030578613281 4.475327014923096
v -76.74932861328125 -37.61030578613281 4.207241058349609
v -30.53770637512207 -37.61030578613281 10.145851135253906
v -27.751136779785156 -37.61030578613281 4.463662147521973
v -84.71336364746094 -37.61030578613281 15.396570205688477
v -84.71336364746094 -37.61030578613281 4.503429889678955
v -43.02058410644531 -37.61030578613281 17.16522979736328
v -43.011409759521484 -37.61030578613281 2.771764039993286
v -57.93842315673828 -37.61030578613281 12.148747444152832
v -57.27388381958008 -37.61030578613281 11.064327239990234
v -27.65329933166504 -37.61030578613281 15.54057502746582
v -4.850539207458496 -37.61030578613281 15.139249801635742
v -4.850561141967773 -37.61030578613281 4.7609171867370605
v -24.32150650024414 -37.61030578613281 17.442882537841797
v -83.57884979248047 -37.61030578613281 7.580941200256348
v -12.92519474029541 -37.61030578613281 17.767414093017578
v -12.92519474029541 -37.61030578613281 2.132585048675537
v -44.59040832519531 -37.61030578613281 9.995418548583984
v -72.01444244384766 -37.61030578613281 6.50698184967041
v -47.94870376586914 -37.61030578613281 17.727821350097656
v -63.477542877197266 -37.61030578613281 10.869227409362793
v -47.964332580566406 -37.61030578613281 2.1953470706939697
v -24.457172393798828 -37.61030578613281 5.89566707611084
v -21.022003173828125 -37.61030578613281 0.9834229946136475
v -36.93589782714844 -37.61030578613281 17.347082138061523
v -24.438417434692383 -37.61030578613281 13.943095207214355
v -20.996824264526367 -37.61030578613281 18.9498291015625
v -63.187767028808594 -37.61030578613281 7.411800861358643
v -5.385608196258545 -37.61030578613281 9.955748558044434
v -44.58272171020508 -37.61030578613281 11.956374168395996
v -73.78387451171875 -37.61030578613281 2.696397066116333
v -38.21396255493164 -37.61030578613281 17.24818229675293
v -33.78129959106445 -37.61030578613281 2.152462959289551
v -20.891324996948242 -37.61030578613281 8.941610336303711
v -20.89141273498535 -37.61030578613281 10.958355903625488
v -73.26436614990234 -37.61030578613281 4.630280017852783
v -32.40682601928711 -37.61030578613281 9.979427337646484
v -76.25720977783203 -37.61030578613281 9.79321002960205
v -42.6872444152832 -37.61030578613281 9.194510459899902
v -76.92213439941406 -37.61030578613281 6.11405086517334
v -45.1320915222168 -37.61030578613281 9.0338716506958
v -72.51148986816406 -37.61030578613281 8.548107147216797
v -48.65546417236328 -37.61030578613281 8.634861946105957
v -64.93806457519531 -37.61030578613281 7.624317169189453
v -16.461830139160156 -37.61030578613281 8.678269386291504
v -17.194053649902344 -37.61030578613281 3.425987958908081
v -17.193567276000977 -37.61030578613281 16.473676681518555
v -48.091548919677734 -37.61030578613281 7.692351818084717
v -64.8519287109375 -37.61030578613281 13.70400333404541
v -64.85206604003906 -37.61030578613281 6.1103949546813965
v -14.747593879699707 -37.61030578613281 2.8371999263763428
v -14.747593879699707 -37.61030578613281 17.06279945373535
v -52.45892333984375 -37.61030578613281 9.004937171936035
v -76.7938003540039 -37.61030578613281 8.223688125610352
v -9.261495590209961 -37.61030578613281 13.672213554382324
v -9.261679649353027 -37.61030578613281 6.22777795791626
v -77.56415557861328 -37.61030578613281 17.540002822875977
v -77.56415557861328 -37.61030578613281 2.3599979877471924
v -50.77393341064453 -37.61030578613281 15.215869903564453
v -33.731239318847656 -37.61030578613281 17.796491622924805
v -8.65844440460205 -37.61030578613281 15.637816429138184
v -8.65844440460205 -37.61030578613281 4.262184143066406
v -38.08491516113281 -37.61030578613281 6.413445949554443
v -29.87183380126953 -37.61030578613281 11.860367774963379
v -9.573013305664062 -37.61030578613281 17.54539680480957
v -9.573013305664062 -37.61030578613281 2.3546030521392822
v -65.56340026855469 -37.61030578613281 18.949905395507812
v -54.159332275390625 -37.61030578613281 1.1682709455490112
v -54.344276428222656 -37.61030578613281 18.943082809448242
v -65.56340026855469 -37.61030578613281 0.950094997882843
v -51.82502365112305 -37.61030578613281 13.927833557128906
v -65.20194244384766 -37.61030578613281 12.85811996459961
v -26.05350685119629 -37.61030578613281 3.75860595703125
v -47.063899993896484 -37.61030578613281 15.935456275939941
v -77.5498046875 -37.61030578613281 10.183284759521484
v -78.85089111328125 -37.61030578613281 18.939937591552734
v -78.85089111328125 -37.61030578613281 0.9600620269775391
v -74.05489349365234 -37.61030578613281 15.851930618286133
v -47.06828689575195 -37.61030578613281 3.995706081390381
v -61.62224578857422 -37.61030578613281 19.009868621826172
v -61.62224578857422 -37.61030578613281 0.8901320099830627
v -35.95701599121094 -37.61030578613281 14.371824264526367
v -75.28915405273438 -37.61030578613281 5.2927961349487305
v -36.87007141113281 -37.61030578613281 4.764319896697998
v -35.000457763671875 -37.61030578613281 17.76527214050293
v -19.500072479248047 -37.61030578613281 9.949979782104492
v -31.572858810424805 -37.61030578613281 8.478535652160645
v -48.08076858520508 -37.61030578613281 14.156731605529785
v -25.878278732299805 -37.61030578613281 16.106672286987305
v -61.904815673828125 -37.61030578613281 11.786652565002441
v -76.01287841796875 -37.61030578613281 12.806509971618652
v -34.981178283691406 -37.61030578613281 2.117548942565918
v -52.69620132446289 -37.61030578613281 5.20930814743042
v -17.60057830810547 -37.61030578613281 14.665322303771973
v -17.60057830810547 -37.61030578613281 5.2346367835998535
v -43.13472366333008 -37.61030578613281 19.040376663208008
v -75.32525634765625 -37.61030578613281 14.56064510345459
v -43.13550567626953 -37.61030578613281 0.8598170280456543
v -43.50865173339844 -37.61030578613281 11.674793243408203
v -34.80561065673828 -37.61030578613281 12.287789344787598
v -3.973336935043335 -37.61030578613281 12.435357093811035
v -3.973336935043335 -37.61030578613281 7.4646430015563965
v -67.10484313964844 -37.61030578613281 11.898636817932129
v -50.88795852661133 -37.61030578613281 12.096866607666016
v -30.886953353881836 -37.61030578613281 16.068885803222656
v -7.772356033325195 -37.61030578613281 12.657236099243164
v -56.385704040527344 -37.61030578613281 15.433137893676758
v -39.52920150756836 -37.61030578613281 14.455534934997559
v -70.59558868408203 -37.61030578613281 8.058713912963867
v -57.45389175415039 -37.61030578613281 8.581523895263672
v -20.35880470275879 -37.61030578613281 2.4843220710754395
v -78.685791015625 -37.61030578613281 6.504321098327637
v -52.661773681640625 -37.61030578613281 14.688695907592773
v -32.41242599487305 -37.61030578613281 16.03256607055664
v -16.437715530395508 -37.61030578613281 11.231316566467285
v -2.7340331077575684 -37.61030578613281 12.08293628692627
v -2.7340118885040283 -37.61030578613281 7.8382110595703125
v -11.5408353805542 -37.61030578613281 17.794221878051758
v -11.5408353805542 -37.61030578613281 2.105778932571411
v -7.778469085693359 -37.61030578613281 7.241913795471191
v -55.23798370361328 -37.61030578613281 8.305704116821289
v -55.865291595458984 -37.61030578613281 17.679790496826172
v -16.075410842895508 -37.61030578613281 16.00287437438965
v -16.07550811767578 -37.61030578613281 3.8970589637756348
v -54.3983039855957 -37.61030578613281 15.567030906677246
v -59.84846115112305 -37.61030578613281 13.202567100524902
v -20.331348419189453 -37.61030578613281 17.426969528198242
v -6.9192280769348145 -37.61030578613281 11.112366676330566
v -48.25972366333008 -37.61030578613281 5.617428779602051
v -40.62568283081055 -37.61030578613281 17.15159797668457
v -51.494293212890625 -37.61030578613281 17.283113479614258
v -83.43595886230469 -37.61030578613281 16.8431396484375
v -83.43595123291016 -37.61030578613281 3.0568621158599854
v -6.930294990539551 -37.61030578613281 8.776603698730469
v -79.86781311035156 -37.61030578613281 16.424047470092773
v -79.85865020751953 -37.61030578613281 3.4911880493164062
v -76.43583679199219 -37.61030578613281 0.7954040169715881
v -76.45999908447266 -37.61030578613281 19.099048614501953
v -40.60301208496094 -37.61030578613281 2.7201850414276123
v -45.195457458496094 -37.61030578613281 11.030974388122559
v -78.23020935058594 -37.61030578613281 15.670904159545898
v -81.32530212402344 -37.61030578613281 0.9095669984817505
v -81.32530212402344 -37.61030578613281 18.990432739257812
v -38.18660354614258 -37.61030578613281 19.023611068725586
v -37.79859924316406 -37.61030578613281 15.421754837036133
v -5.798598766326904 -37.61030578613281 11.86139965057373
v -12.654219627380371 -37.61030578613281 13.93805980682373
v -12.654219627380371 -37.61030578613281 5.961939811706543
v -32.26076126098633 -37.61030578613281 18.951101303100586
v -19.3968448638916 -37.61030578613281 14.618599891662598
v -19.3968448638916 -37.61030578613281 5.281400203704834
v -5.837562084197998 -37.61030578613281 8.029748916625977
v -10.954989433288574 -37.61030578613281 5.7016282081604
v -10.954989433288574 -37.61030578613281 14.198371887207031
v -84.78083801269531 -37.61030578613281 10.748773574829102
v -41.68310546875 -37.61030578613281 14.47146224975586
v -64.7496109008789 -37.61030578613281 2.4657680988311768
v -64.7496109008789 -37.61030578613281 17.434232711791992
v -53.66535949707031 -37.61030578613281 17.310400009155273
v -81.79801177978516 -37.61030578613281 7.595573902130127
v -38.182403564453125 -37.61030578613281 0.8720470070838928
v -2.695559024810791 -37.61030578613281 15.331472396850586
v -2.695559024810791 -37.61030578613281 4.568528175354004
v -63.85899353027344 -37.61030578613281 0.916126012802124
v -63.85899353027344 -37.61030578613281 18.98387336730957
v -61.530399322509766 -37.61030578613281 2.871551990509033
v -61.530399322509766 -37.61030578613281 17.0284481048584
v -77.16654968261719 -37.61030578613281 15.530037879943848
v -81.7451400756836 -37.61030578613281 6.577452182769775
v -82.55409240722656 -37.61030578613281 10.688764572143555
v -39.703372955322266 -37.61030578613281 3.325011968612671
v -73.37665557861328 -37.61030578613281 18.92618751525879
v -73.37945556640625 -37.61030578613281 0.9757760167121887
v -72.15403747558594 -37.61030578613281 9.45895004272461
v -79.09795379638672 -37.61030578613281 14.679435729980469
v -51.19697952270508 -37.61030578613281 4.383903980255127
v -65.06501007080078 -37.61030578613281 9.961457252502441
v -26.98280906677246 -37.61030578613281 0.7938910126686096
v -66.95411682128906 -37.61030578613281 9.901354789733887
v -32.33292770385742 -37.61030578613281 0.946819007396698
v -66.16204833984375 -37.61030578613281 8.620157241821289
v -6.290223121643066 -37.61030578613281 0.9141029715538025
v -6.290223121643066 -37.61030578613281 18.985897064208984
v -8.494656562805176 -37.61030578613281 0.758213996887207
v -8.494656562805176 -37.61030578613281 19.141786575317383
v -6.994757175445557 -37.61030578613281 3.2284719944000244
v -6.994757175445557 -37.61030578613281 16.671527862548828
v -19.187362670898438 -37.61030578613281 0.9574660062789917
v -33.55815887451172 -37.61030578613281 6.084472179412842
v -5.044655799865723 -37.61030578613281 17.449216842651367
v -5.044655799865723 -37.61030578613281 2.4507839679718018
v -56.391719818115234 -37.61030578613281 13.714115142822266
v -31.003612518310547 -37.61030578613281 3.815354108810425
v -76.95760345458984 -37.61030578613281 14.357911109924316
v -33.92060089111328 -37.61030578613281 14.914502143859863
v -40.41043472290039 -37.61030578613281 6.083340167999268
v -33.78494644165039 -37.61030578613281 4.108946800231934
v -43.46371841430664 -37.61030578613281 8.313284873962402
v -32.83403778076172 -37.61030578613281 12.363183975219727
v -39.60541534423828 -37.61030578613281 5.099278926849365
v -45.1099853515625 -37.61030578613281 16.549217224121094
v -45.11054992675781 -37.61030578613281 3.350429058074951
v -53.009193420410156 -37.61030578613281 0.7653120160102844
v -52.96524429321289 -37.61030578613281 19.157520294189453
v -74.59833526611328 -37.61030578613281 13.882704734802246
v -51.526947021484375 -37.61030578613281 2.463310956954956
v -84.7578125 -37.61030578613281 8.930471420288086
v -30.09043312072754 -37.61030578613281 13.669767379760742
v -19.174457550048828 -37.61030578613281 18.961061477661133
v -43.41805648803711 -37.61030578613281 15.343658447265625
v -43.42096710205078 -37.61030578613281 4.521087169647217
v -31.633445739746094 -37.61030578613281 2.263824939727783
v -51.27592849731445 -37.61030578613281 18.954421997070312
v -51.276302337646484 -37.61030578613281 0.9454789757728577
v -83.65150451660156 -37.61030578613281 0.8558809757232666
v -83.65150451660156 -37.61030578613281 19.044118881225586
v -36.14864730834961 -37.61030578613281 11.240198135375977
v -36.170536041259766 -37.61030578613281 7.684511184692383
v -67.78877258300781 -37.61030578613281 0.7266809940338135
v -67.78877258300781 -37.61030578613281 19.17331886291504
v -56.698177337646484 -37.61030578613281 19.108434677124023
v -56.686710357666016 -37.61030578613281 0.7575100064277649
v -21.560077667236328 -37.61030578613281 7.217590808868408
v -21.559837341308594 -37.61030578613281 12.682182312011719
v -30.902915954589844 -37.61030578613281 12.153553009033203
v -29.501142501831055 -37.61030578613281 7.802278995513916
v -31.097145080566406 -37.61030578613281 7.21400785446167
v -83.5251693725586 -37.61030578613281 13.772801399230957
v -83.61357116699219 -37.61030578613281 6.359068870544434
v -7.81252908706665 -37.61030578613281 5.44358491897583
v -7.812421798706055 -37.61030578613281 14.456398010253906
v -40.288787841796875 -37.61030578613281 11.657692909240723
v -17.766815185546875 -37.61030578613281 12.235745429992676
v -17.764062881469727 -37.61030578613281 7.669426918029785
v -49.109981536865234 -37.61030578613281 0.8824390172958374
v -49.109989166259766 -37.61030578613281 19.01658058166504
v -70.47774505615234 -37.61030578613281 15.958656311035156
v -71.49465942382812 -37.61030578613281 19.180387496948242
v -71.49465942382812 -37.61030578613281 0.7196120023727417
v -44.32308578491211 -37.61030578613281 6.259596824645996
v -26.92571258544922 -37.61030578613281 19.0924072265625
v -81.62904357910156 -37.61030578613281 4.273573875427246
v -81.56967163085938 -37.61030578613281 15.619894027709961
v -37.32273483276367 -37.61030578613281 10.871317863464355
v -54.684940338134766 -37.61030578613281 14.726408958435059
v -29.213674545288086 -37.61030578613281 0.8844749927520752
v -15.381054878234863 -37.61030578613281 9.915781021118164
v -21.364887237548828 -37.61030578613281 3.100972890853882
v -83.41975402832031 -37.61030578613281 15.756519317626953
v -83.41975402832031 -37.61030578613281 4.1434807777404785
v -58.302860260009766 -37.61030578613281 4.463953018188477
v -16.41903305053711 -37.61030578613281 5.588006019592285
v -16.41982078552246 -37.61030578613281 14.31258487701416
v -57.876495361328125 -37.61030578613281 6.25677490234375
v -54.583316802978516 -37.61030578613281 16.499685287475586
v -15.917243003845215 -37.61030578613281 0.9344879984855652
v -15.917010307312012 -37.61030578613281 18.96542739868164
v -3.651211977005005 -37.61030578613281 10.625646591186523
v -18.862747192382812 -37.61030578613281 10.85676383972168
v -18.862747192382812 -37.61030578613281 9.043235778808594
v -37.75852966308594 -37.61030578613281 12.292738914489746
v -36.441673278808594 -37.61030578613281 3.9148919582366943
v -80.10905456542969 -37.61030578613281 8.190131187438965
v -37.826175689697266 -37.61030578613281 7.4248270988464355
v -80.66680145263672 -37.61030578613281 1.9795180559158325
v -80.66683197021484 -37.61030578613281 17.920486450195312
v -65.90980529785156 -37.61030578613281 3.2229390144348145
v -65.4171371459961 -37.61030578613281 4.238714218139648
v -65.8794174194336 -37.61030578613281 16.68083381652832
v -65.39981842041016 -37.61030578613281 15.681084632873535
v -81.17388153076172 -37.61030578613281 12.135979652404785
v -21.348949432373047 -37.61030578613281 16.81467628479004
v -79.67986297607422 -37.61030578613281 11.12207317352295
v -17.737041473388672 -37.61030578613281 10.008358001708984
v -70.85530853271484 -37.61030578613281 6.315403938293457
v -54.02058029174805 -37.61030578613281 4.17312479019165
v -66.85275268554688 -37.61030578613281 7.963592052459717
v -39.83914566040039 -37.61030578613281 16.493593215942383
v -2.6613340377807617 -37.61030578613281 8.82661247253418
v -38.69611740112305 -37.61030578613281 18.13783836364746
v -62.59485626220703 -37.61030578613281 8.296880722045898
v -41.79531478881836 -37.61030578613281 12.158956527709961
v -3.9821650981903076 -37.61030578613281 15.478740692138672
v -3.9821689128875732 -37.61030578613281 4.421281814575195
v -31.836814880371094 -37.61030578613281 5.451694011688232
v -42.899784088134766 -37.61030578613281 12.493417739868164
v -38.74077224731445 -37.61030578613281 1.8131070137023926
v -40.44746017456055 -37.61030578613281 8.07669734954834
v -74.40567016601562 -37.61030578613281 11.680730819702148
v -30.683351516723633 -37.61030578613281 19.19135284423828
v -56.6679801940918 -37.61030578613281 4.886919975280762
v -29.074186325073242 -37.61030578613281 18.999637603759766
v -31.531566619873047 -37.61030578613281 10.59049129486084
v -76.09564208984375 -37.61030578613281 13.927682876586914
v -72.40919494628906 -37.61030578613281 5.258508205413818
v -70.20709228515625 -37.61030578613281 7.233683109283447
v -78.17979431152344 -37.61030578613281 11.801383972167969
v -41.6132926940918 -37.61030578613281 5.20492696762085
v -41.90790557861328 -37.61030578613281 10.906643867492676
v -77.67958068847656 -37.61030578613281 6.650310039520264
v -19.255353927612305 -37.61030578613281 1.9500290155410767
v -75.78705596923828 -37.61030578613281 10.700634002685547
v -77.73079681396484 -37.61030578613281 13.439489364624023
v -41.449180603027344 -37.61030578613281 0.8472380042076111
v -56.37487030029297 -37.61030578613281 7.13699197769165
v -74.30176544189453 -37.61030578613281 9.956131935119629
v -2.50852108001709 -37.61030578613281 0.8109149932861328
v -2.50852108001709 -37.61030578613281 19.08908462524414
v -30.23112678527832 -37.61030578613281 6.293918132781982
v -70.6485366821289 -37.61030578613281 2.11188006401062
v -70.65866088867188 -37.61030578613281 17.832828521728516
v -21.276222229003906 -37.61030578613281 4.233244895935059
v -21.281869888305664 -37.61030578613281 15.663865089416504
v -30.201719284057617 -37.61030578613281 9.309053421020508
v -49.9840087890625 -37.61030578613281 14.924384117126465
v -75.90848541259766 -37.61030578613281 17.665260314941406
v -7.912539958953857 -37.61030578613281 1.68607497215271
v -7.912539958953857 -37.61030578613281 18.213924407958984
v -74.5311279296875 -37.61030578613281 5.904922962188721
v -53.878196716308594 -37.61030578613281 2.3069310188293457
v -80.6133804321289 -37.61030578613281 13.818599700927734
v -36.497108459472656 -37.61030578613281 16.320268630981445
v -44.35201644897461 -37.61030578613281 13.62939167022705
v -57.4472541809082 -37.61030578613281 4.163029193878174
v -38.914974212646484 -37.61030578613281 13.875036239624023
v -19.238603591918945 -37.61030578613281 17.942121505737305
v -75.8822250366211 -37.61030578613281 2.124166965484619
v -17.219802856445312 -37.61030578613281 6.9953742027282715
v -17.2252197265625 -37.61030578613281 12.91086483001709
v -71.71733093261719 -37.61030578613281 7.755766868591309
v -46.225765228271484 -37.61030578613281 2.170017957687378
v -46.22509002685547 -37.61030578613281 17.73009490966797
v -40.6123046875 -37.61030578613281 19.239307403564453
v -76.43075561523438 -37.61030578613281 11.62412166595459
v -31.495824813842773 -37.61030578613281 11.52184009552002
v -53.50221252441406 -37.61030578613281 13.21171760559082
v -71.64872741699219 -37.61030578613281 17.394723892211914
v -71.64872741699219 -37.61030578613281 2.505276918411255
v -3.8071229457855225 -37.61030578613281 9.202427864074707
v -58.12152099609375 -37.61030578613281 7.333683013916016
v -56.58636474609375 -37.61030578613281 17.281030654907227
v -56.79558181762695 -37.61030578613281 9.443257331848145
v -67.05514526367188 -37.61030578613281 3.5692360401153564
v -67.09867858886719 -37.61030578613281 16.338754653930664
v -30.75527572631836 -37.61030578613281 0.6925349831581116
v -43.6485595703125 -37.61030578613281 16.496257781982422
v -43.649635314941406 -37.61030578613281 3.4033520221710205
v -78.32840728759766 -37.61030578613281 3.802967071533203
v -36.26416015625 -37.61030578613281 8.50228500366211
v -2.354404926300049 -37.61030578613281 18.034374237060547
v -2.354404926300049 -37.61030578613281 1.865625023841858
v -3.4739739894866943 -37.61030578613281 0.7631970047950745
v -3.4739739894866943 -37.61030578613281 19.136802673339844
v -33.4484977722168 -37.61030578613281 13.115216255187988
v -68.26751708984375 -37.61030578613281 5.685103893280029
v -30.02181053161621 -37.61030578613281 10.832728385925293
v -41.485023498535156 -37.61030578613281 19.042495727539062
v -79.25684356689453 -37.61030578613281 1.8500699996948242
v -79.25684356689453 -37.61030578613281 18.049930572509766
v -73.13227081298828 -37.61030578613281 6.857759952545166
v -31.384796142578125 -37.61030578613281 17.663747787475586
v -40.57368469238281 -37.61030578613281 0.6813790202140808
v -81.82614135742188 -37.61030578613281 13.63797378540039
v -51.96471405029297 -37.61030578613281 6.038064002990723
v -56.15208053588867 -37.61030578613281 11.042941093444824
v -61.16751480102539 -37.61030578613281 12.182040214538574
v -18.770713806152344 -37.61030578613281 15.240031242370605
v -18.770742416381836 -37.61030578613281 4.659934997558594
v -38.5381965637207 -37.61030578613281 5.32692813873291
v -24.70706558227539 -37.61030578613281 19.15694236755371
v -24.421218872070312 -37.61030578613281 3.5163040161132812
v -77.4499282836914 -37.61030578613281 11.229583740234375
v -53.6351203918457 -37.61030578613281 5.848893165588379
v -58.299041748046875 -37.61030578613281 15.458101272583008
v -52.3798942565918 -37.61030578613281 13.035040855407715
v -31.950977325439453 -37.61030578613281 6.614195823669434
v -18.256244659423828 -37.61030578613281 0.7427290081977844
v -29.50728416442871 -37.61030578613281 12.782154083251953
v -5.254258155822754 -37.61030578613281 0.8733310103416443
v -5.254258155822754 -37.61030578613281 19.026668548583984
v -33.4358024597168 -37.61030578613281 9.198602676391602
v -14.614632606506348 -37.61030578613281 8.005996704101562
v -14.56495475769043 -37.61030578613281 11.924234390258789
v -64.1553955078125 -37.61030578613281 9.287505149841309
v -83.58860778808594 -37.61030578613281 9.764617919921875
v -48.991939544677734 -37.61030578613281 9.446248054504395
v -41.483604431152344 -37.61030578613281 16.426464080810547
v -71.07625579833984 -37.61030578613281 14.271352767944336
v -23.162246704101562 -37.61030578613281 15.52854061126709
v -41.47453689575195 -37.61030578613281 3.446381092071533
v -16.287050247192383 -37.61030578613281 1.8360739946365356
v -16.28672218322754 -37.61030578613281 18.06380844116211
v -81.29228210449219 -37.61030578613281 8.386128425598145
v -77.2740707397461 -37.61030578613281 5.287848949432373
v -6.361839771270752 -37.61030578613281 14.245595932006836
v -6.361839771270752 -37.61030578613281 5.654404163360596
v -63.97380447387695 -37.61030578613281 18.113670349121094
v -63.97380447387695 -37.61030578613281 1.7863290309906006
v -79.74545288085938 -37.61030578613281 9.176604270935059
v -40.15251159667969 -37.61030578613281 4.253251075744629
v -57.71285629272461 -37.61030578613281 13.91421890258789
v -80.429443359375 -37.61030578613281 9.80990982055664
v -33.30767059326172 -37.61030578613281 11.459989547729492
v -24.724517822265625 -37.61030578613281 0.7565820217132568
v -18.251026153564453 -37.61030578613281 19.160356521606445
v -65.21185302734375 -37.61030578613281 6.845821857452393
v -84.99628448486328 -37.61030578613281 18.027925491333008
v -84.99628448486328 -37.61030578613281 1.8720749616622925
v -18.99143409729004 -37.61030578613281 13.687938690185547
v -18.991220474243164 -37.61030578613281 6.211977005004883
v -30.972347259521484 -37.61030578613281 13.098682403564453
v -50.76026916503906 -37.61030578613281 16.827499389648438
v -53.394615173339844 -37.61030578613281 6.907671928405762
v -26.13337516784668 -37.61030578613281 5.765965938568115
v -36.336090087890625 -37.61030578613281 13.487982749938965
v -2.518420934677124 -37.61030578613281 16.464860916137695
v -2.518420934677124 -37.61030578613281 3.4351389408111572
v -13.867033958435059 -37.61030578613281 15.61069393157959
v -13.867033958435059 -37.61030578613281 4.289306163787842
v -96.2005386352539 13.389694213867188 9.949999809265137
v -95.26990509033203 13.389694213867188 8.636527061462402
v -95.34207153320312 13.389694213867188 11.282089233398438
v -97.13117218017578 13.389694213867188 11.263472557067871
v -97.05900573730469 13.389694213867188 8.617911338806152
v -94.89269256591797 13.389694213867188 9.871001243591309
v -97.50838470458984 13.389694213867188 10.028999328613281
v -96.21310424804688 13.389694213867188 11.964737892150879
v -96.18798065185547 13.389694213867188 7.935262203216553
v -94.69837188720703 13.389694213867188 7.920298099517822
v -94.71458435058594 13.389694213867188 11.982804298400879
v -97.70270538330078 13.389694213867188 11.97970199584961
v -97.68649291992188 13.389694213867188 7.917195796966553
v -96.26905059814453 13.389694213867188 10.892351150512695
v -96.13202667236328 13.389694213867188 9.007649421691895
v -94.3807373046875 13.389694213867188 8.770000457763672
v -97.75254821777344 13.389694213867188 8.922078132629395
v -94.64852905273438 13.389694213867188 10.977922439575195
v -98.02033996582031 13.389694213867188 11.130000114440918
v -96.91046142578125 13.389694213867188 9.340479850769043
v -95.4906234741211 13.389694213867188 10.55951976776123
v -37.77587127685547 -42.61030578613281 9.98643970489502
v -80.21833038330078 -42.61030578613281 9.918964385986328
v -52.92863845825195 -42.61030578613281 9.89983081817627
v -65.34527587890625 -42.61030578613281 9.949999809265137
v -45.16302490234375 -42.61030578613281 8.122377395629883
v -72.76632690429688 -42.61030578613281 12.176779747009277
v -18.588205337524414 -42.61030578613281 7.586627006530762
v -3.418498992919922 -42.61030578613281 12.458145141601562
v -17.96734619140625 -42.61030578613281 13.693944931030273
v -59.21120834350586 -42.61030578613281 6.855337142944336
v -4.0767741203308105 -42.61030578613281 6.183080196380615
v -32.906192779541016 -42.61030578613281 6.149653911590576
v -32.83167266845703 -42.61030578613281 13.945443153381348
v -58.58290481567383 -42.61030578613281 13.221630096435547
v -75.0518569946289 -42.61030578613281 6.339931011199951
v -47.86402893066406 -42.61030578613281 13.658693313598633
v -84.62447357177734 -42.61030578613281 14.011013984680176
v -84.78024291992188 -42.61030578613281 6.031396865844727
v -41.87649917602539 -42.61030578613281 13.827881813049316
v -69.43041229248047 -42.61030578613281 5.874378204345703
v -7.326980113983154 -42.61030578613281 15.02772045135498
v -22.585580825805664 -42.61030578613281 4.881712913513184
v -14.708641052246094 -42.61030578613281 4.949728965759277
v -22.438907623291016 -42.61030578613281 14.955660820007324
v -40.47133255004883 -42.61030578613281 5.6849799156188965
v -50.21086120605469 -42.61030578613281 5.568218231201172
v -68.09626770019531 -42.61030578613281 14.649275779724121
v -77.53215026855469 -42.61030578613281 14.580307006835938
v -63.65373611450195 -42.61030578613281 5.219778060913086
v -53.76249313354492 -42.61030578613281 14.89538860321045
v -79.83849334716797 -42.61030578613281 4.966012001037598
v -13.845135688781738 -42.61030578613281 15.423431396484375
v -63.13317108154297 -42.61030578613281 15.025398254394531
v -8.231717109680176 -42.61030578613281 4.546617031097412
v -28.751445770263672 -42.61030578613281 15.650786399841309
v -28.70571517944336 -42.61030578613281 4.366621017456055
v -37.4057502746582 -42.61030578613281 15.017935752868652
v -54.84935760498047 -42.61030578613281 4.790331840515137
v -20.624460220336914 -42.61030578613281 10.835124015808105
v -1.0984989404678345 -42.61030578613281 9.196633338928223
v -31.756101608276367 -42.61030578613281 10.01693058013916
v -86.3843002319336 -42.61030578613281 9.834229469299316
v -36.52010726928711 -42.61030578613281 4.164090156555176
v -0.7344790101051331 -42.61030578613281 15.79779052734375
v -16.256277084350586 -42.61030578613281 10.557031631469727
v -5.713336944580078 -42.61030578613281 9.62116813659668
v -18.339292526245117 -42.61030578613281 3.846079111099243
v -0.7177510261535645 -42.61030578613281 4.129664897918701
v -41.76617431640625 -42.61030578613281 9.918852806091309
v -69.42452239990234 -42.61030578613281 9.834574699401855
v -61.28559494018555 -42.61030578613281 10.36137866973877
v -48.919769287109375 -42.61030578613281 9.808982849121094
v -44.227420806884766 -42.61030578613281 3.8165509700775146
v -76.19448852539062 -42.61030578613281 10.122360229492188
v -81.27873992919922 -42.61030578613281 15.941839218139648
v -71.5682601928711 -42.61030578613281 16.125778198242188
v -56.822166442871094 -42.61030578613281 9.929888725280762
v -45.08040237426758 -42.61030578613281 16.110271453857422
v -72.39280700683594 -42.61030578613281 3.701540946960449
v -11.455791473388672 -42.61030578613281 5.125736236572266
v -10.608248710632324 -42.61030578613281 14.75085735321045
v -50.57737350463867 -42.61030578613281 16.376903533935547
v -25.43082618713379 -42.61030578613281 3.4774041175842285
v -25.479690551757812 -42.61030578613281 16.503917694091797
v -60.62921142578125 -42.61030578613281 3.5846118927001953
v -45.00298309326172 -42.61030578613281 11.528716087341309
v -21.818750381469727 -42.61030578613281 7.896347999572754
v -4.1937689781188965 -42.61030578613281 16.46151351928711
v -19.60649871826172 -42.61030578613281 16.712045669555664
v -87.33660125732422 -42.61030578613281 16.56159782409668
v -87.19043731689453 -42.61030578613281 3.5112740993499756
v -56.84815979003906 -42.61030578613281 16.366971969604492
v -0.10698600113391876 -42.61030578613281 12.286291122436523
v -29.987939834594727 -42.61030578613281 7.278282165527344
v -29.941181182861328 -42.61030578613281 12.593490600585938
v -72.67140197753906 -42.61030578613281 8.757113456726074
v -76.76297760009766 -42.61030578613281 3.4475579261779785
v -66.92411041259766 -42.61030578613281 3.3615779876708984
v -5.336531162261963 -42.61030578613281 3.255091905593872
v -34.5665283203125 -42.61030578613281 16.6965389251709
v -51.11543655395508 -42.61030578613281 12.779644012451172
v -34.8731689453125 -42.61030578613281 8.68272876739502
v -15.084554672241211 -42.61030578613281 7.899779796600342
v -31.57921600341797 -42.61030578613281 3.2906649112701416
v -82.75729370117188 -42.61030578613281 3.2720799446105957
v -60.16357421875 -42.61030578613281 16.581254959106445
v -7.111749172210693 -42.61030578613281 12.178849220275879
v -74.94666290283203 -42.61030578613281 16.637372970581055
v -7.341897964477539 -42.61030578613281 7.25474214553833
v -47.754085540771484 -42.61030578613281 3.2529940605163574
v -14.49277400970459 -42.61030578613281 12.867591857910156
v -83.56824493408203 -42.61030578613281 10.839127540588379
v -35.3781852722168 -42.61030578613281 12.441261291503906
v -40.2203483581543 -42.61030578613281 16.69036102294922
v -16.39673614501953 -42.61030578613281 16.62419319152832
v -78.01422882080078 -42.61030578613281 7.548058032989502
v -31.34164810180664 -42.61030578613281 16.80559730529785
v -66.36701965332031 -42.61030578613281 6.959437847137451
v -57.519657135009766 -42.61030578613281 3.134653091430664
v -65.72066497802734 -42.61030578613281 16.676250457763672
v -39.09115219116211 -42.61030578613281 12.554670333862305
v -82.20913696289062 -42.61030578613281 7.2365498542785645
v -52.26456832885742 -42.61030578613281 3.2227280139923096
v -87.45985412597656 -42.61030578613281 12.768674850463867
v -87.76351928710938 -42.61030578613281 7.076418876647949
v -80.16468048095703 -42.61030578613281 13.033414840698242
v -37.72825241088867 -42.61030578613281 6.7230448722839355
v -65.36013793945312 -42.61030578613281 12.84166431427002
v -84.22606658935547 -42.61030578613281 16.95426368713379
v -52.74848937988281 -42.61030578613281 6.825214862823486
v -63.12413024902344 -42.61030578613281 8.03121566772461
v -12.976896286010742 -42.61030578613281 2.769244909286499
v -26.09559440612793 -42.61030578613281 5.794726848602295
v -26.023176193237305 -42.61030578613281 13.895480155944824
v -54.913658142089844 -42.61030578613281 12.25037956237793
v -22.760150909423828 -42.61030578613281 12.454080581665039
v -20.848480224609375 -42.61030578613281 2.696605920791626
v -9.173258781433105 -42.61030578613281 17.146432876586914
v -10.2709321975708 -42.61030578613281 2.710684061050415
v -38.776119232177734 -42.61030578613281 2.831242084503174
v 0.500540018081665 -42.61030578613281 6.566259860992432
v -11.818231582641602 -42.61030578613281 17.14324378967285
v -69.67008972167969 -42.61030578613281 2.8521320819854736
v -15.907508850097656 -42.61030578613281 2.5857770442962646
v -69.81848907470703 -42.61030578613281 12.488051414489746
v -56.30303192138672 -42.61030578613281 7.2237420082092285
v -78.72982788085938 -42.61030578613281 17.120197296142578
v -69.15745544433594 -42.61030578613281 17.06846046447754
v -47.7321891784668 -42.61030578613281 17.147817611694336
v -42.42902374267578 -42.61030578613281 7.428037166595459
v -47.25897216796875 -42.61030578613281 6.213916778564453
v -20.015609741210938 -42.61030578613281 5.408031940460205
v -41.82863235473633 -42.61030578613281 2.8128890991210938
v -75.44749450683594 -42.61030578613281 12.819734573364258
v -34.304588317871094 -42.61030578613281 2.6599209308624268
v -20.247129440307617 -42.61030578613281 13.279037475585938
v -23.84475326538086 -42.61030578613281 6.868528842926025
v -61.366153717041016 -42.61030578613281 12.81777572631836
v -3.3231890201568604 -42.61030578613281 10.092814445495605
v -16.970312118530273 -42.61030578613281 5.736405849456787
v -23.108081817626953 -42.61030578613281 17.401582717895508
v -18.668527603149414 -42.61030578613281 9.801345825195312
v -5.245518207550049 -42.61030578613281 13.718159675598145
v -63.10254669189453 -42.61030578613281 2.47975492477417
v -13.096549034118652 -42.61030578613281 6.624320030212402
v -71.9249496459961 -42.61030578613281 6.238716125488281
v -53.01502227783203 -42.61030578613281 17.369714736938477
v -42.7534065246582 -42.61030578613281 17.308704376220703
v -2.813852071762085 -42.61030578613281 2.552104949951172
v -6.3976311683654785 -42.61030578613281 17.568262100219727
v -35.37657928466797 -42.61030578613281 6.29600715637207
v -84.20193481445312 -42.61030578613281 8.51145076751709
v -12.474228858947754 -42.61030578613281 13.480793952941895
v -67.82909393310547 -42.61030578613281 11.57596492767334
v -9.493078231811523 -42.61030578613281 6.330985069274902
v -23.22339630126953 -42.61030578613281 2.763468027114868
v -77.59880828857422 -42.61030578613281 12.336967468261719
v -61.52375411987305 -42.61030578613281 5.950678825378418
v -79.20085906982422 -42.61030578613281 2.51029896736145
v -9.165534973144531 -42.61030578613281 13.085759162902832
v -33.47201919555664 -42.61030578613281 11.517401695251465
v -40.27765655517578 -42.61030578613281 8.07196044921875
v -27.613874435424805 -42.61030578613281 2.3681581020355225
v -27.718103408813477 -42.61030578613281 17.511632919311523
v -62.8715934753418 -42.61030578613281 17.494909286499023
v -73.66893768310547 -42.61030578613281 14.487159729003906
v -36.73116683959961 -42.61030578613281 17.505428314208984
v -16.02960205078125 -42.61030578613281 14.469806671142578
v -74.50350189208984 -42.61030578613281 2.7260921001434326
v -63.35050582885742 -42.61030578613281 11.607654571533203
v -49.86444091796875 -42.61030578613281 2.4504079818725586
v -6.1476731300354 -42.61030578613281 5.392289161682129
v -85.0107650756836 -42.61030578613281 2.3973560333251953
v 0.7528690099716187 -42.61030578613281 17.609010696411133
v -50.42958450317383 -42.61030578613281 7.8037261962890625
v -7.351798057556152 -42.61030578613281 2.107959032058716
v -1.8294320106506348 -42.61030578613281 6.8530659675598145
v -30.826919555664062 -42.61030578613281 14.692132949829102
v -55.2423210144043 -42.61030578613281 2.2893528938293457
v -27.884126663208008 -42.61030578613281 6.88324499130249
v -27.902324676513672 -42.61030578613281 13.131451606750488
v -44.27275848388672 -42.61030578613281 13.642231941223145
v 1.016502022743225 -42.61030578613281 14.104324340820312
v -59.23258972167969 -42.61030578613281 9.375809669494629
v -14.569677352905273 -42.61030578613281 17.881847381591797
v -2.582418918609619 -42.61030578613281 14.906869888305664
v -30.833208084106445 -42.61030578613281 5.257669925689697
v -56.27879333496094 -42.61030578613281 14.191784858703613
v -2.2576560974121094 -42.61030578613281 17.719226837158203
v 1.1350200176239014 -42.61030578613281 2.1372010707855225
v -29.716764450073242 -42.61030578613281 9.342263221740723
v -22.272113800048828 -42.61030578613281 9.962759017944336
v 0.9487199783325195 -42.61030578613281 10.13769817352295
v -82.37737274169922 -42.61030578613281 13.89144229888916
v -46.621219635009766 -42.61030578613281 9.832233428955078
v -18.83991241455078 -42.61030578613281 11.840717315673828
v -34.940528869628906 -42.61030578613281 14.445556640625
v -17.02198028564453 -42.61030578613281 8.397974014282227
v -5.205029010772705 -42.61030578613281 11.640213012695312
v -24.062623977661133 -42.61030578613281 13.871184349060059
v -42.88127517700195 -42.61030578613281 11.933384895324707
v -14.481218338012695 -42.61030578613281 10.762083053588867
v -54.87541580200195 -42.61030578613281 17.808395385742188
v -7.620861053466797 -42.61030578613281 9.206132888793945
v -88.4178695678711 -42.61030578613281 9.089991569519043
v -45.631004333496094 -42.61030578613281 2.1663079261779785
v -68.5278091430664 -42.61030578613281 7.757483959197998
v -55.10662078857422 -42.61030578613281 8.717187881469727
v -76.96209716796875 -42.61030578613281 5.701475143432617
v -29.701526641845703 -42.61030578613281 1.9886120557785034
v -31.721500396728516 -42.61030578613281 7.677215099334717
v -73.1205825805664 -42.61030578613281 17.523527145385742
v -57.68301010131836 -42.61030578613281 5.28134822845459
v -43.839599609375 -42.61030578613281 9.532000541687012
v -16.48412322998047 -42.61030578613281 12.343140602111816
v -24.361228942871094 -42.61030578613281 5.015531063079834
v -20.124366760253906 -42.61030578613281 8.842582702636719
v -50.96826171875 -42.61030578613281 10.646777153015137
v -73.96707916259766 -42.61030578613281 10.578866958618164
v -2.602510929107666 -42.61030578613281 4.790212154388428
v -85.25972747802734 -42.61030578613281 11.909525871276855
v -70.6707992553711 -42.61030578613281 7.941922187805176
v -49.05217742919922 -42.61030578613281 11.954122543334961
v -4.269153118133545 -42.61030578613281 8.58365535736084
v -36.96770477294922 -42.61030578613281 2.0449891090393066
v -61.08586883544922 -42.61030578613281 8.13188362121582
v -74.79895782470703 -42.61030578613281 8.549856185913086
v -59.378692626953125 -42.61030578613281 11.407631874084473
v -65.15937805175781 -42.61030578613281 2.1631920337677
v -39.59280014038086 -42.61030578613281 10.546713829040527
v -88.60100555419922 -42.61030578613281 14.928775787353516
v -88.60100555419922 -42.61030578613281 4.971223831176758
v -76.543212890625 -42.61030578613281 18.001590728759766
v -71.44829559326172 -42.61030578613281 10.502217292785645
v -39.449012756347656 -42.61030578613281 14.734580039978027
v -29.7067813873291 -42.61030578613281 18.073638916015625
v -38.53489303588867 -42.61030578613281 5.07213020324707
v -1.6999410390853882 -42.61030578613281 11.392900466918945
v -82.22762298583984 -42.61030578613281 17.79865264892578
v -58.6099967956543 -42.61030578613281 17.684616088867188
v 1.253288984298706 -42.61030578613281 4.633109092712402
v -82.1673812866211 -42.61030578613281 5.199199199676514
v -20.97994041442871 -42.61030578613281 17.93600082397461
v -44.32976150512695 -42.61030578613281 6.077423095703125
v -34.24291229248047 -42.61030578613281 4.673957824707031
v -71.5792465209961 -42.61030578613281 13.885037422180176
v -88.80368041992188 -42.61030578613281 1.872087001800537
v -88.6917953491211 -42.61030578613281 17.94624137878418
v -59.275997161865234 -42.61030578613281 2.135859966278076
v -56.957462310791016 -42.61030578613281 11.965520858764648
v -67.23942565917969 -42.61030578613281 9.603753089904785
v -29.110084533691406 -42.61030578613281 11.03316879272461
v -31.751785278320312 -42.61030578613281 11.98838996887207
v -47.79603576660156 -42.61030578613281 7.993118762969971
v -42.577274322509766 -42.61030578613281 5.097187042236328
v -51.81304168701172 -42.61030578613281 14.728070259094238
v -78.15245819091797 -42.61030578613281 9.673524856567383
v -35.71567916870117 -42.61030578613281 10.276468276977539
v -18.154117584228516 -42.61030578613281 17.936262130737305
v -19.050996780395508 -42.61030578613281 1.9459669589996338
v -1.038512945175171 -42.61030578613281 13.81351375579834
v -81.2277603149414 -42.61030578613281 1.9847739934921265
v -47.004356384277344 -42.61030578613281 11.800653457641602
v -17.94879913330078 -42.61030578613281 15.598440170288086
v -79.53792572021484 -42.61030578613281 15.073892593383789
v -71.07022857666016 -42.61030578613281 18.006393432617188
v -58.62705993652344 -42.61030578613281 15.366933822631836
v -82.1330795288086 -42.61030578613281 9.29716682434082
v -20.621126174926758 -42.61030578613281 15.043258666992188
v -71.45127868652344 -42.61030578613281 1.9310929775238037
v -74.05807495117188 -42.61030578613281 4.543965816497803
v -32.99402618408203 -42.61030578613281 18.133075714111328
v -49.729164123535156 -42.61030578613281 14.218947410583496
v -85.7392578125 -42.61030578613281 17.87071418762207
v -69.94718933105469 -42.61030578613281 15.014613151550293
v -38.66801452636719 -42.61030578613281 17.92091941833496
v -88.80361938476562 -42.61030578613281 11.157837867736816
v -53.03984451293945 -42.61030578613281 13.167338371276855
v -0.9411010146141052 -42.61030578613281 1.8678719997406006
v -45.9149284362793 -42.61030578613281 17.93746566772461
v -36.589778900146484 -42.61030578613281 8.335145950317383
v -86.58866882324219 -42.61030578613281 14.503595352172852
v -86.49366760253906 -42.61030578613281 5.526388168334961
v -80.0191879272461 -42.61030578613281 7.984260082244873
v -67.3305435180664 -42.61030578613281 18.022111892700195
v -52.04248046875 -42.61030578613281 5.075544834136963
v -46.87955856323242 -42.61030578613281 15.32772159576416
v -67.45384216308594 -42.61030578613281 5.288463115692139
v -32.91461944580078 -42.61030578613281 15.664750099182129
v 1.4214470386505127 -42.61030578613281 8.345829010009766
v -81.4713363647461 -42.61030578613281 11.403422355651855
v -66.2130126953125 -42.61030578613281 14.807474136352539
v -43.71851348876953 -42.61030578613281 1.8596680164337158
v -49.52434158325195 -42.61030578613281 17.936124801635742
v -75.71720123291016 -42.61030578613281 14.662803649902344
v -43.37662887573242 -42.61030578613281 15.320122718811035
v -26.961082458496094 -42.61030578613281 4.35344123840332
v -26.909561157226562 -42.61030578613281 15.575455665588379
v -10.919028282165527 -42.61030578613281 13.087725639343262
v -11.16857624053955 -42.61030578613281 6.767290115356445
v -46.179771423339844 -42.61030578613281 4.482524871826172
v -5.696957111358643 -42.61030578613281 7.334097862243652
v -14.157501220703125 -42.61030578613281 9.17505168914795
v -8.12027359008789 -42.61030578613281 10.910286903381348
v -37.43230056762695 -42.61030578613281 13.279664993286133
v -68.03191375732422 -42.61030578613281 1.8677040338516235
v -61.22465133666992 -42.61030578613281 14.988076210021973
v -80.38004302978516 -42.61030578613281 18.152820587158203
v -21.491056442260742 -42.61030578613281 6.331951141357422
v -23.957988739013672 -42.61030578613281 15.637415885925293
v -70.71221160888672 -42.61030578613281 4.435464859008789
v -13.077670097351074 -42.61030578613281 4.450287818908691
v -54.55959701538086 -42.61030578613281 6.6443400382995605
v -61.33491516113281 -42.61030578613281 1.8476150035858154
v -24.739246368408203 -42.61030578613281 1.7540830373764038
v -5.679365158081055 -42.61030578613281 15.681771278381348
v -59.512149810791016 -42.61030578613281 5.077667236328125
v -4.8315558433532715 -42.61030578613281 18.16197395324707
v -85.79368591308594 -42.61030578613281 7.518740177154541
v -84.39086151123047 -42.61030578613281 4.157965183258057
v -24.745710372924805 -42.61030578613281 18.146459579467773
v -40.94001770019531 -42.61030578613281 11.98071002960205
v -64.51492309570312 -42.61030578613281 6.796188831329346
v -9.02051067352295 -42.61030578613281 15.440617561340332
v -16.36387062072754 -42.61030578613281 4.265381813049316
v -9.959691047668457 -42.61030578613281 4.358805179595947
v -14.365551948547363 -42.61030578613281 1.679690957069397
v -12.18496036529541 -42.61030578613281 15.202810287475586
v -23.28823471069336 -42.61030578613281 8.66760540008545
v -53.38450241088867 -42.61030578613281 1.780819058418274
v -32.75277328491211 -42.61030578613281 1.776278018951416
v -20.055509567260742 -42.61030578613281 6.957330226898193
v -2.5582199096679688 -42.61030578613281 8.395145416259766
v -77.56436920166016 -42.61030578613281 1.7447420358657837
v -63.14525604248047 -42.61030578613281 9.79005241394043
v -62.31398391723633 -42.61030578613281 4.234002113342285
v -73.57913208007812 -42.61030578613281 7.2064290046691895
v -86.724609375 -42.61030578613281 1.812000036239624
v -63.420745849609375 -42.61030578613281 13.34378433227539
v -60.7974853515625 -42.61030578613281 18.069765090942383
v -65.64118194580078 -42.61030578613281 4.9394450187683105
v -64.64208221435547 -42.61030578613281 18.019176483154297
v -28.722766876220703 -42.61030578613281 8.168831825256348
v -18.52410316467285 -42.61030578613281 5.946077823638916
v -46.125858306884766 -42.61030578613281 13.379626274108887
v -56.707000732421875 -42.61030578613281 18.21837043762207
v -4.388833045959473 -42.61030578613281 1.8171390295028687
v -15.641745567321777 -42.61030578613281 6.401228904724121
v -33.36051940917969 -42.61030578613281 9.810683250427246
v -51.24496078491211 -42.61030578613281 18.161474227905273
v -8.86530876159668 -42.61030578613281 7.723228931427002
v -83.0942611694336 -42.61030578613281 15.511492729187012
v -17.23140525817871 -42.61030578613281 1.5870540142059326
v -11.629751205444336 -42.61030578613281 1.6150469779968262
v -40.446563720703125 -42.61030578613281 1.7011569738388062
v -55.20133590698242 -42.61030578613281 15.914615631103516
v 1.5727139711380005 -42.61030578613281 11.764100074768066
v -41.20764923095703 -42.61030578613281 18.143388748168945
v -57.634307861328125 -42.61030578613281 8.371756553649902
v -10.442301750183105 -42.61030578613281 18.319446563720703
v -48.92900848388672 -42.61030578613281 6.747447967529297
v -76.46665954589844 -42.61030578613281 7.572257995605469
v -24.383995056152344 -42.61030578613281 12.264781951904297
v -13.461159706115723 -42.61030578613281 12.248915672302246
v -48.289207458496094 -42.61030578613281 1.7052650451660156
v -14.582929611206055 -42.61030578613281 3.375840902328491
v -20.974727630615234 -42.61030578613281 4.258121967315674
v -67.38481140136719 -42.61030578613281 16.20074462890625
v -44.19644546508789 -42.61030578613281 18.21129035949707
v -80.9111328125 -42.61030578613281 3.7403249740600586
v -52.00857925415039 -42.61030578613281 8.516626358032227
v -29.28548240661621 -42.61030578613281 6.041656017303467
v -21.617488861083984 -42.61030578613281 16.348148345947266
v -29.322437286376953 -42.61030578613281 14.068355560302734
v 1.5226680040359497 -42.61030578613281 15.924527168273926
v -37.210182189941406 -42.61030578613281 11.589512825012207
v -33.51700973510742 -42.61030578613281 7.634215831756592
v -35.19849395751953 -42.61030578613281 18.089902877807617
v -23.25968360900879 -42.61030578613281 11.118012428283691
v -48.501922607421875 -42.61030578613281 4.734105110168457
v -83.28482818603516 -42.61030578613281 1.875465989112854
v -6.586260795593262 -42.61030578613281 3.822877883911133
v -9.1661376953125 -42.61030578613281 1.594444990158081
v -21.95698356628418 -42.61030578613281 1.6551690101623535
v -38.568023681640625 -42.61030578613281 8.487170219421387
v -4.391477108001709 -42.61030578613281 4.635723114013672
v -85.55033874511719 -42.61030578613281 15.873659133911133
v -76.6518783569336 -42.61030578613281 16.05828285217285
v -56.73515319824219 -42.61030578613281 1.6135530471801758
v -48.552452087402344 -42.61030578613281 15.52626895904541
v -41.562255859375 -42.61030578613281 15.700180053710938
v -8.069826126098633 -42.61030578613281 18.304231643676758
v -78.40972137451172 -42.61030578613281 4.026358127593994
v -32.512386322021484 -42.61030578613281 4.6052470207214355
v -54.590614318847656 -42.61030578613281 10.50248908996582
v -83.56824493408203 -42.61030578613281 12.582215309143066
v -15.86258316040039 -42.61030578613281 18.18503761291504
v -0.3915869891643524 -42.61030578613281 18.162776947021484
v -30.259967803955078 -42.61030578613281 3.7038989067077637
v -79.4677734375 -42.61030578613281 11.389989852905273
v -35.683353424072266 -42.61030578613281 16.025957107543945
v -52.59637451171875 -42.61030578613281 11.526455879211426
v -11.582337379455566 -42.61030578613281 3.473181962966919
v -51.394229888916016 -42.61030578613281 1.6254329681396484
v -75.21755981445312 -42.61030578613281 18.296289443969727
v -7.638236999511719 -42.61030578613281 13.598734855651855
v -15.530983924865723 -42.61030578613281 9.263581275939941
v -6.645233154296875 -42.61030578613281 10.772785186767578
v -68.67414855957031 -42.61030578613281 4.201239109039307
v -64.11847686767578 -42.61030578613281 16.378374099731445
v -38.48291778564453 -42.61030578613281 16.38884735107422
v -53.8787727355957 -42.61030578613281 3.46382999420166
v -65.35274505615234 -42.61030578613281 8.280997276306152
v -40.695640563964844 -42.61030578613281 3.631838083267212
v -34.47859191894531 -42.61030578613281 12.980417251586914
v -6.206676006317139 -42.61030578613281 1.6360089778900146
v -84.65481567382812 -42.61030578613281 10.18612289428711
v -73.08938598632812 -42.61030578613281 1.637747049331665
v -67.2457504272461 -42.61030578613281 13.17212200164795
v -50.74129867553711 -42.61030578613281 3.8599140644073486
v -15.086824417114258 -42.61030578613281 15.953007698059082
v -21.83057975769043 -42.61030578613281 13.672364234924316
v -10.555364608764648 -42.61030578613281 16.31769371032715
v -17.691343307495117 -42.61030578613281 10.961063385009766
v -8.16907024383545 -42.61030578613281 6.098628997802734
v -73.35892486572266 -42.61030578613281 16.000205993652344
v -12.804702758789062 -42.61030578613281 18.35287094116211
v -25.061695098876953 -42.61030578613281 7.098688125610352
v -0.789546012878418 -42.61030578613281 5.340875148773193
v -17.16242790222168 -42.61030578613281 6.9897661209106445
v -31.327625274658203 -42.61030578613281 13.284041404724121
v -65.96765899658203 -42.61030578613281 11.461160659790039
v -19.17693328857422 -42.61030578613281 14.69530200958252
v -76.05572509765625 -42.61030578613281 1.6628309488296509
v -79.10213470458984 -42.61030578613281 6.463953971862793
v -13.998624801635742 -42.61030578613281 14.009873390197754
v -21.218799591064453 -42.61030578613281 12.164407730102539
v -6.518689155578613 -42.61030578613281 8.390344619750977
v -83.40992736816406 -42.61030578613281 7.254197120666504
v -29.94346809387207 -42.61030578613281 16.38233184814453
v -36.81675720214844 -42.61030578613281 5.744863033294678
v -89.07486724853516 -42.61030578613281 16.284618377685547
v -89.07486724853516 -42.61030578613281 3.615381956100464
v -7.816849231719971 -42.61030578613281 16.622753143310547
v -19.61617660522461 -42.61030578613281 18.383033752441406
v -64.28477478027344 -42.61030578613281 3.4029369354248047
v -56.22245407104492 -42.61030578613281 4.120057106018066
v -4.363542079925537 -42.61030578613281 14.683302879333496
v -13.440472602844238 -42.61030578613281 8.08602237701416
v -89.63320922851562 -42.61030578613281 13.057171821594238
v -89.2617416381836 -42.61030578613281 6.897621154785156
v -78.69347381591797 -42.61030578613281 13.382768630981445
v -31.291332244873047 -42.61030578613281 6.557908058166504
v -76.19818115234375 -42.61030578613281 4.580153942108154
v -39.53065872192383 -42.61030578613281 6.389743804931641
v -26.31515121459961 -42.61030578613281 1.3666820526123047
v -30.575401306152344 -42.61030578613281 10.908809661865234
v -26.302106857299805 -42.61030578613281 18.55150604248047
v -2.777543067932129 -42.61030578613281 16.348390579223633
v -35.41230392456055 -42.61030578613281 1.4939990043640137
v -30.981847763061523 -42.61030578613281 1.7556170225143433
v -31.105981826782227 -42.61030578613281 18.372243881225586
v -0.12709300220012665 -42.61030578613281 10.568713188171387
v -59.715450286865234 -42.61030578613281 14.493285179138184
v -83.918212890625 -42.61030578613281 18.709564208984375
v -45.770172119140625 -42.61030578613281 6.369814872741699
v -21.249340057373047 -42.61030578613281 9.49837589263916
v -40.426727294921875 -42.61030578613281 13.69840145111084
v -63.18598937988281 -42.61030578613281 6.218367099761963
v -38.31038284301758 -42.61030578613281 1.5742499828338623
v -86.83247375488281 -42.61030578613281 11.371277809143066
v -8.85593032836914 -42.61030578613281 3.1428699493408203
v -51.158016204833984 -42.61030578613281 6.32670783996582
v -19.53477668762207 -42.61030578613281 3.696160078048706
v -54.895877838134766 -42.61030578613281 13.659549713134766
v -87.3199691772461 -42.61030578613281 8.262327194213867
v -66.64029693603516 -42.61030578613281 1.3527779579162598
v -59.013240814208984 -42.61030578613281 3.540402889251709
v -13.217238426208496 -42.61030578613281 16.73967933654785
v -26.078292846679688 -42.61030578613281 12.63468074798584
v -61.971771240234375 -42.61030578613281 16.62163734436035
v -69.06509399414062 -42.61030578613281 11.318062782287598
v -53.52309799194336 -42.61030578613281 5.569991111755371
v -26.832117080688477 -42.61030578613281 7.250964164733887
v -73.17931365966797 -42.61030578613281 5.519774913787842
v -1.9118609428405762 -42.61030578613281 12.735403060913086
v -41.30076599121094 -42.61030578613281 6.694610118865967
v -64.5738296508789 -42.61030578613281 14.614683151245117
v -68.50330352783203 -42.61030578613281 13.230948448181152
v -61.946624755859375 -42.61030578613281 11.732975006103516
v -80.82228088378906 -42.61030578613281 14.440982818603516
v -76.8980941772461 -42.61030578613281 13.230496406555176
v -53.52928924560547 -42.61030578613281 8.323155403137207
v -4.547526836395264 -42.61030578613281 10.352603912353516
v -80.77061462402344 -42.61030578613281 6.252552032470703
v -0.556693971157074 -42.61030578613281 7.585023880004883
v -41.57698440551758 -42.61030578613281 8.46665096282959
v -76.39312744140625 -42.61030578613281 11.440597534179688
v -57.97554016113281 -42.61030578613281 10.886009216308594
v -15.583145141601562 -42.61030578613281 11.337410926818848
v -27.74458122253418 -42.61030578613281 5.4583210945129395
v -86.12692260742188 -42.61030578613281 13.066598892211914
v -27.7719669342041 -42.61030578613281 14.17039966583252
v -3.589431047439575 -42.61030578613281 18.547773361206055
v -87.282958984375 -42.61030578613281 18.43341827392578
v -74.2355728149414 -42.61030578613281 11.911362648010254
v -43.82505416870117 -42.61030578613281 8.138223648071289
v -8.949243545532227 -42.61030578613281 11.856731414794922
v -78.01911163330078 -42.61030578613281 18.382286071777344
v 1.8658560514450073 -42.61030578613281 6.938514232635498
v -55.9885139465332 -42.61030578613281 5.694497108459473
v -83.33968353271484 -42.61030578613281 5.032962799072266
v -37.61464309692383 -42.61030578613281 3.5434179306030273
v -35.6380615234375 -42.61030578613281 3.0744988918304443
v -30.672149658203125 -42.61030578613281 8.417981147766113
v -22.201692581176758 -42.61030578613281 11.004246711730957
v -47.98197937011719 -42.61030578613281 18.57638168334961
v -69.92853546142578 -42.61030578613281 1.494655966758728
v -76.88455963134766 -42.61030578613281 8.846232414245605
v -22.202186584472656 -42.61030578613281 3.6151371002197266
v -25.25780487060547 -42.61030578613281 15.082464218139648
v -28.174579620361328 -42.61030578613281 12.012869834899902
v -53.692806243896484 -42.61030578613281 18.27688980102539
v -50.31703567504883 -42.61030578613281 9.297691345214844
v -46.965614318847656 -42.61030578613281 1.3167059421539307
v -71.31228637695312 -42.61030578613281 11.941162109375
v -51.760982513427734 -42.61030578613281 15.963929176330566
v -45.63394546508789 -42.61030578613281 14.762365341186523
v -85.90617370605469 -42.61030578613281 4.141201972961426
v -36.330787658691406 -42.61030578613281 14.19520378112793
v -24.155914306640625 -42.61030578613281 3.703010082244873
v -66.08157348632812 -42.61030578613281 18.433557510375977
v 2.1402530670166016 -42.61030578613281 12.985812187194824
v -63.97878646850586 -42.61030578613281 1.3675459623336792
v -69.10889434814453 -42.61030578613281 18.62480926513672
v -59.77620315551758 -42.61030578613281 18.452360153198242
v -23.648841857910156 -42.61030578613281 1.2772899866104126
v -20.275470733642578 -42.61030578613281 1.5238909721374512
v -12.976329803466797 -42.61030578613281 1.501950979232788
v -28.779136657714844 -42.61030578613281 3.0912370681762695
v -70.24075317382812 -42.61030578613281 6.83912992477417
v -47.805274963378906 -42.61030578613281 10.361492156982422
v -22.754323959350586 -42.61030578613281 6.183014869689941
v -19.656705856323242 -42.61030578613281 9.950421333312988
v -53.753326416015625 -42.61030578613281 16.297931671142578
v -18.241344451904297 -42.61030578613281 8.70512866973877
v -14.24272346496582 -42.61030578613281 6.13405704498291
v -59.787193298339844 -42.61030578613281 12.701814651489258
v -55.970558166503906 -42.61030578613281 10.917155265808105
v -28.4793643951416 -42.61030578613281 1.2613580226898193
v -57.8936882019043 -42.61030578613281 6.6632609367370605
v -41.65507125854492 -42.61030578613281 1.3405590057373047
v -16.956674575805664 -42.61030578613281 3.3857810497283936
v -17.65498924255371 -42.61030578613281 9.540923118591309
v -42.91389846801758 -42.61030578613281 3.6768789291381836
v -4.020956039428711 -42.61030578613281 13.562341690063477
v -25.6967830657959 -42.61030578613281 4.697070121765137
v -40.35971450805664 -42.61030578613281 9.438352584838867
v -5.897985935211182 -42.61030578613281 12.629011154174805
v -78.34785461425781 -42.61030578613281 15.747990608215332
v -32.900482177734375 -42.61030578613281 3.124911069869995
v -2.227560043334961 -42.61030578613281 9.759927749633789
v -80.1235122680664 -42.61030578613281 16.217378616333008
v 1.6464869976043701 -42.61030578613281 18.274206161499023
v 2.0098888874053955 -42.61030578613281 3.3372790813446045
v -49.10690689086914 -42.61030578613281 8.320761680603027
v -22.167898178100586 -42.61030578613281 18.578325271606445
v -70.33849334716797 -42.61030578613281 16.345827102661133
v -68.75447845458984 -42.61030578613281 15.780740737915039
v -2.2301719188690186 -42.61030578613281 1.2763760089874268
v -19.098609924316406 -42.61030578613281 13.094552040100098
v -45.309078216552734 -42.61030578613281 9.319981575012207
v -3.462714910507202 -42.61030578613281 11.190707206726074
v -38.59769058227539 -42.61030578613281 11.405774116516113
v -3.1586830615997314 -42.61030578613281 6.967739105224609
v -3.7713348865509033 -42.61030578613281 3.2884559631347656
v -28.679338455200195 -42.61030578613281 16.756181716918945
v -67.28559112548828 -42.61030578613281 8.384231567382812
v -64.03319549560547 -42.61030578613281 8.91063117980957
v -15.858325004577637 -42.61030578613281 13.260833740234375
v -19.13789939880371 -42.61030578613281 4.922062873840332
v -28.466733932495117 -42.61030578613281 18.59449577331543
v -10.319868087768555 -42.61030578613281 1.5648189783096313
v -68.150634765625 -42.61030578613281 6.367231845855713
v -15.871591567993164 -42.61030578613281 1.2191859483718872
v -46.40360641479492 -42.61030578613281 16.64419937133789
v -56.2548942565918 -42.61030578613281 8.54269790649414
v -80.14682006835938 -42.61030578613281 1.3361810445785522
v 1.9198540449142456 -42.61030578613281 1.3788330554962158
v -62.317054748535156 -42.61030578613281 14.019416809082031
v -57.91638946533203 -42.61030578613281 1.2454520463943481
v -44.05348205566406 -42.61030578613281 12.473501205444336
v -57.2477912902832 -42.61030578613281 15.111830711364746
v -20.118270874023438 -42.61030578613281 11.872660636901855
v -22.79986572265625 -42.61030578613281 16.061344146728516
v -24.412153244018555 -42.61030578613281 7.8530402183532715
v -78.53083038330078 -42.61030578613281 5.369551181793213
v -39.825477600097656 -42.61030578613281 18.510339736938477
v -35.52924346923828 -42.61030578613281 5.036791801452637
v -84.339599609375 -42.61030578613281 15.225887298583984
v -16.75157928466797 -42.61030578613281 15.522008895874023
v -34.07697677612305 -42.61030578613281 1.484523057937622
v -85.4573745727539 -42.61030578613281 8.759442329406738
v -34.7403564453125 -42.61030578613281 11.231422424316406
v -6.482381820678711 -42.61030578613281 14.134166717529297
v 0.1352500021457672 -42.61030578613281 1.1498199701309204
v -48.94468688964844 -42.61030578613281 3.4696319103240967
v -17.78375244140625 -42.61030578613281 12.475470542907715
v -42.94804000854492 -42.61030578613281 10.58329963684082
v -24.31728172302246 -42.61030578613281 16.855712890625
v -53.78297424316406 -42.61030578613281 11.554535865783691
v -6.059895038604736 -42.61030578613281 18.679384231567383
v -35.436946868896484 -42.61030578613281 7.769678115844727
v -71.9399185180664 -42.61030578613281 7.61984395980835
v -9.167380332946777 -42.61030578613281 18.338502883911133
v -32.86396789550781 -42.61030578613281 12.37030029296875
v -12.092306137084961 -42.61030578613281 7.352272033691406
v -1.845139980316162 -42.61030578613281 3.6305630207061768
v -89.44778442382812 -42.61030578613281 8.178922653198242
v -17.402259826660156 -42.61030578613281 4.586283206939697
v -72.75875854492188 -42.61030578613281 10.826750755310059
v -71.4086685180664 -42.61030578613281 9.08938217163086
v -81.52017211914062 -42.61030578613281 12.674083709716797
v -12.562060356140137 -42.61030578613281 5.49852991104126
v -49.99223709106445 -42.61030578613281 12.965940475463867
v -2.795583963394165 -42.61030578613281 5.973351001739502
v -73.69959259033203 -42.61030578613281 13.14367961883545
v -43.1628303527832 -42.61030578613281 18.875818252563477
v -83.52294158935547 -42.61030578613281 9.53115463256836
v -61.6474723815918 -42.61030578613281 9.14111614227295
v -60.57328796386719 -42.61030578613281 6.95733118057251
v -62.16862487792969 -42.61030578613281 7.234594821929932
v -9.537424087524414 -42.61030578613281 14.303808212280273
v -27.55356216430664 -42.61030578613281 7.907569885253906
v -22.86492156982422 -42.61030578613281 7.496603965759277
v -77.31251525878906 -42.61030578613281 10.754398345947266
v -87.7104263305664 -42.61030578613281 10.23784065246582
v -36.59369659423828 -42.61030578613281 7.137481212615967
v -10.236054420471191 -42.61030578613281 7.261784076690674
v -62.551109313964844 -42.61030578613281 1.3000659942626953
v -34.12833786010742 -42.61030578613281 5.952462196350098
v -37.51482391357422 -42.61030578613281 18.57448387145996
v -11.905781745910645 -42.61030578613281 12.60509967803955
v 2.0997650623321533 -42.61030578613281 9.403166770935059
v -71.90242767333984 -42.61030578613281 4.936978816986084
v -5.423773765563965 -42.61030578613281 16.740211486816406
v -75.23118591308594 -42.61030578613281 10.93337631225586
v -0.43747401237487793 -42.61030578613281 17.03498649597168
v -75.59793853759766 -42.61030578613281 3.4328410625457764
v -43.87730026245117 -42.61030578613281 16.994300842285156
v -82.87608337402344 -42.61030578613281 8.363828659057617
v -71.07736206054688 -42.61030578613281 3.2095260620117188
v 0.463452011346817 -42.61030578613281 9.01573371887207
v -60.48834228515625 -42.61030578613281 9.278820037841797
v -17.08094596862793 -42.61030578613281 18.84309959411621
v -10.0050048828125 -42.61030578613281 12.503583908081055
v 2.1898128986358643 -42.61030578613281 5.475924968719482
v -60.7506217956543 -42.61030578613281 4.896340847015381
v -64.69514465332031 -42.61030578613281 11.800336837768555
v 0.48174500465393066 -42.61030578613281 3.4485650062561035
v -32.481605529785156 -42.61030578613281 10.894866943359375
v -11.616707801818848 -42.61030578613281 14.21090030670166
v -24.982807159423828 -42.61030578613281 13.191179275512695
v -52.402976989746094 -42.61030578613281 18.44222068786621
v 0.6424739956855774 -42.61030578613281 15.305487632751465
v -22.959693908691406 -42.61030578613281 13.519332885742188
v -33.627532958984375 -42.61030578613281 14.700556755065918
v -10.351716995239258 -42.61030578613281 5.423853874206543
v -46.49800109863281 -42.61030578613281 8.441102981567383
v -26.628713607788086 -42.61030578613281 3.185328960418701
v -28.60607147216797 -42.61030578613281 9.268793106079102
v -16.090803146362305 -42.61030578613281 7.45684814453125
v -32.79978561401367 -42.61030578613281 8.601869583129883
v -72.36100769042969 -42.61030578613281 15.094461441040039
v -26.62361717224121 -42.61030578613281 16.707321166992188
v -32.12026596069336 -42.61030578613281 14.850651741027832
v -45.53261184692383 -42.61030578613281 3.4625189304351807
v -64.15558624267578 -42.61030578613281 10.363998413085938
v -59.65623474121094 -42.61030578613281 8.136576652526855
v -43.08292770385742 -42.61030578613281 13.17743968963623
v -9.176633834838867 -42.61030578613281 5.21746301651001
v -56.01652526855469 -42.61030578613281 12.883711814880371
v -8.797961235046387 -42.61030578613281 8.86489200592041
v -57.297847747802734 -42.61030578613281 13.277872085571289
v -38.21875762939453 -42.61030578613281 14.215087890625
v -60.64531326293945 -42.61030578613281 11.579854011535645
v -42.677127838134766 -42.61030578613281 8.872750282287598
v -11.676924705505371 -42.61030578613281 18.32672119140625
v -79.78719329833984 -42.61030578613281 3.8485100269317627
v -72.07928466796875 -42.61030578613281 18.43150520324707
v -74.10576629638672 -42.61030578613281 18.769405364990234
v 0.08636400103569031 -42.61030578613281 13.425675392150879
v -61.80295944213867 -42.61030578613281 3.0496249198913574
v -17.739553451538086 -42.61030578613281 16.808382034301758
v -34.38655090332031 -42.61030578613281 10.075399398803711
v -55.54371643066406 -42.61030578613281 1.1231540441513062
v -65.55616760253906 -42.61030578613281 6.087118148803711
v -49.32928466796875 -42.61030578613281 1.2661559581756592
v -89.41515350341797 -42.61030578613281 10.061713218688965
v -23.580055236816406 -42.61030578613281 18.67139434814453
v -16.798751831054688 -42.61030578613281 13.805620193481445
v -82.17145538330078 -42.61030578613281 1.3428410291671753
v -62.87563705444336 -42.61030578613281 18.584047317504883
v -49.103607177734375 -42.61030578613281 16.720001220703125
v -85.13475036621094 -42.61030578613281 1.1221200227737427
v -37.430721282958984 -42.61030578613281 16.2778377532959
v -81.36736297607422 -42.61030578613281 18.69696617126465
v -58.3423957824707 -42.61030578613281 12.11093807220459
v -60.3611946105957 -42.61030578613281 1.1719030141830444
v -79.40570831298828 -42.61030578613281 8.997516632080078
v -4.74745512008667 -42.61030578613281 12.672778129577637
v -80.81932067871094 -42.61030578613281 8.87679386138916
v -73.54978942871094 -42.61030578613281 3.406891107559204
v -59.11293411254883 -42.61030578613281 16.46748161315918
v -19.133018493652344 -42.61030578613281 10.768195152282715
v -13.35485553741455 -42.61030578613281 11.075738906860352
v -44.7545280456543 -42.61030578613281 1.4620640277862549
v -70.26715087890625 -42.61030578613281 10.992658615112305
v -74.19741821289062 -42.61030578613281 1.290477991104126
v -70.33625030517578 -42.61030578613281 13.807836532592773
v -6.819572925567627 -42.61030578613281 16.237428665161133
v -41.45676040649414 -42.61030578613281 16.94037437438965
v -24.69593048095703 -42.61030578613281 6.150967121124268
v -6.955880165100098 -42.61030578613281 6.231268882751465
v 2.023542881011963 -42.61030578613281 16.909912109375
v -8.347002029418945 -42.61030578613281 14.588010787963867
v -74.76056671142578 -42.61030578613281 13.83154010772705
v -69.48544311523438 -42.61030578613281 8.574490547180176
v -65.67210388183594 -42.61030578613281 3.629357099533081
v -74.59506225585938 -42.61030578613281 15.445361137390137
v -79.28254699707031 -42.61030578613281 18.544755935668945
v -7.032623767852783 -42.61030578613281 0.8874549865722656
v -41.774566650390625 -42.61030578613281 4.248179912567139
v -2.8351969718933105 -42.61030578613281 13.588427543640137
v 0.6686310172080994 -42.61030578613281 18.706769943237305
v -14.901418685913086 -42.61030578613281 14.821112632751465
v -73.8712387084961 -42.61030578613281 9.209273338317871
v -78.71039581298828 -42.61030578613281 1.205338954925537
v -32.69943618774414 -42.61030578613281 16.929515838623047
v -50.366294860839844 -42.61030578613281 11.81729507446289
v -14.003368377685547 -42.61030578613281 7.346528053283691
v -40.696083068847656 -42.61030578613281 14.783917427062988
v -1.459298014640808 -42.61030578613281 14.827910423278809
v -27.15236473083496 -42.61030578613281 12.433530807495117
v 2.166533946990967 -42.61030578613281 10.729257583618164
v -49.70952224731445 -42.61030578613281 10.751320838928223
v -34.23516082763672 -42.61030578613281 18.829866409301758
v -14.832249641418457 -42.61030578613281 18.951396942138672
v -23.4254207611084 -42.61030578613281 9.626014709472656
v -46.702392578125 -42.61030578613281 18.81267547607422
v -74.98318481445312 -42.61030578613281 9.719893455505371
v -56.279319763183594 -42.61030578613281 3.033550977706909
v -46.85743713378906 -42.61030578613281 7.180352210998535
v -65.15789794921875 -42.61030578613281 15.638721466064453
v -47.77587890625 -42.61030578613281 9.227436065673828
v -35.66660690307617 -42.61030578613281 17.010074615478516
v -68.06471252441406 -42.61030578613281 3.0827479362487793
v -87.62555694580078 -42.61030578613281 1.1116729974746704
v -35.743064880371094 -42.61030578613281 8.995162963867188
v -41.941261291503906 -42.61030578613281 12.487936019897461
v -55.568267822265625 -42.61030578613281 18.787996292114258
v -45.183013916015625 -42.61030578613281 4.975343227386475
v -68.15109252929688 -42.61030578613281 10.359875679016113
v -5.270769119262695 -42.61030578613281 6.213160037994385
v -5.310319900512695 -42.61030578613281 8.485459327697754
v -7.27018404006958 -42.61030578613281 5.145238876342773
v -46.11714172363281 -42.61030578613281 10.959678649902344
v -84.04962158203125 -42.61030578613281 2.977195978164673
v -3.352107048034668 -42.61030578613281 17.315519332885742
v -31.434701919555664 -42.61030578613281 15.690183639526367
v -17.949186325073242 -42.61030578613281 2.451098918914795
v -51.765403747558594 -42.61030578613281 9.497142791748047
v -52.98007583618164 -42.61030578613281 4.161125183105469
v -82.70048522949219 -42.61030578613281 6.19959020614624
v -38.8814811706543 -42.61030578613281 9.570149421691895
v -15.912911415100098 -42.61030578613281 5.318002223968506
v -5.541859149932861 -42.61030578613281 4.392704963684082
v -43.12417984008789 -42.61030578613281 6.153658866882324
v -36.35285568237305 -42.61030578613281 18.73728370666504
v -82.3320083618164 -42.61030578613281 16.576526641845703
v -41.88880157470703 -42.61030578613281 11.2487211227417
v -83.4295883178711 -42.61030578613281 14.453411102294922
v -86.18730163574219 -42.61030578613281 2.795233964920044
v -82.75662231445312 -42.61030578613281 11.7803316116333
v -27.35842514038086 -42.61030578613281 1.2023439407348633
v -55.09577941894531 -42.61030578613281 3.6634509563446045
v -8.064288139343262 -42.61030578613281 12.687918663024902
v -39.38993453979492 -42.61030578613281 4.053360939025879
v -47.94679641723633 -42.61030578613281 12.499994277954102
v -55.55216598510742 -42.61030578613281 9.772064208984375
v -55.36312484741211 -42.61030578613281 7.626070976257324
v -6.424533843994141 -42.61030578613281 2.7559759616851807
v -81.06094360351562 -42.61030578613281 17.24053955078125
v -66.09799194335938 -42.61030578613281 9.0385103225708
v -2.3278191089630127 -42.61030578613281 19.01123809814453
v -8.387890815734863 -42.61030578613281 9.906604766845703
v -31.93032455444336 -42.61030578613281 5.44959020614624
v -85.13126373291016 -42.61030578613281 18.843637466430664
v -15.279056549072266 -42.61030578613281 17.037826538085938
v -29.741830825805664 -42.61030578613281 14.974203109741211
v -30.313777923583984 -42.61030578613281 13.688533782958984
v -77.9375 -42.61030578613281 2.903907060623169
v -70.24981689453125 -42.61030578613281 18.827354431152344
v -15.369440078735352 -42.61030578613281 10.19007682800293
v 2.311427116394043 -42.61030578613281 14.378155708312988
v -28.819507598876953 -42.61030578613281 12.785056114196777
v -57.765113830566406 -42.61030578613281 18.772430419921875
v -29.751026153564453 -42.61030578613281 4.887409210205078
v -81.30055236816406 -42.61030578613281 10.207206726074219
v -18.202579498291016 -42.61030578613281 1.0973589420318604
v -1.590662956237793 -42.61030578613281 16.66213607788086
v -67.02320098876953 -42.61030578613281 10.8734769821167
v -27.753461837768555 -42.61030578613281 3.653136968612671
v -69.2265625 -42.61030578613281 6.9132819175720215
v -63.17070007324219 -42.61030578613281 16.254531860351562
v -71.89855194091797 -42.61030578613281 17.241498947143555
v -52.04754638671875 -42.61030578613281 13.576862335205078
v -57.95904541015625 -42.61030578613281 9.531739234924316
v -26.979406356811523 -42.61030578613281 13.489749908447266
v -52.407676696777344 -42.61030578613281 1.2011950016021729
v -28.926700592041016 -42.61030578613281 7.154822826385498
v -44.55106735229492 -42.61030578613281 2.708477020263672
v 0.14761300384998322 -42.61030578613281 4.852938175201416
v -77.39056396484375 -42.61030578613281 16.823226928710938
v -31.642242431640625 -42.61030578613281 4.4514641761779785
v -20.685148239135742 -42.61030578613281 7.862268924713135
v -58.017635345458984 -42.61030578613281 4.2059807777404785
v -89.61247253417969 -42.61030578613281 11.926645278930664
v -13.740121841430664 -42.61030578613281 10.05222225189209
v -23.531909942626953 -42.61030578613281 4.559974193572998
v -30.345605850219727 -42.61030578613281 6.252348899841309
v -21.043834686279297 -42.61030578613281 5.302646160125732
v -50.888816833496094 -42.61030578613281 13.903453826904297
v -3.5488529205322266 -42.61030578613281 1.2316410541534424
v -11.55592155456543 -42.61030578613281 16.11453628540039
v -89.59344482421875 -42.61030578613281 5.614101886749268
v -89.65535736083984 -42.61030578613281 14.295029640197754
v -89.72966003417969 -42.61030578613281 0.9711549878120422
v -89.60648345947266 -42.61030578613281 18.828357696533203
v -43.72592544555664 -42.61030578613281 4.966174125671387
v -47.347530364990234 -42.61030578613281 4.406923770904541
v -85.84772491455078 -42.61030578613281 6.328920841217041
v -4.067819118499756 -42.61030578613281 9.47115421295166
v -68.81768798828125 -42.61030578613281 1.0487960577011108
v -39.397918701171875 -42.61030578613281 0.9530090093612671
v -79.21939086914062 -42.61030578613281 10.370404243469238
v -44.47349166870117 -42.61030578613281 14.865560531616211
v -22.26696014404297 -42.61030578613281 8.931488037109375
v -1.5433290004730225 -42.61030578613281 4.750887870788574
v -13.006185531616211 -42.61030578613281 14.486241340637207
v -35.087318420410156 -42.61030578613281 3.912755012512207
v -60.03327941894531 -42.61030578613281 10.414933204650879
v -30.80916404724121 -42.61030578613281 9.832350730895996
v -62.68306350708008 -42.61030578613281 12.66704273223877
v -14.259546279907227 -42.61030578613281 16.550508499145508
v -7.8080058097839355 -42.61030578613281 3.4895949363708496
v -74.44966125488281 -42.61030578613281 17.55098533630371
v -32.184722900390625 -42.61030578613281 18.85875129699707
v 0.5180950164794922 -42.61030578613281 11.287022590637207
v -76.14049530029297 -42.61030578613281 6.567519187927246
v -7.855435848236084 -42.61030578613281 8.16700267791748
v -84.68566131591797 -42.61030578613281 7.325614929199219
v -87.47988891601562 -42.61030578613281 15.26382064819336
v -87.32618713378906 -42.61030578613281 4.65501594543457
v -87.60676574707031 -42.61030578613281 14.102143287658691
v -87.58942413330078 -42.61030578613281 5.8918561935424805
v -59.959075927734375 -42.61030578613281 15.635956764221191
v -19.120555877685547 -42.61030578613281 8.394804954528809
v -81.97173309326172 -42.61030578613281 15.077482223510742
v -20.682241439819336 -42.61030578613281 16.924009323120117
v -45.12774658203125 -42.61030578613281 12.807549476623535
v -43.84245681762695 -42.61030578613281 11.339345932006836
v -82.68225860595703 -42.61030578613281 18.80042839050293
v -68.3523178100586 -42.61030578613281 9.085735321044922
v -78.0090103149414 -42.61030578613281 6.4782280921936035
v -52.82414245605469 -42.61030578613281 15.390342712402344
v -14.41818618774414 -42.61030578613281 11.775569915771484
v -6.738988876342773 -42.61030578613281 9.744061470031738
v -71.1147232055664 -42.61030578613281 14.96226692199707
v -23.366498947143555 -42.61030578613281 14.680861473083496
v -69.1265869140625 -42.61030578613281 14.232599258422852
v -0.7916240096092224 -42.61030578613281 2.958897113800049
v -50.733787536621094 -42.61030578613281 15.121086120605469
v -60.44384765625 -42.61030578613281 2.4769198894500732
v -27.341127395629883 -42.61030578613281 18.792125701904297
v -34.42759704589844 -42.61030578613281 15.550200462341309
v -77.36154174804688 -42.61030578613281 4.411962032318115
v -34.492408752441406 -42.61030578613281 7.0853071212768555
v -5.613239765167236 -42.61030578613281 10.655023574829102
v -42.97764587402344 -42.61030578613281 1.0386489629745483
v -50.42729949951172 -42.61030578613281 18.76692008972168
v -55.11296081542969 -42.61030578613281 14.943558692932129
v -49.74104309082031 -42.61030578613281 4.454422950744629
v -44.814884185791016 -42.61030578613281 10.465950012207031
v -16.994829177856445 -42.61030578613281 11.399938583374023
v -41.55659866333008 -42.61030578613281 5.44929313659668
v -58.77742385864258 -42.61030578613281 5.7953948974609375
v -17.38262939453125 -42.61030578613281 14.617532730102539
v -72.68991088867188 -42.61030578613281 13.661358833312988
v -76.22124481201172 -42.61030578613281 19.057416915893555
v -65.34527587890625 -42.61030578613281 0.970229983329773
v -88.44217681884766 -42.61030578613281 7.901055812835693
v -27.71881103515625 -42.61030578613281 16.300575256347656
v -4.452454090118408 -42.61030578613281 7.401493072509766
v -62.591331481933594 -42.61030578613281 5.193129062652588
v -18.994596481323242 -42.61030578613281 6.791807174682617
v -46.695526123046875 -42.61030578613281 2.642828941345215
v -56.01968765258789 -42.61030578613281 17.383682250976562
v -35.21931838989258 -42.61030578613281 13.456620216369629
v -72.47242736816406 -42.61030578613281 2.4850881099700928
v -70.79302215576172 -42.61030578613281 5.67228889465332
v -54.3093147277832 -42.61030578613281 1.16777503490448
v -23.62895393371582 -42.61030578613281 5.609954833984375
v -27.094276428222656 -42.61030578613281 6.195838928222656
v -51.08080291748047 -42.61030578613281 2.821237087249756
v -74.64485168457031 -42.61030578613281 7.405904769897461
v -0.2478249967098236 -42.61030578613281 14.545783996582031
v -39.87683868408203 -42.61030578613281 11.616053581237793
v -28.873140335083008 -42.61030578613281 10.151086807250977
v -85.4999771118164 -42.61030578613281 14.775609970092773
v -31.674976348876953 -42.61030578613281 8.984259605407715
v -13.57532787322998 -42.61030578613281 5.361403942108154
v -29.544694900512695 -42.61030578613281 0.8145300149917603
v -84.14408874511719 -42.61030578613281 11.724132537841797
v -84.75040435791016 -42.61030578613281 12.942331314086914
v -1.5041099786758423 -42.61030578613281 8.120548248291016
v -87.56710052490234 -42.61030578613281 2.414947032928467
v -20.66400909423828 -42.61030578613281 18.997314453125
v -30.652809143066406 -42.61030578613281 2.737584114074707
v -46.909629821777344 -42.61030578613281 14.196239471435547
v -19.030406951904297 -42.61030578613281 15.68713665008545
v -67.90709686279297 -42.61030578613281 18.885080337524414
v -40.77128982543945 -42.61030578613281 10.733447074890137
v -25.116531372070312 -42.61030578613281 14.261404037475586
v -48.669857025146484 -42.61030578613281 14.48884391784668
v 0.9374570250511169 -42.61030578613281 12.697941780090332
v -20.919784545898438 -42.61030578613281 13.959099769592285
v -45.227439880371094 -42.61030578613281 18.78553009033203
v -37.96788024902344 -42.61030578613281 12.426480293273926
v -29.68766212463379 -42.61030578613281 8.356273651123047
v -54.079689025878906 -42.61030578613281 9.353768348693848
v -36.78928756713867 -42.61030578613281 1.070091962814331
v -85.2943344116211 -42.61030578613281 5.21631383895874
v -6.261851787567139 -42.61030578613281 11.569000244140625
v -30.732995986938477 -42.61030578613281 11.80489730834961
v -62.577606201171875 -42.61030578613281 10.805774688720703
v -49.887794494628906 -42.61030578613281 6.606624126434326
v -15.215336799621582 -42.61030578613281 4.058489799499512
v -21.938074111938477 -42.61030578613281 2.5701749324798584
v -85.20247650146484 -42.61030578613281 16.931629180908203
v -22.043458938598633 -42.61030578613281 17.32670783996582
v -82.70182800292969 -42.61030578613281 4.342379093170166
v -10.066213607788086 -42.61030578613281 13.387950897216797
v -29.51148796081543 -42.61030578613281 19.098302841186523
v -44.76740264892578 -42.61030578613281 7.167490005493164
v -80.45315551757812 -42.61030578613281 2.749751091003418
v -76.07808685302734 -42.61030578613281 16.798629760742188
v 2.4103829860687256 -42.61030578613281 4.43051290512085
v -1.023041009902954 -42.61030578613281 12.095203399658203
v -58.937225341796875 -42.61030578613281 10.34054183959961
v -13.419129371643066 -42.61030578613281 13.183799743652344
v -58.294334411621094 -42.61030578613281 14.173086166381836
v -37.63705825805664 -42.61030578613281 4.711606979370117
v -63.39453887939453 -42.61030578613281 4.255581855773926
v -70.53422546386719 -42.61030578613281 9.871886253356934
v -72.3081283569336 -42.61030578613281 9.819214820861816
v -57.41521072387695 -42.61030578613281 17.40764808654785
v -50.39943313598633 -42.61030578613281 17.434343338012695
v -37.87630081176758 -42.61030578613281 5.747461795806885
v -73.08003234863281 -42.61030578613281 4.466342926025391
v -86.28004455566406 -42.61030578613281 18.823505401611328
v 0.5389440059661865 -42.61030578613281 7.6922101974487305
v -89.60014343261719 -42.61030578613281 2.636971950531006
v -89.60431671142578 -42.61030578613281 17.229228973388672
v -32.64192581176758 -42.61030578613281 7.162761211395264
v -87.67790222167969 -42.61030578613281 17.441545486450195
v -85.65692138671875 -42.61030578613281 10.853254318237305
v -51.74052047729492 -42.61030578613281 7.4266839027404785
v -59.17514419555664 -42.61030578613281 0.9106429815292358
v -56.11235809326172 -42.61030578613281 15.48173999786377
v -8.81965446472168 -42.61030578613281 6.93021297454834
v -68.0408706665039 -42.61030578613281 17.0865478515625
v -3.7084319591522217 -42.61030578613281 15.405462265014648
v -37.673282623291016 -42.61030578613281 7.840165138244629
v -11.921895027160645 -42.61030578613281 6.214558124542236
v -6.800596237182617 -42.61030578613281 13.110493659973145
v -75.97391510009766 -42.61030578613281 13.665365219116211
v -58.34691619873047 -42.61030578613281 7.709167957305908
v -42.785438537597656 -42.61030578613281 16.17024803161621
v -39.4430046081543 -42.61030578613281 5.385427951812744
v -2.653146982192993 -42.61030578613281 11.684374809265137
v -3.7130870819091797 -42.61030578613281 5.22459077835083
v -50.54121780395508 -42.61030578613281 0.9324939846992493
v -7.246341228485107 -42.61030578613281 18.71268081665039
v -29.81072425842285 -42.61030578613281 10.303175926208496
v -16.440832138061523 -42.61030578613281 6.5452399253845215
v -25.706193923950195 -42.61030578613281 2.263658046722412
v -47.95234680175781 -42.61030578613281 7.000845909118652
v -36.14424133300781 -42.61030578613281 11.46038818359375
v -45.07582473754883 -42.61030578613281 17.23486328125
v -25.636444091796875 -42.61030578613281 17.5799503326416
v -52.89080047607422 -42.61030578613281 14.253669738769531
v -75.70387268066406 -42.61030578613281 9.059402465820312
v -32.065162658691406 -42.61030578613281 17.819835662841797
v -45.818885803222656 -42.61030578613281 1.0330829620361328
v -14.015581130981445 -42.61030578613281 4.231389045715332
v -67.62621307373047 -42.61030578613281 4.2376790046691895
v -38.977989196777344 -42.61030578613281 7.455050945281982
v -24.60904884338379 -42.61030578613281 2.742621898651123
v -49.048065185546875 -42.61030578613281 5.649275779724121
v -72.15666198730469 -42.61030578613281 1.146818995475769
v -64.33677673339844 -42.61030578613281 7.742455005645752
v -39.5986442565918 -42.61030578613281 15.805559158325195
v -89.7464599609375 -42.61030578613281 15.3204345703125
v -89.73407745361328 -42.61030578613281 4.58139181137085
v -80.87703704833984 -42.61030578613281 4.971261024475098
v -71.90565490722656 -42.61030578613281 12.879829406738281
v -36.915687561035156 -42.61030578613281 10.588464736938477
v -82.25086212158203 -42.61030578613281 2.3349690437316895
v -88.6489486694336 -42.61030578613281 12.371894836425781
v -41.82925033569336 -42.61030578613281 18.983884811401367
v -18.520652770996094 -42.61030578613281 19.041488647460938
v -33.27742004394531 -42.61030578613281 5.211472988128662
v -33.9070930480957 -42.61030578613281 17.543127059936523
v -17.090896606445312 -42.61030578613281 17.694168090820312
v -30.38693618774414 -42.61030578613281 17.309141159057617
v -23.462726593017578 -42.61030578613281 11.960610389709473
v -64.1313705444336 -42.61030578613281 2.353358030319214
v -66.36673736572266 -42.61030578613281 15.8891019821167
v -69.61942291259766 -42.61030578613281 4.72298002243042
v -47.09151077270508 -42.61030578613281 12.897024154663086
v -19.83476448059082 -42.61030578613281 2.596604108810425
v -10.955223083496094 -42.61030578613281 4.3107008934021
v -33.938941955566406 -42.61030578613281 3.585055112838745
v -19.201934814453125 -42.61030578613281 17.4305419921875
v -31.895357131958008 -42.61030578613281 1.0618419647216797
v -80.41797637939453 -42.61030578613281 10.955827713012695
v -83.30908966064453 -42.61030578613281 17.54420280456543
v -11.018962860107422 -42.61030578613281 12.251253128051758
v -20.120222091674805 -42.61030578613281 4.530457019805908
v -14.96261215209961 -42.61030578613281 13.837784767150879
v -49.614532470703125 -42.61030578613281 15.502272605895996
v -60.0928955078125 -42.61030578613281 5.888513088226318
v -9.72208023071289 -42.61030578613281 8.086857795715332
v -79.0183334350586 -42.61030578613281 12.30151653289795
v -57.955875396728516 -42.61030578613281 16.315824508666992
v -18.101747512817383 -42.61030578613281 6.829211235046387
v -13.170797348022461 -42.61030578613281 9.062990188598633
v -54.0079231262207 -42.61030578613281 17.299962997436523
v -58.242740631103516 -42.61030578613281 2.3965940475463867
v 1.0789049863815308 -42.61030578613281 5.678337097167969
v -19.33865737915039 -42.61030578613281 0.9134430289268494
v -66.28683471679688 -42.61030578613281 13.630921363830566
v -39.24015426635742 -42.61030578613281 13.61098861694336
v 0.6150149703025818 -42.61030578613281 16.47541618347168
v -75.76509094238281 -42.61030578613281 15.775283813476562
v -74.50659942626953 -42.61030578613281 5.560809135437012
v -82.4466552734375 -42.61030578613281 10.464069366455078
v -73.73307800292969 -42.61030578613281 8.160650253295898
v -66.3193359375 -42.61030578613281 2.508060932159424
v -21.54319953918457 -42.61030578613281 15.365809440612793
v -2.4445199966430664 -42.61030578613281 10.77833366394043
v -11.129679679870605 -42.61030578613281 7.6285719871521
v -30.880569458007812 -42.61030578613281 7.398449897766113
v -1.7577519416809082 -42.61030578613281 2.5271830558776855
v -39.979942321777344 -42.61030578613281 2.7714500427246094
v -62.16988754272461 -42.61030578613281 15.468029975891113
v -12.08932113647461 -42.61030578613281 4.392578125
v -7.489448070526123 -42.61030578613281 10.282983779907227
v -12.568679809570312 -42.61030578613281 11.857508659362793
v -76.79634857177734 -42.61030578613281 1.015800952911377
v -26.90350914001465 -42.61030578613281 14.563344955444336
v -19.81212615966797 -42.61030578613281 14.175152778625488
v -12.923550605773926 -42.61030578613281 15.769079208374023
v -67.12106323242188 -42.61030578613281 15.140124320983887
v -88.26068878173828 -42.61030578613281 18.841188430786133
v -70.16487884521484 -42.61030578613281 17.637985229492188
v 2.4324469566345215 -42.61030578613281 8.106989860534668
v -37.859222412109375 -42.61030578613281 17.35076332092285
v -66.76801300048828 -42.61030578613281 12.300264358520508
v -21.356788635253906 -42.61030578613281 10.452107429504395
v -49.18751907348633 -42.61030578613281 18.863582611083984
v -22.03750228881836 -42.61030578613281 7.0800018310546875
v -66.63803100585938 -42.61030578613281 17.136812210083008
v 2.271941900253296 -42.61030578613281 2.3115439414978027
v -16.4500732421875 -42.61030578613281 9.491011619567871
v -20.486438751220703 -42.61030578613281 6.159922122955322
v -14.313389778137207 -42.61030578613281 8.263860702514648
v -39.45798873901367 -42.61030578613281 8.659679412841797
v -36.76768493652344 -42.61030578613281 9.46707820892334
v -80.97587585449219 -42.61030578613281 7.383941173553467
v -60.634796142578125 -42.61030578613281 13.761116027832031
v -25.8625431060791 -42.61030578613281 7.588987827301025
v -25.22837257385254 -42.61030578613281 12.346412658691406
v -61.58420944213867 -42.61030578613281 18.819658279418945
v -76.62783813476562 -42.61030578613281 2.369710922241211
v -11.974465370178223 -42.61030578613281 2.6392829418182373
v -78.57795715332031 -42.61030578613281 14.479388236999512
v -79.69819641113281 -42.61030578613281 13.939867973327637
v -51.686832427978516 -42.61030578613281 4.002523899078369
v -50.953426361083984 -42.61030578613281 4.879329204559326
v -46.56904220581055 -42.61030578613281 3.630557060241699
v -43.4133415222168 -42.61030578613281 14.378203392028809
v -25.426288604736328 -42.61030578613281 0.9895020127296448
v -58.821266174316406 -42.61030578613281 18.888031005859375
v -64.05673217773438 -42.61030578613281 18.837360382080078
v -1.0294870138168335 -42.61030578613281 0.8419510126113892
v -25.43048858642578 -42.61030578613281 18.91229248046875
v -15.367310523986816 -42.61030578613281 12.316909790039062
v -5.035766124725342 -42.61030578613281 1.039783000946045
v -80.34337615966797 -42.61030578613281 11.959710121154785
v -47.616336822509766 -42.61030578613281 16.070781707763672
v -18.941802978515625 -42.61030578613281 2.907181978225708
v -67.81896209716797 -42.61030578613281 0.843608021736145
v -10.876724243164062 -42.61030578613281 17.277559280395508
v -81.22662353515625 -42.61030578613281 0.9567580223083496
v -10.076528549194336 -42.61030578613281 15.43095874786377
v -66.89669036865234 -42.61030578613281 19.02815055847168
v -38.42619323730469 -42.61030578613281 15.364253044128418
v -23.606027603149414 -42.61030578613281 12.884183883666992
v -12.12213134765625 -42.61030578613281 0.8121860027313232
v -51.75035095214844 -42.61030578613281 17.156719207763672
v -8.328954696655273 -42.61030578613281 1.1166690587997437
v -78.20054626464844 -42.61030578613281 8.479840278625488
v -53.917903900146484 -42.61030578613281 12.753022193908691
v -76.62680053710938 -42.61030578613281 15.080615997314453
v -66.60665893554688 -42.61030578613281 5.965939044952393
v -52.20249938964844 -42.61030578613281 12.497811317443848
v -59.8192024230957 -42.61030578613281 17.407695770263672
v -39.27096176147461 -42.61030578613281 17.117511749267578
v -36.72419357299805 -42.61030578613281 12.41055965423584
v -56.95273971557617 -42.61030578613281 10.950760841369629
v -86.18595123291016 -42.61030578613281 16.761199951171875
v -75.3799819946289 -42.61030578613281 0.9594539999961853
v -61.61615753173828 -42.61030578613281 0.8478459715843201
v -5.292232990264893 -42.61030578613281 2.21583890914917
v -29.8660888671875 -42.61030578613281 11.423426628112793
v -46.532630920410156 -42.61030578613281 5.432019233703613
v -17.785999298095703 -42.61030578613281 7.773767948150635
v -42.35670852661133 -42.61030578613281 14.9710111618042
v -4.2762451171875 -42.61030578613281 11.662890434265137
v -68.47320556640625 -42.61030578613281 5.1414408683776855
v -26.7601318359375 -42.61030578613281 5.256385803222656
v -42.77763748168945 -42.61030578613281 2.2726080417633057
v -53.69843673706055 -42.61030578613281 7.213963031768799
v -0.7241250276565552 -42.61030578613281 6.328803062438965
v -21.228912353515625 -42.61030578613281 8.606212615966797
v -48.85481643676758 -42.61030578613281 13.25503158569336
v -83.98397827148438 -42.61030578613281 0.9515299797058105
v -84.58773040771484 -42.61030578613281 17.809001922607422
v -46.947017669677734 -42.61030578613281 17.823707580566406
v -13.566474914550781 -42.61030578613281 18.818384170532227
v -81.80269622802734 -42.61030578613281 8.231656074523926
v -2.9190330505371094 -42.61030578613281 3.7192039489746094
v -85.10836029052734 -42.61030578613281 3.3560690879821777
v -1.7374060153961182 -42.61030578613281 5.766053199768066
v -30.54496955871582 -42.61030578613281 15.631391525268555
v -46.05262756347656 -42.61030578613281 12.156900405883789
v -8.013372421264648 -42.61030578613281 15.706863403320312
v -33.11212158203125 -42.61030578613281 0.8449699878692627
v -79.05363464355469 -42.61030578613281 7.539359092712402
v -80.61714935302734 -42.61030578613281 15.324604988098145
v -68.47918701171875 -42.61030578613281 12.149761199951172
v -38.54191589355469 -42.61030578613281 18.96645736694336
v -86.50196075439453 -42.61030578613281 15.608171463012695
v -28.265111923217773 -42.61030578613281 11.032259941101074
v -70.99671173095703 -42.61030578613281 1.0171480178833008
v -67.34929656982422 -42.61030578613281 7.215569019317627
v -86.35111999511719 -42.61030578613281 0.8970779776573181
v -78.44293212890625 -42.61030578613281 11.138850212097168
v -8.932147979736328 -42.61030578613281 10.646492958068848
v -13.903534889221191 -42.61030578613281 2.557310104370117
v -80.23041534423828 -42.61030578613281 19.058393478393555
v -36.7518196105957 -42.61030578613281 2.966902017593384
v -31.497997283935547 -42.61030578613281 10.91622257232666
v -14.945352554321289 -42.61030578613281 2.5015709400177
v -56.81583023071289 -42.61030578613281 6.248764991760254
v -18.081541061401367 -42.61030578613281 5.144260883331299
v -33.70305633544922 -42.61030578613281 16.476825714111328
v -20.284881591796875 -42.61030578613281 16.00132942199707
v -6.50333309173584 -42.61030578613281 7.443298816680908
v -64.79976654052734 -42.61030578613281 17.128530502319336
v -65.1942138671875 -42.61030578613281 10.824522018432617
v -12.588293075561523 -42.61030578613281 8.192755699157715
v -70.91890716552734 -42.61030578613281 12.980351448059082
v -52.157676696777344 -42.61030578613281 6.080863952636719
v -65.12154388427734 -42.61030578613281 18.917510986328125
v -21.28575897216797 -42.61030578613281 0.9895930290222168
v -26.00897789001465 -42.61030578613281 15.771618843078613
v -60.59074401855469 -42.61030578613281 19.028356552124023
v -19.18125343322754 -42.61030578613281 9.168272018432617
v -68.96047973632812 -42.61030578613281 2.1868889331817627
v -70.55001831054688 -42.61030578613281 2.263037919998169
v -12.546507835388184 -42.61030578613281 3.5274369716644287
v -65.41874694824219 -42.61030578613281 7.288737773895264
v -7.318615913391113 -42.61030578613281 11.295310974121094
v -64.07413482666016 -42.61030578613281 15.375402450561523
v -3.0960240364074707 -42.61030578613281 9.049107551574707
v -79.7676010131836 -42.61030578613281 17.262235641479492
v -0.7679569721221924 -42.61030578613281 12.89491081237793
v -64.58898162841797 -42.61030578613281 4.520719051361084
v -54.216060638427734 -42.61030578613281 2.5049750804901123
v -8.998335838317871 -42.61030578613281 4.040804862976074
v -64.55388641357422 -42.61030578613281 5.719601154327393
v -89.78629302978516 -42.61030578613281 9.12646770477295
v -14.649445533752441 -42.61030578613281 0.7506899833679199
v -24.574670791625977 -42.61030578613281 0.8041750192642212
v -1.2406779527664185 -42.61030578613281 18.867223739624023
v -86.6479263305664 -42.61030578613281 6.966659069061279
v -33.15773391723633 -42.61030578613281 19.124338150024414
v -40.6202392578125 -42.61030578613281 15.825702667236328
v -34.11351776123047 -42.61030578613281 13.804427146911621
v -66.66737365722656 -42.61030578613281 4.599016189575195
v 2.4297540187835693 -42.61030578613281 15.551192283630371
v -53.1539306640625 -42.61030578613281 2.841154098510742
v -77.1360092163086 -42.61030578613281 9.849128723144531
v -4.747073173522949 -42.61030578613281 15.6522855758667
v -25.278825759887695 -42.61030578613281 5.498783111572266
v -40.79847717285156 -42.61030578613281 19.070158004760742
v -31.823646545410156 -42.61030578613281 2.2766010761260986
v -51.58082962036133 -42.61030578613281 11.638381004333496
v -8.35076904296875 -42.61030578613281 19.075565338134766
v -55.63801574707031 -42.61030578613281 6.550180912017822
v -5.4928388595581055 -42.61030578613281 14.820439338684082
v -82.75984954833984 -42.61030578613281 12.892148971557617
v -1.9654580354690552 -42.61030578613281 13.974425315856934
v -8.650288581848145 -42.61030578613281 16.43282127380371
v -21.06281089782715 -42.61030578613281 7.0464887619018555
v -45.9993782043457 -42.61030578613281 15.711138725280762
v -88.1156997680664 -42.61030578613281 16.029916763305664
v -88.12152862548828 -42.61030578613281 3.9395439624786377
v -4.7535929679870605 -42.61030578613281 19.112367630004883
v -48.582706451416016 -42.61030578613281 17.751203536987305
v -55.009151458740234 -42.61030578613281 5.764953136444092
v -63.809326171875 -42.61030578613281 17.49665641784668
v -60.96046829223633 -42.61030578613281 17.050302505493164
v -21.98834228515625 -42.61030578613281 12.82454776763916
v -34.040809631347656 -42.61030578613281 8.903800964355469
v -10.48110294342041 -42.61030578613281 6.340622901916504
v -24.499433517456055 -42.61030578613281 19.10757827758789
v -8.255620002746582 -42.61030578613281 17.359905242919922
v -23.83828353881836 -42.61030578613281 10.564667701721191
v -40.3625602722168 -42.61030578613281 17.61600112915039
v -87.86537170410156 -42.61030578613281 11.569502830505371
v -40.15311050415039 -42.61030578613281 12.656912803649902
v -2.0239760875701904 -42.61030578613281 8.930994033813477
v -24.106306076049805 -42.61030578613281 11.4483642578125
v -62.158714294433594 -42.61030578613281 8.254511833190918
v -9.500605583190918 -42.61030578613281 0.8635240197181702
v -77.14500427246094 -42.61030578613281 6.978579044342041
v -6.114922046661377 -42.61030578613281 6.522822856903076
v -61.07490539550781 -42.61030578613281 16.05754280090332
v -6.3988847732543945 -42.61030578613281 15.117924690246582
v -7.912834167480469 -42.61030578613281 11.785819053649902
v -44.04344940185547 -42.61030578613281 15.93337631225586
v -59.71326446533203 -42.61030578613281 4.206824779510498
v -19.594730377197266 -42.61030578613281 7.739236831665039
v -48.67057418823242 -42.61030578613281 10.883434295654297
v -23.132020950317383 -42.61030578613281 3.822638988494873
v -69.93701171875 -42.61030578613281 3.7954699993133545
v -51.11039352416992 -42.61030578613281 8.553504943847656
v -48.06561279296875 -42.61030578613281 0.7957519888877869
v -14.650005340576172 -42.61030578613281 9.768104553222656
v -10.825292587280273 -42.61030578613281 19.10588836669922
v -27.832239151000977 -42.61030578613281 4.554035186767578
v -52.854522705078125 -42.61030578613281 8.951906204223633
v -77.74662017822266 -42.61030578613281 0.7836499810218811
v -38.42774200439453 -42.61030578613281 3.933279037475586
v -64.44114685058594 -42.61030578613281 13.585945129394531
v -27.803892135620117 -42.61030578613281 15.202522277832031
v -47.732120513916016 -42.61030578613281 14.85096263885498
v -51.545433044433594 -42.61030578613281 19.03606414794922
v -67.19607543945312 -42.61030578613281 2.4345738887786865
v -52.620765686035156 -42.61030578613281 16.435728073120117
v -17.108434677124023 -42.61030578613281 0.741461992263794
v -18.61355209350586 -42.61030578613281 16.69546890258789
v -11.17667007446289 -42.61030578613281 0.8205239772796631
v -9.705804824829102 -42.61030578613281 3.3567259311676025
v -32.475929260253906 -42.61030578613281 9.570411682128906
v -52.246421813964844 -42.61030578613281 2.194674015045166
v -37.68413162231445 -42.61030578613281 2.5921599864959717
v -14.976531982421875 -42.61030578613281 6.919847011566162
v -37.709354400634766 -42.61030578613281 8.947690963745117
v -33.537174224853516 -42.61030578613281 6.796879768371582
v -1.1836110353469849 -42.61030578613281 17.68927001953125
v -28.75261688232422 -42.61030578613281 17.659412384033203
v -13.547149658203125 -42.61030578613281 3.46311092376709
v -4.287907123565674 -42.61030578613281 17.396041870117188
v -24.88652992248535 -42.61030578613281 4.234331130981445
v -48.80051803588867 -42.61030578613281 2.447664976119995
v -15.904619216918945 -42.61030578613281 8.53019905090332
v -54.833160400390625 -42.61030578613281 16.68812370300293
v -30.588869094848633 -42.61030578613281 0.8226799964904785
v -40.5751953125 -42.61030578613281 0.7729499936103821
v -72.96211242675781 -42.61030578613281 19.028560638427734
v -37.22154998779297 -42.61030578613281 14.135743141174316
v -26.179351806640625 -42.61030578613281 3.9283111095428467
v -8.386178970336914 -42.61030578613281 2.3509180545806885
v -9.792969703674316 -42.61030578613281 11.719457626342773
v -63.96272277832031 -42.61030578613281 12.562997817993164
v -11.09875202178955 -42.61030578613281 5.9586381912231445
v -23.60878562927246 -42.61030578613281 7.853617191314697
v -83.55374145507812 -42.61030578613281 16.36153793334961
v -89.75785827636719 -42.61030578613281 10.968358039855957
v -71.20057678222656 -42.61030578613281 18.98138427734375
v -43.69508361816406 -42.61030578613281 6.992967128753662
v -24.046764373779297 -42.61030578613281 8.566179275512695
v -43.6377067565918 -42.61030578613281 2.8668370246887207
v -44.492557525634766 -42.61030578613281 8.810914993286133
v -52.236114501953125 -42.61030578613281 10.562301635742188
v -21.709388732910156 -42.61030578613281 14.481995582580566
v -28.326879501342773 -42.61030578613281 6.114252090454102
v -20.017358779907227 -42.61030578613281 17.47712516784668
v -28.66762924194336 -42.61030578613281 13.666086196899414
v -83.75788879394531 -42.61030578613281 6.165447235107422
v -74.54112243652344 -42.61030578613281 3.8103110790252686
v -42.15943145751953 -42.61030578613281 18.057357788085938
v -36.45568084716797 -42.61030578613281 16.519744873046875
v -36.275062561035156 -42.61030578613281 13.28565502166748
v -3.795593023300171 -42.61030578613281 2.3578319549560547
v -39.427879333496094 -42.61030578613281 1.9777029752731323
v -5.544345855712891 -42.61030578613281 17.66229248046875
v -21.33192253112793 -42.61030578613281 3.440916061401367
v -56.687381744384766 -42.61030578613281 19.17278480529785
v -61.843528747558594 -42.61030578613281 17.773387908935547
v -0.6232560276985168 -42.61030578613281 11.363235473632812
v -84.31260681152344 -42.61030578613281 5.320816993713379
v -3.365880012512207 -42.61030578613281 8.029863357543945
v -88.60086059570312 -42.61030578613281 13.587282180786133
v -88.56182861328125 -42.61030578613281 6.090243816375732
v -35.693458557128906 -42.61030578613281 15.06698226928711
v -22.015893936157227 -42.61030578613281 5.59759521484375
v -1.844480037689209 -42.61030578613281 15.725959777832031
v -74.00220489501953 -42.61030578613281 6.421917915344238
v -67.24436950683594 -42.61030578613281 14.105143547058105
v -83.44786071777344 -42.61030578613281 3.9565160274505615
v -30.35032844543457 -42.61030578613281 19.068836212158203
v -54.35474395751953 -42.61030578613281 18.975797653198242
v -68.30897521972656 -42.61030578613281 17.937402725219727
v -23.966318130493164 -42.61030578613281 17.692218780517578
v -10.722641944885254 -42.61030578613281 13.902956008911133
v -17.110387802124023 -42.61030578613281 13.006611824035645
v -27.466798782348633 -42.61030578613281 11.686022758483887
v -24.862335205078125 -42.61030578613281 15.88309383392334
v -16.78021240234375 -42.61030578613281 2.363943099975586
v -23.899290084838867 -42.61030578613281 2.1100339889526367
v -61.36814498901367 -42.61030578613281 4.177701950073242
v -32.251136779785156 -42.61030578613281 13.140926361083984
v -49.973846435546875 -42.61030578613281 3.4013419151306152
v -72.87837219238281 -42.61030578613281 6.703417778015137
v -70.33795166015625 -42.61030578613281 8.986246109008789
v -44.3189582824707 -42.61030578613281 19.184412002563477
v 1.1053270101547241 -42.61030578613281 0.9016640186309814
v -63.660953521728516 -42.61030578613281 14.241484642028809
v -77.69802856445312 -42.61030578613281 13.67452335357666
v -73.20317077636719 -42.61030578613281 9.890596389770508
v -66.31189727783203 -42.61030578613281 7.8612470626831055
v -54.00358963012695 -42.61030578613281 4.374190807342529
v -14.881051063537598 -42.61030578613281 8.81192398071289
v -85.82244110107422 -42.61030578613281 1.8154679536819458
v -12.663155555725098 -42.61030578613281 17.44558334350586
v -4.9292120933532715 -42.61030578613281 5.291193008422852
v -53.58091735839844 -42.61030578613281 10.591947555541992
v -37.82197570800781 -42.61030578613281 10.816617012023926
v -11.283099174499512 -42.61030578613281 15.257121086120605
v -15.840143203735352 -42.61030578613281 3.4531309604644775
v -62.19788360595703 -42.61030578613281 2.169265031814575
v -22.737159729003906 -42.61030578613281 11.705607414245605
v -38.39004898071289 -42.61030578613281 13.217377662658691
v -9.424778938293457 -42.61030578613281 2.445586919784546
v -88.40936279296875 -42.61030578613281 2.958760976791382
v -75.64704132080078 -42.61030578613281 5.574915885925293
v -40.263004302978516 -42.61030578613281 7.022336959838867
v -9.576026916503906 -42.61030578613281 16.37788200378418
v -24.398609161376953 -42.61030578613281 14.848917961120605
v 0.01475599966943264 -42.61030578613281 2.258877992630005
v -72.9239501953125 -42.61030578613281 7.731156826019287
v -75.41471862792969 -42.61030578613281 2.1788339614868164
v -57.21382522583008 -42.61030578613281 7.496284008026123
v -71.5230484008789 -42.61030578613281 4.082942008972168
v -77.3759765625 -42.61030578613281 15.585573196411133
v -40.93387985229492 -42.61030578613281 4.673573970794678
v -73.58100128173828 -42.61030578613281 2.3626580238342285
v -62.769325256347656 -42.61030578613281 8.909640312194824
v -11.111851692199707 -42.61030578613281 2.416205883026123
v 2.5662341117858887 -42.61030578613281 11.817978858947754
v -86.16508483886719 -42.61030578613281 12.132848739624023
v -21.260953903198242 -42.61030578613281 1.8870869874954224
v -7.417799949645996 -42.61030578613281 17.487049102783203
v -75.52034759521484 -42.61030578613281 7.143905162811279
v -3.5021090507507324 -42.61030578613281 14.429281234741211
v -33.47747039794922 -42.61030578613281 2.418423891067505
v -71.024169921875 -42.61030578613281 17.038232803344727
v -53.30714416503906 -42.61030578613281 0.8779550194740295
v -29.7362117767334 -42.61030578613281 3.0643959045410156
v -51.61273956298828 -42.61030578613281 0.7720119953155518
v -35.46275329589844 -42.61030578613281 19.076473236083984
v -72.07141876220703 -42.61030578613281 11.361727714538574
v -73.43193054199219 -42.61030578613281 11.37343978881836
v -10.66458511352539 -42.61030578613281 3.4409689903259277
v -88.68228912353516 -42.61030578613281 0.8186299800872803
v -75.2400131225586 -42.61030578613281 19.205934524536133
v -12.379830360412598 -42.61030578613281 16.41691780090332
v -19.78509521484375 -42.61030578613281 15.12043571472168
v -45.12675857543945 -42.61030578613281 13.891467094421387
v -55.804107666015625 -42.61030578613281 11.933847427368164
v -25.90172004699707 -42.61030578613281 6.589845180511475
v -54.404571533203125 -42.61030578613281 8.037144660949707
v -87.20603942871094 -42.61030578613281 9.234978675842285
v -81.63304901123047 -42.61030578613281 3.104656934738159
v -84.59630584716797 -42.61030578613281 16.220796585083008
v -56.694313049316406 -42.61030578613281 0.716946005821228
v -43.92533874511719 -42.61030578613281 0.8962230086326599
v -29.368637084960938 -42.61030578613281 3.811906099319458
v -47.643150329589844 -42.61030578613281 2.3673160076141357
v -23.05289649963379 -42.61030578613281 10.359445571899414
v -0.40742799639701843 -42.61030578613281 8.537784576416016
v -63.51853561401367 -42.61030578613281 7.173137187957764
v -81.8412857055664 -42.61030578613281 4.104982852935791
v -52.65223693847656 -42.61030578613281 7.854263782501221
v -28.119232177734375 -42.61030578613281 8.583909034729004
v -69.46151733398438 -42.61030578613281 13.401139259338379
v -19.852937698364258 -42.61030578613281 11.057941436767578
v -34.43471145629883 -42.61030578613281 7.998788833618164
v -28.643476486206055 -42.61030578613281 2.1773409843444824
v -49.39757537841797 -42.61030578613281 7.410067081451416
v -18.39627456665039 -42.61030578613281 14.695881843566895
v -53.701385498046875 -42.61030578613281 13.745794296264648
v -9.418330192565918 -42.61030578613281 7.228413105010986
v -33.69749450683594 -42.61030578613281 10.678892135620117
v -57.27968978881836 -42.61030578613281 14.188643455505371
v -41.10884475708008 -42.61030578613281 7.63258695602417
v -9.980210304260254 -42.61030578613281 17.498769760131836
v -34.13780212402344 -42.61030578613281 12.161589622497559
v 0.07407400012016296 -42.61030578613281 5.760450839996338
v -79.84793853759766 -42.61030578613281 5.8542351722717285
v 1.5845650434494019 -42.61030578613281 15.05273723602295
v -85.61894989013672 -42.61030578613281 13.831401824951172
v -45.715579986572266 -42.61030578613281 10.144460678100586
v -18.00009536743164 -42.61030578613281 11.608776092529297
v -74.59101867675781 -42.61030578613281 12.760375022888184
v -19.40630340576172 -42.61030578613281 5.958362102508545
v -40.92116928100586 -42.61030578613281 2.4515790939331055
v -61.6816291809082 -42.61030578613281 4.966944217681885
v -28.70016860961914 -42.61030578613281 5.289789199829102
v -28.67653465270996 -42.61030578613281 14.622058868408203
v -21.249284744262695 -42.61030578613281 11.351434707641602
v -21.766324996948242 -42.61030578613281 4.443924903869629
v -82.98088836669922 -42.61030578613281 0.8484500050544739
v -42.239097595214844 -42.61030578613281 6.427157878875732
v -17.76802635192871 -42.61030578613281 6.12914514541626
v -3.6025331020355225 -42.61030578613281 4.302220821380615
v -12.765795707702637 -42.61030578613281 12.675224304199219
v -56.634483337402344 -42.61030578613281 5.0555500984191895
v -13.744972229003906 -42.61030578613281 0.8368440270423889
v -2.394084930419922 -42.61030578613281 7.597230911254883
v -88.47122955322266 -42.61030578613281 16.969751358032227
v -26.724472045898438 -42.61030578613281 2.0772340297698975
v -57.1676025390625 -42.61030578613281 9.09402084350586
v -8.478842735290527 -42.61030578613281 13.680096626281738
v -15.052425384521484 -42.61030578613281 5.881959915161133
v -24.805076599121094 -42.61030578613281 11.699729919433594
v -35.66106414794922 -42.61030578613281 0.6630579829216003
v -54.481510162353516 -42.61030578613281 15.701679229736328
v -4.830623149871826 -42.61030578613281 9.301370620727539
v -26.730472564697266 -42.61030578613281 17.765077590942383
v -47.884952545166016 -42.61030578613281 11.447961807250977
v -22.64386558532715 -42.61030578613281 0.8900070190429688
v -67.76506805419922 -42.61030578613281 12.485812187194824
v -11.651556968688965 -42.61030578613281 13.381220817565918
v -62.19842529296875 -42.61030578613281 9.888548851013184
v -19.791872024536133 -42.61030578613281 12.63677978515625
v -62.91780471801758 -42.61030578613281 3.4734609127044678
v -64.99491119384766 -42.61030578613281 9.113913536071777
v -77.34220123291016 -42.61030578613281 7.884993076324463
v -78.35327911376953 -42.61030578613281 2.0910708904266357
v -65.54100036621094 -42.61030578613281 17.649375915527344
v -71.2309341430664 -42.61030578613281 6.929018020629883
v -9.955751419067383 -42.61030578613281 19.078170776367188
v -48.191383361816406 -42.61030578613281 6.171486854553223
v -55.03421401977539 -42.61030578613281 11.3375244140625
v -84.6567611694336 -42.61030578613281 11.102433204650879
v -66.20922088623047 -42.61030578613281 10.121281623840332
v -53.10791778564453 -42.61030578613281 12.299833297729492
v -76.3188705444336 -42.61030578613281 12.513344764709473
v -72.46146392822266 -42.61030578613281 16.3970947265625
v -77.2795639038086 -42.61030578613281 19.046096801757812
v -75.4245376586914 -42.61030578613281 12.010140419006348
v -55.8549919128418 -42.61030578613281 16.36549949645996
v 2.4906198978424072 -42.61030578613281 19.088071823120117
v -15.894593238830566 -42.61030578613281 19.183937072753906
v -31.44894027709961 -42.61030578613281 14.120248794555664
v -12.471216201782227 -42.61030578613281 19.063087463378906
v -29.0273380279541 -42.61030578613281 11.866537094116211
v -83.79180908203125 -42.61030578613281 13.468027114868164
v -13.498741149902344 -42.61030578613281 17.670764923095703
v -58.7861213684082 -42.61030578613281 4.684603214263916
v -16.662338256835938 -42.61030578613281 4.976518154144287
v -18.372901916503906 -42.61030578613281 10.57101058959961
v -22.885074615478516 -42.61030578613281 1.8776910305023193
v -34.79121398925781 -42.61030578613281 0.8236730098724365
v -67.83915710449219 -42.61030578613281 15.442721366882324
v -84.31732177734375 -42.61030578613281 1.8268749713897705
v -69.6739730834961 -42.61030578613281 7.640384197235107
v -57.303863525390625 -42.61030578613281 2.2552099227905273
v -22.453779220581055 -42.61030578613281 14.205080032348633
v -86.82362365722656 -42.61030578613281 13.63541316986084
v -36.49995803833008 -42.61030578613281 15.517276763916016
v -21.127153396606445 -42.61030578613281 13.066391944885254
v -40.1226692199707 -42.61030578613281 4.6398210525512695
v -0.25356900691986084 -42.61030578613281 9.667640686035156
v 2.538264036178589 -42.61030578613281 17.940967559814453
v -47.79142761230469 -42.61030578613281 5.34221076965332
v -28.271427154541016 -42.61030578613281 7.582214832305908
v 2.5544769763946533 -42.61030578613281 0.7477350234985352
v -38.13475036621094 -42.61030578613281 0.6433789730072021
v -1.2106339931488037 -42.61030578613281 10.389625549316406
v -15.859658241271973 -42.61030578613281 15.381094932556152
v 1.2333459854125977 -42.61030578613281 9.225606918334961
v -39.347137451171875 -42.61030578613281 19.272916793823242
v -17.236736297607422 -42.61030578613281 10.42016315460205
v -53.17247772216797 -42.61030578613281 19.11358070373535
v -76.74102783203125 -42.61030578613281 14.149018287658691
v -4.553030967712402 -42.61030578613281 2.755044937133789
v -33.44611358642578 -42.61030578613281 13.067184448242188
v -58.466285705566406 -42.61030578613281 8.693890571594238
v -59.83151626586914 -42.61030578613281 3.1863439083099365
v -6.026069164276123 -42.61030578613281 0.6902030110359192
v -74.09417724609375 -42.61030578613281 16.63149070739746
v -81.6808853149414 -42.61030578613281 6.089562892913818
v -18.884906768798828 -42.61030578613281 14.017242431640625
v 1.4441970586776733 -42.61030578613281 19.260791778564453
v -75.03099822998047 -42.61030578613281 4.811324119567871
v -68.98113250732422 -42.61030578613281 3.3050920963287354
v -32.37593460083008 -42.61030578613281 3.8335790634155273
v -33.208011627197266 -42.61030578613281 4.172369956970215
v 1.3021539449691772 -42.61030578613281 11.004975318908691
v -45.8935432434082 -42.61030578613281 7.383066177368164
v -38.630271911621094 -42.61030578613281 6.2737531661987305
v -50.48326873779297 -42.61030578613281 1.8164880275726318
v -4.638439178466797 -42.61030578613281 3.815419912338257
v -48.63637161254883 -42.61030578613281 7.494448184967041
v -32.607364654541016 -42.61030578613281 11.699636459350586
v -75.66987609863281 -42.61030578613281 8.096260070800781
v -55.72966003417969 -42.61030578613281 4.876018047332764
v -0.15440499782562256 -42.61030578613281 19.086347579956055
v -32.159202575683594 -42.61030578613281 16.13132095336914
v -8.19287109375 -42.61030578613281 7.298705101013184
v -29.49382781982422 -42.61030578613281 17.236141204833984
v -25.170068740844727 -42.61030578613281 7.7510762214660645
v -30.813472747802734 -42.61030578613281 12.671871185302734
v -26.053390502929688 -42.61030578613281 14.836475372314453
v -22.00154685974121 -42.61030578613281 11.991084098815918
v -29.45036506652832 -42.61030578613281 13.296993255615234
v -13.009010314941406 -42.61030578613281 7.495750904083252
v -79.96354675292969 -42.61030578613281 6.967059135437012
v -24.057472229003906 -42.61030578613281 9.264860153198242
v -22.58452606201172 -42.61030578613281 8.203639030456543
v -80.96847534179688 -42.61030578613281 13.496940612792969
v -69.6349868774414 -42.61030578613281 15.840051651000977
v -34.95185470581055 -42.61030578613281 9.386712074279785
v -59.39828872680664 -42.61030578613281 13.5463285446167
v -86.75045013427734 -42.61030578613281 17.648664474487305
v -84.73832702636719 -42.61030578613281 9.272834777832031
v -85.42445373535156 -42.61030578613281 9.7726411819458
v -32.104248046875 -42.61030578613281 6.511589050292969
v -41.02761459350586 -42.61030578613281 12.863625526428223
v -7.380013942718506 -42.61030578613281 4.310833930969238
v -79.04286193847656 -42.61030578613281 4.641310214996338
v -48.169517517089844 -42.61030578613281 3.927867889404297
v -20.50064468383789 -42.61030578613281 12.603856086730957
v -35.109649658203125 -42.61030578613281 2.3039329051971436
v -6.0389018058776855 -42.61030578613281 13.42348861694336
v -86.34829711914062 -42.61030578613281 8.36065673828125
v -38.533966064453125 -42.61030578613281 10.465139389038086
v -36.111473083496094 -42.61030578613281 2.159069061279297
v -43.357337951660156 -42.61030578613281 17.897960662841797
v -34.81926727294922 -42.61030578613281 5.489805221557617
v -56.0645751953125 -42.61030578613281 2.1814520359039307
v -90.00296783447266 -42.61030578613281 1.867995023727417
v -90.05804443359375 -42.61030578613281 18.01726722717285
v -46.97743225097656 -42.61030578613281 10.710515022277832
v -19.582117080688477 -42.61030578613281 19.286535263061523
v -72.99522399902344 -42.61030578613281 0.8150089979171753
v -75.44703674316406 -42.61030578613281 17.456972122192383
v -57.124542236328125 -42.61030578613281 4.04549503326416
v -43.85563278198242 -42.61030578613281 10.47502326965332
v -17.20916748046875 -42.61030578613281 16.138256072998047
v -30.81313133239746 -42.61030578613281 4.318221092224121
v -42.807735443115234 -42.61030578613281 9.726725578308105
v -20.51463508605957 -42.61030578613281 3.593147039413452
v -6.58273983001709 -42.61030578613281 4.658999919891357
v -20.51116943359375 -42.61030578613281 10.093737602233887
v -79.22344970703125 -42.61030578613281 16.288164138793945
v -65.40811157226562 -42.61030578613281 14.253936767578125
v -93.7005386352539 -22.641319274902344 10.005365371704102
v -93.7005386352539 -19.64296531677246 14.397377967834473
v -93.7005386352539 -19.64296531677246 5.502622127532959
v -93.7005386352539 -24.778663635253906 5.340034008026123
v -93.7005386352539 -24.808855056762695 14.628878593444824
v -93.7005386352539 -15.524155616760254 15.762673377990723
v -93.7005386352539 -15.524155616760254 4.137327194213867
v -93.7005386352539 6.6764349937438965 16.177465438842773
v -93.7005386352539 6.6764349937438965 3.722533941268921
v -93.7005386352539 -18.995927810668945 10.185954093933105
v -93.7005386352539 2.6921639442443848 16.073898315429688
v -93.7005386352539 2.6921639442443848 3.8261020183563232
v -93.7005386352539 -12.105891227722168 3.727997064590454
v -93.7005386352539 -12.105891227722168 16.1720027923584
v -93.7005386352539 -8.037233352661133 3.748892068862915
v -93.7005386352539 -8.037233352661133 16.151107788085938
v -93.7005386352539 -2.9206509590148926 3.7015581130981445
v -93.7005386352539 -2.9206509590148926 16.198442459106445
v -93.7005386352539 -25.983060836791992 8.727511405944824
v -93.7005386352539 9.562749862670898 14.918152809143066
v -93.7005386352539 9.562749862670898 4.981846809387207
v -93.7005386352539 -22.082792282104492 16.62062644958496
v -93.7005386352539 -22.082792282104492 3.27937388420105
v -93.7005386352539 -26.43938446044922 11.849316596984863
v -93.7005386352539 -22.042301177978516 12.800780296325684
v -93.7005386352539 -21.976255416870117 7.040188789367676
v -93.7005386352539 -26.406991958618164 16.892322540283203
v -93.7005386352539 -26.639331817626953 3.061008930206299
v -93.7005386352539 -17.63931655883789 12.443638801574707
v -93.7005386352539 -17.45823860168457 7.401102066040039
v -93.7005386352539 0.08230800181627274 4.188499927520752
v -93.7005386352539 0.08230800181627274 15.71150016784668
v -93.7005386352539 -18.291051864624023 16.90938377380371
v -93.7005386352539 -18.291051864624023 2.9906160831451416
v -93.7005386352539 -5.3984761238098145 17.21063995361328
v -93.7005386352539 -5.3984761238098145 2.6893599033355713
v -93.7005386352539 11.074494361877441 12.943859100341797
v -93.7005386352539 11.074494361877441 6.956140995025635
v -93.7005386352539 -27.056581497192383 6.405490875244141
v -93.7005386352539 -26.991857528686523 14.30164909362793
v -93.7005386352539 -10.07436466217041 14.953239440917969
v -93.7005386352539 -10.07436466217041 4.946761131286621
v -93.7005386352539 -4.740394115447998 14.813376426696777
v -93.7005386352539 -4.740394115447998 5.0866241455078125
v -93.7005386352539 -14.08579158782959 17.560714721679688
v -93.7005386352539 -14.08579158782959 2.339284896850586
v -93.7005386352539 -9.892818450927734 17.57669448852539
v -93.7005386352539 -9.892818450927734 2.3233048915863037
v -93.7005386352539 -19.835491180419922 8.10608196258545
v -93.7005386352539 -19.798477172851562 11.838823318481445
v -93.7005386352539 -13.890517234802246 14.59572982788086
v -93.7005386352539 -13.890517234802246 5.304269790649414
v -93.7005386352539 -23.99687957763672 11.616799354553223
v -93.7005386352539 -24.385828018188477 2.2012460231781006
v -93.7005386352539 -24.388086318969727 17.68726348876953
v -93.7005386352539 -15.846952438354492 6.212955951690674
v -93.7005386352539 -15.846952438354492 13.687044143676758
v -93.7005386352539 4.897360801696777 14.669322967529297
v -93.7005386352539 4.897360801696777 5.230677127838135
v -93.7005386352539 4.79355001449585 17.664836883544922
v -93.7005386352539 4.79355001449585 2.235163927078247
v -93.7005386352539 0.9633989930152893 2.068758964538574
v -93.7005386352539 0.9633989930152893 17.831241607666016
v -93.7005386352539 8.789880752563477 17.088001251220703
v -93.7005386352539 8.789880752563477 2.8119990825653076
v -93.7005386352539 11.37176513671875 9.949999809265137
v -93.7005386352539 -23.796403884887695 8.23337173461914
v -93.7005386352539 -1.0551559925079346 2.238218069076538
v -93.7005386352539 -1.0551559925079346 17.661781311035156
v -93.7005386352539 7.666339874267578 14.392189979553223
v -93.7005386352539 7.666339874267578 5.507810115814209
v -93.7005386352539 -17.571413040161133 14.806306838989258
v -93.7005386352539 -17.571413040161133 5.093692779541016
v -93.7005386352539 -16.44843292236328 17.864458084106445
v -93.7005386352539 -16.44843292236328 2.03554105758667
v -93.7005386352539 -20.246381759643555 17.92191505432129
v -93.7005386352539 -20.246381759643555 1.9780839681625366
v -93.7005386352539 -27.422161102294922 10.169288635253906
v -93.7005386352539 -1.807428002357483 5.410848140716553
v -93.7005386352539 -1.807428002357483 14.489151954650879
v -93.7005386352539 2.0694429874420166 5.54882287979126
v -93.7005386352539 2.0694429874420166 14.351177215576172
v -93.7005386352539 -21.464693069458008 14.893641471862793
v -93.7005386352539 -21.464693069458008 5.006359100341797
v -93.7005386352539 -6.901793956756592 5.48814582824707
v -93.7005386352539 -6.901793956756592 14.411853790283203
v -93.7005386352539 -17.27920913696289 10.605156898498535
v -93.7005386352539 6.852304935455322 18.03983497619629
v -93.7005386352539 6.852304935455322 1.860164999961853
v -93.7005386352539 -20.670713424682617 10.314691543579102
v -93.7005386352539 -27.793054580688477 8.097874641418457
v -93.7005386352539 -27.826061248779297 4.496685028076172
v -93.7005386352539 -7.2242751121521 1.848418951034546
v -93.7005386352539 -7.2242751121521 18.05158042907715
v -93.7005386352539 -3.5345211029052734 17.993694305419922
v -93.7005386352539 -3.5345211029052734 1.9063060283660889
v -93.7005386352539 -11.921976089477539 17.858169555664062
v -93.7005386352539 -11.921976089477539 2.041830062866211
v -93.7005386352539 -12.03144359588623 14.314480781555176
v -93.7005386352539 -12.03144359588623 5.585518836975098
v -93.7005386352539 -24.59996795654297 9.926874160766602
v -93.7005386352539 2.993143081665039 1.847108006477356
v -93.7005386352539 2.993143081665039 18.052892684936523
v -93.7005386352539 11.347637176513672 14.60749340057373
v -93.7005386352539 11.347637176513672 5.292507171630859
v -93.7005386352539 -25.230178833007812 7.026157855987549
v -93.7005386352539 9.2841796875 13.276774406433105
v -93.7005386352539 9.2841796875 6.623226165771484
v -93.7005386352539 -20.35480499267578 16.084529876708984
v -93.7005386352539 -20.35480499267578 3.815469980239868
v -93.7005386352539 -27.85066795349121 18.09415626525879
v -93.7005386352539 -27.86849594116211 1.740859031677246
v -93.7005386352539 -21.591970443725586 8.501143455505371
v -93.7005386352539 -17.137590408325195 9.016029357910156
v -93.7005386352539 -22.70195198059082 18.246309280395508
v -93.7005386352539 -22.70195198059082 1.653691053390503
v -93.7005386352539 10.353050231933594 16.455974578857422
v -93.7005386352539 10.353050231933594 3.444025993347168
v -93.7005386352539 -27.921947479248047 12.80136775970459
v -93.7005386352539 -23.477638244628906 15.998485565185547
v -93.7005386352539 -23.454483032226562 3.886025905609131
v -93.7005386352539 11.861788749694824 8.464792251586914
v -93.7005386352539 11.861788749694824 11.435208320617676
v -93.7005386352539 -27.939599990844727 15.844683647155762
v -93.7005386352539 -25.133586883544922 13.008295059204102
v -93.7005386352539 -3.3642940521240234 14.296817779541016
v -93.7005386352539 -3.3642940521240234 5.603181838989258
v -93.7005386352539 -25.703216552734375 4.595004081726074
v -93.7005386352539 -23.033000946044922 5.575109004974365
v -93.7005386352539 -23.25650978088379 14.049912452697754
v -93.7005386352539 -8.543960571289062 14.049144744873047
v -93.7005386352539 -8.543960571289062 5.850854873657227
v -93.7005386352539 -25.762285232543945 1.5683599710464478
v -93.7005386352539 -25.84222412109375 18.16106605529785
v -93.7005386352539 -25.455036163330078 16.103254318237305
v -93.7005386352539 3.2508769035339355 5.902669906616211
v -93.7005386352539 3.2508769035339355 13.997329711914062
v -93.7005386352539 -21.928739547729492 11.59817123413086
v -93.7005386352539 6.241687774658203 14.135765075683594
v -93.7005386352539 6.241687774658203 5.764235019683838
v -93.7005386352539 -6.240884780883789 15.973365783691406
v -93.7005386352539 -6.240884780883789 3.9266340732574463
v -93.7005386352539 -20.67912483215332 6.495062828063965
v -93.7005386352539 -20.67912483215332 13.404936790466309
v -93.7005386352539 10.100696563720703 8.175700187683105
v -93.7005386352539 10.100696563720703 11.724300384521484
v -93.7005386352539 -14.349407196044922 16.251182556152344
v -93.7005386352539 -14.349407196044922 3.6488170623779297
v -93.7005386352539 -16.314708709716797 12.171670913696289
v -93.7005386352539 -16.263164520263672 7.698413848876953
v -93.7005386352539 -8.620115280151367 18.307567596435547
v -93.7005386352539 -8.620115280151367 1.5924320220947266
v -93.7005386352539 -18.945476531982422 13.418181419372559
v -93.7005386352539 -18.945476531982422 6.481819152832031
v -93.7005386352539 -18.618606567382812 11.395774841308594
v -93.7005386352539 -18.705846786499023 8.539484977722168
v -93.7005386352539 -25.931787490844727 10.57088565826416
v -93.7005386352539 -17.852611541748047 1.4473570585250854
v -93.7005386352539 -17.852611541748047 18.4526424407959
v -93.7005386352539 -1.4447189569473267 15.997331619262695
v -93.7005386352539 -1.4447189569473267 3.902667999267578
v -93.7005386352539 0.011992000043392181 6.268064022064209
v -93.7005386352539 0.011992000043392181 13.631936073303223
v -93.7005386352539 7.942050933837891 15.862030982971191
v -93.7005386352539 7.942050933837891 4.03796911239624
v -93.7005386352539 1.4055440425872803 3.8293039798736572
v -93.7005386352539 1.4055440425872803 16.070695877075195
v -93.7005386352539 5.355350971221924 15.944087982177734
v -93.7005386352539 5.355350971221924 3.9559121131896973
v -93.7005386352539 -17.303491592407227 16.436237335205078
v -93.7005386352539 -17.303491592407227 3.4637629985809326
v -93.7005386352539 -18.741849899291992 15.60536003112793
v -93.7005386352539 -18.741849899291992 4.294640064239502
v -93.7005386352539 -28.20180320739746 3.1651110649108887
v -93.7005386352539 -15.326116561889648 18.611663818359375
v -93.7005386352539 -15.326116561889648 1.2883360385894775
v -93.7005386352539 -4.29522180557251 16.213308334350586
v -93.7005386352539 -4.29522180557251 3.686691999435425
v -93.7005386352539 -25.15497589111328 3.6844348907470703
v -93.7005386352539 -20.31818962097168 9.280563354492188
v -93.7005386352539 -23.991727828979492 7.015690803527832
v -93.7005386352539 -14.542059898376465 6.403441905975342
v -93.7005386352539 -14.542059898376465 13.49655818939209
v -93.7005386352539 -10.595741271972656 3.729909896850586
v -93.7005386352539 -10.595741271972656 16.170089721679688
v -93.7005386352539 -28.176942825317383 11.313218116760254
v -93.7005386352539 -23.8503475189209 12.966996192932129
v -93.7005386352539 -0.09183499962091446 1.357664942741394
v -93.7005386352539 -0.09183499962091446 18.542335510253906
v -93.7005386352539 -28.339338302612305 6.8078999519348145
v -93.7005386352539 12.14328670501709 6.496625900268555
v -93.7005386352539 12.14328670501709 13.403373718261719
v -93.7005386352539 7.9525041580200195 18.4000244140625
v -93.7005386352539 7.9525041580200195 1.4999749660491943
v -93.7005386352539 -12.89957046508789 18.639812469482422
v -93.7005386352539 -12.89957046508789 1.2601879835128784
v -93.7005386352539 -2.3123669624328613 1.4340720176696777
v -93.7005386352539 -2.3123669624328613 18.465927124023438
v -93.7005386352539 -15.105635643005371 5.309883117675781
v -93.7005386352539 -15.105635643005371 14.590117454528809
v -93.7005386352539 -5.406548023223877 1.2128510475158691
v -93.7005386352539 -5.406548023223877 18.687149047851562
v -93.7005386352539 -9.322793006896973 16.111968994140625
v -93.7005386352539 -9.322793006896973 3.7880311012268066
v -93.7005386352539 -0.3037860095500946 16.74109649658203
v -93.7005386352539 -0.3037860095500946 3.158902883529663
v -93.7005386352539 -17.17323112487793 6.228816986083984
v -93.7005386352539 -17.186429977416992 13.667156219482422
v -93.7005386352539 -15.34768009185791 17.140411376953125
v -93.7005386352539 -15.34768009185791 2.7595889568328857
v -93.7005386352539 -19.26019859313965 18.810434341430664
v -93.7005386352539 -19.26019859313965 1.0895659923553467
v -93.7005386352539 5.743064880371094 18.628459930419922
v -93.7005386352539 5.743064880371094 1.2715409994125366
v -93.7005386352539 -26.635229110717773 15.501580238342285
v -93.7005386352539 -21.608924865722656 1.2581820487976074
v -93.7005386352539 -21.608924865722656 18.641817092895508
v -93.7005386352539 -11.075023651123047 13.743517875671387
v -93.7005386352539 -11.075023651123047 6.156482219696045
v -93.7005386352539 -25.781034469604492 13.983452796936035
v -93.7005386352539 -5.74337100982666 13.932887077331543
v -93.7005386352539 -5.74337100982666 5.967113018035889
v -93.7005386352539 -10.368927001953125 18.727460861206055
v -93.7005386352539 -10.368927001953125 1.1725399494171143
v -93.7005386352539 -26.56562042236328 7.6005940437316895
v -93.7005386352539 2.034601926803589 1.2008090019226074
v -93.7005386352539 2.034601926803589 18.699190139770508
v -93.7005386352539 -25.803544998168945 5.8831281661987305
v -93.7005386352539 -28.75672149658203 14.309404373168945
v -93.7005386352539 -12.806957244873047 17.264015197753906
v -93.7005386352539 -12.806957244873047 2.635983943939209
v -93.7005386352539 -13.207511901855469 6.192070007324219
v -93.7005386352539 -13.207511901855469 13.707929611206055
v -93.7005386352539 10.327022552490234 13.904934883117676
v -93.7005386352539 10.327022552490234 5.995065212249756
v -93.7005386352539 -22.60272789001465 8.779156684875488
v -93.7005386352539 -26.89708137512207 13.04404354095459
v -93.7005386352539 -28.431737899780273 9.208396911621094
v -93.7005386352539 7.536028861999512 17.051982879638672
v -93.7005386352539 7.536028861999512 2.848017930984497
v -93.7005386352539 -16.31224250793457 14.682639122009277
v -93.7005386352539 -16.310041427612305 5.2166900634765625
v -93.7005386352539 5.97898006439209 15.157540321350098
v -93.7005386352539 5.97898006439209 4.742459774017334
v -93.7005386352539 -23.98181915283203 0.9990649819374084
v -93.7005386352539 -23.96528434753418 18.94546890258789
v -93.7005386352539 5.926708221435547 17.178760528564453
v -93.7005386352539 5.926708221435547 2.7212390899658203
v -93.7005386352539 4.1143388748168945 18.64780616760254
v -93.7005386352539 4.1143388748168945 1.2521929740905762
v -93.7005386352539 9.902111053466797 17.584095001220703
v -93.7005386352539 9.902111053466797 2.3159050941467285
v -93.7005386352539 11.374422073364258 15.781644821166992
v -93.7005386352539 11.374422073364258 4.118354797363281
v -93.7005386352539 -28.546001434326172 16.873437881469727
v -93.7005386352539 -23.709674835205078 10.507879257202148
v -93.7005386352539 -28.303695678710938 5.504044055938721
v -93.7005386352539 -22.4929141998291 15.175856590270996
v -93.7005386352539 -22.457677841186523 4.682647228240967
v -93.7005386352539 -25.318103790283203 11.423606872558594
v -93.7005386352539 8.219746589660645 13.359564781188965
v -93.7005386352539 8.219746589660645 6.540434837341309
v -93.7005386352539 5.255583763122559 13.358352661132812
v -93.7005386352539 5.255583763122559 6.541646957397461
v -93.7005386352539 -22.936906814575195 12.242427825927734
v -93.7005386352539 -13.292738914489746 4.322956085205078
v -93.7005386352539 -13.292738914489746 15.577043533325195
v -93.7005386352539 -20.926372528076172 12.292678833007812
v -93.7005386352539 -19.740875244140625 10.858760833740234
v -93.7005386352539 3.983583927154541 4.130270004272461
v -93.7005386352539 3.983583927154541 15.769729614257812
v -93.7005386352539 2.080517053604126 2.682410955429077
v -93.7005386352539 2.080517053604126 17.217588424682617
v -93.7005386352539 -15.40807056427002 12.692748069763184
v -93.7005386352539 -15.399479866027832 7.202266216278076
v -93.7005386352539 -16.584489822387695 9.866589546203613
v -93.7005386352539 -8.716075897216797 2.8389270305633545
v -93.7005386352539 -8.716075897216797 17.061073303222656
v -93.7005386352539 -2.3977510929107666 17.273174285888672
v -93.7005386352539 -2.3977510929107666 2.6268250942230225
v -93.7005386352539 -23.221769332885742 2.748826026916504
v -93.7005386352539 -23.227521896362305 17.117036819458008
v -93.7005386352539 -16.361967086791992 11.082022666931152
v -93.7005386352539 10.321708679199219 9.949999809265137
v -93.7005386352539 -19.5742244720459 16.66007423400879
v -93.7005386352539 -19.5742244720459 3.2399260997772217
v -93.7005386352539 -4.575858116149902 13.643497467041016
v -93.7005386352539 -4.575858116149902 6.256503105163574
v -93.7005386352539 3.631777048110962 2.753170967102051
v -93.7005386352539 3.631777048110962 17.14682960510254
v -93.7005386352539 -21.033655166625977 7.585687160491943
v -93.7005386352539 -18.45164680480957 5.7241058349609375
v -93.7005386352539 -18.45244789123535 14.17564868927002
v -93.7005386352539 -26.86031150817871 1.0905020236968994
v -93.7005386352539 -26.89444351196289 18.82965660095215
v -93.7005386352539 8.967253684997559 14.168964385986328
v -93.7005386352539 8.967253684997559 5.731036186218262
v -93.7005386352539 -18.014053344726562 9.552918434143066
v -93.7005386352539 9.235337257385254 15.9481782913208
v -93.7005386352539 9.235337257385254 3.95182204246521
v -93.7005386352539 -25.37384605407715 17.136743545532227
v -93.7005386352539 -27.104183197021484 8.969498634338379
v -93.7005386352539 -2.4989030361175537 6.501299858093262
v -93.7005386352539 -2.4989030361175537 13.398699760437012
v -93.7005386352539 -1.1868300437927246 6.384353160858154
v -93.7005386352539 -1.1868300437927246 13.515646934509277
v -93.7005386352539 -3.5839920043945312 15.34249210357666
v -93.7005386352539 -3.5839920043945312 4.5575079917907715
v -93.7005386352539 1.2894059419631958 13.50238037109375
v -93.7005386352539 1.2894059419631958 6.39762020111084
v -93.7005386352539 -11.190488815307617 15.088130950927734
v -93.7005386352539 -11.190488815307617 4.811869144439697
v -93.7005386352539 12.289202690124512 9.419413566589355
v -93.7005386352539 12.24255657196045 10.539667129516602
v -93.7005386352539 -9.624154090881348 13.691638946533203
v -93.7005386352539 -9.624154090881348 6.2083611488342285
v -93.7005386352539 -24.854827880859375 8.823609352111816
v -93.7005386352539 -23.700820922851562 9.379376411437988
v -93.7005386352539 -7.861991882324219 5.113777160644531
v -93.7005386352539 -7.861991882324219 14.786223411560059
v -93.7005386352539 -7.588628768920898 6.4174089431762695
v -93.7005386352539 -7.588628768920898 13.482590675354004
v -93.7005386352539 12.286334991455078 7.624328136444092
v -93.7005386352539 12.286334991455078 12.27567195892334
v -93.7005386352539 7.1088948249816895 13.468331336975098
v -93.7005386352539 7.1088948249816895 6.431669235229492
v -93.7005386352539 -6.752843856811523 16.920642852783203
v -93.7005386352539 -6.752843856811523 2.9793570041656494
v -93.7005386352539 2.975192070007324 15.063384056091309
v -93.7005386352539 2.975192070007324 4.836616039276123
v -93.7005386352539 2.3278229236602783 6.549822807312012
v -93.7005386352539 2.3278229236602783 13.350176811218262
v -93.7005386352539 -21.42367172241211 17.535850524902344
v -93.7005386352539 -21.42367172241211 2.3641490936279297
v -93.7005386352539 9.478795051574707 7.572111129760742
v -93.7005386352539 9.478795051574707 12.327889442443848
v -93.7005386352539 -6.598810195922852 18.897113800048828
v -93.7005386352539 -6.598810195922852 1.0028870105743408
v -93.7005386352539 -1.241170048713684 1.1111739873886108
v -93.7005386352539 -1.241170048713684 18.78882598876953
v -93.7005386352539 -4.232077121734619 0.9951350092887878
v -93.7005386352539 -4.232077121734619 18.904865264892578
v -93.7005386352539 -22.951061248779297 7.652108192443848
v -93.7005386352539 -20.330764770507812 19.0169677734375
v -93.7005386352539 -20.330764770507812 0.8830329775810242
v -93.7005386352539 -21.449810028076172 9.409784317016602
v -93.7005386352539 -16.565587997436523 0.9385010004043579
v -93.7005386352539 -16.565587997436523 18.961498260498047
v -93.7005386352539 -11.09248161315918 2.715548038482666
v -93.7005386352539 -11.09248161315918 17.184452056884766
v -93.7005386352539 -14.113322257995605 18.928482055664062
v -93.7005386352539 -14.113322257995605 0.971517026424408
v -93.7005386352539 -16.274261474609375 8.745940208435059
v -93.7005386352539 6.90109920501709 15.144997596740723
v -93.7005386352539 6.90109920501709 4.755002021789551
v -93.7005386352539 -28.650291442871094 10.366930961608887
v -93.7005386352539 -7.679282188415527 18.984722137451172
v -93.7005386352539 -7.679282188415527 0.9152770042419434
v -93.7005386352539 -17.281375885009766 17.28605079650879
v -93.7005386352539 -17.281375885009766 2.61395001411438
v -93.7005386352539 -20.55586051940918 15.141173362731934
v -93.7005386352539 -20.55586051940918 4.758827209472656
v -93.7005386352539 -16.403478622436523 16.711027145385742
v -93.7005386352539 -16.403478622436523 3.1889729499816895
v -93.7005386352539 -21.357349395751953 15.81191635131836
v -93.7005386352539 -21.326099395751953 4.083799839019775
v -93.7005386352539 -26.93103790283203 5.14596700668335
v -93.7005386352539 10.9990873336792 9.012895584106445
v -93.7005386352539 10.9990873336792 10.887104034423828
v -93.7005386352539 -27.116783142089844 11.153345108032227
v -93.7005386352539 -0.5982720255851746 5.234776973724365
v -93.7005386352539 -0.5982720255851746 14.665223121643066
v -93.7005386352539 -25.586191177368164 2.6734189987182617
v -93.7005386352539 0.8904510140419006 14.75766658782959
v -93.7005386352539 0.8904510140419006 5.142333030700684
v -93.7005386352539 -2.6058590412139893 15.20986270904541
v -93.7005386352539 -2.6058590412139893 4.690136909484863
v -93.7005386352539 -28.763328552246094 4.353125095367432
v -93.7005386352539 0.9026280045509338 18.974552154541016
v -93.7005386352539 0.9026280045509338 0.9254469871520996
v -93.7005386352539 10.580182075500488 15.200228691101074
v -93.7005386352539 10.580182075500488 4.699770927429199
v -93.7005386352539 -21.956771850585938 13.983290672302246
v -93.7005386352539 -21.915874481201172 5.866905212402344
v -93.7005386352539 -4.294467926025391 2.6136059761047363
v -93.7005386352539 -4.294467926025391 17.286394119262695
v -93.7005386352539 -11.556502342224121 18.84564781188965
v -93.7005386352539 -11.556502342224121 1.0543529987335205
v -93.7005386352539 -28.601530075073242 18.890777587890625
v -93.7005386352539 -28.601530075073242 1.0092220306396484
v -93.7005386352539 -6.015940189361572 15.00603199005127
v -93.7005386352539 -6.015940189361572 4.893968105316162
v -93.7005386352539 -17.371191024780273 11.436319351196289
v -93.7005386352539 -8.969804763793945 15.056685447692871
v -93.7005386352539 -8.969804763793945 4.843315124511719
v -93.7005386352539 12.235803604125977 5.470789909362793
v -93.7005386352539 12.235803604125977 14.42920970916748
v -93.7005386352539 -26.876949310302734 4.0255231857299805
v -93.7005386352539 6.918307781219482 19.00419807434082
v -93.7005386352539 6.918307781219482 0.8958020210266113
v -93.7005386352539 -20.791034698486328 11.24057388305664
v -93.7005386352539 -23.841020584106445 14.820320129394531
v -93.7005386352539 -23.70670509338379 4.947793006896973
v -93.7005386352539 -28.794736862182617 8.077140808105469
v -93.7005386352539 -25.461193084716797 15.063907623291016
v -93.7005386352539 -3.203942060470581 0.8971660137176514
v -93.7005386352539 -3.203942060470581 19.00283432006836
v -93.7005386352539 -18.089616775512695 13.267919540405273
v -93.7005386352539 -18.07946014404297 6.628981113433838
v -93.7005386352539 9.116592407226562 1.6033190488815308
v -93.7005386352539 9.116592407226562 18.296680450439453
v -93.7005386352539 -24.945310592651367 18.918760299682617
v -93.7005386352539 -24.932178497314453 0.9537339806556702
v -93.7005386352539 3.187798023223877 0.8599820137023926
v -93.7005386352539 3.187798023223877 19.04001808166504
v -93.7005386352539 -25.558244705200195 9.533621788024902
v -93.7005386352539 -24.438003540039062 16.55660629272461
v -93.7005386352539 -6.23262882232666 17.955398559570312
v -93.7005386352539 -6.23262882232666 1.944601058959961
v -93.7005386352539 -12.891292572021484 5.15978479385376
v -93.7005386352539 -12.891292572021484 14.740215301513672
v -93.7005386352539 -5.306889057159424 4.117471218109131
v -93.7005386352539 -5.306889057159424 15.7825288772583
v -93.7005386352539 -18.772655487060547 12.476319313049316
v -93.7005386352539 -18.647443771362305 7.5780930519104
v -93.7005386352539 -17.008995056152344 8.2243070602417
v -93.7005386352539 -24.51352882385254 4.371341228485107
v -93.7005386352539 -13.50810718536377 16.570035934448242
v -93.7005386352539 -13.50810718536377 3.3299639225006104
v -93.7005386352539 -26.90250015258789 17.73433494567871
v -93.7005386352539 -26.967832565307617 2.121005058288574
v -93.7005386352539 10.81002140045166 17.29732894897461
v -93.7005386352539 10.81002140045166 2.6026721000671387
v -93.7005386352539 -24.74195671081543 7.847105026245117
v -93.7005386352539 -13.795363426208496 12.990843772888184
v -93.7005386352539 -13.795363426208496 6.90915584564209
v -93.7005386352539 -12.256918907165527 13.333186149597168
v -93.7005386352539 -12.256918907165527 6.566813945770264
v -93.7005386352539 -18.18260383605957 10.600789070129395
v -93.7005386352539 -28.771177291870117 13.144331932067871
v -93.7005386352539 -7.790424823760986 2.670358896255493
v -93.7005386352539 -7.790424823760986 17.22964096069336
v -93.7005386352539 -24.74027442932129 6.231135845184326
v -93.7005386352539 -28.864147186279297 15.546875
v -93.7005386352539 -19.773941040039062 15.577703475952148
v -93.7005386352539 -19.773941040039062 4.322297096252441
v -93.7005386352539 -27.423749923706055 7.228538990020752
v -93.7005386352539 -28.744577407836914 2.0351688861846924
v -93.7005386352539 -3.488523006439209 16.993003845214844
v -93.7005386352539 -3.488523006439209 2.906996965408325
v -93.7005386352539 -24.563135147094727 10.865194320678711
v -93.7005386352539 -9.434083938598633 0.9421690106391907
v -93.7005386352539 -9.434083938598633 18.95783042907715
v -93.7005386352539 4.05578088760376 13.416380882263184
v -93.7005386352539 4.05578088760376 6.483619213104248
v -93.7005386352539 -20.797407150268555 16.828657150268555
v -93.7005386352539 -20.79368782043457 3.0708320140838623
v -93.7005386352539 -28.843761444091797 17.985424041748047
v -93.7005386352539 -19.794178009033203 12.971385955810547
v -93.7005386352539 -19.797359466552734 6.95822811126709
v -93.7005386352539 -22.962894439697266 6.586708068847656
v -93.7005386352539 8.71843433380127 4.775829792022705
v -93.7005386352539 8.71843433380127 15.124170303344727
v -93.7005386352539 -3.624454975128174 13.229766845703125
v -93.7005386352539 -3.624454975128174 6.670232772827148
v -93.7005386352539 -27.447765350341797 16.7602596282959
v -93.7005386352539 11.055892944335938 11.971298217773438
v -93.7005386352539 11.055892944335938 7.928701877593994
v -93.7005386352539 -24.580291748046875 15.528575897216797
v -93.7005386352539 -27.378896713256836 12.033764839172363
v -93.7005386352539 11.334877967834473 13.736400604248047
v -93.7005386352539 11.334877967834473 6.163599014282227
v -93.7005386352539 -17.834095001220703 8.489397048950195
v -93.7005386352539 -22.813295364379883 19.12436294555664
v -93.7005386352539 -22.81401252746582 0.7775689959526062
v -93.7005386352539 8.728841781616211 12.618232727050781
v -93.7005386352539 8.728841781616211 7.281766891479492
v -93.7005386352539 -27.765363693237305 0.7681159973144531
v -93.7005386352539 -27.76862335205078 19.12291717529297
v -93.7005386352539 -22.815757751464844 11.085160255432129
v -93.7005386352539 -24.491392135620117 13.721060752868652
v -93.7005386352539 -22.095077514648438 7.907792091369629
v -93.7005386352539 -20.695594787597656 8.48093032836914
v -93.7005386352539 -21.681026458740234 10.54032039642334
v -93.7005386352539 3.8467860221862793 14.650138854980469
v -93.7005386352539 3.8467860221862793 5.249860763549805
v -93.7005386352539 -12.245099067687988 15.195557594299316
v -93.7005386352539 -12.245099067687988 4.704442024230957
v -93.7005386352539 -22.80856704711914 13.208681106567383
v -93.7005386352539 -7.119297027587891 15.575428009033203
v -93.7005386352539 -7.119297027587891 4.3245720863342285
v -93.7005386352539 -19.044893264770508 2.1491100788116455
v -93.7005386352539 -19.044893264770508 17.750890731811523
v -93.7005386352539 10.146716117858887 12.811410903930664
v -93.7005386352539 10.146716117858887 7.088589191436768
v -93.7005386352539 -6.597690105438232 13.351276397705078
v -93.7005386352539 -6.597690105438232 6.548724174499512
v -93.7005386352539 -25.99213218688965 3.6078779697418213
v -93.7005386352539 -28.73347282409668 12.143341064453125
v -93.7005386352539 -8.711921691894531 13.161215782165527
v -93.7005386352539 -8.711921691894531 6.738783836364746
v -93.7005386352539 -19.293603897094727 9.279746055603027
v -93.7005386352539 -19.803861618041992 9.983942985534668
v -93.7005386352539 6.258648872375488 13.152241706848145
v -93.7005386352539 6.258648872375488 6.747757911682129
v -93.7005386352539 -25.636796951293945 7.866648197174072
v -93.7005386352539 -26.399887084960938 9.594161033630371
v -93.7005386352539 9.918556213378906 8.984713554382324
v -93.7005386352539 9.918556213378906 10.91528606414795
v -93.7005386352539 -27.77887725830078 13.697029113769531
v -93.7005386352539 12.636149406433105 8.590436935424805
v -93.7005386352539 12.634014129638672 11.302108764648438
v -93.7005386352539 -27.827739715576172 14.866869926452637
v -93.7005386352539 -16.8315372467041 15.67040729522705
v -93.7005386352539 -16.83116912841797 4.229481220245361
v -93.7005386352539 -17.80986213684082 15.757224082946777
v -93.7005386352539 -17.809823989868164 4.142765045166016
v -93.7005386352539 -24.21851921081543 3.2556519508361816
v -93.7005386352539 -26.077821731567383 6.786516189575195
v -93.7005386352539 -4.640049934387207 18.04452133178711
v -93.7005386352539 -4.640049934387207 1.855478048324585
v -93.7005386352539 -23.868877410888672 5.949411869049072
v -93.7005386352539 -16.46417999267578 6.860506057739258
v -93.7005386352539 -16.484804153442383 13.090069770812988
v -93.7005386352539 4.738193988800049 3.159151077270508
v -93.7005386352539 4.738193988800049 16.740848541259766
v -93.7005386352539 0.7279210090637207 16.867887496948242
v -93.7005386352539 0.7279210090637207 3.0321130752563477
v -93.7005386352539 2.006558895111084 15.263364791870117
v -93.7005386352539 2.006558895111084 4.636634826660156
v -93.7005386352539 -24.856557846069336 12.20660400390625
v -93.7005386352539 -14.448025703430176 4.601646900177002
v -93.7005386352539 -14.448025703430176 15.29835319519043
v -93.7005386352539 -23.5594539642334 18.033283233642578
v -93.7005386352539 -23.5594539642334 1.8667160272598267
v -93.7005386352539 -20.847434997558594 5.562575817108154
v -93.7005386352539 -20.859882354736328 14.364084243774414
v -93.7005386352539 -25.987564086914062 12.6417236328125
v -93.7005386352539 -22.238143920898438 2.3110780715942383
v -93.7005386352539 -22.238964080810547 17.58404541015625
v -93.7005386352539 -11.981825828552246 17.119659423828125
v -93.7005386352539 -11.981825828552246 2.7803399562835693
v -93.7005386352539 12.107335090637207 15.32271957397461
v -93.7005386352539 12.107335090637207 4.577280044555664
v -93.7005386352539 9.57009506225586 3.1309380531311035
v -93.7005386352539 9.57009506225586 16.769062042236328
v -93.7005386352539 0.0742340013384819 17.559249877929688
v -93.7005386352539 0.0742340013384819 2.3407509326934814
v -93.7005386352539 11.342741966247559 16.646991729736328
v -93.7005386352539 11.342741966247559 3.2530078887939453
v -93.7005386352539 -10.92792797088623 18.048439025878906
v -93.7005386352539 -10.92792797088623 1.8515609502792358
v -98.7005386352539 -25.07084846496582 9.949999809265137
v -98.7005386352539 -20.42970085144043 13.569623947143555
v -98.7005386352539 -20.403474807739258 6.412746906280518
v -98.7005386352539 -28.69160270690918 5.820140838623047
v -98.7005386352539 -28.893949508666992 14.214094161987305
v -98.7005386352539 -24.973739624023438 15.518342018127441
v -98.7005386352539 -24.822349548339844 4.36356782913208
v -98.7005386352539 -16.817407608032227 15.618918418884277
v -98.7005386352539 -16.817407608032227 4.2810821533203125
v -98.7005386352539 -30.179277420043945 9.874019622802734
v -98.7005386352539 -19.27170753479004 9.949999809265137
v -98.7005386352539 -13.087665557861328 16.15382194519043
v -98.7005386352539 -13.087665557861328 3.7461791038513184
v -98.7005386352539 6.6764349937438965 3.722533941268921
v -98.7005386352539 6.6764349937438965 16.177465438842773
v -98.7005386352539 2.7640159130096436 3.598562002182007
v -98.7005386352539 2.7640159130096436 16.301437377929688
v -98.7005386352539 -9.557077407836914 16.280258178710938
v -98.7005386352539 -9.557077407836914 3.6197409629821777
v -98.7005386352539 -5.437946796417236 3.7159860134124756
v -98.7005386352539 -5.437946796417236 16.18401336669922
v -98.7005386352539 -1.661810040473938 3.703727960586548
v -98.7005386352539 -1.661810040473938 16.196271896362305
v -98.7005386352539 9.562749862670898 4.981846809387207
v -98.7005386352539 9.562749862670898 14.918152809143066
v -98.7005386352539 -21.519878387451172 3.2506959438323975
v -98.7005386352539 -21.371807098388672 16.447046279907227
v -98.7005386352539 -31.160812377929688 3.3907999992370605
v -98.7005386352539 -31.160812377929688 16.509199142456055
v -98.7005386352539 -22.286479949951172 10.97120189666748
v -98.7005386352539 -23.20089340209961 7.274339199066162
v -98.7005386352539 -26.233522415161133 12.655721664428711
v -98.7005386352539 -17.65047836303711 12.865126609802246
v -98.7005386352539 -17.657121658325195 7.049302101135254
v -98.7005386352539 -27.307514190673828 16.82614517211914
v -98.7005386352539 -27.307514190673828 3.0738539695739746
v -98.7005386352539 -31.561614990234375 7.2233147621154785
v -98.7005386352539 -31.4188289642334 12.726442337036133
v -98.7005386352539 -26.396926879882812 7.290380954742432
v -98.7005386352539 -18.884174346923828 17.095306396484375
v -98.7005386352539 -18.907407760620117 2.644166946411133
v -98.7005386352539 -27.71839141845703 10.5906400680542
v -98.7005386352539 -23.056964874267578 13.343819618225098
v -98.7005386352539 11.074494361877441 6.956140995025635
v -98.7005386352539 11.074494361877441 12.943859100341797
v -98.7005386352539 0.39962300658226013 2.5318989753723145
v -98.7005386352539 0.39962300658226013 17.368101119995117
v -98.7005386352539 -21.359920501708984 8.636458396911621
v -98.7005386352539 -15.18906021118164 17.562637329101562
v -98.7005386352539 -15.18906021118164 2.3373630046844482
v -98.7005386352539 -14.695306777954102 14.341282844543457
v -98.7005386352539 -14.695306777954102 5.558716773986816
v -98.7005386352539 -28.66034507751465 8.089557647705078
v -98.7005386352539 0.3742539882659912 4.8469557762146
v -98.7005386352539 0.3742539882659912 15.053044319152832
v -98.7005386352539 -11.20870590209961 5.16245698928833
v -98.7005386352539 -11.20870590209961 14.737543106079102
v -98.7005386352539 -7.3979668617248535 5.219923973083496
v -98.7005386352539 -7.3979668617248535 14.680075645446777
v -98.7005386352539 4.804391860961914 5.068792819976807
v -98.7005386352539 4.804391860961914 14.831207275390625
v -98.7005386352539 -23.665462493896484 17.588518142700195
v -98.7005386352539 -23.60796356201172 2.5249249935150146
v -98.7005386352539 4.7533488273620605 2.3309600353240967
v -98.7005386352539 4.7533488273620605 17.569040298461914
v -98.7005386352539 -7.320995807647705 2.492400884628296
v -98.7005386352539 -7.320995807647705 17.4075984954834
v -98.7005386352539 -11.184846878051758 2.4484610557556152
v -98.7005386352539 -11.184846878051758 17.4515380859375
v -98.7005386352539 8.789880752563477 2.8119990825653076
v -98.7005386352539 8.789880752563477 17.088001251220703
v -98.7005386352539 -22.59119987487793 4.977724075317383
v -98.7005386352539 -3.487934112548828 5.1836981773376465
v -98.7005386352539 -3.487934112548828 14.716301918029785
v -98.7005386352539 -3.5368309020996094 2.326457977294922
v -98.7005386352539 -3.5368309020996094 17.57354164123535
v -98.7005386352539 -18.781267166137695 4.97603178024292
v -98.7005386352539 -18.906503677368164 14.979100227355957
v -98.7005386352539 -32.37990951538086 9.320972442626953
v -98.7005386352539 11.37176513671875 9.949999809265137
v -98.7005386352539 -29.388376235961914 12.021442413330078
v -98.7005386352539 -29.513952255249023 2.0630319118499756
v -98.7005386352539 -29.513952255249023 17.83696746826172
v -98.7005386352539 -26.663745880126953 5.27554178237915
v -98.7005386352539 7.666333198547363 5.507809162139893
v -98.7005386352539 7.666333198547363 14.392190933227539
v -98.7005386352539 -32.58577346801758 5.120131015777588
v -98.7005386352539 -32.51409149169922 15.044533729553223
v -98.7005386352539 -17.38574981689453 11.021316528320312
v -98.7005386352539 -26.57407569885254 14.828658103942871
v -98.7005386352539 -24.385242462158203 11.845046997070312
v -98.7005386352539 -17.333457946777344 8.820910453796387
v -98.7005386352539 -19.37383270263672 11.906549453735352
v -98.7005386352539 -19.285751342773438 8.00108814239502
v -98.7005386352539 -23.31480598449707 9.40753173828125
v -98.7005386352539 -25.63592529296875 1.908926010131836
v -98.7005386352539 -25.63592529296875 17.991073608398438
v -98.7005386352539 -32.797576904296875 1.8363770246505737
v -98.7005386352539 -32.797576904296875 18.063623428344727
v -98.7005386352539 -17.055585861206055 17.88282585144043
v -98.7005386352539 -17.055585861206055 2.017174005508423
v -98.7005386352539 -15.874923706054688 13.118650436401367
v -98.7005386352539 -15.874923706054688 6.781350135803223
v -98.7005386352539 -21.863977432250977 14.771265983581543
v -98.7005386352539 6.852285861968994 18.039871215820312
v -98.7005386352539 6.852285861968994 1.8601280450820923
v -98.7005386352539 2.3284668922424316 5.54829216003418
v -98.7005386352539 2.3284668922424316 14.35170841217041
v -98.7005386352539 -13.029329299926758 18.071300506591797
v -98.7005386352539 -13.029329299926758 1.8286999464035034
v -98.7005386352539 -13.034758567810059 14.210305213928223
v -98.7005386352539 -13.034758567810059 5.689694881439209
v -98.7005386352539 -1.3812609910964966 5.596986770629883
v -98.7005386352539 -1.3812609910964966 14.30301284790039
v -98.7005386352539 -1.6158610582351685 1.8398020267486572
v -98.7005386352539 -1.6158610582351685 18.060197830200195
v -98.7005386352539 -5.413337230682373 1.798727035522461
v -98.7005386352539 -5.413337230682373 18.101272583007812
v -98.7005386352539 2.5975990295410156 1.810412049293518
v -98.7005386352539 2.5975990295410156 18.089588165283203
v -98.7005386352539 -9.19950008392334 1.8166509866714478
v -98.7005386352539 -9.19950008392334 18.083349227905273
v -98.7005386352539 -32.739261627197266 11.19287109375
v -98.7005386352539 -24.899925231933594 6.2355451583862305
v -98.7005386352539 -26.687213897705078 9.06550407409668
v -98.7005386352539 -5.365655899047852 5.583532810211182
v -98.7005386352539 -5.365655899047852 14.31646728515625
v -98.7005386352539 -9.387420654296875 14.31864070892334
v -98.7005386352539 -9.387420654296875 5.581358909606934
v -98.7005386352539 11.347637176513672 5.292507171630859
v -98.7005386352539 11.347637176513672 14.60749340057373
v -98.7005386352539 -30.619991302490234 5.0330610275268555
v -98.7005386352539 -30.607852935791016 14.90941047668457
v -98.7005386352539 -20.45992660522461 1.7053849697113037
v -98.7005386352539 -20.510570526123047 18.112945556640625
v -98.7005386352539 9.2841796875 6.623226165771484
v -98.7005386352539 9.2841796875 13.276774406433105
v -98.7005386352539 -24.929012298583984 8.218881607055664
v -98.7005386352539 -28.843374252319336 3.9247829914093018
v -98.7005386352539 -28.830055236816406 15.973918914794922
v -98.7005386352539 -20.671428680419922 4.74151086807251
v -98.7005386352539 -24.802223205566406 13.722260475158691
v -98.7005386352539 10.353050231933594 3.444025993347168
v -98.7005386352539 10.353050231933594 16.455974578857422
v -98.7005386352539 -27.87571907043457 12.859041213989258
v -98.7005386352539 11.861788749694824 11.435208320617676
v -98.7005386352539 11.861788749694824 8.464792251586914
v -98.7005386352539 -23.02814292907715 15.976318359375
v -98.7005386352539 -20.57888412475586 10.862709045410156
v -98.7005386352539 -30.955055236816406 1.680299997329712
v -98.7005386352539 -30.955055236816406 18.21969985961914
v -98.7005386352539 -29.967947006225586 7.013484954833984
v -98.7005386352539 -33.076133728027344 3.7295949459075928
v -98.7005386352539 -32.990264892578125 16.268447875976562
v -98.7005386352539 -26.420291900634766 11.121246337890625
v -98.7005386352539 -21.674318313598633 12.456183433532715
v -98.7005386352539 -22.215389251708984 18.17137908935547
v -98.7005386352539 -22.334808349609375 1.7647310495376587
v -98.7005386352539 -21.934186935424805 7.442678928375244
v -98.7005386352539 -20.25562858581543 15.531393051147461
v -98.7005386352539 -23.09360122680664 3.7949929237365723
v -98.7005386352539 -27.907901763916016 1.8722469806671143
v -98.7005386352539 -27.907901763916016 18.027753829956055
v -98.7005386352539 -32.7755012512207 7.7690749168396
v -98.7005386352539 -14.45909309387207 16.03443145751953
v -98.7005386352539 -14.45909309387207 3.865567922592163
v -98.7005386352539 -33.54014205932617 13.060215950012207
v -98.7005386352539 6.205482006072998 5.810524940490723
v -98.7005386352539 6.205482006072998 14.08947467803955
v -98.7005386352539 -19.16253089904785 6.252874851226807
v -98.7005386352539 -19.197837829589844 13.674454689025879
v -98.7005386352539 -16.769887924194336 13.991474151611328
v -98.7005386352539 -16.770856857299805 5.9094061851501465
v -98.7005386352539 -25.81454849243164 16.611133575439453
v -98.7005386352539 -25.81010627746582 3.1893770694732666
v -98.7005386352539 -30.47176742553711 8.595460891723633
v -98.7005386352539 -31.378936767578125 11.195685386657715
v -98.7005386352539 10.100696563720703 11.724300384521484
v -98.7005386352539 10.100696563720703 8.175700187683105
v -98.7005386352539 -27.772235870361328 6.948171138763428
v -98.7005386352539 -30.23554039001465 13.100740432739258
v -98.7005386352539 -16.4514102935791 11.819840431213379
v -98.7005386352539 7.9420390129089355 4.037974834442139
v -98.7005386352539 7.9420390129089355 15.862025260925293
v -98.7005386352539 -28.781030654907227 9.549112319946289
v -98.7005386352539 5.3771891593933105 3.727632999420166
v -98.7005386352539 5.3771891593933105 16.172367095947266
v -98.7005386352539 -11.609856605529785 3.745102882385254
v -98.7005386352539 -11.609856605529785 16.154897689819336
v -98.7005386352539 1.5016679763793945 15.91816234588623
v -98.7005386352539 1.5016679763793945 3.9818379878997803
v -98.7005386352539 -23.57740592956543 10.770648002624512
v -98.7005386352539 -16.387617111206055 8.048063278198242
v -98.7005386352539 3.672606945037842 6.104416847229004
v -98.7005386352539 3.672606945037842 13.79558277130127
v -98.7005386352539 -0.2743229866027832 1.3968549966812134
v -98.7005386352539 -0.2743229866027832 18.503145217895508
v -98.7005386352539 -3.9659290313720703 3.7315900325775146
v -98.7005386352539 -3.9659290313720703 16.16840934753418
v -98.7005386352539 -20.116291046142578 3.366748094558716
v -98.7005386352539 -18.08683967590332 16.073881149291992
v -98.7005386352539 -18.05801010131836 3.8191890716552734
v -98.7005386352539 -6.888461112976074 3.7377359867095947
v -98.7005386352539 -6.888461112976074 16.162263870239258
v -98.7005386352539 -33.252769470214844 6.418914794921875
v -98.7005386352539 -0.31597399711608887 3.607024908065796
v -98.7005386352539 -0.31597399711608887 16.2929744720459
v -98.7005386352539 -23.090953826904297 12.000893592834473
v -98.7005386352539 -23.424467086791992 14.664250373840332
v -98.7005386352539 -19.049713134765625 18.939353942871094
v -98.7005386352539 -19.238317489624023 1.3178939819335938
v -98.7005386352539 3.760627031326294 18.481412887573242
v -98.7005386352539 3.760627031326294 1.4185880422592163
v -98.7005386352539 12.14328670501709 6.496625900268555
v -98.7005386352539 12.14328670501709 13.403373718261719
v -98.7005386352539 -14.12736701965332 1.2556990385055542
v -98.7005386352539 -14.12736701965332 18.64430046081543
v -98.7005386352539 7.9525017738342285 1.4999699592590332
v -98.7005386352539 7.9525017738342285 18.4000301361084
v -98.7005386352539 -20.169504165649414 16.975675582885742
v -98.7005386352539 -13.910666465759277 13.44655990600586
v -98.7005386352539 -13.910666465759277 6.453440189361572
v -98.7005386352539 -23.58710289001465 6.031501770019531
v -98.7005386352539 -16.67182159423828 9.929410934448242
v -98.7005386352539 5.814949035644531 1.236266016960144
v -98.7005386352539 5.814949035644531 18.663734436035156
v -98.7005386352539 -2.5167059898376465 6.201632976531982
v -98.7005386352539 -2.5167059898376465 13.69836711883545
v -98.7005386352539 -6.528203964233398 1.2878819704055786
v -98.7005386352539 -6.528203964233398 18.612117767333984
v -98.7005386352539 -10.318107604980469 1.2870409488677979
v -98.7005386352539 -10.318107604980469 18.612958908081055
v -98.7005386352539 -16.216461181640625 16.83156967163086
v -98.7005386352539 -16.216461181640625 3.068429946899414
v -98.7005386352539 -27.935436248779297 14.95247745513916
v -98.7005386352539 -15.972389221191406 18.54155731201172
v -98.7005386352539 -15.972389221191406 1.358443021774292
v -98.7005386352539 1.1892919540405273 6.170495986938477
v -98.7005386352539 1.1892919540405273 13.729503631591797
v -98.7005386352539 -20.111228942871094 9.00912857055664
v -98.7005386352539 1.2119920253753662 1.4662359952926636
v -98.7005386352539 1.2119920253753662 18.43376350402832
v -98.7005386352539 -27.94074058532715 4.819729804992676
v -98.7005386352539 -21.42269515991211 9.925813674926758
v -98.7005386352539 -20.600175857543945 7.573187828063965
v -98.7005386352539 -13.943082809448242 17.11772346496582
v -98.7005386352539 -13.943082809448242 2.782275915145874
v -98.7005386352539 -24.39603614807129 1.2629070281982422
v -98.7005386352539 -24.47918128967285 18.612258911132812
v -98.7005386352539 -22.54094886779785 8.293192863464355
v -98.7005386352539 -4.294139862060547 1.2473900318145752
v -98.7005386352539 -4.294139862060547 18.652610778808594
v -98.7005386352539 -6.287618160247803 6.236970901489258
v -98.7005386352539 -6.287618160247803 13.663028717041016
v -98.7005386352539 -8.04079818725586 18.643699645996094
v -98.7005386352539 -8.04079818725586 1.2562999725341797
v -98.7005386352539 -2.808661937713623 18.68600082397461
v -98.7005386352539 -2.808661937713623 1.2139999866485596
v -98.7005386352539 -8.219286918640137 6.119804859161377
v -98.7005386352539 -8.219286918640137 13.780195236206055
v -98.7005386352539 -0.2059900015592575 6.206984996795654
v -98.7005386352539 -0.2059900015592575 13.693015098571777
v -98.7005386352539 -27.315343856811523 8.09124755859375
v -98.7005386352539 10.327022552490234 5.995065212249756
v -98.7005386352539 10.327022552490234 13.904934883117676
v -98.7005386352539 -11.85335922241211 18.589998245239258
v -98.7005386352539 -11.85335922241211 1.310001015663147
v -98.7005386352539 -15.8594970703125 14.799359321594238
v -98.7005386352539 -15.859539031982422 5.10067892074585
v -98.7005386352539 -27.236589431762695 11.840413093566895
v -98.7005386352539 -18.65745735168457 8.948452949523926
v -98.7005386352539 -28.864612579345703 10.841336250305176
v -98.7005386352539 -24.57891273498535 16.675155639648438
v -98.7005386352539 -24.57891273498535 3.2248449325561523
v -98.7005386352539 -29.909107208251953 16.548709869384766
v -98.7005386352539 -29.910078048706055 3.3511950969696045
v -98.7005386352539 -26.648500442504883 18.812854766845703
v -98.7005386352539 -26.648500442504883 1.0871460437774658
v -98.7005386352539 7.536028861999512 2.848017930984497
v -98.7005386352539 7.536028861999512 17.051982879638672
v -98.7005386352539 -20.545162200927734 12.028515815734863
v -98.7005386352539 5.998016834259033 4.673257827758789
v -98.7005386352539 5.998016834259033 15.226741790771484
v -98.7005386352539 6.025191783905029 2.687869071960449
v -98.7005386352539 6.025191783905029 17.21213150024414
v -98.7005386352539 -13.752335548400879 15.123208999633789
v -98.7005386352539 -13.752335548400879 4.776791095733643
v -98.7005386352539 3.3147759437561035 4.7689528465271
v -98.7005386352539 3.3147759437561035 15.131047248840332
v -98.7005386352539 9.902111053466797 17.584095001220703
v -98.7005386352539 9.902111053466797 2.3159050941467285
v -98.7005386352539 -8.19042682647705 4.0517802238464355
v -98.7005386352539 -8.19042682647705 15.848219871520996
v -98.7005386352539 11.374422073364258 4.118354797363281
v -98.7005386352539 11.374422073364258 15.781644821166992
v -98.7005386352539 -18.196561813354492 11.826531410217285
v -98.7005386352539 -31.22992706298828 14.167359352111816
v -98.7005386352539 -31.36373519897461 5.88312292098999
v -98.7005386352539 3.4378740787506104 2.6288259029388428
v -98.7005386352539 3.4378740787506104 17.27117347717285
v -98.7005386352539 -4.309920787811279 13.782468795776367
v -98.7005386352539 -4.309920787811279 6.117530822753906
v -98.7005386352539 -10.248305320739746 13.684789657592773
v -98.7005386352539 -10.248305320739746 6.2152099609375
v -98.7005386352539 -11.807291030883789 13.693099021911621
v -98.7005386352539 -11.807291030883789 6.2069010734558105
v -98.7005386352539 -33.194122314453125 10.131867408752441
v -98.7005386352539 -2.1843690872192383 14.988960266113281
v -98.7005386352539 -2.1843690872192383 4.91103982925415
v -98.7005386352539 -27.000368118286133 13.705032348632812
v -98.7005386352539 8.219745635986328 6.540434837341309
v -98.7005386352539 8.219745635986328 13.359564781188965
v -98.7005386352539 5.174883842468262 6.447017192840576
v -98.7005386352539 5.174883842468262 13.452982902526855
v -98.7005386352539 -0.7051270008087158 2.561950922012329
v -98.7005386352539 -0.7051270008087158 17.338048934936523
v -98.7005386352539 -10.470236778259277 15.65420913696289
v -98.7005386352539 -10.470236778259277 4.245790958404541
v -98.7005386352539 -12.322431564331055 17.110158920288086
v -98.7005386352539 -12.322431564331055 2.7898409366607666
v -98.7005386352539 -9.958292961120605 2.5943870544433594
v -98.7005386352539 -9.958292961120605 17.305612564086914
v -98.7005386352539 -21.755250930786133 13.529960632324219
v -98.7005386352539 -17.680871963500977 5.002307891845703
v -98.7005386352539 -17.711490631103516 14.907508850097656
v -98.7005386352539 -12.37313175201416 15.195302963256836
v -98.7005386352539 -12.37313175201416 4.704697132110596
v -98.7005386352539 -23.234994888305664 1.283805012702942
v -98.7005386352539 -23.239238739013672 18.6611385345459
v -98.7005386352539 -17.82851791381836 18.927888870239258
v -98.7005386352539 -17.859952926635742 1.0316519737243652
v -98.7005386352539 -21.309858322143555 5.552372932434082
v -98.7005386352539 -25.969852447509766 6.262523174285889
v -98.7005386352539 -28.89139747619629 0.9284650087356567
v -98.7005386352539 -28.89139747619629 18.971534729003906
v -98.7005386352539 -8.512152671813965 2.8212099075317383
v -98.7005386352539 -8.512152671813965 17.07879066467285
v -98.7005386352539 -2.7427430152893066 3.178025007247925
v -98.7005386352539 -2.7427430152893066 16.721975326538086
v -98.7005386352539 -33.54673767089844 14.306403160095215
v -98.7005386352539 -21.535354614257812 4.345314979553223
v -98.7005386352539 -6.127108097076416 2.669748067855835
v -98.7005386352539 -6.127108097076416 17.23025131225586
v -98.7005386352539 -17.98693084716797 9.91206169128418
v -98.7005386352539 -31.40139389038086 9.97857666015625
v -98.7005386352539 10.321708679199219 9.949999809265137
v -98.7005386352539 -25.438472747802734 14.638083457946777
v -98.7005386352539 -4.6684651374816895 2.750216007232666
v -98.7005386352539 -4.6684651374816895 17.149784088134766
v -98.7005386352539 -22.512771606445312 16.94344139099121
v -98.7005386352539 -19.909465789794922 14.468448638916016
v -98.7005386352539 -6.170365810394287 4.774848937988281
v -98.7005386352539 -6.170365810394287 15.125150680541992
v -98.7005386352539 -30.488582611083984 12.026505470275879
v -98.7005386352539 -19.260530471801758 16.131071090698242
v -98.7005386352539 8.967252731323242 5.731036186218262
v -98.7005386352539 8.967252731323242 14.168964385986328
v -98.7005386352539 -22.423921585083008 2.860748052597046
v -98.7005386352539 9.235336303710938 3.95182204246521
v -98.7005386352539 9.235336303710938 15.9481782913208
v -98.7005386352539 -31.68168830871582 8.350377082824707
v -98.7005386352539 -33.73405838012695 4.635773181915283
v -98.7005386352539 -25.45062828063965 5.332612991333008
v -98.7005386352539 -19.91940689086914 5.44913387298584
v -98.7005386352539 12.289202690124512 10.480586051940918
v -98.7005386352539 12.24255657196045 9.360333442687988
v -98.7005386352539 -18.633630752563477 10.92526626586914
v -98.7005386352539 -23.68120765686035 4.7921271324157715
v -98.7005386352539 -30.040990829467773 11.14106273651123
v -98.7005386352539 -4.722695827484131 15.216025352478027
v -98.7005386352539 -4.722695827484131 4.6839752197265625
v -98.7005386352539 -33.47776794433594 8.951375961303711
v -98.7005386352539 -15.699169158935547 15.86352825164795
v -98.7005386352539 -15.699169158935547 4.036471843719482
v -98.7005386352539 -24.320974349975586 9.140069961547852
v -98.7005386352539 -26.075634002685547 10.043889999389648
v -98.7005386352539 -18.069019317626953 8.027788162231445
v -98.7005386352539 -28.46468162536621 2.910459041595459
v -98.7005386352539 -28.464061737060547 16.989479064941406
v -98.7005386352539 -31.429895401000977 15.451079368591309
v -98.7005386352539 -31.405099868774414 4.531658172607422
v -98.7005386352539 -18.01349449157715 6.040349006652832
v -98.7005386352539 -18.024616241455078 13.865050315856934
v -98.7005386352539 -28.932769775390625 13.143404960632324
v -98.7005386352539 12.286334991455078 12.27567195892334
v -98.7005386352539 12.286334991455078 7.624328136444092
v -98.7005386352539 -33.55472946166992 12.000788688659668
v -98.7005386352539 4.075265884399414 3.6872880458831787
v -98.7005386352539 4.075265884399414 16.212711334228516
v -98.7005386352539 7.1088948249816895 6.431669235229492
v -98.7005386352539 7.1088948249816895 13.468331336975098
v -98.7005386352539 -29.5190372467041 8.80012035369873
v -98.7005386352539 -24.032865524291992 12.869542121887207
v -98.7005386352539 -27.715187072753906 9.179715156555176
v -98.7005386352539 -25.106977462768555 12.68301773071289
v -98.7005386352539 9.478795051574707 12.327889442443848
v -98.7005386352539 9.478795051574707 7.572111129760742
v -98.7005386352539 -33.49055480957031 1.1198840141296387
v -98.7005386352539 -33.49055480957031 18.780115127563477
v -98.7005386352539 -31.91904067993164 18.79601287841797
v -98.7005386352539 -31.91904067993164 1.1039880514144897
v -98.7005386352539 -22.33257484436035 6.289894104003906
v -98.7005386352539 -14.962935447692871 13.216436386108398
v -98.7005386352539 -14.953795433044434 6.678965091705322
v -98.7005386352539 -26.9323673248291 4.103188991546631
v -98.7005386352539 -0.9384099841117859 4.563948154449463
v -98.7005386352539 -0.9384099841117859 15.336051940917969
v -98.7005386352539 -19.129690170288086 3.826378107070923
v -98.7005386352539 1.7415920495986938 17.130693435668945
v -98.7005386352539 1.7415920495986938 2.769305944442749
v -98.7005386352539 -25.02606773376465 10.798879623413086
v -98.7005386352539 -29.524938583374023 4.7505879402160645
v -98.7005386352539 -29.531017303466797 15.136013984680176
v -98.7005386352539 -33.65434265136719 15.342626571655273
v -98.7005386352539 -29.97890281677246 5.922846794128418
v -98.7005386352539 -33.51573181152344 2.66040301322937
v -98.7005386352539 -33.51573181152344 17.23959732055664
v -98.7005386352539 -24.34132194519043 7.2168707847595215
v -98.7005386352539 6.932164192199707 4.737421035766602
v -98.7005386352539 6.932164192199707 15.162578582763672
v -98.7005386352539 -17.83786392211914 17.197124481201172
v -98.7005386352539 -17.90643882751465 2.7591500282287598
v -98.7005386352539 -25.581207275390625 9.054718971252441
v -98.7005386352539 -28.316566467285156 11.819913864135742
v -98.7005386352539 -21.42604637145996 1.056339979171753
v -98.7005386352539 -21.416221618652344 18.83715057373047
v -98.7005386352539 -29.976810455322266 0.9343590140342712
v -98.7005386352539 -29.976810455322266 18.965641021728516
v -98.7005386352539 -22.255229949951172 9.271109580993652
v -98.7005386352539 -27.51129913330078 5.818509101867676
v -98.7005386352539 10.9990873336792 9.012895584106445
v -98.7005386352539 10.9990873336792 10.887104034423828
v -98.7005386352539 -26.771286010742188 15.90567684173584
v -98.7005386352539 -23.739744186401367 8.28603744506836
v -98.7005386352539 -28.86579132080078 7.055605888366699
v -98.7005386352539 -19.704954147338867 7.064681053161621
v -98.7005386352539 -19.871721267700195 12.768180847167969
v -98.7005386352539 -18.650197982788086 7.13754415512085
v -98.7005386352539 -8.47496223449707 5.089111804962158
v -98.7005386352539 -8.47496223449707 14.810888290405273
v -98.7005386352539 -26.66693878173828 17.668012619018555
v -98.7005386352539 -26.661989212036133 2.2263100147247314
v -98.7005386352539 -20.915788650512695 14.478567123413086
v -98.7005386352539 -16.201082229614258 8.916670799255371
v -98.7005386352539 -19.587003707885742 10.935139656066895
v -98.7005386352539 -31.7270450592041 17.454774856567383
v -98.7005386352539 -31.7270450592041 2.4452250003814697
v -98.7005386352539 2.488913059234619 13.325833320617676
v -98.7005386352539 2.488913059234619 6.574166774749756
v -98.7005386352539 -32.503257751464844 12.289167404174805
v -98.7005386352539 -16.22429847717285 10.95711898803711
v -98.7005386352539 -25.47789192199707 18.985347747802734
v -98.7005386352539 -25.467500686645508 0.8988410234451294
v -98.7005386352539 2.2671000957489014 4.5933518409729
v -98.7005386352539 2.2671000957489014 15.306648254394531
v -98.7005386352539 10.580182075500488 4.699770927429199
v -98.7005386352539 10.580182075500488 15.200228691101074
v -98.7005386352539 -21.386592864990234 11.423375129699707
v -98.7005386352539 4.671227931976318 18.92788314819336
v -98.7005386352539 4.671227931976318 0.972117006778717
v -98.7005386352539 -22.099721908569336 15.786351203918457
v -98.7005386352539 -16.80936050415039 19.030454635620117
v -98.7005386352539 -16.81564712524414 0.8814539909362793
v -98.7005386352539 -22.57132339477539 10.069260597229004
v -98.7005386352539 -25.949365615844727 13.756640434265137
v -98.7005386352539 -12.949164390563965 0.8788800239562988
v -98.7005386352539 -12.949164390563965 19.021120071411133
v -98.7005386352539 12.235803604125977 14.42920970916748
v -98.7005386352539 12.235803604125977 5.470789909362793
v -98.7005386352539 -1.3149139881134033 13.318879127502441
v -98.7005386352539 -1.3149139881134033 6.58112096786499
v -98.7005386352539 2.178783893585205 19.05923080444336
v -98.7005386352539 2.178783893585205 0.8407689929008484
v -98.7005386352539 -18.72382164001465 12.69022274017334
v -98.7005386352539 6.924511909484863 18.987659454345703
v -98.7005386352539 6.924511909484863 0.9123409986495972
v -98.7005386352539 -20.212902069091797 10.053361892700195
v -98.7005386352539 -16.686555862426758 12.702585220336914
v -98.7005386352539 -16.688186645507812 7.184178829193115
v -98.7005386352539 -33.772911071777344 5.546778202056885
v -98.7005386352539 -28.086057662963867 13.794851303100586
v -98.7005386352539 -26.129589080810547 8.209296226501465
v -98.7005386352539 -9.160120964050293 0.8523039817810059
v -98.7005386352539 -9.160120964050293 19.04769515991211
v -98.7005386352539 -25.444438934326172 7.238915920257568
v -98.7005386352539 -24.48824119567871 5.351070880889893
v -98.7005386352539 -15.56536865234375 12.372321128845215
v -98.7005386352539 9.116592407226562 1.6033179759979248
v -98.7005386352539 9.116592407226562 18.296682357788086
v -98.7005386352539 -12.714974403381348 13.314009666442871
v -98.7005386352539 -12.714974403381348 6.585989952087402
v -98.7005386352539 -1.634729027748108 0.8622990250587463
v -98.7005386352539 -1.634729027748108 19.037700653076172
v -98.7005386352539 -21.366043090820312 17.58127212524414
v -98.7005386352539 -21.160289764404297 2.3513100147247314
v -98.7005386352539 -5.412895202636719 19.069791793823242
v -98.7005386352539 -5.412895202636719 0.8302080035209656
v -98.7005386352539 -15.471128463745117 13.956854820251465
v -98.7005386352539 -15.471128463745117 5.943144798278809
v -98.7005386352539 -2.5162429809570312 17.581218719482422
v -98.7005386352539 -2.5162429809570312 2.318782091140747
v -98.7005386352539 -20.237548828125 18.983436584472656
v -98.7005386352539 -20.32242774963379 0.7765799760818481
v -98.7005386352539 -15.551074028015137 7.549767971038818
v -98.7005386352539 -22.597864151000977 14.182954788208008
v -98.7005386352539 -27.898067474365234 3.8533480167388916
v -98.7005386352539 -27.861671447753906 16.129539489746094
v -98.7005386352539 1.4804409742355347 5.0482330322265625
v -98.7005386352539 1.4804409742355347 14.851766586303711
v -98.7005386352539 -5.173666000366211 6.560922145843506
v -98.7005386352539 -5.173666000366211 13.339077949523926
v -98.7005386352539 -32.458831787109375 13.599020004272461
v -98.7005386352539 -32.23835754394531 10.35566520690918
v -98.7005386352539 -24.70840072631836 2.2596709728240967
v -98.7005386352539 -24.741304397583008 17.6026611328125
v -98.7005386352539 -17.181142807006836 16.482332229614258
v -98.7005386352539 -17.181142807006836 3.4176669120788574
v -98.7005386352539 10.81002140045166 2.6026721000671387
v -98.7005386352539 10.81002140045166 17.29732894897461
v -98.7005386352539 -30.5767879486084 4.135299205780029
v -98.7005386352539 -30.57859992980957 15.776100158691406
v -98.7005386352539 -19.876375198364258 2.408337116241455
v -98.7005386352539 -17.32832908630371 12.014718055725098
v -98.7005386352539 -30.649227142333984 2.59769606590271
v -98.7005386352539 -30.649227142333984 17.302303314208984
v -98.7005386352539 -10.151132583618164 14.729976654052734
v -98.7005386352539 -10.151132583618164 5.170022964477539
v -98.7005386352539 -9.090394973754883 13.388434410095215
v -98.7005386352539 -9.090394973754883 6.511566162109375
v -98.7005386352539 -32.22294616699219 6.524663925170898
v -98.7005386352539 -18.330041885375977 18.0024471282959
v -98.7005386352539 -18.280296325683594 1.9181259870529175
v -98.7005386352539 -29.89154624938965 14.139615058898926
v -98.7005386352539 8.718433380126953 4.775829792022705
v -98.7005386352539 8.718433380126953 15.124170303344727
v -98.7005386352539 -2.897566080093384 15.737062454223633
v -98.7005386352539 -2.897566080093384 4.162938117980957
v -98.7005386352539 -25.43442153930664 11.820782661437988
v -98.7005386352539 -33.69618606567383 10.987462997436523
v -98.7005386352539 -30.748401641845703 6.69454288482666
v -98.7005386352539 11.055892944335938 7.928701877593994
v -98.7005386352539 11.055892944335938 11.971298217773438
v -98.7005386352539 -10.661946296691895 16.583301544189453
v -98.7005386352539 -10.661946296691895 3.3166990280151367
v -98.7005386352539 -26.886632919311523 6.419364929199219
v -98.7005386352539 -7.37770414352417 6.539384841918945
v -98.7005386352539 -7.37770414352417 13.360614776611328
v -98.7005386352539 11.334877967834473 6.163599014282227
v -98.7005386352539 11.334877967834473 13.736400604248047
v -98.7005386352539 -23.825685501098633 13.841224670410156
v -98.7005386352539 -1.8483569622039795 17.179542541503906
v -98.7005386352539 -1.8483569622039795 2.7204580307006836
v -98.7005386352539 -25.914424896240234 15.500378608703613
v -98.7005386352539 -29.608362197875977 7.864136219024658
v -98.7005386352539 8.728841781616211 7.281766891479492
v -98.7005386352539 8.728841781616211 12.618232727050781
v -98.7005386352539 -19.530258178710938 18.0181941986084
v -98.7005386352539 -26.961933135986328 9.96755599975586
v -98.7005386352539 -23.57822608947754 16.58814811706543
v -98.7005386352539 -24.262020111083984 10.013425827026367
v -98.7005386352539 -33.75359344482422 7.206315994262695
v -98.7005386352539 -19.821489334106445 4.426103115081787
v -98.7005386352539 -15.11230754852295 19.054914474487305
v -98.7005386352539 -15.11230754852295 0.8450859785079956
v -98.7005386352539 -9.371875762939453 4.626300811767578
v -98.7005386352539 -9.371875762939453 15.273698806762695
v -98.7005386352539 2.635270118713379 17.198223114013672
v -98.7005386352539 2.635270118713379 2.7017769813537598
v -98.7005386352539 10.146716117858887 7.088589191436768
v -98.7005386352539 10.146716117858887 12.811410903930664
v -98.7005386352539 -24.364355087280273 14.642339706420898
v -98.7005386352539 -13.8482666015625 14.280339241027832
v -98.7005386352539 -13.8482666015625 5.6196608543396
v -98.7005386352539 6.269218921661377 13.142718315124512
v -98.7005386352539 6.269218921661377 6.75728178024292
v -98.7005386352539 -21.33209991455078 6.598910808563232
v -98.7005386352539 -22.721960067749023 15.151016235351562
v -98.7005386352539 -7.728009223937988 16.624217987060547
v -98.7005386352539 -7.728009223937988 3.2757821083068848
v -98.7005386352539 -14.938194274902344 4.65061092376709
v -98.7005386352539 -14.938187599182129 15.249395370483398
v -98.7005386352539 -31.19846534729004 9.130244255065918
v -98.7005386352539 -33.88656234741211 8.058061599731445
v -98.7005386352539 9.918556213378906 10.91528606414795
v -98.7005386352539 9.918556213378906 8.984713554382324
v -98.7005386352539 -20.732887268066406 4.026073932647705
v -98.7005386352539 12.636149406433105 11.309562683105469
v -98.7005386352539 12.634014129638672 8.597890853881836
v -98.7005386352539 -15.26479434967041 16.61861228942871
v -98.7005386352539 -15.26479434967041 3.2813880443573
v -98.7005386352539 -16.020315170288086 2.201111078262329
v -98.7005386352539 -16.020315170288086 17.698888778686523
v -98.7005386352539 -25.935840606689453 4.452857971191406
v -98.7005386352539 -3.465946912765503 13.332959175109863
v -98.7005386352539 -3.465946912765503 6.567040920257568
v -98.7005386352539 -0.5036929845809937 5.3058881759643555
v -98.7005386352539 -0.5036929845809937 14.594112396240234
v -98.7005386352539 3.020854949951172 0.8139539957046509
v -98.7005386352539 3.020854949951172 19.08604621887207
v -98.7005386352539 -30.66204833984375 7.601552963256836
v -98.7005386352539 -17.227081298828125 7.826048851013184
v -98.7005386352539 -22.43745231628418 0.8546209931373596
v -98.7005386352539 -22.471534729003906 19.076677322387695
v -98.7005386352539 -27.793670654296875 0.7408419847488403
v -98.7005386352539 -27.793670654296875 19.15915870666504
v -98.7005386352539 -32.61986541748047 17.043914794921875
v -98.7005386352539 -32.63703918457031 2.8756940364837646
v -98.7005386352539 0.44659098982810974 0.8585540056228638
v -98.7005386352539 0.44659098982810974 19.041446685791016
v -98.7005386352539 -22.196855545043945 11.903124809265137
v -98.7005386352539 -32.72494888305664 19.152416229248047
v -98.7005386352539 -32.72494888305664 0.7475829720497131
v -98.7005386352539 -27.086549758911133 12.76505184173584
v -98.7005386352539 -22.448453903198242 12.655206680297852
v -98.7005386352539 -22.232791900634766 3.8458950519561768
v -98.7005386352539 -33.877845764160156 1.8760459423065186
v -98.7005386352539 -33.877845764160156 18.023954391479492
v -98.7005386352539 -23.956806182861328 3.74009108543396
v -98.7005386352539 0.6628569960594177 3.463273048400879
v -98.7005386352539 0.6628569960594177 16.43672752380371
v -98.7005386352539 -23.78470802307129 15.564411163330078
v -98.7005386352539 12.107335090637207 15.32271957397461
v -98.7005386352539 12.107335090637207 4.577280044555664
v -98.7005386352539 9.570094108581543 3.1309380531311035
v -98.7005386352539 9.570094108581543 16.769062042236328
v -98.7005386352539 -20.930742263793945 12.827807426452637
v -98.7005386352539 -21.3013858795166 15.402924537658691
v -98.7005386352539 11.342741966247559 3.2530078887939453
v -98.7005386352539 11.342741966247559 16.646991729736328
v -98.7005386352539 -32.068702697753906 16.193132400512695
v -98.7005386352539 -32.068702697753906 3.7068679332733154
v 11.299461364746094 -25.07084846496582 9.949999809265137
v 11.299461364746094 -20.42970085144043 6.330376148223877
v 11.299461364746094 -20.403474807739258 13.487253189086914
v 11.299461364746094 -28.69160270690918 14.079858779907227
v 11.299461364746094 -28.893949508666992 5.685905933380127
v 11.299461364746094 -24.822349548339844 15.536432266235352
v 11.299461364746094 -24.973739624023438 4.38165807723999
v 11.299461364746094 -16.817407608032227 4.2810821533203125
v 11.299461364746094 -16.817407608032227 15.618918418884277
v 11.299461364746094 -30.053983688354492 10.104782104492188
v 11.299461364746094 -19.27170753479004 9.949999809265137
v 11.299461364746094 -13.087665557861328 3.7461791038513184
v 11.299461364746094 -13.087665557861328 16.15382194519043
v 11.299461364746094 6.6764349937438965 16.177465438842773
v 11.299461364746094 6.6764349937438965 3.722533941268921
v 11.299461364746094 2.7640159130096436 16.301437377929688
v 11.299461364746094 2.7640159130096436 3.598562002182007
v 11.299461364746094 -9.557077407836914 3.6197409629821777
v 11.299461364746094 -9.557077407836914 16.280258178710938
v 11.299461364746094 -5.437946796417236 3.7159860134124756
v 11.299461364746094 -5.437946796417236 16.18401336669922
v 11.299461364746094 -1.661810040473938 3.703727960586548
v 11.299461364746094 -1.661810040473938 16.196271896362305
v 11.299461364746094 9.562749862670898 14.918152809143066
v 11.299461364746094 9.562749862670898 4.981846809387207
v 11.299461364746094 -21.519878387451172 16.649303436279297
v 11.299461364746094 -21.371807098388672 3.452954053878784
v 11.299461364746094 -31.160812377929688 3.3907999992370605
v 11.299461364746094 -31.160812377929688 16.509199142456055
v 11.299461364746094 -22.286479949951172 8.928797721862793
v 11.299461364746094 -23.20089340209961 12.62566089630127
v 11.299461364746094 -26.233522415161133 7.2442779541015625
v 11.299461364746094 -17.65047836303711 7.034873008728027
v 11.299461364746094 -17.657121658325195 12.850698471069336
v 11.299461364746094 -27.307514190673828 16.82614517211914
v 11.299461364746094 -27.307514190673828 3.0738539695739746
v 11.299461364746094 -31.573284149169922 12.836322784423828
v 11.299461364746094 -31.445547103881836 7.309992790222168
v 11.299461364746094 -26.396926879882812 12.609619140625
v 11.299461364746094 -18.884174346923828 2.8046929836273193
v 11.299461364746094 -18.907407760620117 17.25583267211914
v 11.299461364746094 -27.71839141845703 9.309359550476074
v 11.299461364746094 -23.056964874267578 6.556180000305176
v 11.299461364746094 11.074494361877441 12.943859100341797
v 11.299461364746094 11.074494361877441 6.956140995025635
v 11.299461364746094 0.39962300658226013 2.5318989753723145
v 11.299461364746094 0.39962300658226013 17.368101119995117
v 11.299461364746094 -21.359920501708984 11.263542175292969
v 11.299461364746094 -15.18906021118164 17.562637329101562
v 11.299461364746094 -15.18906021118164 2.3373630046844482
v 11.299461364746094 -14.695306777954102 5.558716773986816
v 11.299461364746094 -14.695306777954102 14.341282844543457
v 11.299461364746094 -28.66034507751465 11.810441970825195
v 11.299461364746094 0.3742539882659912 15.053044319152832
v 11.299461364746094 0.3742539882659912 4.8469557762146
v 11.299461364746094 -11.20870590209961 14.737543106079102
v 11.299461364746094 -11.20870590209961 5.16245698928833
v 11.299461364746094 -7.3979668617248535 14.680075645446777
v 11.299461364746094 -7.3979668617248535 5.219923973083496
v 11.299461364746094 4.804391860961914 14.831207275390625
v 11.299461364746094 4.804391860961914 5.068792819976807
v 11.299461364746094 -23.60796356201172 17.37507438659668
v 11.299461364746094 -23.665462493896484 2.31148099899292
v 11.299461364746094 4.7533488273620605 17.569040298461914
v 11.299461364746094 4.7533488273620605 2.3309600353240967
v 11.299461364746094 -7.320995807647705 17.4075984954834
v 11.299461364746094 -7.320995807647705 2.492400884628296
v 11.299461364746094 -11.184846878051758 2.4484610557556152
v 11.299461364746094 -11.184846878051758 17.4515380859375
v 11.299461364746094 8.789880752563477 17.088001251220703
v 11.299461364746094 8.789880752563477 2.8119990825653076
v 11.299461364746094 -22.59119987487793 14.92227554321289
v 11.299461364746094 -3.487934112548828 14.716301918029785
v 11.299461364746094 -3.487934112548828 5.1836981773376465
v 11.299461364746094 -3.5368309020996094 2.326457977294922
v 11.299461364746094 -3.5368309020996094 17.57354164123535
v 11.299461364746094 -18.781267166137695 14.923968315124512
v 11.299461364746094 -18.906503677368164 4.920899868011475
v 11.299461364746094 -32.39369583129883 9.360673904418945
v 11.299461364746094 11.37176513671875 9.949999809265137
v 11.299461364746094 -29.312185287475586 7.973385810852051
v 11.299461364746094 -29.513952255249023 17.83696746826172
v 11.299461364746094 -29.513952255249023 2.0630319118499756
v 11.299461364746094 -26.663745880126953 14.624458312988281
v 11.299461364746094 7.666333198547363 14.392190933227539
v 11.299461364746094 7.666333198547363 5.507809162139893
v 11.299461364746094 -32.51409149169922 15.044533729553223
v 11.299461364746094 -32.58577346801758 5.120131015777588
v 11.299461364746094 -17.38574981689453 8.878683090209961
v 11.299461364746094 -26.57407569885254 5.0713419914245605
v 11.299461364746094 -24.385242462158203 8.054952621459961
v 11.299461364746094 -17.333457946777344 11.079090118408203
v 11.299461364746094 -19.37383270263672 7.993451118469238
v 11.299461364746094 -19.285751342773438 11.89891242980957
v 11.299461364746094 -23.31480598449707 10.492467880249023
v 11.299461364746094 -25.63592529296875 17.991073608398438
v 11.299461364746094 -25.63592529296875 1.908926010131836
v 11.299461364746094 -32.797576904296875 1.8363770246505737
v 11.299461364746094 -32.797576904296875 18.063623428344727
v 11.299461364746094 -17.055585861206055 2.017174005508423
v 11.299461364746094 -17.055585861206055 17.88282585144043
v 11.299461364746094 -15.874923706054688 6.781350135803223
v 11.299461364746094 -15.874923706054688 13.118650436401367
v 11.299461364746094 -21.863977432250977 5.128734111785889
v 11.299461364746094 6.852285861968994 18.039871215820312
v 11.299461364746094 6.852285861968994 1.8601280450820923
v 11.299461364746094 2.3284668922424316 5.54829216003418
v 11.299461364746094 2.3284668922424316 14.35170841217041
v 11.299461364746094 -13.029329299926758 1.8286999464035034
v 11.299461364746094 -13.029329299926758 18.071300506591797
v 11.299461364746094 -13.034758567810059 5.689694881439209
v 11.299461364746094 -13.034758567810059 14.210305213928223
v 11.299461364746094 -1.3812609910964966 14.30301284790039
v 11.299461364746094 -1.3812609910964966 5.596986770629883
v 11.299461364746094 -1.6158610582351685 1.8398020267486572
v 11.299461364746094 -1.6158610582351685 18.060197830200195
v 11.299461364746094 -5.413337230682373 1.798727035522461
v 11.299461364746094 -5.413337230682373 18.101272583007812
v 11.299461364746094 2.5975990295410156 1.810412049293518
v 11.299461364746094 2.5975990295410156 18.089588165283203
v 11.299461364746094 -9.19950008392334 1.8166509866714478
v 11.299461364746094 -9.19950008392334 18.083349227905273
v 11.299461364746094 -32.868408203125 11.213508605957031
v 11.299461364746094 -24.899925231933594 13.66445541381836
v 11.299461364746094 -26.687213897705078 10.834495544433594
v 11.299461364746094 -5.365655899047852 5.583532810211182
v 11.299461364746094 -5.365655899047852 14.31646728515625
v 11.299461364746094 -9.387420654296875 5.581358909606934
v 11.299461364746094 -9.387420654296875 14.31864070892334
v 11.299461364746094 11.347637176513672 14.60749340057373
v 11.299461364746094 11.347637176513672 5.292507171630859
v 11.299461364746094 -30.619991302490234 14.866938591003418
v 11.299461364746094 -30.607852935791016 4.9905900955200195
v 11.299461364746094 -20.45992660522461 18.19461441040039
v 11.299461364746094 -20.510570526123047 1.7870550155639648
v 11.299461364746094 9.2841796875 13.276774406433105
v 11.299461364746094 9.2841796875 6.623226165771484
v 11.299461364746094 -24.929012298583984 11.68111801147461
v 11.299461364746094 -28.830055236816406 3.9260809421539307
v 11.299461364746094 -28.843374252319336 15.97521686553955
v 11.299461364746094 -20.671428680419922 15.158489227294922
v 11.299461364746094 -24.802223205566406 6.177740097045898
v 11.299461364746094 10.353050231933594 16.455974578857422
v 11.299461364746094 10.353050231933594 3.444025993347168
v 11.299461364746094 -27.87571907043457 7.040958881378174
v 11.299461364746094 11.861788749694824 8.464792251586914
v 11.299461364746094 11.861788749694824 11.435208320617676
v 11.299461364746094 -23.02814292907715 3.9236819744110107
v 11.299461364746094 -20.57888412475586 9.037290573120117
v 11.299461364746094 -30.955055236816406 18.21969985961914
v 11.299461364746094 -30.955055236816406 1.680299997329712
v 11.299461364746094 -29.967947006225586 12.886514663696289
v 11.299461364746094 -32.990264892578125 16.268447875976562
v 11.299461364746094 -33.076133728027344 3.7295949459075928
v 11.299461364746094 -26.420291900634766 8.778754234313965
v 11.299461364746094 -21.674318313598633 7.443817138671875
v 11.299461364746094 -22.215389251708984 1.728621006011963
v 11.299461364746094 -22.334808349609375 18.135269165039062
v 11.299461364746094 -21.934186935424805 12.457321166992188
v 11.299461364746094 -20.25562858581543 4.368607044219971
v 11.299461364746094 -23.09360122680664 16.10500717163086
v 11.299461364746094 -27.907901763916016 18.027753829956055
v 11.299461364746094 -27.907901763916016 1.8722469806671143
v 11.299461364746094 -32.7790641784668 7.778509140014648
v 11.299461364746094 -14.45909309387207 16.03443145751953
v 11.299461364746094 -14.45909309387207 3.865567922592163
v 11.299461364746094 -33.54014205932617 13.060215950012207
v 11.299461364746094 6.205482006072998 14.08947467803955
v 11.299461364746094 6.205482006072998 5.810524940490723
v 11.299461364746094 -19.16253089904785 13.647125244140625
v 11.299461364746094 -19.197837829589844 6.2255449295043945
v 11.299461364746094 -16.769887924194336 5.9085259437561035
v 11.299461364746094 -16.770856857299805 13.990593910217285
v 11.299461364746094 -25.81010627746582 16.710622787475586
v 11.299461364746094 -25.81454849243164 3.2888660430908203
v 11.299461364746094 -30.513349533081055 11.319828987121582
v 11.299461364746094 10.100696563720703 8.175700187683105
v 11.299461364746094 10.100696563720703 11.724300384521484
v 11.299461364746094 -27.772235870361328 12.951828956604004
v 11.299461364746094 -30.251310348510742 6.621901035308838
v 11.299461364746094 -16.4514102935791 8.080160140991211
v 11.299461364746094 -30.798982620239258 8.469173431396484
v 11.299461364746094 7.9420390129089355 15.862025260925293
v 11.299461364746094 7.9420390129089355 4.037974834442139
v 11.299461364746094 -28.7266788482666 10.316031455993652
v 11.299461364746094 5.3771891593933105 16.172367095947266
v 11.299461364746094 5.3771891593933105 3.727632999420166
v 11.299461364746094 -11.609856605529785 16.154897689819336
v 11.299461364746094 -11.609856605529785 3.745102882385254
v 11.299461364746094 1.5016679763793945 3.9818379878997803
v 11.299461364746094 1.5016679763793945 15.91816234588623
v 11.299461364746094 -23.57740592956543 9.129351615905762
v 11.299461364746094 -16.387617111206055 11.851937294006348
v 11.299461364746094 3.672606945037842 6.104416847229004
v 11.299461364746094 3.672606945037842 13.79558277130127
v 11.299461364746094 -0.2743229866027832 1.3968549966812134
v 11.299461364746094 -0.2743229866027832 18.503145217895508
v 11.299461364746094 -3.9659290313720703 3.7315900325775146
v 11.299461364746094 -3.9659290313720703 16.16840934753418
v 11.299461364746094 -20.116291046142578 16.533252716064453
v 11.299461364746094 -18.08683967590332 3.8261189460754395
v 11.299461364746094 -18.05801010131836 16.080810546875
v 11.299461364746094 -6.888461112976074 3.7377359867095947
v 11.299461364746094 -6.888461112976074 16.162263870239258
v 11.299461364746094 -33.25319290161133 6.420038223266602
v 11.299461364746094 -0.31597399711608887 3.607024908065796
v 11.299461364746094 -0.31597399711608887 16.2929744720459
v 11.299461364746094 -23.090953826904297 7.899106025695801
v 11.299461364746094 -23.424467086791992 5.235750198364258
v 11.299461364746094 -19.049713134765625 0.9606459736824036
v 11.299461364746094 -19.238317489624023 18.58210563659668
v 11.299461364746094 3.760627031326294 1.4185880422592163
v 11.299461364746094 3.760627031326294 18.481412887573242
v 11.299461364746094 12.14328670501709 13.403373718261719
v 11.299461364746094 12.14328670501709 6.496625900268555
v 11.299461364746094 -14.12736701965332 18.64430046081543
v 11.299461364746094 -14.12736701965332 1.2556990385055542
v 11.299461364746094 -31.465614318847656 10.396628379821777
v 11.299461364746094 7.9525017738342285 18.4000301361084
v 11.299461364746094 7.9525017738342285 1.4999699592590332
v 11.299461364746094 -20.169504165649414 2.9243240356445312
v 11.299461364746094 -13.910666465759277 6.453440189361572
v 11.299461364746094 -13.910666465759277 13.44655990600586
v 11.299461364746094 -23.58710289001465 13.868497848510742
v 11.299461364746094 -16.67182159423828 9.970588684082031
v 11.299461364746094 5.814949035644531 18.663734436035156
v 11.299461364746094 5.814949035644531 1.236266016960144
v 11.299461364746094 -2.5167059898376465 13.69836711883545
v 11.299461364746094 -2.5167059898376465 6.201632976531982
v 11.299461364746094 -6.528203964233398 18.612117767333984
v 11.299461364746094 -6.528203964233398 1.2878819704055786
v 11.299461364746094 -10.318107604980469 1.2870409488677979
v 11.299461364746094 -10.318107604980469 18.612958908081055
v 11.299461364746094 -16.216461181640625 3.068429946899414
v 11.299461364746094 -16.216461181640625 16.83156967163086
v 11.299461364746094 -27.935436248779297 4.94752311706543
v 11.299461364746094 -15.972389221191406 1.358443021774292
v 11.299461364746094 -15.972389221191406 18.54155731201172
v 11.299461364746094 1.1892919540405273 6.170495986938477
v 11.299461364746094 1.1892919540405273 13.729503631591797
v 11.299461364746094 -20.111228942871094 10.890871047973633
v 11.299461364746094 1.2119920253753662 1.4662359952926636
v 11.299461364746094 1.2119920253753662 18.43376350402832
v 11.299461364746094 -27.94074058532715 15.080269813537598
v 11.299461364746094 -21.42269515991211 9.974185943603516
v 11.299461364746094 -20.600175857543945 12.326811790466309
v 11.299461364746094 -13.943082809448242 17.11772346496582
v 11.299461364746094 -13.943082809448242 2.782275915145874
v 11.299461364746094 -24.39603614807129 18.63709259033203
v 11.299461364746094 -24.47918128967285 1.287742018699646
v 11.299461364746094 -22.54094886779785 11.606806755065918
v 11.299461364746094 -4.294139862060547 1.2473900318145752
v 11.299461364746094 -4.294139862060547 18.652610778808594
v 11.299461364746094 -6.287618160247803 13.663028717041016
v 11.299461364746094 -6.287618160247803 6.236970901489258
v 11.299461364746094 -8.04079818725586 1.2562999725341797
v 11.299461364746094 -8.04079818725586 18.643699645996094
v 11.299461364746094 -2.808661937713623 18.68600082397461
v 11.299461364746094 -2.808661937713623 1.2139999866485596
v 11.299461364746094 -8.219286918640137 6.119804859161377
v 11.299461364746094 -8.219286918640137 13.780195236206055
v 11.299461364746094 -0.2059900015592575 6.206984996795654
v 11.299461364746094 -0.2059900015592575 13.693015098571777
v 11.299461364746094 -27.315343856811523 11.808752059936523
v 11.299461364746094 10.327022552490234 13.904934883117676
v 11.299461364746094 10.327022552490234 5.995065212249756
v 11.299461364746094 -11.85335922241211 1.310001015663147
v 11.299461364746094 -11.85335922241211 18.589998245239258
v 11.299461364746094 -15.8594970703125 5.100640773773193
v 11.299461364746094 -15.859539031982422 14.799321174621582
v 11.299461364746094 -27.236589431762695 8.059586524963379
v 11.299461364746094 -18.65745735168457 10.951546669006348
v 11.299461364746094 -28.864612579345703 9.058664321899414
v 11.299461364746094 -24.57891273498535 16.675155639648438
v 11.299461364746094 -24.57891273498535 3.2248449325561523
v 11.299461364746094 -29.910078048706055 16.548805236816406
v 11.299461364746094 -29.909107208251953 3.351289987564087
v 11.299461364746094 -26.648500442504883 18.812854766845703
v 11.299461364746094 -26.648500442504883 1.0871460437774658
v 11.299461364746094 7.536028861999512 17.051982879638672
v 11.299461364746094 7.536028861999512 2.848017930984497
v 11.299461364746094 -20.545162200927734 7.87148380279541
v 11.299461364746094 5.998016834259033 15.226741790771484
v 11.299461364746094 5.998016834259033 4.673257827758789
v 11.299461364746094 6.025191783905029 17.21213150024414
v 11.299461364746094 6.025191783905029 2.687869071960449
v 11.299461364746094 -13.752335548400879 4.776791095733643
v 11.299461364746094 -13.752335548400879 15.123208999633789
v 11.299461364746094 3.3147759437561035 15.131047248840332
v 11.299461364746094 3.3147759437561035 4.7689528465271
v 11.299461364746094 9.902111053466797 17.584095001220703
v 11.299461364746094 9.902111053466797 2.3159050941467285
v 11.299461364746094 -8.19042682647705 15.848219871520996
v 11.299461364746094 -8.19042682647705 4.0517802238464355
v 11.299461364746094 11.374422073364258 4.118354797363281
v 11.299461364746094 11.374422073364258 15.781644821166992
v 11.299461364746094 -18.196561813354492 8.073469161987305
v 11.299461364746094 -31.374980926513672 14.094738960266113
v 11.299461364746094 -31.221923828125 5.812995910644531
v 11.299461364746094 3.4378740787506104 17.27117347717285
v 11.299461364746094 3.4378740787506104 2.6288259029388428
v 11.299461364746094 -4.309920787811279 6.117530822753906
v 11.299461364746094 -4.309920787811279 13.782468795776367
v 11.299461364746094 -10.248305320739746 13.684789657592773
v 11.299461364746094 -10.248305320739746 6.2152099609375
v 11.299461364746094 -11.807291030883789 6.2069010734558105
v 11.299461364746094 -11.807291030883789 13.693099021911621
v 11.299461364746094 -33.241756439208984 10.13755989074707
v 11.299461364746094 -2.1843690872192383 14.988960266113281
v 11.299461364746094 -2.1843690872192383 4.91103982925415
v 11.299461364746094 -27.000368118286133 6.194968223571777
v 11.299461364746094 8.219745635986328 13.359564781188965
v 11.299461364746094 8.219745635986328 6.540434837341309
v 11.299461364746094 5.174883842468262 13.452982902526855
v 11.299461364746094 5.174883842468262 6.447017192840576
v 11.299461364746094 -0.7051270008087158 17.338048934936523
v 11.299461364746094 -0.7051270008087158 2.561950922012329
v 11.299461364746094 -10.470236778259277 4.245790958404541
v 11.299461364746094 -10.470236778259277 15.65420913696289
v 11.299461364746094 -12.322431564331055 2.7898409366607666
v 11.299461364746094 -12.322431564331055 17.110158920288086
v 11.299461364746094 -9.958292961120605 2.5943870544433594
v 11.299461364746094 -9.958292961120605 17.305612564086914
v 11.299461364746094 -21.755250930786133 6.370038986206055
v 11.299461364746094 -17.680871963500977 14.89769172668457
v 11.299461364746094 -17.711490631103516 4.992490768432617
v 11.299461364746094 -12.37313175201416 15.195302963256836
v 11.299461364746094 -12.37313175201416 4.704697132110596
v 11.299461364746094 -23.234994888305664 18.616195678710938
v 11.299461364746094 -23.239238739013672 1.2388609647750854
v 11.299461364746094 -17.82851791381836 0.9721109867095947
v 11.299461364746094 -17.859952926635742 18.86834716796875
v 11.299461364746094 -21.309858322143555 14.347626686096191
v 11.299461364746094 -25.969852447509766 13.637476921081543
v 11.299461364746094 -28.89139747619629 18.971534729003906
v 11.299461364746094 -28.89139747619629 0.9284650087356567
v 11.299461364746094 -8.512152671813965 2.8212099075317383
v 11.299461364746094 -8.512152671813965 17.07879066467285
v 11.299461364746094 -2.7427430152893066 3.178025007247925
v 11.299461364746094 -2.7427430152893066 16.721975326538086
v 11.299461364746094 -33.54673767089844 14.306403160095215
v 11.299461364746094 -21.535354614257812 15.55468463897705
v 11.299461364746094 -6.127108097076416 17.23025131225586
v 11.299461364746094 -6.127108097076416 2.669748067855835
v 11.299461364746094 -17.98693084716797 9.987937927246094
v 11.299461364746094 10.321708679199219 9.949999809265137
v 11.299461364746094 -25.438472747802734 5.2619171142578125
v 11.299461364746094 -4.6684651374816895 2.750216007232666
v 11.299461364746094 -4.6684651374816895 17.149784088134766
v 11.299461364746094 -22.512771606445312 2.9565579891204834
v 11.299461364746094 -19.909465789794922 5.431550979614258
v 11.299461364746094 -6.170365810394287 15.125150680541992
v 11.299461364746094 -6.170365810394287 4.774848937988281
v 11.299461364746094 -19.260530471801758 3.768928050994873
v 11.299461364746094 8.967252731323242 14.168964385986328
v 11.299461364746094 8.967252731323242 5.731036186218262
v 11.299461364746094 -22.423921585083008 17.03925132751465
v 11.299461364746094 9.235336303710938 15.9481782913208
v 11.299461364746094 9.235336303710938 3.95182204246521
v 11.299461364746094 -33.73405838012695 4.635773181915283
v 11.299461364746094 -25.45062828063965 14.567386627197266
v 11.299461364746094 -19.91940689086914 14.450865745544434
v 11.299461364746094 12.289202690124512 9.419413566589355
v 11.299461364746094 12.24255657196045 10.539667129516602
v 11.299461364746094 -18.633630752563477 8.97473430633545
v 11.299461364746094 -23.68120765686035 15.10787296295166
v 11.299461364746094 -31.81277847290039 8.396707534790039
v 11.299461364746094 -4.722695827484131 4.6839752197265625
v 11.299461364746094 -4.722695827484131 15.216025352478027
v 11.299461364746094 -33.47776794433594 8.951375961303711
v 11.299461364746094 -15.699169158935547 4.036471843719482
v 11.299461364746094 -15.699169158935547 15.86352825164795
v 11.299461364746094 -24.320974349975586 10.759929656982422
v 11.299461364746094 -26.075634002685547 9.856109619140625
v 11.299461364746094 -18.069019317626953 11.872212409973145
v 11.299461364746094 -28.464061737060547 2.910520076751709
v 11.299461364746094 -28.46468162536621 16.989540100097656
v 11.299461364746094 -31.379440307617188 4.51289176940918
v 11.299461364746094 -31.4486083984375 15.437376976013184
v 11.299461364746094 -18.024616241455078 6.034949779510498
v 11.299461364746094 -18.01349449157715 13.859650611877441
v 11.299461364746094 -29.09803581237793 6.851132869720459
v 11.299461364746094 12.286334991455078 7.624328136444092
v 11.299461364746094 12.286334991455078 12.27567195892334
v 11.299461364746094 -33.575199127197266 11.964603424072266
v 11.299461364746094 4.075265884399414 3.6872880458831787
v 11.299461364746094 4.075265884399414 16.212711334228516
v 11.299461364746094 7.1088948249816895 13.468331336975098
v 11.299461364746094 7.1088948249816895 6.431669235229492
v 11.299461364746094 -29.5190372467041 11.09988021850586
v 11.299461364746094 -24.032865524291992 7.030457973480225
v 11.299461364746094 -27.708717346191406 10.71613597869873
v 11.299461364746094 -25.106977462768555 7.216981887817383
v 11.299461364746094 9.478795051574707 7.572111129760742
v 11.299461364746094 9.478795051574707 12.327889442443848
v 11.299461364746094 -33.49055480957031 1.1198840141296387
v 11.299461364746094 -33.49055480957031 18.780115127563477
v 11.299461364746094 -31.91904067993164 18.79601287841797
v 11.299461364746094 -31.91904067993164 1.1039880514144897
v 11.299461364746094 -22.33257484436035 13.610106468200684
v 11.299461364746094 -31.712265014648438 11.521849632263184
v 11.299461364746094 -14.962935447692871 6.683564186096191
v 11.299461364746094 -14.953795433044434 13.22103500366211
v 11.299461364746094 -26.9323673248291 15.7968111038208
v 11.299461364746094 -0.9384099841117859 4.563948154449463
v 11.299461364746094 -0.9384099841117859 15.336051940917969
v 11.299461364746094 -19.129690170288086 16.07362174987793
v 11.299461364746094 1.7415920495986938 17.130693435668945
v 11.299461364746094 1.7415920495986938 2.769305944442749
v 11.299461364746094 -25.02606773376465 9.101119995117188
v 11.299461364746094 -29.524938583374023 15.149412155151367
v 11.299461364746094 -29.531017303466797 4.763986110687256
v 11.299461364746094 -33.65434265136719 15.342626571655273
v 11.299461364746094 -29.97890281677246 13.977152824401855
v 11.299461364746094 -33.51573181152344 17.23959732055664
v 11.299461364746094 -33.51573181152344 2.66040301322937
v 11.299461364746094 -24.34132194519043 12.68312931060791
v 11.299461364746094 6.932164192199707 15.162578582763672
v 11.299461364746094 6.932164192199707 4.737421035766602
v 11.299461364746094 -17.90643882751465 17.140850067138672
v 11.299461364746094 -17.83786392211914 2.702876091003418
v 11.299461364746094 -25.581207275390625 10.845280647277832
v 11.299461364746094 -28.350921630859375 8.048848152160645
v 11.299461364746094 -21.42604637145996 18.843660354614258
v 11.299461364746094 -21.416221618652344 1.0628490447998047
v 11.299461364746094 -29.976810455322266 0.9343590140342712
v 11.299461364746094 -29.976810455322266 18.965641021728516
v 11.299461364746094 -22.255229949951172 10.628890037536621
v 11.299461364746094 -27.51129913330078 14.081491470336914
v 11.299461364746094 10.9990873336792 9.012895584106445
v 11.299461364746094 10.9990873336792 10.887104034423828
v 11.299461364746094 -26.771286010742188 3.9943230152130127
v 11.299461364746094 -23.739744186401367 11.61396312713623
v 11.299461364746094 -28.86579132080078 12.844393730163574
v 11.299461364746094 -19.871721267700195 7.131818771362305
v 11.299461364746094 -19.704954147338867 12.835318565368652
v 11.299461364746094 -18.650197982788086 12.762455940246582
v 11.299461364746094 -8.47496223449707 5.089111804962158
v 11.299461364746094 -8.47496223449707 14.810888290405273
v 11.299461364746094 -26.661989212036133 17.673690795898438
v 11.299461364746094 -26.66693878173828 2.2319869995117188
v 11.299461364746094 -20.915788650512695 5.421432971954346
v 11.299461364746094 -16.201082229614258 10.983328819274902
v 11.299461364746094 -19.587003707885742 8.964859962463379
v 11.299461364746094 -31.7270450592041 17.454774856567383
v 11.299461364746094 -31.7270450592041 2.4452250003814697
v 11.299461364746094 -31.242677688598633 9.344764709472656
v 11.299461364746094 2.488913059234619 13.325833320617676
v 11.299461364746094 2.488913059234619 6.574166774749756
v 11.299461364746094 -32.610408782958984 12.385096549987793
v 11.299461364746094 -16.22429847717285 8.942880630493164
v 11.299461364746094 -25.467500686645508 19.00115966796875
v 11.299461364746094 -25.47789192199707 0.9146530032157898
v 11.299461364746094 2.2671000957489014 15.306648254394531
v 11.299461364746094 2.2671000957489014 4.5933518409729
v 11.299461364746094 10.580182075500488 15.200228691101074
v 11.299461364746094 10.580182075500488 4.699770927429199
v 11.299461364746094 -21.386592864990234 8.476625442504883
v 11.299461364746094 4.671227931976318 0.972117006778717
v 11.299461364746094 4.671227931976318 18.92788314819336
v 11.299461364746094 -22.099721908569336 4.113648891448975
v 11.299461364746094 -16.80936050415039 0.8695459961891174
v 11.299461364746094 -16.81564712524414 19.018545150756836
v 11.299461364746094 -22.57132339477539 9.83073902130127
v 11.299461364746094 -30.266592025756836 7.623804092407227
v 11.299461364746094 -25.949365615844727 6.143360137939453
v 11.299461364746094 -12.949164390563965 0.8788800239562988
v 11.299461364746094 -12.949164390563965 19.021120071411133
v 11.299461364746094 12.235803604125977 5.470789909362793
v 11.299461364746094 12.235803604125977 14.42920970916748
v 11.299461364746094 -1.3149139881134033 13.318879127502441
v 11.299461364746094 -1.3149139881134033 6.58112096786499
v 11.299461364746094 2.178783893585205 0.8407689929008484
v 11.299461364746094 2.178783893585205 19.05923080444336
v 11.299461364746094 -18.72382164001465 7.209776878356934
v 11.299461364746094 6.924511909484863 18.987659454345703
v 11.299461364746094 6.924511909484863 0.9123409986495972
v 11.299461364746094 -20.212902069091797 9.846637725830078
v 11.299461364746094 -16.686555862426758 7.197414875030518
v 11.299461364746094 -16.688186645507812 12.715821266174316
v 11.299461364746094 -33.77295684814453 5.546893119812012
v 11.299461364746094 -29.945423126220703 8.914112091064453
v 11.299461364746094 -28.073213577270508 6.100480079650879
v 11.299461364746094 -26.129589080810547 11.690704345703125
v 11.299461364746094 -9.160120964050293 19.04769515991211
v 11.299461364746094 -9.160120964050293 0.8523039817810059
v 11.299461364746094 -25.444438934326172 12.661084175109863
v 11.299461364746094 -24.48824119567871 14.548929214477539
v 11.299461364746094 -15.56536865234375 7.527678966522217
v 11.299461364746094 9.116592407226562 18.296682357788086
v 11.299461364746094 9.116592407226562 1.6033179759979248
v 11.299461364746094 -12.714974403381348 6.585989952087402
v 11.299461364746094 -12.714974403381348 13.314009666442871
v 11.299461364746094 -1.634729027748108 0.8622990250587463
v 11.299461364746094 -1.634729027748108 19.037700653076172
v 11.299461364746094 -21.366043090820312 2.3187270164489746
v 11.299461364746094 -21.160289764404297 17.548690795898438
v 11.299461364746094 -5.412895202636719 0.8302080035209656
v 11.299461364746094 -5.412895202636719 19.069791793823242
v 11.299461364746094 -15.471128463745117 5.943144798278809
v 11.299461364746094 -15.471128463745117 13.956854820251465
v 11.299461364746094 -2.5162429809570312 17.581218719482422
v 11.299461364746094 -2.5162429809570312 2.318782091140747
v 11.299461364746094 -20.237548828125 0.9165639877319336
v 11.299461364746094 -20.32242774963379 19.12342071533203
v 11.299461364746094 -15.551074028015137 12.350232124328613
v 11.299461364746094 -22.597864151000977 5.717044830322266
v 11.299461364746094 -27.898067474365234 16.04665184020996
v 11.299461364746094 -27.861671447753906 3.7704598903656006
v 11.299461364746094 1.4804409742355347 5.0482330322265625
v 11.299461364746094 1.4804409742355347 14.851766586303711
v 11.299461364746094 -5.173666000366211 13.339077949523926
v 11.299461364746094 -5.173666000366211 6.560922145843506
v 11.299461364746094 -32.526607513427734 13.62121868133545
v 11.299461364746094 -24.70840072631836 17.640329360961914
v 11.299461364746094 -24.741304397583008 2.2973380088806152
v 11.299461364746094 -17.181142807006836 3.4176669120788574
v 11.299461364746094 -17.181142807006836 16.482332229614258
v 11.299461364746094 10.81002140045166 2.6026721000671387
v 11.299461364746094 10.81002140045166 17.29732894897461
v 11.299461364746094 -30.561084747314453 15.742829322814941
v 11.299461364746094 -30.59006118774414 4.109151840209961
v 11.299461364746094 -19.876375198364258 17.491662979125977
v 11.299461364746094 -17.32832908630371 7.885282039642334
v 11.299461364746094 -30.649227142333984 2.59769606590271
v 11.299461364746094 -30.649227142333984 17.302303314208984
v 11.299461364746094 -10.151132583618164 14.729976654052734
v 11.299461364746094 -10.151132583618164 5.170022964477539
v 11.299461364746094 -9.090394973754883 6.511566162109375
v 11.299461364746094 -9.090394973754883 13.388434410095215
v 11.299461364746094 -32.22294616699219 6.524663925170898
v 11.299461364746094 -18.330041885375977 1.8975520133972168
v 11.299461364746094 -18.280296325683594 17.981874465942383
v 11.299461364746094 -29.877395629882812 5.716139793395996
v 11.299461364746094 8.718433380126953 15.124170303344727
v 11.299461364746094 8.718433380126953 4.775829792022705
v 11.299461364746094 -2.897566080093384 4.162938117980957
v 11.299461364746094 -2.897566080093384 15.737062454223633
v 11.299461364746094 -25.43442153930664 8.079216957092285
v 11.299461364746094 -32.43030548095703 10.308662414550781
v 11.299461364746094 -33.72676086425781 10.964987754821777
v 11.299461364746094 -30.732017517089844 13.229667663574219
v 11.299461364746094 11.055892944335938 11.971298217773438
v 11.299461364746094 11.055892944335938 7.928701877593994
v 11.299461364746094 -10.661946296691895 3.3166990280151367
v 11.299461364746094 -10.661946296691895 16.583301544189453
v 11.299461364746094 -26.886632919311523 13.480634689331055
v 11.299461364746094 -7.37770414352417 6.539384841918945
v 11.299461364746094 -7.37770414352417 13.360614776611328
v 11.299461364746094 11.334877967834473 6.163599014282227
v 11.299461364746094 11.334877967834473 13.736400604248047
v 11.299461364746094 -23.825685501098633 6.058774948120117
v 11.299461364746094 -1.8483569622039795 17.179542541503906
v 11.299461364746094 -1.8483569622039795 2.7204580307006836
v 11.299461364746094 -25.914424896240234 4.39962100982666
v 11.299461364746094 -29.61088752746582 12.036792755126953
v 11.299461364746094 8.728841781616211 12.618232727050781
v 11.299461364746094 8.728841781616211 7.281766891479492
v 11.299461364746094 -19.530258178710938 1.8818060159683228
v 11.299461364746094 -26.961008071899414 9.931851387023926
v 11.299461364746094 -23.57822608947754 3.311851978302002
v 11.299461364746094 -24.262020111083984 9.886573791503906
v 11.299461364746094 -33.753883361816406 7.207086086273193
v 11.299461364746094 -19.821489334106445 15.473896980285645
v 11.299461364746094 -15.11230754852295 19.054914474487305
v 11.299461364746094 -15.11230754852295 0.8450859785079956
v 11.299461364746094 -9.371875762939453 4.626300811767578
v 11.299461364746094 -9.371875762939453 15.273698806762695
v 11.299461364746094 2.635270118713379 2.7017769813537598
v 11.299461364746094 2.635270118713379 17.198223114013672
v 11.299461364746094 10.146716117858887 12.811410903930664
v 11.299461364746094 10.146716117858887 7.088589191436768
v 11.299461364746094 -24.364355087280273 5.257659912109375
v 11.299461364746094 -13.8482666015625 5.6196608543396
v 11.299461364746094 -13.8482666015625 14.280339241027832
v 11.299461364746094 6.269218921661377 13.142718315124512
v 11.299461364746094 6.269218921661377 6.75728178024292
v 11.299461364746094 -21.33209991455078 13.3010892868042
v 11.299461364746094 -22.721960067749023 4.748983860015869
v 11.299461364746094 -7.728009223937988 3.2757821083068848
v 11.299461364746094 -7.728009223937988 16.624217987060547
v 11.299461364746094 -14.938187599182129 4.650605201721191
v 11.299461364746094 -14.938194274902344 15.249388694763184
v 11.299461364746094 -33.89906692504883 8.07040023803711
v 11.299461364746094 9.918556213378906 8.984713554382324
v 11.299461364746094 9.918556213378906 10.91528606414795
v 11.299461364746094 -20.732887268066406 15.873926162719727
v 11.299461364746094 12.636149406433105 8.590436935424805
v 11.299461364746094 12.634014129638672 11.302108764648438
v 11.299461364746094 -15.26479434967041 16.61861228942871
v 11.299461364746094 -15.26479434967041 3.2813880443573
v 11.299461364746094 -16.020315170288086 17.698888778686523
v 11.299461364746094 -16.020315170288086 2.201111078262329
v 11.299461364746094 -25.935840606689453 15.447141647338867
v 11.299461364746094 -3.465946912765503 6.567040920257568
v 11.299461364746094 -3.465946912765503 13.332959175109863
v 11.299461364746094 -0.5036929845809937 5.3058881759643555
v 11.299461364746094 -0.5036929845809937 14.594112396240234
v 11.299461364746094 3.020854949951172 0.8139539957046509
v 11.299461364746094 3.020854949951172 19.08604621887207
v 11.299461364746094 -30.68495750427246 12.305163383483887
v 11.299461364746094 -17.227081298828125 12.07395076751709
v 11.299461364746094 -22.43745231628418 19.045379638671875
v 11.299461364746094 -22.471534729003906 0.8233219981193542
v 11.299461364746094 -27.793670654296875 19.15915870666504
v 11.299461364746094 -27.793670654296875 0.7408419847488403
v 11.299461364746094 -32.61986541748047 17.043914794921875
v 11.299461364746094 -32.63703918457031 2.8756940364837646
v 11.299461364746094 0.44659098982810974 0.8585540056228638
v 11.299461364746094 0.44659098982810974 19.041446685791016
v 11.299461364746094 -22.196855545043945 7.996874809265137
v 11.299461364746094 -32.72494888305664 19.152416229248047
v 11.299461364746094 -32.72494888305664 0.7475829720497131
v 11.299461364746094 -27.086549758911133 7.134947776794434
v 11.299461364746094 -22.448453903198242 7.244792938232422
v 11.299461364746094 -22.232791900634766 16.054105758666992
v 11.299461364746094 -33.877845764160156 18.023954391479492
v 11.299461364746094 -33.877845764160156 1.8760459423065186
v 11.299461364746094 -23.956806182861328 16.159908294677734
v 11.299461364746094 0.6628569960594177 3.463273048400879
v 11.299461364746094 0.6628569960594177 16.43672752380371
v 11.299461364746094 -23.78470802307129 4.3355889320373535
v 11.299461364746094 12.107335090637207 4.577280044555664
v 11.299461364746094 12.107335090637207 15.32271957397461
v 11.299461364746094 9.570094108581543 16.769062042236328
v 11.299461364746094 9.570094108581543 3.1309380531311035
v 11.299461364746094 -20.930742263793945 7.072193145751953
v 11.299461364746094 -21.3013858795166 4.497075080871582
v 11.299461364746094 11.342741966247559 3.2530078887939453
v 11.299461364746094 11.342741966247559 16.646991729736328
v 11.299461364746094 -32.068702697753906 3.7068679332733154
v 11.299461364746094 -32.068702697753906 16.193132400512695
v 8.799461364746094 13.389694213867188 9.949999809265137
v 9.730095863342285 13.389694213867188 8.636527061462402
v 7.8688249588012695 13.389694213867188 11.263472557067871
v 9.657926559448242 13.389694213867188 11.282089233398438
v 7.940995216369629 13.389694213867188 8.617911338806152
v 10.10731029510498 13.389694213867188 9.871001243591309
v 7.491611957550049 13.389694213867188 10.028999328613281
v 8.81202220916748 13.389694213867188 7.935262203216553
v 8.786898612976074 13.389694213867188 11.964737892150879
v 10.301627159118652 13.389694213867188 7.920298099517822
v 10.285411834716797 13.389694213867188 11.982804298400879
v 7.313509941101074 13.389694213867188 7.917195796966553
v 7.2972941398620605 13.389694213867188 11.97970199584961
v 8.730945587158203 13.389694213867188 10.892351150512695
v 8.867976188659668 13.389694213867188 9.007649421691895
v 6.979659080505371 13.389694213867188 11.130000114440918
v 7.247447967529297 13.389694213867188 8.922078132629395
v 10.619261741638184 13.389694213867188 8.770000457763672
v 10.351472854614258 13.389694213867188 10.977922439575195
v 8.089542388916016 13.389694213867188 9.340479850769043
v 9.509380340576172 13.389694213867188 10.55951976776123
v 6.2994608879089355 -22.641319274902344 9.894635200500488
v 6.2994608879089355 -19.64296531677246 5.502622127532959
v 6.2994608879089355 -19.64296531677246 14.397377967834473
v 6.2994608879089355 -24.778663635253906 14.559966087341309
v 6.2994608879089355 -24.808855056762695 5.271121025085449
v 6.2994608879089355 -15.524155616760254 4.137327194213867
v 6.2994608879089355 -15.524155616760254 15.762673377990723
v 6.2994608879089355 6.6764349937438965 3.722533941268921
v 6.2994608879089355 6.6764349937438965 16.177465438842773
v 6.2994608879089355 -18.995927810668945 9.714045524597168
v 6.2994608879089355 2.6921639442443848 3.8261020183563232
v 6.2994608879089355 2.6921639442443848 16.073898315429688
v 6.2994608879089355 -12.105891227722168 16.1720027923584
v 6.2994608879089355 -12.105891227722168 3.727997064590454
v 6.2994608879089355 -8.037233352661133 3.748892068862915
v 6.2994608879089355 -8.037233352661133 16.151107788085938
v 6.2994608879089355 -2.9206509590148926 3.7015581130981445
v 6.2994608879089355 -2.9206509590148926 16.198442459106445
v 6.2994608879089355 -25.983060836791992 11.172489166259766
v 6.2994608879089355 9.562749862670898 4.981846809387207
v 6.2994608879089355 9.562749862670898 14.918152809143066
v 6.2994608879089355 -22.082792282104492 3.27937388420105
v 6.2994608879089355 -22.082792282104492 16.62062644958496
v 6.2994608879089355 -26.43938446044922 8.05068302154541
v 6.2994608879089355 -21.976255416870117 12.859810829162598
v 6.2994608879089355 -22.042301177978516 7.099219799041748
v 6.2994608879089355 -26.406991958618164 3.0076780319213867
v 6.2994608879089355 -26.639331817626953 16.838991165161133
v 6.2994608879089355 -17.63931655883789 7.456360816955566
v 6.2994608879089355 -17.45823860168457 12.498897552490234
v 6.2994608879089355 0.08230800181627274 4.188499927520752
v 6.2994608879089355 0.08230800181627274 15.71150016784668
v 6.2994608879089355 -18.291051864624023 2.9906160831451416
v 6.2994608879089355 -18.291051864624023 16.90938377380371
v 6.2994608879089355 -5.3984761238098145 2.6893599033355713
v 6.2994608879089355 -5.3984761238098145 17.21063995361328
v 6.2994608879089355 11.074494361877441 6.956140995025635
v 6.2994608879089355 11.074494361877441 12.943859100341797
v 6.2994608879089355 -27.056581497192383 13.494508743286133
v 6.2994608879089355 -26.991857528686523 5.598351001739502
v 6.2994608879089355 -10.07436466217041 4.946761131286621
v 6.2994608879089355 -10.07436466217041 14.953239440917969
v 6.2994608879089355 -4.740394115447998 5.0866241455078125
v 6.2994608879089355 -4.740394115447998 14.813376426696777
v 6.2994608879089355 -14.08579158782959 2.339284896850586
v 6.2994608879089355 -14.08579158782959 17.560714721679688
v 6.2994608879089355 -9.892818450927734 2.3233048915863037
v 6.2994608879089355 -9.892818450927734 17.57669448852539
v 6.2994608879089355 -19.835491180419922 11.793917655944824
v 6.2994608879089355 -19.798477172851562 8.061177253723145
v 6.2994608879089355 -13.890517234802246 14.59572982788086
v 6.2994608879089355 -13.890517234802246 5.304269790649414
v 6.2994608879089355 -23.99687957763672 8.283201217651367
v 6.2994608879089355 -24.385828018188477 17.698753356933594
v 6.2994608879089355 -24.388086318969727 2.212735891342163
v 6.2994608879089355 -15.846952438354492 13.687044143676758
v 6.2994608879089355 -15.846952438354492 6.212955951690674
v 6.2994608879089355 4.897360801696777 5.230677127838135
v 6.2994608879089355 4.897360801696777 14.669322967529297
v 6.2994608879089355 4.79355001449585 2.235163927078247
v 6.2994608879089355 4.79355001449585 17.664836883544922
v 6.2994608879089355 0.9633989930152893 2.068758964538574
v 6.2994608879089355 0.9633989930152893 17.831241607666016
v 6.2994608879089355 8.789880752563477 2.8119990825653076
v 6.2994608879089355 8.789880752563477 17.088001251220703
v 6.2994608879089355 11.37176513671875 9.949999809265137
v 6.2994608879089355 -23.796403884887695 11.666627883911133
v 6.2994608879089355 -1.0551559925079346 2.238218069076538
v 6.2994608879089355 -1.0551559925079346 17.661781311035156
v 6.2994608879089355 7.666339874267578 5.507810115814209
v 6.2994608879089355 7.666339874267578 14.392189979553223
v 6.2994608879089355 -17.571413040161133 14.806306838989258
v 6.2994608879089355 -17.571413040161133 5.093692779541016
v 6.2994608879089355 -16.44843292236328 2.03554105758667
v 6.2994608879089355 -16.44843292236328 17.864458084106445
v 6.2994608879089355 -20.246381759643555 1.9780839681625366
v 6.2994608879089355 -20.246381759643555 17.92191505432129
v 6.2994608879089355 -27.422161102294922 9.730710983276367
v 6.2994608879089355 -1.807428002357483 5.410848140716553
v 6.2994608879089355 -1.807428002357483 14.489151954650879
v 6.2994608879089355 2.0694429874420166 5.54882287979126
v 6.2994608879089355 2.0694429874420166 14.351177215576172
v 6.2994608879089355 -21.464693069458008 5.006359100341797
v 6.2994608879089355 -21.464693069458008 14.893641471862793
v 6.2994608879089355 -6.901793956756592 5.48814582824707
v 6.2994608879089355 -6.901793956756592 14.411853790283203
v 6.2994608879089355 -17.27920913696289 9.294842720031738
v 6.2994608879089355 6.852304935455322 1.860164999961853
v 6.2994608879089355 6.852304935455322 18.03983497619629
v 6.2994608879089355 -20.670713424682617 9.585308074951172
v 6.2994608879089355 -27.793054580688477 11.802124977111816
v 6.2994608879089355 -27.826061248779297 15.403314590454102
v 6.2994608879089355 -7.2242751121521 1.848418951034546
v 6.2994608879089355 -7.2242751121521 18.05158042907715
v 6.2994608879089355 -3.5345211029052734 1.9063060283660889
v 6.2994608879089355 -3.5345211029052734 17.993694305419922
v 6.2994608879089355 -11.921976089477539 2.041830062866211
v 6.2994608879089355 -11.921976089477539 17.858169555664062
v 6.2994608879089355 -12.03144359588623 14.314480781555176
v 6.2994608879089355 -12.03144359588623 5.585518836975098
v 6.2994608879089355 -24.59996795654297 9.973126411437988
v 6.2994608879089355 2.993143081665039 1.847108006477356
v 6.2994608879089355 2.993143081665039 18.052892684936523
v 6.2994608879089355 11.347637176513672 5.292507171630859
v 6.2994608879089355 11.347637176513672 14.60749340057373
v 6.2994608879089355 -25.230178833007812 12.873842239379883
v 6.2994608879089355 9.2841796875 6.623226165771484
v 6.2994608879089355 9.2841796875 13.276774406433105
v 6.2994608879089355 -20.35480499267578 3.815469980239868
v 6.2994608879089355 -20.35480499267578 16.084529876708984
v 6.2994608879089355 -27.85066795349121 1.8058439493179321
v 6.2994608879089355 -27.86849594116211 18.159141540527344
v 6.2994608879089355 -21.591970443725586 11.398857116699219
v 6.2994608879089355 -17.137590408325195 10.883971214294434
v 6.2994608879089355 -22.70195198059082 1.653691053390503
v 6.2994608879089355 -22.70195198059082 18.246309280395508
v 6.2994608879089355 10.353050231933594 3.444025993347168
v 6.2994608879089355 10.353050231933594 16.455974578857422
v 6.2994608879089355 -27.921947479248047 7.098631858825684
v 6.2994608879089355 -23.477638244628906 3.9015140533447266
v 6.2994608879089355 -23.454483032226562 16.013973236083984
v 6.2994608879089355 11.861788749694824 11.435208320617676
v 6.2994608879089355 11.861788749694824 8.464792251586914
v 6.2994608879089355 -27.939599990844727 4.055315971374512
v 6.2994608879089355 -25.133586883544922 6.89170503616333
v 6.2994608879089355 -3.3642940521240234 5.603181838989258
v 6.2994608879089355 -3.3642940521240234 14.296817779541016
v 6.2994608879089355 -25.703216552734375 15.3049955368042
v 6.2994608879089355 -23.033000946044922 14.324891090393066
v 6.2994608879089355 -23.25650978088379 5.850088119506836
v 6.2994608879089355 -8.543960571289062 5.850854873657227
v 6.2994608879089355 -8.543960571289062 14.049144744873047
v 6.2994608879089355 -25.762285232543945 18.331640243530273
v 6.2994608879089355 -25.84222412109375 1.73893404006958
v 6.2994608879089355 -25.455036163330078 3.7967450618743896
v 6.2994608879089355 3.2508769035339355 5.902669906616211
v 6.2994608879089355 3.2508769035339355 13.997329711914062
v 6.2994608879089355 -21.928739547729492 8.30182933807373
v 6.2994608879089355 6.241687774658203 14.135765075683594
v 6.2994608879089355 6.241687774658203 5.764235019683838
v 6.2994608879089355 -6.240884780883789 15.973365783691406
v 6.2994608879089355 -6.240884780883789 3.9266340732574463
v 6.2994608879089355 -20.67912483215332 13.404936790466309
v 6.2994608879089355 -20.67912483215332 6.495062828063965
v 6.2994608879089355 10.100696563720703 11.724300384521484
v 6.2994608879089355 10.100696563720703 8.175700187683105
v 6.2994608879089355 -14.349407196044922 3.6488170623779297
v 6.2994608879089355 -14.349407196044922 16.251182556152344
v 6.2994608879089355 -16.263164520263672 12.20158576965332
v 6.2994608879089355 -16.314708709716797 7.728329181671143
v 6.2994608879089355 -8.620115280151367 1.5924320220947266
v 6.2994608879089355 -8.620115280151367 18.307567596435547
v 6.2994608879089355 -18.945476531982422 6.481819152832031
v 6.2994608879089355 -18.945476531982422 13.418181419372559
v 6.2994608879089355 -18.618606567382812 8.50422477722168
v 6.2994608879089355 -18.705846786499023 11.360514640808105
v 6.2994608879089355 -25.931787490844727 9.329113960266113
v 6.2994608879089355 -17.852611541748047 1.4473570585250854
v 6.2994608879089355 -17.852611541748047 18.4526424407959
v 6.2994608879089355 -1.4447189569473267 3.902667999267578
v 6.2994608879089355 -1.4447189569473267 15.997331619262695
v 6.2994608879089355 0.011992000043392181 6.268064022064209
v 6.2994608879089355 0.011992000043392181 13.631936073303223
v 6.2994608879089355 7.942050933837891 4.03796911239624
v 6.2994608879089355 7.942050933837891 15.862030982971191
v 6.2994608879089355 1.4055440425872803 3.8293039798736572
v 6.2994608879089355 1.4055440425872803 16.070695877075195
v 6.2994608879089355 5.355350971221924 3.9559121131896973
v 6.2994608879089355 5.355350971221924 15.944087982177734
v 6.2994608879089355 -17.303491592407227 16.436237335205078
v 6.2994608879089355 -17.303491592407227 3.4637629985809326
v 6.2994608879089355 -18.741849899291992 4.294640064239502
v 6.2994608879089355 -18.741849899291992 15.60536003112793
v 6.2994608879089355 -28.20180320739746 16.734888076782227
v 6.2994608879089355 -15.326116561889648 18.611663818359375
v 6.2994608879089355 -15.326116561889648 1.2883360385894775
v 6.2994608879089355 -4.29522180557251 3.686691999435425
v 6.2994608879089355 -4.29522180557251 16.213308334350586
v 6.2994608879089355 -25.15497589111328 16.215564727783203
v 6.2994608879089355 -20.31818962097168 10.619437217712402
v 6.2994608879089355 -23.991727828979492 12.884308815002441
v 6.2994608879089355 -14.542059898376465 13.49655818939209
v 6.2994608879089355 -14.542059898376465 6.403441905975342
v 6.2994608879089355 -10.595741271972656 3.729909896850586
v 6.2994608879089355 -10.595741271972656 16.170089721679688
v 6.2994608879089355 -28.176942825317383 8.586782455444336
v 6.2994608879089355 -23.8503475189209 6.933003902435303
v 6.2994608879089355 -0.09183499962091446 18.542335510253906
v 6.2994608879089355 -0.09183499962091446 1.357664942741394
v 6.2994608879089355 -28.339338302612305 13.092100143432617
v 6.2994608879089355 12.14328670501709 6.496625900268555
v 6.2994608879089355 12.14328670501709 13.403373718261719
v 6.2994608879089355 7.9525041580200195 1.4999749660491943
v 6.2994608879089355 7.9525041580200195 18.4000244140625
v 6.2994608879089355 -12.89957046508789 1.2601879835128784
v 6.2994608879089355 -12.89957046508789 18.639812469482422
v 6.2994608879089355 -2.3123669624328613 1.4340720176696777
v 6.2994608879089355 -2.3123669624328613 18.465927124023438
v 6.2994608879089355 -15.105635643005371 14.590117454528809
v 6.2994608879089355 -15.105635643005371 5.309883117675781
v 6.2994608879089355 -5.406548023223877 1.2128510475158691
v 6.2994608879089355 -5.406548023223877 18.687149047851562
v 6.2994608879089355 -9.322793006896973 3.7880311012268066
v 6.2994608879089355 -9.322793006896973 16.111968994140625
v 6.2994608879089355 -0.3037860095500946 16.74109649658203
v 6.2994608879089355 -0.3037860095500946 3.158902883529663
v 6.2994608879089355 -17.17323112487793 13.671182632446289
v 6.2994608879089355 -17.186429977416992 6.23284387588501
v 6.2994608879089355 -15.34768009185791 17.140411376953125
v 6.2994608879089355 -15.34768009185791 2.7595889568328857
v 6.2994608879089355 -19.26019859313965 1.0895659923553467
v 6.2994608879089355 -19.26019859313965 18.810434341430664
v 6.2994608879089355 5.743064880371094 1.2715409994125366
v 6.2994608879089355 5.743064880371094 18.628459930419922
v 6.2994608879089355 -26.635229110717773 4.3984198570251465
v 6.2994608879089355 -21.608924865722656 18.641817092895508
v 6.2994608879089355 -21.608924865722656 1.2581820487976074
v 6.2994608879089355 -11.075023651123047 6.156482219696045
v 6.2994608879089355 -11.075023651123047 13.743517875671387
v 6.2994608879089355 -25.781034469604492 5.916546821594238
v 6.2994608879089355 -5.74337100982666 5.967113018035889
v 6.2994608879089355 -5.74337100982666 13.932887077331543
v 6.2994608879089355 -10.368927001953125 1.1725399494171143
v 6.2994608879089355 -10.368927001953125 18.727460861206055
v 6.2994608879089355 -26.56562042236328 12.299406051635742
v 6.2994608879089355 2.034601926803589 1.2008090019226074
v 6.2994608879089355 2.034601926803589 18.699190139770508
v 6.2994608879089355 -25.803544998168945 14.01687240600586
v 6.2994608879089355 -28.75672149658203 5.5905961990356445
v 6.2994608879089355 -12.806957244873047 2.635983943939209
v 6.2994608879089355 -12.806957244873047 17.264015197753906
v 6.2994608879089355 -13.207511901855469 13.707929611206055
v 6.2994608879089355 -13.207511901855469 6.192070007324219
v 6.2994608879089355 10.327022552490234 5.995065212249756
v 6.2994608879089355 10.327022552490234 13.904934883117676
v 6.2994608879089355 -22.60272789001465 11.120842933654785
v 6.2994608879089355 -26.89708137512207 6.855956077575684
v 6.2994608879089355 -28.431737899780273 10.69160270690918
v 6.2994608879089355 7.536028861999512 2.848017930984497
v 6.2994608879089355 7.536028861999512 17.051982879638672
v 6.2994608879089355 -16.310041427612305 14.683309555053711
v 6.2994608879089355 -16.31224250793457 5.217360973358154
v 6.2994608879089355 5.97898006439209 4.742459774017334
v 6.2994608879089355 5.97898006439209 15.157540321350098
v 6.2994608879089355 -23.96528434753418 0.9545310139656067
v 6.2994608879089355 -23.98181915283203 18.90093421936035
v 6.2994608879089355 5.926708221435547 2.7212390899658203
v 6.2994608879089355 5.926708221435547 17.178760528564453
v 6.2994608879089355 4.1143388748168945 1.2521929740905762
v 6.2994608879089355 4.1143388748168945 18.64780616760254
v 6.2994608879089355 9.902111053466797 17.584095001220703
v 6.2994608879089355 9.902111053466797 2.3159050941467285
v 6.2994608879089355 11.374422073364258 4.118354797363281
v 6.2994608879089355 11.374422073364258 15.781644821166992
v 6.2994608879089355 -28.546001434326172 3.0265629291534424
v 6.2994608879089355 -23.709674835205078 9.392121315002441
v 6.2994608879089355 -28.303695678710938 14.395956039428711
v 6.2994608879089355 -22.457677841186523 15.217352867126465
v 6.2994608879089355 -22.4929141998291 4.724143028259277
v 6.2994608879089355 -25.318103790283203 8.47639274597168
v 6.2994608879089355 8.219746589660645 6.540434837341309
v 6.2994608879089355 8.219746589660645 13.359564781188965
v 6.2994608879089355 5.255583763122559 13.358352661132812
v 6.2994608879089355 5.255583763122559 6.541646957397461
v 6.2994608879089355 -22.936906814575195 7.657571792602539
v 6.2994608879089355 -13.292738914489746 4.322956085205078
v 6.2994608879089355 -13.292738914489746 15.577043533325195
v 6.2994608879089355 -20.926372528076172 7.607320785522461
v 6.2994608879089355 -19.740875244140625 9.041238784790039
v 6.2994608879089355 3.983583927154541 4.130270004272461
v 6.2994608879089355 3.983583927154541 15.769729614257812
v 6.2994608879089355 2.080517053604126 2.682410955429077
v 6.2994608879089355 2.080517053604126 17.217588424682617
v 6.2994608879089355 -15.399479866027832 12.697733879089355
v 6.2994608879089355 -15.40807056427002 7.207252025604248
v 6.2994608879089355 -16.584489822387695 10.03341007232666
v 6.2994608879089355 -8.716075897216797 17.061073303222656
v 6.2994608879089355 -8.716075897216797 2.8389270305633545
v 6.2994608879089355 -2.3977510929107666 2.6268250942230225
v 6.2994608879089355 -2.3977510929107666 17.273174285888672
v 6.2994608879089355 -23.221769332885742 17.151174545288086
v 6.2994608879089355 -23.227521896362305 2.7829630374908447
v 6.2994608879089355 -16.361967086791992 8.817976951599121
v 6.2994608879089355 10.321708679199219 9.949999809265137
v 6.2994608879089355 -19.5742244720459 3.2399260997772217
v 6.2994608879089355 -19.5742244720459 16.66007423400879
v 6.2994608879089355 -4.575858116149902 6.256503105163574
v 6.2994608879089355 -4.575858116149902 13.643497467041016
v 6.2994608879089355 3.631777048110962 17.14682960510254
v 6.2994608879089355 3.631777048110962 2.753170967102051
v 6.2994608879089355 -21.033655166625977 12.314312934875488
v 6.2994608879089355 -18.45244789123535 5.724350929260254
v 6.2994608879089355 -18.45164680480957 14.175893783569336
v 6.2994608879089355 -26.86031150817871 18.809497833251953
v 6.2994608879089355 -26.89444351196289 1.0703439712524414
v 6.2994608879089355 8.967253684997559 5.731036186218262
v 6.2994608879089355 8.967253684997559 14.168964385986328
v 6.2994608879089355 -18.014053344726562 10.347082138061523
v 6.2994608879089355 9.235337257385254 3.95182204246521
v 6.2994608879089355 9.235337257385254 15.9481782913208
v 6.2994608879089355 -25.37384605407715 2.7632570266723633
v 6.2994608879089355 -27.104183197021484 10.930500984191895
v 6.2994608879089355 -2.4989030361175537 6.501299858093262
v 6.2994608879089355 -2.4989030361175537 13.398699760437012
v 6.2994608879089355 -1.1868300437927246 13.515646934509277
v 6.2994608879089355 -1.1868300437927246 6.384353160858154
v 6.2994608879089355 -3.5839920043945312 15.34249210357666
v 6.2994608879089355 -3.5839920043945312 4.5575079917907715
v 6.2994608879089355 1.2894059419631958 6.39762020111084
v 6.2994608879089355 1.2894059419631958 13.50238037109375
v 6.2994608879089355 -11.190488815307617 4.811869144439697
v 6.2994608879089355 -11.190488815307617 15.088130950927734
v 6.2994608879089355 12.242842674255371 10.53787612915039
v 6.2994608879089355 12.282708168029785 9.43709659576416
v 6.2994608879089355 -9.624154090881348 6.2083611488342285
v 6.2994608879089355 -9.624154090881348 13.691638946533203
v 6.2994608879089355 -24.854827880859375 11.076391220092773
v 6.2994608879089355 -23.700820922851562 10.520624160766602
v 6.2994608879089355 -7.861991882324219 5.113777160644531
v 6.2994608879089355 -7.861991882324219 14.786223411560059
v 6.2994608879089355 -7.588628768920898 6.4174089431762695
v 6.2994608879089355 -7.588628768920898 13.482590675354004
v 6.2994608879089355 12.286334991455078 12.27567195892334
v 6.2994608879089355 12.286334991455078 7.624328136444092
v 6.2994608879089355 7.1088948249816895 6.431669235229492
v 6.2994608879089355 7.1088948249816895 13.468331336975098
v 6.2994608879089355 -6.752843856811523 16.920642852783203
v 6.2994608879089355 -6.752843856811523 2.9793570041656494
v 6.2994608879089355 2.975192070007324 15.063384056091309
v 6.2994608879089355 2.975192070007324 4.836616039276123
v 6.2994608879089355 2.3278229236602783 6.549822807312012
v 6.2994608879089355 2.3278229236602783 13.350176811218262
v 6.2994608879089355 -21.42367172241211 2.3641490936279297
v 6.2994608879089355 -21.42367172241211 17.535850524902344
v 6.2994608879089355 9.478795051574707 12.327889442443848
v 6.2994608879089355 9.478795051574707 7.572111129760742
v 6.2994608879089355 -6.598810195922852 1.0028870105743408
v 6.2994608879089355 -6.598810195922852 18.897113800048828
v 6.2994608879089355 -1.241170048713684 1.1111739873886108
v 6.2994608879089355 -1.241170048713684 18.78882598876953
v 6.2994608879089355 -4.232077121734619 0.9951350092887878
v 6.2994608879089355 -4.232077121734619 18.904865264892578
v 6.2994608879089355 -22.951061248779297 12.247892379760742
v 6.2994608879089355 -20.330764770507812 0.8830329775810242
v 6.2994608879089355 -20.330764770507812 19.0169677734375
v 6.2994608879089355 -21.449810028076172 10.490216255187988
v 6.2994608879089355 -16.565587997436523 0.9385010004043579
v 6.2994608879089355 -16.565587997436523 18.961498260498047
v 6.2994608879089355 -11.09248161315918 17.184452056884766
v 6.2994608879089355 -11.09248161315918 2.715548038482666
v 6.2994608879089355 -14.113322257995605 0.971517026424408
v 6.2994608879089355 -14.113322257995605 18.928482055664062
v 6.2994608879089355 -16.274261474609375 11.154060363769531
v 6.2994608879089355 6.90109920501709 4.755002021789551
v 6.2994608879089355 6.90109920501709 15.144997596740723
v 6.2994608879089355 -28.650291442871094 9.533068656921387
v 6.2994608879089355 -7.679282188415527 0.9152770042419434
v 6.2994608879089355 -7.679282188415527 18.984722137451172
v 6.2994608879089355 -17.281375885009766 2.61395001411438
v 6.2994608879089355 -17.281375885009766 17.28605079650879
v 6.2994608879089355 -20.55586051940918 4.758827209472656
v 6.2994608879089355 -20.55586051940918 15.141173362731934
v 6.2994608879089355 -16.403478622436523 16.711027145385742
v 6.2994608879089355 -16.403478622436523 3.1889729499816895
v 6.2994608879089355 -21.326099395751953 15.816200256347656
v 6.2994608879089355 -21.357349395751953 4.0880842208862305
v 6.2994608879089355 -26.93103790283203 14.754033088684082
v 6.2994608879089355 10.9990873336792 9.012895584106445
v 6.2994608879089355 10.9990873336792 10.887104034423828
v 6.2994608879089355 -27.116783142089844 8.746655464172363
v 6.2994608879089355 -0.5982720255851746 14.665223121643066
v 6.2994608879089355 -0.5982720255851746 5.234776973724365
v 6.2994608879089355 -25.586191177368164 17.226581573486328
v 6.2994608879089355 0.8904510140419006 5.142333030700684
v 6.2994608879089355 0.8904510140419006 14.75766658782959
v 6.2994608879089355 -2.6058590412139893 4.690136909484863
v 6.2994608879089355 -2.6058590412139893 15.20986270904541
v 6.2994608879089355 -28.763328552246094 15.546875
v 6.2994608879089355 0.9026280045509338 18.974552154541016
v 6.2994608879089355 0.9026280045509338 0.9254469871520996
v 6.2994608879089355 10.580182075500488 4.699770927429199
v 6.2994608879089355 10.580182075500488 15.200228691101074
v 6.2994608879089355 -21.915874481201172 14.033095359802246
v 6.2994608879089355 -21.956771850585938 5.916708946228027
v 6.2994608879089355 -4.294467926025391 2.6136059761047363
v 6.2994608879089355 -4.294467926025391 17.286394119262695
v 6.2994608879089355 -11.556502342224121 1.0543529987335205
v 6.2994608879089355 -11.556502342224121 18.84564781188965
v 6.2994608879089355 -28.601530075073242 1.0092220306396484
v 6.2994608879089355 -28.601530075073242 18.890777587890625
v 6.2994608879089355 -6.015940189361572 4.893968105316162
v 6.2994608879089355 -6.015940189361572 15.00603199005127
v 6.2994608879089355 -17.371191024780273 8.4636812210083
v 6.2994608879089355 -8.969804763793945 15.056685447692871
v 6.2994608879089355 -8.969804763793945 4.843315124511719
v 6.2994608879089355 12.235803604125977 14.42920970916748
v 6.2994608879089355 12.235803604125977 5.470789909362793
v 6.2994608879089355 -26.876949310302734 15.87447738647461
v 6.2994608879089355 6.918307781219482 0.8958020210266113
v 6.2994608879089355 6.918307781219482 19.00419807434082
v 6.2994608879089355 -20.791034698486328 8.659425735473633
v 6.2994608879089355 -23.841020584106445 5.0796799659729
v 6.2994608879089355 -23.70670509338379 14.9522066116333
v 6.2994608879089355 -28.794736862182617 11.822858810424805
v 6.2994608879089355 -25.461193084716797 4.836091995239258
v 6.2994608879089355 -3.203942060470581 0.8971660137176514
v 6.2994608879089355 -3.203942060470581 19.00283432006836
v 6.2994608879089355 -18.089616775512695 6.632080078125
v 6.2994608879089355 -18.07946014404297 13.271018981933594
v 6.2994608879089355 9.116592407226562 1.6033190488815308
v 6.2994608879089355 9.116592407226562 18.296680450439453
v 6.2994608879089355 -24.945310592651367 0.9812399744987488
v 6.2994608879089355 -24.932178497314453 18.946266174316406
v 6.2994608879089355 3.187798023223877 0.8599820137023926
v 6.2994608879089355 3.187798023223877 19.04001808166504
v 6.2994608879089355 -25.558244705200195 10.366377830505371
v 6.2994608879089355 -24.438003540039062 3.343393087387085
v 6.2994608879089355 -6.23262882232666 1.944601058959961
v 6.2994608879089355 -6.23262882232666 17.955398559570312
v 6.2994608879089355 -12.891292572021484 5.15978479385376
v 6.2994608879089355 -12.891292572021484 14.740215301513672
v 6.2994608879089355 -5.306889057159424 4.117471218109131
v 6.2994608879089355 -5.306889057159424 15.7825288772583
v 6.2994608879089355 -18.772655487060547 7.423680782318115
v 6.2994608879089355 -18.647443771362305 12.321907043457031
v 6.2994608879089355 -17.008995056152344 11.675692558288574
v 6.2994608879089355 -24.51352882385254 15.528658866882324
v 6.2994608879089355 -13.50810718536377 3.3299639225006104
v 6.2994608879089355 -13.50810718536377 16.570035934448242
v 6.2994608879089355 -26.90250015258789 2.165666103363037
v 6.2994608879089355 -26.967832565307617 17.778995513916016
v 6.2994608879089355 10.81002140045166 2.6026721000671387
v 6.2994608879089355 10.81002140045166 17.29732894897461
v 6.2994608879089355 -24.74195671081543 12.052894592285156
v 6.2994608879089355 -13.795363426208496 6.90915584564209
v 6.2994608879089355 -13.795363426208496 12.990843772888184
v 6.2994608879089355 -12.256918907165527 6.566813945770264
v 6.2994608879089355 -12.256918907165527 13.333186149597168
v 6.2994608879089355 -18.18260383605957 9.299210548400879
v 6.2994608879089355 -28.771177291870117 6.7556681632995605
v 6.2994608879089355 -7.790424823760986 17.22964096069336
v 6.2994608879089355 -7.790424823760986 2.670358896255493
v 6.2994608879089355 -24.74027442932129 13.668864250183105
v 6.2994608879089355 -28.864147186279297 4.353125095367432
v 6.2994608879089355 -19.773941040039062 4.322297096252441
v 6.2994608879089355 -19.773941040039062 15.577703475952148
v 6.2994608879089355 -27.423749923706055 12.67146110534668
v 6.2994608879089355 -28.744577407836914 17.864831924438477
v 6.2994608879089355 -3.488523006439209 16.993003845214844
v 6.2994608879089355 -3.488523006439209 2.906996965408325
v 6.2994608879089355 -24.563135147094727 9.034806251525879
v 6.2994608879089355 -9.434083938598633 18.95783042907715
v 6.2994608879089355 -9.434083938598633 0.9421690106391907
v 6.2994608879089355 4.05578088760376 6.483619213104248
v 6.2994608879089355 4.05578088760376 13.416380882263184
v 6.2994608879089355 -20.797407150268555 3.0713419914245605
v 6.2994608879089355 -20.79368782043457 16.82916831970215
v 6.2994608879089355 -28.843761444091797 1.9145760536193848
v 6.2994608879089355 -19.794178009033203 6.928614139556885
v 6.2994608879089355 -19.797359466552734 12.9417724609375
v 6.2994608879089355 -22.962894439697266 13.313291549682617
v 6.2994608879089355 8.71843433380127 4.775829792022705
v 6.2994608879089355 8.71843433380127 15.124170303344727
v 6.2994608879089355 -3.624454975128174 6.670232772827148
v 6.2994608879089355 -3.624454975128174 13.229766845703125
v 6.2994608879089355 -27.447765350341797 3.1397409439086914
v 6.2994608879089355 11.055892944335938 7.928701877593994
v 6.2994608879089355 11.055892944335938 11.971298217773438
v 6.2994608879089355 -24.580291748046875 4.371424198150635
v 6.2994608879089355 -27.378896713256836 7.86623477935791
v 6.2994608879089355 11.334877967834473 6.163599014282227
v 6.2994608879089355 11.334877967834473 13.736400604248047
v 6.2994608879089355 -17.834095001220703 11.410602569580078
v 6.2994608879089355 -22.813295364379883 0.7756369709968567
v 6.2994608879089355 -22.81401252746582 19.1224308013916
v 6.2994608879089355 8.728841781616211 7.281766891479492
v 6.2994608879089355 8.728841781616211 12.618232727050781
v 6.2994608879089355 -27.765363693237305 19.13188362121582
v 6.2994608879089355 -27.76862335205078 0.7770820260047913
v 6.2994608879089355 -22.815757751464844 8.814840316772461
v 6.2994608879089355 -24.491392135620117 6.178938865661621
v 6.2994608879089355 -22.095077514648438 11.992207527160645
v 6.2994608879089355 -20.695594787597656 11.41907024383545
v 6.2994608879089355 -21.681026458740234 9.35968017578125
v 6.2994608879089355 3.8467860221862793 5.249860763549805
v 6.2994608879089355 3.8467860221862793 14.650138854980469
v 6.2994608879089355 -12.245099067687988 4.704442024230957
v 6.2994608879089355 -12.245099067687988 15.195557594299316
v 6.2994608879089355 -22.80856704711914 6.691318988800049
v 6.2994608879089355 -7.119297027587891 4.3245720863342285
v 6.2994608879089355 -7.119297027587891 15.575428009033203
v 6.2994608879089355 -19.044893264770508 17.750890731811523
v 6.2994608879089355 -19.044893264770508 2.1491100788116455
v 6.2994608879089355 10.146716117858887 7.088589191436768
v 6.2994608879089355 10.146716117858887 12.811410903930664
v 6.2994608879089355 -6.597690105438232 6.548724174499512
v 6.2994608879089355 -6.597690105438232 13.351276397705078
v 6.2994608879089355 -25.99213218688965 16.29212188720703
v 6.2994608879089355 -28.73347282409668 7.756659030914307
v 6.2994608879089355 -8.711921691894531 13.161215782165527
v 6.2994608879089355 -8.711921691894531 6.738783836364746
v 6.2994608879089355 -19.293603897094727 10.620253562927246
v 6.2994608879089355 -19.803861618041992 9.916056632995605
v 6.2994608879089355 6.258648872375488 13.152241706848145
v 6.2994608879089355 6.258648872375488 6.747757911682129
v 6.2994608879089355 -25.636796951293945 12.03335189819336
v 6.2994608879089355 -26.399887084960938 10.305838584899902
v 6.2994608879089355 9.918556213378906 8.984713554382324
v 6.2994608879089355 9.918556213378906 10.91528606414795
v 6.2994608879089355 -27.77887725830078 6.2029709815979
v 6.2994608879089355 12.634071350097656 11.301751136779785
v 6.2994608879089355 12.642044067382812 8.613243103027344
v 6.2994608879089355 -27.827739715576172 5.033130168914795
v 6.2994608879089355 -16.8315372467041 4.229592800140381
v 6.2994608879089355 -16.83116912841797 15.67051887512207
v 6.2994608879089355 -17.809823989868164 15.757234573364258
v 6.2994608879089355 -17.80986213684082 4.142776012420654
v 6.2994608879089355 -24.21851921081543 16.64434814453125
v 6.2994608879089355 -26.077821731567383 13.113484382629395
v 6.2994608879089355 -4.640049934387207 1.855478048324585
v 6.2994608879089355 -4.640049934387207 18.04452133178711
v 6.2994608879089355 -23.868877410888672 13.95058822631836
v 6.2994608879089355 -16.46417999267578 13.039493560791016
v 6.2994608879089355 -16.484804153442383 6.809929847717285
v 6.2994608879089355 4.738193988800049 3.159151077270508
v 6.2994608879089355 4.738193988800049 16.740848541259766
v 6.2994608879089355 0.7279210090637207 16.867887496948242
v 6.2994608879089355 0.7279210090637207 3.0321130752563477
v 6.2994608879089355 2.006558895111084 15.263364791870117
v 6.2994608879089355 2.006558895111084 4.636634826660156
v 6.2994608879089355 -24.856557846069336 7.693396091461182
v 6.2994608879089355 -14.448025703430176 4.601646900177002
v 6.2994608879089355 -14.448025703430176 15.29835319519043
v 6.2994608879089355 -23.5594539642334 18.033283233642578
v 6.2994608879089355 -23.5594539642334 1.8667160272598267
v 6.2994608879089355 -20.859882354736328 5.535915851593018
v 6.2994608879089355 -20.847434997558594 14.337424278259277
v 6.2994608879089355 -25.987564086914062 7.258275985717773
v 6.2994608879089355 -22.238143920898438 17.58892250061035
v 6.2994608879089355 -22.238964080810547 2.3159549236297607
v 6.2994608879089355 -11.981825828552246 2.7803399562835693
v 6.2994608879089355 -11.981825828552246 17.119659423828125
v 6.2994608879089355 12.107335090637207 15.32271957397461
v 6.2994608879089355 12.107335090637207 4.577280044555664
v 6.2994608879089355 9.57009506225586 3.1309380531311035
v 6.2994608879089355 9.57009506225586 16.769062042236328
v 6.2994608879089355 0.0742340013384819 17.559249877929688
v 6.2994608879089355 0.0742340013384819 2.3407509326934814
v 6.2994608879089355 11.342741966247559 3.2530078887939453
v 6.2994608879089355 11.342741966247559 16.646991729736328
v 6.2994608879089355 -10.92792797088623 18.048439025878906
v 6.2994608879089355 -10.92792797088623 1.8515609502792358
v 6.393124103546143 -37.78670883178711 0.0
v -93.87693786621094 -37.70397186279297 0.0
v 8.084856033325195 -34.97489547729492 0.0
v 3.664051055908203 -39.39570236206055 0.0
v -91.06513214111328 -39.39570236206055 0.0
v -95.48593139648438 -34.97489547729492 0.0
v 0.8396689891815186 -40.03929138183594 0.0
v -88.2407455444336 -40.03929138183594 0.0
v -96.12854766845703 -32.14931869506836 0.0
v 8.727471351623535 -32.14931869506836 0.0
v -85.08289337158203 -40.10425567626953 0.0
v -2.318186044692993 -40.10425567626953 0.0
v -96.19699096679688 -28.98961639404297 0.0
v 8.795913696289062 -28.98961639404297 0.0
v -82.55372619628906 -40.09912872314453 0.0
v -4.663992881774902 -40.10929870605469 0.0
v -96.2021713256836 -26.620269775390625 0.0
v 8.80109691619873 -26.620269775390625 0.0
v -44.31888961791992 -40.05781173706055 0.0
v -40.70342254638672 -40.13493347167969 0.0
v -47.9329719543457 -40.1349983215332 0.0
v -36.99748229980469 -40.13512420654297 0.0
v -51.63890838623047 -40.13518524169922 0.0
v -33.280216217041016 -40.245845794677734 0.0
v -55.356170654296875 -40.24577331542969 0.0
v -29.585603713989258 -40.085052490234375 0.0
v -59.0507926940918 -40.08498001098633 0.0
v -25.879657745361328 -40.08483123779297 0.0
v -62.756736755371094 -40.08475875854492 0.0
v -22.173709869384766 -40.084617614746094 0.0
v -66.46268463134766 -40.08454513549805 0.0
v -18.46776008605957 -40.084407806396484 0.0
v -70.16863250732422 -40.0843391418457 0.0
v -14.761809349060059 -40.08420181274414 0.0
v -73.87458801269531 -40.084136962890625 0.0
v -10.958331108093262 -40.14765167236328 0.0
v -77.81832122802734 -40.10441589355469 0.0
v -96.13728332519531 3.272974967956543 0.0
v 8.73620319366455 3.272974967956543 0.0
v -96.2253646850586 -0.3432289958000183 0.0
v 8.824283599853516 -0.3432289958000183 0.0
v -96.33467102050781 -4.0802178382873535 0.0
v 8.933591842651367 -4.0802178382873535 0.0
v -96.17543029785156 -7.791584014892578 0.0
v 8.774351119995117 -7.791584014892578 0.0
v -96.17527770996094 -11.515764236450195 0.0
v 8.77419662475586 -11.515764236450195 0.0
v -96.17512512207031 -15.239946365356445 0.0
v 8.774046897888184 -15.239946365356445 0.0
v -96.17498016357422 -18.964128494262695 0.0
v 8.773898124694824 -18.964128494262695 0.0
v -96.17737579345703 -22.6859188079834 0.0
v 8.776300430297852 -22.6859188079834 0.0
v -8.82450008392334 -39.915916442871094 0.0
v -80.12004089355469 -40.014686584472656 0.0
v 5.8066887855529785 -39.849037170410156 0.0
v -93.28006744384766 -39.986324310302734 0.0
v 8.675479888916016 -37.18983459472656 0.0
v -95.93927001953125 -37.11753463745117 0.0
v 6.1382060050964355 -35.75616455078125 0.0
v 4.416790962219238 -37.49858474731445 0.0
v -93.58882141113281 -35.727638244628906 0.0
v -91.84645080566406 -37.44900131225586 0.0
v 7.697978973388672 -39.00882339477539 0.0
v -95.09906005859375 -39.00882339477539 0.0
v -75.81826782226562 -40.67288589477539 0.0
v -12.818103790283203 -40.67290115356445 0.0
v -72.11238861083984 -40.672935485839844 0.0
v -16.52398681640625 -40.67295455932617 0.0
v -68.40650177001953 -40.672996520996094 0.0
v -20.229867935180664 -40.67301940917969 0.0
v -42.465301513671875 -39.54694366455078 0.0
v -46.17103958129883 -39.54692077636719 0.0
v -64.70062255859375 -40.67306900024414 0.0
v -23.935749053955078 -40.673095703125 0.0
v -38.75944900512695 -39.546836853027344 0.0
v -49.876922607421875 -39.546791076660156 0.0
v -60.99474334716797 -40.67314910888672 0.0
v -27.641630172729492 -40.673179626464844 0.0
v -35.053565979003906 -39.54670715332031 0.0
v -53.58280563354492 -39.54666519165039 0.0
v -57.28886032104492 -40.673240661621094 0.0
v -31.34751319885254 -40.67327117919922 0.0
v -96.75657653808594 -20.92070770263672 0.0
v 9.35549545288086 -20.92070770263672 0.0
v -96.75662994384766 -17.196569442749023 0.0
v 9.355551719665527 -17.196569442749023 0.0
v 9.355613708496094 -13.472432136535645 0.0
v -96.7566909790039 -13.472432136535645 0.0
v -95.6438980102539 1.4242340326309204 0.0
v 8.242819786071777 1.4242340326309204 0.0
v -96.75675964355469 -9.748294830322266 0.0
v 9.355680465698242 -9.748294830322266 0.0
v 8.2427339553833 -2.2999041080474854 0.0
v -95.64381408691406 -2.2999041080474854 0.0
v 9.35575008392334 -6.0241570472717285 0.0
v -96.75682830810547 -6.0241570472717285 0.0
v 9.429969787597656 -24.595041275024414 0.0
v -96.83104705810547 -24.595041275024414 0.0
v -86.72254943847656 -39.28916931152344 0.0
v -0.6785280108451843 -39.28916931152344 0.0
v -95.37842559814453 -30.63083267211914 0.0
v 7.977348804473877 -30.63083267211914 0.0
v 2.66182804107666 -40.9107551574707 0.0
v -90.06290435791016 -40.9107551574707 0.0
v -97.0005111694336 -33.97062301635742 0.0
v 9.599433898925781 -33.97062301635742 0.0
v -6.659151077270508 -39.3714714050293 0.0
v 2.1885409355163574 -38.49606704711914 0.0
v -89.57713317871094 -38.504512786865234 0.0
v -94.58638000488281 -33.499141693115234 0.0
v 7.193815231323242 -33.48662185668945 0.0
v 4.504518032073975 -40.84932327270508 0.0
v -91.87494659423828 -40.85784149169922 0.0
v 9.546995162963867 -35.78471374511719 0.0
v -96.93954467773438 -35.815242767333984 0.0
v -0.832506000995636 -40.988712310791016 0.0
v -86.56857299804688 -40.988712310791016 0.0
v -97.090576171875 -30.409940719604492 0.0
v 9.689495086669922 -30.409940719604492 0.0
v -95.25527954101562 4.669916152954102 0.0
v 7.854197978973389 4.669916152954102 0.0
v 9.732096672058105 4.573324203491211 0.0
v -97.1331787109375 4.573324203491211 0.0
v -83.80642700195312 -39.11731719970703 0.0
v -3.5946478843688965 -39.11731719970703 0.0
v -95.20787048339844 -27.711198806762695 0.0
v 7.806796073913574 -27.711198806762695 0.0
v -83.80730438232422 -41.088226318359375 0.0
v -3.5937728881835938 -41.088226318359375 0.0
v 9.7832612991333 -27.711698532104492 0.0
v -97.18434143066406 -27.711698532104492 0.0
v -6.925746917724609 -40.99387741088867 0.0
v -53.03671646118164 -41.08073425292969 0.0
v -35.59967041015625 -41.080474853515625 0.0
v -49.33079147338867 -41.079952239990234 0.0
v -39.30559539794922 -41.07969665527344 0.0
v -45.6248664855957 -41.07918167114258 0.0
v -43.0115966796875 -41.07891082763672 0.0
v -31.56094741821289 -39.3995361328125 0.0
v -57.075443267822266 -39.399505615234375 0.0
v -28.187368392944336 -39.14175796508789 0.0
v -60.44908142089844 -39.14174270629883 0.0
v -24.481252670288086 -39.14171600341797 0.0
v -64.15519714355469 -39.141700744628906 0.0
v -20.77513313293457 -39.14167785644531 0.0
v -67.86132049560547 -39.141666412353516 0.0
v -17.06900978088379 -39.14164733886719 0.0
v -71.56744384765625 -39.14163589477539 0.0
v -13.36288070678711 -39.14161682128906 0.0
v -75.27357482910156 -39.14160919189453 0.0
v -95.23612976074219 -24.098703384399414 0.0
v 7.835054874420166 -24.098703384399414 0.0
v -9.689042091369629 -41.10872268676758 0.0
v -78.94371032714844 -41.109222412109375 0.0
v -97.17353057861328 -1.74270498752594 0.0
v 9.77245044708252 -1.74270498752594 0.0
v 9.771916389465332 1.9814610481262207 0.0
v -97.1729965209961 1.9814610481262207 0.0
v -95.22869110107422 -5.467051982879639 0.0
v 7.827616214752197 -5.467051982879639 0.0
v -95.2286605834961 -9.1913423538208 0.0
v 7.827579975128174 -9.1913423538208 0.0
v -95.22862243652344 -12.915634155273438 0.0
v 7.827548027038574 -12.915634155273438 0.0
v -95.22859954833984 -16.639928817749023 0.0
v 7.827517032623291 -16.639928817749023 0.0
v -95.22856903076172 -20.36422348022461 0.0
v 7.827487945556641 -20.36422348022461 0.0
v -9.616469383239746 -39.113563537597656 0.0
v -81.2599868774414 -41.07664489746094 0.0
v -81.37348937988281 -39.026405334472656 0.0
v -78.96381378173828 -38.965850830078125 0.0
v 4.8270111083984375 -36.12944793701172 0.0
v -92.21969604492188 -36.13784408569336 0.0
v 4.783277988433838 -38.77384567260742 0.0
v -94.86408233642578 -36.09413146972656 0.0
v 7.187564849853516 -36.71230697631836 0.0
v -92.80254364013672 -38.4984016418457 0.0
v 0.6406620144844055 -38.39085388183594 0.0
v -88.04174041748047 -38.39085388183594 0.0
v 3.131895065307617 -37.676448822021484 0.0
v -90.61385345458984 -37.670249938964844 0.0
v -93.7667007446289 -34.442657470703125 0.0
v 6.359474182128906 -34.52349090576172 0.0
v 7.079559803009033 -31.950519561767578 0.0
v -94.48063659667969 -31.950519561767578 0.0
v -54.48246383666992 -41.202232360839844 0.0
v -34.154090881347656 -41.20205307006836 0.0
v -50.78706359863281 -41.200233459472656 0.0
v -37.849609375 -41.20008087158203 0.0
v -47.08028030395508 -41.19977569580078 0.0
v -41.55641555786133 -41.199615478515625 0.0
v 9.887040138244629 -3.1945719718933105 0.0
v -97.28811645507812 -3.1945719718933105 0.0
v -30.383811950683594 -39.06402587890625 0.0
v -58.25257110595703 -39.063995361328125 0.0
v -97.2885971069336 0.5218369960784912 0.0
v 9.887517929077148 0.5218369960784912 0.0
v -26.733285903930664 -39.02098846435547 0.0
v -61.90311050415039 -39.02096176147461 0.0
v -23.02733612060547 -39.02090835571289 0.0
v -65.60906219482422 -39.0208854675293 0.0
v 7.711615085601807 -6.925556182861328 0.0
v -95.1126937866211 -6.925556182861328 0.0
v -19.32138442993164 -39.02083206176758 0.0
v -69.31501007080078 -39.020809173583984 0.0
v -95.11258697509766 -10.649709701538086 0.0
v 7.7115068435668945 -10.649709701538086 0.0
v -15.615431785583496 -39.02075958251953 0.0
v 7.711399078369141 -14.373865127563477 0.0
v -95.11248016357422 -14.373865127563477 0.0
v -73.02096557617188 -39.02073669433594 0.0
v -95.11237335205078 -18.0980224609375 0.0
v 7.711291790008545 -18.0980224609375 0.0
v -11.911517143249512 -39.02180862426758 0.0
v -76.72541046142578 -39.015480041503906 0.0
v -95.1130599975586 -21.82248878479004 0.0
v 7.711979866027832 -21.82248878479004 0.0
v 0.3568679988384247 -41.29364013671875 0.0
v -87.75794982910156 -41.29364013671875 0.0
v -97.17567443847656 -31.88506317138672 0.0
v 9.774595260620117 -31.88506317138672 0.0
v 7.692377090454102 -25.540077209472656 0.0
v -95.09345245361328 -25.540077209472656 0.0
v 8.774689674377441 -38.64112854003906 0.0
v -94.73136138916016 -40.08553695678711 0.0
v 7.319954872131348 -40.065921783447266 0.0
v -96.15615844726562 -38.630802154541016 0.0
v -5.895876884460449 -41.44126892089844 0.0
v -85.01036834716797 -38.6183967590332 0.0
v -2.390712022781372 -38.6183967590332 0.0
v -94.7087173461914 -28.916553497314453 0.0
v 7.307638168334961 -28.916553497314453 0.0
v -2.266329050064087 -41.433048248291016 0.0
v -85.13475036621094 -41.433048248291016 0.0
v 10.11719036102295 -29.047510147094727 0.0
v -97.51827239990234 -29.047510147094727 0.0
v -76.99602508544922 -41.22038269042969 0.0
v -11.652445793151855 -41.22385025024414 0.0
v -73.361572265625 -41.07431411743164 0.0
v -15.275030136108398 -41.0743408203125 0.0
v -69.65499877929688 -41.074398040771484 0.0
v -18.98160171508789 -41.074424743652344 0.0
v -65.94843292236328 -41.074485778808594 0.0
v -22.68817138671875 -41.074520111083984 0.0
v -62.24186325073242 -41.0745849609375 0.0
v -26.394739151000977 -41.07461929321289 0.0
v -58.53529357910156 -41.07469177246094 0.0
v -30.101306915283203 -41.074729919433594 0.0
v -43.659908294677734 -38.9466438293457 0.0
v -41.22180938720703 -39.145423889160156 0.0
v -47.36901092529297 -38.97077941894531 0.0
v -56.1478271484375 -41.23667907714844 0.0
v -32.48860168457031 -41.23674774169922 0.0
v -37.561614990234375 -38.9706916809082 0.0
v -51.07469177246094 -38.970645904541016 0.0
v -33.896732330322266 -38.99482345581055 0.0
v -54.73957443237305 -38.99477767944336 0.0
v -97.16534423828125 -22.167194366455078 0.0
v 9.764265060424805 -22.167194366455078 0.0
v 9.761635780334473 -18.447450637817383 0.0
v -97.16271209716797 -18.447450637817383 0.0
v 9.761707305908203 -14.72284984588623 0.0
v -97.16278839111328 -14.72284984588623 0.0
v 9.761781692504883 -10.998249053955078 0.0
v -97.16285705566406 -10.998249053955078 0.0
v 9.761859893798828 -7.273650169372559 0.0
v -97.1629409790039 -7.273650169372559 0.0
v -95.03900146484375 2.619112968444824 0.0
v 7.6379218101501465 2.619112968444824 0.0
v -95.23783111572266 0.17651499807834625 0.0
v 7.836750030517578 0.17651499807834625 0.0
v 9.934024810791016 -4.86582088470459 0.0
v -97.3351058959961 -4.86582088470459 0.0
v 7.685914039611816 -3.458127975463867 0.0
v -95.08699035644531 -3.458127975463867 0.0
v 7.853268146514893 -1.0351510047912598 0.0
v -95.25434875488281 -1.0351510047912598 0.0
v 9.96286678314209 -8.556984901428223 0.0
v -97.36394500732422 -8.556984901428223 0.0
v 9.96286392211914 -12.281243324279785 0.0
v -97.36394500732422 -12.281243324279785 0.0
v 9.962867736816406 -16.005502700805664 0.0
v -97.36394500732422 -16.005502700805664 0.0
v 10.02932071685791 -25.480327606201172 0.0
v -97.4303970336914 -25.480327606201172 0.0
v 9.962879180908203 -19.72976303100586 0.0
v -97.36396026611328 -19.72976303100586 0.0
v -52.28902816772461 -39.21887969970703 0.0
v -36.347347259521484 -39.21884536743164 0.0
v -48.58313751220703 -39.218780517578125 0.0
v -40.01590347290039 -39.15949249267578 0.0
v -44.89238739013672 -39.20216369628906 0.0
v -28.822959899902344 -41.2818603515625 0.0
v -59.813472747802734 -41.2818603515625 0.0
v -25.116901397705078 -41.281864166259766 0.0
v -63.51953125 -41.2818717956543 0.0
v -21.410837173461914 -41.281883239746094 0.0
v -67.22559356689453 -41.28189468383789 0.0
v -17.70477294921875 -41.28192138671875 0.0
v -70.9316635131836 -41.28193664550781 0.0
v -13.998702049255371 -41.28197479248047 0.0
v -74.63773345947266 -41.2819938659668 0.0
v -44.31853103637695 -41.093971252441406 0.0
v -93.03010559082031 -41.13570785522461 0.0
v 5.679409980773926 -41.08882141113281 0.0
v 9.824859619140625 -36.93987274169922 0.0
v -97.1790542602539 -36.99024963378906 0.0
v 9.87734317779541 3.4323790073394775 0.0
v -97.2784194946289 3.4323790073394775 0.0
v -7.833745956420898 -38.92759323120117 0.0
v -5.483059883117676 -38.96415710449219 0.0
v -8.392268180847168 -41.42556381225586 0.0
v -97.38311004638672 -23.434490203857422 0.0
v 9.982028007507324 -23.434490203857422 0.0
v -82.59078216552734 -41.567222595214844 0.0
v 2.6117119789123535 -39.63876724243164 0.0
v -90.02501678466797 -39.61403274536133 0.0
v 8.302885055541992 -33.934059143066406 0.0
v -95.72865295410156 -33.92186737060547 0.0
v -93.9486312866211 -38.92966842651367 0.0
v 7.618823051452637 -37.8583984375 0.0
v -94.97587585449219 -38.013160705566406 0.0
v 6.702314853668213 -38.88564682006836 0.0
v -82.74271392822266 -38.6488151550293 0.0
v -80.14815521240234 -38.645511627197266 0.0
v 5.761837005615234 -36.883056640625 0.0
v -92.97329711914062 -37.07267761230469 0.0
v -80.14027404785156 -41.59001541137695 0.0
v 1.743224024772644 -41.619911193847656 0.0
v -89.14430236816406 -41.619911193847656 0.0
v 10.231287002563477 -33.02389144897461 0.0
v -97.63236236572266 -33.02389144897461 0.0
v 8.464130401611328 -36.01498031616211 0.0
v -92.10520935058594 -39.77497482299805 0.0
v -94.96307373046875 -22.988595962524414 0.0
v 7.561995983123779 -22.988595962524414 0.0
v -74.1742935180664 -38.87013244628906 0.0
v -14.462109565734863 -38.87013626098633 0.0
v -70.46832275390625 -38.870147705078125 0.0
v -18.16807746887207 -38.87015151977539 0.0
v -66.76235961914062 -38.87016677856445 0.0
v -21.87404441833496 -38.87017059326172 0.0
v -63.056392669677734 -38.87018585205078 0.0
v -25.58000946044922 -38.87019348144531 0.0
v -59.35136032104492 -38.831363677978516 0.0
v -29.2850399017334 -38.83135986328125 0.0
v -94.96039581298828 -19.262502670288086 0.0
v 7.559313774108887 -19.262502670288086 0.0
v 7.559336185455322 -15.538312911987305 0.0
v -94.96041870117188 -15.538312911987305 0.0
v -94.96044158935547 -11.814125061035156 0.0
v 7.559360027313232 -11.814125061035156 0.0
v -94.96046447753906 -8.089938163757324 0.0
v 7.559383869171143 -8.089938163757324 0.0
v -51.94131851196289 -41.35194778442383 0.0
v -36.695499420166016 -41.351715087890625 0.0
v -40.40272903442383 -41.351016998291016 0.0
v -48.234100341796875 -41.351253509521484 0.0
v -97.4415054321289 -0.6431649923324585 0.0
v 10.040430068969727 -0.6431649923324585 0.0
v 3.7155508995056152 -41.55355453491211 0.0
v -91.11225128173828 -41.554771423339844 0.0
v -97.64388275146484 -35.025638580322266 0.0
v 10.244025230407715 -35.021278381347656 0.0
v -10.583866119384766 -38.837158203125 0.0
v 7.341835975646973 -26.674070358276367 0.0
v -94.74291229248047 -26.674070358276367 0.0
v -0.18679000437259674 -40.20859909057617 0.0
v -87.21428680419922 -40.20859909057617 0.0
v 3.6879029273986816 -36.6988410949707 0.0
v -91.09099578857422 -36.702701568603516 0.0
v 5.391930103302002 -35.0006103515625 0.0
v -92.78913879394531 -34.998619079589844 0.0
v -96.29391479492188 -31.177827835083008 0.0
v 8.892836570739746 -31.177827835083008 0.0
v -95.90342712402344 -35.94597244262695 0.0
v 4.635128974914551 -39.813194274902344 0.0
v -77.78477478027344 -38.62978744506836 0.0
v -4.607776165008545 -41.58915328979492 0.0
v 7.244525909423828 -35.449623107910156 0.0
v -91.5399169921875 -38.55533218383789 0.0
v 5.414646148681641 -37.90150451660156 0.0
v -93.99173736572266 -36.72549057006836 0.0
v 3.800481081008911 -38.42328643798828 0.0
v -94.51351165771484 -35.11128616333008 0.0
v -94.92005157470703 3.7083818912506104 0.0
v 7.5189738273620605 3.7083818912506104 0.0
v 1.4035309553146362 -37.910003662109375 0.0
v -88.80355072021484 -37.91072463989258 0.0
v 6.5998148918151855 -32.713104248046875 0.0
v -94.00016784667969 -32.714168548583984 0.0
v -96.48059844970703 -34.89799499511719 0.0
v 9.082171440124512 -34.892730712890625 0.0
v 3.588170051574707 -40.38996505737305 0.0
v -90.98405456542969 -40.39252853393555 0.0
v -86.32939910888672 -38.40293884277344 0.0
v -1.0716780424118042 -38.40293884277344 0.0
v -94.49337768554688 -30.23918342590332 0.0
v 7.0922980308532715 -30.23918342590332 0.0
v -55.986820220947266 -38.92708969116211 0.0
v -32.6495475769043 -38.927120208740234 0.0
v 7.553441047668457 -4.446599006652832 0.0
v -94.95452117919922 -4.446599006652832 0.0
v -90.54743957519531 -38.70289993286133 0.0
v 7.392108917236328 -34.456947326660156 0.0
v 10.313302993774414 -26.776395797729492 0.0
v -97.7143783569336 -26.776395797729492 0.0
v -10.639274597167969 -41.61461639404297 0.0
v -78.0149154663086 -41.60593032836914 0.0
v -6.096697807312012 -40.18348693847656 0.0
v -84.0643539428711 -40.102657318115234 0.0
v -3.441788911819458 -40.103736877441406 0.0
v 8.795620918273926 -27.89185905456543 0.0
v -96.19670104980469 -27.89185905456543 0.0
v -78.96147155761719 -40.048545837402344 0.0
v -96.1989517211914 5.4467692375183105 0.0
v 8.797870635986328 5.4467692375183105 0.0
v 8.740172386169434 -25.206701278686523 0.0
v -96.14125061035156 -25.206701278686523 0.0
v -1.3209120035171509 -40.09882736206055 0.0
v -86.08016967773438 -40.09882736206055 0.0
v 8.335286140441895 -39.6442756652832 0.0
v -95.73450469970703 -39.6461296081543 0.0
v -4.477550029754639 -38.59128952026367 0.0
v -81.32681274414062 -40.05421447753906 0.0
v -54.40483093261719 -40.17219161987305 0.0
v -34.23149490356445 -40.172061920166016 0.0
v -50.69908905029297 -40.171810150146484 0.0
v -76.64012145996094 -40.04770278930664 0.0
v -37.93723678588867 -40.17168426513672 0.0
v -11.996232032775879 -40.047767639160156 0.0
v -72.93429565429688 -40.04790115356445 0.0
v -15.702054977416992 -40.04796600341797 0.0
v -69.22847747802734 -40.048099517822266 0.0
v -19.407880783081055 -40.04816818237305 0.0
v -65.52265167236328 -40.04830551147461 0.0
v -23.113706588745117 -40.048370361328125 0.0
v -46.993343353271484 -40.17143249511719 0.0
v -61.81681823730469 -40.04851150512695 0.0
v -26.819536209106445 -40.048580169677734 0.0
v -58.08533477783203 -40.05256652832031 0.0
v -30.551048278808594 -40.05262756347656 0.0
v -41.642974853515625 -40.171302795410156 0.0
v -96.18832397460938 -29.986324310302734 0.0
v 8.787246704101562 -29.986324310302734 0.0
v -96.25726318359375 -3.1308178901672363 0.0
v 8.856181144714355 -3.1308178901672363 0.0
v -96.25699615478516 0.5932250022888184 0.0
v 8.855918884277344 0.5932250022888184 0.0
v -96.14342498779297 -21.751548767089844 0.0
v 8.742342948913574 -21.751548767089844 0.0
v -96.14356231689453 -18.02744483947754 0.0
v 8.742484092712402 -18.02744483947754 0.0
v -96.14370727539062 -14.303340911865234 0.0
v 8.742626190185547 -14.303340911865234 0.0
v -96.14384460449219 -10.579235076904297 0.0
v 8.742769241333008 -10.579235076904297 0.0
v -96.14398956298828 -6.855128765106201 0.0
v 8.742913246154785 -6.855128765106201 0.0
v -8.818318367004395 -38.57968521118164 0.0
v -9.936116218566895 -39.90757369995117 0.0
v -90.10110473632812 -41.866943359375 0.0
v 2.7000229358673096 -41.866943359375 0.0
v -97.95764923095703 -34.008995056152344 0.0
v 10.556571006774902 -34.008995056152344 0.0
v -52.49775695800781 -40.26668167114258 0.0
v -36.13871383666992 -40.26657485961914 0.0
v -48.79158401489258 -40.266357421875 0.0
v -39.83742141723633 -40.25439453125 0.0
v -74.81903839111328 -40.03852844238281 0.0
v -13.817363739013672 -40.03854751586914 0.0
v -71.11306762695312 -40.03858947753906 0.0
v -17.523332595825195 -40.03860855102539 0.0
v -67.4071044921875 -40.03865432739258 0.0
v -45.06514358520508 -40.19601058959961 0.0
v -21.229299545288086 -40.03867721557617 0.0
v -63.70113754272461 -40.038726806640625 0.0
v -24.935264587402344 -40.038753509521484 0.0
v -59.931888580322266 -40.002620697021484 0.0
v -28.70452117919922 -40.00264358520508 0.0
v -56.42793273925781 -40.106449127197266 0.0
v -32.20844650268555 -40.10648727416992 0.0
v -43.432979583740234 -40.1280403137207 0.0
v 8.946633338928223 -1.2128310203552246 0.0
v -96.34770965576172 -1.2128310203552246 0.0
v -96.2149429321289 2.3432400226593018 0.0
v 8.813862800598145 2.3432400226593018 0.0
v -96.09689331054688 -19.848264694213867 0.0
v 8.695815086364746 -19.848264694213867 0.0
v -96.0969467163086 -16.124052047729492 0.0
v 8.695863723754883 -16.124052047729492 0.0
v -96.09699249267578 -12.399840354919434 0.0
v 8.695916175842285 -12.399840354919434 0.0
v -96.09705352783203 -8.675628662109375 0.0
v 8.695972442626953 -8.675628662109375 0.0
v -96.12196350097656 -4.976768970489502 0.0
v 8.720885276794434 -4.976768970489502 0.0
v -56.97021484375 -41.769474029541016 0.0
v 1.8522299528121948 -40.42752456665039 0.0
v -89.25331115722656 -40.42752456665039 0.0
v -31.666839599609375 -41.769344329833984 0.0
v -75.50856018066406 -41.77799606323242 0.0
v -96.17631530761719 -23.801952362060547 0.0
v 8.775237083435059 -23.801952362060547 0.0
v -13.128539085388184 -41.77785110473633 0.0
v -71.80050659179688 -41.77756118774414 0.0
v -16.836591720581055 -41.77742004394531 0.0
v -42.79889678955078 -38.447364807128906 0.0
v -46.50511169433594 -38.449462890625 0.0
v -38.42543029785156 -38.44944381713867 0.0
v -50.210914611816406 -38.449432373046875 0.0
v -34.725460052490234 -38.45287322998047 0.0
v -53.910884857177734 -38.45286178588867 0.0
v -68.09245300292969 -41.777137756347656 0.0
v -20.544641494750977 -41.77699661254883 0.0
v -64.38440704345703 -41.77671813964844 0.0
v -97.86373901367188 -20.599355697631836 0.0
v 10.462660789489746 -20.599355697631836 0.0
v -24.2526912689209 -41.77657699584961 0.0
v 10.462380409240723 -16.873754501342773 0.0
v -97.86345672607422 -16.873754501342773 0.0
v 10.457438468933105 -5.700572967529297 0.0
v -97.8585205078125 -5.700572967529297 0.0
v -60.67635726928711 -41.776302337646484 0.0
v -27.960737228393555 -41.77616500854492 0.0
v 10.462101936340332 -13.148155212402344 0.0
v -97.8631820678711 -13.148155212402344 0.0
v 9.101287841796875 -33.104042053222656 0.0
v -96.5034408569336 -33.103511810302734 0.0
v 10.461827278137207 -9.42255687713623 0.0
v -97.86290740966797 -9.42255687713623 0.0
v -94.53961181640625 1.7574739456176758 0.0
v 7.1385297775268555 1.7574739456176758 0.0
v 7.145071983337402 -2.627876043319702 0.0
v -94.54615020751953 -2.627876043319702 0.0
v -94.02286529541016 -40.93746566772461 0.0
v 9.62662124633789 -37.93263244628906 0.0
v 6.61461877822876 -40.8806037902832 0.0
v -96.97084045410156 -37.92546463012695 0.0
v 10.370133399963379 -36.0949592590332 0.0
v -92.185302734375 -41.680965423583984 0.0
v 4.825446128845215 -41.691165924072266 0.0
v -97.78140258789062 -36.13624572753906 0.0
v -7.455351829528809 -40.13631820678711 0.0
v 10.350460052490234 -24.36200523376465 0.0
v -97.75154113769531 -24.36200523376465 0.0
v -94.70220184326172 5.43353796005249 0.0
v 7.301122188568115 5.43353796005249 0.0
v 10.293110847473145 5.411922931671143 0.0
v -97.6941909790039 5.411922931671143 0.0
v -6.327037811279297 -38.48292922973633 0.0
v -88.76726531982422 -39.12666702270508 0.0
v 1.3662869930267334 -39.127803802490234 0.0
v 3.0584940910339355 -38.7391357421875 0.0
v -94.8293228149414 -34.36915588378906 0.0
v 7.8143510818481445 -32.67172622680664 0.0
v -95.21663665771484 -32.67178726196289 0.0
v -96.20037078857422 4.2673420906066895 0.0
v 8.799287796020508 4.2673420906066895 0.0
v 10.394644737243652 -4.016664028167725 0.0
v -97.79572296142578 -4.016664028167725 0.0
v -33.33056640625 -41.692020416259766 0.0
v -55.3061408996582 -41.69180679321289 0.0
v 2.196218967437744 -37.505496978759766 0.0
v -89.59933471679688 -37.55076217651367 0.0
v -93.5957260131836 -33.50697708129883 0.0
v 6.2399001121521 -33.509033203125 0.0
v 10.559483528137207 4.516759872436523 0.0
v -97.96056365966797 4.516759872436523 0.0
v -86.38963317871094 -41.88504409790039 0.0
v -1.0114480257034302 -41.88504409790039 0.0
v 10.607513427734375 -30.261821746826172 0.0
v -98.00859069824219 -30.261821746826172 0.0
v -85.84507751464844 -39.30271530151367 0.0
v -1.5560029745101929 -39.30271530151367 0.0
v -95.3931655883789 -29.75250244140625 0.0
v 7.992088794708252 -29.75250244140625 0.0
v -94.39220428466797 -0.43789300322532654 0.0
v 6.991121768951416 -0.43789300322532654 0.0
v -51.78925323486328 -38.306915283203125 0.0
v -36.84711456298828 -38.306907653808594 0.0
v -48.08338165283203 -38.30689239501953 0.0
v -40.6123046875 -38.29795837402344 0.0
v -44.379913330078125 -38.30638885498047 0.0
v 10.600981712341309 -7.827284812927246 0.0
v -98.00205993652344 -7.827284812927246 0.0
v 10.600034713745117 -11.552043914794922 0.0
v -98.00111389160156 -11.552043914794922 0.0
v -29.550451278686523 -41.913536071777344 0.0
v -94.72957611083984 -37.110496520996094 0.0
v 5.799650192260742 -38.639339447021484 0.0
v -59.08622741699219 -41.91307067871094 0.0
v 10.599096298217773 -15.276803016662598 0.0
v -98.00017547607422 -15.276803016662598 0.0
v -25.843645095825195 -41.91215133666992 0.0
v 10.598163604736328 -19.001562118530273 0.0
v -97.9992446899414 -19.001562118530273 0.0
v -62.79303741455078 -41.91169357299805 0.0
v -31.219440460205078 -38.51902389526367 0.0
v -57.41694259643555 -38.518985748291016 0.0
v -27.513530731201172 -38.5189094543457 0.0
v -61.12285232543945 -38.51887512207031 0.0
v -23.807619094848633 -38.518802642822266 0.0
v -64.82876586914062 -38.51876449584961 0.0
v -20.10170555114746 -38.51869583129883 0.0
v -68.53467559814453 -38.51865768432617 0.0
v -22.136838912963867 -41.91078186035156 0.0
v -16.395790100097656 -38.518585205078125 0.0
v -42.33671569824219 -41.70116424560547 0.0
v -72.24059295654297 -38.518550872802734 0.0
v -12.689871788024902 -38.51847839355469 0.0
v -75.9465103149414 -38.5184440612793 0.0
v -46.29988098144531 -41.701107025146484 0.0
v -38.63029479980469 -41.70096206665039 0.0
v -66.49983978271484 -41.91032791137695 0.0
v -50.0062370300293 -41.70089340209961 0.0
v -34.9239387512207 -41.70075988769531 0.0
v -53.71259689331055 -41.70069122314453 0.0
v -94.44190216064453 4.5686798095703125 0.0
v 7.040825843811035 4.5686798095703125 0.0
v -18.430030822753906 -41.909427642822266 0.0
v -70.20664978027344 -41.90898132324219 0.0
v 7.210148811340332 -6.147775173187256 0.0
v -94.6112289428711 -6.147775173187256 0.0
v -14.723220825195312 -41.9080924987793 0.0
v 7.210072994232178 -9.871930122375488 0.0
v -94.61115264892578 -9.871930122375488 0.0
v -94.61107635498047 -13.596087455749512 0.0
v 7.20999813079834 -13.596087455749512 0.0
v -94.61100006103516 -17.32024383544922 0.0
v 7.209922790527344 -17.32024383544922 0.0
v 7.209848880767822 -21.044403076171875 0.0
v -94.61093139648438 -21.044403076171875 0.0
v -73.91345977783203 -41.907649993896484 0.0
v -97.78943634033203 1.2998939752578735 0.0
v 10.388358116149902 1.2998939752578735 0.0
v 10.388224601745605 -2.424560070037842 0.0
v -97.789306640625 -2.424560070037842 0.0
v -94.604248046875 -24.75394058227539 0.0
v 7.203172206878662 -24.75394058227539 0.0
v -98.00017547607422 -22.711088180541992 0.0
v 10.59909439086914 -22.711088180541992 0.0
v -7.1914567947387695 -41.91440200805664 0.0
v -81.42422485351562 -41.95936584472656 0.0
v -96.49846649169922 -36.48990249633789 0.0
v 5.179074764251709 -40.408233642578125 0.0
v -41.829856872558594 -38.32679748535156 0.0
v -87.18115234375 -38.32405090332031 0.0
v -0.21992699801921844 -38.32405090332031 0.0
v 7.01278018951416 -31.09014320373535 0.0
v -94.41385650634766 -31.09014320373535 0.0
v -94.41697692871094 0.7856529951095581 0.0
v 7.01589822769165 0.7856529951095581 0.0
v -3.503170967102051 -41.97220230102539 0.0
v -83.89791107177734 -41.97220230102539 0.0
v -94.4451675415039 -1.652379035949707 0.0
v 7.04409122467041 -1.652379035949707 0.0
v -30.70223617553711 -41.89707565307617 0.0
v -57.93538284301758 -41.897430419921875 0.0
v -87.69462585449219 -39.22977066040039 0.0
v 0.29356199502944946 -39.22996139526367 0.0
v -26.992727279663086 -41.89852523803711 0.0
v -52.93083953857422 -38.39860534667969 0.0
v 10.585062026977539 -6.668067932128906 0.0
v -97.98613739013672 -6.668067932128906 0.0
v -35.705528259277344 -38.398597717285156 0.0
v -49.22566223144531 -38.39816665649414 0.0
v -39.402950286865234 -38.350257873535156 0.0
v -61.644893646240234 -41.89887619018555 0.0
v -7.1076250076293945 -38.370784759521484 0.0
v -45.52187728881836 -38.396095275878906 0.0
v 10.586028099060059 -10.394514083862305 0.0
v -97.98710632324219 -10.394514083862305 0.0
v -23.283100128173828 -41.89957809448242 0.0
v 9.131710052490234 -36.49307632446289 0.0
v -92.58330535888672 -40.44255447387695 0.0
v -65.35452270507812 -41.899932861328125 0.0
v 10.586742401123047 -14.121179580688477 0.0
v -97.98782348632812 -14.121179580688477 0.0
v -95.31867218017578 -31.611738204956055 0.0
v 7.917390823364258 -31.611726760864258 0.0
v -19.57347297668457 -41.900630950927734 0.0
v 10.587453842163086 -17.84784507751465 0.0
v -97.98853302001953 -17.84784507751465 0.0
v -69.06414794921875 -41.90098190307617 0.0
v 10.588440895080566 -21.573291778564453 0.0
v -97.98951721191406 -21.573291778564453 0.0
v -15.863844871520996 -41.901676177978516 0.0
v -98.06829833984375 -27.776973724365234 0.0
v 10.667216300964355 -27.776973724365234 0.0
v -72.77377319335938 -41.90202713012695 0.0
v -12.274931907653809 -41.8753776550293 0.0
v -3.553481101989746 -38.2378044128418 0.0
v -83.84759521484375 -38.2378044128418 0.0
v -76.36382293701172 -41.87532043457031 0.0
v -9.712482452392578 -38.29694747924805 0.0
v -94.32686614990234 -27.74823760986328 0.0
v 6.925789833068848 -27.74823760986328 0.0
v -78.9505386352539 -41.98714065551758 0.0
v -9.687381744384766 -41.98685836791992 0.0
v -97.86393737792969 -31.118921279907227 0.0
v 10.462859153747559 -31.118921279907227 0.0
v 6.393124103546143 -37.78670883178711 19.899999618530273
v -93.87693786621094 -37.70397186279297 19.899999618530273
v 8.084856033325195 -34.97489547729492 19.899999618530273
v 3.664051055908203 -39.39570236206055 19.899999618530273
v -91.06513214111328 -39.39570236206055 19.899999618530273
v -95.48593139648438 -34.97489547729492 19.899999618530273
v 0.8396689891815186 -40.03929138183594 19.899999618530273
v -88.2407455444336 -40.03929138183594 19.899999618530273
v -96.12854766845703 -32.14931869506836 19.899999618530273
v 8.727471351623535 -32.14931869506836 19.899999618530273
v -85.08289337158203 -40.10425567626953 19.899999618530273
v -2.318186044692993 -40.10425567626953 19.899999618530273
v -96.19699096679688 -28.98961639404297 19.899999618530273
v 8.795913696289062 -28.98961639404297 19.899999618530273
v -82.7370834350586 -40.10929870605469 19.899999618530273
v -4.847352027893066 -40.09912872314453 19.899999618530273
v -96.2021713256836 -26.620269775390625 19.899999618530273
v 8.80109691619873 -26.620269775390625 19.899999618530273
v -43.08218765258789 -40.05781173706055 19.899999618530273
v -46.697654724121094 -40.13493347167969 19.899999618530273
v -39.468109130859375 -40.1349983215332 19.899999618530273
v -50.403594970703125 -40.13512420654297 19.899999618530273
v -35.76217269897461 -40.13518524169922 19.899999618530273
v -54.12086486816406 -40.245845794677734 19.899999618530273
v -32.0449104309082 -40.24577331542969 19.899999618530273
v -57.81547546386719 -40.085052490234375 19.899999618530273
v -28.35028839111328 -40.08498001098633 19.899999618530273
v -61.52142333984375 -40.08483123779297 19.899999618530273
v -24.64434242248535 -40.08475875854492 19.899999618530273
v -65.22737121582031 -40.084617614746094 19.899999618530273
v -20.938392639160156 -40.08454513549805 19.899999618530273
v -68.93331909179688 -40.084407806396484 19.899999618530273
v -17.23244285583496 -40.0843391418457 19.899999618530273
v -72.63926696777344 -40.08420181274414 19.899999618530273
v -13.526491165161133 -40.084136962890625 19.899999618530273
v -76.4427490234375 -40.14765167236328 19.899999618530273
v -9.582759857177734 -40.10441589355469 19.899999618530273
v -96.13728332519531 3.272974967956543 19.899999618530273
v 8.73620319366455 3.272974967956543 19.899999618530273
v -96.2253646850586 -0.3432289958000183 19.899999618530273
v 8.824283599853516 -0.3432289958000183 19.899999618530273
v -96.33467102050781 -4.0802178382873535 19.899999618530273
v 8.933591842651367 -4.0802178382873535 19.899999618530273
v -96.17543029785156 -7.791584014892578 19.899999618530273
v 8.774351119995117 -7.791584014892578 19.899999618530273
v -96.17527770996094 -11.515764236450195 19.899999618530273
v 8.77419662475586 -11.515764236450195 19.899999618530273
v -96.17512512207031 -15.239946365356445 19.899999618530273
v 8.774046897888184 -15.239946365356445 19.899999618530273
v -96.17498016357422 -18.964128494262695 19.899999618530273
v 8.773898124694824 -18.964128494262695 19.899999618530273
v -96.17737579345703 -22.6859188079834 19.899999618530273
v 8.776300430297852 -22.6859188079834 19.899999618530273
v -78.57657623291016 -39.915916442871094 19.899999618530273
v -7.281036853790283 -40.014686584472656 19.899999618530273
v 5.8066887855529785 -39.849037170410156 19.899999618530273
v -93.28006744384766 -39.986324310302734 19.899999618530273
v 8.675479888916016 -37.18983459472656 19.899999618530273
v -95.93927001953125 -37.11753463745117 19.899999618530273
v 6.1382060050964355 -35.75616455078125 19.899999618530273
v 4.416790962219238 -37.49858474731445 19.899999618530273
v -93.58882141113281 -35.727638244628906 19.899999618530273
v -91.84645080566406 -37.44900131225586 19.899999618530273
v 7.697978973388672 -39.00882339477539 19.899999618530273
v -95.09906005859375 -39.00882339477539 19.899999618530273
v -11.582810401916504 -40.67288589477539 19.899999618530273
v -74.58297729492188 -40.67290115356445 19.899999618530273
v -15.288692474365234 -40.672935485839844 19.899999618530273
v -70.87709045410156 -40.67295455932617 19.899999618530273
v -18.99457359313965 -40.672996520996094 19.899999618530273
v -67.17121124267578 -40.67301940917969 19.899999618530273
v -44.93577575683594 -39.54694366455078 19.899999618530273
v -41.230037689208984 -39.54692077636719 19.899999618530273
v -22.700454711914062 -40.67306900024414 19.899999618530273
v -63.465328216552734 -40.673095703125 19.899999618530273
v -48.64162826538086 -39.546836853027344 19.899999618530273
v -37.52415466308594 -39.546791076660156 19.899999618530273
v -26.40633773803711 -40.67314910888672 19.899999618530273
v -59.75944900512695 -40.673179626464844 19.899999618530273
v -52.347511291503906 -39.54670715332031 19.899999618530273
v -33.81827163696289 -39.54666519165039 19.899999618530273
v -30.112218856811523 -40.673240661621094 19.899999618530273
v -56.053565979003906 -40.67327117919922 19.899999618530273
v -96.75657653808594 -20.92070770263672 19.899999618530273
v 9.35549545288086 -20.92070770263672 19.899999618530273
v -96.75662994384766 -17.196569442749023 19.899999618530273
v 9.355551719665527 -17.196569442749023 19.899999618530273
v 9.355613708496094 -13.472432136535645 19.899999618530273
v -96.7566909790039 -13.472432136535645 19.899999618530273
v -95.6438980102539 1.4242340326309204 19.899999618530273
v 8.242819786071777 1.4242340326309204 19.899999618530273
v -96.75675964355469 -9.748294830322266 19.899999618530273
v 9.355680465698242 -9.748294830322266 19.899999618530273
v 8.2427339553833 -2.2999041080474854 19.899999618530273
v -95.64381408691406 -2.2999041080474854 19.899999618530273
v 9.35575008392334 -6.0241570472717285 19.899999618530273
v -96.75682830810547 -6.0241570472717285 19.899999618530273
v 9.429969787597656 -24.595041275024414 19.899999618530273
v -96.83104705810547 -24.595041275024414 19.899999618530273
v -86.72254943847656 -39.28916931152344 19.899999618530273
v -0.6785280108451843 -39.28916931152344 19.899999618530273
v -95.37842559814453 -30.63083267211914 19.899999618530273
v 7.977348804473877 -30.63083267211914 19.899999618530273
v 2.66182804107666 -40.9107551574707 19.899999618530273
v -90.06290435791016 -40.9107551574707 19.899999618530273
v -97.0005111694336 -33.97062301635742 19.899999618530273
v 9.599433898925781 -33.97062301635742 19.899999618530273
v -80.74192810058594 -39.3714714050293 19.899999618530273
v 2.1885409355163574 -38.49606704711914 19.899999618530273
v -89.57713317871094 -38.504512786865234 19.899999618530273
v -94.58638000488281 -33.499141693115234 19.899999618530273
v 7.193815231323242 -33.48662185668945 19.899999618530273
v 4.504518032073975 -40.84932327270508 19.899999618530273
v -91.87494659423828 -40.85784149169922 19.899999618530273
v 9.546995162963867 -35.78471374511719 19.899999618530273
v -96.93954467773438 -35.815242767333984 19.899999618530273
v -0.832506000995636 -40.988712310791016 19.899999618530273
v -86.56857299804688 -40.988712310791016 19.899999618530273
v -97.090576171875 -30.409940719604492 19.899999618530273
v 9.689495086669922 -30.409940719604492 19.899999618530273
v -95.25527954101562 4.669916152954102 19.899999618530273
v 7.854197978973389 4.669916152954102 19.899999618530273
v -97.1331787109375 4.573324203491211 19.899999618530273
v 9.732096672058105 4.573324203491211 19.899999618530273
v -83.80642700195312 -39.11731719970703 19.899999618530273
v -3.5946478843688965 -39.11731719970703 19.899999618530273
v -95.20787048339844 -27.711198806762695 19.899999618530273
v 7.806796073913574 -27.711198806762695 19.899999618530273
v -83.80730438232422 -41.088226318359375 19.899999618530273
v -3.5937728881835938 -41.088226318359375 19.899999618530273
v 9.7832612991333 -27.711698532104492 19.899999618530273
v -97.18434143066406 -27.711698532104492 19.899999618530273
v -80.47533416748047 -40.99387741088867 19.899999618530273
v -34.36436080932617 -41.08073425292969 19.899999618530273
v -51.80141067504883 -41.080474853515625 19.899999618530273
v -38.070289611816406 -41.079952239990234 19.899999618530273
v -48.095481872558594 -41.07969665527344 19.899999618530273
v -41.77621078491211 -41.07918167114258 19.899999618530273
v -44.38948059082031 -41.07891082763672 19.899999618530273
v -55.84012985229492 -39.3995361328125 19.899999618530273
v -30.325634002685547 -39.399505615234375 19.899999618530273
v -59.21371078491211 -39.14175796508789 19.899999618530273
v -26.951997756958008 -39.14174270629883 19.899999618530273
v -62.91982650756836 -39.14171600341797 19.899999618530273
v -23.245880126953125 -39.141700744628906 19.899999618530273
v -66.62594604492188 -39.14167785644531 19.899999618530273
v -19.539758682250977 -39.141666412353516 19.899999618530273
v -70.33206939697266 -39.14164733886719 19.899999618530273
v -15.833634376525879 -39.14163589477539 19.899999618530273
v -74.03820037841797 -39.14161682128906 19.899999618530273
v -12.1275053024292 -39.14160919189453 19.899999618530273
v -95.23612976074219 -24.098703384399414 19.899999618530273
v 7.835054874420166 -24.098703384399414 19.899999618530273
v -77.7120361328125 -41.10872268676758 19.899999618530273
v -8.457365989685059 -41.109222412109375 19.899999618530273
v -97.17353057861328 -1.74270498752594 19.899999618530273
v 9.77245044708252 -1.74270498752594 19.899999618530273
v 9.771916389465332 1.9814610481262207 19.899999618530273
v -97.1729965209961 1.9814610481262207 19.899999618530273
v -95.22869110107422 -5.467051982879639 19.899999618530273
v 7.827616214752197 -5.467051982879639 19.899999618530273
v -95.2286605834961 -9.1913423538208 19.899999618530273
v 7.827579975128174 -9.1913423538208 19.899999618530273
v -95.22862243652344 -12.915634155273438 19.899999618530273
v 7.827548027038574 -12.915634155273438 19.899999618530273
v -95.22859954833984 -16.639928817749023 19.899999618530273
v 7.827517032623291 -16.639928817749023 19.899999618530273
v -95.22856903076172 -20.36422348022461 19.899999618530273
v 7.827487945556641 -20.36422348022461 19.899999618530273
v -77.78460693359375 -39.113563537597656 19.899999618530273
v -6.141088962554932 -41.07664489746094 19.899999618530273
v -6.02759313583374 -39.026405334472656 19.899999618530273
v -8.43726634979248 -38.965850830078125 19.899999618530273
v 4.8270111083984375 -36.12944793701172 19.899999618530273
v -92.21969604492188 -36.13784408569336 19.899999618530273
v 4.783277988433838 -38.77384567260742 19.899999618530273
v -94.86408233642578 -36.09413146972656 19.899999618530273
v 7.187564849853516 -36.71230697631836 19.899999618530273
v -92.80254364013672 -38.4984016418457 19.899999618530273
v 0.6406620144844055 -38.39085388183594 19.899999618530273
v -88.04174041748047 -38.39085388183594 19.899999618530273
v 3.131895065307617 -37.676448822021484 19.899999618530273
v -90.61385345458984 -37.670249938964844 19.899999618530273
v -93.7667007446289 -34.442657470703125 19.899999618530273
v 6.359474182128906 -34.52349090576172 19.899999618530273
v 7.079559803009033 -31.950519561767578 19.899999618530273
v -94.48063659667969 -31.950519561767578 19.899999618530273
v -32.918617248535156 -41.202232360839844 19.899999618530273
v -53.246986389160156 -41.20205307006836 19.899999618530273
v -36.614017486572266 -41.200233459472656 19.899999618530273
v -49.55146789550781 -41.20008087158203 19.899999618530273
v -40.320796966552734 -41.19977569580078 19.899999618530273
v -45.844661712646484 -41.199615478515625 19.899999618530273
v 9.887040138244629 -3.1945719718933105 19.899999618530273
v -97.28811645507812 -3.1945719718933105 19.899999618530273
v -57.01726531982422 -39.06402587890625 19.899999618530273
v -29.14850616455078 -39.063995361328125 19.899999618530273
v -97.2885971069336 0.5218369960784912 19.899999618530273
v 9.887517929077148 0.5218369960784912 19.899999618530273
v -60.66779327392578 -39.02098846435547 19.899999618530273
v -25.497970581054688 -39.02096176147461 19.899999618530273
v -64.37374114990234 -39.02090835571289 19.899999618530273
v -21.792020797729492 -39.0208854675293 19.899999618530273
v 7.711615085601807 -6.925556182861328 19.899999618530273
v -95.1126937866211 -6.925556182861328 19.899999618530273
v -68.07969665527344 -39.02083206176758 19.899999618530273
v -18.08606719970703 -39.020809173583984 19.899999618530273
v -95.11258697509766 -10.649709701538086 19.899999618530273
v 7.7115068435668945 -10.649709701538086 19.899999618530273
v -71.78564453125 -39.02075958251953 19.899999618530273
v 7.711399078369141 -14.373865127563477 19.899999618530273
v -95.11248016357422 -14.373865127563477 19.899999618530273
v -14.38011360168457 -39.02073669433594 19.899999618530273
v 7.711291790008545 -18.0980224609375 19.899999618530273
v -95.11237335205078 -18.0980224609375 19.899999618530273
v -75.48956298828125 -39.02180862426758 19.899999618530273
v -10.675665855407715 -39.015480041503906 19.899999618530273
v -95.1130599975586 -21.82248878479004 19.899999618530273
v 7.711979866027832 -21.82248878479004 19.899999618530273
v 0.3568679988384247 -41.29364013671875 19.899999618530273
v -87.75794982910156 -41.29364013671875 19.899999618530273
v -97.17567443847656 -31.88506317138672 19.899999618530273
v 9.774595260620117 -31.88506317138672 19.899999618530273
v 7.692377090454102 -25.540077209472656 19.899999618530273
v -95.09345245361328 -25.540077209472656 19.899999618530273
v 8.774689674377441 -38.64112854003906 19.899999618530273
v -94.73136138916016 -40.08553695678711 19.899999618530273
v 7.319954872131348 -40.065921783447266 19.899999618530273
v -96.15615844726562 -38.630802154541016 19.899999618530273
v -81.50520324707031 -41.44126892089844 19.899999618530273
v -85.01036834716797 -38.6183967590332 19.899999618530273
v -2.390712022781372 -38.6183967590332 19.899999618530273
v -94.7087173461914 -28.916553497314453 19.899999618530273
v 7.307638168334961 -28.916553497314453 19.899999618530273
v -2.266329050064087 -41.433048248291016 19.899999618530273
v -85.13475036621094 -41.433048248291016 19.899999618530273
v 10.11719036102295 -29.047510147094727 19.899999618530273
v -97.51827239990234 -29.047510147094727 19.899999618530273
v -10.405051231384277 -41.22038269042969 19.899999618530273
v -75.7486343383789 -41.22385025024414 19.899999618530273
v -14.039505004882812 -41.07431411743164 19.899999618530273
v -72.12604522705078 -41.0743408203125 19.899999618530273
v -17.746076583862305 -41.074398040771484 19.899999618530273
v -68.41947937011719 -41.074424743652344 19.899999618530273
v -21.452648162841797 -41.074485778808594 19.899999618530273
v -64.71290588378906 -41.074520111083984 19.899999618530273
v -25.159215927124023 -41.0745849609375 19.899999618530273
v -61.00634002685547 -41.07461929321289 19.899999618530273
v -28.86578369140625 -41.07469177246094 19.899999618530273
v -57.299774169921875 -41.074729919433594 19.899999618530273
v -43.74116897583008 -38.9466438293457 19.899999618530273
v -46.17927169799805 -39.145423889160156 19.899999618530273
v -40.032066345214844 -38.97077941894531 19.899999618530273
v -31.253253936767578 -41.23667907714844 19.899999618530273
v -54.912479400634766 -41.23674774169922 19.899999618530273
v -49.83946228027344 -38.9706916809082 19.899999618530273
v -36.32638931274414 -38.970645904541016 19.899999618530273
v -53.50434875488281 -38.99482345581055 19.899999618530273
v -32.661502838134766 -38.99477767944336 19.899999618530273
v -97.16534423828125 -22.167194366455078 19.899999618530273
v 9.764265060424805 -22.167194366455078 19.899999618530273
v 9.761635780334473 -18.447450637817383 19.899999618530273
v -97.16271209716797 -18.447450637817383 19.899999618530273
v 9.761707305908203 -14.72284984588623 19.899999618530273
v -97.16278839111328 -14.72284984588623 19.899999618530273
v 9.761781692504883 -10.998249053955078 19.899999618530273
v -97.16285705566406 -10.998249053955078 19.899999618530273
v 9.761859893798828 -7.273650169372559 19.899999618530273
v -97.1629409790039 -7.273650169372559 19.899999618530273
v -95.03900146484375 2.619112968444824 19.899999618530273
v 7.6379218101501465 2.619112968444824 19.899999618530273
v -95.23783111572266 0.17651499807834625 19.899999618530273
v 7.836750030517578 0.17651499807834625 19.899999618530273
v 9.934024810791016 -4.86582088470459 19.899999618530273
v -97.3351058959961 -4.86582088470459 19.899999618530273
v 7.685914039611816 -3.458127975463867 19.899999618530273
v -95.08699035644531 -3.458127975463867 19.899999618530273
v 7.853268146514893 -1.0351510047912598 19.899999618530273
v -95.25434875488281 -1.0351510047912598 19.899999618530273
v 9.96286678314209 -8.556984901428223 19.899999618530273
v -97.36394500732422 -8.556984901428223 19.899999618530273
v 9.96286392211914 -12.281243324279785 19.899999618530273
v -97.36394500732422 -12.281243324279785 19.899999618530273
v -97.36394500732422 -16.005502700805664 19.899999618530273
v 9.962867736816406 -16.005502700805664 19.899999618530273
v 10.02932071685791 -25.480327606201172 19.899999618530273
v -97.4303970336914 -25.480327606201172 19.899999618530273
v 9.962879180908203 -19.72976303100586 19.899999618530273
v -97.36396026611328 -19.72976303100586 19.899999618530273
v -35.11205291748047 -39.21887969970703 19.899999618530273
v -51.05373001098633 -39.21884536743164 19.899999618530273
v -38.81794357299805 -39.218780517578125 19.899999618530273
v -47.38517379760742 -39.15949249267578 19.899999618530273
v -42.508689880371094 -39.20216369628906 19.899999618530273
v -58.57811737060547 -41.2818603515625 19.899999618530273
v -27.587608337402344 -41.2818603515625 19.899999618530273
v -62.2841796875 -41.281864166259766 19.899999618530273
v -23.881547927856445 -41.2818717956543 19.899999618530273
v -65.99024200439453 -41.281883239746094 19.899999618530273
v -20.17548370361328 -41.28189468383789 19.899999618530273
v -69.69630432128906 -41.28192138671875 19.899999618530273
v -16.46941566467285 -41.28193664550781 19.899999618530273
v -73.40237426757812 -41.28197479248047 19.899999618530273
v -12.763344764709473 -41.2819938659668 19.899999618530273
v -43.082550048828125 -41.093971252441406 19.899999618530273
v -93.03010559082031 -41.13570785522461 19.899999618530273
v 5.679409980773926 -41.08882141113281 19.899999618530273
v 9.824859619140625 -36.93987274169922 19.899999618530273
v -97.1790542602539 -36.99024963378906 19.899999618530273
v 9.87734317779541 3.4323790073394775 19.899999618530273
v -97.2784194946289 3.4323790073394775 19.899999618530273
v -79.56732940673828 -38.92759323120117 19.899999618530273
v -81.91802215576172 -38.96415710449219 19.899999618530273
v -79.0088119506836 -41.42556381225586 19.899999618530273
v -97.38311004638672 -23.434490203857422 19.899999618530273
v 9.982028007507324 -23.434490203857422 19.899999618530273
v -4.810295104980469 -41.567222595214844 19.899999618530273
v 2.6117119789123535 -39.63876724243164 19.899999618530273
v -90.02501678466797 -39.61403274536133 19.899999618530273
v 8.302885055541992 -33.934059143066406 19.899999618530273
v -95.72865295410156 -33.92186737060547 19.899999618530273
v -93.9486312866211 -38.92966842651367 19.899999618530273
v 7.618823051452637 -37.8583984375 19.899999618530273
v -94.97587585449219 -38.013160705566406 19.899999618530273
v 6.702314853668213 -38.88564682006836 19.899999618530273
v -4.658362865447998 -38.6488151550293 19.899999618530273
v -7.252923965454102 -38.645511627197266 19.899999618530273
v 5.761837005615234 -36.883056640625 19.899999618530273
v -92.97329711914062 -37.07267761230469 19.899999618530273
v -7.260804176330566 -41.59001541137695 19.899999618530273
v 1.743224024772644 -41.619911193847656 19.899999618530273
v -89.14430236816406 -41.619911193847656 19.899999618530273
v 10.231287002563477 -33.02389144897461 19.899999618530273
v -97.63236236572266 -33.02389144897461 19.899999618530273
v 8.464130401611328 -36.01498031616211 19.899999618530273
v -92.10520935058594 -39.77497482299805 19.899999618530273
v -94.96307373046875 -22.988595962524414 19.899999618530273
v 7.561995983123779 -22.988595962524414 19.899999618530273
v -13.226785659790039 -38.87013244628906 19.899999618530273
v -72.93897247314453 -38.87013626098633 19.899999618530273
v -16.932756423950195 -38.870147705078125 19.899999618530273
v -69.23300170898438 -38.87015151977539 19.899999618530273
v -20.638723373413086 -38.87016677856445 19.899999618530273
v -65.52703094482422 -38.87017059326172 19.899999618530273
v -24.344688415527344 -38.87018585205078 19.899999618530273
v -61.82107162475586 -38.87019348144531 19.899999618530273
v -28.04971694946289 -38.831363677978516 19.899999618530273
v -58.11603927612305 -38.83135986328125 19.899999618530273
v 7.559313774108887 -19.262502670288086 19.899999618530273
v -94.96039581298828 -19.262502670288086 19.899999618530273
v 7.559336185455322 -15.538312911987305 19.899999618530273
v -94.96041870117188 -15.538312911987305 19.899999618530273
v -94.96044158935547 -11.814125061035156 19.899999618530273
v 7.559360027313232 -11.814125061035156 19.899999618530273
v -94.96046447753906 -8.089938163757324 19.899999618530273
v 7.559383869171143 -8.089938163757324 19.899999618530273
v -35.45975875854492 -41.35194778442383 19.899999618530273
v -50.70558166503906 -41.351715087890625 19.899999618530273
v -46.99835205078125 -41.351016998291016 19.899999618530273
v -39.16697692871094 -41.351253509521484 19.899999618530273
v -97.4415054321289 -0.6431649923324585 19.899999618530273
v 10.040430068969727 -0.6431649923324585 19.899999618530273
v 3.7155508995056152 -41.55355453491211 19.899999618530273
v -91.11225128173828 -41.554771423339844 19.899999618530273
v -97.64388275146484 -35.025638580322266 19.899999618530273
v 10.244025230407715 -35.021278381347656 19.899999618530273
v -76.81721496582031 -38.837158203125 19.899999618530273
v 7.341835975646973 -26.674070358276367 19.899999618530273
v -94.74291229248047 -26.674070358276367 19.899999618530273
v -0.18679000437259674 -40.20859909057617 19.899999618530273
v -87.21428680419922 -40.20859909057617 19.899999618530273
v 3.6879029273986816 -36.6988410949707 19.899999618530273
v -91.09099578857422 -36.702701568603516 19.899999618530273
v 5.391930103302002 -35.0006103515625 19.899999618530273
v -92.78913879394531 -34.998619079589844 19.899999618530273
v -96.29391479492188 -31.177827835083008 19.899999618530273
v 8.892836570739746 -31.177827835083008 19.899999618530273
v -95.90342712402344 -35.94597244262695 19.899999618530273
v 4.635128974914551 -39.813194274902344 19.899999618530273
v -9.616305351257324 -38.62978744506836 19.899999618530273
v -82.79330444335938 -41.58915328979492 19.899999618530273
v 7.244525909423828 -35.449623107910156 19.899999618530273
v -91.5399169921875 -38.55533218383789 19.899999618530273
v 5.414646148681641 -37.90150451660156 19.899999618530273
v -93.99173736572266 -36.72549057006836 19.899999618530273
v 3.800481081008911 -38.42328643798828 19.899999618530273
v -94.51351165771484 -35.11128616333008 19.899999618530273
v -94.92005157470703 3.7083818912506104 19.899999618530273
v 7.5189738273620605 3.7083818912506104 19.899999618530273
v 1.4035309553146362 -37.910003662109375 19.899999618530273
v -88.80355072021484 -37.91072463989258 19.899999618530273
v 6.5998148918151855 -32.713104248046875 19.899999618530273
v -94.00016784667969 -32.714168548583984 19.899999618530273
v -96.48059844970703 -34.89799499511719 19.899999618530273
v 9.082171440124512 -34.892730712890625 19.899999618530273
v 3.588170051574707 -40.38996505737305 19.899999618530273
v -90.98405456542969 -40.39252853393555 19.899999618530273
v -86.32939910888672 -38.40293884277344 19.899999618530273
v -1.0716780424118042 -38.40293884277344 19.899999618530273
v -94.49337768554688 -30.23918342590332 19.899999618530273
v 7.0922980308532715 -30.23918342590332 19.899999618530273
v -31.414257049560547 -38.92708969116211 19.899999618530273
v -54.75153350830078 -38.927120208740234 19.899999618530273
v 7.553441047668457 -4.446599006652832 19.899999618530273
v -94.95452117919922 -4.446599006652832 19.899999618530273
v -90.54743957519531 -38.70289993286133 19.899999618530273
v 7.392108917236328 -34.456947326660156 19.899999618530273
v 10.313302993774414 -26.776395797729492 19.899999618530273
v -97.7143783569336 -26.776395797729492 19.899999618530273
v -76.76180267333984 -41.61461639404297 19.899999618530273
v -9.386165618896484 -41.60593032836914 19.899999618530273
v -81.30438232421875 -40.18348693847656 19.899999618530273
v -83.95928955078125 -40.103736877441406 19.899999618530273
v -3.336724042892456 -40.102657318115234 19.899999618530273
v 8.795620918273926 -27.89185905456543 19.899999618530273
v -96.19670104980469 -27.89185905456543 19.899999618530273
v -8.439606666564941 -40.048545837402344 19.899999618530273
v -96.1989517211914 5.4467692375183105 19.899999618530273
v 8.797870635986328 5.4467692375183105 19.899999618530273
v 8.740172386169434 -25.206701278686523 19.899999618530273
v -96.14125061035156 -25.206701278686523 19.899999618530273
v -1.3209120035171509 -40.09882736206055 19.899999618530273
v -86.08016967773438 -40.09882736206055 19.899999618530273
v 8.335286140441895 -39.6442756652832 19.899999618530273
v -95.73450469970703 -39.6461296081543 19.899999618530273
v -82.92353057861328 -38.59128952026367 19.899999618530273
v -6.074267864227295 -40.05421447753906 19.899999618530273
v -32.996246337890625 -40.17219161987305 19.899999618530273
v -53.16958236694336 -40.172061920166016 19.899999618530273
v -36.701988220214844 -40.171810150146484 19.899999618530273
v -10.760957717895508 -40.04770278930664 19.899999618530273
v -49.46384048461914 -40.17168426513672 19.899999618530273
v -75.40484619140625 -40.047767639160156 19.899999618530273
v -14.466779708862305 -40.04790115356445 19.899999618530273
v -71.69902038574219 -40.04796600341797 19.899999618530273
v -18.172605514526367 -40.048099517822266 19.899999618530273
v -67.99320220947266 -40.04816818237305 19.899999618530273
v -21.87843132019043 -40.04830551147461 19.899999618530273
v -64.28736877441406 -40.048370361328125 19.899999618530273
v -40.40773391723633 -40.17143249511719 19.899999618530273
v -25.584260940551758 -40.04851150512695 19.899999618530273
v -60.58154296875 -40.048580169677734 19.899999618530273
v -29.315744400024414 -40.05256652832031 19.899999618530273
v -56.85002899169922 -40.05262756347656 19.899999618530273
v -45.75810241699219 -40.171302795410156 19.899999618530273
v -96.18832397460938 -29.986324310302734 19.899999618530273
v 8.787246704101562 -29.986324310302734 19.899999618530273
v -96.25726318359375 -3.1308178901672363 19.899999618530273
v 8.856181144714355 -3.1308178901672363 19.899999618530273
v -96.25699615478516 0.5932250022888184 19.899999618530273
v 8.855918884277344 0.5932250022888184 19.899999618530273
v -96.14342498779297 -21.751548767089844 19.899999618530273
v 8.742342948913574 -21.751548767089844 19.899999618530273
v -96.14356231689453 -18.02744483947754 19.899999618530273
v 8.742484092712402 -18.02744483947754 19.899999618530273
v -96.14370727539062 -14.303340911865234 19.899999618530273
v 8.742626190185547 -14.303340911865234 19.899999618530273
v -96.14384460449219 -10.579235076904297 19.899999618530273
v 8.742769241333008 -10.579235076904297 19.899999618530273
v -96.14398956298828 -6.855128765106201 19.899999618530273
v 8.742913246154785 -6.855128765106201 19.899999618530273
v -78.582763671875 -38.57968521118164 19.899999618530273
v -77.4649658203125 -39.90757369995117 19.899999618530273
v -90.10110473632812 -41.866943359375 19.899999618530273
v 2.7000229358673096 -41.866943359375 19.899999618530273
v -97.95764923095703 -34.008995056152344 19.899999618530273
v 10.556571006774902 -34.008995056152344 19.899999618530273
v -34.903324127197266 -40.26668167114258 19.899999618530273
v -51.26236343383789 -40.26657485961914 19.899999618530273
v -38.609493255615234 -40.266357421875 19.899999618530273
v -47.56365966796875 -40.25439453125 19.899999618530273
v -12.582040786743164 -40.03852844238281 19.899999618530273
v -73.5837173461914 -40.03854751586914 19.899999618530273
v -16.288009643554688 -40.03858947753906 19.899999618530273
v -69.87774658203125 -40.03860855102539 19.899999618530273
v -19.99397850036621 -40.03865432739258 19.899999618530273
v -42.335933685302734 -40.19601058959961 19.899999618530273
v -66.1717758178711 -40.03867721557617 19.899999618530273
v -23.69994354248047 -40.038726806640625 19.899999618530273
v -62.46581268310547 -40.038753509521484 19.899999618530273
v -27.469188690185547 -40.002620697021484 19.899999618530273
v -58.69655990600586 -40.00264358520508 19.899999618530273
v -30.973148345947266 -40.106449127197266 19.899999618530273
v -55.192630767822266 -40.10648727416992 19.899999618530273
v -43.968101501464844 -40.1280403137207 19.899999618530273
v 8.946633338928223 -1.2128310203552246 19.899999618530273
v -96.34770965576172 -1.2128310203552246 19.899999618530273
v -96.2149429321289 2.3432400226593018 19.899999618530273
v 8.813862800598145 2.3432400226593018 19.899999618530273
v -96.09689331054688 -19.848264694213867 19.899999618530273
v 8.695815086364746 -19.848264694213867 19.899999618530273
v -96.0969467163086 -16.124052047729492 19.899999618530273
v 8.695863723754883 -16.124052047729492 19.899999618530273
v -96.09699249267578 -12.399840354919434 19.899999618530273
v 8.695916175842285 -12.399840354919434 19.899999618530273
v -96.09705352783203 -8.675628662109375 19.899999618530273
v 8.695972442626953 -8.675628662109375 19.899999618530273
v -96.12196350097656 -4.976768970489502 19.899999618530273
v 8.720885276794434 -4.976768970489502 19.899999618530273
v -30.430864334106445 -41.769474029541016 19.899999618530273
v 1.8522299528121948 -40.42752456665039 19.899999618530273
v -89.25331115722656 -40.42752456665039 19.899999618530273
v -55.73423767089844 -41.769344329833984 19.899999618530273
v -11.892520904541016 -41.77799606323242 19.899999618530273
v -96.17631530761719 -23.801952362060547 19.899999618530273
v 8.775237083435059 -23.801952362060547 19.899999618530273
v -74.27253723144531 -41.77785110473633 19.899999618530273
v -15.600573539733887 -41.77756118774414 19.899999618530273
v -70.56448364257812 -41.77742004394531 19.899999618530273
v -44.60218048095703 -38.447364807128906 19.899999618530273
v -40.895965576171875 -38.449462890625 19.899999618530273
v -48.97564697265625 -38.44944381713867 19.899999618530273
v -37.19016647338867 -38.449432373046875 19.899999618530273
v -52.67561721801758 -38.45287322998047 19.899999618530273
v -33.49019241333008 -38.45286178588867 19.899999618530273
v -19.308626174926758 -41.777137756347656 19.899999618530273
v -66.85643768310547 -41.77699661254883 19.899999618530273
v -23.01667594909668 -41.77671813964844 19.899999618530273
v 10.462660789489746 -20.599355697631836 19.899999618530273
v -97.86373901367188 -20.599355697631836 19.899999618530273
v -63.14838790893555 -41.77657699584961 19.899999618530273
v 10.462380409240723 -16.873754501342773 19.899999618530273
v -97.86345672607422 -16.873754501342773 19.899999618530273
v 10.457438468933105 -5.700572967529297 19.899999618530273
v -97.8585205078125 -5.700572967529297 19.899999618530273
v -26.724721908569336 -41.776302337646484 19.899999618530273
v -59.44034194946289 -41.77616500854492 19.899999618530273
v 10.462101936340332 -13.148155212402344 19.899999618530273
v -97.8631820678711 -13.148155212402344 19.899999618530273
v 9.101287841796875 -33.104042053222656 19.899999618530273
v -96.5034408569336 -33.103511810302734 19.899999618530273
v 10.461827278137207 -9.42255687713623 19.899999618530273
v -97.86290740966797 -9.42255687713623 19.899999618530273
v -94.53961181640625 1.7574739456176758 19.899999618530273
v 7.1385297775268555 1.7574739456176758 19.899999618530273
v 7.145071983337402 -2.627876043319702 19.899999618530273
v -94.54615020751953 -2.627876043319702 19.899999618530273
v -94.02286529541016 -40.93746566772461 19.899999618530273
v 9.62662124633789 -37.93263244628906 19.899999618530273
v 6.61461877822876 -40.8806037902832 19.899999618530273
v -96.97084045410156 -37.92546463012695 19.899999618530273
v 10.370133399963379 -36.0949592590332 19.899999618530273
v -92.185302734375 -41.680965423583984 19.899999618530273
v 4.825446128845215 -41.691165924072266 19.899999618530273
v -97.78140258789062 -36.13624572753906 19.899999618530273
v -79.94572448730469 -40.13631820678711 19.899999618530273
v 10.350460052490234 -24.36200523376465 19.899999618530273
v -97.75154113769531 -24.36200523376465 19.899999618530273
v -94.70220184326172 5.43353796005249 19.899999618530273
v 7.301122188568115 5.43353796005249 19.899999618530273
v 10.293110847473145 5.411922931671143 19.899999618530273
v -97.6941909790039 5.411922931671143 19.899999618530273
v -81.07404327392578 -38.48292922973633 19.899999618530273
v -88.76726531982422 -39.12666702270508 19.899999618530273
v 1.3662869930267334 -39.127803802490234 19.899999618530273
v 3.0584940910339355 -38.7391357421875 19.899999618530273
v -94.8293228149414 -34.36915588378906 19.899999618530273
v 7.8143510818481445 -32.67172622680664 19.899999618530273
v -95.21663665771484 -32.67178726196289 19.899999618530273
v -96.20037078857422 4.2673420906066895 19.899999618530273
v 8.799287796020508 4.2673420906066895 19.899999618530273
v 10.394644737243652 -4.016664028167725 19.899999618530273
v -97.79572296142578 -4.016664028167725 19.899999618530273
v -54.07051086425781 -41.692020416259766 19.899999618530273
v -32.09493637084961 -41.69180679321289 19.899999618530273
v 2.196218967437744 -37.505496978759766 19.899999618530273
v -89.59933471679688 -37.55076217651367 19.899999618530273
v -93.5957260131836 -33.50697708129883 19.899999618530273
v 6.2399001121521 -33.509033203125 19.899999618530273
v 10.559483528137207 4.516759872436523 19.899999618530273
v -97.96056365966797 4.516759872436523 19.899999618530273
v -86.38963317871094 -41.88504409790039 19.899999618530273
v -1.0114480257034302 -41.88504409790039 19.899999618530273
v 10.607513427734375 -30.261821746826172 19.899999618530273
v -98.00859069824219 -30.261821746826172 19.899999618530273
v -85.84507751464844 -39.30271530151367 19.899999618530273
v -1.5560029745101929 -39.30271530151367 19.899999618530273
v -95.3931655883789 -29.75250244140625 19.899999618530273
v 7.992088794708252 -29.75250244140625 19.899999618530273
v -94.39220428466797 -0.43789300322532654 19.899999618530273
v 6.991121768951416 -0.43789300322532654 19.899999618530273
v -35.61182403564453 -38.306915283203125 19.899999618530273
v -50.55396270751953 -38.306907653808594 19.899999618530273
v -39.31769561767578 -38.30689239501953 19.899999618530273
v -46.78877639770508 -38.29795837402344 19.899999618530273
v -43.02116394042969 -38.30638885498047 19.899999618530273
v 10.600981712341309 -7.827284812927246 19.899999618530273
v -98.00205993652344 -7.827284812927246 19.899999618530273
v 10.600034713745117 -11.552043914794922 19.899999618530273
v -98.00111389160156 -11.552043914794922 19.899999618530273
v -57.85062789916992 -41.913536071777344 19.899999618530273
v -94.72957611083984 -37.110496520996094 19.899999618530273
v 5.799650192260742 -38.639339447021484 19.899999618530273
v -28.314849853515625 -41.91307067871094 19.899999618530273
v 10.599096298217773 -15.276803016662598 19.899999618530273
v -98.00017547607422 -15.276803016662598 19.899999618530273
v -61.55743408203125 -41.91215133666992 19.899999618530273
v 10.598163604736328 -19.001562118530273 19.899999618530273
v -97.9992446899414 -19.001562118530273 19.899999618530273
v -24.608043670654297 -41.91169357299805 19.899999618530273
v -56.181640625 -38.51902389526367 19.899999618530273
v -29.9841365814209 -38.518985748291016 19.899999618530273
v -59.88754653930664 -38.5189094543457 19.899999618530273
v -26.278226852416992 -38.51887512207031 19.899999618530273
v -63.59346008300781 -38.518802642822266 19.899999618530273
v -22.572315216064453 -38.51876449584961 19.899999618530273
v -67.29936981201172 -38.51869583129883 19.899999618530273
v -18.86640167236328 -38.51865768432617 19.899999618530273
v -65.26424407958984 -41.91078186035156 19.899999618530273
v -71.00528717041016 -38.518585205078125 19.899999618530273
v -45.064361572265625 -41.70116424560547 19.899999618530273
v -15.160484313964844 -38.518550872802734 19.899999618530273
v -74.7112045288086 -38.51847839355469 19.899999618530273
v -11.45456600189209 -38.5184440612793 19.899999618530273
v -41.1011962890625 -41.701107025146484 19.899999618530273
v -48.77078628540039 -41.70096206665039 19.899999618530273
v -20.901235580444336 -41.91032791137695 19.899999618530273
v -37.394840240478516 -41.70089340209961 19.899999618530273
v -52.477142333984375 -41.70075988769531 19.899999618530273
v -33.68848419189453 -41.70069122314453 19.899999618530273
v -94.44190216064453 4.5686798095703125 19.899999618530273
v 7.040825843811035 4.5686798095703125 19.899999618530273
v -68.9710464477539 -41.909427642822266 19.899999618530273
v -17.194427490234375 -41.90898132324219 19.899999618530273
v 7.210148811340332 -6.147775173187256 19.899999618530273
v -94.6112289428711 -6.147775173187256 19.899999618530273
v -72.6778564453125 -41.9080924987793 19.899999618530273
v 7.210072994232178 -9.871930122375488 19.899999618530273
v -94.61115264892578 -9.871930122375488 19.899999618530273
v 7.20999813079834 -13.596087455749512 19.899999618530273
v -94.61107635498047 -13.596087455749512 19.899999618530273
v -94.61100006103516 -17.32024383544922 19.899999618530273
v 7.209922790527344 -17.32024383544922 19.899999618530273
v 7.209848880767822 -21.044403076171875 19.899999618530273
v -94.61093139648438 -21.044403076171875 19.899999618530273
v -13.487616539001465 -41.907649993896484 19.899999618530273
v -97.78943634033203 1.2998939752578735 19.899999618530273
v 10.388358116149902 1.2998939752578735 19.899999618530273
v 10.388224601745605 -2.424560070037842 19.899999618530273
v -97.789306640625 -2.424560070037842 19.899999618530273
v -94.604248046875 -24.75394058227539 19.899999618530273
v 7.203172206878662 -24.75394058227539 19.899999618530273
v -98.00017547607422 -22.711088180541992 19.899999618530273
v 10.59909439086914 -22.711088180541992 19.899999618530273
v -80.20962524414062 -41.91440200805664 19.899999618530273
v -5.9768548011779785 -41.95936584472656 19.899999618530273
v -96.49846649169922 -36.48990249633789 19.899999618530273
v 5.179074764251709 -40.408233642578125 19.899999618530273
v -45.57122039794922 -38.32679748535156 19.899999618530273
v -87.18115234375 -38.32405090332031 19.899999618530273
v -0.21992699801921844 -38.32405090332031 19.899999618530273
v 7.01278018951416 -31.09014320373535 19.899999618530273
v -94.41385650634766 -31.09014320373535 19.899999618530273
v -94.41697692871094 0.7856529951095581 19.899999618530273
v 7.01589822769165 0.7856529951095581 19.899999618530273
v -3.503170967102051 -41.97220230102539 19.899999618530273
v -83.89791107177734 -41.97220230102539 19.899999618530273
v -94.4451675415039 -1.652379035949707 19.899999618530273
v 7.04409122467041 -1.652379035949707 19.899999618530273
v -56.6988410949707 -41.89707565307617 19.899999618530273
v -29.465696334838867 -41.897430419921875 19.899999618530273
v -87.69462585449219 -39.22977066040039 19.899999618530273
v 0.29356199502944946 -39.22996139526367 19.899999618530273
v -60.40835189819336 -41.89852523803711 19.899999618530273
v -34.470237731933594 -38.39860534667969 19.899999618530273
v 10.585062026977539 -6.668067932128906 19.899999618530273
v -97.98613739013672 -6.668067932128906 19.899999618530273
v -51.69554901123047 -38.398597717285156 19.899999618530273
v -38.175418853759766 -38.39816665649414 19.899999618530273
v -47.998130798339844 -38.350257873535156 19.899999618530273
v -25.75618553161621 -41.89887619018555 19.899999618530273
v -80.29345703125 -38.370784759521484 19.899999618530273
v -41.87919998168945 -38.396095275878906 19.899999618530273
v 10.586028099060059 -10.394514083862305 19.899999618530273
v -97.98710632324219 -10.394514083862305 19.899999618530273
v -64.11798095703125 -41.89957809448242 19.899999618530273
v 9.131710052490234 -36.49307632446289 19.899999618530273
v -92.58330535888672 -40.44255447387695 19.899999618530273
v -22.046558380126953 -41.899932861328125 19.899999618530273
v 10.586742401123047 -14.121179580688477 19.899999618530273
v -97.98782348632812 -14.121179580688477 19.899999618530273
v -95.31867218017578 -31.611738204956055 19.899999618530273
v 7.917390823364258 -31.611726760864258 19.899999618530273
v -67.82760620117188 -41.900630950927734 19.899999618530273
v 10.587453842163086 -17.84784507751465 19.899999618530273
v -97.98853302001953 -17.84784507751465 19.899999618530273
v -18.336931228637695 -41.90098190307617 19.899999618530273
v 10.588440895080566 -21.573291778564453 19.899999618530273
v -97.98951721191406 -21.573291778564453 19.899999618530273
v -71.5372314453125 -41.901676177978516 19.899999618530273
v -98.06829833984375 -27.776973724365234 19.899999618530273
v 10.667216300964355 -27.776973724365234 19.899999618530273
v -14.627303123474121 -41.90202713012695 19.899999618530273
v -75.12614440917969 -41.8753776550293 19.899999618530273
v -3.553481101989746 -38.2378044128418 19.899999618530273
v -83.84759521484375 -38.2378044128418 19.899999618530273
v -11.03725528717041 -41.87532043457031 19.899999618530273
v -77.6885986328125 -38.29694747924805 19.899999618530273
v -94.32686614990234 -27.74823760986328 19.899999618530273
v 6.925789833068848 -27.74823760986328 19.899999618530273
v -8.450538635253906 -41.98714065551758 19.899999618530273
v -77.71369934082031 -41.98685836791992 19.899999618530273
v -97.86393737792969 -31.118921279907227 19.899999618530273
v 10.462859153747559 -31.118921279907227 19.899999618530273
v -96.2005386352539 -3.7353060245513916 12.449999809265137
v -96.21922302246094 -8.687886238098145 12.449999809265137
v -96.2093734741211 1.2851200103759766 12.449999809265137
v -96.2005386352539 3.81257700920105 12.449999809265137
v -96.25453186035156 -1.2353060245513916 12.449999809265137
v -96.25453186035156 -6.2353057861328125 12.449999809265137
v -96.62566375732422 -10.875441551208496 12.449999809265137
v -97.13394927978516 5.088129043579102 12.449999809265137
v -95.26712799072266 5.088129043579102 12.449999809265137
v -95.20906829833984 -5.017510890960693 12.449999809265137
v -95.20906829833984 -7.453102111816406 12.449999809265137
v -95.20906829833984 -2.4531021118164062 12.449999809265137
v -95.20906829833984 -0.017511000856757164 12.449999809265137
v -97.33873748779297 2.457653045654297 12.449999809265137
v -95.00794982910156 2.4180760383605957 12.449999809265137
v -94.99883270263672 -9.842564582824707 12.449999809265137
v -97.32012176513672 -5.016735076904297 12.449999809265137
v -97.28902435302734 0.006711000110954046 12.449999809265137
v -97.32012176513672 -2.4538779258728027 12.449999809265137
v -97.33088684082031 -7.42697286605835 12.449999809265137
v -95.18729400634766 -11.671908378601074 12.449999809265137
v -97.28850555419922 -9.695955276489258 12.449999809265137
v -94.7962875366211 -3.7353060245513916 12.449999809265137
v -94.74299621582031 1.1028159856796265 12.449999809265137
v -94.74150085449219 -8.55623722076416 12.449999809265137
v -97.30774688720703 3.9389560222625732 12.449999809265137
v -95.08653259277344 3.934009075164795 12.449999809265137
v -97.64764404296875 1.2557740211486816 12.449999809265137
v -97.6529541015625 -1.2306170463562012 12.449999809265137
v -97.66132354736328 -6.229926109313965 12.449999809265137
v -97.4192886352539 -11.829055786132812 12.449999809265137
v -94.74449920654297 -1.2353060245513916 12.449999809265137
v -94.74449920654297 -6.2353057861328125 12.449999809265137
v -97.63201141357422 -3.7353060245513916 12.449999809265137
v -97.64788055419922 -8.625970840454102 12.449999809265137
v -96.21871185302734 -12.037306785583496 12.449999809265137
v -97.61009979248047 -10.746796607971191 12.449999809265137
v -96.22162628173828 -9.919086456298828 12.449999809265137
v -96.2005386352539 5.945498943328857 12.449999809265137
v -96.23956298828125 -2.411086082458496 12.449999809265137
v -96.2405014038086 0.009752999991178513 12.449999809265137
v -96.23956298828125 -5.0595269203186035 12.449999809265137
v -96.24482727050781 -7.39781379699707 12.449999809265137
v -96.2005386352539 2.8023979663848877 12.449999809265137
v -97.69544982910156 5.911233901977539 12.449999809265137
v -94.70562744140625 5.911233901977539 12.449999809265137
v -96.2005386352539 4.806812763214111 12.449999809265137
v -94.61994171142578 -11.180093765258789 12.449999809265137
v -97.96603393554688 5.0091872215271 12.449999809265137
v -94.4346923828125 5.008930206298828 12.449999809265137
v -94.43177032470703 -12.18658447265625 12.449999809265137
v -95.6151351928711 -10.840825080871582 12.449999809265137
v -98.06124114990234 -12.471010208129883 12.449999809265137
v -94.32567596435547 -4.9853057861328125 12.449999809265137
v -94.32567596435547 -7.4853057861328125 12.449999809265137
v -94.32567596435547 0.014693999662995338 12.449999809265137
v -94.32567596435547 -2.4853060245513916 12.449999809265137
v -95.7237319946289 9.12515926361084 8.830761909484863
v -96.6773452758789 9.12515926361084 11.069238662719727
v -95.97428131103516 8.53982925415039 8.071954727172852
v -96.04151153564453 9.352946281433105 9.522932052612305
v -96.35956573486328 9.352946281433105 10.377067565917969
v -96.42679595947266 8.53982925415039 11.828044891357422
v -95.41365051269531 7.770382881164551 7.610259056091309
v -95.567626953125 7.814619064331055 12.272608757019043
v -96.9874267578125 7.770382881164551 12.289740562438965
v -96.83345031738281 7.814619064331055 7.6273908615112305
v -94.38813018798828 7.856836795806885 7.644650936126709
v -94.45030212402344 7.900404930114746 12.23658275604248
v -98.01295471191406 7.856836795806885 12.255349159240723
v -97.9507827758789 7.900404930114746 7.663416862487793
v -94.83816528320312 9.005358695983887 8.618099212646484
v -95.06695556640625 9.302032470703125 9.293781280517578
v -95.03084564208984 9.378628730773926 10.184946060180664
v -95.70333862304688 9.116460800170898 11.086444854736328
v -97.56291198730469 9.00535774230957 11.281902313232422
v -97.33412170410156 9.302032470703125 10.606220245361328
v -97.37023162841797 9.378628730773926 9.715055465698242
v -96.69773864746094 9.116460800170898 8.813555717468262
v -94.86295318603516 8.455699920654297 8.001251220703125
v -95.0820083618164 8.633270263671875 11.741630554199219
v -97.53812408447266 8.455699920654297 11.898749351501465
v -97.3190689086914 8.633270263671875 8.158369064331055
v -97.75762176513672 9.138063430786133 8.856915473937988
v -94.6434555053711 9.138063430786133 11.043085098266602
v -96.10547637939453 7.781990051269531 7.61466121673584
v -96.29560089111328 7.781990051269531 12.28533935546875
v -96.17656707763672 -3.8338849544525146 7.449999809265137
v -96.2005386352539 -7.4853057861328125 7.449999809265137
v -96.12091064453125 0.014693999662995338 7.449999809265137
v -96.26280212402344 3.7508139610290527 7.449999809265137
v -96.2005386352539 -9.525493621826172 7.449999809265137
v -96.7474136352539 1.8896939754486084 7.449999809265137
v -96.7474136352539 -1.8603060245513916 7.449999809265137
v -96.7474136352539 -5.6103057861328125 7.449999809265137
v -97.14118957519531 5.157649993896484 7.449999809265137
v -95.26838684082031 5.06220006942749 7.449999809265137
v -97.13394927978516 -11.308741569519043 7.449999809265137
v -95.26712799072266 -11.308741569519043 7.449999809265137
v -95.2239761352539 2.4626100063323975 7.449999809265137
v -95.2239761352539 -2.433223009109497 7.449999809265137
v -95.2239761352539 -6.183222770690918 7.449999809265137
v -97.49917602539062 -8.894603729248047 7.449999809265137
v -95.10881042480469 -8.644984245300293 7.449999809265137
v -95.1192626953125 -0.9726970195770264 7.449999809265137
v -95.11708068847656 -4.714357852935791 7.449999809265137
v -95.1192626953125 1.0020840167999268 7.449999809265137
v -97.15435028076172 0.6227710247039795 7.449999809265137
v -97.03849792480469 -0.5767359733581543 7.449999809265137
v -97.33464050292969 -4.407855987548828 7.449999809265137
v -97.35881042480469 -3.055881977081299 7.449999809265137
v -97.35881042480469 3.085268974304199 7.449999809265137
v -97.31014251708984 -6.775630950927734 7.449999809265137
v -95.12236022949219 3.914067029953003 7.449999809265137
v -94.9798355102539 -7.346367835998535 7.449999809265137
v -97.48883819580078 -10.280311584472656 7.449999809265137
v -94.9417953491211 -10.244651794433594 7.449999809265137
v -94.96084594726562 -3.537846088409424 7.449999809265137
v -97.47891998291016 4.187294960021973 7.449999809265137
v -94.71316528320312 0.014693999662995338 7.449999809265137
v -97.50448608398438 -7.786293983459473 7.449999809265137
v -96.2005386352539 -12.166111946105957 7.449999809265137
v -96.20159912109375 5.93966817855835 7.449999809265137
v -96.15115356445312 1.0463509559631348 7.449999809265137
v -96.05001068115234 -1.165653944015503 7.449999809265137
v -96.15115356445312 -4.766963958740234 7.449999809265137
v -96.2005386352539 -8.510102272033691 7.449999809265137
v -96.09352111816406 -2.944227933883667 7.449999809265137
v -96.12328338623047 -6.619563102722168 7.449999809265137
v -96.18557739257812 2.8185179233551025 7.449999809265137
v -97.85845184326172 -2.1931660175323486 7.449999809265137
v -97.8550033569336 -5.276464939117432 7.449999809265137
v -97.85845184326172 2.222553014755249 7.449999809265137
v -94.70723724365234 5.905901908874512 7.449999809265137
v -97.69711303710938 5.926453113555908 7.449999809265137
v -97.69544982910156 -12.131847381591797 7.449999809265137
v -94.70562744140625 -12.131847381591797 7.449999809265137
v -96.2002944946289 4.74562406539917 7.449999809265137
v -96.2054672241211 -10.805676460266113 7.449999809265137
v -94.4421157836914 5.006093978881836 7.449999809265137
v -97.98658752441406 -11.235305786132812 7.449999809265137
v -94.41449737548828 -11.235305786132812 7.449999809265137
v -98.00321960449219 0.014693999662995338 7.449999809265137
v -98.00321960449219 -3.7353060245513916 7.449999809265137
v -97.9563980102539 5.055060863494873 7.449999809265137
v -94.61412811279297 1.7723180055618286 7.449999809265137
v -94.61412811279297 -5.492929935455322 7.449999809265137
v -94.61412811279297 -1.7429300546646118 7.449999809265137
v -97.90215301513672 -1.196531057357788 7.449999809265137
v -97.98424530029297 -6.159247875213623 7.449999809265137
v -97.98352813720703 1.2459219694137573 7.449999809265137
v -95.7237319946289 -15.345771789550781 11.06923770904541
v -96.6773452758789 -15.345771789550781 8.830760955810547
v -95.97428131103516 -14.760441780090332 11.828044891357422
v -96.04151153564453 -15.573558807373047 10.377067565917969
v -96.35956573486328 -15.573558807373047 9.522932052612305
v -96.42679595947266 -14.760441780090332 8.071954727172852
v -95.41365051269531 -13.990996360778809 12.289740562438965
v -95.567626953125 -14.03523063659668 7.6273908615112305
v -96.9874267578125 -13.990996360778809 7.610259056091309
v -96.83345031738281 -14.035231590270996 12.272608757019043
v -94.38813018798828 -14.077449798583984 12.255349159240723
v -94.45030212402344 -14.121018409729004 7.663416862487793
v -98.01295471191406 -14.077449798583984 7.644650936126709
v -97.9507827758789 -14.121018409729004 12.23658275604248
v -94.83816528320312 -15.225972175598145 11.281901359558105
v -95.06695556640625 -15.522644996643066 10.606219291687012
v -95.03084564208984 -15.599242210388184 9.71505355834961
v -95.70333862304688 -15.337074279785156 8.813554763793945
v -97.56291198730469 -15.225971221923828 8.618098258972168
v -97.33412170410156 -15.522644996643066 9.293780326843262
v -97.37023162841797 -15.599242210388184 10.184945106506348
v -96.69773864746094 -15.337074279785156 11.086443901062012
v -94.86295318603516 -14.676313400268555 11.898749351501465
v -95.0820083618164 -14.853882789611816 8.158369064331055
v -97.53812408447266 -14.676313400268555 8.001251220703125
v -97.3190689086914 -14.853882789611816 11.741630554199219
v -97.75762176513672 -15.358675956726074 11.043085098266602
v -94.6434555053711 -15.358675956726074 8.856915473937988
v -96.10547637939453 -14.002602577209473 12.28533935546875
v -96.29560089111328 -14.002602577209473 7.61466121673584
v -12.593177795410156 -40.16070556640625 9.302034378051758
v -12.503902435302734 -40.23761749267578 10.776336669921875
v -10.72234058380127 -41.02838134765625 11.561712265014648
v -9.443811416625977 -41.61737060546875 9.70641803741455
v -9.700971603393555 -41.041751861572266 9.037566184997559
v -9.58183479309082 -41.0369758605957 10.65054988861084
v -10.395508766174316 -40.65481185913086 8.446738243103027
v -11.376829147338867 -40.71979522705078 8.327705383300781
v -11.46062183380127 -40.954994201660156 11.55448055267334
v -12.14933967590332 -40.496097564697266 8.697056770324707
v -12.114827156066895 -40.8752555847168 11.231711387634277
v -12.556116104125977 -41.249847412109375 9.22132682800293
v -12.540639877319336 -41.33750534057617 10.709305763244629
v -12.665323257446289 -41.99602508544922 9.50761890411377
v -12.66300106048584 -42.017940521240234 10.400641441345215
v -9.53844165802002 -41.90381622314453 10.549365997314453
v -10.118619918823242 -41.718135833740234 8.605962753295898
v -10.102763175964355 -41.64413070678711 11.28260326385498
v -10.986233711242676 -41.64475631713867 8.30242919921875
v -11.05685043334961 -41.75648880004883 11.599891662597656
v -9.428186416625977 -40.371543884277344 9.860045433044434
v -11.916436195373535 -41.55518341064453 8.530240058898926
v -11.92746353149414 -41.6908073425293 11.363170623779297
v -9.748858451843262 -40.14174270629883 8.969232559204102
v -11.00609302520752 -39.9971923828125 8.301469802856445
v -11.85151481628418 -40.155357360839844 11.406249046325684
v -11.686819076538086 -39.970741271972656 8.417330741882324
v -10.955020904541016 -40.223663330078125 11.595579147338867
v -10.144957542419434 -40.5626335144043 11.312409400939941
v -9.669352531433105 -40.122352600097656 10.812899589538574
v -9.694308280944824 -41.746891021728516 9.047686576843262
v -8.504962921142578 -38.3995361328125 9.949999809265137
v -9.143426895141602 -38.399539947509766 11.64559555053711
v -9.143426895141602 -38.399539947509766 8.254404067993164
v -10.741630554199219 -38.39958190917969 12.498923301696777
v -10.741630554199219 -38.39958190917969 7.401076793670654
v -12.503697395324707 -38.4007568359375 12.086237907409668
v -12.503697395324707 -38.4007568359375 7.813762187957764
v -13.279088973999023 -38.275054931640625 11.502289772033691
v -13.279088973999023 -38.275054931640625 8.397709846496582
v -11.711629867553711 -38.26824951171875 12.576164245605469
v -11.711629867553711 -38.26824951171875 7.323835849761963
v -13.513477325439453 -38.433597564697266 10.651634216308594
v -13.513477325439453 -38.433597564697266 9.248366355895996
v -9.814233779907227 -38.268009185791016 12.339777946472168
v -9.814233779907227 -38.268009185791016 7.560222148895264
v -8.548274993896484 -38.26799774169922 10.906254768371582
v -8.548274993896484 -38.26799774169922 8.993744850158691
v -27.593177795410156 -40.16070556640625 9.302034378051758
v -27.503902435302734 -40.23761749267578 10.776336669921875
v -25.722341537475586 -41.02838134765625 11.561712265014648
v -24.443811416625977 -41.61737060546875 9.70641803741455
v -24.700971603393555 -41.041751861572266 9.037566184997559
v -24.58183479309082 -41.0369758605957 10.65054988861084
v -25.395509719848633 -40.65481185913086 8.446738243103027
v -26.376829147338867 -40.71979522705078 8.327705383300781
v -26.460622787475586 -40.954994201660156 11.55448055267334
v -27.14933967590332 -40.496097564697266 8.697056770324707
v -27.114826202392578 -40.8752555847168 11.231711387634277
v -27.556116104125977 -41.249847412109375 9.22132682800293
v -27.540639877319336 -41.33750534057617 10.709305763244629
v -27.66532325744629 -41.99602508544922 9.50761890411377
v -27.663000106811523 -42.017940521240234 10.400641441345215
v -24.538442611694336 -41.90381622314453 10.549365997314453
v -25.118619918823242 -41.718135833740234 8.605962753295898
v -25.10276222229004 -41.64413070678711 11.28260326385498
v -25.986234664916992 -41.64475631713867 8.30242919921875
v -26.05685043334961 -41.75648880004883 11.599891662597656
v -24.428186416625977 -40.371543884277344 9.860045433044434
v -26.91643524169922 -41.55518341064453 8.530240058898926
v -26.92746353149414 -41.6908073425293 11.363170623779297
v -24.748857498168945 -40.14174270629883 8.969232559204102
v -26.006092071533203 -39.9971923828125 8.301469802856445
v -26.85151481628418 -40.155357360839844 11.406249046325684
v -26.686819076538086 -39.970741271972656 8.417330741882324
v -25.955020904541016 -40.223663330078125 11.595579147338867
v -25.14495849609375 -40.5626335144043 11.312409400939941
v -24.669353485107422 -40.122352600097656 10.812899589538574
v -24.694307327270508 -41.746891021728516 9.047686576843262
v -23.504962921142578 -38.3995361328125 9.949999809265137
v -24.1434268951416 -38.399539947509766 11.64559555053711
v -24.1434268951416 -38.399539947509766 8.254404067993164
v -25.74163055419922 -38.39958190917969 12.498923301696777
v -25.74163055419922 -38.39958190917969 7.401076793670654
v -27.50369644165039 -38.4007568359375 12.086237907409668
v -27.50369644165039 -38.4007568359375 7.813762187957764
v -28.279088973999023 -38.275054931640625 11.502289772033691
v -28.279088973999023 -38.275054931640625 8.397709846496582
v -26.71162986755371 -38.26824951171875 12.576164245605469
v -26.71162986755371 -38.26824951171875 7.323835849761963
v -28.513477325439453 -38.433597564697266 10.651634216308594
v -28.513477325439453 -38.433597564697266 9.248366355895996
v -24.814233779907227 -38.268009185791016 12.339777946472168
v -24.814233779907227 -38.268009185791016 7.560222148895264
v -23.548274993896484 -38.26799774169922 10.906254768371582
v -23.548274993896484 -38.26799774169922 8.993744850158691
v 9.276268005371094 -15.345771789550781 11.06923770904541
v 8.322654724121094 -15.345771789550781 8.830760955810547
v 9.025718688964844 -14.760441780090332 11.828044891357422
v 8.958486557006836 -15.573558807373047 10.377067565917969
v 8.640435218811035 -15.573558807373047 9.522932052612305
v 8.573203086853027 -14.760441780090332 8.071954727172852
v 9.586345672607422 -13.990996360778809 12.289740562438965
v 9.43237018585205 -14.03523063659668 7.6273908615112305
v 8.012575149536133 -13.990996360778809 7.610259056091309
v 8.16655158996582 -14.035231590270996 12.272608757019043
v 10.611872673034668 -14.077449798583984 12.255349159240723
v 10.549699783325195 -14.121018409729004 7.663416862487793
v 6.987049102783203 -14.077449798583984 7.644650936126709
v 7.049221038818359 -14.121018409729004 12.23658275604248
v 10.161832809448242 -15.225972175598145 11.281901359558105
v 9.933040618896484 -15.522644996643066 10.606219291687012
v 9.969157218933105 -15.599242210388184 9.71505355834961
v 9.296664237976074 -15.337074279785156 8.813554763793945
v 7.437088966369629 -15.225971221923828 8.618098258972168
v 7.665881156921387 -15.522644996643066 9.293780326843262
v 7.629765033721924 -15.599242210388184 10.184945106506348
v 8.302257537841797 -15.337074279785156 11.086443901062012
v 10.137045860290527 -14.676313400268555 11.898749351501465
v 9.917990684509277 -14.853882789611816 8.158369064331055
v 7.461874961853027 -14.676313400268555 8.001251220703125
v 7.680931091308594 -14.853882789611816 11.741630554199219
v 7.242374897003174 -15.358675956726074 11.043085098266602
v 10.356547355651855 -15.358675956726074 8.856915473937988
v 8.894519805908203 -14.002602577209473 12.28533935546875
v 8.704401969909668 -14.002602577209473 7.61466121673584
v 8.799461364746094 -7.4853057861328125 7.449999809265137
v 8.799461364746094 -1.2353060245513916 7.449999809265137
v 8.766565322875977 2.5944299697875977 7.449999809265137
v 8.799461364746094 -10.03318977355957 7.449999809265137
v 8.799461364746094 -4.9228057861328125 7.449999809265137
v 8.375577926635742 4.646162033081055 7.449999809265137
v 8.252586364746094 0.6396939754486084 7.449999809265137
v 9.369772911071777 -3.0790560245513916 7.449999809265137
v 7.866051197052002 -11.308741569519043 7.449999809265137
v 9.732870101928711 -11.308741569519043 7.449999809265137
v 7.829028129577637 -2.545562982559204 7.449999809265137
v 9.776022911071777 0.06677699834108353 7.449999809265137
v 9.993185043334961 -8.636324882507324 7.449999809265137
v 7.605735778808594 -8.636324882507324 7.449999809265137
v 9.791647911071777 -6.2040557861328125 7.449999809265137
v 7.653189182281494 -6.312801837921143 7.449999809265137
v 9.9121732711792 3.71042799949646 7.449999809265137
v 9.812705993652344 5.451294898986816 7.449999809265137
v 9.88107681274414 1.5398980379104614 7.449999809265137
v 7.6168532371521 3.599884033203125 7.449999809265137
v 7.702454090118408 -4.0018110275268555 7.449999809265137
v 7.691380977630615 1.7802189588546753 7.449999809265137
v 7.6411919593811035 -0.5558819770812988 7.449999809265137
v 9.912629127502441 -4.241643905639648 7.449999809265137
v 9.965213775634766 -1.8847930431365967 7.449999809265137
v 7.331460952758789 -7.481009006500244 7.449999809265137
v 10.236642837524414 -7.459259986877441 7.449999809265137
v 9.913607597351074 -10.154327392578125 7.449999809265137
v 7.6853132247924805 -10.154327392578125 7.449999809265137
v 7.5807108879089355 5.6084442138671875 7.449999809265137
v 10.227094650268555 2.6000590324401855 7.449999809265137
v 7.59224796295166 -5.192605972290039 7.449999809265137
v 8.781375885009766 5.816062927246094 7.449999809265137
v 7.333237171173096 4.617506980895996 7.449999809265137
v 7.5332350730896 -1.5315920114517212 7.449999809265137
v 10.127949714660645 -0.9144440293312073 7.449999809265137
v 8.80003547668457 3.7558670043945312 7.449999809265137
v 10.26934814453125 -5.200669765472412 7.449999809265137
v 8.799461364746094 -12.166111946105957 7.449999809265137
v 8.727371215820312 -3.890428066253662 7.449999809265137
v 8.848848342895508 1.4830360412597656 7.449999809265137
v 8.799461364746094 -9.023011207580566 7.449999809265137
v 8.700241088867188 -5.975266933441162 7.449999809265137
v 8.799461364746094 -0.21805399656295776 7.449999809265137
v 8.726743698120117 -2.1099560260772705 7.449999809265137
v 7.14154577255249 0.30683401226997375 7.449999809265137
v 10.468998908996582 -2.757620096206665 7.449999809265137
v 7.30455207824707 -12.131847381591797 7.449999809265137
v 10.2943696975708 -12.131847381591797 7.449999809265137
v 8.799461364746094 -11.027425765991211 7.449999809265137
v 10.359505653381348 4.863753795623779 7.449999809265137
v 7.220633029937744 2.649635076522827 7.449999809265137
v 7.033603191375732 -11.229527473449707 7.449999809265137
v 10.56531810760498 -11.229527473449707 7.449999809265137
v 10.564119338989258 5.946825981140137 7.449999809265137
v 10.385872840881348 0.757070004940033 7.449999809265137
v 9.395496368408203 4.591973781585693 7.449999809265137
v 7.207119941711426 -3.214901924133301 7.449999809265137
v 7.015614986419678 1.186900019645691 7.449999809265137
v 10.56840991973877 -3.6202449798583984 7.449999809265137
v 6.943387985229492 6.2457661628723145 7.449999809265137
v 9.276268005371094 9.12515926361084 8.830761909484863
v 8.322654724121094 9.12515926361084 11.069238662719727
v 9.025718688964844 8.53982925415039 8.071954727172852
v 8.958486557006836 9.352946281433105 9.522932052612305
v 8.640435218811035 9.352946281433105 10.377067565917969
v 8.573203086853027 8.53982925415039 11.828044891357422
v 9.586345672607422 7.770382881164551 7.610259056091309
v 9.43237018585205 7.814619064331055 12.272608757019043
v 8.012575149536133 7.770382881164551 12.289740562438965
v 8.16655158996582 7.814619064331055 7.6273908615112305
v 10.611872673034668 7.856836795806885 7.644650936126709
v 10.549699783325195 7.900404930114746 12.23658275604248
v 6.987049102783203 7.856836795806885 12.255349159240723
v 7.049221038818359 7.900404930114746 7.663416862487793
v 10.161832809448242 9.005358695983887 8.618099212646484
v 9.933040618896484 9.302032470703125 9.293781280517578
v 9.969157218933105 9.378628730773926 10.184946060180664
v 9.296664237976074 9.116460800170898 11.086444854736328
v 7.437088966369629 9.00535774230957 11.281902313232422
v 7.665881156921387 9.302032470703125 10.606220245361328
v 7.629765033721924 9.378628730773926 9.715055465698242
v 8.302257537841797 9.116460800170898 8.813555717468262
v 10.137045860290527 8.455699920654297 8.001251220703125
v 9.917990684509277 8.633270263671875 11.741630554199219
v 7.461874961853027 8.455699920654297 11.898749351501465
v 7.680931091308594 8.633270263671875 8.158369064331055
v 7.242374897003174 9.138063430786133 8.856915473937988
v 10.356547355651855 9.138063430786133 11.043085098266602
v 8.894519805908203 7.781990051269531 7.61466121673584
v 8.704401969909668 7.781990051269531 12.28533935546875
v 8.799461364746094 -7.4853057861328125 12.449999809265137
v 8.799461364746094 -1.2353060245513916 12.449999809265137
v 8.766565322875977 2.5944299697875977 12.449999809265137
v 8.799461364746094 -10.03318977355957 12.449999809265137
v 8.799461364746094 -4.9228057861328125 12.449999809265137
v 8.375577926635742 4.646162033081055 12.449999809265137
v 8.252586364746094 0.6396939754486084 12.449999809265137
v 9.369772911071777 -3.0790560245513916 12.449999809265137
v 7.866051197052002 -11.308741569519043 12.449999809265137
v 9.732870101928711 -11.308741569519043 12.449999809265137
v 7.829028129577637 -2.545562982559204 12.449999809265137
v 9.776022911071777 0.06677699834108353 12.449999809265137
v 9.993185043334961 -8.636324882507324 12.449999809265137
v 7.605735778808594 -8.636324882507324 12.449999809265137
v 9.791647911071777 -6.2040557861328125 12.449999809265137
v 7.653189182281494 -6.312801837921143 12.449999809265137
v 9.9121732711792 3.71042799949646 12.449999809265137
v 9.812705993652344 5.451294898986816 12.449999809265137
v 9.88107681274414 1.5398980379104614 12.449999809265137
v 7.6168532371521 3.599884033203125 12.449999809265137
v 7.702454090118408 -4.0018110275268555 12.449999809265137
v 7.691380977630615 1.7802189588546753 12.449999809265137
v 7.6411919593811035 -0.5558819770812988 12.449999809265137
v 9.912629127502441 -4.241643905639648 12.449999809265137
v 9.965213775634766 -1.8847930431365967 12.449999809265137
v 7.331460952758789 -7.481009006500244 12.449999809265137
v 10.236642837524414 -7.459259986877441 12.449999809265137
v 9.913607597351074 -10.154327392578125 12.449999809265137
v 7.6853132247924805 -10.154327392578125 12.449999809265137
v 7.5807108879089355 5.6084442138671875 12.449999809265137
v 10.227094650268555 2.6000590324401855 12.449999809265137
v 7.59224796295166 -5.192605972290039 12.449999809265137
v 8.781375885009766 5.816062927246094 12.449999809265137
v 7.333237171173096 4.617506980895996 12.449999809265137
v 7.5332350730896 -1.5315920114517212 12.449999809265137
v 10.127949714660645 -0.9144440293312073 12.449999809265137
v 8.80003547668457 3.7558670043945312 12.449999809265137
v 10.26934814453125 -5.200669765472412 12.449999809265137
v 8.799461364746094 -12.166111946105957 12.449999809265137
v 8.727371215820312 -3.890428066253662 12.449999809265137
v 8.848848342895508 1.4830360412597656 12.449999809265137
v 8.799461364746094 -9.023011207580566 12.449999809265137
v 8.700241088867188 -5.975266933441162 12.449999809265137
v 8.799461364746094 -0.21805399656295776 12.449999809265137
v 8.726743698120117 -2.1099560260772705 12.449999809265137
v 7.14154577255249 0.30683401226997375 12.449999809265137
v 10.468998908996582 -2.757620096206665 12.449999809265137
v 7.30455207824707 -12.131847381591797 12.449999809265137
v 10.2943696975708 -12.131847381591797 12.449999809265137
v 8.799461364746094 -11.027425765991211 12.449999809265137
v 10.359505653381348 4.863753795623779 12.449999809265137
v 7.220633029937744 2.649635076522827 12.449999809265137
v 7.033603191375732 -11.229527473449707 12.449999809265137
v 10.56531810760498 -11.229527473449707 12.449999809265137
v 10.564119338989258 5.946825981140137 12.449999809265137
v 10.385872840881348 0.757070004940033 12.449999809265137
v 9.395496368408203 4.591973781585693 12.449999809265137
v 7.207119941711426 -3.214901924133301 12.449999809265137
v 7.015614986419678 1.186900019645691 12.449999809265137
v 10.56840991973877 -3.6202449798583984 12.449999809265137
v 6.943387985229492 6.2457661628723145 12.449999809265137
v -95.86503601074219 12.959066390991211 15.317301750183105
v -96.53604125976562 8.80699634552002 19.469371795654297
v -96.13129425048828 13.238497734069824 14.347023963928223
v -96.08148956298828 12.532540321350098 16.25640296936035
v -96.1815414428711 11.79654312133789 17.34589385986328
v -96.21953582763672 10.835588455200195 18.30685043334961
v -96.31958770751953 9.74609661102295 19.0428466796875
v -96.26978302001953 7.8367180824279785 19.748804092407227
v -95.34989166259766 13.333810806274414 13.782744407653809
v -97.14657592773438 13.31187915802002 13.940839767456055
v -95.25450134277344 7.4305338859558105 19.822185516357422
v -97.05118560791016 7.272438049316406 19.8441162109375
v -97.98779296875 13.347314834594727 13.669088363647461
v -94.40988159179688 13.30745792388916 13.969827651977539
v -94.41328430175781 7.158782005310059 19.857622146606445
v -97.99120330810547 7.459521770477295 19.817764282226562
v -95.05722045898438 13.135040283203125 14.770910263061523
v -97.34385681152344 8.260603904724121 19.64534568786621
v -94.88668823242188 12.741848945617676 15.841109275817871
v -94.91532135009766 12.143880844116211 16.886140823364258
v -94.94111633300781 11.309558868408203 17.879451751708984
v -94.92923736572266 10.165471076965332 18.794361114501953
v -95.23258972167969 8.793106079101562 19.47446632385254
v -97.51438903808594 9.330802917480469 19.252155303955078
v -97.48575592041016 10.375835418701172 18.65418815612793
v -97.4599609375 11.369144439697266 17.81986427307129
v -97.47184753417969 12.284055709838867 16.675777435302734
v -97.16848754882812 12.964159965515137 15.303413391113281
v -94.46028900146484 7.962914943695068 19.720922470092773
v -97.94078826904297 13.210615158081055 14.473220825195312
v -98.0103530883789 12.698246955871582 15.933504104614258
v -94.3907241821289 9.423197746276855 19.208553314208984
v 9.134963035583496 12.959066390991211 15.317301750183105
v 8.463957786560059 8.80699634552002 19.469371795654297
v 8.868706703186035 13.238497734069824 14.347023963928223
v 8.918512344360352 12.532540321350098 16.25640296936035
v 8.818455696105957 11.79654312133789 17.34589385986328
v 8.780466079711914 10.835588455200195 18.30685043334961
v 8.68040943145752 9.74609661102295 19.0428466796875
v 8.73021411895752 7.8367180824279785 19.748804092407227
v 9.650105476379395 13.333810806274414 13.782744407653809
v 9.745494842529297 7.4305338859558105 19.822185516357422
v 7.853425979614258 13.31187915802002 13.940839767456055
v 7.948815822601318 7.272438049316406 19.8441162109375
v 10.590121269226074 13.30745792388916 13.969827651977539
v 10.586716651916504 7.158782005310059 19.857622146606445
v 7.012204170227051 13.347314834594727 13.669088363647461
v 7.008800029754639 7.459521770477295 19.817764282226562
v 9.942777633666992 13.135040283203125 14.770910263061523
v 7.6561431884765625 8.260603904724121 19.64534568786621
v 10.113308906555176 12.741848945617676 15.841109275817871
v 10.08467960357666 12.143880844116211 16.886140823364258
v 10.058880805969238 11.309558868408203 17.879451751708984
v 10.07076644897461 10.165471076965332 18.794361114501953
v 9.767411231994629 8.793106079101562 19.47446632385254
v 7.485611915588379 9.330802917480469 19.252155303955078
v 7.5142412185668945 10.375835418701172 18.65418815612793
v 7.540040016174316 11.369144439697266 17.81986427307129
v 7.5281548500061035 12.284055709838867 16.675777435302734
v 7.831510066986084 12.964159965515137 15.303413391113281
v 10.539709091186523 7.962914943695068 19.720922470092773
v 7.0592122077941895 13.210615158081055 14.473220825195312
v 6.989646911621094 12.698246955871582 15.933504104614258
v 10.609273910522461 9.423197746276855 19.208553314208984
v -95.86503601074219 8.806995391845703 0.4306280016899109
v -96.53604125976562 12.959066390991211 4.582697868347168
v -96.13129425048828 7.8367180824279785 0.15119600296020508
v -96.08148956298828 9.746095657348633 0.8571540117263794
v -96.1815414428711 10.835588455200195 1.593150019645691
v -96.21953582763672 11.79654312133789 2.5541059970855713
v -96.31958770751953 12.532540321350098 3.643596887588501
v -96.26978302001953 13.238497734069824 5.552975177764893
v -95.25450134277344 13.31187915802002 5.959159851074219
v -97.05118560791016 13.333810806274414 6.117256164550781
v -95.34989166259766 7.272438049316406 0.055883001536130905
v -97.14657592773438 7.430532932281494 0.0778139978647232
v -97.99120330810547 13.30745792388916 5.930171966552734
v -94.41328430175781 13.347314834594727 6.230912208557129
v -94.40988159179688 7.459521770477295 0.08223500102758408
v -97.98779296875 7.158782005310059 0.04237800091505051
v -95.05722045898438 8.260602951049805 0.2546539902687073
v -97.34385681152344 13.135040283203125 5.129089832305908
v -94.88668823242188 9.330802917480469 0.6478449702262878
v -94.91532135009766 10.375835418701172 1.2458120584487915
v -94.94111633300781 11.369144439697266 2.0801351070404053
v -94.92923736572266 12.284055709838867 3.2242228984832764
v -95.23258972167969 12.964159965515137 4.596587181091309
v -97.51438903808594 12.741848945617676 4.058889865875244
v -97.48575592041016 12.143880844116211 3.0138590335845947
v -97.4599609375 11.309557914733887 2.0205490589141846
v -97.47184753417969 10.165470123291016 1.105638027191162
v -97.16848754882812 8.793106079101562 0.4255340099334717
v -94.46028900146484 13.210615158081055 5.426778793334961
v -97.94078826904297 7.962914943695068 0.17907799780368805
v -98.0103530883789 9.423197746276855 0.6914460062980652
v -94.3907241821289 12.698246955871582 3.966495990753174
v 9.134963035583496 8.806995391845703 0.4306280016899109
v 8.463957786560059 12.959066390991211 4.582697868347168
v 8.868706703186035 7.8367180824279785 0.15119600296020508
v 8.918512344360352 9.746095657348633 0.8571540117263794
v 8.818455696105957 10.835588455200195 1.593150019645691
v 8.780466079711914 11.79654312133789 2.5541059970855713
v 8.68040943145752 12.532540321350098 3.643596887588501
v 8.73021411895752 13.238497734069824 5.552975177764893
v 9.650105476379395 7.272438049316406 0.055883001536130905
v 9.745494842529297 13.31187915802002 5.959159851074219
v 7.948815822601318 13.333810806274414 6.117256164550781
v 7.853425979614258 7.430532932281494 0.0778139978647232
v 10.590121269226074 7.459521770477295 0.08223500102758408
v 10.586716651916504 13.347314834594727 6.230912208557129
v 7.008800029754639 13.30745792388916 5.930171966552734
v 7.012204170227051 7.158782005310059 0.04237800091505051
v 9.942777633666992 8.260602951049805 0.2546539902687073
v 7.6561431884765625 13.135040283203125 5.129089832305908
v 10.113308906555176 9.330802917480469 0.6478449702262878
v 10.08467960357666 10.375835418701172 1.2458120584487915
v 10.058880805969238 11.369144439697266 2.0801351070404053
v 10.07076644897461 12.284055709838867 3.2242228984832764
v 9.767411231994629 12.964159965515137 4.596587181091309
v 7.485611915588379 12.741848945617676 4.058889865875244
v 7.5142412185668945 12.143880844116211 3.0138590335845947
v 7.540040016174316 11.309557914733887 2.0205490589141846
v 7.5281548500061035 10.165470123291016 1.105638027191162
v 7.831510066986084 8.793106079101562 0.4255340099334717
v 10.539709091186523 13.210615158081055 5.426778793334961
v 7.0592122077941895 7.962914943695068 0.17907799780368805
v 6.989646911621094 9.423197746276855 0.6914460062980652
v 10.609273910522461 12.698246955871582 3.966495990753174
v -91.57638549804688 -35.039344787597656 13.815187454223633
v -91.66136169433594 -34.94590759277344 5.656990051269531
v -91.73011779785156 -34.868080139160156 16.08156967163086
v -91.10686492919922 -35.50705337524414 12.587011337280273
v -90.97242736816406 -35.62754821777344 11.179367065429688
v -91.14764404296875 -35.46940231323242 9.778070449829102
v -91.19966125488281 -35.42060852050781 8.422989845275879
v -91.15100860595703 -35.466278076171875 6.894155979156494
v -91.66292572021484 -34.94415283203125 3.8346219062805176
v -90.29800415039062 -36.15731430053711 2.91142201423645
v -88.33029174804688 -37.16572570800781 16.62770652770996
v -88.54993438720703 -37.085662841796875 3.1609139442443848
v -93.14298248291016 -32.54460144042969 16.403467178344727
v -93.01471710205078 -32.85111618041992 3.7479050159454346
v -88.69075012207031 -37.03045654296875 17.66440773010254
v -88.80201721191406 -36.98464584350586 2.152695894241333
v -93.01864624023438 -32.84223175048828 17.557249069213867
v -92.97403717041016 -32.94140625 2.4118781089782715
v -87.76145935058594 -37.34028625488281 17.12867546081543
v -87.91114044189453 -37.29882049560547 2.7122700214385986
v -93.41905975341797 -31.713754653930664 16.83828353881836
v -93.40145874023438 -31.777292251586914 3.270287036895752
v -87.779052734375 -37.335575103759766 18.000457763671875
v -87.85574340820312 -37.31453323364258 1.8605600595474243
v -93.40406036376953 -31.76803970336914 17.913589477539062
v -93.3936538696289 -31.80484962463379 2.070425033569336
v -86.78426361083984 -37.536563873291016 18.256900787353516
v -86.81839752197266 -37.531822204589844 1.6289620399475098
v -93.62411499023438 -30.713478088378906 18.22907829284668
v -93.62293243408203 -30.72189712524414 1.7119920253753662
v -86.81301879882812 -37.53257751464844 19.271060943603516
v -86.82351684570312 -37.531097412109375 0.6239370107650757
v -93.62136840820312 -30.733003616333008 19.262310028076172
v -93.6208267211914 -30.736820220947266 0.6492769718170166
v -90.03273010253906 -36.335792541503906 15.349405288696289
v -90.10091400146484 -36.29137420654297 4.644876003265381
v -92.6897201538086 -33.502777099609375 15.253337860107422
v -92.71631622314453 -33.45463943481445 4.655375003814697
v -88.46306610107422 -37.11819839477539 13.891453742980957
v -88.99290466308594 -36.90142059326172 12.96703052520752
v -88.3247299194336 -37.167659759521484 12.038880348205566
v -88.87852478027344 -36.951995849609375 11.232921600341797
v -88.45652770996094 -37.120601654052734 10.405929565429688
v -88.91935729980469 -36.93418884277344 8.917156219482422
v -88.54936981201172 -37.085880279541016 8.100237846374512
v -89.33918762207031 -36.734928131103516 7.470952033996582
v -89.28480529785156 -36.7624397277832 6.514401912689209
v -89.26459503173828 -36.77253723144531 5.477071762084961
v -93.22300720214844 -32.3328971862793 13.96503734588623
v -92.94551849365234 -33.00299072265625 13.230353355407715
v -93.11302185058594 -32.61948013305664 12.172063827514648
v -92.9466323852539 -33.0006103515625 9.092225074768066
v -93.12333679199219 -32.59395217895508 8.150300979614258
v -92.73348999023438 -33.42313003540039 7.415905952453613
v -92.85096740722656 -33.19797897338867 6.427684783935547
v -92.99744415283203 -32.889808654785156 5.536470890045166
v -88.09364318847656 -37.24398422241211 15.584723472595215
v -88.44151306152344 -37.126094818115234 4.11693811416626
v -92.36225128173828 -34.039939880371094 2.347348928451538
v -92.4043960571289 -33.975887298583984 17.5478458404541
v -89.7718505859375 -36.49684524536133 2.2494869232177734
v -89.69780731201172 -36.54008483886719 17.502891540527344
v -91.42374420166016 -35.20001983642578 1.9160610437393188
v -91.47347259521484 -35.148651123046875 17.95846176147461
v -93.46544647216797 -31.535449981689453 15.727041244506836
v -93.44866180419922 -31.60193634033203 4.496126174926758
v -90.96965789794922 -35.629974365234375 1.1994669437408447
v -90.98909759521484 -35.6129035949707 18.6572322845459
v -92.38512420654297 -34.00534439086914 16.319772720336914
v -92.37781524658203 -34.016441345214844 3.584069013595581
v -93.62444305419922 -30.71109962463379 17.14185333251953
v -93.62520599365234 -30.705604553222656 2.8808140754699707
v -86.81820678710938 -37.5318489074707 17.18844985961914
v -86.90475463867188 -37.5191535949707 2.686702013015747
v -93.60984802246094 -30.811487197875977 16.289600372314453
v -93.63041687011719 -30.667192459106445 4.013157844543457
v -87.14631652832031 -37.478580474853516 16.16413688659668
v -87.39691925048828 -37.428382873535156 3.699021100997925
v -88.74803161621094 -37.00711441040039 1.110901951789856
v -88.70134735107422 -37.02617645263672 18.7523250579834
v -93.04737854003906 -32.776363372802734 1.207000970840454
v -93.06221771240234 -32.74171829223633 18.727855682373047
v -92.56517028808594 -33.718448638916016 1.2139300107955933
v -92.58782196044922 -33.68035888671875 18.7015323638916
v -89.51644897460938 -36.64158248901367 1.2022349834442139
v -89.4735107421875 -36.66471481323242 18.639057159423828
v -87.88395690917969 -37.306583404541016 0.870727002620697
v -87.85588073730469 -37.31449508666992 19.013456344604492
v -93.3891830444336 -31.820453643798828 0.939782977104187
v -93.39323425292969 -31.806306838989258 18.988805770874023
v -91.20783233642578 -35.412872314453125 16.858036041259766
v -91.05951690673828 -35.55012130737305 3.055295944213867
v -91.60896301269531 -35.003868103027344 15.036725044250488
v -91.48474884033203 -35.13687515258789 4.704040050506592
v -87.93968963623047 -37.29055404663086 14.634390830993652
v -88.35025024414062 -37.15875244140625 5.090970993041992
v -93.37930297851562 -31.854551315307617 14.752593040466309
v -93.3735122680664 -31.874265670776367 5.50864315032959
v -87.78535461425781 -37.33387756347656 11.111247062683105
v -88.30989074707031 -37.17279815673828 7.162202835083008
v -93.23460388183594 -32.30064010620117 11.001120567321777
v -88.16217041015625 -37.222164154052734 9.539917945861816
v -87.98257446289062 -37.27791976928711 8.753873825073242
v -93.30489349365234 -32.09503173828125 9.836626052856445
v -93.3453369140625 -31.9676456451416 8.887967109680176
v -93.22938537597656 -32.3151969909668 7.140355110168457
v -87.79544830322266 -37.331146240234375 12.939425468444824
v -93.38571166992188 -31.832509994506836 13.018111228942871
v -92.78829193115234 -33.320255279541016 14.208052635192871
v -89.74417114257812 -36.51313400268555 14.026366233825684
v -87.61546325683594 -37.377742767333984 4.666968822479248
v -86.9660415649414 -37.509578704833984 11.937278747558594
v -93.56053924560547 -31.10042381286621 11.905296325683594
v -87.31498718261719 -37.445709228515625 10.178811073303223
v -87.02084350585938 -37.50060272216797 9.191534996032715
v -87.2071533203125 -37.46715545654297 8.019973754882812
v -93.58760070800781 -30.949832916259766 10.535333633422852
v -93.59410858154297 -30.910924911499023 9.325275421142578
v -93.54624938964844 -31.17391014099121 8.035313606262207
v -90.2962417602539 -36.15855407714844 5.936244964599609
v -88.27967834472656 -37.18315505981445 6.103081226348877
v -93.23896789550781 -32.28839111328125 6.237541198730469
v -89.42630004882812 -36.689762115478516 12.048564910888672
v -92.20640563964844 -34.265811920166016 6.634174823760986
v -92.53250885009766 -33.77253341674805 12.501338005065918
v -90.08831024169922 -36.299659729003906 6.931128978729248
v -89.31773376464844 -36.745845794677734 10.581535339355469
v -92.65374755859375 -33.56667709350586 11.381477355957031
v -89.19544219970703 -36.80653381347656 9.791625022888184
v -92.7817153930664 -33.332794189453125 10.178629875183105
v -89.44229888916016 -36.68132019042969 8.273907661437988
v -92.64888000488281 -33.575218200683594 8.328363418579102
v -92.46077728271484 -33.8880615234375 5.59735107421875
v -87.25708770751953 -37.45741653442383 13.836949348449707
v -91.96891021728516 -34.58097457885742 1.2972389459609985
v -91.99661254882812 -34.545841217041016 18.597429275512695
v -93.54505157470703 -31.179899215698242 13.858065605163574
v -92.2325668334961 -34.229026794433594 14.547094345092773
v -90.33180236816406 -36.13344955444336 1.1212769746780396
v -90.32259368896484 -36.13998031616211 18.71795654296875
v -90.98161315917969 -35.61948776245117 15.746414184570312
v -90.9649658203125 -35.63407897949219 4.179163932800293
v -90.07184600830078 -36.310428619384766 12.863519668579102
v -92.37317657470703 -34.02345275878906 13.525979995727539
v -91.42527770996094 -35.198455810546875 0.8825539946556091
v -91.4450912475586 -35.17808151245117 19.00262451171875
v -92.0713882446289 -34.44892883300781 7.811194896697998
v -90.24583435058594 -36.193641662597656 7.83907413482666
v -90.12443542480469 -36.27582550048828 10.264191627502441
v -92.00251770019531 -34.53829574584961 10.589424133300781
v -90.07514953613281 -36.30827331542969 9.04100227355957
v -92.17948913574219 -34.303199768066406 9.171557426452637
v -91.91648864746094 -34.6463737487793 11.848746299743652
v -89.86148834228516 -36.443058013916016 11.213981628417969
v -90.80567932128906 -35.769649505615234 14.5914888381958
v -90.9463882446289 -35.65026092529297 5.1729631423950195
v -92.15320587158203 -34.339271545410156 15.447699546813965
v -92.09231567382812 -34.4212532043457 4.672073841094971
v -89.22410583496094 -36.792537689208984 16.226076126098633
v -89.50463104248047 -36.64798355102539 3.510516881942749
v -92.78472900390625 -33.327056884765625 16.774738311767578
v -92.7051773071289 -33.47489547729492 3.0227999687194824
v -88.99423217773438 -36.900821685791016 17.005271911621094
v -89.16541290283203 -36.821041107177734 2.7684030532836914
v -93.13136291503906 -32.57390213012695 15.485453605651855
v -93.14209747314453 -32.54683303833008 4.788904190063477
v -90.33354187011719 -36.1322135925293 16.565231323242188
v -90.4039306640625 -36.08163833618164 3.660254955291748
v -93.62387084960938 -30.71518898010254 14.752671241760254
v -93.61892700195312 -30.75010108947754 5.4164228439331055
v -86.89364624023438 -37.52083969116211 14.90971565246582
v -86.5707778930664 -37.56283187866211 4.816935062408447
v -90.69400024414062 -35.86053466796875 17.70996856689453
v -90.66191864013672 -35.88603210449219 2.0755019187927246
v -91.88259887695312 -34.68791961669922 17.093935012817383
v -91.82559204101562 -34.75654220581055 2.804949998855591
v -92.19418334960938 -34.282840728759766 0.6277920007705688
v -92.20716094970703 -34.26475143432617 19.27474021911621
v -88.9361801147461 -36.9267692565918 14.952069282531738
v -89.1470947265625 -36.829811096191406 4.568075180053711
v -91.90900421142578 -34.65559768676758 2.091399908065796
v -91.95323944091797 -34.60066604614258 17.79941749572754
v -92.84896850585938 -33.20196533203125 16.047353744506836
v -93.068115234375 -32.72780990600586 14.732894897460938
v -87.2785873413086 -37.453121185302734 5.609986782073975
v -86.69905090332031 -37.54774856567383 10.87421703338623
v -87.09146118164062 -37.488460540771484 6.762749195098877
v -93.62960815429688 -30.673259735107422 12.980045318603516
v -90.68972778320312 -35.863948822021484 13.576715469360352
v -93.56024932861328 -31.101930618286133 6.574217796325684
v -90.31100463867188 -36.14816665649414 11.97848892211914
v -91.93409729003906 -34.62456512451172 12.855652809143066
v -91.03152465820312 -35.57525634765625 5.915088176727295
v -89.33723449707031 -36.73592758178711 0.5782840251922607
v -89.31512451171875 -36.74716567993164 19.2978458404541
v -92.77255249023438 -33.35017776489258 0.6052330136299133
v -92.78211212158203 -33.3320426940918 19.30734634399414
v -93.6552505493164 -30.460376739501953 15.572611808776855
v -93.63119506835938 -30.661376953125 4.725176811218262
v -86.68940734863281 -37.548954010009766 12.96648120880127
v -86.36261749267578 -37.582862854003906 15.541900634765625
v 3.728498935699463 -35.48615264892578 13.815187454223633
v 3.635061025619507 -35.57112503051758 5.656990051269531
v 3.5572350025177 -35.63988494873047 16.08156967163086
v 4.196208953857422 -35.016632080078125 12.587011337280273
v 4.316701889038086 -34.88219451904297 11.179367065429688
v 4.158557891845703 -35.05741500854492 9.778070449829102
v 4.109764099121094 -35.109432220458984 8.422989845275879
v 4.155430793762207 -35.06077575683594 6.894155979156494
v 3.6333069801330566 -35.572696685791016 3.8346219062805176
v 4.846469879150391 -34.207767486572266 2.91142201423645
v 1.2337559461593628 -37.0527458190918 16.403467178344727
v 1.5402710437774658 -36.92448043823242 3.7479050159454346
v 5.854881763458252 -32.24006271362305 16.62770652770996
v 5.774817943572998 -32.45969772338867 3.1609139442443848
v 1.5313869714736938 -36.928409576416016 17.557249069213867
v 1.6305609941482544 -36.88380432128906 2.4118781089782715
v 5.719612121582031 -32.60051345825195 17.66440773010254
v 5.673798084259033 -32.7117805480957 2.152695894241333
v 0.4029099941253662 -37.32882308959961 16.83828353881836
v 0.46644699573516846 -37.31122589111328 3.270287036895752
v 6.029441833496094 -31.67122459411621 17.12867546081543
v 5.987975120544434 -31.820903778076172 2.7122700214385986
v 0.457192987203598 -37.31382369995117 17.913589477539062
v 0.4940029978752136 -37.30341720581055 2.070425033569336
v 6.024728775024414 -31.68882179260254 18.000457763671875
v 6.003686904907227 -31.7655086517334 1.8605600595474243
v -0.597366988658905 -37.533878326416016 18.22907829284668
v -0.5889490246772766 -37.5327033996582 1.7119920253753662
v 6.225717067718506 -30.694034576416016 18.256900787353516
v 6.220975875854492 -30.728160858154297 1.6289620399475098
v -0.5778419971466064 -37.53113555908203 19.262310028076172
v -0.5740259885787964 -37.53059387207031 0.6492769718170166
v 6.221732139587402 -30.72278594970703 19.271060943603516
v 6.220251083374023 -30.7332820892334 0.6239370107650757
v 5.02494478225708 -33.9424934387207 15.349405288696289
v 4.98052978515625 -34.01068115234375 4.644876003265381
v 2.191930055618286 -36.599491119384766 15.253337860107422
v 2.143794059753418 -36.62608337402344 4.655375003814697
v 1.0220520496368408 -37.13277053833008 13.96503734588623
v 1.6921449899673462 -36.855281829833984 13.230353355407715
v 1.3086340427398682 -37.022789001464844 12.172063827514648
v 1.6897629499435425 -36.85639953613281 9.092225074768066
v 1.2831059694290161 -37.03310012817383 8.150300979614258
v 2.1122829914093018 -36.64325714111328 7.415905952453613
v 1.887133002281189 -36.76073455810547 6.427684783935547
v 1.5789649486541748 -36.9072151184082 5.536470890045166
v 5.807352066040039 -32.372833251953125 13.891453742980957
v 5.590575218200684 -32.90266799926758 12.96703052520752
v 5.856814861297607 -32.234500885009766 12.038880348205566
v 5.641150951385498 -32.78828811645508 11.232921600341797
v 5.809754848480225 -32.366294860839844 10.405929565429688
v 5.623341083526611 -32.82912063598633 8.917156219482422
v 5.775032997131348 -32.45913314819336 8.100237846374512
v 5.424080848693848 -33.248958587646484 7.470952033996582
v 5.45159387588501 -33.194576263427734 6.514401912689209
v 5.4616899490356445 -33.17435836791992 5.477071762084961
v 5.933139801025391 -32.00341033935547 15.584723472595215
v 5.815248012542725 -32.351280212402344 4.11693811416626
v 2.7290918827056885 -36.27201461791992 2.347348928451538
v 2.6650400161743164 -36.31416320800781 17.5478458404541
v 5.186000823974609 -33.68161392211914 2.2494869232177734
v 5.2292399406433105 -33.607574462890625 17.502891540527344
v 3.889173984527588 -35.33351516723633 1.9160610437393188
v 3.8378050327301025 -35.38323974609375 17.95846176147461
v 0.22460399568080902 -37.37521743774414 15.727041244506836
v 0.2910909950733185 -37.358428955078125 4.496126174926758
v 4.31912899017334 -34.879425048828125 1.1994669437408447
v 4.302055835723877 -34.89886474609375 18.6572322845459
v 2.6944971084594727 -36.294891357421875 16.319772720336914
v 2.705595016479492 -36.28757858276367 3.584069013595581
v -0.5997470021247864 -37.534210205078125 17.14185333251953
v -0.6052410006523132 -37.53497314453125 2.8808140754699707
v 6.221002101898193 -30.727975845336914 17.18844985961914
v 6.208308219909668 -30.81452178955078 2.686702013015747
v -0.49935799837112427 -37.519615173339844 16.289600372314453
v -0.6436539888381958 -37.54018783569336 4.013157844543457
v 6.167734146118164 -31.05608367919922 16.16413688659668
v 6.11753511428833 -31.306686401367188 3.699021100997925
v 5.6962690353393555 -32.65780258178711 1.110901951789856
v 5.71533203125 -32.611114501953125 18.7523250579834
v 1.4655189514160156 -36.957149505615234 1.207000970840454
v 1.4308730363845825 -36.971981048583984 18.727855682373047
v 2.407602071762085 -36.474937438964844 1.2139300107955933
v 2.3695130348205566 -36.497589111328125 18.7015323638916
v 5.330737113952637 -33.42621612548828 1.2022349834442139
v 5.3538689613342285 -33.383277893066406 18.639057159423828
v 5.9957380294799805 -31.79372215270996 0.870727002620697
v 6.003647804260254 -31.765647888183594 19.013456344604492
v 0.5096070170402527 -37.2989501953125 0.939782977104187
v 0.49546000361442566 -37.303001403808594 18.988805770874023
v 4.102025985717773 -35.11759567260742 16.858036041259766
v 4.239274024963379 -34.96928024291992 3.055295944213867
v 3.693023920059204 -35.51873016357422 15.036725044250488
v 3.8260281085968018 -35.39451217651367 4.704040050506592
v 5.979709148406982 -31.849456787109375 14.634390830993652
v 5.847905158996582 -32.2600212097168 5.090970993041992
v 0.543707013130188 -37.289066314697266 14.752593040466309
v 0.5634199976921082 -37.28327941894531 5.50864315032959
v 6.023032188415527 -31.69512176513672 11.111247062683105
v 5.861950874328613 -32.219661712646484 7.162202835083008
v 0.9897940158843994 -37.144371032714844 11.001120567321777
v 0.7841839790344238 -37.214656829833984 9.836626052856445
v 0.6567990183830261 -37.25510787963867 8.887967109680176
v 5.911317825317383 -32.071937561035156 9.539917945861816
v 5.967073917388916 -31.892345428466797 8.753873825073242
v 1.0043519735336304 -37.139156341552734 7.140355110168457
v 6.020299911499023 -31.70521354675293 12.939425468444824
v 0.521664023399353 -37.295475006103516 13.018111228942871
v 2.009411096572876 -36.698062896728516 14.208052635192871
v 5.20228910446167 -33.65393829345703 14.026366233825684
v 6.066895961761475 -31.525232315063477 4.666968822479248
v 6.198732852935791 -30.875808715820312 11.937278747558594
v -0.21042299270629883 -37.47030258178711 11.905296325683594
v -0.3610140085220337 -37.49736404418945 10.535333633422852
v -0.3999210000038147 -37.50387191772461 9.325275421142578
v -0.1369359940290451 -37.456016540527344 8.035313606262207
v 6.134864807128906 -31.22475242614746 10.178811073303223
v 6.189757823944092 -30.930612564086914 9.191534996032715
v 6.15631103515625 -31.116924285888672 8.019973754882812
v 4.8477091789245605 -34.20600509643555 5.936244964599609
v 5.872311115264893 -32.1894416809082 6.103081226348877
v 0.9775469899177551 -37.14873123168945 6.237541198730469
v 5.378915786743164 -33.3360710144043 12.048564910888672
v 2.9549660682678223 -36.11616897583008 6.634174823760986
v 2.461688995361328 -36.44227981567383 12.501338005065918
v 4.988813877105713 -33.998077392578125 6.931128978729248
v 2.2558329105377197 -36.563514709472656 11.381477355957031
v 5.434998989105225 -33.227500915527344 10.581535339355469
v 2.0219480991363525 -36.69148635864258 10.178629875183105
v 5.495686054229736 -33.10520935058594 9.791625022888184
v 2.264370918273926 -36.558650970458984 8.328363418579102
v 5.3704729080200195 -33.35206985473633 8.273907661437988
v 2.577214002609253 -36.37054443359375 5.59735107421875
v 6.146572113037109 -31.16685676574707 13.836949348449707
v 3.270128011703491 -35.87867736816406 1.2972389459609985
v 3.2349939346313477 -35.90637969970703 18.597429275512695
v -0.13094699382781982 -37.45481872558594 13.858065605163574
v 2.9181809425354004 -36.142337799072266 14.547094345092773
v 4.822604179382324 -34.24156951904297 1.1212769746780396
v 4.829134941101074 -34.232357025146484 18.71795654296875
v 4.3086419105529785 -34.891380310058594 15.746414184570312
v 4.323232173919678 -34.874732971191406 4.179163932800293
v 4.999585151672363 -33.98161315917969 12.863519668579102
v 2.712606906890869 -36.2829475402832 13.525979995727539
v 3.887608051300049 -35.335044860839844 0.8825539946556091
v 3.867234945297241 -35.3548583984375 19.00262451171875
v 3.1380839347839355 -35.98115539550781 7.811194896697998
v 4.882796764373779 -34.15559768676758 7.83907413482666
v 3.227449893951416 -35.91228485107422 10.589424133300781
v 4.964978218078613 -34.03420639038086 10.264191627502441
v 2.992353916168213 -36.08925247192383 9.171557426452637
v 4.997428894042969 -33.98491668701172 9.04100227355957
v 3.3355259895324707 -35.82625961303711 11.848746299743652
v 5.132212162017822 -33.77125549316406 11.213981628417969
v 4.458804130554199 -34.715450286865234 14.5914888381958
v 4.339416027069092 -34.85615539550781 5.1729631423950195
v 3.0284249782562256 -36.06297302246094 15.447699546813965
v 3.1104071140289307 -36.00208282470703 4.672073841094971
v 5.481691837310791 -33.13387680053711 16.226076126098633
v 5.337137222290039 -33.414398193359375 3.510516881942749
v 2.0162100791931152 -36.694496154785156 16.774738311767578
v 2.164048910140991 -36.61494445800781 3.0227999687194824
v 5.589974880218506 -32.903995513916016 17.005271911621094
v 5.510193824768066 -33.07517623901367 2.7684030532836914
v 1.2630579471588135 -37.0411262512207 15.485453605651855
v 1.2359869480133057 -37.05186462402344 4.788904190063477
v 4.821369171142578 -34.243309020996094 16.565231323242188
v 4.770791053771973 -34.313697814941406 3.660254955291748
v -0.5956569910049438 -37.53364181518555 14.752671241760254
v -0.5607450008392334 -37.52869415283203 5.4164228439331055
v 6.209991931915283 -30.80341148376465 14.90971565246582
v 6.251987934112549 -30.480545043945312 4.816935062408447
v 4.549686908721924 -34.60376739501953 17.70996856689453
v 4.575188159942627 -34.57168197631836 2.0755019187927246
v 3.377073049545288 -35.79236602783203 17.093935012817383
v 3.445694923400879 -35.73535919189453 2.804949998855591
v 2.9719951152801514 -36.10395050048828 0.6277920007705688
v 2.9539051055908203 -36.11692810058594 19.27474021911621
v 5.615921974182129 -32.845951080322266 14.952069282531738
v 5.518966197967529 -33.056861877441406 4.568075180053711
v 3.3447530269622803 -35.81877136230469 2.091399908065796
v 3.2898221015930176 -35.86301040649414 17.79941749572754
v 1.891118049621582 -36.758731842041016 16.047353744506836
v 1.4169650077819824 -36.977882385253906 14.732894897460938
v 6.142275810241699 -31.188358306884766 5.609986782073975
v 6.236902236938477 -30.60881805419922 10.87421703338623
v 6.177616119384766 -31.001230239868164 6.762749195098877
v -0.6375859975814819 -37.53937530517578 12.980045318603516
v 4.553101062774658 -34.599491119384766 13.576715469360352
v -0.20891599357128143 -37.47001647949219 6.574217796325684
v 4.8373188972473145 -34.22077560424805 11.97848892211914
v 3.313720941543579 -35.8438606262207 12.855652809143066
v 4.264409065246582 -34.94129180908203 5.915088176727295
v 5.4250807762146 -33.24700164794922 0.5782840251922607
v 5.436320781707764 -33.224891662597656 19.2978458404541
v 2.0393309593200684 -36.68231964111328 0.6052330136299133
v 2.021195888519287 -36.69187927246094 19.30734634399414
v -0.8504689931869507 -37.56501388549805 15.572611808776855
v -0.6494699716567993 -37.540958404541016 4.725176811218262
v 6.238110065460205 -30.599170684814453 12.96648120880127
v 6.272017002105713 -30.272382736206055 15.541900634765625
v 9.175305366516113 -40.039344787597656 13.815187454223633
v 9.260279655456543 -39.94590759277344 5.656990051269531
v 9.3290376663208 -39.868080139160156 16.08156967163086
v 8.705785751342773 -40.50705337524414 12.587011337280273
v 8.571349143981934 -40.62754821777344 11.179367065429688
v 8.746567726135254 -40.46940231323242 9.778070449829102
v 8.798584938049316 -40.42060852050781 8.422989845275879
v 8.749930381774902 -40.466278076171875 6.894155979156494
v 9.261850357055664 -39.94415283203125 3.8346219062805176
v 7.896924018859863 -41.15731430053711 2.91142201423645
v 5.929215908050537 -42.16572570800781 16.62770652770996
v 6.1488518714904785 -42.085662841796875 3.1609139442443848
v 10.741900444030762 -37.54460144042969 16.403467178344727
v 10.613635063171387 -37.85111618041992 3.7479050159454346
v 6.289669036865234 -42.03045654296875 17.66440773010254
v 6.400936126708984 -41.98464584350586 2.152695894241333
v 10.617565155029297 -37.84223175048828 17.557249069213867
v 10.572958946228027 -37.94140625 2.4118781089782715
v 5.360377788543701 -42.34028625488281 17.12867546081543
v 5.5100579261779785 -42.29882049560547 2.7122700214385986
v 11.017976760864258 -36.7137565612793 16.83828353881836
v 11.000381469726562 -36.77729415893555 3.270287036895752
v 5.377975940704346 -42.335575103759766 18.000457763671875
v 5.454661846160889 -42.31453323364258 1.8605600595474243
v 11.002979278564453 -36.76803970336914 17.913589477539062
v 10.992572784423828 -36.804847717285156 2.070425033569336
v 4.383187770843506 -42.536563873291016 18.256900787353516
v 4.4173150062561035 -42.531822204589844 1.6289620399475098
v 11.223033905029297 -35.713478088378906 18.22907829284668
v 11.221857070922852 -35.72189712524414 1.7119920253753662
v 4.4119391441345215 -42.53257751464844 19.271060943603516
v 4.4224371910095215 -42.531097412109375 0.6239370107650757
v 11.220291137695312 -35.73300552368164 19.262310028076172
v 11.219749450683594 -35.736820220947266 0.6492769718170166
v 7.631649017333984 -41.335792541503906 15.349405288696289
v 7.6998372077941895 -41.29137420654297 4.644876003265381
v 10.288643836975098 -38.502777099609375 15.253337860107422
v 10.31523609161377 -38.45463943481445 4.655375003814697
v 6.061988830566406 -42.11819839477539 13.891453742980957
v 6.591822147369385 -41.90142059326172 12.96703052520752
v 5.923654079437256 -42.167659759521484 12.038880348205566
v 6.477444171905518 -41.951995849609375 11.232921600341797
v 6.055449962615967 -42.120601654052734 10.405929565429688
v 6.518276214599609 -41.93418884277344 8.917156219482422
v 6.148286819458008 -42.085880279541016 8.100237846374512
v 6.938110828399658 -41.734928131103516 7.470952033996582
v 6.883728981018066 -41.7624397277832 6.514401912689209
v 6.863512992858887 -41.77253723144531 5.477071762084961
v 10.821927070617676 -37.3328971862793 13.96503734588623
v 10.544438362121582 -38.00299072265625 13.230353355407715
v 10.711941719055176 -37.61948013305664 12.172063827514648
v 10.545553207397461 -38.0006103515625 9.092225074768066
v 10.722253799438477 -37.59395217895508 8.150300979614258
v 10.332409858703613 -38.42313003540039 7.415905952453613
v 10.449888229370117 -38.19797897338867 6.427684783935547
v 10.596367835998535 -37.889808654785156 5.536470890045166
v 5.692564010620117 -42.24398422241211 15.584723472595215
v 6.040434837341309 -42.126094818115234 4.11693811416626
v 9.961169242858887 -39.039939880371094 2.347348928451538
v 10.003318786621094 -38.975887298583984 17.5478458404541
v 7.37076997756958 -41.49684524536133 2.2494869232177734
v 7.29672908782959 -41.54008483886719 17.502891540527344
v 9.02266788482666 -40.20001983642578 1.9160610437393188
v 9.072393417358398 -40.148651123046875 17.95846176147461
v 11.064370155334473 -36.53544998168945 15.727041244506836
v 11.047582626342773 -36.60193634033203 4.496126174926758
v 8.568577766418457 -40.629974365234375 1.1994669437408447
v 8.588019371032715 -40.6129035949707 18.6572322845459
v 9.984044075012207 -39.00534439086914 16.319772720336914
v 9.976734161376953 -39.016441345214844 3.584069013595581
v 11.22336483001709 -35.711097717285156 17.14185333251953
v 11.224125862121582 -35.705604553222656 2.8808140754699707
v 4.417129039764404 -42.5318489074707 17.18844985961914
v 4.503675937652588 -42.5191535949707 2.686702013015747
v 11.208768844604492 -35.81148910522461 16.289600372314453
v 11.229339599609375 -35.66719055175781 4.013157844543457
v 4.745236873626709 -42.478580474853516 16.16413688659668
v 4.995841026306152 -42.428382873535156 3.699021100997925
v 6.3469557762146 -42.00711441040039 1.110901951789856
v 6.300268173217773 -42.02617645263672 18.7523250579834
v 10.646302223205566 -37.776363372802734 1.207000970840454
v 10.66113567352295 -37.74171829223633 18.727855682373047
v 10.164093017578125 -38.718448638916016 1.2139300107955933
v 10.18674373626709 -38.68035888671875 18.7015323638916
v 7.115368843078613 -41.64158248901367 1.2022349834442139
v 7.072432994842529 -41.66471481323242 18.639057159423828
v 5.482876777648926 -42.306583404541016 0.870727002620697
v 5.4548020362854 -42.31449508666992 19.013456344604492
v 10.988104820251465 -36.82045364379883 0.939782977104187
v 10.992157936096191 -36.806304931640625 18.988805770874023
v 8.806750297546387 -40.412872314453125 16.858036041259766
v 8.658435821533203 -40.55012130737305 3.055295944213867
v 9.207884788513184 -40.003868103027344 15.036725044250488
v 9.083666801452637 -40.13687515258789 4.704040050506592
v 5.538609981536865 -42.29055404663086 14.634390830993652
v 5.949174880981445 -42.15875244140625 5.090970993041992
v 10.97822093963623 -36.85455322265625 14.752593040466309
v 10.972432136535645 -36.874267578125 5.50864315032959
v 5.384274959564209 -42.33387756347656 11.111247062683105
v 5.908815860748291 -42.17279815673828 7.162202835083008
v 10.833523750305176 -37.30064010620117 11.001120567321777
v 5.7610931396484375 -42.222164154052734 9.539917945861816
v 5.581499099731445 -42.27791976928711 8.753873825073242
v 10.90381145477295 -37.09503173828125 9.836626052856445
v 10.944259643554688 -36.96764373779297 8.887967109680176
v 10.828309059143066 -37.3151969909668 7.140355110168457
v 5.394367218017578 -42.331146240234375 12.939425468444824
v 10.984628677368164 -36.83251190185547 13.018111228942871
v 10.387214660644531 -38.320255279541016 14.208052635192871
v 7.34309196472168 -41.51313400268555 14.026366233825684
v 5.214386940002441 -42.377742767333984 4.666968822479248
v 4.564962863922119 -42.509578704833984 11.937278747558594
v 11.15945816040039 -36.10042190551758 11.905296325683594
v 4.913907051086426 -42.445709228515625 10.178811073303223
v 4.619768142700195 -42.50060272216797 9.191534996032715
v 4.80607795715332 -42.46715545654297 8.019973754882812
v 11.186517715454102 -35.949832916259766 10.535333633422852
v 11.193026542663574 -35.91092300415039 9.325275421142578
v 11.145169258117676 -36.17390823364258 8.035313606262207
v 7.895158767700195 -41.15855407714844 5.936244964599609
v 5.878596782684326 -42.18315505981445 6.103081226348877
v 10.837885856628418 -37.28839111328125 6.237541198730469
v 7.025224208831787 -41.689762115478516 12.048564910888672
v 9.80532455444336 -39.265811920166016 6.634174823760986
v 10.13143253326416 -38.77253341674805 12.501338005065918
v 7.687233924865723 -41.299659729003906 6.931128978729248
v 6.91665506362915 -41.745845794677734 10.581535339355469
v 10.252670288085938 -38.56667709350586 11.381477355957031
v 6.7943620681762695 -41.80653381347656 9.791625022888184
v 10.38063907623291 -38.332794189453125 10.178629875183105
v 7.041223049163818 -41.68132019042969 8.273907661437988
v 10.247803688049316 -38.575218200683594 8.328363418579102
v 10.059699058532715 -38.8880615234375 5.59735107421875
v 4.856010913848877 -42.45741653442383 13.836949348449707
v 9.567831039428711 -39.58097457885742 1.2972389459609985
v 9.595532417297363 -39.545841217041016 18.597429275512695
v 11.143973350524902 -36.17989730834961 13.858065605163574
v 9.831491470336914 -39.229026794433594 14.547094345092773
v 7.930723190307617 -41.13344955444336 1.1212769746780396
v 7.921512126922607 -41.13998031616211 18.71795654296875
v 8.580533981323242 -40.61948776245117 15.746414184570312
v 8.563886642456055 -40.63407897949219 4.179163932800293
v 7.670769214630127 -41.310428619384766 12.863519668579102
v 9.972102165222168 -39.02345275878906 13.525979995727539
v 9.02419662475586 -40.198455810546875 0.8825539946556091
v 9.044013977050781 -40.17808151245117 19.00262451171875
v 9.670310020446777 -39.44892883300781 7.811194896697998
v 7.844752788543701 -41.193641662597656 7.83907413482666
v 7.723359107971191 -41.27582550048828 10.264191627502441
v 9.60143756866455 -39.53829574584961 10.589424133300781
v 7.674071788787842 -41.30827331542969 9.04100227355957
v 9.778407096862793 -39.303199768066406 9.171557426452637
v 9.515412330627441 -39.6463737487793 11.848746299743652
v 7.460411071777344 -41.443058013916016 11.213981628417969
v 8.404603958129883 -40.769649505615234 14.5914888381958
v 8.545310020446777 -40.65026092529297 5.1729631423950195
v 9.752126693725586 -39.339271545410156 15.447699546813965
v 9.691235542297363 -39.4212532043457 4.672073841094971
v 6.823030948638916 -41.792537689208984 16.226076126098633
v 7.10355281829834 -41.64798355102539 3.510516881942749
v 10.383652687072754 -38.327056884765625 16.774738311767578
v 10.304099082946777 -38.47489547729492 3.0227999687194824
v 6.593151092529297 -41.900821685791016 17.005271911621094
v 6.764330863952637 -41.821041107177734 2.7684030532836914
v 10.730280876159668 -37.57390213012695 15.485453605651855
v 10.741020202636719 -37.54683303833008 4.788904190063477
v 7.932462215423584 -41.1322135925293 16.565231323242188
v 8.002850532531738 -41.08163833618164 3.660254955291748
v 11.222794532775879 -35.71519088745117 14.752671241760254
v 11.217848777770996 -35.750099182128906 5.4164228439331055
v 4.492565155029297 -42.52083969116211 14.90971565246582
v 4.169699192047119 -42.56283187866211 4.816935062408447
v 8.292923927307129 -40.86053466796875 17.70996856689453
v 8.260835647583008 -40.88603210449219 2.0755019187927246
v 9.481518745422363 -39.68791961669922 17.093935012817383
v 9.42451286315918 -39.75654220581055 2.804949998855591
v 9.793105125427246 -39.282840728759766 0.6277920007705688
v 9.806083679199219 -39.26475143432617 19.27474021911621
v 6.535103797912598 -41.9267692565918 14.952069282531738
v 6.7460150718688965 -41.829811096191406 4.568075180053711
v 9.507925033569336 -39.65559768676758 2.091399908065796
v 9.552164077758789 -39.60066604614258 17.79941749572754
v 10.447887420654297 -38.20196533203125 16.047353744506836
v 10.667036056518555 -37.72780990600586 14.732894897460938
v 4.877511978149414 -42.453121185302734 5.609986782073975
v 4.297973155975342 -42.54774856567383 10.87421703338623
v 4.6903839111328125 -42.488460540771484 6.762749195098877
v 11.22852897644043 -35.67325973510742 12.980045318603516
v 8.288646697998047 -40.863948822021484 13.576715469360352
v 11.159172058105469 -36.1019287109375 6.574217796325684
v 7.909927845001221 -41.14816665649414 11.97848892211914
v 9.533015251159668 -39.62456512451172 12.855652809143066
v 8.630444526672363 -40.57525634765625 5.915088176727295
v 6.936153888702393 -41.73592758178711 0.5782840251922607
v 6.914045810699463 -41.74716567993164 19.2978458404541
v 10.371474266052246 -38.35017776489258 0.6052330136299133
v 10.381033897399902 -38.3320426940918 19.30734634399414
v 11.254169464111328 -35.46037673950195 15.572611808776855
v 11.23011302947998 -35.661376953125 4.725176811218262
v 4.28832483291626 -42.548954010009766 12.96648120880127
v 3.9615368843078613 -42.582862854003906 15.541900634765625
v -96.12957763671875 -40.48615264892578 13.815187454223633
v -96.03614044189453 -40.57112503051758 5.656990051269531
v -95.95831298828125 -40.63988494873047 16.08156967163086
v -96.5972900390625 -40.016632080078125 12.587011337280273
v -96.71778106689453 -39.88219451904297 11.179367065429688
v -96.55963897705078 -40.05741500854492 9.778070449829102
v -96.5108413696289 -40.109432220458984 8.422989845275879
v -96.55651092529297 -40.06077575683594 6.894155979156494
v -96.03438568115234 -40.572696685791016 3.8346219062805176
v -97.24755096435547 -39.207767486572266 2.91142201423645
v -93.63483428955078 -42.0527458190918 16.403467178344727
v -93.94135284423828 -41.92448043823242 3.7479050159454346
v -98.2559585571289 -37.24006271362305 16.62770652770996
v -98.17589569091797 -37.45969772338867 3.1609139442443848
v -93.93246459960938 -41.928409576416016 17.557249069213867
v -94.0316390991211 -41.88380432128906 2.4118781089782715
v -98.12068939208984 -37.60051345825195 17.66440773010254
v -98.07487487792969 -37.7117805480957 2.152695894241333
v -92.80398559570312 -42.32882308959961 16.83828353881836
v -92.86752319335938 -42.31122589111328 3.270287036895752
v -98.4305191040039 -36.67122268676758 17.12867546081543
v -98.38905334472656 -36.82090377807617 2.7122700214385986
v -92.85826873779297 -42.31382369995117 17.913589477539062
v -92.89508056640625 -42.30341720581055 2.070425033569336
v -98.42581176757812 -36.68882369995117 18.000457763671875
v -98.4047622680664 -36.765506744384766 1.8605600595474243
v -91.8037109375 -42.533878326416016 18.22907829284668
v -91.8121337890625 -42.5327033996582 1.7119920253753662
v -98.62679290771484 -35.694034576416016 18.256900787353516
v -98.62205505371094 -35.7281608581543 1.6289620399475098
v -91.82323455810547 -42.53113555908203 19.262310028076172
v -91.8270492553711 -42.53059387207031 0.6492769718170166
v -98.62281036376953 -35.72278594970703 19.271060943603516
v -98.62133026123047 -35.73328399658203 0.6239370107650757
v -97.426025390625 -38.9424934387207 15.349405288696289
v -97.38160705566406 -39.01068115234375 4.644876003265381
v -94.59300994873047 -41.599491119384766 15.253337860107422
v -94.54487609863281 -41.62608337402344 4.655375003814697
v -93.42313385009766 -42.13277053833008 13.96503734588623
v -94.09322357177734 -41.855281829833984 13.230353355407715
v -93.70970916748047 -42.022789001464844 12.172063827514648
v -94.0908432006836 -41.85639953613281 9.092225074768066
v -93.6841812133789 -42.03310012817383 8.150300979614258
v -94.51335906982422 -41.64325714111328 7.415905952453613
v -94.28821563720703 -41.76073455810547 6.427684783935547
v -93.98004150390625 -41.9072151184082 5.536470890045166
v -98.20842742919922 -37.372833251953125 13.891453742980957
v -97.99165344238281 -37.90266799926758 12.96703052520752
v -98.25789642333984 -37.234500885009766 12.038880348205566
v -98.04222869873047 -37.78828811645508 11.232921600341797
v -98.21083068847656 -37.366294860839844 10.405929565429688
v -98.02442169189453 -37.82912063598633 8.917156219482422
v -98.17610931396484 -37.45913314819336 8.100237846374512
v -97.82515716552734 -38.248958587646484 7.470952033996582
v -97.85267639160156 -38.194576263427734 6.514401912689209
v -97.8627700805664 -38.17435836791992 5.477071762084961
v -98.33422088623047 -37.00341033935547 15.584723472595215
v -98.21632385253906 -37.351280212402344 4.11693811416626
v -95.13017272949219 -41.27201461791992 2.347348928451538
v -95.06611633300781 -41.31416320800781 17.5478458404541
v -97.58708190917969 -38.68161392211914 2.2494869232177734
v -97.63031768798828 -38.607574462890625 17.502891540527344
v -96.29025268554688 -40.33351516723633 1.9160610437393188
v -96.23888397216797 -40.38323974609375 17.95846176147461
v -92.62568664550781 -42.37521743774414 15.727041244506836
v -92.69216918945312 -42.358428955078125 4.496126174926758
v -96.72020721435547 -39.879425048828125 1.1994669437408447
v -96.70313262939453 -39.89886474609375 18.6572322845459
v -95.09557342529297 -41.294891357421875 16.319772720336914
v -95.10667419433594 -41.28757858276367 3.584069013595581
v -91.80133056640625 -42.534210205078125 17.14185333251953
v -91.79583740234375 -42.53497314453125 2.8808140754699707
v -98.62207794189453 -35.72797393798828 17.18844985961914
v -98.60939025878906 -35.81452178955078 2.686702013015747
v -91.90171813964844 -42.519615173339844 16.289600372314453
v -91.7574234008789 -42.54018783569336 4.013157844543457
v -98.56880950927734 -36.05608367919922 16.16413688659668
v -98.51861572265625 -36.30668640136719 3.699021100997925
v -98.09734344482422 -37.65780258178711 1.110901951789856
v -98.11640930175781 -37.611114501953125 18.7523250579834
v -93.8666000366211 -41.957149505615234 1.207000970840454
v -93.83195495605469 -41.971981048583984 18.727855682373047
v -94.80867767333984 -41.474937438964844 1.2139300107955933
v -94.77059173583984 -41.497589111328125 18.7015323638916
v -97.7318115234375 -38.42621612548828 1.2022349834442139
v -97.75495147705078 -38.383277893066406 18.639057159423828
v -98.39682006835938 -36.793724060058594 0.870727002620697
v -98.40472412109375 -36.765647888183594 19.013456344604492
v -92.91068267822266 -42.2989501953125 0.939782977104187
v -92.89653778076172 -42.303001403808594 18.988805770874023
v -96.50310516357422 -40.11759567260742 16.858036041259766
v -96.64035034179688 -39.96928024291992 3.055295944213867
v -96.09410095214844 -40.51873016357422 15.036725044250488
v -96.22710418701172 -40.39451217651367 4.704040050506592
v -98.38079071044922 -36.849456787109375 14.634390830993652
v -98.24898529052734 -37.2600212097168 5.090970993041992
v -92.94478607177734 -42.289066314697266 14.752593040466309
v -92.9645004272461 -42.28327941894531 5.50864315032959
v -98.42411041259766 -36.69512176513672 11.111247062683105
v -98.26303100585938 -37.219661712646484 7.162202835083008
v -93.39087677001953 -42.144371032714844 11.001120567321777
v -93.18526458740234 -42.214656829833984 9.836626052856445
v -93.05787658691406 -42.25510787963867 8.887967109680176
v -98.31239318847656 -37.071937561035156 9.539917945861816
v -98.36815643310547 -36.8923454284668 8.753873825073242
v -93.40543365478516 -42.139156341552734 7.140355110168457
v -98.42137908935547 -36.7052116394043 12.939425468444824
v -92.92274475097656 -42.295475006103516 13.018111228942871
v -94.41049194335938 -41.698062896728516 14.208052635192871
v -97.6033706665039 -38.65393829345703 14.026366233825684
v -98.46797180175781 -36.52523422241211 4.666968822479248
v -98.59981536865234 -35.87580871582031 11.937278747558594
v -92.19065856933594 -42.47030258178711 11.905296325683594
v -92.0400619506836 -42.49736404418945 10.535333633422852
v -92.00115966796875 -42.50387191772461 9.325275421142578
v -92.26414489746094 -42.456016540527344 8.035313606262207
v -98.53594207763672 -36.224754333496094 10.178811073303223
v -98.59083557128906 -35.93061447143555 9.191534996032715
v -98.55738830566406 -36.11692428588867 8.019973754882812
v -97.24878692626953 -39.20600509643555 5.936244964599609
v -98.27339172363281 -37.1894416809082 6.103081226348877
v -93.37862396240234 -42.14873123168945 6.237541198730469
v -97.77999877929688 -38.3360710144043 12.048564910888672
v -95.35604858398438 -41.11616897583008 6.634174823760986
v -94.8627700805664 -41.44227981567383 12.501338005065918
v -97.389892578125 -38.998077392578125 6.931128978729248
v -94.65691375732422 -41.563514709472656 11.381477355957031
v -97.83607482910156 -38.227500915527344 10.581535339355469
v -94.42302703857422 -41.69148635864258 10.178629875183105
v -97.89676666259766 -38.10520935058594 9.791625022888184
v -94.66545104980469 -41.558650970458984 8.328363418579102
v -97.77155303955078 -38.35206985473633 8.273907661437988
v -94.9782943725586 -41.37054443359375 5.59735107421875
v -98.54765319824219 -36.16685485839844 13.836949348449707
v -95.67120361328125 -40.87867736816406 1.2972389459609985
v -95.63607025146484 -40.90637969970703 18.597429275512695
v -92.27013397216797 -42.45481872558594 13.858065605163574
v -95.31925964355469 -41.142337799072266 14.547094345092773
v -97.22368621826172 -39.24156951904297 1.1212769746780396
v -97.23021697998047 -39.232357025146484 18.71795654296875
v -96.70972442626953 -39.891380310058594 15.746414184570312
v -96.72431182861328 -39.874732971191406 4.179163932800293
v -97.40066528320312 -38.98161315917969 12.863519668579102
v -95.11368560791016 -41.2829475402832 13.525979995727539
v -96.28868865966797 -40.335044860839844 0.8825539946556091
v -96.268310546875 -40.3548583984375 19.00262451171875
v -95.5391616821289 -40.98115539550781 7.811194896697998
v -97.28387451171875 -39.15559768676758 7.83907413482666
v -95.62853240966797 -40.91228485107422 10.589424133300781
v -97.36605834960938 -39.03420639038086 10.264191627502441
v -95.3934326171875 -41.08925247192383 9.171557426452637
v -97.39850616455078 -38.98491668701172 9.04100227355957
v -95.73660278320312 -40.82625961303711 11.848746299743652
v -97.53329467773438 -38.77125549316406 11.213981628417969
v -96.8598861694336 -39.715450286865234 14.5914888381958
v -96.74049377441406 -39.85615539550781 5.1729631423950195
v -95.42950439453125 -41.06297302246094 15.447699546813965
v -95.51148223876953 -41.00208282470703 4.672073841094971
v -97.88277435302734 -38.13387680053711 16.226076126098633
v -97.73821258544922 -38.414398193359375 3.510516881942749
v -94.41728973388672 -41.694496154785156 16.774738311767578
v -94.56512451171875 -41.61494445800781 3.0227999687194824
v -97.99105072021484 -37.903995513916016 17.005271911621094
v -97.91127014160156 -38.07517623901367 2.7684030532836914
v -93.66413879394531 -42.0411262512207 15.485453605651855
v -93.63706970214844 -42.05186462402344 4.788904190063477
v -97.22245025634766 -39.243309020996094 16.565231323242188
v -97.17186737060547 -39.313697814941406 3.660254955291748
v -91.805419921875 -42.53364181518555 14.752671241760254
v -91.84033203125 -42.52869415283203 5.4164228439331055
v -98.61106872558594 -35.803409576416016 14.90971565246582
v -98.65306854248047 -35.48054504394531 4.816935062408447
v -96.95076751708984 -39.60376739501953 17.70996856689453
v -96.97626495361328 -39.57168197631836 2.0755019187927246
v -95.77815246582031 -40.79236602783203 17.093935012817383
v -95.84677124023438 -40.73535919189453 2.804949998855591
v -95.37307739257812 -41.10395050048828 0.6277920007705688
v -95.35498046875 -41.11692810058594 19.27474021911621
v -98.01699829101562 -37.845951080322266 14.952069282531738
v -97.9200439453125 -38.056861877441406 4.568075180053711
v -95.74583435058594 -40.81877136230469 2.091399908065796
v -95.69090270996094 -40.86301040649414 17.79941749572754
v -94.29219818115234 -41.758731842041016 16.047353744506836
v -93.81804656982422 -41.977882385253906 14.732894897460938
v -98.5433578491211 -36.188358306884766 5.609986782073975
v -98.63797760009766 -35.60881805419922 10.87421703338623
v -98.57869720458984 -36.00122833251953 6.762749195098877
v -91.76349639892578 -42.53937530517578 12.980045318603516
v -96.95417785644531 -39.599491119384766 13.576715469360352
v -92.1921615600586 -42.47001647949219 6.574217796325684
v -97.23839569091797 -39.22077560424805 11.97848892211914
v -95.71479797363281 -40.8438606262207 12.855652809143066
v -96.66548919677734 -39.94129180908203 5.915088176727295
v -97.82615661621094 -38.24700164794922 0.5782840251922607
v -97.83740234375 -38.224891662597656 19.2978458404541
v -94.4404067993164 -41.68231964111328 0.6052330136299133
v -94.42227172851562 -41.69187927246094 19.30734634399414
v -91.55061340332031 -42.56501388549805 15.572611808776855
v -91.7516098022461 -42.540958404541016 4.725176811218262
v -98.63919067382812 -35.59917068481445 12.96648120880127
v -98.673095703125 -35.27238464355469 15.541900634765625
f 1284 1805 1484
f 1918 1974 1404
f 1180 1873 1620
f 161 1495 160
f 166 1494 165
f 221 1926 1690
f 1590 2071 1461
f 1460 2072 1591
f 1162 2071 1590
f 1591 2072 1161
f 1873 1899 1398
f 1638 2081 1811
f 1638 1811 1393
f 1649 1813 62
f 1280 2160 1458
f 1459 2159 1281
f 67 1814 1651
f 1313 1693 1570
f 1570 1693 1181
f 242 1487 243
f 247 1488 248
f 1405 1919 1497
f 1496 1918 1404
f 1643 2106 1157
f 1246 1587 1519
f 1606 1723 1360
f 1201 1723 1606
f 1192 1802 1472
f 1472 1802 1296
f 1441 2228 1939
f 1468 1636 1247
f 1939 2231 1441
f 1423 1870 1745
f 1217 1872 1506
f 1505 1871 1216
f 1231 1752 1552
f 1270 1780 1730
f 1560 1884 1222
f 120 1498 119
f 201 1501 202
f 1552 1752 1323
f 1730 1780 1426
f 1216 1902 1505
f 1506 1901 1217
f 1514 1637 1261
f 1620 1873 1398
f 1768 1912 1375
f 1910 1964 1401
f 1478 2017 1221
f 1374 1915 1767
f 1219 1633 1462
f 1559 2050 1357
f 1358 2066 1582
f 1726 1807 1271
f 1747 2080 1553
f 1270 2170 1463
f 1582 2066 1884
f 1433 1807 1726
f 1542 1768 1375
f 1374 1767 1543
f 60 1975 1582
f 1629 2204 2064
f 1173 1721 1448
f 1449 1722 1174
f 1914 2050 1559
f 1745 1870 1195
f 1549 1946 64
f 65 1946 1548
f 1458 1640 1280
f 1281 1641 1459
f 1486 1589 1237
f 1472 2151 1192
f 1511 2313 1169
f 1359 2017 1478
f 1448 2164 1173
f 1174 2163 1449
f 1412 2106 1643
f 1226 2282 1526
f 1526 2282 1471
f 1836 2190 116
f 117 1836 116
f 198 2191 1837
f 198 1837 199
f 1489 1612 1249
f 1228 2051 1541
f 1504 1718 1272
f 1169 2313 1534
f 130 1507 129
f 1526 1929 1363
f 1484 1605 1284
f 1250 1686 1524
f 1523 1687 1251
f 1595 1691 1323
f 1151 1691 1595
f 1360 1922 1865
f 1186 1747 1553
f 1487 1628 243
f 1539 2056 1229
f 1268 1682 1489
f 1494 2094 165
f 161 2093 1495
f 1541 2051 1409
f 60 1582 61
f 1946 2011 1548
f 1549 2012 1946
f 1526 2319 1929
f 1451 1965 1642
f 1642 1965 1315
f 1412 2056 1539
f 1643 1966 1450
f 1316 1966 1643
f 1514 2016 1637
f 1929 2319 1193
f 1805 1935 1484
f 1933 2258 1482
f 1390 1939 1868
f 1296 2086 1472
f 1476 1616 1266
f 1267 1615 1477
f 1246 1904 1535
f 1719 1820 1286
f 1415 2145 1688
f 1415 1688 1619
f 1223 1992 1512
f 1512 1992 1378
f 1532 1658 1370
f 111 1565 110
f 192 1564 193
f 1343 1854 1539
f 1539 1854 1190
f 1301 1660 1584
f 1466 1661 1262
f 1263 1662 1465
f 1419 1972 1597
f 1598 1971 1420
f 1597 1972 1238
f 1239 1971 1598
f 1479 1956 250
f 240 1957 1480
f 1541 1855 1342
f 1191 1855 1541
f 1366 1670 1492
f 1365 2021 1482
f 1406 1820 1719
f 1189 1896 1867
f 1868 1897 1188
f 190 1557 191
f 109 1558 108
f 1685 1786 1273
f 1713 1960 139
f 89 1831 3
f 6 1830 171
f 1448 2208 2038
f 2039 2207 1449
f 1799 1950 1329
f 111 2198 1565
f 1564 2199 193
f 1354 2029 1470
f 1469 2028 1353
f 1976 2008 1437
f 3 1831 238
f 252 1830 6
f 1173 1640 1616
f 1615 1641 1174
f 1399 1786 1685
f 1241 2022 1518
f 1248 1611 1504
f 1373 1838 1587
f 1587 1838 1192
f 211 1521 212
f 1327 1968 1484
f 1546 2031 1221
f 1509 1886 1172
f 1147 2154 1492
f 1482 2361 1933
f 86 1568 87
f 74 1569 75
f 1269 1707 1684
f 1188 1897 1631
f 1632 1896 1189
f 1580 1686 1250
f 1251 1687 1581
f 1222 1991 1560
f 1388 2071 1499
f 1500 2072 1387
f 1224 1878 1487
f 1253 1683 1525
f 1474 2082 1271
f 1462 2250 1219
f 1275 1798 1463
f 1463 1798 1196
f 1508 1878 1224
f 1555 1790 1307
f 1308 1791 1556
f 1233 1790 1555
f 1556 1791 1232
f 1405 2152 1919
f 1213 2043 1626
f 1625 2042 1212
f 1444 2204 1629
f 1492 1785 1234
f 1463 1780 1270
f 1684 1707 1373
f 1168 2013 1739
f 1515 1906 1166
f 1165 1905 1516
f 1478 2060 1359
f 1561 1758 1432
f 1196 1780 1463
f 1762 2160 1280
f 1281 2159 1761
f 1463 1856 1275
f 1226 1733 1503
f 1489 2116 1268
f 1300 2133 1522
f 176 2054 1949
f 1948 2053 94
f 220 1926 221
f 1234 2049 1492
f 1492 2049 1366
f 1498 1663 119
f 1378 1701 1512
f 1302 1689 1478
f 201 1664 1501
f 1970 2239 1592
f 1802 1838 1309
f 1797 1805 1429
f 1252 1605 1567
f 1675 2100 2024
f 2023 2101 1676
f 1301 1650 1545
f 190 2058 1557
f 1558 2057 108
f 1221 1969 1478
f 1644 2050 1928
f 1256 1793 1619
f 1304 1899 1873
f 1391 2084 1720
f 229 1536 230
f 148 1537 147
f 1881 1933 1408
f 1516 1704 1235
f 1276 1704 1516
f 1531 1621 1253
f 1252 1622 1530
f 1262 1858 1466
f 1465 1857 1263
f 1544 1652 1300
f 1678 1828 1402
f 1160 1828 1678
f 1203 1805 1797
f 1594 1699 97
f 179 1698 1593
f 1587 1684 1373
f 1246 1684 1587
f 1626 1954 1213
f 1212 1955 1625
f 1517 2092 1242
f 107 1571 106
f 188 1572 189
f 1949 2054 1456
f 1455 2053 1948
f 1247 1890 1468
f 1266 1742 1476
f 1477 1743 1267
f 1547 2176 1236
f 1962 2066 1648
f 1444 2203 1735
f 1224 2248 1508
f 2072 2229 1387
f 1388 2230 2071
f 1898 2031 1546
f 1502 1975 59
f 1801 1862 1311
f 1401 1964 1585
f 1610 2231 1471
f 2231 2317 1471
f 1675 2024 1262
f 1263 2023 1676
f 1497 2112 1405
f 1404 2113 1496
f 1904 2182 1535
f 135 1825 134
f 1607 1769 1277
f 1637 2016 1148
f 1261 2173 1584
f 1674 1931 1273
f 1261 1660 1514
f 1258 1681 1520
f 1589 2173 1261
f 2064 2204 1231
f 1264 1797 1564
f 1565 1796 1265
f 1310 1800 1645
f 1647 1801 1311
f 1646 1802 1309
f 1474 1812 1278
f 1386 2080 1747
f 1197 1812 1474
f 1353 1861 1469
f 1470 1860 1354
f 1168 1739 1533
f 1473 1784 1225
f 1493 1735 70
f 62 1813 63
f 66 1814 67
f 1271 1807 1474
f 1748 1869 1277
f 1248 1984 1611
f 1611 1984 1416
f 1764 1850 1199
f 1198 1849 1763
f 63 1549 64
f 65 1548 66
f 1612 1985 1249
f 1417 1985 1612
f 1580 1842 1348
f 1189 1842 1580
f 1244 1728 1500
f 1499 1727 1245
f 1249 2116 1489
f 1825 2269 134
f 1644 1928 1332
f 1258 2259 1681
f 1558 1632 1381
f 1382 1631 1557
f 1474 1807 1197
f 1577 2194 1875
f 1278 1815 1474
f 1681 2259 1522
f 1177 1875 1829
f 1180 1758 1561
f 1398 1899 1618
f 1389 2103 1887
f 1337 1793 1594
f 1594 1793 1256
f 1225 1835 1473
f 1556 2396 1308
f 1307 2395 1555
f 1739 2013 1437
f 1312 1884 1560
f 1164 1652 1513
f 1160 1974 1918
f 1520 1744 1258
f 1488 1827 248
f 242 1826 1487
f 1482 2005 1365
f 1854 2183 1627
f 1228 1997 1498
f 1501 1999 1229
f 1568 1717 1290
f 1289 1716 1569
f 1478 1969 1302
f 1525 1683 1169
f 1237 2040 1486
f 59 1740 1502
f 1502 1740 1278
f 1560 1823 1182
f 1306 1823 1560
f 1338 2315 1883
f 1882 2314 1337
f 70 1934 1493
f 1532 2010 1230
f 1370 2010 1532
f 1617 1835 1336
f 1514 1660 1214
f 1793 2055 1619
f 1175 2370 1512
f 1958 2122 1464
f 1329 1950 1700
f 1500 1857 1244
f 1245 1858 1499
f 1167 1753 1535
f 1538 2248 1224
f 1190 1854 1627
f 1658 2170 1270
f 1275 1735 1493
f 1195 2239 1970
f 1585 1859 1194
f 1356 1859 1585
f 250 1983 1479
f 1480 1982 240
f 1379 1970 1592
f 1205 1964 1910
f 1513 1925 1164
f 1518 2022 1657
f 1338 2008 1976
f 1588 2360 73
f 1517 2360 1588
f 1547 2380 2176
f 1777 2065 1333
f 1411 1850 1764
f 1763 1849 1410
f 1582 1975 1358
f 1265 1796 1599
f 1600 1797 1264
f 1494 1773 1288
f 1287 1774 1495
f 1416 1779 1775
f 1775 1779 1326
f 1776 1781 1417
f 1328 1781 1776
f 1565 2198 1430
f 1429 2199 1564
f 1310 1987 1800
f 1214 2175 1514
f 1282 1804 1653
f 1653 1804 1427
f 1654 1806 1283
f 1428 1806 1654
f 1429 1805 1655
f 1655 1805 1284
f 1495 1774 160
f 166 1773 1494
f 1346 2258 1933
f 1301 1953 1660
f 1538 1893 1305
f 1690 2001 222
f 1168 2296 1491
f 1602 1683 1253
f 1506 1872 1288
f 1287 1871 1505
f 1273 1931 1685
f 1484 1935 1327
f 1351 1962 1648
f 221 1690 222
f 1658 2189 1370
f 1512 1701 1175
f 247 1821 1488
f 1735 2286 1444
f 1171 1658 1532
f 1615 2168 1641
f 1640 2167 1616
f 1522 2133 1681
f 1487 2205 1224
f 1234 1785 1553
f 97 2149 1594
f 1593 2150 179
f 1875 2194 1319
f 1721 2208 1448
f 1449 2207 1722
f 1491 2013 1168
f 2038 2208 1376
f 1377 2207 2039
f 1392 2122 1958
f 1566 1881 1408
f 1272 2107 1504
f 1167 2055 1753
f 1714 2018 1355
f 1493 1798 1275
f 1679 1939 1390
f 1520 1681 1164
f 1567 1627 1252
f 1557 1631 1264
f 1265 1632 1558
f 1677 1875 1177
f 1355 2018 1995
f 1152 2077 1844
f 1572 2058 189
f 107 2057 1571
f 1588 2092 1517
f 1515 1748 1277
f 1234 1748 1515
f 1236 2312 1547
f 178 1698 179
f 97 1699 96
f 1501 1921 202
f 120 1920 1498
f 1499 2024 1388
f 1387 2023 1500
f 1577 1875 1274
f 1409 2065 1777
f 1482 2021 1586
f 1492 1998 1147
f 1720 2084 1436
f 1278 1812 1502
f 1290 1717 1694
f 1695 1716 1289
f 1617 2091 1835
f 1393 1862 1638
f 1638 1862 1194
f 1334 1924 1910
f 1507 1913 129
f 1723 1922 1360
f 1504 2107 1248
f 1269 1684 1535
f 130 1750 1507
f 1181 1819 1570
f 1570 1819 1303
f 1442 1893 1846
f 1237 1832 1561
f 1561 1832 1304
f 1560 2366 1312
f 1865 1922 1210
f 1508 1951 1175
f 1288 1872 1494
f 1495 1871 1287
f 1223 2206 1992
f 1715 1924 1334
f 1659 2392 1844
f 1688 2034 1422
f 1348 1686 1580
f 1581 1687 1347
f 1666 1955 1376
f 1377 1954 1665
f 1740 2355 2185
f 1512 2137 1223
f 1432 2241 1561
f 1668 2002 1372
f 98 2149 97
f 179 2150 180
f 1381 2057 1558
f 1557 2058 1382
f 1558 1889 1265
f 1264 1888 1557
f 1608 1751 1186
f 1352 1751 1608
f 1535 1684 1246
f 1618 2276 2259
f 1498 2309 1228
f 1229 2308 1501
f 1671 1995 1434
f 1355 1995 1671
f 1986 1987 1310
f 1460 2229 2072
f 2071 2230 1461
f 1172 1815 1509
f 1257 1731 1533
f 1846 1893 1159
f 1505 2372 1173
f 1174 2373 1506
f 1448 2038 1839
f 1840 2039 1449
f 1292 1813 1649
f 1618 2259 1258
f 216 1772 217
f 1568 1937 87
f 74 1938 1569
f 2 1588 73
f 1992 2206 1488
f 1344 1790 1625
f 1626 1791 1345
f 1625 1790 1233
f 1232 1791 1626
f 57 2041 58
f 1734 2077 1152
f 1492 2154 1785
f 1564 1888 1264
f 1265 1889 1565
f 2071 2344 1499
f 1500 2345 2072
f 1651 1814 1293
f 1546 1678 1255
f 2041 2355 58
f 1221 2277 1546
f 1607 1940 1769
f 1282 2044 1529
f 1285 2046 1531
f 1528 2047 1283
f 139 1960 138
f 1932 2093 162
f 1386 1869 1748
f 1968 2253 1484
f 1279 2030 1596
f 1596 2030 1356
f 1740 2185 1278
f 1354 1993 1555
f 1556 1994 1353
f 1225 1784 1668
f 1668 1784 1369
f 1668 2299 2002
f 1539 1792 1412
f 1587 1900 1519
f 1243 1744 1520
f 1247 1720 1534
f 1292 1912 1768
f 1955 2038 1376
f 1377 2039 1954
f 1302 1803 1689
f 1346 1933 1881
f 1767 1915 1293
f 1153 1876 1607
f 1607 1876 1361
f 1175 2147 1508
f 1409 1777 1541
f 1581 1895 1188
f 1347 1895 1581
f 1520 2302 1243
f 1725 2103 1389
f 1584 1660 1261
f 1169 2090 1511
f 1503 1967 1226
f 140 2004 1713
f 1468 1987 1986
f 1166 2247 1686
f 1686 2247 1524
f 1687 2245 1165
f 1523 2245 1687
f 1323 1691 1677
f 1677 1691 1274
f 1305 2248 1538
f 1173 1989 1505
f 1506 1990 1174
f 1883 2315 1445
f 1446 2314 1882
f 1868 1939 1325
f 216 2223 1772
f 1541 1997 1228
f 140 1713 139
f 211 1927 1521
f 1533 1739 1257
f 1555 1993 1233
f 1232 1994 1556
f 1562 1708 1267
f 1266 1709 1563
f 1229 1999 1539
f 1505 1989 1287
f 1288 1990 1506
f 1659 1844 1400
f 1561 1873 1180
f 1304 1873 1561
f 1613 2370 1175
f 1366 1787 1670
f 1670 1787 1209
f 1356 2030 1908
f 1688 2145 1207
f 1508 2147 1878
f 1396 2042 1625
f 1626 2043 1395
f 1566 1729 1185
f 1368 1729 1566
f 1540 2105 79
f 1778 1886 1509
f 1614 1726 1271
f 1287 2260 2139
f 2140 2261 1288
f 1235 2383 1516
f 1530 2297 1252
f 1539 1999 1343
f 1331 2153 1567
f 1519 1900 1371
f 1207 2034 1688
f 1149 1824 1583
f 1583 1824 1302
f 1342 1997 1541
f 1387 2229 1694
f 1695 2230 1388
f 2087 2317 1294
f 1753 2055 1438
f 1256 1699 1594
f 1593 1698 1257
f 1956 2110 1341
f 1340 2109 1957
f 1561 2241 1237
f 1165 2245 1905
f 1906 2247 1166
f 1535 1753 1269
f 1839 2038 1212
f 1213 2039 1840
f 1645 1729 1310
f 1185 1729 1645
f 1241 2211 1630
f 1323 1752 1595
f 1833 2166 1467
f 1399 1963 1929
f 243 1628 244
f 1522 1952 1300
f 239 1957 240
f 250 1956 251
f 1669 2030 1279
f 1363 2098 1526
f 1571 2057 1381
f 1382 2058 1572
f 1487 1878 1628
f 82 2111 1550
f 1468 2342 1987
f 1524 2135 1250
f 1251 2134 1523
f 1525 2136 1253
f 1203 1935 1805
f 1690 1926 1303
f 1533 2060 1168
f 1359 2060 1533
f 1521 1841 212
f 1519 2266 1246
f 1245 1727 1579
f 1578 1728 1244
f 1516 2027 1165
f 1166 2026 1515
f 1844 2392 1152
f 1535 2182 1167
f 1242 1880 1517
f 1518 1879 1241
f 1517 1880 1289
f 1290 1879 1518
f 1277 1906 1515
f 1516 1905 1276
f 1534 1786 1247
f 1202 1945 1804
f 1806 1944 1201
f 1267 1743 1562
f 1563 1742 1266
f 1437 2008 1739
f 1569 1716 1307
f 1308 1717 1568
f 1529 2135 1282
f 1531 2136 1285
f 1283 2134 1528
f 1515 2049 1234
f 1504 2310 1718
f 88 1657 2
f 1253 2136 1531
f 1274 1758 1577
f 1555 2029 1354
f 1353 2028 1556
f 1289 1938 1517
f 1518 1937 1290
f 1486 2177 2173
f 218 1759 219
f 1545 2367 1249
f 1269 1941 1609
f 76 2124 1706
f 1705 2125 85
f 1532 1833 1171
f 1803 2337 1689
f 1271 2082 1617
f 1479 2110 1956
f 1957 2109 1480
f 1169 2102 1525
f 187 2047 1528
f 1529 2044 105
f 1543 1767 1238
f 1239 1768 1542
f 1526 2098 1226
f 1620 1744 1243
f 1398 1744 1620
f 1248 2364 1544
f 1541 1777 1191
f 1190 1792 1539
f 1928 1973 1475
f 229 1818 1536
f 1537 1817 147
f 1552 2014 1350
f 1471 2087 1526
f 1669 1733 1363
f 1485 1991 1962
f 75 2124 76
f 85 2125 86
f 1470 2029 1675
f 1676 2028 1469
f 1371 2283 1519
f 1570 2348 1313
f 1735 2203 71
f 1220 1973 1928
f 1309 1747 1646
f 1646 1747 1186
f 1167 2074 1619
f 1239 2012 1549
f 1548 2011 1238
f 1567 2253 1170
f 1619 2074 1415
f 1196 1894 1780
f 1780 1894 1426
f 1406 1719 1592
f 1592 1719 1230
f 1962 1991 1222
f 1804 1945 1427
f 1428 1944 1806
f 1329 1741 1679
f 1679 1741 1156
f 1272 2009 1575
f 1364 1683 1602
f 1553 1785 1394
f 1605 2253 1567
f 1287 2139 1774
f 1773 2140 1288
f 1720 2169 1391
f 1556 2028 1184
f 1183 2029 1555
f 1164 2085 1520
f 1885 2390 1279
f 1579 1727 1375
f 1374 1728 1578
f 1713 1823 1306
f 1380 1823 1713
f 1564 1797 1429
f 1430 1796 1565
f 105 2142 1529
f 1528 2141 187
f 1759 2381 219
f 1966 2179 1450
f 1451 2178 1965
f 1703 1755 1352
f 1154 1755 1703
f 1300 2187 1544
f 1630 2022 1241
f 1545 2188 1301
f 1697 1725 1324
f 1155 1725 1697
f 1345 1954 1626
f 1625 1955 1344
f 63 1813 1549
f 1548 1814 66
f 99 1882 98
f 180 1883 181
f 1776 2075 204
f 122 2073 1775
f 1763 2220 1198
f 1199 2219 1764
f 1574 2092 1330
f 1277 1869 1607
f 1177 2380 1547
f 1301 2275 1650
f 1538 2298 1893
f 1251 1891 1572
f 1571 1892 1250
f 1572 1891 1382
f 1381 1892 1571
f 1409 2051 1642
f 1642 2065 1409
f 2171 2280 1490
f 1486 2173 1589
f 1643 2056 1412
f 1733 2390 1503
f 1303 1819 1690
f 1690 1819 1367
f 2313 2352 1273
f 1230 2174 1532
f 1567 2153 1627
f 1306 1960 1713
f 1284 2297 2045
f 1554 2390 1885
f 141 2186 1576
f 174 1623 175
f 93 1624 92
f 1188 2143 1581
f 1580 2144 1189
f 1573 2165 223
f 1596 1885 1279
f 1270 1730 1639
f 1286 2166 1833
f 1643 1760 1316
f 1157 1760 1643
f 1254 2006 1710
f 1934 1981 1493
f 1357 1981 1934
f 1610 1967 1327
f 1534 2222 1169
f 1619 1688 1256
f 1749 2084 1204
f 1703 1704 1276
f 1352 1704 1703
f 1596 1964 1205
f 1356 1964 1596
f 1737 1756 101
f 183 1757 1738
f 1533 1979 1359
f 1577 1758 1180
f 1330 2092 1588
f 1536 1942 230
f 148 1943 1537
f 1497 2220 1763
f 1764 2219 1496
f 88 2359 1657
f 1657 2359 1518
f 1540 2083 1297
f 1837 1854 1343
f 1414 1854 1837
f 1342 1855 1836
f 1836 1855 1413
f 163 2256 1634
f 1450 2056 1643
f 1882 2149 98
f 180 2150 1883
f 1210 1976 1765
f 1765 1976 1437
f 1303 1973 1570
f 1642 2051 1451
f 1158 2065 1642
f 1297 1902 1540
f 1694 1717 1184
f 1183 1716 1695
f 1420 2210 1574
f 1574 2210 1242
f 1255 1898 1546
f 1378 2362 1701
f 1414 2183 1854
f 1293 1693 1651
f 1651 1693 1313
f 1649 1692 1292
f 1312 1692 1649
f 1249 2367 2116
f 1574 2251 2236
f 1375 2127 1542
f 1543 2128 1374
f 91 1673 90
f 172 1672 173
f 1751 1755 1296
f 1560 1991 1306
f 1298 2097 1550
f 1273 2352 1674
f 1745 2148 1423
f 1224 2340 1538
f 1926 1973 1303
f 1475 1973 1926
f 2236 2251 1176
f 79 2083 1540
f 1264 1897 1600
f 1600 1897 1325
f 1599 1896 1265
f 1324 1896 1599
f 59 1975 60
f 1394 2156 1553
f 1553 2156 1186
f 203 1776 204
f 1550 1901 1298
f 122 1775 121
f 137 1754 136
f 1702 2079 1217
f 1651 2000 67
f 1987 2342 1193
f 1508 2248 1951
f 1559 2391 68
f 62 2003 1649
f 1286 1820 1595
f 1710 2006 1403
f 1725 1867 1324
f 1389 1867 1725
f 1225 2062 2037
f 1807 1936 1197
f 1433 1936 1807
f 1385 1866 1853
f 200 1664 201
f 119 1663 118
f 1250 2374 1571
f 1572 2375 1251
f 1311 1782 1647
f 1647 1782 1187
f 1933 2361 1147
f 194 1655 195
f 185 1654 186
f 113 1656 112
f 104 1653 103
f 1222 2066 1962
f 1238 1972 1543
f 1542 1971 1239
f 1425 2093 1932
f 1552 2064 1231
f 1413 2108 1621
f 1621 2108 1253
f 1369 1784 1635
f 1323 2358 1552
f 1170 2253 1968
f 1507 2062 1913
f 1793 1977 1438
f 1337 1977 1793
f 1436 2084 1749
f 1753 1941 1269
f 1544 1984 1248
f 1249 1985 1545
f 1664 1999 1501
f 1498 1997 1663
f 1173 2164 1640
f 1641 2163 1174
f 1252 2297 1605
f 1240 2068 1601
f 137 2347 1754
f 1350 2064 1552
f 1574 2236 1420
f 1687 1917 1347
f 1348 1916 1686
f 1650 2377 1510
f 1163 2377 1650
f 1685 1963 1399
f 1550 2097 82
f 1557 1888 191
f 109 1889 1558
f 1682 2339 1489
f 1778 2388 1236
f 1741 1746 1294
f 1302 1969 1583
f 1352 1755 1751
f 1208 1950 1799
f 114 2181 2046
f 2045 2180 196
f 1547 2014 1177
f 1700 1746 1329
f 1185 1746 1700
f 164 2256 163
f 1471 2317 2087
f 1653 2044 1282
f 1284 2045 1655
f 1656 2046 1285
f 1283 2047 1654
f 1291 1734 1635
f 1490 2152 2118
f 1502 1988 1975
f 1975 1988 1358
f 1620 2221 1180
f 1467 2262 1833
f 1729 1834 1310
f 1368 1834 1729
f 192 1888 1564
f 1565 1889 110
f 1238 2200 1548
f 1549 2201 1239
f 2037 2062 1507
f 223 2001 1573
f 1939 2228 1325
f 1782 1794 1385
f 1311 1794 1782
f 1313 1914 1559
f 1553 2080 1234
f 1306 1991 1960
f 1960 1991 1485
f 1238 2011 1597
f 1598 2012 1239
f 1357 2391 1559
f 115 2190 1621
f 1184 2396 1556
f 1555 2395 1183
f 1622 2191 197
f 1307 1790 1706
f 1705 1791 1308
f 1345 1791 1705
f 1706 1790 1344
f 1185 1881 1566
f 231 1942 1863
f 1864 1943 149
f 1424 2079 1702
f 68 2000 1559
f 1559 2000 1313
f 1329 1746 1741
f 1856 2286 1275
f 1816 1970 1379
f 1435 1970 1816
f 1156 2231 1939
f 1459 2168 1708
f 1709 2167 1458
f 1811 2081 1218
f 1290 1937 1568
f 1569 1938 1289
f 1635 1734 1152
f 1599 1796 1204
f 1203 1797 1600
f 225 1662 226
f 144 1661 143
f 1708 2168 1267
f 1266 2167 1709
f 1786 2313 1273
f 1261 2265 1589
f 1153 1822 1707
f 1707 1822 1373
f 1313 2348 1914
f 1200 2122 1575
f 1575 2122 1392
f 1367 2001 1690
f 1667 2371 1979
f 1839 2164 1448
f 1449 2163 1840
f 1680 1811 1218
f 1333 1811 1680
f 1182 2366 1560
f 1214 1783 1714
f 1714 1783 1339
f 183 1738 184
f 102 1737 101
f 1489 2281 1612
f 1509 2388 1778
f 1551 2286 1856
f 1294 1746 1645
f 1279 2390 1733
f 1187 2117 1995
f 1192 1838 1802
f 2136 2232 1285
f 1636 2169 1247
f 1670 1998 1492
f 1667 1979 1206
f 1828 2146 1402
f 2045 2297 1530
f 1650 2367 1545
f 1552 2358 2014
f 2046 2181 1531
f 1530 2180 2045
f 1534 2313 1786
f 1595 1820 1151
f 1402 2146 2137
f 1601 2280 1240
f 1646 1751 1296
f 1589 1832 1237
f 1442 2280 1601
f 67 2000 68
f 1320 1756 1737
f 1738 1757 1321
f 61 2003 62
f 1194 2363 1585
f 2 2224 1588
f 1566 2343 1368
f 1473 2091 1886
f 1590 2386 1162
f 1161 2387 1591
f 1576 2004 141
f 1576 2104 1380
f 1918 2219 1384
f 1383 2220 1919
f 2135 2246 1282
f 1283 2244 2134
f 1187 1766 1647
f 1575 2255 1272
f 2173 2177 1163
f 1927 2069 1521
f 1713 2004 1380
f 1606 1978 1201
f 1715 1792 1190
f 1334 1792 1715
f 1645 1746 1185
f 1928 2050 1220
f 1491 2296 1689
f 1421 2035 1731
f 1693 1915 1181
f 1731 2035 1206
f 1182 1912 1692
f 1544 2364 1652
f 1279 1733 1669
f 207 1682 208
f 1367 2088 1573
f 1420 1971 1590
f 1591 1972 1419
f 91 2120 1673
f 1672 2119 173
f 1969 2031 1583
f 70 1735 71
f 1586 2361 1482
f 1294 2317 1741
f 1736 1766 1339
f 1295 1766 1736
f 1205 1924 1885
f 1230 2069 1592
f 1592 2069 1379
f 1624 2243 2120
f 2119 2242 1623
f 1407 2006 1702
f 1581 1891 1251
f 1250 1892 1580
f 1951 2248 1305
f 1179 2179 1966
f 1702 2006 1254
f 1965 2178 1178
f 1582 1884 1312
f 1657 2224 2
f 1392 1925 1575
f 1322 2011 1946
f 1946 2012 1322
f 1671 2076 1447
f 1191 2036 1602
f 1602 2036 1364
f 1451 2051 1809
f 1809 2051 1228
f 79 2105 80
f 1859 1908 1397
f 1186 1751 1646
f 1886 2091 1172
f 1307 2124 1569
f 1568 2125 1308
f 1652 2133 1300
f 1350 2291 1629
f 1638 1859 1397
f 1204 1903 1599
f 1993 2095 1233
f 1232 2096 1994
f 1537 2095 1993
f 1994 2096 1536
f 1372 2002 1795
f 1795 2002 1431
f 1216 2078 1710
f 1712 2035 1456
f 1455 2034 1711
f 1630 2211 1419
f 1775 2073 1416
f 1703 1947 1154
f 1417 2075 1776
f 1408 2067 1566
f 1583 2015 1149
f 1808 2056 1450
f 1229 2056 1808
f 1710 2078 1425
f 1170 2070 1567
f 86 2125 1568
f 1569 2124 75
f 1788 1917 1365
f 1366 1916 1787
f 1335 2015 1583
f 1633 2376 1462
f 1868 1895 1390
f 1567 2070 1331
f 1522 2263 1952
f 1670 2067 1408
f 1209 2067 1670
f 165 2094 164
f 162 2093 161
f 1180 2221 1577
f 1929 1963 1363
f 69 1934 70
f 1267 2168 1615
f 1616 2167 1266
f 1602 2389 1191
f 1194 1862 1801
f 1173 2372 1721
f 1722 2373 1174
f 1919 2220 1497
f 1496 2219 1918
f 1867 1896 1324
f 1325 1897 1868
f 2107 2364 1248
f 1434 2076 1671
f 1647 1766 1295
f 1394 2154 1586
f 1869 1959 1153
f 1513 2255 1925
f 1614 2267 1726
f 1275 2286 1735
f 126 1718 125
f 2177 2346 1423
f 81 2111 82
f 1571 2142 106
f 188 2141 1572
f 1573 2001 1367
f 1829 1875 1319
f 1390 1843 1799
f 1799 1843 1208
f 1853 1866 1315
f 1219 2250 1874
f 142 2186 141
f 116 2190 115
f 1361 1876 1609
f 197 2191 198
f 1327 2268 1610
f 1610 2268 1441
f 214 2157 1639
f 1924 2341 1885
f 1593 2008 1338
f 1205 1885 1596
f 1257 2008 1593
f 2185 2355 1454
f 1490 2280 1846
f 1380 2004 1576
f 1330 2251 1574
f 1607 1869 1153
f 1904 2068 1483
f 1362 2068 1904
f 1811 1845 1393
f 1333 1845 1811
f 1575 2009 1200
f 1576 2303 2104
f 1192 1900 1587
f 1599 2351 1324
f 1614 2126 132
f 1612 2281 205
f 1913 2062 1372
f 1276 1978 1606
f 1887 2103 1368
f 1610 2282 1967
f 2246 2321 1804
f 1806 2320 2244
f 1361 2214 1724
f 131 1750 130
f 1162 2344 2071
f 2072 2345 1161
f 1422 2293 1688
f 1584 2275 1301
f 223 2165 224
f 1315 1866 1642
f 1642 1866 1158
f 1242 2092 1574
f 2118 2152 1405
f 1686 1916 1166
f 1165 1917 1687
f 1976 2315 1338
f 1337 2314 1977
f 1240 2280 2171
f 2014 2358 1177
f 2010 2069 1230
f 1521 2069 2010
f 1645 1800 1294
f 1295 1801 1647
f 1296 1802 1646
f 1163 2275 1584
f 1982 2226 1317
f 1318 2227 1983
f 1754 2347 1485
f 1312 2003 1582
f 1411 2119 1672
f 1673 2120 1410
f 1634 1932 163
f 246 1821 247
f 1582 2003 61
f 2252 2273 1154
f 1644 1894 1196
f 1332 1894 1644
f 2016 2175 1355
f 1525 2232 2136
f 1609 1941 1211
f 1755 2086 1296
f 2104 2303 1245
f 2120 2243 1410
f 1411 2242 2119
f 1197 1936 1648
f 1648 1936 1351
f 174 2119 1623
f 1624 2120 92
f 1578 2289 1374
f 1375 2290 1579
f 2088 2278 1573
f 1244 2088 1578
f 1579 2104 1245
f 1585 1964 1356
f 1952 2263 1215
f 1268 2148 1745
f 1456 2335 1712
f 1711 2336 1455
f 1996 2272 1491
f 58 1740 59
f 1792 2106 1412
f 1591 2305 1460
f 1461 2306 1590
f 1437 2013 1765
f 1255 2376 1633
f 1864 2042 1396
f 1395 2043 1863
f 1863 2043 1452
f 1453 2042 1864
f 1696 2184 245
f 1603 1965 1178
f 1315 1965 1603
f 1413 2190 1836
f 1837 2191 1414
f 1941 1977 1211
f 1179 1966 1604
f 1604 1966 1316
f 1583 2031 1335
f 1475 2381 1759
f 1387 2101 2023
f 2024 2100 1388
f 1803 1824 1371
f 1302 1824 1803
f 1321 1944 1738
f 1737 1945 1320
f 1427 1945 1737
f 1738 1944 1428
f 1679 1799 1329
f 1390 1799 1679
f 1622 2183 1414
f 1252 2183 1622
f 1339 1760 1736
f 1736 1760 1157
f 1744 2209 1258
f 1760 1783 1316
f 1339 1783 1760
f 2139 2260 1476
f 1477 2261 2140
f 228 1818 229
f 147 1817 146
f 1857 2278 1244
f 1616 1989 1173
f 1174 1990 1615
f 1233 2095 1625
f 1626 2096 1232
f 1625 2095 1396
f 1395 2096 1626
f 1524 2246 2135
f 2134 2244 1523
f 1833 2262 1171
f 1581 2143 1891
f 1892 2144 1580
f 1382 2143 1631
f 1632 2144 1381
f 1217 2129 1702
f 228 1861 1818
f 1817 1860 146
f 212 1841 213
f 78 2083 79
f 1300 1952 1603
f 1604 1953 1301
f 1356 1908 1859
f 1396 1943 1864
f 1863 1942 1395
f 1244 2278 2088
f 1733 2098 1363
f 1749 2232 1436
f 1178 2187 1603
f 1586 2158 1394
f 1235 2158 1586
f 1299 2132 1628
f 1604 2188 1179
f 1701 2147 1175
f 1295 2025 2020
f 1360 1947 1606
f 1585 2020 1401
f 1794 1866 1385
f 1514 2175 2016
f 2094 2256 164
f 1806 2244 1283
f 1282 2246 1804
f 236 2356 1708
f 1709 2357 154
f 1669 1963 1150
f 1363 1963 1669
f 1361 1940 1607
f 1194 1859 1638
f 1397 1931 1674
f 1644 1981 1357
f 1196 1981 1644
f 1410 1849 1673
f 1672 1850 1411
f 1700 1881 1185
f 1346 1881 1700
f 123 2334 1611
f 1601 2274 1442
f 1586 2021 1235
f 1771 2083 78
f 1618 1899 1148
f 128 1795 127
f 1341 1850 1672
f 1673 1849 1340
f 1628 1878 1299
f 1979 2371 1359
f 82 2097 83
f 182 1757 183
f 101 1756 100
f 1584 2173 1163
f 1280 2164 1839
f 1840 2163 1281
f 1606 2332 1276
f 1588 2224 1330
f 1609 2365 1269
f 1829 2380 1177
f 1358 1988 1648
f 1648 1988 1197
f 1195 1970 1745
f 1745 1970 1435
f 245 2184 246
f 1736 2025 1295
f 1917 2027 1365
f 1366 2026 1916
f 1590 2210 1420
f 1419 2211 1591
f 1597 2011 1322
f 1322 2012 1598
f 1923 2314 2288
f 2287 2315 1922
f 1724 2214 1923
f 1211 2314 1923
f 1922 2315 1210
f 1822 1838 1373
f 1309 1838 1822
f 233 1761 234
f 152 1762 151
f 209 1816 210
f 1245 2303 1858
f 1862 1911 1311
f 1156 2317 2231
f 1594 2149 1337
f 1338 2150 1593
f 83 2097 1770
f 1379 2069 1927
f 1221 2031 1969
f 133 2269 1726
f 1322 2063 1597
f 1598 2063 1322
f 1420 2236 1598
f 1597 2237 1419
f 1592 2239 1406
f 213 2157 214
f 1438 1977 1941
f 2068 2311 1601
f 160 1774 159
f 167 1773 166
f 1605 2297 1284
f 235 2356 236
f 154 2357 153
f 1153 1959 1822
f 1188 1895 1868
f 2005 2258 1208
f 1755 2273 2086
f 1789 2006 1407
f 1325 2228 1600
f 230 1942 231
f 149 1943 148
f 1887 1907 1389
f 1206 2035 1712
f 1711 2034 1207
f 1447 2276 1671
f 1893 2298 1159
f 1403 2006 1789
f 1665 2130 84
f 77 2131 1666
f 80 1789 81
f 1633 1898 1255
f 1653 2197 103
f 194 2199 1655
f 1656 2198 112
f 185 2196 1654
f 1427 2197 1653
f 1430 2198 1656
f 1654 2196 1428
f 1655 2199 1429
f 1752 2166 1595
f 1399 1890 1786
f 1786 1890 1247
f 1886 2172 1473
f 1980 2291 1350
f 1220 2050 1914
f 134 2269 133
f 1148 1899 1637
f 1491 2337 1996
f 1631 1897 1264
f 1265 1896 1632
f 1589 2265 1832
f 1335 1898 1633
f 1595 2166 1286
f 1272 2257 2009
f 1878 2147 1299
f 1765 1865 1210
f 1702 2129 1407
f 1772 2223 1426
f 1369 2059 1930
f 1930 2059 1464
f 95 1948 94
f 176 1949 177
f 144 2234 1661
f 1662 2233 226
f 1316 2217 1604
f 1830 2385 1341
f 1340 2384 1831
f 1637 1899 1304
f 1603 2300 1315
f 1600 2301 1203
f 1659 1958 1464
f 1243 1958 1659
f 2259 2276 1447
f 1189 1867 1842
f 1842 1867 1389
f 1203 2301 1935
f 1919 2152 1159
f 1484 2253 1605
f 1464 2122 1930
f 1253 2108 1602
f 1603 2187 1300
f 1436 2232 2102
f 1772 1894 1332
f 1608 2156 1394
f 1186 2156 1608
f 1426 1894 1772
f 1301 2188 1604
f 1935 2301 2268
f 1318 1983 1827
f 1826 1982 1317
f 72 2203 1629
f 1629 2203 1444
f 227 1861 228
f 146 1860 145
f 1671 2276 1148
f 1855 2389 1413
f 1400 2221 1620
f 1662 2354 1465
f 1175 2379 1613
f 1511 2352 2313
f 1416 1984 1779
f 1781 1985 1417
f 1848 1852 1384
f 1383 1851 1847
f 1336 2126 1614
f 1309 1959 1747
f 1747 1959 1386
f 1682 2138 208
f 1293 2200 1767
f 1768 2201 1292
f 1660 1953 1214
f 1847 1851 1317
f 1318 1852 1848
f 1611 2334 1504
f 1354 1860 1817
f 1818 1861 1353
f 1262 2369 1675
f 1676 2368 1263
f 1469 2368 1676
f 1675 2369 1470
f 1995 2117 1434
f 1608 2254 1352
f 1259 2112 1763
f 1764 2113 1260
f 1531 2181 1621
f 1763 2112 1497
f 1496 2113 1764
f 1341 2385 1956
f 1957 2384 1340
f 1227 2337 1803
f 1622 2180 1530
f 1274 1875 1677
f 163 1932 162
f 205 2281 206
f 231 1863 232
f 150 1864 149
f 68 2391 69
f 1349 2040 1732
f 1408 1998 1670
f 1304 2265 1637
f 248 1827 249
f 241 1826 242
f 1295 2020 1801
f 1636 1986 1155
f 1199 2227 1848
f 1847 2226 1198
f 209 2138 1816
f 1696 2132 1299
f 1413 2389 2108
f 1852 2206 1223
f 1224 2205 1851
f 1330 2022 1630
f 1291 2172 1886
f 132 2126 131
f 1667 1974 1443
f 1404 1974 1667
f 2249 2290 1182
f 1611 2073 123
f 205 2075 1612
f 1152 2059 1635
f 1635 2059 1369
f 1800 2087 1294
f 1814 2200 1293
f 1292 2201 1813
f 225 2354 1662
f 1627 2153 1190
f 2116 2367 1510
f 1674 2081 1397
f 1218 2081 1674
f 1795 2121 127
f 1834 1986 1310
f 1782 2117 1187
f 1724 1940 1361
f 1202 1940 1724
f 1334 1910 1877
f 1877 1910 1401
f 1683 2090 1169
f 1677 2358 1323
f 1393 1911 1862
f 1915 2289 1181
f 1260 2113 1712
f 1711 2112 1259
f 1405 2112 1711
f 1712 2113 1404
f 1630 2237 1176
f 1419 2237 1630
f 1390 1895 1843
f 1211 2214 1609
f 1450 2179 1808
f 186 2047 187
f 105 2044 104
f 195 2045 196
f 114 2046 113
f 1809 2178 1451
f 1471 2282 1610
f 222 2001 223
f 1609 2214 1361
f 1259 2336 1711
f 1712 2335 1260
f 1506 2373 1901
f 126 2121 1718
f 1466 2382 1661
f 1182 2290 1912
f 1271 2338 1614
f 1394 2158 1608
f 1614 2338 1336
f 1650 2275 1163
f 121 1920 120
f 202 1921 203
f 1336 2338 1617
f 1617 2338 1271
f 1902 2372 1505
f 1788 1843 1347
f 1208 1843 1788
f 227 2233 1861
f 1860 2234 145
f 1433 2269 1825
f 1707 1876 1153
f 1422 2034 1948
f 1949 2035 1421
f 1456 2035 1949
f 1948 2034 1455
f 1207 2118 1711
f 94 2053 93
f 175 2054 176
f 1840 2043 1213
f 1212 2042 1839
f 1711 2118 1405
f 1710 2235 1254
f 1452 2043 1840
f 1839 2042 1453
f 1208 2258 1950
f 1890 2342 1468
f 1351 1936 1825
f 1825 1936 1433
f 1416 2073 1611
f 2110 2227 1199
f 1198 2226 2109
f 1423 2346 1870
f 1483 2182 1904
f 1612 2075 1417
f 1718 2310 125
f 240 1982 241
f 249 1983 250
f 1480 2226 1982
f 1983 2227 1479
f 1468 1986 1636
f 1334 2106 1792
f 1201 1944 1723
f 1724 1945 1202
f 1403 2123 1710
f 84 2130 85
f 76 2131 77
f 1710 2123 1216
f 1164 2133 1652
f 1151 1909 1732
f 1732 1909 1349
f 1441 2231 1610
f 1619 2055 1167
f 2013 2272 1765
f 2048 2090 1364
f 1511 2090 2048
f 1775 1920 121
f 203 1921 1776
f 1661 2382 143
f 1910 1924 1205
f 1335 2031 1898
f 1703 2332 1947
f 1431 2121 1795
f 1816 2138 1435
f 1527 2273 2252
f 1769 1906 1277
f 1439 1906 1769
f 1863 2161 232
f 150 2162 1864
f 1697 1903 1391
f 1617 2082 1172
f 1810 2252 1154
f 1815 2185 1509
f 1630 2251 1330
f 1172 2091 1617
f 2015 2052 1481
f 1335 2052 2015
f 1389 1907 1842
f 1692 1912 1292
f 93 2053 1624
f 1623 2054 175
f 1157 2106 1877
f 1698 2304 1257
f 1148 2276 1618
f 1293 1915 1693
f 1665 1954 1345
f 1344 1955 1666
f 1314 1865 1765
f 207 2339 1682
f 1826 2205 1487
f 1488 2206 1827
f 1846 2152 1490
f 1794 1911 1158
f 1219 2052 1633
f 1254 2235 1634
f 1286 2174 1719
f 1615 2261 1477
f 1476 2260 1616
f 1406 1909 1820
f 1209 1907 1887
f 1692 2366 1182
f 1649 2003 1312
f 1311 1911 1794
f 1285 2099 1656
f 1656 2099 1430
f 245 2132 1696
f 1369 2299 1668
f 1156 1939 1679
f 1717 2396 1184
f 1183 2395 1716
f 1314 2272 1996
f 1579 2290 2249
f 1313 2000 1651
f 1685 1931 1150
f 132 2267 1614
f 1386 1959 1869
f 1465 2278 1857
f 1719 2174 1230
f 1720 2222 1534
f 168 2140 167
f 159 2139 158
f 1439 2247 1906
f 1905 2245 1440
f 1861 2233 1469
f 1470 2234 1860
f 1618 2209 1398
f 1258 2209 1618
f 1629 2064 1350
f 1730 2322 1639
f 191 1888 192
f 110 1889 109
f 1501 2308 1921
f 1795 1913 1372
f 128 1913 1795
f 1920 2309 1498
f 1908 2030 1150
f 1671 2016 1355
f 1148 2016 1671
f 141 2004 140
f 1731 1979 1533
f 1620 2238 1400
f 1243 2238 1620
f 1331 1924 1715
f 234 2159 235
f 153 2160 152
f 1206 1979 1731
f 1810 1865 1314
f 1256 2293 1699
f 1681 2133 1164
f 1633 2052 1335
f 1621 2181 115
f 197 2180 1622
f 1158 1866 1794
f 1757 2216 1445
f 1446 2215 1756
f 1631 2143 1188
f 1189 2144 1632
f 1666 2032 77
f 84 2033 1665
f 1730 2223 215
f 1376 2032 1666
f 1665 2033 1377
f 1321 1922 1723
f 1724 1923 1320
f 1333 2065 1845
f 1655 2045 195
f 113 2046 1656
f 1654 2047 186
f 104 2044 1653
f 1621 2190 1413
f 1414 2191 1622
f 1360 1865 1810
f 124 2334 123
f 1260 2335 1623
f 1624 2336 1259
f 1668 2062 1225
f 1372 2062 1668
f 1727 2127 1375
f 1374 2128 1728
f 1150 1963 1685
f 1769 1940 1202
f 1759 1928 1475
f 1700 1950 1346
f 1452 2161 1863
f 1864 2162 1453
f 1663 1997 1342
f 1158 1911 1845
f 1343 1999 1664
f 1628 2132 244
f 182 2216 1757
f 1756 2215 100
f 233 2161 1761
f 1762 2162 151
f 2111 2129 1550
f 1407 2129 2111
f 1160 1918 1828
f 1259 2243 1624
f 1623 2242 1260
f 1155 2378 1636
f 1485 1962 1754
f 1828 1918 1384
f 1657 2022 1330
f 187 2141 188
f 106 2142 105
f 1540 2123 2105
f 1357 2050 1644
f 2105 2123 1403
f 1639 2157 1370
f 2154 2361 1586
f 1770 2097 1298
f 1627 2183 1252
f 1874 1893 1442
f 1330 2224 1657
f 118 2213 117
f 1379 1927 1816
f 1339 2018 1714
f 1816 1927 210
f 199 2212 200
f 1278 2185 1815
f 1297 2083 1771
f 157 2393 1742
f 1743 2394 169
f 1844 2077 1319
f 1348 1907 1787
f 1397 2081 1638
f 1723 1944 1321
f 1320 1945 1724
f 1513 2364 2107
f 2234 2369 1661
f 1662 2368 2233
f 1666 2131 1344
f 1345 2130 1665
f 215 2223 216
f 1634 2316 1254
f 1425 2235 1710
f 1178 2323 2187
f 2188 2324 1179
f 1218 2048 1680
f 1680 2048 1364
f 1858 2303 1466
f 1181 2289 2225
f 158 2393 157
f 169 2394 168
f 1629 2291 72
f 1648 2066 1358
f 1291 1886 1778
f 1732 2195 1151
f 1432 2195 1732
f 129 1913 128
f 1635 2172 1291
f 244 2132 245
f 1682 2264 2138
f 1157 2025 1736
f 1486 2346 2177
f 1779 2178 1326
f 1228 2309 1809
f 1342 2213 1663
f 1328 2179 1781
f 1664 2212 1343
f 1808 2308 1229
f 2121 2257 1718
f 1639 2189 1270
f 1176 2251 1630
f 1870 2061 1195
f 210 1927 211
f 1406 2061 1909
f 1829 2077 1418
f 1319 2077 1829
f 1150 2030 1669
f 171 2192 172
f 90 2193 89
f 1340 2193 1673
f 1672 2192 1341
f 1190 2153 1715
f 1639 2322 214
f 1636 2378 1391
f 1493 1981 1798
f 1798 1981 1196
f 1784 2172 1635
f 1391 2169 1636
f 1849 2109 1340
f 1341 2110 1850
f 1787 1907 1209
f 1184 2028 1676
f 1675 2029 1183
f 1326 2178 1809
f 1808 2179 1328
f 1637 2265 1261
f 1332 1928 1759
f 1706 2124 1307
f 1308 2125 1705
f 1546 2089 1678
f 1901 2373 1298
f 1281 2163 1641
f 1640 2164 1280
f 1842 1907 1348
f 2040 2241 1732
f 1812 1988 1502
f 1197 1988 1812
f 1297 2372 1902
f 1759 2155 1332
f 1641 2168 1459
f 1458 2167 1640
f 1326 1920 1775
f 1833 2174 1286
f 1370 2189 1639
f 1776 1921 1328
f 1787 1916 1348
f 1347 1917 1788
f 1364 2036 1680
f 64 1946 65
f 1510 2367 1650
f 1652 2364 1513
f 1438 1941 1753
f 1332 2155 1772
f 117 2213 1836
f 1837 2212 199
f 1691 2326 1274
f 1777 2292 1191
f 1344 2131 1706
f 1705 2130 1345
f 1225 2037 1835
f 1274 2326 1758
f 1820 1909 1151
f 1738 2196 184
f 1737 2197 1427
f 102 2197 1737
f 1428 2196 1738
f 2279 2311 1362
f 1270 2189 1658
f 1800 2319 2087
f 1187 2018 1766
f 1921 2308 1328
f 1155 2103 1725
f 1905 1978 1276
f 1326 2309 1920
f 1212 2038 1955
f 1954 2039 1213
f 1843 1895 1347
f 1388 2100 1695
f 1694 2101 1387
f 1695 2100 1183
f 1184 2101 1694
f 1754 1962 1351
f 1766 2018 1339
f 1803 2019 1227
f 1884 2066 1222
f 1464 2392 1659
f 1407 2111 1789
f 2225 2289 1578
f 1934 2391 1357
f 1832 2265 1304
f 1231 2353 1752
f 1752 2353 1467
f 1789 2111 81
f 1830 2192 171
f 89 2193 1831
f 1171 2170 1658
f 1810 1947 1360
f 1996 2337 1227
f 2020 2025 1401
f 1204 2318 1749
f 1364 2090 1683
f 1995 2018 1187
f 1750 2126 1336
f 1352 2254 1704
f 1845 1911 1393
f 1678 2089 1160
f 1353 1994 1818
f 1817 1993 1354
f 1818 1994 1536
f 1537 1993 1817
f 1183 2100 1675
f 1676 2101 1184
f 1778 2331 1291
f 80 2105 1789
f 1305 1893 1874
f 1739 2008 1257
f 1789 2105 1403
f 1961 2279 1362
f 1562 2329 1708
f 1709 2330 1563
f 1154 1947 1810
f 1400 2238 1659
f 1659 2238 1243
f 1150 1931 1908
f 1908 1931 1397
f 1355 2175 1714
f 2020 2363 1801
f 1155 1986 1834
f 2176 2380 1418
f 1661 2369 1262
f 1263 2368 1662
f 1961 2283 1149
f 1519 2283 1961
f 1424 2094 2079
f 2078 2093 1425
f 2079 2094 1494
f 1495 2093 2078
f 1822 1959 1309
f 1336 2037 1750
f 1438 2055 1793
f 1378 1992 1821
f 1821 1992 1488
f 1351 2218 1754
f 1663 2213 118
f 200 2212 1664
f 246 2184 1821
f 1378 2184 1696
f 178 2114 1698
f 1699 2115 96
f 1698 2114 1421
f 1422 2115 1699
f 1206 2325 1667
f 1856 2262 1551
f 1171 2262 1856
f 1443 2371 1667
f 1365 2005 1788
f 1439 2321 2246
f 2244 2320 1440
f 1823 2249 1182
f 1973 2348 1570
f 1667 2325 1404
f 131 2126 1750
f 1722 2207 1298
f 1297 2208 1721
f 172 2192 1672
f 1673 2193 90
f 1745 2264 1268
f 1435 2264 1745
f 1317 2205 1826
f 1827 2206 1318
f 204 2075 205
f 1299 2362 1696
f 123 2073 122
f 1147 1998 1933
f 1933 1998 1408
f 1800 1987 1193
f 1257 2304 1731
f 1909 2061 1349
f 1967 2282 1226
f 1467 2166 1752
f 1402 2240 1678
f 1701 2362 1299
f 1788 2005 1208
f 1546 2277 2089
f 83 2033 84
f 77 2032 78
f 1674 2352 1218
f 1971 2386 1590
f 1591 2387 1972
f 1841 2010 1370
f 1521 2010 1841
f 1877 2025 1157
f 2298 2340 1383
f 1984 2323 1779
f 1781 2324 1985
f 1177 2358 1677
f 1827 1983 249
f 241 1982 1826
f 1750 2037 1507
f 85 2130 1705
f 1706 2131 76
f 1500 2023 1857
f 1858 2024 1499
f 1262 2024 1858
f 1857 2023 1263
f 1699 2293 1422
f 2161 2294 1761
f 1762 2295 2162
f 1841 2157 213
f 1678 2240 1255
f 1418 2077 1734
f 1299 2147 1701
f 168 2394 2140
f 2139 2393 158
f 1226 2098 1733
f 1978 2320 1201
f 1391 2378 1697
f 1247 2169 1720
f 1680 2292 1333
f 154 2330 1709
f 1708 2329 236
f 1454 2355 2041
f 1904 2266 1362
f 136 2218 135
f 1756 2288 1446
f 1445 2287 1757
f 1770 2033 83
f 78 2032 1771
f 1771 2032 1376
f 1377 2033 1770
f 156 2285 4
f 5 2284 170
f 189 2058 190
f 108 2057 107
f 2187 2323 1544
f 1545 2324 2188
f 4 2285 155
f 237 2284 5
f 1214 2217 1783
f 1402 2370 2240
f 1151 2195 1691
f 1748 2080 1386
f 1234 2080 1748
f 1974 2089 1443
f 1160 2089 1974
f 1900 2151 1371
f 1825 2218 1351
f 1268 2264 1682
f 1767 2200 1238
f 1239 2201 1768
f 1371 2019 1803
f 1834 2103 1155
f 1815 2082 1474
f 1172 2082 1815
f 1930 2299 1369
f 1320 2288 1756
f 1757 2287 1321
f 1312 2366 1692
f 1688 2293 1256
f 1689 2337 1491
f 1715 2153 1331
f 1835 2037 1336
f 1436 2222 1720
f 1689 2296 1478
f 2089 2277 1443
f 1254 2316 1702
f 1362 2266 1961
f 1694 2229 1290
f 1289 2230 1695
f 1702 2316 1424
f 1200 2009 2002
f 2002 2009 1431
f 1714 2175 1214
f 1696 2362 1378
f 1697 2378 1155
f 1215 2007 1853
f 2240 2370 1613
f 2159 2356 235
f 153 2357 2160
f 1831 2193 1340
f 1341 2192 1830
f 1324 2351 1697
f 1191 2292 2036
f 1887 2343 1209
f 1421 2304 1698
f 1181 2225 1819
f 1853 2007 1385
f 1749 2099 1285
f 1783 2217 1316
f 1362 2311 2068
f 1925 2255 1575
f 1704 2254 1235
f 1227 2307 1996
f 1996 2307 1527
f 1269 2365 1707
f 1458 2357 1709
f 1708 2356 1459
f 1836 2213 1342
f 1276 2332 1703
f 1343 2212 1837
f 1404 2325 1712
f 2116 2148 1268
f 1510 2148 2116
f 1291 2331 1734
f 1298 2207 1770
f 1771 2208 1297
f 1440 1978 1905
f 217 2155 218
f 177 2114 178
f 96 2115 95
f 1712 2325 1206
f 2002 2299 1200
f 1384 2146 1828
f 2194 2221 1400
f 92 2120 91
f 173 2119 174
f 127 2121 126
f 1824 2283 1371
f 1716 2395 1307
f 1308 2396 1717
f 1718 2257 1272
f 135 2218 1825
f 1577 2221 2194
f 208 2138 209
f 1536 2096 1942
f 1943 2095 1537
f 1942 2096 1395
f 1396 2095 1943
f 219 2381 220
f 1371 2151 2019
f 1426 2223 1730
f 1721 2372 1297
f 1298 2373 1722
f 1503 1968 1967
f 1967 1968 1327
f 1925 2085 1164
f 1385 2117 1782
f 2061 2239 1195
f 1852 2146 1384
f 215 2322 1730
f 1853 2300 1215
f 1731 2304 1421
f 1204 2084 1903
f 1147 2361 2154
f 1165 2027 1917
f 1916 2026 1166
f 1 2333 57
f 1772 2155 217
f 1732 2241 1432
f 1726 2267 133
f 1726 2269 1433
f 1430 2318 1796
f 1835 2091 1473
f 1170 2350 2070
f 1919 2298 1383
f 1401 2025 1877
f 232 2161 233
f 151 2162 150
f 1902 2123 1540
f 1398 2209 1744
f 1216 2123 1902
f 1384 2219 1848
f 1847 2220 1383
f 2074 2271 1415
f 1728 2345 1500
f 1499 2344 1727
f 1370 2157 1841
f 1315 2300 1853
f 1774 2139 159
f 167 2140 1773
f 1563 2327 1742
f 1743 2328 1562
f 2019 2307 1227
f 1547 2312 2270
f 1845 2065 1158
f 1453 2295 1839
f 1840 2294 1452
f 1742 2327 157
f 169 2328 1743
f 1839 2295 1280
f 1281 2294 1840
f 1734 2331 1418
f 196 2180 197
f 115 2181 114
f 1883 2150 1338
f 1337 2149 1882
f 218 2155 1759
f 72 2291 1
f 1851 2340 1224
f 1821 2184 1378
f 1761 2159 234
f 152 2160 1762
f 2070 2350 1554
f 1550 2129 1901
f 1215 2076 2007
f 1634 2235 1932
f 1901 2129 1217
f 103 2197 102
f 112 2198 111
f 184 2196 185
f 193 2199 194
f 1769 2321 1439
f 1202 2321 1769
f 1349 2061 1870
f 1368 2103 1834
f 2176 2331 1778
f 133 2267 132
f 71 2203 72
f 1958 2302 1392
f 1176 2237 2063
f 2063 2236 1176
f 1598 2236 2063
f 2063 2237 1597
f 1209 2343 2067
f 2007 2076 1434
f 181 2216 182
f 100 2215 99
f 1285 2232 1749
f 1879 2305 1241
f 1242 2306 1880
f 1785 2154 1394
f 1460 2305 1879
f 1880 2306 1461
f 1424 2316 2256
f 1741 2317 1156
f 2256 2316 1634
f 138 2347 137
f 145 2234 144
f 226 2233 227
f 58 2355 1740
f 1871 2078 1216
f 1217 2079 1872
f 214 2322 215
f 1758 2326 1432
f 1495 2078 1871
f 1872 2079 1494
f 1742 2393 1476
f 1477 2394 1743
f 1953 2217 1214
f 1749 2318 2099
f 1754 2218 136
f 1473 2172 1784
f 1431 2257 2121
f 1236 2176 1778
f 2070 2341 1331
f 1554 2341 2070
f 2128 2345 1728
f 1727 2344 2127
f 1415 2271 2171
f 1178 2178 1779
f 2148 2377 1423
f 1781 2179 1179
f 206 2339 207
f 1237 2241 2040
f 1198 2109 1849
f 1850 2110 1199
f 143 2382 142
f 87 2359 88
f 73 2360 74
f 1764 2242 1411
f 1410 2243 1763
f 1763 2243 1259
f 1260 2242 1764
f 1376 2208 1771
f 1770 2207 1377
f 224 2354 225
f 125 2310 124
f 157 2327 156
f 170 2328 169
f 1215 2300 1952
f 238 2384 239
f 251 2385 252
f 1968 2350 1170
f 1503 2350 1968
f 155 2330 154
f 236 2329 237
f 2138 2264 1435
f 2026 2049 1515
f 1154 2273 1755
f 95 2115 1948
f 1949 2114 177
f 1421 2114 1949
f 1948 2115 1422
f 1542 2386 1971
f 1972 2387 1543
f 2137 2146 1223
f 1877 2106 1334
f 1167 2182 2074
f 2074 2182 1483
f 1223 2146 1852
f 1765 2272 1314
f 1903 2084 1391
f 1280 2295 1762
f 1761 2294 1281
f 1532 2174 1833
f 1159 2152 1846
f 1538 2340 2298
f 2262 2353 1551
f 1548 2200 1814
f 1813 2201 1549
f 1392 2302 2085
f 1779 2323 1178
f 1179 2324 1781
f 1392 2085 1925
f 1880 2230 1289
f 1290 2229 1879
f 1879 2229 1460
f 1461 2230 1880
f 1856 2170 1171
f 1796 2318 1204
f 1333 2292 1777
f 1819 2225 1367
f 1874 2274 1219
f 1442 2274 1874
f 1923 2214 1211
f 1844 2194 1400
f 1463 2170 1856
f 1482 2258 2005
f 1912 2290 1375
f 1472 2307 2019
f 1399 2342 1890
f 1374 2289 1915
f 1314 2252 1810
f 2145 2171 1490
f 1457 2202 2041
f 1415 2171 2145
f 1319 2194 1844
f 1366 2049 2026
f 1380 2249 1823
f 2021 2383 1235
f 1891 2143 1382
f 1381 2144 1892
f 1272 2255 2107
f 2107 2255 1513
f 1929 2342 1399
f 1961 2266 1519
f 2270 2312 1457
f 2009 2257 1431
f 1470 2369 2234
f 2233 2368 1469
f 2086 2307 1472
f 1527 2307 2086
f 1193 2319 1800
f 1328 2308 1808
f 1809 2309 1326
f 1201 2320 1806
f 1804 2321 1202
f 1930 2122 1200
f 1851 2205 1317
f 1318 2206 1852
f 1903 2351 1599
f 1848 2219 1199
f 1198 2220 1847
f 220 2381 1926
f 1149 2283 1824
f 1317 2226 1847
f 1848 2227 1318
f 1801 2363 1194
f 1423 2377 2177
f 2240 2376 1255
f 1613 2376 2240
f 1192 2151 1900
f 2195 2326 1691
f 1547 2270 2014
f 2007 2117 1385
f 1876 2365 1609
f 1846 2280 1442
f 252 2385 1830
f 1831 2384 238
f 1365 2383 2021
f 1418 2380 1829
f 2027 2383 1365
f 1980 2270 1457
f 1350 2270 1980
f 2019 2151 1472
f 1883 2216 181
f 99 2215 1882
f 1445 2216 1883
f 1882 2215 1446
f 1434 2117 2007
f 1874 2250 1305
f 1467 2353 2262
f 1331 2341 1924
f 1383 2340 1851
f 1980 2333 1
f 1191 2389 1855
f 1481 2311 2279
f 1623 2335 2054
f 2053 2336 1624
f 1424 2256 2094
f 2068 2271 1483
f 1240 2271 2068
f 2127 2386 1542
f 1543 2387 2128
f 1162 2386 2127
f 2128 2387 1161
f 2140 2394 1477
f 1476 2393 2139
f 1219 2349 2052
f 1870 2346 1349
f 1462 2379 1951
f 1951 2379 1175
f 1246 2266 1904
f 1457 2312 2202
f 1444 2286 2204
f 2204 2286 1551
f 1604 2217 1953
f 1491 2272 2013
f 1440 2320 1978
f 1527 2252 1996
f 1996 2252 1314
f 1707 2365 1876
f 1932 2235 1425
f 1479 2227 2110
f 2109 2226 1480
f 1885 2341 1554
f 2060 2296 1168
f 1478 2296 2060
f 1960 2347 138
f 1235 2254 2158
f 2158 2254 1608
f 1951 2250 1462
f 1305 2250 1951
f 1368 2343 1887
f 1947 2332 1606
f 1452 2294 2161
f 2162 2295 1453
f 1923 2288 1320
f 1321 2287 1922
f 1935 2268 1327
f 1159 2298 1919
f 2118 2145 1490
f 2052 2349 1481
f 1950 2258 1346
f 1697 2351 1903
f 2288 2314 1446
f 1445 2315 2287
f 1207 2145 2118
f 1251 2375 2134
f 2135 2374 1250
f 1529 2374 2135
f 2134 2375 1528
f 1200 2299 1930
f 2102 2222 1436
f 2015 2279 1149
f 1481 2279 2015
f 2085 2302 1520
f 1220 2348 1973
f 2067 2343 1566
f 2102 2232 1525
f 1914 2348 1220
f 1937 2359 87
f 74 2360 1938
f 1193 2342 1929
f 1149 2279 1961
f 1481 2349 2311
f 1218 2352 2048
f 2311 2349 1601
f 1616 2260 1989
f 1990 2261 1615
f 1952 2300 1603
f 1288 2261 1990
f 1989 2260 1287
f 2088 2225 1578
f 1367 2225 2088
f 1243 2302 1958
f 1349 2346 2040
f 2040 2346 1486
f 2041 2202 1454
f 1926 2381 1475
f 1406 2239 2061
f 1524 2247 2246
f 2244 2245 1523
f 2246 2247 1439
f 1440 2245 2244
f 1938 2360 1517
f 1518 2359 1937
f 1 2291 1980
f 1485 2347 1960
f 2036 2292 1680
f 69 2391 1934
f 1977 2314 1211
f 1210 2315 1976
f 2017 2277 1221
f 1443 2277 2017
f 2014 2270 1350
f 239 2384 1957
f 1956 2385 251
f 1544 2323 1984
f 1985 2324 1545
f 1457 2333 1980
f 2268 2301 1441
f 2160 2357 1458
f 1459 2356 2159
f 2228 2301 1600
f 1169 2222 2102
f 2127 2344 1162
f 1161 2345 2128
f 2017 2371 1443
f 1483 2271 2074
f 1551 2353 2204
f 2285 2327 1563
f 1562 2328 2284
f 156 2327 2285
f 2284 2328 170
f 57 2333 2041
f 2041 2333 1457
f 1215 2263 2076
f 237 2329 2284
f 2285 2330 155
f 1510 2377 2148
f 2086 2273 1527
f 2284 2329 1562
f 1563 2330 2285
f 2076 2263 1447
f 1585 2363 2020
f 2137 2370 1402
f 1579 2249 2104
f 2104 2249 1380
f 1236 2388 2202
f 1359 2371 2017
f 2259 2263 1522
f 1447 2263 2259
f 2087 2319 1526
f 2108 2389 1602
f 1516 2383 2027
f 2048 2352 1511
f 2054 2335 1456
f 1455 2336 2053
f 1152 2392 2059
f 2059 2392 1464
f 1466 2303 2186
f 2186 2303 1576
f 2165 2278 1465
f 1573 2278 2165
f 2141 2375 1572
f 1571 2374 2142
f 2099 2318 1430
f 2171 2271 1240
f 1454 2388 2185
f 2185 2388 1509
f 2202 2312 1236
f 1418 2331 2176
f 142 2382 2186
f 2165 2354 224
f 2211 2305 1591
f 1590 2306 2210
f 1512 2370 2137
f 2142 2374 1529
f 1528 2375 2141
f 1241 2305 2211
f 2210 2306 1242
f 1465 2354 2165
f 1441 2301 2228
f 2281 2339 206
f 1432 2326 2195
f 2177 2377 1163
f 2204 2353 1231
f 2186 2382 1466
f 1504 2334 2310
f 2202 2388 1454
f 1489 2339 2281
f 1601 2349 2274
f 2274 2349 1219
f 2376 2379 1462
f 1613 2379 2376
f 2310 2334 124
f 2350 2390 1554
f 1503 2390 2350
f 266 2407 2404
f 2405 2406 259
f 257 2409 2405
f 2404 2408 264
f 2398 2406 2405
f 2404 2407 2399
f 2405 2409 2401
f 2400 2408 2404
f 2400 2410 2403
f 2398 2411 2402
f 258 2405 259
f 266 2404 265
f 265 2404 264
f 257 2405 258
f 2403 2410 2397
f 2402 2411 2397
f 255 2402 254
f 261 2403 262
f 2403 2415 2400
f 2402 2412 2398
f 2402 2414 254
f 255 2412 2402
f 261 2415 2403
f 2403 2413 262
f 2402 2417 2414
f 2403 2416 2413
f 2397 2417 2402
f 2397 2416 2403
f 253 2407 7
f 8 2406 256
f 10 2408 260
f 263 2409 9
f 7 2407 266
f 259 2406 8
f 264 2408 10
f 9 2409 257
f 2414 2417 2399
f 2413 2416 2401
f 256 2412 255
f 262 2413 263
f 254 2414 253
f 260 2415 261
f 2399 2410 2404
f 2401 2411 2405
f 2405 2411 2398
f 2404 2410 2400
f 2401 2416 2411
f 2399 2417 2410
f 2408 2415 260
f 2406 2412 256
f 253 2414 2407
f 263 2413 2409
f 2398 2412 2406
f 2400 2415 2408
f 2407 2414 2399
f 2409 2413 2401
f 2411 2416 2397
f 2410 2417 2397
f 2858 3016 2568
f 2764 3527 3251
f 2855 3295 2621
f 2556 3615 2979
f 3251 3527 378
f 2512 3935 2838
f 2789 3238 2491
f 2757 3653 3546
f 3136 3795 3551
f 2527 3562 2900
f 2757 3546 2953
f 2719 3321 3182
f 2946 3281 2488
f 2700 3281 2946
f 2914 3104 2547
f 2881 3379 2684
f 2781 3378 2508
f 2460 3016 2858
f 2810 3106 2576
f 2836 3752 2906
f 2906 3752 2444
f 363 2867 362
f 368 2868 367
f 2883 3179 2661
f 3018 3315 2585
f 2502 3185 2798
f 2583 3091 2843
f 2621 3278 2855
f 3059 3196 315
f 2497 3441 2795
f 2795 3173 2497
f 2512 3216 2814
f 3615 3663 2979
f 2547 3104 2924
f 2508 3294 2781
f 3121 3529 2546
f 2452 2994 2857
f 2719 3182 2855
f 2984 3345 302
f 2634 4010 2884
f 2815 3065 2591
f 2814 3442 2512
f 2814 3216 2602
f 2818 3303 2497
f 2765 3699 3089
f 2514 3574 2857
f 2834 3046 2509
f 315 3196 314
f 2584 3173 2795
f 2463 3295 2855
f 2560 2973 2865
f 2857 3217 2452
f 2430 3093 3084
f 2822 3317 2650
f 2816 4006 2501
f 3054 3116 2622
f 2694 3116 3054
f 3018 3935 2512
f 2744 3593 3002
f 2961 4010 2634
f 2798 3436 2502
f 2795 3196 2584
f 2780 3537 3080
f 2441 3478 3012
f 2873 3202 396
f 397 2967 398
f 3199 3286 2769
f 2496 3194 2799
f 3020 3279 2569
f 3084 3093 2706
f 2539 3532 3105
f 2572 3098 2842
f 2807 3529 3121
f 2736 3279 3020
f 2855 3278 2506
f 2926 3148 2544
f 2671 3172 2983
f 2983 3172 2469
f 3067 3672 3406
f 2900 3562 2730
f 2823 3022 2438
f 2586 3795 3136
f 2995 3291 2624
f 2911 3558 2616
f 3025 3312 2632
f 2491 3248 2789
f 2576 3219 2810
f 2956 3514 2529
f 353 2882 352
f 3012 3297 2441
f 3079 3267 2570
f 3025 3857 3312
f 2611 3286 3199
f 2899 3135 2467
f 2464 2998 2891
f 3138 3576 2438
f 2799 3273 3209
f 2872 3790 2442
f 2579 2975 2914
f 2554 3013 2845
f 2592 2983 2941
f 2941 2983 2469
f 3328 3447 2437
f 3012 3478 2790
f 2585 3315 3118
f 2568 3055 2858
f 2914 2975 2466
f 2727 3297 3012
f 2613 3025 2988
f 2865 3641 2560
f 2510 3851 2832
f 2774 3353 3276
f 2591 3152 2815
f 3523 3652 3120
f 2888 3054 2459
f 2501 4006 3242
f 3209 3273 2593
f 3411 3806 2567
f 2868 3036 367
f 2602 3165 2814
f 2838 3153 2449
f 3080 3537 2617
f 2519 3068 2856
f 2771 3514 2956
f 3551 3795 2851
f 2845 3824 3140
f 426 3057 2951
f 397 3202 2967
f 428 2894 429
f 3035 3299 2465
f 2763 3325 3178
f 3089 3413 2765
f 2703 3518 2890
f 2593 3149 2833
f 2965 3125 2431
f 2645 3125 2965
f 3159 3557 2436
f 2881 3979 3379
f 3167 3355 322
f 3140 3824 3635
f 2951 3318 427
f 2724 3484 3007
f 2609 3265 2884
f 2758 3630 3146
f 2833 3209 2593
f 3276 3353 2490
f 2861 3576 3138
f 268 2897 269
f 278 3133 13
f 3146 3630 2495
f 2574 3772 2869
f 2745 3267 3079
f 3029 3411 2567
f 2831 3150 2550
f 3470 3497 2525
f 3035 3482 3299
f 2883 3555 3179
f 2886 3621 2446
f 2740 3621 2886
f 426 2951 427
f 2941 3163 2635
f 2469 3163 2941
f 2842 3398 2572
f 2468 3103 2907
f 2499 3176 3030
f 2497 3173 2818
f 2859 3391 360
f 370 3390 2860
f 2990 3558 2911
f 2836 3497 3470
f 2842 3098 2451
f 2442 3790 2904
f 2902 3062 2563
f 2639 3039 3031
f 3031 3039 2493
f 3201 3475 2708
f 2988 3025 2426
f 2799 3209 2496
f 2885 3159 2436
f 3007 3509 2724
f 2435 3279 3259
f 2881 3284 2724
f 3178 3325 2620
f 3133 3246 13
f 2439 3330 3247
f 460 2982 461
f 2892 3099 2532
f 2605 3099 2892
f 272 3051 2901
f 2661 3372 2883
f 2935 3584 431
f 2738 3418 3027
f 16 3256 357
f 447 3255 17
f 2843 3147 2583
f 2958 3328 2437
f 355 3493 2922
f 2522 3626 2893
f 2650 4002 2822
f 2523 3528 3462
f 2887 3359 2642
f 2668 3291 2995
f 358 3256 16
f 17 3255 372
f 2606 3702 3625
f 303 2984 302
f 3294 3526 2917
f 3120 3652 2582
f 3160 3334 2461
f 3030 3176 2698
f 2858 3055 2524
f 3826 3991 2459
f 2561 3890 2863
f 2506 3965 2842
f 2428 3779 3409
f 2525 3497 2849
f 2506 3598 2855
f 3748 3925 2947
f 2960 3330 2439
f 3094 3179 2718
f 2470 3179 3094
f 3150 3799 3313
f 2947 3925 2454
f 3150 3313 2672
f 282 3100 14
f 2856 3068 2569
f 2849 3076 2525
f 2975 3192 2647
f 2479 3539 2944
f 3221 3503 2824
f 2808 3557 3159
f 2438 3143 2823
f 2677 3227 3188
f 288 2921 287
f 2982 3502 461
f 2871 3304 2494
f 2626 3304 2871
f 2863 3890 3381
f 2890 3603 2703
f 2890 3518 2443
f 2847 3089 2615
f 2600 3353 2950
f 2608 3270 2932
f 2706 3303 3084
f 431 3584 432
f 2462 3503 3221
f 2508 3378 2853
f 2615 2971 2963
f 2963 2971 2559
f 2509 3899 2834
f 3090 3392 2628
f 348 3148 2926
f 3462 3528 2817
f 2606 3625 3212
f 3188 3227 2770
f 3100 3213 14
f 2893 3991 3826
f 2927 3389 2538
f 3190 3632 2520
f 2501 3346 2816
f 2972 3561 2550
f 2944 3300 2479
f 2673 3300 2944
f 2522 3319 2868
f 3385 3539 2479
f 2542 3135 2899
f 3101 3125 2667
f 3105 3532 2777
f 3329 3619 2596
f 3182 3321 2641
f 2459 3991 3020
f 2926 3241 2650
f 2544 3241 2926
f 2707 3389 2927
f 2657 3463 3384
f 3012 3027 2727
f 3131 3463 2657
f 2909 3772 2574
f 2550 3860 2831
f 2447 3309 2892
f 2973 3128 2425
f 3187 3574 2514
f 2457 3934 2979
f 2575 3049 2886
f 2742 3037 2970
f 2619 3294 2917
f 2878 3710 2627
f 2460 3380 2930
f 2566 3251 2987
f 3067 3406 2565
f 2706 3596 3303
f 2897 3080 2531
f 2972 3725 3561
f 2842 3141 2506
f 2494 3066 2871
f 2960 3052 2554
f 3002 3593 2541
f 2676 3439 2862
f 2556 2990 2911
f 3027 3418 2481
f 3406 3672 2713
f 2917 3221 2619
f 2855 3598 2719
f 2473 3296 2985
f 2985 3296 2692
f 3148 3616 2544
f 306 3302 2875
f 2574 3902 2909
f 3105 3778 2539
f 3142 3631 450
f 2845 3140 2554
f 2970 3037 2464
f 2660 3345 2984
f 2986 3298 2444
f 2692 3298 2986
f 2794 3392 3090
f 2915 3902 2574
f 2629 3946 2843
f 2449 3272 2838
f 2466 3104 2914
f 2552 3268 2931
f 3928 3934 2457
f 3733 3950 3066
f 2672 3257 2972
f 2972 3257 2470
f 2451 3183 2842
f 452 2950 453
f 356 3493 355
f 2888 3804 2521
f 2462 3221 2917
f 3243 3674 2634
f 2494 3304 3219
f 2843 3903 2629
f 3219 3304 2810
f 2523 3462 2869
f 2618 3097 3009
f 439 3005 440
f 2901 3051 2597
f 2848 3765 2670
f 2618 3177 3097
f 3088 3357 2760
f 2862 3452 2676
f 2439 3676 2937
f 2870 3214 2604
f 3109 3353 2600
f 3113 3329 2596
f 2593 3715 3540
f 303 3117 2984
f 2558 3027 3012
f 3259 3279 2736
f 457 2927 458
f 2980 3210 2472
f 3076 3095 2587
f 3193 3365 2440
f 2832 3326 2510
f 3124 3210 2725
f 2656 3210 3124
f 3002 3762 2770
f 3066 3950 2871
f 2915 3053 2471
f 2467 3180 2899
f 425 3057 426
f 412 2942 413
f 2461 3472 3065
f 2899 3580 2542
f 2700 3626 3283
f 2642 3698 2887
f 2419 3129 3127
f 2431 3125 3101
f 2535 3658 3032
f 3127 3129 2701
f 3082 3472 2461
f 3247 3676 2439
f 2907 3103 2555
f 2583 3147 3144
f 2876 3186 2485
f 2427 3460 3314
f 2900 3603 2527
f 2660 3730 2862
f 3144 3147 2712
f 2856 3191 2519
f 2615 3556 2847
f 2628 3983 2870
f 2863 3146 2646
f 2838 3216 2512
f 2846 3266 2465
f 2866 3465 2720
f 3626 3991 2893
f 2702 3501 2949
f 2423 3316 3044
f 3441 3596 3156
f 2943 3135 2542
f 2542 3580 2906
f 2608 3357 3088
f 2904 3849 2547
f 2465 3240 2846
f 3177 3198 2739
f 2829 3632 3190
f 2855 3182 2463
f 2862 3345 2660
f 2618 3198 3177
f 2525 3717 3686
f 2669 3554 3412
f 2906 3839 2542
f 2760 3357 3238
f 3076 3717 2525
f 2603 3750 2876
f 2446 3322 2886
f 2877 3993 3359
f 308 2999 307
f 2867 3254 362
f 368 3253 2868
f 2950 3803 453
f 2853 3267 2449
f 2871 3789 2626
f 3544 3585 3001
f 2627 3346 2878
f 2547 3849 2914
f 3270 3338 2932
f 2635 3189 2941
f 2931 3989 2552
f 2566 3737 3251
f 2859 3431 2648
f 2649 3432 2860
f 2521 3804 2919
f 2980 3616 3210
f 2907 3271 2587
f 2606 3186 2876
f 2853 3458 2508
f 3238 3357 2491
f 3088 3336 2608
f 2449 3153 2853
f 2964 3339 2562
f 3197 3286 2472
f 2790 3368 3012
f 2769 3286 3197
f 3002 3623 2744
f 3120 3742 3512
f 3295 3306 2825
f 2975 3506 3192
f 2869 3516 2523
f 3720 3828 3017
f 2569 3279 2856
f 2468 3269 3103
f 3007 3484 2450
f 2689 3441 3156
f 2648 3647 2859
f 2860 3648 2649
f 2857 3443 2514
f 3201 3341 2509
f 2813 3341 3201
f 2769 3720 3017
f 288 3649 2921
f 324 2934 323
f 2446 3381 3322
f 2670 3968 2848
f 2842 3965 3398
f 2477 3718 3402
f 2643 3049 3048
f 3048 3049 2575
f 3021 3851 2510
f 310 3275 2879
f 2463 3306 3295
f 2863 3445 2561
f 2646 3445 2863
f 3504 3859 2749
f 2858 3380 2460
f 2886 3835 2740
f 360 3431 2859
f 2860 3432 370
f 2428 3043 2992
f 2557 3413 2847
f 3106 3433 2787
f 2448 3433 3106
f 2746 3265 3166
f 2508 3526 3294
f 3336 3412 2608
f 2847 3868 2557
f 2466 4007 3104
f 3166 3265 2609
f 2697 3355 3167
f 2477 3402 3041
f 2574 3053 2915
f 2593 3540 3149
f 3412 3554 2874
f 3142 3472 2792
f 3373 3827 2679
f 2914 3849 2579
f 2658 3077 2982
f 313 3814 3164
f 2982 3077 2607
f 2423 3434 3316
f 2792 3631 3142
f 2577 3073 2925
f 2869 3462 2574
f 2427 3096 3048
f 3048 3096 2643
f 3359 3880 2877
f 3635 3824 2530
f 3256 3493 357
f 2637 3573 3043
f 3409 3779 2803
f 3134 3239 2623
f 2927 3074 458
f 2423 3044 2923
f 2524 3386 2858
f 2598 3236 2920
f 2749 3859 3323
f 3129 3570 3508
f 396 3202 397
f 2876 3400 2603
f 2646 3318 2951
f 2965 3509 2555
f 2752 3363 3095
f 3095 3363 2587
f 363 3245 2867
f 2471 3064 2915
f 3372 3955 2883
f 3004 3207 2474
f 2819 3780 3727
f 2591 3472 3142
f 2638 3342 2919
f 2730 3651 2900
f 2900 3651 2455
f 3015 3547 2693
f 2720 3505 2866
f 2840 3782 3534
f 2555 3509 3007
f 2667 3125 2916
f 2705 3544 3001
f 2939 3161 2598
f 2882 3290 352
f 2611 3912 3642
f 2868 3747 2522
f 2652 3159 2885
f 3207 3358 2812
f 2625 3358 3207
f 2752 3095 2996
f 396 3521 2873
f 313 3164 312
f 2894 3531 429
f 421 3008 422
f 3032 3658 2809
f 3135 3382 2467
f 2538 3468 2927
f 2514 3443 2879
f 3138 3806 2861
f 3380 3685 2930
f 2555 3271 2907
f 2883 3170 2548
f 2992 3745 3321
f 2529 3589 2956
f 2563 3767 2902
f 2875 3525 306
f 2951 3057 2561
f 2945 3347 2762
f 2923 3064 2636
f 2690 3565 3352
f 2436 3984 2885
f 2931 3268 2460
f 2880 3928 2610
f 3012 3368 2558
f 2562 3339 3041
f 3266 3573 2637
f 2485 3400 2876
f 3501 3894 2949
f 3392 3983 2628
f 2474 3876 3004
f 2948 3426 2573
f 2770 3692 3002
f 2879 3443 2653
f 357 3493 356
f 2555 3103 2965
f 2442 3407 2872
f 3028 3780 2819
f 2604 3248 2870
f 3005 3533 440
f 3267 3378 2570
f 341 2952 340
f 353 3215 2882
f 2737 3360 2946
f 439 3155 3005
f 3355 3417 2786
f 2731 3301 3110
f 3110 3301 2482
f 3076 3600 3095
f 2710 3239 3134
f 2965 3979 3509
f 2494 3513 3066
f 2992 3321 2428
f 3638 3727 2635
f 275 3588 2925
f 3292 3578 2852
f 2653 3754 2879
f 2459 3394 2888
f 421 3829 3008
f 3425 3506 2579
f 2897 3161 269
f 2956 3589 2744
f 2521 3746 3437
f 2548 3555 2883
f 349 3148 348
f 2678 3334 3160
f 2774 3803 2950
f 2957 3230 2453
f 2704 3347 2945
f 2866 3601 3465
f 2903 3151 2425
f 2796 3833 2933
f 3015 3660 3547
f 2921 3649 2735
f 394 3885 2954
f 2984 3117 2558
f 2742 3365 3193
f 2879 3421 2514
f 304 3117 303
f 2876 3228 2606
f 3478 3597 2790
f 3199 3912 2611
f 2567 3806 3138
f 2893 3319 2522
f 3129 3508 2701
f 2895 3467 2516
f 2666 3467 2895
f 2622 3319 2893
f 2724 3509 2881
f 3089 3699 2500
f 2844 3778 3105
f 2787 3827 3373
f 2582 3742 3120
f 3071 3096 2601
f 2643 3096 3071
f 3030 3055 2568
f 2933 3833 2609
f 3435 3507 2675
f 2703 3603 2900
f 3123 3536 2454
f 2675 3507 3176
f 2870 3481 2628
f 2425 3408 2903
f 2885 3471 2652
f 2887 3698 2537
f 3049 3835 2886
f 2884 3498 2609
f 2895 3914 3673
f 2723 3531 2894
f 2591 3142 2981
f 2436 3520 3097
f 2890 3364 2592
f 2592 3395 2890
f 414 3679 3115
f 2504 3403 3204
f 3014 3304 2626
f 3112 3978 3655
f 2810 3304 3014
f 2971 3938 3916
f 3513 3795 3066
f 2853 3378 3267
f 2612 3086 2989
f 2989 3086 2422
f 2748 3637 2978
f 3033 3942 3851
f 3095 3891 2996
f 2971 3916 2559
f 2627 3710 3340
f 2884 3564 2634
f 3112 3655 2766
f 2447 3293 2962
f 2528 3835 3049
f 3379 3979 2431
f 3465 3601 279
f 3496 3547 2828
f 3673 3914 2734
f 2684 3284 2881
f 3437 3746 2867
f 2828 3536 3123
f 2582 3232 2898
f 2739 3350 3335
f 2509 3475 3201
f 2916 3235 2474
f 2436 3557 3520
f 2564 3081 2940
f 2612 3172 3086
f 3086 3172 2671
f 3128 3558 2425
f 2916 3125 2645
f 3042 3565 2690
f 3204 3403 2823
f 2513 3578 3292
f 436 3551 3488
f 2924 3104 2631
f 2974 3560 2714
f 2920 3731 2598
f 408 2969 409
f 462 3502 3006
f 2531 3236 2897
f 2999 3302 307
f 376 2987 377
f 2908 3516 2682
f 3033 3851 2578
f 2919 3804 2638
f 3641 3670 3022
f 3024 3707 2507
f 2997 3759 2632
f 2601 3269 3071
f 428 3318 2894
f 2894 3318 2646
f 2449 3491 2896
f 2899 3180 2571
f 2749 3674 3243
f 2785 3399 2986
f 2907 3363 2468
f 3091 3903 2843
f 449 3142 450
f 2977 3241 2544
f 2610 3276 2880
f 2903 3408 2655
f 2886 3322 2575
f 434 3136 435
f 2992 3043 2594
f 320 3045 319
f 2735 3705 2921
f 2552 3451 3268
f 2560 3641 3022
f 2766 3696 3078
f 2925 3588 2721
f 2452 3320 2994
f 3046 3068 2685
f 2900 3190 2703
f 2917 3312 2462
f 2569 3068 3046
f 2425 3151 2973
f 2659 3191 2929
f 2896 3272 2449
f 3322 3381 2753
f 2887 3933 3359
f 3179 3555 2718
f 2467 3291 3180
f 2986 3399 2545
f 3605 3885 392
f 3181 3779 2428
f 2901 3510 272
f 273 3967 274
f 2913 3343 2594
f 3094 3324 2623
f 2978 3637 2501
f 2435 3732 3279
f 2697 3417 3355
f 2981 3152 2591
f 3749 3865 3249
f 2560 3128 2973
f 11 3088 271
f 2676 3693 3111
f 2516 3244 2895
f 3217 3218 2791
f 274 3967 3013
f 320 3769 3045
f 2818 3748 3303
f 3358 3825 2910
f 2728 3447 3328
f 3146 3618 2758
f 2439 3865 3749
f 2491 3481 3248
f 2789 3248 3225
f 2937 3865 2439
f 3544 3630 2758
f 3707 3832 2507
f 2625 3207 3004
f 2521 3661 2888
f 3225 3248 2604
f 2976 3128 2560
f 2537 3738 2887
f 3027 3757 2738
f 2674 3541 2936
f 2611 3976 2908
f 2892 3845 2447
f 2898 3742 2582
f 282 3461 3100
f 2541 3762 3002
f 2879 3754 310
f 2947 3326 2614
f 3005 3155 2576
f 3277 3667 2626
f 3618 3621 2758
f 2714 3714 2974
f 3452 3693 2676
f 3014 3853 2448
f 3259 3626 2700
f 2921 3186 2606
f 2532 3542 2892
f 2892 3309 2605
f 2849 3900 3600
f 2923 3816 2423
f 2550 3150 2972
f 2595 3218 3217
f 3229 3497 2571
f 2849 3497 3229
f 393 3885 394
f 2874 3592 3270
f 360 3391 359
f 371 3390 370
f 2632 3312 2917
f 2562 3158 2964
f 2893 3826 2622
f 414 3115 415
f 367 3036 366
f 2460 3268 3016
f 2545 3494 2985
f 2443 3364 2890
f 3488 3551 2851
f 2625 3825 3358
f 3265 3564 2884
f 2913 3563 2538
f 2988 3490 2553
f 3114 3544 2758
f 2762 3822 2945
f 2894 3690 2723
f 2597 3331 2901
f 3127 3578 3541
f 2805 3374 3241
f 3241 3374 2650
f 2678 3643 2903
f 2651 3135 2943
f 2646 3477 2894
f 2891 3530 2464
f 2464 3595 2998
f 3534 3782 2478
f 2852 3853 3014
f 2475 3417 3003
f 3205 3483 2537
f 2868 3319 3036
f 3287 3368 2790
f 2902 3387 3062
f 2779 3961 2936
f 2896 3913 3272
f 2540 3677 3069
f 431 3261 2935
f 3053 3587 2674
f 3314 3460 2734
f 2965 3103 2645
f 2831 3483 3205
f 2911 3306 2463
f 2606 3212 2921
f 438 3155 439
f 3047 3071 2468
f 2643 3071 3047
f 3118 3759 2997
f 3765 3909 2430
f 2421 3891 3095
f 3284 3669 2724
f 2520 3517 3190
f 2599 3288 3009
f 2571 3580 2899
f 268 3511 2897
f 2895 3944 2666
f 2945 3264 2475
f 461 3502 462
f 2934 3167 323
f 3100 3461 2768
f 3008 3829 2806
f 2616 3306 2911
f 2758 3621 3114
f 2498 3157 3042
f 3042 3157 2640
f 2698 3055 3030
f 2564 3539 3081
f 3081 3539 2767
f 2573 3366 2937
f 2533 3654 3083
f 2921 3212 287
f 3248 3481 2870
f 3270 3592 2458
f 290 3029 289
f 3348 3844 2681
f 3003 3417 2697
f 3272 3913 2602
f 2461 3334 3082
f 2908 3286 2611
f 387 3002 388
f 2882 3455 3290
f 2488 3200 2946
f 2912 3947 3433
f 2925 3204 2577
f 2530 3560 2974
f 3200 3344 2755
f 2469 3172 2959
f 2959 3172 2612
f 2927 3468 3074
f 3007 3271 2555
f 2488 3344 3200
f 434 4001 3136
f 2559 3132 2961
f 3037 3595 2464
f 2701 3578 3127
f 2430 3909 3093
f 3077 3793 2607
f 2629 3233 3107
f 3107 3233 2683
f 3499 3650 2934
f 432 3584 433
f 3299 3793 3077
f 2444 3298 2906
f 3321 3745 2641
f 2906 3886 2836
f 2904 3313 2442
f 2670 3765 3033
f 2537 3698 2930
f 3011 3864 2456
f 2447 3881 3309
f 433 3584 3428
f 2802 3506 3425
f 2429 3440 3214
f 3139 3628 2511
f 2693 3547 3496
f 2660 3368 3287
f 2613 3916 3857
f 3448 3575 2762
f 2579 3790 3425
f 2711 3650 3499
f 2800 3787 3000
f 2616 3128 2976
f 2960 3500 3052
f 2559 3608 2963
f 2547 3867 2904
f 3069 3610 2540
f 3189 3678 2941
f 2455 3775 2900
f 2939 3760 3161
f 3048 3460 2427
f 2557 3595 3037
f 3132 3916 2613
f 2854 3864 3011
f 3115 3679 2782
f 3097 3177 2436
f 2582 3652 3232
f 3094 3519 3324
f 2693 3581 3015
f 2940 3755 2620
f 2819 3727 3638
f 2612 3999 2959
f 3085 3098 2572
f 3009 3097 2599
f 3021 3847 2578
f 2925 3716 275
f 3232 3652 2827
f 2955 3449 2534
f 3083 3654 2839
f 3019 3989 2877
f 2500 3776 3708
f 2688 3387 2902
f 2652 3430 3159
f 3214 3440 2811
f 2783 3783 3593
f 445 3586 3175
f 3063 3138 2733
f 2902 3474 2688
f 2978 3809 2748
f 400 3710 3453
f 3581 3937 3015
f 3342 3855 2919
f 2911 3260 2556
f 2759 3652 3523
f 3000 3787 2536
f 452 3222 2950
f 3426 3763 2573
f 374 3023 375
f 2953 3522 333
f 2440 3339 2964
f 2797 3427 3310
f 2824 3776 3680
f 338 3535 2949
f 2671 3170 3086
f 2674 3587 3263
f 3017 3199 2769
f 2682 3579 2908
f 2491 3357 2932
f 2419 3226 3129
f 2708 3475 3226
f 3203 3619 2829
f 3279 3732 2856
f 3129 3226 2685
f 2543 3208 3004
f 3004 3208 2625
f 2955 3605 391
f 2903 3617 2678
f 2601 3377 3269
f 2888 3661 3054
f 2972 3150 2672
f 2650 3904 2926
f 2850 3844 3348
f 2587 3363 2907
f 3064 3168 2636
f 2933 3785 2796
f 2546 3650 3121
f 2737 3753 2929
f 412 3422 2942
f 3453 3710 2878
f 2471 3168 3064
f 2857 3574 3217
f 2552 3989 3019
f 2631 3726 2924
f 3072 3442 2814
f 2822 3819 3317
f 2765 3413 3193
f 3193 3413 2557
f 2576 3373 3005
f 3005 3373 2679
f 2546 3568 2934
f 2677 3449 2955
f 2655 3376 2903
f 2585 3118 2997
f 3126 3552 424
f 345 3108 344
f 455 3061 456
f 423 3126 424
f 2463 3882 2911
f 2908 3579 3286
f 2597 3729 3331
f 3335 3350 2647
f 3494 3810 2985
f 2977 3798 3241
f 3430 3628 3159
f 2927 3495 2707
f 2607 3770 3006
f 2948 3247 2633
f 3045 3769 2786
f 2950 3222 2600
f 3070 3389 2707
f 2840 3532 3252
f 3078 3847 2766
f 324 3499 2934
f 2998 3457 2891
f 2929 3744 2737
f 307 3302 306
f 2594 3563 2913
f 3286 3579 2472
f 3032 3850 2535
f 2808 3628 3139
f 2966 3207 2812
f 2474 3207 2966
f 2477 3450 3085
f 3065 3228 2461
f 3031 3794 3767
f 2686 3597 3478
f 3293 3419 2673
f 3210 3616 2725
f 271 3051 272
f 2567 3138 3063
f 3433 3853 2912
f 3103 3269 2645
f 2554 3330 2960
f 2688 3950 3733
f 2626 3667 3292
f 2645 3377 2916
f 2602 3913 3569
f 3080 3351 2531
f 3290 3455 2656
f 2580 3230 2957
f 345 3819 3108
f 2968 3405 2427
f 2943 3815 2651
f 341 3220 2952
f 3310 3427 2443
f 2916 3549 2667
f 2474 3549 2916
f 2675 3112 3021
f 2422 3955 3372
f 2581 3302 2999
f 2609 3498 2933
f 2473 3903 3091
f 3023 3770 2607
f 2602 3569 3165
f 322 3355 321
f 3088 3838 271
f 2922 3388 355
f 3252 3532 2539
f 3040 3201 2708
f 2987 3482 2566
f 2824 3680 3221
f 455 3162 3061
f 457 3495 2927
f 3041 3485 2477
f 2476 3327 3069
f 3069 3327 2687
f 2519 3947 3508
f 2654 3956 3407
f 3029 3649 289
f 3078 3696 2458
f 2967 3202 2580
f 2464 3188 2970
f 3014 3292 2852
f 3055 3401 2524
f 2936 3420 2471
f 3312 3857 2841
f 2932 3357 2608
f 2598 3223 2939
f 3252 3782 2840
f 3508 3947 2912
f 2995 3211 2668
f 2919 3924 2521
f 3031 3767 2563
f 3001 3231 2437
f 2624 3231 3001
f 3130 3327 2476
f 2453 3831 2957
f 3085 3450 2743
f 392 3885 393
f 2431 3979 2965
f 2558 3368 2984
f 2696 3482 2987
f 3271 3717 2587
f 2743 3098 3085
f 3141 3598 2506
f 2772 3860 2969
f 2557 3868 3595
f 2538 3389 2913
f 3267 3491 2449
f 3731 3971 3223
f 2729 3485 3041
f 2885 3662 3471
f 3181 3321 2719
f 3184 3311 2483
f 2863 3618 3146
f 3112 3847 3021
f 2544 4011 2977
f 3171 3599 2517
f 2827 3599 3171
f 3160 3750 2603
f 2977 4011 2682
f 2682 4011 2980
f 278 3487 3133
f 445 3175 446
f 3093 3964 2706
f 2969 3711 2772
f 2628 3338 3090
f 3263 3454 2419
f 2817 3454 3263
f 3359 3993 2642
f 3216 3272 2602
f 3187 3964 3093
f 2437 3231 2958
f 2427 3314 2968
f 2968 3314 2630
f 2647 3350 2975
f 3028 3542 2532
f 3433 3947 2659
f 2975 3350 2466
f 2984 3368 2660
f 3625 3702 2815
f 2698 3401 3055
f 2942 3679 413
f 2782 3679 2942
f 3264 3822 2599
f 2945 3822 3264
f 3083 3297 2617
f 2944 3293 2673
f 2690 3250 3042
f 3042 3250 2498
f 2930 3685 2537
f 2750 3663 3615
f 2967 3340 398
f 2422 3372 2924
f 3331 3729 2918
f 2880 3934 3928
f 2936 3961 3420
f 3077 3240 2465
f 3087 3414 2480
f 3099 3101 2667
f 2633 3706 2948
f 3327 3428 2687
f 2835 3428 3327
f 2610 3928 3070
f 2626 3789 3277
f 2924 3726 2422
f 2596 3619 3203
f 2665 3393 2922
f 2988 3889 2613
f 2636 3816 2923
f 3164 3814 2795
f 3374 4002 2650
f 2908 3976 3516
f 3050 3534 2478
f 3394 3804 2888
f 2737 3744 3360
f 2605 3101 3099
f 2926 3904 348
f 2987 3251 377
f 2929 3369 2659
f 2583 3144 3044
f 3916 3938 2841
f 2917 3526 2632
f 3325 3906 3709
f 2658 3240 3077
f 2930 3591 2460
f 3546 3653 2503
f 2935 3609 2540
f 3346 3637 2878
f 2623 3324 2942
f 299 3072 298
f 2614 3748 2947
f 2922 3493 2665
f 2726 3500 2960
f 2924 3723 2547
f 3177 3984 2436
f 3341 3899 2509
f 2466 3198 3026
f 3026 3198 2618
f 3141 3668 3598
f 2481 3418 3092
f 3061 3495 456
f 2501 3952 2978
f 3035 3266 2637
f 2518 3335 2991
f 458 3074 459
f 3244 3914 2895
f 2950 3353 2774
f 2747 3619 3329
f 2735 3649 3029
f 2428 3321 3181
f 3840 4010 2961
f 2997 3458 2585
f 3040 3976 2611
f 2451 3620 3273
f 2452 3687 3320
f 3509 3979 2881
f 3180 3291 2668
f 3061 3162 2610
f 3247 3330 2633
f 2991 3335 2647
f 2580 3842 2967
f 2741 3534 3050
f 2986 3919 2785
f 2934 3650 2546
f 2969 3860 2550
f 2607 3502 2982
f 3101 3379 2431
f 2440 3423 3339
f 2940 3466 2564
f 2681 3315 3018
f 2460 3591 2931
f 2721 3671 2925
f 3133 3487 2781
f 2692 3296 3137
f 3137 3296 2663
f 2963 3285 2424
f 2949 3604 338
f 3293 3691 2962
f 2465 3266 3035
f 408 3711 2969
f 2936 3892 2779
f 2471 3633 2936
f 3050 3143 2741
f 2942 3422 2623
f 2970 3783 2742
f 2438 3670 3138
f 2897 3236 3161
f 2540 3610 2935
f 2842 3183 3141
f 2942 3832 2782
f 3127 3263 2419
f 2674 3263 3127
f 3594 3640 2543
f 2503 3284 3131
f 3131 3284 2684
f 333 3607 2953
f 2692 3977 2985
f 2545 3977 2986
f 2986 3977 2692
f 2985 3977 2545
f 2941 3678 2592
f 2511 3660 3139
f 2946 3360 2700
f 2560 3990 2976
f 3600 3900 2421
f 2515 3585 3544
f 2921 3705 3186
f 2977 3515 2445
f 2682 3515 2977
f 3471 3662 2518
f 2434 3199 3017
f 2809 3806 3411
f 2928 3640 3594
f 2613 3889 3011
f 2812 3898 2966
f 2962 3881 2447
f 3004 3796 2543
f 2776 3796 3004
f 2932 3481 2491
f 3175 3586 2755
f 2834 3981 3046
f 2504 3361 2976
f 2936 3633 2674
f 2536 3802 3000
f 311 3275 310
f 2508 3458 2997
f 3011 3840 2613
f 3003 3529 2704
f 2546 3529 3003
f 3386 3956 2654
f 3273 3620 2889
f 2470 3725 2972
f 2932 3338 2628
f 391 3469 2955
f 3028 3901 3542
f 3108 3819 2822
f 2916 3377 3235
f 2679 3533 3005
f 2829 3775 3203
f 2454 3713 2947
f 3123 3496 2828
f 3713 3736 2947
f 2584 3196 3059
f 3365 3783 2783
f 2959 3675 2469
f 2838 3272 3216
f 2621 3213 3100
f 2628 3481 2932
f 3249 3457 2549
f 3274 3946 2629
f 3034 3480 280
f 2943 3434 2423
f 2987 3524 2696
f 2620 3466 2940
f 2722 3736 3713
f 3184 3856 3311
f 3425 3790 2872
f 3352 3459 2690
f 2952 3494 2545
f 2423 3815 2943
f 2963 3556 2615
f 2994 3320 2581
f 2952 3349 340
f 2657 3384 3224
f 3224 3384 2763
f 3169 3203 2864
f 3276 3954 2774
f 2789 3729 3238
f 2988 3948 3490
f 2575 3460 3048
f 3283 3626 2522
f 3006 3502 2607
f 2475 3646 2945
f 2945 3646 2704
f 2969 3307 409
f 2707 3495 3061
f 3325 3709 2620
f 3439 4000 2862
f 2725 3616 3148
f 2790 3597 3287
f 2958 3921 2639
f 2793 3356 2991
f 2456 4010 3840
f 3303 3748 2614
f 2967 3842 2627
f 2478 3758 3050
f 3000 3802 2771
f 3171 4012 2905
f 376 3524 2987
f 2458 3338 3270
f 2542 3602 2943
f 332 3224 331
f 3090 3655 2794
f 2627 3842 2957
f 2731 3552 3126
f 2489 3463 3010
f 3010 3463 2684
f 419 3113 420
f 454 3162 455
f 2964 3878 2440
f 3229 3900 2849
f 2541 3783 2970
f 2768 3278 3100
f 2673 3419 3234
f 3070 3834 3389
f 3001 3559 2705
f 2437 3559 3001
f 2605 3397 3010
f 2830 3429 2996
f 2534 3805 2955
f 3091 3296 2473
f 2663 3296 3091
f 2946 3572 2737
f 3198 3350 2739
f 3310 3518 2837
f 2443 3518 3310
f 326 3308 325
f 3119 3436 2798
f 3084 3629 2430
f 3540 3715 2800
f 351 3124 350
f 387 3623 3002
f 3705 3739 3063
f 2745 3491 3267
f 336 3120 335
f 3555 3930 3258
f 2562 3972 3158
f 2957 3842 2580
f 2948 3706 2480
f 2444 3919 2986
f 443 3122 444
f 3002 3692 388
f 2627 3340 2967
f 2598 3731 3223
f 2797 3310 3024
f 2784 3457 3249
f 2553 3889 2988
f 2510 3416 3021
f 270 3583 11
f 2564 3466 2962
f 2428 3409 3043
f 3021 3416 2675
f 2953 3546 2657
f 3075 3460 2575
f 3550 3582 2804
f 2963 3608 3285
f 2630 4003 3871
f 315 3581 3059
f 2937 3676 2573
f 2561 3445 2951
f 2951 3445 2646
f 2954 3624 394
f 2654 3407 3205
f 2657 3522 2953
f 2807 3459 3352
f 3236 3489 2920
f 2631 3311 2989
f 2638 3804 3394
f 2957 3812 2627
f 2786 3417 3067
f 2801 3885 3605
f 2595 3187 3093
f 3121 3385 2479
f 2711 3385 3121
f 2761 3859 2998
f 2480 3426 2948
f 3455 3567 2526
f 2639 3895 2958
f 2756 3271 3007
f 3142 3929 2981
f 391 3605 392
f 460 3375 2982
f 2954 3763 2732
f 2624 3291 3145
f 2956 3872 385
f 297 3165 296
f 3062 3387 2476
f 2949 3535 2702
f 2462 3938 3503
f 2709 4012 3171
f 2623 3239 3094
f 2968 3796 3405
f 2696 3524 3023
f 3009 3289 2618
f 3154 3168 2644
f 2636 3168 3154
f 3500 3645 2484
f 2545 3756 2952
f 2450 3771 3007
f 3007 3771 2756
f 2672 3867 3195
f 2804 3337 3017
f 3017 3337 2434
f 2976 3361 2616
f 3016 3268 2662
f 3023 3524 375
f 3541 3892 2936
f 2440 3878 3193
f 3503 3938 2971
f 3010 3397 2489
f 2777 3850 3032
f 2998 3859 2549
f 2717 3480 3034
f 3130 3800 3327
f 3655 3978 2499
f 3230 3682 2453
f 2556 3479 2990
f 2910 3683 3358
f 3072 3439 2676
f 2767 3385 3308
f 3308 3385 2711
f 3139 3660 2775
f 2838 3935 3153
f 2543 3796 3594
f 3594 3796 2968
f 3328 3895 2563
f 2634 3608 2961
f 3009 3288 2483
f 2882 3567 3455
f 2483 3289 3009
f 2718 3555 3258
f 2958 3895 3328
f 326 3689 3308
f 2549 3457 2998
f 2448 3986 3014
f 2955 3469 2677
f 3073 3456 276
f 2573 3676 2948
f 3003 3568 2546
f 2697 3568 3003
f 2982 3375 2658
f 2953 3607 2757
f 2974 3635 2530
f 2938 3792 3761
f 2635 3163 3157
f 3157 3163 2640
f 378 3527 379
f 2732 3624 2954
f 3158 3972 2866
f 2976 3403 2504
f 3170 3955 3086
f 2781 3294 3133
f 3134 3422 411
f 2425 3558 2990
f 3192 3700 2418
f 3362 3592 2874
f 2903 3643 3151
f 2634 3674 3285
f 3073 3716 2925
f 3251 3737 2764
f 299 3439 3072
f 3241 3798 2805
f 2619 3246 3133
f 3232 3614 2450
f 2827 3614 3232
f 2620 3755 3178
f 2956 3538 2771
f 3006 3770 373
f 3313 3867 2672
f 2960 3749 2726
f 2996 3801 2752
f 2528 3801 2996
f 2618 3289 3026
f 333 3522 332
f 2626 3292 3014
f 2592 3843 2983
f 2599 3822 3288
f 3046 3981 2569
f 430 3261 431
f 2549 3859 3504
f 2979 3479 2556
f 2532 3898 3028
f 3028 3898 2812
f 3244 4003 2630
f 354 3215 353
f 3332 3517 2520
f 2837 3517 3332
f 2640 3565 3042
f 2613 3840 3132
f 2445 3798 2977
f 2484 3645 3243
f 2633 3635 2974
f 3214 3242 2604
f 3851 3942 2832
f 2980 3579 2682
f 2472 3579 2980
f 380 3149 381
f 2485 3705 3063
f 323 3167 322
f 2624 3585 2995
f 364 3245 363
f 3087 3230 2580
f 2714 3230 3087
f 3178 3741 2763
f 2991 3356 2518
f 3040 3528 2523
f 436 3488 437
f 2708 3528 3040
f 2961 3608 2559
f 3058 3305 2568
f 2483 3311 3289
f 2439 3749 2960
f 395 3521 396
f 2680 3575 3448
f 339 3535 338
f 3137 3298 2692
f 2744 3872 2956
f 2962 3691 2564
f 2830 3612 3429
f 2592 3678 3395
f 3512 3742 2757
f 2656 3455 3197
f 3132 3840 2961
f 3642 3912 2813
f 2527 3603 3395
f 3395 3603 2890
f 3203 3775 2455
f 3563 3852 2538
f 2424 3556 2963
f 3001 3585 2624
f 2581 3883 3302
f 3069 3677 2728
f 306 3525 305
f 411 3422 412
f 2670 3592 3362
f 2519 3570 3068
f 2966 3823 2667
f 2577 3877 3050
f 2802 3700 3192
f 377 3251 378
f 2629 3903 3233
f 2550 3561 2969
f 2422 3726 2989
f 3000 3666 2800
f 3180 3229 2571
f 2668 3229 3180
f 2733 3634 3063
f 3116 3721 365
f 451 3222 452
f 3591 3698 2642
f 2667 3549 2966
f 2966 3549 2474
f 2568 3305 3030
f 2762 3575 3288
f 3115 3707 2588
f 2782 3707 3115
f 3174 3609 2723
f 2500 3708 3089
f 3203 3962 2864
f 3338 3696 3090
f 2806 3829 3113
f 2615 3503 2971
f 2989 3856 2612
f 3041 3402 2562
f 2999 3371 2653
f 2585 3458 3153
f 2666 3301 3126
f 3126 3301 2731
f 3699 3878 2964
f 3414 3521 2732
f 3252 3820 2745
f 2632 3526 2997
f 2791 3971 3731
f 11 3583 3336
f 3858 3905 2923
f 2738 3525 3418
f 3516 3976 2523
f 2579 3506 2975
f 2847 3413 3089
f 2990 3408 2425
f 330 3178 329
f 342 3220 341
f 2630 3594 2968
f 3087 3875 3414
f 3141 3183 2589
f 3727 3780 2420
f 3101 3848 3379
f 2873 3521 3414
f 3708 3776 2824
f 2973 3808 2865
f 3155 3893 2576
f 3418 3525 2875
f 2793 3548 3356
f 2588 3766 3332
f 3166 3659 12
f 2661 3257 3195
f 3195 3257 2672
f 3655 3841 2794
f 3140 3330 2554
f 2823 3403 3022
f 2994 3966 2857
f 2594 3873 2992
f 2622 3622 3036
f 3094 3239 2470
f 2918 3682 3560
f 2666 3396 3008
f 3008 3396 422
f 2811 3242 3214
f 2996 3891 2830
f 3050 3758 3370
f 3071 3269 2468
f 2930 3698 3591
f 3197 3210 2656
f 3136 4001 2835
f 2472 3210 3197
f 2716 3456 3073
f 2622 3826 3054
f 2581 3320 3092
f 316 3581 315
f 2877 3918 3019
f 2787 3373 3106
f 3761 3792 2727
f 3063 3634 2485
f 3325 3384 2489
f 2763 3384 3325
f 385 3538 2956
f 2985 3810 2473
f 2974 3706 2633
f 2562 3402 3034
f 2566 3571 2993
f 2755 3344 3175
f 2999 3703 2581
f 3299 3482 2696
f 2448 3853 3433
f 2501 3637 3346
f 2685 3475 3046
f 3175 3344 2664
f 2730 3825 3208
f 411 3830 3134
f 3046 3475 2509
f 284 3963 3152
f 3036 3319 2622
f 2983 3959 2671
f 406 3262 407
f 3151 3808 2973
f 3082 3334 2600
f 3108 3274 2629
f 2434 3855 3342
f 2822 3274 3108
f 308 3371 2999
f 3400 3808 2603
f 3117 3757 2558
f 2996 3429 2528
f 2596 3203 3169
f 3054 3661 2694
f 2835 3800 3136
f 3136 3800 2586
f 2745 3820 3491
f 3154 3476 2493
f 3418 3883 3092
f 3464 3868 2847
f 3235 3377 2601
f 2480 3706 2974
f 2765 3878 3699
f 287 3212 286
f 351 3290 3124
f 3451 3809 2978
f 3124 3290 2656
f 3019 3918 402
f 365 3721 364
f 3083 3923 3297
f 3044 3316 2583
f 2997 3526 2508
f 3000 3694 383
f 3174 3951 3609
f 398 3340 399
f 2631 4007 3026
f 2810 3986 3106
f 3003 3646 2475
f 2991 3781 2793
f 2684 3379 3010
f 406 3933 3262
f 2814 3908 3072
f 2751 3513 3219
f 3219 3513 2494
f 285 3963 284
f 3791 3850 2840
f 2843 3946 3147
f 2526 3828 3720
f 2651 3382 3135
f 2795 3441 3164
f 2465 3299 3077
f 3508 3570 2519
f 2658 3375 3074
f 2662 3995 3016
f 2552 3809 3451
f 2504 3613 3361
f 3194 4009 2799
f 3188 3762 2970
f 3179 3257 2661
f 2470 3257 3179
f 280 3601 3034
f 373 3932 3006
f 2934 3568 3167
f 2487 3980 3393
f 296 3569 295
f 3074 3375 459
f 2833 3553 3209
f 2578 3847 3078
f 3629 3942 2430
f 3550 3980 2487
f 410 3830 411
f 2989 3726 2631
f 3562 3825 2730
f 2479 3459 3121
f 3121 3459 2807
f 3185 3920 2798
f 3539 3691 2944
f 409 3307 410
f 3371 3754 2653
f 3006 3932 462
f 2743 3620 3098
f 3062 3328 2563
f 3317 3904 2650
f 3013 3967 2845
f 3059 3496 2584
f 2923 3905 3064
f 2979 3663 2457
f 2870 3983 3214
f 3098 3620 2451
f 3149 3945 2833
f 2564 3691 3539
f 2655 3934 3743
f 2788 3678 3189
f 3337 3582 2699
f 2585 3935 3018
f 2600 3334 3109
f 3004 3876 2776
f 2816 3831 3225
f 3827 3836 2502
f 2693 3496 3059
f 2502 3836 3369
f 2970 3762 2541
f 3100 3278 2621
f 2641 3615 3260
f 3190 3517 2703
f 3053 3633 2471
f 340 3349 339
f 2653 3703 2999
f 3014 3986 2810
f 2998 3595 2761
f 383 3666 3000
f 3560 3682 2714
f 2486 3597 3348
f 354 3388 3215
f 3039 3383 2493
f 2651 3383 3039
f 3256 3998 2665
f 2664 3997 3255
f 3331 3824 2901
f 2728 3328 3062
f 3597 3821 3348
f 3107 3722 343
f 2476 3387 3130
f 3130 3387 2688
f 3041 3339 2729
f 3238 3729 2597
f 3234 3250 2673
f 2498 3250 3234
f 3356 3548 2722
f 2581 3703 2994
f 11 3336 3088
f 3339 3423 2729
f 3273 3715 2593
f 3393 3874 2487
f 3072 3908 298
f 3755 3939 328
f 2647 3992 2991
f 3019 3809 2552
f 3011 3988 2854
f 2767 3539 3385
f 3031 3895 2639
f 2487 3874 3647
f 2748 3809 3019
f 3922 3996 3169
f 3092 3320 2715
f 281 3480 3056
f 3050 3370 2577
f 3119 3866 441
f 3008 3467 2666
f 3084 3303 2614
f 2426 3948 2988
f 3253 3432 2649
f 2648 3431 3254
f 3351 3969 2531
f 317 3636 3015
f 2974 3714 2480
f 3407 3927 3205
f 2704 3646 3003
f 2770 3762 3188
f 2438 3576 3143
f 3107 3712 2629
f 2629 3712 3108
f 3569 3910 295
f 389 3227 390
f 2634 3564 3243
f 3038 3383 2651
f 3161 3236 2598
f 418 3329 419
f 3039 3382 2651
f 2669 3412 3336
f 3429 3612 2740
f 2686 3728 3354
f 3038 3816 2636
f 3262 3933 2887
f 3091 3316 2663
f 2583 3316 3091
f 2641 3882 3182
f 3027 3761 2727
f 3767 3794 2754
f 3086 3955 2422
f 2569 3981 3020
f 2665 3998 3391
f 3390 3997 2664
f 2806 3922 3008
f 3043 3409 2637
f 3020 3991 2736
f 2993 3737 2566
f 3361 3613 2825
f 2554 3719 3013
f 3020 3982 2459
f 2649 3648 3281
f 3280 3647 2648
f 3604 3894 2759
f 3083 3537 2533
f 2817 3587 3462
f 3153 3935 2585
f 2700 3283 3281
f 3280 3282 2699
f 3096 3943 2601
f 2567 3739 3029
f 2648 3282 3280
f 3281 3283 2649
f 3015 3937 317
f 3189 3683 2788
f 2420 3683 3189
f 3050 3877 3143
f 3065 3702 3228
f 3026 4007 2466
f 3113 3996 2806
f 3143 3576 2741
f 3033 3960 2670
f 3401 3425 2524
f 3543 3940 2712
f 3018 4005 2681
f 2947 3736 3326
f 2804 3582 3337
f 3035 3571 2566
f 2530 3824 3331
f 441 3533 3119
f 3122 3586 444
f 3013 3724 274
f 2456 3840 3011
f 369 3253 368
f 362 3254 361
f 3034 3402 2717
f 3024 3987 2797
f 2507 3987 3024
f 3116 3622 2622
f 3352 3565 2433
f 3026 4004 2631
f 2683 3810 3494
f 3364 3427 2778
f 2443 3427 3364
f 3133 3294 2619
f 3206 3565 2640
f 2802 3425 3401
f 2712 3940 3404
f 3016 3995 2568
f 2733 3670 3641
f 2578 3851 3021
f 2573 3917 3366
f 2613 3857 3025
f 2929 3753 3369
f 3113 3829 420
f 3060 3487 277
f 3114 3612 2515
f 2740 3612 3114
f 2522 3747 3283
f 3282 3746 2521
f 2652 3536 3430
f 2771 3694 3000
f 2715 3606 3092
f 3047 3665 2643
f 2455 3962 3203
f 2643 3665 3049
f 3010 3848 2605
f 3405 3796 2776
f 2831 3860 3483
f 3057 3784 2561
f 3145 3291 2467
f 2447 3419 3293
f 2862 4000 3345
f 3025 3759 2426
f 3584 3610 2687
f 2935 3610 3584
f 2492 3911 3223
f 2655 3743 3376
f 2736 3991 3626
f 290 3411 3029
f 3478 3728 2686
f 277 3456 3060
f 2481 3761 3027
f 3030 3841 2499
f 3365 3423 2440
f 2471 3420 3168
f 3079 3782 2745
f 3109 3334 2678
f 3029 3739 2735
f 3118 3315 2426
f 3362 3968 2670
f 3593 3783 2541
f 3250 3300 2673
f 2690 3300 3250
f 441 3866 442
f 3038 3815 2423
f 3058 3440 2429
f 2949 3894 3604
f 2497 3596 3441
f 3540 3666 382
f 3260 3882 2641
f 292 3896 3032
f 3104 4007 2631
f 343 3722 342
f 2516 3922 3169
f 2635 3727 3189
f 419 3329 3113
f 3302 3883 2875
f 3313 3799 2442
f 3037 3915 2557
f 2487 3582 3550
f 2600 3854 3082
f 2482 3673 3075
f 3075 3673 2734
f 3056 3461 281
f 361 3431 360
f 370 3432 369
f 417 3811 418
f 390 3469 391
f 3056 3480 2717
f 3157 3638 2635
f 3124 3590 350
f 3144 3404 2551
f 2712 3404 3144
f 2807 3688 3529
f 3092 3606 2481
f 3045 3438 319
f 3455 3720 3197
f 2617 3351 3080
f 3306 3361 2825
f 3311 4004 3289
f 3191 3732 2929
f 3147 3473 2712
f 2505 3473 3147
f 2654 3685 3380
f 3489 3687 2920
f 2446 3618 3381
f 3381 3618 2863
f 2658 3468 3240
f 381 3540 382
f 352 3290 351
f 380 3945 3149
f 2865 3808 3400
f 3239 3725 2470
f 3952 3953 2978
f 2775 3734 3139
f 3138 3670 2733
f 3139 3734 2565
f 335 3512 334
f 3073 3370 2716
f 272 3510 273
f 2433 3448 3347
f 373 3770 374
f 3082 3854 2792
f 3017 3828 2804
f 337 3523 336
f 2469 3675 3163
f 2490 3353 3109
f 3343 3834 2457
f 402 3577 3019
f 2493 3773 3154
f 3249 3865 2784
f 2640 3884 3206
f 3052 3719 2554
f 3332 3766 2837
f 2725 3590 3124
f 3019 3577 2748
f 3139 3406 2808
f 2565 3406 3139
f 3215 3388 2691
f 3146 3477 2646
f 3166 3833 3659
f 3145 3921 2624
f 3111 3693 2681
f 3202 3875 2580
f 3067 3417 2475
f 2617 3537 3083
f 3237 3697 2747
f 2705 3630 3544
f 3585 3774 2995
f 2515 3774 3585
f 2566 3482 3035
f 2662 3440 3058
f 2819 3901 3028
f 442 3566 443
f 3015 3636 2775
f 2467 3768 3145
f 2775 3660 3015
f 3147 3946 2505
f 3347 3448 2762
f 440 3533 441
f 2913 3834 3343
f 2756 3717 3271
f 3022 3990 2560
f 3068 3570 2685
f 3303 3596 2497
f 3309 3397 2605
f 2616 3361 3306
f 3171 3446 2709
f 2517 3446 3171
f 332 3522 3224
f 2867 3746 3254
f 3253 3747 2868
f 291 3639 3411
f 334 3607 333
f 2551 3905 3858
f 2595 3909 3218
f 2735 3739 3705
f 2792 3472 3082
f 2641 3745 3615
f 2676 3442 3072
f 2783 3423 3365
f 338 3604 337
f 2715 3687 3489
f 3363 3888 2468
f 3323 3464 2424
f 2866 3505 3158
f 2717 3656 3056
f 2981 3949 3152
f 2637 3571 3035
f 2512 4005 3018
f 2607 3793 3023
f 2563 3895 3031
f 3023 3793 2696
f 3237 3811 417
f 3367 3550 2804
f 365 3622 3116
f 2632 3759 3025
f 3542 3901 2695
f 2820 3611 3514
f 2523 3976 3040
f 2873 3875 3202
f 3115 3410 415
f 3106 3373 2576
f 3174 3424 2826
f 2495 3424 3174
f 3583 3911 2669
f 3554 3911 2492
f 3060 3456 2716
f 2679 3827 3436
f 2512 3442 3111
f 291 3411 290
f 2577 3370 3073
f 2938 3969 3351
f 3024 3766 2588
f 2588 3707 3024
f 347 3317 346
f 355 3388 354
f 2488 3788 3344
f 330 3741 3178
f 427 3318 428
f 3056 3656 2572
f 2809 3639 3032
f 3166 3974 2746
f 2531 3489 3236
f 3218 3909 2848
f 3158 3505 2500
f 3102 3536 2652
f 2812 3780 3028
f 400 3453 401
f 3032 3896 2777
f 271 3838 3051
f 329 3755 328
f 2786 3994 3045
f 2478 3782 3079
f 2537 3685 3205
f 3308 3689 2767
f 402 3918 403
f 2851 3513 3488
f 3488 3513 2751
f 2427 3405 3096
f 2514 3421 3156
f 374 3770 3023
f 3462 3587 2574
f 2578 3960 3033
f 2493 3794 3031
f 2633 3330 3140
f 2568 3995 3058
f 2517 3894 3501
f 2897 3511 3080
f 2828 3547 3430
f 3204 3877 2577
f 3074 3468 2658
f 3032 3639 292
f 3209 3553 2496
f 2889 3715 3273
f 3185 3572 2590
f 2737 3572 3185
f 2611 3642 3040
f 2623 3422 3134
f 2446 3621 3618
f 425 3552 3057
f 2874 3554 3362
f 385 3872 386
f 3227 3692 2770
f 2734 3460 3075
f 3065 3472 2591
f 3231 3921 2958
f 2603 3808 3151
f 459 3375 460
f 3081 3689 327
f 3022 3670 2438
f 3036 3622 366
f 294 3910 3105
f 3225 3831 2453
f 3430 3547 2511
f 3040 3642 3201
f 3158 3699 2964
f 286 3625 285
f 3430 3536 2828
f 2902 3767 3751
f 3126 3396 2666
f 423 3396 3126
f 3200 3572 2946
f 2665 3493 3256
f 3464 3556 2424
f 2687 3610 3069
f 2747 3697 3632
f 3111 3442 2676
f 3364 3843 2592
f 2761 3464 3323
f 3106 3986 2448
f 3043 3573 2594
f 3395 3678 2788
f 2624 3921 3231
f 3057 3552 2731
f 2639 3768 3039
f 3034 3972 2562
f 343 3712 3107
f 2825 3613 3486
f 3110 3764 2753
f 2482 3764 3110
f 2940 3939 3755
f 2939 3911 3583
f 2797 3930 3427
f 3838 3931 3051
f 3052 3500 2484
f 3169 4003 2516
f 2864 4003 3169
f 3427 3930 3897
f 2742 3915 3037
f 2636 3773 3038
f 348 3904 347
f 2815 3702 3065
f 3484 3669 2898
f 3225 4006 2816
f 3259 3360 2435
f 310 3754 309
f 3802 3817 2820
f 2651 3815 3038
f 2423 3816 3038
f 2674 3633 3053
f 2700 3360 3259
f 3268 3451 2662
f 3156 3421 2689
f 2724 3669 3484
f 3490 3821 2686
f 3343 3873 2594
f 2574 3587 3053
f 337 3604 3523
f 3080 3511 2780
f 3411 3639 2809
f 302 3345 301
f 2878 3637 3453
f 2468 3888 3047
f 2818 3925 3748
f 3680 3776 2720
f 3449 4008 2534
f 2905 3614 3171
f 3453 3637 2748
f 2610 3936 3061
f 2657 3546 3131
f 2458 3592 3078
f 2705 3559 3424
f 3424 3559 2826
f 2887 3738 3262
f 3044 3858 2923
f 3686 3717 2756
f 3648 3788 2488
f 3165 3908 2814
f 3059 3581 2693
f 366 3622 365
f 3316 3434 2663
f 3447 3677 2826
f 3512 3607 334
f 2466 3350 3198
f 2847 3556 3464
f 3049 3665 2528
f 2900 3775 3190
f 3121 3650 2711
f 2995 3774 3211
f 2779 3667 3277
f 404 3359 405
f 2429 3701 3058
f 3095 3600 2421
f 276 3716 3073
f 2679 3436 3119
f 2565 3994 3067
f 3541 3578 2513
f 2979 3934 3479
f 3067 3994 2786
f 2840 3850 3532
f 3479 3934 2655
f 3675 3884 2640
f 3220 3494 2952
f 2426 3759 3118
f 389 3692 3227
f 415 3410 416
f 2811 3953 3952
f 2760 3931 3838
f 3376 3617 2903
f 3857 3916 2841
f 383 3694 384
f 3162 3803 2774
f 2586 3733 3066
f 2432 3789 3474
f 2558 3757 3027
f 2596 3996 3113
f 309 3371 308
f 3058 3995 2662
f 2785 3501 3399
f 3399 3501 2702
f 2667 3823 3099
f 279 3601 280
f 3097 3520 2599
f 3078 3592 2670
f 2709 3752 3470
f 319 3438 318
f 3061 3936 2707
f 3709 3906 2773
f 3110 3890 2561
f 3332 3957 2588
f 2652 3471 3102
f 3384 3463 2489
f 3054 3826 2459
f 2572 3656 3085
f 3789 3950 3474
f 2718 3519 3094
f 2477 3485 3450
f 2561 3784 3110
f 3249 3504 2726
f 3476 3794 2493
f 2548 3930 3555
f 3354 3490 2686
f 3677 3951 2826
f 297 3908 3165
f 2549 3504 3249
f 2663 3602 3137
f 3122 3777 3586
f 3165 3569 296
f 3405 3943 3096
f 3264 3672 2475
f 3261 3609 2935
f 3447 3559 2437
f 2826 3559 3447
f 2731 3784 3057
f 327 3939 3081
f 3406 3557 2808
f 3047 3888 3801
f 2484 3975 3052
f 2666 3944 3301
f 422 3396 423
f 3170 3415 2548
f 2713 3557 3406
f 295 3910 294
f 454 3803 3162
f 2849 3600 3076
f 3087 3714 2714
f 2675 3978 3112
f 2813 3342 3341
f 2454 3536 3102
f 3341 3342 2638
f 3801 3888 2752
f 2671 3415 3170
f 3191 3947 2519
f 2684 3463 3131
f 3153 3458 2853
f 3064 3905 2915
f 2475 3672 3067
f 2823 3877 3204
f 3450 3817 2743
f 2621 3486 3213
f 3884 3999 2680
f 3168 3420 2644
f 2891 4008 3449
f 3383 3773 2493
f 2856 3732 3191
f 3062 3797 2728
f 2476 3797 3062
f 2644 3961 3333
f 3758 3887 2716
f 3085 3718 2477
f 2419 3454 3226
f 3226 3454 2708
f 2590 3920 3185
f 2738 3757 3117
f 2683 3722 3107
f 3164 3441 2689
f 2590 3572 3200
f 3195 3723 2661
f 2830 3891 3211
f 3211 3891 2421
f 3193 3878 2765
f 382 3666 383
f 3140 3635 2633
f 3246 3465 13
f 3120 3512 335
f 3358 3683 2420
f 3514 3611 2529
f 3514 3802 2820
f 3188 3530 2677
f 3066 3795 2586
f 336 3523 3120
f 344 3712 343
f 3078 3960 2578
f 2584 3496 3123
f 2707 3936 3070
f 3477 3690 2894
f 3069 3797 2476
f 2728 3797 3069
f 3486 3613 2721
f 2515 3544 3114
f 3109 3617 2490
f 2484 3564 3265
f 2664 3818 3175
f 2480 3714 3087
f 3569 3913 2844
f 2588 3957 3115
f 3119 3533 2679
f 2670 3960 3078
f 451 3631 3222
f 2570 3887 3079
f 3070 3936 2610
f 2576 3893 3219
f 3382 3768 2467
f 2743 3817 3695
f 3450 3485 2820
f 3204 3671 2504
f 3192 3506 2802
f 2570 3870 3060
f 2495 3477 3146
f 3520 3557 2713
f 2691 3567 3215
f 3081 3939 2940
f 293 3896 292
f 2520 3697 3332
f 3332 3697 2821
f 2716 3887 3060
f 318 3636 317
f 2572 3846 3056
f 3349 3535 339
f 3423 3704 2729
f 2800 3666 3540
f 3060 3887 2570
f 2990 3479 3408
f 2767 3689 3081
f 2603 3643 3160
f 2644 3476 3154
f 2587 3717 3076
f 2418 3507 3435
f 3324 3832 2942
f 300 3439 299
f 3111 4005 2512
f 2846 3852 3563
f 3437 3661 2521
f 2768 3965 3278
f 3075 3764 2482
f 2575 3861 3075
f 3211 3774 2830
f 3317 3819 346
f 3079 3887 3758
f 3127 3541 2674
f 3151 3643 2603
f 3136 3551 435
f 443 3566 3122
f 2698 3700 3401
f 276 3456 277
f 3093 3909 2595
f 2678 3617 3109
f 327 3689 326
f 3269 3377 2645
f 3063 3739 2567
f 2614 3629 3084
f 3089 3708 2615
f 2616 3558 3128
f 2825 3486 3295
f 3224 3522 2657
f 3206 3448 2433
f 3131 3546 2503
f 2689 3627 3164
f 2510 3548 3416
f 2938 3761 3606
f 2848 3909 3765
f 3529 3688 2704
f 3345 4000 301
f 3105 3681 294
f 2791 3863 3217
f 3090 3696 2766
f 13 3465 279
f 3446 3501 2785
f 2517 3501 3446
f 3211 3900 2668
f 2694 3437 3245
f 3245 3437 2867
f 2911 3882 3260
f 2746 3974 3724
f 3351 3792 2938
f 2766 3655 3090
f 3295 3486 2621
f 2720 3465 3246
f 3102 3713 2454
f 2760 3838 3088
f 2503 3669 3284
f 2694 3721 3116
f 3117 3657 2738
f 281 3461 282
f 2681 3844 3315
f 3234 3419 2695
f 349 3590 3148
f 3270 3412 2874
f 2680 3448 3206
f 364 3721 3245
f 3171 3614 2827
f 270 3760 3583
f 2685 3570 3129
f 2681 3693 3348
f 3686 4012 2525
f 2722 3713 3102
f 3287 3730 2660
f 3176 3978 2675
f 3751 3767 2754
f 325 3499 324
f 2777 3681 3105
f 3416 3548 2793
f 2806 3996 3922
f 280 3480 281
f 3404 3902 2551
f 2909 3902 3404
f 3309 3881 2773
f 3114 3621 2740
f 3254 3746 2648
f 2649 3747 3253
f 2608 3412 3270
f 3527 3553 2833
f 3218 3968 2492
f 3333 3961 3807
f 2729 3704 3611
f 3388 3980 2691
f 3297 3923 2441
f 2922 3980 3388
f 3853 3973 2912
f 3400 3634 2865
f 3149 3540 381
f 2668 3900 3229
f 404 3880 3359
f 2483 3575 3184
f 2764 3553 3527
f 3194 3779 2589
f 2690 3459 3300
f 2772 3711 3262
f 3130 3733 2586
f 3213 3588 14
f 277 3487 278
f 3359 3933 405
f 3262 3711 407
f 3217 3863 2452
f 2681 4005 3111
f 3051 3931 2597
f 3492 3752 2709
f 314 3814 313
f 2507 3519 3258
f 3258 3519 2718
f 456 3495 457
f 2535 3850 3791
f 2715 3969 3606
f 446 3818 447
f 2589 3779 3181
f 2677 3469 3227
f 3263 3587 2817
f 2642 3993 3591
f 3507 3700 2698
f 2533 3537 3444
f 2766 3847 3112
f 3225 3862 2789
f 3079 3758 2478
f 3255 3818 2664
f 3254 3431 361
f 369 3432 3253
f 430 3531 3261
f 3261 3531 2723
f 2753 3890 3110
f 3606 3761 2481
f 3468 3852 3240
f 3108 3712 344
f 3196 3814 314
f 3176 3507 2698
f 3122 3920 2590
f 424 3552 425
f 3137 3602 2542
f 435 3551 436
f 375 3524 376
f 3099 3823 2532
f 401 3577 402
f 2464 3530 3188
f 2773 3397 3309
f 2485 3634 3400
f 399 3710 400
f 429 3531 430
f 3105 3910 2844
f 3102 3786 2722
f 350 3590 349
f 3148 3590 2725
f 3161 3760 269
f 3137 3839 3298
f 3275 3421 2879
f 2605 3848 3101
f 3561 3725 2710
f 2461 3750 3160
f 2839 3923 3083
f 2680 3999 3184
f 3473 3543 2712
f 2805 3543 3473
f 3285 3608 2634
f 2689 3421 3275
f 3156 3596 2706
f 3224 3741 331
f 2763 3741 3224
f 3167 3568 2697
f 3110 3784 2731
f 3226 3475 2685
f 2495 3630 3424
f 2589 3668 3141
f 3134 3830 2710
f 2683 3494 3220
f 2453 3862 3225
f 3352 3688 2807
f 3213 3486 2721
f 2699 3924 3855
f 300 4000 3439
f 3227 3469 390
f 3208 3640 2730
f 2543 3640 3208
f 384 3538 385
f 304 3657 3117
f 3164 3627 312
f 3144 3858 3044
f 2551 3858 3144
f 394 3624 395
f 3583 3760 2939
f 442 3866 3566
f 2589 4009 3194
f 3232 3484 2898
f 3288 3822 2762
f 438 3684 3155
f 3155 3684 2751
f 2844 3910 3569
f 2450 3484 3232
f 3907 3929 448
f 2848 3968 3218
f 2473 3810 3233
f 3407 3956 2872
f 2726 3749 3249
f 3598 3668 2719
f 312 3627 311
f 3324 3519 2507
f 2959 3999 3884
f 2580 3875 3087
f 2721 3588 3213
f 3181 3668 2589
f 3156 3964 2514
f 2918 3862 3682
f 3123 3735 2584
f 328 3939 327
f 2846 3573 3266
f 292 3639 291
f 2695 3545 3234
f 3184 3575 2680
f 3687 3863 2920
f 2595 3574 3187
f 3220 3722 2683
f 2454 3925 3123
f 3092 3883 2581
f 2590 3777 3122
f 2458 3696 3338
f 2714 3682 3230
f 294 3681 293
f 2755 3777 3200
f 3200 3777 2590
f 3489 3969 2715
f 444 3586 445
f 2798 3866 3119
f 3547 3660 2511
f 14 3588 275
f 2594 3573 3563
f 305 3657 304
f 3159 3628 2808
f 3374 3473 2505
f 2805 3473 3374
f 2918 3560 3331
f 2688 3733 3130
f 2433 3565 3206
f 2661 3723 3372
f 2948 3676 3247
f 2498 3638 3157
f 2858 3386 3380
f 447 3818 3255
f 3215 3567 2882
f 3327 3800 2835
f 2525 4012 3470
f 2850 3821 3490
f 3160 3643 2678
f 433 4001 434
f 2861 3658 3644
f 2664 3788 3390
f 3152 3949 284
f 3380 3386 2654
f 3300 3459 2479
f 3563 3573 2846
f 3390 3788 2860
f 2978 3953 3451
f 3367 3567 2691
f 3275 3627 2689
f 3234 3545 2498
f 269 3760 270
f 2599 3520 3264
f 3192 3992 2647
f 3548 3736 2722
f 15 3907 448
f 2586 3800 3130
f 3609 3951 2540
f 2832 3629 3326
f 448 3929 449
f 2559 3916 3132
f 2542 3839 3137
f 386 3623 387
f 283 3907 15
f 3288 3575 2483
f 416 3813 417
f 2699 3582 3280
f 342 3722 3220
f 3416 3435 2675
f 2851 3795 3513
f 3163 3675 2640
f 3143 3877 2823
f 3058 3701 3305
f 437 3684 438
f 3228 3750 2461
f 3264 3520 2713
f 3871 4003 2864
f 2500 3699 3158
f 2969 3561 3307
f 450 3631 451
f 2719 3668 3181
f 3591 3993 2931
f 2723 3690 3174
f 3174 3690 2495
f 3305 3841 3030
f 3438 3636 318
f 3194 3958 2803
f 3308 3499 325
f 3326 3629 2614
f 3145 3768 2639
f 2604 4006 3225
f 3414 3426 2480
f 3307 3830 410
f 3347 3688 2433
f 289 3649 288
f 3515 3516 2869
f 2682 3516 3515
f 3214 3983 2429
f 2793 3435 3416
f 2418 3992 3192
f 2433 3688 3352
f 2496 3958 3194
f 2754 3476 3333
f 3333 3476 2644
f 3186 3705 2485
f 3523 3604 2759
f 2925 3671 3204
f 3217 3574 2595
f 3719 3975 2746
f 3154 3773 2636
f 3243 3564 2484
f 462 3932 18
f 2831 3799 3150
f 12 3659 267
f 2782 3832 3707
f 2817 3528 3454
f 3402 3718 2717
f 388 3692 389
f 3869 3958 2993
f 413 3679 414
f 12 3974 3166
f 2514 3964 3187
f 18 3932 373
f 2711 3499 3308
f 2706 3964 3156
f 2639 3921 3145
f 2785 3492 3446
f 3201 3642 2813
f 3221 3680 2619
f 2757 3607 3512
f 2981 3929 3907
f 3428 3584 2687
f 2699 3855 3337
f 418 3811 3329
f 3625 3963 285
f 3399 3756 2545
f 3162 3954 2610
f 3152 3963 2815
f 2726 3645 3500
f 3173 3735 2818
f 407 3711 408
f 2502 3753 3185
f 3185 3753 2737
f 449 3929 3142
f 2774 3954 3162
f 3045 3994 3734
f 2751 3893 3155
f 2513 3892 3541
f 3734 3994 2565
f 3631 3854 3222
f 3562 3837 2910
f 2527 3837 3562
f 3245 3721 2694
f 3052 3975 3719
f 3765 3942 3033
f 3205 3685 2654
f 3212 3625 286
f 2898 3669 3653
f 3653 3669 2503
f 2521 3924 3282
f 2732 3426 3414
f 3060 3870 3487
f 2584 3735 3173
f 2526 3567 3367
f 2553 3490 3354
f 3743 3934 2880
f 275 3716 276
f 3178 3755 329
f 3189 3727 2420
f 3682 3862 2453
f 331 3741 330
f 3434 3602 2663
f 3312 3938 2462
f 2430 3942 3765
f 2452 3863 3687
f 2486 3730 3287
f 3372 3723 2924
f 417 3813 3237
f 3397 3906 2489
f 3197 3720 2769
f 2547 3723 3195
f 3320 3687 2715
f 2902 3751 3474
f 321 3769 320
f 3175 3818 446
f 2821 3957 3332
f 3280 3582 2487
f 3414 3875 2873
f 3392 3701 2429
f 2499 3978 3176
f 2432 3807 3277
f 3277 3807 2779
f 3307 3561 2710
f 2776 3876 3235
f 3235 3876 2474
f 453 3803 454
f 2677 3530 3449
f 2841 3938 3312
f 2904 3867 3313
f 2609 3833 3166
f 2794 3701 3392
f 2723 3609 3261
f 2775 3636 3438
f 3644 3658 2535
f 2492 3971 3218
f 3190 3775 2829
f 3360 3744 2435
f 3205 3927 2831
f 346 3819 345
f 3461 3846 2768
f 3243 3645 2749
f 3169 3996 2596
f 2883 3955 3170
f 2811 3952 3242
f 420 3829 421
f 3260 3615 2556
f 3182 3882 2463
f 3287 3597 2486
f 2702 3535 3349
f 2875 3883 3418
f 2826 3951 3174
f 3331 3560 2530
f 2504 3671 3613
f 298 3908 297
f 2803 3779 3194
f 2619 3680 3246
f 2739 3984 3177
f 3834 3928 2457
f 2795 3814 3196
f 3242 3952 2501
f 2736 3626 3259
f 3614 3771 2450
f 2905 3771 3614
f 403 3880 404
f 2424 3674 3323
f 301 4000 300
f 267 3879 268
f 379 3945 380
f 2803 3958 3869
f 3391 3874 2665
f 3485 3611 2820
f 2612 3856 3184
f 3218 3971 2791
f 2859 3874 3391
f 3490 3948 2850
f 3358 3780 2812
f 2420 3780 3358
f 2778 3843 3364
f 3517 3518 2703
f 2837 3518 3517
f 405 3933 406
f 317 3937 316
f 284 3949 283
f 372 3997 371
f 359 3998 358
f 3336 3583 2669
f 2821 3697 3237
f 3008 3922 3467
f 3070 3928 3834
f 3515 3772 2445
f 3408 3479 2655
f 2869 3772 3515
f 3056 3846 3461
f 3362 3554 2492
f 3228 3702 2606
f 3184 3999 2612
f 2486 3693 3452
f 3195 3867 2547
f 2659 3947 3191
f 2557 3915 3193
f 3297 3792 2617
f 274 3974 12
f 2451 3985 3183
f 2691 3550 3367
f 2876 3750 3228
f 3616 4011 2544
f 3246 3680 2720
f 2980 4011 3616
f 3208 3825 2625
f 3219 3893 2751
f 3366 3917 2801
f 3115 3957 3410
f 3305 3701 2794
f 3732 3744 2929
f 2435 3744 3732
f 2733 3641 3634
f 3193 3915 2742
f 3634 3641 2865
f 2713 3672 3264
f 3586 3777 2755
f 3487 3870 2781
f 2434 3912 3199
f 311 3627 3275
f 2487 3647 3280
f 3281 3648 2488
f 3446 3492 2709
f 2852 3973 3853
f 3366 3740 2937
f 2773 3881 3709
f 3709 3881 2962
f 3745 3873 2750
f 2710 3725 3239
f 3274 4002 2505
f 2822 4002 3274
f 2943 3602 3434
f 2630 3914 3244
f 2912 3973 3508
f 2839 3926 3354
f 3222 3854 2600
f 3206 3884 2680
f 2710 3830 3307
f 3323 3674 2749
f 2944 3691 3293
f 2992 3873 3745
f 2745 3782 3252
f 2696 3793 3299
f 3354 3926 2553
f 3285 3674 2424
f 2421 3900 3211
f 2499 3841 3655
f 2748 3577 3453
f 3505 3776 2500
f 2447 3845 3419
f 3183 4009 2589
f 3444 3537 2780
f 3855 3924 2919
f 3235 3943 2776
f 2601 3943 3235
f 3223 3911 2939
f 3503 3708 2824
f 3292 3667 2513
f 3695 3787 2889
f 2490 3617 3376
f 2534 3740 3366
f 2615 3708 3503
f 3233 3810 2683
f 3389 3834 2913
f 3454 3528 2708
f 3449 3530 2891
f 3262 3738 2772
f 3453 3577 401
f 3326 3736 2510
f 2747 3811 3237
f 3237 3813 2821
f 2741 3791 3534
f 2783 3593 3589
f 2490 3743 3276
f 3242 4006 2604
f 3356 3786 2518
f 2780 3664 3444
f 2797 3987 3258
f 3258 3987 2507
f 3240 3852 2846
f 3276 3743 2880
f 3238 3931 2760
f 3410 3813 416
f 2821 3813 3410
f 3343 3663 2750
f 3233 3903 2473
f 2753 3861 3322
f 3346 3812 2816
f 3310 3766 3024
f 3452 3730 2486
f 2648 3746 3282
f 3283 3747 2649
f 3335 3662 2739
f 3366 3805 2534
f 2756 3771 3686
f 3686 3771 2905
f 2750 3873 3343
f 2617 3792 3351
f 2518 3662 3335
f 2832 3942 3629
f 3367 3828 2526
f 3425 3956 2524
f 2804 3828 3367
f 2597 3931 3238
f 3444 3664 2796
f 2872 3956 3425
f 2457 3663 3343
f 3428 4001 433
f 3314 3914 2630
f 3277 3789 2432
f 3864 3970 2933
f 2539 3820 3252
f 2432 3751 3333
f 3333 3751 2754
f 3409 3869 2637
f 3589 3593 2744
f 3278 3965 2506
f 2526 3720 3455
f 3039 3768 3382
f 2627 3812 3346
f 3223 3971 2492
f 3470 3752 2836
f 2801 3805 3366
f 2516 4003 3244
f 395 3624 3521
f 2704 3688 3347
f 3311 3856 2989
f 2784 4008 3457
f 2536 3787 3695
f 3258 3930 2797
f 3644 3791 2741
f 2813 3912 3342
f 3342 3912 2434
f 3632 3697 2520
f 2837 3766 3310
f 3273 3985 2451
f 3038 3773 3383
f 3255 3997 372
f 358 3998 3256
f 3403 3990 3022
f 2796 3785 3444
f 2854 3926 3654
f 3619 3632 2829
f 2747 3632 3619
f 2740 3835 3429
f 2861 3644 3576
f 2727 3792 3297
f 2794 3841 3305
f 3329 3811 2747
f 3348 3693 2486
f 3457 4008 2891
f 3349 3756 2702
f 3298 3839 2906
f 2746 3975 3265
f 2732 3763 3426
f 2910 3837 3683
f 3683 3837 2788
f 2819 3638 3545
f 3545 3638 2498
f 3424 3630 2705
f 2854 3988 3926
f 2928 3962 3651
f 3763 3917 2573
f 3354 3728 2839
f 3340 3710 399
f 2511 3628 3430
f 2784 3865 3740
f 3595 3868 2761
f 2793 3781 3435
f 2518 3786 3471
f 3419 3845 2695
f 2505 3946 3274
f 3282 3924 2699
f 2536 3817 3802
f 3498 3864 2933
f 2799 3985 3273
f 3265 3975 2484
f 2729 3611 3485
f 2827 3652 3599
f 2671 3959 3415
f 2456 3864 3498
f 2857 3966 3443
f 3444 3785 2533
f 2631 4004 3311
f 3435 3781 2418
f 3651 3962 2455
f 3525 3657 305
f 3315 3844 2426
f 3740 3865 2937
f 2952 3756 3349
f 2803 3869 3409
f 3659 3833 2796
f 2889 3787 3715
f 2786 3769 3355
f 2738 3657 3525
f 3355 3769 321
f 2788 3837 3395
f 3395 3837 2527
f 2694 3661 3437
f 2507 3832 3324
f 2442 3927 3407
f 3521 3624 2732
f 3401 3700 2802
f 2754 3794 3476
f 2910 3825 3562
f 3289 4004 3026
f 3488 3684 437
f 3580 3886 2906
f 2954 3917 3763
f 3333 3807 2432
f 2418 3700 3507
f 2610 3954 3276
f 2884 4010 3498
f 2702 3756 3399
f 3344 3788 2664
f 3301 3944 2482
f 2722 3786 3356
f 3623 3872 2744
f 3322 3861 2575
f 3376 3743 2490
f 3369 3753 2502
f 3538 3694 2771
f 2749 3645 3504
f 2728 3677 3447
f 2734 3914 3314
f 3348 3821 2850
f 2896 3820 3778
f 3498 4010 2456
f 3443 3966 2653
f 3370 3758 2716
f 2861 3806 3658
f 347 3904 3317
f 2783 3704 3423
f 2781 3870 3378
f 3394 3982 2834
f 2459 3982 3394
f 3715 3787 2800
f 2742 3783 3365
f 3510 3824 2845
f 2901 3824 3510
f 2489 3906 3325
f 3323 3859 2761
f 2796 3664 3659
f 3337 3855 2434
f 3504 3645 2726
f 309 3754 3371
f 3566 3920 3122
f 2759 3894 3599
f 2854 3970 3864
f 3566 3866 2798
f 2752 3888 3363
f 2695 3845 3542
f 2495 3690 3477
f 2638 3899 3341
f 3653 3742 2898
f 3571 3869 2993
f 2441 3728 3478
f 2620 3709 3466
f 3466 3709 2962
f 3045 3734 3438
f 3378 3870 2570
f 2751 3684 3488
f 384 3694 3538
f 3615 3745 2750
f 2538 3852 3468
f 3620 3695 2889
f 2787 3836 3827
f 3438 3734 2775
f 3433 3836 2787
f 2659 3836 3433
f 3369 3836 2659
f 3576 3644 2741
f 2792 3854 3631
f 2773 3906 3397
f 2785 3919 3492
f 2768 3846 3398
f 3379 3848 3010
f 3656 3718 3085
f 2862 3730 3452
f 3393 3980 2922
f 3778 3820 2539
f 2540 3951 3677
f 2905 4012 3686
f 3398 3846 2572
f 2780 3879 3664
f 3497 3886 2571
f 2836 3886 3497
f 2764 3941 3553
f 3589 3704 2783
f 3599 3652 2759
f 2779 3892 3667
f 3483 3738 2537
f 3613 3671 2721
f 2772 3738 3483
f 3471 3786 3102
f 2928 3651 3640
f 3474 3751 2432
f 3394 3899 2638
f 2492 3968 3362
f 3381 3890 2753
f 3611 3704 2529
f 2665 3874 3393
f 2529 3704 3589
f 3429 3835 2528
f 2444 3752 3492
f 2669 3911 3554
f 3491 3820 2896
f 2834 3899 3394
f 3436 3827 2502
f 3606 3969 2938
f 2993 3958 3941
f 2801 3917 3885
f 3640 3651 2730
f 2955 3805 3605
f 2510 3736 3548
f 2778 3897 3415
f 3659 3664 267
f 3885 3917 2954
f 2743 3695 3620
f 3047 3801 3665
f 3415 3897 2548
f 3594 3871 2928
f 2630 3871 3594
f 3941 3958 2496
f 3398 3965 2768
f 2720 3776 3505
f 3427 3897 2778
f 3781 3992 2418
f 2820 3817 3450
f 2830 3774 3612
f 3612 3774 2515
f 2505 4002 3374
f 2777 3896 3681
f 3543 3798 2445
f 2805 3798 3543
f 2695 3901 3545
f 3404 3940 2909
f 3907 3949 2981
f 2445 3940 3543
f 2776 3943 3405
f 2524 3956 3386
f 283 3949 3907
f 3440 3953 2811
f 2429 3983 3392
f 3391 3998 359
f 371 3997 3390
f 2717 3718 3656
f 2686 3821 3597
f 3410 3957 2821
f 3511 3879 2780
f 2833 3945 3527
f 2662 3953 3440
f 3415 3959 2778
f 2579 3849 3790
f 3764 3861 2753
f 3790 3849 2904
f 3420 3961 2644
f 3897 3930 2548
f 3729 3862 2918
f 268 3879 3511
f 2920 3863 3731
f 2976 3990 3403
f 3534 3791 2840
f 3719 3724 3013
f 2771 3802 3514
f 3483 3860 2772
f 3510 3967 273
f 3545 3901 2819
f 2761 3868 3464
f 3527 3945 379
f 2959 3884 3675
f 3695 3817 2536
f 2746 3724 3719
f 2835 4001 3428
f 2535 3791 3644
f 3737 3941 2764
f 3647 3874 2859
f 3451 3953 2662
f 3467 3922 2516
f 3542 3845 2892
f 2815 3963 3625
f 2860 3788 3648
f 2757 3742 3653
f 3492 3919 2444
f 3532 3850 2777
f 3474 3950 2688
f 3703 3966 2994
f 316 3937 3581
f 3772 3940 2445
f 2909 3940 3772
f 3778 3913 2896
f 3605 3805 2801
f 2531 3969 3489
f 2701 3973 3578
f 3578 3973 2852
f 2845 3967 3510
f 2534 4008 3740
f 3470 4012 2709
f 2637 3869 3571
f 3823 3898 2532
f 2966 3898 3823
f 2653 3966 3703
f 2831 3927 3799
f 3553 3941 2496
f 3508 3973 2701
f 2571 3886 3580
f 3665 3801 2528
f 2933 3970 3785
f 2798 3920 3566
f 3664 3879 267
f 3658 3806 2809
f 3599 3894 2517
f 2691 3980 3550
f 3601 3972 3034
f 2866 3972 3601
f 386 3872 3623
f 3844 3948 2426
f 3871 3962 2928
f 2864 3962 3871
f 3985 4009 3183
f 3673 3944 2895
f 2482 3944 3673
f 3902 3905 2551
f 2915 3905 3902
f 3667 3892 2513
f 2799 4009 3985
f 2789 3862 3729
f 3731 3863 2791
f 3728 3923 2839
f 3654 3926 2839
f 3681 3896 293
f 2957 3831 3812
f 3812 3831 2816
f 3075 3861 3764
f 3662 3984 2739
f 3807 3961 2779
f 3926 3988 2553
f 2533 3970 3654
f 2993 3941 3737
f 3735 3925 2818
f 3123 3925 3735
f 3654 3970 2854
f 2885 3984 3662
f 2441 3923 3728
f 3724 3974 274
f 2871 3950 3789
f 3880 3918 2877
f 2844 3913 3778
f 2778 3959 3843
f 3843 3959 2983
f 3799 3927 2442
f 3740 4008 2784
f 2931 3993 3989
f 3989 3993 2877
f 3785 3970 2533
f 2991 3992 3781
f 403 3918 3880
f 2850 3948 3844
f 2834 3982 3981
f 3981 3982 3020
f 3889 3988 3011
f 2553 3988 3889
f 507 4261 4225
f 4226 4262 463
f 4269 4379 4051
f 467 4200 468
f 512 4201 511
f 4152 4367 4083
f 4082 4366 4151
f 4246 4308 4119
f 4120 4309 4247
f 4132 4270 4034
f 4035 4271 4133
f 4186 4443 4040
f 4092 4384 4172
f 4173 4383 4091
f 4034 4294 4132
f 4133 4293 4035
f 4159 4221 4018
f 4019 4222 4160
f 4032 4308 4246
f 4247 4309 4033
f 4140 4439 4016
f 4200 4351 468
f 512 4352 4201
f 4049 4479 4336
f 4335 4480 4050
f 4202 4269 4051
f 4311 4393 4129
f 4130 4394 4312
f 4040 4410 4186
f 4016 4240 4140
f 4057 4221 4159
f 4160 4222 4058
f 506 4411 4205
f 4206 4412 491
f 4203 4335 4050
f 4049 4336 4204
f 506 4205 505
f 492 4206 491
f 4032 4393 4311
f 4312 4394 4033
f 577 4231 578
f 557 4230 556
f 4172 4388 4092
f 4091 4389 4173
f 526 4223 4171
f 4170 4224 482
f 4145 4425 4066
f 4067 4424 4146
f 577 4450 4231
f 4230 4449 556
f 4414 4493 4142
f 4060 4216 4196
f 4197 4215 4059
f 4237 4314 4103
f 532 4307 4146
f 4145 4306 488
f 4138 4319 4055
f 4056 4320 4139
f 576 4337 25
f 26 4338 571
f 4017 4493 4414
f 526 4171 525
f 481 4170 482
f 254 4326 4325
f 4297 4457 4184
f 4185 4458 4298
f 4015 4472 4155
f 4156 4471 4014
f 4039 4227 4147
f 4045 4297 4184
f 4185 4298 4046
f 4161 4295 551
f 4207 4399 521
f 477 4400 4208
f 254 4325 255
f 4273 4337 576
f 571 4338 4274
f 4055 4299 4138
f 4139 4300 4056
f 4092 4388 4138
f 4139 4389 4091
f 4142 4395 4270
f 4271 4396 4141
f 4270 4395 4095
f 4096 4396 4271
f 586 4174 587
f 566 4175 565
f 4138 4316 4092
f 4091 4315 4139
f 4163 4465 4059
f 4060 4464 4164
f 4031 4314 4237
f 4184 4305 4084
f 4085 4304 4185
f 4195 4212 4069
f 4068 4211 4194
f 4166 4472 4015
f 4014 4471 4165
f 4173 4292 4080
f 4081 4291 4172
f 4172 4291 4030
f 4029 4292 4173
f 4151 4337 4082
f 4083 4338 4152
f 479 4188 480
f 524 4187 523
f 4064 4244 4194
f 4195 4245 4063
f 4043 4383 4173
f 4172 4384 4044
f 4251 4259 4020
f 4021 4260 4252
f 4124 4443 4186
f 4080 4218 4173
f 4172 4217 4081
f 4185 4304 4015
f 4014 4305 4184
f 4052 4232 4227
f 4173 4218 4043
f 4044 4217 4172
f 4176 4251 4020
f 4021 4252 4177
f 575 4521 4158
f 4157 4520 572
f 4194 4211 4064
f 4063 4212 4195
f 4028 4502 4339
f 4340 4503 4027
f 522 4207 521
f 477 4208 478
f 4038 4396 4155
f 4156 4395 4037
f 4100 4259 4251
f 4252 4260 4101
f 4076 4251 4176
f 4177 4252 4077
f 4167 4405 4041
f 4188 4359 480
f 524 4360 4187
f 548 4186 547
f 4113 4463 4169
f 4467 4498 4071
f 4070 4497 4466
f 4358 4495 4192
f 4188 4222 4087
f 4086 4221 4187
f 4066 4385 4145
f 4178 4387 4043
f 4044 4386 4179
f 574 4521 575
f 572 4520 573
f 508 4261 507
f 463 4262 464
f 4058 4222 4188
f 4187 4221 4057
f 4039 4313 4146
f 4142 4493 4199
f 4146 4313 4067
f 4037 4280 4156
f 4151 4255 4070
f 4071 4256 4152
f 4018 4545 4159
f 4160 4544 4019
f 4048 4434 4154
f 4153 4435 4047
f 4146 4442 4039
f 4163 4454 4106
f 4105 4453 4164
f 4073 4301 4262
f 4261 4302 4072
f 4030 4388 4172
f 4173 4389 4029
f 4288 4310 4126
f 4125 4495 4358
f 488 4425 4145
f 4146 4424 532
f 4276 4467 4071
f 4070 4466 4275
f 4186 4410 4104
f 4099 4310 4288
f 4101 4260 4226
f 4225 4259 4100
f 4310 4514 4168
f 4084 4528 4184
f 4185 4529 4085
f 4059 4465 4235
f 4236 4464 4060
f 4060 4289 4216
f 4215 4290 4059
f 4167 4451 4405
f 4262 4301 4114
f 4115 4302 4261
f 4070 4275 4151
f 4152 4276 4071
f 4147 4313 4039
f 4225 4261 4072
f 4073 4262 4226
f 4191 4439 4140
f 4244 4448 4194
f 4195 4447 4245
f 4150 4280 4037
f 4037 4277 4150
f 4219 4254 4068
f 4069 4253 4220
f 4168 4514 4061
f 4059 4290 4163
f 4164 4289 4060
f 4053 4215 4197
f 4196 4216 4054
f 4226 4260 4073
f 4072 4259 4225
f 4045 4528 4182
f 4183 4529 4046
f 4171 4360 525
f 481 4359 4170
f 589 4343 4148
f 4149 4344 568
f 4256 4367 4152
f 4151 4366 4255
f 4184 4528 4045
f 4046 4529 4185
f 4104 4379 4269
f 4102 4358 4192
f 4180 4255 4020
f 4021 4256 4181
f 4084 4305 4220
f 4219 4304 4085
f 4097 4333 4331
f 4332 4334 4098
f 561 4299 4233
f 4234 4300 582
f 4331 4333 4144
f 4143 4334 4332
f 4125 4358 4248
f 4162 4438 4042
f 4248 4358 4013
f 4022 4514 4310
f 4020 4259 4180
f 4181 4260 4021
f 4161 4536 4041
f 4042 4535 4162
f 4339 4502 4153
f 4154 4503 4340
f 4066 4425 4257
f 4258 4424 4067
f 4085 4254 4219
f 4220 4253 4084
f 4298 4458 4122
f 4121 4457 4297
f 4155 4303 4038
f 4109 4399 4207
f 4208 4400 4110
f 4148 4467 589
f 568 4466 4149
f 4093 4342 4148
f 4149 4341 4094
f 4232 4417 4227
f 4047 4339 4153
f 4154 4340 4048
f 4148 4343 4093
f 4094 4344 4149
f 4170 4359 4087
f 4086 4360 4171
f 527 4223 526
f 482 4224 483
f 4087 4359 4188
f 4187 4360 4086
f 4339 4454 4028
f 4027 4453 4340
f 4162 4287 554
f 551 4286 4161
f 4167 4436 4062
f 4061 4437 4168
f 4327 4406 4053
f 4054 4407 4328
f 554 4365 4162
f 4062 4281 4167
f 465 4238 466
f 510 4239 509
f 4114 4284 4238
f 4239 4285 4115
f 4075 4285 4239
f 4238 4284 4074
f 4169 4428 4113
f 4169 4272 4036
f 4041 4436 4167
f 4167 4281 4022
f 4178 4284 4024
f 4023 4285 4179
f 4143 4406 4327
f 4328 4407 4144
f 4027 4407 4216
f 4215 4406 4028
f 562 4299 561
f 582 4300 583
f 469 4351 4209
f 4210 4352 513
f 537 4456 4267
f 4155 4548 4015
f 4014 4549 4156
f 4070 4255 4180
f 4181 4256 4071
f 4212 4545 4018
f 4019 4544 4211
f 4082 4475 4176
f 4177 4474 4083
f 4077 4252 4206
f 4205 4251 4076
f 4227 4478 4136
f 4206 4252 4101
f 4100 4251 4205
f 465 4426 4238
f 4239 4427 509
f 4045 4371 4171
f 4170 4372 4046
f 507 4225 21
f 19 4226 463
f 4087 4372 4170
f 4171 4371 4086
f 4022 4451 4167
f 4205 4411 4100
f 4101 4412 4206
f 548 4460 4186
f 4026 4323 4197
f 4196 4324 4025
f 4043 4540 4178
f 4179 4539 4044
f 4171 4505 4045
f 4046 4504 4170
f 4061 4514 4192
f 4036 4382 4169
f 4305 4420 4220
f 4219 4421 4304
f 4041 4405 4161
f 4169 4382 4090
f 4169 4463 4272
f 4178 4542 4387
f 4386 4541 4179
f 4157 4507 4480
f 4479 4506 4158
f 545 4202 544
f 4163 4369 518
f 474 4370 4164
f 4114 4301 4284
f 4285 4302 4115
f 4061 4472 4437
f 4436 4471 4062
f 4284 4301 4024
f 4023 4302 4285
f 518 4465 4163
f 4164 4464 474
f 551 4295 552
f 4158 4348 575
f 572 4347 4157
f 4015 4304 4166
f 4165 4305 4014
f 4176 4366 4082
f 4083 4367 4177
f 4190 4320 4056
f 4055 4319 4189
f 4190 4434 4048
f 4047 4435 4189
f 4106 4369 4163
f 4164 4370 4105
f 4331 4407 4027
f 4028 4406 4332
f 4208 4243 4058
f 4057 4242 4207
f 8 4203 498
f 499 4204 7
f 557 4327 4230
f 4231 4328 578
f 4280 4471 4156
f 4188 4364 4058
f 4057 4363 4187
f 4069 4286 4195
f 4194 4287 4068
f 4197 4362 4026
f 4025 4361 4196
f 4020 4366 4176
f 4177 4367 4021
f 4039 4478 4227
f 4107 4291 4210
f 4209 4292 4108
f 4075 4391 4201
f 4200 4392 4074
f 4062 4471 4280
f 4175 4318 565
f 586 4317 4174
f 4110 4243 4208
f 4207 4242 4109
f 484 4228 485
f 529 4229 528
f 468 4351 469
f 513 4352 512
f 566 4321 4175
f 4174 4322 587
f 4180 4283 4070
f 4071 4282 4181
f 4259 4538 4180
f 4181 4537 4260
f 4336 4479 4135
f 4134 4480 4335
f 471 4213 472
f 516 4214 515
f 4090 4519 4169
f 4290 4454 4163
f 4164 4453 4289
f 4079 4330 4329
f 4396 4548 4155
f 4156 4549 4395
f 4065 4277 4199
f 4267 4456 4136
f 537 4267 536
f 4072 4538 4259
f 4260 4537 4073
f 4077 4312 4177
f 4176 4311 4076
f 4159 4440 4057
f 4058 4441 4160
f 4225 4411 21
f 19 4412 4226
f 4035 4469 4378
f 4377 4468 4034
f 4405 4451 4099
f 4437 4472 4166
f 4165 4471 4436
f 533 4307 532
f 488 4306 489
f 4049 4506 4479
f 4480 4507 4050
f 4385 4443 4145
f 578 4328 579
f 558 4327 557
f 4168 4485 4310
f 4024 4542 4178
f 4179 4541 4023
f 4219 4535 4042
f 4041 4536 4220
f 4015 4458 4185
f 4184 4457 4014
f 4195 4286 550
f 555 4287 4194
f 4211 4254 4019
f 4018 4253 4212
f 4068 4254 4211
f 4212 4253 4069
f 4228 4487 485
f 529 4486 4229
f 4058 4364 4208
f 4207 4363 4057
f 4079 4446 4193
f 545 4269 4202
f 4136 4525 4227
f 4148 4498 4467
f 4466 4497 4149
f 4193 4446 4118
f 4288 4365 553
f 4239 4391 4075
f 4074 4392 4238
f 4066 4530 4385
f 4385 4530 4191
f 4126 4365 4288
f 4127 4552 4229
f 4228 4551 4128
f 4104 4390 4186
f 4267 4478 4123
f 4123 4478 4442
f 4229 4552 4345
f 4346 4551 4228
f 4186 4390 547
f 4218 4540 4043
f 4044 4539 4217
f 543 4250 542
f 494 4264 493
f 504 4263 503
f 4193 4355 4079
f 4232 4550 4137
f 4329 4330 4113
f 4189 4319 4030
f 4029 4320 4190
f 4362 4553 4026
f 4025 4554 4361
f 4052 4249 4232
f 4186 4460 4124
f 541 4368 4198
f 4199 4543 4065
f 4202 4416 544
f 4040 4443 4385
f 4140 4510 4191
f 4347 4507 4157
f 4158 4506 4348
f 4013 4496 4492
f 520 4235 519
f 475 4236 476
f 4076 4423 4205
f 4206 4422 4077
f 4287 4535 4068
f 4069 4536 4286
f 4111 4449 4230
f 4231 4450 4112
f 4025 4441 4243
f 4242 4440 4026
f 4128 4487 4228
f 4229 4486 4127
f 4137 4543 4199
f 4182 4371 4045
f 4046 4372 4183
f 4024 4301 4282
f 4283 4302 4023
f 4074 4560 4200
f 4201 4559 4075
f 4249 4550 4232
f 4100 4411 4225
f 4226 4412 4101
f 4238 4426 4114
f 4115 4427 4239
f 4190 4462 4029
f 4030 4461 4189
f 4103 4416 4202
f 4285 4539 4179
f 4178 4540 4284
f 539 4241 538
f 4230 4323 4111
f 4112 4324 4231
f 4282 4342 4024
f 4023 4341 4283
f 4276 4517 591
f 570 4516 4275
f 4223 4505 4171
f 4170 4504 4224
f 4053 4323 4230
f 4231 4324 4054
f 4278 4441 4025
f 4026 4440 4279
f 4197 4323 4053
f 4054 4324 4196
f 4137 4493 4232
f 4043 4387 4383
f 4384 4386 4044
f 4232 4493 4017
f 4194 4448 555
f 550 4447 4195
f 4383 4387 4174
f 4175 4386 4384
f 4152 4517 4276
f 4275 4516 4151
f 4227 4525 4052
f 4080 4292 4209
f 4210 4291 4081
f 4209 4418 469
f 513 4419 4210
f 4028 4290 4215
f 4216 4289 4027
f 4075 4539 4285
f 4284 4540 4074
f 4033 4394 4247
f 4246 4393 4032
f 4187 4363 523
f 479 4364 4188
f 4250 4314 4090
f 4162 4535 4287
f 4286 4536 4161
f 4103 4314 4250
f 4150 4496 4413
f 4326 4381 4078
f 4078 4380 4325
f 4402 4460 549
f 4230 4327 4053
f 4054 4328 4231
f 4080 4351 4200
f 4201 4352 4081
f 552 4295 4288
f 4189 4435 4055
f 4056 4434 4190
f 4192 4495 4061
f 4270 4414 4142
f 4141 4415 4271
f 4135 4381 4326
f 4325 4380 4134
f 4048 4397 4190
f 4189 4398 4047
f 4200 4560 4080
f 4081 4559 4201
f 4026 4499 4323
f 4324 4500 4025
f 4196 4361 4060
f 4059 4362 4197
f 4308 4475 4082
f 4083 4474 4309
f 4103 4459 4237
f 4288 4295 4099
f 4198 4511 541
f 22 4401 534
f 490 4402 20
f 535 4401 22
f 20 4402 549
f 486 4257 487
f 531 4258 530
f 4346 4469 4035
f 4034 4468 4345
f 564 4318 4316
f 4315 4317 585
f 4233 4299 4055
f 4056 4300 4234
f 4192 4515 4102
f 546 4269 545
f 4198 4368 4090
f 4247 4394 4117
f 4116 4393 4246
f 4118 4455 4193
f 4248 4330 4079
f 4244 4450 24
f 23 4449 4245
f 4199 4501 4142
f 8 4335 4203
f 4204 4336 7
f 4088 4505 4223
f 4224 4504 4089
f 4090 4382 4198
f 492 4422 4206
f 4205 4423 505
f 4080 4560 4218
f 4217 4559 4081
f 522 4363 4207
f 4208 4364 478
f 549 4460 548
f 4150 4413 4280
f 570 4275 569
f 590 4276 591
f 4282 4498 4342
f 4341 4497 4283
f 4263 4423 4076
f 4077 4422 4264
f 4250 4368 542
f 4240 4379 4140
f 4487 4547 4257
f 4258 4546 4486
f 4543 4550 4272
f 4199 4493 4137
f 4268 4492 4065
f 4204 4483 4049
f 4050 4484 4203
f 4051 4379 4240
f 4272 4550 4036
f 4201 4391 511
f 467 4392 4200
f 4065 4492 4277
f 585 4317 586
f 565 4318 564
f 4209 4351 4080
f 4081 4352 4210
f 587 4322 588
f 567 4321 566
f 4303 4472 4061
f 4301 4537 4282
f 4283 4538 4302
f 4089 4357 4224
f 4223 4356 4088
f 4213 4350 472
f 516 4349 4214
f 471 4353 4213
f 4214 4354 515
f 24 4450 577
f 556 4449 23
f 4492 4496 4150
f 4409 4483 4204
f 4203 4484 4408
f 4228 4357 4089
f 4088 4356 4229
f 4233 4508 561
f 582 4509 4234
f 520 4399 4235
f 4236 4400 476
f 4155 4472 4303
f 4064 4544 4278
f 4279 4545 4063
f 4224 4357 483
f 527 4356 4223
f 4316 4318 4092
f 4091 4317 4315
f 4129 4393 4265
f 4266 4394 4130
f 4107 4461 4291
f 4292 4462 4108
f 469 4418 470
f 514 4419 513
f 4128 4547 4487
f 4486 4546 4127
f 552 4288 553
f 4221 4375 4018
f 4019 4376 4222
f 4320 4389 4139
f 4138 4388 4319
f 4229 4356 528
f 484 4357 4228
f 4068 4535 4219
f 4220 4536 4069
f 554 4287 555
f 550 4286 551
f 4116 4483 4409
f 4408 4484 4117
f 499 4409 4204
f 4203 4408 498
f 4089 4346 4228
f 4229 4345 4088
f 4278 4544 4160
f 4159 4545 4279
f 588 4343 589
f 568 4344 567
f 4051 4459 4202
f 4322 4343 588
f 567 4344 4321
f 539 4452 4241
f 4241 4456 538
f 4202 4459 4103
f 553 4365 554
f 4222 4376 4087
f 4086 4375 4221
f 4094 4541 4386
f 4387 4542 4093
f 4264 4422 493
f 504 4423 4263
f 573 4296 574
f 542 4368 541
f 4211 4544 4064
f 4063 4545 4212
f 4119 4308 4273
f 4274 4309 4120
f 4294 4429 4132
f 517 4369 4349
f 4350 4370 473
f 4271 4415 4133
f 4132 4414 4270
f 4249 4482 4036
f 472 4350 473
f 517 4349 516
f 470 4353 471
f 515 4354 514
f 564 4316 563
f 584 4315 585
f 4067 4429 4294
f 4013 4330 4248
f 4277 4501 4199
f 4227 4417 4147
f 4131 4482 4249
f 4083 4309 4274
f 4273 4308 4082
f 4268 4330 4013
f 4161 4405 4295
f 4210 4419 4107
f 4108 4418 4209
f 4121 4468 4377
f 4378 4469 4122
f 561 4508 560
f 581 4509 582
f 486 4487 4257
f 4258 4486 530
f 4053 4406 4215
f 4216 4407 4054
f 560 4334 559
f 580 4333 581
f 4240 4455 4118
f 4016 4455 4240
f 4078 4381 4296
f 4296 4380 4078
f 4310 4485 4126
f 4090 4368 4250
f 4048 4431 4213
f 4214 4430 4047
f 4042 4421 4219
f 4220 4420 4041
f 4413 4496 4102
f 4297 4505 4088
f 4089 4504 4298
f 4213 4533 4048
f 4047 4532 4214
f 4013 4492 4268
f 4113 4330 4268
f 4271 4378 4096
f 4095 4377 4270
f 256 4335 8
f 7 4336 253
f 4055 4403 4233
f 4234 4404 4056
f 4097 4404 4234
f 4233 4403 4098
f 4097 4503 4404
f 4403 4502 4098
f 4269 4390 4104
f 473 4370 474
f 518 4369 517
f 4452 4522 4241
f 4270 4377 4034
f 4035 4378 4271
f 474 4464 475
f 519 4465 518
f 4307 4442 4146
f 4145 4443 4306
f 532 4424 531
f 487 4425 488
f 546 4390 4269
f 4325 4326 4078
f 584 4477 4315
f 4316 4476 563
f 4526 4528 4084
f 4085 4529 4527
f 493 4422 492
f 505 4423 504
f 4037 4501 4277
f 4131 4511 4482
f 4482 4511 4198
f 4079 4355 4248
f 4255 4366 4020
f 4021 4367 4256
f 4253 4526 4084
f 4085 4527 4254
f 4250 4416 4103
f 523 4363 522
f 478 4364 479
f 541 4511 540
f 4093 4343 4322
f 4321 4344 4094
f 24 4448 4244
f 4245 4447 23
f 4057 4440 4242
f 4243 4441 4058
f 4315 4477 4139
f 4138 4476 4316
f 4241 4525 4456
f 543 4416 4250
f 4312 4557 4130
f 4129 4558 4311
f 4274 4338 4083
f 4082 4337 4273
f 569 4466 568
f 589 4467 590
f 4349 4369 4106
f 4105 4370 4350
f 4238 4392 466
f 510 4391 4239
f 4052 4522 4249
f 4249 4522 4131
f 4234 4509 4097
f 4098 4508 4233
f 4062 4413 4281
f 4017 4417 4232
f 4064 4432 4244
f 4245 4433 4063
f 528 4356 527
f 483 4357 484
f 525 4360 524
f 480 4359 481
f 4236 4564 4400
f 4399 4563 4235
f 575 4488 576
f 571 4489 572
f 4379 4410 4140
f 4104 4410 4379
f 4404 4503 4154
f 4153 4502 4403
f 4235 4563 4059
f 4060 4564 4236
f 4096 4548 4396
f 4395 4549 4095
f 508 4427 4261
f 4262 4426 464
f 4235 4465 519
f 475 4464 4236
f 4237 4518 4031
f 4119 4506 4246
f 4247 4507 4120
f 4373 4549 4014
f 4015 4548 4374
f 4118 4531 4240
f 4248 4494 4125
f 4318 4384 4092
f 4091 4383 4317
f 4094 4386 4321
f 4322 4387 4093
f 4175 4384 4318
f 4317 4383 4174
f 4246 4506 4049
f 4050 4507 4247
f 4321 4386 4175
f 4174 4387 4322
f 4051 4531 4237
f 4240 4531 4051
f 4237 4459 4051
f 4042 4485 4437
f 4265 4393 4116
f 4117 4394 4266
f 4375 4526 4018
f 4019 4527 4376
f 4244 4432 4112
f 4111 4433 4245
f 4373 4377 4095
f 4096 4378 4374
f 25 4516 570
f 591 4517 26
f 4049 4483 4246
f 4247 4484 4050
f 4121 4377 4373
f 4374 4378 4122
f 4397 4462 4190
f 4189 4461 4398
f 4127 4546 4294
f 4293 4547 4128
f 4031 4518 4329
f 4182 4526 4375
f 4376 4527 4183
f 4281 4413 4102
f 4124 4460 4402
f 509 4427 508
f 464 4426 465
f 4254 4527 4019
f 4018 4526 4253
f 466 4392 467
f 511 4391 510
f 4193 4473 4355
f 4294 4552 4127
f 4128 4551 4293
f 4314 4519 4090
f 470 4418 4353
f 4354 4419 514
f 501 4561 4265
f 4266 4562 496
f 4265 4555 501
f 496 4556 4266
f 4025 4500 4278
f 4279 4499 4026
f 4257 4425 487
f 531 4424 4258
f 4246 4483 4116
f 4117 4484 4247
f 547 4390 546
f 4381 4521 4296
f 4296 4520 4380
f 4242 4553 4109
f 4110 4554 4243
f 4342 4542 4024
f 4023 4541 4341
f 4026 4553 4242
f 4243 4554 4025
f 4114 4426 4262
f 4261 4427 4115
f 4116 4555 4265
f 4266 4556 4117
f 4129 4444 4263
f 4264 4445 4130
f 4348 4488 575
f 572 4489 4347
f 4087 4376 4372
f 4371 4375 4086
f 502 4561 501
f 496 4562 495
f 4036 4550 4249
f 521 4399 520
f 476 4400 477
f 497 4556 496
f 501 4555 500
f 4280 4413 4062
f 255 4523 256
f 253 4524 254
f 4303 4494 4038
f 4147 4429 4313
f 4333 4513 4144
f 4143 4512 4334
f 498 4408 497
f 500 4409 499
f 580 4513 4333
f 4334 4512 559
f 4313 4429 4067
f 4182 4528 4526
f 4527 4529 4183
f 4372 4376 4183
f 4182 4375 4371
f 4180 4538 4283
f 4282 4537 4181
f 4297 4468 4121
f 4122 4469 4298
f 4123 4470 4267
f 4065 4463 4268
f 4257 4547 4066
f 4067 4546 4258
f 4263 4444 503
f 494 4445 4264
f 21 4411 506
f 491 4412 19
f 4268 4463 4113
f 4437 4485 4168
f 4267 4470 536
f 4278 4432 4064
f 4063 4433 4279
f 536 4470 535
f 576 4488 4273
f 4274 4489 571
f 544 4416 543
f 4088 4468 4297
f 4298 4469 4089
f 4245 4449 4111
f 4112 4450 4244
f 4340 4453 4105
f 4106 4454 4339
f 4264 4557 4077
f 4076 4558 4263
f 4265 4561 4129
f 4130 4562 4266
f 4263 4558 4129
f 4130 4557 4264
f 4136 4478 4267
f 4420 4436 4041
f 4042 4437 4421
f 4272 4463 4065
f 4125 4494 4303
f 4295 4405 4099
f 4279 4440 4159
f 4160 4441 4278
f 4273 4488 4119
f 4120 4489 4274
f 256 4523 4335
f 4336 4524 253
f 4329 4518 4446
f 4133 4530 4293
f 4319 4388 4030
f 4029 4389 4320
f 4131 4522 4452
f 4518 4531 4118
f 4421 4437 4166
f 4165 4436 4420
f 503 4444 502
f 495 4445 494
f 4293 4530 4066
f 489 4490 490
f 534 4491 533
f 4098 4502 4332
f 4331 4503 4097
f 4237 4531 4518
f 4102 4515 4281
f 4291 4461 4030
f 4029 4462 4292
f 4332 4406 4143
f 4144 4407 4331
f 540 4452 539
f 4310 4451 4022
f 23 4447 550
f 555 4448 24
f 4304 4421 4166
f 4165 4420 4305
f 538 4456 537
f 4277 4492 4150
f 4052 4525 4522
f 4065 4543 4272
f 4522 4525 4241
f 563 4476 562
f 583 4477 584
f 4157 4480 4380
f 4381 4479 4158
f 4275 4466 569
f 590 4467 4276
f 4137 4550 4543
f 485 4487 486
f 530 4486 529
f 4325 4523 255
f 254 4524 4326
f 4442 4478 4039
f 4335 4523 4134
f 4135 4524 4336
f 4113 4428 4329
f 4097 4509 4333
f 4334 4508 4098
f 4289 4453 4027
f 4028 4454 4290
f 4400 4564 4110
f 4109 4563 4399
f 4061 4495 4303
f 559 4512 558
f 579 4513 580
f 4380 4480 4134
f 4135 4479 4381
f 4329 4428 4031
f 4294 4546 4067
f 4066 4547 4293
f 4283 4497 4070
f 4071 4498 4282
f 4303 4495 4125
f 4281 4515 4022
f 4193 4534 4473
f 4339 4430 4106
f 4105 4431 4340
f 4306 4443 4124
f 4123 4442 4307
f 4342 4498 4148
f 4149 4497 4341
f 4358 4496 4013
f 4099 4451 4310
f 562 4476 4299
f 4300 4477 583
f 4124 4490 4306
f 4307 4491 4123
f 4293 4551 4035
f 4034 4552 4294
f 4139 4477 4300
f 4299 4476 4138
f 4456 4525 4136
f 4473 4534 4141
f 4355 4473 4038
f 4278 4500 4432
f 4433 4499 4279
f 4365 4438 4162
f 4107 4419 4354
f 4353 4418 4108
f 4126 4438 4365
f 4106 4430 4349
f 4350 4431 4105
f 4439 4530 4133
f 560 4508 4334
f 4333 4509 581
f 4191 4530 4439
f 4355 4494 4248
f 4031 4519 4314
f 4045 4505 4297
f 4298 4504 4046
f 4176 4475 4311
f 4312 4474 4177
f 4311 4475 4032
f 4033 4474 4312
f 4329 4446 4079
f 4296 4521 574
f 573 4520 4296
f 4302 4538 4072
f 4073 4537 4301
f 4306 4490 489
f 533 4491 4307
f 4032 4475 4308
f 4309 4474 4033
f 4047 4430 4339
f 4340 4431 4048
f 4038 4473 4396
f 4354 4532 4107
f 4108 4533 4353
f 4403 4435 4153
f 4154 4434 4404
f 4055 4435 4403
f 4404 4434 4056
f 4327 4512 4143
f 4144 4513 4328
f 558 4512 4327
f 4328 4513 579
f 4396 4473 4141
f 4213 4431 4350
f 4349 4430 4214
f 4059 4563 4362
f 4361 4564 4060
f 4323 4499 4111
f 4112 4500 4324
f 4429 4481 4132
f 4191 4510 4385
f 4385 4510 4040
f 4345 4468 4088
f 4089 4469 4346
f 4147 4481 4429
f 4332 4502 4028
f 4027 4503 4331
f 4134 4523 4325
f 4326 4524 4135
f 4373 4457 4121
f 4122 4458 4374
f 4382 4482 4198
f 4017 4481 4417
f 535 4470 4401
f 4395 4501 4037
f 4077 4557 4312
f 4311 4558 4076
f 4117 4556 4408
f 4409 4555 4116
f 4417 4481 4147
f 4142 4501 4395
f 4014 4457 4373
f 4374 4458 4015
f 4107 4532 4398
f 4397 4533 4108
f 4361 4554 4110
f 4109 4553 4362
f 4438 4485 4042
f 4038 4494 4355
f 4347 4489 4120
f 4119 4488 4348
f 4102 4496 4358
f 4337 4516 25
f 26 4517 4338
f 4048 4533 4397
f 4398 4532 4047
f 4022 4515 4514
f 4151 4516 4337
f 4338 4517 4152
f 4120 4507 4347
f 4348 4506 4119
f 4341 4541 4094
f 4093 4542 4342
f 4158 4521 4381
f 4380 4520 4157
f 4514 4515 4192
f 4345 4552 4034
f 4035 4551 4346
f 4016 4439 4415
f 4415 4439 4133
f 490 4490 4402
f 4401 4491 534
f 4214 4532 4354
f 4353 4533 4213
f 4036 4482 4382
f 4123 4491 4401
f 4402 4490 4124
f 4108 4462 4397
f 4398 4461 4107
f 4075 4559 4539
f 4540 4560 4074
f 4401 4470 4123
f 4218 4560 4540
f 4539 4559 4217
f 4452 4511 4131
f 4132 4481 4414
f 4110 4564 4361
f 4362 4563 4109
f 4410 4510 4140
f 4040 4510 4410
f 4428 4519 4031
f 4374 4548 4096
f 4095 4549 4373
f 4414 4481 4017
f 4141 4534 4415
f 4445 4562 4130
f 4129 4561 4444
f 4415 4534 4016
f 4126 4485 4438
f 4432 4500 4112
f 4111 4499 4433
f 4455 4534 4193
f 4169 4519 4428
f 4446 4518 4118
f 540 4511 4452
f 4408 4556 497
f 500 4555 4409
f 4016 4534 4455
f 4444 4561 502
f 495 4562 4445
f 4868 4870 727
f 706 4869 4867
f 4719 4834 4596
f 4741 5014 4602
f 4687 5014 4741
f 4828 4920 4700
f 4701 4921 4829
f 4649 4983 4732
f 4733 4984 4650
f 636 4731 637
f 4719 5122 4606
f 727 4870 728
f 707 4869 706
f 4661 5079 4738
f 4739 5078 4660
f 4829 4921 4589
f 4588 4920 4828
f 4612 4809 4723
f 4608 5105 4950
f 4949 5106 4609
f 4574 4836 4749
f 4675 4890 4869
f 4870 4891 4676
f 4612 4808 4804
f 4940 5122 4719
f 4636 5179 4725
f 602 4965 4714
f 4715 4964 649
f 4738 5079 4837
f 4838 5078 4739
f 634 4981 4718
f 4717 4980 644
f 4708 5021 4924
f 4923 5020 4707
f 4591 4784 4724
f 4628 4952 4750
f 4751 4953 4629
f 4905 5179 4636
f 644 4926 4717
f 599 5040 4782
f 4783 5039 679
f 4608 4950 4778
f 4779 4949 4609
f 599 4782 598
f 680 4783 679
f 4924 5021 4589
f 4588 5020 4923
f 4869 4890 4621
f 4620 4891 4870
f 607 4812 608
f 655 4813 654
f 712 5015 4746
f 4812 4892 608
f 655 4893 4813
f 4646 4991 4714
f 4715 4992 4647
f 4756 4772 4594
f 4654 4874 4799
f 4596 5102 4719
f 4595 4814 4723
f 4734 4946 4641
f 4642 4947 4735
f 4808 5041 4804
f 4606 4834 4719
f 4723 4814 4612
f 4577 4884 4811
f 4810 4883 4576
f 692 4954 32
f 31 4955 687
f 4718 5194 4652
f 4651 5195 4717
f 4655 4772 4756
f 262 4930 4929
f 4724 4919 4642
f 4652 4978 4718
f 4757 5008 709
f 4811 4884 4674
f 4673 4883 4810
f 4714 5088 4646
f 4647 5089 4715
f 4764 5086 5059
f 4601 5094 4728
f 4736 5062 4666
f 4667 5063 4737
f 262 4929 261
f 4726 4942 4600
f 4599 4943 4727
f 726 4868 727
f 706 4867 705
f 4875 4954 692
f 687 4955 4876
f 4796 4830 665
f 618 4831 4795
f 626 4760 627
f 674 4761 673
f 4714 4991 602
f 649 4992 4715
f 4646 4942 4726
f 4727 4943 4647
f 4717 4926 4651
f 4627 5182 4725
f 4819 4901 4686
f 4685 4900 4820
f 4820 4900 4630
f 4631 4901 4819
f 726 5093 4868
f 4867 5092 705
f 4874 5045 4799
f 4599 5005 4738
f 4739 5006 4600
f 4738 5005 4661
f 4660 5006 4739
f 4629 4953 4864
f 4863 4952 4628
f 4718 4978 634
f 4721 4914 4626
f 4666 5042 4736
f 4577 4811 4730
f 4729 4810 4576
f 4732 4954 4649
f 4650 4955 4733
f 4627 4922 4722
f 4764 5059 4590
f 4843 4848 4578
f 4579 4849 4844
f 4626 4893 4721
f 4722 4892 4627
f 4736 5042 4597
f 4737 5043 4667
f 4579 4844 4748
f 4747 4843 4578
f 4780 4811 4674
f 4673 4810 4781
f 4730 4851 4577
f 4576 4850 4729
f 711 5015 712
f 4598 5043 4737
f 4728 4925 4601
f 709 5008 710
f 4742 5148 688
f 691 5149 4743
f 4785 4967 4615
f 4616 4968 4786
f 4643 4925 4728
f 4756 4975 4655
f 4569 4977 4799
f 4723 4966 4595
f 4674 4884 4831
f 4830 4883 4673
f 4642 4915 4724
f 4831 4884 4632
f 4633 4883 4830
f 4670 4848 4843
f 4844 4849 4669
f 4748 4844 4635
f 4634 4843 4747
f 4799 4977 4704
f 4575 4835 4804
f 4781 4810 4613
f 4614 4811 4780
f 4600 5006 4726
f 4727 5005 4599
f 4804 4835 4658
f 4725 4932 4636
f 4761 5057 673
f 626 5056 4760
f 4744 4827 4603
f 4839 4943 4704
f 4703 4942 4840
f 4610 4805 4760
f 4761 4806 4611
f 4750 4952 4624
f 4625 4953 4751
f 695 4759 694
f 715 4758 716
f 4606 4958 4749
f 4647 4943 4839
f 4840 4942 4646
f 4780 5030 616
f 663 5031 4781
f 4602 4861 4745
f 4724 5191 4591
f 4726 4898 4646
f 4647 4899 4727
f 4603 5109 4744
f 4967 5062 4615
f 4616 5063 4968
f 4617 4827 4744
f 690 5149 691
f 688 5148 689
f 4807 4976 4568
f 4738 4837 4570
f 4571 4838 4739
f 4732 4846 4624
f 4625 4847 4733
f 4703 4976 4807
f 4808 5022 4713
f 4594 5022 4808
f 636 4904 4731
f 4865 4934 4638
f 4637 4935 4866
f 4979 4999 4568
f 4566 4915 4735
f 615 4780 616
f 663 4781 662
f 4725 4922 4627
f 723 4817 724
f 703 4818 702
f 4672 4853 4759
f 4758 4852 4671
f 4681 4912 4815
f 4816 4913 4682
f 4815 4912 4639
f 4640 4913 4816
f 4735 4915 4642
f 4754 4973 4581
f 4580 4974 4755
f 4572 4832 4736
f 4737 4833 4573
f 4658 4809 4804
f 4861 5097 4745
f 4789 4848 4670
f 4669 4849 4790
f 4834 5177 4596
f 4804 4809 4612
f 4973 5131 4581
f 4580 5132 4974
f 4624 4877 4732
f 4733 4878 4625
f 4744 4994 4568
f 4728 4936 4643
f 4866 4935 4690
f 4691 4934 4865
f 723 5074 4817
f 4818 5075 702
f 4716 4999 4979
f 4628 4848 4789
f 4790 4849 4629
f 4697 5097 4861
f 4732 4983 4846
f 4847 4984 4733
f 4793 4906 4681
f 4682 4907 4794
f 4574 4933 4836
f 4787 4982 4595
f 4796 4886 4633
f 4632 4885 4795
f 4574 4956 4740
f 4728 5094 4769
f 4630 4906 4793
f 4794 4907 4631
f 4579 4847 4751
f 4750 4846 4578
f 4587 4880 4771
f 4770 4879 4586
f 4759 4878 694
f 715 4877 4758
f 4613 5127 4781
f 4780 5128 4614
f 4688 4982 4787
f 4751 4849 4579
f 4578 4848 4750
f 4739 5157 4571
f 4755 5183 4618
f 4619 5184 4754
f 4731 4951 637
f 4734 4928 4567
f 4657 5009 4845
f 697 4826 4803
f 4802 4825 718
f 4845 5009 4713
f 4749 4836 4606
f 4567 4928 4896
f 4686 4886 4796
f 4795 4885 4685
f 4641 4928 4734
f 4756 5124 4975
f 4567 5000 4734
f 4735 5001 4566
f 4633 4830 4796
f 4795 4831 4632
f 4805 5172 4760
f 4761 5173 4806
f 4800 5127 4613
f 4614 5128 4801
f 4570 5117 4738
f 621 4820 4793
f 4794 4819 668
f 4736 4889 4572
f 4573 4888 4737
f 4896 4928 4705
f 4574 4909 4741
f 4568 4999 4744
f 4741 5077 4687
f 4746 5051 712
f 4641 4946 4888
f 4889 4947 4642
f 4674 5030 4780
f 4781 5031 4673
f 4597 4947 4736
f 4737 4946 4598
f 4738 4997 4599
f 4749 4958 4617
f 712 5051 713
f 4602 4918 4741
f 4832 5062 4736
f 4737 5063 4833
f 4680 5057 4761
f 4760 5056 4679
f 4840 4976 4703
f 4704 4977 4839
f 4624 4846 4750
f 4751 4847 4625
f 647 4963 29
f 28 4962 600
f 4649 5098 4747
f 4748 5099 4650
f 29 4963 632
f 646 4962 28
f 34 4786 708
f 713 4785 33
f 4600 4969 4739
f 4741 4933 4574
f 700 4792 699
f 720 4791 721
f 4782 4843 4634
f 4635 4844 4783
f 4815 4822 624
f 671 4821 4816
f 4838 5182 4627
f 4670 4843 4782
f 4783 4844 4669
f 4618 5183 4770
f 4771 5184 4619
f 4750 4848 4628
f 4629 4849 4751
f 713 5051 4967
f 4740 5146 4574
f 631 4789 27
f 30 4790 678
f 4782 5040 4670
f 4669 5039 4783
f 4645 4918 4745
f 4861 4944 4697
f 4696 4945 4862
f 665 4830 664
f 617 4831 618
f 4803 5012 696
f 717 5013 4802
f 4758 4877 4624
f 4625 4878 4759
f 697 4803 696
f 717 4802 718
f 4656 4908 4788
f 4624 4952 4852
f 4853 4953 4625
f 4840 5084 4976
f 4977 5085 4839
f 4788 4908 4653
f 4584 4912 4906
f 4907 4913 4585
f 4652 4944 4861
f 4862 4945 4651
f 4745 4918 4602
f 698 4826 697
f 718 4825 719
f 4749 4956 4574
f 4745 4948 4645
f 4742 5134 5106
f 5105 5133 4743
f 4597 5038 4947
f 4792 5034 699
f 720 5035 4791
f 4805 4974 4683
f 4684 4973 4806
f 4610 4974 4805
f 4806 4973 4611
f 4916 4935 4584
f 4585 4934 4917
f 4606 5122 4958
f 4698 5086 4775
f 4752 4891 4620
f 4621 4890 4753
f 688 4960 4742
f 4743 4961 691
f 4885 4900 4685
f 4686 4901 4886
f 4760 4879 4610
f 4611 4880 4761
f 4747 4983 4649
f 4650 4984 4748
f 4624 4852 4758
f 4759 4853 4625
f 4583 4900 4885
f 4886 4901 4582
f 4906 4912 4681
f 4682 4913 4907
f 4752 4884 4577
f 4576 4883 4753
f 659 4774 658
f 611 4775 612
f 4577 4891 4752
f 4753 4890 4576
f 592 4778 9
f 10 4779 686
f 4776 4864 4684
f 4683 4863 4777
f 4744 4999 4617
f 4945 5195 4651
f 4652 5194 4944
f 4947 5038 4735
f 4748 4984 4579
f 4578 4983 4747
f 4770 4970 4618
f 4619 4971 4771
f 4638 4872 4792
f 4791 4873 4637
f 4610 4879 4770
f 4771 4880 4611
f 4677 4873 4791
f 4792 4872 4678
f 4753 4881 4621
f 4620 4882 4752
f 4793 4820 4630
f 4631 4819 4794
f 4746 5015 4653
f 4871 4936 639
f 674 5173 4761
f 4760 5172 627
f 4753 4883 4633
f 4632 4884 4752
f 4950 5105 4711
f 4710 5106 4949
f 5059 5086 4698
f 4653 5087 4746
f 4622 5110 4817
f 4818 5111 4623
f 4784 4919 4724
f 4946 5002 4598
f 4823 5110 4622
f 4623 5111 4824
f 633 4981 634
f 644 4980 645
f 4767 4856 4622
f 4623 4857 4768
f 4747 4923 4634
f 4635 4924 4748
f 4809 5140 4723
f 4789 5040 27
f 30 5039 4790
f 710 4788 711
f 4709 4988 4948
f 4690 4935 4916
f 4917 4934 4691
f 4618 4825 4802
f 4803 4826 4619
f 639 4936 640
f 4672 5019 4853
f 4852 5018 4671
f 5014 5076 4602
f 4639 4822 4815
f 4816 4821 4640
f 4775 5067 4698
f 620 4820 621
f 668 4819 667
f 4608 5133 5105
f 5106 5134 4609
f 4872 5100 4587
f 4586 5101 4873
f 4734 5002 4946
f 4665 5081 4798
f 4797 5080 4664
f 4636 4966 4896
f 4767 4916 4584
f 4585 4917 4768
f 649 4964 648
f 601 4965 602
f 4587 5100 4903
f 4902 5101 4586
f 708 5068 709
f 4651 5044 4769
f 618 4795 619
f 666 4796 665
f 4655 4957 4772
f 4761 4880 4680
f 4679 4879 4760
f 4702 5049 5046
f 4817 4916 4622
f 4623 4917 4818
f 4772 4957 4607
f 4617 4956 4749
f 4690 4916 4817
f 4818 4917 4691
f 4766 4888 4573
f 4572 4889 4765
f 4835 4941 4658
f 4959 5029 4706
f 621 4793 622
f 669 4794 668
f 4641 4888 4766
f 4765 4889 4642
f 4968 5068 708
f 4775 5086 4605
f 4584 4906 4767
f 4768 4907 4585
f 4777 4863 4628
f 4629 4864 4776
f 4940 4975 4565
f 4966 5140 4896
f 4776 5023 4629
f 4628 5024 4777
f 4672 5012 4803
f 4802 5013 4671
f 4568 4994 4807
f 4948 4988 4645
f 4850 4890 4675
f 4676 4891 4851
f 4791 5035 4677
f 4678 5034 4792
f 4851 4891 4577
f 4576 4890 4850
f 4587 5115 4880
f 4879 5116 4586
f 4719 4975 4940
f 643 4926 644
f 671 4816 670
f 623 4815 624
f 709 5068 4757
f 4837 5185 4570
f 624 4822 625
f 672 4821 671
f 4799 4997 4654
f 4702 4998 4982
f 4567 5140 4809
f 4611 5184 4771
f 4770 5183 4610
f 4887 5178 4607
f 4618 5072 4755
f 4754 5073 4619
f 4762 4902 4639
f 4640 4903 4763
f 4862 4979 4696
f 4581 5019 4754
f 4755 5018 4580
f 4638 4934 4763
f 4762 4935 4637
f 4594 5028 4756
f 597 4855 596
f 682 4854 681
f 4639 4912 4762
f 4763 4913 4640
f 4762 4912 4584
f 4585 4913 4763
f 5123 5185 4837
f 4659 5124 4756
f 4756 5028 4659
f 4860 4931 4657
f 4642 4919 4765
f 4767 4906 4630
f 4631 4907 4768
f 4784 5058 4699
f 4648 4969 4807
f 605 4842 606
f 653 4841 652
f 4986 5081 4665
f 4664 5080 4985
f 4591 5058 4784
f 4785 5054 33
f 34 5055 4786
f 4789 5024 4628
f 4629 5023 4790
f 4731 5076 5014
f 4633 5107 4753
f 4752 5108 4632
f 4590 5150 4764
f 4671 5013 4758
f 4759 5012 4672
f 4881 5107 4582
f 4583 5108 4882
f 4622 4916 4767
f 4768 4917 4623
f 4765 4919 4604
f 4595 4966 4787
f 4758 5013 716
f 695 5012 4759
f 4960 5134 4742
f 4743 5133 4961
f 4582 5107 4886
f 4885 5108 4583
f 4772 5174 4594
f 4637 5159 4791
f 4792 5158 4638
f 4634 5052 4782
f 4783 5053 4635
f 4774 5121 5066
f 4630 5143 4767
f 4768 5142 4631
f 4811 5154 4730
f 4729 5153 4810
f 4867 4869 4621
f 4620 4870 4868
f 4769 5094 4651
f 4808 5028 4594
f 4670 5040 4789
f 4790 5039 4669
f 659 4894 4774
f 4775 4895 612
f 4656 5008 4757
f 4764 4972 4605
f 4584 4935 4762
f 4763 4934 4585
f 4878 5138 693
f 714 5139 4877
f 4817 5074 4690
f 4691 5075 4818
f 4607 5178 4772
f 642 5125 4769
f 4757 5165 4656
f 4617 4958 4827
f 4614 5154 4811
f 4810 5153 4613
f 4733 5138 4878
f 4877 5139 4732
f 4605 4972 4766
f 4607 5069 4887
f 4575 4908 4835
f 4627 4892 4812
f 4813 4893 4626
f 4970 5160 4618
f 4619 5161 4971
f 4647 4992 4899
f 4898 4991 4646
f 4828 5020 4588
f 4589 5021 4829
f 4774 5066 658
f 611 5067 4775
f 4769 5125 4728
f 4930 4995 4644
f 4644 4996 4929
f 4596 5029 4959
f 4862 5104 4979
f 4583 5129 4856
f 4857 5130 4582
f 4941 5002 4658
f 4873 4970 4586
f 4587 4971 4872
f 4866 5159 4637
f 4638 5158 4865
f 5066 5121 4699
f 4606 4988 4834
f 4677 4970 4873
f 4872 4971 4678
f 4795 5047 619
f 666 5048 4796
f 4711 4995 4930
f 4929 4996 4710
f 4730 5144 4851
f 4850 5145 4729
f 4836 4988 4606
f 4745 5097 4948
f 4766 4972 4641
f 4841 5005 4727
f 4726 5006 4842
f 4920 5098 4649
f 4650 5099 4921
f 4604 4919 4784
f 4851 5144 4616
f 4615 5145 4850
f 4763 5100 4638
f 4637 5101 4762
f 4914 5025 4712
f 4586 4970 4770
f 4771 4971 4587
f 4591 5025 4914
f 4675 5054 4785
f 4786 5055 4676
f 639 5103 4871
f 4948 5097 4569
f 4648 5109 4897
f 4797 4937 4572
f 4573 4938 4798
f 4856 5129 5003
f 5004 5130 4857
f 4765 5080 4572
f 4573 5081 4766
f 638 5103 639
f 4694 5020 4828
f 4829 5021 4695
f 4868 5093 4693
f 4692 5092 4867
f 4685 5047 4795
f 4796 5048 4686
f 4582 4901 4857
f 4856 4900 4583
f 10 4949 4779
f 4778 4950 9
f 4604 4985 4765
f 4766 4986 4605
f 4982 4998 4595
f 4782 5052 598
f 680 5053 4783
f 4904 4978 4652
f 4605 5086 4764
f 4993 5028 4808
f 4721 5058 4914
f 4994 5109 4648
f 4926 5044 4651
f 4931 5009 4657
f 4914 5058 4591
f 4681 5061 4793
f 4794 5060 4682
f 4636 4932 4787
f 4769 5044 642
f 4799 5071 4997
f 694 4878 693
f 714 4877 715
f 4853 5019 4581
f 4580 5018 4852
f 4793 5061 622
f 669 5060 4794
f 4855 5052 4634
f 4635 5053 4854
f 4786 4968 708
f 713 4967 4785
f 657 4990 656
f 609 4989 610
f 4571 5157 4927
f 4800 5026 661
f 614 5027 4801
f 4777 5024 630
f 677 5023 4776
f 4705 4905 4896
f 4896 4905 4636
f 637 4951 638
f 4778 5112 4608
f 4609 5113 4779
f 4835 4908 4656
f 4688 4927 4897
f 660 4894 659
f 612 4895 613
f 4909 5077 4741
f 4605 5096 4775
f 4823 5093 725
f 704 5092 4824
f 4925 5164 4601
f 4684 5163 4776
f 4777 5162 4683
f 4904 5076 4731
f 4646 5088 4840
f 4839 5089 4647
f 5033 5112 4778
f 4779 5113 5032
f 4575 4931 4908
f 4699 5121 4784
f 4787 4966 4636
f 4842 5017 606
f 653 5016 4841
f 4590 5059 4922
f 4969 5070 4807
f 4859 5021 4708
f 4707 5020 4858
f 4799 5045 4569
f 4713 5041 4808
f 4784 5121 4604
f 4922 5059 4722
f 4595 4998 4814
f 4740 5164 4925
f 4694 5112 5033
f 5032 5113 4695
f 630 5162 4777
f 4776 5163 677
f 4779 5032 686
f 592 5033 4778
f 4689 5046 4827
f 4827 5046 4603
f 4836 4933 4645
f 603 4898 604
f 651 4899 650
f 728 5055 34
f 33 5054 707
f 4602 5076 4861
f 597 5052 4855
f 4854 5053 681
f 689 4910 690
f 607 5017 4812
f 4813 5016 654
f 4653 5015 4788
f 635 4904 636
f 4700 4920 4875
f 4876 4921 4701
f 4651 5094 4862
f 4580 4952 4863
f 4864 4953 4581
f 4720 5178 4887
f 4939 4987 4565
f 4781 5127 662
f 615 5128 4780
f 5046 5049 4603
f 4702 4987 4939
f 628 5172 4805
f 4806 5173 675
f 4975 5124 4565
f 725 5093 726
f 705 5092 704
f 4814 4998 4659
f 4939 4998 4702
f 4875 4920 4649
f 4650 4921 4876
f 4653 4931 4860
f 4656 4941 4835
f 623 5061 4815
f 4816 5060 670
f 4834 4988 4709
f 4815 5061 4681
f 4682 5060 4816
f 661 5026 660
f 613 5027 614
f 4572 4937 4832
f 4833 4938 4573
f 710 5008 4788
f 641 5125 642
f 4615 5136 4785
f 4786 5137 4616
f 672 5057 4821
f 4822 5056 625
f 4643 4936 4871
f 634 4978 635
f 4821 5057 4680
f 4679 5056 4822
f 4788 5008 4656
f 4788 5015 711
f 4864 5131 4684
f 4683 5132 4863
f 4764 5150 5126
f 4644 4995 4910
f 4910 4996 4644
f 602 4991 603
f 650 4992 649
f 4845 5001 4657
f 4706 5029 4911
f 4736 4947 4889
f 4888 4946 4737
f 4805 5037 628
f 675 5036 4806
f 9 4950 263
f 260 4949 10
f 4827 4958 4689
f 608 5166 609
f 656 5167 655
f 4807 4994 4648
f 4652 5076 4904
f 4911 5117 4570
f 4658 5000 4809
f 4688 5050 4927
f 4612 4993 4808
f 4787 5050 4688
f 661 5127 4800
f 4801 5128 614
f 4892 5166 608
f 655 5167 4893
f 4802 5072 4618
f 4619 5073 4803
f 4819 5048 667
f 620 5047 4820
f 4671 5072 4802
f 4803 5073 4672
f 4686 5048 4819
f 4820 5047 4685
f 4809 5000 4567
f 4791 5159 721
f 700 5158 4792
f 4929 4930 4644
f 4574 5146 4909
f 4814 4993 4612
f 4654 5029 4874
f 4785 5136 4675
f 4676 5137 4786
f 4908 4931 4653
f 598 5052 597
f 681 5053 680
f 4618 5160 4825
f 4826 5161 4619
f 4860 5087 4653
f 4852 4952 4580
f 4581 4953 4853
f 4659 4993 4814
f 4899 5169 4727
f 4726 5168 4898
f 606 5017 607
f 654 5016 653
f 4680 5064 4821
f 4822 5065 4679
f 4639 5065 4822
f 4821 5064 4640
f 4660 5017 4842
f 4841 5016 4661
f 4593 5194 5010
f 5011 5195 4592
f 4897 4927 4648
f 4990 5167 656
f 609 5166 4989
f 4572 5080 4797
f 4798 5081 4573
f 4613 5153 4797
f 4798 5154 4614
f 5010 5194 5170
f 5171 5195 5011
f 4790 5023 678
f 631 5024 4789
f 4846 4983 4578
f 4579 4984 4847
f 4613 5156 4800
f 4801 5155 4614
f 4976 5084 4696
f 4697 5085 4977
f 4757 5068 5043
f 4645 4933 4918
f 4664 5026 4800
f 4801 5027 4665
f 5043 5068 4667
f 4664 5095 4894
f 4895 5096 4665
f 4727 5169 4841
f 4842 5168 4726
f 4918 4933 4741
f 4797 5156 4613
f 4614 5155 4798
f 5126 5150 4705
f 4870 5055 728
f 707 5054 4869
f 4798 5155 4665
f 4664 5156 4797
f 4800 5156 4664
f 4665 5155 4801
f 4645 4988 4836
f 4924 5189 4708
f 4707 5188 4923
f 627 5172 628
f 675 5173 674
f 4841 5169 652
f 605 5168 4842
f 4823 5003 4693
f 4692 5004 4824
f 4622 5003 4823
f 4824 5004 4623
f 4804 5041 4575
f 4649 4954 4875
f 4876 4955 4650
f 4911 5029 4654
f 4903 5115 4587
f 4586 5116 4902
f 4565 4987 4940
f 4965 5011 4714
f 4715 5010 4964
f 4806 5036 4684
f 4683 5037 4805
f 4662 5011 4965
f 4964 5010 4663
f 4661 5016 4813
f 4812 5017 4660
f 651 5169 4899
f 4898 5168 604
f 4860 5038 4597
f 4704 5071 4799
f 4940 4987 4689
f 4948 5045 4709
f 722 5159 4866
f 4865 5158 701
f 4677 5035 4825
f 4826 5034 4678
f 4825 5035 719
f 698 5034 4826
f 4812 5078 4627
f 4626 5079 4813
f 4569 5045 4948
f 4845 5022 4720
f 701 5075 4865
f 4866 5074 722
f 4845 5190 5001
f 630 5024 631
f 678 5023 677
f 4831 5030 4674
f 4673 5031 4830
f 691 5119 692
f 687 5120 688
f 4807 5070 4703
f 4661 5005 4841
f 4842 5006 4660
f 4982 5049 4702
f 4915 5007 4724
f 701 5158 700
f 721 5159 722
f 4813 5079 4661
f 4660 5078 4812
f 4976 4979 4568
f 702 5075 701
f 722 5074 723
f 4887 5007 4566
f 617 5030 4831
f 4830 5031 664
f 4696 4979 4976
f 4951 5103 638
f 628 5037 629
f 676 5036 675
f 4856 5003 4622
f 4623 5004 4857
f 5042 5051 4746
f 4607 5114 5069
f 4702 5046 4987
f 725 5110 4823
f 4824 5111 704
f 4666 5051 5042
f 662 5127 661
f 614 5128 615
f 4700 5133 4828
f 4829 5134 4701
f 5069 5114 4773
f 4668 5007 4887
f 635 4978 4904
f 4985 5095 4664
f 4665 5096 4986
f 4713 5022 4845
f 4828 5133 4608
f 4609 5134 4829
f 4615 5062 4832
f 4833 5063 4616
f 4817 5110 724
f 703 5111 4818
f 4909 5146 4643
f 4989 5059 4698
f 4699 5058 4990
f 4858 5020 4694
f 4695 5021 4859
f 4722 5059 4989
f 4990 5058 4721
f 4939 5124 4659
f 32 5139 714
f 693 5138 31
f 4608 5112 4828
f 4829 5113 4609
f 4627 5078 4838
f 4837 5079 4626
f 4693 5093 4823
f 4824 5092 4692
f 4666 5062 4967
f 4968 5063 4667
f 4899 4992 650
f 603 4991 4898
f 4832 5145 4615
f 4616 5144 4833
f 4897 5049 4688
f 4603 5049 4897
f 4927 5050 4571
f 4621 5090 4867
f 4868 5091 4620
f 4575 5041 5009
f 4643 5146 4925
f 4871 5077 4643
f 4610 5183 4974
f 4973 5184 4611
f 4754 5184 4973
f 4974 5183 4755
f 4687 5077 4871
f 4655 4959 4957
f 4604 5121 5095
f 4895 5027 613
f 660 5026 4894
f 677 5163 676
f 629 5162 630
f 4825 5160 4677
f 4678 5161 4826
f 5064 5115 4903
f 4902 5116 5065
f 5095 5121 4774
f 594 5192 4858
f 4859 5193 684
f 4858 5187 594
f 684 5186 4859
f 5001 5190 4566
f 696 5012 695
f 716 5013 717
f 4828 5112 4694
f 4695 5113 4829
f 4957 4959 4706
f 4869 5054 4675
f 4676 5055 4870
f 4867 5090 4692
f 4693 5091 4868
f 4571 5182 4838
f 4839 5085 4593
f 4592 5084 4840
f 4995 5149 4910
f 4910 5148 4996
f 4723 5140 4966
f 4657 5038 4860
f 4959 5102 4596
f 4591 5191 5025
f 4874 5029 4596
f 4694 5187 4858
f 4859 5186 4695
f 4593 5089 4839
f 4840 5088 4592
f 4887 5069 4668
f 5009 5041 4713
f 4663 5181 4963
f 4962 5180 4662
f 4854 5083 4708
f 4707 5082 4855
f 4709 5177 4834
f 4961 5119 691
f 688 5120 4960
f 595 5192 594
f 684 5193 683
f 4626 5123 4837
f 685 5186 684
f 594 5187 593
f 263 5152 262
f 261 5151 260
f 4901 5142 4857
f 4856 5143 4900
f 664 5031 663
f 616 5030 617
f 4662 5180 4980
f 4981 5181 4663
f 686 5032 685
f 593 5033 592
f 642 5044 643
f 4566 5007 4915
f 699 5034 698
f 719 5035 720
f 4850 5136 4615
f 4616 5137 4851
f 4675 5136 4850
f 4851 5137 4676
f 4596 5177 4874
f 4665 5027 4895
f 4894 5026 4664
f 682 5083 4854
f 4855 5082 596
f 4709 5045 4874
f 679 5039 30
f 27 5040 599
f 4566 5190 4887
f 4575 5009 4931
f 4887 5190 4720
f 4886 5107 4633
f 4632 5108 4885
f 4658 5002 5000
f 4861 5076 4652
f 4598 5002 4941
f 5000 5002 4734
f 4690 5074 4866
f 4865 5075 4691
f 4712 5123 4914
f 4874 5177 4709
f 4597 5087 4860
f 4582 5130 4881
f 4882 5129 4583
f 4764 5126 4972
f 4797 5153 4937
f 4938 5154 4798
f 692 5119 4875
f 4876 5120 687
f 4963 5175 4663
f 4662 5176 4962
f 4663 5175 4964
f 4965 5176 4662
f 4659 4998 4939
f 724 5110 725
f 704 5111 703
f 4720 5190 4845
f 619 5047 620
f 667 5048 666
f 4854 5189 4635
f 4634 5188 4855
f 4656 5165 4941
f 4708 5193 4859
f 4858 5192 4707
f 4862 5094 4601
f 4914 5123 4626
f 4708 5189 4854
f 4855 5188 4707
f 4967 5051 4666
f 625 5056 626
f 673 5057 672
f 670 5060 669
f 622 5061 623
f 4601 5104 4862
f 658 5066 657
f 610 5067 611
f 4638 5100 4872
f 4873 5101 4637
f 4857 5142 4768
f 4767 5143 4856
f 4725 5182 4932
f 4875 5119 4700
f 4701 5120 4876
f 4950 5152 263
f 260 5151 4949
f 4755 5072 5018
f 5019 5073 4754
f 4703 5070 4942
f 4943 5071 4704
f 596 5082 595
f 683 5083 682
f 4942 5070 4600
f 4599 5071 4943
f 4871 5103 4687
f 4956 5118 4740
f 4581 5131 4864
f 4863 5132 4580
f 4951 5014 4687
f 4911 5135 4706
f 4932 5182 4571
f 4731 5014 4951
f 5036 5163 4684
f 4683 5162 5037
f 4570 5135 4911
f 4881 5090 4621
f 4620 5091 4882
f 4600 5070 4969
f 4902 5065 4639
f 4640 5064 4903
f 643 5044 4926
f 4705 5150 4905
f 4775 5096 4895
f 4894 5095 4774
f 4882 5108 4752
f 4753 5107 4881
f 4742 5106 4996
f 4995 5105 4743
f 5118 5164 4740
f 4659 5028 4993
f 4929 5151 261
f 262 5152 4930
f 4880 5115 4680
f 4679 5116 4879
f 4905 5150 4590
f 4711 5152 4950
f 4949 5151 4710
f 4997 5071 4599
f 4932 5050 4787
f 640 5147 641
f 4667 5068 4968
f 600 5176 601
f 648 5175 647
f 4996 5106 4710
f 4711 5105 4995
f 4643 5077 4909
f 5007 5191 4724
f 604 5168 605
f 652 5169 651
f 645 5180 646
f 632 5181 633
f 4571 5050 4932
f 4655 5102 4959
f 4903 5100 4763
f 4762 5101 4902
f 4897 5109 4603
f 4641 5126 4928
f 4979 5104 4716
f 5001 5038 4657
f 4735 5038 5001
f 4928 5126 4705
f 4975 5102 4655
f 4896 5140 4567
f 4900 5143 4630
f 4631 5142 4901
f 4696 5084 4945
f 4944 5085 4697
f 4893 5167 4721
f 4722 5166 4892
f 4945 5084 4592
f 4593 5085 4944
f 4654 5117 4911
f 4747 5098 4923
f 4924 5099 4748
f 4958 5122 4689
f 5135 5185 4773
f 4923 5098 4588
f 4589 5099 4924
f 4937 5145 4832
f 4833 5144 4938
f 5010 5089 4593
f 4592 5088 5011
f 4715 5089 5010
f 5011 5088 4714
f 4910 5149 690
f 689 5148 4910
f 4712 5185 5123
f 4725 5179 4922
f 4721 5167 4990
f 4989 5166 4722
f 4922 5179 4590
f 4921 5099 4589
f 4588 5098 4920
f 4927 5157 4648
f 4957 5114 4607
f 4590 5179 4905
f 4688 5049 4982
f 4999 5118 4617
f 4987 5046 4689
f 4706 5114 4957
f 4716 5118 4999
f 4698 5067 4989
f 4990 5066 4699
f 4925 5146 4740
f 4570 5185 5135
f 4941 5165 4598
f 4989 5067 610
f 657 5066 4990
f 4687 5103 4951
f 4985 5080 4765
f 4766 5081 4986
f 4728 5147 4936
f 4977 5097 4697
f 4565 5124 4939
f 4936 5147 640
f 5003 5129 4693
f 4692 5130 5004
f 4689 5122 4940
f 4648 5157 4969
f 4710 5151 4929
f 4930 5152 4711
f 4617 5118 4956
f 4997 5117 4654
f 4923 5188 4634
f 4635 5189 4924
f 5033 5187 4694
f 4695 5186 5032
f 4569 5097 4977
f 4881 5130 5090
f 5091 5129 4882
f 4938 5144 4730
f 4729 5145 4937
f 4738 5117 4997
f 4677 5160 4970
f 4971 5161 4678
f 4937 5153 4729
f 4730 5154 4938
f 4719 5102 4975
f 5022 5174 4720
f 4744 5109 4994
f 4668 5191 5007
f 4604 5095 4985
f 4986 5096 4605
f 4974 5132 4683
f 4684 5131 4973
f 4960 5120 4701
f 4700 5119 4961
f 4716 5164 5118
f 4954 5139 32
f 31 5138 4955
f 4972 5126 4641
f 4981 5170 4718
f 4717 5171 4980
f 4980 5171 4662
f 4663 5170 4981
f 4672 5073 5019
f 5018 5072 4671
f 4955 5138 4733
f 4732 5139 4954
f 647 5175 4963
f 4962 5176 600
f 4701 5134 4960
f 4961 5133 4700
f 4592 5195 4945
f 4944 5194 4593
f 4743 5149 4995
f 4996 5148 4742
f 4746 5087 5042
f 4969 5157 4739
f 5042 5087 4597
f 4963 5181 632
f 646 5180 4962
f 4773 5185 5141
f 601 5176 4965
f 4964 5175 648
f 5141 5185 4712
f 4980 5180 645
f 633 5181 4981
f 4598 5165 5043
f 4594 5174 5022
f 4680 5115 5064
f 5065 5116 4679
f 5069 5141 4668
f 4773 5141 5069
f 5083 5193 4708
f 4707 5192 5082
f 4668 5141 5025
f 5025 5141 4712
f 5114 5135 4773
f 4662 5171 5011
f 5010 5170 4663
f 676 5163 5036
f 5037 5162 629
f 4601 5164 5104
f 5043 5165 4757
f 4693 5129 5091
f 5090 5130 4692
f 5025 5191 4668
f 5170 5194 4718
f 4717 5195 5171
f 5032 5186 685
f 593 5187 5033
f 4706 5135 5114
f 641 5147 5125
f 5174 5178 4720
f 4772 5178 5174
f 5125 5147 4728
f 5104 5164 4716
f 5082 5192 595
f 683 5193 5083
f 5499 5502 835
f 856 5501 5500
f 5350 5466 5227
f 5460 5550 5331
f 5332 5551 5461
f 5364 5614 5281
f 5280 5613 5363
f 818 5362 817
f 5350 5755 5237
f 835 5502 834
f 855 5501 856
f 5369 5710 5291
f 5292 5711 5370
f 5219 5550 5460
f 5461 5551 5220
f 5243 5441 5354
f 5578 5739 5240
f 5239 5738 5579
f 5205 5468 5380
f 5306 5523 5501
f 5502 5522 5307
f 5243 5440 5436
f 5569 5755 5350
f 5267 5811 5356
f 5346 5594 758
f 810 5593 5345
f 5469 5710 5369
f 5370 5711 5470
f 825 5611 5349
f 5348 5610 815
f 5553 5651 5338
f 5339 5652 5554
f 5222 5416 5355
f 5259 5582 5381
f 5382 5581 5260
f 5537 5811 5267
f 5349 5555 825
f 780 5671 5414
f 5415 5672 761
f 5410 5578 5240
f 5239 5579 5409
f 780 5414 779
f 762 5415 761
f 5219 5651 5553
f 5554 5652 5220
f 5501 5523 5252
f 5251 5522 5502
f 752 5445 753
f 805 5444 804
f 832 5646 5376
f 752 5525 5445
f 5444 5524 804
f 5371 5413 5205
f 5346 5621 5278
f 5277 5622 5345
f 5387 5403 5225
f 5285 5506 5431
f 5227 5734 5350
f 5226 5446 5354
f 5365 5576 5272
f 5273 5575 5366
f 5440 5673 5436
f 5237 5466 5350
f 5354 5446 5243
f 5208 5516 5442
f 5443 5515 5207
f 854 5583 43
f 44 5584 849
f 5349 5826 5283
f 5282 5827 5348
f 5286 5403 5387
f 770 5559 5558
f 5355 5549 5273
f 5348 5608 5282
f 5388 5638 829
f 5442 5516 5305
f 5304 5515 5443
f 5278 5720 5346
f 5345 5721 5277
f 5395 5718 5692
f 5359 5726 5233
f 5367 5695 5297
f 5298 5696 5368
f 770 5558 771
f 5231 5571 5358
f 5357 5572 5230
f 856 5500 857
f 836 5499 835
f 5507 5583 854
f 849 5584 5508
f 5427 5462 742
f 794 5463 5428
f 733 5391 734
f 786 5392 785
f 5345 5622 810
f 758 5621 5346
f 5358 5571 5278
f 5277 5572 5357
f 5283 5555 5349
f 5257 5814 5356
f 5317 5533 5452
f 5451 5532 5316
f 5452 5533 5261
f 5262 5532 5451
f 5500 5724 857
f 836 5725 5499
f 5506 5678 5431
f 5369 5635 5230
f 5231 5636 5370
f 5291 5635 5369
f 5370 5636 5292
f 5495 5582 5259
f 5260 5581 5496
f 815 5608 5348
f 5352 5545 5258
f 5297 5674 5367
f 5208 5442 5360
f 5361 5443 5207
f 5363 5583 5280
f 5281 5584 5364
f 5257 5552 5353
f 5395 5692 5221
f 5475 5480 5209
f 5210 5481 5476
f 5258 5525 5352
f 5353 5524 5257
f 5367 5674 5228
f 5368 5675 5298
f 5378 5475 5209
f 5210 5476 5379
f 5205 5677 5468
f 5411 5442 5305
f 5304 5443 5412
f 5360 5483 5208
f 5207 5482 5361
f 831 5646 832
f 5229 5675 5368
f 829 5638 830
f 5372 5780 850
f 853 5781 5373
f 5417 5597 5246
f 5247 5598 5418
f 5387 5605 5286
f 5200 5607 5431
f 5354 5595 5226
f 5462 5515 5304
f 5305 5516 5463
f 5273 5546 5355
f 5263 5515 5462
f 5463 5516 5264
f 5300 5480 5475
f 5476 5481 5301
f 5265 5475 5378
f 5379 5476 5266
f 5431 5607 5334
f 5206 5467 5436
f 5412 5443 5245
f 5244 5442 5411
f 5358 5636 5231
f 5230 5635 5357
f 5436 5467 5289
f 5356 5561 5267
f 5391 5689 734
f 786 5690 5392
f 5374 5459 5234
f 5335 5572 5471
f 5472 5571 5334
f 5242 5438 5392
f 5391 5437 5241
f 5256 5581 5382
f 5381 5582 5255
f 847 5390 846
f 867 5389 868
f 5237 5587 5380
f 5471 5572 5277
f 5278 5571 5472
f 744 5662 5412
f 5411 5663 796
f 5233 5494 5375
f 5355 5823 5222
f 5357 5530 5277
f 5278 5531 5358
f 5234 5742 5374
f 5597 5695 5246
f 5247 5696 5598
f 5248 5459 5374
f 850 5780 851
f 852 5781 853
f 5439 5606 5199
f 5370 5470 5202
f 5201 5469 5369
f 5363 5478 5255
f 5256 5479 5364
f 5335 5606 5439
f 5440 5653 5344
f 5225 5653 5440
f 5362 5536 817
f 5268 5564 5498
f 5497 5563 5269
f 5609 5629 5199
f 5197 5546 5366
f 797 5411 796
f 744 5412 745
f 5356 5552 5257
f 839 5449 838
f 859 5450 860
f 5302 5485 5389
f 5390 5484 5303
f 5233 5562 5359
f 5447 5543 5312
f 5313 5544 5448
f 5359 5562 5274
f 5270 5543 5447
f 5448 5544 5271
f 5366 5546 5273
f 5385 5604 5212
f 5211 5603 5386
f 5203 5464 5367
f 5368 5465 5204
f 5289 5441 5436
f 5494 5729 5375
f 5421 5480 5300
f 5301 5481 5422
f 5466 5809 5227
f 5436 5441 5243
f 5604 5764 5212
f 5211 5765 5603
f 5255 5509 5363
f 5364 5510 5256
f 5374 5624 5199
f 5274 5565 5359
f 5498 5564 5322
f 5321 5563 5497
f 839 5707 5449
f 5450 5708 860
f 5347 5629 5609
f 5259 5480 5421
f 5422 5481 5260
f 5328 5729 5494
f 5479 5614 5364
f 5363 5613 5478
f 5312 5539 5426
f 5425 5538 5313
f 5419 5612 5226
f 5427 5517 5263
f 5264 5518 5428
f 5205 5585 5371
f 5400 5726 5359
f 5426 5539 5262
f 5261 5538 5425
f 5381 5478 5209
f 5210 5479 5382
f 5402 5511 5218
f 5217 5512 5401
f 847 5509 5390
f 5389 5510 868
f 5411 5760 5244
f 5245 5761 5412
f 5319 5612 5419
f 5209 5480 5381
f 5382 5481 5210
f 5369 5789 5201
f 5250 5815 5385
f 5386 5816 5249
f 818 5580 5362
f 5365 5557 5198
f 5288 5639 5477
f 5435 5458 844
f 865 5457 5434
f 5477 5639 5344
f 5380 5468 5237
f 5198 5557 5528
f 5316 5517 5427
f 5428 5518 5317
f 5272 5557 5365
f 5387 5757 5605
f 5366 5630 5197
f 5198 5631 5365
f 5428 5463 5264
f 5263 5462 5427
f 5391 5804 5437
f 5438 5805 5392
f 5432 5761 5245
f 5244 5760 5433
f 5202 5750 5370
f 791 5452 5425
f 5426 5451 739
f 5204 5520 5368
f 5367 5521 5203
f 5528 5557 5336
f 5199 5629 5374
f 5376 5684 832
f 5272 5576 5520
f 5521 5575 5273
f 5412 5662 5304
f 5305 5663 5411
f 5228 5575 5367
f 5368 5576 5229
f 5370 5627 5231
f 5380 5587 5248
f 832 5684 833
f 5464 5695 5367
f 5368 5696 5465
f 5310 5689 5391
f 5392 5690 5311
f 5471 5606 5335
f 5334 5607 5472
f 5382 5479 5256
f 5255 5478 5381
f 760 5591 36
f 40 5592 812
f 5379 5731 5281
f 5280 5730 5378
f 36 5591 827
f 813 5592 40
f 41 5418 828
f 833 5417 42
f 5230 5599 5369
f 842 5423 841
f 862 5424 863
f 5414 5475 5265
f 5266 5476 5415
f 736 5454 5447
f 5448 5453 788
f 5469 5814 5257
f 5300 5475 5414
f 5415 5476 5301
f 5249 5816 5402
f 5401 5815 5250
f 5381 5480 5259
f 5260 5481 5382
f 833 5684 5597
f 35 5422 729
f 781 5421 39
f 5414 5671 5300
f 5301 5672 5415
f 5494 5573 5328
f 5327 5574 5493
f 795 5463 794
f 742 5462 743
f 845 5643 5435
f 5434 5644 866
f 5390 5509 5255
f 5256 5510 5389
f 845 5435 844
f 865 5434 866
f 5287 5540 5420
f 5485 5581 5256
f 5255 5582 5484
f 5471 5716 5606
f 5607 5717 5472
f 5420 5540 5284
f 5216 5544 5538
f 5539 5543 5215
f 5283 5573 5494
f 5493 5574 5282
f 844 5458 843
f 864 5457 865
f 5380 5585 5205
f 5372 5767 5739
f 5738 5766 5373
f 5228 5670 5575
f 842 5666 5423
f 5424 5667 863
f 5438 5603 5315
f 5314 5604 5437
f 5242 5603 5438
f 5437 5604 5241
f 5547 5564 5216
f 5215 5563 5548
f 5237 5755 5587
f 5329 5718 5406
f 5276 5660 5577
f 5383 5522 5251
f 5252 5523 5384
f 5577 5660 5375
f 5375 5660 5233
f 850 5589 5372
f 5373 5590 853
f 5518 5533 5317
f 5316 5532 5517
f 5241 5512 5391
f 5392 5511 5242
f 5378 5613 5280
f 5281 5614 5379
f 5389 5485 5256
f 5255 5484 5390
f 5214 5533 5518
f 5517 5532 5213
f 5233 5660 5377
f 5538 5544 5313
f 5312 5543 5539
f 5383 5516 5208
f 5207 5515 5384
f 748 5405 749
f 801 5406 800
f 5208 5522 5383
f 5384 5523 5207
f 773 5409 38
f 37 5410 768
f 5407 5496 5314
f 5315 5495 5408
f 5374 5629 5248
f 5283 5826 5573
f 5574 5827 5282
f 5642 5677 5205
f 5575 5670 5366
f 5209 5613 5378
f 5379 5614 5210
f 5377 5562 5233
f 5250 5600 5401
f 5402 5601 5249
f 5377 5677 5642
f 5269 5505 5424
f 5423 5504 5268
f 5401 5512 5241
f 5242 5511 5402
f 5424 5505 5309
f 5308 5504 5423
f 5251 5514 5383
f 5384 5513 5252
f 5425 5452 5261
f 5262 5451 5426
f 5376 5646 5284
f 820 5565 5503
f 5392 5805 785
f 733 5804 5391
f 5384 5515 5263
f 5264 5516 5383
f 5341 5739 5578
f 5579 5738 5342
f 5692 5718 5329
f 5284 5719 5376
f 5253 5744 5449
f 5450 5743 5254
f 5416 5549 5355
f 5576 5632 5229
f 5456 5744 5253
f 5254 5743 5455
f 826 5611 825
f 815 5610 814
f 5399 5488 5253
f 5254 5489 5398
f 5378 5553 5265
f 5266 5554 5379
f 5441 5773 5354
f 5421 5671 39
f 35 5672 5422
f 830 5420 831
f 5340 5618 5577
f 5322 5564 5547
f 5548 5563 5321
f 5434 5457 5250
f 5249 5458 5435
f 821 5565 820
f 5484 5649 5303
f 5302 5650 5485
f 5232 5709 5645
f 5271 5453 5448
f 5447 5454 5270
f 5406 5700 5329
f 739 5451 740
f 792 5452 791
f 5239 5766 5738
f 5739 5767 5240
f 5505 5732 5217
f 5218 5733 5504
f 5365 5632 5576
f 5296 5713 5430
f 5429 5712 5295
f 5267 5595 5528
f 5399 5547 5216
f 5215 5548 5398
f 758 5594 759
f 811 5593 810
f 5217 5732 5534
f 5535 5733 5218
f 828 5701 829
f 5400 5676 5283
f 741 5427 742
f 794 5428 793
f 5286 5586 5403
f 5391 5512 5310
f 5311 5511 5392
f 5333 5682 5679
f 5254 5548 5450
f 5449 5547 5253
f 5403 5586 5238
f 5248 5585 5380
f 5322 5547 5449
f 5450 5548 5321
f 5397 5520 5204
f 5203 5521 5396
f 5467 5570 5289
f 5588 5661 5337
f 791 5425 790
f 738 5426 739
f 5272 5520 5397
f 5396 5521 5273
f 5598 5701 828
f 5406 5718 5236
f 5216 5538 5399
f 5398 5539 5215
f 5408 5495 5259
f 5260 5496 5407
f 5569 5605 5196
f 5595 5773 5528
f 5259 5655 5408
f 5407 5654 5260
f 5435 5643 5303
f 5302 5644 5434
f 5199 5624 5439
f 5577 5618 5276
f 5307 5522 5483
f 5482 5523 5306
f 5423 5666 5308
f 5309 5667 5424
f 5483 5522 5208
f 5207 5523 5482
f 5511 5748 5218
f 5217 5749 5512
f 5350 5605 5569
f 825 5555 824
f 789 5448 788
f 736 5447 737
f 829 5701 5388
f 5470 5817 5202
f 735 5454 736
f 788 5453 787
f 5431 5627 5285
f 5333 5628 5612
f 5198 5773 5441
f 5241 5815 5401
f 5402 5816 5242
f 5519 5810 5238
f 5276 5677 5660
f 5385 5705 5250
f 5249 5706 5386
f 5270 5534 5393
f 5394 5535 5271
f 5493 5609 5327
f 5386 5649 5211
f 5212 5650 5385
f 5269 5563 5393
f 5394 5564 5268
f 5225 5659 5387
f 764 5487 763
f 778 5486 777
f 5271 5544 5394
f 5393 5543 5270
f 5394 5544 5216
f 5215 5543 5393
f 5756 5817 5470
f 5290 5757 5387
f 5387 5659 5290
f 5492 5560 5288
f 5273 5549 5396
f 5262 5539 5398
f 5399 5538 5261
f 5416 5691 5330
f 5279 5599 5439
f 754 5474 755
f 807 5473 806
f 5615 5713 5296
f 5295 5712 5616
f 5222 5691 5416
f 5417 5687 42
f 41 5688 5418
f 5421 5655 5259
f 5260 5654 5422
f 5645 5709 5362
f 5263 5740 5384
f 5383 5741 5264
f 5221 5782 5395
f 5389 5644 5302
f 5303 5643 5390
f 5660 5677 5377
f 5513 5740 5213
f 5214 5741 5514
f 5398 5548 5254
f 5253 5547 5399
f 5396 5549 5235
f 5226 5595 5419
f 867 5644 5389
f 5390 5643 846
f 5589 5767 5372
f 5373 5766 5590
f 5213 5740 5517
f 5518 5741 5214
f 5403 5806 5225
f 5424 5790 5269
f 5268 5791 5423
f 5265 5685 5414
f 5415 5686 5266
f 5405 5754 5699
f 5398 5775 5262
f 5261 5776 5399
f 5361 5786 5443
f 5442 5785 5360
f 5251 5502 5499
f 5500 5501 5252
f 5283 5726 5400
f 5440 5659 5225
f 5300 5671 5421
f 5422 5672 5301
f 748 5526 5405
f 5406 5527 800
f 5287 5638 5388
f 5395 5602 5236
f 5393 5563 5215
f 5216 5564 5394
f 848 5771 5509
f 5510 5772 869
f 5449 5707 5322
f 5321 5708 5450
f 5238 5810 5403
f 5400 5758 823
f 5388 5797 5287
f 5248 5587 5459
f 5443 5786 5245
f 5244 5785 5442
f 5509 5771 5363
f 5364 5772 5510
f 5236 5602 5397
f 5238 5702 5519
f 5413 5642 5205
f 5596 5735 5413
f 5206 5540 5467
f 5257 5524 5444
f 5445 5525 5258
f 5601 5793 5249
f 5250 5792 5600
f 5278 5621 5531
f 5530 5622 5277
f 5220 5652 5461
f 5460 5651 5219
f 5318 5735 5596
f 5405 5699 749
f 801 5700 5406
f 5359 5758 5400
f 5559 5626 5275
f 5275 5625 5558
f 5227 5661 5588
f 5493 5737 5609
f 5489 5762 5213
f 5214 5763 5488
f 5570 5632 5289
f 5504 5601 5218
f 5217 5600 5505
f 5269 5790 5497
f 5498 5791 5268
f 5699 5754 5330
f 5237 5618 5466
f 5505 5600 5309
f 5308 5601 5504
f 5428 5680 793
f 741 5681 5427
f 5558 5625 5341
f 5342 5626 5559
f 5482 5777 5361
f 5360 5778 5483
f 5468 5618 5237
f 5375 5729 5577
f 5397 5602 5272
f 5474 5636 5358
f 5357 5635 5473
f 5550 5730 5280
f 5281 5731 5551
f 5235 5549 5416
f 5246 5777 5482
f 5483 5778 5247
f 5393 5732 5269
f 5268 5733 5394
f 5545 5656 5343
f 5218 5601 5402
f 5401 5600 5217
f 5222 5656 5545
f 5306 5687 5417
f 5418 5688 5307
f 5503 5736 820
f 5577 5729 5200
f 5279 5742 5529
f 5204 5567 5430
f 5429 5566 5203
f 5633 5762 5489
f 5488 5763 5634
f 5204 5713 5397
f 5396 5712 5203
f 820 5736 819
f 5461 5652 5326
f 5325 5651 5460
f 5323 5724 5500
f 5499 5725 5324
f 5317 5680 5428
f 5427 5681 5316
f 5213 5532 5489
f 5488 5533 5214
f 5371 5596 5413
f 5409 5579 38
f 37 5578 5410
f 5235 5616 5396
f 5397 5615 5236
f 5612 5628 5226
f 762 5686 5415
f 5414 5685 779
f 5282 5608 5536
f 5236 5718 5395
f 5623 5659 5440
f 5352 5691 5545
f 5624 5742 5279
f 5283 5676 5555
f 5560 5639 5288
f 5545 5691 5222
f 5426 5693 5312
f 5313 5694 5425
f 5267 5561 5419
f 823 5676 5400
f 5431 5704 5627
f 848 5509 847
f 868 5510 869
f 5211 5649 5484
f 5485 5650 5212
f 5425 5694 790
f 738 5693 5426
f 5486 5685 5265
f 5266 5686 5487
f 5418 5598 828
f 833 5597 5417
f 803 5619 802
f 750 5620 751
f 5201 5789 5556
f 5432 5657 746
f 798 5658 5433
f 730 5654 5407
f 5408 5655 782
f 5336 5537 5528
f 5528 5537 5267
f 819 5580 818
f 5409 5746 5239
f 5240 5745 5410
f 5467 5540 5287
f 5319 5556 5529
f 747 5526 748
f 800 5527 799
f 5236 5728 5406
f 858 5724 5455
f 5456 5725 837
f 5314 5794 5407
f 5408 5795 5315
f 5362 5709 5536
f 5277 5721 5471
f 5472 5720 5278
f 5665 5746 5409
f 5410 5745 5664
f 5206 5560 5540
f 5330 5754 5416
f 5419 5595 5267
f 754 5648 5474
f 5473 5647 806
f 5221 5692 5552
f 5599 5703 5439
f 5490 5652 5339
f 5338 5651 5491
f 5431 5678 5200
f 5344 5673 5440
f 5416 5754 5235
f 5552 5692 5353
f 5226 5628 5446
f 5325 5746 5665
f 5664 5745 5326
f 5407 5794 730
f 782 5795 5408
f 773 5665 5409
f 5410 5664 768
f 5320 5679 5459
f 5459 5679 5234
f 5274 5642 5413
f 809 5530 808
f 756 5531 757
f 834 5688 41
f 42 5687 855
f 5493 5709 5232
f 5487 5686 763
f 778 5685 5486
f 851 5541 852
f 805 5647 5444
f 5445 5648 753
f 5284 5646 5420
f 817 5536 816
f 5331 5550 5507
f 5508 5551 5332
f 5494 5726 5283
f 5211 5582 5495
f 5496 5581 5212
f 5351 5810 5519
f 5568 5617 5196
f 5413 5735 5274
f 797 5760 5411
f 5412 5761 745
f 5679 5682 5234
f 5333 5617 5568
f 5437 5804 732
f 784 5805 5438
f 5605 5757 5196
f 857 5724 858
f 837 5725 836
f 5446 5628 5290
f 5568 5628 5333
f 5281 5551 5508
f 5507 5550 5280
f 5284 5560 5492
f 5287 5570 5467
f 789 5694 5448
f 5447 5693 737
f 5466 5618 5340
f 5312 5693 5447
f 5448 5694 5313
f 746 5657 747
f 799 5658 798
f 5203 5566 5464
f 5465 5567 5204
f 830 5638 5420
f 823 5758 822
f 5246 5769 5417
f 5418 5770 5247
f 5453 5690 787
f 735 5689 5454
f 5503 5565 5274
f 816 5608 815
f 5311 5690 5453
f 5454 5689 5310
f 5420 5638 5287
f 5420 5646 831
f 5496 5764 5314
f 5315 5765 5495
f 5395 5782 5759
f 5468 5677 5276
f 5275 5626 5541
f 5541 5625 5275
f 810 5622 809
f 757 5621 758
f 5477 5630 5288
f 5337 5661 5542
f 5367 5575 5521
f 5520 5576 5368
f 732 5668 5437
f 5438 5669 784
f 38 5579 769
f 772 5578 37
f 5459 5587 5320
f 804 5798 803
f 751 5799 752
f 5439 5624 5279
f 5536 5709 5282
f 5542 5750 5202
f 5289 5631 5441
f 5319 5683 5556
f 5243 5623 5440
f 5419 5683 5319
f 746 5761 5432
f 5433 5760 798
f 5524 5798 804
f 752 5799 5525
f 5250 5705 5434
f 5435 5706 5249
f 5451 5681 740
f 792 5680 5452
f 5434 5705 5302
f 5303 5706 5435
f 5316 5681 5451
f 5452 5680 5317
f 5441 5631 5198
f 5423 5791 841
f 862 5790 5424
f 5558 5559 5275
f 5446 5623 5243
f 5285 5661 5506
f 5417 5769 5306
f 5307 5770 5418
f 5540 5560 5284
f 779 5685 778
f 763 5686 762
f 5249 5793 5458
f 5457 5792 5250
f 5492 5719 5284
f 5484 5582 5211
f 5212 5581 5485
f 5290 5623 5446
f 5357 5800 5530
f 5531 5801 5358
f 753 5648 754
f 806 5647 805
f 5453 5697 5311
f 5310 5698 5454
f 5454 5698 5270
f 5271 5697 5453
f 5291 5647 5473
f 5474 5648 5292
f 5640 5827 5224
f 5223 5826 5641
f 5529 5556 5279
f 5620 5799 751
f 803 5798 5619
f 5430 5713 5204
f 5203 5712 5429
f 5430 5785 5244
f 5245 5786 5429
f 5802 5827 5640
f 5641 5826 5803
f 5422 5654 729
f 781 5655 5421
f 5478 5613 5209
f 5210 5614 5479
f 5245 5788 5432
f 5433 5787 5244
f 5328 5717 5607
f 5606 5716 5327
f 5388 5701 5675
f 5295 5657 5432
f 5433 5658 5296
f 5675 5701 5298
f 5295 5727 5526
f 5527 5728 5296
f 5473 5800 5357
f 5358 5801 5474
f 5429 5788 5245
f 5244 5787 5430
f 5759 5782 5336
f 5502 5688 834
f 855 5687 5501
f 5295 5788 5429
f 5430 5787 5296
f 5432 5788 5295
f 5296 5787 5433
f 5276 5618 5468
f 5338 5820 5553
f 5554 5821 5339
f 732 5804 733
f 785 5805 784
f 5474 5801 755
f 807 5800 5473
f 5456 5634 5324
f 5323 5633 5455
f 5253 5634 5456
f 5455 5633 5254
f 5436 5673 5206
f 5508 5584 5281
f 5280 5583 5507
f 5542 5661 5285
f 5218 5748 5535
f 5534 5749 5217
f 5196 5617 5569
f 5596 5796 5232
f 5346 5641 5594
f 5593 5640 5345
f 5315 5669 5438
f 5437 5668 5314
f 5294 5640 5593
f 5594 5641 5293
f 5444 5647 5291
f 5292 5648 5445
f 5530 5800 808
f 756 5801 5531
f 5492 5670 5228
f 5334 5704 5431
f 5569 5617 5320
f 5577 5678 5340
f 840 5791 5498
f 5497 5790 861
f 5457 5667 5309
f 5308 5666 5458
f 5458 5666 843
f 864 5667 5457
f 5444 5710 5257
f 5258 5711 5445
f 5200 5678 5577
f 5477 5653 5351
f 861 5708 5497
f 5498 5707 840
f 5477 5822 5630
f 729 5654 730
f 782 5655 781
f 5304 5662 5462
f 5463 5663 5305
f 849 5753 850
f 853 5752 854
f 5439 5703 5335
f 5473 5635 5291
f 5292 5636 5474
f 5612 5682 5333
f 5371 5796 5596
f 5546 5637 5355
f 841 5791 840
f 861 5790 862
f 5291 5710 5444
f 5445 5711 5292
f 5606 5609 5199
f 860 5708 861
f 840 5707 839
f 5519 5637 5197
f 5462 5662 743
f 795 5663 5463
f 5327 5609 5606
f 819 5736 5580
f 731 5668 732
f 784 5669 783
f 5488 5634 5253
f 5254 5633 5489
f 5674 5684 5376
f 5238 5747 5702
f 5333 5679 5617
f 5455 5743 858
f 837 5744 5456
f 5297 5684 5674
f 745 5761 746
f 798 5760 797
f 5331 5766 5460
f 5461 5767 5332
f 5702 5747 5404
f 5299 5637 5519
f 5536 5608 816
f 5616 5727 5295
f 5296 5728 5615
f 5344 5653 5477
f 5460 5766 5239
f 5240 5767 5461
f 5246 5695 5464
f 5465 5696 5247
f 859 5743 5450
f 5449 5744 838
f 5619 5692 5329
f 5330 5691 5620
f 5326 5652 5490
f 5491 5651 5325
f 5353 5692 5619
f 5620 5691 5352
f 5568 5757 5290
f 43 5771 848
f 869 5772 44
f 5461 5745 5240
f 5239 5746 5460
f 5257 5710 5469
f 5470 5711 5258
f 5324 5725 5456
f 5455 5724 5323
f 5377 5642 5562
f 5297 5695 5597
f 5598 5696 5298
f 5531 5621 757
f 809 5622 5530
f 5464 5777 5246
f 5247 5778 5465
f 5562 5642 5274
f 5529 5682 5319
f 5234 5682 5529
f 5556 5683 5201
f 5499 5722 5251
f 5252 5723 5500
f 5206 5673 5639
f 5604 5815 5241
f 5242 5816 5603
f 5385 5815 5604
f 5603 5816 5386
f 5286 5588 5586
f 5235 5754 5727
f 5527 5658 799
f 747 5657 5526
f 783 5795 782
f 730 5794 731
f 5309 5792 5457
f 5458 5793 5308
f 5535 5748 5697
f 5698 5749 5534
f 5727 5754 5405
f 775 5825 5491
f 5490 5824 766
f 5491 5819 775
f 766 5818 5490
f 5630 5822 5197
f 846 5643 845
f 866 5644 867
f 5326 5745 5461
f 5460 5746 5325
f 5586 5588 5337
f 5501 5687 5306
f 5307 5688 5502
f 5324 5722 5499
f 5500 5723 5323
f 5201 5814 5469
f 5224 5716 5471
f 5472 5717 5223
f 5626 5781 5541
f 5541 5780 5625
f 5354 5773 5595
f 5288 5670 5492
f 5588 5734 5227
f 5222 5823 5656
f 5506 5661 5227
f 5490 5818 5326
f 5325 5819 5491
f 5223 5720 5472
f 5471 5721 5224
f 5519 5702 5299
f 5639 5673 5344
f 5293 5813 5591
f 5592 5812 5294
f 5338 5715 5486
f 5487 5714 5339
f 5340 5809 5466
f 850 5753 5589
f 5590 5752 853
f 766 5824 765
f 776 5825 775
f 5258 5756 5470
f 767 5818 766
f 775 5819 774
f 771 5783 772
f 769 5784 770
f 5532 5775 5489
f 5488 5776 5533
f 796 5663 795
f 743 5662 744
f 5611 5813 5293
f 5294 5812 5610
f 768 5664 767
f 774 5665 773
f 824 5676 823
f 5197 5637 5546
f 843 5666 842
f 863 5667 864
f 5482 5769 5246
f 5247 5770 5483
f 5306 5769 5482
f 5483 5770 5307
f 5227 5809 5506
f 5296 5658 5527
f 5526 5657 5295
f 5486 5715 777
f 764 5714 5487
f 5340 5678 5506
f 761 5672 35
f 39 5671 780
f 5197 5822 5519
f 5206 5639 5560
f 5519 5822 5351
f 5517 5740 5263
f 5264 5741 5518
f 5289 5632 5631
f 5282 5709 5493
f 5229 5632 5570
f 5631 5632 5365
f 5322 5707 5498
f 5497 5708 5321
f 5343 5756 5545
f 5506 5809 5340
f 5228 5719 5492
f 5514 5763 5214
f 5213 5762 5513
f 5395 5759 5602
f 5567 5785 5430
f 5429 5786 5566
f 854 5752 5507
f 5508 5753 849
f 5591 5808 5293
f 5294 5807 5592
f 5293 5808 5594
f 5593 5807 5294
f 5290 5628 5568
f 858 5743 859
f 838 5744 837
f 5351 5822 5477
f 793 5680 792
f 740 5681 741
f 5265 5820 5486
f 5487 5821 5266
f 5287 5797 5570
f 5339 5824 5490
f 5491 5825 5338
f 5233 5726 5494
f 5545 5756 5258
f 5339 5821 5487
f 5486 5820 5338
f 5597 5684 5297
f 734 5689 735
f 787 5690 786
f 737 5693 738
f 790 5694 789
f 5232 5737 5493
f 802 5700 801
f 749 5699 750
f 5269 5732 5505
f 5504 5733 5268
f 5399 5776 5488
f 5489 5775 5398
f 5356 5814 5561
f 5507 5752 5331
f 5332 5753 5508
f 5579 5784 769
f 772 5783 5578
f 5386 5706 5649
f 5650 5705 5385
f 5274 5735 5503
f 5335 5703 5572
f 5571 5704 5334
f 5503 5735 5318
f 777 5715 776
f 765 5714 764
f 5572 5703 5230
f 5231 5704 5571
f 5318 5736 5503
f 5585 5751 5371
f 5212 5764 5496
f 5495 5765 5211
f 5318 5645 5580
f 5542 5768 5337
f 5561 5814 5201
f 5580 5645 5362
f 5668 5794 5314
f 5315 5795 5669
f 5202 5768 5542
f 5251 5722 5514
f 5513 5723 5252
f 5230 5703 5599
f 5270 5698 5534
f 5535 5697 5271
f 5555 5676 824
f 5336 5782 5537
f 5406 5728 5527
f 5526 5727 5405
f 5384 5740 5513
f 5514 5741 5383
f 5372 5739 5625
f 5626 5738 5373
f 5751 5796 5371
f 5290 5659 5623
f 770 5784 5559
f 5558 5783 771
f 5311 5748 5511
f 5512 5749 5310
f 5537 5782 5221
f 5578 5783 5341
f 5342 5784 5579
f 5627 5704 5231
f 5561 5683 5419
f 822 5779 821
f 5298 5701 5598
f 812 5807 811
f 759 5808 760
f 5625 5739 5341
f 5342 5738 5626
f 5637 5823 5355
f 5232 5645 5596
f 808 5800 807
f 755 5801 756
f 814 5812 813
f 827 5813 826
f 5596 5645 5318
f 5201 5683 5561
f 5286 5734 5588
f 5534 5732 5393
f 5394 5733 5535
f 5529 5742 5234
f 5272 5759 5557
f 5609 5737 5347
f 5630 5670 5288
f 5366 5670 5630
f 5557 5759 5336
f 5605 5734 5286
f 5528 5773 5198
f 5262 5775 5532
f 5533 5776 5261
f 5573 5717 5328
f 5327 5716 5574
f 5353 5798 5524
f 5525 5799 5352
f 5223 5717 5573
f 5574 5716 5224
f 5285 5750 5542
f 5554 5731 5379
f 5378 5730 5553
f 5587 5755 5320
f 5768 5817 5404
f 5553 5730 5219
f 5220 5731 5554
f 5465 5778 5567
f 5566 5777 5464
f 5641 5720 5223
f 5224 5721 5640
f 5346 5720 5641
f 5640 5721 5345
f 851 5780 5541
f 5541 5781 852
f 5343 5817 5756
f 5356 5811 5552
f 5352 5799 5620
f 5619 5798 5353
f 5552 5811 5221
f 5219 5730 5550
f 5551 5731 5220
f 5556 5789 5279
f 5586 5747 5238
f 5221 5811 5537
f 5319 5682 5612
f 5629 5751 5248
f 5617 5679 5320
f 5337 5747 5586
f 5347 5751 5629
f 5329 5700 5619
f 5620 5699 5330
f 5202 5817 5768
f 5570 5797 5229
f 5619 5700 802
f 750 5699 5620
f 5580 5736 5318
f 5616 5712 5396
f 5397 5713 5615
f 5565 5779 5359
f 5607 5729 5328
f 5196 5757 5568
f 821 5779 5565
f 5323 5762 5633
f 5634 5763 5324
f 5320 5755 5569
f 5279 5789 5599
f 5341 5783 5558
f 5559 5784 5342
f 5248 5751 5585
f 5627 5750 5285
f 5553 5820 5265
f 5266 5821 5554
f 5326 5818 5664
f 5665 5819 5325
f 5200 5729 5607
f 5722 5763 5514
f 5513 5762 5723
f 5361 5777 5566
f 5567 5778 5360
f 5370 5750 5627
f 5600 5792 5309
f 5308 5793 5601
f 5566 5786 5361
f 5360 5785 5567
f 5350 5734 5605
f 5653 5806 5351
f 5374 5742 5624
f 5299 5823 5637
f 5235 5727 5616
f 5615 5728 5236
f 5603 5765 5315
f 5314 5764 5604
f 5589 5753 5332
f 5331 5752 5590
f 5347 5796 5751
f 5583 5771 43
f 44 5772 5584
f 5602 5759 5272
f 5611 5803 5349
f 5348 5802 5610
f 5610 5802 5294
f 5293 5803 5611
f 5302 5705 5650
f 5649 5706 5303
f 5584 5772 5364
f 5363 5771 5583
f 760 5808 5591
f 5592 5807 812
f 5332 5767 5589
f 5590 5766 5331
f 5224 5827 5574
f 5573 5826 5223
f 5373 5781 5626
f 5625 5780 5372
f 5376 5719 5674
f 5599 5789 5369
f 5674 5719 5228
f 5591 5813 827
f 813 5812 5592
f 5404 5817 5774
f 811 5807 5593
f 5594 5808 759
f 5774 5817 5343
f 5610 5812 814
f 826 5813 5611
f 5229 5797 5675
f 5225 5806 5653
f 5697 5748 5311
f 5310 5749 5698
f 5702 5774 5299
f 5404 5774 5702
f 5338 5825 5715
f 5714 5824 5339
f 5299 5774 5656
f 5656 5774 5343
f 5747 5768 5404
f 5294 5802 5640
f 5641 5803 5293
f 731 5794 5668
f 5669 5795 783
f 5232 5796 5737
f 5675 5797 5388
f 5324 5763 5722
f 5723 5762 5323
f 5656 5823 5299
f 5803 5826 5349
f 5348 5827 5802
f 5664 5818 767
f 774 5819 5665
f 5337 5768 5747
f 5758 5779 822
f 5806 5810 5351
f 5403 5810 5806
f 5359 5779 5758
f 5737 5796 5347
f 5715 5825 776
f 765 5824 5714
f 5836 5840 877
f 5835 5837 872
f 870 5839 5835
f 879 5838 5836
f 5830 5840 5836
f 5835 5839 5832
f 5829 5837 5835
f 5836 5838 5831
f 5830 5841 5834
f 5829 5842 5833
f 871 5835 872
f 878 5836 877
f 870 5835 871
f 879 5836 878
f 5834 5841 5828
f 5833 5842 5828
f 771 5833 770
f 874 5834 875
f 5834 5843 5830
f 5833 5845 5829
f 5833 5846 770
f 874 5843 5834
f 771 5845 5833
f 5834 5844 875
f 5834 5847 5844
f 5833 5848 5846
f 5828 5848 5833
f 5828 5847 5834
f 769 5838 38
f 37 5837 772
f 876 5839 45
f 46 5840 873
f 872 5837 37
f 38 5838 879
f 45 5839 870
f 877 5840 46
f 5844 5847 5832
f 5846 5848 5831
f 875 5844 876
f 772 5845 771
f 770 5846 769
f 873 5843 874
f 5832 5842 5835
f 5831 5841 5836
f 5836 5841 5830
f 5835 5842 5829
f 5832 5847 5842
f 5831 5848 5841
f 5837 5845 772
f 769 5846 5838
f 876 5844 5839
f 5840 5843 873
f 5830 5843 5840
f 5839 5844 5832
f 5829 5845 5837
f 5838 5846 5831
f 5841 5848 5828
f 5842 5847 5828
f 6062 6098 958
f 915 6097 6061
f 6105 6215 5887
f 910 6037 911
f 954 6036 953
f 5918 6202 5988
f 5987 6203 5919
f 6082 6144 5955
f 5956 6145 6083
f 5968 6107 5870
f 5871 6106 5969
f 6022 6279 5876
f 6009 6219 5928
f 5927 6220 6008
f 5870 6130 5968
f 5969 6129 5871
f 5855 6057 5996
f 5995 6058 5854
f 5868 6144 6082
f 6083 6145 5869
f 5976 6275 5852
f 910 6187 6037
f 6036 6188 953
f 5885 6315 6172
f 6171 6316 5886
f 6038 6105 5887
f 5966 6230 6148
f 6147 6229 5965
f 5876 6246 6022
f 5852 6076 5976
f 5996 6057 5894
f 5893 6058 5995
f 887 6247 6041
f 6042 6248 959
f 5885 6172 6039
f 6040 6171 5886
f 887 6041 886
f 960 6042 959
f 6148 6230 5869
f 5868 6229 6147
f 987 6067 986
f 1007 6066 1008
f 5928 6225 6009
f 6008 6224 5927
f 896 6059 6006
f 6007 6060 939
f 5903 6260 5982
f 5981 6261 5902
f 987 6286 6067
f 6066 6285 1008
f 6250 6329 5978
f 5896 6052 6033
f 6032 6051 5895
f 6073 6150 5939
f 5981 6142 933
f 890 6143 5982
f 5892 6155 5975
f 5974 6156 5891
f 51 6174 967
f 972 6173 52
f 5853 6329 6250
f 896 6006 897
f 940 6007 939
f 874 6162 6161
f 6021 6294 6134
f 6133 6293 6020
f 5992 6307 5850
f 5851 6308 5991
f 5875 6063 5983
f 5881 6133 6020
f 6021 6134 5882
f 5998 6131 989
f 6043 6235 901
f 944 6236 6044
f 875 6162 874
f 967 6174 6110
f 6109 6173 972
f 5891 6135 5974
f 5975 6136 5892
f 5927 6224 5974
f 5975 6225 5928
f 5978 6232 6107
f 6106 6231 5977
f 6107 6232 5931
f 5932 6231 6106
f 978 6011 977
f 998 6010 999
f 5974 6151 5927
f 5928 6152 5975
f 5999 6301 5895
f 5896 6300 6000
f 5867 6150 6073
f 5920 6141 6021
f 6020 6140 5921
f 5904 6047 6030
f 6031 6048 5905
f 5850 6307 6001
f 6002 6308 5851
f 6009 6128 5917
f 5916 6127 6008
f 5866 6128 6009
f 6008 6127 5865
f 5988 6173 5918
f 5919 6174 5987
f 942 6023 941
f 898 6024 899
f 6031 6081 5900
f 5899 6080 6030
f 5880 6219 6009
f 6008 6220 5879
f 6087 6095 5856
f 5857 6096 6088
f 5960 6279 6022
f 6008 6054 5916
f 5917 6053 6009
f 6021 6141 5851
f 5850 6140 6020
f 5888 6068 6063
f 5879 6054 6008
f 6009 6053 5880
f 5857 6088 6013
f 6012 6087 5856
f 971 6356 5994
f 5993 6357 968
f 5900 6048 6031
f 6030 6047 5899
f 5863 6338 6176
f 6175 6339 5864
f 900 6043 901
f 944 6044 943
f 5873 6231 5991
f 5992 6232 5874
f 5936 6095 6087
f 6088 6096 5937
f 6013 6088 5913
f 5912 6087 6012
f 6003 6241 5877
f 6023 6196 941
f 898 6195 6024
f 917 6022 918
f 5949 6299 6005
f 5906 6333 6302
f 6303 6334 5907
f 6194 6331 6028
f 6023 6057 5923
f 5922 6058 6024
f 5902 6221 5981
f 5879 6222 6014
f 6015 6223 5880
f 970 6356 971
f 968 6357 969
f 914 6097 915
f 958 6098 957
f 6024 6058 5893
f 5894 6057 6023
f 5875 6149 5982
f 5978 6329 6035
f 5982 6149 5903
f 5874 6116 5992
f 5988 6091 5906
f 5907 6092 5987
f 5996 6381 5855
f 5854 6380 5995
f 5990 6270 5883
f 5884 6271 5989
f 5982 6278 5875
f 5999 6290 5941
f 5942 6289 6000
f 5909 6137 6098
f 6097 6138 5908
f 5865 6224 6008
f 6009 6225 5866
f 6124 6146 5962
f 5961 6331 6194
f 5982 6260 890
f 933 6261 5981
f 5906 6302 6112
f 6111 6303 5907
f 6022 6246 5940
f 5935 6146 6124
f 6061 6095 5936
f 5937 6096 6062
f 6146 6350 6004
f 6021 6364 5920
f 5921 6365 6020
f 5895 6301 6071
f 6072 6300 5896
f 5896 6125 6052
f 6051 6126 5895
f 6003 6287 6241
f 6098 6137 5951
f 5950 6138 6097
f 5987 6111 5907
f 5906 6112 5988
f 5983 6149 5875
f 5909 6098 6062
f 6061 6097 5908
f 6027 6275 5976
f 6031 6283 6081
f 6080 6284 6030
f 5986 6116 5874
f 5874 6113 5986
f 6055 6089 5904
f 5905 6090 6056
f 6004 6350 5897
f 5895 6126 5999
f 6000 6125 5896
f 5889 6051 6032
f 6033 6052 5890
f 5908 6095 6061
f 6062 6096 5909
f 5881 6365 6019
f 6018 6364 5882
f 6006 6195 897
f 940 6196 6007
f 5984 6179 996
f 975 6180 5985
f 5988 6202 6091
f 6092 6203 5987
f 6020 6365 5881
f 5882 6364 6021
f 5940 6215 6105
f 5938 6194 6028
f 6016 6091 5856
f 5857 6092 6017
f 5921 6140 6056
f 6055 6141 5920
f 5934 6170 6168
f 6167 6169 5933
f 1003 6135 6069
f 6070 6136 982
f 6168 6170 5980
f 5979 6169 6167
f 5961 6194 6084
f 5997 6274 5878
f 6084 6194 5849
f 5858 6350 6146
f 6017 6096 5857
f 5856 6095 6016
f 5998 6372 5877
f 5878 6371 5997
f 6176 6338 5990
f 5989 6339 6175
f 5902 6261 6094
f 6093 6260 5903
f 5920 6089 6055
f 6056 6090 5921
f 6134 6294 5958
f 5957 6293 6133
f 5991 6139 5873
f 5945 6235 6043
f 6044 6236 5946
f 996 6302 5984
f 5985 6303 975
f 5930 6177 5985
f 5984 6178 5929
f 6068 6253 6063
f 5989 6175 5884
f 5883 6176 5990
f 5985 6180 5930
f 5929 6179 5984
f 6007 6196 5923
f 5922 6195 6006
f 895 6059 896
f 939 6060 938
f 5923 6196 6023
f 6024 6195 5922
f 6176 6290 5863
f 5864 6289 6175
f 5997 6122 992
f 989 6123 5998
f 5897 6273 6004
f 6003 6272 5898
f 6163 6243 5889
f 5890 6242 6164
f 992 6201 5997
f 5898 6117 6003
f 912 6074 913
f 956 6075 955
f 5951 6121 6075
f 6074 6120 5950
f 6075 6121 5911
f 5910 6120 6074
f 6005 6264 5949
f 6005 6108 5872
f 5877 6272 6003
f 6003 6117 5858
f 5859 6120 6014
f 6015 6121 5860
f 5979 6243 6163
f 6164 6242 5980
f 6051 6243 5863
f 5864 6242 6052
f 1002 6135 1003
f 982 6136 981
f 6045 6187 909
f 952 6188 6046
f 928 6292 6103
f 5850 6384 5992
f 5991 6385 5851
f 5906 6091 6016
f 6017 6092 5907
f 5855 6381 6047
f 6048 6380 5854
f 5918 6310 6012
f 6013 6311 5919
f 6041 6087 5912
f 5913 6088 6042
f 6063 6314 5972
f 5936 6087 6041
f 6042 6088 5937
f 956 6263 6075
f 6074 6262 913
f 5881 6207 6006
f 6007 6208 5882
f 915 6061 47
f 50 6062 958
f 5923 6208 6007
f 6006 6207 5922
f 5858 6287 6003
f 5937 6248 6042
f 6041 6247 5936
f 917 6296 6022
f 5862 6159 6032
f 6033 6160 5861
f 6014 6376 5879
f 5880 6375 6015
f 6006 6341 5881
f 5882 6340 6007
f 5897 6350 6028
f 5872 6218 6005
f 6140 6256 6056
f 6055 6257 6141
f 5877 6241 5998
f 6005 6218 5926
f 6005 6299 6108
f 6015 6377 6223
f 6222 6378 6014
f 5993 6343 6316
f 6315 6342 5994
f 920 6038 921
f 5999 6205 904
f 947 6206 6000
f 5951 6137 6121
f 6120 6138 5950
f 6272 6307 5898
f 5897 6308 6273
f 5859 6138 6120
f 6121 6137 5860
f 904 6301 5999
f 6000 6300 947
f 989 6131 990
f 968 6183 5993
f 5994 6184 971
f 6001 6140 5850
f 5851 6141 6002
f 6012 6202 5918
f 5919 6203 6013
f 6026 6155 5892
f 5891 6156 6025
f 5883 6270 6025
f 6026 6271 5884
f 5941 6205 5999
f 6000 6206 5942
f 5863 6243 6167
f 6168 6242 5864
f 6044 6079 5894
f 5893 6078 6043
f 880 6039 45
f 46 6040 966
f 1007 6163 6066
f 6067 6164 986
f 6116 6307 5992
f 6023 6200 5894
f 5893 6199 6024
f 5905 6123 6031
f 6030 6122 5904
f 6032 6198 5862
f 5861 6197 6033
f 6013 6203 5857
f 5856 6202 6012
f 5875 6314 6063
f 5943 6127 6045
f 6046 6128 5944
f 6036 6227 5911
f 5910 6228 6037
f 5898 6307 6116
f 6010 6154 999
f 978 6153 6011
f 5946 6079 6044
f 6043 6078 5945
f 937 6064 936
f 893 6065 894
f 909 6187 910
f 953 6188 952
f 998 6157 6010
f 6011 6158 977
f 6016 6118 5906
f 5907 6119 6017
f 6017 6374 6096
f 6095 6373 6016
f 6172 6315 5971
f 5970 6316 6171
f 950 6050 949
f 906 6049 907
f 5926 6355 6005
f 6126 6290 5999
f 6000 6289 6125
f 5915 6166 6165
f 6231 6385 5991
f 5992 6384 6232
f 5901 6113 6035
f 6103 6292 5972
f 928 6103 929
f 6096 6374 5909
f 5908 6373 6095
f 6012 6147 5912
f 5913 6148 6013
f 5894 6277 5996
f 5995 6276 5893
f 6061 6247 47
f 50 6248 6062
f 5871 6305 6213
f 6214 6304 5870
f 6241 6287 5935
f 6001 6307 6272
f 6273 6308 6002
f 933 6142 932
f 889 6143 890
f 5885 6342 6315
f 6316 6343 5886
f 6221 6279 5981
f 986 6164 985
f 1006 6163 1007
f 6004 6321 6146
f 6014 6378 5859
f 5860 6377 6015
f 5877 6372 6056
f 6055 6371 5878
f 5851 6294 6021
f 6020 6293 5850
f 993 6122 6030
f 6031 6123 988
f 5854 6090 6048
f 6047 6089 5855
f 5904 6089 6047
f 6048 6090 5905
f 6064 6323 936
f 893 6322 6065
f 5894 6200 6044
f 6043 6199 5893
f 5915 6282 6029
f 920 6105 6038
f 5972 6361 6063
f 6302 6333 5984
f 5985 6334 6303
f 6029 6282 5954
f 6124 6201 991
f 5911 6227 6075
f 6074 6228 5910
f 5902 6366 6221
f 6221 6366 6027
f 5962 6201 6124
f 5963 6388 6065
f 6064 6387 5964
f 5940 6226 6022
f 6103 6314 5959
f 5959 6314 6278
f 6065 6388 6181
f 6182 6387 6064
f 6022 6226 918
f 5879 6376 6054
f 6053 6375 5880
f 922 6086 923
f 885 6100 884
f 962 6099 961
f 6029 6191 5915
f 6068 6386 5973
f 6165 6166 5949
f 5866 6155 6026
f 6025 6156 5865
f 6198 6389 5862
f 5861 6390 6197
f 5888 6085 6068
f 6022 6296 5960
f 924 6204 6034
f 6035 6379 5901
f 6038 6252 921
f 5876 6279 6221
f 5976 6346 6027
f 6183 6343 5993
f 5994 6342 6184
f 5849 6332 6328
f 902 6071 903
f 946 6072 945
f 6042 6259 5913
f 5912 6258 6041
f 5905 6372 6123
f 6122 6371 5904
f 5948 6285 6066
f 6067 6286 5947
f 6078 6276 5862
f 5861 6277 6079
f 5964 6323 6064
f 6065 6322 5963
f 5973 6379 6035
f 6019 6207 5881
f 5882 6208 6018
f 5860 6137 6119
f 6118 6138 5859
f 5911 6395 6036
f 6037 6396 5910
f 6085 6386 6068
f 5936 6247 6061
f 6062 6248 5937
f 6075 6263 5951
f 5950 6262 6074
f 5865 6298 6025
f 6026 6297 5866
f 5939 6252 6038
f 6015 6375 6121
f 6120 6376 6014
f 926 6077 927
f 5947 6160 6067
f 6066 6159 5948
f 5859 6178 6118
f 6119 6177 5860
f 6111 6352 973
f 994 6353 6112
f 6059 6341 6006
f 6007 6340 6060
f 6067 6160 5890
f 5889 6159 6066
f 5862 6276 6114
f 6115 6277 5861
f 6032 6159 5889
f 5890 6160 6033
f 5973 6329 6068
f 6220 6222 5879
f 5880 6223 6219
f 6068 6329 5853
f 6030 6284 993
f 988 6283 6031
f 6010 6222 6220
f 6219 6223 6011
f 5987 6352 6111
f 6112 6353 5988
f 6063 6361 5888
f 5917 6128 6046
f 6045 6127 5916
f 6046 6255 952
f 909 6254 6045
f 6052 6125 5864
f 5863 6126 6051
f 6121 6375 5911
f 5910 6376 6120
f 6082 6229 5868
f 5869 6230 6083
f 6024 6199 899
f 942 6200 6023
f 6086 6150 5926
f 5997 6371 6122
f 6123 6372 5998
f 5939 6150 6086
f 5986 6332 6249
f 6162 6216 5914
f 5914 6217 6161
f 6238 6296 916
f 6066 6163 5889
f 5890 6164 6067
f 6037 6187 5916
f 5917 6188 6036
f 990 6131 6124
f 5892 6271 6026
f 6025 6270 5891
f 6028 6331 5897
f 6107 6250 5978
f 5977 6251 6106
f 5971 6216 6162
f 6161 6217 5970
f 6025 6233 5883
f 5884 6234 6026
f 5916 6396 6037
f 6036 6395 5917
f 5862 6335 6159
f 6160 6336 5861
f 6033 6197 5896
f 5895 6198 6032
f 6144 6310 5918
f 5919 6311 6145
f 5939 6295 6073
f 6124 6131 5935
f 6034 6347 924
f 931 6238 49
f 48 6237 888
f 49 6238 916
f 930 6237 48
f 891 6093 892
f 935 6094 934
f 6182 6305 5871
f 5870 6304 6181
f 6152 6153 979
f 1000 6154 6151
f 5892 6136 6070
f 6069 6135 5891
f 6028 6351 5938
f 919 6105 920
f 6034 6204 5926
f 5952 6229 6082
f 6083 6230 5953
f 5954 6291 6029
f 6084 6166 5915
f 6080 6286 53
f 54 6285 6081
f 6035 6337 5978
f 6039 6172 45
f 46 6171 6040
f 5924 6341 6059
f 6060 6340 5925
f 5926 6218 6034
f 6041 6258 886
f 960 6259 6042
f 6054 6396 5916
f 5917 6395 6053
f 900 6199 6043
f 6044 6200 943
f 916 6296 917
f 5986 6249 6116
f 974 6111 973
f 994 6112 995
f 6178 6333 6118
f 6119 6334 6177
f 6100 6258 5912
f 5913 6259 6099
f 6086 6204 923
f 6076 6215 5976
f 6093 6383 6322
f 6323 6382 6094
f 6379 6386 6108
f 6035 6329 5973
f 6104 6328 5901
f 6039 6319 5885
f 5886 6320 6040
f 5887 6215 6076
f 6108 6386 5872
f 6037 6228 911
f 954 6227 6036
f 5901 6328 6113
f 999 6154 1000
f 979 6153 978
f 5916 6187 6045
f 6046 6188 5917
f 997 6157 998
f 977 6158 976
f 6139 6308 5897
f 6137 6374 6119
f 6118 6373 6138
f 6059 6192 5924
f 5925 6193 6060
f 906 6185 6049
f 6050 6186 949
f 6049 6189 907
f 950 6190 6050
f 53 6286 987
f 1008 6285 54
f 6328 6332 5986
f 6245 6319 6039
f 6040 6320 6244
f 5924 6192 6065
f 6064 6193 5925
f 6069 6344 1003
f 982 6345 6070
f 902 6235 6071
f 6072 6236 945
f 5991 6308 6139
f 6114 6380 5900
f 5899 6381 6115
f 895 6192 6059
f 6060 6193 938
f 5928 6153 6152
f 6151 6154 5927
f 6102 6230 5966
f 5965 6229 6101
f 5943 6298 6127
f 6128 6297 5944
f 952 6255 951
f 908 6254 909
f 6322 6383 5963
f 5964 6382 6323
f 990 6124 991
f 5855 6211 6057
f 6058 6212 5854
f 6155 6225 5975
f 5974 6224 6156
f 6065 6192 894
f 937 6193 6064
f 5904 6371 6055
f 6056 6372 5905
f 992 6122 993
f 988 6123 989
f 5952 6319 6245
f 6244 6320 5953
f 880 6245 6039
f 6040 6244 966
f 6065 6181 5924
f 5925 6182 6064
f 6115 6381 5996
f 5995 6380 6114
f 996 6179 997
f 976 6180 975
f 5887 6295 6038
f 6158 6180 976
f 997 6179 6157
f 926 6288 6077
f 6077 6292 927
f 6038 6295 5939
f 991 6201 992
f 6057 6211 5923
f 5922 6212 6058
f 6223 6377 5930
f 5929 6378 6222
f 885 6258 6100
f 6099 6259 961
f 969 6132 970
f 923 6204 924
f 5900 6380 6048
f 6047 6381 5899
f 5955 6144 6109
f 6110 6145 5956
f 6130 6265 5968
f 905 6205 6185
f 6186 6206 948
f 5968 6250 6107
f 6106 6251 5969
f 6085 6318 5872
f 949 6186 948
f 905 6185 906
f 951 6190 950
f 907 6189 908
f 1000 6151 1001
f 980 6152 979
f 5903 6265 6130
f 5849 6166 6084
f 6113 6337 6035
f 6063 6253 5983
f 5967 6318 6085
f 6109 6144 5918
f 5919 6145 6110
f 6104 6166 5849
f 5998 6241 6131
f 6045 6254 5943
f 5944 6255 6046
f 5957 6304 6214
f 6213 6305 5958
f 1003 6344 1004
f 983 6345 982
f 6093 6322 892
f 935 6323 6094
f 5889 6243 6051
f 6052 6242 5890
f 1004 6169 1005
f 984 6170 983
f 6076 6291 5954
f 5852 6291 6076
f 5914 6216 6132
f 6132 6217 5914
f 6146 6321 5962
f 5926 6204 6086
f 6049 6266 5883
f 5884 6267 6050
f 6056 6256 5877
f 5878 6257 6055
f 6249 6332 5938
f 5925 6340 6134
f 6133 6341 5924
f 6050 6369 5884
f 5883 6368 6049
f 5849 6328 6104
f 5949 6166 6104
f 6106 6213 5932
f 5931 6214 6107
f 873 6171 46
f 45 6172 876
f 6070 6240 5892
f 5891 6239 6069
f 6069 6239 5933
f 5934 6240 6070
f 6239 6338 5933
f 5934 6339 6240
f 6105 6226 5940
f 948 6206 947
f 904 6205 905
f 6288 6358 6077
f 5871 6213 6106
f 6107 6214 5870
f 903 6301 904
f 947 6300 946
f 5981 6279 6142
f 6143 6278 5982
f 890 6260 891
f 934 6261 933
f 919 6226 6105
f 6161 6162 5914
f 980 6313 6152
f 6151 6312 1001
f 5920 6364 6363
f 6362 6365 5921
f 886 6258 885
f 961 6259 960
f 5874 6337 6113
f 5967 6347 6318
f 6318 6347 6034
f 5915 6191 6084
f 5857 6203 6092
f 6091 6202 5856
f 5920 6363 6089
f 6090 6362 5921
f 6086 6252 5939
f 899 6199 900
f 943 6200 942
f 924 6347 925
f 5930 6180 6158
f 6157 6179 5929
f 53 6284 6080
f 6081 6283 54
f 5893 6276 6078
f 6079 6277 5894
f 6152 6313 5975
f 5974 6312 6151
f 6077 6361 6292
f 922 6252 6086
f 6148 6394 5966
f 5965 6393 6147
f 5918 6173 6109
f 6110 6174 5919
f 975 6303 974
f 995 6302 996
f 6185 6205 5941
f 5942 6206 6186
f 912 6228 6074
f 6075 6227 955
f 5888 6358 6085
f 6085 6358 5967
f 5933 6344 6069
f 6070 6345 5934
f 5898 6249 6117
f 5853 6253 6068
f 6081 6268 5900
f 5899 6269 6080
f 894 6192 895
f 938 6193 937
f 897 6195 898
f 941 6196 940
f 6072 6399 6236
f 6235 6400 6071
f 971 6324 972
f 967 6325 968
f 6215 6246 5976
f 5940 6246 6215
f 5990 6338 6239
f 6240 6339 5989
f 5896 6399 6072
f 6071 6400 5895
f 5932 6385 6231
f 6232 6384 5931
f 914 6262 6097
f 6098 6263 957
f 6071 6301 903
f 946 6300 6072
f 6073 6354 5867
f 5955 6342 6082
f 6083 6343 5956
f 6209 6384 5850
f 5851 6385 6210
f 5954 6367 6076
f 6084 6330 5961
f 5928 6219 6153
f 6154 6220 5927
f 6158 6223 5930
f 5929 6222 6157
f 6010 6220 6154
f 6153 6219 6011
f 6082 6342 5885
f 5886 6343 6083
f 6157 6222 6010
f 6011 6223 6158
f 5887 6367 6073
f 6076 6367 5887
f 6073 6295 5887
f 5878 6321 6273
f 6101 6229 5952
f 5953 6230 6102
f 5855 6363 6211
f 6212 6362 5854
f 6080 6269 5947
f 5948 6268 6081
f 6209 6214 5931
f 5932 6213 6210
f 52 6353 994
f 973 6352 51
f 5885 6319 6082
f 6083 6320 5886
f 5957 6214 6209
f 6210 6213 5958
f 6025 6298 6233
f 6234 6297 6026
f 5963 6383 6130
f 6129 6382 5964
f 5867 6354 6165
f 6211 6363 6018
f 6019 6362 6212
f 6117 6249 5938
f 5960 6296 6238
f 913 6262 914
f 957 6263 956
f 5854 6362 6090
f 6089 6363 5855
f 911 6228 912
f 955 6227 954
f 6029 6309 6191
f 6130 6388 5963
f 5964 6387 6129
f 6150 6355 5926
f 951 6255 6190
f 6189 6254 908
f 882 6397 6101
f 6102 6398 964
f 964 6391 6102
f 6101 6392 882
f 6114 6335 5862
f 5861 6336 6115
f 891 6260 6093
f 6094 6261 934
f 6082 6319 5952
f 5953 6320 6083
f 918 6226 919
f 6132 6357 6217
f 6216 6356 6132
f 6078 6389 5945
f 5946 6390 6079
f 5859 6378 6178
f 6177 6377 5860
f 5862 6389 6078
f 6079 6390 5861
f 5951 6263 6098
f 6097 6262 5950
f 5952 6392 6101
f 6102 6391 5953
f 6099 6281 5966
f 5965 6280 6100
f 6184 6324 971
f 968 6325 6183
f 5923 6211 6208
f 6207 6212 5922
f 883 6397 882
f 964 6398 963
f 5872 6386 6085
f 901 6235 902
f 945 6236 944
f 965 6391 964
f 882 6392 881
f 6116 6249 5898
f 876 6360 875
f 874 6359 873
f 6139 6330 5873
f 5983 6265 6149
f 6170 6348 5980
f 5979 6349 6169
f 966 6244 965
f 881 6245 880
f 984 6348 6170
f 6169 6349 1005
f 6149 6265 5903
f 6363 6364 6018
f 6019 6365 6362
f 6208 6211 6018
f 6019 6212 6207
f 6016 6373 6118
f 6119 6374 6017
f 6133 6304 5957
f 5958 6305 6134
f 5959 6306 6103
f 5901 6299 6104
f 6094 6382 5902
f 5903 6383 6093
f 962 6281 6099
f 6100 6280 884
f 47 6247 887
f 959 6248 50
f 6104 6299 5949
f 6273 6321 6004
f 6103 6306 929
f 5900 6268 6114
f 6115 6269 5899
f 929 6306 930
f 6110 6325 967
f 972 6324 6109
f 921 6252 922
f 5924 6304 6133
f 6134 6305 5925
f 5947 6286 6080
f 6081 6285 5948
f 6175 6289 5942
f 5941 6290 6176
f 6099 6394 5913
f 5912 6393 6100
f 6101 6397 5965
f 5966 6398 6102
f 5966 6394 6099
f 6100 6393 5965
f 5972 6314 6103
f 6256 6272 5877
f 5878 6273 6257
f 6108 6299 5901
f 5961 6330 6139
f 6131 6241 5935
f 5996 6277 6115
f 6114 6276 5995
f 5956 6325 6110
f 6109 6324 5955
f 873 6359 6171
f 6172 6360 876
f 6165 6354 6282
f 5969 6366 6129
f 6156 6224 5865
f 5866 6225 6155
f 5967 6358 6288
f 6354 6367 5954
f 6001 6272 6256
f 6257 6273 6002
f 884 6280 883
f 963 6281 962
f 6129 6366 5902
f 932 6326 931
f 888 6327 889
f 5933 6338 6167
f 6168 6339 5934
f 6073 6367 6354
f 5938 6351 6117
f 5866 6297 6128
f 6127 6298 5865
f 6167 6243 5979
f 5980 6242 6168
f 925 6288 926
f 6146 6287 5858
f 54 6283 988
f 993 6284 53
f 6001 6256 6140
f 6141 6257 6002
f 927 6292 928
f 6113 6328 5986
f 5888 6361 6358
f 5901 6379 6108
f 6358 6361 6077
f 1001 6312 1002
f 981 6313 980
f 5993 6316 6217
f 6216 6315 5994
f 974 6303 6111
f 6112 6302 995
f 5973 6386 6379
f 892 6322 893
f 936 6323 935
f 6161 6359 874
f 875 6360 6162
f 6278 6314 5875
f 6171 6359 5970
f 5971 6360 6172
f 5949 6264 6165
f 6169 6344 5933
f 5934 6345 6170
f 6125 6289 5864
f 5863 6290 6126
f 6236 6399 5946
f 5945 6400 6235
f 5897 6331 6139
f 1005 6349 1006
f 985 6348 984
f 6217 6316 5970
f 5971 6315 6216
f 6165 6264 5867
f 5902 6382 6129
f 6130 6383 5903
f 6118 6333 5906
f 5907 6334 6119
f 6139 6331 5961
f 6117 6351 5858
f 6029 6370 6309
f 6176 6266 5941
f 5942 6267 6175
f 5959 6278 6143
f 6142 6279 5960
f 5984 6333 6178
f 6177 6334 5985
f 6194 6332 5849
f 5935 6287 6146
f 1002 6312 6135
f 6136 6313 981
f 6143 6327 5959
f 5960 6326 6142
f 6129 6387 5871
f 5870 6388 6130
f 6135 6312 5974
f 5975 6313 6136
f 6292 6361 5972
f 6309 6370 5977
f 6191 6309 5873
f 6268 6335 6114
f 6115 6336 6269
f 6201 6274 5997
f 5943 6254 6189
f 6190 6255 5944
f 5962 6274 6201
f 5941 6266 6185
f 6186 6267 5942
f 6275 6366 5969
f 1004 6344 6169
f 6170 6345 983
f 6027 6366 6275
f 6191 6330 6084
f 5867 6355 6150
f 5881 6341 6133
f 6134 6340 5882
f 6012 6310 6147
f 6148 6311 6013
f 6147 6310 5868
f 5869 6311 6148
f 6165 6282 5915
f 6132 6356 970
f 969 6357 6132
f 5909 6374 6137
f 6138 6373 5908
f 6142 6326 932
f 889 6327 6143
f 6145 6311 5869
f 5868 6310 6144
f 6175 6267 5884
f 5883 6266 6176
f 5873 6309 6231
f 5944 6369 6190
f 6189 6368 5943
f 6239 6270 5990
f 5989 6271 6240
f 6240 6271 5892
f 5891 6270 6239
f 6163 6349 5979
f 5980 6348 6164
f 1006 6349 6163
f 6164 6348 985
f 6231 6309 5977
f 6185 6266 6049
f 6050 6267 6186
f 6197 6399 5896
f 5895 6400 6198
f 5947 6336 6160
f 6159 6335 5948
f 6265 6317 5968
f 6027 6346 6221
f 6221 6346 5876
f 6181 6304 5924
f 5925 6305 6182
f 5983 6317 6265
f 5864 6339 6168
f 6167 6338 5863
f 5970 6359 6161
f 6162 6360 5971
f 5958 6294 6210
f 6209 6293 5957
f 6218 6318 6034
f 5853 6317 6253
f 930 6306 6237
f 6232 6337 5874
f 6147 6393 5912
f 5913 6394 6148
f 6245 6392 5952
f 5953 6391 6244
f 6253 6317 5983
f 5978 6337 6232
f 5850 6293 6209
f 6210 6294 5851
f 6234 6369 5944
f 5943 6368 6233
f 6197 6390 5946
f 5945 6389 6198
f 6274 6321 5878
f 5873 6330 6191
f 6183 6325 5956
f 5955 6324 6184
f 5938 6332 6194
f 51 6352 6174
f 6173 6353 52
f 6233 6368 5883
f 5884 6369 6234
f 5858 6351 6350
f 5988 6353 6173
f 6174 6352 5987
f 5956 6343 6183
f 6184 6342 5955
f 5930 6377 6177
f 6178 6378 5929
f 5994 6356 6216
f 6217 6357 5993
f 6350 6351 6028
f 5871 6387 6182
f 6181 6388 5870
f 5852 6275 6251
f 6251 6275 5969
f 931 6326 6238
f 6237 6327 888
f 6049 6368 6189
f 6190 6369 6050
f 5872 6318 6218
f 5959 6327 6237
f 6238 6326 5960
f 6233 6298 5943
f 5944 6297 6234
f 6375 6395 5911
f 5910 6396 6376
f 6237 6306 5959
f 6053 6395 6375
f 6376 6396 6054
f 6288 6347 5967
f 5968 6317 6250
f 5946 6399 6197
f 6198 6400 5945
f 6246 6346 5976
f 5876 6346 6246
f 6264 6355 5867
f 6210 6385 5932
f 5931 6384 6209
f 6250 6317 5853
f 5977 6370 6251
f 6281 6398 5966
f 5965 6397 6280
f 6251 6370 5852
f 5962 6321 6274
f 6269 6336 5947
f 5948 6335 6268
f 6291 6370 6029
f 6005 6355 6264
f 6282 6354 5954
f 925 6347 6288
f 6244 6391 965
f 881 6392 6245
f 5852 6370 6291
f 6280 6397 883
f 963 6398 6281
f 606 607 6687
f 753 754 6686
f 445 6621 6972
f 6620 375 6973
f 6461 6574 6728
f 6462 6575 6729
f 6687 607 6948
f 753 6686 6947
f 179 6551 7014
f 6550 228 7013
f 182 6549 7012
f 6548 225 7010
f 185 6547 7008
f 6546 222 7007
f 188 6545 7006
f 6544 219 7005
f 6542 216 7003
f 191 6543 7004
f 6630 380 7045
f 6412 6526 6632
f 6525 6411 6631
f 410 6539 7011
f 6413 6527 6633
f 6528 6414 6634
f 6538 411 7015
f 194 6802 7002
f 6803 213 7001
f 6494 6557 6849
f 6556 6495 6848
f 6491 6558 6851
f 6559 6490 6850
f 6561 6496 6861
f 6497 6560 6860
f 6563 6493 6859
f 6492 6562 6858
f 6565 6488 6857
f 6489 6564 6856
f 6486 6566 6854
f 6567 6487 6855
f 407 6537 7016
f 175 176 6573
f 6569 6485 6853
f 6484 6568 6852
f 6481 6534 6828
f 6535 6480 6829
f 6536 414 7018
f 6477 6536 6830
f 6537 6476 6832
f 6473 6538 6840
f 6539 6472 6845
f 6483 6540 6844
f 6541 6482 6843
f 6530 6412 6635
f 6411 6529 6636
f 6802 6541 7002
f 6540 6803 7001
f 6479 6542 6842
f 6543 6478 6841
f 6475 6544 6839
f 6545 6474 6838
f 404 6535 7019
f 6471 6546 6837
f 6547 6470 6836
f 6469 6548 6835
f 6549 6468 6834
f 6467 6550 6833
f 6551 6466 6831
f 6534 417 7020
f 6519 6638 6846
f 6637 6520 6847
f 6539 410 6705
f 907 6561 7025
f 6560 471 7026
f 6562 474 7029
f 904 6563 7028
f 6564 477 7030
f 901 6565 7031
f 6566 480 7032
f 898 6567 7033
f 6568 483 7035
f 895 6569 7034
f 6552 486 7041
f 892 6553 7042
f 411 6538 6705
f 6455 6555 6730
f 629 6559 7037
f 6558 731 7038
f 626 6556 7040
f 6557 734 7039
f 471 6560 6805
f 6561 907 6804
f 1016 1015 6628
f 1028 1027 6627
f 1026 1025 6629
f 1018 1017 6626
f 173 174 6572
f 6638 6413 6846
f 6414 6637 6847
f 6526 6412 6814
f 6411 6525 6813
f 6571 6455 6730
f 6527 6413 6816
f 6414 6528 6815
f 6559 629 6711
f 731 6558 6710
f 6529 6411 6813
f 6412 6530 6814
f 6413 6532 6816
f 6531 6414 6815
f 6532 6413 6638
f 6414 6531 6637
f 6627 1027 6825
f 1016 6628 6824
f 1026 6629 6825
f 6626 1017 6824
f 374 375 6620
f 445 446 6621
f 6534 6481 6868
f 6480 6535 6869
f 6536 6477 6870
f 6621 6518 6972
f 6517 6620 6973
f 6476 6537 6871
f 6538 6473 6877
f 6472 6539 6885
f 6540 6483 6884
f 6482 6541 6883
f 6542 6479 6882
f 6478 6543 6881
f 6544 6475 6880
f 6474 6545 6879
f 6546 6471 6878
f 6470 6547 6876
f 6548 6469 6875
f 6468 6549 6874
f 6550 6467 6873
f 6466 6551 6872
f 6526 6416 6826
f 6636 6518 6823
f 6517 6635 6822
f 6416 6530 6781
f 6495 6556 6887
f 6557 6494 6886
f 6531 6418 6808
f 6417 6532 6809
f 6558 6491 6889
f 6490 6559 6888
f 6416 6526 6814
f 6525 6415 6813
f 6560 6497 6898
f 6496 6561 6899
f 6562 6492 6896
f 6493 6563 6897
f 6564 6489 6894
f 6488 6565 6895
f 6566 6486 6892
f 6487 6567 6893
f 6568 6484 6890
f 6485 6569 6891
f 6530 6416 6814
f 6415 6529 6813
f 6415 6525 6726
f 6454 6570 6862
f 6528 6418 6815
f 6417 6527 6816
f 6411 6636 6823
f 6635 6412 6822
f 379 380 6630
f 6418 6531 6815
f 6532 6417 6816
f 6463 6579 6729
f 6579 6402 6729
f 6460 6578 6728
f 6578 6401 6728
f 6533 6630 7045
f 6551 179 6739
f 228 6550 6740
f 6436 6554 6810
f 6549 182 6741
f 6555 6437 6811
f 225 6548 6742
f 6418 6528 6768
f 6527 6417 6769
f 6547 185 6743
f 222 6546 6744
f 6545 188 6745
f 219 6544 6746
f 6543 191 6747
f 216 6542 6748
f 486 6552 6737
f 6553 892 6738
f 6554 6436 6863
f 6537 407 6759
f 414 6536 6760
f 6820 6553 6906
f 6552 6821 6905
f 6454 6554 6863
f 6523 6710 6961
f 6711 6524 6960
f 6463 6583 6783
f 6460 6585 6782
f 6461 6728 6784
f 6462 6729 6785
f 6535 404 6758
f 417 6534 6757
f 6529 6415 6717
f 6557 6594 6849
f 6595 6556 6848
f 6598 6559 6850
f 6558 6599 6851
f 6604 6561 6861
f 6560 6605 6860
f 6554 6454 6714
f 6609 6563 6859
f 6562 6608 6858
f 6611 6565 6857
f 6564 6612 6856
f 6615 6567 6855
f 6566 6614 6854
f 6570 6454 6863
f 6619 6569 6853
f 6568 6618 6852
f 6539 6705 6885
f 6705 6419 6885
f 6705 6538 6877
f 6419 6705 6877
f 483 6568 6749
f 6569 895 6750
f 480 6566 6752
f 6567 898 6751
f 6722 6465 6724
f 6723 6464 6725
f 6402 6722 6724
f 6401 6723 6725
f 477 6564 6753
f 6565 901 6754
f 474 6562 6755
f 6563 904 6756
f 1049 1050 6574
f 1039 1040 6575
f 1032 6818 6952
f 6819 1011 6951
f 6818 1034 6949
f 1009 6819 6950
f 175 6573 6727
f 6555 6455 6817
f 6589 6424 6964
f 6415 6571 6717
f 6425 6588 6965
f 6534 6588 6828
f 6589 6535 6829
f 6536 6590 6830
f 6591 6537 6832
f 6556 626 6761
f 734 6557 6762
f 6538 6592 6840
f 6593 6539 6845
f 6540 6596 6844
f 6597 6541 6843
f 6542 6600 6842
f 6601 6543 6841
f 6544 6602 6839
f 6603 6545 6838
f 6546 6606 6837
f 6607 6547 6836
f 6548 6610 6835
f 6613 6549 6834
f 6550 6616 6833
f 6617 6551 6831
f 6559 6711 6888
f 6710 6558 6889
f 6711 6438 6888
f 6439 6710 6889
f 6498 6820 6906
f 6821 6499 6905
f 6533 6714 6946
f 6408 6621 6902
f 6620 6407 6901
f 213 214 7001
f 193 194 7002
f 216 217 7003
f 190 191 7004
f 219 220 7005
f 187 188 7006
f 222 223 7007
f 184 185 7008
f 225 226 7010
f 181 182 7012
f 228 229 7013
f 178 179 7014
f 6424 6655 6964
f 6654 6425 6965
f 6436 6767 6863
f 6622 6409 6931
f 6410 6623 6930
f 6714 6454 6946
f 409 410 7011
f 6572 6415 6726
f 6595 6442 6963
f 6443 6594 6962
f 411 412 7015
f 6767 6570 6863
f 6424 6803 6884
f 6802 6425 6883
f 406 407 7016
f 906 907 7025
f 471 472 7026
f 474 475 7029
f 903 904 7028
f 477 478 7030
f 900 901 7031
f 480 481 7032
f 897 898 7033
f 894 895 7034
f 483 484 7035
f 414 415 7018
f 403 404 7019
f 731 732 7038
f 628 629 7037
f 6804 6443 6899
f 6442 6805 6898
f 417 418 7020
f 6710 6439 6961
f 6438 6711 6960
f 625 626 7040
f 734 735 7039
f 6437 6573 6780
f 6571 6415 6827
f 6442 6675 6963
f 6674 6443 6962
f 6437 6555 6817
f 6573 6455 6727
f 6803 6540 6884
f 6541 6802 6883
f 486 487 7041
f 891 892 7042
f 6423 6757 6868
f 6758 6422 6869
f 6421 6760 6870
f 6783 6583 6806
f 6782 6585 6807
f 6759 6420 6871
f 6561 6804 6899
f 6805 6560 6898
f 6426 6748 6882
f 6747 6427 6881
f 6455 6571 6827
f 6428 6746 6880
f 6745 6429 6879
f 6458 6578 6735
f 6457 6579 6736
f 6430 6744 6878
f 6743 6431 6876
f 6621 6732 6902
f 6731 6620 6901
f 6432 6742 6875
f 6741 6433 6874
f 6434 6740 6873
f 6739 6435 6872
f 6734 6622 6931
f 6623 6733 6930
f 6761 6440 6887
f 6441 6762 6886
f 173 6572 6726
f 6756 6445 6897
f 6444 6755 6896
f 6446 6753 6894
f 6754 6447 6895
f 6751 6449 6893
f 6448 6752 6892
f 6750 6451 6891
f 6450 6749 6890
f 6578 6458 6723
f 6401 6578 6723
f 6402 6579 6722
f 6579 6457 6722
f 6455 6572 6727
f 6757 6534 6868
f 6535 6758 6869
f 6572 174 6727
f 6760 6536 6870
f 6537 6759 6871
f 6748 6542 6882
f 6543 6747 6881
f 6746 6544 6880
f 6545 6745 6879
f 6744 6546 6878
f 6547 6743 6876
f 6742 6548 6875
f 6549 6741 6874
f 6740 6550 6873
f 6551 6739 6872
f 6556 6761 6887
f 6762 6557 6886
f 1010 1011 6819
f 1032 1033 6818
f 1033 1034 6818
f 1009 1010 6819
f 6563 6756 6897
f 6755 6562 6896
f 6753 6564 6894
f 6565 6754 6895
f 6567 6751 6893
f 6752 6566 6892
f 6569 6750 6891
f 6749 6568 6890
f 6738 6453 6906
f 6452 6737 6905
f 6624 6553 6820
f 6552 6625 6821
f 6572 6455 6827
f 6460 6574 6774
f 6575 6462 6775
f 6574 1050 6774
f 1039 6575 6775
f 6463 6575 6773
f 6574 6461 6772
f 1049 6574 6772
f 6575 1040 6773
f 6458 6626 6723
f 6627 6465 6722
f 6465 6629 6724
f 6464 6628 6725
f 6626 6464 6723
f 6629 6459 6724
f 6457 6627 6722
f 6628 6456 6725
f 6553 6738 6906
f 6737 6552 6905
f 6573 6437 6817
f 6415 6572 6827
f 6630 6416 6781
f 6617 6437 6780
f 6712 6454 6862
f 6416 6713 6826
f 465 6670 6788
f 6671 913 6789
f 6417 6625 6769
f 6624 6418 6768
f 6687 6417 6809
f 6418 6686 6808
f 6735 6578 6782
f 6736 6579 6783
f 6455 6573 6817
f 6423 6590 6757
f 6591 6422 6758
f 6465 6627 6825
f 6464 6626 6824
f 6629 6465 6825
f 6628 6464 6824
f 6575 6463 6729
f 6574 6460 6728
f 6421 6592 6760
f 6593 6420 6759
f 6818 6524 6952
f 6523 6819 6951
f 6718 6901 6955
f 6902 6719 6954
f 6436 6616 6767
f 6819 6522 6950
f 6521 6818 6949
f 6426 6596 6748
f 6597 6427 6747
f 6428 6600 6746
f 6601 6429 6745
f 6430 6602 6744
f 6603 6431 6743
f 6812 6533 6946
f 6432 6606 6742
f 6437 6639 6811
f 6607 6433 6741
f 6434 6610 6740
f 6613 6435 6739
f 6598 6440 6761
f 6441 6599 6762
f 6930 6720 6958
f 6721 6931 6959
f 6640 6436 6810
f 374 6620 6731
f 6621 446 6732
f 6444 6605 6755
f 6604 6445 6756
f 6446 6608 6753
f 6609 6447 6754
f 6611 6449 6751
f 6448 6612 6752
f 6615 6451 6750
f 6450 6614 6749
f 490 20 6633
f 48 888 6634
f 237 5 6632
f 6 171 6631
f 6452 6618 6737
f 6619 6453 6738
f 6623 759 6733
f 601 6622 6734
f 6573 176 6780
f 913 914 6789
f 464 465 6788
f 6618 485 6737
f 893 6619 6738
f 6596 215 6748
f 192 6597 6747
f 6600 218 6746
f 189 6601 6745
f 6602 221 6744
f 186 6603 6743
f 6606 224 6742
f 183 6607 6741
f 6610 227 6740
f 180 6613 6739
f 408 6593 6759
f 6592 413 6760
f 405 6591 6758
f 6590 416 6757
f 6605 473 6755
f 905 6604 6756
f 6608 476 6753
f 902 6609 6754
f 6612 479 6752
f 899 6611 6751
f 6614 482 6749
f 896 6615 6750
f 6901 6407 6955
f 6408 6902 6954
f 627 6598 6761
f 6599 733 6762
f 6459 6629 6941
f 6626 6458 6939
f 6456 6628 6940
f 6627 6457 6938
f 6410 6930 6958
f 6931 6409 6959
f 6424 6658 6803
f 6659 6425 6802
f 6616 230 6767
f 6435 6641 6704
f 6642 6434 6703
f 6433 6643 6702
f 6644 6432 6701
f 6431 6645 6700
f 6646 6430 6699
f 6429 6647 6698
f 6648 6428 6697
f 6427 6649 6696
f 6650 6426 6695
f 6651 6419 6694
f 6420 6652 6693
f 6653 6421 6692
f 6422 6656 6691
f 6657 6423 6690
f 6439 6789 6961
f 6788 6438 6960
f 6461 6576 6786
f 6576 6404 6786
f 6577 6406 6787
f 6462 6577 6787
f 6577 6459 6778
f 6576 6456 6779
f 6442 6677 6805
f 6676 6443 6804
f 6451 6662 6688
f 6663 6450 6689
f 6665 6448 6685
f 6449 6664 6684
f 6447 6666 6682
f 6667 6446 6683
f 6669 6444 6681
f 6445 6668 6680
f 6673 6441 6678
f 6440 6672 6679
f 6660 6452 6715
f 6453 6661 6716
f 6638 6519 6975
f 6520 6637 6974
f 6710 6523 6970
f 6524 6711 6971
f 441 442 6717
f 6630 6533 6812
f 6709 6459 6941
f 6707 6456 6940
f 6458 6708 6939
f 6457 6706 6938
f 419 6588 7020
f 6589 402 7019
f 6439 6671 6789
f 6670 6438 6788
f 736 6594 7039
f 6595 624 7040
f 416 6590 7018
f 6591 405 7016
f 733 6599 7038
f 6598 627 7037
f 413 6592 7015
f 6593 408 7011
f 6604 905 7025
f 473 6605 7026
f 6609 902 7028
f 476 6608 7029
f 215 6596 7001
f 6597 192 7002
f 6611 899 7031
f 479 6612 7030
f 218 6600 7003
f 482 6614 7032
f 6615 896 7033
f 6601 189 7004
f 485 6618 7035
f 6619 893 7034
f 221 6602 7005
f 6603 186 7006
f 224 6606 7007
f 6607 183 7008
f 227 6610 7010
f 6613 180 7012
f 6686 6498 6947
f 6499 6687 6948
f 230 6616 7013
f 6617 177 7014
f 6717 442 7057
f 6633 20 6800
f 48 6634 6801
f 6 6631 6798
f 6632 5 6799
f 6508 6812 6946
f 6406 6577 6778
f 6404 6576 6779
f 6459 6577 6992
f 6456 6576 6993
f 488 6625 7041
f 6624 890 7042
f 890 6624 6768
f 6625 488 6769
f 6576 6461 6784
f 6579 6463 6783
f 6578 6460 6782
f 6577 6462 6785
f 603 604 6638
f 756 757 6637
f 1053 6586 6792
f 6587 1036 6793
f 1048 6582 6966
f 6583 1041 6967
f 6580 1046 6790
f 1043 6581 6791
f 1038 6584 6968
f 6585 1051 6969
f 443 444 6636
f 376 377 6635
f 1046 6580 7051
f 6581 1043 7050
f 6586 1053 7052
f 1036 6587 7053
f 177 6617 6780
f 381 382 6714
f 6582 1048 6772
f 1041 6583 6773
f 6584 1038 6775
f 1051 6585 6774
f 195 6659 6802
f 6658 212 6803
f 6518 6636 6972
f 6635 6517 6973
f 6594 6557 7039
f 6556 6595 7040
f 410 411 6705
f 1030 1029 6706
f 1014 1013 6707
f 1020 1019 6708
f 1024 1023 6709
f 6559 6598 7037
f 6599 6558 7038
f 6588 6534 7020
f 6535 6589 7019
f 6561 6604 7025
f 6605 6560 7026
f 6590 6536 7018
f 6563 6609 7028
f 6608 6562 7029
f 6565 6611 7031
f 6612 6564 7030
f 6537 6591 7016
f 6614 6566 7032
f 6567 6615 7033
f 6569 6619 7034
f 6618 6568 7035
f 6592 6538 7015
f 6539 6593 7011
f 6596 6540 7001
f 6541 6597 7002
f 6529 6717 7057
f 6600 6542 7003
f 6677 470 6805
f 908 6676 6804
f 6543 6601 7004
f 6602 6544 7005
f 6545 6603 7006
f 730 731 6710
f 629 630 6711
f 6606 6546 7007
f 6547 6607 7008
f 6610 6548 7010
f 6549 6613 7012
f 6616 6550 7013
f 6551 6617 7014
f 6621 6408 6771
f 6407 6620 6770
f 6461 6582 6772
f 6583 6463 6773
f 6585 6460 6774
f 6462 6584 6775
f 36 1021 6766
f 1022 28 6765
f 17 1031 6764
f 1012 18 6763
f 6409 6622 6776
f 6623 6410 6777
f 6639 6466 7097
f 6620 6517 6770
f 6518 6621 6771
f 373 374 6731
f 446 447 6732
f 6467 6640 7094
f 759 760 6733
f 600 601 6734
f 6641 6468 7093
f 379 6630 6781
f 6469 6642 7090
f 6520 6623 6777
f 6622 6519 6776
f 6643 6470 7087
f 6471 6644 7084
f 6766 1021 6942
f 1022 6765 6945
f 6645 6474 7079
f 6582 6461 6786
f 6584 6462 6787
f 6475 6646 7076
f 6764 1031 6943
f 1012 6763 6944
f 6484 6660 7089
f 6661 6485 7088
f 6647 6478 7071
f 6479 6648 7064
f 6662 6487 7085
f 6486 6663 7086
f 6649 6482 7061
f 485 486 6737
f 892 893 6738
f 6489 6665 7081
f 6664 6488 7080
f 6483 6650 7060
f 179 180 6739
f 227 228 6740
f 182 183 6741
f 224 225 6742
f 185 186 6743
f 221 222 6744
f 188 189 6745
f 218 219 6746
f 191 192 6747
f 215 216 6748
f 6403 6735 6782
f 6405 6736 6783
f 6666 6493 7074
f 6492 6667 7075
f 6553 6624 7042
f 6625 6552 7041
f 6668 6496 7066
f 6497 6669 7067
f 6509 6582 6956
f 407 408 6759
f 6511 6584 6957
f 413 414 6760
f 194 195 6802
f 212 213 6803
f 6713 6416 6812
f 6694 6473 7073
f 6476 6693 7070
f 404 405 6758
f 6692 6477 7069
f 6480 6691 7068
f 6690 6481 7065
f 482 483 6749
f 895 896 6750
f 479 480 6752
f 898 899 6751
f 476 477 6753
f 901 902 6754
f 473 474 6755
f 904 905 6756
f 416 417 6757
f 384 6640 6810
f 6789 6522 6961
f 6521 6788 6960
f 6466 6904 7097
f 6508 6713 6812
f 6652 6472 7049
f 6678 6494 7059
f 6495 6679 7058
f 6491 6673 7055
f 6672 6490 7054
f 6639 437 6811
f 6907 6467 7094
f 6588 419 6965
f 402 6589 6964
f 626 627 6761
f 733 734 6762
f 172 173 6726
f 6468 6908 7093
f 470 471 6805
f 907 908 6804
f 6909 6469 7090
f 6594 736 6962
f 624 6595 6963
f 6470 6916 7087
f 230 231 6767
f 6653 201 6911
f 209 6656 6912
f 6651 204 6910
f 6657 198 6913
f 212 6658 6914
f 6659 195 6915
f 6917 6471 7084
f 6676 908 6936
f 470 6677 6937
f 6670 465 6934
f 913 6671 6935
f 6530 6635 7056
f 6636 6529 7057
f 6474 6918 7079
f 6719 6405 6806
f 6718 6404 6796
f 6405 6719 6797
f 6921 6475 7076
f 6485 6920 7088
f 6919 6484 7089
f 6674 737 6924
f 623 6675 6925
f 439 440 6730
f 401 6655 6903
f 6720 6403 6807
f 6622 601 7103
f 759 6623 7104
f 6680 740 6932
f 620 6681 6933
f 6721 6406 6794
f 6403 6720 6795
f 6719 6510 6954
f 6509 6718 6955
f 6654 420 6900
f 418 419 7020
f 487 488 7041
f 890 891 7042
f 398 6695 6927
f 6720 6512 6958
f 6511 6721 6959
f 6682 743 6928
f 617 6683 6929
f 402 403 7019
f 6478 6926 7071
f 6696 423 6926
f 735 736 7039
f 624 625 7040
f 6487 6922 7085
f 6923 6486 7086
f 6632 6526 7095
f 6525 6631 7096
f 6528 6634 7100
f 6633 6527 7099
f 6583 6510 6806
f 6684 746 6922
f 614 6685 6923
f 6585 6512 6807
f 6515 6735 6795
f 6735 6403 6795
f 395 6697 6921
f 6927 6479 7064
f 415 416 7018
f 6698 426 6918
f 6588 6425 6828
f 6688 749 6920
f 611 6689 6919
f 732 733 7038
f 627 628 7037
f 6514 6736 6797
f 6736 6405 6797
f 6424 6589 6829
f 6510 6719 6806
f 6590 6423 6830
f 405 406 7016
f 603 6638 6975
f 6637 757 6974
f 6422 6591 6832
f 6713 235 6826
f 6592 6421 6840
f 392 6699 6917
f 6582 6509 6966
f 6510 6583 6967
f 6420 6593 6845
f 6929 6489 7081
f 6488 6928 7080
f 6594 6443 6849
f 6442 6595 6848
f 6584 6511 6968
f 6512 6585 6969
f 174 175 6727
f 6700 429 6916
f 6440 6598 6850
f 6599 6441 6851
f 6596 6426 6844
f 6427 6597 6843
f 6600 6428 6842
f 6429 6601 6841
f 6512 6720 6807
f 472 473 7026
f 905 906 7025
f 902 903 7028
f 475 476 7029
f 412 413 7015
f 6602 6430 6839
f 899 900 7031
f 478 479 7030
f 6431 6603 6838
f 481 482 7032
f 896 897 7033
f 484 485 7035
f 893 894 7034
f 6606 6432 6837
f 6605 6444 6860
f 6445 6604 6861
f 389 6701 6909
f 6433 6607 6836
f 6608 6446 6858
f 6447 6609 6859
f 6610 6434 6835
f 6435 6613 6834
f 6449 6611 6857
f 6612 6448 6856
f 6616 6436 6833
f 6451 6615 6855
f 6614 6450 6854
f 6437 6617 6831
f 408 409 7011
f 6702 432 6908
f 6618 6452 6852
f 6453 6619 6853
f 214 215 7001
f 192 193 7002
f 6493 6932 7074
f 6933 6492 7075
f 217 218 7003
f 189 190 7004
f 220 221 7005
f 186 187 7006
f 223 224 7007
f 183 184 7008
f 226 227 7010
f 180 181 7012
f 229 230 7013
f 177 178 7014
f 386 6703 6907
f 6714 382 7102
f 6482 6900 7061
f 6686 754 6808
f 606 6687 6809
f 6704 435 6904
f 233 6712 6862
f 237 6632 7095
f 6631 171 7096
f 6634 888 7100
f 490 6633 7099
f 6903 6483 7060
f 6496 6924 7066
f 6925 6497 7067
f 6473 6911 7073
f 6912 6476 7070
f 6477 6913 7069
f 6914 6480 7068
f 6481 6915 7065
f 6686 6418 6820
f 6417 6687 6821
f 6519 6622 7103
f 6623 6520 7104
f 6498 6686 6820
f 6687 6499 6821
f 6494 6936 7059
f 6937 6495 7058
f 6730 440 7046
f 6714 6533 7045
f 6935 6491 7055
f 6490 6934 7054
f 6504 6718 6796
f 6719 6505 6797
f 6418 6624 6820
f 6625 6417 6821
f 6554 6714 7102
f 6506 6721 6794
f 6720 6507 6795
f 6472 6910 7049
f 6636 444 6972
f 376 6635 6973
f 6635 377 7056
f 443 6636 7057
f 383 384 6810
f 235 6713 6953
f 437 438 6811
f 6639 6437 6831
f 6466 6639 6831
f 6436 6640 6833
f 6640 6467 6833
f 6641 6435 6834
f 6468 6641 6834
f 6434 6642 6835
f 6642 6469 6835
f 6643 6433 6836
f 6470 6643 6836
f 6432 6644 6837
f 6644 6471 6837
f 6645 6431 6838
f 6474 6645 6838
f 6430 6646 6839
f 6646 6475 6839
f 6647 6429 6841
f 6478 6647 6841
f 6428 6648 6842
f 6648 6479 6842
f 6649 6427 6843
f 6659 6481 6828
f 6482 6649 6843
f 6426 6650 6844
f 6480 6658 6829
f 6425 6659 6828
f 6650 6483 6844
f 6658 6424 6829
f 6657 6477 6830
f 6476 6656 6832
f 6423 6657 6830
f 6656 6422 6832
f 6653 6473 6840
f 6472 6652 6845
f 6421 6653 6840
f 889 890 6768
f 488 489 6769
f 6652 6420 6845
f 1028 6627 6938
f 1018 6626 6939
f 6628 1015 6940
f 6629 1025 6941
f 908 909 6936
f 469 470 6937
f 465 466 6934
f 912 913 6935
f 608 6715 6948
f 6716 752 6947
f 195 196 6915
f 211 212 6914
f 198 199 6913
f 208 209 6912
f 201 202 6911
f 204 205 6910
f 6637 6531 7092
f 6532 6638 7091
f 1047 1048 6966
f 1041 1042 6967
f 1037 1038 6968
f 1051 1052 6969
f 740 741 6932
f 619 620 6933
f 397 398 6927
f 737 738 6924
f 622 623 6925
f 235 236 6826
f 423 424 6926
f 743 744 6928
f 616 617 6929
f 6452 6660 6852
f 6661 6453 6853
f 394 395 6921
f 6660 6484 6852
f 6485 6661 6853
f 6450 6663 6854
f 6662 6451 6855
f 6663 6486 6854
f 6487 6662 6855
f 6448 6665 6856
f 6664 6449 6857
f 6665 6489 6856
f 6488 6664 6857
f 6446 6667 6858
f 6666 6447 6859
f 6667 6492 6858
f 6493 6666 6859
f 746 747 6922
f 613 614 6923
f 426 427 6918
f 6444 6669 6860
f 6668 6445 6861
f 6495 6677 6848
f 6676 6494 6849
f 6669 6497 6860
f 6496 6668 6861
f 6677 6442 6848
f 6443 6676 6849
f 6673 6491 6851
f 6490 6672 6850
f 6672 6440 6850
f 6441 6673 6851
f 400 401 6903
f 6571 6730 7046
f 749 750 6920
f 610 611 6919
f 420 421 6900
f 391 392 6917
f 429 430 6916
f 232 233 6862
f 6416 6630 6812
f 388 389 6909
f 432 433 6908
f 756 6637 7092
f 6638 604 7091
f 1043 1044 7050
f 1045 1046 7051
f 1053 1054 7052
f 1035 1036 7053
f 385 386 6907
f 435 436 6904
f 730 6710 6970
f 6711 630 6971
f 6435 6704 6872
f 6703 6434 6873
f 6433 6702 6874
f 6701 6432 6875
f 754 755 6808
f 605 606 6809
f 6431 6700 6876
f 6699 6430 6878
f 6429 6698 6879
f 6697 6428 6880
f 6715 6452 6905
f 6453 6716 6906
f 6427 6696 6881
f 6695 6426 6882
f 6694 6419 6877
f 6420 6693 6871
f 6692 6421 6870
f 6422 6691 6869
f 6690 6423 6868
f 6726 6525 7096
f 378 379 6781
f 6634 6414 6979
f 6413 6633 6978
f 6631 6411 6976
f 6412 6632 6977
f 172 6726 7096
f 6712 6508 6946
f 6508 6712 7072
f 6454 6712 6946
f 176 177 6780
f 6515 6766 6942
f 6765 6516 6945
f 6514 6764 6943
f 6763 6513 6944
f 6651 6472 6885
f 6419 6651 6885
f 6425 6654 6883
f 6655 6424 6884
f 6654 6482 6883
f 6483 6655 6884
f 381 6714 7045
f 234 235 6953
f 6481 6690 6868
f 6691 6480 6869
f 6477 6692 6870
f 6693 6476 6871
f 6689 6450 6890
f 6451 6688 6891
f 6473 6694 6877
f 6685 6448 6892
f 6449 6684 6893
f 6683 6446 6894
f 6447 6682 6895
f 6681 6444 6896
f 6445 6680 6897
f 6479 6695 6882
f 6696 6478 6881
f 6475 6697 6880
f 6698 6474 6879
f 6471 6699 6878
f 6700 6470 6876
f 6469 6701 6875
f 6702 6468 6874
f 6467 6703 6873
f 6704 6466 6872
f 6440 6679 6887
f 6678 6441 6886
f 607 608 6948
f 752 753 6947
f 6501 6770 6822
f 6771 6500 6823
f 6502 6776 6846
f 6777 6503 6847
f 19 463 6949
f 915 47 6950
f 1034 19 6949
f 47 1009 6950
f 6491 6671 6889
f 6670 6490 6888
f 6671 6439 6889
f 6438 6670 6888
f 35 729 6951
f 631 27 6952
f 1011 35 6951
f 27 1032 6952
f 6675 6442 6898
f 6443 6674 6899
f 6497 6675 6898
f 6674 6496 6899
f 6679 6495 6887
f 6494 6678 6886
f 6516 6709 6945
f 6708 6515 6942
f 6513 6707 6944
f 6706 6514 6943
f 1048 1049 6772
f 1040 1041 6773
f 6492 6681 6896
f 6680 6493 6897
f 1038 1039 6775
f 1050 1051 6774
f 6489 6683 6894
f 6682 6488 6895
f 6684 6487 6893
f 6486 6685 6892
f 6484 6689 6890
f 6688 6485 6891
f 6716 6498 6906
f 6499 6715 6905
f 6728 6401 6784
f 6729 6402 6785
f 6724 6459 6992
f 6725 6456 6993
f 6770 6517 6822
f 6518 6771 6823
f 6520 6777 6847
f 6776 6519 6846
f 6406 6778 6794
f 6778 6516 6794
f 6404 6779 6796
f 6779 6513 6796
f 6717 6571 7046
f 6515 6708 7077
f 6514 6706 7078
f 6633 6800 6978
f 6801 6634 6979
f 6632 6799 6977
f 6798 6631 6976
f 420 6654 6965
f 6655 401 6964
f 737 6674 6962
f 6675 623 6963
f 6707 1013 6944
f 6709 1023 6945
f 1030 6706 6943
f 1020 6708 6942
f 6580 6790 6955
f 6791 6581 6954
f 6709 6516 7047
f 6707 6513 7048
f 441 6717 7046
f 6792 6586 6958
f 6587 6793 6959
f 601 602 7103
f 758 759 7104
f 437 6639 7097
f 6640 384 7094
f 6513 6763 6796
f 6764 6514 6797
f 6766 6515 6795
f 6516 6765 6794
f 6482 6654 6900
f 6655 6483 6903
f 6401 6725 6993
f 6402 6724 6992
f 6472 6651 6910
f 6473 6653 6911
f 6656 6476 6912
f 6477 6657 6913
f 6658 6480 6914
f 6481 6659 6915
f 6404 6718 6956
f 6406 6721 6957
f 6675 6497 6925
f 6496 6674 6924
f 6671 6491 6935
f 6490 6670 6934
f 6494 6676 6936
f 6677 6495 6937
f 6718 6509 6956
f 6689 6484 6919
f 6485 6688 6920
f 6487 6684 6922
f 6685 6486 6923
f 6683 6489 6929
f 6488 6682 6928
f 6681 6492 6933
f 6493 6680 6932
f 6403 6782 6807
f 201 6653 6984
f 204 6651 6986
f 6405 6783 6806
f 6656 209 6983
f 6721 6511 6957
f 6466 6704 6904
f 6703 6467 6907
f 198 6657 6982
f 6468 6702 6908
f 6701 6469 6909
f 6470 6700 6916
f 6699 6471 6917
f 6474 6698 6918
f 6697 6475 6921
f 6478 6696 6926
f 6695 6479 6927
f 6706 1029 6938
f 6708 1019 6939
f 1014 6707 6940
f 1024 6709 6941
f 6763 6504 6796
f 6505 6764 6797
f 6673 6678 6981
f 6679 6672 6980
f 6688 6662 6998
f 6663 6689 6999
f 6684 6664 6995
f 6665 6685 6996
f 6682 6666 6989
f 6667 6683 6990
f 6680 6668 6987
f 6669 6681 6988
f 6765 6506 6794
f 6507 6766 6795
f 6459 6709 7047
f 6456 6707 7048
f 740 6680 6987
f 6681 620 6988
f 743 6682 6989
f 6683 617 6990
f 746 6684 6995
f 6685 614 6996
f 6657 6690 6982
f 6691 6656 6983
f 6651 6694 6986
f 6653 6692 6984
f 6693 6652 6985
f 749 6688 6998
f 6689 611 6999
f 6704 6641 7036
f 6642 6703 7027
f 6702 6643 7024
f 6644 6701 7023
f 6700 6645 7017
f 6646 6699 7009
f 6698 6647 7000
f 6648 6697 6997
f 6696 6649 6994
f 6650 6695 6991
f 6695 398 6991
f 6730 6555 7101
f 423 6696 6994
f 6697 395 6997
f 426 6698 7000
f 6699 392 7009
f 429 6700 7017
f 6708 6458 7077
f 6706 6457 7078
f 6701 389 7023
f 432 6702 7024
f 6703 386 7027
f 439 6730 7101
f 435 6704 7036
f 1046 1047 6790
f 1042 1043 6791
f 1036 1037 6793
f 1052 1053 6792
f 6713 6508 6953
f 6715 6499 6948
f 6498 6716 6947
f 6501 7051 7063
f 7050 6500 7062
f 6955 6407 7063
f 6408 6954 7062
f 6410 6958 7083
f 6959 6409 7082
f 1044 6 6798
f 5 1045 6799
f 1054 48 6801
f 20 1035 6800
f 6502 7053 7082
f 7052 6503 7083
f 6953 6508 7072
f 6712 233 7072
f 1029 1028 6938
f 1019 1018 6939
f 1015 1014 6940
f 1025 1024 6941
f 6582 6786 6956
f 6584 6787 6957
f 736 737 6962
f 623 624 6963
f 419 420 6965
f 401 402 6964
f 6790 6509 6955
f 6510 6791 6954
f 6660 6715 7043
f 6716 6661 7044
f 6512 6792 6958
f 6793 6511 6959
f 6715 608 7043
f 752 6716 7044
f 760 36 6867
f 28 600 6866
f 6580 6955 7063
f 6954 6581 7062
f 6958 6586 7083
f 6587 6959 7082
f 18 373 6865
f 447 17 6864
f 6731 6504 6865
f 6505 6732 6864
f 6734 6506 6866
f 6507 6733 6867
f 6732 6505 6902
f 6504 6731 6901
f 6506 6734 6931
f 6733 6507 6930
f 373 6731 6865
f 6732 447 6864
f 6733 760 6867
f 600 6734 6866
f 6718 6504 6901
f 6505 6719 6902
f 6507 6720 6930
f 6721 6506 6931
f 1017 1016 6824
f 1027 1026 6825
f 6784 6401 6993
f 6785 6402 6992
f 6768 6528 7100
f 6527 6769 7099
f 7051 6580 7063
f 6581 7050 7062
f 6779 6456 7048
f 6778 6459 7047
f 1013 1012 6944
f 1021 1020 6942
f 1031 1030 6943
f 1023 1022 6945
f 7053 6587 7082
f 6586 7052 7083
f 889 6768 7100
f 6769 489 7099
f 6767 231 7098
f 6570 6767 7098
f 6781 6530 7056
f 378 6781 7056
f 17 6764 6864
f 6763 18 6865
f 6765 28 6866
f 36 6766 6867
f 729 730 6970
f 630 631 6971
f 444 445 6972
f 375 376 6973
f 757 758 6974
f 602 603 6975
f 434 435 7036
f 386 387 7027
f 463 464 7021
f 914 915 7022
f 431 432 7024
f 389 390 7023
f 428 429 7017
f 608 609 7043
f 751 752 7044
f 392 393 7009
f 425 426 7000
f 611 612 6999
f 748 749 6998
f 395 396 6997
f 745 746 6995
f 614 615 6996
f 422 423 6994
f 398 399 6991
f 742 743 6989
f 617 618 6990
f 739 740 6987
f 620 621 6988
f 203 204 6986
f 233 234 7072
f 467 468 6980
f 910 911 6981
f 197 198 6982
f 209 210 6983
f 200 201 6984
f 206 207 6985
f 6502 6800 7053
f 6801 6503 7052
f 6501 6799 7051
f 6798 6500 7050
f 206 6985 7049
f 467 6980 7054
f 6981 911 7055
f 6985 6652 7049
f 910 6981 7059
f 6980 468 7058
f 6980 6672 7054
f 6673 6981 7055
f 6693 6985 7070
f 6984 6692 7069
f 6691 6983 7068
f 6982 6690 7065
f 6981 6678 7059
f 6679 6980 7058
f 197 6982 7065
f 6983 210 7068
f 200 6984 7069
f 6985 207 7070
f 377 378 7056
f 442 443 7057
f 755 756 7092
f 604 605 7091
f 380 381 7045
f 489 490 7099
f 888 889 7100
f 236 237 7095
f 171 172 7096
f 440 441 7046
f 203 6986 7073
f 6986 6694 7073
f 205 206 7049
f 466 467 7054
f 911 912 7055
f 6414 6847 6979
f 6846 6413 6978
f 6411 6823 6976
f 6822 6412 6977
f 399 400 7060
f 421 422 7061
f 909 910 7059
f 468 469 7058
f 396 397 7064
f 424 425 7071
f 738 739 7066
f 621 622 7067
f 393 394 7076
f 618 619 7075
f 741 742 7074
f 196 197 7065
f 210 211 7068
f 199 200 7069
f 207 208 7070
f 427 428 7079
f 202 203 7073
f 744 745 7080
f 615 616 7081
f 390 391 7084
f 430 431 7087
f 612 613 7086
f 747 748 7085
f 387 388 7090
f 750 751 7088
f 609 610 7089
f 433 434 7093
f 384 385 7094
f 436 437 7097
f 438 439 7101
f 231 232 7098
f 382 383 7102
f 6764 6505 6864
f 6504 6763 6865
f 6506 6765 6866
f 6766 6507 6867
f 6987 6668 7066
f 6669 6988 7067
f 739 6987 7066
f 6988 621 7067
f 6989 6666 7074
f 6667 6990 7075
f 742 6989 7074
f 6990 618 7075
f 6650 6991 7060
f 6991 399 7060
f 6994 6649 7061
f 422 6994 7061
f 6665 6996 7081
f 6995 6664 7080
f 6996 615 7081
f 745 6995 7080
f 6648 6997 7064
f 6997 396 7064
f 6998 6662 7085
f 6663 6999 7086
f 748 6998 7085
f 6999 612 7086
f 7000 6647 7071
f 425 7000 7071
f 6646 7009 7076
f 7009 393 7076
f 7017 6645 7079
f 428 7017 7079
f 6644 7023 7084
f 7023 390 7084
f 7024 6643 7087
f 431 7024 7087
f 6771 6408 7062
f 6407 6770 7063
f 6642 7027 7090
f 7027 387 7090
f 6777 6410 7083
f 6409 6776 7082
f 6791 6510 6967
f 6509 6790 6966
f 6792 6512 6969
f 6511 6793 6968
f 7036 6641 7093
f 434 7036 7093
f 6458 6735 7077
f 6457 6736 7078
f 6736 6514 7078
f 6735 6515 7077
f 7044 6661 7088
f 6660 7043 7089
f 751 7044 7088
f 7043 609 7089
f 6786 6404 6956
f 6787 6406 6957
f 6818 6521 6960
f 6522 6819 6961
f 6524 6818 6960
f 6819 6523 6961
f 6770 6501 7063
f 6500 6771 7062
f 6776 6502 7082
f 6503 6777 7083
f 464 6788 7021
f 6789 914 7022
f 6799 6501 6977
f 6500 6798 6976
f 6788 6521 7021
f 6522 6789 7022
f 6800 6502 6978
f 6503 6801 6979
f 6513 6779 7048
f 6516 6778 7047
f 6577 6785 6992
f 6576 6784 6993
f 6790 1047 6966
f 1042 6791 6967
f 6793 1037 6968
f 1052 6792 6969
f 6531 6808 7092
f 6809 6532 7091
f 6808 755 7092
f 605 6809 7091
f 6555 6811 7101
f 6811 438 7101
f 6810 6554 7102
f 383 6810 7102
f 6526 6826 7095
f 1044 6798 7050
f 6799 1045 7051
f 6826 236 7095
f 1054 6801 7052
f 6800 1035 7053
f 232 6862 7098
f 6862 6570 7098
f 6501 6822 6977
f 6823 6500 6976
f 6520 6974 7104
f 6975 6519 7103
f 6502 6846 6978
f 6847 6503 6979
f 6951 729 6970
f 631 6952 6971
f 6952 6524 6971
f 6523 6951 6970
f 6904 436 7097
f 385 6907 7094
f 6900 421 7061
f 400 6903 7060
f 6908 433 7093
f 388 6909 7090
f 6916 430 7087
f 391 6917 7084
f 6521 6949 7021
f 6950 6522 7022
f 610 6919 7089
f 6920 750 7088
f 6918 427 7079
f 394 6921 7076
f 6922 747 7085
f 613 6923 7086
f 6926 424 7071
f 6910 205 7049
f 6928 744 7080
f 616 6929 7081
f 6924 738 7066
f 622 6925 7067
f 397 6927 7064
f 6932 741 7074
f 619 6933 7075
f 6911 202 7073
f 208 6912 7070
f 6913 199 7069
f 211 6914 7068
f 6915 196 7065
f 6934 466 7054
f 912 6935 7055
f 6936 909 7059
f 469 6937 7058
f 6949 463 7021
f 915 6950 7022
f 234 6953 7072
f 602 6975 7103
f 6974 758 7104
f 653 7391 654
f 805 7390 806
f 355 7676 7325
f 7324 7677 285
f 7165 7432 7278
f 7166 7433 7279
f 7391 7652 654
f 805 7651 7390
f 7255 7718 147
f 98 7717 7254
f 7253 7716 144
f 101 7714 7252
f 7251 7712 141
f 104 7711 7250
f 7249 7710 138
f 107 7709 7248
f 110 7707 7246
f 7247 7708 135
f 350 7749 7334
f 7116 7336 7230
f 7229 7335 7115
f 7243 7715 320
f 7117 7337 7231
f 7232 7338 7118
f 319 7719 7242
f 7506 7706 132
f 113 7705 7507
f 7198 7553 7261
f 7260 7552 7199
f 7195 7555 7262
f 7263 7554 7194
f 7265 7565 7200
f 7201 7564 7264
f 7267 7563 7197
f 7196 7562 7266
f 7269 7561 7192
f 7193 7560 7268
f 7271 7559 7191
f 7190 7558 7270
f 7241 7720 323
f 150 7277 151
f 7273 7557 7189
f 7188 7556 7272
f 7238 7532 7185
f 7184 7533 7239
f 316 7722 7240
f 7240 7534 7181
f 7180 7536 7241
f 7242 7544 7177
f 7176 7549 7243
f 7244 7548 7187
f 7186 7547 7245
f 7234 7339 7116
f 7115 7340 7233
f 7245 7706 7506
f 7507 7705 7244
f 7246 7546 7183
f 7182 7545 7247
f 7248 7543 7179
f 7178 7542 7249
f 7239 7723 326
f 7250 7541 7175
f 7174 7540 7251
f 7252 7539 7173
f 7172 7538 7253
f 7254 7537 7171
f 7170 7535 7255
f 313 7724 7238
f 7223 7550 7342
f 7341 7551 7224
f 320 7409 7243
f 950 7729 7265
f 7264 7730 515
f 7266 7733 518
f 947 7732 7267
f 7268 7735 521
f 944 7734 7269
f 7270 7736 524
f 941 7737 7271
f 7272 7739 527
f 938 7738 7273
f 7256 7745 530
f 935 7746 7257
f 7242 7409 319
f 7259 7434 7159
f 676 7741 7263
f 7262 7742 783
f 673 7744 7260
f 7261 7743 786
f 515 7509 7264
f 7265 7508 950
f 1095 7332 1094
f 1087 7331 1086
f 1085 7333 1084
f 1097 7330 1096
f 152 7276 153
f 7342 7550 7117
f 7118 7551 7341
f 7230 7518 7116
f 7115 7517 7229
f 7159 7434 7275
f 7231 7520 7117
f 7118 7519 7232
f 7263 7415 676
f 783 7414 7262
f 7233 7517 7115
f 7116 7518 7234
f 7117 7520 7236
f 7235 7519 7118
f 7236 7342 7117
f 7118 7341 7235
f 7331 7529 1086
f 1095 7528 7332
f 1085 7529 7333
f 7330 7528 1096
f 284 7324 285
f 355 7325 356
f 7185 7572 7238
f 7239 7573 7184
f 7181 7574 7240
f 7325 7676 7222
f 7221 7677 7324
f 7241 7575 7180
f 7177 7581 7242
f 7243 7589 7176
f 7187 7588 7244
f 7245 7587 7186
f 7183 7586 7246
f 7247 7585 7182
f 7179 7584 7248
f 7249 7583 7178
f 7175 7582 7250
f 7251 7580 7174
f 7173 7579 7252
f 7253 7578 7172
f 7171 7577 7254
f 7255 7576 7170
f 7119 7530 7229
f 7340 7527 7222
f 7221 7526 7339
f 7233 7485 7119
f 7199 7591 7260
f 7261 7590 7198
f 7235 7512 7122
f 7121 7513 7236
f 7262 7593 7195
f 7194 7592 7263
f 7120 7518 7230
f 7229 7517 7119
f 7264 7602 7201
f 7200 7603 7265
f 7266 7600 7196
f 7197 7601 7267
f 7192 7599 7269
f 7268 7598 7193
f 7270 7596 7190
f 7191 7597 7271
f 7272 7594 7188
f 7189 7595 7273
f 7234 7518 7120
f 7119 7517 7233
f 7230 7430 7120
f 7274 7566 7158
f 7232 7519 7122
f 7121 7520 7231
f 7115 7527 7340
f 7339 7526 7116
f 350 7334 351
f 7122 7519 7235
f 7236 7520 7121
f 7167 7433 7283
f 7283 7433 7106
f 7164 7432 7282
f 7282 7432 7105
f 7334 7749 7237
f 147 7443 7255
f 7254 7444 98
f 7258 7514 7140
f 144 7445 7253
f 7141 7515 7259
f 7252 7446 101
f 7122 7472 7232
f 7231 7473 7121
f 141 7447 7251
f 7250 7448 104
f 138 7449 7249
f 7248 7450 107
f 135 7451 7247
f 7246 7452 110
f 530 7441 7256
f 7257 7442 935
f 7140 7567 7258
f 323 7463 7241
f 7240 7464 316
f 7524 7610 7257
f 7256 7609 7525
f 7258 7567 7158
f 7228 7665 7414
f 7415 7664 7227
f 7167 7487 7287
f 7164 7486 7289
f 7165 7488 7432
f 7166 7489 7433
f 326 7462 7239
f 7238 7461 313
f 7120 7421 7234
f 7261 7553 7298
f 7299 7552 7260
f 7302 7554 7263
f 7262 7555 7303
f 7308 7565 7265
f 7264 7564 7309
f 7158 7418 7258
f 7313 7563 7267
f 7266 7562 7312
f 7315 7561 7269
f 7268 7560 7316
f 7318 7559 7271
f 7270 7558 7319
f 7158 7567 7274
f 7323 7557 7273
f 7272 7556 7322
f 7409 7589 7243
f 7123 7589 7409
f 7242 7581 7409
f 7409 7581 7123
f 527 7454 7272
f 7273 7453 938
f 524 7456 7270
f 7271 7455 941
f 7426 7428 7169
f 7427 7429 7168
f 7106 7428 7426
f 7105 7429 7427
f 521 7457 7268
f 7269 7458 944
f 518 7459 7266
f 7267 7460 947
f 1062 7278 1063
f 1072 7279 1073
f 7523 7655 1057
f 1078 7656 7522
f 7522 7653 1080
f 1055 7654 7523
f 7277 7431 151
f 7159 7521 7259
f 7128 7668 7293
f 7275 7421 7120
f 7292 7669 7129
f 7292 7532 7238
f 7239 7533 7293
f 7294 7534 7240
f 7241 7536 7295
f 7260 7465 673
f 786 7466 7261
f 7296 7544 7242
f 7243 7549 7297
f 7300 7548 7244
f 7245 7547 7301
f 7304 7546 7246
f 7247 7545 7305
f 7306 7543 7248
f 7249 7542 7307
f 7310 7541 7250
f 7251 7540 7311
f 7314 7539 7252
f 7253 7538 7317
f 7320 7537 7254
f 7255 7535 7321
f 7263 7592 7415
f 7414 7593 7262
f 7415 7592 7142
f 7143 7593 7414
f 7202 7610 7524
f 7525 7609 7203
f 7418 7650 7237
f 7112 7606 7325
f 7324 7605 7111
f 112 7705 113
f 132 7706 133
f 109 7707 110
f 135 7708 136
f 106 7709 107
f 138 7710 139
f 103 7711 104
f 141 7712 142
f 100 7714 101
f 144 7716 145
f 97 7717 98
f 147 7718 148
f 7359 7668 7128
f 7129 7669 7358
f 7471 7567 7140
f 7326 7635 7113
f 7114 7634 7327
f 7158 7650 7418
f 320 7715 321
f 7120 7430 7276
f 7299 7667 7146
f 7147 7666 7298
f 318 7719 319
f 7274 7567 7471
f 7507 7588 7128
f 7129 7587 7506
f 323 7720 324
f 949 7729 950
f 515 7730 516
f 518 7733 519
f 946 7732 947
f 521 7735 522
f 943 7734 944
f 524 7736 525
f 940 7737 941
f 937 7738 938
f 527 7739 528
f 315 7722 316
f 326 7723 327
f 783 7742 784
f 675 7741 676
f 7508 7603 7147
f 7146 7602 7509
f 312 7724 313
f 7414 7665 7143
f 7142 7664 7415
f 672 7744 673
f 786 7743 787
f 7277 7484 7141
f 7120 7531 7275
f 7146 7667 7379
f 7378 7666 7147
f 7259 7521 7141
f 7159 7431 7277
f 7244 7588 7507
f 7506 7587 7245
f 530 7745 531
f 934 7746 935
f 7461 7572 7127
f 7126 7573 7462
f 7464 7574 7125
f 7487 7510 7287
f 7486 7511 7289
f 7124 7575 7463
f 7265 7603 7508
f 7509 7602 7264
f 7452 7586 7130
f 7131 7585 7451
f 7275 7531 7159
f 7450 7584 7132
f 7133 7583 7449
f 7162 7439 7282
f 7161 7440 7283
f 7448 7582 7134
f 7135 7580 7447
f 7325 7606 7436
f 7435 7605 7324
f 7446 7579 7136
f 7137 7578 7445
f 7444 7577 7138
f 7139 7576 7443
f 7438 7635 7326
f 7327 7634 7437
f 7465 7591 7144
f 7145 7590 7466
f 7276 7430 153
f 7460 7601 7149
f 7148 7600 7459
f 7150 7598 7457
f 7458 7599 7151
f 7152 7596 7456
f 7455 7597 7153
f 7453 7595 7155
f 7154 7594 7454
f 7282 7427 7162
f 7105 7427 7282
f 7106 7426 7283
f 7283 7426 7161
f 7276 7431 7159
f 7238 7572 7461
f 7462 7573 7239
f 152 7431 7276
f 7240 7574 7464
f 7463 7575 7241
f 7246 7586 7452
f 7451 7585 7247
f 7248 7584 7450
f 7449 7583 7249
f 7250 7582 7448
f 7447 7580 7251
f 7252 7579 7446
f 7445 7578 7253
f 7254 7577 7444
f 7443 7576 7255
f 7260 7591 7465
f 7466 7590 7261
f 1056 7523 1057
f 1078 7522 1079
f 1079 7522 1080
f 1055 7523 1056
f 7267 7601 7460
f 7459 7600 7266
f 7457 7598 7268
f 7269 7599 7458
f 7456 7596 7270
f 7271 7597 7455
f 7273 7595 7453
f 7454 7594 7272
f 7442 7610 7157
f 7156 7609 7441
f 7328 7524 7257
f 7256 7525 7329
f 7159 7531 7276
f 7164 7478 7278
f 7279 7479 7166
f 7278 7478 1063
f 1072 7479 7279
f 7167 7477 7279
f 7278 7476 7165
f 1062 7476 7278
f 7279 7477 1073
f 7162 7427 7330
f 7331 7426 7169
f 7169 7428 7333
f 7168 7429 7332
f 7330 7427 7168
f 7333 7428 7163
f 7161 7426 7331
f 7332 7429 7160
f 7257 7610 7442
f 7441 7609 7256
f 7141 7521 7277
f 7276 7531 7120
f 7119 7485 7334
f 7141 7484 7321
f 7158 7566 7416
f 7417 7530 7119
f 509 7492 7374
f 7375 7493 956
f 7121 7473 7329
f 7328 7472 7122
f 7391 7513 7121
f 7122 7512 7390
f 7439 7486 7282
f 7440 7487 7283
f 7277 7521 7159
f 7294 7461 7127
f 7126 7462 7295
f 7169 7529 7331
f 7168 7528 7330
f 7333 7529 7169
f 7332 7528 7168
f 7279 7433 7167
f 7278 7432 7164
f 7296 7464 7125
f 7124 7463 7297
f 7228 7655 7523
f 7522 7656 7227
f 7422 7659 7605
f 7606 7658 7423
f 7320 7471 7140
f 7225 7653 7522
f 7523 7654 7226
f 7300 7452 7130
f 7131 7451 7301
f 7304 7450 7132
f 7133 7449 7305
f 7306 7448 7134
f 7135 7447 7307
f 7237 7650 7516
f 7310 7446 7136
f 7343 7515 7141
f 7137 7445 7311
f 7314 7444 7138
f 7139 7443 7317
f 7302 7465 7144
f 7145 7466 7303
f 7634 7662 7424
f 7425 7663 7635
f 7140 7514 7344
f 284 7435 7324
f 7325 7436 356
f 7148 7459 7309
f 7308 7460 7149
f 7150 7457 7312
f 7313 7458 7151
f 7315 7455 7153
f 7152 7456 7316
f 7318 7453 7155
f 7154 7454 7319
f 534 7337 22
f 49 7338 931
f 155 7336 4
f 3 7335 89
f 7156 7441 7322
f 7323 7442 7157
f 7327 7437 811
f 648 7438 7326
f 150 7484 7277
f 508 7492 509
f 956 7493 957
f 7322 7441 529
f 936 7442 7323
f 111 7452 7300
f 7301 7451 134
f 108 7450 7304
f 7305 7449 137
f 105 7448 7306
f 7307 7447 140
f 102 7446 7310
f 7311 7445 143
f 99 7444 7314
f 7317 7443 146
f 7297 7463 322
f 317 7464 7296
f 7295 7462 325
f 314 7461 7294
f 7309 7459 517
f 948 7460 7308
f 7312 7457 520
f 945 7458 7313
f 942 7455 7315
f 7316 7456 523
f 7319 7454 526
f 939 7453 7318
f 7605 7659 7111
f 7112 7658 7606
f 674 7465 7302
f 7303 7466 785
f 7163 7645 7333
f 7330 7643 7162
f 7160 7644 7332
f 7331 7642 7161
f 7114 7662 7634
f 7635 7663 7113
f 7362 7507 7128
f 7129 7506 7363
f 96 7471 7320
f 7345 7408 7139
f 7138 7407 7346
f 7347 7406 7137
f 7136 7405 7348
f 7349 7404 7135
f 7134 7403 7350
f 7351 7402 7133
f 7132 7401 7352
f 7353 7400 7131
f 7130 7399 7354
f 7123 7398 7355
f 7356 7397 7124
f 7125 7396 7357
f 7360 7395 7126
f 7127 7394 7361
f 7492 7664 7142
f 7143 7665 7493
f 7165 7490 7280
f 7280 7490 7108
f 7281 7491 7110
f 7166 7491 7281
f 7281 7482 7163
f 7280 7483 7160
f 7146 7509 7381
f 7380 7508 7147
f 7367 7393 7154
f 7155 7392 7366
f 7369 7388 7152
f 7153 7389 7368
f 7371 7387 7150
f 7151 7386 7370
f 7373 7385 7148
f 7149 7384 7372
f 7377 7382 7145
f 7144 7383 7376
f 7364 7419 7156
f 7157 7420 7365
f 7342 7679 7223
f 7224 7678 7341
f 7414 7674 7228
f 7227 7675 7415
f 288 7421 289
f 7237 7516 7334
f 7413 7645 7163
f 7411 7644 7160
f 7162 7643 7412
f 7161 7642 7410
f 7292 7724 311
f 328 7723 7293
f 7143 7493 7375
f 7374 7492 7142
f 788 7743 7298
f 7299 7744 671
f 7294 7722 314
f 325 7720 7295
f 785 7742 7303
f 7302 7741 674
f 7296 7719 317
f 322 7715 7297
f 7308 7729 948
f 517 7730 7309
f 7313 7732 945
f 520 7733 7312
f 7300 7705 111
f 134 7706 7301
f 7315 7734 942
f 523 7735 7316
f 7304 7707 108
f 7318 7737 939
f 526 7736 7319
f 137 7708 7305
f 529 7739 7322
f 7323 7738 936
f 7306 7709 105
f 140 7710 7307
f 7310 7711 102
f 143 7712 7311
f 7314 7714 99
f 146 7716 7317
f 7390 7651 7202
f 7203 7652 7391
f 7320 7717 96
f 149 7718 7321
f 288 7760 7421
f 7337 7504 22
f 49 7505 7338
f 3 7502 7335
f 7336 7503 4
f 7516 7650 7212
f 7110 7482 7281
f 7108 7483 7280
f 7163 7696 7281
f 7160 7697 7280
f 532 7745 7329
f 7328 7746 933
f 933 7472 7328
f 7329 7473 532
f 7280 7488 7165
f 7283 7487 7167
f 7282 7486 7164
f 7281 7489 7166
f 650 7342 651
f 808 7341 809
f 1066 7496 7290
f 7291 7497 1069
f 1061 7670 7286
f 7287 7671 1074
f 7284 7494 1059
f 1076 7495 7285
f 1071 7672 7288
f 7289 7673 1064
f 353 7340 354
f 286 7339 287
f 1059 7755 7284
f 7285 7754 1076
f 7290 7756 1066
f 1069 7757 7291
f 7321 7484 149
f 348 7418 349
f 7286 7476 1061
f 1074 7477 7287
f 7288 7479 1071
f 1064 7478 7289
f 7363 7506 131
f 114 7507 7362
f 7222 7676 7340
f 7339 7677 7221
f 7298 7743 7261
f 7260 7744 7299
f 319 7409 320
f 1089 7410 1088
f 1093 7411 1092
f 1099 7412 1098
f 1083 7413 1082
f 7263 7741 7302
f 7303 7742 7262
f 7238 7724 7292
f 7293 7723 7239
f 7265 7729 7308
f 7309 7730 7264
f 7240 7722 7294
f 7267 7732 7313
f 7312 7733 7266
f 7269 7734 7315
f 7316 7735 7268
f 7295 7720 7241
f 7271 7737 7318
f 7319 7736 7270
f 7273 7738 7323
f 7322 7739 7272
f 7242 7719 7296
f 7297 7715 7243
f 7244 7705 7300
f 7301 7706 7245
f 7421 7760 7234
f 7246 7707 7304
f 7381 7509 514
f 951 7508 7380
f 7305 7708 7247
f 7248 7709 7306
f 7307 7710 7249
f 782 7414 783
f 676 7415 677
f 7250 7711 7310
f 7311 7712 7251
f 7252 7714 7314
f 7317 7716 7253
f 7254 7717 7320
f 7321 7718 7255
f 7325 7475 7112
f 7111 7474 7324
f 7165 7476 7286
f 7287 7477 7167
f 7289 7478 7164
f 7166 7479 7288
f 40 7470 1100
f 1081 7469 29
f 16 7468 1090
f 1091 7467 15
f 7113 7480 7326
f 7327 7481 7114
f 7170 7801 7343
f 7324 7474 7221
f 7222 7475 7325
f 283 7435 284
f 356 7436 357
f 7344 7798 7171
f 811 7437 812
f 647 7438 648
f 7172 7797 7345
f 7334 7485 351
f 7346 7794 7173
f 7224 7481 7327
f 7326 7480 7223
f 7174 7791 7347
f 7348 7788 7175
f 7470 7646 1100
f 1081 7649 7469
f 7178 7783 7349
f 7286 7490 7165
f 7288 7491 7166
f 7350 7780 7179
f 7468 7647 1090
f 1091 7648 7467
f 7188 7793 7364
f 7365 7792 7189
f 7182 7775 7351
f 7352 7768 7183
f 7190 7790 7367
f 7366 7789 7191
f 7186 7765 7353
f 529 7441 530
f 935 7442 936
f 7193 7785 7369
f 7368 7784 7192
f 7354 7764 7187
f 146 7443 147
f 98 7444 99
f 143 7445 144
f 101 7446 102
f 140 7447 141
f 104 7448 105
f 137 7449 138
f 107 7450 108
f 134 7451 135
f 110 7452 111
f 7107 7486 7439
f 7109 7487 7440
f 7370 7778 7197
f 7196 7779 7371
f 7257 7746 7328
f 7329 7745 7256
f 7372 7770 7200
f 7201 7771 7373
f 7213 7660 7286
f 322 7463 323
f 7215 7661 7288
f 316 7464 317
f 131 7506 132
f 113 7507 114
f 7119 7516 7417
f 7177 7777 7398
f 7397 7774 7180
f 325 7462 326
f 7181 7773 7396
f 7395 7772 7184
f 7185 7769 7394
f 526 7454 527
f 938 7453 939
f 523 7456 524
f 941 7455 942
f 520 7457 521
f 944 7458 945
f 517 7459 518
f 947 7460 948
f 313 7461 314
f 7344 7514 346
f 7225 7664 7492
f 7493 7665 7226
f 7608 7801 7170
f 7417 7516 7212
f 7176 7753 7356
f 7382 7763 7198
f 7199 7762 7383
f 7195 7759 7377
f 7376 7758 7194
f 293 7515 7343
f 7171 7798 7611
f 311 7669 7292
f 7293 7668 328
f 673 7465 674
f 785 7466 786
f 153 7430 154
f 7612 7797 7172
f 514 7509 515
f 950 7508 951
f 7173 7794 7613
f 7298 7666 788
f 671 7667 7299
f 7620 7791 7174
f 95 7471 96
f 125 7615 7357
f 7360 7616 117
f 122 7614 7355
f 128 7617 7361
f 7362 7618 114
f 131 7619 7363
f 7175 7788 7621
f 7380 7640 951
f 514 7641 7381
f 7374 7638 509
f 956 7639 7375
f 7234 7760 7339
f 7340 7761 7233
f 7622 7783 7178
f 7423 7510 7109
f 7422 7500 7108
f 7109 7501 7423
f 7179 7780 7625
f 7624 7793 7188
f 7189 7792 7623
f 7378 7628 789
f 670 7629 7379
f 290 7434 291
f 7359 7607 329
f 7424 7511 7107
f 7326 7807 648
f 811 7808 7327
f 7384 7636 792
f 667 7637 7385
f 7425 7498 7110
f 7107 7499 7424
f 7423 7658 7214
f 7213 7659 7422
f 310 7604 7358
f 311 7724 312
f 531 7745 532
f 933 7746 934
f 7399 7631 332
f 7424 7662 7216
f 7215 7663 7425
f 7386 7632 795
f 664 7633 7387
f 327 7723 328
f 7630 7775 7182
f 307 7630 7400
f 787 7743 788
f 671 7744 672
f 7627 7790 7190
f 7191 7789 7626
f 7336 7799 7230
f 7229 7800 7335
f 7232 7804 7338
f 7337 7803 7231
f 7287 7510 7214
f 7389 7626 798
f 661 7627 7388
f 7289 7511 7216
f 7219 7499 7439
f 7439 7499 7107
f 7401 7625 335
f 7183 7768 7631
f 314 7722 315
f 304 7622 7402
f 7129 7532 7292
f 7392 7623 801
f 658 7624 7393
f 784 7742 785
f 674 7741 675
f 7218 7501 7440
f 7440 7501 7109
f 7293 7533 7128
f 7214 7510 7423
f 7127 7534 7294
f 324 7720 325
f 650 7679 7342
f 7341 7678 809
f 7295 7536 7126
f 91 7530 7417
f 7125 7544 7296
f 7403 7621 338
f 7286 7670 7213
f 7214 7671 7287
f 7297 7549 7124
f 7633 7785 7193
f 7192 7784 7632
f 7298 7553 7147
f 7146 7552 7299
f 7288 7672 7215
f 7216 7673 7289
f 151 7431 152
f 301 7620 7404
f 7144 7554 7302
f 7303 7555 7145
f 7130 7548 7300
f 7301 7547 7131
f 7132 7546 7304
f 7305 7545 7133
f 7216 7511 7424
f 516 7730 517
f 948 7729 949
f 945 7732 946
f 519 7733 520
f 317 7719 318
f 7134 7543 7306
f 942 7734 943
f 522 7735 523
f 7307 7542 7135
f 939 7737 940
f 525 7736 526
f 528 7739 529
f 936 7738 937
f 7136 7541 7310
f 7309 7564 7148
f 7149 7565 7308
f 7405 7613 341
f 7311 7540 7137
f 7312 7562 7150
f 7151 7563 7313
f 7138 7539 7314
f 7317 7538 7139
f 7316 7560 7152
f 7153 7561 7315
f 7140 7537 7320
f 7155 7559 7318
f 7319 7558 7154
f 7321 7535 7141
f 321 7715 322
f 298 7612 7406
f 7322 7556 7156
f 7157 7557 7323
f 111 7705 112
f 133 7706 134
f 7197 7778 7636
f 7637 7779 7196
f 108 7707 109
f 136 7708 137
f 105 7709 106
f 139 7710 140
f 102 7711 103
f 142 7712 143
f 99 7714 100
f 145 7716 146
f 96 7717 97
f 148 7718 149
f 7407 7611 344
f 348 7806 7418
f 7604 7765 7186
f 7390 7512 806
f 653 7513 7391
f 295 7608 7408
f 7416 7566 93
f 155 7799 7336
f 7335 7800 89
f 7338 7804 931
f 534 7803 7337
f 7187 7764 7607
f 7200 7770 7628
f 7629 7771 7201
f 7615 7777 7177
f 7180 7774 7616
f 7617 7773 7181
f 7184 7772 7618
f 7619 7769 7185
f 7390 7524 7122
f 7121 7525 7391
f 7223 7807 7326
f 7327 7808 7224
f 7202 7524 7390
f 7391 7525 7203
f 7198 7763 7640
f 7641 7762 7199
f 290 7750 7434
f 7237 7749 7418
f 7639 7759 7195
f 7194 7758 7638
f 7208 7500 7422
f 7423 7501 7209
f 7122 7524 7328
f 7329 7525 7121
f 7418 7806 7258
f 7210 7498 7425
f 7424 7499 7211
f 7614 7753 7176
f 7340 7676 354
f 286 7677 7339
f 7339 7760 287
f 353 7761 7340
f 346 7514 347
f 7417 7657 91
f 292 7515 293
f 7141 7535 7343
f 7343 7535 7170
f 7344 7537 7140
f 7171 7537 7344
f 7139 7538 7345
f 7345 7538 7172
f 7346 7539 7138
f 7173 7539 7346
f 7137 7540 7347
f 7347 7540 7174
f 7348 7541 7136
f 7175 7541 7348
f 7135 7542 7349
f 7349 7542 7178
f 7350 7543 7134
f 7179 7543 7350
f 7133 7545 7351
f 7351 7545 7182
f 7352 7546 7132
f 7183 7546 7352
f 7131 7547 7353
f 7185 7532 7363
f 7353 7547 7186
f 7354 7548 7130
f 7362 7533 7184
f 7363 7532 7129
f 7187 7548 7354
f 7128 7533 7362
f 7181 7534 7361
f 7360 7536 7180
f 7361 7534 7127
f 7126 7536 7360
f 7177 7544 7357
f 7356 7549 7176
f 7357 7544 7125
f 932 7472 933
f 532 7473 533
f 7124 7549 7356
f 1087 7642 7331
f 1097 7643 7330
f 7332 7644 1094
f 7333 7645 1084
f 951 7640 952
f 513 7641 514
f 509 7638 510
f 955 7639 956
f 655 7652 7419
f 7420 7651 804
f 130 7619 131
f 114 7618 115
f 127 7617 128
f 117 7616 118
f 124 7615 125
f 121 7614 122
f 7341 7796 7235
f 7236 7795 7342
f 1060 7670 1061
f 1074 7671 1075
f 1070 7672 1071
f 1064 7673 1065
f 792 7636 793
f 666 7637 667
f 332 7631 333
f 789 7628 790
f 669 7629 670
f 90 7530 91
f 306 7630 307
f 795 7632 796
f 663 7633 664
f 7156 7556 7364
f 7365 7557 7157
f 335 7625 336
f 7364 7556 7188
f 7189 7557 7365
f 7154 7558 7367
f 7366 7559 7155
f 7367 7558 7190
f 7191 7559 7366
f 7152 7560 7369
f 7368 7561 7153
f 7369 7560 7193
f 7192 7561 7368
f 7150 7562 7371
f 7370 7563 7151
f 7371 7562 7196
f 7197 7563 7370
f 798 7626 799
f 660 7627 661
f 303 7622 304
f 7148 7564 7373
f 7372 7565 7149
f 7199 7552 7381
f 7380 7553 7198
f 7373 7564 7201
f 7200 7565 7372
f 7381 7552 7146
f 7147 7553 7380
f 7377 7555 7195
f 7194 7554 7376
f 7376 7554 7144
f 7145 7555 7377
f 329 7607 330
f 7434 7750 7275
f 801 7623 802
f 657 7624 658
f 309 7604 310
f 338 7621 339
f 300 7620 301
f 93 7566 94
f 7334 7516 7119
f 341 7613 342
f 297 7612 298
f 808 7796 7341
f 7342 7795 651
f 1076 7754 1077
f 1058 7755 1059
f 1066 7756 1067
f 1068 7757 1069
f 344 7611 345
f 294 7608 295
f 782 7674 7414
f 7415 7675 677
f 7408 7576 7139
f 7138 7577 7407
f 7406 7578 7137
f 7136 7579 7405
f 806 7512 807
f 652 7513 653
f 7404 7580 7135
f 7134 7582 7403
f 7402 7583 7133
f 7132 7584 7401
f 7419 7609 7156
f 7157 7610 7420
f 7400 7585 7131
f 7130 7586 7399
f 7123 7581 7398
f 7397 7575 7124
f 7125 7574 7396
f 7395 7573 7126
f 7127 7572 7394
f 7230 7799 7430
f 351 7485 352
f 7338 7683 7118
f 7117 7682 7337
f 7335 7680 7115
f 7116 7681 7336
f 7430 7799 154
f 7212 7650 7416
f 7416 7776 7212
f 7416 7650 7158
f 149 7484 150
f 7219 7646 7470
f 7469 7649 7220
f 7218 7647 7468
f 7467 7648 7217
f 7176 7589 7355
f 7355 7589 7123
f 7358 7587 7129
f 7128 7588 7359
f 7186 7587 7358
f 7359 7588 7187
f 7418 7749 349
f 91 7657 92
f 7394 7572 7185
f 7184 7573 7395
f 7396 7574 7181
f 7180 7575 7397
f 7393 7594 7154
f 7155 7595 7392
f 7398 7581 7177
f 7388 7596 7152
f 7153 7597 7389
f 7387 7598 7150
f 7151 7599 7386
f 7385 7600 7148
f 7149 7601 7384
f 7399 7586 7183
f 7182 7585 7400
f 7401 7584 7179
f 7178 7583 7402
f 7403 7582 7175
f 7174 7580 7404
f 7405 7579 7173
f 7172 7578 7406
f 7407 7577 7171
f 7170 7576 7408
f 7144 7591 7383
f 7382 7590 7145
f 654 7652 655
f 804 7651 805
f 7205 7526 7474
f 7475 7527 7204
f 7206 7550 7480
f 7481 7551 7207
f 21 7653 507
f 958 7654 50
f 50 7654 1055
f 1080 7653 21
f 7195 7593 7375
f 7374 7592 7194
f 7375 7593 7143
f 7142 7592 7374
f 39 7655 781
f 678 7656 30
f 30 7656 1078
f 1057 7655 39
f 7379 7602 7146
f 7147 7603 7378
f 7201 7602 7379
f 7378 7603 7200
f 7383 7591 7199
f 7198 7590 7382
f 7220 7649 7413
f 7412 7646 7219
f 7217 7648 7411
f 7410 7647 7218
f 1061 7476 1062
f 1073 7477 1074
f 7196 7600 7385
f 7384 7601 7197
f 1071 7479 1072
f 1063 7478 1064
f 7386 7599 7192
f 7193 7598 7387
f 7190 7596 7388
f 7389 7597 7191
f 7188 7594 7393
f 7392 7595 7189
f 7420 7610 7202
f 7203 7609 7419
f 7432 7488 7105
f 7433 7489 7106
f 7428 7696 7163
f 7429 7697 7160
f 7474 7526 7221
f 7222 7527 7475
f 7224 7551 7481
f 7480 7550 7223
f 7110 7498 7482
f 7482 7498 7220
f 7108 7500 7483
f 7483 7500 7217
f 7275 7750 7421
f 7219 7781 7412
f 7218 7782 7410
f 7337 7682 7504
f 7505 7683 7338
f 7336 7681 7503
f 7502 7680 7335
f 7358 7669 310
f 329 7668 7359
f 789 7666 7378
f 7379 7667 670
f 7411 7648 1092
f 7413 7649 1082
f 1089 7647 7410
f 1099 7646 7412
f 7284 7659 7494
f 7495 7658 7285
f 7413 7751 7220
f 7411 7752 7217
f 7421 7750 289
f 7496 7662 7290
f 7291 7663 7497
f 648 7807 649
f 810 7808 811
f 7343 7801 293
f 346 7798 7344
f 7217 7500 7467
f 7468 7501 7218
f 7470 7499 7219
f 7220 7498 7469
f 7358 7604 7186
f 7187 7607 7359
f 7105 7697 7429
f 7106 7696 7428
f 7355 7614 7176
f 7357 7615 7177
f 7180 7616 7360
f 7361 7617 7181
f 7184 7618 7362
f 7363 7619 7185
f 7108 7660 7422
f 7110 7661 7425
f 7379 7629 7201
f 7200 7628 7378
f 7375 7639 7195
f 7194 7638 7374
f 7198 7640 7380
f 7381 7641 7199
f 7422 7660 7213
f 7189 7623 7392
f 7393 7624 7188
f 7388 7627 7190
f 7191 7626 7389
f 7192 7632 7386
f 7387 7633 7193
f 7385 7637 7196
f 7197 7636 7384
f 7107 7511 7486
f 7357 7688 125
f 7355 7690 122
f 7109 7510 7487
f 117 7687 7360
f 7425 7661 7215
f 7408 7608 7170
f 7171 7611 7407
f 7361 7686 128
f 7406 7612 7172
f 7173 7613 7405
f 7404 7620 7174
f 7175 7621 7403
f 7402 7622 7178
f 7179 7625 7401
f 7400 7630 7182
f 7183 7631 7399
f 7410 7642 1088
f 7412 7643 1098
f 1093 7644 7411
f 1083 7645 7413
f 7467 7500 7208
f 7209 7501 7468
f 7377 7685 7382
f 7383 7684 7376
f 7392 7702 7366
f 7367 7703 7393
f 7369 7700 7388
f 7389 7699 7368
f 7386 7693 7370
f 7371 7694 7387
f 7384 7691 7372
f 7373 7692 7385
f 7469 7498 7210
f 7211 7499 7470
f 7163 7751 7413
f 7160 7752 7411
f 792 7691 7384
f 7385 7692 667
f 795 7693 7386
f 7387 7694 664
f 7388 7700 661
f 798 7699 7389
f 7394 7686 7361
f 7360 7687 7395
f 7398 7690 7355
f 7396 7688 7357
f 7356 7689 7397
f 801 7702 7392
f 7393 7703 658
f 7345 7740 7408
f 7407 7731 7346
f 7347 7728 7406
f 7405 7727 7348
f 7349 7721 7404
f 7403 7713 7350
f 7351 7704 7402
f 7401 7701 7352
f 7353 7698 7400
f 7399 7695 7354
f 332 7695 7399
f 7259 7805 7434
f 7400 7698 307
f 335 7701 7401
f 7402 7704 304
f 338 7713 7403
f 7404 7721 301
f 7412 7781 7162
f 7410 7782 7161
f 341 7727 7405
f 7406 7728 298
f 344 7731 7407
f 7434 7805 291
f 7408 7740 295
f 1059 7494 1060
f 1075 7495 1076
f 1069 7497 1070
f 1065 7496 1066
f 7212 7657 7417
f 7419 7652 7203
f 7202 7651 7420
f 7205 7767 7755
f 7754 7766 7204
f 7659 7767 7111
f 7112 7766 7658
f 7114 7787 7662
f 7663 7786 7113
f 1077 7502 3
f 4 7503 1058
f 1067 7505 49
f 22 7504 1068
f 7206 7786 7757
f 7756 7787 7207
f 7212 7776 7657
f 93 7776 7416
f 1088 7642 1087
f 1098 7643 1097
f 1094 7644 1093
f 1084 7645 1083
f 7286 7660 7490
f 7288 7661 7491
f 788 7666 789
f 670 7667 671
f 310 7669 311
f 328 7668 329
f 7494 7659 7213
f 7214 7658 7495
f 7364 7747 7419
f 7420 7748 7365
f 7216 7662 7496
f 7497 7663 7215
f 7419 7747 655
f 804 7748 7420
f 812 7571 40
f 29 7570 647
f 7284 7767 7659
f 7658 7766 7285
f 7662 7787 7290
f 7291 7786 7663
f 15 7569 283
f 357 7568 16
f 7435 7569 7208
f 7209 7568 7436
f 7438 7570 7210
f 7211 7571 7437
f 7436 7606 7209
f 7208 7605 7435
f 7210 7635 7438
f 7437 7634 7211
f 283 7569 7435
f 7436 7568 357
f 7437 7571 812
f 647 7570 7438
f 7422 7605 7208
f 7209 7606 7423
f 7211 7634 7424
f 7425 7635 7210
f 1096 7528 1095
f 1086 7529 1085
f 7488 7697 7105
f 7489 7696 7106
f 7472 7804 7232
f 7231 7803 7473
f 7755 7767 7284
f 7285 7766 7754
f 7483 7752 7160
f 7482 7751 7163
f 1092 7648 1091
f 1100 7646 1099
f 1090 7647 1089
f 1082 7649 1081
f 7757 7786 7291
f 7290 7787 7756
f 932 7804 7472
f 7473 7803 533
f 95 7802 7471
f 7471 7802 7274
f 7233 7761 7485
f 7485 7761 352
f 16 7568 7468
f 7467 7569 15
f 7469 7570 29
f 40 7571 7470
f 781 7674 782
f 677 7675 678
f 354 7676 355
f 285 7677 286
f 809 7678 810
f 649 7679 650
f 295 7740 296
f 343 7731 344
f 507 7725 508
f 957 7726 958
f 298 7728 299
f 340 7727 341
f 301 7721 302
f 655 7747 656
f 803 7748 804
f 337 7713 338
f 304 7704 305
f 800 7702 801
f 658 7703 659
f 334 7701 335
f 797 7699 798
f 661 7700 662
f 307 7698 308
f 331 7695 332
f 794 7693 795
f 664 7694 665
f 791 7691 792
f 667 7692 668
f 122 7690 123
f 92 7776 93
f 511 7684 512
f 953 7685 954
f 128 7686 129
f 116 7687 117
f 125 7688 126
f 119 7689 120
f 7206 7757 7504
f 7505 7756 7207
f 7205 7755 7503
f 7502 7754 7204
f 7689 7753 120
f 511 7758 7684
f 7685 7759 954
f 7356 7753 7689
f 953 7763 7685
f 7684 7762 512
f 7684 7758 7376
f 7377 7759 7685
f 7689 7774 7397
f 7396 7773 7688
f 7687 7772 7395
f 7394 7769 7686
f 7685 7763 7382
f 7383 7762 7684
f 7686 7769 129
f 116 7772 7687
f 7688 7773 126
f 119 7774 7689
f 287 7760 288
f 352 7761 353
f 807 7796 808
f 651 7795 652
f 349 7749 350
f 533 7803 534
f 931 7804 932
f 154 7799 155
f 89 7800 90
f 289 7750 290
f 7690 7777 123
f 7398 7777 7690
f 120 7753 121
f 510 7758 511
f 954 7759 955
f 7118 7683 7551
f 7550 7682 7117
f 7115 7680 7527
f 7526 7681 7116
f 330 7764 331
f 308 7765 309
f 952 7763 953
f 512 7762 513
f 333 7768 334
f 305 7775 306
f 790 7770 791
f 668 7771 669
f 336 7780 337
f 665 7779 666
f 793 7778 794
f 129 7769 130
f 115 7772 116
f 126 7773 127
f 118 7774 119
f 302 7783 303
f 123 7777 124
f 796 7784 797
f 662 7785 663
f 339 7788 340
f 299 7791 300
f 799 7789 800
f 659 7790 660
f 342 7794 343
f 802 7792 803
f 656 7793 657
f 296 7797 297
f 345 7798 346
f 293 7801 294
f 291 7805 292
f 94 7802 95
f 347 7806 348
f 7468 7568 7209
f 7208 7569 7467
f 7210 7570 7469
f 7470 7571 7211
f 7691 7770 7372
f 7373 7771 7692
f 791 7770 7691
f 7692 7771 668
f 7371 7779 7694
f 7693 7778 7370
f 7694 7779 665
f 794 7778 7693
f 7695 7764 7354
f 331 7764 7695
f 7353 7765 7698
f 7698 7765 308
f 7699 7784 7368
f 7369 7785 7700
f 797 7784 7699
f 7700 7785 662
f 7701 7768 7352
f 334 7768 7701
f 7367 7790 7703
f 7702 7789 7366
f 7703 7790 659
f 800 7789 7702
f 7351 7775 7704
f 7704 7775 305
f 7713 7780 7350
f 337 7780 7713
f 7349 7783 7721
f 7721 7783 302
f 7727 7788 7348
f 340 7788 7727
f 7347 7791 7728
f 7728 7791 299
f 7475 7766 7112
f 7111 7767 7474
f 7731 7794 7346
f 343 7794 7731
f 7481 7787 7114
f 7113 7786 7480
f 7495 7671 7214
f 7213 7670 7494
f 7496 7673 7216
f 7215 7672 7497
f 7345 7797 7740
f 7740 7797 296
f 7162 7781 7439
f 7161 7782 7440
f 7440 7782 7218
f 7439 7781 7219
f 7748 7792 7365
f 7364 7793 7747
f 803 7792 7748
f 7747 7793 656
f 7490 7660 7108
f 7491 7661 7110
f 7522 7664 7225
f 7226 7665 7523
f 7227 7664 7522
f 7523 7665 7228
f 7474 7767 7205
f 7204 7766 7475
f 7480 7786 7206
f 7207 7787 7481
f 508 7725 7492
f 7493 7726 957
f 7503 7681 7205
f 7204 7680 7502
f 7492 7725 7225
f 7226 7726 7493
f 7504 7682 7206
f 7207 7683 7505
f 7217 7752 7483
f 7220 7751 7482
f 7281 7696 7489
f 7280 7697 7488
f 7494 7670 1060
f 1075 7671 7495
f 7497 7672 1070
f 1065 7673 7496
f 7235 7796 7512
f 7513 7795 7236
f 7512 7796 807
f 652 7795 7513
f 7515 7805 7259
f 292 7805 7515
f 7258 7806 7514
f 7514 7806 347
f 7530 7800 7229
f 1077 7754 7502
f 7503 7755 1058
f 90 7800 7530
f 1067 7756 7505
f 7504 7757 1068
f 7566 7802 94
f 7274 7802 7566
f 7205 7681 7526
f 7527 7680 7204
f 7224 7808 7678
f 7679 7807 7223
f 7206 7682 7550
f 7551 7683 7207
f 7655 7674 781
f 678 7675 7656
f 7656 7675 7227
f 7228 7674 7655
f 294 7801 7608
f 7611 7798 345
f 309 7765 7604
f 7607 7764 330
f 297 7797 7612
f 7613 7794 342
f 300 7791 7620
f 7621 7788 339
f 7225 7725 7653
f 7654 7726 7226
f 7623 7792 802
f 657 7793 7624
f 303 7783 7622
f 7625 7780 336
f 7626 7789 799
f 660 7790 7627
f 306 7775 7630
f 121 7753 7614
f 7632 7784 796
f 663 7785 7633
f 7628 7770 790
f 669 7771 7629
f 7631 7768 333
f 7636 7778 793
f 666 7779 7637
f 124 7777 7615
f 7616 7774 118
f 127 7773 7617
f 7618 7772 115
f 130 7769 7619
f 7638 7758 510
f 955 7759 7639
f 7640 7763 952
f 513 7762 7641
f 7653 7725 507
f 958 7726 7654
f 7657 7776 92
f 649 7807 7679
f 7678 7808 810
f 695 7822 696
f 567 7823 568
f 557 7824 558
f 697 7826 698
f 699 7827 700
f 701 7825 702
f 703 7828 704
f 557 7856 7824
f 705 7830 706
f 1101 7844 7829
f 7830 7845 706
f 7813 7840 7820
f 7818 7841 7814
f 7821 7840 7813
f 7814 7841 7819
f 1102 7844 1101
f 567 7832 7823
f 1104 7854 7847
f 7847 7853 1106
f 695 7834 7822
f 7823 7835 568
f 7820 7831 7809
f 7809 7831 7818
f 7811 7832 7821
f 7822 7836 696
f 7823 7832 7811
f 7819 7833 7810
f 7811 7852 7823
f 7822 7852 7811
f 7824 7833 558
f 7811 7836 7822
f 7810 7833 7824
f 7816 7855 7834
f 7835 7855 7817
f 7814 7850 7818
f 7813 7849 7821
f 7820 7848 7813
f 7819 7851 7814
f 7826 7837 698
f 7825 7838 702
f 699 7837 7827
f 703 7838 7828
f 7823 7852 7835
f 7835 7852 7812
f 7834 7852 7822
f 7812 7852 7834
f 7825 7842 7809
f 7809 7842 7827
f 7839 7844 1103
f 7826 7836 7811
f 7810 7843 7828
f 7818 7850 7809
f 7809 7848 7820
f 7810 7851 7819
f 7821 7849 7811
f 697 7836 7826
f 1103 7844 1102
f 7813 7837 7826
f 7827 7837 7813
f 7814 7838 7825
f 7828 7838 7814
f 7812 7855 7835
f 7834 7855 7812
f 7809 7850 7825
f 7828 7851 7810
f 7827 7848 7809
f 7811 7849 7826
f 701 7842 7825
f 7827 7842 700
f 1105 7847 1106
f 1104 7847 1105
f 7813 7848 7827
f 7826 7849 7813
f 7825 7850 7814
f 7814 7851 7828
f 7824 7846 7810
f 7847 7854 7817
f 7816 7853 7847
f 7828 7843 704
f 7830 7843 7810
f 7829 7859 1101
f 707 7845 7839
f 706 7845 707
f 556 7859 7856
f 705 7843 7830
f 694 7834 695
f 568 7835 569
f 7834 7857 7816
f 7817 7858 7835
f 7856 7859 7829
f 562 7831 563
f 566 7832 567
f 558 7833 559
f 696 7836 697
f 702 7838 703
f 698 7837 699
f 7810 7846 7830
f 560 7841 561
f 564 7840 565
f 7815 7845 7830
f 700 7842 701
f 7830 7846 7815
f 556 7856 557
f 704 7843 705
f 7831 7865 563
f 7820 7865 7831
f 562 7862 7831
f 7831 7862 7818
f 566 7864 7832
f 7832 7864 7821
f 7833 7863 559
f 7819 7863 7833
f 694 7857 7834
f 7835 7858 569
f 564 7865 7840
f 7840 7865 7820
f 7841 7862 561
f 560 7863 7841
f 7840 7864 565
f 7821 7864 7840
f 7841 7863 7819
f 7818 7862 7841
f 31 7853 693
f 1106 7853 31
f 570 7854 25
f 25 7854 1104
f 7815 7844 7839
f 7839 7845 7815
f 7815 7860 7844
f 7844 7860 7829
f 23 7859 556
f 1101 7859 23
f 7839 7861 707
f 1103 7861 7839
f 693 7857 694
f 569 7858 570
f 707 7861 33
f 33 7861 1103
f 563 7865 564
f 559 7863 560
f 561 7862 562
f 565 7864 566
f 7824 7860 7846
f 7846 7860 7815
f 7817 7855 7847
f 7847 7855 7816
f 7853 7857 693
f 7854 7858 7817
f 570 7858 7854
f 7816 7857 7853
f 7856 7860 7824
f 7829 7860 7856
f 7869 7886 7887
f 7866 7869 7887
f 7891 7879 7875
f 691 7879 7891
f 7869 7870 7886
f 7870 7885 7886
f 7886 7885 689
f 689 690 7886
f 7882 7883 7870
f 7867 7870 7883
f 7889 7877 7873
f 575 7877 7889
f 7881 7882 7869
f 573 7882 7881
f 573 574 7882
f 7882 7870 7869
f 7879 32 1109
f 1109 7875 7879
f 691 692 7879
f 692 32 7879
f 7878 7874 1106
f 7878 687 688
f 1106 31 7878
f 1104 7873 7877
f 575 576 7877
f 7878 31 687
f 7876 7872 1107
f 7876 571 572
f 7877 25 1104
f 7875 1109 1108
f 7887 7886 7892
f 576 25 7877
f 1105 1106 7874
f 7892 7886 690
f 1107 26 7876
f 7873 1104 1105
f 690 691 7892
f 7876 26 571
f 7874 7878 7890
f 7890 7878 688
f 1108 1107 7872
f 7883 7882 7893
f 7872 7876 7888
f 7888 7876 572
f 7893 7882 574
f 574 575 7893
f 1105 7874 7895
f 7871 7873 7895
f 7895 7874 7871
f 7895 7873 1105
f 7894 7875 1108
f 7894 7872 7868
f 7883 7871 7867
f 688 689 7884
f 7867 7871 7884
f 7867 7884 7885
f 7868 7875 7894
f 7891 7875 7868
f 572 573 7880
f 7866 7868 7880
f 7868 7887 7891
f 688 7884 7890
f 7871 7874 7890
f 7866 7880 7881
f 7881 7869 7866
f 7881 7880 573
f 7890 7884 7871
f 1108 7872 7894
f 7889 7873 7871
f 7871 7883 7889
f 572 7880 7888
f 7868 7872 7888
f 7888 7880 7868
f 7887 7868 7866
f 7885 7884 689
f 7885 7870 7867
f 691 7891 7892
f 7893 7889 7883
f 7892 7891 7887
f 575 7889 7893
f 725 726 7911
f 579 580 7912
f 7902 7909 7933
f 7903 7910 7934
f 7908 7901 7932
f 589 7908 7954
f 7909 584 7956
f 7910 581 7955
f 7908 589 7922
f 581 7910 7923
f 7909 7913 7933
f 7910 7914 7934
f 7915 7908 7932
f 7909 7902 7936
f 7910 7903 7937
f 7901 7908 7938
f 7912 580 7923
f 7922 7905 7946
f 1112 7930 7944
f 7930 1110 7945
f 7911 726 7924
f 579 7912 7925
f 7931 1109 7943
f 1107 7931 7942
f 725 7911 7929
f 7897 7912 7923
f 7900 7912 7935
f 7912 7897 7935
f 7911 7900 7935
f 7908 7922 7938
f 7922 7899 7938
f 7897 7929 7935
f 7923 7910 7937
f 7929 7911 7935
f 7897 7923 7937
f 7924 7906 7947
f 7907 7925 7947
f 7912 7900 7925
f 7900 7911 7924
f 584 7909 7926
f 584 585 7956
f 588 589 7954
f 581 582 7955
f 7899 7922 7946
f 7915 7898 7928
f 7898 7913 7928
f 7900 7924 7947
f 7925 7900 7947
f 7896 7926 7936
f 1108 1109 7931
f 1112 1111 7930
f 1111 1110 7930
f 1107 1108 7931
f 7926 7909 7936
f 716 7920 7927
f 7930 7906 7944
f 7907 7930 7945
f 715 716 7927
f 7904 7931 7943
f 7896 7914 7926
f 7931 7905 7942
f 7914 583 7926
f 7898 7916 7917
f 7918 7896 7919
f 7905 7922 7948
f 7897 7921 7929
f 7927 7899 7946
f 583 7914 7955
f 586 7913 7956
f 7915 587 7954
f 7920 7899 7927
f 7913 7909 7956
f 7914 7910 7955
f 7908 7915 7954
f 726 727 7924
f 578 579 7925
f 7906 7924 7949
f 7925 7907 7950
f 580 581 7923
f 589 590 7922
f 7921 724 7929
f 7921 7903 7958
f 7916 7901 7959
f 7902 7917 7957
f 583 584 7926
f 7913 586 7928
f 587 7915 7928
f 7920 716 7941
f 721 7919 7939
f 7918 722 7940
f 7904 7927 7946
f 582 583 7955
f 585 586 7956
f 587 588 7954
f 7913 7898 7933
f 7914 7896 7934
f 7898 7915 7932
f 724 725 7929
f 7901 7941 7959
f 7903 7940 7958
f 7939 7902 7957
f 716 717 7941
f 722 723 7940
f 720 721 7939
f 7922 590 7948
f 7917 7902 7933
f 7918 7903 7934
f 7898 7917 7933
f 7896 7918 7934
f 7916 7898 7932
f 7901 7916 7932
f 591 26 7942
f 26 1107 7942
f 32 714 7943
f 1109 32 7943
f 7902 7919 7936
f 7903 7921 7937
f 7919 7896 7936
f 7921 7897 7937
f 7899 7920 7938
f 7920 7901 7938
f 7924 727 7949
f 578 7925 7950
f 24 577 7945
f 1110 24 7945
f 728 34 7944
f 34 1112 7944
f 7917 7916 7951
f 7918 7919 7952
f 724 7921 7958
f 7919 7902 7939
f 7903 7918 7940
f 7901 7920 7941
f 7919 721 7952
f 722 7918 7952
f 586 587 7928
f 590 591 7948
f 727 728 7949
f 577 578 7950
f 714 715 7953
f 718 719 7951
f 721 722 7952
f 7951 719 7957
f 7917 7951 7957
f 718 7951 7959
f 7951 7916 7959
f 719 720 7957
f 723 724 7958
f 717 718 7959
f 7931 7904 7946
f 7905 7931 7946
f 715 7927 7953
f 7927 7904 7953
f 7906 7930 7947
f 7930 7907 7947
f 591 7942 7948
f 7942 7905 7948
f 728 7944 7949
f 7944 7906 7949
f 7945 577 7950
f 7907 7945 7950
f 7904 7943 7953
f 7943 714 7953
f 7940 723 7958
f 720 7939 7957
f 7941 717 7959
f 7980 7981 7963
f 7960 7963 7981
f 7985 7973 7969
f 712 7973 7985
f 7963 7964 7980
f 7964 7979 7980
f 7980 7979 710
f 710 711 7980
f 7976 7977 7964
f 7961 7964 7977
f 7983 7971 7967
f 554 7971 7983
f 7963 7975 7976
f 7976 7975 552
f 552 553 7976
f 7976 7964 7963
f 7973 33 1103
f 1103 7969 7973
f 712 713 7973
f 713 33 7973
f 7972 7968 1112
f 7972 708 709
f 1112 34 7972
f 1110 7967 7971
f 554 555 7971
f 7972 34 708
f 7970 7966 1101
f 7970 550 551
f 7971 24 1110
f 7969 1103 1102
f 7981 7980 7986
f 555 24 7971
f 1111 1112 7968
f 7986 7980 711
f 1101 23 7970
f 7967 1110 1111
f 711 712 7986
f 7970 23 550
f 7968 7972 7984
f 7984 7972 709
f 7966 7970 7982
f 7982 7970 551
f 1102 1101 7966
f 7977 7976 7987
f 7987 7976 553
f 553 554 7987
f 1111 7968 7989
f 7965 7967 7989
f 7989 7968 7965
f 7989 7967 1111
f 7988 7969 1102
f 7988 7966 7962
f 7977 7965 7961
f 709 710 7978
f 7961 7965 7978
f 7961 7978 7979
f 7962 7969 7988
f 7985 7969 7962
f 551 552 7974
f 7960 7962 7974
f 7962 7981 7985
f 709 7978 7984
f 7965 7968 7984
f 7984 7978 7965
f 1102 7966 7988
f 7983 7967 7965
f 7965 7977 7983
f 7960 7974 7975
f 7975 7963 7960
f 7975 7974 552
f 551 7974 7982
f 7962 7966 7982
f 7982 7974 7962
f 7981 7962 7960
f 7979 7978 710
f 7979 7964 7961
f 712 7985 7986
f 7987 7983 7977
f 7986 7985 7981
f 554 7983 7987
f 8004 8002 278
f 8004 13 1114
f 1114 8002 8004
f 278 13 8004
f 279 8001 8003
f 1114 13 8003
f 8003 8001 1114
f 8003 13 279
f 8017 8018 7992
f 8002 1114 1113
f 1113 7991 8002
f 1117 8018 8017
f 1113 1114 8001
f 8001 7990 1113
f 8017 1116 1117
f 8013 7996 7994
f 1122 7999 8016
f 1122 7990 7999
f 8019 8010 7995
f 7995 7993 8005
f 7993 7995 8010
f 8007 8009 7992
f 8014 7997 7996
f 7997 8014 8016
f 7990 1122 55
f 55 1113 7990
f 8016 8014 1121
f 8007 7992 8018
f 7991 1113 55
f 55 1115 7991
f 7996 7997 8008
f 8000 7998 8012
f 8009 8012 7998
f 277 8012 8009
f 8011 7997 7999
f 7997 8011 8008
f 8008 8011 280
f 276 8009 8007
f 7996 8008 8006
f 8006 8008 281
f 8005 8007 7995
f 8018 7995 8007
f 275 8007 8005
f 8005 7993 14
f 8019 7995 8018
f 8015 7998 8000
f 8014 7996 1120
f 7999 7997 8016
f 7994 8006 8020
f 7994 7996 8006
f 8000 8012 8002
f 7991 8000 8002
f 8002 8012 278
f 8001 8011 7999
f 8001 7999 7990
f 279 8011 8001
f 8010 8013 7994
f 8010 7994 7993
f 1119 8013 8010
f 7993 282 14
f 1118 8010 8019
f 7996 8013 1120
f 8000 7991 8015
f 8015 8017 7998
f 1116 8017 8015
f 1117 8019 8018
f 8015 7991 1115
f 8009 276 277
f 8019 1117 1118
f 8020 8006 282
f 280 281 8008
f 8009 7998 7992
f 8010 1118 1119
f 279 280 8011
f 8007 275 276
f 8012 277 278
f 8020 7993 7994
f 282 7993 8020
f 1119 1120 8013
f 8005 14 275
f 7992 7998 8017
f 1121 1122 8016
f 8015 1115 1116
f 281 282 8006
f 1120 1121 8014
f 1119 8021 8037
f 8029 8033 1122
f 8037 8021 81
f 8027 8029 1122
f 87 8029 8027
f 1115 8028 8026
f 8026 8028 74
f 8025 8031 1121
f 85 8031 8025
f 1116 8030 8024
f 8024 8030 76
f 8023 8035 1120
f 83 8035 8023
f 1117 8034 8022
f 8022 8034 78
f 1118 8036 8021
f 8021 8036 80
f 82 8023 8037
f 8033 55 1122
f 8037 8023 1119
f 8037 81 82
f 8036 8022 79
f 1118 8022 8036
f 79 80 8036
f 84 8025 8035
f 8035 8025 1120
f 8035 83 84
f 8034 8024 77
f 8021 80 81
f 8021 1119 1118
f 1117 8024 8034
f 77 78 8034
f 8022 78 79
f 8022 1118 1117
f 8033 8029 88
f 8033 1123 55
f 1115 8032 8028
f 1115 55 8032
f 1120 1119 8023
f 82 83 8023
f 8024 76 77
f 8024 1117 1116
f 73 8028 8032
f 55 1123 8032
f 2 8032 1123
f 2 73 8032
f 1121 1120 8025
f 84 85 8025
f 86 8027 8031
f 8031 8027 1121
f 8026 1116 1115
f 8026 74 75
f 8031 85 86
f 8030 8026 75
f 1122 1121 8027
f 86 87 8027
f 1116 8026 8030
f 75 76 8030
f 1123 8033 2
f 73 74 8028
f 8029 87 88
f 8033 88 2
f 8052 8050 270
f 8052 11 1125
f 1125 8050 8052
f 270 11 8052
f 271 8049 8051
f 1125 11 8051
f 8051 8049 1125
f 8051 11 271
f 8065 8066 8040
f 8050 1125 1124
f 1124 8039 8050
f 1128 8066 8065
f 1124 1125 8049
f 8049 8038 1124
f 8065 1127 1128
f 8061 8044 8042
f 1133 8047 8064
f 1133 8038 8047
f 8067 8058 8043
f 8043 8041 8053
f 8041 8043 8058
f 8055 8057 8040
f 8062 8045 8044
f 8045 8062 8064
f 8038 1133 56
f 56 1124 8038
f 8064 8062 1132
f 8055 8040 8066
f 8039 1124 56
f 56 1126 8039
f 8044 8045 8056
f 8048 8046 8060
f 8057 8060 8046
f 269 8060 8057
f 8059 8045 8047
f 8045 8059 8056
f 8056 8059 272
f 268 8057 8055
f 8044 8056 8054
f 8054 8056 273
f 8053 8055 8043
f 8066 8043 8055
f 267 8055 8053
f 8053 8041 12
f 8067 8043 8066
f 8063 8046 8048
f 8062 8044 1131
f 8047 8045 8064
f 8042 8054 8068
f 8042 8044 8054
f 8048 8060 8050
f 8039 8048 8050
f 8050 8060 270
f 8049 8059 8047
f 8049 8047 8038
f 271 8059 8049
f 8058 8061 8042
f 8058 8042 8041
f 1130 8061 8058
f 8041 274 12
f 1129 8058 8067
f 8044 8061 1131
f 8048 8039 8063
f 8063 8065 8046
f 1127 8065 8063
f 1128 8067 8066
f 8063 8039 1126
f 8057 268 269
f 8067 1128 1129
f 8068 8054 274
f 272 273 8056
f 8057 8046 8040
f 8058 1129 1130
f 271 272 8059
f 8055 267 268
f 8060 269 270
f 8068 8041 8042
f 274 8041 8068
f 1130 1131 8061
f 8053 12 267
f 8040 8046 8065
f 1132 1133 8064
f 8063 1126 1127
f 273 274 8054
f 1131 1132 8062
f 1130 8069 8085
f 8077 8081 1133
f 8085 8069 65
f 8075 8077 1133
f 71 8077 8075
f 1126 8076 8074
f 8074 8076 58
f 8073 8079 1132
f 69 8079 8073
f 1127 8078 8072
f 8072 8078 60
f 8071 8083 1131
f 67 8083 8071
f 1128 8082 8070
f 8070 8082 62
f 1129 8084 8069
f 8069 8084 64
f 66 8071 8085
f 8081 56 1133
f 8085 8071 1130
f 8085 65 66
f 8084 8070 63
f 1129 8070 8084
f 63 64 8084
f 68 8073 8083
f 8083 8073 1131
f 8083 67 68
f 8082 8072 61
f 8069 64 65
f 8069 1130 1129
f 1128 8072 8082
f 61 62 8082
f 8070 62 63
f 8070 1129 1128
f 8081 8077 72
f 8081 1134 56
f 1126 8080 8076
f 1126 56 8080
f 1131 1130 8071
f 66 67 8071
f 8072 60 61
f 8072 1128 1127
f 57 8076 8080
f 56 1134 8080
f 1 8080 1134
f 1 57 8080
f 1132 1131 8073
f 68 69 8073
f 70 8075 8079
f 8079 8075 1132
f 8074 1127 1126
f 8074 58 59
f 8079 69 70
f 8078 8074 59
f 1133 1132 8075
f 70 71 8075
f 1127 8074 8078
f 59 60 8078
f 1134 8081 1
f 57 58 8076
f 8077 71 72
f 8081 72 1
f 8089 8106 8107
f 8086 8089 8107
f 8111 8099 8095
f 992 8099 8111
f 8089 8090 8106
f 8105 8106 8090
f 990 8106 8105
f 990 991 8106
f 8090 8102 8103
f 8087 8090 8103
f 8109 8097 8093
f 832 8097 8109
f 8101 8102 8089
f 830 8102 8101
f 830 831 8102
f 8102 8090 8089
f 8099 53 1137
f 1137 8095 8099
f 992 993 8099
f 993 53 8099
f 8098 8094 1140
f 8098 988 989
f 1140 54 8098
f 1138 8093 8097
f 832 833 8097
f 8098 54 988
f 8096 8092 1135
f 8096 828 829
f 8097 42 1138
f 8095 1137 1136
f 8107 8106 8112
f 833 42 8097
f 1139 1140 8094
f 8112 8106 991
f 1135 41 8096
f 8093 1138 1139
f 8096 41 828
f 8094 8098 8110
f 991 992 8112
f 8110 8098 989
f 8092 8096 8108
f 8108 8096 829
f 1136 1135 8092
f 8103 8102 8113
f 8113 8102 831
f 831 832 8113
f 1139 8094 8115
f 8091 8093 8115
f 8115 8094 8091
f 8115 8093 1139
f 8114 8095 1136
f 8114 8092 8088
f 8103 8091 8087
f 989 990 8104
f 8087 8091 8104
f 8087 8104 8105
f 8088 8095 8114
f 8111 8095 8088
f 829 830 8100
f 8086 8088 8100
f 8088 8107 8111
f 989 8104 8110
f 8091 8094 8110
f 8086 8100 8101
f 8101 8089 8086
f 8101 8100 830
f 8110 8104 8091
f 1136 8092 8114
f 8109 8093 8091
f 8091 8103 8109
f 829 8100 8108
f 8088 8092 8108
f 8108 8100 8088
f 8107 8088 8086
f 8105 8104 990
f 8105 8090 8087
f 992 8111 8112
f 8113 8109 8103
f 8112 8111 8107
f 832 8109 8113
f 1003 1004 8131
f 859 860 8130
f 1005 1006 8129
f 857 858 8128
f 867 868 8132
f 8122 8127 8156
f 8132 868 8166
f 995 996 8135
f 8133 1141 8148
f 8127 864 8171
f 8126 1000 8173
f 1000 8126 8150
f 864 8127 8151
f 8123 8126 8155
f 8126 8123 8160
f 995 8135 8149
f 8127 8134 8156
f 1141 1142 8148
f 8127 8122 8159
f 8131 1004 8141
f 859 8130 8142
f 8128 858 8142
f 1005 8129 8141
f 8154 1138 8164
f 1140 8154 8163
f 8129 1006 8144
f 857 8128 8143
f 8120 8130 8153
f 8129 8116 8141
f 8116 8131 8141
f 8116 8128 8142
f 8130 8116 8142
f 8130 8120 8158
f 8131 8116 8158
f 8116 8129 8157
f 8128 8116 8157
f 8116 8130 8158
f 8120 8147 8158
f 8147 8131 8158
f 8125 8143 8165
f 8144 8124 8165
f 8132 8118 8146
f 8118 8135 8167
f 8129 8144 8157
f 8144 8119 8157
f 8143 8128 8157
f 8119 8143 8157
f 1143 8145 8148
f 8117 8151 8159
f 864 865 8171
f 8137 8118 8167
f 1142 1143 8148
f 8130 860 8153
f 8117 8150 8160
f 8126 8136 8155
f 8151 8127 8159
f 8143 8119 8165
f 8119 8144 8165
f 1000 1001 8173
f 8118 8132 8152
f 1139 1138 8154
f 1140 1139 8154
f 867 8132 8146
f 1003 8131 8147
f 8150 8126 8160
f 8125 8154 8164
f 8154 8124 8163
f 8118 8134 8146
f 8120 8136 8147
f 1141 8133 8170
f 8145 994 8149
f 994 995 8149
f 8139 8120 8153
f 8117 8140 8151
f 8134 866 8146
f 8117 8138 8150
f 866 8134 8171
f 8166 869 8170
f 1002 8136 8173
f 8136 1002 8147
f 8134 8127 8171
f 1006 1007 8144
f 856 857 8143
f 8143 8125 8169
f 8124 8144 8168
f 8133 8166 8170
f 8138 999 8150
f 858 859 8142
f 1004 1005 8141
f 8140 863 8151
f 8136 8126 8173
f 8123 8139 8175
f 8122 8137 8174
f 999 1000 8150
f 999 8138 8161
f 863 864 8151
f 1001 1002 8173
f 8121 8135 8152
f 865 866 8171
f 8135 8121 8149
f 8134 8118 8156
f 861 8139 8153
f 8162 8123 8175
f 8135 996 8167
f 8161 8122 8174
f 866 867 8146
f 8135 8118 8152
f 868 869 8166
f 863 8140 8162
f 8136 8120 8155
f 998 999 8161
f 1002 1003 8147
f 8139 8123 8155
f 8120 8139 8155
f 860 861 8153
f 8118 8137 8156
f 8137 8122 8156
f 862 863 8162
f 8122 8138 8159
f 8138 8117 8159
f 8123 8140 8160
f 8140 8117 8160
f 856 8143 8169
f 8144 1007 8168
f 1008 54 8163
f 54 1140 8163
f 1138 42 8164
f 42 855 8164
f 8145 8121 8148
f 997 8137 8167
f 8121 8145 8149
f 8148 8121 8172
f 8133 8148 8172
f 8137 997 8174
f 8138 8122 8161
f 8139 861 8175
f 8140 8123 8162
f 996 997 8167
f 869 44 8170
f 44 1141 8170
f 994 8145 8176
f 8145 1143 8176
f 8121 8152 8172
f 1007 1008 8168
f 855 856 8169
f 52 994 8176
f 1143 52 8176
f 997 998 8174
f 861 862 8175
f 8152 8132 8172
f 8154 8125 8165
f 8124 8154 8165
f 8125 8164 8169
f 8163 8124 8168
f 1008 8163 8168
f 8164 855 8169
f 862 8162 8175
f 998 8161 8174
f 8132 8166 8172
f 8166 8133 8172
f 8197 8198 8180
f 8177 8180 8198
f 8202 8190 8186
f 971 8190 8202
f 8180 8181 8197
f 8181 8196 8197
f 8197 8196 969
f 969 970 8197
f 8193 8194 8181
f 8178 8181 8194
f 8200 8188 8184
f 853 8188 8200
f 8180 8192 8193
f 8193 8192 851
f 851 852 8193
f 8193 8181 8180
f 8190 52 1143
f 1143 8186 8190
f 971 972 8190
f 972 52 8190
f 8189 8185 1146
f 8189 967 968
f 1146 51 8189
f 1144 8184 8188
f 853 854 8188
f 8189 51 967
f 8187 8183 1141
f 8187 849 850
f 8188 43 1144
f 8186 1143 1142
f 8198 8197 8203
f 854 43 8188
f 1145 1146 8185
f 8203 8197 970
f 1141 44 8187
f 8184 1144 1145
f 970 971 8203
f 8187 44 849
f 8185 8189 8201
f 8201 8189 968
f 8183 8187 8199
f 8199 8187 850
f 1142 1141 8183
f 8194 8193 8204
f 8204 8193 852
f 852 853 8204
f 1145 8185 8206
f 8182 8184 8206
f 8206 8185 8182
f 8206 8184 1145
f 8205 8186 1142
f 8205 8183 8179
f 8194 8182 8178
f 968 969 8195
f 8178 8182 8195
f 8178 8195 8196
f 8179 8186 8205
f 8202 8186 8179
f 850 851 8191
f 8177 8179 8191
f 8179 8198 8202
f 968 8195 8201
f 8182 8185 8201
f 8201 8195 8182
f 1142 8183 8205
f 8200 8184 8182
f 8182 8194 8200
f 8177 8191 8192
f 8192 8180 8177
f 8192 8191 851
f 850 8191 8199
f 8179 8183 8199
f 8199 8191 8179
f 8198 8179 8177
f 8196 8195 969
f 8196 8181 8178
f 971 8202 8203
f 8204 8200 8194
f 8203 8202 8198
f 853 8200 8204
f 982 8222 983
f 838 8221 839
f 984 8220 985
f 836 8219 837
f 846 8223 847
f 8213 8247 8218
f 8223 8257 847
f 974 8226 975
f 8224 8239 1144
f 8218 8262 843
f 8217 8264 979
f 979 8241 8217
f 843 8242 8218
f 8214 8246 8217
f 8217 8251 8214
f 974 8240 8226
f 8218 8247 8225
f 1144 8239 1145
f 8218 8250 8213
f 8222 8232 983
f 838 8233 8221
f 8219 8233 837
f 984 8232 8220
f 8245 8255 1135
f 1137 8254 8245
f 8220 8235 985
f 836 8234 8219
f 8211 8244 8221
f 8220 8232 8207
f 8207 8232 8222
f 8207 8233 8219
f 8221 8233 8207
f 8221 8249 8211
f 8222 8249 8207
f 8207 8248 8220
f 8219 8248 8207
f 8207 8249 8221
f 8211 8249 8238
f 8238 8249 8222
f 8216 8256 8234
f 8235 8256 8215
f 8223 8237 8209
f 8209 8258 8226
f 8220 8248 8235
f 8235 8248 8210
f 8234 8248 8219
f 8210 8248 8234
f 1146 8239 8236
f 8208 8250 8242
f 843 8262 844
f 8228 8258 8209
f 1145 8239 1146
f 8221 8244 839
f 8208 8251 8241
f 8217 8246 8227
f 8242 8250 8218
f 8234 8256 8210
f 8210 8256 8235
f 979 8264 980
f 8209 8243 8223
f 1136 8245 1135
f 1137 8245 1136
f 846 8237 8223
f 982 8238 8222
f 8241 8251 8217
f 8216 8255 8245
f 8245 8254 8215
f 8209 8237 8225
f 8211 8238 8227
f 1144 8261 8224
f 8236 8240 973
f 973 8240 974
f 8230 8244 8211
f 8208 8242 8231
f 8225 8237 845
f 8208 8241 8229
f 845 8262 8225
f 8257 8261 848
f 981 8264 8227
f 8227 8238 981
f 8225 8262 8218
f 985 8235 986
f 835 8234 836
f 8234 8260 8216
f 8215 8259 8235
f 8224 8261 8257
f 8229 8241 978
f 837 8233 838
f 983 8232 984
f 8231 8242 842
f 8227 8264 8217
f 8214 8266 8230
f 8213 8265 8228
f 978 8241 979
f 978 8252 8229
f 842 8242 843
f 980 8264 981
f 8212 8243 8226
f 844 8262 845
f 8226 8240 8212
f 8225 8247 8209
f 840 8244 8230
f 8253 8266 8214
f 8226 8258 975
f 8252 8265 8213
f 845 8237 846
f 8226 8243 8209
f 847 8257 848
f 842 8253 8231
f 8227 8246 8211
f 977 8252 978
f 981 8238 982
f 8230 8246 8214
f 8211 8246 8230
f 839 8244 840
f 8209 8247 8228
f 8228 8247 8213
f 841 8253 842
f 8213 8250 8229
f 8229 8250 8208
f 8214 8251 8231
f 8231 8251 8208
f 835 8260 8234
f 8235 8259 986
f 987 8254 53
f 53 8254 1137
f 1135 8255 41
f 41 8255 834
f 8236 8239 8212
f 976 8258 8228
f 8212 8240 8236
f 8239 8263 8212
f 8224 8263 8239
f 8228 8265 976
f 8229 8252 8213
f 8230 8266 840
f 8231 8253 8214
f 975 8258 976
f 848 8261 43
f 43 8261 1144
f 973 8267 8236
f 8236 8267 1146
f 8212 8263 8243
f 986 8259 987
f 834 8260 835
f 51 8267 973
f 1146 8267 51
f 976 8265 977
f 840 8266 841
f 8243 8263 8223
f 8245 8256 8216
f 8215 8256 8245
f 8216 8260 8255
f 8254 8259 8215
f 987 8259 8254
f 8255 8260 834
f 841 8266 8253
f 977 8265 8252
f 8223 8263 8257
f 8257 8263 8224
f 8277 8297 8295
f 8270 8295 8268
f 8295 8270 8277
f 8297 685 8295
f 8278 8296 8290
f 8275 8290 8269
f 8290 8275 8278
f 8296 505 8290
f 8294 8271 8295
f 8268 8295 8271
f 8279 8285 8283
f 8285 680 8283
f 8271 8294 8272
f 8272 8294 8293
f 8294 683 8293
f 683 8294 684
f 8272 8293 8273
f 8283 1078 8279
f 8283 680 679
f 8273 8293 8292
f 1080 8282 8278
f 8280 686 8297
f 8281 266 8276
f 8281 500 499
f 8293 682 8292
f 264 8280 8277
f 8297 686 685
f 682 8293 683
f 8273 8292 8274
f 1079 8279 1078
f 8279 1079 8275
f 8274 8292 8291
f 8278 1079 1080
f 1079 8278 8275
f 265 8277 8270
f 8292 681 8291
f 8277 265 264
f 8276 265 8270
f 681 8292 682
f 265 8276 266
f 8269 8291 8285
f 8291 680 8285
f 680 8291 681
f 8289 8274 8290
f 8269 8290 8274
f 8276 8284 8281
f 8284 500 8281
f 8288 8273 8289
f 503 8288 8289
f 503 8289 504
f 8287 8272 8288
f 502 8287 8288
f 502 8288 503
f 8271 8287 8286
f 8287 501 8286
f 501 8287 502
f 8268 8286 8284
f 8286 500 8284
f 500 8286 501
f 8289 8273 8274
f 8288 8272 8273
f 8287 8271 8272
f 1078 8283 30
f 8283 679 30
f 8282 1080 21
f 506 8282 21
f 8281 499 7
f 266 8281 7
f 686 8280 10
f 8280 264 10
f 8297 8277 8280
f 8270 8284 8276
f 8284 8270 8268
f 8282 506 8296
f 8299 504 8289
f 8299 8290 505
f 8290 8299 8289
f 504 8299 505
f 8296 8278 8282
f 8275 8285 8279
f 8285 8275 8269
f 8296 506 505
f 8298 684 8294
f 8298 8295 685
f 8295 8298 8294
f 684 8298 685
f 8291 8269 8274
f 8286 8268 8271
f 8310 8329 8327
f 8302 8327 8300
f 8327 8302 8310
f 8329 965 8327
f 8309 8328 8322
f 8307 8322 8301
f 8322 8307 8309
f 8328 779 8322
f 8303 8327 8326
f 8300 8327 8303
f 8311 8317 8315
f 8317 960 8315
f 8303 8326 8304
f 8304 8326 8325
f 8326 963 8325
f 963 8326 964
f 8304 8325 8305
f 8315 1055 8311
f 8315 960 959
f 877 8314 8310
f 8313 780 8328
f 8305 8325 8324
f 8325 962 8324
f 1057 8313 8309
f 8328 780 779
f 962 8325 963
f 8312 879 8308
f 8312 774 773
f 8305 8324 8306
f 1056 8311 1055
f 8311 1056 8307
f 878 8310 8302
f 8323 8306 8324
f 8310 878 877
f 961 8323 8324
f 8309 1056 1057
f 1056 8309 8307
f 961 8324 962
f 878 8308 879
f 8308 878 8302
f 8301 8323 8317
f 8323 960 8317
f 960 8323 961
f 8306 8322 8321
f 8301 8322 8306
f 8308 8316 8312
f 8316 774 8312
f 8320 8305 8321
f 777 8320 8321
f 777 8321 778
f 8319 8304 8320
f 776 8319 8320
f 776 8320 777
f 8318 8303 8319
f 775 8318 8319
f 775 8319 776
f 8300 8318 8316
f 8318 774 8316
f 774 8318 775
f 8321 8305 8306
f 8320 8304 8305
f 8319 8303 8304
f 1055 8315 50
f 8315 959 50
f 966 8314 46
f 8314 877 46
f 8313 1057 39
f 780 8313 39
f 879 8312 38
f 8312 773 38
f 8329 8310 8314
f 8302 8316 8308
f 8316 8302 8300
f 8314 966 8329
f 8331 778 8321
f 8331 8322 779
f 8322 8331 8321
f 778 8331 779
f 8328 8309 8313
f 8307 8317 8311
f 8317 8307 8301
f 8329 966 965
f 8330 964 8326
f 8330 8327 965
f 8327 8330 8326
f 964 8330 965
f 8323 8301 8306
f 8318 8300 8303
f 8343 8361 8359
f 8334 8359 8332
f 8359 8334 8343
f 8361 598 8359
f 8340 8360 8354
f 8339 8354 8333
f 8354 8339 8340
f 8360 497 8354
f 8335 8359 8358
f 8332 8359 8335
f 8341 8349 8344
f 8349 593 8344
f 8335 8358 8336
f 8336 8358 8357
f 8358 596 8357
f 596 8358 597
f 8336 8357 8337
f 1032 8347 8343
f 8345 498 8360
f 8337 8357 8356
f 8346 1034 8342
f 8346 492 491
f 259 8345 8340
f 8360 498 497
f 8357 595 8356
f 8344 257 8341
f 8344 593 592
f 595 8357 596
f 8337 8356 8338
f 8343 1033 1032
f 1033 8343 8334
f 8355 8338 8356
f 1033 8342 1034
f 8342 1033 8334
f 8341 258 8339
f 594 8355 8356
f 258 8341 257
f 258 8340 8339
f 594 8356 595
f 8340 258 259
f 8333 8355 8349
f 8355 593 8349
f 593 8355 594
f 8338 8354 8353
f 8333 8354 8338
f 8342 8348 8346
f 8348 492 8346
f 8352 8337 8353
f 495 8352 8353
f 495 8353 496
f 8351 8336 8352
f 494 8351 8352
f 494 8352 495
f 8350 8335 8351
f 493 8350 8351
f 493 8351 494
f 8332 8350 8348
f 8350 492 8348
f 492 8350 493
f 8353 8337 8338
f 8352 8336 8337
f 8351 8335 8336
f 8347 1032 27
f 599 8347 27
f 1034 8346 19
f 8346 491 19
f 498 8345 8
f 8345 259 8
f 8344 592 9
f 257 8344 9
f 8361 8343 8347
f 8334 8348 8342
f 8348 8334 8332
f 8347 599 8361
f 8363 496 8353
f 8363 8354 497
f 8354 8363 8353
f 496 8363 497
f 8360 8340 8345
f 8339 8349 8341
f 8349 8339 8333
f 8361 599 598
f 8362 597 8358
f 8362 8359 598
f 8359 8362 8358
f 597 8362 598
f 8355 8333 8338
f 8350 8332 8335
f 8375 8393 8391
f 8366 8391 8364
f 8391 8366 8375
f 8393 886 8391
f 8373 8392 8386
f 8371 8386 8365
f 8386 8371 8373
f 8392 767 8386
f 8367 8391 8390
f 8364 8391 8367
f 8374 8381 8378
f 8381 881 8378
f 8367 8390 8368
f 8368 8390 8389
f 8390 884 8389
f 884 8390 885
f 8368 8389 8369
f 1009 8379 8375
f 8377 768 8392
f 8378 870 8374
f 8378 881 880
f 8388 8369 8389
f 883 8388 8389
f 872 8377 8373
f 8392 768 767
f 883 8389 884
f 8376 1011 8372
f 8376 762 761
f 8369 8388 8370
f 8375 1010 1009
f 1010 8375 8366
f 8374 871 8371
f 8370 8388 8387
f 871 8374 870
f 8388 882 8387
f 8373 871 872
f 871 8373 8371
f 882 8388 883
f 1010 8372 1011
f 8372 1010 8366
f 8365 8387 8381
f 8387 881 8381
f 881 8387 882
f 8385 8370 8386
f 8365 8386 8370
f 8372 8380 8376
f 8380 762 8376
f 8369 8385 8384
f 8385 765 8384
f 765 8385 766
f 8383 8368 8384
f 764 8383 8384
f 764 8384 765
f 8382 8367 8383
f 763 8382 8383
f 763 8383 764
f 8364 8382 8380
f 8382 762 8380
f 762 8382 763
f 8384 8368 8369
f 8385 8369 8370
f 8383 8367 8368
f 8379 1009 47
f 887 8379 47
f 8378 880 45
f 870 8378 45
f 8377 872 37
f 768 8377 37
f 1011 8376 35
f 8376 761 35
f 8393 8375 8379
f 8366 8380 8372
f 8380 8366 8364
f 8379 887 8393
f 8395 766 8385
f 8395 8386 767
f 8386 8395 8385
f 766 8395 767
f 8392 8373 8377
f 8371 8381 8374
f 8381 8371 8365
f 8393 887 886
f 8394 885 8390
f 8394 8391 886
f 8391 8394 8390
f 885 8394 886
f 8387 8365 8370
f 8382 8364 8367
f 8484 8429 8425
f 8484 1036 8429
f 8424 8428 8485
f 8428 1069 8485
f 8423 8427 8482
f 8427 1043 8482
f 8483 8426 8422
f 8483 1076 8426
f 8429 549 8425
f 8425 549 548
f 8424 535 8428
f 536 535 8424
f 1035 20 8429
f 8429 20 549
f 8428 22 1068
f 535 22 8428
f 8427 6 1044
f 1036 1035 8429
f 252 6 8427
f 1077 3 8426
f 8428 1068 1069
f 8426 3 238
f 8485 8477 8420
f 8427 1044 1043
f 1070 8477 8485
f 8421 8476 8484
f 1076 1077 8426
f 8484 8476 1037
f 8418 8475 8483
f 8483 8475 1075
f 8482 8474 8419
f 1042 8474 8482
f 8425 548 8467
f 8467 548 547
f 8466 536 8424
f 537 536 8466
f 8469 251 8423
f 250 251 8469
f 8422 239 8468
f 8468 239 240
f 8423 252 8427
f 8485 1069 1070
f 251 252 8423
f 1037 1036 8484
f 8426 238 8422
f 1075 1076 8483
f 8422 238 239
f 8482 1043 1042
f 250 8469 8473
f 8415 8407 8473
f 8473 8469 8415
f 8472 8406 8414
f 8509 8581 245
f 8472 8468 240
f 8581 244 245
f 8399 8400 8548
f 8477 8412 8420
f 8412 8477 8479
f 8421 8413 8476
f 8478 8476 8413
f 8434 8490 8529
f 8414 8468 8472
f 8532 8492 8444
f 8596 240 241
f 8541 1073 8463
f 1072 1073 8541
f 8462 1040 8540
f 8540 1040 1039
f 8548 8545 8523
f 8400 8545 8548
f 8522 8544 8549
f 8549 8544 8400
f 8493 8451 8561
f 8561 8451 8433
f 8527 8547 8542
f 8542 8547 8402
f 8416 8460 8470
f 8416 8408 8460
f 8471 8461 8417
f 8461 8409 8417
f 8574 8490 8434
f 8434 8505 8574
f 8574 8505 8430
f 8533 8539 8504
f 8545 8547 8525
f 8401 8547 8545
f 8403 8402 8543
f 8402 8403 8542
f 8524 8546 8544
f 8544 8546 8401
f 8401 8402 8547
f 8546 8402 8401
f 8575 8443 8491
f 8431 8443 8575
f 8400 8401 8545
f 8544 8401 8400
f 8418 8410 8475
f 8481 8475 8410
f 8474 8411 8419
f 8411 8474 8480
f 8485 8420 8424
f 8489 8551 8537
f 8425 8421 8484
f 8537 8551 8431
f 8422 8418 8483
f 8536 8550 8488
f 8482 8419 8423
f 8430 8550 8536
f 8458 8487 8569
f 8569 8487 8405
f 8568 8486 8459
f 8562 8486 8568
f 8452 8472 8566
f 8566 8490 8452
f 8488 8533 8552
f 8552 8533 8432
f 8487 8537 8563
f 8563 8537 8431
f 8562 8536 8486
f 8430 8536 8562
f 8396 8539 8533
f 8417 8409 8413
f 8496 8512 8508
f 8412 8408 8416
f 8582 8580 8516
f 8508 8512 541
f 248 8580 8582
f 8493 8565 8585
f 8585 8517 8493
f 8585 8565 545
f 8433 8528 8553
f 8492 8532 8564
f 8564 8532 539
f 8573 8531 8479
f 8455 8479 8531
f 8566 8529 8490
f 8479 1071 8573
f 8479 8455 8412
f 8478 8530 8572
f 8530 8478 8454
f 8572 1038 8478
f 8413 8454 8478
f 8568 8463 8535
f 8457 8568 8535
f 8568 8457 8562
f 242 8529 8566
f 8471 547 546
f 8534 8462 8569
f 8497 8509 8510
f 8532 8583 539
f 8534 8569 8456
f 8405 8456 8569
f 8510 8509 245
f 8492 8560 8579
f 8579 8560 8432
f 8513 8512 8499
f 8419 8415 8469
f 8469 8423 8419
f 8468 8414 8418
f 8418 8422 8468
f 8467 8417 8421
f 8421 8425 8467
f 8420 8416 8466
f 8466 8424 8420
f 8535 8463 1073
f 1040 8462 8534
f 8435 8518 8538
f 8562 8457 8554
f 8539 8520 8445
f 542 8512 8513
f 8535 8481 8457
f 8535 1074 8481
f 8410 8457 8481
f 8456 8480 8534
f 8480 1041 8534
f 8480 8456 8411
f 8523 8525 8496
f 8543 8546 8526
f 1073 1074 8535
f 8534 1041 1040
f 8450 8449 8519
f 8449 8450 8501
f 8411 8407 8415
f 8414 8406 8410
f 8521 8441 8442
f 8495 8442 8441
f 8518 8435 8436
f 8502 8436 8435
f 8446 8445 8520
f 8445 8446 8503
f 8473 8506 8567
f 8506 8473 8453
f 8583 540 539
f 8407 8453 8473
f 8553 8528 8397
f 8397 8489 8553
f 8596 8566 8472
f 8472 8452 8406
f 8402 8546 8543
f 8585 8514 8501
f 8456 8555 8559
f 8559 8555 8407
f 8555 8453 8407
f 8555 8456 8405
f 8558 8554 8457
f 8406 8554 8558
f 8406 8452 8554
f 8571 8487 8458
f 8522 8437 8438
f 8494 8438 8437
f 8510 8498 8497
f 8497 8439 8524
f 8448 8447 8527
f 8447 8448 8500
f 8439 8497 8498
f 8499 8500 8513
f 8526 8439 8440
f 8498 8440 8439
f 8525 8447 8499
f 8500 8499 8447
f 8417 8413 8421
f 8420 8412 8416
f 8551 8515 8431
f 8443 8431 8515
f 8501 8517 8585
f 8443 8442 8516
f 8516 8491 8443
f 544 8514 8585
f 8419 8411 8415
f 8414 8410 8418
f 8528 8451 8450
f 8450 8519 8528
f 8528 8519 8397
f 8517 8450 8451
f 8451 8493 8517
f 8495 8511 8582
f 8543 8526 8441
f 8542 8519 8449
f 8403 8519 8542
f 8523 8520 8548
f 8499 8496 8525
f 8549 8518 8437
f 8436 8437 8518
f 8437 8522 8549
f 8582 8516 8495
f 8520 8523 8446
f 8582 8511 247
f 8547 8527 8447
f 1071 8479 8592
f 8439 8526 8546
f 8477 1070 8592
f 8496 8446 8523
f 8592 8479 8477
f 8525 8523 8545
f 8592 1070 1071
f 8449 8527 8542
f 8527 8449 8448
f 8440 8441 8526
f 8447 8525 8547
f 8496 8499 8512
f 8546 8524 8439
f 8409 8561 8433
f 8544 8522 8524
f 8438 8524 8522
f 8524 8438 8497
f 8506 8580 8567
f 8502 8507 8436
f 8591 8478 1038
f 8450 8517 8501
f 8591 1037 8476
f 8495 8516 8442
f 8476 8478 8591
f 8446 8508 8503
f 1038 1037 8591
f 8494 8509 8438
f 8590 8481 1074
f 8433 8465 8409
f 8590 1075 8475
f 8448 8514 8500
f 8475 8481 8590
f 8494 8507 8581
f 1074 1075 8590
f 8498 8511 8440
f 1041 8480 8589
f 8459 8486 8570
f 8474 1042 8589
f 8441 8521 8543
f 8543 8521 8403
f 8404 8487 8571
f 8500 8514 8513
f 8513 8514 543
f 8594 8471 546
f 8570 8486 8398
f 8502 8529 8595
f 8595 8507 8502
f 243 8507 8595
f 8432 8504 8579
f 8444 8492 8579
f 8579 8504 8444
f 8589 8480 8474
f 8510 8511 8498
f 246 8511 8510
f 8580 248 8567
f 8460 8564 8593
f 8578 8560 8408
f 8578 8464 8432
f 8432 8560 8578
f 8396 8587 8539
f 8577 8570 8455
f 8577 8531 8459
f 8459 8570 8577
f 8455 8531 8577
f 8454 8571 8576
f 8458 8530 8576
f 8576 8571 8458
f 8576 8530 8454
f 8575 8555 8431
f 8575 8491 8453
f 8453 8555 8575
f 8589 1042 1041
f 8430 8554 8574
f 8452 8490 8574
f 8574 8554 8452
f 8470 8466 8416
f 1072 8531 8573
f 8573 1071 1072
f 8572 8530 1039
f 1039 1038 8572
f 8571 8465 8404
f 8454 8465 8571
f 8398 8464 8570
f 8570 8464 8455
f 8462 8458 8569
f 8568 8459 8463
f 8396 8399 8587
f 248 249 8567
f 537 8466 8470
f 8566 241 242
f 8417 8467 8471
f 8594 8565 8461
f 8565 8493 8461
f 8565 546 545
f 8471 8467 547
f 8593 8470 8460
f 8460 8492 8564
f 539 538 8564
f 8563 8555 8405
f 8431 8555 8563
f 8405 8487 8563
f 8461 8471 8594
f 8562 8554 8430
f 546 8565 8594
f 8588 8551 8397
f 8561 8409 8461
f 8461 8493 8561
f 8588 8403 8515
f 8515 8551 8588
f 8460 8408 8560
f 8560 8492 8460
f 247 248 8582
f 8510 245 246
f 541 540 8508
f 8397 8403 8588
f 8399 8548 8587
f 8520 8539 8587
f 8587 8548 8520
f 8464 8578 8556
f 8578 8408 8556
f 8437 8436 8494
f 8559 8411 8456
f 8407 8411 8559
f 8457 8410 8558
f 8441 8440 8495
f 8558 8410 8406
f 8409 8465 8557
f 8454 8413 8557
f 8580 8506 8491
f 8557 8465 8454
f 8557 8413 8409
f 8470 8593 537
f 8491 8516 8580
f 8556 8412 8455
f 8455 8464 8556
f 8408 8412 8556
f 8593 538 537
f 8553 8489 8404
f 8553 8465 8433
f 8404 8465 8553
f 8581 8509 8494
f 8398 8488 8552
f 8432 8464 8552
f 8552 8464 8398
f 8581 8507 244
f 8551 8489 8397
f 8586 8538 8518
f 8430 8505 8550
f 8501 8448 8449
f 8396 8488 8550
f 8541 8531 1072
f 8541 8463 8459
f 8435 8434 8502
f 8459 8531 8541
f 1039 8530 8540
f 8458 8462 8540
f 8503 8444 8445
f 8540 8530 8458
f 8518 8549 8586
f 8504 8445 8444
f 8445 8504 8539
f 8567 250 8473
f 8399 8538 8586
f 8434 8435 8505
f 8538 8505 8435
f 8399 8584 8538
f 8404 8489 8537
f 8537 8487 8404
f 8536 8488 8398
f 8398 8486 8536
f 8593 8564 538
f 8529 242 8595
f 8507 243 244
f 8585 545 544
f 8507 8494 8436
f 8453 8491 8506
f 8396 8550 8584
f 8505 8538 8584
f 8533 8504 8432
f 8533 8488 8396
f 8584 8550 8505
f 8444 8503 8532
f 8567 249 250
f 8399 8396 8584
f 8529 8502 8434
f 8595 242 243
f 8528 8433 8451
f 8521 8515 8403
f 8442 8515 8521
f 8403 8397 8519
f 8400 8586 8549
f 8446 8496 8508
f 8442 8443 8515
f 8511 246 247
f 8400 8399 8586
f 8448 8501 8514
f 544 543 8514
f 8583 8508 540
f 8511 8495 8440
f 543 542 8513
f 8583 8532 8503
f 8509 8497 8438
f 542 541 8512
f 8503 8508 8583
f 241 8566 8596
f 8472 240 8596
f 8685 8628 8624
f 8685 1046 8628
f 8623 8627 8686
f 8627 1059 8686
f 8626 8630 8683
f 8630 1053 8683
f 8684 8629 8625
f 8684 1066 8629
f 8628 170 8624
f 8624 170 169
f 8623 156 8627
f 157 156 8623
f 1045 5 8628
f 8628 5 170
f 8627 4 1058
f 156 4 8627
f 8630 48 1054
f 8630 1054 1053
f 930 48 8630
f 1067 49 8629
f 1066 1067 8629
f 8629 49 916
f 8686 8678 8619
f 1046 1045 8628
f 1060 8678 8686
f 8620 8677 8685
f 8627 1058 1059
f 8685 8677 1047
f 8621 8676 8684
f 8684 8676 1065
f 8683 8675 8622
f 1052 8675 8683
f 8624 169 8668
f 8668 169 168
f 8667 157 8623
f 158 157 8667
f 8670 929 8626
f 928 929 8670
f 8625 917 8669
f 8669 917 918
f 8626 930 8630
f 8686 1059 1060
f 929 930 8626
f 1047 1046 8685
f 8629 916 8625
f 1065 1066 8684
f 8625 916 917
f 8683 1053 1052
f 928 8670 8674
f 8618 8610 8674
f 8674 8670 8618
f 8673 8609 8617
f 8713 8782 923
f 8673 8669 918
f 8782 922 923
f 8600 8601 8749
f 8678 8611 8619
f 8611 8678 8680
f 8620 8612 8677
f 8679 8677 8612
f 8643 8691 8730
f 8617 8669 8673
f 8733 8693 8635
f 8797 918 919
f 8742 1063 8664
f 1062 1063 8742
f 8663 1050 8741
f 8741 1050 1049
f 8749 8745 8723
f 8601 8745 8749
f 8724 8746 8750
f 8750 8746 8601
f 8694 8642 8762
f 8762 8642 8634
f 8727 8747 8743
f 8743 8747 8603
f 8615 8661 8671
f 8615 8607 8661
f 8672 8662 8616
f 8662 8608 8616
f 8775 8691 8643
f 8643 8706 8775
f 8775 8706 8631
f 8734 8740 8705
f 8745 8747 8725
f 8602 8747 8745
f 8604 8603 8744
f 8603 8604 8743
f 8726 8748 8746
f 8746 8748 8602
f 8748 8603 8602
f 8602 8603 8747
f 8776 8652 8692
f 8632 8652 8776
f 8746 8602 8601
f 8601 8602 8745
f 8621 8613 8676
f 8682 8676 8613
f 8675 8614 8622
f 8614 8675 8681
f 8686 8619 8623
f 8690 8752 8738
f 8624 8620 8685
f 8738 8752 8632
f 8625 8621 8684
f 8737 8751 8689
f 8683 8622 8626
f 8631 8751 8737
f 8659 8688 8770
f 8770 8688 8606
f 8769 8687 8660
f 8763 8687 8769
f 8653 8673 8767
f 8767 8691 8653
f 8689 8734 8753
f 8753 8734 8633
f 8688 8738 8764
f 8764 8738 8632
f 8763 8737 8687
f 8631 8737 8763
f 8597 8740 8734
f 8616 8608 8612
f 8697 8710 8709
f 8611 8607 8615
f 8783 8781 8717
f 8709 8710 162
f 926 8781 8783
f 8694 8766 8786
f 8786 8718 8694
f 8786 8766 166
f 8634 8729 8754
f 8693 8733 8765
f 8765 8733 160
f 8774 8732 8680
f 8656 8680 8732
f 8767 8730 8691
f 8680 1061 8774
f 8680 8656 8611
f 8679 8731 8773
f 8731 8679 8655
f 8773 1048 8679
f 8612 8655 8679
f 8769 8664 8736
f 8658 8769 8736
f 8769 8658 8763
f 920 8730 8767
f 8672 168 167
f 8735 8663 8770
f 8700 8713 8714
f 8733 8784 160
f 8735 8770 8657
f 8606 8657 8770
f 8714 8713 923
f 8693 8761 8780
f 8780 8761 8633
f 8711 8710 8698
f 8622 8618 8670
f 8670 8626 8622
f 8669 8617 8621
f 8621 8625 8669
f 8668 8616 8620
f 8620 8624 8668
f 8619 8615 8667
f 8667 8623 8619
f 8736 8664 1063
f 1050 8663 8735
f 8644 8719 8739
f 8763 8658 8755
f 8740 8721 8636
f 163 8710 8711
f 8736 8682 8658
f 8736 1064 8682
f 8613 8658 8682
f 8657 8681 8735
f 8681 1051 8735
f 8681 8657 8614
f 8723 8725 8697
f 8744 8748 8728
f 1063 1064 8736
f 8735 1051 1050
f 8641 8640 8720
f 8640 8641 8702
f 8614 8610 8618
f 8617 8609 8613
f 8722 8650 8651
f 8696 8651 8650
f 8719 8644 8645
f 8703 8645 8644
f 8637 8636 8721
f 8636 8637 8704
f 8674 8707 8768
f 8707 8674 8654
f 8784 161 160
f 8610 8654 8674
f 8754 8729 8598
f 8598 8690 8754
f 8797 8767 8673
f 8673 8653 8609
f 8603 8748 8744
f 8786 8712 8702
f 8657 8756 8760
f 8760 8756 8610
f 8756 8654 8610
f 8756 8657 8606
f 8759 8755 8658
f 8609 8755 8759
f 8609 8653 8755
f 8772 8688 8659
f 8724 8646 8647
f 8695 8647 8646
f 8714 8701 8700
f 8700 8648 8726
f 8728 8648 8649
f 8701 8649 8648
f 8648 8700 8701
f 8698 8699 8711
f 8639 8638 8727
f 8638 8639 8699
f 8725 8638 8698
f 8699 8698 8638
f 8616 8612 8620
f 8619 8611 8615
f 8752 8716 8632
f 8652 8632 8716
f 8702 8718 8786
f 8652 8651 8717
f 8717 8692 8652
f 165 8712 8786
f 8622 8614 8618
f 8617 8613 8621
f 8729 8642 8641
f 8641 8720 8729
f 8729 8720 8598
f 8718 8641 8642
f 8642 8694 8718
f 8696 8715 8783
f 8744 8728 8650
f 8743 8720 8640
f 8604 8720 8743
f 8723 8721 8749
f 8698 8697 8725
f 8750 8719 8646
f 8645 8646 8719
f 8646 8724 8750
f 8783 8717 8696
f 8721 8723 8637
f 8783 8715 925
f 8648 8728 8748
f 1061 8680 8793
f 8747 8727 8638
f 8678 1060 8793
f 8697 8637 8723
f 8793 8680 8678
f 8725 8723 8745
f 8793 1060 1061
f 8649 8650 8728
f 8640 8727 8743
f 8727 8640 8639
f 8748 8726 8648
f 8697 8698 8710
f 8638 8725 8747
f 8608 8762 8634
f 8746 8724 8726
f 8647 8726 8724
f 8726 8647 8700
f 8707 8781 8768
f 8703 8708 8645
f 8792 8679 1048
f 8641 8718 8702
f 8792 1047 8677
f 8696 8717 8651
f 8677 8679 8792
f 8637 8709 8704
f 1048 1047 8792
f 8695 8713 8647
f 8791 8682 1064
f 8634 8666 8608
f 8791 1065 8676
f 8701 8715 8649
f 8676 8682 8791
f 8695 8708 8782
f 1064 1065 8791
f 8639 8712 8699
f 1051 8681 8790
f 8660 8687 8771
f 8675 1052 8790
f 8650 8722 8744
f 8744 8722 8604
f 8605 8688 8772
f 8699 8712 8711
f 8711 8712 164
f 8795 8672 167
f 8771 8687 8599
f 8703 8730 8796
f 8796 8708 8703
f 921 8708 8796
f 8633 8705 8780
f 8635 8693 8780
f 8780 8705 8635
f 8790 8681 8675
f 8714 8715 8701
f 924 8715 8714
f 8781 926 8768
f 8661 8765 8794
f 8779 8761 8607
f 8779 8665 8633
f 8633 8761 8779
f 8597 8788 8740
f 8778 8771 8656
f 8778 8732 8660
f 8660 8771 8778
f 8656 8732 8778
f 8655 8772 8777
f 8659 8731 8777
f 8777 8772 8659
f 8777 8731 8655
f 8776 8756 8632
f 8776 8692 8654
f 8654 8756 8776
f 8790 1052 1051
f 8631 8755 8775
f 8653 8691 8775
f 8775 8755 8653
f 8671 8667 8615
f 1062 8732 8774
f 8774 1061 1062
f 8773 8731 1049
f 1049 1048 8773
f 8772 8666 8605
f 8655 8666 8772
f 8599 8665 8771
f 8771 8665 8656
f 8663 8659 8770
f 8769 8660 8664
f 8597 8600 8788
f 926 927 8768
f 158 8667 8671
f 8767 919 920
f 8616 8668 8672
f 8795 8766 8662
f 8766 8694 8662
f 8766 167 166
f 8672 8668 168
f 8794 8671 8661
f 8661 8693 8765
f 160 159 8765
f 8764 8756 8606
f 8632 8756 8764
f 8606 8688 8764
f 8662 8672 8795
f 8763 8755 8631
f 167 8766 8795
f 8789 8752 8598
f 8762 8608 8662
f 8662 8694 8762
f 8789 8604 8716
f 8716 8752 8789
f 8661 8607 8761
f 8761 8693 8661
f 925 926 8783
f 164 163 8711
f 162 161 8709
f 8598 8604 8789
f 8600 8749 8788
f 8721 8740 8788
f 8788 8749 8721
f 8665 8779 8757
f 8779 8607 8757
f 8646 8645 8695
f 8760 8614 8657
f 8610 8614 8760
f 8658 8613 8759
f 8650 8649 8696
f 8759 8613 8609
f 8608 8666 8758
f 8655 8612 8758
f 8781 8707 8692
f 8758 8666 8655
f 8758 8612 8608
f 8671 8794 158
f 8692 8717 8781
f 8757 8611 8656
f 8656 8665 8757
f 8607 8611 8757
f 8794 159 158
f 8754 8690 8605
f 8754 8666 8634
f 8605 8666 8754
f 8782 8713 8695
f 8599 8689 8753
f 8633 8665 8753
f 8753 8665 8599
f 8782 8708 922
f 8752 8690 8598
f 8787 8739 8719
f 8631 8706 8751
f 8702 8639 8640
f 8597 8689 8751
f 8742 8732 1062
f 8742 8664 8660
f 8644 8643 8703
f 8660 8732 8742
f 1049 8731 8741
f 8659 8663 8741
f 8704 8635 8636
f 8741 8731 8659
f 8719 8750 8787
f 8705 8636 8635
f 8636 8705 8740
f 8768 928 8674
f 8600 8739 8787
f 8643 8644 8706
f 8739 8706 8644
f 8600 8785 8739
f 8605 8690 8738
f 8738 8688 8605
f 8737 8689 8599
f 8599 8687 8737
f 8794 8765 159
f 8730 920 8796
f 8708 921 922
f 8786 166 165
f 8708 8695 8645
f 8654 8692 8707
f 8597 8751 8785
f 8706 8739 8785
f 8734 8705 8633
f 8734 8689 8597
f 8785 8751 8706
f 8635 8704 8733
f 8768 927 928
f 8600 8597 8785
f 8730 8703 8643
f 8796 920 921
f 8729 8634 8642
f 8722 8716 8604
f 8651 8716 8722
f 8604 8598 8720
f 8601 8787 8750
f 8637 8697 8709
f 8651 8652 8716
f 165 164 8712
f 163 162 8710
f 8715 8696 8649
f 8715 924 925
f 8784 8709 161
f 8639 8702 8712
f 8714 923 924
f 8784 8733 8704
f 8713 8700 8647
f 8601 8600 8787
f 8704 8709 8784
f 919 8767 8797
f 8673 918 8797
f 8827 8886 8831
f 8831 8886 1020
f 8887 8826 8830
f 8887 8830 1099
f 8884 8825 8829
f 8884 8829 1013
f 8824 8885 8828
f 8828 8885 1092
f 8827 8831 827
f 826 8827 827
f 8830 8826 813
f 8826 814 813
f 8831 1021 36
f 827 8831 36
f 1100 8830 40
f 8830 813 40
f 1012 8829 18
f 8831 1020 1021
f 8829 462 18
f 8828 1091 15
f 1099 8830 1100
f 448 8828 15
f 8822 8887 8879
f 1013 8829 1012
f 8887 1098 8879
f 8886 8823 8878
f 8828 1092 1091
f 1019 8886 8878
f 8885 8820 8877
f 1093 8885 8877
f 8821 8884 8876
f 8884 1014 8876
f 8869 8827 826
f 825 8869 826
f 8826 8868 814
f 8868 815 814
f 8825 8871 461
f 8871 460 461
f 8870 8824 449
f 450 8870 449
f 8829 8825 462
f 1098 8887 1099
f 8825 461 462
f 8886 1019 1020
f 8824 8828 448
f 8885 1093 1092
f 449 8824 448
f 1014 8884 1013
f 8875 460 8871
f 8875 8817 8809
f 8817 8875 8871
f 8816 8874 8808
f 455 8911 8983
f 450 8874 8870
f 455 8983 454
f 8950 8801 8802
f 8822 8879 8814
f 8881 8814 8879
f 8878 8823 8815
f 8815 8880 8878
f 8931 8836 8892
f 8874 8816 8870
f 8846 8934 8894
f 451 8998 450
f 8865 8943 1095
f 8943 1096 1095
f 8942 8864 1016
f 1017 8942 1016
f 8925 8950 8947
f 8950 8802 8947
f 8951 8924 8946
f 8802 8951 8946
f 8963 8895 8853
f 8835 8963 8853
f 8944 8929 8949
f 8804 8944 8949
f 8872 8818 8862
f 8862 8818 8810
f 8819 8873 8863
f 8819 8863 8811
f 8836 8976 8892
f 8976 8836 8907
f 8832 8976 8907
f 8906 8935 8941
f 8927 8947 8949
f 8947 8803 8949
f 8945 8805 8804
f 8944 8804 8805
f 8946 8926 8948
f 8803 8946 8948
f 8949 8803 8804
f 8803 8948 8804
f 8893 8977 8845
f 8977 8833 8845
f 8947 8802 8803
f 8802 8946 8803
f 8877 8820 8812
f 8812 8883 8877
f 8821 8876 8813
f 8882 8813 8876
f 8826 8887 8822
f 8939 8891 8953
f 8886 8827 8823
f 8833 8939 8953
f 8885 8824 8820
f 8890 8938 8952
f 8825 8884 8821
f 8938 8832 8952
f 8971 8860 8889
f 8807 8971 8889
f 8861 8970 8888
f 8970 8964 8888
f 8968 8854 8874
f 8854 8968 8892
f 8954 8890 8935
f 8834 8954 8935
f 8965 8889 8939
f 8833 8965 8939
f 8888 8964 8938
f 8964 8832 8938
f 8935 8798 8941
f 8815 8819 8811
f 8910 8898 8914
f 8818 8814 8810
f 8918 8984 8982
f 819 8910 8914
f 8984 458 8982
f 8987 8895 8967
f 8895 8987 8919
f 823 8987 8967
f 8955 8835 8930
f 8966 8894 8934
f 817 8966 8934
f 8881 8975 8933
f 8933 8857 8881
f 8892 8968 8931
f 8975 8881 1097
f 8814 8881 8857
f 8974 8880 8932
f 8856 8932 8880
f 8880 8974 1018
f 8880 8815 8856
f 8937 8970 8865
f 8937 8859 8970
f 8964 8970 8859
f 8968 452 8931
f 824 8873 825
f 8971 8936 8864
f 8912 8899 8911
f 817 8934 8985
f 8858 8936 8971
f 8971 8807 8858
f 455 8912 8911
f 8981 8894 8962
f 8834 8981 8962
f 8901 8915 8914
f 8871 8821 8817
f 8821 8871 8825
f 8820 8870 8816
f 8870 8820 8824
f 8823 8869 8819
f 8869 8823 8827
f 8868 8822 8818
f 8822 8868 8826
f 1095 8937 8865
f 8936 1016 8864
f 8940 8837 8920
f 8956 8964 8859
f 8847 8941 8922
f 8915 820 8914
f 8859 8937 8883
f 8883 8937 1094
f 8883 8812 8859
f 8936 8858 8882
f 8936 8882 1015
f 8813 8882 8858
f 8898 8925 8927
f 8928 8945 8948
f 8937 1095 1094
f 1016 8936 1015
f 8921 8852 8851
f 8903 8851 8852
f 8817 8813 8809
f 8812 8816 8808
f 8844 8923 8843
f 8843 8897 8844
f 8838 8920 8837
f 8837 8904 8838
f 8922 8848 8847
f 8905 8847 8848
f 8969 8875 8908
f 8855 8908 8875
f 817 8985 818
f 8875 8809 8855
f 8799 8955 8930
f 8955 8799 8891
f 8874 8998 8968
f 8808 8874 8854
f 8945 8804 8948
f 8903 8987 8916
f 8961 8858 8957
f 8809 8961 8957
f 8809 8957 8855
f 8807 8957 8858
f 8859 8960 8956
f 8960 8808 8956
f 8956 8808 8854
f 8860 8973 8889
f 8840 8924 8839
f 8839 8896 8840
f 8899 8912 8900
f 8926 8899 8841
f 8929 8850 8849
f 8902 8849 8850
f 8900 8841 8899
f 8915 8901 8902
f 8842 8928 8841
f 8841 8900 8842
f 8901 8927 8849
f 8849 8902 8901
f 8823 8819 8815
f 8818 8822 8814
f 8833 8953 8917
f 8917 8845 8833
f 8987 8903 8919
f 8918 8845 8844
f 8845 8918 8893
f 8987 822 8916
f 8817 8821 8813
f 8820 8816 8812
f 8852 8930 8853
f 8930 8852 8921
f 8799 8930 8921
f 8853 8919 8852
f 8919 8853 8895
f 8984 8897 8913
f 8843 8945 8928
f 8851 8944 8921
f 8944 8805 8921
f 8950 8925 8922
f 8927 8901 8898
f 8839 8951 8920
f 8920 8838 8839
f 8951 8839 8924
f 8897 8984 8918
f 8848 8922 8925
f 457 8984 8913
f 8849 8949 8929
f 8994 1097 8881
f 8948 8841 8928
f 8994 8879 1098
f 8925 8898 8848
f 8879 8994 8881
f 8947 8927 8925
f 1097 8994 1098
f 8944 8851 8929
f 8850 8929 8851
f 8928 8842 8843
f 8949 8849 8927
f 8914 8898 8901
f 8841 8948 8926
f 8835 8811 8963
f 8926 8946 8924
f 8924 8840 8926
f 8899 8926 8840
f 8969 8908 8982
f 8838 8904 8909
f 1018 8993 8880
f 8903 8852 8919
f 8878 8993 1019
f 8844 8897 8918
f 8993 8878 8880
f 8905 8848 8910
f 8993 1018 1019
f 8840 8896 8911
f 1094 8992 8883
f 8811 8835 8867
f 8877 8992 1093
f 8902 8850 8916
f 8992 8877 8883
f 8983 8896 8909
f 8992 1094 1093
f 8842 8900 8913
f 8991 1015 8882
f 8972 8861 8888
f 8991 8876 1014
f 8945 8843 8923
f 8805 8945 8923
f 8973 8806 8889
f 8915 8902 8916
f 821 8915 8916
f 824 8996 8873
f 8800 8972 8888
f 8997 8904 8931
f 8904 8997 8909
f 8997 453 8909
f 8981 8834 8906
f 8981 8846 8894
f 8846 8981 8906
f 8876 8991 8882
f 8900 8912 8913
f 8912 456 8913
f 8969 8982 458
f 8995 8862 8966
f 8810 8980 8962
f 8834 8980 8866
f 8980 8834 8962
f 8941 8798 8989
f 8857 8979 8972
f 8861 8979 8933
f 8979 8861 8972
f 8979 8857 8933
f 8978 8856 8973
f 8978 8860 8932
f 8860 8978 8973
f 8856 8978 8932
f 8833 8977 8957
f 8855 8977 8893
f 8977 8855 8957
f 1015 8991 1014
f 8976 8832 8956
f 8976 8854 8892
f 8854 8976 8956
f 8818 8872 8868
f 8975 1096 8933
f 1096 8975 1097
f 1017 8974 8932
f 8974 1017 1018
f 8806 8973 8867
f 8973 8856 8867
f 8972 8800 8866
f 8857 8972 8866
f 8971 8864 8860
f 8865 8970 8861
f 8989 8798 8801
f 8969 458 459
f 8872 815 8868
f 452 8968 451
f 8873 8819 8869
f 8863 8996 8967
f 8863 8967 8895
f 823 8967 824
f 825 8873 8869
f 8862 8995 8872
f 8966 8862 8894
f 8966 817 816
f 8807 8965 8957
f 8965 8833 8957
f 8965 8807 8889
f 8996 8863 8873
f 8832 8964 8956
f 8996 824 8967
f 8799 8990 8953
f 8863 8963 8811
f 8963 8863 8895
f 8917 8990 8805
f 8990 8917 8953
f 8962 8862 8810
f 8862 8962 8894
f 8984 457 458
f 456 8912 455
f 8910 819 818
f 8990 8799 8805
f 8989 8801 8950
f 8989 8922 8941
f 8922 8989 8950
f 8958 8866 8980
f 8958 8980 8810
f 8896 8839 8838
f 8858 8961 8813
f 8961 8809 8813
f 8960 8859 8812
f 8897 8843 8842
f 8808 8960 8812
f 8959 8811 8867
f 8959 8856 8815
f 8893 8982 8908
f 8856 8959 8867
f 8811 8959 8815
f 815 8872 8995
f 8982 8893 8918
f 8857 8958 8814
f 8958 8857 8866
f 8958 8810 8814
f 815 8995 816
f 8806 8955 8891
f 8835 8955 8867
f 8955 8806 8867
f 8896 8983 8911
f 8954 8800 8890
f 8954 8834 8866
f 8800 8954 8866
f 454 8983 8909
f 8799 8953 8891
f 8920 8988 8940
f 8952 8832 8907
f 8851 8903 8850
f 8952 8798 8890
f 1096 8943 8933
f 8861 8943 8865
f 8904 8837 8836
f 8943 8861 8933
f 8942 1017 8932
f 8942 8860 8864
f 8847 8905 8846
f 8860 8942 8932
f 8988 8920 8951
f 8846 8906 8847
f 8941 8847 8906
f 8875 8969 460
f 8988 8801 8940
f 8907 8836 8837
f 8837 8940 8907
f 8940 8801 8986
f 8939 8806 8891
f 8806 8939 8889
f 8800 8938 8890
f 8938 8800 8888
f 816 8995 8966
f 8997 8931 452
f 454 8909 453
f 822 8987 823
f 8838 8909 8896
f 8908 8855 8893
f 8986 8798 8952
f 8986 8907 8940
f 8834 8935 8906
f 8798 8935 8890
f 8907 8986 8952
f 8934 8846 8905
f 460 8969 459
f 8986 8801 8798
f 8836 8931 8904
f 453 8997 452
f 8853 8930 8835
f 8805 8923 8917
f 8923 8844 8917
f 8921 8805 8799
f 8951 8802 8988
f 8910 8848 8898
f 8917 8844 8845
f 457 8913 456
f 8988 8802 8801
f 8916 8850 8903
f 8916 822 821
f 818 8985 8910
f 8842 8913 8897
f 8915 821 820
f 8905 8985 8934
f 8840 8911 8899
f 8914 820 819
f 8985 8905 8910
f 8998 451 8968
f 8998 8874 450
f 9026 9087 9030
f 9030 9087 1030
f 9088 9025 9029
f 9088 9029 1089
f 9085 9028 9032
f 9085 9032 1023
f 9027 9086 9031
f 9031 9086 1082
f 9026 9030 372
f 371 9026 372
f 9029 9025 358
f 9025 359 358
f 9030 1031 17
f 372 9030 17
f 1090 9029 16
f 9029 358 16
f 1022 9032 28
f 1023 9032 1022
f 9032 646 28
f 9031 1081 29
f 9031 1082 1081
f 632 9031 29
f 9021 9088 9080
f 9030 1030 1031
f 9088 1088 9080
f 9087 9022 9079
f 1089 9029 1090
f 1029 9087 9079
f 9086 9023 9078
f 1083 9086 9078
f 9024 9085 9077
f 9085 1024 9077
f 9070 9026 371
f 370 9070 371
f 9025 9069 359
f 9069 360 359
f 9028 9072 645
f 9072 644 645
f 9071 9027 633
f 634 9071 633
f 9032 9028 646
f 1088 9088 1089
f 9028 645 646
f 9087 1029 1030
f 9027 9031 632
f 9086 1083 1082
f 633 9027 632
f 1024 9085 1023
f 9076 644 9072
f 9076 9020 9012
f 9020 9076 9072
f 9019 9075 9011
f 639 9115 9184
f 634 9075 9071
f 639 9184 638
f 9151 9002 9003
f 9021 9080 9013
f 9082 9013 9080
f 9079 9022 9014
f 9014 9081 9079
f 9132 9045 9093
f 9075 9019 9071
f 9037 9135 9095
f 635 9199 634
f 9066 9144 1085
f 9144 1086 1085
f 9143 9065 1026
f 1027 9143 1026
f 9125 9151 9147
f 9151 9003 9147
f 9152 9126 9148
f 9003 9152 9148
f 9164 9096 9044
f 9036 9164 9044
f 9145 9129 9149
f 9005 9145 9149
f 9073 9017 9063
f 9063 9017 9009
f 9018 9074 9064
f 9018 9064 9010
f 9045 9177 9093
f 9177 9045 9108
f 9033 9177 9108
f 9107 9136 9142
f 9127 9147 9149
f 9147 9004 9149
f 9146 9006 9005
f 9145 9005 9006
f 9148 9128 9150
f 9004 9148 9150
f 9004 9150 9005
f 9149 9004 9005
f 9094 9178 9054
f 9178 9034 9054
f 9003 9148 9004
f 9147 9003 9004
f 9078 9023 9015
f 9015 9084 9078
f 9024 9077 9016
f 9083 9016 9077
f 9025 9088 9021
f 9140 9092 9154
f 9087 9026 9022
f 9034 9140 9154
f 9086 9027 9023
f 9091 9139 9153
f 9028 9085 9024
f 9139 9033 9153
f 9172 9061 9090
f 9008 9172 9090
f 9062 9171 9089
f 9171 9165 9089
f 9169 9055 9075
f 9055 9169 9093
f 9155 9091 9136
f 9035 9155 9136
f 9166 9090 9140
f 9034 9166 9140
f 9089 9165 9139
f 9165 9033 9139
f 9136 8999 9142
f 9014 9018 9010
f 9111 9099 9112
f 9017 9013 9009
f 9119 9185 9183
f 364 9111 9112
f 9185 642 9183
f 9188 9096 9168
f 9096 9188 9120
f 368 9188 9168
f 9156 9036 9131
f 9167 9095 9135
f 362 9167 9135
f 9082 9176 9134
f 9134 9058 9082
f 9093 9169 9132
f 9176 9082 1087
f 9013 9082 9058
f 9175 9081 9133
f 9057 9133 9081
f 9081 9175 1028
f 9081 9014 9057
f 9138 9171 9066
f 9138 9060 9171
f 9165 9171 9060
f 9169 636 9132
f 369 9074 370
f 9172 9137 9065
f 9116 9102 9115
f 362 9135 9186
f 9059 9137 9172
f 9172 9008 9059
f 639 9116 9115
f 9182 9095 9163
f 9035 9182 9163
f 9100 9113 9112
f 9072 9024 9020
f 9024 9072 9028
f 9023 9071 9019
f 9071 9023 9027
f 9022 9070 9018
f 9070 9022 9026
f 9069 9021 9017
f 9021 9069 9025
f 1085 9138 9066
f 9137 1026 9065
f 9141 9046 9121
f 9157 9165 9060
f 9038 9142 9123
f 9113 365 9112
f 9060 9138 9084
f 9084 9138 1084
f 9084 9015 9060
f 9137 9059 9083
f 9137 9083 1025
f 9016 9083 9059
f 9099 9125 9127
f 9130 9146 9150
f 9138 1085 1084
f 1026 9137 1025
f 9122 9043 9042
f 9104 9042 9043
f 9020 9016 9012
f 9015 9019 9011
f 9053 9124 9052
f 9052 9098 9053
f 9047 9121 9046
f 9046 9105 9047
f 9123 9039 9038
f 9106 9038 9039
f 9170 9076 9109
f 9056 9109 9076
f 362 9186 363
f 9076 9012 9056
f 9000 9156 9131
f 9156 9000 9092
f 9075 9199 9169
f 9011 9075 9055
f 9146 9005 9150
f 9104 9188 9114
f 9162 9059 9158
f 9012 9162 9158
f 9012 9158 9056
f 9008 9158 9059
f 9060 9161 9157
f 9161 9011 9157
f 9157 9011 9055
f 9061 9174 9090
f 9049 9126 9048
f 9048 9097 9049
f 9102 9116 9103
f 9128 9102 9050
f 9051 9130 9050
f 9050 9103 9051
f 9103 9050 9102
f 9113 9100 9101
f 9129 9041 9040
f 9101 9040 9041
f 9100 9127 9040
f 9040 9101 9100
f 9022 9018 9014
f 9017 9021 9013
f 9034 9154 9118
f 9118 9054 9034
f 9188 9104 9120
f 9119 9054 9053
f 9054 9119 9094
f 9188 367 9114
f 9020 9024 9016
f 9023 9019 9015
f 9043 9131 9044
f 9131 9043 9122
f 9000 9131 9122
f 9044 9120 9043
f 9120 9044 9096
f 9185 9098 9117
f 9052 9146 9130
f 9042 9145 9122
f 9145 9006 9122
f 9151 9125 9123
f 9127 9100 9099
f 9048 9152 9121
f 9121 9047 9048
f 9152 9048 9126
f 9098 9185 9119
f 9039 9123 9125
f 641 9185 9117
f 9150 9050 9130
f 9195 1087 9082
f 9040 9149 9129
f 9195 9080 1088
f 9125 9099 9039
f 9080 9195 9082
f 9147 9127 9125
f 1087 9195 1088
f 9130 9051 9052
f 9145 9042 9129
f 9041 9129 9042
f 9050 9150 9128
f 9112 9099 9100
f 9149 9040 9127
f 9036 9010 9164
f 9128 9148 9126
f 9126 9049 9128
f 9102 9128 9049
f 9170 9109 9183
f 9047 9105 9110
f 1028 9194 9081
f 9104 9043 9120
f 9079 9194 1029
f 9053 9098 9119
f 9194 9079 9081
f 9106 9039 9111
f 9194 1028 1029
f 9049 9097 9115
f 1084 9193 9084
f 9010 9036 9068
f 9078 9193 1083
f 9051 9103 9117
f 9193 9078 9084
f 9184 9097 9110
f 9193 1084 1083
f 9101 9041 9114
f 9192 1025 9083
f 9173 9062 9089
f 9192 9077 1024
f 9146 9052 9124
f 9006 9146 9124
f 9174 9007 9090
f 9113 9101 9114
f 366 9113 9114
f 369 9197 9074
f 9001 9173 9089
f 9198 9105 9132
f 9105 9198 9110
f 9198 637 9110
f 9182 9035 9107
f 9182 9037 9095
f 9037 9182 9107
f 9077 9192 9083
f 9103 9116 9117
f 9116 640 9117
f 9170 9183 642
f 9196 9063 9167
f 9009 9181 9163
f 9035 9181 9067
f 9181 9035 9163
f 9142 8999 9190
f 9058 9180 9173
f 9062 9180 9134
f 9180 9062 9173
f 9180 9058 9134
f 9179 9057 9174
f 9179 9061 9133
f 9061 9179 9174
f 9057 9179 9133
f 9034 9178 9158
f 9056 9178 9094
f 9178 9056 9158
f 1025 9192 1024
f 9177 9033 9157
f 9177 9055 9093
f 9055 9177 9157
f 9017 9073 9069
f 9176 1086 9134
f 1086 9176 1087
f 1027 9175 9133
f 9175 1027 1028
f 9007 9174 9068
f 9174 9057 9068
f 9173 9001 9067
f 9058 9173 9067
f 9172 9065 9061
f 9066 9171 9062
f 9190 8999 9002
f 9170 642 643
f 9073 360 9069
f 636 9169 635
f 9074 9018 9070
f 9064 9197 9168
f 9064 9168 9096
f 368 9168 369
f 370 9074 9070
f 9063 9196 9073
f 9167 9063 9095
f 9167 362 361
f 9008 9166 9158
f 9166 9034 9158
f 9166 9008 9090
f 9197 9064 9074
f 9033 9165 9157
f 9197 369 9168
f 9000 9191 9154
f 9064 9164 9010
f 9164 9064 9096
f 9118 9191 9006
f 9191 9118 9154
f 9163 9063 9009
f 9063 9163 9095
f 9185 641 642
f 9113 366 365
f 9111 364 363
f 9191 9000 9006
f 9190 9002 9151
f 9190 9123 9142
f 9123 9190 9151
f 9159 9067 9181
f 9159 9181 9009
f 9097 9048 9047
f 9059 9162 9016
f 9162 9012 9016
f 9161 9060 9015
f 9098 9052 9051
f 9011 9161 9015
f 9160 9010 9068
f 9160 9057 9014
f 9094 9183 9109
f 9057 9160 9068
f 9010 9160 9014
f 360 9073 9196
f 9183 9094 9119
f 9058 9159 9013
f 9159 9058 9067
f 9159 9009 9013
f 360 9196 361
f 9007 9156 9092
f 9036 9156 9068
f 9156 9007 9068
f 9097 9184 9115
f 9155 9001 9091
f 9155 9035 9067
f 9001 9155 9067
f 638 9184 9110
f 9000 9154 9092
f 9121 9189 9141
f 9153 9033 9108
f 9042 9104 9041
f 9153 8999 9091
f 1086 9144 9134
f 9062 9144 9066
f 9105 9046 9045
f 9144 9062 9134
f 9143 1027 9133
f 9143 9061 9065
f 9038 9106 9037
f 9061 9143 9133
f 9189 9121 9152
f 9037 9107 9038
f 9142 9038 9107
f 9076 9170 644
f 9189 9002 9141
f 9108 9045 9046
f 9046 9141 9108
f 9141 9002 9187
f 9140 9007 9092
f 9007 9140 9090
f 9001 9139 9091
f 9139 9001 9089
f 361 9196 9167
f 9198 9132 636
f 638 9110 637
f 367 9188 368
f 9047 9110 9097
f 9109 9056 9094
f 9187 8999 9153
f 9187 9108 9141
f 9035 9136 9107
f 8999 9136 9091
f 9108 9187 9153
f 9135 9037 9106
f 644 9170 643
f 9187 9002 8999
f 9045 9132 9105
f 637 9198 636
f 9044 9131 9036
f 9006 9124 9118
f 9124 9053 9118
f 9122 9006 9000
f 9152 9003 9189
f 9111 9039 9099
f 9118 9053 9054
f 9114 367 366
f 9112 365 364
f 9051 9117 9098
f 641 9117 640
f 363 9186 9111
f 9114 9041 9104
f 640 9116 639
f 9106 9186 9135
f 9049 9115 9102
f 9189 9003 9002
f 9186 9106 9111
f 9199 635 9169
f 9199 9075 634
