0 27 
1 
2 
3 4 
5 6 
8 7 
9 10 
11 12 
13 
14 22 
16 15 
17 18 
19 20 
21 23 
24 25 
26 
28 29 
30 31 
32 33 
34 35 
36 37 
38 39 
40 44 
41 42 9844 
46 43 9846 
45 47 
48 51 
49 50 
52 53 
54 
56 55 
57 
3257 11398 11399 3258 11400 3259 3260 3261 11403 11404 11405 11406 2097 3265 11407 11408 3267 58 59 60 61 62 63 11410 65 66 67 68 69 70 71 72 73 74 75 76 77 11412 79 80 81 82 83 11414 85 86 84 88 89 90 91 92 11415 11416 95 96 97 98 99 100 101 102 103 104 3276 105 11417 108 109 110 111 112 113 114 115 116 117 11420 118 120 11421 122 123 124 125 126 127 128 129 130 131 132 133 134 135 136 11423 137 139 140 141 142 143 11426 3285 146 147 144 149 150 151 152 153 154 155 156 157 158 11429 159 161 160 163 164 165 3289 167 166 169 170 11431 172 168 174 175 176 177 178 179 11433 180 182 183 184 11434 186 187 188 189 11435 191 192 193 194 11436 195 197 198 199 196 201 202 203 11438 205 206 200 208 209 210 211 11439 213 214 215 216 11440 218 219 220 221 217 223 222 225 226 224 228 229 230 231 232 233 234 235 236 237 238 239 240 241 242 243 244 11446 246 247 248 249 250 251 252 253 254 11448 255 257 258 259 256 261 260 263 264 265 266 267 268 269 270 271 272 273 274 275 276 277 278 279 280 281 282 283 284 285 286 287 288 289 290 291 292 293 294 295 296 297 298 299 300 301 302 303 304 305 306 307 308 309 310 311 312 313 314 315 316 317 318 319 320 321 322 323 324 325 326 327 328 329 330 331 332 333 334 335 336 337 338 339 340 341 342 343 344 345 346 347 348 11465 11467 3270 11411 353 354 11468 356 357 358 359 11469 361 362 363 364 365 366 367 368 369 11470 371 372 373 374 11472 376 370 378 379 380 381 377 383 384 385 386 387 388 389 390 391 392 393 394 395 396 397 398 399 400 401 402 403 404 405 406 407 408 409 410 411 412 413 414 415 416 417 418 419 420 421 422 423 424 425 426 427 428 429 430 431 432 433 434 435 436 437 438 439 440 441 442 443 444 445 446 447 448 449 450 451 452 453 454 455 456 457 458 459 460 461 462 463 464 465 466 467 468 469 470 471 472 473 474 475 476 477 478 479 480 481 94 483 482 485 486 487 488 489 490 491 492 493 494 495 496 497 498 499 500 501 502 503 504 505 506 507 508 509 510 511 512 513 514 515 516 517 518 519 520 521 522 523 524 525 526 527 528 529 530 531 11418 533 534 106 536 535 532 539 540 541 542 543 544 545 546 547 548 549 550 551 11419 553 554 555 556 557 558 559 560 561 562 563 564 565 566 567 568 569 570 571 572 573 574 575 576 577 578 579 580 581 582 583 584 585 586 587 588 589 590 591 592 593 594 595 596 597 598 119 600 601 602 603 604 605 606 607 608 609 610 611 612 613 614 615 616 617 618 619 620 621 622 623 624 625 626 627 628 629 630 631 632 633 634 635 636 637 638 639 640 641 642 643 644 645 646 647 648 649 650 651 652 653 654 655 656 657 658 659 1759 660 662 663 664 665 666 667 668 669 670 671 672 673 674 675 676 677 678 679 680 681 682 683 684 685 686 687 688 689 690 691 692 693 694 695 696 697 698 699 700 701 702 703 704 705 706 707 708 709 710 711 712 713 714 715 716 717 718 719 720 721 722 723 724 725 726 727 728 729 730 731 732 145 733 735 736 737 738 739 740 741 742 743 744 745 746 747 748 749 3286 751 752 753 754 755 756 757 758 759 760 761 762 763 764 765 766 767 768 769 770 771 772 773 774 775 3287 777 778 779 780 781 782 783 776 785 786 787 788 789 790 791 792 793 794 795 796 797 798 799 800 801 802 803 804 805 806 807 808 809 810 811 812 813 814 815 816 817 818 819 820 821 822 823 824 825 826 827 828 829 830 831 832 833 834 835 836 837 838 839 840 841 842 843 844 845 846 847 848 3290 849 851 852 853 854 855 856 857 858 859 860 861 862 863 864 865 866 867 868 869 870 871 872 873 874 875 876 877 878 879 880 881 882 883 884 885 886 887 888 889 890 891 892 893 894 895 896 897 898 899 900 901 902 903 904 905 906 907 908 909 910 911 912 181 914 915 916 917 918 919 920 921 922 923 924 925 926 927 928 929 930 185 932 931 934 935 936 937 938 939 940 941 942 943 944 945 946 947 948 949 950 951 952 953 954 955 956 190 958 959 960 961 962 963 964 965 966 967 968 969 970 971 972 973 974 975 976 977 978 979 980 981 982 983 984 985 986 987 988 989 990 1667 992 993 994 991 996 997 998 999 1000 1001 1002 1003 1004 1005 1006 3296 1008 1009 1010 1011 1012 1013 1014 1015 1016 1017 1018 1019 1020 1021 1022 1023 1024 1025 1026 1027 1028 204 1030 1031 1032 1033 1034 1035 1036 1037 1038 1039 1040 1041 1042 1043 1044 1045 1046 1047 1048 1049 1050 1051 1052 1053 1054 1055 1056 1057 1058 1059 1060 1061 1062 1063 1064 1065 1066 1067 1068 1069 1070 1071 1072 212 1074 1073 1076 1077 1078 1079 1080 1081 1082 1083 1084 1085 1086 1087 1088 1089 1090 1091 1092 1093 1094 1095 1096 1097 1098 1099 1100 1101 1102 1103 1104 1105 1106 1107 1108 1109 1110 1111 1112 1113 1114 1115 1116 1117 1118 1119 1120 1121 1122 1123 1124 1125 1126 1127 1128 1129 1130 1131 1132 1133 1134 1135 1136 1137 1138 1139 1140 1141 1142 1143 1144 1145 1146 1147 1148 1149 1150 1151 1152 1153 1154 1155 1156 1157 1158 1159 1160 1161 1162 1163 1164 1165 1166 1167 1168 1169 1170 1171 1172 1173 1174 1175 1176 1177 1178 1179 1180 1181 1182 1183 1184 1185 1186 1187 1188 1189 1190 1191 1192 1193 1194 1195 1196 1197 1198 1199 1200 1201 1202 1203 1204 1205 1206 1207 1208 1209 1210 1211 1212 1213 1214 1215 1216 1217 1218 1219 1220 1221 1222 1223 1224 1225 1226 1227 1228 1229 1230 1231 1232 1233 1234 1235 1236 1237 1238 1239 1240 1241 1242 1243 1244 1245 1246 1247 1248 1249 1250 1251 1252 1253 1254 1255 1256 1257 1258 1259 1260 1261 1262 1263 1264 1265 1266 1267 1268 1269 1270 1271 1272 1273 1274 1275 1276 1277 1278 1279 1280 1281 1282 1283 1284 1285 1286 1287 1288 1289 1290 1291 1292 1293 1294 1295 1296 1297 1298 1299 1300 1301 1302 1303 1304 1305 1306 1307 1308 1309 1310 1311 1312 1313 1314 1315 1316 1317 1318 1319 1320 1321 1322 262 1324 1325 1326 1327 1328 1329 1330 1331 1332 1333 1334 1335 1336 1337 1338 1339 1340 1341 1342 1343 1344 1345 1346 1347 1348 1349 1350 1896 1352 1353 1354 1355 1356 1357 1358 1359 1360 1361 1362 1363 1364 1365 1366 1367 1368 1369 1370 1371 1372 1373 1374 1375 1376 1377 1378 1379 1380 1381 1382 1383 1384 1385 1386 1387 1388 1389 1390 1391 1392 1393 1394 1395 1396 1397 1398 1399 1400 1401 1402 1403 1404 1405 1406 1407 1408 1409 1410 1411 1412 1413 1414 1415 1416 1417 1418 1419 1420 1421 1422 1423 1424 1425 1426 1427 1428 1429 1430 1431 1432 1433 1434 1435 1436 1437 1438 1439 1440 1441 1442 1443 1444 1445 1446 1447 1448 1449 1450 1451 1452 1453 1454 1455 1456 1457 1458 1459 1460 1461 1462 1463 1464 1465 1466 1467 1468 1469 1470 1471 1472 1473 1474 1475 1476 1477 1478 1479 1480 1481 1482 1483 1484 1485 1486 1487 1488 1489 1490 1491 1492 1493 1494 1495 1496 1497 1498 1499 1500 1501 1502 1503 1504 1505 1506 1507 1508 1509 1510 1511 1512 1513 1514 1515 11409 1517 1518 1519 1520 1521 1522 1523 1524 1525 1526 1527 1528 1529 1530 1531 1532 1533 1534 1535 1536 1537 1538 1539 1540 1541 1542 1543 1544 1545 1546 1547 1548 1549 1550 1551 1552 1553 1554 1555 1556 1557 1558 1559 1560 1561 1562 1563 1564 1565 1566 1567 1568 1569 1570 1571 1572 1573 1574 1575 1576 1577 1578 1579 1580 1581 1582 1583 1584 1585 1586 1587 1588 1589 1590 1591 1592 1593 1594 1595 1596 1597 1598 1599 1600 1601 1602 1603 1604 1605 1606 1607 1608 1609 1610 1611 1612 1613 1614 1615 1616 1617 1618 1619 1620 1621 1622 1623 1624 3269 1626 1627 1628 1629 1630 1631 1632 1633 1625 1634 1636 1637 1638 1639 1635 1641 1642 1643 1644 1645 1646 1647 1648 1649 1650 1651 1652 1653 1654 1655 1656 1657 1658 1659 1660 1661 1662 1663 1664 11463 1666 1665 1668 1669 1670 1671 1672 1673 1674 1675 1676 1677 1678 1679 1680 1681 1682 1683 1684 1685 1686 1687 1688 1689 11464 1691 1690 1692 1694 1695 1696 1697 1698 1699 1700 1701 1702 1703 1704 1705 1706 1707 1708 1709 1710 1711 1712 1713 1714 1715 1968 1717 1718 1719 1720 1721 1722 1723 1724 1725 1726 1727 1728 1729 1730 1731 1732 1733 1734 1735 1736 1737 1738 1739 1740 1741 1742 1743 1744 1745 1746 1747 1748 1749 1750 1751 1752 1753 1754 1755 1756 1757 1758 349 1760 1761 1762 1763 1764 1765 1766 1767 1768 1769 350 1771 1772 1773 1774 1775 1776 1777 1778 352 1780 1781 1782 1783 1784 1785 1779 355 1788 1789 1786 1791 1792 1793 1794 1795 1796 1797 1798 1799 1800 1801 1802 1803 1804 1805 1806 1807 1808 1809 1810 1811 360 1812 1813 1815 1816 1814 1818 1819 1820 1821 1817 1823 1824 1825 1826 1827 1828 1822 1830 1831 1832 1833 1834 1835 1836 1837 1838 1839 1840 1841 1842 1843 1844 1845 1846 1847 1848 1849 1850 1851 1852 1853 1854 1855 1856 1857 1858 1859 1860 1861 1862 1863 1864 1865 1866 1867 1868 1869 1870 1871 1872 1873 1874 1875 1876 1877 1878 1879 1880 1881 1882 1883 1884 1885 1886 375 1887 1888 1889 1891 1892 1893 1894 1895 1890 1897 1898 1899 1900 1901 1902 1903 1904 1905 1906 1907 1908 1909 1910 1911 1912 1913 1914 1915 1916 1917 1918 1919 1920 1921 1922 1923 1924 1925 1926 1927 1928 1929 1930 1931 1932 1933 1934 1935 1936 1937 1938 1939 1940 1941 1942 1943 1944 1945 1946 1947 1948 1949 1950 1951 1952 1953 1954 1955 1956 1957 1958 1959 1960 1961 1962 1963 1964 1965 1966 1967 78 1969 1970 1971 1972 1973 1974 1975 1976 1977 1978 1979 1980 1981 1982 1983 1984 1985 1986 1987 1988 1989 1990 1991 1992 1993 1994 1995 1996 1997 1998 3272 2000 2001 2002 2003 2004 2005 2006 2007 2008 2009 2010 2011 2012 2013 2014 2015 2016 2017 2018 2019 2020 2021 2022 2023 2024 2025 2026 2027 2028 2029 2030 2031 2032 2033 2034 2035 2036 2037 2038 2039 2040 2041 2042 2043 2044 2045 2046 2047 2048 2049 2050 2051 2052 2053 2054 2055 2056 2057 2058 2059 2060 2061 2062 2063 2064 2065 2066 2067 2068 2069 2070 2071 2072 2073 2074 2075 2076 2077 2078 2079 2080 2081 2082 2083 2084 2085 2086 2087 2088 2089 2090 2091 11480 2093 2094 2095 2096 2092 2098 2099 2100 2101 2102 2103 2104 2105 2106 2107 2108 2109 2110 2111 2112 2113 2114 2115 2116 2117 2118 2119 2120 2121 2122 2123 2124 2125 2126 2127 2128 2129 2130 2131 2132 2133 2134 2135 2136 2137 2138 2139 2140 2141 11482 2143 2144 2145 2146 2147 2148 2149 2150 2151 2152 2153 2154 2155 2156 2157 2158 2159 2160 2161 2162 2163 2164 2165 11483 2167 2168 2169 2170 2171 2172 2173 2174 2175 2176 2177 2178 2179 2180 2181 2182 2183 2184 2185 2186 2187 2188 2189 2190 2191 2192 2193 2194 2195 2196 2197 2198 2199 87 2201 2202 2203 2204 2205 2206 2207 2208 2209 2210 2211 2212 2213 2214 2215 2216 2217 2218 2219 2220 2221 2222 2223 2224 2225 2226 2227 2228 2229 2230 2231 2232 2233 2234 2235 2236 2237 2238 2239 2240 2241 2242 2243 2244 2245 2246 2247 2248 2249 2250 2251 2252 2253 2254 2255 2256 2257 2258 2259 2260 2261 2262 2263 2264 2265 2266 2267 2268 2269 2270 2271 2272 2273 2274 2275 2276 2277 2278 2279 2280 2281 2282 2283 2284 2285 2286 2287 2288 2289 2290 2291 2292 2293 2294 2295 2296 2297 2298 2299 2300 2301 2302 2303 2304 2305 2306 2307 2308 2309 2310 2311 2312 2313 2314 2315 2316 2317 2318 2319 2320 2321 2322 2323 2324 2325 2326 2327 2328 2329 2330 2331 2332 2333 2334 2335 2336 2337 2338 2339 2340 2341 2342 2343 93 2345 2346 2347 2344 2349 2350 2351 2348 2353 2354 2355 2356 2357 2358 2352 2360 2361 2362 2363 2364 2365 2366 2367 2368 2369 2370 2371 2372 2373 2374 11481 2376 2377 2378 2379 2380 2381 2382 2383 2384 2385 2386 2387 2388 2389 2390 2391 2392 2393 2394 2395 2396 2397 2398 2399 2400 2401 2402 2403 2404 2405 2406 2407 2408 2409 2410 2411 2412 2413 2414 2415 2416 2417 2418 2419 2420 2421 2422 2423 2424 2425 2426 2427 2428 2429 2430 2431 2432 2433 2434 2435 2436 2437 2438 2439 2440 2441 2442 2443 2444 2445 2446 2447 2448 2449 2450 2451 2452 2453 2454 2455 2456 2457 2458 2459 2460 2461 2462 2463 2464 2465 2466 2467 2468 2469 2470 2471 2472 2473 2474 2475 2476 2477 2478 2479 2480 2481 2482 2483 2484 2485 2486 2487 2488 2489 2490 2491 2492 2493 2494 2495 2496 2497 2498 2499 2500 2501 2502 2503 2504 2505 2506 2507 2508 2509 2510 2511 2512 2513 2514 2515 2516 2517 2518 2519 2520 2521 2522 2523 2524 2525 2526 2527 2528 2529 2530 2531 2532 2533 2534 2535 2536 2537 2538 2539 2540 2541 2542 2543 2544 2545 2546 2547 2548 2549 2550 2551 2552 2553 2554 2555 2556 2557 2558 2559 2560 2561 2562 2563 2564 2565 2566 2567 2568 2569 2570 2571 2572 2573 2574 2575 2576 2577 2578 2579 2580 2581 2582 2583 2584 2585 2586 2587 2588 2589 2590 2591 2592 2593 2594 2595 2596 2597 2598 2599 2600 2601 2602 2603 2604 2605 2606 2607 2608 2609 2610 2611 2612 2613 2614 2615 2616 2617 2618 2619 2620 3277 2622 2623 2624 2625 2626 2627 2628 2629 2630 2631 2632 2633 2634 2635 2636 2637 2638 2639 2640 2641 2642 2643 2644 2645 2646 2647 2648 2649 2650 2651 2652 2653 2654 2655 2656 2657 2658 2659 2660 2661 2662 2663 2664 2665 2666 2667 2668 2669 2670 2671 2672 2673 2674 2675 2676 2677 2678 2679 2680 2681 2682 2683 2684 2685 2686 2687 2688 2689 2690 2691 2692 2693 2694 2695 2696 107 2698 2697 2700 2701 2702 2703 2704 2699 2706 2707 2708 2709 2710 2711 2712 2713 2714 2715 2716 2717 2718 2719 2720 2721 2722 2723 2724 2725 2726 2727 2728 2729 2730 2731 2732 2733 2734 2735 2736 2737 2738 2739 2740 2741 2742 2743 2744 2745 2746 2747 2748 2749 2750 2751 2752 3278 2754 2755 2756 2757 2758 2759 2760 2761 2762 2763 2764 2765 2766 2767 2768 2769 2770 2771 2772 2773 2774 2775 2776 2777 2778 2779 2780 2781 2782 552 2784 2785 2786 2787 2783 2789 2790 2791 2792 2793 2794 2795 2796 2797 2798 2799 2800 2801 2802 2803 2804 2805 2806 2807 2808 2809 2810 2811 2812 2813 2814 2815 2816 2817 2818 2819 2820 2821 2822 2823 2824 2825 2826 2827 2828 2829 2830 2831 2832 2833 2834 2835 2836 2837 2838 2839 2840 2841 2842 2843 2844 2845 2846 2847 2848 2849 2850 2851 2852 2853 2854 2855 2856 2857 2858 2859 2860 2861 2862 2863 2864 2865 2866 2867 2868 2869 2870 2871 2872 2873 2874 2875 2876 2877 2878 2879 2880 2881 2882 2883 2884 2885 2886 2887 2888 2889 2890 2891 2892 2893 2894 2895 2896 2897 2898 2899 2900 2901 2902 2903 2904 2905 2906 2907 2908 2909 2910 2911 2912 2913 2914 2915 2916 2917 2918 2919 2920 2921 2922 2923 2924 2925 2926 2927 2928 2929 2930 2931 2932 2933 2934 2935 2936 2937 2938 2939 2940 2941 2942 2943 2944 2945 2946 2947 2948 2949 2950 2951 2952 2953 2954 2955 2956 2957 2958 2959 2960 2961 2962 2963 2964 2965 2966 2967 2968 2969 2970 2971 2972 2973 2974 2975 2976 2977 2978 2979 2980 2981 2982 2983 2984 2985 2986 2987 2988 2989 2990 2991 2992 2993 2994 2995 2996 2997 2998 2999 3000 3001 3002 3003 3004 3005 3006 3007 3008 3009 3010 3011 3012 3013 3014 3015 3016 3017 3018 3019 3020 3021 3022 3023 3024 3025 3026 3027 3028 3029 3030 3031 3032 3033 3034 3035 3036 3037 3038 11230 3039 3041 3042 3043 3044 3045 3046 3047 3048 3049 3050 3051 3052 3053 3054 3055 3056 3057 3058 3059 3060 3061 3062 3063 3064 3065 3066 3067 3068 3069 3070 3071 3072 3073 3074 3075 3076 3077 3078 3079 3080 3081 3082 3083 3084 3085 3086 3087 3088 3089 3090 3091 3092 3093 3094 3095 3096 3097 3098 3099 3100 3101 3102 3103 3104 3105 3106 3107 3108 3109 3110 3111 3112 3113 3114 3115 11308 3117 3118 3119 3120 3121 3122 3123 3124 3125 3126 3127 3128 3129 3130 3131 3132 3133 11325 11327 11328 3137 3138 3139 11332 3141 3142 3143 3144 3145 11337 11339 3148 3149 3150 11341 3152 3153 3154 3155 3156 3157 11347 11351 3160 3161 3162 3163 3164 11357 11356 3167 3168 11358 3170 3171 11355 3173 3174 3175 3176 3177 3178 3179 3180 3181 3182 11374 11376 3185 11378 3187 11380 3189 11381 3191 3192 3193 3194 3195 3196 3197 3198 3199 3200 3201 3202 3203 3204 3205 3206 3207 3208 3209 3210 3211 3212 3213 11401 3215 3216 11402 3218 3219 3220 3221 11413 3223 3224 3225 3226 3227 3228 3229 3230 11422 11424 11425 3234 11427 11428 3237 11430 3239 11432 3241 3242 3243 3244 11437 3246 3247 3248 11441 11442 11443 11444 11445 3254 3255 11447 11449 11450 11451 11452 11453 3262 3263 3264 11454 3266 11457 3268 11455 11456 3271 11459 11458 11466 3275 11461 11460 11462 11471 3280 3281 11473 3283 3284 11477 11475 3282 11476 11479 11474 11478 3292 3293 3294 3295 3291 3288 3298 3297 3299 3300 3302 3303 3304 3305 3306 3307 3301 3309 3308 3311 3312 3313 3314 3315 3316 3317 3318 3319 3320 3321 3322 3323 3324 3325 3326 3327 3328 3329 3330 3331 3332 3333 3334 3335 3336 3337 3338 3339 3340 3341 3342 3343 3344 3345 3346 3347 3348 3349 3350 3351 3352 3353 3354 3355 3356 3357 3358 3359 3360 3361 3362 3363 3364 3365 3366 3367 3368 3369 3370 3371 3372 3373 3374 3375 3376 3377 3378 3379 3380 3381 3382 3383 3384 3385 3386 3387 3388 3389 3390 3391 3392 3393 3394 3395 3396 3397 3398 3399 3400 3401 3402 3403 3404 3405 3406 3407 3408 3409 3410 3411 3412 3413 3414 3415 3416 3417 3418 3419 3420 3421 3422 3423 3424 3425 3426 3427 3428 3429 3430 3431 3432 3433 3434 3435 3436 3437 3438 3439 3440 3441 3442 3443 3444 3445 3446 3447 3448 3449 3450 3451 3452 3453 3454 3455 3456 3457 3458 3459 3460 3461 3462 3463 3464 3465 3466 3467 3468 3469 3470 3471 3472 3473 3474 3475 3476 3477 3478 3479 3480 3481 3482 3483 3484 3485 3486 3487 3488 3489 3490 3491 3492 3493 3494 3495 3496 3497 3498 3499 3500 3501 3502 3503 3504 3505 3506 3507 3508 3509 3510 3511 3512 3513 3514 3515 3516 3517 3518 3519 3520 3521 3522 3523 3524 3525 3526 3527 3528 3529 3530 3531 3532 3533 3534 3535 3536 3537 3538 3539 3540 3541 3542 3543 3544 3545 3546 3547 3548 3549 3550 3551 3552 3553 3554 3555 3556 3557 3558 3559 3560 3561 3562 3563 3564 3565 3566 3567 3568 3569 3570 3571 3572 3573 3574 3575 3576 3577 3578 3579 3580 3581 3582 3583 3584 3585 3586 3587 3588 3589 3590 3591 3592 3593 3594 3595 3596 3597 3598 3599 3600 3601 3602 3603 3604 3605 3606 3607 3608 3609 3610 3611 3612 3613 3614 3615 3616 3617 3618 3619 3620 3621 3622 3623 3624 3625 3626 3627 3628 3629 3630 3631 3632 3633 3634 3635 3636 3637 3638 3639 3640 3641 3642 3643 3644 3645 3646 3647 3648 3649 3650 3651 3652 3653 3654 3655 3656 3657 3658 3659 3660 3661 3662 3663 3664 3665 3666 3667 3668 3669 3670 3671 3672 3673 3674 3675 3676 3677 3678 3679 3680 3681 2359 3683 3684 3685 3686 3687 3688 3689 3682 3690 3691 734 3692 3695 3693 3697 3698 3699 3700 3696 3702 3703 3704 3701 3706 3707 3708 3709 3710 3711 3712 3713 3714 3715 3716 3717 3718 3719 3720 3721 3722 3723 3724 3725 3726 3727 3728 3729 3730 148 3732 3733 3734 3735 3736 3731 3738 3739 3740 3741 3742 3743 3744 3745 3746 3747 3748 3749 3750 3751 3752 3753 3754 3755 3756 3757 3758 3759 3760 3761 3762 2375 3764 3763 3766 3765 3768 3769 3770 3771 3772 3773 750 3774 3776 3777 3775 3779 3780 3781 3782 3783 3784 3785 3786 3787 3788 3789 3790 3791 3792 3793 3794 3795 3796 3797 3798 3799 3800 3801 3802 3803 3804 3805 3806 3807 3808 3809 3810 3811 3812 3813 3814 3815 3816 3817 3818 3819 3820 3821 3822 3823 3824 3825 3826 3827 3828 3829 3830 3831 3832 3833 3834 3835 3836 3837 3838 3839 3840 3841 3842 3843 3844 3845 3846 3847 3848 3849 3850 3851 3852 3853 3854 3855 3856 3857 3858 3859 3860 3861 3862 3863 3864 3865 3866 3867 3868 3869 3870 3871 3872 3873 3874 3875 3876 3877 3878 3879 3880 3881 3273 3883 3884 3885 3882 3887 3886 3888 3890 3891 3892 3889 3894 3895 3896 3893 3898 3899 3900 3897 3737 3903 3904 3905 3906 3907 3908 3909 3910 3911 3912 3913 3914 3915 3916 3917 3918 3919 3920 3921 3922 3923 3924 3925 3926 3927 3928 3929 3930 3931 3932 3933 3934 3935 3936 3937 3938 3939 3940 3941 3942 3943 3944 784 3945 3947 3948 3949 3950 3951 3952 3953 3954 3955 3956 3957 3958 3959 3960 3961 3962 3963 3964 3965 3966 3967 3968 3969 3970 3971 3972 3973 3974 3975 3976 3977 3978 3979 3980 3981 3982 3983 3984 3985 3986 3987 3988 3989 3990 3991 484 3993 3994 3995 3992 3997 3998 3999 4000 4001 1787 4003 4004 4005 4006 4007 4008 4009 4010 4011 4012 4013 4014 4015 4016 4017 4018 4019 4020 4021 4022 4023 4024 4025 4026 4027 4028 4029 4030 4031 4032 4033 4034 4035 4036 4037 4038 4039 4040 4041 4042 4043 4044 4045 4046 4047 4048 4049 4050 4051 4052 4053 4054 4055 4056 4057 4058 4059 4060 4061 4062 4063 4064 4065 4066 4067 4068 4069 4070 4071 4072 1790 4074 4073 4076 4077 4078 4079 4080 4081 4082 4083 4084 4085 4086 162 4088 4089 4090 4087 4092 4093 4094 4095 4096 4091 4098 4099 4100 4097 4101 4103 4104 4105 4106 4107 4108 4109 4110 4111 4112 4113 4114 4115 4116 4117 4118 4119 4120 4121 4122 4123 4124 4125 4126 4127 4128 4129 4130 4131 4132 4133 4134 4135 4136 4137 4138 4139 4140 4141 4142 4143 4144 4145 4146 4147 4148 4149 4150 4151 4152 4153 4154 4155 4156 4157 4158 4159 4160 4161 4162 4163 4164 4165 4166 4167 4168 4169 4170 4171 4172 4173 4174 4175 4176 4177 4178 4179 4180 4181 4182 4183 4184 4185 4186 4187 4188 4189 4190 4191 4192 4193 4194 4195 4196 4197 4198 4199 4200 4201 4202 4203 4204 4205 4206 4207 4208 4209 4210 4211 4212 4213 4214 4215 4216 4217 4218 4219 4220 4221 4222 4223 4224 4225 4226 4227 4228 4229 4230 4231 4232 4233 4234 4235 4236 4237 4238 4239 4240 4241 4242 4243 4244 4245 4246 4247 4248 4249 4250 4251 4252 4253 4254 4255 4256 4257 4258 4259 4260 4261 4262 4263 4264 4265 4266 4267 4268 4269 4270 4271 4272 4273 4274 4275 4276 4277 4278 4279 4280 4281 4282 4283 4284 4285 850 4286 4288 4289 4290 4287 4292 4291 4294 4295 4296 4297 4298 4299 4300 4301 4302 4303 4304 4305 4306 4307 4308 171 4310 4311 4312 4313 4314 4315 4316 4317 4318 4319 4320 4321 4322 4323 4324 4325 4326 4327 4328 4329 4330 4331 4332 4333 4334 4335 4336 4337 4338 4339 4340 4341 4342 4343 4344 4345 4346 4347 4348 4349 4350 4351 4352 4353 4354 4355 4356 4357 173 4358 4359 4361 4362 4360 4364 4365 4366 4367 4368 4363 4370 4369 4372 4373 4371 4374 4376 4377 4375 4379 4380 4381 4382 4383 4384 4385 4386 4387 4388 4389 4390 4391 4392 4393 4394 4395 4396 4397 4398 4399 4400 4401 4402 4403 4404 4405 4406 4407 4408 4409 4410 4411 4412 4413 4414 4415 4416 4417 4418 4419 4420 4421 4422 4423 4424 4425 4426 4427 4428 4429 4430 4431 4432 4433 4434 4435 4436 4437 4438 4439 4440 4441 4442 4443 4444 4445 4446 4447 4448 4449 4450 4451 4452 4453 4454 4455 4456 4457 4458 4459 4460 4461 4462 4463 4464 4465 4466 4467 4468 4469 4470 4471 4472 4473 4474 4475 4476 4477 4478 4479 4480 4481 4482 4483 4484 4485 4486 4487 4488 4489 4490 4491 4492 4493 4494 4495 4496 4497 4498 4499 4500 4501 4502 4503 4504 4505 4506 4507 4508 4509 4510 4511 4512 4513 4514 4515 4516 4517 4518 4519 4520 4521 4522 4523 4524 4525 4526 4527 4528 4529 4530 4531 4532 4533 4534 4535 4536 4537 4538 4539 4540 4541 4542 4543 4544 4545 4546 4547 4548 4549 4550 4551 4552 4553 4554 4555 4556 4557 4558 4559 4560 4561 4562 4563 4564 4565 4566 4567 4568 4569 4570 4571 4572 4573 4574 4575 4576 4577 4578 4579 4580 4581 4582 4583 4584 4585 4586 4587 4588 4589 4590 4591 4592 4593 913 4594 4596 4597 4598 4599 4600 4601 4602 4603 4604 4605 4606 4607 4608 4609 4610 4611 4612 4613 4614 4615 4616 4617 4618 4619 4620 4621 4622 4623 4624 4625 4626 4627 4628 4629 4630 4631 4632 4633 4634 4635 4636 4637 4638 4639 4640 4641 4642 4643 4644 4645 4646 4647 4648 4649 4650 4651 4652 4653 4654 4655 4656 4657 4658 4659 4660 4661 4662 4663 4664 4665 4666 4667 4668 4669 4670 4671 4672 4673 4674 4675 4075 933 2142 957 3946 4102 4002 3778 138 2621 995 1829 1007 1029 207 4293 4309 537 2166 538 1075 2705 4378 2753 1999 227 2788 3694 1716 3279 245 661 2200 3996 1323 4595 3310 1351 599 3767 3274 121 382 3040 3705 11231 11232 11233 11234 11235 11236 11237 1770 11238 11239 11240 11241 11242 11243 11244 11245 11246 11247 11248 11249 11250 11251 11252 11253 11254 11255 11256 11257 3116 11258 11259 11260 11261 11262 11263 11264 11265 11266 11267 11268 11269 11270 1640 11271 11272 11273 11274 3134 11275 3135 11276 11277 3136 11278 11279 11280 11281 3140 11282 11283 11284 11285 1516 11286 11287 3146 11288 3147 11289 11290 11291 11292 3151 11293 11294 11295 11296 11297 11298 3158 11299 3159 11300 11301 11302 11303 11304 11305 11306 3165 3166 11307 11309 11310 3169 11311 11312 11313 3172 11314 11315 11316 11317 351 11318 11319 11320 11321 11322 11323 11324 3183 3184 11326 3186 11329 3188 11330 11331 3190 11333 11334 11335 11336 11338 11340 11342 11343 11344 11345 11346 11348 11349 11350 11352 11353 11354 3214 3217 11359 11360 11361 11362 11363 3222 11364 3901 11365 11366 11367 11368 11369 3902 11370 11371 3231 11372 11373 3232 3233 11375 64 3235 11377 3236 11379 3238 3240 11382 11383 11384 11385 11386 3245 11387 11388 11389 11390 3249 11391 3250 1693 3251 11392 3252 11393 11394 3253 11395 11396 3256 11397 
4676 4677 4678 4679 4680 4681 4682 4683 4684 4685 4686 4687 4688 4689 4690 4691 4692 4693 4694 4695 4696 4697 4698 4699 4700 4701 4702 4703 4704 4705 4706 4707 4708 4709 4710 4711 4712 4713 4714 4715 4716 4717 4718 4719 4720 4721 4722 4723 4724 4725 4726 4727 4728 4729 4730 4731 4732 4733 4734 4735 4736 4737 4738 4739 4740 4741 4742 4743 4744 4745 4746 4747 4748 4749 4750 4751 4752 4753 4754 4755 4756 4757 4758 4759 4760 4761 4762 4763 4764 4765 4766 4767 4768 4769 4770 4771 4772 4773 4774 4775 4776 4777 4778 4779 4780 4781 4782 4783 4784 4785 4786 4787 4788 4789 4790 4791 4792 4793 4794 4795 4796 4797 4798 4799 4800 4801 4802 4803 4804 4805 4806 4807 4808 4809 4810 4811 4812 4813 4814 4815 4816 4817 4818 4819 4820 4821 4822 4823 4824 4825 4826 4827 4828 4829 4830 4831 4832 4833 4834 4835 4836 4837 4838 4839 4840 4841 4842 4843 4844 4845 4846 4847 4848 4849 4850 4851 4852 4853 4854 4855 4856 4857 4858 4859 4860 4861 4862 4863 4864 4865 4866 4867 4868 4869 4870 4871 4872 4873 4874 4875 4876 4877 4878 4879 4880 4881 4882 4883 4884 4885 4886 4887 4888 4889 4890 4891 4892 4893 4894 4895 4896 4897 4898 4899 4900 4901 4902 4903 4904 4905 4906 4907 4908 4909 4910 4911 4912 4913 4914 4915 4916 4917 4918 4919 4920 4921 4922 4923 4924 4925 4926 4927 4928 4929 4930 4931 4932 4933 4934 4935 4936 4937 4938 4939 4940 4941 4942 4943 4944 4945 4946 4947 4948 4949 4950 4951 4952 4953 4954 4955 4956 4957 4958 4959 4960 4961 4962 4963 4964 
4965 4966 4967 4968 4969 4970 4971 4972 4973 4974 4975 4976 4977 4978 4979 4980 4981 4982 4983 4984 4985 4986 4987 4988 4989 4990 4991 4992 4993 4994 4995 4996 4997 4998 4999 5000 5001 5002 5003 5004 5005 5006 5007 5008 5009 5010 5011 5012 5013 5014 5015 5016 5017 5018 5019 5020 5021 5022 5023 5024 5025 5026 5027 5028 5029 5030 5031 5032 5033 5034 5035 5036 5037 5038 5039 5040 5041 5042 5043 5044 5045 5046 5047 5048 5049 5050 5051 5052 5053 5054 5055 5056 5057 5058 5059 5060 5061 5062 5063 5064 5065 5066 5067 5068 5069 5070 5071 5072 5073 5074 5075 5076 5077 5078 5079 5080 5081 5082 5083 5084 5085 5086 5087 5088 5089 5090 5091 5092 5093 5094 5095 5096 5097 5098 5099 5100 5101 5102 5103 5104 5105 5106 5107 5108 5109 5110 5111 5112 5113 5114 5115 5116 5117 5118 5119 5120 5121 5122 5123 5124 5125 5126 5127 5128 5129 5130 5131 5132 5133 5134 5135 5136 5137 5138 5139 5140 5141 5142 5143 5144 5145 5146 5147 5148 5149 5150 5151 5152 5153 5154 5155 5156 5157 5158 5159 5160 5161 5162 5163 5164 5165 5166 5167 5168 5169 5170 5171 5172 5173 5174 5175 5176 5177 5178 5179 5180 5181 5182 5183 5184 5185 5186 5187 5188 5189 5190 5191 5192 5193 5194 5195 5196 5197 5198 5199 5200 5201 5202 5203 5204 5205 5206 5207 5208 5209 5210 5211 5212 5213 5214 5215 5216 5217 5218 5219 5220 5221 5222 5223 5224 5225 5226 5227 5228 5229 5230 5231 5232 5233 5234 5235 5236 5237 5238 5239 5240 5241 5242 5243 5244 5245 5246 5247 5248 5249 5250 5251 5252 5253 5254 5255 5256 5257 5258 5259 5260 5261 5262 5263 5264 5265 5266 5267 5268 5269 5270 5271 5272 5273 5274 5275 5276 5277 5278 5279 5280 5281 5282 5283 5284 5285 5286 5287 5288 5289 5290 5291 5292 5293 5294 5295 5296 5297 5298 5299 5300 5301 5302 5303 5304 5305 5306 5307 5308 5309 5310 5311 5312 5313 5314 5315 5316 5317 5318 5319 5320 5321 5322 5323 5324 5325 5326 5327 5328 5329 5330 5331 5332 5333 5334 5335 5336 5337 5338 5339 5340 5341 5342 5343 5344 5345 5346 5347 5348 5349 5350 5351 5352 5353 5354 5355 5356 5357 5358 5359 5360 5361 5362 5363 5364 5365 5366 5367 5368 5369 5370 5371 5372 5373 5374 5375 5376 5377 5378 5379 5380 5381 5382 5383 5384 5385 5386 5387 5388 5389 5390 5391 5392 5393 5394 5395 5396 5397 5398 5399 5400 5401 5402 5403 5404 5405 5406 5407 5408 5409 5410 5411 5412 5413 5414 5415 5416 5417 5418 5419 5420 5421 5422 5423 5424 5425 5426 5427 5428 5429 5430 5431 5432 5433 5434 5435 5436 5437 5438 5439 5440 5441 5442 5443 5444 5445 5446 5447 5448 5449 5450 5451 5452 5453 5454 5455 5456 5457 5458 5459 5460 5461 5462 5463 5464 5465 5466 5467 5468 5469 5470 5471 5472 5473 5474 5475 5476 5477 5478 5479 5480 5481 5482 5483 5484 5485 5486 5487 5488 5489 5490 5491 5492 5493 5494 5495 5496 5497 5498 5499 5500 5501 5502 5503 5504 5505 5506 5507 5508 5509 5510 5511 5512 5513 5514 5515 5516 5517 5518 5519 5520 5521 5522 5523 5524 5525 5526 5527 5528 5529 5530 5531 5532 5533 5534 5535 5536 5537 5538 5539 
5540 5541 5542 5543 5544 5545 5546 5547 5548 5549 5550 5551 5552 5553 5554 5555 5556 5557 5558 5559 5560 5561 5562 5563 5564 5565 5566 5567 5568 5569 5570 5571 5572 5573 5574 5575 5576 5577 5578 5579 5580 5581 5582 5583 5584 5585 5586 5587 5588 5589 5590 5591 5592 5593 5594 5595 5596 5597 5598 5599 5600 5601 5602 5603 5604 5605 5606 5607 5608 5609 5610 5611 5612 5613 5614 5615 5616 5617 5618 5619 5620 5621 5622 5623 5624 5625 5626 5627 5628 5629 5630 5631 5632 5633 5634 5635 5636 5637 5638 5639 5640 5641 5642 5643 5644 5645 5646 5647 5648 5649 5650 5651 5652 5653 5654 5655 5656 5657 5658 5659 5660 5661 5662 5663 5664 5665 5666 5667 5668 5669 5670 5671 5672 5673 5674 5675 5676 5677 5678 5679 5680 5681 5682 5683 5684 5685 5686 5687 5688 5689 5690 5691 5692 5693 5694 5695 5696 5697 5698 5699 5700 5701 5702 5703 5704 5705 5706 5707 5708 5709 5710 5711 5712 5713 5714 5715 5716 5717 5718 5719 5720 5721 5722 5723 5724 5725 5726 5727 5728 5729 5730 5731 5732 5733 5734 5735 5736 5737 5738 5739 5740 5741 5742 5743 5744 5745 5746 5747 5748 5749 5750 5751 5752 5753 5754 5755 5756 5757 5758 5759 5760 5761 5762 5763 5764 5765 5766 5767 5768 5769 5770 5771 5772 5773 5774 5775 5776 5777 5778 5779 5780 5781 5782 5783 5784 5785 5786 5787 5788 5789 5790 5791 5792 5793 5794 5795 5796 5797 5798 5799 5800 5801 5802 5803 5804 5805 5806 5807 5808 5809 5810 5811 5812 5813 5814 5815 5816 5817 5818 5819 5820 5821 5822 5823 5824 5825 5826 5827 5828 5829 5830 5831 5832 5833 5834 5835 5836 5837 5838 5839 5840 5841 5842 5843 5844 5845 5846 5847 5848 5849 5850 5851 5852 5853 5854 5855 5856 5857 5858 5859 5860 5861 5862 5863 5864 5865 5866 5867 5868 5869 5870 5871 5872 5873 5874 5875 5876 5877 5878 5879 5880 5881 5882 5883 5884 5885 5886 5887 5888 5889 5890 5891 5892 5893 5894 5895 5896 5897 5898 5899 5900 5901 5902 5903 5904 5905 5906 5907 5908 5909 5910 5911 5912 5913 5914 5915 5916 5917 5918 5919 5920 5921 5922 5923 5924 5925 5926 5927 5928 5929 5930 5931 5932 5933 5934 5935 5936 5937 5938 5939 5940 5941 5942 5943 5944 5945 5946 5947 5948 5949 5950 5951 5952 5953 5954 5955 5956 5957 5958 5959 5960 5961 5962 5963 5964 5965 5966 5967 5968 5969 5970 5971 5972 5973 5974 5975 5976 5977 5978 5979 5980 5981 5982 5983 5984 5985 5986 5987 5988 5989 5990 5991 5992 5993 5994 5995 5996 5997 5998 5999 6000 6001 6002 6003 6004 6005 6006 6007 6008 6009 6010 6011 6012 6013 6014 6015 6016 6017 6018 6019 6020 6021 6022 6023 6024 6025 6026 6027 6028 6029 6030 6031 6032 6033 6034 6035 6036 6037 6038 6039 6040 6041 6042 6043 6044 6045 6046 6047 6048 6049 6050 6051 6052 6053 6054 6055 6056 6057 6058 6059 6060 6061 6062 6063 6064 6065 6066 6067 6068 6069 6070 6071 6072 6073 6074 6075 6076 6077 6078 6079 6080 6081 6082 6083 6084 6085 6086 6087 6088 6089 6090 6091 6092 6093 6094 6095 6096 6097 6098 6099 6100 6101 6102 6103 6104 6105 6106 6107 6108 6109 6110 6111 6112 6113 6114 
6115 6116 6117 6118 6119 6120 6121 6122 6123 6124 6125 6126 6127 6128 6129 6130 6131 6132 6133 6134 6135 6136 6137 6138 6139 6140 6141 6142 6143 6144 6145 6146 6147 6148 6149 6150 6151 6152 6153 6154 6155 6156 6157 6158 6159 6160 6161 6162 6163 6164 6165 6166 6167 6168 6169 6170 6171 6172 6173 6174 6175 6176 6177 6178 6179 6180 6181 6182 6183 6184 6185 6186 6187 6188 6189 6190 6191 6192 6193 6194 6195 6196 6197 6198 6199 6200 6201 6202 6203 6204 6205 6206 6207 6208 6209 6210 6211 6212 6213 6214 6215 6216 6217 6218 6219 6220 6221 6222 6223 6224 6225 6226 6227 6228 6229 6230 6231 6232 6233 6234 6235 6236 6237 6238 6239 6240 6241 6242 6243 6244 6245 6246 6247 6248 6249 6250 6251 6252 6253 6254 6255 6256 6257 6258 6259 6260 6261 6262 6263 6264 6265 6266 6267 6268 6269 6270 6271 6272 6273 6274 6275 6276 6277 6278 6279 6280 6281 6282 6283 6284 6285 6286 6287 6288 6289 6290 6291 6292 6293 6294 6295 6296 6297 6298 6299 6300 6301 6302 6303 6304 6305 6306 6307 6308 6309 6310 6311 6312 6313 6314 6315 6316 6317 6318 6319 6320 6321 6322 6323 6324 6325 6326 6327 6328 6329 6330 6331 6332 6333 6334 6335 6336 6337 6338 6339 6340 6341 6342 6343 6344 6345 6346 6347 6348 6349 6350 6351 6352 6353 6354 6355 6356 6357 6358 6359 6360 6361 6362 6363 6364 6365 6366 6367 6368 6369 6370 6371 6372 6373 6374 6375 6376 6377 6378 6379 6380 6381 6382 6383 6384 6385 6386 6387 6388 6389 6390 6391 6392 6393 6394 6395 6396 6397 6398 6399 6400 6401 6402 6403 6404 6405 6406 6407 6408 6409 6410 6411 6412 6413 6414 6415 6416 6417 6418 6419 6420 6421 6422 6423 6424 6425 6426 6427 6428 6429 6430 6431 6432 6433 6434 6435 6436 6437 6438 6439 6440 6441 6442 6443 6444 6445 6446 6447 6448 6449 6450 6451 6452 6453 6454 6455 6456 6457 6458 6459 6460 6461 6462 6463 6464 6465 6466 6467 6468 6469 6470 6471 6472 6473 6474 6475 6476 6477 6478 6479 6480 6481 6482 6483 6484 6485 6486 6487 6488 6489 6490 6491 6492 6493 6494 6495 6496 6497 6498 6499 6500 6501 6502 6503 6504 6505 6506 6507 6508 6509 6510 6511 6512 6513 6514 6515 6516 6517 6518 6519 6520 6521 6522 6523 6524 6525 6526 6527 6528 6529 6530 6531 6532 6533 6534 6535 6536 6537 6538 6539 6540 6541 6542 6543 6544 6545 6546 6547 6548 6549 6550 6551 6552 6553 6554 6555 6556 6557 6558 6559 6560 6561 6562 6563 6564 6565 6566 6567 6568 6569 6570 6571 6572 6573 6574 6575 6576 6577 6578 6579 6580 6581 6582 6583 6584 6585 6586 6587 6588 6589 6590 6591 6592 6593 6594 6595 6596 6597 6598 6599 6600 6601 6602 6603 6604 6605 6606 6607 6608 6609 6610 6611 6612 6613 6614 6615 6616 6617 6618 6619 6620 6621 6622 6623 6624 6625 6626 6627 6628 6629 6630 6631 6632 6633 6634 6635 6636 6637 6638 6639 6640 6641 6642 6643 6644 6645 6646 6647 6648 6649 6650 6651 6652 6653 6654 6655 6656 6657 6658 6659 6660 6661 6662 6663 6664 6665 6666 6667 6668 6669 6670 6671 6672 6673 6674 6675 6676 6677 6678 6679 6680 6681 6682 6683 6684 6685 6686 6687 6688 6689 6690 6691 6692 6693 6694 6695 6696 6697 6698 6699 6700 6701 6702 6703 6704 6705 6706 6707 6708 6709 6710 6711 6712 6713 6714 6715 6716 6717 6718 6719 6720 6721 6722 6723 6724 6725 6726 6727 6728 6729 6730 6731 6732 6733 6734 6735 6736 6737 6738 6739 6740 6741 6742 6743 6744 6745 6746 6747 6748 6749 6750 6751 6752 6753 6754 6755 6756 6757 6758 6759 6760 6761 6762 6763 6764 6765 6766 6767 6768 6769 6770 6771 6772 6773 6774 6775 6776 6777 6778 6779 6780 6781 6782 6783 6784 6785 6786 6787 6788 6789 6790 6791 6792 6793 6794 6795 6796 6797 6798 6799 6800 6801 6802 6803 6804 6805 6806 6807 6808 6809 6810 6811 6812 6813 6814 6815 6816 6817 6818 6819 6820 6821 6822 6823 6824 6825 6826 6827 6828 6829 6830 6831 6832 6833 6834 6835 6836 6837 6838 6839 6840 6841 6842 6843 6844 6845 6846 6847 6848 6849 6850 6851 6852 6853 6854 6855 6856 6857 6858 6859 6860 6861 6862 6863 6864 6865 6866 6867 6868 6869 6870 6871 6872 6873 6874 6875 6876 6877 6878 6879 6880 6881 6882 6883 6884 6885 6886 6887 6888 6889 6890 6891 6892 6893 6894 6895 6896 6897 6898 6899 6900 6901 6902 6903 6904 6905 6906 6907 6908 6909 6910 6911 6912 6913 6914 6915 6916 6917 6918 6919 6920 6921 6922 6923 6924 6925 6926 6927 6928 6929 6930 6931 6932 6933 6934 6935 6936 6937 6938 6939 6940 6941 6942 6943 6944 6945 6946 6947 6948 6949 6950 6951 6952 6953 6954 6955 6956 6957 6958 6959 6960 6961 6962 6963 6964 6965 6966 6967 6968 6969 6970 6971 6972 6973 6974 6975 6976 6977 6978 6979 6980 6981 6982 6983 6984 6985 6986 6987 6988 6989 6990 6991 6992 6993 6994 6995 6996 6997 6998 6999 7000 7001 7002 7003 7004 7005 7006 7007 7008 7009 7010 7011 7012 7013 7014 7015 7016 7017 7018 7019 7020 7021 7022 7023 7024 7025 7026 7027 7028 7029 7030 7031 7032 7033 7034 7035 7036 7037 7038 7039 7040 7041 7042 7043 7044 7045 7046 7047 7048 7049 7050 7051 7052 7053 7054 7055 7056 7057 7058 7059 7060 7061 7062 7063 7064 7065 7066 7067 7068 7069 7070 7071 7072 7073 7074 7075 7076 7077 7078 7079 7080 7081 7082 7083 7084 7085 7086 7087 7088 7089 7090 7091 7092 7093 7094 7095 7096 7097 7098 7099 7100 7101 7102 7103 7104 7105 7106 7107 7108 7109 7110 7111 7112 7113 7114 7115 7116 7117 7118 7119 7120 7121 7122 7123 7124 7125 7126 7127 7128 7129 7130 7131 7132 7133 7134 7135 7136 7137 7138 7139 7140 7141 7142 7143 7144 7145 7146 7147 7148 7149 7150 7151 7152 7153 7154 7155 7156 7157 7158 7159 7160 7161 7162 7163 7164 7165 7166 7167 7168 7169 7170 7171 7172 7173 7174 7175 7176 7177 7178 7179 7180 7181 7182 7183 7184 7185 7186 7187 7188 7189 7190 7191 7192 7193 7194 7195 7196 7197 7198 7199 7200 7201 7202 7203 7204 7205 7206 7207 7208 7209 7210 7211 7212 7213 7214 7215 7216 7217 7218 7219 7220 7221 7222 7223 7224 7225 7226 7227 7228 7229 7230 7231 7232 7233 7234 7235 7236 7237 7238 7239 7240 7241 7242 7243 7244 7245 7246 7247 7248 7249 7250 7251 7252 7253 7254 7255 7256 7257 7258 7259 7260 7261 7262 7263 7264 7265 7266 7267 7268 7269 7270 7271 7272 7273 7274 7275 7276 7277 7278 7279 7280 7281 7282 7283 7284 7285 7286 7287 7288 7289 7290 7291 7292 7293 7294 7295 7296 7297 7298 7299 7300 7301 7302 7303 7304 7305 7306 7307 7308 7309 7310 7311 7312 7313 7314 7315 7316 7317 7318 7319 7320 7321 7322 7323 7324 7325 7326 7327 7328 7329 7330 7331 7332 7333 7334 7335 7336 7337 7338 7339 7340 7341 7342 7343 7344 7345 7346 7347 7348 7349 7350 7351 7352 7353 7354 7355 7356 7357 7358 7359 7360 7361 7362 7363 7364 7365 7366 7367 7368 7369 7370 7371 7372 7373 7374 7375 7376 7377 7378 7379 7380 7381 7382 7383 7384 7385 7386 7387 7388 7389 7390 7391 7392 7393 7394 7395 7396 7397 7398 7399 7400 7401 7402 7403 7404 7405 7406 7407 7408 7409 7410 7411 7412 7413 7414 7415 7416 7417 7418 7419 7420 7421 7422 7423 7424 7425 7426 7427 7428 7429 7430 7431 7432 7433 7434 7435 7436 7437 7438 7439 7440 7441 7442 7443 7444 7445 7446 7447 7448 7449 7450 7451 7452 7453 7454 7455 7456 7457 7458 7459 7460 7461 7462 7463 7464 7465 7466 7467 7468 7469 7470 7471 7472 7473 7474 7475 7476 7477 7478 7479 7480 7481 7482 7483 7484 7485 7486 7487 7488 7489 7490 7491 7492 7493 7494 7495 7496 7497 7498 7499 7500 7501 7502 7503 7504 7505 7506 7507 7508 7509 7510 7511 7512 7513 7514 7515 7516 7517 7518 7519 7520 7521 7522 7523 7524 7525 7526 7527 7528 7529 7530 7531 7532 7533 7534 7535 7536 7537 7538 7539 7540 7541 7542 7543 7544 7545 7546 7547 7548 7549 7550 7551 7552 7553 7554 7555 7556 7557 7558 7559 7560 7561 7562 7563 7564 7565 7566 7567 7568 7569 7570 7571 7572 7573 7574 7575 7576 7577 7578 7579 7580 7581 7582 7583 7584 7585 7586 7587 7588 7589 7590 7591 7592 7593 7594 7595 7596 7597 7598 7599 7600 7601 7602 7603 7604 7605 7606 7607 7608 7609 7610 7611 7612 7613 7614 7615 7616 7617 7618 7619 7620 7621 7622 7623 7624 7625 7626 7627 7628 7629 7630 7631 7632 7633 7634 7635 7636 7637 7638 7639 7640 7641 7642 7643 7644 7645 7646 7647 7648 7649 7650 7651 7652 7653 7654 7655 7656 7657 7658 7659 7660 7661 7662 7663 7664 7665 7666 7667 7668 7669 7670 7671 7672 7673 7674 7675 7676 7677 7678 7679 7680 7681 7682 7683 7684 7685 7686 7687 7688 7689 7690 7691 7692 7693 7694 7695 7696 7697 7698 7699 7700 7701 7702 7703 7704 
7705 7724 
7706 7711 
7707 7772 7708 
7709 7774 
7759 7710 7767 
7712 
7713 7833 7825 
7714 
7818 7715 
7747 7716 7717 
7718 7719 
7720 7820 
7721 7723 7725 7726 
7722 
7737 7826 7727 
7728 7733 
7729 7730 
7731 7814 
7732 7775 
7734 
7838 7735 
7736 
7738 7847 
7849 7739 
7740 
7762 7741 
7842 7742 
7743 
7744 7832 
7745 
7746 
7748 
7749 7758 
7750 
7751 
7752 7816 
7753 
7754 
7755 
7756 
7760 7757 
7761 
7784 7763 
7764 7854 
7765 7813 
7768 7766 
7769 7807 
7770 7828 
7771 
7773 
7776 7799 
7777 
7778 
7779 
7780 
7781 
7782 
7783 
7785 7822 
7786 
7787 
7788 
7789 
7790 
7791 
7792 
7793 7851 
7794 
7795 
7796 
7797 
7798 7831 
7800 
7824 7801 7802 
7803 7846 
7804 
7805 
7806 7823 
7808 7819 
7809 7810 
7811 7830 
7812 
7815 
7817 
7821 
7827 
7829 
7834 
7835 
7836 
7837 
7839 
7840 7841 
7843 
7844 
7845 
7848 
7850 
7852 
7853 
7874 7855 
7856 7861 
7858 7857 7922 
7859 7924 
7909 7860 7917 
7862 
7975 7983 7863 
7864 
7968 7865 
7897 7866 7867 
7868 7869 
7970 7870 
7873 7875 7876 7871 
7872 
7976 7877 7887 
7883 7878 
7880 7879 
7881 7964 
7882 7925 
7884 
7988 7885 
7886 
7888 7997 
7889 7999 
7890 
7912 7891 
7992 7892 
7893 
7982 7894 
7895 
7896 
7898 
7899 7908 
7900 
7901 
7902 7966 
7903 
7904 
7905 
7906 
7907 7910 
7911 
7913 7934 
7914 8004 
7963 7915 
7916 7918 
7957 7919 
7920 7978 
7921 
7923 
7949 7926 
7927 
7928 
7929 
7930 
7931 
7932 
7933 
7972 7935 
7936 
7937 
7938 
7939 
7940 
7941 
7942 
8001 7943 
7944 
7945 
7946 
7947 
7948 7981 
7950 
7952 7974 7951 
7953 7996 
7954 
7955 
7956 7973 
7969 7958 
7960 7959 
7961 7980 
7962 
7965 
7967 
7971 
7977 
7979 
7984 
7985 
7986 
7987 
7989 
7990 7991 
7993 
7994 
7995 
7998 
8000 
8002 
8003 
8024 8005 
8011 8006 
8072 8008 8007 
8009 8074 
8010 8067 8059 
8012 
8133 8013 8125 
8014 
8118 8015 
8016 8017 8047 
8018 8019 
8120 8020 
8025 8026 8021 8023 
8022 
8027 8037 8126 
8033 8028 
8029 8030 
8114 8031 
8032 8075 
8034 
8138 8035 
8036 
8147 8038 
8149 8039 
8040 
8041 8062 
8042 8142 
8043 
8132 8044 
8045 
8046 
8048 
8049 8058 
8050 
8051 
8116 8052 
8053 
8054 
8055 
8056 
8057 8060 
8061 
8084 8063 
8064 8154 
8065 8113 
8066 8068 
8107 8069 
8128 8070 
8071 
8073 
8099 8076 
8077 
8078 
8079 
8080 
8081 
8082 
8083 
8122 8085 
8086 
8087 
8088 
8089 
8090 
8091 
8092 
8093 8151 
8094 
8095 
8096 
8097 
8098 8131 
8100 
8124 8101 8102 
8146 8103 
8104 
8105 
8106 8123 
8108 8119 
8109 8110 
8130 8111 
8112 
8115 
8117 
8121 
8127 
8129 
8134 
8135 
8136 
8137 
8139 
8140 8141 
8143 
8144 
8145 
8148 
8150 
8152 
8153 
8155 8174 
8161 8156 
8158 8157 8222 
8224 8159 
8160 8217 8209 
8162 
8275 8283 8163 
8164 
8268 8165 
8197 8166 8167 
8168 8169 
8170 8270 
8176 8171 8173 8175 
8172 
8177 8187 8276 
8178 8183 
8179 8180 
8264 8181 
8225 8182 
8184 
8288 8185 
8186 
8297 8188 
8299 8189 
8190 
8212 8191 
8192 8292 
8193 
8194 8282 
8195 
8196 
8198 
8208 8199 
8200 
8201 
8202 8266 
8203 
8204 
8205 
8206 
8210 8207 
8211 
8234 8213 
8304 8214 
8263 8215 
8216 8218 
8257 8219 
8220 8278 
8221 
8223 
8249 8226 
8227 
8228 
8229 
8230 
8231 
8232 
8233 
8272 8235 
8236 
8237 
8238 
8239 
8240 
8241 
8242 
8243 8301 
8244 
8245 
8246 
8247 
8248 8281 
8250 
8274 8251 8252 
8296 8253 
8254 
8255 
8256 8273 
8258 8269 
8259 8260 
8280 8261 
8262 
8265 
8267 
8271 
8277 
8279 
8284 
8285 
8286 
8287 
8289 
8290 8291 
8293 
8294 
8295 
8298 
8300 
8302 
8303 
8305 8324 
8306 8311 
8308 8307 8372 
8309 8374 
8359 8310 8367 
8312 
8313 8425 8433 
8314 
8418 8315 
8347 8316 8317 
8318 8319 
8320 8420 
8321 8323 8325 8326 
8322 
8337 8426 8327 
8328 8333 
8329 8330 
8331 8414 
8332 8375 
8334 
8438 8335 
8336 
8338 8447 
8449 8339 
8340 
8362 8341 
8442 8342 
8343 
8344 8432 
8345 
8346 
8348 
8349 8358 
8350 
8351 
8352 8416 
8353 
8354 
8355 
8356 
8360 8357 
8361 
8384 8363 
8364 8454 
8413 8365 
8368 8366 
8369 8407 
8370 8428 
8371 
8373 
8376 8399 
8377 
8378 
8379 
8380 
8381 
8382 
8383 
8385 8422 
8386 
8387 
8388 
8389 
8390 
8391 
8392 
8393 8451 
8394 
8395 
8396 
8397 
8398 8431 
8400 
8424 8401 8402 
8403 8446 
8404 
8405 
8406 8423 
8408 8419 
8409 8410 
8411 8430 
8412 
8415 
8417 
8421 
8427 
8429 
8434 
8435 
8436 
8437 
8439 
8440 8441 
8443 
8444 
8445 
8448 
8450 
8452 
8453 
8474 8455 
8456 8461 
8457 8522 8458 
8459 8524 
8509 8460 8517 
8462 
8583 8575 8463 
8464 
8568 8465 
8497 8466 8467 
8468 8469 
8570 8470 
8473 8475 8476 8471 
8472 
8576 8477 8487 
8483 8478 
8480 8479 
8481 8564 
8482 8525 
8484 
8588 8485 
8486 
8488 8597 
8489 8599 
8490 
8512 8491 
8592 8492 
8493 
8582 8494 
8495 
8496 
8498 
8499 8508 
8500 
8501 
8566 8502 
8503 
8504 
8505 
8506 
8507 8510 
8511 
8513 8534 
8514 8604 
8563 8515 
8516 8518 
8557 8519 
8520 8578 
8521 
8523 
8549 8526 
8527 
8528 
8529 
8530 
8531 
8532 
8533 
8572 8535 
8536 
8537 
8538 
8539 
8540 
8541 
8542 
8601 8543 
8544 
8545 
8546 
8547 
8548 8581 
8550 
8552 8574 8551 
8553 8596 
8554 
8555 
8556 8573 
8569 8558 
8560 8559 
8561 8580 
8562 
8565 
8567 
8571 
8577 
8579 
8584 
8585 
8586 
8587 
8589 
8590 8591 
8593 
8594 
8595 
8598 
8600 
8602 
8603 
8624 8605 
8611 8606 
8672 8608 8607 
8609 8674 
8610 8667 8659 
8612 
8733 8725 8613 
8614 
8718 8615 
8616 8617 8647 
8618 8619 
8720 8620 
8625 8626 8621 8623 
8622 
8627 8637 8726 
8633 8628 
8629 8630 
8714 8631 
8632 8675 
8634 
8738 8635 
8636 
8747 8638 
8749 8639 
8640 
8641 8662 
8642 8742 
8643 
8644 8732 
8645 
8646 
8648 
8649 8658 
8650 
8651 
8652 8716 
8653 
8654 
8655 
8656 
8657 8660 
8661 
8684 8663 
8664 8754 
8665 8713 
8666 8668 
8707 8669 
8728 8670 
8671 
8673 
8699 8676 
8677 
8678 
8679 
8680 
8681 
8682 
8683 
8722 8685 
8686 
8687 
8688 
8689 
8690 
8691 
8692 
8693 8751 
8694 
8695 
8696 
8697 
8698 8731 
8700 
8724 8701 8702 
8746 8703 
8704 
8705 
8706 8723 
8708 8719 
8709 8710 
8730 8711 
8712 
8715 
8717 
8721 
8727 
8729 
8734 
8735 
8736 
8737 
8739 
8740 8741 
8743 
8744 
8745 
8748 
8750 
8752 
8753 
8755 8774 
8761 8756 
8758 8757 8822 
8824 8759 
8760 8817 8809 
8762 
8875 8763 8883 
8764 
8868 8765 
8797 8766 8767 
8768 8769 
8770 8870 
8776 8771 8773 8775 
8772 
8777 8787 8876 
8778 8783 
8779 8780 
8864 8781 
8825 8782 
8784 
8888 8785 
8786 
8897 8788 
8899 8789 
8790 
8812 8791 
8792 8892 
8793 
8882 8794 
8795 
8796 
8798 
8808 8799 
8800 
8801 
8866 8802 
8803 
8804 
8805 
8806 
8810 8807 
8811 
8834 8813 
8904 8814 
8863 8815 
8816 8818 
8857 8819 
8820 8878 
8821 
8823 
8849 8826 
8827 
8828 
8829 
8830 
8831 
8832 
8833 
8872 8835 
8836 
8837 
8838 
8839 
8840 
8841 
8842 
8843 8901 
8844 
8845 
8846 
8847 
8848 8881 
8850 
8874 8851 8852 
8896 8853 
8854 
8855 
8856 8873 
8858 8869 
8859 8860 
8880 8861 
8862 
8865 
8867 
8871 
8877 
8879 
8884 
8885 
8886 
8887 
8889 
8890 8891 
8893 
8894 
8895 
8898 
8900 
8902 
8903 
8905 8924 
8906 8911 
8908 8907 8972 
8909 8974 
8959 8910 8967 
8912 
9033 8913 9025 
8914 
9018 8915 
8947 8916 8917 
8918 8919 
8920 9020 
8921 8923 8925 8926 
8922 
8937 9026 8927 
8928 8933 
8929 8930 
8931 9014 
8932 8975 
8934 
9038 8935 
8936 
8938 9047 
9049 8939 
8940 
8962 8941 
9042 8942 
8943 
8944 9032 
8945 
8946 
8948 
8949 8958 
8950 
8951 
8952 9016 
8953 
8954 
8955 
8956 
8960 8957 
8961 
8984 8963 
8964 9054 
9013 8965 
8968 8966 
8969 9007 
8970 9028 
8971 
8973 
8976 8999 
8977 
8978 
8979 
8980 
8981 
8982 
8983 
8985 9022 
8986 
8987 
8988 
8989 
8990 
8991 
8992 
8993 9051 
8994 
8995 
8996 
8997 
8998 9031 
9000 
9024 9001 9002 
9003 9046 
9004 
9005 
9006 9023 
9008 9019 
9009 9010 
9011 9030 
9012 
9015 
9017 
9021 
9027 
9029 
9034 
9035 
9036 
9037 
9039 
9040 9041 
9043 
9044 
9045 
9048 
9050 
9052 
9053 
9074 9055 
9056 9061 
9057 9122 9058 
9059 9124 
9060 9117 9109 
9062 
9183 9175 9063 
9064 
9168 9065 
9097 9066 9067 
9068 9069 
9170 9070 
9073 9075 9076 9071 
9072 
9176 9077 9087 
9083 9078 
9080 9079 
9081 9164 
9082 9125 
9084 
9188 9085 
9086 
9088 9197 
9089 9199 
9090 
9112 9091 
9192 9092 
9093 
9182 9094 
9095 
9096 
9098 
9099 9108 
9100 
9101 
9166 9102 
9103 
9104 
9105 
9106 
9107 9110 
9111 
9113 9134 
9114 9204 
9115 9163 
9116 9118 
9157 9119 
9120 9178 
9121 
9123 
9149 9126 
9127 
9128 
9129 
9130 
9131 
9132 
9133 
9172 9135 
9136 
9137 
9138 
9139 
9140 
9141 
9142 
9201 9143 
9144 
9145 
9146 
9147 
9148 9181 
9150 
9152 9174 9151 
9153 9196 
9154 
9155 
9156 9173 
9169 9158 
9160 9159 
9161 9180 
9162 
9165 
9167 
9171 
9177 
9179 
9184 
9185 
9186 
9187 
9189 
9190 9191 
9193 
9194 
9195 
9198 
9200 
9202 
9203 
9224 9205 
9211 9206 
9272 9208 9207 
9209 9274 
9259 9210 9267 
9212 
9325 9333 9213 
9214 
9318 9215 
9216 9217 9247 
9218 9219 
9320 9220 
9225 9226 9221 9223 
9222 
9227 9237 9326 
9233 9228 
9229 9230 
9314 9231 
9232 9275 
9234 
9338 9235 
9236 
9347 9238 
9349 9239 
9240 
9241 9262 
9242 9342 
9243 
9332 9244 
9245 
9246 
9248 
9249 9258 
9250 
9251 
9316 9252 
9253 
9254 
9255 
9256 
9257 9260 
9261 
9284 9263 
9264 9354 
9265 9313 
9266 9268 
9307 9269 
9328 9270 
9271 
9273 
9299 9276 
9277 
9278 
9279 
9280 
9281 
9282 
9283 
9322 9285 
9286 
9287 
9288 
9289 
9290 
9291 
9292 
9293 9351 
9294 
9295 
9296 
9297 
9298 9331 
9300 
9324 9301 9302 
9346 9303 
9304 
9305 
9306 9323 
9308 9319 
9309 9310 
9330 9311 
9312 
9315 
9317 
9321 
9327 
9329 
9334 
9335 
9336 
9337 
9339 
9340 9341 
9343 
9344 
9345 
9348 
9350 
9352 
9353 
9355 9374 
9361 9356 
9358 9357 9422 
9424 9359 
9360 9417 9409 
9362 
9483 9475 9363 
9364 
9468 9365 
9397 9366 9367 
9368 9369 
9370 9470 
9376 9371 9373 9375 
9372 
9377 9387 9476 
9378 9383 
9379 9380 
9464 9381 
9425 9382 
9384 
9488 9385 
9386 
9497 9388 
9499 9389 
9390 
9412 9391 
9392 9492 
9393 
9394 9482 
9395 
9396 
9398 
9408 9399 
9400 
9401 
9402 9466 
9403 
9404 
9405 
9406 
9410 9407 
9411 
9434 9413 
9504 9414 
9463 9415 
9416 9418 
9457 9419 
9420 9478 
9421 
9423 
9449 9426 
9427 
9428 
9429 
9430 
9431 
9432 
9433 
9472 9435 
9436 
9437 
9438 
9439 
9440 
9441 
9442 
9443 9501 
9444 
9445 
9446 
9447 
9448 9481 
9450 
9474 9451 9452 
9496 9453 
9454 
9455 
9456 9473 
9458 9469 
9459 9460 
9480 9461 
9462 
9465 
9467 
9471 
9477 
9479 
9484 
9485 
9486 
9487 
9489 
9490 9491 
9493 
9494 
9495 
9498 
9500 
9502 
9503 
9505 9524 
9506 9511 
9507 9572 9508 
9509 9574 
9559 9510 9567 
9512 
9513 9625 9633 
9514 
9618 9515 
9547 9516 9517 
9518 9519 
9520 9620 
9521 9523 9525 9526 
9522 
9537 9626 9527 
9528 9533 
9529 9530 
9531 9614 
9532 9575 
9534 
9638 9535 
9536 
9538 9647 
9649 9539 
9540 
9562 9541 
9642 9542 
9543 
9544 9632 
9545 
9546 
9548 
9549 9558 
9550 
9551 
9552 9616 
9553 
9554 
9555 
9556 
9560 9557 
9561 
9584 9563 
9564 9654 
9565 9613 
9568 9566 
9569 9607 
9570 9628 
9571 
9573 
9576 9599 
9577 
9578 
9579 
9580 
9581 
9582 
9583 
9585 9622 
9586 
9587 
9588 
9589 
9590 
9591 
9592 
9593 9651 
9594 
9595 
9596 
9597 
9598 9631 
9600 
9624 9601 9602 
9603 9646 
9604 
9605 
9606 9623 
9608 9619 
9609 9610 
9611 9630 
9612 
9615 
9617 
9621 
9627 
9629 
9634 
9635 
9636 
9637 
9639 
9640 9641 
9643 
9644 
9645 
9648 
9650 
9652 
9653 
9674 9655 
9656 9661 
9658 9657 9722 
9659 9724 
9709 9660 9717 
9662 
9775 9783 9663 
9664 
9768 9665 
9697 9666 9667 
9668 9669 
9770 9670 
9673 9675 9676 9671 
9672 
9776 9677 9687 
9683 9678 
9680 9679 
9681 9764 
9682 9725 
9684 
9788 9685 
9686 
9688 9797 
9689 9799 
9690 
9712 9691 
9792 9692 
9693 
9782 9694 
9695 
9696 
9698 
9699 9708 
9700 
9701 
9766 9702 
9703 
9704 
9705 
9706 
9707 9710 
9711 
9713 9734 
9714 9804 
9763 9715 
9716 9718 
9757 9719 
9720 9778 
9721 
9723 
9749 9726 
9727 
9728 
9729 
9730 
9731 
9732 
9733 
9772 9735 
9736 
9737 
9738 
9739 
9740 
9741 
9742 
9801 9743 
9744 
9745 
9746 
9747 
9748 9781 
9750 
9752 9774 9751 
9753 9796 
9754 
9755 
9756 9773 
9769 9758 
9760 9759 
9761 9780 
9762 
9765 
9767 
9771 
9777 
9779 
9784 
9785 
9786 
9787 
9789 
9790 9791 
9793 
9794 
9795 
9798 
9800 
9802 
9803 
9805 9901 
9877 9806 
9904 9807 
9808 9880 
9809 
9896 9810 
9825 9811 
9892 9812 
9813 9885 
9888 9814 
9890 9815 
9816 
9817 9905 
9833 9818 
9819 
9895 9898 9838 9882 9820 
9821 
9899 9840 9906 9875 9822 
9823 
9824 9902 9903 
9913 9826 9827 
9912 9828 
9829 
9891 9908 9830 
9831 
9832 9910 9887 
9872 9834 9835 
9836 9870 
9837 
9839 
9841 
9842 
9843 
9845 
9847 
9848 
9849 9863 
9850 
9851 
9852 
9853 
9859 9854 
9855 
9856 
9857 
9858 
9860 
9861 
9862 
9864 
9865 
9866 
9867 
9868 
9869 
9871 
9873 
9874 
9876 
9878 
9907 9879 
9881 
9883 
9884 9909 
9886 
9889 
9893 
9894 
9897 
9900 
9911 
9914 
9986 9915 
9916 10013 
9993 9917 
10012 9918 
9935 9919 
9920 10006 
9921 
9922 9996 
9923 10004 
10001 9924 
10000 9925 
9926 9943 
10015 9927 
9928 
9991 9929 10005 10008 9947 
9930 
10016 9987 9931 10009 9949 
9932 
10011 9933 10014 
9934 
9936 9982 
9937 9938 9979 
10003 9939 10020 
9940 
10018 9941 9999 
9942 
9944 10023 
9945 9946 10022 
9948 
9950 
9951 
9952 
9953 
9954 34638 
9955 
9956 
9957 
34634 9958 
9973 9959 
9960 
9961 
9962 
9963 
9964 
9965 
9971 9966 
9967 
9968 
9969 
9970 
9972 
9974 
9975 
9976 
9977 
9978 
9980 
9981 
9983 
9984 
9985 10019 
9988 
9989 
10017 9990 
9992 
9994 
9995 
9997 
9998 
10002 
10007 
10010 
10021 
10024 
10025 10190 
10192 10026 
10334 10336 10339 10342 10347 10349 10358 10361 10362 10364 10368 10369 10373 10374 10375 10376 10377 10378 10379 10382 10384 10388 10389 10390 10391 10392 10393 10394 10397 10403 10404 10405 10410 10411 10418 10419 10422 10423 10426 10431 10434 10027 10028 10035 10036 10038 10039 10040 10041 10042 10043 10046 10056 10058 10059 10060 10062 10143 10144 10183 10184 10185 10186 10187 10188 10189 10191 10193 10194 10195 10196 10197 10198 10199 10206 10207 10208 10209 10210 10211 10216 10217 10218 10221 10222 
10029 10030 
10333 10335 10337 10338 10340 10341 10344 10345 10346 10348 10350 10351 10352 10353 10354 10355 10356 10359 10360 10363 10366 10367 10370 10381 10385 10386 10387 10395 10396 10398 10399 10400 10401 10402 10406 10407 10408 10409 10412 10413 10414 10415 10416 10417 10424 10425 10427 10428 10429 10430 10432 10433 10031 10032 10034 10044 10045 10047 10048 10051 10052 10053 10054 10055 10057 10061 10063 10064 10065 10139 10140 10141 10142 10200 10201 10202 10203 10204 10205 10212 10213 10214 10215 10219 10220 
10240 10241 10242 10243 10244 10245 10246 10247 10248 10249 10250 10251 10252 10253 10254 10255 10256 10257 10258 10259 10260 10261 10262 10263 10264 10265 10266 10267 10268 10269 10270 10271 10272 10273 10274 10275 10276 10277 10278 10279 10280 10281 10282 10283 10284 10285 10286 10287 10288 10289 10290 10291 10292 10293 10294 10295 10296 10297 10298 10299 10300 10301 10302 10303 10304 10305 10306 10307 10308 10309 10310 10311 10312 10313 10314 10315 10316 10317 10318 10319 10320 10321 10322 10323 10324 10325 10326 10327 10328 10329 10330 10331 10332 10343 10357 10365 10371 10372 10380 10383 10420 10421 10033 10037 10066 10067 10068 10069 10070 10071 10072 10073 10074 10075 10076 10077 10078 10079 10080 10081 10082 10083 10084 10085 10086 10087 10088 10089 10090 10091 10092 10093 10094 10095 10096 10097 10098 10099 10100 10101 10102 10103 10104 10105 10106 10107 10108 10109 10110 10111 10112 10113 10114 10115 10116 10117 10118 10119 10120 10121 10122 10123 10124 10125 10126 10127 10128 10129 10130 10131 10132 10133 10134 10135 10136 10137 10138 10145 10146 10147 10148 10149 10150 10151 10152 10153 10154 10155 10156 10157 10158 10159 10160 10161 10162 10163 10164 10165 10166 10167 10168 10169 10170 10171 10172 10173 10174 10175 10176 10177 10178 10179 10180 10181 10182 10223 10224 10225 10226 10227 10228 10229 10230 10231 10232 10233 10234 10235 10236 10237 10238 10239 
10049 10050 
10752 10753 10754 10755 10771 10773 10777 10781 10782 10783 10784 10785 10786 10787 10789 10790 10791 10793 10794 10795 10796 10800 10802 10807 10809 10812 10813 10817 10823 10843 10846 10847 10857 10858 10860 10435 10437 10445 10446 10447 10448 10449 10450 10453 10455 10459 10460 10461 10462 10465 10466 10468 10471 10472 10513 10593 10594 10595 10596 10597 10598 10599 10610 10611 10612 10613 10614 10615 10616 10619 10621 10623 10625 10626 10628 10746 10749 10750 
10756 10629 10630 10631 10764 10765 10766 10767 10768 10770 10772 10774 10775 10778 10779 10792 10797 10808 10810 10814 10815 10818 10819 10436 10821 10438 10439 10440 10441 10442 10443 10444 10824 10451 10452 10837 10454 10836 10456 10457 10458 10463 10464 10601 10604 10605 10607 10608 10609 10747 10748 10751 
10811 10467 
10469 
10826 10827 10828 10830 10831 10832 10833 10834 10835 10838 10839 10840 10841 10844 10848 10849 10850 10852 10853 10854 10855 10856 10859 10861 10470 10474 10475 10476 10477 10478 10479 10480 10481 10482 10483 10484 10485 10486 10487 10488 10489 10490 10491 10492 10493 10494 10495 10496 10497 10498 10499 10500 10501 10514 10515 10516 10517 10518 10519 10520 10521 10522 10523 10524 10525 10526 10527 10528 10529 10530 10531 10532 10533 10534 10535 10536 10537 10538 10539 10540 10541 10542 10543 10544 10545 10546 10547 10548 10549 10550 10551 10552 10553 10554 10555 10556 10557 10558 10559 10560 10561 10562 10563 10564 10565 10566 10567 10568 10569 10570 10571 10572 10573 10574 10575 10576 10577 10578 10579 10580 10581 10582 10583 10584 10585 10586 10587 10588 10589 10590 10591 10592 10632 10633 10634 10635 10636 10637 10638 10639 10640 10641 10642 10643 10644 10645 10646 10647 10648 10649 10650 10651 10652 10653 10654 10655 10656 10657 10658 10659 10665 10672 10673 10674 10675 10676 10677 10678 10679 10680 10681 10682 10683 10684 10685 10686 10687 10688 10689 10690 10691 10692 10693 10694 10695 10696 10697 10698 10699 10700 10701 10702 10703 10704 10705 10706 10707 10708 10709 10710 10711 10712 10713 10714 10715 10716 10717 10718 10719 10720 10721 10722 10723 10724 10725 10726 10727 10728 10729 10730 10731 10732 10733 10734 10735 10736 10737 10738 10739 10740 10741 
10473 10506 10507 10508 10505 10845 
10502 10503 
10627 10788 10661 10504 10509 10829 10510 10617 10622 
10758 10759 10760 10600 10666 10602 10670 10671 10512 10511 10799 10798 10742 10743 
10757 10761 10762 10603 10763 10606 10801 10805 10744 10745 
10624 10851 10803 10842 10806 10618 10780 
10822 10667 10668 10669 10804 10620 
10660 
10816 10664 10662 
10663 
10769 
10776 
10820 
10825 
10880 11009 11010 10882 10885 10886 10887 11015 11146 10891 10892 10893 10894 11021 10896 10897 10898 11154 11155 11029 11150 11147 11159 11032 11163 11035 11164 11166 11167 11040 11041 11170 11171 11172 11042 11174 11178 11180 11182 11183 11184 11185 11188 11192 11197 11199 11201 11203 11206 11207 11208 11209 11210 11211 11212 11213 11216 11217 11218 11219 11220 11221 11222 11223 10968 10969 11226 11227 11224 11229 11225 11228 10862 
10863 10864 10865 10866 10867 10868 10869 10870 10871 10872 10874 10875 10876 10877 10878 10879 10881 10883 10884 10888 10889 10890 10895 11008 11012 11014 11016 11017 11018 11019 11020 11022 11023 11024 11025 11026 11027 11028 11030 11031 11033 11036 11037 11038 11149 11152 11153 11156 11157 11158 11160 11161 11162 11165 11168 11169 11173 11175 11176 11177 11179 11181 11186 11187 11189 11190 11191 11193 11194 11195 11196 11198 11200 11202 11204 11214 11215 
10873 11011 
10899 10900 10901 10902 10903 10904 10905 10906 10907 10908 10909 10910 10911 10912 10913 10914 10915 10916 10917 10918 10919 10920 10921 10922 10923 10924 10925 10926 10927 10928 10929 10930 10931 10932 10933 10934 10935 10936 10937 10938 10939 10940 10941 10942 10943 10944 10945 10946 10947 10948 10949 10950 10951 10952 10953 10954 10955 10956 10957 10958 10959 10960 10961 10962 10963 10964 10965 10966 10967 10970 10971 10972 10973 10974 10975 10976 10977 10978 10979 10980 10981 10982 10983 10984 10985 10986 10987 10988 10989 10990 10991 10992 10993 10994 10995 10996 10997 10998 10999 11000 11001 11002 11003 11004 11005 11006 11007 11013 11034 11039 11043 11044 11045 11046 11047 11048 11049 11050 11051 11052 11053 11054 11055 11056 11057 11058 11059 11060 11061 11062 11063 11064 11065 11066 11067 11068 11069 11070 11071 11072 11073 11074 11075 11076 11077 11078 11079 11080 11081 11082 11083 11084 11085 11086 11087 11088 11089 11090 11091 11092 11093 11094 11095 11096 11097 11098 11099 11100 11101 11102 11103 11104 11105 11106 11107 11108 11109 11110 11111 11112 11113 11114 11115 11116 11117 11118 11119 11120 11121 11122 11123 11124 11125 11126 11127 11128 11129 11130 11131 11132 11133 11134 11135 11136 11137 11138 11139 11140 11141 11142 11143 11144 11145 11148 11151 11205 
13064 11484 
12738 12914 11485 12734 12733 
12604 11486 
12736 12905 12751 12752 11487 
11488 13072 
12608 11489 
13188 13192 12975 13108 12981 13237 13238 13115 13251 13252 13254 13266 13272 13017 13275 13019 11490 11491 13034 13035 11500 13039 11504 11505 11503 13043 13046 13049 
16384 16385 16386 16387 16388 16389 16390 16391 16392 16393 16394 16395 16396 16397 16398 16399 16400 16401 16402 16403 16404 16405 16406 16407 16408 16409 16410 16411 16412 16413 16414 16415 16416 16417 16418 16419 16420 16421 16422 16423 16424 16425 16426 16427 16428 16429 16430 16431 16432 16433 16434 16435 16436 16437 16438 16439 16440 16441 16442 16443 16444 16445 16446 16447 16448 16449 16450 16451 16452 16453 16454 16455 16456 16457 16458 16459 16460 16461 16462 16463 16464 16465 16466 16467 16468 16469 16470 16471 16472 16473 16474 16475 16476 16477 16478 16479 16480 16481 16482 16483 16484 16485 16486 16487 16488 16489 16490 16491 16492 16493 16494 16495 16496 16497 16498 16499 16500 16501 16502 16503 16504 16505 16506 16507 16508 16509 16510 16511 16512 16513 16514 16515 16516 16517 16518 16519 16520 16521 16522 16523 16524 16525 16526 16527 16528 16529 16530 16531 16532 16533 16534 16535 16536 16537 16538 16539 16540 16541 16542 16543 16544 16545 16546 16547 16548 16549 16550 16551 16552 16553 16554 16555 16556 16557 16558 16559 16560 16561 16562 16563 16564 16565 16566 16567 16568 16569 16570 16571 16572 16573 16574 16575 16576 16577 16578 16579 16580 16581 16582 16583 16584 16585 16586 16587 16588 16589 16590 16591 16592 16593 16594 16595 16596 16597 16598 16599 16600 16601 16602 16603 16604 16605 16606 16607 16608 16609 16610 16611 16612 16613 16614 16615 16616 16617 16618 16619 16620 16621 16622 16623 16624 16625 16626 16627 16628 16629 16630 16631 16632 16633 16634 16635 16636 16637 16638 16639 16640 16641 16642 16643 16644 16645 16646 16647 16648 16649 16650 16651 16652 16653 16654 16655 16656 16657 16658 16659 16660 16661 16662 16663 16664 16665 16666 16667 16668 16669 16670 16671 16672 16673 16674 16675 16676 16677 16678 16679 16680 16681 16682 16683 16684 16685 16686 16687 16688 16689 16690 16691 16692 16693 16694 16695 16696 16697 16698 16699 16700 16701 16702 16703 16704 16705 16706 16707 16708 16709 16710 16711 16712 16713 16714 16715 16716 16717 16718 16719 16720 16721 16722 16723 16724 16725 16726 16727 16728 16729 16730 16731 16732 16733 16734 16735 16736 16737 16738 16739 16740 16741 16742 16743 16744 16745 16746 16747 16748 16749 16750 16751 16752 16753 16754 16755 16756 16757 16758 16759 16760 16761 16762 16763 16764 16765 16766 16767 16768 16769 16770 16771 16772 16773 16774 16775 16776 16777 16778 16779 16780 16781 16782 16783 16784 16785 16786 16787 16788 16789 16790 16791 16792 16793 16794 16795 16796 16797 16798 16799 16800 16801 16802 16803 16804 16805 16806 16807 16808 16809 16810 16811 16812 16813 16814 16815 16816 16817 16818 16819 16820 16821 16822 16823 16824 16825 16826 16827 16828 16829 16830 16831 16832 16833 16834 16835 16836 16837 16838 16839 16840 16841 16842 16843 16844 16845 16846 16847 16848 16849 16850 16851 16852 16853 16854 16855 16856 16857 16858 16859 16860 16861 16862 16863 16864 16865 16866 16867 16868 16869 16870 16871 16872 16873 16874 16875 16876 16877 16878 16879 16880 16881 16882 16883 16884 16885 16886 16887 16888 16889 16890 16891 16892 16893 16894 16895 16896 16897 16898 16899 16900 16901 16902 16903 16904 16905 16906 16907 16908 16909 16910 16911 16912 16913 16914 16915 16916 16917 16918 16919 16920 16921 16922 16923 16924 16925 16926 16927 16928 16929 16930 16931 16932 16933 16934 16935 16936 16937 16938 16939 16940 16941 16942 16943 16944 16945 16946 16947 16948 16949 16950 16951 16952 16953 16954 16955 16956 16957 16958 16959 16960 16961 16962 16963 16964 16965 16966 16967 16968 16969 16970 16971 16972 16973 16974 16975 16976 16977 16978 16979 16980 16981 16982 16983 16984 16985 16986 16987 16988 16989 16990 16991 16992 16993 16994 16995 16996 16997 16998 16999 17000 17001 17002 17003 17004 17005 17006 17007 17008 17009 17010 17011 17012 17013 17014 17015 17016 17017 17018 17019 17020 17021 17022 17023 17024 17025 17026 17027 17028 17029 17030 17031 17032 17033 17034 17035 17036 17037 17038 17039 17040 17041 17042 17043 17044 17045 17046 17047 17048 17049 17050 17051 17052 17053 17054 17055 17056 17057 17058 17059 17060 17061 17062 17063 17064 17065 17066 17067 17068 17069 17070 17071 17072 17073 17074 17075 17076 17077 17078 17079 17080 17081 17082 17083 17084 17085 17086 17087 17088 17089 17090 17091 17092 17093 17094 17095 17096 17097 17098 17099 17100 17101 17102 17103 17104 17105 17106 17107 17108 17109 17110 17111 17112 17113 17114 17115 17116 17117 17118 17119 17120 17121 17122 17123 17124 17125 17126 17127 17128 17129 17130 17131 17132 17133 17134 17135 17136 17137 17138 17139 17140 17141 17142 17143 17144 17145 17146 17147 17148 17149 17150 17151 17152 17153 17154 17155 17156 17157 17158 17159 17160 17161 17162 17163 17164 17165 17166 17167 17168 17169 17170 17171 17172 17173 17174 17175 17176 17177 17178 17179 17180 17181 17182 17183 17184 17185 17186 17187 17188 17189 17190 17191 17192 17193 17194 17195 17196 17197 17198 17199 17200 17201 17202 17203 17204 17205 17206 17207 17208 17209 17210 17211 17212 17213 17214 17215 17216 17217 17218 17219 17220 17221 17222 17223 17224 17225 17226 17227 17228 17229 17230 17231 17232 17233 17234 17235 17236 17237 17238 17239 17240 17241 17242 17243 17244 17245 17246 17247 17248 17249 17250 17251 17252 17253 17254 17255 17256 17257 17258 17259 17260 17261 17262 17263 17264 17265 17266 17267 17268 17269 17270 17271 17272 17273 17274 17275 17276 17277 17278 17279 17280 17281 17282 17283 17284 17285 17286 17287 17288 17289 17290 17291 17292 17293 17294 17295 17296 17297 17298 17299 17300 17301 17302 17303 17304 17305 17306 17307 17308 17309 17310 17311 17312 17313 17314 17315 17316 17317 17318 17319 17320 17321 17322 17323 17324 17325 17326 17327 17328 17329 17330 17331 17332 17333 17334 17335 17336 17337 17338 17339 17340 17341 17342 17343 17344 17345 17346 17347 17348 17349 17350 17351 17352 17353 17354 17355 17356 17357 17358 17359 17360 17361 17362 17363 17364 17365 17366 17367 17368 17369 17370 17371 17372 17373 17374 17375 17376 17377 17378 17379 17380 17381 17382 17383 17384 17385 17386 17387 17388 17389 17390 17391 17392 17393 17394 17395 17396 17397 17398 17399 17400 17401 17402 17403 17404 17405 17406 17407 17408 17409 17410 17411 17412 17413 17414 17415 17416 17417 17418 17419 17420 17421 17422 17423 17424 17425 17426 17427 17428 17429 17430 17431 17432 17433 17434 17435 17436 17437 17438 17439 17440 17441 17442 17443 17444 17445 17446 17447 17448 17449 17450 17451 17452 17453 17454 17455 17456 17457 17458 17459 17460 17461 17462 17463 17464 17465 17466 17467 17468 17469 17470 17471 17472 17473 17474 17475 17476 17477 17478 17479 17480 17481 17482 17483 17484 17485 17486 17487 17488 17489 17490 17491 17492 17493 17494 17495 17496 17497 17498 17499 17500 17501 17502 17503 17504 17505 17506 17507 17508 17509 17510 17511 17512 17513 17514 17515 17516 17517 17518 17519 17520 17521 17522 17523 17524 17525 17526 17527 17528 17529 17530 17531 17532 17533 17534 17535 17536 17537 17538 17539 17540 17541 17542 17543 17544 17545 17546 17547 17548 17549 17550 17551 17552 17553 17554 17555 17556 17557 17558 17559 17560 17561 17562 17563 17564 17565 17566 17567 17568 17569 17570 17571 17572 17573 17574 17575 17576 17577 17578 17579 17580 17581 17582 17583 17584 17585 17586 17587 17588 17589 17590 17591 17592 17593 17594 17595 17596 17597 17598 17599 17600 17601 17602 17603 17604 17605 17606 17607 17608 17609 17610 17611 17612 17613 17614 17615 17616 17617 17618 17619 17620 17621 17622 17623 17624 17625 17626 17627 17628 17629 17630 17631 17632 17633 17634 17635 17636 17637 17638 17639 17640 17641 17642 17643 17644 17645 17646 17647 17648 17649 17650 17651 17652 17653 17654 17655 17656 17657 17658 17659 17660 17661 17662 17663 17664 17665 17666 17667 17668 17669 17670 17671 17672 17673 17674 17675 17676 17677 17678 17679 17680 17681 17682 17683 17684 17685 17686 17687 17688 17689 17690 17691 17692 17693 17694 17695 17696 17697 17698 17699 17700 17701 17702 17703 17704 17705 17706 17707 17708 17709 17710 17711 17712 17713 17714 17715 17716 17717 17718 17719 17720 17721 17722 17723 17724 17725 17726 17727 17728 17729 17730 17731 17732 17733 17734 17735 17736 17737 17738 17739 17740 17741 17742 17743 17744 17745 17746 17747 17748 17749 17750 17751 17752 17753 17754 17755 17756 17757 17758 17759 17760 17761 17762 17763 17764 17765 17766 17767 17768 17769 17770 17771 17772 17773 17774 17775 17776 17777 17778 17779 17780 17781 17782 17783 17784 17785 17786 17787 17788 17789 17790 17791 17792 17793 17794 17795 17796 17797 17798 17799 17800 17801 17802 17803 17804 17805 17806 17807 17808 17809 17810 17811 17812 17813 17814 11492 11495 11496 11499 11508 11511 13344 13345 13346 13347 13348 13349 13350 13351 13352 13353 13354 13355 13356 13357 13358 13359 13360 13361 13362 13363 13364 13365 13366 13367 13368 13369 13370 13371 13372 13373 13374 13375 13376 13377 13378 13379 13380 13381 13382 13383 13384 13385 13386 13387 13388 13389 13390 13391 13392 13393 13394 13395 13396 13397 13398 13399 13400 13401 13402 13403 13404 13405 13406 13407 13408 13409 13410 13411 13412 13413 13414 13415 13416 13417 13418 13419 13420 13421 13422 13423 13424 13425 13426 13427 13428 13429 13430 13431 13432 13433 13434 13435 13436 13437 13438 13439 13440 13441 13442 13443 13444 13445 13446 13447 13448 13449 13450 13451 13452 13453 13454 13455 13456 13457 13458 13459 13460 13461 13462 13463 13464 13465 13466 13467 13468 13469 13470 13471 13472 13473 13474 13475 13476 13477 13478 13479 13480 13481 13482 13483 13484 13485 13486 13487 13488 13489 13490 13491 13492 13493 13494 13495 13496 13497 13498 13499 13500 13501 13502 13503 13504 13505 13506 13507 13508 13509 13510 13511 13512 13513 13514 13515 13516 13517 13518 13519 13520 13521 13522 13523 13524 13525 13526 13527 13528 13529 13530 13531 13532 13533 13534 13535 13536 13537 13538 13539 13540 13541 13542 13543 13544 13545 13546 13547 13548 13549 13550 13551 13552 13553 13554 13555 13556 13557 13558 13559 13560 13561 13562 13563 13564 13565 13566 13567 13568 13569 13570 13571 13572 13573 13574 13575 13576 13577 13578 13579 13580 13581 13582 13583 13584 13585 13586 13587 13588 13589 13590 13591 13592 13593 13594 13595 13596 13597 13598 13599 13600 13601 13602 13603 13604 13605 13606 13607 13608 13609 13610 13611 13612 13613 13614 13615 13616 13617 13618 13619 13620 13621 13622 13623 13624 13625 13626 13627 13628 13629 13630 13631 13632 13633 13634 13635 13636 13637 13638 13639 13640 13641 13642 13643 13644 13645 13646 13647 13648 13649 13650 13651 13652 13653 13654 13655 13656 13657 13658 13659 13660 13661 13662 13663 13664 13665 13666 13667 13668 13669 13670 13671 13672 13673 13674 13675 13676 13677 13678 13679 13680 13681 13682 13683 13684 13685 13686 13687 13688 13689 13690 13691 13692 13693 13694 13695 13696 13697 13698 13699 13700 13701 13702 13703 13704 13705 13706 13707 13708 13709 13710 13711 13712 13713 13714 13715 13716 13717 13718 13719 13720 13721 13722 13723 13724 13725 13726 13727 13728 13729 13730 13731 13732 13733 13734 13735 13736 13737 13738 13739 13740 13741 13742 13743 13744 13745 13746 13747 13748 13749 13750 13751 13752 13753 13754 13755 13756 13757 13758 13759 13760 13761 13762 13763 13764 13765 13766 13767 13768 13769 13770 13771 13772 13773 13774 13775 13776 13777 13778 13779 13780 13781 13782 13783 13784 13785 13786 13787 13788 13789 13790 13791 13792 13793 13794 13795 13796 13797 13798 13799 13800 13801 13802 13803 13804 13805 13806 13807 13808 13809 13810 13811 13812 13813 13814 13815 13816 13817 13818 13819 13820 13821 13822 13823 13824 13825 13826 13827 13828 13829 13830 13831 13832 13833 13834 13835 13836 13837 13838 13839 13840 13841 13842 13843 13844 13845 13846 13847 13848 13849 13850 13851 13852 13853 13854 13855 13856 13857 13858 13859 13860 13861 13862 13863 13864 13865 13866 13867 13868 13869 13870 13871 13872 13873 13874 13875 13876 13877 13878 13879 13880 13881 13882 13883 13884 13885 13886 13887 13888 13889 13890 13891 13892 13893 13894 13895 13896 13897 13898 13899 13900 13901 13902 13903 13904 13905 13906 13907 13908 13909 13910 13911 13912 13913 13914 13915 13916 13917 13918 13919 13920 13921 13922 13923 13924 13925 13926 13927 13928 13929 13930 13931 13932 13933 13934 13935 13936 13937 13938 13939 13940 13941 13942 13943 13944 13945 13946 13947 13948 13949 13950 13951 13952 13953 13954 13955 13956 13957 13958 13959 13960 13961 13962 13963 13964 13965 13966 13967 13968 13969 13970 13971 13972 13973 13974 13975 13976 13977 13978 13979 13980 13981 13982 13983 13984 13985 13986 13987 13988 13989 13990 13991 13992 13993 13994 13995 13996 13997 13998 13999 14000 14001 14002 14003 14004 14005 14006 14007 14008 14009 14010 14011 14012 14013 14014 14015 14016 14017 14018 14019 14020 14021 14022 14023 14024 14025 14026 14027 14028 14029 14030 14031 14032 14033 14034 14035 14036 14037 14038 14039 14040 14041 14042 14043 14044 14045 14046 14047 14048 14049 14050 14051 14052 14053 14054 14055 14056 14057 14058 14059 14060 14061 14062 14063 14064 14065 14066 14067 14068 14069 14070 14071 14072 14073 14074 14075 14076 14077 14078 14079 14080 14081 14082 14083 14084 14085 14086 14087 14088 14089 14090 14091 14092 14093 14094 14095 14096 14097 14098 14099 14100 14101 14102 14103 14104 14105 14106 14107 14108 14109 14110 14111 14112 14113 14114 14115 14116 14117 14118 14119 14120 14121 14122 14123 14124 14125 14126 14127 14128 14129 14130 14131 14132 14133 14134 14135 14136 14137 14138 14139 14140 14141 14142 14143 14144 14145 14146 14147 14148 14149 14150 14151 14152 14153 14154 14155 14156 14157 14158 14159 14160 14161 14162 14163 14164 14165 14166 14167 14168 14169 14170 14171 14172 14173 14174 14175 14176 14177 14178 14179 14180 14181 14182 14183 14184 14185 14186 14187 14188 14189 14190 14191 14192 14193 14194 14195 14196 14197 14198 14199 14200 14201 14202 14203 14204 14205 14206 14207 14208 14209 14210 14211 14212 14213 14214 14215 14216 14217 14218 14219 14220 14221 14222 14223 14224 14225 14226 14227 14228 14229 14230 14231 14232 14233 14234 14235 14236 14237 14238 14239 14240 14241 14242 14243 14244 14245 14246 14247 14248 14249 14250 14251 14252 14253 14254 14255 14256 14257 14258 14259 14260 14261 14262 14263 14264 14265 14266 14267 14268 14269 14270 14271 14272 14273 14274 14275 14276 14277 14278 14279 14280 14281 14282 14283 14284 14285 14286 14287 14288 14289 14290 14291 14292 14293 14294 14295 14296 14297 14298 14299 14300 14301 14302 14303 14304 14305 14306 14307 14308 14309 14310 14311 14312 14313 14314 14315 14316 14317 14318 14319 14320 14321 14322 14323 14324 14325 14326 14327 14328 14329 14330 14331 14332 14333 14334 14335 14336 14337 14338 14339 14340 14341 14342 14343 14344 14345 14346 14347 14348 14349 14350 14351 14352 14353 14354 14355 14356 14357 14358 14359 14360 14361 14362 14363 14364 14365 14366 14367 14368 14369 14370 14371 14372 14373 14374 14375 14376 14377 14378 14379 14380 14381 14382 14383 14384 14385 14386 14387 14388 14389 14390 14391 14392 14393 14394 14395 14396 14397 14398 14399 14400 14401 14402 14403 14404 14405 14406 14407 14408 14409 14410 14411 14412 14413 14414 14415 14416 14417 14418 14419 14420 14421 14422 14423 14424 14425 14426 14427 14428 14429 14430 14431 14432 14433 14434 14435 14436 14437 14438 14439 14440 14441 14442 14443 14444 14445 14446 14447 14448 14449 14450 14451 14452 14453 14454 14455 14456 14457 14458 14459 14460 14461 14462 14463 14464 14465 14466 14467 14468 14469 14470 14471 14472 14473 14474 14475 14476 14477 14478 14479 14480 14481 14482 14483 14484 14485 14486 14487 14488 14489 14490 14491 14492 14493 14494 14495 14496 14497 14498 14499 14500 14501 14502 14503 14504 14505 14506 14507 14508 14509 14510 14511 14512 14513 14514 14515 14516 14517 14518 14519 14520 14521 14522 14523 14524 14525 14526 14527 14528 14529 14530 14531 14532 14533 14534 14535 14536 14537 14538 14539 14540 14541 14542 14543 14544 14545 14546 14547 14548 14549 14550 14551 14552 14553 14554 14555 14556 14557 14558 14559 14560 14561 14562 14563 14564 14565 14566 14567 14568 14569 14570 14571 14572 14573 14574 14575 14576 14577 14578 14579 14580 14581 14582 14583 14584 14585 14586 14587 14588 14589 14590 14591 14592 14593 14594 14595 14596 14597 14598 14599 14600 14601 14602 14603 14604 14605 14606 14607 14608 14609 14610 14611 14612 14613 14614 14615 14616 14617 14618 14619 14620 14621 14622 14623 14624 14625 14626 14627 14628 14629 14630 14631 14632 14633 14634 14635 14636 14637 14638 14639 14640 14641 14642 14643 14644 14645 14646 14647 14648 14649 14650 14651 14652 14653 14654 14655 14656 14657 14658 14659 14660 14661 14662 14663 14664 14665 14666 14667 14668 14669 14670 14671 14672 14673 14674 14675 14676 14677 14678 14679 14680 14681 14682 14683 14684 14685 14686 14687 14688 14689 14690 14691 14692 14693 14694 14695 14696 14697 14698 14699 14700 14701 14702 14703 14704 14705 14706 14707 14708 14709 14710 14711 14712 14713 14714 14715 14716 14717 14718 14719 14720 14721 14722 14723 14724 14725 14726 14727 14728 14729 14730 14731 14732 14733 14734 14735 14736 14737 14738 14739 14740 14741 14742 14743 14744 14745 14746 14747 14748 14749 14750 14751 14752 14753 14754 14755 14756 14757 14758 14759 14760 14761 14762 14763 14764 14765 14766 14767 14768 14769 14770 14771 14772 14773 14774 14775 14776 14777 14778 14779 14780 14781 14782 14783 14784 14785 14786 14787 14788 14789 14790 14791 14792 14793 14794 14795 14796 14797 14798 14799 14800 14801 14802 14803 14804 14805 14806 14807 14808 14809 14810 14811 14812 14813 14814 14815 14816 14817 14818 14819 14820 14821 14822 14823 14824 14825 14826 14827 14828 14829 14830 14831 14832 14833 14834 14835 14836 14837 14838 14839 14840 14841 14842 14843 14844 14845 14846 14847 14848 14849 14850 14851 14852 14853 14854 14855 14856 14857 14858 14859 14860 14861 14862 14863 14864 14865 14866 14867 14868 14869 14870 14871 14872 14873 14874 14875 14876 14877 14878 14879 14880 14881 14882 14883 14884 14885 14886 14887 14888 14889 14890 14891 14892 14893 14894 14895 14896 14897 14898 14899 14900 14901 14902 14903 14904 14905 14906 14907 14908 14909 14910 14911 14912 14913 14914 14915 14916 14917 14918 14919 14920 14921 14922 14923 14924 14925 14926 14927 14928 14929 14930 14931 14932 14933 14934 14935 14936 14937 14938 14939 14940 14941 14942 14943 14944 14945 14946 14947 14948 14949 14950 14951 14952 14953 14954 14955 14956 14957 14958 14959 14960 14961 14962 14963 14964 14965 14966 14967 14968 14969 14970 14971 14972 14973 14974 14975 14976 14977 14978 14979 14980 14981 14982 14983 14984 14985 14986 14987 14988 14989 14990 14991 14992 14993 14994 14995 14996 14997 14998 14999 15000 15001 15002 15003 15004 15005 15006 15007 15008 15009 15010 15011 15012 15013 15014 15015 15016 15017 15018 15019 15020 15021 15022 15023 15024 15025 15026 15027 15028 15029 15030 15031 15032 15033 15034 15035 15036 15037 15038 15039 15040 15041 15042 15043 15044 15045 15046 15047 15048 15049 15050 15051 15052 15053 15054 15055 15056 15057 15058 15059 15060 15061 15062 15063 15064 15065 15066 15067 15068 15069 15070 15071 15072 15073 15074 15075 15076 15077 15078 15079 15080 15081 15082 15083 15084 15085 15086 15087 15088 15089 15090 15091 15092 15093 15094 15095 15096 15097 15098 15099 15100 15101 15102 15103 15104 15105 15106 15107 15108 15109 15110 15111 15112 15113 15114 15115 15116 15117 15118 15119 15120 15121 15122 15123 15124 15125 15126 15127 15128 15129 15130 15131 15132 15133 15134 15135 15136 15137 15138 15139 15140 15141 15142 15143 15144 15145 15146 15147 15148 15149 15150 15151 15152 15153 15154 15155 15156 15157 15158 15159 15160 15161 15162 15163 15164 15165 15166 15167 15168 15169 15170 15171 15172 15173 15174 15175 15176 15177 15178 15179 15180 15181 15182 15183 15184 15185 15186 15187 15188 15189 15190 15191 15192 15193 15194 15195 15196 15197 15198 15199 15200 15201 15202 15203 15204 15205 15206 15207 15208 15209 15210 15211 15212 15213 15214 15215 15216 15217 15218 15219 15220 15221 15222 15223 15224 15225 15226 15227 15228 15229 15230 15231 15232 15233 15234 15235 15236 15237 15238 15239 15240 15241 15242 15243 15244 15245 15246 15247 15248 15249 15250 15251 15252 15253 15254 15255 15256 15257 15258 15259 15260 15261 15262 15263 15264 15265 15266 15267 15268 15269 15270 15271 15272 15273 15274 15275 15276 15277 15278 15279 15280 15281 15282 15283 15284 15285 15286 15287 15288 15289 15290 15291 15292 15293 15294 15295 15296 15297 15298 15299 15300 15301 15302 15303 15304 15305 15306 15307 15308 15309 15310 15311 15312 15313 15314 15315 15316 15317 15318 15319 15320 15321 15322 15323 15324 15325 15326 15327 15328 15329 15330 15331 15332 15333 15334 15335 15336 15337 15338 15339 15340 15341 15342 15343 15344 15345 15346 15347 15348 15349 15350 15351 15352 15353 15354 15355 15356 15357 15358 15359 15360 15361 15362 15363 15364 15365 15366 15367 15368 15369 15370 15371 15372 15373 15374 15375 15376 15377 15378 15379 15380 15381 15382 15383 15384 15385 15386 15387 15388 15389 15390 15391 15392 15393 15394 15395 15396 15397 15398 15399 15400 15401 15402 15403 15404 15405 15406 15407 15408 15409 15410 15411 15412 15413 15414 15415 15416 15417 15418 15419 15420 15421 15422 15423 15424 15425 15426 15427 15428 15429 15430 15431 15432 15433 15434 15435 15436 15437 15438 15439 15440 15441 15442 15443 15444 15445 15446 15447 15448 15449 15450 15451 15452 15453 15454 15455 15456 15457 15458 15459 15460 15461 15462 15463 15464 15465 15466 15467 15468 15469 15470 15471 15472 15473 15474 15475 15476 15477 15478 15479 15480 15481 15482 15483 15484 15485 15486 15487 15488 15489 15490 15491 15492 15493 15494 15495 15496 15497 15498 15499 15500 15501 15502 15503 15504 15505 15506 15507 15508 15509 15510 15511 15512 15513 15514 15515 15516 15517 15518 15519 15520 15521 15522 15523 15524 15525 15526 15527 15528 15529 15530 15531 15532 15533 15534 15535 15536 15537 15538 15539 15540 15541 15542 15543 15544 15545 15546 15547 15548 15549 15550 15551 15552 15553 15554 15555 15556 15557 15558 15559 15560 15561 15562 15563 15564 15565 15566 15567 15568 15569 15570 15571 15572 15573 15574 15575 15576 15577 15578 15579 15580 15581 15582 15583 15584 15585 15586 15587 15588 15589 15590 15591 15592 15593 15594 15595 15596 15597 15598 15599 15600 15601 15602 15603 15604 15605 15606 15607 15608 15609 15610 15611 15612 15613 15614 15615 15616 15617 15618 15619 15620 15621 15622 15623 15624 15625 15626 15627 15628 15629 15630 15631 15632 15633 15634 15635 15636 15637 15638 15639 15640 15641 15642 15643 15644 15645 15646 15647 15648 15649 15650 15651 15652 15653 15654 15655 15656 15657 15658 15659 15660 15661 15662 15663 15664 15665 15666 15667 15668 15669 15670 15671 15672 15673 15674 15675 15676 15677 15678 15679 15680 15681 15682 15683 15684 15685 15686 15687 15688 15689 15690 15691 15692 15693 15694 15695 15696 15697 15698 15699 15700 15701 15702 15703 15704 15705 15706 15707 15708 15709 15710 15711 15712 15713 15714 15715 15716 15717 15718 15719 15720 15721 15722 15723 15724 15725 15726 15727 15728 15729 15730 15731 15732 15733 15734 15735 15736 15737 15738 15739 15740 15741 15742 15743 15744 15745 15746 15747 15748 15749 15750 15751 15752 15753 15754 15755 15756 15757 15758 15759 15760 15761 15762 15763 15764 15765 15766 15767 15768 15769 15770 15771 15772 15773 15774 15775 15776 15777 15778 15779 15780 15781 15782 15783 15784 15785 15786 15787 15788 15789 15790 15791 15792 15793 15794 15795 15796 15797 15798 15799 15800 15801 15802 15803 15804 15805 15806 15807 15808 15809 15810 15811 15812 15813 15814 15815 15816 15817 15818 15819 15820 15821 15822 15823 15824 15825 15826 15827 15828 15829 15830 15831 15832 15833 15834 15835 15836 15837 15838 15839 15840 15841 15842 15843 15844 15845 15846 15847 15848 15849 15850 15851 15852 15853 15854 15855 15856 15857 15858 15859 15860 15861 15862 15863 15864 15865 15866 15867 15868 15869 15870 15871 15872 15873 15874 15875 15876 15877 15878 15879 15880 15881 15882 15883 15884 15885 15886 15887 15888 15889 15890 15891 15892 15893 15894 15895 15896 15897 15898 15899 15900 15901 15902 15903 15904 15905 15906 15907 15908 15909 15910 15911 15912 15913 15914 15915 15916 15917 15918 15919 15920 15921 15922 15923 15924 15925 15926 15927 15928 15929 15930 15931 15932 15933 15934 15935 15936 15937 15938 15939 15940 15941 15942 15943 15944 15945 15946 15947 15948 15949 15950 15951 15952 15953 15954 15955 15956 15957 15958 15959 15960 15961 15962 15963 15964 15965 15966 15967 15968 15969 15970 15971 15972 15973 15974 15975 15976 15977 15978 15979 15980 15981 15982 15983 15984 15985 15986 15987 15988 15989 15990 15991 15992 15993 15994 15995 15996 15997 15998 15999 16000 16001 16002 16003 16004 16005 16006 16007 16008 16009 16010 16011 16012 16013 16014 16015 16016 16017 16018 16019 16020 16021 16022 16023 16024 16025 16026 16027 16028 16029 16030 16031 16032 16033 16034 16035 16036 16037 16038 16039 16040 16041 16042 16043 16044 16045 16046 16047 16048 16049 16050 16051 16052 16053 16054 16055 16056 16057 16058 16059 16060 16061 16062 16063 16064 16065 16066 16067 16068 16069 16070 16071 16072 16073 16074 16075 16076 16077 16078 16079 16080 16081 16082 16083 16084 16085 16086 16087 16088 16089 16090 16091 16092 16093 16094 16095 16096 16097 16098 16099 16100 16101 16102 16103 16104 16105 16106 16107 16108 16109 16110 16111 16112 16113 16114 16115 16116 16117 16118 16119 16120 16121 16122 16123 16124 16125 16126 16127 16128 16129 16130 16131 16132 16133 16134 16135 16136 16137 16138 16139 16140 16141 16142 16143 16144 16145 16146 16147 16148 16149 16150 16151 16152 16153 16154 16155 16156 16157 16158 16159 16160 16161 16162 16163 16164 16165 16166 16167 16168 16169 16170 16171 16172 16173 16174 16175 16176 16177 16178 16179 16180 16181 16182 16183 16184 16185 16186 16187 16188 16189 16190 16191 16192 16193 16194 16195 16196 16197 16198 16199 16200 16201 16202 16203 16204 16205 16206 16207 16208 16209 16210 16211 16212 16213 16214 16215 16216 16217 16218 16219 16220 16221 16222 16223 16224 16225 16226 16227 16228 16229 16230 16231 16232 16233 16234 16235 16236 16237 16238 16239 16240 16241 16242 16243 16244 16245 16246 16247 16248 16249 16250 16251 16252 16253 16254 16255 16256 16257 16258 16259 16260 16261 16262 16263 16264 16265 16266 16267 16268 16269 16270 16271 16272 16273 16274 16275 16276 16277 16278 16279 16280 16281 16282 16283 16284 16285 16286 16287 16288 16289 16290 16291 16292 16293 16294 16295 16296 16297 16298 16299 16300 16301 16302 16303 16304 16305 16306 16307 16308 16309 16310 16311 16312 16313 16314 16315 16316 16317 16318 16319 16320 16321 16322 16323 16324 16325 16326 16327 16328 16329 16330 16331 16332 16333 16334 16335 16336 16337 16338 16339 16340 16341 16342 16343 16344 16345 16346 16347 16348 16349 16350 16351 16352 16353 16354 16355 16356 16357 16358 16359 16360 16361 16362 16363 16364 16365 16366 16367 16368 16369 16370 16371 16372 16373 16374 16375 16376 16377 16378 16379 16380 16381 16382 16383 
11493 11494 
11497 11498 
12226 12198 13228 12845 11501 12846 12881 12756 13113 13114 12606 
12162 13194 13201 13204 13210 13211 13233 13240 13241 13242 13255 13265 13267 13284 13285 13164 11502 13304 13177 13050 
12165 12294 12424 12297 12427 12562 12563 12064 11936 12066 11938 12728 12729 12484 12231 12360 11976 11978 12363 12487 12628 12630 12121 12123 11889 11506 12020 11892 12022 12538 12540 
12166 12295 12296 12167 12425 12298 12426 12299 12428 13198 12429 13202 12978 12485 12230 12486 12232 12361 12362 12233 12364 12365 12488 12489 12629 12631 12762 12770 11507 12539 12541 
11904 12542 12168 12300 12430 12561 12565 12062 11934 12074 11946 12724 12472 12730 12348 11974 12234 12490 12620 12366 11986 12116 12632 12140 11886 12018 12530 11509 12282 12412 12030 
12169 12170 12301 12302 12431 12432 12954 13217 12473 12474 12218 12349 12350 12745 12235 12236 12621 12491 12367 12368 12492 12633 12775 13171 12531 11510 12283 12284 12413 12414 12543 
12893 12037 12678 12773 12809 12810 13263 12784 12081 12783 12149 11512 11993 11578 11644 12828 11710 
11712 12679 12885 11513 11514 11579 11580 11645 11646 11711 
11776 11713 12039 12680 11913 11854 11953 12083 12153 11515 11581 11995 11647 
11648 11649 11714 11715 11778 11777 12681 12886 11516 11517 11582 11583 
11584 11650 11779 11716 11997 12041 12682 11915 11857 11955 12085 12157 11518 
11520 11585 11586 11651 11652 11717 11718 11781 11780 12683 12890 11519 
12800 11521 12161 11587 12802 11653 12896 11719 12043 12684 12811 12812 12785 12087 12829 13278 11999 
11522 11523 11588 11589 11654 11655 11720 11721 12685 12894 
12033 11524 11590 11783 11656 11782 12138 12077 12686 12141 11949 12142 12594 11989 
11525 11526 11591 11592 11657 11658 11784 11724 12687 13040 13136 12146 13140 12917 12596 11829 13246 
12035 11527 11593 11786 11659 11785 12079 12688 12145 11951 12597 12150 11991 12154 
13250 11831 11528 11529 11594 11595 11660 11661 11787 11727 12689 13137 13044 13141 12599 12920 12158 
12069 11941 12582 11530 11596 11981 11662 11789 11788 12690 12025 11900 12125 11902 
13056 12933 13222 12584 11531 11532 11597 11598 11663 11664 11790 11730 12691 11821 13104 13142 11903 
12129 11905 11906 12071 11943 12585 11533 11599 11983 11665 11792 11791 12692 12027 
13057 11908 12934 13226 12587 11534 11535 11600 11601 11666 11667 11793 12693 11733 11823 13105 13146 
12133 11909 11911 12073 11945 12588 11536 11985 11602 11795 11668 11794 12694 12029 
12938 13068 12119 12590 13230 11537 11538 11603 11604 11669 11670 12695 11736 11796 11825 13116 13150 
12130 12137 12075 11947 12591 11539 11987 11605 11798 11671 12696 11797 12126 12031 
13154 11799 11672 12134 11673 13069 13231 12593 11827 11540 11541 11606 11607 12950 12697 11739 13117 
12576 12065 11937 11977 11800 11885 11674 11888 12021 11542 11608 11801 12698 12122 
12578 13094 13161 11817 12973 13070 11890 11802 11675 11543 11544 11609 11610 12699 11676 11742 13215 
12067 11939 12579 11814 11815 11979 11804 12118 12023 11803 11545 11611 12700 11677 
13216 11745 11805 11678 12581 11879 13098 11819 12974 13071 13170 11546 11547 11612 11613 12701 11679 
11680 11614 11969 11746 11878 12106 12013 11929 12057 11548 12702 
11616 11681 11682 11747 11748 12703 12984 11549 11550 11615 
12704 11617 11808 11971 11683 11749 11881 12109 12015 11891 12570 12059 11931 11551 
11552 11553 11618 11619 12705 11685 11684 11751 11750 13191 13190 13084 11893 11894 12985 12572 11807 
12706 11554 11620 11973 11686 11933 11752 11884 12112 12017 12061 
11555 11556 11621 12707 11622 12996 11688 11687 11754 11753 
12708 11557 11813 11623 11975 11689 11755 11887 11935 12019 12115 11896 12573 12063 
11812 12709 11558 11559 11624 11625 12997 11691 11690 11757 11756 13197 13196 11897 11899 13086 12575 
11872 12100 12710 11560 12009 11626 11692 11758 12053 11925 11965 
12711 13000 11561 11562 11627 11628 11693 11694 11759 11760 
11875 12103 12712 11927 11563 12011 11629 11695 11761 12055 11967 
12713 11564 11565 11630 11631 13004 11697 11696 11763 11762 
12001 12714 12045 11566 11917 11632 11698 11764 11957 11860 12088 
12715 13006 11567 11568 11633 11634 11699 11700 11765 11766 
12003 11767 11863 12716 12047 11919 11569 11635 11701 11959 12091 
11768 12717 11570 11571 11636 11637 13010 11703 11702 11769 
12005 12718 12049 11921 11572 11866 11638 11704 11961 11770 12094 
12719 13016 11573 11574 11639 11640 11705 11706 11771 11772 
12097 11869 12007 12720 12051 11923 11707 11575 11641 11963 11773 
11708 12721 11576 11577 11642 11643 13020 11709 11774 11775 
12288 12545 12418 12174 12559 12306 12436 12564 12058 11930 12070 11942 12726 12731 12478 12354 11970 11722 12110 11982 12240 12624 12496 12372 12026 12636 12132 11880 12014 12534 11898 
12289 12290 12419 12420 12546 12175 12176 12307 12308 12437 12438 12959 13220 12479 12224 12480 12355 12356 11723 12749 12241 12242 12625 12497 12373 12374 12498 12637 12777 13174 12535 
12171 12303 12560 12433 12060 11932 12072 11944 12725 12475 12351 11972 11850 11725 12237 12622 11984 12113 12369 12493 12634 12136 11883 12016 12285 12532 12028 11901 12415 
12416 12417 12172 12173 12304 12305 12434 12435 12958 13219 12476 12477 12221 12352 12353 12747 11726 12238 12239 12623 12370 12371 12494 12495 12635 13173 12533 12286 12287 
12291 12421 12558 12177 12309 12439 12056 11928 12068 11940 12727 11968 12481 12357 11848 12107 11980 11728 12626 12243 12499 12375 12638 12128 12536 11877 12012 11895 12024 
12292 12293 12422 12423 12178 12179 12310 12311 12440 12441 13221 12972 12482 12227 12483 12358 12359 11729 12754 12627 12244 12245 12500 12501 12376 12377 12639 12537 13178 
12034 11910 12557 12180 12054 11926 12312 12442 12078 11950 12466 12722 12342 11966 11846 12104 12616 11731 12246 11990 12502 12378 12640 11874 12010 12526 12276 12148 12406 
12181 12182 12313 12314 12443 12444 12467 12212 12468 12343 12344 13244 12741 12617 11732 12247 12248 12503 12504 12379 12380 12641 13158 12527 12277 12278 12407 12408 12921 
12032 11907 12556 12052 11924 12183 12315 12445 12076 11948 12723 12469 12345 11964 11844 12101 12618 11988 11734 12249 12505 12381 11871 12642 12008 12144 12528 12279 12409 
12932 12184 12185 12316 12317 12446 12447 12470 12471 12215 12346 12347 13245 12743 12619 11735 12250 12251 12506 12507 12382 12383 12643 13159 12529 12280 12281 12410 12411 
12160 12040 11914 12048 11920 12189 12321 12451 12460 12333 11954 12084 11960 11834 12095 11840 11856 11737 11865 11996 12255 12511 12387 12004 12646 12520 12267 12652 12398 
12190 12191 12322 12323 12452 12453 12203 12461 12334 12335 12462 13257 11738 12256 12257 12512 12513 12388 12389 12902 13286 12647 12521 12522 12268 12269 12653 12399 12400 
12038 11912 12046 11918 12192 12324 12454 12463 12336 11952 12082 11958 11832 12092 11838 11853 11862 11994 11740 12258 12002 12514 12390 12648 12523 12270 12654 12401 12156 
12193 12194 12325 12326 12455 12456 12206 12464 12337 12338 12465 13260 11741 12259 12260 12515 12516 12903 12391 12392 13290 12649 12524 12525 12271 12272 12655 12402 12403 
12164 13193 12042 12050 13203 11922 12821 12186 12318 12448 12330 12850 12086 12854 12214 11962 12098 11842 12612 12872 13258 13259 12252 12508 13022 11998 12384 11743 11868 12644 12006 12264 13033 12396 13167 13168 12787 
18432 18433 18434 18435 18436 18437 18438 18439 18440 18441 18442 18443 18444 18445 18446 18447 18448 18449 18450 18451 18452 18453 18454 18455 18456 18457 18458 18459 18460 18461 18462 12319 12320 18465 18466 18467 18468 18469 18470 18471 12328 12329 18474 12331 12332 18477 18478 18479 18480 18481 18482 18483 12340 12341 18486 18485 18488 18489 18490 18491 18492 18487 18494 18495 18496 18497 18498 18499 18500 18501 18502 18503 18504 18505 18506 18507 18508 18509 18510 18511 18512 18513 18514 18515 18516 18517 18518 18519 18520 18521 18522 18523 18524 18525 18526 18527 18528 18529 18530 18531 12385 18533 12386 18532 18534 18535 18536 18537 18538 18541 18539 18540 12397 18542 18543 18544 18545 18546 18547 18548 18549 18550 18551 18552 18553 18554 18555 18556 18557 18558 18559 18560 18561 18562 18563 18564 18565 18566 18567 18568 18569 18570 18571 18572 18573 18574 18575 18576 18577 18578 18579 18580 18581 18582 18583 18584 18585 18586 18587 18588 18589 18590 18591 18592 12449 12450 18593 18594 18595 18596 18597 18598 12458 12459 18600 18601 18599 18602 18603 18604 18605 18606 18607 18608 18609 18610 18611 18612 18613 18614 18622 18623 18624 18625 18626 18627 18628 18629 18630 18631 18632 18633 18634 18635 18636 18637 18638 18639 18640 18641 18642 18643 18644 18645 18646 18647 18648 18649 18650 18651 18652 12509 12510 18655 18656 18657 18658 18659 18660 18661 12518 12519 18664 18665 18666 18667 18668 18669 18670 18671 18672 18673 18674 18675 18676 18677 18678 18679 18680 18681 18682 18683 18684 18685 18686 18687 18688 18689 18690 18691 18692 18693 18694 18695 18696 18697 18698 18699 18700 18701 18702 18703 18704 18705 18706 18707 18708 18709 18710 18711 18712 18713 18714 18715 18716 18717 18718 18719 18720 18721 18722 18723 18724 18725 18726 18727 18728 18729 18730 18731 18732 18733 18734 18735 18736 18737 18738 18739 18740 18741 18742 18743 18744 18745 18746 18747 18748 18749 18750 18751 18752 18753 18754 18755 18756 18757 18758 12613 18759 18760 18761 18762 18763 18764 18765 18766 18767 18768 18769 18770 18771 18772 18773 18774 18775 18776 18777 18778 18779 18780 18781 18782 18783 18784 18785 18787 18788 18789 18786 12645 18790 18791 18792 18793 18794 18795 18796 18797 18798 18799 18800 18801 18802 18803 18804 18805 18806 18807 18808 18809 18812 18813 18811 18810 18397 18398 18406 18407 18409 18410 12755 12757 12759 12760 12761 12764 18414 12788 12789 12791 12792 12793 18418 12795 12797 12798 18419 12825 12830 12836 12837 12838 12844 12847 12848 12851 12852 12879 12882 12898 12916 18463 13023 13026 18464 13029 13030 13032 13037 13038 13041 13054 13055 13066 18472 18473 13073 13075 13076 13078 18475 13082 13083 18476 13087 13099 13100 13102 13103 13106 13107 13109 13110 13111 13112 12651 18484 13156 13162 13169 18493 13176 13195 13199 12394 13208 12395 13234 13235 13236 13239 13249 13256 12405 13261 13271 13274 13282 13283 13297 13298 13301 13302 13303 13305 18615 18616 11744 18617 18618 18619 18620 18621 11810 18653 18654 18662 18663 12187 12188 12196 12197 12200 12209 18381 18382 18383 18384 18385 18386 18387 18388 18389 18390 18391 18392 18393 18394 18395 18396 12253 12254 18399 18400 18401 18402 18403 18404 18405 12262 12263 18408 12265 12266 18411 18412 18413 12615 18415 18416 18417 12274 12275 18420 18421 18422 18423 18424 18425 18426 18427 18428 18429 18430 18431 
11806 
12036 13189 12044 11916 12818 13209 11809 12195 12327 12457 12080 12339 11956 12211 12089 11836 12868 12869 12614 13262 13264 11859 12883 11992 12000 12261 12517 13031 12393 12650 13036 12273 12404 13172 13175 12152 12796 
11811 
11816 
11818 
11820 
11822 
11824 
11826 
11828 
11830 
11833 
11835 
11837 
11839 
11841 
11843 
11845 
11847 
11849 
11851 
11852 
11855 
11858 
11861 
11864 
11867 
11870 
11873 
11876 
11882 
12090 12151 
12155 12093 
12096 12159 
12099 12163 
12102 12143 
12105 12147 
12108 12127 
12131 12111 
12114 12135 
12139 12117 
12120 12124 
13179 13205 13206 13212 13214 12199 12201 13243 13247 13248 12995 13268 13269 13270 13287 13163 13292 13294 13299 13307 
12611 12839 12202 12207 12208 12732 
12807 12813 13200 12820 12822 13085 13213 12957 12960 13088 13089 12963 12840 12204 12205 12857 12994 12875 13279 13281 13160 
12808 12815 12817 12819 13079 13080 13081 13218 12965 12966 12967 12849 12210 12977 12213 12735 12753 13277 13157 13289 13295 
12609 12610 12841 12216 12217 12219 
12220 12222 
13042 12223 
12225 12228 
12229 12855 
12544 
12547 
12548 
12549 
12550 
12551 
12552 
12553 
12554 
12555 
13180 13181 12566 12568 12924 12925 13182 13183 
13120 12803 12806 13229 12853 12567 12856 12889 12602 12763 13119 
13184 13185 13306 13300 12919 12600 12569 12922 
12571 
12574 
12577 
12580 
12583 
12586 
12589 
12592 
12595 
12598 
12601 12603 
12605 12607 
12656 
12657 
12658 
12659 
12660 
12661 
12662 
12663 
12664 
12665 
12666 
12667 
12668 
12669 
12670 
12671 
12672 
12673 
12674 
12675 
12676 
12677 
12737 12771 12899 13128 12767 12892 12895 
12739 12804 12805 12901 12900 13130 12906 
12740 
12742 
12744 
12746 
12748 
12750 
12758 
12768 12765 
12766 
12769 12772 
12774 
12776 
12778 
12779 
12780 
12781 
12782 
12786 
12790 
12794 
12799 
12801 
12926 12982 12814 12918 
12816 12937 12923 12983 
13147 12998 13001 12823 13145 12827 
12824 12990 
12826 12988 
12834 13002 13003 13139 13143 12831 
12832 12943 
12833 12910 12927 
12912 12835 12939 
13097 12842 12867 12863 
12961 12843 
12858 13045 
12859 12860 
12861 12862 
12864 12865 
12866 13288 12980 13273 12987 
12870 12871 
13280 12873 12971 13232 12979 
13096 12874 13101 13095 
12876 
13092 13093 12907 12877 12884 13048 
12878 
12880 
12887 
12888 12891 
12904 12897 
13090 13091 12908 12909 12911 13053 
12913 12915 
12928 12940 
12929 13060 
12930 12931 
12936 12935 
13051 12941 
12956 12942 
12944 12946 12951 
12945 13122 12947 
13123 12948 12949 
12952 12953 12955 
12962 13059 
12964 13062 
12968 12969 
12976 12970 
12986 
12989 
12993 13025 13027 13028 13005 12991 
12992 
13024 13121 12999 13018 13021 13118 
13007 
13008 
13009 
13011 
13012 
13013 
13014 
13015 
13047 
13058 13052 
13061 13063 
13065 13067 
13074 13077 
13124 
13125 
13129 13126 13127 
13131 13134 13135 
13155 13132 
13153 13133 
13138 13186 
13144 13187 
13148 
13149 
13151 
13152 
13165 
13166 
13207 
13224 13223 
13225 13227 
13276 13253 
13291 13293 
13296 
13312 13313 13314 13315 13316 13317 13318 13319 13320 13321 13322 13323 13324 13325 13326 13327 13328 13329 13330 13331 13332 13333 13334 13335 13336 13337 13338 13339 13340 13341 13342 13343 13308 13309 13310 13311 
17815 17816 17817 17818 17819 17820 17821 17822 17823 17824 17825 17826 17827 17828 17829 17830 17831 17832 17833 17834 17835 17836 17837 17838 17839 17840 17841 17842 17843 17844 17845 17846 17847 17848 17849 17850 17851 17852 17853 17854 17855 17856 17857 17858 17859 17860 17861 17862 17863 17864 17865 17866 17867 17868 17869 17870 17871 17872 17873 17874 17875 17876 17877 17878 17879 17880 17881 17882 17883 17884 17885 17886 17887 17888 17889 17890 17891 17892 17893 17894 17895 17896 17897 17898 17899 17900 17901 17902 17903 17904 17905 17906 17907 17908 17909 17910 17911 17912 17913 17914 17915 17916 17917 17918 17919 17920 17921 17922 17923 17924 17925 17926 17927 17928 17929 17930 17931 17932 17933 17934 17935 17936 17937 17938 17939 17940 17941 17942 17943 17944 17945 17946 17947 17948 17949 17950 17951 17952 17953 17954 17955 17956 17957 17958 17959 17960 17961 17962 17963 17964 17965 17966 17967 17968 17969 17970 17971 17972 17973 17974 17975 17976 17977 17978 17979 17980 17981 17982 17983 17984 17985 17986 17987 17988 17989 17990 17991 17992 17993 17994 17995 17996 17997 17998 17999 18000 18001 18002 18003 18004 18005 18006 18007 18008 18009 18010 18011 18012 18013 18014 18015 18016 18017 18018 18019 18020 18021 18022 18023 18024 18025 18026 18027 18028 18029 18030 18031 18032 18033 18034 18035 18036 18037 18038 18039 18040 18041 18042 18043 18044 18045 18046 18047 18048 18049 18050 18051 18052 18053 18054 18055 18056 18057 18058 18059 18060 18061 18062 18063 18064 18065 18066 18067 18068 18069 18070 18071 18072 18073 18074 18075 18076 18077 18078 18079 18080 18081 18082 18083 18084 18085 18086 18087 18088 18089 18090 18091 18092 18093 18094 18095 18096 18097 18098 18099 18100 18101 18102 18103 18104 18105 18106 18107 18108 18109 18110 18111 18112 18113 18114 18115 18116 18117 18118 18119 18120 18121 18122 18123 18124 18125 18126 18127 18128 18129 18130 18131 18132 18133 18134 18135 18136 18137 18138 18139 18140 18141 18142 18143 18144 18145 18146 18147 18148 18149 18150 18151 18152 18153 18154 18155 18156 18157 18158 18159 18160 18161 18162 18163 18164 18165 18166 18167 18168 18169 18170 18171 18172 18173 18174 18175 18176 18177 18178 18179 18180 18181 18182 18183 18184 18185 18186 18187 18188 18189 18190 18191 18192 18193 18194 18195 18196 18197 18198 18199 18200 18201 18202 18203 18204 18205 18206 18207 18208 18209 18210 18211 18212 18213 18214 18215 18216 18217 18218 18219 18220 18221 18222 18223 18224 18225 18226 18227 18228 18229 18230 18231 18232 18233 18234 18235 18236 18237 18238 18239 18240 18241 18242 18243 18244 18245 18246 18247 18248 18249 18250 18251 18252 18253 18254 18255 18256 18257 18258 18259 18260 18261 18262 18263 18264 18265 18266 18267 18268 18269 18270 18271 18272 18273 18274 18275 18276 18277 18278 18279 18280 18281 18282 18283 18284 18285 18286 18287 18288 18289 18290 18291 18292 18293 18294 18295 18296 18297 18298 18299 18300 18301 18302 18303 18304 18305 18306 18307 18308 18309 18310 18311 18312 18313 18314 18315 18316 18317 18318 18319 18320 18321 18322 18323 18324 18325 18326 18327 18328 18329 18330 18331 18332 18333 18334 18335 18336 18337 18338 18339 18340 18341 18342 18343 18344 18345 18346 18347 18348 18349 18350 18351 18352 18353 18354 18355 18356 18357 18358 18359 18360 18361 18362 18363 18364 18365 18366 18367 18368 18369 18370 18371 18372 18373 18374 18375 18376 18377 18378 18379 18380 
18816 18977 20514 19715 19717 20518 20553 19721 20558 20591 20561 20562 20500 19706 19709 18814 
18951 18955 20526 18959 19707 19708 18815 
18817 18819 19080 19773 20685 20694 20697 20699 20700 20702 20707 20708 20710 19817 20715 19820 20717 20720 19826 19699 19830 19833 19835 19839 
19072 18818 19076 20712 19818 19819 19068 
18820 18822 18823 20616 18825 20617 19849 19852 20620 19856 20625 19859 20628 20627 20631 19865 19871 19873 19877 20646 20647 20648 20649 19626 20654 20660 20661 20662 19053 19322 
18821 20645 19110 19114 19118 19857 19858 
18824 20621 19120 19124 19863 
18826 18828 20638 20639 19621 19624 20653 19630 19632 19636 19637 20666 18899 20696 20441 20704 20579 20587 20730 
19622 20650 18827 18862 18866 
19704 20513 20482 20483 20548 19690 20523 20524 18829 18957 19696 18834 20403 19702 18936 19705 20510 20511 
18830 
20574 20507 20582 18831 
18944 19694 18832 20504 18940 
18833 
18835 
18836 
19593 18859 18837 20447 
19074 20610 20741 20361 20618 20749 18838 20759 20376 20766 20777 18864 19122 19895 19901 20670 19907 19909 20293 19911 18885 19914 19916 20684 20687 19920 19161 20322 
18839 
18840 
19153 20787 19157 18841 19899 
19783 18855 19784 19786 19026 19030 18842 
18848 19608 18843 20542 19711 
18874 18844 20405 19583 
18845 
19946 20491 20396 20279 20398 20237 20490 20465 20464 20275 19956 19607 20249 18846 
19936 20493 19600 20466 18847 
18849 18853 18984 18986 19612 19613 19615 
18850 
19576 18889 20362 18851 
18852 20453 18854 19398 18856 19372 19597 19373 
20352 20769 19782 20551 20552 18857 20359 19787 19785 19791 19792 20472 
19618 18858 18860 20580 
19590 18861 20430 18863 18865 19764 
19587 19557 18867 18869 18871 20415 
18887 19628 19631 18897 18868 
19168 19912 19913 19915 18870 18872 19164 
18873 19634 18875 20719 
18881 18883 18924 18926 19640 19641 19643 18876 18879 
18877 
18878 
18880 18882 19395 18884 18886 20370 19354 19355 19580 19358 
18888 18890 20788 19646 
19651 19652 19654 18891 18895 19055 19089 
19569 20341 18892 18901 
18893 
20353 19401 18894 18896 18898 19347 19348 19573 
19657 18900 18902 20543 
18905 20385 19661 18903 
18904 19212 19565 20335 
18914 19666 19667 19155 20310 18906 18910 
18907 
18928 20274 19555 18908 
18913 20324 19562 19340 19341 19448 18909 18911 
18912 
18915 18918 18920 18922 19130 19128 19674 19675 19677 
18916 
18917 
19330 19331 19334 18919 19559 18921 18923 18925 20305 19327 
19680 18929 20578 18927 
18930 19684 20546 18932 
19219 18931 20261 19551 
19842 18933 18935 18937 19548 20254 
20519 19688 18934 18938 18942 
20240 19545 19578 18939 18941 18943 
18945 18947 18949 20232 19605 19542 
18946 19700 
20473 18948 18950 19703 
18952 19532 20216 18967 
18953 
20227 19365 18954 18956 18958 19311 19312 19539 
19629 18960 19536 18962 18964 20220 
19713 19716 18961 18965 18975 
19648 20772 20746 20747 20780 20399 18963 19638 19639 19642 19644 20733 
18968 20586 18966 19719 
19017 19724 19725 19727 19001 18969 18973 
18970 
18979 18971 19525 20205 
18976 19300 19301 19529 20209 18972 19421 18974 
18978 19730 18980 20602 
20192 19522 18981 18983 18985 19790 
19170 19139 18982 19734 19737 
18987 19740 18989 20623 
20172 18988 19518 19012 
19744 20657 18992 18990 
19514 20156 19234 18991 
19749 19750 19752 18993 19602 19603 18997 
18994 
18995 
20128 19472 18996 18998 19511 19000 19289 19290 
20576 19616 19620 20516 20583 20520 20555 20556 20557 19697 18999 19868 19611 20572 19614 
19002 19755 
19003 
19004 
19005 19759 
19006 
19323 19007 
19008 20457 19010 19763 
19009 19499 19319 20103 
19011 19015 19633 19768 19769 19771 19645 
19013 
20096 19490 19014 19016 19496 19018 19282 19283 
20571 19019 19723 19722 19726 19728 20593 20592 19732 20596 20598 20599 20603 
20297 19022 19020 19774 
20090 19069 19492 19021 
19025 19778 20097 19023 
19024 19488 19256 20086 
19027 
19507 19028 
19275 19276 20079 19505 19029 19031 19033 19485 
19872 19126 19032 19034 19869 
20778 19035 19037 19789 
19481 20075 19036 19085 
19041 19043 19044 19046 19047 19718 19049 19051 19797 19798 19800 19038 19679 
19039 
19040 
19392 19042 19266 20068 19045 19269 19048 19050 19052 19054 19478 19259 19260 19263 
19056 19058 19803 20755 
19057 19474 20062 19111 
20744 19059 19061 19807 
19286 20058 19060 19470 
19467 20053 19062 19064 19066 19870 
19811 19063 
20726 19065 19067 19814 
19070 
19073 19075 19464 19248 19249 19376 20048 19071 
19077 19461 19079 19081 19658 20043 
20706 19078 19082 19692 19824 
19754 19083 19087 19831 19832 19834 19739 
19084 
19458 20036 19237 19238 19086 19088 19090 19383 
20480 19091 20383 20522 20784 20157 19649 19650 19653 19655 19659 19660 19663 19664 20566 20567 20193 20724 20342 20607 
19092 19837 
19093 
19094 
19841 19095 
19096 
19097 
19098 20667 19100 19845 
19326 19099 20020 19446 
19105 19109 19625 19850 19851 20659 19101 
19102 
19103 
19104 19520 19106 19108 20015 19443 19230 19231 
19107 19318 
19112 
19113 20010 19115 19117 19440 19223 19224 19386 
19147 19116 19151 20752 19893 
19685 20005 19437 19119 19121 19123 
19434 19701 19125 19127 19129 19998 
19131 19875 20643 19133 
19994 19132 19189 19430 
19136 19138 19427 19812 19987 19134 
19879 19882 19788 19802 19135 
20354 20381 19137 20545 20678 20550 20554 19149 19665 20690 20692 19668 19672 19673 20313 19676 20317 19678 19682 19683 19686 19687 20588 20589 19315 20727 20731 
20698 19140 19885 19142 
19200 19981 19141 19423 
19889 20711 19145 19143 
19144 19977 19419 19308 
19972 19146 19148 19150 19886 19416 
19152 19154 19731 19156 19413 19967 
19745 19410 19962 19158 19160 19162 
19905 20290 19908 19159 19163 
19165 
19454 19166 
19169 19171 19407 19955 19192 19193 19389 19167 
20609 20600 20611 19172 20644 19746 19747 20705 20619 20626 19733 20669 19736 19738 20604 20605 19742 19743 
20629 19173 19918 19175 
19403 19207 19174 19951 
19176 20585 19179 19181 19924 19925 
19177 
19178 
19947 19180 19182 19183 19186 19351 
19948 19184 19185 19187 19188 19191 
19190 
19408 19409 19958 19959 19194 19195 19198 
19196 
19197 
19199 
19201 
19202 19411 19412 19960 19963 19964 
19203 
19204 
19205 
19968 19969 19206 19414 19415 19965 
19208 
19209 
19970 19973 19974 19210 19417 19418 
19211 
19213 
19428 19429 19214 19990 19991 
19215 
19216 
19217 
20001 20002 19435 19436 19218 
19220 
19221 
20003 20006 20007 19438 19439 19222 
20008 20011 20012 19441 19442 19225 19226 19229 
19227 
19228 
19232 19233 19236 20013 20016 20017 19444 19445 
19235 
19459 19460 19239 19240 20040 20039 19243 
19241 
19242 
19244 
19245 19503 
19246 
19462 19463 20041 20044 20045 19247 
19465 19466 20046 20049 19250 19251 20050 19254 
19252 
19253 
19255 
19257 
19468 19469 20051 20054 20055 19258 
19264 19265 19267 19268 19270 20071 20072 19271 19274 19479 19480 19261 19262 
19272 
19273 
19277 19278 19281 20082 20083 19486 19487 
19279 
19280 
20099 20100 19497 19498 19284 19285 19288 
19287 
20140 20144 19512 19513 19291 19292 19295 
19293 
19294 
19296 
19297 19450 
19298 
19523 19299 19524 20198 20200 
19302 19303 19306 19531 19530 20212 20213 
19304 
19305 
19307 
19309 
20224 19310 19537 19538 20223 
20225 20228 20229 19313 19314 19540 19541 19317 
19316 
19320 
20230 20233 20234 19543 19544 19321 
19324 
20235 20244 20248 19546 19547 19325 
19328 
19329 20258 20257 20252 19549 19550 
19332 19333 19335 19336 19561 19560 19339 20308 20312 
19337 
19338 
20325 20330 19563 19564 19342 19343 19346 20316 
19344 
19345 
20356 20357 19349 19350 19575 19574 19353 
19352 
19360 20384 19363 20388 19581 19356 19357 19582 19359 
19361 
19362 
19364 
19366 
20420 19588 19589 20422 19367 
19368 19369 
19370 
19591 19592 20424 19371 20434 20438 
20461 20462 19599 19374 19375 19378 19598 
19377 
19379 19380 
19381 
20508 19382 
19384 
19385 
19387 
19388 
19390 
19391 
19393 19394 
19396 19397 
19399 
19400 
19402 
19952 19949 19404 19957 
19405 
19406 
19975 19978 19420 19983 
19422 
19424 19984 19989 
19425 
19426 
20000 19992 19995 19431 
19432 
19433 
20026 20018 20021 19447 
19449 
20032 20027 19451 
19452 
19453 
20033 20038 19455 
19456 
19457 
20064 20056 20059 19471 
19473 
20065 19475 20070 
19476 
19477 
20081 19482 20076 20073 
19483 
19484 
20084 19489 20092 20087 
19491 
20093 19493 20098 
19494 
19495 
20104 19500 20109 20101 
19501 
19502 
19504 20115 20110 
19506 
20136 20116 19508 
19509 
19510 
20160 20148 19515 20180 
19516 
19517 
20184 20196 19519 
19521 
20206 20211 19526 20202 
19527 
19528 
20217 20214 19533 20222 
19534 
19535 
19552 20266 20259 20282 
19553 
19554 
20307 19556 20301 
19558 
20331 20338 20347 19566 
19567 
19568 
19570 20355 20349 
19571 
19572 
19577 20363 20380 20358 
19579 
19584 20410 20419 20392 
19585 
19586 
20442 19594 20459 20450 
19595 
19596 
19937 20463 19601 20498 20467 20499 19606 20506 
19604 20503 
20296 20489 20488 19961 19982 20400 20402 20468 20469 20278 20280 19609 19610 20255 
19617 19748 19751 19753 19757 20686 20689 20728 20568 20632 
19619 
19623 
20487 20492 20529 20530 20531 20532 20533 20534 20067 20069 20078 20089 20612 20613 20614 20615 20640 20130 20133 19627 20139 20141 20656 20151 20152 20153 20671 20672 20673 20674 20165 20166 20167 20168 20170 20173 20175 19669 19671 20185 20186 20197 20201 19691 20239 20241 20242 20245 20246 20247 20250 20251 20770 20773 20774 20775 20265 20779 20781 20270 20782 20783 20315 20373 20391 19884 20401 19897 19898 19900 19902 19903 20426 20431 20439 20440 20444 20445 20446 20448 
19635 
19647 
19776 19777 20291 19780 19781 20231 19656 20203 20300 20655 20208 20606 20597 19767 19770 19772 20286 
19662 
19712 19854 20112 20119 20131 20132 20150 20163 19910 20169 19670 19932 19693 19950 19821 20080 19822 19954 20095 
19681 
19689 
19695 
20107 19853 20117 20124 20126 20127 20149 20023 20029 20030 20159 20037 20182 20183 19943 19944 19823 19698 19710 
19714 
19720 
20739 20740 20742 20745 20750 19729 20753 20756 20757 20760 20762 20763 20764 20765 20767 20271 19793 19794 19795 19796 19799 19801 19805 19806 19809 19810 19813 19815 19816 20725 
19735 
19741 
19756 
19758 
19760 
19761 20651 20721 
19762 
20432 19765 19766 20505 20668 
19775 
19779 
19804 
19808 
19825 
19827 19939 19933 20143 
20573 19828 19829 20581 
19878 19881 20682 19883 20716 19887 19888 20658 20691 19891 19892 20637 20695 20664 20789 19836 20701 20703 
19838 
19840 
20681 19843 20679 
19844 
19846 
20675 19847 19848 20718 20665 
20256 20771 20004 20260 19855 19986 20146 19860 19988 19861 20147 20253 
20161 20162 20262 20263 20264 20776 20019 19862 20024 19993 19866 19867 
19864 
19874 19935 
19876 
19880 
19890 
20418 20389 20390 20743 20485 20009 20423 20269 20142 20375 20337 20114 19894 20343 19896 20378 20479 
19904 19906 19931 20622 
19917 20085 20630 19927 20287 
20135 19919 
20608 20642 20584 19921 19922 19923 20594 19926 20601 
19928 19929 
19930 20371 
20374 19934 
20288 19938 19940 20102 20635 
20091 19941 
20421 19942 20475 20360 19945 20425 20748 20025 20176 20272 20118 20344 20345 20474 20379 20348 20382 
19953 
19971 19976 19980 20501 19997 19999 20515 20521 20014 20535 20537 20538 20539 20541 20544 20035 20549 20047 20563 20564 20565 20570 20061 20624 20634 20641 20134 20137 20138 20145 20155 20158 20676 20677 20171 20174 20688 20177 20178 20187 20194 20195 20204 20210 20723 20722 20215 20729 20732 20221 20738 20226 20236 20758 20761 20273 20277 20281 20283 20284 20285 20292 20298 20299 20303 20304 20311 20314 20321 20333 20340 20346 20351 20427 20437 20443 20449 20452 20454 20455 20458 20460 19966 
19979 
19985 
19996 
20022 
20028 
20042 20031 
20034 
20052 20063 
20106 20714 20108 20113 20179 20276 20181 20057 
20060 
20066 
20289 20129 20189 20713 20074 20122 20125 20190 
20077 
20088 
20094 
20105 
20111 
20120 
20547 20517 20327 20328 20751 20368 20369 20559 20372 20121 20409 20413 
20417 20323 20326 20364 20365 20367 20560 20754 20595 20123 20509 20414 
20154 
20164 
20188 
20404 20191 
20406 20199 
20207 
20218 
20386 20219 
20429 20238 
20243 20435 
20267 
20268 
20294 20295 
20302 
20394 20393 20306 20309 
20318 
20527 20319 
20320 20528 
20486 20329 20734 20332 20494 20495 20785 20471 20536 20633 20478 20735 
20736 20481 20737 20484 20334 20336 20636 20786 20497 20496 20470 20540 
20339 
20350 
20366 
20377 
20387 20395 
20397 
20408 20577 20575 20407 
20411 
20428 20412 
20416 20433 
20436 
20451 
20456 
20476 
20477 
20502 
20512 
20525 
20569 
20590 
20652 
20663 
20680 
20683 
20693 
20709 
20768 
22400 22401 21634 22278 21639 22279 22281 22282 22283 22284 22285 22286 22287 21646 21645 22290 22164 22165 22420 22421 22294 22169 22293 22171 22554 22173 22174 22436 22438 22440 22441 22322 22323 22325 20790 20791 20792 20793 20794 20795 20796 20797 22328 20800 22337 22211 22340 20805 20808 20809 20810 20811 22479 22227 22229 22230 22231 22244 22250 22251 22506 22253 22507 22381 
22083 22372 22085 22086 22087 22408 22090 22319 22162 22261 20798 20799 
20801 20803 22373 22409 22378 22377 22093 22094 22097 22163 22264 22239 
22240 20802 22562 20804 22563 22489 22523 22521 
22564 22565 20806 20807 22205 22525 22493 22527 
22028 22030 22288 21908 21911 21530 22298 21532 21788 21791 22177 21410 21412 22181 21671 21572 21573 21450 20812 21452 21968 21330 21971 21332 21848 21851 21728 21731 21606 22128 21490 21492 22134 21370 21372 
22539 22543 22551 22552 22553 22555 22556 22560 22561 22568 22569 22570 22572 20813 20816 20817 20892 20907 21575 21581 21584 21596 21597 21602 21604 21607 21608 21610 21611 21613 21614 21616 21617 21619 21620 21622 21623 21625 21626 21628 21629 21631 21632 21635 21637 21638 21641 21643 21644 21647 21650 21651 21653 21654 21657 21660 21663 21667 21670 21672 21673 21676 21678 21679 21681 21682 21684 21685 21687 21688 21690 21691 21693 21694 21696 21697 21699 21700 21702 21703 21705 21706 21708 21709 21711 21712 21714 21715 21717 21718 21720 21721 21723 21724 21726 21727 21729 21730 21732 21733 21735 21736 21738 21739 21741 21742 21744 21745 21747 21748 21750 21751 21753 21754 21756 21757 21759 21760 21762 21763 21765 21766 21768 21769 21771 21772 21774 21775 21777 21778 21780 21781 21783 21784 21786 21787 21789 21790 21792 21793 21795 21796 21798 21799 21801 21802 21804 21805 21807 21808 21810 21811 21813 21814 21816 21817 21819 21820 21822 21823 21825 21826 21828 21829 21831 21832 21834 21835 21837 21838 21840 21841 21843 21844 21846 21847 21849 21850 21852 21853 21855 21856 21858 21859 21861 21862 21864 21865 21867 21868 21870 21871 21873 21874 21876 21877 21879 21880 21882 21883 21885 21886 21888 21889 21891 21892 21894 21895 21897 21898 21900 21901 21903 21904 21906 21907 21909 21910 21912 21913 21915 21916 21918 21919 21921 21922 21924 21925 21927 21928 21930 21931 21933 21934 21936 21937 21939 21940 21942 21943 21945 21946 21948 21949 21951 21952 21954 21955 21957 21958 21960 21961 21963 21964 21966 21967 21969 21970 21972 21973 21975 21976 21978 21979 21981 21982 21984 21985 21987 21988 21990 21991 21993 21994 21996 21997 21999 22000 22002 22003 22005 22006 22008 22009 22011 22012 22014 22015 22017 22018 22020 22021 22023 22024 22026 22027 22029 22031 22033 22035 22037 22039 22041 22043 22045 22047 22050 22051 22054 22055 22064 22068 22076 22078 22088 22092 22100 22102 22112 22113 22118 22119 22122 22123 22126 22127 22222 22223 22224 22228 22242 22243 22246 22247 22248 22249 22292 22302 22318 22331 22335 22348 22361 22367 22387 22388 22396 22403 22416 22417 22427 22462 22464 22465 22467 22477 22478 22481 22482 22497 22501 22516 22517 
21761 21506 21508 22148 22151 21386 21388 21630 22048 22049 22052 22053 21546 21548 21426 21938 21428 21941 21818 21306 21308 21821 21698 21701 20814 21466 21468 21601 21346 21348 21998 22001 21878 21881 21758 
21376 22032 22034 21914 21917 21534 21536 21794 21797 21414 22183 21416 22314 21677 22194 22330 21577 21578 21454 20815 21456 21974 21334 21336 21977 21854 21857 21734 21609 21737 21494 21496 22139 21374 22143 
22528 22536 20818 20819 20822 20823 20826 20827 20830 20833 20836 20839 20842 20845 20848 20851 20854 20857 20860 20863 20866 20869 20872 20875 20878 20881 20884 20887 20891 20893 20896 20899 20902 20906 20908 20911 20914 20917 20920 20923 20926 20929 20932 20935 20938 20941 20944 20947 20950 20953 20956 20959 20962 20965 20968 20971 20974 20977 20980 20983 20986 20989 20992 20995 20998 21001 21004 21007 21010 21013 21016 21019 21022 21025 21028 21031 21034 21037 21040 21043 21046 21049 21052 21055 21058 21061 21064 21067 21070 21073 21076 21079 21082 21085 21088 21091 21094 21097 21100 21103 21106 21109 21112 21115 21118 21121 21124 21127 21130 21133 21136 21139 21142 21145 21148 21151 21154 21157 21160 21163 21166 21169 21172 21175 21178 21181 21184 21187 21190 21193 21196 21199 21202 21205 21208 21211 21214 21217 21220 21223 21226 21229 21232 21235 21238 21241 21244 21247 21250 21253 21256 21259 21262 21265 21268 21271 21274 21277 21280 21283 21286 21289 21292 21295 21299 21301 21303 21305 21307 21309 21311 21313 21315 21317 21319 21321 21323 21325 21327 21329 21331 21333 21335 21337 21339 21341 21343 21345 21347 21349 21351 21353 21355 21357 21359 21361 21363 21365 21367 21369 21371 21373 21375 21377 21379 21381 21383 21385 21387 21389 21391 21393 21395 21397 21399 21401 21403 21405 21407 21409 21411 21413 21415 21417 21419 21421 21423 21425 21427 21429 21431 21433 21435 21437 21439 21441 21443 21445 21447 21449 21451 21453 21455 21457 21459 21461 21463 21465 21467 21469 21471 21473 21475 21477 21479 21481 21483 21485 21487 21489 21491 21493 21495 21497 21499 21501 21503 21505 21507 21509 21511 21513 21515 21517 21519 21521 21523 21525 21527 21529 21531 21533 21535 21537 21539 21541 21543 21545 21547 21549 21551 21553 21555 21557 21559 21561 21563 21565 21567 21569 21571 21574 21576 21579 21582 21585 21588 21591 21594 21598 21655 21659 22130 22136 22140 22144 22147 22150 22154 22158 22161 22168 22176 22178 22182 22193 22195 22198 22200 22206 22208 22218 22412 22418 22426 22428 22430 22432 22439 22443 22444 22446 22449 22452 22454 22455 22457 22460 22461 22469 22470 22472 22473 22474 22480 22486 22487 22492 22495 22498 22502 22514 22518 
20820 20821 20824 20825 20828 20829 20831 20832 20834 20835 20837 20838 20840 20841 20843 20844 20846 20847 20849 20850 20852 20853 20855 20856 20858 20859 20861 20862 20864 20865 20867 20868 20870 20871 20873 20874 20876 20877 20879 20880 20882 20883 20885 20886 20888 20889 20894 20895 20897 20898 20900 20901 20903 20904 20909 20910 20912 20913 20915 20916 20918 20919 20921 20922 20924 20925 20927 20928 20930 20931 20933 20934 20936 20937 20939 20940 20942 20943 20945 20946 20948 20949 20951 20952 20954 20955 20957 20958 20960 20961 20963 20964 20966 20967 20969 20970 20972 20973 20975 20976 20978 20979 20981 20982 20984 20985 20987 20988 20990 20991 20993 20994 20996 20997 20999 21000 21002 21003 21005 21006 21008 21009 21011 21012 21014 21015 21017 21018 21020 21021 21023 21024 21026 21027 21029 21030 21032 21033 21035 21036 21038 21039 21041 21042 21044 21045 21047 21048 21050 21051 21053 21054 21056 21057 21059 21060 21062 21063 21065 21066 21068 21069 21071 21072 21074 21075 21077 21078 21080 21081 21083 21084 21086 21087 21089 21090 21092 21093 21095 21096 21098 21099 21101 21102 21104 21105 21107 21108 21110 21111 21113 21114 21116 21117 21119 21120 21122 21123 21125 21126 21128 21129 21131 21132 21134 21135 21137 21138 21140 21141 21143 21144 21146 21147 21149 21150 21152 21153 21155 21156 21158 21159 21161 21162 21164 21165 21167 21168 21170 21171 21173 21174 21176 21177 21179 21180 21182 21183 21185 21186 21188 21189 21191 21192 21194 21195 21197 21198 21200 21201 21203 21204 21206 21207 21209 21210 21212 21213 21215 21216 21218 21219 21221 21222 21224 21225 21227 21228 21230 21231 21233 21234 21236 21237 21239 21240 21242 21243 21245 21246 21248 21249 21251 21252 21254 21255 21257 21258 21260 21261 21263 21264 21266 21267 21269 21270 21272 21273 21275 21276 21278 21279 21281 21282 21284 21285 21287 21288 21290 21291 21293 21294 21296 21297 21656 21658 21661 21662 22057 22067 22101 22103 22105 22106 22107 22109 22111 22116 22184 22185 22186 22187 22210 22215 22232 22233 22234 22235 22236 22237 22241 22252 22254 22255 22256 22258 22307 22312 22315 22321 22327 22329 22338 22341 22362 22363 22365 22368 22390 22391 22393 22394 22398 22399 22410 22411 22413 22414 22415 22419 22422 22423 22424 22425 22429 22431 22433 22434 22442 22445 22447 22448 22453 22456 22458 22459 22463 22466 22468 22471 22476 22483 22484 22491 22499 22503 22504 22505 22508 22509 22510 22511 22512 22513 22515 22519 22529 22532 22533 22534 22538 22540 22541 22542 22544 22545 22546 22547 22548 22549 22557 22574 22575 22576 22577 22578 22579 22580 22581 22582 22583 22584 22585 22586 22587 22588 22589 22590 22591 22592 22593 22594 22595 22596 22597 22598 22599 22600 22601 22602 22603 22604 22605 22606 22607 22608 22609 22610 22611 22612 22613 22614 22615 22616 22617 22618 22619 22620 22621 22622 22623 22624 22625 22626 22627 22628 22629 22630 22631 22632 22633 22634 22635 22636 22637 22638 22639 22640 22641 22642 22643 22644 22645 22646 22647 22648 22649 22650 22651 22652 22653 22654 22655 22656 22657 22658 22659 22660 22661 22662 22663 22664 22665 22666 22667 22668 22669 22670 22671 22672 22673 22674 22675 22676 22677 22678 22679 22680 22681 22682 22683 22684 22685 22686 22687 22688 22689 22690 22691 22692 22693 22694 22695 22696 22697 22698 22699 22700 22701 22702 22703 22704 22705 22706 22707 22708 22709 22710 22711 22712 22713 22714 22715 22716 22717 22718 22719 22720 22721 22722 22723 22724 22725 22726 22727 22728 22729 22730 22731 22732 22733 22734 22735 22736 22737 22738 22739 22740 22741 22742 22743 22744 22745 22746 22747 22748 22749 22750 22751 22752 22753 22754 22755 22756 22757 22758 22759 22760 22761 22762 22763 22764 22765 22766 22767 22768 22769 22770 22771 22772 22773 22774 22775 22776 22777 22778 22779 22780 22781 22782 22783 22784 22785 22786 22787 22788 22789 22790 22791 22792 22793 22794 22795 22796 22797 22798 22799 22800 22801 22802 22803 22804 22805 22806 22807 22808 22809 22810 22811 22812 22813 22814 22815 22816 22817 22818 22819 22820 22821 22822 22823 22824 22825 22826 22827 22828 22829 22830 22831 22832 22833 22834 22835 22836 22837 22838 22839 22840 22841 22842 22843 22844 22845 22846 22847 22848 22849 22850 22851 22852 22853 22854 22855 22856 22857 22858 22859 22860 22861 22862 22863 22864 22865 22866 22867 22868 22869 22870 22871 22872 22873 22874 22875 22876 22877 22878 22879 22880 22881 22882 22883 22884 22885 22886 22887 22888 22889 22890 22891 22892 22893 22894 22895 22896 22897 22898 22899 22900 22901 22902 22903 22904 22905 22906 22907 22908 22909 22910 22911 22912 22913 22914 22915 22916 22917 22918 22919 22920 22921 22922 22923 22924 22925 22926 22927 22928 22929 22930 22931 22932 22933 22934 22935 22936 22937 22938 22939 22940 22941 22942 22943 22944 22945 22946 22947 22948 22949 22950 22951 22952 22953 22954 22955 22956 22957 22958 22959 22960 22961 22962 22963 22964 22965 22966 22967 22968 22969 22970 22971 22972 22973 22974 22975 22976 22977 22978 22979 22980 22981 22982 22983 22984 22985 22986 22987 22988 22989 22990 22991 22992 22993 22994 22995 22996 22997 22998 22999 23000 23001 23002 23003 23004 23005 23006 23007 23008 23009 23010 23011 23012 23013 23014 23015 23016 23017 23018 23019 23020 23021 23022 23023 23024 23025 23026 23027 23028 23029 23030 23031 23032 23033 23034 23035 23036 23037 23038 23039 23040 23041 23042 23043 23044 23045 23046 23047 23048 23049 23050 23051 23052 23053 23054 23055 23056 23057 23058 23059 23060 23061 23062 23063 23064 23065 23066 23067 23068 23069 23070 23071 23072 23073 23074 23075 23076 23077 23078 23079 23080 23081 23082 23083 23084 23085 23086 23087 23088 23089 23090 23091 23092 23093 23094 23095 23096 23097 23098 23099 23100 23101 23102 23103 23104 23105 23106 23107 23108 23109 23110 23111 23112 23113 23114 23115 23116 23117 23118 23119 23120 23121 23122 23123 23124 23125 23126 23127 23128 23129 23130 23131 23132 23133 23134 23135 23136 23137 23138 23139 23140 23141 23142 23143 23144 23145 23146 23147 23148 23149 23150 23151 23152 23153 23154 23155 23156 23157 23158 23159 23160 23161 23162 23163 23164 23165 23166 23167 23168 23169 23170 23171 23172 23173 23174 23175 23176 23177 23178 23179 23180 23181 23182 23183 23184 23185 23186 23187 23188 23189 23190 23191 23192 23193 23194 23195 23196 23197 23198 23199 23200 23201 23202 23203 23204 23205 23206 23207 23208 23209 23210 23211 23212 23213 23214 23215 23216 23217 23218 23219 23220 23221 23222 23223 23224 23225 23226 23227 23228 23229 23230 23231 23232 23233 23234 23235 23236 23237 23238 23239 23240 23241 23242 23243 23244 23245 23246 23247 23248 23249 23250 23251 23252 23253 23254 23255 23256 23257 23258 23259 23260 23261 23262 23263 23264 23265 23266 23267 23268 23269 23270 23271 23272 23273 23274 23275 23276 23277 23278 23279 23280 23281 23282 23283 23284 23285 23286 23287 23288 23289 23290 23291 23292 23293 23294 23295 23296 23297 23298 23299 23300 23301 23302 23303 23304 23305 23306 23307 23308 23309 23310 23311 23312 23313 23314 23315 23316 23317 23318 23319 23320 23321 23322 23323 23324 23325 23326 23327 23328 23329 23330 23331 23332 23333 23334 23335 23336 23337 23338 23339 23340 23341 23342 23343 23344 23345 23346 23347 23348 23349 23350 23351 23352 23353 23354 23355 23356 23357 23358 23359 23360 23361 23362 23363 23364 23365 23366 23367 23368 23369 23370 23371 23372 23373 23374 23375 23376 23377 23378 23379 23380 23381 23382 23383 23384 23385 23386 23387 23388 23389 23390 23391 23392 23393 23394 23395 23396 23397 23398 23399 23400 23401 23402 23403 23404 23405 23406 23407 23408 23409 23410 23411 23412 23413 23414 23415 23416 23417 23418 23419 23420 23421 23422 23423 23424 23425 23426 23427 23428 23429 23430 23431 23432 23433 23434 23435 23436 23437 23438 23439 23440 23441 23442 23443 23444 23445 23446 23447 23448 23449 23450 23451 23452 23453 23454 23455 23456 23457 23458 23459 23460 23461 23462 23463 23464 23465 23466 23467 23468 23469 23470 23471 23472 23473 23474 23475 23476 23477 23478 23479 23480 23481 23482 23483 23484 23485 23486 23487 23488 23489 23490 23491 23492 23493 23494 23495 23496 23497 23498 23499 23500 23501 23502 23503 23504 23505 23506 23507 23508 23509 23510 23511 23512 23513 23514 23515 23516 23517 23518 23519 23520 23521 23522 23523 23524 23525 23526 23527 23528 23529 23530 23531 23532 23533 23534 23535 23536 23537 23538 23539 23540 23541 23542 23543 23544 23545 23546 23547 23548 23549 23550 23551 23552 23553 23554 23555 23556 23557 23558 23559 23560 23561 23562 23563 23564 23565 23566 23567 23568 23569 23570 23571 23572 23573 23574 23575 23576 23577 23578 23579 23580 23581 23582 23583 23584 23585 23586 23587 23588 23589 23590 23591 23592 23593 23594 23595 23596 23597 23598 23599 23600 23601 23602 23603 23604 23605 23606 23607 23608 23609 23610 23611 23612 23613 23614 23615 23616 23617 23618 23619 23620 23621 23622 23623 23624 23625 23626 23627 23628 23629 23630 23631 23632 23633 23634 23635 23636 23637 23638 23639 23640 23641 23642 23643 23644 23645 23646 23647 23648 23649 23650 23651 23652 23653 23654 23655 23656 23657 23658 23659 23660 23661 23662 23663 23664 23665 23666 23667 23668 23669 23670 23671 23672 23673 23674 23675 23676 23677 23678 23679 23680 23681 23682 23683 23684 23685 23686 23687 23688 23689 23690 23691 23692 23693 23694 23695 23696 23697 23698 23699 23700 23701 23702 23703 23704 23705 23706 23707 23708 23709 23710 23711 23712 23713 23714 23715 23716 23717 23718 23719 23720 23721 23722 23723 23724 23725 23726 23727 23728 23729 23730 23731 23732 23733 23734 23735 23736 23737 23738 23739 23740 23741 23742 23743 23744 23745 23746 23747 23748 23749 23750 23751 23752 23753 23754 23755 23756 23757 23758 23759 23760 23761 23762 23763 23764 23765 23766 23767 23768 23769 23770 23771 23772 23773 23774 23775 23776 23777 23778 23779 23780 23781 23782 23783 23784 23785 23786 23787 23788 23789 23790 23791 23792 23793 23794 23795 23796 23797 23798 23799 23800 23801 23802 23803 23804 23805 23806 23807 23808 23809 23810 23811 23812 23813 23814 23815 23816 23817 23818 23819 23820 23821 23822 23823 23824 23825 23826 23827 23828 23829 23830 23831 23832 23833 23834 23835 23836 23837 23838 23839 23840 23841 23842 23843 23844 23845 23846 23847 23848 23849 23850 23851 23852 23853 23854 23855 23856 23857 23858 23859 23860 23861 23862 23863 23864 23865 23866 23867 23868 23869 23870 23871 23872 23873 23874 23875 23876 23877 23878 23879 23880 23881 23882 23883 23884 23885 23886 23887 23888 23889 23890 23891 23892 23893 23894 23895 23896 23897 23898 23899 23900 23901 23902 23903 23904 23905 23906 23907 23908 23909 23910 23911 23912 23913 23914 23915 23916 23917 23918 23919 23920 23921 23922 23923 23924 23925 23926 23927 23928 23929 23930 23931 23932 23933 23934 23935 23936 23937 23938 23939 23940 23941 23942 23943 23944 23945 23946 23947 23948 23949 23950 23951 23952 23953 23954 23955 23956 23957 23958 23959 23960 23961 23962 23963 23964 23965 23966 23967 23968 23969 23970 23971 23972 23973 23974 23975 23976 23977 23978 23979 23980 23981 23982 23983 23984 23985 23986 23987 23988 23989 23990 23991 23992 23993 23994 23995 23996 23997 23998 23999 24000 24001 24002 24003 24004 24005 24006 24007 24008 24009 24010 24011 24012 24013 24014 24015 24016 24017 24018 24019 24020 24021 24022 24023 24024 24025 24026 24027 24028 24029 24030 24031 24032 24033 24034 24035 24036 24037 24038 24039 24040 24041 24042 24043 24044 24045 24046 24047 24048 24049 24050 24051 24052 24053 24054 24055 24056 24057 24058 24059 24060 24061 24062 24063 24064 24065 24066 24067 24068 24069 24070 24071 24072 24073 24074 24075 24076 24077 24078 24079 24080 24081 24082 24083 24084 24085 24086 24087 24088 24089 24090 24091 24092 24093 24094 24095 24096 24097 24098 24099 24100 24101 24102 24103 24104 24105 24106 24107 24108 24109 24110 24111 24112 24113 24114 24115 24116 24117 24118 24119 24120 24121 24122 24123 24124 24125 24126 24127 24128 24129 24130 24131 24132 24133 24134 24135 24136 24137 24138 24139 24140 24141 24142 24143 24144 24145 24146 24147 24148 24149 24150 24151 24152 24153 24154 24155 24156 24157 24158 24159 24160 24161 24162 24163 24164 24165 24166 24167 24168 24169 24170 24171 24172 24173 24174 24175 24176 24177 24178 24179 24180 24181 24182 24183 24184 24185 24186 24187 24188 24189 24190 24191 24192 24193 24194 24195 24196 24197 24198 24199 24200 24201 24202 24203 24204 24205 24206 24207 24208 24209 24210 24211 24212 24213 24214 24215 24216 24217 24218 24219 24220 24221 24222 24223 24224 24225 24226 24227 24228 24229 24230 24231 24232 24233 24234 24235 24236 24237 24238 24239 24240 24241 24242 24243 24244 24245 24246 24247 24248 24249 24250 24251 24252 24253 24254 24255 24256 24257 24258 24259 24260 24261 24262 24263 24264 24265 24266 24267 24268 24269 24270 24271 24272 24273 24274 24275 24276 24277 24278 24279 24280 24281 24282 24283 24284 24285 24286 24287 24288 24289 24290 24291 24292 24293 24294 24295 24296 24297 24298 24299 24300 24301 24302 24303 24304 24305 24306 24307 24308 24309 24310 24311 24312 24313 24314 24315 24316 24317 24318 24319 24320 24321 24322 24323 24324 24325 24326 24327 24328 24329 24330 24331 24332 24333 24334 24335 24336 24337 24338 24339 24340 24341 24342 24343 24344 24345 24346 24347 24348 24349 24350 24351 24352 24353 24354 24355 24356 24357 24358 24359 24360 24361 24362 24363 24364 24365 24366 24367 24368 24369 24370 24371 24372 24373 24374 24375 24376 24377 24378 24379 24380 24381 24382 24383 24384 24385 24386 24387 24388 24389 24390 24391 24392 24393 24394 24395 24396 24397 24398 24399 24400 24401 24402 24403 24404 24405 24406 24407 24408 24409 24410 24411 24412 24413 24414 24415 24416 24417 24418 24419 24420 24421 24422 24423 24424 24425 24426 24427 24428 24429 24430 24431 24432 24433 24434 24435 24436 24437 24438 24439 24440 24441 24442 24443 24444 24445 24446 24447 24448 24449 24450 24451 24452 24453 24454 24455 24456 24457 24458 24459 24460 24461 24462 24463 24464 24465 24466 24467 24468 24469 24470 24471 24472 24473 24474 24475 24476 24477 24478 24479 24480 24481 24482 24483 24484 24485 24486 24487 24488 24489 24490 24491 24492 24493 24494 24495 24496 24497 24498 24499 24500 24501 24502 24503 24504 24505 24506 24507 24508 24509 24510 24511 24512 24513 24514 24515 24516 24517 24518 24519 24520 24521 24522 24523 24524 24525 24526 24527 24528 24529 24530 24531 24532 24533 24534 24535 24536 24537 24538 24539 24540 24541 24542 24543 24544 24545 24546 24547 24548 24549 24550 24551 24552 24553 24554 24555 24556 24557 24558 24559 24560 24561 24562 24563 24564 24565 24566 24567 24568 24569 24570 24571 24572 24573 24574 24575 24576 24577 24578 24579 24580 24581 24582 24583 24584 24585 24586 24587 24588 24589 24590 24591 24592 24593 24594 24595 24596 24597 24598 24599 24600 24601 24602 24603 24604 24605 24606 24607 24608 24609 24610 24611 24612 24613 24614 24615 24616 24617 24618 24619 24620 24621 24622 24623 24624 24625 24626 24627 24628 24629 24630 24631 24632 24633 24634 24635 24636 24637 24638 24639 24640 24641 24642 24643 24644 24645 24646 24647 24648 24649 24650 24651 24652 24653 24654 24655 24656 24657 24658 24659 24660 24661 24662 24663 24664 24665 24666 24667 24668 24669 24670 24671 24672 24673 24674 24675 24676 24677 24678 24679 24680 24681 24682 24683 24684 24685 24686 24687 24688 24689 24690 24691 24692 24693 24694 24695 24696 24697 24698 24699 24700 24701 24702 24703 24704 24705 24706 24707 24708 24709 24710 24711 24712 24713 24714 24715 24716 24717 24718 24719 24720 24721 24722 24723 24724 24725 24726 24727 24728 24729 24730 24731 24732 24733 24734 24735 24736 24737 24738 24739 24740 24741 24742 24743 24744 24745 24746 24747 24748 24749 24750 24751 24752 24753 24754 24755 24756 24757 24758 24759 24760 24761 24762 24763 24764 24765 24766 24767 24768 24769 24770 24771 24772 24773 24774 24775 24776 24777 24778 24779 24780 24781 24782 24783 24784 24785 24786 24787 24788 24789 24790 24791 24792 24793 24794 24795 24796 24797 24798 24799 24800 24801 24802 24803 24804 24805 24806 24807 24808 24809 24810 24811 24812 24813 24814 24815 24816 24817 24818 24819 24820 24821 24822 24823 24824 24825 24826 24827 24828 24829 24830 24831 24832 24833 24834 24835 24836 24837 24838 24839 24840 24841 24842 24843 24844 24845 24846 24847 24848 24849 24850 24851 24852 24853 24854 24855 24856 24857 24858 24859 24860 24861 24862 24863 24864 24865 24866 24867 24868 24869 24870 24871 24872 24873 24874 24875 24876 24877 24878 24879 24880 24881 24882 24883 24884 24885 24886 24887 24888 24889 24890 24891 24892 24893 24894 24895 24896 24897 24898 24899 24900 24901 24902 24903 24904 24905 24906 24907 24908 24909 24910 24911 24912 24913 24914 24915 24916 24917 24918 24919 24920 24921 24922 24923 24924 24925 24926 24927 24928 24929 24930 24931 24932 24933 24934 24935 24936 24937 24938 24939 24940 24941 24942 24943 24944 24945 24946 24947 24948 24949 24950 24951 24952 24953 24954 24955 24956 24957 24958 24959 24960 24961 24962 24963 24964 24965 24966 24967 24968 24969 24970 24971 24972 24973 24974 24975 24976 24977 24978 24979 24980 24981 24982 24983 24984 24985 24986 24987 24988 24989 24990 24991 24992 24993 24994 24995 24996 24997 24998 24999 25000 25001 25002 25003 25004 25005 25006 25007 25008 25009 25010 25011 25012 25013 25014 25015 25016 25017 25018 25019 25020 25021 25022 25023 25024 25025 25026 25027 25028 25029 25030 25031 25032 25033 25034 25035 25036 25037 25038 25039 25040 25041 25042 25043 25044 25045 25046 25047 25048 25049 25050 25051 25052 25053 25054 25055 25056 25057 25058 25059 25060 25061 25062 25063 25064 25065 25066 25067 25068 25069 25070 25071 25072 25073 25074 25075 25076 25077 25078 25079 25080 25081 25082 25083 25084 25085 25086 25087 25088 25089 25090 25091 25092 25093 25094 25095 25096 25097 25098 25099 25100 25101 25102 25103 25104 25105 25106 25107 25108 25109 25110 25111 25112 25113 25114 25115 25116 25117 25118 25119 25120 25121 25122 25123 25124 25125 25126 25127 25128 25129 25130 25131 25132 25133 25134 25135 25136 25137 25138 25139 25140 25141 25142 25143 25144 25145 25146 25147 25148 25149 25150 25151 25152 25153 25154 25155 25156 25157 25158 25159 25160 25161 25162 25163 25164 25165 25166 25167 25168 25169 25170 25171 25172 25173 25174 25175 25176 25177 25178 25179 25180 25181 25182 25183 25184 25185 25186 25187 25188 25189 25190 25191 25192 25193 25194 25195 25196 25197 25198 25199 25200 25201 25202 25203 25204 25205 25206 25207 25208 25209 25210 25211 25212 25213 25214 25215 25216 25217 25218 25219 25220 25221 25222 25223 25224 25225 25226 25227 25228 25229 25230 25231 25232 25233 25234 25235 25236 25237 25238 25239 25240 25241 25242 25243 25244 25245 25246 25247 25248 25249 25250 25251 25252 25253 25254 25255 25256 25257 25258 25259 25260 25261 25262 25263 25264 25265 25266 25267 25268 25269 25270 25271 25272 25273 25274 25275 25276 25277 25278 25279 25280 25281 25282 25283 25284 25285 25286 25287 25288 25289 25290 25291 25292 25293 25294 25295 25296 25297 25298 25299 25300 25301 25302 25303 25304 25305 25306 25307 25308 25309 25310 25311 25312 25313 25314 25315 25316 25317 25318 25319 25320 25321 25322 25323 25324 25325 25326 25327 25328 25329 25330 25331 25332 25333 25334 25335 25336 25337 25338 25339 25340 25341 25342 25343 25344 25345 25346 25347 25348 25349 25350 25351 25352 25353 25354 25355 25356 25357 25358 25359 25360 25361 25362 25363 25364 25365 25366 25367 25368 25369 25370 25371 25372 25373 25374 25375 25376 25377 25378 25379 25380 25381 25382 25383 25384 25385 25386 25387 25388 25389 25390 25391 25392 25393 25394 25395 25396 25397 25398 25399 25400 25401 25402 25403 25404 25405 25406 25407 25408 25409 25410 25411 25412 25413 25414 25415 25416 25417 25418 25419 25420 25421 25422 25423 25424 25425 25426 25427 25428 25429 25430 25431 25432 25433 25434 25435 25436 25437 25438 25439 25440 25441 25442 25443 25444 25445 25446 25447 25448 25449 25450 25451 25452 25453 25454 25455 25456 25457 25458 25459 25460 25461 25462 25463 25464 25465 25466 25467 25468 25469 25470 25471 25472 25473 25474 25475 25476 25477 25478 25479 25480 25481 25482 25483 25484 25485 25486 25487 25488 25489 25490 25491 25492 25493 25494 25495 25496 25497 25498 25499 25500 25501 25502 25503 25504 25505 25506 25507 25508 25509 25510 25511 25512 25513 25514 25515 25516 25517 25518 25519 25520 25521 25522 25523 25524 25525 25526 25527 25528 25529 25530 25531 25532 25533 25534 25535 25536 25537 25538 25539 25540 25541 25542 25543 25544 25545 25546 25547 25548 25549 25550 25551 25552 25553 25554 25555 25556 25557 25558 25559 25560 25561 25562 25563 25564 25565 25566 25567 25568 25569 25570 25571 25572 25573 25574 25575 25576 25577 25578 25579 25580 25581 25582 25583 25584 25585 25586 25587 25588 25589 25590 25591 25592 25593 25594 25595 25596 25597 25598 25599 25600 25601 25602 25603 25604 25605 25606 25607 25608 25609 25610 25611 25612 25613 25614 25615 25616 25617 25618 25619 25620 25621 25622 25623 25624 25625 25626 25627 25628 25629 25630 25631 25632 25633 25634 25635 25636 25637 25638 25639 25640 25641 25642 25643 25644 25645 25646 25647 25648 25649 25650 25651 25652 25653 25654 25655 25656 25657 25658 25659 25660 25661 25662 25663 25664 25665 25666 25667 25668 25669 25670 25671 25672 25673 25674 25675 25676 25677 25678 25679 25680 25681 25682 25683 25684 25685 25686 25687 25688 25689 25690 25691 25692 25693 25694 25695 25696 25697 25698 25699 25700 25701 25702 25703 25704 25705 25706 25707 25708 25709 25710 25711 25712 25713 25714 25715 25716 25717 25718 25719 25720 25721 25722 25723 25724 25725 25726 25727 25728 25729 25730 25731 25732 25733 25734 25735 25736 25737 25738 25739 25740 25741 25742 25743 25744 25745 25746 25747 25748 25749 25750 25751 25752 25753 25754 25755 25756 25757 25758 25759 25760 25761 25762 25763 25764 25765 25766 25767 25768 25769 25770 25771 25772 25773 25774 25775 25776 25777 25778 25779 25780 25781 25782 25783 25784 25785 25786 25787 25788 25789 25790 25791 25792 25793 25794 25795 25796 25797 25798 25799 25800 25801 25802 25803 25804 25805 25806 25807 25808 25809 25810 25811 25812 25813 25814 25815 25816 25817 25818 25819 25820 25821 25822 25823 25824 25825 25826 25827 25828 25829 25830 25831 25832 25833 25834 25835 25836 25837 25838 25839 25840 25841 25842 25843 25844 25845 25846 25847 25848 25849 25850 25851 25852 25853 25854 25855 25856 25857 25858 25859 25860 25861 25862 25863 25864 25865 25866 25867 25868 25869 25870 25871 25872 25873 25874 25875 25876 25877 25878 25879 25880 25881 25882 25883 25884 25885 25886 25887 25888 25889 25890 25891 25892 25893 25894 25895 25896 25897 25898 25899 25900 25901 25902 25903 25904 25905 25906 25907 25908 25909 25910 25911 25912 25913 25914 25915 25916 25917 25918 25919 25920 25921 25922 25923 25924 25925 25926 25927 25928 25929 25930 25931 25932 25933 25934 25935 25936 25937 25938 25939 25940 25941 25942 25943 25944 25945 25946 25947 25948 25949 25950 25951 25952 25953 25954 25955 25956 25957 25958 25959 25960 25961 25962 25963 25964 25965 25966 25967 25968 25969 25970 25971 25972 25973 25974 25975 25976 25977 25978 25979 25980 25981 25982 25983 25984 25985 25986 25987 25988 25989 25990 25991 25992 25993 25994 25995 25996 25997 25998 25999 26000 26001 26002 26003 26004 26005 26006 26007 26008 26009 26010 26011 26012 26013 26014 26015 26016 26017 26018 26019 26020 26021 26022 26023 26024 26025 26026 26027 26028 26029 26030 26031 26032 26033 26034 26035 26036 26037 26038 26039 26040 26041 26042 26043 26044 26045 26046 26047 26048 26049 26050 26051 26052 26053 26054 26055 26056 26057 26058 26059 26060 26061 26062 26063 26064 26065 26066 26067 26068 26069 26070 26071 26072 26073 26074 26075 26076 26077 26078 26079 26080 26081 26082 26083 26084 26085 26086 26087 26088 26089 26090 26091 26092 26093 26094 26095 26096 26097 26098 26099 26100 26101 26102 26103 26104 26105 26106 26107 26108 26109 26110 26111 26112 26113 26114 26115 26116 26117 26118 26119 26120 26121 26122 26123 26124 26125 26126 26127 26128 26129 26130 26131 26132 26133 26134 26135 26136 26137 26138 26139 26140 26141 26142 26143 26144 26145 26146 26147 26148 26149 26150 26151 26152 26153 26154 26155 26156 26157 26158 26159 26160 26161 26162 26163 26164 26165 26166 26167 26168 26169 26170 26171 26172 26173 26174 26175 26176 26177 26178 26179 26180 26181 26182 26183 26184 26185 26186 26187 26188 26189 26190 26191 26192 26193 26194 26195 26196 26197 26198 26199 26200 26201 26202 26203 26204 26205 26206 26207 26208 26209 26210 26211 26212 26213 26214 26215 26216 26217 26218 26219 26220 26221 26222 26223 26224 26225 26226 26227 26228 26229 26230 26231 26232 26233 26234 26235 26236 26237 26238 26239 26240 26241 26242 26243 26244 26245 26246 26247 26248 26249 26250 26251 26252 26253 26254 26255 26256 26257 26258 26259 26260 26261 26262 26263 26264 26265 26266 26267 26268 26269 26270 26271 26272 26273 26274 26275 26276 26277 26278 26279 26280 26281 26282 26283 26284 26285 26286 26287 26288 26289 26290 26291 26292 26293 26294 26295 26296 26297 26298 26299 26300 26301 26302 26303 26304 26305 26306 26307 26308 26309 26310 26311 26312 26313 26314 26315 26316 26317 26318 26319 26320 26321 26322 26323 26324 26325 26326 26327 26328 26329 26330 26331 26332 26333 26334 26335 26336 26337 26338 26339 26340 26341 26342 26343 26344 26345 26346 26347 26348 26349 26350 26351 26352 26353 26354 26355 26356 26357 26358 26359 26360 26361 26362 26363 26364 26365 26366 26367 26368 26369 26370 26371 26372 26373 26374 26375 26376 26377 26378 26379 26380 26381 26382 26383 26384 26385 26386 26387 26388 26389 26390 26391 26392 26393 26394 26395 26396 26397 26398 26399 26400 26401 26402 26403 26404 26405 26406 26407 26408 26409 26410 26411 26412 26413 26414 26415 26416 26417 26418 26419 26420 26421 26422 26423 26424 26425 26426 26427 26428 26429 26430 26431 26432 26433 26434 26435 26436 26437 26438 26439 26440 26441 26442 26443 26444 26445 26446 26447 26448 26449 26450 26451 26452 26453 26454 26455 26456 26457 26458 26459 26460 26461 26462 26463 26464 26465 26466 26467 26468 26469 26470 26471 26472 26473 26474 26475 26476 26477 26478 26479 26480 26481 26482 26483 26484 26485 26486 26487 26488 26489 26490 26491 26492 26493 26494 26495 26496 26497 26498 26499 26500 26501 26502 26503 26504 26505 26506 26507 26508 26509 26510 26511 26512 26513 26514 26515 26516 26517 26518 26519 26520 26521 26522 26523 26524 26525 26526 26527 26528 26529 26530 26531 26532 26533 26534 26535 26536 26537 26538 26539 26540 26541 26542 26543 26544 26545 26546 26547 26548 26549 26550 26551 26552 26553 26554 26555 26556 26557 26558 26559 26560 26561 26562 26563 26564 26565 26566 26567 26568 26569 26570 26571 26572 26573 26574 26575 26576 26577 26578 26579 26580 26581 26582 26583 26584 26585 26586 26587 26588 26589 26590 26591 26592 26593 26594 26595 26596 26597 26598 26599 26600 26601 26602 26603 26604 26605 26606 26607 26608 26609 26610 26611 26612 26613 26614 26615 26616 26617 26618 26619 26620 26621 26622 26623 26624 26625 26626 26627 26628 26629 26630 26631 26632 26633 26634 26635 26636 26637 26638 26639 26640 26641 26642 26643 26644 26645 26646 26647 26648 26649 26650 26651 26652 26653 26654 26655 26656 26657 26658 26659 26660 26661 26662 26663 26664 26665 26666 26667 26668 26669 26670 26671 26672 26673 26674 26675 26676 26677 26678 26679 26680 26681 26682 26683 26684 26685 26686 26687 26688 26689 26690 26691 26692 26693 26694 26695 26696 26697 26698 26699 26700 26701 26702 26703 26704 26705 26706 26707 26708 26709 26710 26711 26712 26713 26714 26715 26716 26717 26718 26719 26720 26721 26722 26723 26724 26725 26726 26727 26728 26729 26730 26731 26732 26733 26734 26735 26736 26737 26738 26739 26740 26741 26742 26743 26744 26745 26746 26747 26748 26749 26750 26751 26752 26753 26754 26755 26756 26757 26758 26759 26760 26761 26762 26763 26764 26765 26766 26767 26768 26769 26770 26771 26772 26773 26774 26775 26776 26777 26778 26779 26780 26781 26782 26783 26784 26785 26786 26787 26788 26789 26790 26791 26792 26793 26794 26795 26796 26797 26798 26799 26800 26801 26802 26803 26804 26805 26806 26807 26808 26809 26810 26811 26812 26813 26814 26815 26816 26817 26818 26819 26820 26821 26822 26823 26824 26825 26826 26827 26828 26829 26830 26831 26832 26833 26834 26835 26836 26837 26838 26839 26840 26841 26842 26843 26844 26845 26846 26847 26848 26849 26850 26851 26852 26853 26854 26855 26856 26857 26858 26859 26860 26861 26862 26863 26864 26865 26866 26867 26868 26869 26870 26871 26872 26873 26874 26875 26876 26877 26878 26879 26880 26881 26882 26883 26884 26885 26886 26887 26888 26889 26890 26891 26892 26893 26894 26895 26896 26897 26898 26899 26900 26901 26902 26903 26904 26905 26906 26907 26908 26909 26910 26911 26912 26913 26914 26915 26916 26917 26918 26919 26920 26921 26922 26923 26924 26925 26926 26927 26928 26929 26930 26931 26932 26933 26934 26935 26936 26937 26938 26939 26940 26941 26942 26943 26944 26945 26946 26947 26948 26949 26950 26951 26952 26953 26954 26955 26956 26957 26958 26959 26960 26961 26962 26963 26964 26965 26966 26967 26968 26969 26970 26971 26972 26973 26974 26975 26976 26977 26978 26979 26980 26981 26982 26983 26984 26985 26986 26987 26988 26989 26990 26991 26992 26993 26994 26995 26996 26997 26998 26999 27000 27001 27002 27003 27004 27005 27006 27007 27008 27009 27010 27011 27012 27013 27014 27015 27016 27017 27018 27019 27020 27021 27022 27023 27024 27025 27026 27027 27028 27029 27030 27031 27032 27033 27034 27035 27036 27037 27038 27039 27040 27041 27042 27043 27044 27045 27046 27047 27048 27049 27050 27051 27052 27053 27054 27055 27056 27057 27058 27059 27060 27061 27062 27063 27064 27065 27066 27067 27068 27069 27070 27071 27072 27073 27074 27075 27076 27077 27078 27079 27080 27081 27082 27083 27084 27085 27086 27087 27088 27089 27090 27091 27092 27093 27094 27095 27096 27097 27098 27099 27100 27101 27102 27103 27104 27105 27106 27107 27108 27109 27110 27111 27112 27113 27114 27115 27116 27117 27118 27119 27120 27121 27122 27123 27124 27125 27126 27127 27128 27129 27130 27131 27132 27133 27134 27135 27136 27137 27138 27139 27140 27141 27142 27143 27144 27145 27146 27147 27148 27149 27150 27151 27152 27153 27154 27155 27156 27157 27158 27159 27160 27161 27162 27163 27164 27165 27166 27167 27168 27169 27170 27171 27172 27173 27174 27175 27176 27177 27178 27179 27180 27181 27182 27183 27184 27185 27186 27187 27188 27189 27190 27191 27192 27193 27194 27195 27196 27197 27198 27199 27200 27201 27202 27203 27204 27205 27206 27207 27208 27209 27210 27211 27212 27213 27214 27215 27216 27217 27218 27219 27220 27221 27222 27223 27224 27225 27226 27227 27228 27229 27230 27231 27232 27233 27234 27235 27236 27237 27238 27239 27240 27241 27242 27243 27244 27245 27246 27247 27248 27249 27250 27251 27252 27253 27254 27255 27256 27257 27258 27259 27260 27261 27262 27263 27264 27265 27266 27267 27268 27269 27270 27271 27272 27273 27274 27275 27276 27277 27278 27279 27280 27281 27282 27283 27284 27285 27286 27287 27288 27289 27290 27291 27292 27293 27294 27295 27296 27297 27298 27299 27300 27301 27302 27303 27304 27305 27306 27307 27308 27309 27310 27311 27312 27313 27314 27315 27316 27317 27318 27319 27320 27321 27322 27323 27324 27325 27326 27327 27328 27329 27330 27331 27332 27333 27334 27335 27336 27337 27338 27339 27340 27341 27342 27343 27344 27345 27346 27347 27348 27349 27350 27351 27352 27353 27354 27355 27356 27357 27358 27359 27360 27361 27362 27363 27364 27365 27366 27367 27368 27369 27370 27371 27372 27373 27374 27375 27376 27377 27378 27379 27380 27381 27382 27383 27384 27385 27386 27387 27388 27389 27390 27391 27392 27393 27394 27395 27396 27397 27398 27399 27400 27401 27402 27403 27404 27405 27406 27407 27408 27409 27410 27411 27412 27413 27414 27415 27416 27417 27418 27419 27420 27421 27422 27423 27424 27425 27426 27427 27428 27429 27430 27431 27432 27433 27434 27435 27436 27437 27438 27439 27440 27441 27442 27443 27444 27445 27446 27447 27448 27449 27450 27451 27452 27453 27454 27455 27456 27457 27458 27459 27460 27461 27462 27463 27464 27465 27466 27467 27468 27469 27470 27471 27472 27473 27474 27475 27476 27477 27478 27479 27480 27481 27482 27483 27484 27485 27486 27487 27488 27489 27490 27491 27492 27493 27494 27495 27496 27497 27498 27499 27500 27501 27502 27503 27504 27505 27506 27507 27508 27509 27510 27511 27512 27513 27514 27515 27516 27517 27518 27519 27520 27521 27522 27523 27524 27525 27526 27527 27528 27529 27530 27531 27532 27533 27534 27535 27536 27537 27538 27539 27540 27541 27542 27543 27544 27545 27546 27547 27548 27549 27550 27551 27552 27553 27554 27555 27556 27557 27558 27559 27560 27561 27562 27563 27564 27565 27566 27567 27568 27569 27570 27571 27572 27573 27574 27575 27576 27577 27578 27579 27580 27581 27582 27583 27584 27585 27586 27587 27588 27589 27590 27591 27592 27593 27594 27595 27596 27597 27598 27599 27600 27601 27602 27603 27604 27605 27606 27607 27608 27609 27610 27611 27612 27613 27614 27615 27616 27617 27618 27619 27620 27621 27622 27623 27624 27625 27626 27627 27628 27629 27630 27631 27632 27633 27634 27635 27636 27637 27638 27639 27640 27641 27642 27643 27644 27645 27646 27647 27648 27649 27650 27651 27652 27653 27654 27655 27656 27657 27658 27659 27660 27661 27662 27663 27664 27665 27666 27667 27668 27669 27670 27671 27672 27673 27674 27675 27676 27677 27678 27679 27680 27681 27682 27683 27684 27685 27686 27687 27688 27689 27690 27691 27692 27693 27694 27695 27696 27697 27698 27699 27700 27701 27702 27703 27704 27705 27706 27707 27708 27709 27710 27711 27712 27713 27714 27715 27716 27717 27718 27719 27720 27721 27722 27723 27724 27725 27726 27727 27728 27729 27730 27731 27732 27733 27734 27735 27736 27737 27738 27739 27740 27741 27742 27743 27744 27745 27746 27747 27748 27749 27750 27751 27752 27753 27754 27755 27756 27757 27758 27759 27760 27761 27762 27763 27764 27765 27766 27767 27768 27769 27770 27771 27772 27773 27774 27775 27776 27777 27778 27779 27780 27781 27782 27783 27784 27785 27786 27787 27788 27789 27790 27791 27792 27793 27794 27795 27796 27797 27798 27799 27800 27801 27802 27803 27804 27805 27806 27807 27808 27809 27810 27811 27812 27813 27814 27815 27816 27817 27818 27819 27820 27821 27822 27823 27824 27825 27826 27827 27828 27829 27830 27831 27832 27833 27834 27835 27836 27837 27838 27839 27840 27841 27842 27843 27844 27845 27846 27847 27848 27849 27850 27851 27852 27853 27854 27855 27856 27857 27858 27859 27860 27861 27862 27863 27864 27865 27866 27867 27868 27869 27870 27871 27872 27873 27874 27875 27876 27877 27878 27879 27880 27881 27882 27883 27884 27885 27886 27887 27888 27889 27890 27891 27892 27893 27894 27895 27896 27897 27898 27899 27900 27901 27902 27903 27904 27905 27906 27907 27908 27909 27910 27911 27912 27913 27914 27915 27916 27917 27918 27919 27920 27921 27922 27923 27924 27925 27926 27927 27928 27929 27930 27931 27932 27933 27934 27935 27936 27937 27938 27939 27940 27941 27942 27943 27944 27945 27946 27947 27948 27949 27950 27951 27952 27953 27954 27955 27956 27957 27958 27959 27960 27961 27962 27963 27964 27965 27966 27967 27968 27969 27970 27971 27972 27973 27974 27975 27976 27977 27978 27979 27980 27981 27982 27983 27984 27985 27986 27987 27988 27989 27990 27991 27992 27993 27994 27995 27996 27997 27998 27999 28000 28001 28002 28003 28004 28005 28006 28007 28008 28009 28010 28011 28012 28013 28014 28015 28016 28017 28018 28019 28020 28021 28022 28023 28024 28025 28026 28027 28028 28029 28030 28031 28032 28033 28034 28035 28036 28037 28038 28039 28040 28041 28042 28043 28044 28045 28046 28047 28048 28049 28050 28051 28052 28053 28054 28055 28056 28057 28058 28059 28060 28061 28062 28063 28064 28065 28066 28067 28068 28069 28070 28071 28072 28073 28074 28075 28076 28077 28078 28079 28080 28081 28082 28083 28084 28085 28086 28087 28088 28089 28090 28091 28092 28093 28094 28095 28096 28097 28098 28099 28100 28101 28102 28103 28104 28105 28106 28107 28108 28109 28110 28111 28112 28113 28114 28115 28116 28117 28118 28119 28120 28121 28122 28123 28124 28125 28126 28127 28128 28129 28130 28131 28132 28133 28134 28135 28136 28137 28138 28139 28140 28141 28142 28143 28144 28145 28146 28147 28148 28149 28150 28151 28152 28153 28154 28155 28156 28157 28158 28159 28160 28161 28162 28163 28164 28165 28166 28167 28168 28169 28170 28171 28172 28173 28174 28175 28176 28177 28178 28179 28180 28181 28182 28183 28184 28185 28186 28187 28188 28189 28190 28191 28192 28193 28194 28195 28196 28197 28198 28199 28200 28201 28202 28203 28204 28205 28206 28207 28208 28209 28210 28211 28212 28213 28214 28215 28216 28217 28218 28219 28220 28221 28222 28223 28224 28225 28226 28227 28228 28229 28230 28231 28232 28233 28234 28235 28236 28237 28238 28239 28240 28241 28242 28243 28244 28245 28246 28247 28248 28249 28250 28251 28252 28253 28254 28255 28256 28257 28258 28259 28260 28261 28262 28263 28264 28265 28266 28267 28268 28269 28270 28271 28272 28273 28274 28275 28276 28277 28278 28279 28280 28281 28282 28283 28284 28285 28286 28287 28288 28289 28290 28291 28292 28293 28294 28295 28296 28297 28298 28299 28300 28301 28302 28303 28304 28305 28306 28307 28308 28309 28310 28311 28312 28313 28314 28315 28316 28317 28318 28319 28320 28321 28322 28323 28324 28325 28326 28327 28328 28329 28330 28331 28332 28333 28334 28335 28336 28337 28338 28339 28340 28341 28342 28343 28344 28345 28346 28347 28348 28349 28350 28351 28352 28353 28354 28355 28356 28357 28358 28359 28360 28361 28362 28363 28364 28365 28366 28367 28368 28369 28370 28371 28372 28373 28374 28375 28376 28377 28378 28379 28380 28381 28382 28383 28384 28385 28386 28387 28388 28389 28390 28391 28392 28393 28394 28395 28396 28397 28398 28399 28400 28401 28402 28403 28404 28405 28406 28407 28408 28409 28410 28411 28412 28413 28414 28415 28416 28417 28418 28419 28420 28421 28422 28423 28424 28425 28426 28427 28428 28429 28430 28431 28432 28433 28434 28435 28436 28437 28438 28439 28440 28441 28442 28443 28444 28445 28446 28447 28448 28449 28450 28451 28452 28453 28454 28455 28456 28457 28458 28459 28460 28461 28462 28463 28464 28465 28466 28467 28468 28469 28470 28471 28472 28473 28474 28475 28476 28477 28478 28479 28480 28481 28482 28483 28484 28485 28486 28487 28488 28489 28490 28491 28492 28493 28494 28495 28496 28497 28498 28499 28500 28501 28502 28503 28504 28505 28506 28507 28508 28509 28510 28511 28512 28513 28514 28515 28516 28517 28518 28519 28520 28521 28522 28523 28524 28525 28526 28527 28528 28529 28530 28531 28532 28533 28534 28535 28536 28537 28538 28539 28540 28541 28542 28543 28544 28545 28546 28547 28548 28549 28550 28551 28552 28553 28554 28555 28556 28557 28558 28559 28560 28561 28562 28563 28564 28565 28566 28567 28568 28569 28570 28571 28572 28573 28574 28575 28576 28577 28578 28579 28580 28581 28582 28583 28584 28585 28586 28587 28588 28589 28590 28591 28592 28593 28594 28595 28596 28597 28598 28599 28600 28601 28602 28603 28604 28605 28606 28607 28608 28609 28610 28611 28612 28613 28614 28615 28616 28617 28618 28619 28620 28621 28622 28623 28624 28625 28626 28627 28628 28629 28630 28631 28632 28633 28634 28635 28636 28637 28638 28639 28640 28641 28642 28643 28644 28645 28646 28647 28648 28649 28650 28651 28652 28653 28654 28655 28656 28657 28658 28659 28660 28661 28662 28663 28664 28665 28666 28667 28668 28669 28670 28671 28672 28673 28674 28675 28676 28677 28678 28679 28680 28681 28682 28683 28684 28685 28686 28687 28688 28689 28690 28691 28692 28693 28694 28695 28696 28697 28698 28699 28700 28701 28702 28703 28704 28705 28706 28707 28708 28709 28710 28711 28712 28713 28714 28715 28716 28717 28718 28719 28720 28721 28722 28723 28724 28725 28726 28727 28728 28729 28730 28731 28732 28733 28734 28735 28736 28737 28738 28739 28740 28741 28742 28743 28744 28745 28746 28747 28748 28749 28750 28751 28752 28753 28754 28755 28756 28757 28758 28759 28760 28761 28762 28763 28764 28765 28766 28767 28768 28769 28770 28771 28772 28773 28774 28775 28776 28777 28778 28779 28780 28781 28782 28783 28784 28785 28786 28787 28788 28789 28790 28791 28792 28793 28794 28795 28796 28797 28798 28799 28800 28801 28802 28803 28804 28805 28806 28807 28808 28809 28810 28811 28812 28813 28814 28815 28816 28817 28818 28819 28820 28821 28822 28823 28824 28825 28826 28827 28828 28829 28830 28831 28832 28833 28834 28835 28836 28837 28838 28839 28840 28841 28842 28843 28844 28845 28846 28847 28848 28849 28850 28851 28852 28853 28854 28855 28856 28857 28858 28859 28860 28861 28862 28863 28864 28865 28866 28867 28868 28869 28870 28871 28872 28873 28874 28875 28876 28877 28878 28879 28880 28881 28882 28883 28884 28885 28886 28887 28888 28889 28890 28891 28892 28893 28894 28895 28896 28897 28898 28899 28900 28901 28902 28903 28904 28905 28906 28907 28908 28909 28910 28911 28912 28913 28914 28915 28916 28917 28918 28919 28920 28921 28922 28923 28924 28925 28926 28927 28928 28929 28930 28931 28932 28933 28934 28935 28936 28937 28938 28939 28940 28941 28942 28943 28944 28945 28946 28947 28948 28949 28950 28951 28952 28953 28954 28955 28956 28957 28958 28959 28960 28961 28962 28963 28964 28965 28966 28967 28968 28969 28970 28971 28972 28973 28974 28975 28976 28977 28978 28979 28980 28981 28982 28983 28984 28985 28986 28987 28988 28989 28990 28991 28992 28993 28994 28995 28996 28997 28998 28999 29000 29001 29002 29003 29004 29005 29006 29007 29008 29009 29010 29011 29012 29013 29014 29015 29016 29017 29018 29019 29020 29021 29022 29023 29024 29025 29026 29027 29028 29029 29030 29031 29032 29033 29034 29035 29036 29037 29038 29039 29040 29041 29042 29043 29044 29045 29046 29047 29048 29049 29050 29051 29052 29053 29054 29055 29056 29057 29058 29059 29060 29061 29062 29063 29064 29065 29066 29067 29068 29069 29070 29071 29072 29073 29074 29075 29076 29077 29078 29079 29080 29081 29082 29083 29084 29085 29086 29087 29088 29089 29090 29091 29092 29093 29094 29095 29096 29097 29098 29099 29100 29101 29102 29103 29104 29105 29106 29107 29108 29109 29110 29111 29112 29113 29114 29115 29116 29117 29118 29119 29120 29121 29122 29123 29124 29125 29126 29127 29128 29129 29130 29131 29132 29133 29134 29135 29136 29137 29138 29139 29140 29141 29142 29143 29144 29145 29146 29147 29148 29149 29150 29151 29152 29153 29154 29155 29156 29157 29158 29159 29160 29161 29162 29163 29164 29165 29166 29167 29168 29169 29170 29171 29172 29173 29174 29175 29176 29177 29178 29179 29180 29181 29182 29183 29184 29185 29186 29187 29188 29189 29190 29191 29192 29193 29194 29195 29196 29197 29198 29199 29200 29201 29202 29203 29204 29205 29206 29207 29208 29209 29210 29211 29212 29213 29214 29215 29216 29217 29218 29219 29220 29221 29222 29223 29224 29225 29226 29227 29228 29229 29230 29231 29232 29233 29234 29235 29236 29237 29238 29239 29240 29241 29242 29243 29244 29245 29246 29247 29248 29249 29250 29251 29252 29253 29254 29255 29256 29257 29258 29259 29260 29261 29262 29263 29264 29265 29266 29267 29268 29269 29270 29271 29272 29273 29274 29275 29276 29277 29278 29279 29280 29281 29282 29283 29284 29285 29286 29287 29288 29289 29290 29291 29292 29293 29294 29295 29296 29297 29298 29299 29300 29301 29302 29303 29304 29305 29306 29307 29308 29309 29310 29311 29312 29313 29314 29315 29316 29317 29318 29319 29320 29321 29322 29323 29324 29325 29326 29327 29328 29329 29330 29331 29332 29333 29334 29335 29336 29337 29338 29339 29340 29341 29342 29343 29344 29345 29346 29347 29348 29349 29350 29351 29352 29353 29354 29355 29356 29357 29358 29359 29360 29361 29362 29363 29364 29365 29366 29367 29368 29369 29370 29371 29372 29373 29374 29375 29376 29377 29378 29379 29380 29381 29382 29383 29384 29385 29386 29387 29388 29389 29390 29391 29392 29393 29394 29395 29396 29397 29398 29399 29400 29401 29402 29403 29404 29405 29406 29407 29408 29409 29410 29411 29412 29413 29414 29415 29416 29417 29418 29419 29420 29421 29422 29423 29424 29425 29426 29427 29428 29429 29430 29431 29432 29433 29434 29435 29436 29437 29438 29439 29440 29441 29442 29443 29444 29445 29446 29447 29448 29449 29450 29451 29452 29453 29454 29455 29456 29457 29458 29459 29460 29461 29462 29463 29464 29465 29466 29467 29468 29469 29470 29471 29472 29473 29474 29475 29476 29477 29478 29479 29480 29481 29482 29483 29484 29485 29486 29487 29488 29489 29490 29491 29492 29493 29494 29495 29496 29497 29498 29499 29500 29501 29502 29503 29504 29505 29506 29507 29508 29509 29510 29511 29512 29513 29514 29515 29516 29517 29518 29519 29520 29521 29522 29523 29524 29525 29526 29527 29528 29529 29530 29531 29532 29533 29534 29535 29536 29537 29538 29539 29540 29541 29542 29543 29544 29545 29546 29547 29548 29549 29550 29551 29552 29553 29554 29555 29556 29557 29558 29559 29560 29561 29562 29563 29564 29565 
22016 21378 22149 21896 21776 21520 22038 21400 20890 21538 21923 21418 21803 21298 21683 22199 21560 21440 21956 21320 22344 21836 21586 21458 21716 22104 21338 22108 21983 21863 21480 21615 21743 21360 22132 21498 
22019 21380 22152 21899 21522 21779 22040 21402 21540 21926 20905 21420 21806 21300 21686 22201 21562 21442 21959 21322 21839 21460 21589 21719 22360 21340 22114 21986 22117 21482 21866 21618 21746 21362 22138 21500 
22022 21382 22156 21902 21524 21782 21502 22042 21404 21542 21929 21422 21809 21302 21689 21564 22207 21570 21444 21962 21324 21842 21462 21592 21722 21342 22366 21989 22120 22121 21484 21869 21364 21621 21749 22142 
21504 22145 21752 21384 22025 22160 21905 21526 21785 22044 21406 21544 21932 21424 21812 21304 21692 21566 22212 21446 21580 21965 21326 21845 21464 21595 21725 21344 21992 22124 22125 21486 21872 22384 21366 21624 
21764 21636 21510 21767 21512 22155 21390 22159 21392 22056 22060 21550 21552 21430 21944 21432 22072 21947 22074 21310 21824 21312 21827 21704 21707 21590 21470 21472 21603 21350 21352 22004 22007 21884 21887 
21890 21893 21770 21514 21642 21516 21773 21394 21396 22166 22172 21554 21556 21434 21436 21950 22080 21953 21314 22084 21316 21830 21833 21710 22096 21713 22098 21600 21474 21476 21605 21354 21356 22010 22013 
22146 21518 21648 21649 22036 21398 21920 21800 21680 22197 21558 21438 22334 21318 21583 21980 22496 21860 21478 21740 21612 21358 
21755 21652 22167 21528 22046 21408 21665 21935 21815 21695 21568 21448 22219 21328 21599 22500 21995 21488 21875 21368 22392 21627 
22272 22273 22274 22402 22275 22280 22289 22291 22295 22296 22170 22300 22303 22175 22304 22059 22063 22191 22192 22214 22089 22091 22350 22351 22352 22353 22354 21587 22356 22355 22485 22359 22358 21593 22357 22374 22375 22383 
21633 22115 22095 22129 22073 22075 22077 22110 
22081 22082 21640 22153 22157 22099 22131 22079 
21664 22530 22531 21668 21669 22180 21675 22382 22385 22066 22520 22522 
21674 22209 21666 22069 
22179 22213 22535 22537 22058 22524 22062 22386 22389 22071 22204 22526 
22065 22245 22061 22070 
22566 22475 22133 22135 22494 
22567 22488 22137 22490 22141 
22450 22188 22189 22190 
22202 22203 22196 22451 
22276 22277 22558 22559 22267 22313 22571 22316 22573 22343 22216 22217 22346 22220 22221 22225 22226 22364 22238 22369 22370 22371 22379 22380 22257 22259 22260 22262 22263 22265 22266 22395 22268 22397 22270 22271 
22435 22404 22309 22437 22311 22405 22347 22349 22320 22324 22326 22297 22269 
22305 22306 22308 22310 22342 22406 22345 22301 22407 22317 22299 22332 22333 
22336 22550 
22376 22339 
29568 29569 29698 29700 29701 29703 30281 29643 31118 30671 29584 29620 30621 29566 29567 
29570 29571 29572 29573 30986 30699 30284 30989 31119 29712 29586 29621 30650 30782 30783 
29574 29575 29576 30860 30078 
30081 29577 29578 29579 30864 
29897 30794 29739 29580 30557 29744 30833 30909 30523 30268 30395 30303 
30149 30378 30795 29581 29741 29742 30065 30711 30521 30522 30910 
30401 30273 30911 30305 30797 29901 29582 29745 30837 29750 30526 30559 
30400 30912 30153 30798 29583 29747 29748 30069 30713 30524 30525 
30528 30849 30466 31397 30730 30859 30955 30780 29585 31164 30781 30750 29631 
30243 31314 29587 29590 31231 
31232 30764 29907 29588 29589 31063 
29591 
31066 30769 30003 31221 29592 29594 
30753 30530 31396 29638 30726 30790 30792 30472 30956 30862 30863 29593 31166 
29595 
30248 29597 31317 29596 31229 
29598 
30208 29705 29708 30232 30233 30269 30272 30274 30277 29789 29793 29794 29797 29800 30314 30832 29809 29812 30836 29815 30840 30844 30846 30848 30850 30852 29829 29831 29833 29835 29837 29839 29853 29855 29857 29859 29861 29863 29865 29877 29879 29881 29883 29885 29887 29889 29891 30456 30458 30460 30464 30467 30470 30982 30984 30995 30997 30507 30509 30511 30016 30580 30582 30072 30602 30617 29599 29603 29607 29629 29633 29636 29639 30687 31208 31210 31212 30190 30193 29686 30200 
29600 
29601 
29602 31055 30870 30927 
30928 31058 29604 30872 
29610 29605 
29606 
31393 30693 30694 29608 29911 
31363 30787 30084 30695 29609 29616 31357 
30080 30082 30979 30980 31109 31111 31120 29714 31379 31378 31000 31001 30120 31402 29611 29614 30894 31151 29758 30929 30674 30930 31320 30688 29668 29670 30439 30440 30441 31336 31213 31219 30071 
30410 29612 30224 30225 30518 30842 
31360 31106 30981 30988 31376 31121 31122 31377 29717 31002 31003 30124 29613 31404 29615 30896 31154 29761 30931 30932 30689 30692 29671 29673 31209 31211 30442 30449 30451 31350 30074 30075 30076 
31392 30696 30697 29617 29909 
30304 30789 30698 29618 29619 31346 31354 
29622 
29825 30854 30479 29845 29849 30235 30237 29869 29873 30517 29623 29624 31424 29893 29647 30824 30452 29821 30974 
29632 29625 
30413 30229 30230 30520 29626 30847 
30976 29827 30856 30481 29847 29851 30236 30239 29871 29875 30519 29627 29628 31423 29895 29651 30828 30454 29823 
30690 30119 30311 30121 30601 30508 30430 30804 29630 
29634 30307 30148 30404 30123 30317 30510 30800 30579 
30785 29635 30933 30934 30938 30973 
29637 30309 30407 30512 30802 30622 30581 30173 30174 
30978 29640 30889 30939 30941 30942 
30403 30919 29641 29645 29902 30865 30897 30323 29843 30898 30967 31034 31102 31103 
29753 29642 29644 31124 
29648 31129 29755 29646 
30210 30532 31013 31014 30214 29649 29713 30356 
30051 31142 30349 29650 29652 30556 
31016 31017 30536 30219 30220 29653 29719 30362 
30052 30181 30759 30549 30133 29654 
29656 29904 30343 29655 
30756 30129 29906 30553 30171 29657 
29658 29659 30339 29908 
30176 30563 30757 30131 29910 29660 
29665 31373 30033 30706 30707 31126 31095 29661 
29664 30240 30627 30444 30351 30289 30994 29662 
31104 31105 30432 30946 30949 30921 29663 30542 30544 30866 30969 29722 31036 30367 
30241 29666 30135 30758 30186 30999 30138 
30913 29667 30916 30342 31050 29676 29678 
30178 29669 30503 29672 30293 30490 
30179 30211 30213 30853 30116 30568 30504 29674 30155 30221 30158 30609 30163 30166 30264 29693 30271 
30180 30505 29675 29677 30291 30488 
30276 30118 30183 30216 30857 30506 30218 30159 30576 29679 30162 30226 30612 29711 30167 30170 30267 
29680 
31139 31398 31406 31407 29681 30067 
29768 29769 29682 29684 
31137 31400 31409 31410 29683 30070 
30691 29685 
29706 29765 29766 29687 
30594 30090 31246 29970 29974 30487 30112 31266 29994 29746 30391 30019 30405 30023 30411 30290 30294 30426 30427 29922 29926 29688 30584 29946 29950 
30117 29702 30089 30858 30091 30265 30611 30613 30392 29689 30301 30111 
30113 30115 30855 30315 30092 30094 30608 30610 30263 30394 29690 29692 
29952 30597 29691 30093 31248 29972 29976 30489 30114 31268 29996 29749 30393 30021 30408 30025 30414 30292 30428 30429 30302 29924 29928 30587 29948 
29954 30338 29966 31250 30483 30360 29978 30107 31262 29990 29740 30387 30004 30399 30027 30540 30283 30418 30419 29788 29918 29930 30570 29942 29694 
30209 30940 30388 30964 30106 31292 29695 
29696 
29697 29956 30341 29968 31252 30485 30363 29980 30110 31264 29992 29743 30389 30007 30402 30029 30286 30543 30420 30421 29920 29932 30573 29944 29817 
29699 30962 30390 30937 30202 31291 30109 
29704 30320 
30624 29707 
30948 30662 30663 30088 30086 30950 29709 29805 30737 30740 30614 31419 
30461 29710 
29715 30463 
30340 30917 30918 31052 29716 29718 29723 
29958 30473 29962 30350 30096 30101 31254 30357 29720 31258 29982 30366 29726 29986 29734 30249 30383 30010 30278 30288 29912 29914 30443 29934 29938 
30497 30279 30474 31021 30958 30095 30384 31022 29777 29778 30100 30966 30198 29721 31290 30494 
29960 30348 29964 30476 30098 31256 30104 29724 31260 29984 30369 29988 29737 30385 30396 30013 30280 30031 30416 30417 29779 30555 29916 29936 29940 
30960 29725 30103 
31077 29735 31371 31372 30253 31184 31185 30322 30741 31160 30714 30716 31101 29727 
29728 31218 30306 30636 
29729 29730 29803 29867 29899 30513 30514 30558 
30638 29731 31220 30310 
30560 29732 29733 29900 29806 29903 30515 30516 
31330 31075 31173 29736 31369 29738 31368 31182 30325 30326 30743 31100 30717 30719 
29759 29751 
29752 30529 30527 
29754 30539 30541 
30250 30819 29756 29757 
29760 29764 
29762 29763 30822 30255 
30434 30435 31303 29767 30951 31178 31179 30991 30992 31025 30835 30645 30838 30712 30648 30649 30586 30718 
30656 31074 30437 30438 30727 31305 29770 30953 31180 31181 30732 30647 31004 30646 30839 30841 30652 31005 
29771 29773 
31012 30215 30826 29772 30222 30353 30164 30165 30270 
29776 29774 
30275 31015 30830 29775 30223 30227 30355 30168 30169 
31018 31019 30282 30477 30097 30194 30386 29780 30965 29782 31289 30492 30495 
29826 29846 29850 31390 29870 29874 31413 31167 31171 29894 31313 31316 29781 29785 31323 31196 31453 29822 30975 
29824 30977 29828 29848 29852 31391 29872 29876 31421 31168 31172 29896 31315 31318 29783 29787 31452 31325 31199 
29784 30721 30359 
29786 30724 30365 
29792 30244 30501 30188 30285 30484 31031 31032 29790 
29830 30983 29842 30615 31384 29854 29866 31150 31158 29878 31422 29890 31309 31054 30683 31195 31326 29791 31328 30944 31207 29804 29818 
31243 29836 29840 30998 30874 29860 29864 31145 31418 29884 29888 31306 31438 31186 29795 31334 29801 29810 29816 30971 31358 
31233 31234 31236 31237 31238 31244 31247 31249 31251 31253 31255 31257 31259 31261 31263 31265 31267 31269 31270 31271 31276 31278 31307 31308 31311 31312 31322 31324 29796 29799 31337 29802 31338 31343 31344 29811 29814 31367 31374 31375 31380 31381 31385 30876 31399 31411 31426 31427 31428 31439 31441 31443 31444 31445 31446 31447 31448 29913 31449 29915 29917 29919 30943 29921 29923 29925 29927 29929 29931 29933 29935 29937 29939 29941 29943 29945 29947 30972 29949 29951 29953 29955 29957 29959 29961 29963 29965 29967 29969 29971 29973 29975 29977 29979 29981 29983 29985 29987 29989 29991 29993 29995 29997 30005 30006 30008 30009 30011 30012 30014 30015 31038 30017 30018 30020 30022 30024 30026 30028 30030 30032 30567 31098 31099 30590 30591 31107 31108 30600 31113 31114 30603 31116 31117 31115 31141 31143 31144 31146 31153 31161 31162 31165 31169 31170 31189 31200 31205 31215 31216 31230 
29834 29838 30996 29858 29862 31279 30768 31159 29882 31163 31420 29886 31039 31437 31183 31062 30682 31333 29798 31217 29813 31352 30073 
29832 30985 29844 31386 29856 31401 29868 31152 31157 29880 31425 29892 29898 31310 31060 30677 30684 31197 31454 31332 31214 29807 29820 
30945 30083 30947 30085 30664 30666 30733 29808 29905 30736 30616 31387 
30499 30184 30287 29841 31028 31029 30486 29819 30204 
31302 30868 29998 
30676 30445 29999 
31235 30630 31239 30631 30762 30703 30000 30641 31156 31064 30623 
31240 30001 30773 
30448 30002 30679 
30034 30381 
31370 30035 30708 31093 30710 31131 30045 30047 
30036 30382 
31431 31436 30037 30038 30680 
30040 30546 30039 
31429 31434 30041 30042 30681 
30043 30044 30548 
30046 30375 
30048 30376 
30368 30049 30952 30954 30993 30867 30715 31007 
30050 30374 
30433 30881 30053 30122 30187 30805 30136 30137 
30054 30055 
30056 30883 30182 30134 
30406 30152 30057 30192 30801 30904 30140 30141 
30058 30059 
30130 30172 30060 30877 
30144 30145 30409 30061 30803 30197 30907 30175 
30062 30063 
30064 30177 30132 30879 
31202 30066 30924 
31224 31057 30068 
30625 30632 30633 31149 30705 31059 30643 31222 30775 31228 30077 
31335 31341 30079 
31319 31327 30087 
30099 
30102 
30105 
30108 
30125 
30547 30675 30126 
30127 
30128 30545 30678 
30496 30491 31020 30191 30195 30139 30142 
30146 30498 31023 30196 30199 30493 30143 
30147 30500 30150 30185 30734 30735 31030 30201 30205 
30245 30502 30151 30154 30189 30738 30739 31033 30206 
30212 30412 30157 30156 30899 30228 
30217 30415 30160 30161 30902 30231 
30752 30754 30370 30701 30551 30203 30397 
30755 30565 30791 30377 30572 30709 30207 
30234 
30238 
30242 
30246 
30251 30247 
30256 30252 
31008 30665 30254 30258 31006 
30257 
31010 30667 31024 30259 30260 
30261 
30262 
30266 
30765 30767 31027 30295 30296 
30297 31026 30654 
30990 30770 30772 30298 30299 
30987 30300 30670 
30308 31148 30637 31069 30685 
30312 31147 30639 31067 30686 
30313 
30316 
30321 30618 30318 
30319 
30324 
30330 30620 30327 
30328 30329 
30331 30332 
30333 
30893 30334 30335 
30336 30337 30895 
30344 
30345 31174 31175 
30346 
31176 31177 30347 
30352 30453 
30354 30455 
30702 30358 
31072 30561 30811 30744 30361 30746 30843 
30704 30364 
30817 30371 31082 30861 30578 30747 30749 
30720 31009 31011 30372 30373 30869 30968 30970 
30379 31435 
31433 30380 
31362 31046 30920 31048 30892 30398 
30422 30423 
30424 30425 
31365 31110 31047 31051 31035 30431 
31226 30436 30478 
30446 
31201 31203 30447 31056 31194 
31193 30450 31061 31223 31225 
30457 
30459 
30462 
30465 30882 
30906 30468 
31395 30469 
30908 30471 
31394 30475 
30480 30900 
30482 30903 
30531 
30533 30534 
30535 
30537 30538 
30550 
30552 31273 31190 
30554 
30562 31187 31087 
30564 
31086 31083 30566 
30569 30815 
30571 31140 
31138 30574 
30818 31068 30799 30575 
30577 30925 
30923 31071 30926 30583 
31136 30585 
30588 31134 
30619 30651 30644 30589 
30592 30593 31300 
30595 31132 
30596 31301 30599 
31130 30598 
31329 30604 30605 31440 31412 
31331 30606 30607 31408 31442 
30640 30626 31227 
30628 30629 
30634 
30635 
30642 
30653 
30655 
30657 
30658 30659 30660 31049 30891 31355 
30661 30668 30669 31053 30901 31359 
30672 
30673 
30700 
30722 
30723 30725 
30728 
30729 30731 
30742 
30745 
30748 
30751 
30760 
30761 
30763 
30766 
30771 
30774 
30776 
30777 
30778 
30779 
30784 30905 30922 31348 
30786 
30788 
30793 30796 
30806 
30810 30807 
30808 
30809 
30812 
31242 30813 
30814 
30816 
30820 
30821 
30823 
30825 
30827 
30829 
30831 
30834 
30845 
30851 
31304 30871 
31040 31361 31041 31042 31340 31345 30873 
30890 30875 30886 30887 
30878 
30880 
30884 
31043 31364 30885 31044 31045 31342 31347 
30888 31112 31037 31349 
30914 
30915 
30935 
30936 
30957 
30959 
30961 
30963 
31065 
31070 
31073 31079 
31076 31078 
31080 31097 
31096 31081 
31084 
31085 
31088 
31089 
31090 
31091 
31092 
31094 
31123 31125 31288 31133 31294 
31296 31298 31127 31128 31135 
31155 
31188 
31191 
31192 
31198 
31204 
31206 
31241 31414 
31416 31245 
31272 31274 
31275 31277 
31280 31282 31405 31351 
31281 31283 
31353 31403 31284 31286 
31285 31287 
31293 31295 
31297 31299 
31321 
31339 
31356 
31366 
31382 
31383 
31388 
31389 
31415 
31417 
31430 
31432 
31450 
31451 
32768 32769 32770 32771 32772 32773 32774 32775 32776 32777 32778 32779 32780 32781 32782 32783 32784 32785 32786 32787 32788 32789 32790 32791 32792 32793 32794 32795 32796 32797 32798 32799 32800 32801 32802 32803 32804 32805 32806 32807 32808 32809 32810 32811 32812 32813 32814 32815 32816 32817 32818 32819 32820 32821 32822 32823 32824 32825 32826 32827 32828 32829 32830 32831 32832 32833 32834 32835 32836 32837 32838 32839 32840 32841 32842 32843 32844 32845 32846 32847 32848 32849 32850 32851 32852 32853 32854 32855 32856 32857 32858 32859 32860 32861 32862 32863 32864 32865 32866 32867 32868 32869 32870 32871 32872 32873 32874 32875 32876 32877 32878 32879 32880 32881 32882 32883 32884 32885 32886 32887 32888 32889 32890 32891 32892 32893 32894 32895 32896 32897 32898 32899 32900 32901 32902 32903 32904 32905 32906 32907 32908 32909 32910 32911 32912 32913 32914 32915 32916 32917 32918 32919 32920 32921 32922 32923 32924 32925 32926 32927 32928 32929 32930 32931 32932 32933 32934 32935 32936 32937 32938 32939 32940 32941 32942 32943 32944 32945 32946 32947 32948 32949 32950 32951 32952 32953 32954 32955 32956 32957 32958 32959 32960 32961 32962 32963 32964 32965 32966 32967 32968 32969 32970 32971 32972 32973 32974 32975 32976 32977 32978 32979 32980 32981 32982 32983 32984 32985 32986 32987 32988 32989 32990 32991 32992 32993 32994 32995 32996 32997 32998 32999 33000 33001 33002 33003 33004 33005 33006 33007 33008 33009 33010 33011 33012 33013 33014 33015 33016 33017 33018 33019 33020 33021 33022 33023 33024 33025 33026 33027 33028 33029 33030 33031 33032 33033 33034 33035 33036 33037 33038 33039 33040 33041 33042 33043 33044 33045 33046 33047 33048 33049 33050 33051 33052 33053 33054 33055 33056 33057 33058 33059 33060 33061 33062 33063 33064 33065 33066 33067 33068 33069 33070 33071 33072 33073 33074 33075 33076 33077 33078 33079 33080 33081 33082 33083 33084 33085 33086 33087 33088 33089 33090 33091 33092 33093 33094 33095 33096 33097 33098 33099 33100 33101 33102 33103 33104 33105 33106 33107 33108 33109 33110 33111 33112 33113 33114 33115 33116 33117 33118 33119 33120 33121 33122 33123 33124 33125 33126 33127 33128 33129 33130 33131 33132 33133 33134 33135 33136 33137 33138 33139 33140 33141 33142 33143 33144 33145 33146 33147 33148 33149 33150 33151 33152 33153 33154 33155 33156 33157 33158 33159 33160 33161 33162 33163 33164 33165 33166 33167 33168 33169 33170 33171 33172 33173 33174 33175 33176 33177 33178 33179 33180 33181 33182 33183 33184 33185 33186 33187 33188 33189 33190 33191 33192 33193 33194 33195 33196 33197 33198 33199 33200 33201 33202 33203 33204 33205 33206 33207 33208 33209 33210 33211 33212 33213 33214 33215 33216 33217 33218 33219 33220 33221 33222 33223 33224 33225 33226 33227 33228 33229 33230 33231 33232 33233 33234 33235 33236 33237 33238 33239 33240 33241 33242 33243 33244 33245 33246 33247 33248 33249 33250 33251 33252 33253 33254 33255 33256 33257 33258 33259 33260 33261 33262 33263 33264 33265 33266 33267 33268 33269 33270 33271 33272 33273 33274 33275 33276 33277 33278 33279 33280 33281 33282 33283 33284 33285 33286 33287 33288 33289 33290 33291 33292 33293 33294 33295 33296 33297 33298 33299 33300 33301 33302 33303 33304 33305 33306 33307 33308 33309 33310 33311 33312 33313 33314 33315 33316 33317 33318 33319 33320 33321 33322 33323 33324 33325 33326 33327 33328 33329 33330 33331 33332 33333 33334 33335 33336 33337 33338 33339 33340 33341 33342 33343 33344 33345 33346 33347 33348 33349 33350 33351 33352 33353 33354 33355 33356 33357 33358 33359 33360 33361 33362 33363 33364 33365 33366 33367 33368 33369 33370 33371 33372 33373 33374 33375 33376 33377 33378 33379 33380 33381 33382 33383 33384 33385 33386 33387 33388 33389 33390 33391 33392 33393 33394 33395 33396 33397 33398 33399 33400 33401 33402 33403 33404 33405 33406 33407 33408 33409 33410 33411 33412 33413 33414 33415 33416 33417 33418 33419 33420 33421 33422 33423 33424 33425 33426 33427 33428 33429 33430 33431 33432 33433 33434 33435 33436 33437 33438 33439 33440 33441 33442 33443 33444 33445 33446 33447 33448 33449 33450 33451 33452 33453 33454 33455 33456 33457 33458 33459 33460 33461 33462 33463 33464 33465 33466 33467 33468 33469 33470 33471 33472 33473 33474 33475 33476 33477 33478 33479 33480 33481 33482 33483 33484 33485 33486 33487 33488 33489 33490 33491 33492 33493 33494 33495 33496 33497 33498 33499 33500 33501 33502 33503 33504 33505 33506 33507 33508 33509 33510 33511 33512 33513 33514 33515 33516 33517 33518 33519 33520 33521 33522 33523 33524 33525 33526 33527 33528 33529 33530 33531 33532 33533 33534 33535 33536 33537 33538 33539 33540 33541 33542 33543 33544 33545 33546 33547 33548 33549 33550 33551 33552 33553 33554 33555 33556 33557 33558 33559 33560 33561 33562 33563 33564 33565 33566 33567 33568 33569 33570 33571 33572 33573 33574 33575 33576 33577 33578 33579 33580 33581 33582 33583 33584 33585 33586 33587 33588 33589 33590 33591 33592 33593 33594 33595 33596 33597 33598 33599 33600 33601 33602 33603 33604 33605 33606 33607 33608 33609 33610 33611 33612 33613 33614 33615 33616 33617 33618 33619 33620 33621 33622 33623 33624 33625 33626 33627 33628 33629 33630 33631 33632 33633 33634 33635 33636 33637 33638 33639 33640 33641 33642 33643 33644 33645 33646 33647 33648 33649 33650 33651 33652 33653 33654 33655 33656 33657 33658 33659 33660 33661 33662 33663 33664 33665 33666 33667 33668 33669 33670 33671 33672 33673 33674 33675 33676 33677 33678 33679 33680 33681 33682 33683 33684 33685 33686 33687 33688 33689 33690 33691 33692 33693 33694 33695 33696 33697 33698 33699 33700 33701 33702 33703 33704 33705 33706 33707 33708 33709 33710 33711 33712 33713 33714 33715 33716 33717 33718 33719 33720 33721 33722 33723 33724 33725 33726 33727 33728 33729 33730 33731 33732 33733 33734 33735 33736 33737 33738 33739 33740 33741 33742 33743 33744 33745 33746 33747 33748 33749 33750 33751 33752 33753 33754 33755 33756 33757 33758 33759 33760 33761 33762 33763 33764 33765 33766 33767 33768 33769 33770 33771 33772 33773 33774 33775 33776 33777 33778 33779 33780 33781 33782 33783 33784 33785 33786 33787 33788 33789 33790 33791 33792 33793 33794 33795 33796 33797 33798 33799 33800 33801 33802 33803 33804 33805 33806 33807 33808 33809 33810 33811 33812 33813 33814 33815 33816 33817 33818 33819 33820 33821 33822 33823 33824 33825 33826 33827 33828 33829 33830 33831 33832 33833 33834 33835 33836 33837 33838 33839 33840 33841 33842 33843 33844 33845 33846 33847 33848 33849 33850 33851 33852 33853 33854 33855 33856 33857 33858 33859 33860 33861 33862 33863 33864 33865 33866 33867 33868 33869 33870 33871 33872 33873 33874 33875 33876 33877 33878 33879 33880 33881 33882 33883 33884 33885 33886 33887 33888 33889 33890 33891 33892 33893 33894 33895 33896 33897 33898 33899 33900 33901 33902 33903 33904 33905 33906 33907 33908 33909 33910 33911 33912 33913 33914 33915 33916 33917 33918 33919 33920 33921 33922 33923 33924 33925 33926 33927 33928 33929 33930 33931 33932 33933 33934 33935 33936 33937 33938 33939 33940 33941 33942 33943 33944 33945 33946 33947 33948 33949 33950 33951 33952 33953 33954 33955 33956 33957 33958 33959 33960 33961 33962 33963 33964 33965 33966 33967 33968 33969 33970 33971 33972 33973 33974 33975 33976 33977 33978 33979 33980 33981 33982 33983 33984 33985 33986 33987 33988 33989 33990 33991 33992 33993 33994 31455 31456 31457 31458 31459 31460 31461 31462 31463 31464 31465 31466 31467 31468 31469 31470 31471 31472 31473 31474 31475 31476 31477 31478 31479 31480 31481 31482 31483 31484 31485 31486 31487 31488 31489 31490 31491 31492 31493 31494 31495 31496 31497 31498 31499 31500 31501 31502 31503 31504 31505 31506 31507 31508 31509 31510 31511 31512 31513 31514 31515 31516 31517 31518 31519 31520 31521 31522 31523 31524 31525 31526 31527 31528 31529 31530 31531 31532 31533 31534 31535 31536 31537 31538 31539 31540 31541 31542 31543 31544 31545 31546 31547 31548 31549 31550 31551 31552 31553 31554 31555 31556 31557 31558 31559 31560 31561 31562 31563 31564 31565 31566 31567 31568 31569 31570 31571 31572 31573 31574 31575 31576 31577 31578 31579 31580 31581 31582 31583 31584 31585 31586 31587 31588 31589 31590 31591 31592 31593 31594 31595 31596 31597 31598 31599 31600 31601 31602 31603 31604 31605 31606 31607 31608 31609 31610 31611 31612 31613 31614 31615 31616 31617 31618 31619 31620 31621 31622 31623 31624 31625 31626 31627 31628 31629 31630 31631 31632 31633 31634 31635 31636 31637 31638 31639 31640 31641 31642 31643 31644 31645 31646 31647 31648 31649 31650 31651 31652 31653 31654 31655 31656 31657 31658 31659 31660 31661 31662 31663 31664 31665 31666 31667 31668 31669 31670 31671 31672 31673 31674 31675 31676 31677 31678 31679 31680 31681 31682 31683 31684 31685 31686 31687 31688 31689 31690 31691 31692 31693 31694 31695 31696 31697 31698 31699 31700 31701 31702 31703 31704 31705 31706 31707 31708 31709 31710 31711 31712 31713 31714 31715 31716 31717 31718 31719 31720 31721 31722 31723 31724 31725 31726 31727 31728 31729 31730 31731 31732 31733 31734 31735 31736 31737 31738 31739 31740 31741 31742 31743 31744 31745 31746 31747 31748 31749 31750 31751 31752 31753 31754 31755 31756 31757 31758 31759 31760 31761 31762 31763 31764 31765 31766 31767 31768 31769 31770 31771 31772 31773 31774 31775 31776 31777 31778 31779 31780 31781 31782 31783 31784 31785 31786 31787 31788 31789 31790 31791 31792 31793 31794 31795 31796 31797 31798 31799 31800 31801 31802 31803 31804 31805 31806 31807 31808 31809 31810 31811 31812 31813 31814 31815 31816 31817 31818 31819 31820 31821 31822 31823 31824 31825 31826 31827 31828 31829 31830 31831 31832 31833 31834 31835 31836 31837 31838 31839 31840 31841 31842 31843 31844 31845 31846 31847 31848 31849 31850 31851 31852 31853 31854 31855 31856 31857 31858 31859 31860 31861 31862 31863 31864 31865 31866 31867 31868 31869 31870 31871 31872 31873 31874 31875 31876 31877 31878 31879 31880 31881 31882 31883 31884 31885 31886 31887 31888 31889 31890 31891 31892 31893 31894 31895 31896 31897 31898 31899 31900 31901 31902 31903 31904 31905 31906 31907 31908 31909 31910 31911 31912 31913 31914 31915 31916 31917 31918 31919 31920 31921 31922 31923 31924 31925 31926 31927 31928 31929 31930 31931 31932 31933 31934 31935 31936 31937 31938 31939 31940 31941 31942 31943 31944 31945 31946 31947 31948 31949 31950 31951 31952 31953 31954 31955 31956 31957 31958 31959 31960 31961 31962 31963 31964 31965 31966 31967 31968 31969 31970 31971 31972 31973 31974 31975 31976 31977 31978 31979 31980 31981 31982 31983 31984 31985 31986 31987 31988 31989 31990 31991 31992 31993 31994 31995 31996 31997 31998 31999 32000 32001 32002 32003 32004 32005 32006 32007 32008 32009 32010 32011 32012 32013 32014 32015 32016 32017 32018 32019 32020 32021 32022 32023 32024 32025 32026 32027 32028 32029 32030 32031 32032 32033 32034 32035 32036 32037 32038 32039 32040 32041 32042 32043 32044 32045 32046 32047 32048 32049 32050 32051 32052 32053 32054 32055 32056 32057 32058 32059 32060 32061 32062 32063 32064 32065 32066 32067 32068 32069 32070 32071 32072 32073 32074 32075 32076 32077 32078 32079 32080 32081 32082 32083 32084 32085 32086 32087 32088 32089 32090 32091 32092 32093 32094 32095 32096 32097 32098 32099 32100 32101 32102 32103 32104 32105 32106 32107 32108 32109 32110 32111 32112 32113 32114 32115 32116 32117 32118 32119 32120 32121 32122 32123 32124 32125 32126 32127 32128 32129 32130 32131 32132 32133 32134 32135 32136 32137 32138 32139 32140 32141 32142 32143 32144 32145 32146 32147 32148 32149 32150 32151 32152 32153 32154 32155 32156 32157 32158 32159 32160 32161 32162 32163 32164 32165 32166 32167 32168 32169 32170 32171 32172 32173 32174 32175 32176 32177 32178 32179 32180 32181 32182 32183 32184 32185 32186 32187 32188 32189 32190 32191 32192 32193 32194 32195 32196 32197 32198 32199 32200 32201 32202 32203 32204 32205 32206 32207 32208 32209 32210 32211 32212 32213 32214 32215 32216 32217 32218 32219 32220 32221 32222 32223 32224 32225 32226 32227 32228 32229 32230 32231 32232 32233 32234 32235 32236 32237 32238 32239 32240 32241 32242 32243 32244 32245 32246 32247 32248 32249 32250 32251 32252 32253 32254 32255 32256 32257 32258 32259 32260 32261 32262 32263 32264 32265 32266 32267 32268 32269 32270 32271 32272 32273 32274 32275 32276 32277 32278 32279 32280 32281 32282 32283 32284 32285 32286 32287 32288 32289 32290 32291 32292 32293 32294 32295 32296 32297 32298 32299 32300 32301 32302 32303 32304 32305 32306 32307 32308 32309 32310 32311 32312 32313 32314 32315 32316 32317 32318 32319 32320 32321 32322 32323 32324 32325 32326 32327 32328 32329 32330 32331 32332 32333 32334 32335 32336 32337 32338 32339 32340 32341 32342 32343 32344 32345 32346 32347 32348 32349 32350 32351 32352 32353 32354 32355 32356 32357 32358 32359 32360 32361 32362 32363 32364 32365 32366 32367 32368 32369 32370 32371 32372 32373 32374 32375 32376 32377 32378 32379 32380 32381 32382 32383 32384 32385 32386 32387 32388 32389 32390 32391 32392 32393 32394 32395 32396 32397 32398 32399 32400 32401 32402 32403 32404 32405 32406 32407 32408 32409 32410 32411 32412 32413 32414 32415 32416 32417 32418 32419 32420 32421 32422 32423 32424 32425 32426 32427 32428 32429 32430 32431 32432 32433 32434 32435 32436 32437 32438 32439 32440 32441 32442 32443 32444 32445 32446 32447 32448 32449 32450 32451 32452 32453 32454 32455 32456 32457 32458 32459 32460 32461 32462 32463 32464 32465 32466 32467 32468 32469 32470 32471 32472 32473 32474 32475 32476 32477 32478 32479 32480 32481 32482 32483 32484 32485 32486 32487 32488 32489 32490 32491 32492 32493 32494 32495 32496 32497 32498 32499 32500 32501 32502 32503 32504 32505 32506 32507 32508 32509 32510 32511 32512 32513 32514 32515 32516 32517 32518 32519 32520 32521 32522 32523 32524 32525 32526 32527 32528 32529 32530 32531 32532 32533 32534 32535 32536 32537 32538 32539 32540 32541 32542 32543 32544 32545 32546 32547 32548 32549 32550 32551 32552 32553 32554 32555 32556 32557 32558 32559 32560 32561 32562 32563 32564 32565 32566 32567 32568 32569 32570 32571 32572 32573 32574 32575 32576 32577 32578 32579 32580 32581 32582 32583 32584 32585 32586 32587 32588 32589 32590 32591 32592 32593 32594 32595 32596 32597 32598 32599 32600 32601 32602 32603 32604 32605 32606 32607 32608 32609 32610 32611 32612 32613 32614 32615 32616 32617 32618 32619 32620 32621 32622 32623 32624 32625 32626 32627 32628 32629 32630 32631 32632 32633 32634 32635 32636 32637 32638 32639 32640 32641 32642 32643 32644 32645 32646 32647 32648 32649 32650 32651 32652 32653 32654 32655 32656 32657 32658 32659 32660 32661 32662 32663 32664 32665 32666 32667 32668 32669 32670 32671 32672 32673 32674 32675 32676 32677 32678 32679 32680 32681 32682 32683 32684 32685 32686 32687 32688 32689 32690 32691 32692 32693 32694 32695 32696 32697 32698 32699 32700 32701 32702 32703 32704 32705 32706 32707 32708 32709 32710 32711 32712 32713 32714 32715 32716 32717 32718 32719 32720 32721 32722 32723 32724 32725 32726 32727 32728 32729 32730 32731 32732 32733 32734 32735 32736 32737 32738 32739 32740 32741 32742 32743 32744 32745 32746 32747 32748 32749 32750 32751 32752 32753 32754 32755 32756 32757 32758 32759 32760 32761 32762 32763 32764 32765 32766 32767 
33995 34014 
34001 33996 
33998 33997 34062 
34064 33999 
34000 34057 34049 
34002 
34123 34003 34115 
34004 
34108 34005 
34037 34006 34007 
34008 34009 
34010 34110 
34016 34011 34013 34015 
34012 
34017 34027 34116 
34018 34023 
34019 34020 
34104 34021 
34065 34022 
34024 
34128 34025 
34026 
34137 34028 
34139 34029 
34030 
34052 34031 
34032 34132 
34033 
34034 34122 
34035 
34036 
34038 
34048 34039 
34040 
34041 
34042 34106 
34043 
34044 
34045 
34046 
34050 34047 
34051 
34074 34053 
34144 34054 
34103 34055 
34056 34058 
34097 34059 
34060 34118 
34061 
34063 
34089 34066 
34067 
34068 
34069 
34070 
34071 
34072 
34073 
34112 34075 
34076 
34077 
34078 
34079 
34080 
34081 
34082 
34083 34141 
34084 
34085 
34086 
34087 
34088 34121 
34090 
34114 34091 34092 
34136 34093 
34094 
34095 
34096 34113 
34098 34109 
34099 34100 
34120 34101 
34102 
34105 
34107 
34111 
34117 
34119 
34124 
34125 
34126 
34127 
34129 
34130 34131 
34133 
34134 
34135 
34138 
34140 
34142 
34143 
34145 34164 
34146 34151 
34148 34147 34212 
34149 34214 
34199 34150 34207 
34152 
34153 34265 34273 
34154 
34258 34155 
34187 34156 34157 
34158 34159 
34160 34260 
34161 34163 34165 34166 
34162 
34177 34266 34167 
34168 34173 
34169 34170 
34171 34254 
34172 34215 
34174 
34278 34175 
34176 
34178 34287 
34289 34179 
34180 
34202 34181 
34282 34182 
34183 
34184 34272 
34185 
34186 
34188 
34189 34198 
34190 
34191 
34192 34256 
34193 
34194 
34195 
34196 
34200 34197 
34201 
34224 34203 
34204 34294 
34253 34205 
34208 34206 
34209 34247 
34210 34268 
34211 
34213 
34216 34239 
34217 
34218 
34219 
34220 
34221 
34222 
34223 
34225 34262 
34226 
34227 
34228 
34229 
34230 
34231 
34232 
34233 34291 
34234 
34235 
34236 
34237 
34238 34271 
34240 
34264 34241 34242 
34243 34286 
34244 
34245 
34246 34263 
34248 34259 
34249 34250 
34251 34270 
34252 
34255 
34257 
34261 
34267 
34269 
34274 
34275 
34276 
34277 
34279 
34280 34281 
34283 
34284 
34285 
34288 
34290 
34292 
34293 
34314 34295 
34296 34301 
34297 34362 34298 
34299 34364 
34349 34300 34357 
34302 
34415 34423 34303 
34304 
34408 34305 
34337 34306 34307 
34308 34309 
34410 34310 
34313 34315 34316 34311 
34312 
34416 34317 34327 
34323 34318 
34320 34319 
34321 34404 
34322 34365 
34324 
34428 34325 
34326 
34328 34437 
34329 34439 
34330 
34352 34331 
34432 34332 
34333 
34422 34334 
34335 
34336 
34338 
34339 34348 
34340 
34341 
34406 34342 
34343 
34344 
34345 
34346 
34347 34350 
34351 
34353 34374 
34354 34444 
34403 34355 
34356 34358 
34397 34359 
34360 34418 
34361 
34363 
34389 34366 
34367 
34368 
34369 
34370 
34371 
34372 
34373 
34412 34375 
34376 
34377 
34378 
34379 
34380 
34381 
34382 
34441 34383 
34384 
34385 
34386 
34387 
34388 34421 
34390 
34392 34414 34391 
34393 34436 
34394 
34395 
34396 34413 
34409 34398 
34400 34399 
34401 34420 
34402 
34405 
34407 
34411 
34417 
34419 
34424 
34425 
34426 
34427 
34429 
34430 34431 
34433 
34434 
34435 
34438 
34440 
34442 
34443 
34464 34445 
34451 34446 
34512 34448 34447 
34449 34514 
34450 34507 34499 
34452 
34573 34565 34453 
34454 
34558 34455 
34456 34457 34487 
34458 34459 
34560 34460 
34465 34466 34461 34463 
34462 
34467 34477 34566 
34473 34468 
34469 34470 
34554 34471 
34472 34515 
34474 
34578 34475 
34476 
34587 34478 
34589 34479 
34480 
34481 34502 
34482 34582 
34483 
34484 34572 
34485 
34486 
34488 
34489 34498 
34490 
34491 
34492 34556 
34493 
34494 
34495 
34496 
34497 34500 
34501 
34524 34503 
34504 34594 
34505 34553 
34506 34508 
34547 34509 
34568 34510 
34511 
34513 
34539 34516 
34517 
34518 
34519 
34520 
34521 
34522 
34523 
34562 34525 
34526 
34527 
34528 
34529 
34530 
34531 
34532 
34533 34591 
34534 
34535 
34536 
34537 
34538 34571 
34540 
34564 34541 34542 
34586 34543 
34544 
34545 
34546 34563 
34548 34559 
34549 34550 
34570 34551 
34552 
34555 
34557 
34561 
34567 
34569 
34574 
34575 
34576 
34577 
34579 
34580 34581 
34583 
34584 
34585 
34588 
34590 
34592 
34593 
34595 
34617 34596 
34597 
34598 34599 
34600 34601 
34602 34603 
34604 34605 
34606 34607 
34608 
34609 
34610 
34611 
34612 
34613 
34614 
34615 
34616 
34618 
34619 
34620 
34621 
34622 
34624 34623 
34625 34626 
34627 34628 
34629 34630 
34632 34631 
34633 
34635 
34636 
34637 
34639 
34640 
34641 
34642 
34643 
34644 
34645 
34646 
34647 
34648 
34649 34650 
34651 
34652 34653 34654 34655 34656 34657 34658 34659 34660 34661 34662 34663 34664 34665 34666 34667 34668 34669 34670 34671 34672 34673 34674 34675 34676 34677 34678 34679 34680 34681 34682 34683 34684 34685 34686 
36485 36117 36118 35879 35881 35882 36400 35805 35807 36451 36452 36967 36968 35687 34923 34926 35698 35699 34687 
34688 34913 
34689 34690 37349 37351 37262 35535 35536 36113 36050 36176 37301 35445 36057 
34691 34693 35383 34695 35671 35384 35385 
34692 
35332 36358 35344 35345 36370 35351 35372 35373 35374 36403 36405 36409 35389 34893 35418 36446 35941 35943 35436 35950 35951 34930 34938 34941 34959 34960 35986 35987 34979 34981 36535 36537 37050 37051 35527 36044 36046 35065 35066 36615 36104 36105 36106 36107 36108 36111 37136 36624 35097 36640 37153 36642 36131 35108 35107 37163 35116 36141 36143 37179 35657 35658 36685 36692 36693 36697 36699 36192 36196 36708 36198 36203 36204 37230 37235 36220 36736 36226 36227 36228 36229 34694 36232 36765 34720 34722 37282 34729 35768 37304 35773 35774 35775 36303 36304 36817 36819 34788 34793 36847 36346 36347 35836 35838 
35329 34696 34697 34702 36506 36507 37154 37156 37031 37036 37044 36150 37047 36032 36034 37058 36036 37188 36419 37320 37322 37331 36705 37222 37103 35185 37361 
34789 34698 35218 35222 34746 34716 
34699 34700 34701 
35911 36583 35945 36585 36655 34703 34707 35924 36186 34909 34719 
36775 34951 35529 36778 35530 34955 34704 36785 36766 34963 36059 36060 36734 
34937 34705 
35588 35589 35590 34954 34957 36879 34706 34708 37140 34713 36379 36380 35486 36903 36908 36089 37200 36071 37234 36086 37113 
35472 35473 34709 37271 37272 34711 34840 36889 35614 36639 36897 35618 34992 34993 34894 36686 34897 36952 36960 36070 36072 
36193 36194 36609 34884 34885 36078 36339 36340 34710 36791 34712 36920 
36110 36112 34836 34837 36502 34838 35734 34714 34715 34844 34843 34974 34978 37292 37303 35130 36795 37309 35926 35927 35931 34782 35296 35297 35298 36707 
35749 35751 34922 35505 36053 34717 36063 
35368 34718 
34721 36295 36012 36973 37138 36984 36955 36030 
36737 34723 34956 36590 36560 34901 34967 35770 34907 36735 
35357 34724 34725 34726 35620 35033 36330 34795 34794 36398 36399 35129 35037 
35355 34727 
34728 37167 35891 35700 35704 35705 36028 
34730 34739 
36256 34731 36254 
36901 34761 34763 34732 34765 34733 34770 34772 34774 36727 
34734 34735 
35173 35174 37225 35146 35147 34736 35793 35826 35827 34743 35928 
36864 36865 36709 36902 37096 34737 34738 36918 36283 36284 37053 37055 
35591 36488 36489 37263 36250 36252 36010 34740 34741 34744 36538 37316 37319 36300 36306 35162 35163 36195 35307 35310 36079 36848 36849 35953 35954 
34787 36937 35211 35027 35028 36563 34742 36568 34811 35901 
35969 35202 35459 35460 35461 36620 36622 36371 35870 35366 35756 36274 35896 34745 36299 35919 36185 34798 36718 35569 34801 34802 35956 36344 36476 35967 
34752 35203 35204 35205 35334 36868 35238 36173 34766 36174 35405 35281 34747 36318 36319 
34748 34749 
34750 34751 
34753 34769 
34754 34758 
34755 35075 35078 37164 35085 37166 36082 36084 37237 35317 36953 34847 
34976 34756 36869 35876 34759 36200 36199 35049 34987 36169 35725 36208 36433 35034 
34757 35782 
34760 36333 
35176 34762 35796 35447 35512 
34764 
37017 36094 34767 
36225 35076 37253 37255 35080 35081 34991 34768 36753 36752 34771 36372 34995 34996 34900 34902 37107 
35489 35619 37219 35492 34921 35178 36269 36654 36653 36272 35023 35024 35026 34773 34775 
35904 36103 36026 36617 37004 35982 35985 36029 34776 34842 36027 35900 34845 36574 
35651 37028 35654 35625 35626 37035 35627 34777 34778 35100 
36884 35232 35898 35131 35899 35016 35018 35155 34779 34780 34781 34783 34785 34786 37093 36325 35823 35824 36854 34939 
34784 35104 37064 37290 37300 35125 35094 36957 37176 36634 36732 36733 35103 
36181 34790 
35265 35266 36738 36740 36739 36963 34791 34792 36965 35813 35820 36621 35246 34831 36623 36949 35391 
35690 34796 36877 34797 35056 35057 35058 35224 
35206 36297 36270 34799 34800 35025 37042 
34803 35335 
36121 34804 34805 
36513 37057 36675 36676 35707 36327 37000 37001 37002 34806 37275 35708 
34810 34807 
36679 35790 35503 35792 35443 35444 35446 34808 36989 
37336 34809 36384 36687 
37280 36548 36549 34812 36280 36281 35484 35485 
35328 35972 35973 34822 35975 34821 35855 35730 36243 36138 36139 36142 37038 34813 35386 36158 36159 35809 36860 35325 34814 
34815 
34816 35244 35549 36382 
34817 35754 35683 35686 
34818 34819 34820 36100 36102 35209 35493 34994 35378 35636 35637 35638 35766 35764 35003 35004 35005 35397 35400 35035 35038 36095 
34823 34827 34828 36658 37298 35518 35520 35151 35153 35043 37221 35051 35052 36975 36976 37231 37232 36342 36343 
34824 34825 36394 36393 35733 35101 36383 
35200 34826 35083 35082 35086 35858 35860 35862 36522 34986 34989 34990 35135 35137 37348 37350 35568 36081 36083 36856 36990 35199 
35044 35045 36716 34829 34830 34833 35059 35060 37077 35475 35482 35738 
34832 
34834 36248 35996 35997 35497 35498 34891 34892 37068 36175 35664 35794 35795 36178 35932 34910 34912 35937 34920 37227 37228 35955 35062 35064 
35488 35663 34835 35509 35510 34839 
36804 37190 37134 35667 36182 35672 34841 34846 
34848 
34849 34850 34851 35948 
36434 34852 36477 36478 
34853 34854 36741 35976 35978 34859 37081 37084 
35712 35907 34855 34856 34863 35223 35225 35710 35711 
34857 
36069 36391 36073 34858 36074 35572 35573 36572 36573 
34860 
34861 34862 
34864 
35936 35617 35587 35652 35110 35655 35656 35113 34865 36277 35804 35806 
34866 
35079 36494 36495 35092 36887 36888 37284 36524 36781 34867 34868 34869 36149 36148 36152 37174 35127 36542 36429 35168 35169 37353 37355 35318 35319 35962 35963 
36961 34914 34883 35780 34916 37026 35783 36840 35832 35142 36843 35143 36846 36596 34870 34872 35835 36605 
34970 34973 34982 34871 
37328 34873 35030 
36833 34882 36098 36483 36099 36482 36834 36905 36298 36906 36844 37104 36305 35313 35314 34874 35293 35294 
35392 35681 36135 36136 36265 36264 35280 35282 35221 35254 35255 36821 35257 34875 36124 
34881 36293 36294 36618 36619 34876 34877 
35949 35566 35759 35957 35769 34878 
34880 37220 36912 34879 36670 36671 
34886 34887 34896 36595 36341 35929 35930 
35776 35777 34888 34889 35977 36748 35054 35695 35055 35327 
34890 35867 35789 35787 
35511 34895 
34898 34899 36979 35524 
36328 37034 36171 36172 36307 36474 34903 36473 36218 
35649 35650 35491 35728 35736 34904 
35680 35439 36720 34905 34906 
35819 34908 
35457 35119 36977 35449 35454 34911 
36576 36577 36353 34915 34927 35247 36049 35249 36052 35669 35670 35668 
34917 34918 34919 35532 35729 35544 36126 
34924 
36800 36547 35580 36806 35241 35581 34925 35278 35279 36528 36529 35353 37018 37019 35196 35197 
36448 36866 36867 34928 35134 36447 
34929 37147 
34931 34943 
36777 36845 34932 34934 37247 
35041 36998 35496 37003 36747 35499 36972 37296 34933 37210 36830 
37195 35228 35069 34935 
35852 36177 34936 35902 35903 
35233 37293 35245 35248 34940 
34942 
34944 
34945 37185 37091 34948 34984 36425 36424 36876 35122 36923 36925 
34946 37059 35843 35653 34949 36266 36267 37012 37013 
34977 34947 34997 35448 37146 
36096 37249 36354 35584 35840 35844 34950 35849 36362 36364 36365 36501 36503 36643 36644 36788 36789 36790 36794 35772 35834 35781 35784 36553 36554 35915 35913 35920 36308 35797 36055 36312 36183 36062 35808 36321 35938 35939 35940 36324 36322 36326 35811 35942 35944 35564 35822 36087 35833 36090 35582 
34952 37289 34953 36361 36360 37270 37274 
37160 34962 34958 
34961 37233 36900 37223 
35753 35665 35666 34964 34969 35743 
37252 36749 36750 34965 37142 35605 34968 34971 35612 35613 36011 36268 36013 35148 35154 36564 35159 36570 35040 36970 36981 
36801 36802 35522 35300 36646 35722 36652 34966 35098 
36641 36934 35719 36764 36561 36562 36947 36626 34972 
34975 
34980 35534 
34985 34983 
36608 37344 37346 36153 34988 37295 36755 36760 36761 36762 36286 36287 
36101 36367 35474 36500 35487 36392 35752 36395 36396 37291 36397 37039 35755 35761 35506 36659 36020 36661 34998 34999 37048 36023 37302 36798 35009 36805 36168 37065 36040 36809 35916 36557 37202 35922 37204 36180 36443 37212 37086 35934 36449 36067 36712 36713 36714 36717 36462 37106 36722 37108 36085 36211 36210 36212 36475 
36238 36239 35417 37015 35000 35001 35002 
35215 35216 35217 35866 36913 36914 35006 35010 37187 37060 35013 35542 36566 35800 35546 35802 35419 35421 35678 36710 37245 
35008 36962 36964 37199 35036 35007 
35011 35012 
35014 35019 35470 35347 36439 35358 
35912 35017 35910 35015 
36209 35020 
37088 35624 35021 35631 36240 
35145 35149 35022 35623 
36128 35301 36486 36487 35302 35050 35053 37165 36527 36114 35029 37273 36863 35164 35165 36862 36127 
35032 35031 
35042 35039 
36004 35046 37215 36006 35917 35537 35538 37213 35326 36575 
35048 35047 
36355 36357 35077 36359 37130 35084 36519 36520 35885 35067 36151 37056 36163 37318 37323 37197 36690 37078 37087 36450 37090 36456 35061 37110 35063 37109 35193 36987 
37244 35068 36038 
35070 
36334 35071 
35072 35073 35812 36170 35633 36950 
35074 36878 36855 
35089 36666 36667 35087 
35360 36938 36940 35088 35090 35190 35099 
36627 35091 37224 35093 
35096 35095 
35105 35102 
35106 36942 
36498 36499 37276 36129 36130 35109 36137 35117 36910 36909 37168 35126 36534 35156 35160 35292 36445 35295 35430 35184 35186 35321 35322 
35112 35111 
36992 36257 36991 36995 36260 35114 35115 36202 37357 37006 37359 36144 36145 37139 36629 36184 35709 36543 
36417 36418 36259 36774 36873 35118 36857 36859 37181 
36421 36422 36875 35120 36273 36915 36916 36793 37182 
35121 35123 
36930 36931 36290 37029 36234 36440 36882 35635 35124 36437 36436 36754 35634 37177 36444 36861 
37122 37123 37254 37009 36510 36511 35128 37313 37314 35398 36296 37192 36301 36302 37070 37069 36943 36702 37214 36836 37094 37352 37354 36467 35189 36469 36471 
36928 36929 36899 36883 35859 37180 36441 36442 35132 36255 
35138 35140 36616 36329 35645 36684 35567 36591 36401 36402 35133 
35136 37095 36426 36427 37105 36951 37310 
35139 
35456 35141 36649 36201 36811 36651 36880 36816 36886 35513 35455 
35144 37099 
36480 36481 36496 36497 36891 36894 37285 36262 36263 37178 36033 36546 36037 35150 35157 35158 36054 36056 36058 35550 35553 35180 35182 35323 35324 36479 
35152 
35208 35161 
36161 36162 36031 36870 36871 36166 37158 36490 36491 36525 35311 35312 37267 36245 36246 35166 35167 
36492 36493 35214 37265 35219 35227 37277 35229 36895 36896 36782 36784 36787 37171 36155 36156 36540 36157 37311 35399 35170 35171 35315 35316 
36068 35172 36080 36088 
35175 
36235 37131 36237 37133 37008 35993 36251 36515 36516 36668 37189 36680 36681 36688 35933 35177 35181 35570 36215 35576 36219 37117 37118 37119 
35974 35369 35179 35188 35192 36826 
37126 37127 35469 36504 36505 35231 35362 37286 37032 37033 37288 36271 37043 37046 36279 36278 36420 37193 36944 36701 37100 35183 
37124 37125 37010 35346 37145 36508 37149 36509 36285 36288 36289 37062 37063 37191 36704 37097 36465 36466 35187 
36517 36518 36999 35494 37194 36683 37071 37074 35191 37080 37115 37116 36221 36222 36223 
35748 36839 35210 35213 35377 37208 35194 36924 36926 
37120 37121 37027 36530 36531 37014 36985 35195 37085 
35201 35207 36314 36315 36317 35198 
37243 35212 
36988 35220 
36160 35226 35330 35861 
36164 36165 35230 35359 
35234 36002 35240 35276 35277 36780 36783 36593 36594 
35235 35237 
35236 
36065 36066 36356 35239 36366 35632 35376 36368 36656 36665 36698 36700 
35242 35356 
35243 
35264 35289 35250 
35552 35556 35559 35274 35275 35251 35252 36407 36828 
37306 35253 
35303 35304 35271 36660 35256 
36602 35283 35284 36757 36756 36021 36601 35258 35259 
36413 35269 35270 35677 36408 35674 35260 35261 37022 37023 
35856 35285 35286 36759 36758 35262 35263 
36610 35267 35268 35555 35740 36814 35735 36820 36116 35895 35287 35288 36598 36603 36604 
35272 36911 
35273 35290 
36921 35291 
35717 35718 35721 36638 36647 36544 36674 36423 36945 36948 36311 37082 37083 35299 36838 36966 36969 35946 36971 35308 35309 35947 
36771 36772 36614 36711 35305 37041 36631 
35306 
35320 35333 
37184 35424 35425 35331 36763 37183 
35426 35715 35427 37030 35336 35337 35786 35339 35785 36022 36024 
35338 36907 35340 35760 36786 36694 
35361 36935 36936 35341 35342 36941 36824 35741 
35343 
35348 
35352 35349 
36132 37129 35437 37294 35438 35476 35477 35350 
35354 35364 
37250 35363 35365 
35367 
35370 
35371 36207 35375 36628 36213 
37024 37025 36997 37162 37169 35379 35380 
36776 35381 35382 
36458 36461 36850 36946 36851 35387 
35388 35413 
37281 35395 35883 35884 37148 35390 
35393 35396 
35716 35723 36244 36373 36374 36381 35744 35886 36276 35897 35646 35394 36453 36454 36455 35688 35558 35691 35701 35702 
36769 35432 35401 36959 36719 36827 36958 36767 
36832 35745 35402 35406 35407 36919 
35403 35404 
35408 35409 
35410 35412 
35411 36214 
35414 35415 
35416 35914 
35887 36691 35732 35731 36567 36728 37049 35420 
37248 37092 37072 36721 36853 36636 35422 35423 
35428 37102 36275 35508 36662 36663 36664 36282 36635 36797 36799 
35429 
37312 35431 37333 37335 35803 
36580 36922 36584 35433 35434 35435 35694 36369 36179 35989 35990 35703 35706 36539 36541 
36323 35596 35501 35598 35500 35440 36432 35602 37011 35583 35507 35579 36571 35995 35998 35999 
35810 36258 36261 36122 35441 35442 36115 37114 
35450 35451 35829 35830 
36224 35720 36813 36982 35452 35453 
36536 36545 35458 36579 
36097 36484 35462 35464 35850 35979 35980 36109 35726 35981 36236 36625 35603 35604 35863 35864 36376 36249 36253 35742 35874 35875 36003 36645 35750 36009 35639 37052 35648 36039 36041 36042 35659 36435 36438 35676 35935 36320 36463 35696 35697 36472 36348 36349 
35465 35463 
35466 
35778 35467 37340 37342 
36770 35468 36751 37040 36725 36726 36729 36954 36956 37151 
35814 35471 
35478 35647 
35480 35479 
35481 35483 
35490 
35495 35504 35889 35539 35540 35893 35541 36375 
36744 35502 36818 36723 36724 35673 36825 35675 36829 
36858 36035 35526 35592 35597 35600 35514 
35547 35515 36556 35644 
35516 35517 
36837 35892 35894 36792 36796 35519 
35521 
35523 
35525 36678 36586 37098 37101 36592 37297 37299 35992 35994 36190 36191 
35528 35545 
35531 35533 
35554 36650 35543 36810 36695 36815 37111 36696 35548 
35551 
35557 
36352 35560 35561 37066 35628 36974 36986 36091 
35562 35565 
37152 37128 35593 35594 35563 35595 36415 
36939 35571 
35574 35575 
35577 
36385 36386 36565 35799 35578 
35585 35586 
35599 
35601 36167 
35606 
35607 
35608 36980 
35609 35610 35611 36669 
35615 
35616 
35621 
35622 
36898 35629 35630 36831 
37326 37329 37170 35640 35641 
35642 35662 
35643 37132 
35660 35661 
35682 35679 
35684 35685 
36464 35689 
36388 35692 35693 36599 36154 35837 35839 
35713 
35714 
37287 35724 35727 
35737 35739 
35746 35747 
35757 35758 
35762 35763 
36993 36994 35765 
35771 35767 
36578 35779 36677 35788 35791 36657 
35798 
35801 
35818 35815 
35816 35817 
35841 35971 35821 36431 35825 35988 35991 
36416 36803 35828 36917 35831 36092 36093 
36064 35842 
35968 35845 35846 35847 36682 37327 37330 
35848 37137 
37186 37157 36743 37159 35851 35853 35857 36309 36310 36316 
35854 
35865 35868 36581 36582 
36745 36241 36247 35869 35871 
35872 35873 
36689 35877 35878 
35880 
35888 35890 
35905 35906 36890 35908 
35909 
35921 35918 
35923 35925 
35952 36005 
35958 35959 
36197 36007 36008 36075 37037 37264 35960 35961 
35964 
35970 36612 36550 37161 37067 37172 37173 35965 36607 
36189 35966 
35984 37305 35983 
36000 36001 
36526 36014 36016 37073 36015 
36017 37076 
36018 36019 
36025 36983 
36043 36932 
36051 36045 
36048 36047 
36841 36835 36061 
36874 36076 36077 36242 36410 36411 
36332 36119 
36120 
36123 36125 
36133 36134 
36414 36412 36140 36406 
36146 36147 
36187 36188 
36205 36206 
37155 36377 36216 36217 36378 
36230 36231 37226 37268 36533 36569 37150 
36291 36292 36233 36521 36523 36457 37005 37045 
36313 36338 
37054 36331 36428 37075 
36336 36337 36812 36335 
36872 36345 36881 
36587 36597 36350 
37196 36351 
36363 
37236 37266 36387 36404 
36389 36390 36773 36779 36600 
36552 36430 
36459 36460 
36468 36470 
36512 36514 37307 37308 
36532 
36904 36555 36551 
36742 36558 36559 
37061 36588 36589 37229 37242 36606 
37321 36611 36613 
36630 
36632 36633 
36648 36637 
36672 36673 
36703 
36706 
36746 36715 
36730 36731 
36768 
36808 36807 
36822 36823 
36842 
36852 
37201 36885 
36978 36892 36893 
36927 
36933 37269 
37016 36996 37007 
37260 37203 37205 37020 37021 
37261 37141 37143 37144 37079 
37089 
37112 
37135 
37175 
37198 
37206 
37207 
37209 
37211 
37216 
37217 
37218 
37238 37239 
37240 
37241 
37278 37246 37279 
37251 
37256 
37257 
37258 
37259 
37283 
37315 37324 
37325 37317 
37332 
37360 37334 
37337 37339 
37338 
37341 37343 
37345 37347 
37356 37358 
