OFF
10773 19250 0
3.3166250000 0.0000000000 2.0000000000
3.3166250000 0.0000000000 2.0000000000
3.3166250000 0.0000000000 2.0000000000
3.3166250000 0.0000000000 12.0000000000
3.3166250000 0.0000000000 12.0000000000
3.3166250000 0.0000000000 12.0000000000
-3.3166250000 0.0000000000 12.0000000000
-3.3166250000 0.0000000000 12.0000000000
-3.3166250000 0.0000000000 12.0000000000
-3.3166250000 0.0000000000 2.0000000000
-3.3166250000 0.0000000000 2.0000000000
-3.3166250000 0.0000000000 2.0000000000
-8.0000000000 0.0000000000 7.0000000000
-8.0000000000 0.0000000000 7.0000000000
-8.0000000000 0.0000000000 2.0000000000
-8.0000000000 0.0000000000 2.0000000000
-8.0000000000 0.0000000000 2.0000000000
8.0000000000 0.0000000000 7.0000000000
8.0000000000 0.0000000000 7.0000000000
8.0000000000 0.0000000000 2.0000000000
8.0000000000 0.0000000000 2.0000000000
8.0000000000 0.0000000000 2.0000000000
12.0000000000 0.0000000000 2.0000000000
12.0000000000 0.0000000000 2.0000000000
12.0000000000 0.0000000000 2.0000000000
12.0000000000 0.0000000000 0.0000000000
12.0000000000 0.0000000000 0.0000000000
12.0000000000 0.0000000000 0.0000000000
4.2500000000 0.0000000000 0.0000000000
4.2500000000 0.0000000000 0.0000000000
4.2500000000 0.0000000000 0.0000000000
4.2500000000 0.0000000000 -8.0000000000
4.2500000000 0.0000000000 -8.0000000000
4.2500000000 0.0000000000 -8.0000000000
-4.2500000000 0.0000000000 -8.0000000000
-4.2500000000 0.0000000000 -8.0000000000
-4.2500000000 0.0000000000 -8.0000000000
-4.2500000000 0.0000000000 0.0000000000
-4.2500000000 0.0000000000 0.0000000000
-4.2500000000 0.0000000000 0.0000000000
-12.0000000000 0.0000000000 0.0000000000
-12.0000000000 0.0000000000 0.0000000000
-12.0000000000 0.0000000000 0.0000000000
-12.0000000000 0.0000000000 2.0000000000
-12.0000000000 0.0000000000 2.0000000000
-12.0000000000 0.0000000000 2.0000000000
12.0000000000 -5.0000000000 2.0000000000
12.0000000000 -5.0000000000 2.0000000000
12.0000000000 -5.0000000000 2.0000000000
12.0000000000 -5.0000000000 0.0000000000
12.0000000000 -5.0000000000 0.0000000000
12.0000000000 -5.0000000000 0.0000000000
8.0000000000 -5.0000000000 2.0000000000
8.0000000000 -5.0000000000 2.0000000000
8.0000000000 -5.0000000000 2.0000000000
8.0000000000 -5.0000000000 7.0000000000
8.0000000000 -5.0000000000 7.0000000000
-8.0000000000 -5.0000000000 2.0000000000
-8.0000000000 -5.0000000000 2.0000000000
-8.0000000000 -5.0000000000 2.0000000000
-8.0000000000 -5.0000000000 7.0000000000
-8.0000000000 -5.0000000000 7.0000000000
-3.3166250000 -5.0000000000 2.0000000000
-3.3166250000 -5.0000000000 2.0000000000
-3.3166250000 -5.0000000000 2.0000000000
-3.3166250000 -5.0000000000 12.0000000000
-3.3166250000 -5.0000000000 12.0000000000
-3.3166250000 -5.0000000000 12.0000000000
-12.0000000000 -5.0000000000 0.0000000000
-12.0000000000 -5.0000000000 0.0000000000
-12.0000000000 -5.0000000000 0.0000000000
-12.0000000000 -5.0000000000 2.0000000000
-12.0000000000 -5.0000000000 2.0000000000
-12.0000000000 -5.0000000000 2.0000000000
3.3166250000 -5.0000000000 2.0000000000
3.3166250000 -5.0000000000 2.0000000000
3.3166250000 -5.0000000000 2.0000000000
3.3166250000 -5.0000000000 12.0000000000
3.3166250000 -5.0000000000 12.0000000000
3.3166250000 -5.0000000000 12.0000000000
3.8729830000 -5.0000000000 0.0000000000
3.8729830000 -5.0000000000 0.0000000000
3.8729830000 -5.0000000000 0.0000000000
4.2500000000 -5.0000000000 0.0000000000
4.2500000000 -5.0000000000 0.0000000000
4.2500000000 -5.0000000000 0.0000000000
4.2500000000 -5.0000000000 0.0000000000
3.8729830000 -30.0000000000 0.0000000000
3.8729830000 -30.0000000000 0.0000000000
3.8729830000 -30.0000000000 0.0000000000
-3.8729830000 -30.0000000000 0.0000000000
-3.8729830000 -30.0000000000 0.0000000000
-3.8729830000 -30.0000000000 0.0000000000
-3.8729830000 -5.0000000000 0.0000000000
-3.8729830000 -5.0000000000 0.0000000000
-3.8729830000 -5.0000000000 0.0000000000
-4.2500000000 -5.0000000000 0.0000000000
-4.2500000000 -5.0000000000 0.0000000000
-4.2500000000 -5.0000000000 0.0000000000
-4.2500000000 -5.0000000000 0.0000000000
-4.2500000000 -32.0000000000 0.0000000000
-4.2500000000 -32.0000000000 0.0000000000
-4.2500000000 -32.0000000000 0.0000000000
4.2500000000 -32.0000000000 0.0000000000
4.2500000000 -32.0000000000 0.0000000000
4.2500000000 -32.0000000000 0.0000000000
0.0000000000 -22.2500000000 -4.0000000000
0.0000000000 -22.2500000000 -4.0000000000
0.0000000000 -23.7500000000 -5.5000000000
0.0000000000 -23.7500000000 -5.5000000000
-4.2500000000 -23.7500000000 -5.5000000000
-4.2500000000 -23.7500000000 -5.5000000000
4.2500000000 -26.2500000000 -7.5000000000
4.2500000000 -26.2500000000 -7.5000000000
4.2500000000 -24.7500000000 -6.0000000000
4.2500000000 -24.7500000000 -6.0000000000
0.0000000000 -24.7500000000 -6.0000000000
0.0000000000 -24.7500000000 -6.0000000000
1.5000000000 -46.0000000000 -15.5000000000
1.5000000000 -46.0000000000 -15.5000000000
0.0000000000 -44.5000000000 -15.5000000000
0.0000000000 -44.5000000000 -15.5000000000
-4.2500000000 -25.0000000000 -15.5000000000
-4.2500000000 -25.0000000000 -15.5000000000
-4.2500000000 -25.0000000000 -15.5000000000
-4.2500000000 -50.0000000000 -15.5000000000
-4.2500000000 -50.0000000000 -15.5000000000
-4.2500000000 -50.0000000000 -15.5000000000
4.2500000000 -25.0000000000 -15.5000000000
4.2500000000 -25.0000000000 -15.5000000000
4.2500000000 -25.0000000000 -15.5000000000
4.2500000000 -50.0000000000 -15.5000000000
4.2500000000 -50.0000000000 -15.5000000000
4.2500000000 -50.0000000000 -15.5000000000
-4.2500000000 -17.0000000000 -8.0000000000
-4.2500000000 -17.0000000000 -8.0000000000
-4.2500000000 -17.0000000000 -8.0000000000
4.2500000000 -17.0000000000 -8.0000000000
4.2500000000 -17.0000000000 -8.0000000000
4.2500000000 -17.0000000000 -8.0000000000
1.5000000000 -46.0000000000 -11.5000000000
1.5000000000 -46.0000000000 -11.5000000000
-4.2500000000 -32.0000000000 -11.5000000000
-4.2500000000 -32.0000000000 -11.5000000000
-4.2500000000 -32.0000000000 -11.5000000000
-4.2500000000 -50.0000000000 -11.5000000000
-4.2500000000 -50.0000000000 -11.5000000000
-4.2500000000 -50.0000000000 -11.5000000000
4.2500000000 -50.0000000000 -11.5000000000
4.2500000000 -50.0000000000 -11.5000000000
4.2500000000 -50.0000000000 -11.5000000000
4.2500000000 -32.0000000000 -11.5000000000
4.2500000000 -32.0000000000 -11.5000000000
4.2500000000 -32.0000000000 -11.5000000000
3.8163600000 0.0000000000 2.3701620000
3.8163600000 0.0000000000 2.3701620000
4.2750950000 0.0000000000 2.7900640000
4.2750950000 0.0000000000 2.7900640000
4.6879020000 0.0000000000 3.2551940000
4.6879020000 0.0000000000 3.2551940000
5.0503460000 0.0000000000 3.7605550000
5.0503460000 0.0000000000 3.7605550000
5.3585330000 0.0000000000 4.3007180000
5.3585330000 0.0000000000 4.3007180000
5.6091520000 0.0000000000 4.8698790000
5.6091520000 0.0000000000 4.8698790000
5.7995110000 0.0000000000 5.4619260000
5.7995110000 0.0000000000 5.4619260000
5.9275650000 0.0000000000 6.0704960000
5.9275650000 0.0000000000 6.0704960000
5.9919370000 0.0000000000 6.6890520000
5.9919370000 0.0000000000 6.6890520000
5.9919370000 0.0000000000 7.3109480000
5.9919370000 0.0000000000 7.3109480000
5.9275650000 0.0000000000 7.9295040000
5.9275650000 0.0000000000 7.9295040000
5.7995110000 0.0000000000 8.5380740000
5.7995110000 0.0000000000 8.5380740000
5.6091520000 0.0000000000 9.1301210000
5.6091520000 0.0000000000 9.1301210000
5.3585330000 0.0000000000 9.6992820000
5.3585330000 0.0000000000 9.6992820000
5.0503460000 0.0000000000 10.2394450000
5.0503460000 0.0000000000 10.2394450000
4.6879020000 0.0000000000 10.7448060000
4.6879020000 0.0000000000 10.7448060000
4.2750950000 0.0000000000 11.2099360000
4.2750950000 0.0000000000 11.2099360000
3.8163600000 0.0000000000 11.6298380000
3.8163600000 0.0000000000 11.6298380000
-2.7136020000 0.0000000000 12.0000000000
-2.7136020000 0.0000000000 12.0000000000
-2.1105790000 0.0000000000 12.0000000000
-2.1105790000 0.0000000000 12.0000000000
-1.5075570000 0.0000000000 12.0000000000
-1.5075570000 0.0000000000 12.0000000000
-0.9045340000 0.0000000000 12.0000000000
-0.9045340000 0.0000000000 12.0000000000
-0.3015110000 0.0000000000 12.0000000000
-0.3015110000 0.0000000000 12.0000000000
0.3015110000 0.0000000000 12.0000000000
0.3015110000 0.0000000000 12.0000000000
0.9045340000 0.0000000000 12.0000000000
0.9045340000 0.0000000000 12.0000000000
1.5075570000 0.0000000000 12.0000000000
1.5075570000 0.0000000000 12.0000000000
2.1105790000 0.0000000000 12.0000000000
2.1105790000 0.0000000000 12.0000000000
2.7136020000 0.0000000000 12.0000000000
2.7136020000 0.0000000000 12.0000000000
-3.8163600000 0.0000000000 11.6298380000
-3.8163600000 0.0000000000 11.6298380000
-4.2750950000 0.0000000000 11.2099360000
-4.2750950000 0.0000000000 11.2099360000
-4.6879020000 0.0000000000 10.7448060000
-4.6879020000 0.0000000000 10.7448060000
-5.0503460000 0.0000000000 10.2394450000
-5.0503460000 0.0000000000 10.2394450000
-5.3585330000 0.0000000000 9.6992820000
-5.3585330000 0.0000000000 9.6992820000
-5.6091520000 0.0000000000 9.1301210000
-5.6091520000 0.0000000000 9.1301210000
-5.7995110000 0.0000000000 8.5380740000
-5.7995110000 0.0000000000 8.5380740000
-5.9275650000 0.0000000000 7.9295040000
-5.9275650000 0.0000000000 7.9295040000
-5.9919370000 0.0000000000 7.3109480000
-5.9919370000 0.0000000000 7.3109480000
-5.9919370000 0.0000000000 6.6890520000
-5.9919370000 0.0000000000 6.6890520000
-5.9275650000 0.0000000000 6.0704960000
-5.9275650000 0.0000000000 6.0704960000
-5.7995110000 0.0000000000 5.4619260000
-5.7995110000 0.0000000000 5.4619260000
-5.6091520000 0.0000000000 4.8698790000
-5.6091520000 0.0000000000 4.8698790000
-5.3585330000 0.0000000000 4.3007180000
-5.3585330000 0.0000000000 4.3007180000
-5.0503460000 0.0000000000 3.7605550000
-5.0503460000 0.0000000000 3.7605550000
-4.6879020000 0.0000000000 3.2551940000
-4.6879020000 0.0000000000 3.2551940000
-4.2750950000 0.0000000000 2.7900640000
-4.2750950000 0.0000000000 2.7900640000
-3.8163600000 0.0000000000 2.3701620000
-3.8163600000 0.0000000000 2.3701620000
-2.7136020000 0.0000000000 2.0000000000
-2.7136020000 0.0000000000 2.0000000000
-2.1105790000 0.0000000000 2.0000000000
-2.1105790000 0.0000000000 2.0000000000
-1.5075570000 0.0000000000 2.0000000000
-1.5075570000 0.0000000000 2.0000000000
-0.9045340000 0.0000000000 2.0000000000
-0.9045340000 0.0000000000 2.0000000000
-0.3015110000 0.0000000000 2.0000000000
-0.3015110000 0.0000000000 2.0000000000
0.3015110000 0.0000000000 2.0000000000
0.3015110000 0.0000000000 2.0000000000
0.9045340000 0.0000000000 2.0000000000
0.9045340000 0.0000000000 2.0000000000
1.5075570000 0.0000000000 2.0000000000
1.5075570000 0.0000000000 2.0000000000
2.1105790000 0.0000000000 2.0000000000
2.1105790000 0.0000000000 2.0000000000
2.7136020000 0.0000000000 2.0000000000
2.7136020000 0.0000000000 2.0000000000
-8.0000000000 0.0000000000 6.3750000000
-8.0000000000 0.0000000000 6.3750000000
-8.0000000000 0.0000000000 5.7500000000
-8.0000000000 0.0000000000 5.7500000000
-8.0000000000 0.0000000000 5.1250000000
-8.0000000000 0.0000000000 5.1250000000
-8.0000000000 0.0000000000 4.5000000000
-8.0000000000 0.0000000000 4.5000000000
-8.0000000000 0.0000000000 3.8750000000
-8.0000000000 0.0000000000 3.8750000000
-8.0000000000 0.0000000000 3.2500000000
-8.0000000000 0.0000000000 3.2500000000
-8.0000000000 0.0000000000 2.6250000000
-8.0000000000 0.0000000000 2.6250000000
7.9753390000 0.0000000000 7.6276730000
7.9753390000 0.0000000000 7.6276730000
7.9015070000 0.0000000000 8.2514760000
7.9015070000 0.0000000000 8.2514760000
7.7789590000 0.0000000000 8.8675630000
7.7789590000 0.0000000000 8.8675630000
7.6084520000 0.0000000000 9.4721360000
7.6084520000 0.0000000000 9.4721360000
7.3910360000 0.0000000000 10.0614670000
7.3910360000 0.0000000000 10.0614670000
7.1280520000 0.0000000000 10.6319240000
7.1280520000 0.0000000000 10.6319240000
6.8211210000 0.0000000000 11.1799890000
6.8211210000 0.0000000000 11.1799890000
6.4721360000 0.0000000000 11.7022820000
6.4721360000 0.0000000000 11.7022820000
6.0832480000 0.0000000000 12.1955840000
6.0832480000 0.0000000000 12.1955840000
5.6568540000 0.0000000000 12.6568540000
5.6568540000 0.0000000000 12.6568540000
5.1955840000 0.0000000000 13.0832480000
5.1955840000 0.0000000000 13.0832480000
4.7022820000 0.0000000000 13.4721360000
4.7022820000 0.0000000000 13.4721360000
4.1799890000 0.0000000000 13.8211210000
4.1799890000 0.0000000000 13.8211210000
3.6319240000 0.0000000000 14.1280520000
3.6319240000 0.0000000000 14.1280520000
3.0614670000 0.0000000000 14.3910360000
3.0614670000 0.0000000000 14.3910360000
2.4721360000 0.0000000000 14.6084520000
2.4721360000 0.0000000000 14.6084520000
1.8675630000 0.0000000000 14.7789590000
1.8675630000 0.0000000000 14.7789590000
1.2514760000 0.0000000000 14.9015070000
1.2514760000 0.0000000000 14.9015070000
0.6276730000 0.0000000000 14.9753390000
0.6276730000 0.0000000000 14.9753390000
0.0000000000 0.0000000000 15.0000000000
0.0000000000 0.0000000000 15.0000000000
-0.6276730000 0.0000000000 14.9753390000
-0.6276730000 0.0000000000 14.9753390000
-1.2514760000 0.0000000000 14.9015070000
-1.2514760000 0.0000000000 14.9015070000
-1.8675630000 0.0000000000 14.7789590000
-1.8675630000 0.0000000000 14.7789590000
-2.4721360000 0.0000000000 14.6084520000
-2.4721360000 0.0000000000 14.6084520000
-3.0614670000 0.0000000000 14.3910360000
-3.0614670000 0.0000000000 14.3910360000
-3.6319240000 0.0000000000 14.1280520000
-3.6319240000 0.0000000000 14.1280520000
-4.1799890000 0.0000000000 13.8211210000
-4.1799890000 0.0000000000 13.8211210000
-4.7022820000 0.0000000000 13.4721360000
-4.7022820000 0.0000000000 13.4721360000
-5.1955840000 0.0000000000 13.0832480000
-5.1955840000 0.0000000000 13.0832480000
-5.6568540000 0.0000000000 12.6568540000
-5.6568540000 0.0000000000 12.6568540000
-6.0832480000 0.0000000000 12.1955840000
-6.0832480000 0.0000000000 12.1955840000
-6.4721360000 0.0000000000 11.7022820000
-6.4721360000 0.0000000000 11.7022820000
-6.8211210000 0.0000000000 11.1799890000
-6.8211210000 0.0000000000 11.1799890000
-7.1280520000 0.0000000000 10.6319240000
-7.1280520000 0.0000000000 10.6319240000
-7.3910360000 0.0000000000 10.0614670000
-7.3910360000 0.0000000000 10.0614670000
-7.6084520000 0.0000000000 9.4721360000
-7.6084520000 0.0000000000 9.4721360000
-7.7789590000 0.0000000000 8.8675630000
-7.7789590000 0.0000000000 8.8675630000
-7.9015070000 0.0000000000 8.2514760000
-7.9015070000 0.0000000000 8.2514760000
-7.9753390000 0.0000000000 7.6276730000
-7.9753390000 0.0000000000 7.6276730000
8.0000000000 0.0000000000 6.3750000000
8.0000000000 0.0000000000 6.3750000000
8.0000000000 0.0000000000 5.7500000000
8.0000000000 0.0000000000 5.7500000000
8.0000000000 0.0000000000 5.1250000000
8.0000000000 0.0000000000 5.1250000000
8.0000000000 0.0000000000 4.5000000000
8.0000000000 0.0000000000 4.5000000000
8.0000000000 0.0000000000 3.8750000000
8.0000000000 0.0000000000 3.8750000000
8.0000000000 0.0000000000 3.2500000000
8.0000000000 0.0000000000 3.2500000000
8.0000000000 0.0000000000 2.6250000000
8.0000000000 0.0000000000 2.6250000000
8.5714290000 0.0000000000 2.0000000000
8.5714290000 0.0000000000 2.0000000000
9.1428570000 0.0000000000 2.0000000000
9.1428570000 0.0000000000 2.0000000000
9.7142860000 0.0000000000 2.0000000000
9.7142860000 0.0000000000 2.0000000000
10.2857140000 0.0000000000 2.0000000000
10.2857140000 0.0000000000 2.0000000000
10.8571430000 0.0000000000 2.0000000000
10.8571430000 0.0000000000 2.0000000000
11.4285710000 0.0000000000 2.0000000000
11.4285710000 0.0000000000 2.0000000000
12.0000000000 0.0000000000 1.5000000000
12.0000000000 0.0000000000 1.5000000000
12.0000000000 0.0000000000 1.0000000000
12.0000000000 0.0000000000 1.0000000000
12.0000000000 0.0000000000 0.5000000000
12.0000000000 0.0000000000 0.5000000000
4.8461540000 0.0000000000 0.0000000000
4.8461540000 0.0000000000 0.0000000000
5.4423080000 0.0000000000 0.0000000000
5.4423080000 0.0000000000 0.0000000000
6.0384620000 0.0000000000 0.0000000000
6.0384620000 0.0000000000 0.0000000000
6.6346150000 0.0000000000 0.0000000000
6.6346150000 0.0000000000 0.0000000000
7.2307690000 0.0000000000 0.0000000000
7.2307690000 0.0000000000 0.0000000000
7.8269230000 0.0000000000 0.0000000000
7.8269230000 0.0000000000 0.0000000000
8.4230770000 0.0000000000 0.0000000000
8.4230770000 0.0000000000 0.0000000000
9.0192310000 0.0000000000 0.0000000000
9.0192310000 0.0000000000 0.0000000000
9.6153850000 0.0000000000 0.0000000000
9.6153850000 0.0000000000 0.0000000000
10.2115380000 0.0000000000 0.0000000000
10.2115380000 0.0000000000 0.0000000000
10.8076920000 0.0000000000 0.0000000000
10.8076920000 0.0000000000 0.0000000000
11.4038460000 0.0000000000 0.0000000000
11.4038460000 0.0000000000 0.0000000000
4.2500000000 0.0000000000 -0.6153850000
4.2500000000 0.0000000000 -0.6153850000
4.2500000000 0.0000000000 -1.2307690000
4.2500000000 0.0000000000 -1.2307690000
4.2500000000 0.0000000000 -1.8461540000
4.2500000000 0.0000000000 -1.8461540000
4.2500000000 0.0000000000 -2.4615380000
4.2500000000 0.0000000000 -2.4615380000
4.2500000000 0.0000000000 -3.0769230000
4.2500000000 0.0000000000 -3.0769230000
4.2500000000 0.0000000000 -3.6923080000
4.2500000000 0.0000000000 -3.6923080000
4.2500000000 0.0000000000 -4.3076920000
4.2500000000 0.0000000000 -4.3076920000
4.2500000000 0.0000000000 -4.9230770000
4.2500000000 0.0000000000 -4.9230770000
4.2500000000 0.0000000000 -5.5384620000
4.2500000000 0.0000000000 -5.5384620000
4.2500000000 0.0000000000 -6.1538460000
4.2500000000 0.0000000000 -6.1538460000
4.2500000000 0.0000000000 -6.7692310000
4.2500000000 0.0000000000 -6.7692310000
4.2500000000 0.0000000000 -7.3846150000
4.2500000000 0.0000000000 -7.3846150000
-3.6428570000 0.0000000000 -8.0000000000
-3.6428570000 0.0000000000 -8.0000000000
-3.0357140000 0.0000000000 -8.0000000000
-3.0357140000 0.0000000000 -8.0000000000
-2.4285710000 0.0000000000 -8.0000000000
-2.4285710000 0.0000000000 -8.0000000000
-1.8214290000 0.0000000000 -8.0000000000
-1.8214290000 0.0000000000 -8.0000000000
-1.2142860000 0.0000000000 -8.0000000000
-1.2142860000 0.0000000000 -8.0000000000
-0.6071430000 0.0000000000 -8.0000000000
-0.6071430000 0.0000000000 -8.0000000000
-0.0000000000 0.0000000000 -8.0000000000
-0.0000000000 0.0000000000 -8.0000000000
0.6071430000 0.0000000000 -8.0000000000
0.6071430000 0.0000000000 -8.0000000000
1.2142860000 0.0000000000 -8.0000000000
1.2142860000 0.0000000000 -8.0000000000
1.8214290000 0.0000000000 -8.0000000000
1.8214290000 0.0000000000 -8.0000000000
2.4285710000 0.0000000000 -8.0000000000
2.4285710000 0.0000000000 -8.0000000000
3.0357140000 0.0000000000 -8.0000000000
3.0357140000 0.0000000000 -8.0000000000
3.6428570000 0.0000000000 -8.0000000000
3.6428570000 0.0000000000 -8.0000000000
-4.2500000000 0.0000000000 -0.6153850000
-4.2500000000 0.0000000000 -0.6153850000
-4.2500000000 0.0000000000 -1.2307690000
-4.2500000000 0.0000000000 -1.2307690000
-4.2500000000 0.0000000000 -1.8461540000
-4.2500000000 0.0000000000 -1.8461540000
-4.2500000000 0.0000000000 -2.4615380000
-4.2500000000 0.0000000000 -2.4615380000
-4.2500000000 0.0000000000 -3.0769230000
-4.2500000000 0.0000000000 -3.0769230000
-4.2500000000 0.0000000000 -3.6923080000
-4.2500000000 0.0000000000 -3.6923080000
-4.2500000000 0.0000000000 -4.3076920000
-4.2500000000 0.0000000000 -4.3076920000
-4.2500000000 0.0000000000 -4.9230770000
-4.2500000000 0.0000000000 -4.9230770000
-4.2500000000 0.0000000000 -5.5384620000
-4.2500000000 0.0000000000 -5.5384620000
-4.2500000000 0.0000000000 -6.1538460000
-4.2500000000 0.0000000000 -6.1538460000
-4.2500000000 0.0000000000 -6.7692310000
-4.2500000000 0.0000000000 -6.7692310000
-4.2500000000 0.0000000000 -7.3846150000
-4.2500000000 0.0000000000 -7.3846150000
-11.4038460000 0.0000000000 0.0000000000
-11.4038460000 0.0000000000 0.0000000000
-10.8076920000 0.0000000000 0.0000000000
-10.8076920000 0.0000000000 0.0000000000
-10.2115380000 0.0000000000 0.0000000000
-10.2115380000 0.0000000000 0.0000000000
-9.6153850000 0.0000000000 0.0000000000
-9.6153850000 0.0000000000 0.0000000000
-9.0192310000 0.0000000000 0.0000000000
-9.0192310000 0.0000000000 0.0000000000
-8.4230770000 0.0000000000 0.0000000000
-8.4230770000 0.0000000000 0.0000000000
-7.8269230000 0.0000000000 0.0000000000
-7.8269230000 0.0000000000 0.0000000000
-7.2307690000 0.0000000000 0.0000000000
-7.2307690000 0.0000000000 0.0000000000
-6.6346150000 0.0000000000 0.0000000000
-6.6346150000 0.0000000000 0.0000000000
-6.0384620000 0.0000000000 0.0000000000
-6.0384620000 0.0000000000 0.0000000000
-5.4423080000 0.0000000000 0.0000000000
-5.4423080000 0.0000000000 0.0000000000
-4.8461540000 0.0000000000 0.0000000000
-4.8461540000 0.0000000000 0.0000000000
-12.0000000000 0.0000000000 1.5000000000
-12.0000000000 0.0000000000 1.5000000000
-12.0000000000 0.0000000000 1.0000000000
-12.0000000000 0.0000000000 1.0000000000
-12.0000000000 0.0000000000 0.5000000000
-12.0000000000 0.0000000000 0.5000000000
-8.5714290000 0.0000000000 2.0000000000
-8.5714290000 0.0000000000 2.0000000000
-9.1428570000 0.0000000000 2.0000000000
-9.1428570000 0.0000000000 2.0000000000
-9.7142860000 0.0000000000 2.0000000000
-9.7142860000 0.0000000000 2.0000000000
-10.2857140000 0.0000000000 2.0000000000
-10.2857140000 0.0000000000 2.0000000000
-10.8571430000 0.0000000000 2.0000000000
-10.8571430000 0.0000000000 2.0000000000
-11.4285710000 0.0000000000 2.0000000000
-11.4285710000 0.0000000000 2.0000000000
12.0000000000 -4.3750000000 2.0000000000
12.0000000000 -4.3750000000 2.0000000000
12.0000000000 -3.7500000000 2.0000000000
12.0000000000 -3.7500000000 2.0000000000
12.0000000000 -3.1250000000 2.0000000000
12.0000000000 -3.1250000000 2.0000000000
12.0000000000 -2.5000000000 2.0000000000
12.0000000000 -2.5000000000 2.0000000000
12.0000000000 -1.8750000000 2.0000000000
12.0000000000 -1.8750000000 2.0000000000
12.0000000000 -1.2500000000 2.0000000000
12.0000000000 -1.2500000000 2.0000000000
12.0000000000 -0.6250000000 2.0000000000
12.0000000000 -0.6250000000 2.0000000000
12.0000000000 -5.0000000000 1.5000000000
12.0000000000 -5.0000000000 1.5000000000
12.0000000000 -5.0000000000 1.0000000000
12.0000000000 -5.0000000000 1.0000000000
12.0000000000 -5.0000000000 0.5000000000
12.0000000000 -5.0000000000 0.5000000000
12.0000000000 -4.3750000000 0.0000000000
12.0000000000 -4.3750000000 0.0000000000
12.0000000000 -3.7500000000 0.0000000000
12.0000000000 -3.7500000000 0.0000000000
12.0000000000 -3.1250000000 0.0000000000
12.0000000000 -3.1250000000 0.0000000000
12.0000000000 -2.5000000000 0.0000000000
12.0000000000 -2.5000000000 0.0000000000
12.0000000000 -1.8750000000 0.0000000000
12.0000000000 -1.8750000000 0.0000000000
12.0000000000 -1.2500000000 0.0000000000
12.0000000000 -1.2500000000 0.0000000000
12.0000000000 -0.6250000000 0.0000000000
12.0000000000 -0.6250000000 0.0000000000
8.0000000000 -4.3750000000 2.0000000000
8.0000000000 -4.3750000000 2.0000000000
8.0000000000 -3.7500000000 2.0000000000
8.0000000000 -3.7500000000 2.0000000000
8.0000000000 -3.1250000000 2.0000000000
8.0000000000 -3.1250000000 2.0000000000
8.0000000000 -2.5000000000 2.0000000000
8.0000000000 -2.5000000000 2.0000000000
8.0000000000 -1.8750000000 2.0000000000
8.0000000000 -1.8750000000 2.0000000000
8.0000000000 -1.2500000000 2.0000000000
8.0000000000 -1.2500000000 2.0000000000
8.0000000000 -0.6250000000 2.0000000000
8.0000000000 -0.6250000000 2.0000000000
8.5714290000 -5.0000000000 2.0000000000
8.5714290000 -5.0000000000 2.0000000000
9.1428570000 -5.0000000000 2.0000000000
9.1428570000 -5.0000000000 2.0000000000
9.7142860000 -5.0000000000 2.0000000000
9.7142860000 -5.0000000000 2.0000000000
10.2857140000 -5.0000000000 2.0000000000
10.2857140000 -5.0000000000 2.0000000000
10.8571430000 -5.0000000000 2.0000000000
10.8571430000 -5.0000000000 2.0000000000
11.4285710000 -5.0000000000 2.0000000000
11.4285710000 -5.0000000000 2.0000000000
8.0000000000 -4.3750000000 7.0000000000
8.0000000000 -3.7500000000 7.0000000000
8.0000000000 -3.1250000000 7.0000000000
8.0000000000 -2.5000000000 7.0000000000
8.0000000000 -1.8750000000 7.0000000000
8.0000000000 -1.2500000000 7.0000000000
8.0000000000 -0.6250000000 7.0000000000
8.0000000000 -5.0000000000 6.3750000000
8.0000000000 -5.0000000000 6.3750000000
8.0000000000 -5.0000000000 5.7500000000
8.0000000000 -5.0000000000 5.7500000000
8.0000000000 -5.0000000000 5.1250000000
8.0000000000 -5.0000000000 5.1250000000
8.0000000000 -5.0000000000 4.5000000000
8.0000000000 -5.0000000000 4.5000000000
8.0000000000 -5.0000000000 3.8750000000
8.0000000000 -5.0000000000 3.8750000000
8.0000000000 -5.0000000000 3.2500000000
8.0000000000 -5.0000000000 3.2500000000
8.0000000000 -5.0000000000 2.6250000000
8.0000000000 -5.0000000000 2.6250000000
-8.0000000000 -4.3750000000 2.0000000000
-8.0000000000 -4.3750000000 2.0000000000
-8.0000000000 -3.7500000000 2.0000000000
-8.0000000000 -3.7500000000 2.0000000000
-8.0000000000 -3.1250000000 2.0000000000
-8.0000000000 -3.1250000000 2.0000000000
-8.0000000000 -2.5000000000 2.0000000000
-8.0000000000 -2.5000000000 2.0000000000
-8.0000000000 -1.8750000000 2.0000000000
-8.0000000000 -1.8750000000 2.0000000000
-8.0000000000 -1.2500000000 2.0000000000
-8.0000000000 -1.2500000000 2.0000000000
-8.0000000000 -0.6250000000 2.0000000000
-8.0000000000 -0.6250000000 2.0000000000
-8.0000000000 -5.0000000000 6.3750000000
-8.0000000000 -5.0000000000 6.3750000000
-8.0000000000 -5.0000000000 5.7500000000
-8.0000000000 -5.0000000000 5.7500000000
-8.0000000000 -5.0000000000 5.1250000000
-8.0000000000 -5.0000000000 5.1250000000
-8.0000000000 -5.0000000000 4.5000000000
-8.0000000000 -5.0000000000 4.5000000000
-8.0000000000 -5.0000000000 3.8750000000
-8.0000000000 -5.0000000000 3.8750000000
-8.0000000000 -5.0000000000 3.2500000000
-8.0000000000 -5.0000000000 3.2500000000
-8.0000000000 -5.0000000000 2.6250000000
-8.0000000000 -5.0000000000 2.6250000000
-8.0000000000 -4.3750000000 7.0000000000
-8.0000000000 -3.7500000000 7.0000000000
-8.0000000000 -3.1250000000 7.0000000000
-8.0000000000 -2.5000000000 7.0000000000
-8.0000000000 -1.8750000000 7.0000000000
-8.0000000000 -1.2500000000 7.0000000000
-8.0000000000 -0.6250000000 7.0000000000
7.9753390000 -5.0000000000 7.6276730000
7.9753390000 -5.0000000000 7.6276730000
7.9015070000 -5.0000000000 8.2514760000
7.9015070000 -5.0000000000 8.2514760000
7.7789590000 -5.0000000000 8.8675630000
7.7789590000 -5.0000000000 8.8675630000
7.6084520000 -5.0000000000 9.4721360000
7.6084520000 -5.0000000000 9.4721360000
7.3910360000 -5.0000000000 10.0614670000
7.3910360000 -5.0000000000 10.0614670000
7.1280520000 -5.0000000000 10.6319240000
7.1280520000 -5.0000000000 10.6319240000
6.8211210000 -5.0000000000 11.1799890000
6.8211210000 -5.0000000000 11.1799890000
6.4721360000 -5.0000000000 11.7022820000
6.4721360000 -5.0000000000 11.7022820000
6.0832480000 -5.0000000000 12.1955840000
6.0832480000 -5.0000000000 12.1955840000
5.6568540000 -5.0000000000 12.6568540000
5.6568540000 -5.0000000000 12.6568540000
5.1955840000 -5.0000000000 13.0832480000
5.1955840000 -5.0000000000 13.0832480000
4.7022820000 -5.0000000000 13.4721360000
4.7022820000 -5.0000000000 13.4721360000
4.1799890000 -5.0000000000 13.8211210000
4.1799890000 -5.0000000000 13.8211210000
3.6319240000 -5.0000000000 14.1280520000
3.6319240000 -5.0000000000 14.1280520000
3.0614670000 -5.0000000000 14.3910360000
3.0614670000 -5.0000000000 14.3910360000
2.4721360000 -5.0000000000 14.6084520000
2.4721360000 -5.0000000000 14.6084520000
1.8675630000 -5.0000000000 14.7789590000
1.8675630000 -5.0000000000 14.7789590000
1.2514760000 -5.0000000000 14.9015070000
1.2514760000 -5.0000000000 14.9015070000
0.6276730000 -5.0000000000 14.9753390000
0.6276730000 -5.0000000000 14.9753390000
0.0000000000 -5.0000000000 15.0000000000
0.0000000000 -5.0000000000 15.0000000000
-0.6276730000 -5.0000000000 14.9753390000
-0.6276730000 -5.0000000000 14.9753390000
-1.2514760000 -5.0000000000 14.9015070000
-1.2514760000 -5.0000000000 14.9015070000
-1.8675630000 -5.0000000000 14.7789590000
-1.8675630000 -5.0000000000 14.7789590000
-2.4721360000 -5.0000000000 14.6084520000
-2.4721360000 -5.0000000000 14.6084520000
-3.0614670000 -5.0000000000 14.3910360000
-3.0614670000 -5.0000000000 14.3910360000
-3.6319240000 -5.0000000000 14.1280520000
-3.6319240000 -5.0000000000 14.1280520000
-4.1799890000 -5.0000000000 13.8211210000
-4.1799890000 -5.0000000000 13.8211210000
-4.7022820000 -5.0000000000 13.4721360000
-4.7022820000 -5.0000000000 13.4721360000
-5.1955840000 -5.0000000000 13.0832480000
-5.1955840000 -5.0000000000 13.0832480000
-5.6568540000 -5.0000000000 12.6568540000
-5.6568540000 -5.0000000000 12.6568540000
-6.0832480000 -5.0000000000 12.1955840000
-6.0832480000 -5.0000000000 12.1955840000
-6.4721360000 -5.0000000000 11.7022820000
-6.4721360000 -5.0000000000 11.7022820000
-6.8211210000 -5.0000000000 11.1799890000
-6.8211210000 -5.0000000000 11.1799890000
-7.1280520000 -5.0000000000 10.6319240000
-7.1280520000 -5.0000000000 10.6319240000
-7.3910360000 -5.0000000000 10.0614670000
-7.3910360000 -5.0000000000 10.0614670000
-7.6084520000 -5.0000000000 9.4721360000
-7.6084520000 -5.0000000000 9.4721360000
-7.7789590000 -5.0000000000 8.8675630000
-7.7789590000 -5.0000000000 8.8675630000
-7.9015070000 -5.0000000000 8.2514760000
-7.9015070000 -5.0000000000 8.2514760000
-7.9753390000 -5.0000000000 7.6276730000
-7.9753390000 -5.0000000000 7.6276730000
-3.3166250000 -4.3750000000 2.0000000000
-3.3166250000 -4.3750000000 2.0000000000
-3.3166250000 -3.7500000000 2.0000000000
-3.3166250000 -3.7500000000 2.0000000000
-3.3166250000 -3.1250000000 2.0000000000
-3.3166250000 -3.1250000000 2.0000000000
-3.3166250000 -2.5000000000 2.0000000000
-3.3166250000 -2.5000000000 2.0000000000
-3.3166250000 -1.8750000000 2.0000000000
-3.3166250000 -1.8750000000 2.0000000000
-3.3166250000 -1.2500000000 2.0000000000
-3.3166250000 -1.2500000000 2.0000000000
-3.3166250000 -0.6250000000 2.0000000000
-3.3166250000 -0.6250000000 2.0000000000
-3.8163600000 -5.0000000000 11.6298380000
-3.8163600000 -5.0000000000 11.6298380000
-4.2750950000 -5.0000000000 11.2099360000
-4.2750950000 -5.0000000000 11.2099360000
-4.6879020000 -5.0000000000 10.7448060000
-4.6879020000 -5.0000000000 10.7448060000
-5.0503460000 -5.0000000000 10.2394450000
-5.0503460000 -5.0000000000 10.2394450000
-5.3585330000 -5.0000000000 9.6992820000
-5.3585330000 -5.0000000000 9.6992820000
-5.6091520000 -5.0000000000 9.1301210000
-5.6091520000 -5.0000000000 9.1301210000
-5.7995110000 -5.0000000000 8.5380740000
-5.7995110000 -5.0000000000 8.5380740000
-5.9275650000 -5.0000000000 7.9295040000
-5.9275650000 -5.0000000000 7.9295040000
-5.9919370000 -5.0000000000 7.3109480000
-5.9919370000 -5.0000000000 7.3109480000
-5.9919370000 -5.0000000000 6.6890520000
-5.9919370000 -5.0000000000 6.6890520000
-5.9275650000 -5.0000000000 6.0704960000
-5.9275650000 -5.0000000000 6.0704960000
-5.7995110000 -5.0000000000 5.4619260000
-5.7995110000 -5.0000000000 5.4619260000
-5.6091520000 -5.0000000000 4.8698790000
-5.6091520000 -5.0000000000 4.8698790000
-5.3585330000 -5.0000000000 4.3007180000
-5.3585330000 -5.0000000000 4.3007180000
-5.0503460000 -5.0000000000 3.7605550000
-5.0503460000 -5.0000000000 3.7605550000
-4.6879020000 -5.0000000000 3.2551940000
-4.6879020000 -5.0000000000 3.2551940000
-4.2750950000 -5.0000000000 2.7900640000
-4.2750950000 -5.0000000000 2.7900640000
-3.8163600000 -5.0000000000 2.3701620000
-3.8163600000 -5.0000000000 2.3701620000
-3.3166250000 -4.3750000000 12.0000000000
-3.3166250000 -4.3750000000 12.0000000000
-3.3166250000 -3.7500000000 12.0000000000
-3.3166250000 -3.7500000000 12.0000000000
-3.3166250000 -3.1250000000 12.0000000000
-3.3166250000 -3.1250000000 12.0000000000
-3.3166250000 -2.5000000000 12.0000000000
-3.3166250000 -2.5000000000 12.0000000000
-3.3166250000 -1.8750000000 12.0000000000
-3.3166250000 -1.8750000000 12.0000000000
-3.3166250000 -1.2500000000 12.0000000000
-3.3166250000 -1.2500000000 12.0000000000
-3.3166250000 -0.6250000000 12.0000000000
-3.3166250000 -0.6250000000 12.0000000000
-12.0000000000 -4.3750000000 0.0000000000
-12.0000000000 -4.3750000000 0.0000000000
-12.0000000000 -3.7500000000 0.0000000000
-12.0000000000 -3.7500000000 0.0000000000
-12.0000000000 -3.1250000000 0.0000000000
-12.0000000000 -3.1250000000 0.0000000000
-12.0000000000 -2.5000000000 0.0000000000
-12.0000000000 -2.5000000000 0.0000000000
-12.0000000000 -1.8750000000 0.0000000000
-12.0000000000 -1.8750000000 0.0000000000
-12.0000000000 -1.2500000000 0.0000000000
-12.0000000000 -1.2500000000 0.0000000000
-12.0000000000 -0.6250000000 0.0000000000
-12.0000000000 -0.6250000000 0.0000000000
-12.0000000000 -5.0000000000 1.5000000000
-12.0000000000 -5.0000000000 1.5000000000
-12.0000000000 -5.0000000000 1.0000000000
-12.0000000000 -5.0000000000 1.0000000000
-12.0000000000 -5.0000000000 0.5000000000
-12.0000000000 -5.0000000000 0.5000000000
-12.0000000000 -4.3750000000 2.0000000000
-12.0000000000 -4.3750000000 2.0000000000
-12.0000000000 -3.7500000000 2.0000000000
-12.0000000000 -3.7500000000 2.0000000000
-12.0000000000 -3.1250000000 2.0000000000
-12.0000000000 -3.1250000000 2.0000000000
-12.0000000000 -2.5000000000 2.0000000000
-12.0000000000 -2.5000000000 2.0000000000
-12.0000000000 -1.8750000000 2.0000000000
-12.0000000000 -1.8750000000 2.0000000000
-12.0000000000 -1.2500000000 2.0000000000
-12.0000000000 -1.2500000000 2.0000000000
-12.0000000000 -0.6250000000 2.0000000000
-12.0000000000 -0.6250000000 2.0000000000
-8.5714290000 -5.0000000000 2.0000000000
-8.5714290000 -5.0000000000 2.0000000000
-9.1428570000 -5.0000000000 2.0000000000
-9.1428570000 -5.0000000000 2.0000000000
-9.7142860000 -5.0000000000 2.0000000000
-9.7142860000 -5.0000000000 2.0000000000
-10.2857140000 -5.0000000000 2.0000000000
-10.2857140000 -5.0000000000 2.0000000000
-10.8571430000 -5.0000000000 2.0000000000
-10.8571430000 -5.0000000000 2.0000000000
-11.4285710000 -5.0000000000 2.0000000000
-11.4285710000 -5.0000000000 2.0000000000
-2.7136020000 -5.0000000000 2.0000000000
-2.7136020000 -5.0000000000 2.0000000000
-2.1105790000 -5.0000000000 2.0000000000
-2.1105790000 -5.0000000000 2.0000000000
-1.5075570000 -5.0000000000 2.0000000000
-1.5075570000 -5.0000000000 2.0000000000
-0.9045340000 -5.0000000000 2.0000000000
-0.9045340000 -5.0000000000 2.0000000000
-0.3015110000 -5.0000000000 2.0000000000
-0.3015110000 -5.0000000000 2.0000000000
0.3015110000 -5.0000000000 2.0000000000
0.3015110000 -5.0000000000 2.0000000000
0.9045340000 -5.0000000000 2.0000000000
0.9045340000 -5.0000000000 2.0000000000
1.5075570000 -5.0000000000 2.0000000000
1.5075570000 -5.0000000000 2.0000000000
2.1105790000 -5.0000000000 2.0000000000
2.1105790000 -5.0000000000 2.0000000000
2.7136020000 -5.0000000000 2.0000000000
2.7136020000 -5.0000000000 2.0000000000
3.3166250000 -4.3750000000 2.0000000000
3.3166250000 -4.3750000000 2.0000000000
3.3166250000 -3.7500000000 2.0000000000
3.3166250000 -3.7500000000 2.0000000000
3.3166250000 -3.1250000000 2.0000000000
3.3166250000 -3.1250000000 2.0000000000
3.3166250000 -2.5000000000 2.0000000000
3.3166250000 -2.5000000000 2.0000000000
3.3166250000 -1.8750000000 2.0000000000
3.3166250000 -1.8750000000 2.0000000000
3.3166250000 -1.2500000000 2.0000000000
3.3166250000 -1.2500000000 2.0000000000
3.3166250000 -0.6250000000 2.0000000000
3.3166250000 -0.6250000000 2.0000000000
3.3166250000 -4.3750000000 12.0000000000
3.3166250000 -4.3750000000 12.0000000000
3.3166250000 -3.7500000000 12.0000000000
3.3166250000 -3.7500000000 12.0000000000
3.3166250000 -3.1250000000 12.0000000000
3.3166250000 -3.1250000000 12.0000000000
3.3166250000 -2.5000000000 12.0000000000
3.3166250000 -2.5000000000 12.0000000000
3.3166250000 -1.8750000000 12.0000000000
3.3166250000 -1.8750000000 12.0000000000
3.3166250000 -1.2500000000 12.0000000000
3.3166250000 -1.2500000000 12.0000000000
3.3166250000 -0.6250000000 12.0000000000
3.3166250000 -0.6250000000 12.0000000000
-2.7136020000 -5.0000000000 12.0000000000
-2.7136020000 -5.0000000000 12.0000000000
-2.1105790000 -5.0000000000 12.0000000000
-2.1105790000 -5.0000000000 12.0000000000
-1.5075570000 -5.0000000000 12.0000000000
-1.5075570000 -5.0000000000 12.0000000000
-0.9045340000 -5.0000000000 12.0000000000
-0.9045340000 -5.0000000000 12.0000000000
-0.3015110000 -5.0000000000 12.0000000000
-0.3015110000 -5.0000000000 12.0000000000
0.3015110000 -5.0000000000 12.0000000000
0.3015110000 -5.0000000000 12.0000000000
0.9045340000 -5.0000000000 12.0000000000
0.9045340000 -5.0000000000 12.0000000000
1.5075570000 -5.0000000000 12.0000000000
1.5075570000 -5.0000000000 12.0000000000
2.1105790000 -5.0000000000 12.0000000000
2.1105790000 -5.0000000000 12.0000000000
2.7136020000 -5.0000000000 12.0000000000
2.7136020000 -5.0000000000 12.0000000000
3.8163600000 -5.0000000000 2.3701620000
3.8163600000 -5.0000000000 2.3701620000
4.2750950000 -5.0000000000 2.7900640000
4.2750950000 -5.0000000000 2.7900640000
4.6879020000 -5.0000000000 3.2551940000
4.6879020000 -5.0000000000 3.2551940000
5.0503460000 -5.0000000000 3.7605550000
5.0503460000 -5.0000000000 3.7605550000
5.3585330000 -5.0000000000 4.3007180000
5.3585330000 -5.0000000000 4.3007180000
5.6091520000 -5.0000000000 4.8698790000
5.6091520000 -5.0000000000 4.8698790000
5.7995110000 -5.0000000000 5.4619260000
5.7995110000 -5.0000000000 5.4619260000
5.9275650000 -5.0000000000 6.0704960000
5.9275650000 -5.0000000000 6.0704960000
5.9919370000 -5.0000000000 6.6890520000
5.9919370000 -5.0000000000 6.6890520000
5.9919370000 -5.0000000000 7.3109480000
5.9919370000 -5.0000000000 7.3109480000
5.9275650000 -5.0000000000 7.9295040000
5.9275650000 -5.0000000000 7.9295040000
5.7995110000 -5.0000000000 8.5380740000
5.7995110000 -5.0000000000 8.5380740000
5.6091520000 -5.0000000000 9.1301210000
5.6091520000 -5.0000000000 9.1301210000
5.3585330000 -5.0000000000 9.6992820000
5.3585330000 -5.0000000000 9.6992820000
5.0503460000 -5.0000000000 10.2394450000
5.0503460000 -5.0000000000 10.2394450000
4.6879020000 -5.0000000000 10.7448060000
4.6879020000 -5.0000000000 10.7448060000
4.2750950000 -5.0000000000 11.2099360000
4.2750950000 -5.0000000000 11.2099360000
3.8163600000 -5.0000000000 11.6298380000
3.8163600000 -5.0000000000 11.6298380000
3.8729830000 -29.3750000000 0.0000000000
3.8729830000 -29.3750000000 0.0000000000
3.8729830000 -28.7500000000 0.0000000000
3.8729830000 -28.7500000000 0.0000000000
3.8729830000 -28.1250000000 0.0000000000
3.8729830000 -28.1250000000 0.0000000000
3.8729830000 -27.5000000000 0.0000000000
3.8729830000 -27.5000000000 0.0000000000
3.8729830000 -26.8750000000 0.0000000000
3.8729830000 -26.8750000000 0.0000000000
3.8729830000 -26.2500000000 0.0000000000
3.8729830000 -26.2500000000 0.0000000000
3.8729830000 -25.6250000000 0.0000000000
3.8729830000 -25.6250000000 0.0000000000
3.8729830000 -25.0000000000 0.0000000000
3.8729830000 -25.0000000000 0.0000000000
3.8729830000 -24.3750000000 0.0000000000
3.8729830000 -24.3750000000 0.0000000000
3.8729830000 -23.7500000000 0.0000000000
3.8729830000 -23.7500000000 0.0000000000
3.8729830000 -23.1250000000 0.0000000000
3.8729830000 -23.1250000000 0.0000000000
3.8729830000 -22.5000000000 0.0000000000
3.8729830000 -22.5000000000 0.0000000000
3.8729830000 -21.8750000000 0.0000000000
3.8729830000 -21.8750000000 0.0000000000
3.8729830000 -21.2500000000 0.0000000000
3.8729830000 -21.2500000000 0.0000000000
3.8729830000 -20.6250000000 0.0000000000
3.8729830000 -20.6250000000 0.0000000000
3.8729830000 -20.0000000000 0.0000000000
3.8729830000 -20.0000000000 0.0000000000
3.8729830000 -19.3750000000 0.0000000000
3.8729830000 -19.3750000000 0.0000000000
3.8729830000 -18.7500000000 0.0000000000
3.8729830000 -18.7500000000 0.0000000000
3.8729830000 -18.1250000000 0.0000000000
3.8729830000 -18.1250000000 0.0000000000
3.8729830000 -17.5000000000 0.0000000000
3.8729830000 -17.5000000000 0.0000000000
3.8729830000 -16.8750000000 0.0000000000
3.8729830000 -16.8750000000 0.0000000000
3.8729830000 -16.2500000000 0.0000000000
3.8729830000 -16.2500000000 0.0000000000
3.8729830000 -15.6250000000 0.0000000000
3.8729830000 -15.6250000000 0.0000000000
3.8729830000 -15.0000000000 0.0000000000
3.8729830000 -15.0000000000 0.0000000000
3.8729830000 -14.3750000000 0.0000000000
3.8729830000 -14.3750000000 0.0000000000
3.8729830000 -13.7500000000 0.0000000000
3.8729830000 -13.7500000000 0.0000000000
3.8729830000 -13.1250000000 0.0000000000
3.8729830000 -13.1250000000 0.0000000000
3.8729830000 -12.5000000000 0.0000000000
3.8729830000 -12.5000000000 0.0000000000
3.8729830000 -11.8750000000 0.0000000000
3.8729830000 -11.8750000000 0.0000000000
3.8729830000 -11.2500000000 0.0000000000
3.8729830000 -11.2500000000 0.0000000000
3.8729830000 -10.6250000000 0.0000000000
3.8729830000 -10.6250000000 0.0000000000
3.8729830000 -10.0000000000 0.0000000000
3.8729830000 -10.0000000000 0.0000000000
3.8729830000 -9.3750000000 0.0000000000
3.8729830000 -9.3750000000 0.0000000000
3.8729830000 -8.7500000000 0.0000000000
3.8729830000 -8.7500000000 0.0000000000
3.8729830000 -8.1250000000 0.0000000000
3.8729830000 -8.1250000000 0.0000000000
3.8729830000 -7.5000000000 0.0000000000
3.8729830000 -7.5000000000 0.0000000000
3.8729830000 -6.8750000000 0.0000000000
3.8729830000 -6.8750000000 0.0000000000
3.8729830000 -6.2500000000 0.0000000000
3.8729830000 -6.2500000000 0.0000000000
3.8729830000 -5.6250000000 0.0000000000
3.8729830000 -5.6250000000 0.0000000000
-3.2771400000 -30.0000000000 0.0000000000
-3.2771400000 -30.0000000000 0.0000000000
-2.6812960000 -30.0000000000 0.0000000000
-2.6812960000 -30.0000000000 0.0000000000
-2.0854530000 -30.0000000000 0.0000000000
-2.0854530000 -30.0000000000 0.0000000000
-1.4896090000 -30.0000000000 0.0000000000
-1.4896090000 -30.0000000000 0.0000000000
-0.8937650000 -30.0000000000 0.0000000000
-0.8937650000 -30.0000000000 0.0000000000
-0.2979220000 -30.0000000000 0.0000000000
-0.2979220000 -30.0000000000 0.0000000000
0.2979220000 -30.0000000000 0.0000000000
0.2979220000 -30.0000000000 0.0000000000
0.8937650000 -30.0000000000 0.0000000000
0.8937650000 -30.0000000000 0.0000000000
1.4896090000 -30.0000000000 0.0000000000
1.4896090000 -30.0000000000 0.0000000000
2.0854530000 -30.0000000000 0.0000000000
2.0854530000 -30.0000000000 0.0000000000
2.6812960000 -30.0000000000 0.0000000000
2.6812960000 -30.0000000000 0.0000000000
3.2771400000 -30.0000000000 0.0000000000
3.2771400000 -30.0000000000 0.0000000000
-3.8729830000 -29.3750000000 0.0000000000
-3.8729830000 -29.3750000000 0.0000000000
-3.8729830000 -28.7500000000 0.0000000000
-3.8729830000 -28.7500000000 0.0000000000
-3.8729830000 -28.1250000000 0.0000000000
-3.8729830000 -28.1250000000 0.0000000000
-3.8729830000 -27.5000000000 0.0000000000
-3.8729830000 -27.5000000000 0.0000000000
-3.8729830000 -26.8750000000 0.0000000000
-3.8729830000 -26.8750000000 0.0000000000
-3.8729830000 -26.2500000000 0.0000000000
-3.8729830000 -26.2500000000 0.0000000000
-3.8729830000 -25.6250000000 0.0000000000
-3.8729830000 -25.6250000000 0.0000000000
-3.8729830000 -25.0000000000 0.0000000000
-3.8729830000 -25.0000000000 0.0000000000
-3.8729830000 -24.3750000000 0.0000000000
-3.8729830000 -24.3750000000 0.0000000000
-3.8729830000 -23.7500000000 0.0000000000
-3.8729830000 -23.7500000000 0.0000000000
-3.8729830000 -23.1250000000 0.0000000000
-3.8729830000 -23.1250000000 0.0000000000
-3.8729830000 -22.5000000000 0.0000000000
-3.8729830000 -22.5000000000 0.0000000000
-3.8729830000 -21.8750000000 0.0000000000
-3.8729830000 -21.8750000000 0.0000000000
-3.8729830000 -21.2500000000 0.0000000000
-3.8729830000 -21.2500000000 0.0000000000
-3.8729830000 -20.6250000000 0.0000000000
-3.8729830000 -20.6250000000 0.0000000000
-3.8729830000 -20.0000000000 0.0000000000
-3.8729830000 -20.0000000000 0.0000000000
-3.8729830000 -19.3750000000 0.0000000000
-3.8729830000 -19.3750000000 0.0000000000
-3.8729830000 -18.7500000000 0.0000000000
-3.8729830000 -18.7500000000 0.0000000000
-3.8729830000 -18.1250000000 0.0000000000
-3.8729830000 -18.1250000000 0.0000000000
-3.8729830000 -17.5000000000 0.0000000000
-3.8729830000 -17.5000000000 0.0000000000
-3.8729830000 -16.8750000000 0.0000000000
-3.8729830000 -16.8750000000 0.0000000000
-3.8729830000 -16.2500000000 0.0000000000
-3.8729830000 -16.2500000000 0.0000000000
-3.8729830000 -15.6250000000 0.0000000000
-3.8729830000 -15.6250000000 0.0000000000
-3.8729830000 -15.0000000000 0.0000000000
-3.8729830000 -15.0000000000 0.0000000000
-3.8729830000 -14.3750000000 0.0000000000
-3.8729830000 -14.3750000000 0.0000000000
-3.8729830000 -13.7500000000 0.0000000000
-3.8729830000 -13.7500000000 0.0000000000
-3.8729830000 -13.1250000000 0.0000000000
-3.8729830000 -13.1250000000 0.0000000000
-3.8729830000 -12.5000000000 0.0000000000
-3.8729830000 -12.5000000000 0.0000000000
-3.8729830000 -11.8750000000 0.0000000000
-3.8729830000 -11.8750000000 0.0000000000
-3.8729830000 -11.2500000000 0.0000000000
-3.8729830000 -11.2500000000 0.0000000000
-3.8729830000 -10.6250000000 0.0000000000
-3.8729830000 -10.6250000000 0.0000000000
-3.8729830000 -10.0000000000 0.0000000000
-3.8729830000 -10.0000000000 0.0000000000
-3.8729830000 -9.3750000000 0.0000000000
-3.8729830000 -9.3750000000 0.0000000000
-3.8729830000 -8.7500000000 0.0000000000
-3.8729830000 -8.7500000000 0.0000000000
-3.8729830000 -8.1250000000 0.0000000000
-3.8729830000 -8.1250000000 0.0000000000
-3.8729830000 -7.5000000000 0.0000000000
-3.8729830000 -7.5000000000 0.0000000000
-3.8729830000 -6.8750000000 0.0000000000
-3.8729830000 -6.8750000000 0.0000000000
-3.8729830000 -6.2500000000 0.0000000000
-3.8729830000 -6.2500000000 0.0000000000
-3.8729830000 -5.6250000000 0.0000000000
-3.8729830000 -5.6250000000 0.0000000000
-4.2500000000 -31.3720930000 0.0000000000
-4.2500000000 -31.3720930000 0.0000000000
-4.2500000000 -30.7441860000 0.0000000000
-4.2500000000 -30.7441860000 0.0000000000
-4.2500000000 -30.1162790000 0.0000000000
-4.2500000000 -30.1162790000 0.0000000000
-4.2500000000 -29.4883720000 0.0000000000
-4.2500000000 -29.4883720000 0.0000000000
-4.2500000000 -28.8604650000 0.0000000000
-4.2500000000 -28.8604650000 0.0000000000
-4.2500000000 -28.2325580000 0.0000000000
-4.2500000000 -28.2325580000 0.0000000000
-4.2500000000 -27.6046510000 0.0000000000
-4.2500000000 -27.6046510000 0.0000000000
-4.2500000000 -26.9767440000 0.0000000000
-4.2500000000 -26.9767440000 0.0000000000
-4.2500000000 -26.3488370000 0.0000000000
-4.2500000000 -26.3488370000 0.0000000000
-4.2500000000 -25.7209300000 0.0000000000
-4.2500000000 -25.7209300000 0.0000000000
-4.2500000000 -25.0930230000 0.0000000000
-4.2500000000 -25.0930230000 0.0000000000
-4.2500000000 -24.4651160000 0.0000000000
-4.2500000000 -24.4651160000 0.0000000000
-4.2500000000 -23.8372090000 0.0000000000
-4.2500000000 -23.8372090000 0.0000000000
-4.2500000000 -23.2093020000 0.0000000000
-4.2500000000 -23.2093020000 0.0000000000
-4.2500000000 -22.5813950000 0.0000000000
-4.2500000000 -22.5813950000 0.0000000000
-4.2500000000 -21.9534880000 0.0000000000
-4.2500000000 -21.9534880000 0.0000000000
-4.2500000000 -21.3255810000 0.0000000000
-4.2500000000 -21.3255810000 0.0000000000
-4.2500000000 -20.6976740000 0.0000000000
-4.2500000000 -20.6976740000 0.0000000000
-4.2500000000 -20.0697670000 0.0000000000
-4.2500000000 -20.0697670000 0.0000000000
-4.2500000000 -19.4418600000 0.0000000000
-4.2500000000 -19.4418600000 0.0000000000
-4.2500000000 -18.8139530000 0.0000000000
-4.2500000000 -18.8139530000 0.0000000000
-4.2500000000 -18.1860470000 0.0000000000
-4.2500000000 -18.1860470000 0.0000000000
-4.2500000000 -17.5581400000 0.0000000000
-4.2500000000 -17.5581400000 0.0000000000
-4.2500000000 -16.9302330000 0.0000000000
-4.2500000000 -16.9302330000 0.0000000000
-4.2500000000 -16.3023260000 0.0000000000
-4.2500000000 -16.3023260000 0.0000000000
-4.2500000000 -15.6744190000 0.0000000000
-4.2500000000 -15.6744190000 0.0000000000
-4.2500000000 -15.0465120000 0.0000000000
-4.2500000000 -15.0465120000 0.0000000000
-4.2500000000 -14.4186050000 0.0000000000
-4.2500000000 -14.4186050000 0.0000000000
-4.2500000000 -13.7906980000 0.0000000000
-4.2500000000 -13.7906980000 0.0000000000
-4.2500000000 -13.1627910000 0.0000000000
-4.2500000000 -13.1627910000 0.0000000000
-4.2500000000 -12.5348840000 0.0000000000
-4.2500000000 -12.5348840000 0.0000000000
-4.2500000000 -11.9069770000 0.0000000000
-4.2500000000 -11.9069770000 0.0000000000
-4.2500000000 -11.2790700000 0.0000000000
-4.2500000000 -11.2790700000 0.0000000000
-4.2500000000 -10.6511630000 0.0000000000
-4.2500000000 -10.6511630000 0.0000000000
-4.2500000000 -10.0232560000 0.0000000000
-4.2500000000 -10.0232560000 0.0000000000
-4.2500000000 -9.3953490000 0.0000000000
-4.2500000000 -9.3953490000 0.0000000000
-4.2500000000 -8.7674420000 0.0000000000
-4.2500000000 -8.7674420000 0.0000000000
-4.2500000000 -8.1395350000 0.0000000000
-4.2500000000 -8.1395350000 0.0000000000
-4.2500000000 -7.5116280000 0.0000000000
-4.2500000000 -7.5116280000 0.0000000000
-4.2500000000 -6.8837210000 0.0000000000
-4.2500000000 -6.8837210000 0.0000000000
-4.2500000000 -6.2558140000 0.0000000000
-4.2500000000 -6.2558140000 0.0000000000
-4.2500000000 -5.6279070000 0.0000000000
-4.2500000000 -5.6279070000 0.0000000000
-3.6428570000 -32.0000000000 0.0000000000
-3.6428570000 -32.0000000000 0.0000000000
-3.0357140000 -32.0000000000 0.0000000000
-3.0357140000 -32.0000000000 0.0000000000
-2.4285710000 -32.0000000000 0.0000000000
-2.4285710000 -32.0000000000 0.0000000000
-1.8214290000 -32.0000000000 0.0000000000
-1.8214290000 -32.0000000000 0.0000000000
-1.2142860000 -32.0000000000 0.0000000000
-1.2142860000 -32.0000000000 0.0000000000
-0.6071430000 -32.0000000000 0.0000000000
-0.6071430000 -32.0000000000 0.0000000000
-0.0000000000 -32.0000000000 0.0000000000
-0.0000000000 -32.0000000000 0.0000000000
0.6071430000 -32.0000000000 0.0000000000
0.6071430000 -32.0000000000 0.0000000000
1.2142860000 -32.0000000000 0.0000000000
1.2142860000 -32.0000000000 0.0000000000
1.8214290000 -32.0000000000 0.0000000000
1.8214290000 -32.0000000000 0.0000000000
2.4285710000 -32.0000000000 0.0000000000
2.4285710000 -32.0000000000 0.0000000000
3.0357140000 -32.0000000000 0.0000000000
3.0357140000 -32.0000000000 0.0000000000
3.6428570000 -32.0000000000 0.0000000000
3.6428570000 -32.0000000000 0.0000000000
4.2500000000 -31.3720930000 0.0000000000
4.2500000000 -31.3720930000 0.0000000000
4.2500000000 -30.7441860000 0.0000000000
4.2500000000 -30.7441860000 0.0000000000
4.2500000000 -30.1162790000 0.0000000000
4.2500000000 -30.1162790000 0.0000000000
4.2500000000 -29.4883720000 0.0000000000
4.2500000000 -29.4883720000 0.0000000000
4.2500000000 -28.8604650000 0.0000000000
4.2500000000 -28.8604650000 0.0000000000
4.2500000000 -28.2325580000 0.0000000000
4.2500000000 -28.2325580000 0.0000000000
4.2500000000 -27.6046510000 0.0000000000
4.2500000000 -27.6046510000 0.0000000000
4.2500000000 -26.9767440000 0.0000000000
4.2500000000 -26.9767440000 0.0000000000
4.2500000000 -26.3488370000 0.0000000000
4.2500000000 -26.3488370000 0.0000000000
4.2500000000 -25.7209300000 0.0000000000
4.2500000000 -25.7209300000 0.0000000000
4.2500000000 -25.0930230000 0.0000000000
4.2500000000 -25.0930230000 0.0000000000
4.2500000000 -24.4651160000 0.0000000000
4.2500000000 -24.4651160000 0.0000000000
4.2500000000 -23.8372090000 0.0000000000
4.2500000000 -23.8372090000 0.0000000000
4.2500000000 -23.2093020000 0.0000000000
4.2500000000 -23.2093020000 0.0000000000
4.2500000000 -22.5813950000 0.0000000000
4.2500000000 -22.5813950000 0.0000000000
4.2500000000 -21.9534880000 0.0000000000
4.2500000000 -21.9534880000 0.0000000000
4.2500000000 -21.3255810000 0.0000000000
4.2500000000 -21.3255810000 0.0000000000
4.2500000000 -20.6976740000 0.0000000000
4.2500000000 -20.6976740000 0.0000000000
4.2500000000 -20.0697670000 0.0000000000
4.2500000000 -20.0697670000 0.0000000000
4.2500000000 -19.4418600000 0.0000000000
4.2500000000 -19.4418600000 0.0000000000
4.2500000000 -18.8139530000 0.0000000000
4.2500000000 -18.8139530000 0.0000000000
4.2500000000 -18.1860470000 0.0000000000
4.2500000000 -18.1860470000 0.0000000000
4.2500000000 -17.5581400000 0.0000000000
4.2500000000 -17.5581400000 0.0000000000
4.2500000000 -16.9302330000 0.0000000000
4.2500000000 -16.9302330000 0.0000000000
4.2500000000 -16.3023260000 0.0000000000
4.2500000000 -16.3023260000 0.0000000000
4.2500000000 -15.6744190000 0.0000000000
4.2500000000 -15.6744190000 0.0000000000
4.2500000000 -15.0465120000 0.0000000000
4.2500000000 -15.0465120000 0.0000000000
4.2500000000 -14.4186050000 0.0000000000
4.2500000000 -14.4186050000 0.0000000000
4.2500000000 -13.7906980000 0.0000000000
4.2500000000 -13.7906980000 0.0000000000
4.2500000000 -13.1627910000 0.0000000000
4.2500000000 -13.1627910000 0.0000000000
4.2500000000 -12.5348840000 0.0000000000
4.2500000000 -12.5348840000 0.0000000000
4.2500000000 -11.9069770000 0.0000000000
4.2500000000 -11.9069770000 0.0000000000
4.2500000000 -11.2790700000 0.0000000000
4.2500000000 -11.2790700000 0.0000000000
4.2500000000 -10.6511630000 0.0000000000
4.2500000000 -10.6511630000 0.0000000000
4.2500000000 -10.0232560000 0.0000000000
4.2500000000 -10.0232560000 0.0000000000
4.2500000000 -9.3953490000 0.0000000000
4.2500000000 -9.3953490000 0.0000000000
4.2500000000 -8.7674420000 0.0000000000
4.2500000000 -8.7674420000 0.0000000000
4.2500000000 -8.1395350000 0.0000000000
4.2500000000 -8.1395350000 0.0000000000
4.2500000000 -7.5116280000 0.0000000000
4.2500000000 -7.5116280000 0.0000000000
4.2500000000 -6.8837210000 0.0000000000
4.2500000000 -6.8837210000 0.0000000000
4.2500000000 -6.2558140000 0.0000000000
4.2500000000 -6.2558140000 0.0000000000
4.2500000000 -5.6279070000 0.0000000000
4.2500000000 -5.6279070000 0.0000000000
-4.2500000000 -4.3750000000 0.0000000000
-4.2500000000 -4.3750000000 0.0000000000
-4.2500000000 -3.7500000000 0.0000000000
-4.2500000000 -3.7500000000 0.0000000000
-4.2500000000 -3.1250000000 0.0000000000
-4.2500000000 -3.1250000000 0.0000000000
-4.2500000000 -2.5000000000 0.0000000000
-4.2500000000 -2.5000000000 0.0000000000
-4.2500000000 -1.8750000000 0.0000000000
-4.2500000000 -1.8750000000 0.0000000000
-4.2500000000 -1.2500000000 0.0000000000
-4.2500000000 -1.2500000000 0.0000000000
-4.2500000000 -0.6250000000 0.0000000000
-4.2500000000 -0.6250000000 0.0000000000
-11.4038460000 -5.0000000000 0.0000000000
-11.4038460000 -5.0000000000 0.0000000000
-10.8076920000 -5.0000000000 0.0000000000
-10.8076920000 -5.0000000000 0.0000000000
-10.2115380000 -5.0000000000 0.0000000000
-10.2115380000 -5.0000000000 0.0000000000
-9.6153850000 -5.0000000000 0.0000000000
-9.6153850000 -5.0000000000 0.0000000000
-9.0192310000 -5.0000000000 0.0000000000
-9.0192310000 -5.0000000000 0.0000000000
-8.4230770000 -5.0000000000 0.0000000000
-8.4230770000 -5.0000000000 0.0000000000
-7.8269230000 -5.0000000000 0.0000000000
-7.8269230000 -5.0000000000 0.0000000000
-7.2307690000 -5.0000000000 0.0000000000
-7.2307690000 -5.0000000000 0.0000000000
-6.6346150000 -5.0000000000 0.0000000000
-6.6346150000 -5.0000000000 0.0000000000
-6.0384620000 -5.0000000000 0.0000000000
-6.0384620000 -5.0000000000 0.0000000000
-5.4423080000 -5.0000000000 0.0000000000
-5.4423080000 -5.0000000000 0.0000000000
-4.8461540000 -5.0000000000 0.0000000000
-4.8461540000 -5.0000000000 0.0000000000
-3.3175970000 -5.0000000000 -0.2796670000
-3.3175970000 -5.0000000000 -0.2796670000
-2.7421680000 -5.0000000000 -0.5153520000
-2.7421680000 -5.0000000000 -0.5153520000
-2.1501710000 -5.0000000000 -0.7056320000
-2.1501710000 -5.0000000000 -0.7056320000
-1.5451830000 -5.0000000000 -0.8493570000
-1.5451830000 -5.0000000000 -0.8493570000
-0.9308600000 -5.0000000000 -0.9456590000
-0.9308600000 -5.0000000000 -0.9456590000
-0.3109130000 -5.0000000000 -0.9939560000
-0.3109130000 -5.0000000000 -0.9939560000
0.3109130000 -5.0000000000 -0.9939560000
0.3109130000 -5.0000000000 -0.9939560000
0.9308600000 -5.0000000000 -0.9456590000
0.9308600000 -5.0000000000 -0.9456590000
1.5451830000 -5.0000000000 -0.8493570000
1.5451830000 -5.0000000000 -0.8493570000
2.1501710000 -5.0000000000 -0.7056320000
2.1501710000 -5.0000000000 -0.7056320000
2.7421680000 -5.0000000000 -0.5153520000
2.7421680000 -5.0000000000 -0.5153520000
3.3175970000 -5.0000000000 -0.2796670000
3.3175970000 -5.0000000000 -0.2796670000
4.8461540000 -5.0000000000 0.0000000000
4.8461540000 -5.0000000000 0.0000000000
5.4423080000 -5.0000000000 0.0000000000
5.4423080000 -5.0000000000 0.0000000000
6.0384620000 -5.0000000000 0.0000000000
6.0384620000 -5.0000000000 0.0000000000
6.6346150000 -5.0000000000 0.0000000000
6.6346150000 -5.0000000000 0.0000000000
7.2307690000 -5.0000000000 0.0000000000
7.2307690000 -5.0000000000 0.0000000000
7.8269230000 -5.0000000000 0.0000000000
7.8269230000 -5.0000000000 0.0000000000
8.4230770000 -5.0000000000 0.0000000000
8.4230770000 -5.0000000000 0.0000000000
9.0192310000 -5.0000000000 0.0000000000
9.0192310000 -5.0000000000 0.0000000000
9.6153850000 -5.0000000000 0.0000000000
9.6153850000 -5.0000000000 0.0000000000
10.2115380000 -5.0000000000 0.0000000000
10.2115380000 -5.0000000000 0.0000000000
10.8076920000 -5.0000000000 0.0000000000
10.8076920000 -5.0000000000 0.0000000000
11.4038460000 -5.0000000000 0.0000000000
11.4038460000 -5.0000000000 0.0000000000
4.2500000000 -4.3750000000 0.0000000000
4.2500000000 -4.3750000000 0.0000000000
4.2500000000 -3.7500000000 0.0000000000
4.2500000000 -3.7500000000 0.0000000000
4.2500000000 -3.1250000000 0.0000000000
4.2500000000 -3.1250000000 0.0000000000
4.2500000000 -2.5000000000 0.0000000000
4.2500000000 -2.5000000000 0.0000000000
4.2500000000 -1.8750000000 0.0000000000
4.2500000000 -1.8750000000 0.0000000000
4.2500000000 -1.2500000000 0.0000000000
4.2500000000 -1.2500000000 0.0000000000
4.2500000000 -0.6250000000 0.0000000000
4.2500000000 -0.6250000000 0.0000000000
0.0000000000 -23.1759750000 -5.3858190000
0.0000000000 -23.1759750000 -5.3858190000
0.0000000000 -22.6893400000 -5.0606600000
0.0000000000 -22.6893400000 -5.0606600000
0.0000000000 -22.3641810000 -4.5740250000
0.0000000000 -22.3641810000 -4.5740250000
-0.6071430000 -23.7500000000 -5.5000000000
-1.2142860000 -23.7500000000 -5.5000000000
-1.8214290000 -23.7500000000 -5.5000000000
-2.4285710000 -23.7500000000 -5.5000000000
-3.0357140000 -23.7500000000 -5.5000000000
-3.6428570000 -23.7500000000 -5.5000000000
-4.2500000000 -23.1398950000 -5.3703180000
-4.2500000000 -23.1398950000 -5.3703180000
-4.2500000000 -22.6352830000 -5.0036960000
-4.2500000000 -22.6352830000 -5.0036960000
-4.2500000000 -22.3234150000 -4.4635250000
-4.2500000000 -22.3234150000 -4.4635250000
-4.2500000000 -22.2582170000 -3.8432070000
-4.2500000000 -22.2582170000 -3.8432070000
-4.2500000000 -22.4509620000 -3.2500000000
-4.2500000000 -22.4509620000 -3.2500000000
-4.2500000000 -22.8683220000 -2.7864750000
-4.2500000000 -22.8683220000 -2.7864750000
-4.2500000000 -23.4381320000 -2.5327790000
-4.2500000000 -23.4381320000 -2.5327790000
-4.2500000000 -24.0618680000 -2.5327790000
-4.2500000000 -24.0618680000 -2.5327790000
-4.2500000000 -24.6316780000 -2.7864750000
-4.2500000000 -24.6316780000 -2.7864750000
-4.2500000000 -25.0490380000 -3.2500000000
-4.2500000000 -25.0490380000 -3.2500000000
-4.2500000000 -25.2417830000 -3.8432070000
-4.2500000000 -25.2417830000 -3.8432070000
-4.2500000000 -25.1765850000 -4.4635250000
-4.2500000000 -25.1765850000 -4.4635250000
-4.2500000000 -24.8647170000 -5.0036960000
-4.2500000000 -24.8647170000 -5.0036960000
-4.2500000000 -24.3601050000 -5.3703180000
-4.2500000000 -24.3601050000 -5.3703180000
0.0000000000 -22.3641810000 -3.4259750000
0.0000000000 -22.3641810000 -3.4259750000
0.0000000000 -22.6893400000 -2.9393400000
0.0000000000 -22.6893400000 -2.9393400000
0.0000000000 -23.1759750000 -2.6141810000
0.0000000000 -23.1759750000 -2.6141810000
0.0000000000 -23.7500000000 -2.5000000000
0.0000000000 -23.7500000000 -2.5000000000
0.0000000000 -24.3240250000 -2.6141810000
0.0000000000 -24.3240250000 -2.6141810000
0.0000000000 -24.8106600000 -2.9393400000
0.0000000000 -24.8106600000 -2.9393400000
0.0000000000 -25.1358190000 -3.4259750000
0.0000000000 -25.1358190000 -3.4259750000
0.0000000000 -25.2500000000 -4.0000000000
0.0000000000 -25.2500000000 -4.0000000000
0.0000000000 -25.1358190000 -4.5740250000
0.0000000000 -25.1358190000 -4.5740250000
0.0000000000 -24.8106600000 -5.0606600000
0.0000000000 -24.8106600000 -5.0606600000
0.0000000000 -24.3240250000 -5.3858190000
0.0000000000 -24.3240250000 -5.3858190000
4.2500000000 -24.8641810000 -5.4259750000
4.2500000000 -24.8641810000 -5.4259750000
4.2500000000 -25.1893400000 -4.9393400000
4.2500000000 -25.1893400000 -4.9393400000
4.2500000000 -25.6759750000 -4.6141810000
4.2500000000 -25.6759750000 -4.6141810000
4.2500000000 -26.2500000000 -4.5000000000
4.2500000000 -26.2500000000 -4.5000000000
4.2500000000 -26.8240250000 -4.6141810000
4.2500000000 -26.8240250000 -4.6141810000
4.2500000000 -27.3106600000 -4.9393400000
4.2500000000 -27.3106600000 -4.9393400000
4.2500000000 -27.6358190000 -5.4259750000
4.2500000000 -27.6358190000 -5.4259750000
4.2500000000 -27.7500000000 -6.0000000000
4.2500000000 -27.7500000000 -6.0000000000
4.2500000000 -27.6358190000 -6.5740250000
4.2500000000 -27.6358190000 -6.5740250000
4.2500000000 -27.3106600000 -7.0606600000
4.2500000000 -27.3106600000 -7.0606600000
4.2500000000 -26.8240250000 -7.3858190000
4.2500000000 -26.8240250000 -7.3858190000
0.6071430000 -24.7500000000 -6.0000000000
1.2142860000 -24.7500000000 -6.0000000000
1.8214290000 -24.7500000000 -6.0000000000
2.4285710000 -24.7500000000 -6.0000000000
3.0357140000 -24.7500000000 -6.0000000000
3.6428570000 -24.7500000000 -6.0000000000
0.0000000000 -24.8796820000 -5.3898950000
0.0000000000 -24.8796820000 -5.3898950000
0.0000000000 -25.2463040000 -4.8852830000
0.0000000000 -25.2463040000 -4.8852830000
0.0000000000 -25.7864750000 -4.5734150000
0.0000000000 -25.7864750000 -4.5734150000
0.0000000000 -26.4067930000 -4.5082170000
0.0000000000 -26.4067930000 -4.5082170000
0.0000000000 -27.0000000000 -4.7009620000
0.0000000000 -27.0000000000 -4.7009620000
0.0000000000 -27.4635250000 -5.1183220000
0.0000000000 -27.4635250000 -5.1183220000
0.0000000000 -27.7172210000 -5.6881320000
0.0000000000 -27.7172210000 -5.6881320000
0.0000000000 -27.7172210000 -6.3118680000
0.0000000000 -27.7172210000 -6.3118680000
0.0000000000 -27.4635250000 -6.8816780000
0.0000000000 -27.4635250000 -6.8816780000
0.0000000000 -27.0000000000 -7.2990380000
0.0000000000 -27.0000000000 -7.2990380000
0.0000000000 -26.4067930000 -7.4917830000
0.0000000000 -26.4067930000 -7.4917830000
0.0000000000 -25.7864750000 -7.4265850000
0.0000000000 -25.7864750000 -7.4265850000
0.0000000000 -25.2463040000 -7.1147170000
0.0000000000 -25.2463040000 -7.1147170000
0.0000000000 -24.8796820000 -6.6101050000
0.0000000000 -24.8796820000 -6.6101050000
4.2500000000 -25.6759750000 -7.3858190000
4.2500000000 -25.6759750000 -7.3858190000
4.2500000000 -25.1893400000 -7.0606600000
4.2500000000 -25.1893400000 -7.0606600000
4.2500000000 -24.8641810000 -6.5740250000
4.2500000000 -24.8641810000 -6.5740250000
-3.3175970000 -30.0000000000 -0.2796670000
-3.3175970000 -30.0000000000 -0.2796670000
-2.7421680000 -30.0000000000 -0.5153520000
-2.7421680000 -30.0000000000 -0.5153520000
-2.1501710000 -30.0000000000 -0.7056320000
-2.1501710000 -30.0000000000 -0.7056320000
-1.5451830000 -30.0000000000 -0.8493570000
-1.5451830000 -30.0000000000 -0.8493570000
-0.9308600000 -30.0000000000 -0.9456590000
-0.9308600000 -30.0000000000 -0.9456590000
-0.3109130000 -30.0000000000 -0.9939560000
-0.3109130000 -30.0000000000 -0.9939560000
0.3109130000 -30.0000000000 -0.9939560000
0.3109130000 -30.0000000000 -0.9939560000
0.9308600000 -30.0000000000 -0.9456590000
0.9308600000 -30.0000000000 -0.9456590000
1.5451830000 -30.0000000000 -0.8493570000
1.5451830000 -30.0000000000 -0.8493570000
2.1501710000 -30.0000000000 -0.7056320000
2.1501710000 -30.0000000000 -0.7056320000
2.7421680000 -30.0000000000 -0.5153520000
2.7421680000 -30.0000000000 -0.5153520000
3.3175970000 -30.0000000000 -0.2796670000
3.3175970000 -30.0000000000 -0.2796670000
0.5740250000 -44.6141810000 -15.5000000000
0.5740250000 -44.6141810000 -15.5000000000
1.0606600000 -44.9393400000 -15.5000000000
1.0606600000 -44.9393400000 -15.5000000000
1.3858190000 -45.4259750000 -15.5000000000
1.3858190000 -45.4259750000 -15.5000000000
1.3858190000 -46.5740250000 -15.5000000000
1.3858190000 -46.5740250000 -15.5000000000
1.0606600000 -47.0606600000 -15.5000000000
1.0606600000 -47.0606600000 -15.5000000000
0.5740250000 -47.3858190000 -15.5000000000
0.5740250000 -47.3858190000 -15.5000000000
-0.0000000000 -47.5000000000 -15.5000000000
-0.0000000000 -47.5000000000 -15.5000000000
-0.5740250000 -47.3858190000 -15.5000000000
-0.5740250000 -47.3858190000 -15.5000000000
-1.0606600000 -47.0606600000 -15.5000000000
-1.0606600000 -47.0606600000 -15.5000000000
-1.3858190000 -46.5740250000 -15.5000000000
-1.3858190000 -46.5740250000 -15.5000000000
-1.5000000000 -46.0000000000 -15.5000000000
-1.5000000000 -46.0000000000 -15.5000000000
-1.3858190000 -45.4259750000 -15.5000000000
-1.3858190000 -45.4259750000 -15.5000000000
-1.0606600000 -44.9393400000 -15.5000000000
-1.0606600000 -44.9393400000 -15.5000000000
-0.5740250000 -44.6141810000 -15.5000000000
-0.5740250000 -44.6141810000 -15.5000000000
-4.2500000000 -25.6250000000 -15.5000000000
-4.2500000000 -25.6250000000 -15.5000000000
-4.2500000000 -26.2500000000 -15.5000000000
-4.2500000000 -26.2500000000 -15.5000000000
-4.2500000000 -26.8750000000 -15.5000000000
-4.2500000000 -26.8750000000 -15.5000000000
-4.2500000000 -27.5000000000 -15.5000000000
-4.2500000000 -27.5000000000 -15.5000000000
-4.2500000000 -28.1250000000 -15.5000000000
-4.2500000000 -28.1250000000 -15.5000000000
-4.2500000000 -28.7500000000 -15.5000000000
-4.2500000000 -28.7500000000 -15.5000000000
-4.2500000000 -29.3750000000 -15.5000000000
-4.2500000000 -29.3750000000 -15.5000000000
-4.2500000000 -30.0000000000 -15.5000000000
-4.2500000000 -30.0000000000 -15.5000000000
-4.2500000000 -30.6250000000 -15.5000000000
-4.2500000000 -30.6250000000 -15.5000000000
-4.2500000000 -31.2500000000 -15.5000000000
-4.2500000000 -31.2500000000 -15.5000000000
-4.2500000000 -31.8750000000 -15.5000000000
-4.2500000000 -31.8750000000 -15.5000000000
-4.2500000000 -32.5000000000 -15.5000000000
-4.2500000000 -32.5000000000 -15.5000000000
-4.2500000000 -33.1250000000 -15.5000000000
-4.2500000000 -33.1250000000 -15.5000000000
-4.2500000000 -33.7500000000 -15.5000000000
-4.2500000000 -33.7500000000 -15.5000000000
-4.2500000000 -34.3750000000 -15.5000000000
-4.2500000000 -34.3750000000 -15.5000000000
-4.2500000000 -35.0000000000 -15.5000000000
-4.2500000000 -35.0000000000 -15.5000000000
-4.2500000000 -35.6250000000 -15.5000000000
-4.2500000000 -35.6250000000 -15.5000000000
-4.2500000000 -36.2500000000 -15.5000000000
-4.2500000000 -36.2500000000 -15.5000000000
-4.2500000000 -36.8750000000 -15.5000000000
-4.2500000000 -36.8750000000 -15.5000000000
-4.2500000000 -37.5000000000 -15.5000000000
-4.2500000000 -37.5000000000 -15.5000000000
-4.2500000000 -38.1250000000 -15.5000000000
-4.2500000000 -38.1250000000 -15.5000000000
-4.2500000000 -38.7500000000 -15.5000000000
-4.2500000000 -38.7500000000 -15.5000000000
-4.2500000000 -39.3750000000 -15.5000000000
-4.2500000000 -39.3750000000 -15.5000000000
-4.2500000000 -40.0000000000 -15.5000000000
-4.2500000000 -40.0000000000 -15.5000000000
-4.2500000000 -40.6250000000 -15.5000000000
-4.2500000000 -40.6250000000 -15.5000000000
-4.2500000000 -41.2500000000 -15.5000000000
-4.2500000000 -41.2500000000 -15.5000000000
-4.2500000000 -41.8750000000 -15.5000000000
-4.2500000000 -41.8750000000 -15.5000000000
-4.2500000000 -42.5000000000 -15.5000000000
-4.2500000000 -42.5000000000 -15.5000000000
-4.2500000000 -43.1250000000 -15.5000000000
-4.2500000000 -43.1250000000 -15.5000000000
-4.2500000000 -43.7500000000 -15.5000000000
-4.2500000000 -43.7500000000 -15.5000000000
-4.2500000000 -44.3750000000 -15.5000000000
-4.2500000000 -44.3750000000 -15.5000000000
-4.2500000000 -45.0000000000 -15.5000000000
-4.2500000000 -45.0000000000 -15.5000000000
-4.2500000000 -45.6250000000 -15.5000000000
-4.2500000000 -45.6250000000 -15.5000000000
-4.2500000000 -46.2500000000 -15.5000000000
-4.2500000000 -46.2500000000 -15.5000000000
-4.2500000000 -46.8750000000 -15.5000000000
-4.2500000000 -46.8750000000 -15.5000000000
-4.2500000000 -47.5000000000 -15.5000000000
-4.2500000000 -47.5000000000 -15.5000000000
-4.2500000000 -48.1250000000 -15.5000000000
-4.2500000000 -48.1250000000 -15.5000000000
-4.2500000000 -48.7500000000 -15.5000000000
-4.2500000000 -48.7500000000 -15.5000000000
-4.2500000000 -49.3750000000 -15.5000000000
-4.2500000000 -49.3750000000 -15.5000000000
3.6428570000 -25.0000000000 -15.5000000000
3.6428570000 -25.0000000000 -15.5000000000
3.0357140000 -25.0000000000 -15.5000000000
3.0357140000 -25.0000000000 -15.5000000000
2.4285710000 -25.0000000000 -15.5000000000
2.4285710000 -25.0000000000 -15.5000000000
1.8214290000 -25.0000000000 -15.5000000000
1.8214290000 -25.0000000000 -15.5000000000
1.2142860000 -25.0000000000 -15.5000000000
1.2142860000 -25.0000000000 -15.5000000000
0.6071430000 -25.0000000000 -15.5000000000
0.6071430000 -25.0000000000 -15.5000000000
-0.0000000000 -25.0000000000 -15.5000000000
-0.0000000000 -25.0000000000 -15.5000000000
-0.6071430000 -25.0000000000 -15.5000000000
-0.6071430000 -25.0000000000 -15.5000000000
-1.2142860000 -25.0000000000 -15.5000000000
-1.2142860000 -25.0000000000 -15.5000000000
-1.8214290000 -25.0000000000 -15.5000000000
-1.8214290000 -25.0000000000 -15.5000000000
-2.4285710000 -25.0000000000 -15.5000000000
-2.4285710000 -25.0000000000 -15.5000000000
-3.0357140000 -25.0000000000 -15.5000000000
-3.0357140000 -25.0000000000 -15.5000000000
-3.6428570000 -25.0000000000 -15.5000000000
-3.6428570000 -25.0000000000 -15.5000000000
4.2500000000 -25.6250000000 -15.5000000000
4.2500000000 -25.6250000000 -15.5000000000
4.2500000000 -26.2500000000 -15.5000000000
4.2500000000 -26.2500000000 -15.5000000000
4.2500000000 -26.8750000000 -15.5000000000
4.2500000000 -26.8750000000 -15.5000000000
4.2500000000 -27.5000000000 -15.5000000000
4.2500000000 -27.5000000000 -15.5000000000
4.2500000000 -28.1250000000 -15.5000000000
4.2500000000 -28.1250000000 -15.5000000000
4.2500000000 -28.7500000000 -15.5000000000
4.2500000000 -28.7500000000 -15.5000000000
4.2500000000 -29.3750000000 -15.5000000000
4.2500000000 -29.3750000000 -15.5000000000
4.2500000000 -30.0000000000 -15.5000000000
4.2500000000 -30.0000000000 -15.5000000000
4.2500000000 -30.6250000000 -15.5000000000
4.2500000000 -30.6250000000 -15.5000000000
4.2500000000 -31.2500000000 -15.5000000000
4.2500000000 -31.2500000000 -15.5000000000
4.2500000000 -31.8750000000 -15.5000000000
4.2500000000 -31.8750000000 -15.5000000000
4.2500000000 -32.5000000000 -15.5000000000
4.2500000000 -32.5000000000 -15.5000000000
4.2500000000 -33.1250000000 -15.5000000000
4.2500000000 -33.1250000000 -15.5000000000
4.2500000000 -33.7500000000 -15.5000000000
4.2500000000 -33.7500000000 -15.5000000000
4.2500000000 -34.3750000000 -15.5000000000
4.2500000000 -34.3750000000 -15.5000000000
4.2500000000 -35.0000000000 -15.5000000000
4.2500000000 -35.0000000000 -15.5000000000
4.2500000000 -35.6250000000 -15.5000000000
4.2500000000 -35.6250000000 -15.5000000000
4.2500000000 -36.2500000000 -15.5000000000
4.2500000000 -36.2500000000 -15.5000000000
4.2500000000 -36.8750000000 -15.5000000000
4.2500000000 -36.8750000000 -15.5000000000
4.2500000000 -37.5000000000 -15.5000000000
4.2500000000 -37.5000000000 -15.5000000000
4.2500000000 -38.1250000000 -15.5000000000
4.2500000000 -38.1250000000 -15.5000000000
4.2500000000 -38.7500000000 -15.5000000000
4.2500000000 -38.7500000000 -15.5000000000
4.2500000000 -39.3750000000 -15.5000000000
4.2500000000 -39.3750000000 -15.5000000000
4.2500000000 -40.0000000000 -15.5000000000
4.2500000000 -40.0000000000 -15.5000000000
4.2500000000 -40.6250000000 -15.5000000000
4.2500000000 -40.6250000000 -15.5000000000
4.2500000000 -41.2500000000 -15.5000000000
4.2500000000 -41.2500000000 -15.5000000000
4.2500000000 -41.8750000000 -15.5000000000
4.2500000000 -41.8750000000 -15.5000000000
4.2500000000 -42.5000000000 -15.5000000000
4.2500000000 -42.5000000000 -15.5000000000
4.2500000000 -43.1250000000 -15.5000000000
4.2500000000 -43.1250000000 -15.5000000000
4.2500000000 -43.7500000000 -15.5000000000
4.2500000000 -43.7500000000 -15.5000000000
4.2500000000 -44.3750000000 -15.5000000000
4.2500000000 -44.3750000000 -15.5000000000
4.2500000000 -45.0000000000 -15.5000000000
4.2500000000 -45.0000000000 -15.5000000000
4.2500000000 -45.6250000000 -15.5000000000
4.2500000000 -45.6250000000 -15.5000000000
4.2500000000 -46.2500000000 -15.5000000000
4.2500000000 -46.2500000000 -15.5000000000
4.2500000000 -46.8750000000 -15.5000000000
4.2500000000 -46.8750000000 -15.5000000000
4.2500000000 -47.5000000000 -15.5000000000
4.2500000000 -47.5000000000 -15.5000000000
4.2500000000 -48.1250000000 -15.5000000000
4.2500000000 -48.1250000000 -15.5000000000
4.2500000000 -48.7500000000 -15.5000000000
4.2500000000 -48.7500000000 -15.5000000000
4.2500000000 -49.3750000000 -15.5000000000
4.2500000000 -49.3750000000 -15.5000000000
3.6428570000 -50.0000000000 -15.5000000000
3.6428570000 -50.0000000000 -15.5000000000
3.0357140000 -50.0000000000 -15.5000000000
3.0357140000 -50.0000000000 -15.5000000000
2.4285710000 -50.0000000000 -15.5000000000
2.4285710000 -50.0000000000 -15.5000000000
1.8214290000 -50.0000000000 -15.5000000000
1.8214290000 -50.0000000000 -15.5000000000
1.2142860000 -50.0000000000 -15.5000000000
1.2142860000 -50.0000000000 -15.5000000000
0.6071430000 -50.0000000000 -15.5000000000
0.6071430000 -50.0000000000 -15.5000000000
-0.0000000000 -50.0000000000 -15.5000000000
-0.0000000000 -50.0000000000 -15.5000000000
-0.6071430000 -50.0000000000 -15.5000000000
-0.6071430000 -50.0000000000 -15.5000000000
-1.2142860000 -50.0000000000 -15.5000000000
-1.2142860000 -50.0000000000 -15.5000000000
-1.8214290000 -50.0000000000 -15.5000000000
-1.8214290000 -50.0000000000 -15.5000000000
-2.4285710000 -50.0000000000 -15.5000000000
-2.4285710000 -50.0000000000 -15.5000000000
-3.0357140000 -50.0000000000 -15.5000000000
-3.0357140000 -50.0000000000 -15.5000000000
-3.6428570000 -50.0000000000 -15.5000000000
-3.6428570000 -50.0000000000 -15.5000000000
-4.2500000000 -17.4444440000 -8.4166670000
-4.2500000000 -17.4444440000 -8.4166670000
-4.2500000000 -17.8888890000 -8.8333330000
-4.2500000000 -17.8888890000 -8.8333330000
-4.2500000000 -18.3333330000 -9.2500000000
-4.2500000000 -18.3333330000 -9.2500000000
-4.2500000000 -18.7777780000 -9.6666670000
-4.2500000000 -18.7777780000 -9.6666670000
-4.2500000000 -19.2222220000 -10.0833330000
-4.2500000000 -19.2222220000 -10.0833330000
-4.2500000000 -19.6666670000 -10.5000000000
-4.2500000000 -19.6666670000 -10.5000000000
-4.2500000000 -20.1111110000 -10.9166670000
-4.2500000000 -20.1111110000 -10.9166670000
-4.2500000000 -20.5555560000 -11.3333330000
-4.2500000000 -20.5555560000 -11.3333330000
-4.2500000000 -21.0000000000 -11.7500000000
-4.2500000000 -21.0000000000 -11.7500000000
-4.2500000000 -21.4444440000 -12.1666670000
-4.2500000000 -21.4444440000 -12.1666670000
-4.2500000000 -21.8888890000 -12.5833330000
-4.2500000000 -21.8888890000 -12.5833330000
-4.2500000000 -22.3333330000 -13.0000000000
-4.2500000000 -22.3333330000 -13.0000000000
-4.2500000000 -22.7777780000 -13.4166670000
-4.2500000000 -22.7777780000 -13.4166670000
-4.2500000000 -23.2222220000 -13.8333330000
-4.2500000000 -23.2222220000 -13.8333330000
-4.2500000000 -23.6666670000 -14.2500000000
-4.2500000000 -23.6666670000 -14.2500000000
-4.2500000000 -24.1111110000 -14.6666670000
-4.2500000000 -24.1111110000 -14.6666670000
-4.2500000000 -24.5555560000 -15.0833330000
-4.2500000000 -24.5555560000 -15.0833330000
3.6428570000 -17.0000000000 -8.0000000000
3.6428570000 -17.0000000000 -8.0000000000
3.0357140000 -17.0000000000 -8.0000000000
3.0357140000 -17.0000000000 -8.0000000000
2.4285710000 -17.0000000000 -8.0000000000
2.4285710000 -17.0000000000 -8.0000000000
1.8214290000 -17.0000000000 -8.0000000000
1.8214290000 -17.0000000000 -8.0000000000
1.2142860000 -17.0000000000 -8.0000000000
1.2142860000 -17.0000000000 -8.0000000000
0.6071430000 -17.0000000000 -8.0000000000
0.6071430000 -17.0000000000 -8.0000000000
-0.0000000000 -17.0000000000 -8.0000000000
-0.0000000000 -17.0000000000 -8.0000000000
-0.6071430000 -17.0000000000 -8.0000000000
-0.6071430000 -17.0000000000 -8.0000000000
-1.2142860000 -17.0000000000 -8.0000000000
-1.2142860000 -17.0000000000 -8.0000000000
-1.8214290000 -17.0000000000 -8.0000000000
-1.8214290000 -17.0000000000 -8.0000000000
-2.4285710000 -17.0000000000 -8.0000000000
-2.4285710000 -17.0000000000 -8.0000000000
-3.0357140000 -17.0000000000 -8.0000000000
-3.0357140000 -17.0000000000 -8.0000000000
-3.6428570000 -17.0000000000 -8.0000000000
-3.6428570000 -17.0000000000 -8.0000000000
4.2500000000 -17.4444440000 -8.4166670000
4.2500000000 -17.4444440000 -8.4166670000
4.2500000000 -17.8888890000 -8.8333330000
4.2500000000 -17.8888890000 -8.8333330000
4.2500000000 -18.3333330000 -9.2500000000
4.2500000000 -18.3333330000 -9.2500000000
4.2500000000 -18.7777780000 -9.6666670000
4.2500000000 -18.7777780000 -9.6666670000
4.2500000000 -19.2222220000 -10.0833330000
4.2500000000 -19.2222220000 -10.0833330000
4.2500000000 -19.6666670000 -10.5000000000
4.2500000000 -19.6666670000 -10.5000000000
4.2500000000 -20.1111110000 -10.9166670000
4.2500000000 -20.1111110000 -10.9166670000
4.2500000000 -20.5555560000 -11.3333330000
4.2500000000 -20.5555560000 -11.3333330000
4.2500000000 -21.0000000000 -11.7500000000
4.2500000000 -21.0000000000 -11.7500000000
4.2500000000 -21.4444440000 -12.1666670000
4.2500000000 -21.4444440000 -12.1666670000
4.2500000000 -21.8888890000 -12.5833330000
4.2500000000 -21.8888890000 -12.5833330000
4.2500000000 -22.3333330000 -13.0000000000
4.2500000000 -22.3333330000 -13.0000000000
4.2500000000 -22.7777780000 -13.4166670000
4.2500000000 -22.7777780000 -13.4166670000
4.2500000000 -23.2222220000 -13.8333330000
4.2500000000 -23.2222220000 -13.8333330000
4.2500000000 -23.6666670000 -14.2500000000
4.2500000000 -23.6666670000 -14.2500000000
4.2500000000 -24.1111110000 -14.6666670000
4.2500000000 -24.1111110000 -14.6666670000
4.2500000000 -24.5555560000 -15.0833330000
4.2500000000 -24.5555560000 -15.0833330000
1.3703180000 -45.3898950000 -11.5000000000
1.3703180000 -45.3898950000 -11.5000000000
1.0036960000 -44.8852830000 -11.5000000000
1.0036960000 -44.8852830000 -11.5000000000
0.4635250000 -44.5734150000 -11.5000000000
0.4635250000 -44.5734150000 -11.5000000000
-0.1567930000 -44.5082170000 -11.5000000000
-0.1567930000 -44.5082170000 -11.5000000000
-0.7500000000 -44.7009620000 -11.5000000000
-0.7500000000 -44.7009620000 -11.5000000000
-1.2135250000 -45.1183220000 -11.5000000000
-1.2135250000 -45.1183220000 -11.5000000000
-1.4672210000 -45.6881320000 -11.5000000000
-1.4672210000 -45.6881320000 -11.5000000000
-1.4672210000 -46.3118680000 -11.5000000000
-1.4672210000 -46.3118680000 -11.5000000000
-1.2135250000 -46.8816780000 -11.5000000000
-1.2135250000 -46.8816780000 -11.5000000000
-0.7500000000 -47.2990380000 -11.5000000000
-0.7500000000 -47.2990380000 -11.5000000000
-0.1567930000 -47.4917830000 -11.5000000000
-0.1567930000 -47.4917830000 -11.5000000000
0.4635250000 -47.4265850000 -11.5000000000
0.4635250000 -47.4265850000 -11.5000000000
1.0036960000 -47.1147170000 -11.5000000000
1.0036960000 -47.1147170000 -11.5000000000
1.3703180000 -46.6101050000 -11.5000000000
1.3703180000 -46.6101050000 -11.5000000000
-4.2500000000 -32.6206900000 -11.5000000000
-4.2500000000 -32.6206900000 -11.5000000000
-4.2500000000 -33.2413790000 -11.5000000000
-4.2500000000 -33.2413790000 -11.5000000000
-4.2500000000 -33.8620690000 -11.5000000000
-4.2500000000 -33.8620690000 -11.5000000000
-4.2500000000 -34.4827590000 -11.5000000000
-4.2500000000 -34.4827590000 -11.5000000000
-4.2500000000 -35.1034480000 -11.5000000000
-4.2500000000 -35.1034480000 -11.5000000000
-4.2500000000 -35.7241380000 -11.5000000000
-4.2500000000 -35.7241380000 -11.5000000000
-4.2500000000 -36.3448280000 -11.5000000000
-4.2500000000 -36.3448280000 -11.5000000000
-4.2500000000 -36.9655170000 -11.5000000000
-4.2500000000 -36.9655170000 -11.5000000000
-4.2500000000 -37.5862070000 -11.5000000000
-4.2500000000 -37.5862070000 -11.5000000000
-4.2500000000 -38.2068970000 -11.5000000000
-4.2500000000 -38.2068970000 -11.5000000000
-4.2500000000 -38.8275860000 -11.5000000000
-4.2500000000 -38.8275860000 -11.5000000000
-4.2500000000 -39.4482760000 -11.5000000000
-4.2500000000 -39.4482760000 -11.5000000000
-4.2500000000 -40.0689660000 -11.5000000000
-4.2500000000 -40.0689660000 -11.5000000000
-4.2500000000 -40.6896550000 -11.5000000000
-4.2500000000 -40.6896550000 -11.5000000000
-4.2500000000 -41.3103450000 -11.5000000000
-4.2500000000 -41.3103450000 -11.5000000000
-4.2500000000 -41.9310340000 -11.5000000000
-4.2500000000 -41.9310340000 -11.5000000000
-4.2500000000 -42.5517240000 -11.5000000000
-4.2500000000 -42.5517240000 -11.5000000000
-4.2500000000 -43.1724140000 -11.5000000000
-4.2500000000 -43.1724140000 -11.5000000000
-4.2500000000 -43.7931030000 -11.5000000000
-4.2500000000 -43.7931030000 -11.5000000000
-4.2500000000 -44.4137930000 -11.5000000000
-4.2500000000 -44.4137930000 -11.5000000000
-4.2500000000 -45.0344830000 -11.5000000000
-4.2500000000 -45.0344830000 -11.5000000000
-4.2500000000 -45.6551720000 -11.5000000000
-4.2500000000 -45.6551720000 -11.5000000000
-4.2500000000 -46.2758620000 -11.5000000000
-4.2500000000 -46.2758620000 -11.5000000000
-4.2500000000 -46.8965520000 -11.5000000000
-4.2500000000 -46.8965520000 -11.5000000000
-4.2500000000 -47.5172410000 -11.5000000000
-4.2500000000 -47.5172410000 -11.5000000000
-4.2500000000 -48.1379310000 -11.5000000000
-4.2500000000 -48.1379310000 -11.5000000000
-4.2500000000 -48.7586210000 -11.5000000000
-4.2500000000 -48.7586210000 -11.5000000000
-4.2500000000 -49.3793100000 -11.5000000000
-4.2500000000 -49.3793100000 -11.5000000000
3.6428570000 -50.0000000000 -11.5000000000
3.6428570000 -50.0000000000 -11.5000000000
3.0357140000 -50.0000000000 -11.5000000000
3.0357140000 -50.0000000000 -11.5000000000
2.4285710000 -50.0000000000 -11.5000000000
2.4285710000 -50.0000000000 -11.5000000000
1.8214290000 -50.0000000000 -11.5000000000
1.8214290000 -50.0000000000 -11.5000000000
1.2142860000 -50.0000000000 -11.5000000000
1.2142860000 -50.0000000000 -11.5000000000
0.6071430000 -50.0000000000 -11.5000000000
0.6071430000 -50.0000000000 -11.5000000000
-0.0000000000 -50.0000000000 -11.5000000000
-0.0000000000 -50.0000000000 -11.5000000000
-0.6071430000 -50.0000000000 -11.5000000000
-0.6071430000 -50.0000000000 -11.5000000000
-1.2142860000 -50.0000000000 -11.5000000000
-1.2142860000 -50.0000000000 -11.5000000000
-1.8214290000 -50.0000000000 -11.5000000000
-1.8214290000 -50.0000000000 -11.5000000000
-2.4285710000 -50.0000000000 -11.5000000000
-2.4285710000 -50.0000000000 -11.5000000000
-3.0357140000 -50.0000000000 -11.5000000000
-3.0357140000 -50.0000000000 -11.5000000000
-3.6428570000 -50.0000000000 -11.5000000000
-3.6428570000 -50.0000000000 -11.5000000000
4.2500000000 -32.6206900000 -11.5000000000
4.2500000000 -32.6206900000 -11.5000000000
4.2500000000 -33.2413790000 -11.5000000000
4.2500000000 -33.2413790000 -11.5000000000
4.2500000000 -33.8620690000 -11.5000000000
4.2500000000 -33.8620690000 -11.5000000000
4.2500000000 -34.4827590000 -11.5000000000
4.2500000000 -34.4827590000 -11.5000000000
4.2500000000 -35.1034480000 -11.5000000000
4.2500000000 -35.1034480000 -11.5000000000
4.2500000000 -35.7241380000 -11.5000000000
4.2500000000 -35.7241380000 -11.5000000000
4.2500000000 -36.3448280000 -11.5000000000
4.2500000000 -36.3448280000 -11.5000000000
4.2500000000 -36.9655170000 -11.5000000000
4.2500000000 -36.9655170000 -11.5000000000
4.2500000000 -37.5862070000 -11.5000000000
4.2500000000 -37.5862070000 -11.5000000000
4.2500000000 -38.2068970000 -11.5000000000
4.2500000000 -38.2068970000 -11.5000000000
4.2500000000 -38.8275860000 -11.5000000000
4.2500000000 -38.8275860000 -11.5000000000
4.2500000000 -39.4482760000 -11.5000000000
4.2500000000 -39.4482760000 -11.5000000000
4.2500000000 -40.0689660000 -11.5000000000
4.2500000000 -40.0689660000 -11.5000000000
4.2500000000 -40.6896550000 -11.5000000000
4.2500000000 -40.6896550000 -11.5000000000
4.2500000000 -41.3103450000 -11.5000000000
4.2500000000 -41.3103450000 -11.5000000000
4.2500000000 -41.9310340000 -11.5000000000
4.2500000000 -41.9310340000 -11.5000000000
4.2500000000 -42.5517240000 -11.5000000000
4.2500000000 -42.5517240000 -11.5000000000
4.2500000000 -43.1724140000 -11.5000000000
4.2500000000 -43.1724140000 -11.5000000000
4.2500000000 -43.7931030000 -11.5000000000
4.2500000000 -43.7931030000 -11.5000000000
4.2500000000 -44.4137930000 -11.5000000000
4.2500000000 -44.4137930000 -11.5000000000
4.2500000000 -45.0344830000 -11.5000000000
4.2500000000 -45.0344830000 -11.5000000000
4.2500000000 -45.6551720000 -11.5000000000
4.2500000000 -45.6551720000 -11.5000000000
4.2500000000 -46.2758620000 -11.5000000000
4.2500000000 -46.2758620000 -11.5000000000
4.2500000000 -46.8965520000 -11.5000000000
4.2500000000 -46.8965520000 -11.5000000000
4.2500000000 -47.5172410000 -11.5000000000
4.2500000000 -47.5172410000 -11.5000000000
4.2500000000 -48.1379310000 -11.5000000000
4.2500000000 -48.1379310000 -11.5000000000
4.2500000000 -48.7586210000 -11.5000000000
4.2500000000 -48.7586210000 -11.5000000000
4.2500000000 -49.3793100000 -11.5000000000
4.2500000000 -49.3793100000 -11.5000000000
3.6428570000 -32.0000000000 -11.5000000000
3.6428570000 -32.0000000000 -11.5000000000
3.0357140000 -32.0000000000 -11.5000000000
3.0357140000 -32.0000000000 -11.5000000000
2.4285710000 -32.0000000000 -11.5000000000
2.4285710000 -32.0000000000 -11.5000000000
1.8214290000 -32.0000000000 -11.5000000000
1.8214290000 -32.0000000000 -11.5000000000
1.2142860000 -32.0000000000 -11.5000000000
1.2142860000 -32.0000000000 -11.5000000000
0.6071430000 -32.0000000000 -11.5000000000
0.6071430000 -32.0000000000 -11.5000000000
-0.0000000000 -32.0000000000 -11.5000000000
-0.0000000000 -32.0000000000 -11.5000000000
-0.6071430000 -32.0000000000 -11.5000000000
-0.6071430000 -32.0000000000 -11.5000000000
-1.2142860000 -32.0000000000 -11.5000000000
-1.2142860000 -32.0000000000 -11.5000000000
-1.8214290000 -32.0000000000 -11.5000000000
-1.8214290000 -32.0000000000 -11.5000000000
-2.4285710000 -32.0000000000 -11.5000000000
-2.4285710000 -32.0000000000 -11.5000000000
-3.0357140000 -32.0000000000 -11.5000000000
-3.0357140000 -32.0000000000 -11.5000000000
-3.6428570000 -32.0000000000 -11.5000000000
-3.6428570000 -32.0000000000 -11.5000000000
-4.2500000000 -50.0000000000 -12.0714290000
-4.2500000000 -50.0000000000 -12.0714290000
-4.2500000000 -50.0000000000 -12.6428570000
-4.2500000000 -50.0000000000 -12.6428570000
-4.2500000000 -50.0000000000 -13.2142860000
-4.2500000000 -50.0000000000 -13.2142860000
-4.2500000000 -50.0000000000 -13.7857140000
-4.2500000000 -50.0000000000 -13.7857140000
-4.2500000000 -50.0000000000 -14.3571430000
-4.2500000000 -50.0000000000 -14.3571430000
-4.2500000000 -50.0000000000 -14.9285710000
-4.2500000000 -50.0000000000 -14.9285710000
4.2500000000 -50.0000000000 -12.0714290000
4.2500000000 -50.0000000000 -12.0714290000
4.2500000000 -50.0000000000 -12.6428570000
4.2500000000 -50.0000000000 -12.6428570000
4.2500000000 -50.0000000000 -13.2142860000
4.2500000000 -50.0000000000 -13.2142860000
4.2500000000 -50.0000000000 -13.7857140000
4.2500000000 -50.0000000000 -13.7857140000
4.2500000000 -50.0000000000 -14.3571430000
4.2500000000 -50.0000000000 -14.3571430000
4.2500000000 -50.0000000000 -14.9285710000
4.2500000000 -50.0000000000 -14.9285710000
1.5000000000 -46.0000000000 -12.0714290000
1.5000000000 -46.0000000000 -12.6428570000
1.5000000000 -46.0000000000 -13.2142860000
1.5000000000 -46.0000000000 -13.7857140000
1.5000000000 -46.0000000000 -14.3571430000
1.5000000000 -46.0000000000 -14.9285710000
4.2500000000 -16.3703700000 -8.0000000000
4.2500000000 -16.3703700000 -8.0000000000
4.2500000000 -15.7407410000 -8.0000000000
4.2500000000 -15.7407410000 -8.0000000000
4.2500000000 -15.1111110000 -8.0000000000
4.2500000000 -15.1111110000 -8.0000000000
4.2500000000 -14.4814810000 -8.0000000000
4.2500000000 -14.4814810000 -8.0000000000
4.2500000000 -13.8518520000 -8.0000000000
4.2500000000 -13.8518520000 -8.0000000000
4.2500000000 -13.2222220000 -8.0000000000
4.2500000000 -13.2222220000 -8.0000000000
4.2500000000 -12.5925930000 -8.0000000000
4.2500000000 -12.5925930000 -8.0000000000
4.2500000000 -11.9629630000 -8.0000000000
4.2500000000 -11.9629630000 -8.0000000000
4.2500000000 -11.3333330000 -8.0000000000
4.2500000000 -11.3333330000 -8.0000000000
4.2500000000 -10.7037040000 -8.0000000000
4.2500000000 -10.7037040000 -8.0000000000
4.2500000000 -10.0740740000 -8.0000000000
4.2500000000 -10.0740740000 -8.0000000000
4.2500000000 -9.4444440000 -8.0000000000
4.2500000000 -9.4444440000 -8.0000000000
4.2500000000 -8.8148150000 -8.0000000000
4.2500000000 -8.8148150000 -8.0000000000
4.2500000000 -8.1851850000 -8.0000000000
4.2500000000 -8.1851850000 -8.0000000000
4.2500000000 -7.5555560000 -8.0000000000
4.2500000000 -7.5555560000 -8.0000000000
4.2500000000 -6.9259260000 -8.0000000000
4.2500000000 -6.9259260000 -8.0000000000
4.2500000000 -6.2962960000 -8.0000000000
4.2500000000 -6.2962960000 -8.0000000000
4.2500000000 -5.6666670000 -8.0000000000
4.2500000000 -5.6666670000 -8.0000000000
4.2500000000 -5.0370370000 -8.0000000000
4.2500000000 -5.0370370000 -8.0000000000
4.2500000000 -4.4074070000 -8.0000000000
4.2500000000 -4.4074070000 -8.0000000000
4.2500000000 -3.7777780000 -8.0000000000
4.2500000000 -3.7777780000 -8.0000000000
4.2500000000 -3.1481480000 -8.0000000000
4.2500000000 -3.1481480000 -8.0000000000
4.2500000000 -2.5185190000 -8.0000000000
4.2500000000 -2.5185190000 -8.0000000000
4.2500000000 -1.8888890000 -8.0000000000
4.2500000000 -1.8888890000 -8.0000000000
4.2500000000 -1.2592590000 -8.0000000000
4.2500000000 -1.2592590000 -8.0000000000
4.2500000000 -0.6296300000 -8.0000000000
4.2500000000 -0.6296300000 -8.0000000000
-4.2500000000 -16.3703700000 -8.0000000000
-4.2500000000 -16.3703700000 -8.0000000000
-4.2500000000 -15.7407410000 -8.0000000000
-4.2500000000 -15.7407410000 -8.0000000000
-4.2500000000 -15.1111110000 -8.0000000000
-4.2500000000 -15.1111110000 -8.0000000000
-4.2500000000 -14.4814810000 -8.0000000000
-4.2500000000 -14.4814810000 -8.0000000000
-4.2500000000 -13.8518520000 -8.0000000000
-4.2500000000 -13.8518520000 -8.0000000000
-4.2500000000 -13.2222220000 -8.0000000000
-4.2500000000 -13.2222220000 -8.0000000000
-4.2500000000 -12.5925930000 -8.0000000000
-4.2500000000 -12.5925930000 -8.0000000000
-4.2500000000 -11.9629630000 -8.0000000000
-4.2500000000 -11.9629630000 -8.0000000000
-4.2500000000 -11.3333330000 -8.0000000000
-4.2500000000 -11.3333330000 -8.0000000000
-4.2500000000 -10.7037040000 -8.0000000000
-4.2500000000 -10.7037040000 -8.0000000000
-4.2500000000 -10.0740740000 -8.0000000000
-4.2500000000 -10.0740740000 -8.0000000000
-4.2500000000 -9.4444440000 -8.0000000000
-4.2500000000 -9.4444440000 -8.0000000000
-4.2500000000 -8.8148150000 -8.0000000000
-4.2500000000 -8.8148150000 -8.0000000000
-4.2500000000 -8.1851850000 -8.0000000000
-4.2500000000 -8.1851850000 -8.0000000000
-4.2500000000 -7.5555560000 -8.0000000000
-4.2500000000 -7.5555560000 -8.0000000000
-4.2500000000 -6.9259260000 -8.0000000000
-4.2500000000 -6.9259260000 -8.0000000000
-4.2500000000 -6.2962960000 -8.0000000000
-4.2500000000 -6.2962960000 -8.0000000000
-4.2500000000 -5.6666670000 -8.0000000000
-4.2500000000 -5.6666670000 -8.0000000000
-4.2500000000 -5.0370370000 -8.0000000000
-4.2500000000 -5.0370370000 -8.0000000000
-4.2500000000 -4.4074070000 -8.0000000000
-4.2500000000 -4.4074070000 -8.0000000000
-4.2500000000 -3.7777780000 -8.0000000000
-4.2500000000 -3.7777780000 -8.0000000000
-4.2500000000 -3.1481480000 -8.0000000000
-4.2500000000 -3.1481480000 -8.0000000000
-4.2500000000 -2.5185190000 -8.0000000000
-4.2500000000 -2.5185190000 -8.0000000000
-4.2500000000 -1.8888890000 -8.0000000000
-4.2500000000 -1.8888890000 -8.0000000000
-4.2500000000 -1.2592590000 -8.0000000000
-4.2500000000 -1.2592590000 -8.0000000000
-4.2500000000 -0.6296300000 -8.0000000000
-4.2500000000 -0.6296300000 -8.0000000000
4.2500000000 -32.0000000000 -0.6052630000
4.2500000000 -32.0000000000 -0.6052630000
4.2500000000 -32.0000000000 -1.2105260000
4.2500000000 -32.0000000000 -1.2105260000
4.2500000000 -32.0000000000 -1.8157890000
4.2500000000 -32.0000000000 -1.8157890000
4.2500000000 -32.0000000000 -2.4210530000
4.2500000000 -32.0000000000 -2.4210530000
4.2500000000 -32.0000000000 -3.0263160000
4.2500000000 -32.0000000000 -3.0263160000
4.2500000000 -32.0000000000 -3.6315790000
4.2500000000 -32.0000000000 -3.6315790000
4.2500000000 -32.0000000000 -4.2368420000
4.2500000000 -32.0000000000 -4.2368420000
4.2500000000 -32.0000000000 -4.8421050000
4.2500000000 -32.0000000000 -4.8421050000
4.2500000000 -32.0000000000 -5.4473680000
4.2500000000 -32.0000000000 -5.4473680000
4.2500000000 -32.0000000000 -6.0526320000
4.2500000000 -32.0000000000 -6.0526320000
4.2500000000 -32.0000000000 -6.6578950000
4.2500000000 -32.0000000000 -6.6578950000
4.2500000000 -32.0000000000 -7.2631580000
4.2500000000 -32.0000000000 -7.2631580000
4.2500000000 -32.0000000000 -7.8684210000
4.2500000000 -32.0000000000 -7.8684210000
4.2500000000 -32.0000000000 -8.4736840000
4.2500000000 -32.0000000000 -8.4736840000
4.2500000000 -32.0000000000 -9.0789470000
4.2500000000 -32.0000000000 -9.0789470000
4.2500000000 -32.0000000000 -9.6842110000
4.2500000000 -32.0000000000 -9.6842110000
4.2500000000 -32.0000000000 -10.2894740000
4.2500000000 -32.0000000000 -10.2894740000
4.2500000000 -32.0000000000 -10.8947370000
4.2500000000 -32.0000000000 -10.8947370000
-4.2500000000 -32.0000000000 -0.6052630000
-4.2500000000 -32.0000000000 -0.6052630000
-4.2500000000 -32.0000000000 -1.2105260000
-4.2500000000 -32.0000000000 -1.2105260000
-4.2500000000 -32.0000000000 -1.8157890000
-4.2500000000 -32.0000000000 -1.8157890000
-4.2500000000 -32.0000000000 -2.4210530000
-4.2500000000 -32.0000000000 -2.4210530000
-4.2500000000 -32.0000000000 -3.0263160000
-4.2500000000 -32.0000000000 -3.0263160000
-4.2500000000 -32.0000000000 -3.6315790000
-4.2500000000 -32.0000000000 -3.6315790000
-4.2500000000 -32.0000000000 -4.2368420000
-4.2500000000 -32.0000000000 -4.2368420000
-4.2500000000 -32.0000000000 -4.8421050000
-4.2500000000 -32.0000000000 -4.8421050000
-4.2500000000 -32.0000000000 -5.4473680000
-4.2500000000 -32.0000000000 -5.4473680000
-4.2500000000 -32.0000000000 -6.0526320000
-4.2500000000 -32.0000000000 -6.0526320000
-4.2500000000 -32.0000000000 -6.6578950000
-4.2500000000 -32.0000000000 -6.6578950000
-4.2500000000 -32.0000000000 -7.2631580000
-4.2500000000 -32.0000000000 -7.2631580000
-4.2500000000 -32.0000000000 -7.8684210000
-4.2500000000 -32.0000000000 -7.8684210000
-4.2500000000 -32.0000000000 -8.4736840000
-4.2500000000 -32.0000000000 -8.4736840000
-4.2500000000 -32.0000000000 -9.0789470000
-4.2500000000 -32.0000000000 -9.0789470000
-4.2500000000 -32.0000000000 -9.6842110000
-4.2500000000 -32.0000000000 -9.6842110000
-4.2500000000 -32.0000000000 -10.2894740000
-4.2500000000 -32.0000000000 -10.2894740000
-4.2500000000 -32.0000000000 -10.8947370000
-4.2500000000 -32.0000000000 -10.8947370000
0.1333210000 0.0000000000 -2.1732500000
-1.2395880000 0.0000000000 -4.9889740000
1.5058850000 0.0000000000 -5.2569370000
-1.7607460000 0.0000000000 -0.4800400000
1.8349540000 0.0000000000 -0.3826090000
2.1194490000 0.0000000000 -3.0716300000
-2.0657000000 0.0000000000 -2.9637540000
-6.0309810000 0.0000000000 1.8938080000
6.0309810000 0.0000000000 1.8938080000
0.0330070000 0.0000000000 0.1223120000
0.0252010000 0.0000000000 -6.2289530000
0.2488740000 0.0000000000 -3.9857710000
-2.5323500000 0.0000000000 -6.2023700000
2.7210010000 0.0000000000 -6.4191340000
-2.7365580000 0.0000000000 -4.5007610000
2.7320190000 0.0000000000 -1.7128150000
0.0000000000 0.0000000000 13.4848480000
-2.7398170000 0.0000000000 -1.5534510000
-2.8585690000 0.0000000000 0.5212340000
2.8664050000 0.0000000000 0.5268530000
2.8246220000 0.0000000000 -4.4759190000
6.5197950000 0.0000000000 3.3768250000
-6.5197950000 0.0000000000 3.3768250000
-1.4500970000 0.0000000000 13.4166350000
1.4500970000 0.0000000000 13.4166350000
4.7314430000 0.0000000000 1.3552970000
-4.7314430000 0.0000000000 1.3552970000
1.2797740000 0.0000000000 -1.8093230000
-1.2830890000 0.0000000000 -1.7825910000
1.3349010000 0.0000000000 -6.6425500000
-1.2433270000 0.0000000000 -6.6857750000
-1.2456510000 0.0000000000 0.6898440000
1.2060450000 0.0000000000 0.7162740000
-1.0165240000 0.0000000000 -3.7168830000
6.9847900000 0.0000000000 1.1236340000
-6.9847900000 0.0000000000 1.1236340000
0.2516190000 0.0000000000 -1.0229480000
2.6427100000 0.0000000000 13.2311370000
-2.6427100000 0.0000000000 13.2311370000
6.7821540000 0.0000000000 4.5400060000
-6.7821540000 0.0000000000 4.5400060000
1.3805670000 0.0000000000 -3.9642990000
0.9157670000 0.0000000000 -3.0152540000
3.1182810000 0.0000000000 -0.5620260000
3.0945820000 0.0000000000 -2.8199020000
-0.0659680000 0.0000000000 -5.1526410000
-3.1455180000 0.0000000000 -3.3706990000
-3.1890130000 0.0000000000 -0.5419310000
11.0681380000 0.0000000000 1.0330770000
-11.0681380000 0.0000000000 1.0330770000
-3.1681800000 0.0000000000 -5.3810970000
-0.6794740000 0.0000000000 -0.6294390000
9.9397720000 0.0000000000 0.9977800000
-9.9397720000 0.0000000000 0.9977800000
3.1969190000 0.0000000000 -5.4627820000
8.8991870000 0.0000000000 1.0079400000
-8.8991870000 0.0000000000 1.0079400000
3.7877460000 0.0000000000 1.0437420000
-3.7877460000 0.0000000000 1.0437420000
6.8871320000 0.0000000000 5.5739010000
-6.8871320000 0.0000000000 5.5739010000
7.0256090000 0.0000000000 2.4143960000
-7.0256090000 0.0000000000 2.4143960000
-3.2493610000 0.0000000000 -7.0261050000
-5.6575250000 0.0000000000 1.0223750000
5.6575250000 0.0000000000 1.0223750000
-4.6872240000 0.0000000000 12.2546260000
4.6872240000 0.0000000000 12.2546260000
5.6239630000 0.0000000000 2.8414320000
-5.6239630000 0.0000000000 2.8414320000
-6.0674430000 0.0000000000 10.4617460000
6.0674430000 0.0000000000 10.4617460000
6.8183790000 0.0000000000 8.3476060000
-6.8183790000 0.0000000000 8.3476060000
3.6251950000 0.0000000000 12.9689260000
-3.6251950000 0.0000000000 12.9689260000
-7.0039710000 0.0000000000 7.0034910000
7.0039710000 0.0000000000 7.0034910000
-0.9770200000 0.0000000000 -2.6440230000
6.5568440000 0.0000000000 9.4486630000
-6.5568440000 0.0000000000 9.4486630000
-5.4941430000 0.0000000000 11.3482830000
5.4941430000 0.0000000000 11.3482830000
-2.1624000000 0.0000000000 -5.2183440000
3.3333840000 0.0000000000 -7.0816520000
0.3353060000 0.0000000000 1.0099360000
-7.9257770000 0.0000000000 0.9239430000
7.9257770000 0.0000000000 0.9239430000
-2.0879610000 0.0000000000 1.0404510000
2.0841590000 0.0000000000 1.0580790000
-3.2676980000 0.0000000000 -2.3566950000
-2.0793380000 0.0000000000 -7.0844540000
0.4810110000 0.0000000000 -7.0873520000
0.8678010000 0.0000000000 -0.2197020000
-0.7697140000 0.0000000000 -5.8335650000
3.3201350000 0.0000000000 -3.6878470000
-1.7494270000 0.0000000000 -4.2392780000
2.0965050000 0.0000000000 -7.1266350000
0.7272070000 0.0000000000 14.0387860000
-0.7265380000 0.0000000000 14.0390100000
-0.6878640000 0.0000000000 12.8859440000
0.6878640000 0.0000000000 12.8859440000
-0.1033000000 0.0000000000 -3.1904580000
-0.4369810000 0.0000000000 -7.1095380000
0.7489110000 0.0000000000 -4.7925060000
0.8526780000 0.0000000000 -5.8756790000
4.9710530000 0.0000000000 2.2505560000
-4.9710530000 0.0000000000 2.2505560000
2.3220750000 0.0000000000 -5.5462040000
-0.4961170000 0.0000000000 -1.5491270000
2.0433330000 0.0000000000 -2.2525110000
-0.5117590000 0.0000000000 1.1876070000
-1.6515490000 0.0000000000 -5.9447240000
-1.9836020000 0.0000000000 -1.2891030000
-2.0862110000 0.0000000000 -2.1248100000
1.9815900000 0.0000000000 -1.2880590000
-0.6404490000 0.0000000000 -4.2727650000
-3.4221360000 0.0000000000 -6.1691960000
-3.6157580000 0.0000000000 -4.7441380000
-1.9503480000 0.0000000000 12.7998250000
1.9503480000 0.0000000000 12.7998250000
3.5917890000 0.0000000000 -1.3144470000
-2.0986280000 0.0000000000 0.2519760000
2.0426640000 0.0000000000 0.1433700000
2.1901740000 0.0000000000 13.8597070000
-2.1901740000 0.0000000000 13.8597070000
3.4187040000 0.0000000000 -6.1779530000
1.1824830000 0.0000000000 -0.9827860000
7.1591560000 0.0000000000 3.9166820000
-7.1591560000 0.0000000000 3.9166820000
6.2047120000 0.0000000000 4.0976820000
-6.2047120000 0.0000000000 4.0976820000
1.9742290000 0.0000000000 -4.6829710000
3.0151130000 0.0000000000 1.2830690000
-3.0151130000 0.0000000000 1.2830690000
3.7188720000 0.0000000000 -4.6130090000
3.4264410000 0.0000000000 0.0809710000
-3.4374000000 0.0000000000 -1.2629970000
-6.4675540000 0.0000000000 0.7427890000
6.4675540000 0.0000000000 0.7427890000
-2.4431150000 0.0000000000 -3.5839700000
2.3160050000 0.0000000000 -3.8505350000
-0.8742280000 0.0000000000 0.1441360000
-3.5599010000 0.0000000000 0.0614340000
-7.1436650000 0.0000000000 7.7758260000
7.1436650000 0.0000000000 7.7758260000
7.1720680000 0.0000000000 2.9871860000
-7.1720680000 0.0000000000 2.9871860000
3.6674960000 0.0000000000 -2.1185710000
-4.6169290000 0.0000000000 0.6782380000
4.6131110000 0.0000000000 0.6765470000
6.4112280000 0.0000000000 2.6015370000
-6.4112280000 0.0000000000 2.6015370000
0.6515600000 0.0000000000 -1.9002350000
1.6709090000 0.0000000000 -6.1108450000
0.0027090000 0.0000000000 14.3121360000
-7.1890280000 0.0000000000 6.2068610000
7.1890280000 0.0000000000 6.2068610000
4.1565760000 0.0000000000 1.6153430000
-4.1565760000 0.0000000000 1.6153430000
-4.3179940000 0.0000000000 12.8421590000
4.3179940000 0.0000000000 12.8421590000
0.0000000000 0.0000000000 12.6587010000
-1.2973990000 0.0000000000 -1.1178710000
-2.3522000000 0.0000000000 -0.7356080000
1.4769640000 0.0000000000 14.2919600000
-1.4769640000 0.0000000000 14.2919600000
1.3756810000 0.0000000000 -2.5125560000
5.3851050000 0.0000000000 1.6353780000
-5.3851050000 0.0000000000 1.6353780000
-3.5199080000 0.0000000000 -3.8419990000
9.4178040000 0.0000000000 1.3875590000
-9.4178040000 0.0000000000 1.3875590000
2.6789670000 0.0000000000 -3.3516440000
3.0151130000 0.0000000000 12.6296190000
-3.0151130000 0.0000000000 12.6296190000
1.4513440000 0.0000000000 -7.3395300000
-1.4577460000 0.0000000000 -7.3424170000
2.4591550000 0.0000000000 -0.3579000000
7.2994410000 0.0000000000 5.0232710000
-7.2994410000 0.0000000000 5.0232710000
9.4019960000 0.0000000000 0.6308700000
-9.4019960000 0.0000000000 0.6308700000
-1.6911140000 0.0000000000 -3.5492840000
-2.6229700000 0.0000000000 -2.5576560000
6.4166320000 0.0000000000 5.1350520000
-6.4166320000 0.0000000000 5.1350520000
1.1983260000 0.0000000000 1.4025050000
-1.1072530000 0.0000000000 1.3678110000
-10.4733950000 0.0000000000 1.3838700000
10.4733950000 0.0000000000 1.3838700000
2.6889410000 0.0000000000 -7.3808820000
10.4715400000 0.0000000000 0.5978800000
-10.4715400000 0.0000000000 0.5978800000
5.6767090000 0.0000000000 3.4895970000
-5.6767090000 0.0000000000 3.4895970000
3.2542190000 0.0000000000 13.5506620000
-3.2542190000 0.0000000000 13.5506620000
0.8756320000 0.0000000000 -3.6751610000
-2.6812940000 0.0000000000 -7.4156060000
6.6903800000 0.0000000000 10.0993050000
-6.6903800000 0.0000000000 10.0993050000
-1.6651420000 0.0000000000 -2.4760360000
7.3888060000 0.0000000000 1.7331420000
-7.3888060000 0.0000000000 1.7331420000
6.5656930000 0.0000000000 6.3167140000
-6.5656930000 0.0000000000 6.3167140000
0.6325460000 0.0000000000 0.3818980000
5.3925600000 0.0000000000 12.0228650000
-5.3925600000 0.0000000000 12.0228650000
-8.3534980000 0.0000000000 1.3905710000
8.3534980000 0.0000000000 1.3905710000
1.2951470000 0.0000000000 12.6158820000
-1.2951470000 0.0000000000 12.6158820000
-3.9400210000 0.0000000000 12.2723350000
3.9400210000 0.0000000000 12.2723350000
-7.4793800000 0.0000000000 0.5750720000
7.4793800000 0.0000000000 0.5750720000
-5.1968300000 0.0000000000 0.6056080000
5.2125700000 0.0000000000 0.5894110000
-0.5972350000 0.0000000000 -6.4638450000
6.4387860000 0.0000000000 1.4079790000
-6.4387860000 0.0000000000 1.4079790000
1.3696870000 0.0000000000 0.1089720000
-2.6373120000 0.0000000000 -0.0811490000
-1.5850890000 0.0000000000 0.0858440000
-0.0556810000 0.0000000000 -0.5063490000
11.4645830000 0.0000000000 1.4840310000
-11.4645830000 0.0000000000 1.4840310000
1.3283710000 0.0000000000 -3.4301850000
2.5493630000 0.0000000000 -1.0743040000
11.4947970000 0.0000000000 0.7500000000
-11.4947970000 0.0000000000 0.7500000000
-5.9972690000 0.0000000000 9.7583910000
5.9972690000 0.0000000000 9.7583910000
0.6358960000 0.0000000000 -2.4094010000
-0.3442790000 0.0000000000 -3.7531690000
4.8549230000 0.0000000000 11.4830880000
-4.8549230000 0.0000000000 11.4830880000
-6.5423720000 0.0000000000 7.6808590000
6.5423720000 0.0000000000 7.6808590000
6.1416680000 0.0000000000 11.1238100000
-6.1416680000 0.0000000000 11.1238100000
7.1068930000 0.0000000000 9.0280720000
-7.1068930000 0.0000000000 9.0280720000
0.2842500000 0.0000000000 -5.6307650000
2.5740670000 0.0000000000 -5.0540760000
2.6145920000 0.0000000000 -2.2853610000
-3.6470280000 0.0000000000 -2.8426020000
-0.7943250000 0.0000000000 -2.0591370000
2.0296720000 0.0000000000 -6.5235370000
0.6681520000 0.0000000000 -6.4859520000
-5.4803080000 0.0000000000 10.7101550000
5.4803080000 0.0000000000 10.7101550000
-3.6274960000 0.0000000000 -1.8790250000
6.4479570000 0.0000000000 8.8262080000
-6.4479570000 0.0000000000 8.8262080000
3.6334690000 0.0000000000 -3.1516420000
-1.8961110000 0.0000000000 -6.4530380000
8.4321750000 0.0000000000 0.6352270000
-8.4321750000 0.0000000000 0.6352270000
-0.3815660000 0.0000000000 0.5567320000
7.4181870000 0.0000000000 4.4673540000
-7.4181870000 0.0000000000 4.4673540000
3.6741470000 0.0000000000 -0.8075600000
-0.6590280000 0.0000000000 -5.2268280000
5.5272780000 0.0000000000 2.2831960000
-5.5272780000 0.0000000000 2.2831960000
2.7241410000 0.0000000000 13.9281990000
-2.7241410000 0.0000000000 13.9281990000
-3.7444710000 0.0000000000 -7.4958100000
3.7191220000 0.0000000000 -5.2070350000
-2.6927750000 0.0000000000 -5.0230680000
-2.2123500000 0.0000000000 -4.6406460000
3.8952550000 0.0000000000 0.4671230000
1.3269410000 0.0000000000 -4.6332280000
-2.6325500000 0.0000000000 -5.5842980000
-1.2249820000 0.0000000000 -4.3859710000
-0.6034330000 0.0000000000 13.4607520000
0.6039480000 0.0000000000 13.4601750000
-3.7124690000 0.0000000000 -5.2180710000
-3.9604010000 0.0000000000 0.5428050000
-2.5677480000 0.0000000000 -6.7613970000
0.8694220000 0.0000000000 -7.4830640000
0.2367940000 0.0000000000 -4.6026800000
-3.8173870000 0.0000000000 -0.4050940000
2.4062250000 0.0000000000 1.4715690000
-2.4066770000 0.0000000000 1.4694700000
-0.6895000000 0.0000000000 -3.1754330000
-2.4504850000 0.0000000000 12.5130040000
2.4504850000 0.0000000000 12.5130040000
-1.3481520000 0.0000000000 -3.0789160000
-0.8382920000 0.0000000000 -7.5069800000
4.3348840000 0.0000000000 2.1997510000
-4.3348840000 0.0000000000 2.1997510000
-2.9644070000 0.0000000000 -3.9231430000
-0.0344590000 0.0000000000 1.4916350000
0.9331310000 0.0000000000 -5.3064470000
0.0184400000 0.0000000000 -7.3782520000
2.9194000000 0.0000000000 -0.0419600000
11.1433050000 0.0000000000 0.4560020000
-11.1433050000 0.0000000000 0.4560020000
6.8519850000 0.0000000000 1.7784600000
-6.8519850000 0.0000000000 1.7784600000
0.6296980000 0.0000000000 1.4940840000
5.1213580000 0.0000000000 2.7503270000
-5.1213580000 0.0000000000 2.7503270000
-2.6507680000 0.0000000000 -3.0828250000
-1.2846680000 0.0000000000 -0.4692200000
3.7347700000 0.0000000000 -4.0671080000
9.9208920000 0.0000000000 0.4524950000
-9.9208920000 0.0000000000 0.4524950000
6.0443860000 0.0000000000 4.5302010000
-6.0443860000 0.0000000000 4.5302010000
9.9624290000 0.0000000000 1.5300270000
-9.9624290000 0.0000000000 1.5300270000
7.8362840000 0.0000000000 1.4270950000
-7.8362840000 0.0000000000 1.4270950000
-2.8880690000 0.0000000000 -1.1051860000
-8.8641030000 0.0000000000 1.5462930000
8.8641030000 0.0000000000 1.5462930000
-3.6963450000 0.0000000000 -6.6619890000
-3.3908050000 0.0000000000 0.6354450000
-1.7502870000 0.0000000000 1.5011430000
1.7719320000 0.0000000000 1.5013250000
-7.5491060000 0.0000000000 7.3397830000
7.5491060000 0.0000000000 7.3397830000
-1.6517350000 0.0000000000 -5.3752530000
-6.3193070000 0.0000000000 5.7116180000
6.3193070000 0.0000000000 5.7116180000
2.7760420000 0.0000000000 -5.8246670000
-0.2626110000 0.0000000000 -5.6904220000
3.3861170000 0.0000000000 0.6705280000
-0.2879450000 0.0000000000 -1.0660240000
0.0642380000 0.0000000000 -1.5310470000
0.0264310000 0.0000000000 -6.7923150000
0.4104600000 0.0000000000 -3.3528130000
7.4962500000 0.0000000000 5.6039860000
-7.4962500000 0.0000000000 5.6039860000
2.7944040000 0.0000000000 -3.9146510000
3.7079620000 0.0000000000 -6.6797840000
-0.3645690000 0.0000000000 -2.5594570000
-7.5512360000 0.0000000000 2.2775350000
7.5512360000 0.0000000000 2.2775350000
-5.9008060000 0.0000000000 0.5358360000
5.9030550000 0.0000000000 0.5335220000
-7.3935350000 0.0000000000 8.3928840000
7.3935350000 0.0000000000 8.3928840000
3.5419300000 0.0000000000 1.5266000000
-3.5419300000 0.0000000000 1.5266000000
-4.2796490000 0.0000000000 1.1043050000
4.2577010000 0.0000000000 1.0694100000
-6.5759460000 0.0000000000 10.6827070000
6.5759460000 0.0000000000 10.6827070000
2.0553670000 0.0000000000 13.3284990000
-2.0553670000 0.0000000000 13.3284990000
-1.8306370000 0.0000000000 0.6185370000
1.7558090000 0.0000000000 0.6271390000
3.7152960000 0.0000000000 -7.4642710000
-4.0945640000 0.0000000000 13.3147200000
4.0945640000 0.0000000000 13.3147200000
0.8269880000 0.0000000000 -4.2660400000
5.1285380000 0.0000000000 12.5506770000
-5.1285380000 0.0000000000 12.5506770000
3.7004250000 0.0000000000 -2.6391080000
-4.3246170000 0.0000000000 11.7647140000
4.3246170000 0.0000000000 11.7647140000
3.7669490000 0.0000000000 -5.7080160000
6.6412060000 0.0000000000 3.8794540000
-6.6412060000 0.0000000000 3.8794540000
-5.5907800000 0.0000000000 10.1738040000
5.5907800000 0.0000000000 10.1738040000
-3.7668490000 0.0000000000 -5.7629760000
-6.4191820000 0.0000000000 7.0002130000
6.4191820000 0.0000000000 7.0002130000
5.1808570000 0.0000000000 1.0887640000
-5.1537760000 0.0000000000 1.0775850000
2.4369390000 0.0000000000 -2.7729410000
6.3071570000 0.0000000000 8.2644500000
-6.3071570000 0.0000000000 8.2644500000
-2.5567140000 0.0000000000 0.9759240000
2.5634590000 0.0000000000 0.9860030000
-10.9408470000 0.0000000000 1.5202950000
10.9408470000 0.0000000000 1.5202950000
-6.8836690000 0.0000000000 0.4461960000
6.8836690000 0.0000000000 0.4461960000
0.2712630000 0.0000000000 -2.7834390000
2.0466030000 0.0000000000 -5.2231480000
7.0707210000 0.0000000000 9.6219280000
-7.0707210000 0.0000000000 9.6219280000
5.9167510000 0.0000000000 11.6785650000
-5.9167510000 0.0000000000 11.6785650000
2.8774450000 0.0000000000 -6.8579180000
-5.9369880000 0.0000000000 1.4123790000
5.9369880000 0.0000000000 1.4123790000
3.8212560000 0.0000000000 -0.2899360000
-3.7624910000 0.0000000000 -3.3649060000
-2.1397510000 0.0000000000 -5.8263640000
3.2548620000 0.0000000000 -4.2823830000
-7.5611710000 0.0000000000 6.6831700000
7.5611710000 0.0000000000 6.6831700000
8.9255720000 0.0000000000 0.4883770000
-8.9255720000 0.0000000000 0.4883770000
2.2150670000 0.0000000000 -1.7569690000
6.1617620000 0.0000000000 3.0268510000
-6.1617620000 0.0000000000 3.0268510000
2.0915030000 0.0000000000 -0.8104330000
-2.0936760000 0.0000000000 -7.5684950000
-0.4537270000 0.0000000000 14.4860340000
-3.8380220000 0.0000000000 -0.9295890000
-2.7012810000 0.0000000000 -1.9891500000
0.4274240000 0.0000000000 -5.0970080000
-3.0667960000 0.0000000000 -2.8420960000
0.4599750000 0.0000000000 14.4867810000
-1.1966500000 0.0000000000 -6.1653770000
6.7249290000 0.0000000000 2.9533440000
-6.7249290000 0.0000000000 2.9533440000
5.2361750000 0.0000000000 3.2392540000
-5.2361750000 0.0000000000 3.2392540000
-3.0915820000 0.0000000000 -6.4441730000
0.8141900000 0.0000000000 1.0249330000
-0.6120780000 0.0000000000 12.4051970000
0.6120780000 0.0000000000 12.4051970000
0.4139850000 0.0000000000 -0.1975090000
6.0885980000 0.0000000000 9.2121690000
-6.0885980000 0.0000000000 9.2121690000
-5.0981870000 0.0000000000 11.0495100000
5.0981870000 0.0000000000 11.0495100000
-3.1928030000 0.0000000000 -7.5364110000
-1.6873450000 0.0000000000 -4.7686000000
0.9609660000 0.0000000000 -7.0076890000
6.4909170000 0.0000000000 2.1287280000
-6.4909170000 0.0000000000 2.1287280000
3.2147440000 0.0000000000 -4.8492010000
0.6681780000 0.0000000000 -0.6789540000
-7.4915890000 0.0000000000 3.4548050000
7.4915890000 0.0000000000 3.4548050000
1.2592590000 0.0000000000 -0.5173960000
-2.2780810000 0.0000000000 -4.1123140000
2.1149260000 0.0000000000 -7.5987740000
0.8049850000 0.0000000000 -1.3317440000
-2.1463400000 0.0000000000 -0.2159460000
-0.7374060000 0.0000000000 -1.1893490000
0.0592460000 0.0000000000 0.6362750000
0.9935210000 0.0000000000 14.4330880000
-0.9929330000 0.0000000000 14.4330440000
-7.9903950000 0.0000000000 0.4439150000
7.9903950000 0.0000000000 0.4439150000
-1.1821050000 0.0000000000 -5.5545410000
3.2384690000 0.0000000000 -7.5583030000
2.2294100000 0.0000000000 -5.9999900000
1.6478060000 0.0000000000 -0.8963670000
3.7850240000 0.0000000000 -1.6996160000
1.5835520000 0.0000000000 -3.0003420000
3.2881630000 0.0000000000 -1.7255440000
-3.4673960000 0.0000000000 12.4592040000
3.4673960000 0.0000000000 12.4592040000
-3.7782000000 0.0000000000 -2.3418520000
-1.7665880000 0.0000000000 -1.7567030000
-2.2876180000 0.0000000000 -1.6589870000
-0.1685590000 0.0000000000 -4.2602280000
-0.2092580000 0.0000000000 13.1124040000
0.2246520000 0.0000000000 13.1065170000
1.2113530000 0.0000000000 -6.1711000000
-7.5158570000 0.0000000000 1.1057170000
7.5158570000 0.0000000000 1.1057170000
1.2942260000 0.0000000000 -5.6876550000
-4.7084300000 0.0000000000 1.8331470000
4.7084300000 0.0000000000 1.8331470000
-0.9147160000 0.0000000000 -7.0217110000
3.7426230000 0.0000000000 13.6014470000
-3.7426230000 0.0000000000 13.6014470000
-1.6601680000 0.0000000000 -6.8973230000
-0.2702900000 0.0000000000 13.9039190000
0.2751040000 0.0000000000 13.9056320000
-3.1343090000 0.0000000000 13.0950860000
3.1343090000 0.0000000000 13.0950860000
-1.5512440000 0.0000000000 1.0777080000
1.6032540000 0.0000000000 1.0610640000
-0.5949220000 0.0000000000 1.6354610000
1.8090680000 0.0000000000 12.3555600000
-1.8090680000 0.0000000000 12.3555600000
3.7854990000 0.0000000000 -3.6001330000
-0.3757730000 0.0000000000 -0.1046620000
-1.9200710000 0.0000000000 14.3021290000
1.9200710000 0.0000000000 14.3021290000
1.1500970000 0.0000000000 13.7927790000
-1.1500920000 0.0000000000 13.7851900000
-3.0869460000 0.0000000000 -5.8648140000
-0.4112820000 0.0000000000 -7.5759380000
-1.1237900000 0.0000000000 13.1935250000
1.1238770000 0.0000000000 13.1946940000
1.0449520000 0.0000000000 -2.1801170000
3.1710960000 0.0000000000 -3.2464050000
3.2116990000 0.0000000000 -6.6432880000
-2.4482120000 0.0000000000 -1.2407020000
3.1130040000 0.0000000000 -1.1409480000
1.7008990000 0.0000000000 -6.9246560000
11.6138150000 0.0000000000 0.3550520000
-11.6138150000 0.0000000000 0.3550520000
-1.4283220000 0.0000000000 -3.9329580000
-3.1772910000 0.0000000000 -1.6761900000
2.4434040000 0.0000000000 -6.8236850000
1.8635400000 0.0000000000 -4.1753530000
-7.6526870000 0.0000000000 6.0625000000
7.6526870000 0.0000000000 6.0625000000
-3.8736800000 0.0000000000 -1.4743650000
1.4428000000 0.0000000000 -1.3676900000
-1.1944890000 0.0000000000 -2.2373940000
-6.9673500000 0.0000000000 3.4158030000
6.9673500000 0.0000000000 3.4158030000
-3.0874410000 0.0000000000 0.1157900000
0.4575700000 0.0000000000 -6.0553370000
2.5360320000 0.0000000000 0.1980400000
3.1666650000 0.0000000000 -2.2467880000
1.7505010000 0.0000000000 -1.8805070000
2.3427710000 0.0000000000 -4.3301350000
-3.1765010000 0.0000000000 -4.8674140000
-6.3365380000 0.0000000000 0.3231410000
6.3365380000 0.0000000000 0.3231410000
1.8448510000 0.0000000000 -5.6374630000
-2.4152500000 0.0000000000 0.5653970000
1.8958200000 0.0000000000 -3.5424190000
2.3080880000 0.0000000000 0.5899140000
5.7150710000 0.0000000000 3.9731300000
-5.7150710000 0.0000000000 3.9731300000
-1.7191850000 0.0000000000 -0.9267120000
-7.5618930000 0.0000000000 2.7273010000
7.5618930000 0.0000000000 2.7273010000
-3.3023440000 0.0000000000 -4.3631240000
-0.3041340000 0.0000000000 -1.9666850000
-3.8009330000 0.0000000000 -4.3012910000
-6.0803320000 0.0000000000 1.0242710000
6.0807820000 0.0000000000 1.0238090000
6.1532090000 0.0000000000 3.6405900000
-6.1532090000 0.0000000000 3.6405900000
6.8465530000 0.0000000000 5.0180830000
-6.8465530000 0.0000000000 5.0180830000
-0.3904060000 0.0000000000 -6.0697800000
0.0572320000 0.0000000000 -3.6002860000
5.9955040000 0.0000000000 2.3554410000
-5.9955040000 0.0000000000 2.3554410000
-0.7839680000 0.0000000000 0.8415600000
3.8962180000 0.0000000000 -7.0721930000
4.6780580000 0.0000000000 2.6491780000
-4.6780580000 0.0000000000 2.6491780000
11.7142860000 0.0000000000 1.7500000000
-11.7142860000 0.0000000000 1.7500000000
0.4185460000 0.0000000000 -7.5906690000
1.9117910000 0.0000000000 -2.7219960000
1.5610170000 0.0000000000 13.0161040000
-1.5610120000 0.0000000000 13.0160430000
-0.9216670000 0.0000000000 -1.5396150000
3.7939010000 0.0000000000 1.9379980000
-3.7939010000 0.0000000000 1.9379980000
4.8038960000 0.0000000000 12.8600110000
-4.8038960000 0.0000000000 12.8600110000
1.7071280000 0.0000000000 13.8319510000
-1.7071280000 0.0000000000 13.8306870000
-0.8038420000 0.0000000000 -4.7122640000
-3.8906990000 0.0000000000 -7.0513970000
-11.6278070000 0.0000000000 1.1145060000
11.6278070000 0.0000000000 1.1145060000
7.6144010000 0.0000000000 7.8957260000
-7.6144010000 0.0000000000 7.8957260000
-0.3036380000 0.0000000000 -4.6958570000
-0.1066460000 0.0000000000 0.9764370000
7.5806580000 0.0000000000 4.0116660000
-7.5806580000 0.0000000000 4.0116660000
-7.6794070000 0.0000000000 4.7789060000
7.6794070000 0.0000000000 4.7789060000
-2.1886290000 0.0000000000 -2.5470370000
12.0000000000 -1.0463070000 1.0101420000
12.0000000000 -4.0065810000 1.0028940000
12.0000000000 -2.1240720000 0.9962900000
12.0000000000 -3.0812500000 0.8984380000
12.0000000000 -1.5776080000 0.6197130000
12.0000000000 -1.5814530000 1.3844090000
12.0000000000 -0.4927860000 0.7743320000
12.0000000000 -4.4875000000 0.7500000000
12.0000000000 -3.4621170000 1.3624360000
12.0000000000 -0.5014590000 1.3654070000
12.0000000000 -4.5049570000 1.3626370000
12.0000000000 -2.7107890000 1.3548650000
12.0000000000 -3.5041890000 0.5910950000
12.0000000000 -2.5893340000 0.6934240000
12.0000000000 -0.8971490000 0.4587590000
12.0000000000 -1.0336230000 1.5233720000
12.0000000000 -4.1220130000 0.4487260000
12.0000000000 -2.1635610000 1.5413470000
12.0000000000 -4.0197310000 1.5455930000
12.0000000000 -2.1022600000 0.4644590000
12.0000000000 -0.3911930000 0.3483660000
12.0000000000 -4.6088070000 0.3483660000
12.0000000000 -4.7107070000 1.7254710000
12.0000000000 -0.2816150000 1.7163520000
12.0000000000 -2.9935380000 0.4409970000
9.9442390000 -1.9212010000 2.0000000000
10.0113290000 -3.5402100000 2.0000000000
9.1777430000 -1.0913480000 2.0000000000
10.9019020000 -1.1430520000 2.0000000000
9.1300120000 -2.7435620000 2.0000000000
10.9309980000 -2.8187400000 2.0000000000
9.0251110000 -3.9804830000 2.0000000000
10.9748890000 -3.9804830000 2.0000000000
10.0000000000 -0.8477040000 2.0000000000
11.1374010000 -1.8990240000 2.0000000000
8.8421540000 -1.9487070000 2.0000000000
10.0013490000 -4.1878110000 2.0000000000
9.8306290000 -2.5603960000 2.0000000000
8.6360120000 -3.3944180000 2.0000000000
11.3536910000 -3.3796720000 2.0000000000
8.6957680000 -0.7680890000 2.0000000000
11.3123590000 -0.7733650000 2.0000000000
9.4749920000 -0.5495180000 2.0000000000
10.5036750000 -0.5757690000 2.0000000000
9.3560450000 -3.4505560000 2.0000000000
10.6746870000 -3.4240300000 2.0000000000
9.4967330000 -4.4782410000 2.0000000000
10.5036520000 -4.4782410000 2.0000000000
9.7303180000 -1.3728650000 2.0000000000
8.5890170000 -4.4028650000 2.0000000000
11.4109830000 -4.4028650000 2.0000000000
10.5817020000 -1.7967670000 2.0000000000
9.4145180000 -2.1909760000 2.0000000000
8.5960010000 -1.4153800000 2.0000000000
11.4323480000 -1.4003290000 2.0000000000
8.5771960000 -2.4631710000 2.0000000000
11.4062020000 -2.4882010000 2.0000000000
10.3839850000 -2.4212820000 2.0000000000
9.5914690000 -3.9013730000 2.0000000000
10.4038310000 -3.8921920000 2.0000000000
8.4987950000 -3.8972460000 2.0000000000
11.5006690000 -3.8964780000 2.0000000000
10.3173370000 -1.2701560000 2.0000000000
9.2841620000 -1.6567460000 2.0000000000
10.2615440000 -2.9861880000 2.0000000000
10.0000000000 -0.3757030000 2.0000000000
11.5636780000 -2.9110820000 2.0000000000
8.4423980000 -2.8979900000 2.0000000000
10.8500520000 -2.2810500000 2.0000000000
9.5957630000 -0.9653590000 2.0000000000
11.0026410000 -4.5907100000 2.0000000000
8.9973590000 -4.5907100000 2.0000000000
8.9943610000 -0.4278490000 2.0000000000
10.9739140000 -0.4146790000 2.0000000000
8.4067810000 -2.0751950000 2.0000000000
11.5932190000 -2.0751950000 2.0000000000
11.6273870000 -0.9998360000 2.0000000000
8.3726130000 -0.9998360000 2.0000000000
11.5800320000 -0.4442060000 2.0000000000
8.4015370000 -0.4273010000 2.0000000000
9.7179120000 -3.0561820000 2.0000000000
10.0002480000 -4.6481820000 2.0000000000
11.7142860000 -4.6875000000 2.0000000000
8.2857140000 -4.6875000000 2.0000000000
8.0000000000 -2.5653180000 4.5481040000
8.0000000000 -1.6073720000 3.5595980000
8.0000000000 -1.5047010000 5.4351240000
8.0000000000 -3.4527710000 3.5482260000
8.0000000000 -3.5093500000 5.5043940000
8.0000000000 -1.0842350000 4.4461400000
8.0000000000 -2.5066010000 5.9513280000
8.0000000000 -2.4792700000 3.0649000000
8.0000000000 -3.9351000000 4.5201010000
8.0000000000 -0.8504810000 2.8403400000
8.0000000000 -0.8403400000 6.1495190000
8.0000000000 -4.1495190000 2.8403400000
8.0000000000 -4.1596600000 6.1495190000
8.0000000000 -1.7589380000 4.1741570000
8.0000000000 -2.8138140000 3.7552930000
8.0000000000 -2.1583090000 5.2237650000
8.0000000000 -3.1839230000 4.8079580000
8.0000000000 -0.7605570000 3.8284250000
8.0000000000 -1.8038270000 2.7683550000
8.0000000000 -1.8038270000 6.2316450000
8.0000000000 -0.7296330000 5.2072640000
8.0000000000 -4.2461430000 3.8393360000
8.0000000000 -4.2316450000 5.1961730000
8.0000000000 -3.1702080000 2.7610690000
8.0000000000 -3.1461070000 6.2703190000
8.0000000000 -2.1612020000 3.6611400000
8.0000000000 -2.9009670000 5.4049070000
8.0000000000 -1.5972420000 4.8610870000
8.0000000000 -3.3284860000 4.1951870000
8.0000000000 -2.6735010000 2.5132780000
8.0000000000 -0.4519600000 4.2954610000
8.0000000000 -2.6826850000 6.5293500000
8.0000000000 -4.5023850000 4.3237740000
8.0000000000 -1.3264440000 6.5031360000
8.0000000000 -1.3479550000 2.4918050000
8.0000000000 -0.5272730000 3.3131420000
8.0000000000 -0.4853510000 5.6538940000
8.0000000000 -4.4545450000 3.3031640000
8.0000000000 -3.6968360000 6.4545450000
8.0000000000 -4.5081950000 5.6520450000
8.0000000000 -3.6617510000 2.5062660000
8.0000000000 -3.0375190000 3.2679470000
8.0000000000 -1.2732480000 3.9523530000
8.0000000000 -1.9435640000 5.7271180000
8.0000000000 -3.7171410000 5.0145040000
8.0000000000 -2.2065390000 2.4347970000
8.0000000000 -2.2092010000 6.5694930000
8.0000000000 -4.5663450000 4.7932160000
8.0000000000 -0.4547040000 4.8083560000
8.0000000000 -2.1152910000 4.6459870000
8.0000000000 -2.6253590000 4.9947930000
8.0000000000 -1.9241480000 3.2600930000
8.0000000000 -3.7399070000 3.9241480000
8.0000000000 -0.4855760000 2.4855760000
8.0000000000 -0.4855760000 6.5144240000
8.0000000000 -4.5144240000 2.4855760000
8.0000000000 -4.5144240000 6.5144240000
8.0000000000 -1.0700670000 3.4153720000
8.0000000000 -1.3684960000 5.9524360000
8.0000000000 -3.9402360000 3.4089310000
8.0000000000 -3.6133210000 5.9604210000
8.0000000000 -1.4339750000 3.0559270000
8.0000000000 -3.5832930000 3.0275000000
8.0000000000 -1.0112820000 5.5573400000
8.0000000000 -3.9694310000 5.5849430000
8.0000000000 -2.8764740000 4.2507850000
8.0000000000 -2.3443950000 4.1585630000
8.0000000000 -3.1582550000 5.7938240000
8.0000000000 -1.1195050000 4.9735930000
8.0000000000 -0.9118020000 2.3635440000
8.0000000000 -0.9054720000 6.6334160000
8.0000000000 -0.3622530000 6.0885670000
8.0000000000 -0.3726660000 2.9028120000
8.0000000000 -4.6364560000 6.0881980000
8.0000000000 -4.6236980000 2.9008160000
8.0000000000 -4.0991840000 6.6236980000
8.0000000000 -4.0901390000 2.3664360000
-8.0000000000 -2.5653180000 4.5481040000
-8.0000000000 -1.6073720000 3.5595980000
-8.0000000000 -1.5047010000 5.4351240000
-8.0000000000 -3.4527710000 3.5482260000
-8.0000000000 -3.4845930000 5.5013160000
-8.0000000000 -1.0842350000 4.4461400000
-8.0000000000 -2.5066010000 5.9513280000
-8.0000000000 -2.4792700000 3.0649000000
-8.0000000000 -3.9351000000 4.5201010000
-8.0000000000 -0.8504810000 2.8403400000
-8.0000000000 -0.8403400000 6.1495190000
-8.0000000000 -4.1495190000 2.8403400000
-8.0000000000 -4.1495190000 6.1596600000
-8.0000000000 -1.7589380000 4.1741570000
-8.0000000000 -2.8138140000 3.7552930000
-8.0000000000 -2.1583090000 5.2237650000
-8.0000000000 -3.1808280000 4.8075730000
-8.0000000000 -0.7605570000 3.8284250000
-8.0000000000 -1.8038270000 6.2316450000
-8.0000000000 -1.8038270000 2.7683550000
-8.0000000000 -4.2461430000 3.8393360000
-8.0000000000 -0.7296330000 5.2072640000
-8.0000000000 -4.2316450000 5.1961730000
-8.0000000000 -3.1702080000 2.7610690000
-8.0000000000 -3.1262870000 6.2736880000
-8.0000000000 -2.1612020000 3.6611400000
-8.0000000000 -2.8997590000 5.4047570000
-8.0000000000 -1.5972420000 4.8610870000
-8.0000000000 -3.3283520000 4.1951700000
-8.0000000000 -2.6735010000 2.5132780000
-8.0000000000 -0.4519600000 4.2954610000
-8.0000000000 -2.6860300000 6.5620010000
-8.0000000000 -4.5023850000 4.3237740000
-8.0000000000 -1.3479550000 2.4918050000
-8.0000000000 -1.3264440000 6.5031360000
-8.0000000000 -0.5272730000 3.3131420000
-8.0000000000 -0.4853510000 5.6538940000
-8.0000000000 -4.4545450000 3.3031640000
-8.0000000000 -4.5031360000 5.6735560000
-8.0000000000 -3.6968360000 6.4545450000
-8.0000000000 -3.6617510000 2.5062660000
-8.0000000000 -3.0375190000 3.2679470000
-8.0000000000 -1.9435640000 5.7271180000
-8.0000000000 -1.2732480000 3.9523530000
-8.0000000000 -3.7290040000 5.0493900000
-8.0000000000 -2.2065390000 2.4347970000
-8.0000000000 -2.1988210000 6.5756210000
-8.0000000000 -4.5663450000 4.7932160000
-8.0000000000 -0.4547040000 4.8083560000
-8.0000000000 -2.1152910000 4.6459870000
-8.0000000000 -2.6253590000 4.9947930000
-8.0000000000 -1.9241480000 3.2600930000
-8.0000000000 -3.7399070000 3.9241480000
-8.0000000000 -0.4855760000 2.4855760000
-8.0000000000 -0.4855760000 6.5144240000
-8.0000000000 -4.5144240000 2.4855760000
-8.0000000000 -4.5144240000 6.5144240000
-8.0000000000 -1.0700670000 3.4153720000
-8.0000000000 -1.3684960000 5.9524360000
-8.0000000000 -3.9402360000 3.4089310000
-8.0000000000 -3.9494040000 5.5969540000
-8.0000000000 -1.4339750000 3.0559270000
-8.0000000000 -3.5832930000 3.0275000000
-8.0000000000 -1.0112820000 5.5573400000
-8.0000000000 -3.5954970000 5.9618970000
-8.0000000000 -2.8764740000 4.2507850000
-8.0000000000 -2.3443950000 4.1585630000
-8.0000000000 -3.1503830000 5.7973830000
-8.0000000000 -1.1195050000 4.9735930000
-8.0000000000 -0.9118020000 2.3635440000
-8.0000000000 -0.9054720000 6.6334160000
-8.0000000000 -0.3622530000 6.0885670000
-8.0000000000 -0.3726660000 2.9028120000
-8.0000000000 -4.6334160000 6.0945280000
-8.0000000000 -4.6236980000 2.9008160000
-8.0000000000 -4.0971560000 6.6257260000
-8.0000000000 -4.0901390000 2.3664360000
7.6877290000 -2.5000440000 9.2133290000
7.2640010000 -2.5000430000 10.3517590000
7.0241740000 -2.5000370000 10.8289660000
6.7389670000 -2.5000300000 11.3111870000
6.3834580000 -2.5000240000 11.8219780000
5.9965800000 -2.5000180000 12.2953780000
5.5452440000 -2.5000130000 12.7663040000
5.0747930000 -2.5000090000 13.1843730000
4.6286410000 -2.5000070000 13.5250050000
4.1323430000 -2.5000040000 13.8500900000
3.5987640000 -2.5000030000 14.1448510000
3.0370430000 -2.5000020000 14.4011060000
2.4531940000 -2.5000010000 14.6145810000
1.8521010000 -2.5000010000 14.7826550000
1.2382260000 -2.5000000000 14.9035940000
0.6158350000 -2.5000000000 14.9762610000
-0.0109160000 -2.5000000000 14.9999930000
-0.6379540000 -2.5000000000 14.9745230000
-1.2612760000 -2.5000000000 14.8999480000
-1.8769570000 -2.5000000000 14.7766980000
-2.4811540000 -2.5000000000 14.6055160000
-3.0701300000 -2.5000000000 14.3874420000
-3.6402690000 -2.5000000000 14.1237940000
-4.1881070000 -2.5000000000 13.8161390000
-4.7103930000 -2.5000000000 13.4662350000
-5.2042500000 -2.5000000000 13.0758360000
-5.6679070000 -2.5000000000 12.6457800000
-6.1048360000 -2.5000000000 12.1702010000
-6.5534930000 -2.5000000000 11.5882170000
-6.9128490000 -2.5000000000 11.0264780000
-7.2311950000 -2.5000000000 10.4219610000
-7.4929990000 -2.5000000000 9.8026720000
7.8954880000 -2.5000330000 8.2889050000
7.5101710000 -2.5000430000 9.7563250000
-7.8493520000 -2.5000000000 8.5452100000
7.8789870000 -1.2913120000 8.3862020000
-7.8490250000 -1.0871040000 8.5468680000
7.8789940000 -3.7087400000 8.3861630000
-7.8490250000 -3.9128960000 8.5468680000
7.9442740000 -1.6142340000 7.9426110000
-7.9309880000 -1.5251160000 8.0485400000
7.9442770000 -3.3858090000 7.9425840000
-7.9309880000 -3.4748840000 8.0485400000
7.9449340000 -1.0144950000 7.9370270000
-7.9392620000 -0.9259730000 7.9839310000
7.9449370000 -3.9855330000 7.9370080000
-7.9392620000 -4.0740270000 7.9839310000
7.9886730000 -0.6800000000 7.4255660000
-7.9879820000 -0.6549790000 7.4383490000
7.9886730000 -4.3200090000 7.4255600000
-7.9879820000 -4.3450210000 7.4383490000
7.7889400000 -1.5687280000 8.8254900000
-7.7335590000 -1.3607020000 9.0474530000
7.7889540000 -3.4313400000 8.8254300000
-7.7335590000 -3.6392980000 9.0474530000
7.6763130000 -1.1165780000 9.2526030000
7.5184880000 -1.4525790000 9.7335580000
7.3600470000 -1.2110760000 10.1352370000
7.1219220000 -1.3750760000 10.6439310000
6.7819540000 -1.2819840000 11.2432410000
6.4239890000 -1.2288290000 11.7678480000
6.1048340000 -1.1747630000 12.1702030000
5.8454750000 -1.4557700000 12.4617230000
5.5650380000 -1.2021690000 12.7472040000
5.1831570000 -1.3579540000 13.0938390000
4.6678950000 -1.2906490000 13.4969810000
4.1508260000 -1.2661690000 13.8389070000
3.6096680000 -1.2565160000 14.1393490000
3.0445140000 -1.2526340000 14.3980360000
2.4588270000 -1.2510660000 14.6127640000
1.8566520000 -1.2504320000 14.7815710000
1.2421130000 -1.2501750000 14.9029840000
0.6193040000 -1.2500710000 14.9759930000
-0.0077180000 -1.2500290000 14.9999960000
-0.6349420000 -1.2500120000 14.9747630000
-1.2584060000 -1.2500060000 14.9004060000
-1.8742050000 -1.2500040000 14.7773620000
-2.4785120000 -1.2500050000 14.6063770000
-3.0675890000 -1.2500090000 14.3884980000
-3.6378080000 -1.2500200000 14.1250510000
-4.1856680000 -1.2500490000 13.8176380000
-4.7077840000 -1.2501210000 13.4681350000
-5.2008250000 -1.2503050000 13.0787680000
-5.6611640000 -1.2508200000 12.6525420000
-6.0836120000 -1.2527520000 12.1951580000
-6.4592450000 -1.2648160000 11.7199740000
-6.8137080000 -1.3750270000 11.1920620000
-7.1330120000 -1.2970160000 10.6221730000
-7.3997450000 -1.3504900000 10.0403560000
-7.5882270000 -1.1861680000 9.5335380000
7.6763220000 -3.8834780000 9.2525720000
7.5184960000 -3.5474910000 9.7335360000
7.3600520000 -3.7889830000 10.1352250000
7.1219250000 -3.6249810000 10.6439250000
6.7819560000 -3.7180600000 11.2432390000
6.4239890000 -3.7712040000 11.7678470000
6.1048340000 -3.8252640000 12.1702030000
5.8454760000 -3.5442560000 12.4617230000
5.5650380000 -3.7978490000 12.7472040000
5.1831580000 -3.6420620000 13.0938390000
4.6678950000 -3.7093610000 13.4969810000
4.1508260000 -3.7338370000 13.8389060000
3.6096680000 -3.7434880000 14.1393490000
3.0445140000 -3.7473680000 14.3980360000
2.4588270000 -3.7489360000 14.6127640000
1.8566520000 -3.7495690000 14.7815710000
1.2421130000 -3.7498260000 14.9029840000
0.6193040000 -3.7499290000 14.9759930000
-0.0077180000 -3.7499710000 14.9999960000
-0.6349420000 -3.7499880000 14.9747630000
-1.2584060000 -3.7499940000 14.9004060000
-1.8742050000 -3.7499960000 14.7773620000
-2.4785120000 -3.7499950000 14.6063770000
-3.0675890000 -3.7499910000 14.3884980000
-3.6378080000 -3.7499800000 14.1250510000
-4.1856680000 -3.7499510000 13.8176380000
-4.7077840000 -3.7498790000 13.4681350000
-5.2008250000 -3.7496950000 13.0787680000
-5.6611640000 -3.7491800000 12.6525420000
-6.0836120000 -3.7472480000 12.1951580000
-6.4592450000 -3.7351840000 11.7199740000
-6.8137080000 -3.6249730000 11.1920620000
-7.1330120000 -3.7029840000 10.6221730000
-7.3997450000 -3.6495100000 10.0403560000
-7.5882270000 -3.8138320000 9.5335380000
7.9413650000 -2.0980760000 7.9668140000
7.9413670000 -2.9019730000 7.9667960000
-7.9224650000 -2.0493330000 8.1111050000
-7.9224650000 -2.9506670000 8.1111050000
7.9684340000 -2.5000180000 7.7099680000
-7.9574750000 -2.5000000000 7.8237640000
-7.7824760000 -0.5983160000 8.8528540000
-7.7824760000 -4.4016840000 8.8528540000
7.9833640000 -1.9987920000 7.5156480000
7.9833650000 -3.0012330000 7.5156390000
-7.9787240000 -1.9693650000 7.5830590000
-7.9787240000 -3.0306350000 7.5830590000
7.9861420000 -3.5945970000 7.4706780000
7.9861410000 -1.4054200000 7.4706880000
-7.9837480000 -3.6332610000 7.5096780000
-7.9837480000 -1.3667390000 7.5096780000
7.8815510000 -1.8772970000 8.3715510000
7.8815600000 -3.1227630000 8.3715020000
-7.8486380000 -1.7521820000 8.5488330000
-7.8486380000 -3.2478180000 8.5488330000
7.8674990000 -0.6309200000 8.4499880000
-7.8748990000 -0.5047560000 8.4092420000
7.8675020000 -4.3691060000 8.4499690000
-7.8748990000 -4.4952440000 8.4092420000
7.9446520000 -0.4650830000 7.9394180000
-7.9442130000 -0.4171410000 7.9431190000
7.9446530000 -4.5349300000 7.9394090000
-7.9442130000 -4.5828590000 7.9431190000
-7.6823320000 -2.5000000000 9.2319890000
7.7524440000 -0.6033620000 8.9747450000
-7.6772990000 -0.7246170000 9.2492410000
7.7524480000 -4.3966690000 8.9747270000
-7.6772990000 -4.2753830000 9.2492410000
7.5057500000 -0.7118790000 9.7683410000
7.5057550000 -4.2881560000 9.7683280000
7.6510690000 -1.8935840000 9.3369110000
7.6510810000 -3.1064930000 9.3368710000
7.2568210000 -0.6592010000 10.3672750000
7.2568240000 -4.3408290000 10.3672700000
6.9673570000 -0.6571740000 10.9314050000
6.6258880000 -0.6267800000 11.4830360000
6.2224200000 -0.5926890000 12.0280700000
5.8286130000 -0.7762240000 12.4797150000
5.4019150000 -0.6659440000 12.9007890000
4.9375140000 -0.6593170000 13.2945180000
4.4291490000 -0.6413540000 13.6620300000
3.8960050000 -0.6319880000 13.9872130000
3.3391520000 -0.6278860000 14.2698050000
2.7610590000 -0.6261770000 14.5084320000
2.1652150000 -0.6254780000 14.7014180000
1.5554530000 -0.6251940000 14.8473290000
0.9357030000 -0.6250790000 14.9450900000
0.3099190000 -0.6250320000 14.9939950000
-0.3179470000 -0.6250130000 14.9936790000
-0.9439590000 -0.6250060000 14.9441140000
-1.5642180000 -0.6250030000 14.8455860000
-2.1748740000 -0.6250030000 14.6986960000
-2.7721520000 -0.6250040000 14.5043440000
-3.3523660000 -0.6250090000 14.2637210000
-3.9119400000 -0.6250230000 13.9783040000
-4.4474130000 -0.6250620000 13.6498510000
-4.9554140000 -0.6251760000 13.2804350000
-5.4325530000 -0.6255680000 12.8725940000
-5.8751830000 -0.6271080000 12.4297540000
-6.2797350000 -0.6335090000 11.9563020000
-6.6478970000 -0.6563770000 11.4503330000
-6.9793270000 -0.6649070000 10.9101150000
-7.2660200000 -0.6610220000 10.3473800000
6.9673580000 -4.3428520000 10.9314020000
6.6258880000 -4.3732400000 11.4830350000
6.2224200000 -4.4073260000 12.0280700000
5.8286130000 -4.2237920000 12.4797150000
5.4019150000 -4.3340650000 12.9007890000
4.9375140000 -4.3406900000 13.2945180000
4.4291490000 -4.3586500000 13.6620300000
3.8960050000 -4.3680150000 13.9872130000
3.3391520000 -4.3721160000 14.2698050000
2.7610590000 -4.3738240000 14.5084320000
2.1652150000 -4.3745230000 14.7014180000
1.5554530000 -4.3748060000 14.8473290000
0.9357030000 -4.3749210000 14.9450900000
0.3099190000 -4.3749680000 14.9939950000
-0.3179470000 -4.3749870000 14.9936790000
-0.9439590000 -4.3749940000 14.9441140000
-1.5642180000 -4.3749970000 14.8455860000
-2.1748740000 -4.3749970000 14.6986960000
-2.7721520000 -4.3749960000 14.5043440000
-3.3523660000 -4.3749910000 14.2637210000
-3.9119400000 -4.3749770000 13.9783040000
-4.4474130000 -4.3749380000 13.6498510000
-4.9554140000 -4.3748240000 13.2804350000
-5.4325530000 -4.3744320000 12.8725940000
-5.8751830000 -4.3728920000 12.4297540000
-6.2797350000 -4.3664910000 11.9563020000
-6.6478970000 -4.3436230000 11.4503330000
-6.9793270000 -4.3350930000 10.9101150000
-7.2660200000 -4.3389780000 10.3473800000
-7.4985510000 -0.6537160000 9.7877830000
-7.4985510000 -4.3462840000 9.7877830000
7.3567740000 -1.8566300000 10.1429100000
7.3567770000 -3.1434450000 10.1429010000
-7.3997470000 -2.0009990000 10.0403520000
-7.3997470000 -2.9990010000 10.0403520000
7.1419380000 -2.0318730000 10.6045420000
7.1419390000 -2.9681990000 10.6045390000
5.5407820000 -1.7549520000 12.7705930000
5.5407820000 -3.2450710000 12.7705930000
-6.5863140000 -1.8050990000 11.5409760000
-6.5863140000 -3.1949010000 11.5409760000
-7.2452810000 -1.8131930000 10.3920350000
-7.2452810000 -3.1868070000 10.3920350000
-7.5896040000 -1.8413140000 9.5294090000
-7.5896040000 -3.1586860000 9.5294090000
7.7925400000 -2.1913950000 8.8100600000
7.7925710000 -2.8086780000 8.8099290000
7.6539580000 -0.5437180000 9.3274280000
7.6539630000 -4.4563100000 9.3274130000
7.5145370000 -1.9257090000 9.7444020000
7.5145430000 -3.0743680000 9.7443840000
6.9071780000 -1.9275770000 11.0361970000
6.9071800000 -3.0724830000 11.0361950000
6.5788030000 -1.8764570000 11.5518510000
6.5788040000 -3.1235900000 11.5518500000
6.1748760000 -1.8202960000 12.0863450000
6.1748760000 -3.1797400000 12.0863450000
5.8266780000 -2.0062100000 12.4817720000
5.8266780000 -2.9938200000 12.4817720000
5.2481190000 -2.0075950000 13.0379830000
5.2481190000 -2.9924250000 13.0379830000
4.8720390000 -1.9250450000 13.3453320000
4.8720390000 -3.0749700000 13.3453320000
4.3936630000 -1.8940540000 13.6854860000
4.3936630000 -3.1059560000 13.6854860000
3.8737310000 -1.8824520000 13.9995860000
3.8737310000 -3.1175540000 13.9995860000
3.3237380000 -1.8779670000 14.2768650000
3.3237380000 -3.1220380000 14.2768650000
2.7496190000 -1.8761920000 14.5126290000
2.7496190000 -3.1238110000 14.5126290000
2.1562120000 -1.8754810000 14.7039440000
2.1562120000 -3.1245210000 14.7039440000
1.5479790000 -1.8751950000 14.8488060000
1.5479790000 -3.1248060000 14.8488060000
0.9291970000 -1.8750790000 14.9458540000
0.9291970000 -3.1249220000 14.9458540000
0.3040350000 -1.8750320000 14.9942210000
0.3040350000 -3.1249680000 14.9942210000
-0.3234170000 -1.8750130000 14.9934600000
-0.3234170000 -3.1249870000 14.9934600000
-0.9491340000 -1.8750060000 14.9434970000
-0.9491340000 -3.1249940000 14.9434970000
-1.5691600000 -1.8750030000 14.8445990000
-1.5691600000 -3.1249970000 14.8445990000
-2.1796130000 -1.8750030000 14.6973560000
-2.1796130000 -3.1249970000 14.6973560000
-2.7767030000 -1.8750040000 14.5026610000
-2.7767030000 -3.1249960000 14.5026610000
-3.3567490000 -1.8750090000 14.2616970000
-3.3567490000 -3.1249910000 14.2616970000
-3.9161970000 -1.8750210000 13.9759160000
-3.9161970000 -3.1249790000 13.9759160000
-4.4516530000 -1.8750470000 13.6470130000
-4.4516530000 -3.1249530000 13.6470130000
-4.9599150000 -1.8750880000 13.2768810000
-4.9599150000 -3.1249120000 13.2768810000
-5.4380230000 -1.8750570000 12.8675290000
-5.4380230000 -3.1249430000 12.8675290000
-5.8830160000 -1.8741270000 12.4212650000
-5.8830160000 -3.1258730000 12.4212650000
-6.2874860000 -1.8661320000 11.9464650000
-6.2874860000 -3.1338680000 11.9464650000
-6.7855520000 -2.0195170000 11.2374850000
-6.7855520000 -2.9804830000 11.2374850000
-7.0289960000 -1.9174590000 10.8201080000
-7.0289960000 -3.0825410000 10.8201080000
-7.7503220000 -1.9908400000 8.9830540000
-7.7503220000 -3.0091600000 8.9830540000
7.7024370000 -0.2867700000 9.1615890000
-7.7162670000 -0.3307330000 9.1116860000
7.7024390000 -4.7132450000 9.1615800000
-7.7162670000 -4.6692670000 9.1116860000
7.7996070000 -1.0421800000 8.7793620000
-7.7649050000 -0.9426850000 8.9251610000
7.7996150000 -3.9578670000 8.7793290000
-7.7649050000 -4.0573150000 8.9251610000
5.9527900000 -0.3422280000 12.3445570000
5.9527910000 -4.6577790000 12.3445560000
-4.9758930000 -2.5000450000 10.3526830000
-5.5474530000 -2.5000570000 9.2859940000
-5.7209090000 -2.5000630000 8.8086470000
-5.8550850000 -2.5000730000 8.3107170000
-5.9515570000 -2.5000910000 7.7608990000
-5.9972740000 -2.5001180000 7.1808360000
-5.9851960000 -2.5001560000 6.5787700000
-5.9092810000 -2.5001940000 5.9605790000
-5.7634660000 -2.5001770000 5.3319310000
-5.5588570000 -2.4998410000 4.7418800000
-5.1649010000 -2.4955970000 3.9465100000
-4.4889430000 -2.5000350000 10.9811300000
-5.2746270000 -2.5000490000 9.8597740000
-5.3897620000 -2.4987480000 4.3636260000
-4.2103450000 -1.6139420000 11.2746930000
-4.1092400000 -1.7156930000 2.6280270000
-4.2203480000 -3.3013130000 2.7351830000
-4.2103470000 -3.3861010000 11.2746910000
-4.3870440000 -0.9508970000 11.0931460000
-4.3700840000 -1.0389220000 2.8887510000
-4.3921620000 -4.0019410000 2.9123460000
-4.3870460000 -4.0491340000 11.0931440000
-4.0874960000 -0.6041160000 11.3923090000
-4.0757540000 -0.6361370000 2.5967930000
-4.0890260000 -4.3765270000 2.6091160000
-4.0874960000 -4.3958970000 11.3923080000
-3.7611780000 -0.3364960000 11.6747770000
-3.7574320000 -0.3446630000 2.3222120000
-3.7616110000 -4.6583690000 2.3255710000
-3.7611780000 -4.6635070000 11.6747770000
-4.6803180000 -1.6485090000 10.7542800000
-4.8320030000 -1.7997250000 3.4430710000
-4.6803220000 -3.3515550000 10.7542760000
-4.7449080000 -3.2126480000 3.3276920000
-5.0252850000 -1.2638980000 10.2781860000
-5.2756080000 -1.5101530000 9.8579630000
-5.4723290000 -1.2489620000 9.4604090000
-5.6690070000 -1.4048340000 8.9652880000
-5.8451350000 -1.3287960000 8.3544010000
-5.9475250000 -1.2962320000 7.7918030000
-5.9962240000 -1.2698500000 7.2128390000
-5.9873260000 -1.2577080000 6.6102290000
-5.9155220000 -1.2519850000 5.9967070000
-5.7810770000 -1.2480900000 5.3940290000
-5.6337210000 -1.2446230000 4.9357360000
-5.5113390000 -1.4932320000 4.6282630000
-5.3227130000 -1.3850670000 4.2307530000
-5.0602640000 -1.2722020000 3.7760700000
-5.0252880000 -3.7361640000 10.2781830000
-5.2756110000 -3.4899270000 9.8579590000
-5.4723320000 -3.7511120000 9.4604020000
-5.6690120000 -3.5952570000 8.9652740000
-5.8451440000 -3.6713100000 8.3543610000
-5.9475380000 -3.7039000000 7.7917020000
-5.9962330000 -3.7303260000 7.2125870000
-5.9872860000 -3.7425440000 6.6096050000
-5.9152650000 -3.7484070000 5.9951920000
-5.7801000000 -3.7525980000 5.3905130000
-5.6312150000 -3.7566990000 4.9289100000
-5.5066220000 -3.5084530000 4.6173300000
-5.3118510000 -3.6192420000 4.2099750000
-5.0358960000 -3.7421480000 3.7381370000
-4.7354900000 -1.0589690000 10.6844450000
-4.7578800000 -1.1634040000 3.3445130000
-4.7354920000 -3.9410750000 10.6844430000
-4.7423820000 -3.8814950000 3.3244300000
-4.0597030000 -2.3963710000 2.5819900000
-4.1332390000 -2.5000250000 11.3492920000
-3.9174350000 -3.8335220000 2.4553650000
-3.8818280000 -1.1784100000 2.4249140000
-3.9144990000 -3.8663260000 11.5471630000
-3.9144980000 -1.1336930000 11.5471640000
-4.7316730000 -0.5137200000 10.6893450000
-4.7246920000 -0.5648440000 3.3017190000
-4.7316740000 -4.4863010000 10.6893440000
-4.7246940000 -4.4547060000 3.3017220000
-3.7086660000 -2.0951980000 2.2834550000
-3.7946740000 -2.8534600000 2.3523720000
-3.8143610000 -2.0940740000 11.6314850000
-3.8143620000 -2.9059530000 11.6314840000
-4.4420630000 -0.4137470000 11.0333700000
-4.4350430000 -0.4479810000 2.9589110000
-4.4420640000 -4.5862660000 11.0333700000
-4.4418290000 -4.5666350000 2.9663720000
-3.6883770000 -4.1986830000 2.2675720000
-3.6772730000 -0.8068420000 2.2589390000
-3.6873480000 -4.2101460000 11.7332300000
-3.6873480000 -0.7898610000 11.7332300000
-3.7237050000 -3.3726590000 2.2953190000
-3.6746650000 -1.6228600000 2.2569170000
-3.7248860000 -3.4066760000 11.7037460000
-3.7248850000 -1.5933420000 11.7037470000
-4.4066490000 -2.0967290000 11.0720320000
-4.4066510000 -2.9033310000 11.0720300000
-4.4703940000 -2.1120890000 2.9980540000
-4.4174320000 -2.7192550000 2.9396680000
-4.8103550000 -2.4754900000 3.4138480000
-4.9808090000 -0.7387530000 3.6546230000
-4.9712950000 -4.2781550000 3.6405020000
-5.3138290000 -0.7607750000 9.7862560000
-5.3138310000 -4.2392680000 9.7862520000
-5.0465940000 -1.9462600000 10.2452870000
-5.0465970000 -3.0538210000 10.2452830000
-5.5865320000 -0.6875280000 9.1887580000
-5.5865350000 -4.3125170000 9.1887510000
-5.7775780000 -0.6913310000 8.6185140000
-5.8997920000 -0.7204870000 8.0919940000
-5.9747980000 -0.6536060000 7.5493570000
-5.9998040000 -0.6350660000 6.9515020000
-5.9633280000 -0.6292280000 6.3376370000
-5.8616250000 -0.6306100000 5.7188490000
-5.6827080000 -0.6543530000 5.0746860000
-5.4953780000 -0.9896760000 4.5915120000
-5.7775840000 -4.3087220000 8.6184950000
-5.8998010000 -4.2795810000 8.0919470000
-5.9748080000 -4.3464770000 7.5492440000
-5.9998020000 -4.3650520000 6.9512220000
-5.9632520000 -4.3709630000 6.3369530000
-5.8612640000 -4.3697690000 5.7171980000
-5.6813350000 -4.3466380000 5.0706390000
-5.4908440000 -4.0129790000 4.5811930000
-5.2645000000 -0.6933100000 4.1216250000
-5.2574340000 -4.3124190000 4.1087390000
-5.4633590000 -1.8815120000 9.4802640000
-5.4633610000 -3.1185840000 9.4802590000
-5.6464340000 -2.0470280000 9.0292310000
-5.6464370000 -2.9530830000 9.0292240000
-5.1399070000 -1.8529280000 3.9046240000
-5.1162970000 -3.1488880000 3.8657530000
-5.0189430000 -0.6587050000 10.2878880000
-5.0189450000 -4.3413260000 10.2878860000
-5.2720020000 -1.9594930000 9.8646110000
-5.2720040000 -3.0405950000 9.8646070000
-4.9930140000 -2.1559350000 3.6728680000
-4.9665120000 -2.8331560000 3.6334350000
-5.4057920000 -2.0090230000 4.3966540000
-5.4004430000 -2.9905100000 4.3855760000
-5.7856050000 -1.9486690000 8.5895820000
-5.7856100000 -3.0514530000 8.5895640000
-5.9073170000 -1.9112150000 8.0505260000
-5.9073250000 -3.0889320000 8.0504810000
-5.9805860000 -1.8934270000 7.4822770000
-5.9805950000 -3.1067620000 7.4821640000
-5.9990010000 -1.8830520000 6.8904990000
-5.9989960000 -3.1172010000 6.8902140000
-5.9566860000 -1.8770520000 6.2803500000
-5.9566000000 -3.1232930000 6.2796380000
-5.8479130000 -1.8692080000 5.6576440000
-5.8474950000 -3.1312450000 5.6558280000
-5.6592120000 -1.8377420000 5.0066820000
-5.6574540000 -3.1627890000 5.0016980000
-3.7257840000 -2.4612570000 2.2969660000
-3.7768610000 -2.5000130000 11.6621160000
-4.1460590000 -2.0761930000 11.3370720000
-4.1286530000 -2.8176000000 2.6463550000
-4.1460610000 -2.9238520000 11.3370700000
-4.5098500000 -1.3180790000 10.9574300000
-4.5178790000 -1.5659670000 3.0517380000
-4.5323940000 -3.5993490000 3.0684090000
-4.5098530000 -3.6819660000 10.9574270000
-4.7311700000 -2.2416650000 10.6899910000
-4.7311750000 -2.7584090000 10.6899840000
-5.4932890000 -0.4674680000 4.5867500000
-5.4908530000 -4.5344070000 4.5812130000
-5.1920660000 -0.3548700000 10.0070670000
-5.1920670000 -4.6451490000 10.0070660000
-5.4749140000 -0.3620760000 9.4546510000
-5.4749160000 -4.6379460000 9.4546480000
-5.7007120000 -0.3447150000 8.8713330000
-5.7007140000 -4.6553100000 8.8713270000
-5.8583360000 -0.3529540000 8.2961100000
-5.8583400000 -4.6470760000 8.2960930000
-12.0000000000 -1.0463070000 1.0101420000
-12.0000000000 -4.0065810000 1.0028940000
-12.0000000000 -2.1240720000 0.9962900000
-12.0000000000 -3.0812500000 0.8984380000
-12.0000000000 -1.5776080000 0.6197130000
-12.0000000000 -1.5814530000 1.3844090000
-12.0000000000 -0.4927860000 0.7743320000
-12.0000000000 -4.4875000000 0.7500000000
-12.0000000000 -3.4621170000 1.3624360000
-12.0000000000 -0.5014590000 1.3654070000
-12.0000000000 -4.5049570000 1.3626370000
-12.0000000000 -2.7107890000 1.3548650000
-12.0000000000 -3.5041890000 0.5910950000
-12.0000000000 -2.5893340000 0.6934240000
-12.0000000000 -0.8971490000 0.4587590000
-12.0000000000 -1.0336230000 1.5233720000
-12.0000000000 -4.1220130000 0.4487260000
-12.0000000000 -2.1635610000 1.5413470000
-12.0000000000 -4.0197310000 1.5455930000
-12.0000000000 -2.1022600000 0.4644590000
-12.0000000000 -0.3911930000 0.3483660000
-12.0000000000 -4.6088070000 0.3483660000
-12.0000000000 -4.7107070000 1.7254710000
-12.0000000000 -0.2816150000 1.7163520000
-12.0000000000 -2.9935380000 0.4409970000
-9.9442390000 -1.9212010000 2.0000000000
-10.0113290000 -3.5402100000 2.0000000000
-9.1777430000 -1.0913480000 2.0000000000
-10.9019020000 -1.1430520000 2.0000000000
-9.1300120000 -2.7435620000 2.0000000000
-10.9309980000 -2.8187400000 2.0000000000
-9.0251110000 -3.9804830000 2.0000000000
-10.9748890000 -3.9804830000 2.0000000000
-10.0000000000 -0.8477040000 2.0000000000
-11.1374010000 -1.8990240000 2.0000000000
-8.8421540000 -1.9487070000 2.0000000000
-10.0013490000 -4.1878110000 2.0000000000
-9.8306290000 -2.5603960000 2.0000000000
-8.6360120000 -3.3944180000 2.0000000000
-11.3536910000 -3.3796720000 2.0000000000
-8.6957680000 -0.7680890000 2.0000000000
-11.3123590000 -0.7733650000 2.0000000000
-9.4749920000 -0.5495180000 2.0000000000
-10.5036750000 -0.5757690000 2.0000000000
-9.3560450000 -3.4505560000 2.0000000000
-10.6746870000 -3.4240300000 2.0000000000
-9.4967330000 -4.4782410000 2.0000000000
-10.5036520000 -4.4782410000 2.0000000000
-9.7303180000 -1.3728650000 2.0000000000
-8.5890170000 -4.4028650000 2.0000000000
-11.4109830000 -4.4028650000 2.0000000000
-10.5817020000 -1.7967670000 2.0000000000
-9.4145180000 -2.1909760000 2.0000000000
-8.5960010000 -1.4153800000 2.0000000000
-11.4323480000 -1.4003290000 2.0000000000
-8.5771960000 -2.4631710000 2.0000000000
-11.4062020000 -2.4882010000 2.0000000000
-10.3839850000 -2.4212820000 2.0000000000
-9.5914690000 -3.9013730000 2.0000000000
-10.4038310000 -3.8921920000 2.0000000000
-8.4987950000 -3.8972460000 2.0000000000
-11.5006690000 -3.8964780000 2.0000000000
-10.3173370000 -1.2701560000 2.0000000000
-9.2841620000 -1.6567460000 2.0000000000
-10.2615440000 -2.9861880000 2.0000000000
-10.0000000000 -0.3757030000 2.0000000000
-11.5636780000 -2.9110820000 2.0000000000
-8.4423980000 -2.8979900000 2.0000000000
-10.8500520000 -2.2810500000 2.0000000000
-9.5957630000 -0.9653590000 2.0000000000
-11.0026410000 -4.5907100000 2.0000000000
-8.9973590000 -4.5907100000 2.0000000000
-8.9943610000 -0.4278490000 2.0000000000
-10.9739140000 -0.4146790000 2.0000000000
-8.4067810000 -2.0751950000 2.0000000000
-11.5932190000 -2.0751950000 2.0000000000
-11.6273870000 -0.9998360000 2.0000000000
-8.3726130000 -0.9998360000 2.0000000000
-11.5800320000 -0.4442060000 2.0000000000
-8.4015370000 -0.4273010000 2.0000000000
-9.7179120000 -3.0561820000 2.0000000000
-10.0002480000 -4.6481820000 2.0000000000
-8.2857140000 -4.6875000000 2.0000000000
-11.7142860000 -4.6875000000 2.0000000000
-0.6099550000 -2.5022880000 2.0000000000
1.3133000000 -1.9643480000 2.0000000000
0.5984330000 -3.3809190000 2.0000000000
-1.8067400000 -1.5500330000 2.0000000000
-1.8315820000 -3.3561360000 2.0000000000
0.1226850000 -1.3489350000 2.0000000000
2.0140680000 -3.6906750000 2.0000000000
-0.5500000000 -3.6028390000 2.0000000000
2.1493050000 -1.0708150000 2.0000000000
2.3143550000 -2.5640170000 2.0000000000
-2.1033750000 -2.4330670000 2.0000000000
-0.8709010000 -1.0399710000 2.0000000000
0.4151560000 -2.4471280000 2.0000000000
1.0773140000 -1.0011930000 2.0000000000
-2.4381960000 -0.8667700000 2.0000000000
-2.4120910000 -4.1457360000 2.0000000000
1.2253070000 -4.1501490000 2.0000000000
1.3598730000 -2.8711950000 2.0000000000
0.2198530000 -4.1347880000 2.0000000000
-1.2906520000 -4.1727540000 2.0000000000
-1.4209290000 -2.2780640000 2.0000000000
-0.0543260000 -3.1478530000 2.0000000000
-1.1509900000 -3.2431370000 2.0000000000
2.5240040000 -1.8958390000 2.0000000000
2.5426590000 -4.2316590000 2.0000000000
-1.5964490000 -0.7692800000 2.0000000000
-2.5732610000 -1.6225900000 2.0000000000
-2.5732610000 -3.3774100000 2.0000000000
-0.5419480000 -1.7342060000 2.0000000000
-0.2107190000 -0.7855080000 2.0000000000
2.5765510000 -3.2311090000 2.0000000000
0.5136430000 -0.6607710000 2.0000000000
0.6542610000 -1.8063490000 2.0000000000
1.8561250000 -4.3719160000 2.0000000000
1.6779440000 -0.6353390000 2.0000000000
2.6346930000 -0.6795440000 2.0000000000
-0.6043670000 -4.5560440000 2.0000000000
1.3086050000 -3.5138570000 2.0000000000
-1.2323710000 -1.6975300000 2.0000000000
-1.6311570000 -2.8300370000 2.0000000000
1.6216390000 -1.4121120000 2.0000000000
-1.8350460000 -4.5014520000 2.0000000000
0.0330520000 -1.9783700000 2.0000000000
1.9368140000 -2.0620560000 2.0000000000
-2.7167960000 -2.7738470000 2.0000000000
-2.6931350000 -2.1935660000 2.0000000000
0.6405900000 -4.4844800000 2.0000000000
2.7257170000 -1.3188960000 2.0000000000
1.8592710000 -3.0482420000 2.0000000000
0.8023950000 -2.8715430000 2.0000000000
-1.0926440000 -0.5266130000 2.0000000000
2.8402510000 -2.3540200000 2.0000000000
-0.0046410000 -3.6501110000 2.0000000000
-2.1538690000 -1.9524580000 2.0000000000
1.1751460000 -0.4688050000 2.0000000000
-1.0695550000 -3.7106420000 2.0000000000
0.9700140000 -2.3710960000 2.0000000000
2.7974450000 -3.7460130000 2.0000000000
-0.3869350000 -1.2357030000 2.0000000000
-0.0881820000 -2.5843240000 2.0000000000
0.6740990000 -1.2697810000 2.0000000000
-2.8069920000 -0.5133030000 2.0000000000
-2.8069920000 -4.4866970000 2.0000000000
-0.5700770000 -3.0132020000 2.0000000000
0.7120940000 -3.9215490000 2.0000000000
-2.1712350000 -2.9540990000 2.0000000000
-2.0360620000 -0.5066420000 2.0000000000
0.0038140000 -4.5449770000 2.0000000000
2.1846430000 -0.4973530000 2.0000000000
-1.3474780000 -1.2096580000 2.0000000000
-1.0831670000 -2.6513940000 2.0000000000
-0.8758820000 -2.1661630000 2.0000000000
1.0772540000 -1.5192150000 2.0000000000
-2.8121750000 -1.1714060000 2.0000000000
-2.8121750000 -3.8285940000 2.0000000000
-0.5940090000 -0.4168860000 2.0000000000
1.6131960000 -2.4625710000 2.0000000000
-1.9210340000 -3.9067190000 2.0000000000
-1.9746020000 -1.0735870000 2.0000000000
2.8852210000 -2.8078260000 2.0000000000
1.2166460000 -4.6162920000 2.0000000000
-1.2060450000 -4.6369970000 2.0000000000
2.8665820000 -4.6270210000 2.0000000000
-2.3756620000 -4.6267770000 2.0000000000
2.1914960000 -1.5519440000 2.0000000000
1.6128530000 -3.9462210000 2.0000000000
0.3451800000 -2.8998420000 2.0000000000
-0.2813730000 -4.0938060000 2.0000000000
0.1019070000 -0.4057280000 2.0000000000
2.4120910000 -4.6638950000 2.0000000000
-0.3850210000 -2.1552070000 2.0000000000
2.9532560000 -0.3721820000 2.0000000000
2.9868440000 -0.9514010000 2.0000000000
-0.8336650000 -4.1288470000 2.0000000000
-1.4527630000 -3.6778780000 2.0000000000
-1.7434570000 -1.9822300000 2.0000000000
-2.4226400000 -0.3334370000 2.0000000000
-0.6099550000 -2.5022880000 12.0000000000
1.3133000000 -1.9643480000 12.0000000000
0.5984330000 -3.3809190000 12.0000000000
-1.8067400000 -1.5500330000 12.0000000000
-1.8315820000 -3.3561360000 12.0000000000
0.1226850000 -1.3489350000 12.0000000000
2.0140680000 -3.6906750000 12.0000000000
-0.5500000000 -3.6028390000 12.0000000000
2.1493050000 -1.0708150000 12.0000000000
2.3143550000 -2.5640170000 12.0000000000
-2.1033750000 -2.4330670000 12.0000000000
-0.8709010000 -1.0399710000 12.0000000000
0.4151560000 -2.4471280000 12.0000000000
1.0773140000 -1.0011930000 12.0000000000
-2.4381960000 -0.8667700000 12.0000000000
-2.4120910000 -4.1457360000 12.0000000000
1.2253070000 -4.1501490000 12.0000000000
1.3598730000 -2.8711950000 12.0000000000
0.2198530000 -4.1347880000 12.0000000000
-1.2906520000 -4.1727540000 12.0000000000
-1.4209290000 -2.2780640000 12.0000000000
-0.0543260000 -3.1478530000 12.0000000000
-1.1509900000 -3.2431370000 12.0000000000
2.5240040000 -1.8958390000 12.0000000000
2.5426590000 -4.2316590000 12.0000000000
-1.5964490000 -0.7692800000 12.0000000000
-2.5732610000 -1.6225900000 12.0000000000
-2.5732610000 -3.3774100000 12.0000000000
-0.5419480000 -1.7342060000 12.0000000000
-0.2107190000 -0.7855080000 12.0000000000
2.5765510000 -3.2311090000 12.0000000000
0.5136430000 -0.6607710000 12.0000000000
0.6542610000 -1.8063490000 12.0000000000
1.8561250000 -4.3719160000 12.0000000000
1.6779440000 -0.6353390000 12.0000000000
2.6346930000 -0.6795440000 12.0000000000
-0.6043670000 -4.5560440000 12.0000000000
1.3086050000 -3.5138570000 12.0000000000
-1.2323710000 -1.6975300000 12.0000000000
-1.6311570000 -2.8300370000 12.0000000000
1.6216390000 -1.4121120000 12.0000000000
-1.8350460000 -4.5014520000 12.0000000000
0.0330520000 -1.9783700000 12.0000000000
1.9368140000 -2.0620560000 12.0000000000
-2.7167960000 -2.7738470000 12.0000000000
-2.6931350000 -2.1935660000 12.0000000000
0.6405900000 -4.4844800000 12.0000000000
2.7257170000 -1.3188960000 12.0000000000
1.8592710000 -3.0482420000 12.0000000000
0.8023950000 -2.8715430000 12.0000000000
-1.0926440000 -0.5266130000 12.0000000000
2.8402510000 -2.3540200000 12.0000000000
-0.0046410000 -3.6501110000 12.0000000000
-2.1538690000 -1.9524580000 12.0000000000
1.1751460000 -0.4688050000 12.0000000000
-1.0695550000 -3.7106420000 12.0000000000
0.9700140000 -2.3710960000 12.0000000000
2.7974450000 -3.7460130000 12.0000000000
-0.3869350000 -1.2357030000 12.0000000000
-0.0881820000 -2.5843240000 12.0000000000
0.6740990000 -1.2697810000 12.0000000000
-2.8069920000 -0.5133030000 12.0000000000
-2.8069920000 -4.4866970000 12.0000000000
-0.5700770000 -3.0132020000 12.0000000000
0.7120940000 -3.9215490000 12.0000000000
-2.1712350000 -2.9540990000 12.0000000000
-2.0360620000 -0.5066420000 12.0000000000
0.0038140000 -4.5449770000 12.0000000000
2.1846430000 -0.4973530000 12.0000000000
-1.3474780000 -1.2096580000 12.0000000000
-1.0831670000 -2.6513940000 12.0000000000
-0.8758820000 -2.1661630000 12.0000000000
1.0772540000 -1.5192150000 12.0000000000
-2.8121750000 -1.1714060000 12.0000000000
-2.8121750000 -3.8285940000 12.0000000000
-0.5940090000 -0.4168860000 12.0000000000
1.6131960000 -2.4625710000 12.0000000000
-1.9210340000 -3.9067190000 12.0000000000
-1.9746020000 -1.0735870000 12.0000000000
2.8852210000 -2.8078260000 12.0000000000
1.2166460000 -4.6162920000 12.0000000000
-1.2060450000 -4.6369970000 12.0000000000
2.8665820000 -4.6270210000 12.0000000000
-2.3756620000 -4.6267770000 12.0000000000
2.1914960000 -1.5519440000 12.0000000000
1.6128530000 -3.9462210000 12.0000000000
0.3451800000 -2.8998420000 12.0000000000
-0.2813730000 -4.0938060000 12.0000000000
0.1019070000 -0.4057280000 12.0000000000
2.4120910000 -4.6638950000 12.0000000000
-0.3850210000 -2.1552070000 12.0000000000
2.9532560000 -0.3721820000 12.0000000000
2.9868440000 -0.9514010000 12.0000000000
-0.8336650000 -4.1288470000 12.0000000000
-1.4527630000 -3.6778780000 12.0000000000
-1.7434570000 -1.9822300000 12.0000000000
-2.4226400000 -0.3334370000 12.0000000000
4.9758930000 -2.5000450000 3.6473170000
5.5474530000 -2.5000570000 4.7140060000
5.7209090000 -2.5000630000 5.1913530000
5.8550850000 -2.5000730000 5.6892830000
5.9515570000 -2.5000910000 6.2391010000
5.9972740000 -2.5001180000 6.8191640000
5.9851960000 -2.5001560000 7.4212300000
5.9092810000 -2.5001940000 8.0394210000
5.7634660000 -2.5001770000 8.6680690000
5.5588570000 -2.4998410000 9.2581200000
5.1649010000 -2.4955970000 10.0534900000
4.4889430000 -2.5000350000 3.0188700000
5.2746270000 -2.5000490000 4.1402260000
5.3897620000 -2.4987480000 9.6363740000
4.2103450000 -1.6139420000 2.7253070000
4.1092400000 -1.7156930000 11.3719730000
4.2103470000 -3.3861010000 2.7253090000
4.2203480000 -3.3013130000 11.2648170000
4.3870440000 -0.9508970000 2.9068540000
4.3700840000 -1.0389220000 11.1112490000
4.3870460000 -4.0491340000 2.9068560000
4.3921620000 -4.0019410000 11.0876540000
4.0874960000 -0.6041160000 2.6076910000
4.0757540000 -0.6361370000 11.4032070000
4.0874960000 -4.3958970000 2.6076920000
4.0890260000 -4.3765270000 11.3908840000
3.7611780000 -0.3364960000 2.3252230000
3.7574320000 -0.3446630000 11.6777880000
3.7611780000 -4.6635070000 2.3252230000
3.7616110000 -4.6583690000 11.6744290000
4.6803180000 -1.6485090000 3.2457200000
4.8320030000 -1.7997250000 10.5569290000
4.6803220000 -3.3515550000 3.2457240000
4.7449080000 -3.2126480000 10.6723080000
5.0252850000 -1.2638980000 3.7218140000
5.2756080000 -1.5101530000 4.1420370000
5.4723290000 -1.2489620000 4.5395910000
5.6690070000 -1.4048340000 5.0347120000
5.8451350000 -1.3287960000 5.6455990000
5.9475250000 -1.2962320000 6.2081970000
5.9962240000 -1.2698500000 6.7871610000
5.9873260000 -1.2577080000 7.3897710000
5.9155220000 -1.2519850000 8.0032930000
5.7810770000 -1.2480900000 8.6059710000
5.6337210000 -1.2446230000 9.0642640000
5.5113390000 -1.4932320000 9.3717370000
5.3227130000 -1.3850670000 9.7692470000
5.0602640000 -1.2722020000 10.2239300000
5.0252880000 -3.7361640000 3.7218170000
5.2756110000 -3.4899270000 4.1420410000
5.4723320000 -3.7511120000 4.5395980000
5.6690120000 -3.5952570000 5.0347260000
5.8451440000 -3.6713100000 5.6456390000
5.9475380000 -3.7039000000 6.2082980000
5.9962330000 -3.7303260000 6.7874130000
5.9872860000 -3.7425440000 7.3903950000
5.9152650000 -3.7484070000 8.0048080000
5.7801000000 -3.7525980000 8.6094870000
5.6312150000 -3.7566990000 9.0710900000
5.5066220000 -3.5084530000 9.3826700000
5.3118510000 -3.6192420000 9.7900250000
5.0358960000 -3.7421480000 10.2618630000
4.7354900000 -1.0589690000 3.3155550000
4.7578800000 -1.1634040000 10.6554870000
4.7354920000 -3.9410750000 3.3155570000
4.7423820000 -3.8814950000 10.6755700000
4.1332390000 -2.5000250000 2.6507080000
4.0597030000 -2.3963710000 11.4180100000
3.9144990000 -3.8663260000 2.4528370000
3.9144980000 -1.1336930000 2.4528360000
3.9174350000 -3.8335220000 11.5446350000
3.8818280000 -1.1784100000 11.5750860000
4.7316730000 -0.5137200000 3.3106550000
4.7246920000 -0.5648440000 10.6982810000
4.7316740000 -4.4863010000 3.3106560000
4.7246940000 -4.4547060000 10.6982780000
3.8143610000 -2.0940740000 2.3685150000
3.8143620000 -2.9059530000 2.3685160000
3.7086660000 -2.0951980000 11.7165450000
3.7946740000 -2.8534600000 11.6476280000
4.4420630000 -0.4137470000 2.9666300000
4.4350430000 -0.4479810000 11.0410890000
4.4420640000 -4.5862660000 2.9666300000
4.4418290000 -4.5666350000 11.0336280000
3.6873480000 -4.2101460000 2.2667700000
3.6873480000 -0.7898610000 2.2667700000
3.6883770000 -4.1986830000 11.7324280000
3.6772730000 -0.8068420000 11.7410610000
3.7248860000 -3.4066760000 2.2962540000
3.7248850000 -1.5933420000 2.2962530000
3.7237050000 -3.3726590000 11.7046810000
3.6746650000 -1.6228600000 11.7430830000
4.4066490000 -2.0967290000 2.9279680000
4.4066510000 -2.9033310000 2.9279700000
4.4703940000 -2.1120890000 11.0019460000
4.4174320000 -2.7192550000 11.0603320000
4.8103550000 -2.4754900000 10.5861520000
4.9808090000 -0.7387530000 10.3453770000
4.9712950000 -4.2781550000 10.3594980000
5.3138290000 -0.7607750000 4.2137440000
5.3138310000 -4.2392680000 4.2137480000
5.0465940000 -1.9462600000 3.7547130000
5.0465970000 -3.0538210000 3.7547170000
5.5865320000 -0.6875280000 4.8112420000
5.5865350000 -4.3125170000 4.8112490000
5.7775780000 -0.6913310000 5.3814860000
5.8997920000 -0.7204870000 5.9080060000
5.9747980000 -0.6536060000 6.4506430000
5.9998040000 -0.6350660000 7.0484980000
5.9633280000 -0.6292280000 7.6623630000
5.8616250000 -0.6306100000 8.2811510000
5.6827080000 -0.6543530000 8.9253140000
5.4953780000 -0.9896760000 9.4084880000
5.7775840000 -4.3087220000 5.3815050000
5.8998010000 -4.2795810000 5.9080530000
5.9748080000 -4.3464770000 6.4507560000
5.9998020000 -4.3650520000 7.0487780000
5.9632520000 -4.3709630000 7.6630470000
5.8612640000 -4.3697690000 8.2828020000
5.6813350000 -4.3466380000 8.9293610000
5.4908440000 -4.0129790000 9.4188070000
5.2645000000 -0.6933100000 9.8783750000
5.2574340000 -4.3124190000 9.8912610000
5.4633590000 -1.8815120000 4.5197360000
5.4633610000 -3.1185840000 4.5197410000
5.6464340000 -2.0470280000 4.9707690000
5.6464370000 -2.9530830000 4.9707760000
5.1399070000 -1.8529280000 10.0953760000
5.1162970000 -3.1488880000 10.1342470000
5.0189430000 -0.6587050000 3.7121120000
5.0189450000 -4.3413260000 3.7121140000
5.2720020000 -1.9594930000 4.1353890000
5.2720040000 -3.0405950000 4.1353930000
4.9930140000 -2.1559350000 10.3271320000
4.9665120000 -2.8331560000 10.3665650000
5.4057920000 -2.0090230000 9.6033460000
5.4004430000 -2.9905100000 9.6144240000
5.7856050000 -1.9486690000 5.4104180000
5.7856100000 -3.0514530000 5.4104360000
5.9073170000 -1.9112150000 5.9494740000
5.9073250000 -3.0889320000 5.9495190000
5.9805860000 -1.8934270000 6.5177230000
5.9805950000 -3.1067620000 6.5178360000
5.9990010000 -1.8830520000 7.1095010000
5.9989960000 -3.1172010000 7.1097860000
5.9566860000 -1.8770520000 7.7196500000
5.9566000000 -3.1232930000 7.7203620000
5.8479130000 -1.8692080000 8.3423560000
5.8474950000 -3.1312450000 8.3441720000
5.6592120000 -1.8377420000 8.9933180000
5.6574540000 -3.1627890000 8.9983020000
3.7768610000 -2.5000130000 2.3378840000
3.7257840000 -2.4612570000 11.7030340000
4.1460590000 -2.0761930000 2.6629280000
4.1460610000 -2.9238520000 2.6629300000
4.1286530000 -2.8176000000 11.3536450000
4.5098500000 -1.3180790000 3.0425700000
4.5178790000 -1.5659670000 10.9482620000
4.5098530000 -3.6819660000 3.0425730000
4.5323940000 -3.5993490000 10.9315910000
4.7311700000 -2.2416650000 3.3100090000
4.7311750000 -2.7584090000 3.3100160000
5.4932890000 -0.4674680000 9.4132500000
5.4908530000 -4.5344070000 9.4187870000
5.1920660000 -0.3548700000 3.9929330000
5.1920670000 -4.6451490000 3.9929340000
5.4749140000 -0.3620760000 4.5453490000
5.4749160000 -4.6379460000 4.5453520000
5.7007120000 -0.3447150000 5.1286670000
5.7007140000 -4.6553100000 5.1286730000
5.8583360000 -0.3529540000 5.7038900000
5.8583400000 -4.6470760000 5.7039070000
2.9792180000 -30.9786090000 0.0000000000
-2.9792180000 -30.9786090000 0.0000000000
-1.7875310000 -30.9780980000 0.0000000000
1.7875310000 -30.9780980000 0.0000000000
0.5958440000 -30.9778430000 0.0000000000
-0.5958440000 -30.9778430000 0.0000000000
3.4852730000 -30.7286910000 0.0000000000
-3.4852730000 -30.7286910000 0.0000000000
2.3833740000 -30.6251660000 0.0000000000
-2.3833740000 -30.6251660000 0.0000000000
-1.1916870000 -30.6250740000 0.0000000000
1.1916870000 -30.6250740000 0.0000000000
-0.0000000000 -30.6250740000 0.0000000000
-2.3616590000 -31.3181530000 0.0000000000
2.3616590000 -31.3181530000 0.0000000000
-1.1576170000 -31.3170010000 0.0000000000
1.1576170000 -31.3170010000 0.0000000000
-0.0000000000 -31.2601690000 0.0000000000
3.4049540000 -31.2492970000 0.0000000000
-3.4049540000 -31.2492970000 0.0000000000
-4.0614920000 -5.3132270000 0.0000000000
4.0614920000 -5.3132270000 0.0000000000
-4.0614920000 -5.9396800000 0.0000000000
4.0614920000 -5.9396800000 0.0000000000
-4.0614920000 -6.5661340000 0.0000000000
4.0614920000 -6.5661340000 0.0000000000
-4.0614920000 -7.1925870000 0.0000000000
4.0614920000 -7.1925870000 0.0000000000
-4.0614920000 -7.8190410000 0.0000000000
4.0614920000 -7.8190410000 0.0000000000
-4.0614920000 -8.4454940000 0.0000000000
4.0614920000 -8.4454940000 0.0000000000
-4.0614920000 -9.0719480000 0.0000000000
4.0614920000 -9.0719480000 0.0000000000
-4.0614920000 -9.6984010000 0.0000000000
4.0614920000 -9.6984010000 0.0000000000
-4.0614920000 -10.3248550000 0.0000000000
4.0614920000 -10.3248550000 0.0000000000
-4.0614920000 -10.9513080000 0.0000000000
4.0614920000 -10.9513080000 0.0000000000
-4.0614920000 -11.5777620000 0.0000000000
4.0614920000 -11.5777620000 0.0000000000
-4.0614920000 -12.2042150000 0.0000000000
4.0614920000 -12.2042150000 0.0000000000
-4.0614920000 -12.8306690000 0.0000000000
4.0614920000 -12.8306690000 0.0000000000
-4.0614920000 -13.4571220000 0.0000000000
4.0614920000 -13.4571220000 0.0000000000
-4.0614920000 -14.0835760000 0.0000000000
4.0614920000 -14.0835760000 0.0000000000
-4.0614920000 -14.7100290000 0.0000000000
4.0614920000 -14.7100290000 0.0000000000
-4.0614920000 -15.3364830000 0.0000000000
4.0614920000 -15.3364830000 0.0000000000
-4.0614920000 -15.9629360000 0.0000000000
4.0614920000 -15.9629360000 0.0000000000
3.8819470000 -30.4664970000 0.0000000000
-3.8819470000 -30.4664970000 0.0000000000
-4.0614920000 -16.5893900000 0.0000000000
4.0614920000 -16.5893900000 0.0000000000
-4.0614920000 -17.2158430000 0.0000000000
4.0614920000 -17.2158430000 0.0000000000
-4.0614920000 -17.8422970000 0.0000000000
4.0614920000 -17.8422970000 0.0000000000
-4.0614920000 -18.4687500000 0.0000000000
4.0614920000 -18.4687500000 0.0000000000
-4.0614920000 -19.0952030000 0.0000000000
4.0614920000 -19.0952030000 0.0000000000
3.0635600000 -30.4283300000 0.0000000000
-3.0635600000 -30.4283300000 0.0000000000
-1.7875310000 -30.4436770000 0.0000000000
1.7875310000 -30.4436770000 0.0000000000
0.5958440000 -30.4435370000 0.0000000000
-0.5958440000 -30.4435370000 0.0000000000
-4.0614920000 -19.7216570000 0.0000000000
4.0614920000 -19.7216570000 0.0000000000
-4.0614920000 -20.3481100000 0.0000000000
4.0614920000 -20.3481100000 0.0000000000
-4.0614920000 -20.9745640000 0.0000000000
4.0614920000 -20.9745640000 0.0000000000
-4.0614920000 -21.6010170000 0.0000000000
4.0614920000 -21.6010170000 0.0000000000
-4.0614920000 -22.2274710000 0.0000000000
4.0614920000 -22.2274710000 0.0000000000
-4.0614920000 -22.8539240000 0.0000000000
4.0614920000 -22.8539240000 0.0000000000
-4.0614920000 -23.4803780000 0.0000000000
4.0614920000 -23.4803780000 0.0000000000
2.8789840000 -31.4964110000 0.0000000000
-2.8789840000 -31.4964110000 0.0000000000
-4.0614920000 -24.1068310000 0.0000000000
4.0614920000 -24.1068310000 0.0000000000
-1.7156950000 -31.5212360000 0.0000000000
1.7156950000 -31.5212360000 0.0000000000
-4.0614920000 -24.7332850000 0.0000000000
4.0614920000 -24.7332850000 0.0000000000
-0.5060670000 -31.5022260000 0.0000000000
0.5060670000 -31.5022260000 0.0000000000
-4.0614920000 -25.3597380000 0.0000000000
4.0614920000 -25.3597380000 0.0000000000
-4.0614920000 -25.9861920000 0.0000000000
4.0614920000 -25.9861920000 0.0000000000
-4.0614920000 -26.6126450000 0.0000000000
4.0614920000 -26.6126450000 0.0000000000
-4.0614920000 -27.2390990000 0.0000000000
4.0614920000 -27.2390990000 0.0000000000
-4.0614920000 -27.8655520000 0.0000000000
4.0614920000 -27.8655520000 0.0000000000
-4.0614920000 -28.4920060000 0.0000000000
4.0614920000 -28.4920060000 0.0000000000
-4.0614920000 -29.1184590000 0.0000000000
4.0614920000 -29.1184590000 0.0000000000
-4.0614920000 -29.7449130000 0.0000000000
4.0614920000 -29.7449130000 0.0000000000
0.8980140000 -31.6750980000 0.0000000000
-0.8980140000 -31.6750980000 0.0000000000
-3.8601300000 -31.0318160000 0.0000000000
3.8601300000 -31.0318160000 0.0000000000
-2.1137650000 -31.6854370000 0.0000000000
2.1137650000 -31.6854370000 0.0000000000
3.8531080000 -31.6035320000 0.0000000000
-3.8531080000 -31.6035320000 0.0000000000
3.5161810000 -30.3247040000 0.0000000000
-3.5161810000 -30.3247040000 0.0000000000
-3.3392860000 -31.6896260000 0.0000000000
3.3392860000 -31.6896260000 0.0000000000
-6.9326920000 -2.5000000000 0.0000000000
-9.5281440000 -2.3890200000 0.0000000000
-8.2409770000 -1.5197220000 0.0000000000
-8.2924220000 -3.3716190000 0.0000000000
-5.6928870000 -3.4381530000 0.0000000000
-5.8662870000 -1.5341210000 0.0000000000
-10.4109490000 -3.4745600000 0.0000000000
-10.4755670000 -1.4677900000 0.0000000000
-6.9794360000 -3.7753290000 0.0000000000
-6.9858760000 -1.3948220000 0.0000000000
-9.3618080000 -1.2181130000 0.0000000000
-9.3347030000 -3.8239390000 0.0000000000
-10.9327710000 -2.5088970000 0.0000000000
-5.4051690000 -2.4794450000 0.0000000000
-7.9304350000 -2.3918410000 0.0000000000
-5.1442310000 -4.1485750000 0.0000000000
-5.1442310000 -0.8514250000 0.0000000000
-11.0331300000 -0.8262620000 0.0000000000
-11.0331300000 -4.1737380000 0.0000000000
-7.7342620000 -4.1437520000 0.0000000000
-7.7342620000 -0.8562480000 0.0000000000
-6.1572150000 -4.1546580000 0.0000000000
-6.0999740000 -0.9558220000 0.0000000000
-8.5986960000 -0.7929580000 0.0000000000
-8.5661880000 -4.1760880000 0.0000000000
-6.0647220000 -2.7336500000 0.0000000000
-8.6935790000 -2.1634880000 0.0000000000
-8.8583520000 -3.1411170000 0.0000000000
-10.0596020000 -4.2026340000 0.0000000000
-10.0640050000 -0.8017610000 0.0000000000
-7.4230940000 -3.1068650000 0.0000000000
-7.4662880000 -1.9336340000 0.0000000000
-6.4650430000 -1.8244570000 0.0000000000
-10.1693300000 -2.2324100000 0.0000000000
-9.8216130000 -3.1920510000 0.0000000000
-11.2213760000 -1.7887590000 0.0000000000
-11.2569160000 -3.1521960000 0.0000000000
-4.9878990000 -3.3827490000 0.0000000000
-4.9878990000 -1.6172510000 0.0000000000
-9.5930990000 -1.8018990000 0.0000000000
-6.6907710000 -3.1473880000 0.0000000000
-6.9275950000 -4.5610870000 0.0000000000
-6.9275950000 -0.4389130000 0.0000000000
-8.8623310000 -1.6748880000 0.0000000000
-10.3393610000 -2.8677440000 0.0000000000
-5.9199540000 -2.1407550000 0.0000000000
-9.2463840000 -0.5789470000 0.0000000000
-9.3182400000 -4.5922290000 0.0000000000
-5.6940830000 -0.5152390000 0.0000000000
-5.7022600000 -4.5005430000 0.0000000000
-8.3806550000 -2.8691170000 0.0000000000
-4.8119530000 -2.7940100000 0.0000000000
-4.8286330000 -2.2004850000 0.0000000000
-10.5098230000 -0.4782960000 0.0000000000
-10.5091940000 -4.5223320000 0.0000000000
-9.9562800000 -1.2963070000 0.0000000000
-6.3329610000 -3.6072700000 0.0000000000
-11.5222490000 -2.6870700000 0.0000000000
-8.7858530000 -3.7097950000 0.0000000000
-8.1211550000 -4.4894310000 0.0000000000
-8.1321050000 -0.4980560000 0.0000000000
-7.6066740000 -3.6037860000 0.0000000000
-7.6630220000 -1.3846460000 0.0000000000
-10.6739980000 -1.9318150000 0.0000000000
-11.4729330000 -1.2328220000 0.0000000000
-11.4747830000 -3.7641040000 0.0000000000
-5.4724230000 -3.0251470000 0.0000000000
-6.4508430000 -1.3103980000 0.0000000000
-5.4015890000 -1.9944120000 0.0000000000
-9.8502570000 -3.7189110000 0.0000000000
-9.9132140000 -2.6649650000 0.0000000000
-8.1858030000 -2.0644730000 0.0000000000
-4.7549460000 -4.4901790000 0.0000000000
-4.7549460000 -0.5098210000 0.0000000000
-7.3803360000 -2.5554310000 0.0000000000
-8.9057900000 -2.5839890000 0.0000000000
-6.4505870000 -2.3491340000 0.0000000000
-11.5592890000 -2.2081930000 0.0000000000
-11.4966460000 -0.5089990000 0.0000000000
-11.4969550000 -4.4904890000 0.0000000000
-7.5207740000 -4.5503820000 0.0000000000
-7.5225990000 -0.4475320000 0.0000000000
-9.1165890000 -2.1226570000 0.0000000000
-7.8919290000 -3.0223380000 0.0000000000
-6.9475550000 -2.0507820000 0.0000000000
-4.6982170000 -3.9723960000 0.0000000000
-4.6982170000 -1.0276040000 0.0000000000
-8.1844260000 -3.9157450000 0.0000000000
-8.2101340000 -1.0314510000 0.0000000000
-5.6148490000 -3.9324790000 0.0000000000
-5.5584950000 -1.0947720000 0.0000000000
-9.3827230000 -2.8942350000 0.0000000000
-10.9399860000 -1.3053260000 0.0000000000
-10.9016660000 -3.6206860000 0.0000000000
-8.7211540000 -0.3670340000 0.0000000000
-8.7271640000 -4.6150980000 0.0000000000
-6.3434120000 -0.4719560000 0.0000000000
-6.3430170000 -4.6071120000 0.0000000000
-10.4761230000 -1.0056440000 0.0000000000
-10.4631330000 -3.9665820000 0.0000000000
-9.8955200000 -0.4035910000 0.0000000000
-9.9134620000 -4.6471790000 0.0000000000
-5.1779800000 -4.6278590000 0.0000000000
-5.1763440000 -0.3752970000 0.0000000000
-6.1183450000 -3.2006080000 0.0000000000
-10.7683330000 -3.1248170000 0.0000000000
-7.2839380000 -4.1080220000 0.0000000000
-7.2498500000 -0.9073210000 0.0000000000
-11.0502280000 -0.3627110000 0.0000000000
-11.0501630000 -4.6373120000 0.0000000000
-8.8917430000 -1.1370770000 0.0000000000
-9.0591310000 -4.1770290000 0.0000000000
-10.1679360000 -1.7385300000 0.0000000000
-9.3047810000 -3.4039990000 0.0000000000
-6.6762580000 -0.9132050000 0.0000000000
-6.6706940000 -4.1355800000 0.0000000000
-9.6645580000 -0.8574080000 0.0000000000
-9.6104660000 -4.1627460000 0.0000000000
-7.0985740000 -2.9329820000 0.0000000000
-7.1138000000 -3.3338190000 0.0000000000
-7.8823880000 -1.8445120000 0.0000000000
-8.4192520000 -2.4145820000 0.0000000000
-6.0772550000 -5.0000000000 1.9238610000
6.0772550000 -5.0000000000 1.9238610000
-4.0595820000 -5.0000000000 1.1215120000
4.0595820000 -5.0000000000 1.1215120000
0.0000000000 -5.0000000000 0.5020600000
0.0000000000 -5.0000000000 13.4848480000
6.5189330000 -5.0000000000 3.3683440000
-6.5189330000 -5.0000000000 3.3683440000
1.4058990000 -5.0000000000 0.5719750000
-1.4058990000 -5.0000000000 0.5719750000
-1.4500970000 -5.0000000000 13.4166350000
1.4500970000 -5.0000000000 13.4166350000
7.0683880000 -5.0000000000 1.2103830000
-7.0683880000 -5.0000000000 1.2103830000
-2.9573910000 -5.0000000000 0.8601660000
2.9573910000 -5.0000000000 0.8601660000
5.2219830000 -5.0000000000 1.1394240000
-5.2219830000 -5.0000000000 1.1394240000
2.6427100000 -5.0000000000 13.2311370000
-2.6427100000 -5.0000000000 13.2311370000
6.7821540000 -5.0000000000 4.5400060000
-6.7821540000 -5.0000000000 4.5400060000
11.0681380000 -5.0000000000 1.0330770000
-11.0681380000 -5.0000000000 1.0330770000
9.9397720000 -5.0000000000 0.9977800000
-9.9397720000 -5.0000000000 0.9977800000
8.8991870000 -5.0000000000 1.0079400000
-8.8991870000 -5.0000000000 1.0079400000
6.8871320000 -5.0000000000 5.5739010000
-6.8871320000 -5.0000000000 5.5739010000
5.0786850000 -5.0000000000 2.1541320000
-5.0786850000 -5.0000000000 2.1541320000
7.0060750000 -5.0000000000 2.4103780000
-7.0060750000 -5.0000000000 2.4103780000
-4.6872240000 -5.0000000000 12.2546260000
4.6872240000 -5.0000000000 12.2546260000
-6.0674430000 -5.0000000000 10.4617460000
6.0674430000 -5.0000000000 10.4617460000
6.8183790000 -5.0000000000 8.3476060000
-6.8183790000 -5.0000000000 8.3476060000
3.6251950000 -5.0000000000 12.9689260000
-3.6251950000 -5.0000000000 12.9689260000
-7.0039710000 -5.0000000000 7.0034910000
7.0039710000 -5.0000000000 7.0034910000
6.5568440000 -5.0000000000 9.4486630000
-6.5568440000 -5.0000000000 9.4486630000
-5.4941430000 -5.0000000000 11.3482830000
5.4941430000 -5.0000000000 11.3482830000
-6.1540190000 -5.0000000000 0.9450500000
6.1540190000 -5.0000000000 0.9450500000
5.6173850000 -5.0000000000 2.9652030000
-5.6173850000 -5.0000000000 2.9652030000
-7.9270350000 -5.0000000000 0.9229660000
7.9270350000 -5.0000000000 0.9229660000
0.6843530000 -5.0000000000 1.1108850000
-0.6725330000 -5.0000000000 1.1211470000
0.7272070000 -5.0000000000 14.0387860000
-0.7265380000 -5.0000000000 14.0390100000
-0.7924960000 -5.0000000000 -0.0393950000
0.7924960000 -5.0000000000 -0.0393950000
-0.6878640000 -5.0000000000 12.8859440000
0.6878640000 -5.0000000000 12.8859440000
-2.2530440000 -5.0000000000 0.2330950000
2.2530440000 -5.0000000000 0.2330950000
-2.0840750000 -5.0000000000 1.1832480000
2.0840750000 -5.0000000000 1.1832480000
-4.5902330000 -5.0000000000 0.6247480000
4.5902330000 -5.0000000000 0.6247480000
-3.5216170000 -5.0000000000 0.6509360000
3.5216170000 -5.0000000000 0.6509360000
4.3968370000 -5.0000000000 1.8386550000
-4.3968370000 -5.0000000000 1.8386550000
-1.9503480000 -5.0000000000 12.7998250000
1.9503480000 -5.0000000000 12.7998250000
2.1901740000 -5.0000000000 13.8597070000
-2.1901740000 -5.0000000000 13.8597070000
7.1591560000 -5.0000000000 3.9166820000
-7.1591560000 -5.0000000000 3.9166820000
6.1935600000 -5.0000000000 4.1038180000
-6.1935600000 -5.0000000000 4.1038180000
-0.0000000000 -5.0000000000 -0.4758370000
-7.1436650000 -5.0000000000 7.7758260000
7.1436650000 -5.0000000000 7.7758260000
7.1681610000 -5.0000000000 2.9863820000
-7.1681610000 -5.0000000000 2.9863820000
-3.4099750000 -5.0000000000 1.2776020000
3.4099750000 -5.0000000000 1.2776020000
6.3074470000 -5.0000000000 2.5935730000
-6.3074470000 -5.0000000000 2.5935730000
0.0027090000 -5.0000000000 14.3121360000
-4.0731930000 -5.0000000000 0.5278020000
4.0731930000 -5.0000000000 0.5278020000
-7.1890280000 -5.0000000000 6.2068610000
7.1890280000 -5.0000000000 6.2068610000
4.3179940000 -5.0000000000 12.8421590000
-4.3179940000 -5.0000000000 12.8421590000
0.0000000000 -5.0000000000 12.6587010000
0.0000000000 -5.0000000000 1.3431920000
1.4452370000 -5.0000000000 1.2616610000
-1.4452370000 -5.0000000000 1.2616610000
1.7467460000 -5.0000000000 -0.0819100000
-1.7467460000 -5.0000000000 -0.0819100000
1.4769640000 -5.0000000000 14.2919600000
-1.4769640000 -5.0000000000 14.2919600000
9.4178040000 -5.0000000000 1.3875590000
-9.4178040000 -5.0000000000 1.3875590000
3.0151130000 -5.0000000000 12.6296190000
-3.0151130000 -5.0000000000 12.6296190000
7.2994410000 -5.0000000000 5.0232710000
-7.2994410000 -5.0000000000 5.0232710000
9.4019960000 -5.0000000000 0.6308700000
-9.4019960000 -5.0000000000 0.6308700000
6.4166320000 -5.0000000000 5.1350520000
-6.4166320000 -5.0000000000 5.1350520000
-10.4733950000 -5.0000000000 1.3838700000
10.4733950000 -5.0000000000 1.3838700000
-10.4715400000 -5.0000000000 0.5978800000
10.4715400000 -5.0000000000 0.5978800000
3.2542190000 -5.0000000000 13.5506620000
-3.2542190000 -5.0000000000 13.5506620000
-6.7363460000 -5.0000000000 0.6464610000
6.7363460000 -5.0000000000 0.6464610000
4.6786930000 -5.0000000000 1.3230090000
-4.6786930000 -5.0000000000 1.3230090000
6.6903800000 -5.0000000000 10.0993050000
-6.6903800000 -5.0000000000 10.0993050000
-5.7038030000 -5.0000000000 0.6090920000
5.7038030000 -5.0000000000 0.6090920000
7.3792580000 -5.0000000000 1.7389850000
-7.3792580000 -5.0000000000 1.7389850000
6.5656930000 -5.0000000000 6.3167140000
-6.5656930000 -5.0000000000 6.3167140000
5.3925600000 -5.0000000000 12.0228650000
-5.3925600000 -5.0000000000 12.0228650000
-8.3535450000 -5.0000000000 1.3905350000
8.3535450000 -5.0000000000 1.3905350000
1.2951470000 -5.0000000000 12.6158820000
-1.2951470000 -5.0000000000 12.6158820000
-3.9400210000 -5.0000000000 12.2723350000
3.9400210000 -5.0000000000 12.2723350000
6.6995010000 -5.0000000000 1.7142190000
-6.6995010000 -5.0000000000 1.7142190000
11.4645830000 -5.0000000000 1.4840310000
-11.4645830000 -5.0000000000 1.4840310000
7.4428880000 -5.0000000000 0.6176170000
-7.4428880000 -5.0000000000 0.6176170000
11.4947970000 -5.0000000000 0.7500000000
-11.4947970000 -5.0000000000 0.7500000000
-5.9972690000 -5.0000000000 9.7583910000
5.9972690000 -5.0000000000 9.7583910000
4.8549230000 -5.0000000000 11.4830880000
-4.8549230000 -5.0000000000 11.4830880000
-6.5423720000 -5.0000000000 7.6808590000
6.5423720000 -5.0000000000 7.6808590000
6.1416680000 -5.0000000000 11.1238100000
-6.1416680000 -5.0000000000 11.1238100000
5.4702410000 -5.0000000000 1.7305210000
-5.4702410000 -5.0000000000 1.7305210000
7.1068930000 -5.0000000000 9.0280720000
-7.1068930000 -5.0000000000 9.0280720000
5.6821870000 -5.0000000000 3.6774630000
-5.6821870000 -5.0000000000 3.6774630000
3.8535420000 -5.0000000000 1.5806420000
-3.8535420000 -5.0000000000 1.5806420000
-2.8906510000 -5.0000000000 0.1953910000
2.8906510000 -5.0000000000 0.1953910000
-5.4803080000 -5.0000000000 10.7101550000
5.4803080000 -5.0000000000 10.7101550000
6.4479570000 -5.0000000000 8.8262080000
-6.4479570000 -5.0000000000 8.8262080000
2.6356410000 -5.0000000000 1.3735400000
-2.6356410000 -5.0000000000 1.3735400000
8.4322540000 -5.0000000000 0.6351650000
-8.4322540000 -5.0000000000 0.6351650000
5.6515500000 -5.0000000000 2.3580780000
-5.6515500000 -5.0000000000 2.3580780000
7.4181870000 -5.0000000000 4.4673540000
-7.4181870000 -5.0000000000 4.4673540000
5.0120300000 -5.0000000000 2.7329250000
-5.0120300000 -5.0000000000 2.7329250000
2.7241410000 -5.0000000000 13.9281990000
-2.7241410000 -5.0000000000 13.9281990000
-0.6034330000 -5.0000000000 13.4607520000
0.6039480000 -5.0000000000 13.4601750000
-0.7135670000 -5.0000000000 0.5298630000
0.7145400000 -5.0000000000 0.5291460000
-3.4314150000 -5.0000000000 0.1930520000
3.4314150000 -5.0000000000 0.1930520000
-2.4504850000 -5.0000000000 12.5130040000
2.4504850000 -5.0000000000 12.5130040000
-5.0616900000 -5.0000000000 0.4964650000
5.0616900000 -5.0000000000 0.4964650000
11.1433050000 -5.0000000000 0.4560020000
-11.1433050000 -5.0000000000 0.4560020000
9.9208920000 -5.0000000000 0.4524950000
-9.9208920000 -5.0000000000 0.4524950000
6.1465120000 -5.0000000000 4.6182390000
-6.1465120000 -5.0000000000 4.6182390000
9.9624290000 -5.0000000000 1.5300270000
-9.9624290000 -5.0000000000 1.5300270000
7.8346360000 -5.0000000000 1.4280610000
-7.8346360000 -5.0000000000 1.4280610000
-8.8641030000 -5.0000000000 1.5462930000
8.8641030000 -5.0000000000 1.5462930000
-7.5491060000 -5.0000000000 7.3397830000
7.5491060000 -5.0000000000 7.3397830000
-6.3193070000 -5.0000000000 5.7116180000
6.3193070000 -5.0000000000 5.7116180000
1.1342940000 -5.0000000000 -0.3880650000
-1.1342940000 -5.0000000000 -0.3880650000
4.5316880000 -5.0000000000 2.3662200000
-4.5316880000 -5.0000000000 2.3662200000
7.4962500000 -5.0000000000 5.6039860000
-7.4962500000 -5.0000000000 5.6039860000
-7.5512360000 -5.0000000000 2.2775350000
7.5512360000 -5.0000000000 2.2775350000
-5.7923410000 -5.0000000000 1.2808110000
5.7923410000 -5.0000000000 1.2808110000
-7.3935350000 -5.0000000000 8.3928840000
7.3935350000 -5.0000000000 8.3928840000
-6.5759460000 -5.0000000000 10.6827070000
6.5759460000 -5.0000000000 10.6827070000
2.0553670000 -5.0000000000 13.3284990000
-2.0553670000 -5.0000000000 13.3284990000
-4.0945640000 -5.0000000000 13.3147200000
4.0945640000 -5.0000000000 13.3147200000
5.1285380000 -5.0000000000 12.5506770000
-5.1285380000 -5.0000000000 12.5506770000
-4.3246170000 -5.0000000000 11.7647140000
4.3246170000 -5.0000000000 11.7647140000
6.6412060000 -5.0000000000 3.8794540000
-6.6412060000 -5.0000000000 3.8794540000
4.9819320000 -5.0000000000 1.6462410000
-4.9819320000 -5.0000000000 1.6462410000
-6.2807940000 -5.0000000000 1.4474080000
6.2807940000 -5.0000000000 1.4474080000
-5.5907800000 -5.0000000000 10.1738040000
5.5907800000 -5.0000000000 10.1738040000
-6.4191820000 -5.0000000000 7.0002130000
6.4191820000 -5.0000000000 7.0002130000
6.3071570000 -5.0000000000 8.2644500000
-6.3071570000 -5.0000000000 8.2644500000
-10.9408470000 -5.0000000000 1.5202950000
10.9408470000 -5.0000000000 1.5202950000
-6.2686370000 -5.0000000000 0.4514450000
6.2686370000 -5.0000000000 0.4514450000
7.0707210000 -5.0000000000 9.6219280000
-7.0707210000 -5.0000000000 9.6219280000
-1.8638700000 -5.0000000000 1.5956320000
1.8638700000 -5.0000000000 1.5956320000
5.9167510000 -5.0000000000 11.6785650000
-5.9167510000 -5.0000000000 11.6785650000
0.5847450000 -5.0000000000 -0.5227230000
-0.5847450000 -5.0000000000 -0.5227230000
-7.5611710000 -5.0000000000 6.6831700000
7.5611710000 -5.0000000000 6.6831700000
8.9255720000 -5.0000000000 0.4883770000
-8.9255720000 -5.0000000000 0.4883770000
-1.9372420000 -5.0000000000 0.6398880000
1.9372420000 -5.0000000000 0.6398880000
-0.4537270000 -5.0000000000 14.4860340000
5.2099700000 -5.0000000000 3.2782680000
-5.2099700000 -5.0000000000 3.2782680000
0.4599750000 -5.0000000000 14.4867810000
6.6790710000 -5.0000000000 2.9725630000
-6.6790710000 -5.0000000000 2.9725630000
0.6030230000 -5.0000000000 1.6028460000
-0.5982560000 -5.0000000000 1.6044320000
-0.6120780000 -5.0000000000 12.4051970000
0.6120780000 -5.0000000000 12.4051970000
6.0885980000 -5.0000000000 9.2121690000
-6.0885980000 -5.0000000000 9.2121690000
-5.0981870000 -5.0000000000 11.0495100000
5.0981870000 -5.0000000000 11.0495100000
-2.4232440000 -5.0000000000 0.7524020000
2.4232440000 -5.0000000000 0.7524020000
-7.4910310000 -5.0000000000 3.4546910000
7.4910310000 -5.0000000000 3.4546910000
6.1420340000 -5.0000000000 3.1584250000
-6.1420340000 -5.0000000000 3.1584250000
-6.5942220000 -5.0000000000 1.1470290000
6.5942220000 -5.0000000000 1.1470290000
-1.1865450000 -5.0000000000 0.1286620000
1.1866160000 -5.0000000000 0.1286100000
0.9935210000 -5.0000000000 14.4330880000
-0.9929330000 -5.0000000000 14.4330440000
-7.9903950000 -5.0000000000 0.4439150000
7.9903950000 -5.0000000000 0.4439150000
0.2388420000 -5.0000000000 0.9226260000
3.4673960000 -5.0000000000 12.4592040000
-3.4673960000 -5.0000000000 12.4592040000
3.0398640000 -5.0000000000 1.5488180000
-3.0398640000 -5.0000000000 1.5488180000
-2.3372260000 -5.0000000000 -0.2307310000
2.3372260000 -5.0000000000 -0.2307310000
-0.2428750000 -5.0000000000 0.9180930000
6.4979500000 -5.0000000000 2.1659470000
-6.4979500000 -5.0000000000 2.1659470000
-0.2092580000 -5.0000000000 13.1124040000
0.2246520000 -5.0000000000 13.1065170000
-0.2965530000 -5.0000000000 0.0450220000
0.2953990000 -5.0000000000 0.0368440000
-7.5255550000 -5.0000000000 1.1562360000
7.5255550000 -5.0000000000 1.1562360000
3.7426230000 -5.0000000000 13.6014470000
-3.7426230000 -5.0000000000 13.6014470000
-0.2702900000 -5.0000000000 13.9039190000
0.2751040000 -5.0000000000 13.9056320000
-3.1343090000 -5.0000000000 13.0950860000
3.1343090000 -5.0000000000 13.0950860000
1.8090680000 -5.0000000000 12.3555600000
-1.8090680000 -5.0000000000 12.3555600000
-4.8106100000 -5.0000000000 0.9179630000
4.8106100000 -5.0000000000 0.9179630000
-1.9200710000 -5.0000000000 14.3021290000
1.9200710000 -5.0000000000 14.3021290000
1.1500970000 -5.0000000000 13.7927790000
-1.1500920000 -5.0000000000 13.7851900000
-1.1237900000 -5.0000000000 13.1935250000
1.1238770000 -5.0000000000 13.1946940000
-1.0933070000 -5.0000000000 0.9423760000
1.0939730000 -5.0000000000 0.9418050000
-4.5480770000 -5.0000000000 0.2447110000
4.5480770000 -5.0000000000 0.2447110000
11.6138150000 -5.0000000000 0.3550520000
-11.6138150000 -5.0000000000 0.3550520000
-3.2002680000 -5.0000000000 0.4748860000
3.2002680000 -5.0000000000 0.4748860000
-7.6526870000 -5.0000000000 6.0625000000
7.6526870000 -5.0000000000 6.0625000000
-6.9673500000 -5.0000000000 3.4158030000
6.9673500000 -5.0000000000 3.4158030000
-3.6938170000 -5.0000000000 1.0017740000
3.6938170000 -5.0000000000 1.0017740000
6.2355840000 -5.0000000000 3.6375010000
-6.2355840000 -5.0000000000 3.6375010000
-7.5618930000 -5.0000000000 2.7273010000
7.5618930000 -5.0000000000 2.7273010000
1.0449750000 -5.0000000000 1.5803520000
-1.0449750000 -5.0000000000 1.5803520000
-3.7248020000 -5.0000000000 0.3429480000
3.7248020000 -5.0000000000 0.3429480000
4.2813910000 -5.0000000000 1.4328050000
-4.2813910000 -5.0000000000 1.4328050000
6.8465530000 -5.0000000000 5.0180830000
-6.8465530000 -5.0000000000 5.0180830000
-2.2708740000 -5.0000000000 1.6086610000
2.2708740000 -5.0000000000 1.6086610000
11.7142860000 -5.0000000000 1.7500000000
-11.7142860000 -5.0000000000 1.7500000000
1.5610170000 -5.0000000000 13.0161040000
-1.5610120000 -5.0000000000 13.0160430000
4.8038960000 -5.0000000000 12.8600110000
-4.8038960000 -5.0000000000 12.8600110000
1.7071280000 -5.0000000000 13.8319510000
-1.7071280000 -5.0000000000 13.8306870000
-4.4153980000 -5.0000000000 0.9878610000
4.4153980000 -5.0000000000 0.9878610000
-11.6278070000 -5.0000000000 1.1145060000
11.6278070000 -5.0000000000 1.1145060000
7.6144010000 -5.0000000000 7.8957260000
-7.6144010000 -5.0000000000 7.8957260000
5.7979890000 -5.0000000000 4.3140230000
-5.7979890000 -5.0000000000 4.3140230000
7.5806580000 -5.0000000000 4.0116660000
-7.5806580000 -5.0000000000 4.0116660000
-7.6794070000 -5.0000000000 4.7789060000
7.6794070000 -5.0000000000 4.7789060000
6.9326920000 -2.5000000000 0.0000000000
9.5281440000 -2.3890200000 0.0000000000
8.2409770000 -1.5197220000 0.0000000000
8.2924220000 -3.3716190000 0.0000000000
5.6928870000 -3.4381530000 0.0000000000
5.8662870000 -1.5341210000 0.0000000000
10.4755670000 -1.4677900000 0.0000000000
10.4109490000 -3.4745600000 0.0000000000
6.9794360000 -3.7753290000 0.0000000000
6.9858760000 -1.3948220000 0.0000000000
9.3618080000 -1.2181130000 0.0000000000
9.3347030000 -3.8239390000 0.0000000000
10.9327710000 -2.5470180000 0.0000000000
5.4051690000 -2.4839620000 0.0000000000
7.9304350000 -2.3918410000 0.0000000000
5.1442310000 -4.1485750000 0.0000000000
5.1442310000 -0.8514250000 0.0000000000
11.0331300000 -4.1737380000 0.0000000000
11.0331300000 -0.8262620000 0.0000000000
7.7342620000 -4.1437520000 0.0000000000
7.7342620000 -0.8562480000 0.0000000000
6.1572150000 -4.1546580000 0.0000000000
6.0999740000 -0.9558220000 0.0000000000
8.5986960000 -0.7929580000 0.0000000000
8.5661880000 -4.1760880000 0.0000000000
6.0647220000 -2.7340340000 0.0000000000
8.6935790000 -2.1634880000 0.0000000000
8.8583520000 -3.1411170000 0.0000000000
10.0596020000 -4.2026340000 0.0000000000
10.0640050000 -0.8017610000 0.0000000000
7.4230940000 -3.1068650000 0.0000000000
7.4662880000 -1.9336340000 0.0000000000
6.4650430000 -1.8244570000 0.0000000000
10.1693300000 -2.2351880000 0.0000000000
9.8216130000 -3.1920510000 0.0000000000
11.2420140000 -3.2013000000 0.0000000000
11.2294800000 -1.8223860000 0.0000000000
4.9878990000 -3.3827490000 0.0000000000
4.9878990000 -1.6172510000 0.0000000000
9.5930990000 -1.8022950000 0.0000000000
6.6907710000 -3.1473880000 0.0000000000
6.9275950000 -4.5610870000 0.0000000000
6.9275950000 -0.4389130000 0.0000000000
8.8623310000 -1.6749280000 0.0000000000
10.3393610000 -2.8745610000 0.0000000000
5.9249020000 -2.1427940000 0.0000000000
9.2463840000 -0.5789470000 0.0000000000
9.3182400000 -4.5922290000 0.0000000000
5.6940830000 -0.5152390000 0.0000000000
5.7022600000 -4.5005430000 0.0000000000
8.3806550000 -2.8691170000 0.0000000000
4.8287730000 -2.2069860000 0.0000000000
4.8049640000 -2.8040250000 0.0000000000
10.5098230000 -0.4782960000 0.0000000000
10.5091940000 -4.5223320000 0.0000000000
9.9562800000 -1.2963480000 0.0000000000
6.3329610000 -3.6072700000 0.0000000000
11.4978070000 -2.3192400000 0.0000000000
8.7858530000 -3.7097950000 0.0000000000
8.1321050000 -0.4980560000 0.0000000000
8.1211550000 -4.4894310000 0.0000000000
7.6630220000 -1.3846460000 0.0000000000
7.6066740000 -3.6037860000 0.0000000000
10.6744900000 -1.9363420000 0.0000000000
11.4733550000 -1.2345730000 0.0000000000
11.4740070000 -3.7666600000 0.0000000000
5.4718280000 -3.0264150000 0.0000000000
6.4508430000 -1.3103980000 0.0000000000
5.4026060000 -1.9970230000 0.0000000000
9.8502570000 -3.7189110000 0.0000000000
9.9132140000 -2.6654650000 0.0000000000
8.1858030000 -2.0644730000 0.0000000000
4.7549460000 -4.4901790000 0.0000000000
4.7549460000 -0.5098210000 0.0000000000
7.3803360000 -2.5554310000 0.0000000000
8.9057900000 -2.5839890000 0.0000000000
6.4505870000 -2.3491340000 0.0000000000
11.5533940000 -2.7825200000 0.0000000000
11.4968250000 -4.4909150000 0.0000000000
11.4967160000 -0.5092900000 0.0000000000
7.5225990000 -0.4475320000 0.0000000000
7.5207740000 -4.5503820000 0.0000000000
9.1165890000 -2.1227440000 0.0000000000
7.8919290000 -3.0223380000 0.0000000000
6.9475550000 -2.0507820000 0.0000000000
4.6982170000 -3.9723960000 0.0000000000
4.6982170000 -1.0276040000 0.0000000000
8.1844260000 -3.9157450000 0.0000000000
8.2101340000 -1.0314510000 0.0000000000
5.6148490000 -3.9324790000 0.0000000000
5.5584950000 -1.0947720000 0.0000000000
9.3827230000 -2.8943180000 0.0000000000
10.9403780000 -1.3070570000 0.0000000000
10.8990530000 -3.6292960000 0.0000000000
8.7271640000 -4.6150980000 0.0000000000
8.7211540000 -0.3670340000 0.0000000000
6.3430170000 -4.6071120000 0.0000000000
6.3434120000 -0.4719560000 0.0000000000
10.4761400000 -1.0057210000 0.0000000000
10.4603640000 -3.9535790000 0.0000000000
9.9134620000 -4.6471790000 0.0000000000
9.8955200000 -0.4035910000 0.0000000000
5.1779800000 -4.6278590000 0.0000000000
5.1763440000 -0.3752970000 0.0000000000
6.1183450000 -3.2006080000 0.0000000000
10.7648300000 -3.1453470000 0.0000000000
7.2498500000 -0.9073210000 0.0000000000
7.2839380000 -4.1080220000 0.0000000000
11.0502420000 -0.3627700000 0.0000000000
11.0501380000 -4.6373970000 0.0000000000
8.8917430000 -1.1370770000 0.0000000000
9.0591310000 -4.1770290000 0.0000000000
10.1679360000 -1.7385300000 0.0000000000
9.3047810000 -3.4040060000 0.0000000000
6.6762580000 -0.9132050000 0.0000000000
6.6706940000 -4.1355800000 0.0000000000
9.6104660000 -4.1627460000 0.0000000000
9.6645580000 -0.8574130000 0.0000000000
7.0985740000 -2.9329820000 0.0000000000
7.1138000000 -3.3338190000 0.0000000000
7.8823880000 -1.8445120000 0.0000000000
8.4192520000 -2.4145820000 0.0000000000
-1.9337630000 -22.8578730000 -5.2058650000
-1.9500270000 -24.6077700000 -5.2305410000
-2.1016250000 -22.4673780000 -4.7777410000
-2.1280640000 -24.9886520000 -4.8460150000
-2.2276070000 -22.2752480000 -4.2740560000
-2.2697990000 -25.1968170000 -4.3958800000
-2.3199790000 -22.2830010000 -3.6870880000
-2.1655440000 -25.1981210000 -3.6089170000
-2.0722290000 -22.4952300000 -3.1780800000
-2.1625690000 -25.0240140000 -3.2082360000
-2.3761680000 -22.8489110000 -2.8008170000
-2.1064330000 -24.6928610000 -2.8333760000
-2.2147910000 -23.9010450000 -2.5076240000
-1.7280270000 -23.6118380000 -2.5063760000
-1.9710660000 -23.2099880000 -2.6005760000
-2.0125000000 -24.3317930000 -2.6174240000
-2.4861910000 -23.0795320000 -5.3418170000
-2.4936920000 -24.3940080000 -5.3547150000
-2.1274420000 -23.3392230000 -5.4426580000
-2.1333810000 -24.1443310000 -5.4472400000
-0.7589880000 -23.3235550000 -5.4381050000
-0.7645740000 -24.1687410000 -5.4403670000
-0.3415330000 -23.4958670000 -5.4783150000
-0.3429290000 -24.0021540000 -5.4786540000
-2.5916600000 -23.3943280000 -2.5427770000
-1.4515180000 -23.2587540000 -5.4172780000
-1.4602540000 -24.2249340000 -5.4228270000
-1.0992560000 -24.3157130000 -2.6107670000
-1.2132160000 -25.2395610000 -3.8233400000
-1.0914410000 -22.3630190000 -4.5712120000
-1.1547640000 -25.1042130000 -4.6450640000
-1.0188590000 -22.5884600000 -4.9491180000
-1.0537270000 -24.8835500000 -4.9823770000
-1.2692380000 -22.8379070000 -5.1908340000
-1.2898290000 -24.6347840000 -5.2112630000
-1.2210690000 -22.2500430000 -3.9886530000
-1.3223200000 -25.2276070000 -4.2582180000
-1.2740370000 -23.1829350000 -2.6113180000
-1.1498750000 -23.7853600000 -2.5004170000
-1.1426050000 -22.6742510000 -2.9546470000
-1.0959670000 -24.7632440000 -2.8939550000
-1.1263960000 -22.3741690000 -3.4024300000
-1.1323770000 -25.0851660000 -3.3163820000
-3.1140040000 -24.4285090000 -2.6622310000
-3.3014350000 -24.7639480000 -2.8946000000
-3.3147210000 -22.5985580000 -3.0386570000
-3.2955430000 -22.3777550000 -3.3942410000
-3.2849700000 -22.2548070000 -3.8800120000
-3.2356050000 -22.3103820000 -4.4213080000
-3.2146380000 -25.1681570000 -4.4887040000
-3.1912290000 -25.2443380000 -3.8697940000
-3.2249340000 -25.0542440000 -3.2590900000
-3.1222050000 -22.9264060000 -2.7463280000
-2.9011980000 -23.9472740000 -2.5130290000
-3.1827790000 -24.8805560000 -4.9858210000
-3.1844160000 -22.5880270000 -4.9485880000
-0.5981460000 -23.4646140000 -2.5273990000
-3.8016950000 -24.1806290000 -5.4368570000
-3.8015060000 -23.3117610000 -5.4345540000
-3.1407600000 -24.3299260000 -5.3833600000
-3.1385310000 -23.1504100000 -5.3749520000
-1.0356660000 -23.0581600000 -5.3309230000
-1.0484420000 -24.4246640000 -5.3397120000
-3.4307450000 -23.5043890000 -2.5202450000
-3.5441470000 -24.0414330000 -2.5285830000
-1.7312410000 -22.7885410000 -2.8486550000
-3.7376100000 -23.0889740000 -2.6535070000
-2.5882540000 -22.7155030000 -5.0861930000
-2.5981820000 -24.7453580000 -5.1221690000
-2.1263860000 -23.5261980000 -2.5167900000
-0.5982880000 -22.9159920000 -2.7532320000
-0.5669190000 -24.0449550000 -2.5292850000
-0.5581180000 -22.4807200000 -4.7993300000
-0.5976550000 -25.0083740000 -4.8163910000
-0.5755870000 -22.2768060000 -4.2823100000
-0.6984510000 -25.2269110000 -4.2621720000
-1.6334110000 -24.0896120000 -2.5389510000
-0.5829980000 -22.2804480000 -3.6993080000
-0.6013180000 -25.2077650000 -3.6465600000
-0.5750480000 -22.5038630000 -3.1650500000
-0.5639830000 -24.9718150000 -3.1298460000
-0.5543540000 -24.5670760000 -2.7420700000
-3.7249740000 -24.6458210000 -5.2031230000
-3.7262620000 -22.8394180000 -5.1919900000
-3.7246850000 -25.0448520000 -4.7572050000
-3.7331940000 -22.4388250000 -4.7285750000
-3.7258090000 -25.2335980000 -4.2212190000
-3.7529710000 -22.2587540000 -4.1618180000
-3.7641610000 -22.3054450000 -3.5959460000
-3.7428510000 -24.8971440000 -3.0335320000
-3.7515870000 -22.5295690000 -3.1279050000
-3.7004060000 -24.4943700000 -2.6977280000
-1.5963080000 -24.5381630000 -2.7237560000
-1.5516010000 -22.5013130000 -3.1688670000
-1.5129480000 -22.5350430000 -4.8797050000
-1.5476540000 -24.9258510000 -4.9313300000
-3.7305520000 -25.1651800000 -3.5027410000
-3.6352250000 -22.7856470000 -2.8510770000
-3.7243980000 -25.2431820000 -3.8571500000
-1.6305650000 -24.9106580000 -3.0498040000
-1.6900090000 -25.1596050000 -3.4871510000
-1.6629790000 -22.3118800000 -4.4263940000
-1.7097300000 -25.1540900000 -4.5277610000
-1.8234330000 -22.2500640000 -3.9861030000
-1.8360350000 -25.2499900000 -4.0054020000
-2.7256930000 -24.8241360000 -2.9529890000
-2.6585990000 -25.1467090000 -3.4530040000
-2.4818760000 -25.2485780000 -3.9347030000
-0.6629810000 -22.8518270000 -5.2013680000
-0.6791750000 -24.6337900000 -5.2119880000
-3.8687230000 -23.7616440000 -2.5000450000
-1.6857850000 -22.3172840000 -3.5557870000
-2.7736130000 -22.2527160000 -4.0902280000
-2.7702630000 -25.2224080000 -4.2863820000
-2.8887600000 -22.2948700000 -3.6358610000
-2.6851870000 -22.3853160000 -4.6226060000
-2.6939540000 -25.0720130000 -4.7087180000
-2.7699430000 -22.4956100000 -3.1775010000
-2.5124370000 -24.3749350000 -2.6363810000
-2.6432900000 -23.4074500000 -5.4603630000
-2.6464240000 -24.0793160000 -5.4634040000
0.0000000000 -23.7374430000 -3.9691690000
0.0000000000 -23.9880060000 -4.6774050000
0.0000000000 -23.8883360000 -3.3045360000
0.0000000000 -23.0142520000 -4.4916110000
0.0000000000 -24.5000000000 -3.8508160000
0.0000000000 -23.1604140000 -3.6060510000
0.0000000000 -24.4940420000 -4.4971530000
0.0000000000 -23.3735110000 -3.0910760000
0.0000000000 -22.7447510000 -3.9204140000
0.0000000000 -24.3877030000 -3.2362560000
0.0000000000 -23.4530740000 -4.9566050000
0.0000000000 -24.8449650000 -4.2304980000
0.0000000000 -24.3220590000 -4.9406950000
0.0000000000 -23.5740250000 -3.5751590000
0.0000000000 -24.0669340000 -3.6773530000
0.0000000000 -23.2901560000 -4.0000000000
0.0000000000 -23.5832500000 -4.4125520000
0.0000000000 -24.1329490000 -4.1745530000
0.0000000000 -23.9710010000 -5.1103310000
0.0000000000 -23.9619590000 -2.8977290000
0.0000000000 -22.8192420000 -3.3714280000
2.3162370000 -25.0441350000 -5.1078730000
2.2999730000 -25.0194590000 -6.8577700000
2.1483750000 -25.4722590000 -4.7173780000
2.1219360000 -25.4039850000 -7.2386520000
2.0223930000 -25.9759440000 -4.5252480000
1.9802010000 -25.8541200000 -7.4468170000
1.9300210000 -26.5629120000 -4.5330010000
2.0844560000 -26.6410830000 -7.4481210000
2.1777710000 -27.0719200000 -4.7452300000
2.0874310000 -27.0417640000 -7.2740140000
1.8738320000 -27.4491830000 -5.0989110000
2.1435670000 -27.4166240000 -6.9428610000
2.0352090000 -27.7423760000 -6.1510450000
2.5219730000 -27.7436240000 -5.8618380000
2.2789340000 -27.6494240000 -5.4599880000
2.2375000000 -27.6325760000 -6.5817930000
1.7638090000 -24.9081830000 -5.3295320000
1.7563080000 -24.8952850000 -6.6440080000
2.1225580000 -24.8073420000 -5.5892230000
2.1166190000 -24.8027600000 -6.3943310000
3.4910120000 -24.8118950000 -5.5735550000
3.4854260000 -24.8096330000 -6.4187410000
3.9084670000 -24.7716850000 -5.7458670000
3.9070710000 -24.7713460000 -6.2521540000
1.6583400000 -27.7072230000 -5.6443280000
2.7984820000 -24.8327220000 -5.5087540000
2.7897460000 -24.8271730000 -6.4749340000
3.1507440000 -27.6392330000 -6.5657130000
3.0367840000 -26.4266600000 -7.4895610000
3.1585590000 -25.6787880000 -4.6130190000
3.0952360000 -25.6049360000 -7.3542130000
3.2311410000 -25.3008820000 -4.8384600000
3.1962730000 -25.2676230000 -7.1335500000
2.9807620000 -25.0591660000 -5.0879070000
2.9601710000 -25.0387370000 -6.8847840000
3.0289310000 -26.2613470000 -4.5000430000
2.9276800000 -25.9917820000 -7.4776070000
2.9759630000 -27.6386820000 -5.4329350000
3.1001250000 -27.7495830000 -6.0353600000
3.1073950000 -27.2953530000 -4.9242510000
3.1540330000 -27.3560450000 -7.0132440000
3.1236040000 -26.8475700000 -4.6241690000
3.1176230000 -26.9336180000 -7.3351660000
1.1359960000 -27.5877690000 -6.6785090000
0.9485650000 -27.3554000000 -7.0139480000
0.9352790000 -27.2113430000 -4.8485580000
0.9544570000 -26.8557590000 -4.6277550000
0.9650300000 -26.3699880000 -4.5048070000
1.0143950000 -25.8286920000 -4.5603820000
1.0353620000 -25.7612960000 -7.4181570000
1.0587710000 -26.3802060000 -7.4943380000
1.0250660000 -26.9909100000 -7.3042440000
1.1277950000 -27.5036720000 -5.1764060000
1.3488020000 -27.7369710000 -6.1972740000
1.0672210000 -25.2641790000 -7.1305560000
1.0655840000 -25.3014120000 -4.8380270000
3.6518540000 -27.7226010000 -5.7146140000
0.4483050000 -24.8131430000 -6.4306290000
0.4484940000 -24.8154460000 -5.5617610000
1.1092400000 -24.8666400000 -6.5799260000
1.1114690000 -24.8750480000 -5.4004100000
3.2143340000 -24.9190770000 -5.3081600000
3.2015580000 -24.9102880000 -6.6746640000
0.8192550000 -27.7297550000 -5.7543890000
0.7058530000 -27.7214170000 -6.2914330000
2.5187590000 -27.4013450000 -5.0385410000
0.5123900000 -27.5964930000 -5.3389740000
1.6617460000 -25.1638070000 -4.9655030000
1.6518180000 -25.1278310000 -6.9953580000
2.1236140000 -27.7332100000 -5.7761980000
3.6517120000 -27.4967680000 -5.1659920000
3.6830810000 -27.7207150000 -6.2949550000
3.6918820000 -25.4506700000 -4.7307200000
3.6523450000 -25.4336090000 -7.2583740000
3.6744130000 -25.9676900000 -4.5268060000
3.5515490000 -25.9878280000 -7.4769110000
2.6165890000 -27.7110490000 -6.3396120000
3.6670020000 -26.5506920000 -4.5304480000
3.6486820000 -26.6034400000 -7.4577650000
3.6749520000 -27.0849500000 -4.7538630000
3.6860170000 -27.1201540000 -7.2218150000
3.6956460000 -27.5079300000 -6.8170760000
0.5250260000 -25.0468770000 -6.8958210000
0.5237380000 -25.0580100000 -5.0894180000
0.5253150000 -25.4927950000 -7.2948520000
0.5168060000 -25.5214250000 -4.6888250000
0.5241910000 -26.0287810000 -7.4835980000
0.4970290000 -26.0881820000 -4.5087540000
0.4858390000 -26.6540540000 -4.5554450000
0.5071490000 -27.2164680000 -7.1471440000
0.4984130000 -27.1220950000 -4.7795690000
0.5495940000 -27.5522720000 -6.7443700000
2.6536920000 -27.5262440000 -6.7881630000
2.6983990000 -27.0811330000 -4.7513130000
2.7370520000 -25.3702950000 -4.7850430000
2.7023460000 -25.3186700000 -7.1758510000
0.5194480000 -26.7472590000 -7.4151800000
0.6147750000 -27.3989230000 -5.0356470000
0.5256020000 -26.3928500000 -7.4931820000
2.6194350000 -27.2001960000 -7.1606580000
2.5599910000 -26.7628490000 -7.4096050000
2.5870210000 -25.8236060000 -4.5618800000
2.5402700000 -25.7222390000 -7.4040900000
2.4265670000 -26.2638970000 -4.5000640000
2.4139650000 -26.2445980000 -7.4999900000
1.5243070000 -27.2970110000 -7.0741360000
1.5914010000 -26.7969960000 -7.3967090000
1.7681240000 -26.3152970000 -7.4985780000
3.5870190000 -25.0486320000 -5.1018270000
3.5708250000 -25.0380120000 -6.8837900000
0.3812770000 -27.7499550000 -6.0116440000
2.5642150000 -26.6942130000 -4.5672840000
1.4763870000 -26.1597720000 -4.5027160000
1.4797370000 -25.9636180000 -7.4724080000
1.3612400000 -26.6141390000 -4.5448700000
1.5648130000 -25.6273940000 -4.6353160000
1.5560460000 -25.5412820000 -7.3220130000
1.4800570000 -27.0724990000 -4.7456100000
1.7375630000 -27.6136190000 -6.6249350000
1.6067100000 -24.7896370000 -5.6574500000
1.6035760000 -24.7865960000 -6.3293160000
0.0000000000 -26.2187100000 -6.1626180000
0.0000000000 -27.0456650000 -5.6451270000
0.0000000000 -26.1698520000 -5.2374450000
0.0000000000 -26.7630600000 -6.5698100000
0.0000000000 -25.4896890000 -6.2300870000
0.0000000000 -26.0391550000 -6.6745440000
0.0000000000 -25.5351380000 -5.4567030000
0.0000000000 -27.1968280000 -6.1972830000
0.0000000000 -26.7366930000 -5.1641710000
0.0000000000 -25.5072390000 -6.7100490000
0.0000000000 -26.4630800000 -6.9837130000
0.0000000000 -25.2249470000 -5.7947820000
0.0000000000 -25.6844420000 -5.0382120000
0.0000000000 -26.4513870000 -5.6916130000
0.0000000000 -26.7351300000 -6.0532900000
0.0000000000 -25.8249340000 -5.8441650000
-0.0830590000 -26.5816180000 -0.9995690000
-0.1610590000 -9.5696670000 -0.9983790000
0.0822370000 -8.5648470000 -0.9995770000
-0.3834450000 -27.7752800000 -0.9908050000
-0.0684620000 -26.0495140000 -0.9997070000
-0.0540250000 -25.4714720000 -0.9998180000
-0.0382040000 -24.7971600000 -0.9999090000
-0.0255110000 -24.1359290000 -0.9999590000
-0.0164040000 -23.4872800000 -0.9999830000
-0.0102850000 -22.8464850000 -0.9999930000
-0.0063380000 -22.2112100000 -0.9999970000
-0.0038510000 -21.5799510000 -0.9999990000
-0.0023070000 -20.9514240000 -1.0000000000
-0.0013600000 -20.3245930000 -1.0000000000
-0.0007870000 -19.6987300000 -1.0000000000
-0.0004480000 -19.0733690000 -1.0000000000
-0.0002540000 -18.4482370000 -1.0000000000
-0.0001530000 -17.8231750000 -1.0000000000
-0.0001190000 -17.1980820000 -1.0000000000
-0.0001500000 -16.5728670000 -1.0000000000
-0.0002670000 -15.9474120000 -1.0000000000
-0.0005180000 -15.3215380000 -1.0000000000
-0.0009830000 -14.6949530000 -1.0000000000
-0.0017750000 -14.0671960000 -1.0000000000
-0.0030440000 -13.4375400000 -0.9999990000
-0.0050010000 -12.8048200000 -0.9999980000
-0.0080170000 -12.1670970000 -0.9999960000
-0.0130250000 -11.5209650000 -0.9999890000
-0.0230720000 -10.8601630000 -0.9999670000
-0.0505710000 -10.1757500000 -0.9998400000
-0.3083110000 -9.0593530000 -0.9940570000
0.4327090000 -7.2493120000 -0.9882890000
1.0073030000 -28.2610880000 -0.9363300000
-0.9441220000 -6.7363470000 -0.9440940000
2.4804670000 -27.8293900000 -0.6057400000
2.1054120000 -7.3460830000 -0.7179820000
-2.1291950000 -27.6755850000 -0.7114540000
-2.3612960000 -7.1624790000 -0.6435780000
1.9870030000 -6.4504620000 -0.7493110000
-1.9852230000 -28.5587840000 -0.7497670000
2.5668890000 -28.2890200000 -0.5770100000
2.6112390000 -6.7511300000 -0.5618410000
-2.6179470000 -28.2635910000 -0.5595210000
-2.4495720000 -6.7100500000 -0.6157470000
2.3163530000 -28.8644750000 -0.6573170000
2.5128780000 -6.1470790000 -0.5950930000
-2.5141770000 -28.8600860000 -0.5946630000
-2.2555490000 -6.1405610000 -0.6754480000
2.9389110000 -28.5280270000 -0.4406190000
3.0453980000 -6.4834650000 -0.3976720000
-3.0486730000 -28.5245560000 -0.3963230000
-2.8519820000 -6.4915000000 -0.4743690000
2.8323220000 -29.0436130000 -0.4818420000
3.0088950000 -5.8993270000 -0.4125940000
-3.0098990000 -29.1043610000 -0.4121870000
-2.7925220000 -5.9670390000 -0.4967870000
3.1699380000 -29.2122110000 -0.3451680000
-3.1499430000 -5.7969580000 -0.3537650000
3.3312440000 -29.6091770000 -0.2734320000
3.3004860000 -5.4020620000 -0.2874410000
-3.3007380000 -29.5989160000 -0.2873270000
-3.3247070000 -5.3937340000 -0.2764230000
1.1605010000 -27.1426500000 -0.9153800000
-1.0406970000 -7.8021900000 -0.9320210000
1.4789150000 -8.0337000000 -0.8621120000
-1.3299730000 -27.0403140000 -0.8886740000
1.9871910000 -26.2309950000 -0.7492630000
1.4125460000 -26.0656120000 -0.8743070000
1.2052140000 -25.4536870000 -0.9086950000
1.1422590000 -24.7869190000 -0.9180330000
1.1172580000 -24.1339960000 -0.9215990000
1.1015990000 -23.4869660000 -0.9237920000
1.0865220000 -22.8454110000 -0.9258730000
1.0730410000 -22.2097080000 -0.9277100000
1.0630200000 -21.5785590000 -0.9290600000
1.0563430000 -20.9502500000 -0.9299520000
1.0521690000 -20.3235650000 -0.9305070000
1.0496660000 -19.6977640000 -0.9308390000
1.0482080000 -19.0724160000 -0.9310310000
1.0473830000 -18.4472740000 -0.9311400000
1.0469320000 -17.8221920000 -0.9312000000
1.0467050000 -17.1970730000 -0.9312300000
1.0466260000 -16.5718280000 -0.9312400000
1.0466760000 -15.9463380000 -0.9312340000
1.0469000000 -15.3204270000 -0.9312040000
1.0474390000 -14.6938220000 -0.9311330000
1.0486020000 -14.0661040000 -0.9309790000
1.0510120000 -13.4366390000 -0.9306600000
1.0558660000 -12.8044600000 -0.9300160000
1.0654420000 -12.1680210000 -0.9287350000
1.0841670000 -11.5246610000 -0.9261960000
1.1214220000 -10.8694580000 -0.9210110000
1.2003610000 -10.1958860000 -0.9094330000
1.3731510000 -9.5334210000 -0.8812720000
1.7171920000 -8.7363390000 -0.8135300000
-2.2042020000 -26.1650140000 -0.6903510000
-1.5788000000 -26.0187690000 -0.8426650000
-1.3287510000 -25.4194490000 -0.8888800000
-1.2262860000 -24.7628420000 -0.9054550000
-1.1714600000 -24.1185600000 -0.9137650000
-1.1353860000 -23.4779640000 -0.9190210000
-1.1071950000 -22.8405320000 -0.9230120000
-1.0855770000 -22.2071950000 -0.9260030000
-1.0705680000 -21.5773120000 -0.9280440000
-1.0608480000 -20.9496480000 -0.9293510000
-1.0548260000 -20.3232810000 -0.9301540000
-1.0512100000 -19.6976340000 -0.9306340000
-1.0490950000 -19.0723620000 -0.9309140000
-1.0478920000 -18.4472630000 -0.9310730000
-1.0472430000 -17.8222170000 -0.9311590000
-1.0469480000 -17.1971440000 -0.9311980000
-1.0469250000 -16.5719710000 -0.9312010000
-1.0471900000 -15.9466070000 -0.9311660000
-1.0478680000 -15.3209140000 -0.9310760000
-1.0492210000 -14.6946840000 -0.9308970000
-1.0517200000 -14.0676100000 -0.9305660000
-1.0561540000 -13.4392620000 -0.9299770000
-1.0638410000 -12.8090650000 -0.9289500000
-1.0770150000 -12.1763030000 -0.9271710000
-1.0995300000 -11.5402400000 -0.9240790000
-1.1380840000 -10.9007700000 -0.9186340000
-1.2038050000 -10.2617120000 -0.9089100000
-1.3149570000 -9.6650690000 -0.8911900000
-1.7104070000 -8.6819280000 -0.8150180000
1.8687880000 -25.6787720000 -0.7786650000
1.7891510000 -25.0812930000 -0.7973670000
1.7583900000 -24.4521720000 -0.8043620000
1.7427500000 -23.8083720000 -0.8078690000
1.7189730000 -23.1621270000 -0.8131380000
1.6923690000 -22.5229730000 -0.8189440000
1.6729310000 -21.8907230000 -0.8231260000
1.6604030000 -21.2620210000 -0.8257950000
1.6527240000 -20.6350840000 -0.8274200000
1.6481450000 -20.0090810000 -0.8283850000
1.6454690000 -19.3835850000 -0.8289480000
1.6439350000 -18.7583500000 -0.8292710000
1.6430780000 -18.1332260000 -0.8294500000
1.6426260000 -17.5081090000 -0.8295450000
1.6424320000 -16.8829170000 -0.8295860000
1.6424410000 -16.2575530000 -0.8295840000
1.6426860000 -15.6318890000 -0.8295330000
1.6433090000 -15.0057370000 -0.8294020000
1.6446320000 -14.3788260000 -0.8291240000
1.6472870000 -13.7507820000 -0.8285660000
1.6524570000 -13.1211140000 -0.8274760000
1.6623030000 -12.4892120000 -0.8253910000
1.6807220000 -11.8543990000 -0.8214560000
1.7147130000 -11.2161450000 -0.8140740000
1.7763190000 -10.5751890000 -0.8003010000
1.8808620000 -9.9375050000 -0.7757550000
2.0176290000 -9.2952540000 -0.7413940000
-2.0393370000 -25.6183840000 -0.7357030000
-1.9064420000 -25.0340850000 -0.7695220000
-1.8325650000 -24.4207050000 -0.7872790000
-1.7877820000 -23.7899000000 -0.7976810000
-1.7458620000 -23.1521030000 -0.8071740000
-1.7084610000 -22.5177380000 -0.8154440000
-1.6825710000 -21.8880650000 -0.8210580000
-1.6661660000 -21.2607050000 -0.8245700000
-1.6561500000 -20.6344460000 -0.8266960000
-1.6501640000 -20.0087800000 -0.8279600000
-1.6466470000 -19.3834500000 -0.8287010000
-1.6446200000 -18.7583010000 -0.8291270000
-1.6434880000 -18.1332320000 -0.8293640000
-1.6429080000 -17.5081700000 -0.8294860000
-1.6427070000 -16.8830540000 -0.8295280000
-1.6428390000 -16.2578160000 -0.8295010000
-1.6433790000 -15.6323660000 -0.8293870000
-1.6445410000 -15.0065780000 -0.8291430000
-1.6467330000 -14.3802830000 -0.8286820000
-1.6506610000 -13.7532780000 -0.8278550000
-1.6574940000 -13.1253640000 -0.8264110000
-1.6691550000 -12.4964520000 -0.8239330000
-1.6887580000 -11.8667820000 -0.8197250000
-1.7211650000 -11.2373130000 -0.8126560000
-1.7730500000 -10.6100620000 -0.8010440000
-1.8495200000 -9.9856530000 -0.7832690000
-1.9324050000 -9.3131110000 -0.7631060000
2.3357820000 -27.3455240000 -0.6514130000
-2.2523600000 -7.6519150000 -0.6763840000
-1.2184200000 -6.3430870000 -0.9066710000
1.2735330000 -28.6561340000 -0.8979820000
0.9602270000 -6.3300730000 -0.9421640000
-0.9395790000 -28.6787180000 -0.9446330000
-0.0063340000 -6.1800860000 -0.9999970000
0.0371720000 -28.8247360000 -0.9999140000
2.7535400000 -7.9275840000 -0.5111930000
-2.7632080000 -27.1163240000 -0.5076420000
-0.3506580000 -5.6160510000 -0.9923110000
0.3697130000 -29.3854490000 -0.9914520000
0.9687410000 -5.7052230000 -0.9411300000
-0.9586200000 -29.2990000000 -0.9423580000
-1.2611040000 -27.6354860000 -0.8999760000
1.3092430000 -7.3838540000 -0.8921410000
2.8749650000 -27.3981530000 -0.4655590000
-2.7777710000 -7.5776080000 -0.5022660000
3.4566640000 -6.3509410000 -0.2146710000
-3.4578990000 -28.6522920000 -0.2140790000
3.3702390000 -28.7313110000 -0.2554450000
-3.3422180000 -6.2896810000 -0.2683960000
0.4299820000 -28.2751490000 -0.9884360000
-0.3790540000 -6.7280820000 -0.9910150000
3.2507130000 -7.0596650000 -0.3097790000
-3.2573190000 -27.9535320000 -0.3068380000
3.1764260000 -27.9152250000 -0.3423650000
-2.9424500000 -7.0647680000 -0.4392200000
-0.1028270000 -27.2177490000 -0.9993390000
0.1493110000 -7.8259160000 -0.9986070000
-2.3714320000 -5.6200850000 -0.6404390000
2.3998680000 -29.3843530000 -0.6315550000
2.4710370000 -5.6214660000 -0.6088090000
-2.4712080000 -29.3818340000 -0.6087540000
-2.7592040000 -5.4629690000 -0.5091140000
2.7750380000 -29.5415590000 -0.5032770000
2.7384580000 -5.3845710000 -0.5167050000
-2.7387470000 -29.6170220000 -0.5165990000
1.9286210000 -5.6761560000 -0.7640470000
-1.9268100000 -29.3279610000 -0.7644960000
-1.8857050000 -5.5295730000 -0.7745820000
1.9114620000 -29.4722980000 -0.7682890000
3.4095630000 -6.6922680000 -0.2370490000
-3.4123090000 -28.3138450000 -0.2357550000
3.3434970000 -28.3248910000 -0.2678080000
-3.3008320000 -6.7759210000 -0.2872840000
3.5061840000 -5.9054660000 -0.1907350000
-3.5066750000 -29.0961140000 -0.1904960000
3.5264530000 -29.1355400000 -0.1808170000
-3.5157100000 -5.8710740000 -0.1860830000
2.1641400000 -26.8036630000 -0.7017200000
-2.1326210000 -8.2010630000 -0.7105080000
2.5223260000 -8.2539400000 -0.5919610000
-2.4120020000 -26.7191490000 -0.6277290000
2.3697940000 -25.3517830000 -0.6409470000
-2.5336570000 -25.2712170000 -0.5881870000
2.4110160000 -25.8919680000 -0.6280410000
-2.6555940000 -25.8022840000 -0.5463780000
-1.1476000000 -26.4376720000 -0.9172610000
0.9808530000 -26.4819820000 -0.9396430000
-2.3380170000 -8.7918040000 -0.6507310000
-2.5559300000 -9.2391390000 -0.5807140000
2.3518780000 -24.7673130000 -0.6464810000
2.3698980000 -24.1378890000 -0.6409150000
2.3551940000 -23.4794520000 -0.6454600000
2.3031380000 -22.8314680000 -0.6613030000
2.2700610000 -22.1997490000 -0.6711680000
2.2508160000 -21.5721610000 -0.6768370000
2.2396820000 -20.9457430000 -0.6800930000
2.2332340000 -20.3198870000 -0.6819700000
2.2295100000 -19.6943920000 -0.6830520000
2.2273750000 -19.0691230000 -0.6836710000
2.2261700000 -18.4439750000 -0.6840200000
2.2255120000 -17.8188660000 -0.6842110000
2.2251900000 -17.1937250000 -0.6843040000
2.2251060000 -16.5684820000 -0.6843280000
2.2252540000 -15.9430470000 -0.6842860000
2.2257260000 -15.3172980000 -0.6841490000
2.2267630000 -14.6910740000 -0.6838480000
2.2288450000 -14.0641680000 -0.6832450000
2.2328600000 -13.4363610000 -0.6820790000
2.2404030000 -12.8075170000 -0.6798820000
2.2542460000 -12.1778290000 -0.6758300000
2.2790710000 -11.5484080000 -0.6684960000
2.3223040000 -10.9225200000 -0.6555150000
2.3938520000 -10.3073780000 -0.6334440000
2.4997560000 -9.7157620000 -0.5994220000
-2.4252240000 -24.1069470000 -0.6235350000
-2.3862780000 -23.4636550000 -0.6358150000
-2.3214420000 -22.8233270000 -0.6557760000
-2.2809750000 -22.1955770000 -0.6679300000
-2.2573380000 -21.5700570000 -0.6749220000
-2.2435700000 -20.9447020000 -0.6789580000
-2.2355410000 -20.3193830000 -0.6812990000
-2.2308690000 -19.6941560000 -0.6826570000
-2.2281720000 -19.0690230000 -0.6834400000
-2.2266430000 -18.4439500000 -0.6838830000
-2.2258140000 -17.8188980000 -0.6841230000
-2.2254350000 -17.1938230000 -0.6842330000
-2.2253960000 -16.5686800000 -0.6842440000
-2.2257080000 -15.9434120000 -0.6841540000
-2.2265020000 -15.3179450000 -0.6839240000
-2.2280640000 -14.6921910000 -0.6834710000
-2.2309010000 -14.0660630000 -0.6826480000
-2.2358670000 -13.4395300000 -0.6812040000
-2.2443570000 -12.8127380000 -0.6787280000
-2.2586060000 -12.1862660000 -0.6745490000
-2.2821100000 -11.5615840000 -0.6675920000
-2.3200890000 -10.9416020000 -0.6561860000
-2.3795370000 -10.3302640000 -0.6379190000
-2.4663760000 -9.7305520000 -0.6103210000
-2.4484020000 -24.7124280000 -0.6161230000
2.6040970000 -9.2405940000 -0.5643030000
2.4353490000 -8.7525630000 -0.6203070000
2.6671190000 -27.0226930000 -0.5423120000
-2.6099880000 -7.9745350000 -0.5622720000
2.9397320000 -8.9789590000 -0.4402940000
0.8243540000 -25.9392090000 -0.9574140000
0.8062930000 -9.3410910000 -0.9592650000
-1.2555400000 -9.0931950000 -0.9008620000
0.7727550000 -25.1342180000 -0.9625910000
-0.8695300000 -25.1149340000 -0.9526040000
0.7486010000 -24.4634270000 -0.9648980000
-0.8134430000 -24.4504930000 -0.9585370000
0.7370870000 -23.8107370000 -0.9659720000
-0.7787480000 -23.8027680000 -0.9620070000
0.7284740000 -23.1662060000 -0.9667640000
-0.7545000000 -23.1616940000 -0.9643410000
0.7202090000 -22.5278610000 -0.9675150000
-0.7361980000 -22.5254720000 -0.9660540000
0.7131780000 -21.8945620000 -0.9681480000
-0.7228920000 -21.8933560000 -0.9672720000
0.7080670000 -21.2648390000 -0.9686030000
-0.7139060000 -21.2642510000 -0.9680820000
0.7047090000 -20.6373410000 -0.9689010000
-0.7081740000 -20.6370610000 -0.9685940000
0.7026360000 -20.0111170000 -0.9690840000
-0.7046600000 -20.0109870000 -0.9689050000
0.7014080000 -19.3855730000 -0.9691920000
-0.7025710000 -19.3855160000 -0.9690900000
0.7007030000 -18.7603580000 -0.9692540000
-0.7013630000 -18.7603380000 -0.9691960000
0.7003090000 -18.1352710000 -0.9692890000
-0.7006920000 -18.1352770000 -0.9692550000
0.7000980000 -17.5101940000 -0.9693080000
-0.7003520000 -17.5102270000 -0.9692850000
0.6999950000 -16.8850360000 -0.9693170000
-0.7002430000 -16.8851080000 -0.9692950000
0.6999640000 -16.2596970000 -0.9693190000
-0.7003430000 -16.2598370000 -0.9692860000
0.7000010000 -15.6340320000 -0.9693160000
-0.7007140000 -15.6342890000 -0.9692530000
0.7001470000 -15.0078110000 -0.9693030000
-0.7015080000 -15.0082730000 -0.9691840000
0.7005210000 -14.3806730000 -0.9692700000
-0.7030140000 -14.3814870000 -0.9690510000
0.7013940000 -13.7520550000 -0.9691940000
-0.7057170000 -13.7534810000 -0.9688120000
0.7033210000 -13.1210750000 -0.9690240000
-0.7104180000 -13.1235850000 -0.9683940000
0.7073940000 -12.4863030000 -0.9686630000
-0.7184810000 -12.4908170000 -0.9676710000
0.7157100000 -11.8452640000 -0.9679210000
-0.7323220000 -11.8537560000 -0.9664110000
0.7325160000 -11.1931130000 -0.9663930000
-0.7565580000 -11.2105160000 -0.9641460000
0.7681680000 -10.5171980000 -0.9630340000
-0.8006410000 -10.5593440000 -0.9598350000
0.8723340000 -9.7839750000 -0.9522970000
-0.8820120000 -9.8887990000 -0.9512300000
1.2308670000 -9.0260640000 -0.9047430000
1.1781890000 -8.5731800000 -0.9127660000
-1.0423400000 -8.5041050000 -0.9318050000
2.4477070000 -26.3361030000 -0.6163460000
-0.6668640000 -26.8224250000 -0.9721570000
0.7411900000 -8.2461410000 -0.9655910000
-0.5674190000 -26.2728330000 -0.9798520000
0.1848540000 -27.7713590000 -0.9978640000
-0.1306580000 -7.2412480000 -0.9989330000
0.5236670000 -5.9412020000 -0.9828420000
-0.5046470000 -29.0640480000 -0.9840670000
-0.7428820000 -9.4409260000 -0.9654330000
0.5598150000 -24.7974650000 -0.9803890000
-0.6389310000 -24.7854620000 -0.9744450000
0.5507200000 -24.1365790000 -0.9810220000
-0.6029060000 -24.1288440000 -0.9772490000
0.5458170000 -23.4879540000 -0.9813590000
-0.5790240000 -23.4833810000 -0.9790180000
0.5409540000 -22.8466490000 -0.9816900000
-0.5616010000 -22.8441430000 -0.9802630000
0.5361020000 -22.2110180000 -0.9820170000
-0.5487520000 -22.2097220000 -0.9811570000
0.5321610000 -21.5796460000 -0.9822810000
-0.5398230000 -21.5790020000 -0.9817660000
0.5294020000 -20.9511110000 -0.9824640000
-0.5339850000 -20.9508010000 -0.9821590000
0.5276360000 -20.3242920000 -0.9825810000
-0.5303380000 -20.3241460000 -0.9824020000
0.5265680000 -19.6984340000 -0.9826520000
-0.5281340000 -19.6983670000 -0.9825480000
0.5259460000 -19.0730710000 -0.9826930000
-0.5268390000 -19.0730440000 -0.9826340000
0.5255940000 -18.4479330000 -0.9827160000
-0.5261020000 -18.4479280000 -0.9826820000
0.5253990000 -17.8228610000 -0.9827290000
-0.5257070000 -17.8228750000 -0.9827080000
0.5252930000 -17.1977540000 -0.9827360000
-0.5255340000 -17.1977920000 -0.9827200000
0.5252350000 -16.5725200000 -0.9827390000
-0.5255370000 -16.5725970000 -0.9827190000
0.5252060000 -15.9470380000 -0.9827410000
-0.5257380000 -15.9471830000 -0.9827060000
0.5252060000 -15.3211250000 -0.9827410000
-0.5262250000 -15.3213880000 -0.9826740000
0.5252700000 -14.6944890000 -0.9827370000
-0.5271830000 -14.6949550000 -0.9826110000
0.5255100000 -14.0666690000 -0.9827210000
-0.5289250000 -14.0674870000 -0.9824960000
0.5261850000 -13.4369450000 -0.9826770000
-0.5319630000 -13.4383800000 -0.9822940000
0.5278330000 -12.8041650000 -0.9825680000
-0.5371460000 -12.8067170000 -0.9819470000
0.5315010000 -12.1663980000 -0.9823250000
-0.5459590000 -12.1710960000 -0.9813490000
0.5391740000 -11.5201000000 -0.9818100000
-0.5612360000 -11.5293680000 -0.9802890000
0.5549600000 -10.8574100000 -0.9807280000
-0.5890590000 -10.8784860000 -0.9782840000
0.5914700000 -10.1477050000 -0.9781050000
-0.6436160000 -10.2139790000 -0.9740680000
-0.6916650000 -25.4800650000 -0.9700440000
0.5770890000 -25.4975340000 -0.9791580000
-0.9678890000 -5.7034950000 -0.9412340000
0.9953230000 -29.2970980000 -0.9378420000
0.4808010000 -26.8435520000 -0.9855390000
-0.4674160000 -8.1667190000 -0.9863330000
-0.7651000000 -27.3864480000 -0.9633300000
0.8342570000 -7.6557160000 -0.9563820000
0.1688960000 -5.5803580000 -0.9982170000
-0.1545820000 -29.4221200000 -0.9985060000
3.2609530000 -7.7384270000 -0.3052160000
-3.2735860000 -27.2914630000 -0.2995640000
1.7168410000 -7.0159440000 -0.8136070000
-1.7101010000 -27.9907250000 -0.8150850000
0.5038340000 -27.3489660000 -0.9841190000
-0.4421790000 -7.6516920000 -0.9877710000
3.3972500000 -27.3275080000 -0.2428370000
-3.3494780000 -7.5766270000 -0.2650530000
1.4393810000 -27.8234160000 -0.8694460000
-1.3536850000 -7.1684210000 -0.8846390000
2.1930010000 -7.8259070000 -0.6935520000
-2.2767400000 -27.2679520000 -0.6691890000
1.8931840000 -28.3089000000 -0.7727640000
-1.8116880000 -6.6890920000 -0.7921620000
1.5663840000 -26.6149070000 -0.8451540000
2.2128710000 -6.9881390000 -0.6878610000
-2.2217030000 -28.0290330000 -0.6853130000
-1.3857640000 -5.4416110000 -0.8790650000
1.4054870000 -29.5590850000 -0.8755700000
1.3655220000 -5.4825510000 -0.8825980000
-1.3614390000 -29.5203660000 -0.8833040000
0.7888960000 -27.7704380000 -0.9610080000
-0.7161200000 -7.2213300000 -0.9678840000
0.6865000000 -28.7832760000 -0.9704900000
-0.6453110000 -6.2178580000 -0.9739310000
-0.6466030000 -28.2102860000 -0.9738260000
0.6826380000 -6.8047260000 -0.9708220000
1.7981770000 -27.3001260000 -0.7952910000
-1.7045570000 -7.7139330000 -0.8162960000
0.4678360000 -6.4049960000 -0.9863090000
-0.4381280000 -28.6040710000 -0.9879940000
-0.6405640000 -5.3298870000 -0.9743140000
0.6522050000 -29.6706370000 -0.9733700000
0.5810960000 -5.4453570000 -0.9788680000
-0.5724040000 -29.5570340000 -0.9794960000
-0.0454650000 -5.2991020000 -0.9998710000
0.0538130000 -29.7018920000 -0.9998190000
-1.7675410000 -26.5643130000 -0.8022940000
1.4465520000 -6.0310460000 -0.8681310000
-1.4380000000 -28.9753020000 -0.8696990000
1.6352520000 -29.0263320000 -0.8310890000
-1.5900000000 -5.9745700000 -0.8404020000
1.7623990000 -7.5210980000 -0.8034580000
-1.7723500000 -27.4358370000 -0.8012040000
-0.1361630000 -28.2434800000 -0.9988410000
0.1780350000 -6.7680750000 -0.9980190000
-0.8401770000 -27.8283840000 -0.9557590000
0.8864010000 -7.1945360000 -0.9507420000
1.4576560000 -6.5413190000 -0.8660820000
-1.4444900000 -28.4675900000 -0.8685100000
2.6316880000 -7.3767050000 -0.5547480000
-2.6532000000 -27.6567830000 -0.5472200000
-1.5283720000 -8.1806440000 -0.8526480000
-2.7475440000 -8.4075650000 -0.5133880000
2.7791870000 -26.6173490000 -0.5017410000
-3.0983180000 -9.4524330000 -0.3756650000
3.1096850000 -9.4590410000 -0.3708790000
2.9142590000 -24.5070080000 -0.4503080000
-2.9752670000 -24.4593940000 -0.4261560000
3.0552100000 -23.8147330000 -0.3936250000
2.9007970000 -23.1235240000 -0.4555600000
2.8468520000 -22.5021030000 -0.4763250000
2.8216850000 -21.8798300000 -0.4858600000
2.8085150000 -21.2553240000 -0.4908110000
2.8012720000 -20.6301150000 -0.4935220000
2.7971950000 -20.0048250000 -0.4950450000
2.7948820000 -19.3796110000 -0.4959080000
2.7935720000 -18.7544760000 -0.4963960000
2.7928440000 -18.1293840000 -0.4966670000
2.7924630000 -17.5042900000 -0.4968090000
2.7923070000 -16.8791470000 -0.4968670000
2.7923380000 -16.2539010000 -0.4968560000
2.7925910000 -15.6284800000 -0.4967620000
2.7931990000 -15.0027930000 -0.4965350000
2.7944420000 -14.3767340000 -0.4960720000
2.7968460000 -13.7502050000 -0.4951750000
2.8013510000 -13.1232080000 -0.4934930000
2.8095750000 -12.4960590000 -0.4904130000
2.8242060000 -11.8699290000 -0.4849090000
2.8495330000 -11.2480910000 -0.4753040000
2.8922040000 -10.6383440000 -0.4588980000
-3.0827320000 -23.7959150000 -0.3821930000
-2.9177590000 -23.1139660000 -0.4489380000
-2.8571660000 -22.4971290000 -0.4723890000
-2.8278990000 -21.8772700000 -0.4835140000
-2.8122370000 -21.2540320000 -0.4894140000
-2.8034900000 -20.6294760000 -0.4926930000
-2.7985100000 -20.0045170000 -0.4945540000
-2.7956570000 -19.3794690000 -0.4956190000
-2.7940310000 -18.7544220000 -0.4962250000
-2.7931260000 -18.1293850000 -0.4965620000
-2.7926620000 -17.5043400000 -0.4967350000
-2.7925010000 -16.8792640000 -0.4967950000
-2.7926030000 -16.2541220000 -0.4967570000
-2.7930190000 -15.6288750000 -0.4966020000
-2.7939040000 -15.0034780000 -0.4962720000
-2.7955520000 -14.3778930000 -0.4956580000
-2.7984670000 -13.7521300000 -0.4945700000
-2.8034760000 -13.1263330000 -0.4926980000
-2.8119130000 -12.5009830000 -0.4895360000
-2.8259010000 -11.8773230000 -0.4842690000
-2.8488340000 -11.2582590000 -0.4755700000
-2.8865510000 -10.6500110000 -0.4610870000
-2.9520090000 -10.0615190000 -0.4354320000
2.9641310000 -10.0534430000 -0.4306080000
2.8716670000 -25.0757210000 -0.4668280000
-2.9881090000 -24.9822670000 -0.4209970000
-2.9207040000 -8.9055770000 -0.4477840000
3.1395100000 -8.4409340000 -0.3582250000
-3.1783490000 -26.6475570000 -0.3415320000
2.8756340000 -26.1373700000 -0.4653020000
-3.2502090000 -26.0119990000 -0.3100030000
1.6741090000 -26.9653360000 -0.8228740000
0.4133510000 -26.2907090000 -0.9893140000
2.0721600000 -8.3204900000 -0.7269760000
0.2537950000 -9.1763210000 -0.9959730000
-1.9141250000 -27.0055130000 -0.7676330000
0.3387900000 -25.8496880000 -0.9928230000
-3.1211210000 -8.0332200000 -0.3660440000
-0.4698510000 -25.8367910000 -0.9861910000
3.1590740000 -26.9493740000 -0.3498470000
-0.4964240000 -9.8578240000 -0.9845830000
-0.7713220000 -8.9495870000 -0.9627300000
0.3858410000 -9.6990850000 -0.9906900000
0.3637940000 -25.1395700000 -0.9917240000
-0.4588730000 -25.1298180000 -0.9868290000
0.3586030000 -23.8116960000 -0.9919590000
-0.4008140000 -23.8076400000 -0.9899530000
0.3579610000 -23.1669150000 -0.9919870000
-0.3846330000 -23.1645970000 -0.9907480000
0.3563690000 -22.5286450000 -0.9920590000
-0.3728870000 -22.5274060000 -0.9913050000
0.3544830000 -21.8952770000 -0.9921430000
-0.3645710000 -21.8946480000 -0.9916890000
0.3529220000 -21.2653940000 -0.9922120000
-0.3590060000 -21.2650860000 -0.9919410000
0.3518400000 -20.6377520000 -0.9922590000
-0.3554580000 -20.6376050000 -0.9920990000
0.3511600000 -20.0114330000 -0.9922890000
-0.3532780000 -20.0113650000 -0.9921960000
0.3507570000 -19.3858350000 -0.9923070000
-0.3519770000 -19.3858050000 -0.9922530000
0.3505270000 -18.7605930000 -0.9923170000
-0.3512210000 -18.7605830000 -0.9922870000
0.3503980000 -18.1354960000 -0.9923230000
-0.3508010000 -18.1354990000 -0.9923050000
0.3503220000 -17.5104130000 -0.9923260000
-0.3505920000 -17.5104300000 -0.9923140000
0.3502690000 -16.8852520000 -0.9923280000
-0.3505350000 -16.8852890000 -0.9923170000
0.3502160000 -16.2599070000 -0.9923310000
-0.3506260000 -16.2599790000 -0.9923130000
0.3501440000 -15.6342290000 -0.9923340000
-0.3509110000 -15.6343620000 -0.9923000000
0.3500430000 -15.0079830000 -0.9923380000
-0.3515030000 -15.0082210000 -0.9922740000
0.3499280000 -14.3807960000 -0.9923430000
-0.3525970000 -14.3812150000 -0.9922260000
0.3498740000 -13.7520810000 -0.9923460000
-0.3545080000 -13.7528170000 -0.9921410000
0.3500810000 -13.1209090000 -0.9923370000
-0.3577420000 -13.1222080000 -0.9919970000
0.3509690000 -12.4857560000 -0.9922980000
-0.3631560000 -12.4881090000 -0.9917530000
0.3533050000 -11.8439650000 -0.9921950000
-0.3723600000 -11.8484560000 -0.9913300000
0.3583670000 -11.1903500000 -0.9919690000
-0.3888620000 -11.1998990000 -0.9905440000
0.3684950000 -10.5116450000 -0.9915090000
-0.4217110000 -10.5375440000 -0.9888770000
-0.4241330000 -24.4595780000 -0.9887490000
0.3593610000 -24.4661120000 -0.9919250000
-0.5020030000 -8.6489220000 -0.9842340000
0.7164160000 -8.8212740000 -0.9678570000
-3.4248260000 -9.0041990000 -0.2298390000
-3.4456070000 -9.8490840000 -0.2199580000
3.4509440000 -9.8479020000 -0.2174090000
-3.4069130000 -10.3561580000 -0.2382970000
3.4109400000 -10.3518110000 -0.2364000000
3.4231410000 -23.3211940000 -0.2306370000
3.3858510000 -22.7928940000 -0.2481730000
3.3650410000 -22.1856730000 -0.2578580000
3.3544300000 -21.5642900000 -0.2627680000
3.3488470000 -20.9399490000 -0.2653440000
3.3458000000 -20.3149650000 -0.2667470000
3.3440990000 -19.6898730000 -0.2675310000
3.3431400000 -19.0647920000 -0.2679720000
3.3426020000 -18.4397350000 -0.2682190000
3.3423090000 -17.8146850000 -0.2683540000
3.3421680000 -17.1896210000 -0.2684190000
3.3421360000 -16.5645180000 -0.2684340000
3.3422140000 -15.9393450000 -0.2683980000
3.3424450000 -15.3140600000 -0.2682910000
3.3429400000 -14.6886180000 -0.2680640000
3.3439100000 -14.0629760000 -0.2676180000
3.3457370000 -13.4371350000 -0.2667770000
3.3490820000 -12.8112380000 -0.2652360000
3.3550440000 -12.1858240000 -0.2624840000
3.3653780000 -11.5625040000 -0.2577020000
3.3827330000 -10.9459580000 -0.2496290000
-3.4330820000 -23.3147880000 -0.2259220000
-3.3925810000 -22.7890810000 -0.2450260000
-3.3692320000 -22.1836170000 -0.2559130000
-3.3569720000 -21.5632240000 -0.2615940000
-3.3503720000 -20.9394100000 -0.2646410000
-3.3467090000 -20.3146990000 -0.2663290000
-3.3446370000 -19.6897460000 -0.2672830000
-3.3434580000 -19.0647370000 -0.2678260000
-3.3427930000 -18.4397190000 -0.2681310000
-3.3424340000 -17.8146980000 -0.2682970000
-3.3422700000 -17.1896660000 -0.2683720000
-3.3422540000 -16.5646100000 -0.2683790000
-3.3423890000 -15.9395110000 -0.2683170000
-3.3427290000 -15.3143500000 -0.2681610000
-3.3433880000 -14.6891110000 -0.2678580000
-3.3445720000 -14.0637960000 -0.2673130000
-3.3466230000 -13.4384660000 -0.2663690000
-3.3500990000 -12.8133290000 -0.2647670000
-3.3558890000 -12.1889530000 -0.2620940000
-3.3654240000 -11.5668110000 -0.2576800000
-3.3810400000 -10.9510400000 -0.2504190000
3.4886600000 -24.3849120000 -0.1992530000
-3.5118420000 -24.3627400000 -0.1879740000
3.3923340000 -9.0007870000 -0.2451410000
2.8832220000 -25.6183290000 -0.4623740000
-3.1315150000 -25.4781780000 -0.3616310000
-1.8988480000 -7.2771680000 -0.7713820000
1.4045660000 -28.2623850000 -0.8757350000
1.9917470000 -27.7214710000 -0.7480930000
-1.3330720000 -6.7342370000 -0.8881510000
1.1700450000 -6.8784090000 -0.9139750000
-1.1415960000 -28.1351980000 -0.9181290000
-2.7442520000 -26.2692010000 -0.5145910000
1.5859420000 -9.1477700000 -0.8412240000
-3.3327910000 -8.5375940000 -0.2727230000
-0.9653570000 -25.9109300000 -0.9415420000
3.3284790000 -26.4557560000 -0.2746980000
3.3081810000 -24.8630660000 -0.2839510000
-3.3635900000 -24.7961400000 -0.2585300000
3.3727270000 -25.9056900000 -0.2542890000
3.3689750000 -25.3479680000 -0.2560330000
-3.4503770000 -25.1763170000 -0.2176800000
-3.4720540000 -7.1584630000 -0.2072770000
-0.0000000000 -30.0000000000 -0.4930660000
-0.6041910000 -30.0000000000 -0.4797790000
0.6041910000 -30.0000000000 -0.4797790000
-2.9792180000 -30.0000000000 -0.1858580000
2.9792180000 -30.0000000000 -0.1858580000
-1.2085230000 -30.0000000000 -0.4429840000
1.2085230000 -30.0000000000 -0.4429840000
-1.8103850000 -30.0000000000 -0.3824060000
1.8103850000 -30.0000000000 -0.3824060000
-2.3600820000 -30.0000000000 -0.3027640000
2.3600820000 -30.0000000000 -0.3027640000
0.0000000000 -40.2430560000 -15.5000000000
0.0567470000 -29.2549310000 -15.5000000000
0.0000000000 -35.9847890000 -15.5000000000
-0.7298210000 -32.5863890000 -15.5000000000
1.5940900000 -31.2819240000 -15.5000000000
1.6777440000 -42.2684010000 -15.5000000000
-1.5857240000 -42.2567540000 -15.5000000000
1.6372020000 -38.0763730000 -15.5000000000
-1.5232780000 -38.0842960000 -15.5000000000
1.7013870000 -34.0337580000 -15.5000000000
-1.7596750000 -27.4895810000 -15.5000000000
1.7155070000 -27.5012380000 -15.5000000000
-1.9290820000 -34.6626530000 -15.5000000000
-1.8685460000 -30.5031290000 -15.5000000000
2.1261180000 -40.1729710000 -15.5000000000
-2.1261180000 -40.1729710000 -15.5000000000
2.1369370000 -36.0639570000 -15.5000000000
2.2295220000 -29.4461940000 -15.5000000000
-0.0000000000 -26.8666740000 -15.5000000000
2.4523910000 -48.2009450000 -15.5000000000
-2.4523910000 -48.2009450000 -15.5000000000
-2.3972410000 -36.4388140000 -15.5000000000
-2.4672090000 -43.8402020000 -15.5000000000
2.4672090000 -43.8402020000 -15.5000000000
0.0182970000 -42.7656420000 -15.5000000000
-0.0770690000 -34.1897930000 -15.5000000000
-2.5203460000 -32.2791360000 -15.5000000000
-0.1578010000 -30.9998110000 -15.5000000000
-2.5615150000 -28.9957030000 -15.5000000000
-0.0000000000 -38.5835300000 -15.5000000000
2.6751890000 -32.6826770000 -15.5000000000
0.7617740000 -32.7261540000 -15.5000000000
-2.8457470000 -46.5981410000 -15.5000000000
2.8457470000 -46.5981410000 -15.5000000000
-2.7951370000 -26.4485000000 -15.5000000000
2.8506490000 -26.5030750000 -15.5000000000
2.8168930000 -38.8730730000 -15.5000000000
-2.7403300000 -38.9974550000 -15.5000000000
2.8392750000 -37.3706410000 -15.5000000000
-2.8282190000 -41.4210840000 -15.5000000000
2.7779640000 -41.4450190000 -15.5000000000
-2.7084340000 -45.1599040000 -15.5000000000
2.7084340000 -45.1599040000 -15.5000000000
1.1676310000 -48.6870260000 -15.5000000000
-1.1676310000 -48.6870260000 -15.5000000000
2.8338540000 -34.8177680000 -15.5000000000
2.8544520000 -30.7242810000 -15.5000000000
-2.8273490000 -33.5958060000 -15.5000000000
0.3953200000 -37.2408550000 -15.5000000000
0.5188600000 -41.5029110000 -15.5000000000
-1.0857220000 -36.8900730000 -15.5000000000
2.8862870000 -28.2719120000 -15.5000000000
1.0369640000 -30.1190040000 -15.5000000000
-1.0970110000 -41.0055340000 -15.5000000000
-1.2133670000 -43.4756450000 -15.5000000000
1.2878310000 -43.5128430000 -15.5000000000
-1.2007000000 -28.7058430000 -15.5000000000
1.1032650000 -35.1888330000 -15.5000000000
-0.9867170000 -39.3575760000 -15.5000000000
1.0122790000 -39.4238250000 -15.5000000000
1.1281610000 -26.2494820000 -15.5000000000
-1.1869640000 -26.3105150000 -15.5000000000
0.5806490000 -28.1135890000 -15.5000000000
-2.9649930000 -37.6158500000 -15.5000000000
-2.9916550000 -42.6819700000 -15.5000000000
2.9916550000 -42.6819700000 -15.5000000000
-3.0035870000 -27.7938450000 -15.5000000000
-3.1018590000 -35.4082840000 -15.5000000000
-3.0172880000 -31.0798260000 -15.5000000000
-1.0374280000 -35.6410810000 -15.5000000000
-0.0024870000 -48.9155750000 -15.5000000000
-1.6530400000 -33.5227660000 -15.5000000000
-0.8937070000 -30.0996230000 -15.5000000000
-1.1892980000 -31.5053650000 -15.5000000000
3.1055510000 -33.7051320000 -15.5000000000
1.1738990000 -29.0216620000 -15.5000000000
-3.1457680000 -29.9723690000 -15.5000000000
-0.6330020000 -27.7504510000 -15.5000000000
1.5756890000 -41.1617040000 -15.5000000000
1.0082930000 -36.3623020000 -15.5000000000
3.2192330000 -40.3417460000 -15.5000000000
-3.1842700000 -40.4711010000 -15.5000000000
-3.1365170000 -49.0358690000 -15.5000000000
3.1365170000 -49.0358690000 -15.5000000000
3.2585670000 -35.9787790000 -15.5000000000
3.2024950000 -31.7678340000 -15.5000000000
-0.6418450000 -41.9492340000 -15.5000000000
1.7941680000 -37.0819550000 -15.5000000000
3.2254050000 -47.5237010000 -15.5000000000
-3.2254050000 -47.5237010000 -15.5000000000
3.2099610000 -29.6961580000 -15.5000000000
2.0750980000 -47.2945750000 -15.5000000000
-2.0750980000 -47.2945750000 -15.5000000000
-0.6092650000 -37.7433640000 -15.5000000000
0.0081320000 -31.9849080000 -15.5000000000
3.2416750000 -27.3636040000 -15.5000000000
-1.7048800000 -29.5698050000 -15.5000000000
2.0035560000 -49.0621090000 -15.5000000000
-2.0035560000 -49.0621090000 -15.5000000000
0.2864570000 -25.9333370000 -15.5000000000
-3.2776060000 -44.3776170000 -15.5000000000
3.2776060000 -44.3776170000 -15.5000000000
-1.9768930000 -44.6609860000 -15.5000000000
1.9768930000 -44.6609860000 -15.5000000000
1.6818020000 -32.3798950000 -15.5000000000
0.9615240000 -40.3818580000 -15.5000000000
-0.9526790000 -34.6609600000 -15.5000000000
-0.0045200000 -33.2019450000 -15.5000000000
1.9833510000 -28.4534970000 -15.5000000000
-3.3205180000 -32.7569720000 -15.5000000000
0.4053720000 -43.6951840000 -15.5000000000
1.9475950000 -30.3888090000 -15.5000000000
2.0654050000 -25.8674950000 -15.5000000000
-2.0362540000 -25.9007680000 -15.5000000000
-3.3293840000 -36.5494280000 -15.5000000000
0.7849400000 -33.7098110000 -15.5000000000
-3.3045740000 -34.4304520000 -15.5000000000
0.8719610000 -27.1829290000 -15.5000000000
1.8795400000 -39.0049750000 -15.5000000000
-1.8755380000 -39.0290430000 -15.5000000000
-2.0817640000 -37.3228700000 -15.5000000000
3.3542880000 -38.1238520000 -15.5000000000
-2.1221340000 -35.5763820000 -15.5000000000
3.3497370000 -45.8750060000 -15.5000000000
-3.3497370000 -45.8750060000 -15.5000000000
2.0198010000 -43.0634660000 -15.5000000000
-2.0200670000 -43.0600550000 -15.5000000000
-1.9238560000 -41.3827370000 -15.5000000000
0.1953480000 -35.0952120000 -15.5000000000
0.8771700000 -42.6588200000 -15.5000000000
1.4627840000 -47.8250920000 -15.5000000000
-1.4627840000 -47.8250920000 -15.5000000000
3.4311100000 -43.4684100000 -15.5000000000
-3.4311100000 -43.4684100000 -15.5000000000
2.0014870000 -35.1702420000 -15.5000000000
0.6933390000 -31.4076590000 -15.5000000000
0.1330500000 -30.1541630000 -15.5000000000
-1.6884920000 -32.5892590000 -15.5000000000
-3.3674980000 -28.6099310000 -15.5000000000
-2.0793200000 -31.4533140000 -15.5000000000
-3.4789960000 -25.8732020000 -15.5000000000
3.4411870000 -25.9431090000 -15.5000000000
-0.7718150000 -33.5854130000 -15.5000000000
-2.0096290000 -28.3230140000 -15.5000000000
-0.2291380000 -41.0741950000 -15.5000000000
-2.3006190000 -45.8670890000 -15.5000000000
2.3006190000 -45.8670890000 -15.5000000000
0.7265720000 -38.1139220000 -15.5000000000
-3.4224420000 -31.8668910000 -15.5000000000
-3.4328670000 -27.1040030000 -15.5000000000
2.2948210000 -38.1149280000 -15.5000000000
-0.9594710000 -27.1882550000 -15.5000000000
2.3388670000 -31.7651190000 -15.5000000000
-0.8852880000 -38.6047280000 -15.5000000000
-0.1714040000 -36.8719800000 -15.5000000000
0.1875100000 -39.3979910000 -15.5000000000
1.8049920000 -33.2086430000 -15.5000000000
3.3870590000 -32.7852200000 -15.5000000000
-0.4567300000 -43.7888420000 -15.5000000000
-3.4223170000 -39.5015260000 -15.5000000000
3.4117320000 -39.4914520000 -15.5000000000
0.4889070000 -48.1610670000 -15.5000000000
-0.5332510000 -48.1513760000 -15.5000000000
-1.3418730000 -40.2938590000 -15.5000000000
-3.4347430000 -38.3319130000 -15.5000000000
3.4167940000 -36.7543120000 -15.5000000000
-0.5254540000 -25.7833470000 -15.5000000000
-0.8889200000 -42.9541280000 -15.5000000000
3.4318930000 -41.9838710000 -15.5000000000
-3.4318930000 -41.9838710000 -15.5000000000
3.4368800000 -28.8853750000 -15.5000000000
2.0302190000 -26.7231880000 -15.5000000000
-2.0193730000 -26.6776510000 -15.5000000000
-2.3988030000 -38.1970180000 -15.5000000000
2.2847800000 -42.0807590000 -15.5000000000
-2.3929070000 -42.1550520000 -15.5000000000
-0.6244270000 -49.1735600000 -15.5000000000
0.6625740000 -49.2294970000 -15.5000000000
-1.4560730000 -44.2841500000 -15.5000000000
1.3886360000 -44.1748270000 -15.5000000000
-1.7959790000 -36.2979830000 -15.5000000000
2.4430620000 -34.1328490000 -15.5000000000
-0.5355220000 -28.7200090000 -15.5000000000
-3.5026290000 -41.0323710000 -15.5000000000
3.3688430000 -41.0201910000 -15.5000000000
-2.3565220000 -32.9384350000 -15.5000000000
3.4905470000 -48.2033630000 -15.5000000000
-3.4905470000 -48.2033630000 -15.5000000000
3.5487930000 -35.2186160000 -15.5000000000
2.5901800000 -27.5442660000 -15.5000000000
0.8142970000 -34.6035170000 -15.5000000000
3.4758510000 -34.3850480000 -15.5000000000
3.5450610000 -26.5850250000 -15.5000000000
-3.5996530000 -45.0791120000 -15.5000000000
3.5996530000 -45.0791120000 -15.5000000000
3.5202720000 -30.4004010000 -15.5000000000
2.5853210000 -39.7065280000 -15.5000000000
-2.6681300000 -39.6420710000 -15.5000000000
2.6692840000 -36.5966510000 -15.5000000000
2.2490460000 -40.8558070000 -15.5000000000
-0.8293410000 -30.8762540000 -15.5000000000
-0.7712130000 -29.3211230000 -15.5000000000
-3.6958940000 -46.5860720000 -15.5000000000
3.6958940000 -46.5860720000 -15.5000000000
-3.4885460000 -29.3751040000 -15.5000000000
-2.1586000000 -33.9975010000 -15.5000000000
-2.6661260000 -27.2846420000 -15.5000000000
-2.4420520000 -30.0368290000 -15.5000000000
-3.6405250000 -35.9760090000 -15.5000000000
1.3028500000 -28.0652940000 -15.5000000000
-0.7186040000 -36.1524790000 -15.5000000000
-3.5542530000 -33.3938620000 -15.5000000000
1.3344720000 -37.4698840000 -15.5000000000
-2.6251860000 -40.7154790000 -15.5000000000
2.6197920000 -25.6063490000 -15.5000000000
-2.6168170000 -25.6097440000 -15.5000000000
-0.5237470000 -35.2209870000 -15.5000000000
-2.0458030000 -46.5640800000 -15.5000000000
2.0458030000 -46.5640800000 -15.5000000000
1.0417770000 -32.0704480000 -15.5000000000
0.0519450000 -42.1211800000 -15.5000000000
-1.2358250000 -28.0299970000 -15.5000000000
1.1591340000 -38.6973600000 -15.5000000000
-3.5242490000 -30.5862370000 -15.5000000000
1.3352070000 -49.2969870000 -15.5000000000
-1.3313150000 -49.2912800000 -15.5000000000
3.4520580000 -31.1241100000 -15.5000000000
0.9344990000 -25.6497090000 -15.5000000000
0.6657100000 -29.5151660000 -15.5000000000
2.6356740000 -35.5088220000 -15.5000000000
2.6027710000 -30.0565040000 -15.5000000000
-3.5791820000 -37.2438630000 -15.5000000000
3.4724020000 -28.0120170000 -15.5000000000
-2.6451030000 -34.7140430000 -15.5000000000
2.7844170000 -28.9267540000 -15.5000000000
1.1166070000 -41.6652790000 -15.5000000000
1.5323660000 -29.6259380000 -15.5000000000
0.5141000000 -28.7651040000 -15.5000000000
2.2301870000 -31.1649040000 -15.5000000000
0.6122970000 -30.6819750000 -15.5000000000
3.4176430000 -38.8179390000 -15.5000000000
1.2412720000 -33.2491070000 -15.5000000000
2.6447010000 -49.4167770000 -15.5000000000
-2.6447010000 -49.4167770000 -15.5000000000
3.4157820000 -37.4333740000 -15.5000000000
1.7591710000 -48.4109820000 -15.5000000000
-1.7591710000 -48.4109820000 -15.5000000000
0.4165200000 -40.8145780000 -15.5000000000
0.1432910000 -37.9253060000 -15.5000000000
-1.4264920000 -34.2022260000 -15.5000000000
0.0844690000 -27.5580830000 -15.5000000000
-0.6530510000 -40.4647610000 -15.5000000000
-2.1036530000 -45.2969710000 -15.5000000000
2.1036530000 -45.2969710000 -15.5000000000
-1.4683270000 -25.6594890000 -15.5000000000
1.4746000000 -35.8025960000 -15.5000000000
0.6033420000 -35.6368660000 -15.5000000000
-1.3336630000 -37.4958680000 -15.5000000000
-1.2891570000 -41.6830140000 -15.5000000000
1.4824340000 -39.9351630000 -15.5000000000
-2.6244460000 -44.5295690000 -15.5000000000
2.6244460000 -44.5295690000 -15.5000000000
1.8079300000 -43.7692140000 -15.5000000000
-1.8079300000 -43.7692140000 -15.5000000000
1.4874380000 -34.7247390000 -15.5000000000
-0.4783050000 -31.5824420000 -15.5000000000
1.3845320000 -30.6637040000 -15.5000000000
0.3925510000 -36.6506680000 -15.5000000000
-1.7616840000 -40.7890050000 -15.5000000000
-1.5735060000 -39.6084940000 -15.5000000000
-0.4252230000 -39.7117020000 -15.5000000000
-0.5444250000 -26.4838970000 -15.5000000000
-3.6348940000 -42.8660200000 -15.5000000000
3.6348940000 -42.8660200000 -15.5000000000
2.1110710000 -41.4616740000 -15.5000000000
0.5550310000 -26.5502550000 -15.5000000000
-2.9240170000 -36.0241620000 -15.5000000000
-2.8512590000 -36.9889550000 -15.5000000000
-3.6295640000 -27.7026020000 -15.5000000000
-2.5500780000 -30.6472280000 -15.5000000000
-2.5974020000 -43.2548140000 -15.5000000000
2.5973640000 -43.2553010000 -15.5000000000
-3.5835690000 -35.0036660000 -15.5000000000
-2.2794120000 -27.7701750000 -15.5000000000
-2.6973270000 -28.3876080000 -15.5000000000
3.6935150000 -32.2454560000 -15.5000000000
-0.4285600000 -39.0077760000 -15.5000000000
2.5374930000 -33.2976530000 -15.5000000000
-1.7641740000 -28.9003010000 -15.5000000000
-3.5473620000 -26.5105110000 -15.5000000000
-1.6429720000 -31.9385820000 -15.5000000000
3.6813490000 -33.3305820000 -15.5000000000
-1.4894360000 -42.8568760000 -15.5000000000
-0.1303500000 -32.5904690000 -15.5000000000
0.7559760000 -44.1399690000 -15.5000000000
0.5586910000 -38.9123320000 -15.5000000000
1.4616680000 -26.9186040000 -15.5000000000
2.5763960000 -47.5539630000 -15.5000000000
-2.5763960000 -47.5539630000 -15.5000000000
-1.1858080000 -33.0982450000 -15.5000000000
-3.5732240000 -31.2818170000 -15.5000000000
1.5616700000 -25.6140020000 -15.5000000000
-3.6647620000 -39.0027030000 -15.5000000000
-0.4060450000 -43.1063600000 -15.5000000000
-1.4231850000 -35.0732790000 -15.5000000000
0.6116400000 -39.8674300000 -15.5000000000
1.9808320000 -37.5722480000 -15.5000000000
1.4245930000 -42.8973550000 -15.5000000000
1.6650270000 -36.4541140000 -15.5000000000
-1.4704630000 -30.0876880000 -15.5000000000
-2.6427660000 -31.6580690000 -15.5000000000
-3.6369630000 -49.3868760000 -15.5000000000
3.6369630000 -49.3868760000 -15.5000000000
0.6548250000 -42.0942530000 -15.5000000000
-0.0301530000 -28.2004390000 -15.5000000000
0.9633360000 -41.0850530000 -15.5000000000
1.6287240000 -40.5292400000 -15.5000000000
1.7753980000 -29.0239380000 -15.5000000000
3.7407310000 -47.1903910000 -15.5000000000
-3.7407310000 -47.1903910000 -15.5000000000
0.1003540000 -49.4161640000 -15.5000000000
2.8543300000 -40.7961640000 -15.5000000000
-1.7439990000 -36.8184200000 -15.5000000000
-1.4439910000 -30.9728320000 -15.5000000000
0.8831100000 -37.0370350000 -15.5000000000
-0.2927600000 -29.7179100000 -15.5000000000
2.5821620000 -48.8081230000 -15.5000000000
-2.5821620000 -48.8081230000 -15.5000000000
-0.3598260000 -30.4364250000 -15.5000000000
2.0527840000 -39.5725290000 -15.5000000000
2.5847430000 -26.9599640000 -15.5000000000
0.6637090000 -43.1111420000 -15.5000000000
-0.8952060000 -32.0276330000 -15.5000000000
-3.7852100000 -37.9224970000 -15.5000000000
-2.0128470000 -47.7990480000 -15.5000000000
2.0128470000 -47.7990480000 -15.5000000000
-3.7096510000 -43.9799080000 -15.5000000000
3.7096510000 -43.9799080000 -15.5000000000
-0.4994540000 -27.0893100000 -15.5000000000
-3.7264970000 -34.0196580000 -15.5000000000
2.7891620000 -31.4527280000 -15.5000000000
0.8749870000 -47.8005860000 -15.5000000000
-0.8823770000 -47.7989710000 -15.5000000000
3.1230340000 -32.3302620000 -15.5000000000
-1.4889680000 -26.8918970000 -15.5000000000
1.5810630000 -47.3578320000 -15.5000000000
-1.5810630000 -47.3578320000 -15.5000000000
-2.8018500000 -29.4923960000 -15.5000000000
2.1537770000 -34.6604240000 -15.5000000000
-2.4680880000 -42.6617890000 -15.5000000000
2.4551790000 -42.6534080000 -15.5000000000
-3.6843720000 -29.8917560000 -15.5000000000
-3.6459560000 -39.9927660000 -15.5000000000
3.6775840000 -39.8278530000 -15.5000000000
0.5135260000 -33.2390400000 -15.5000000000
-2.7463960000 -34.1783370000 -15.5000000000
-0.6810410000 -41.3915660000 -15.5000000000
-1.3691320000 -38.9265000000 -15.5000000000
-0.2922450000 -34.6671130000 -15.5000000000
-3.7913370000 -47.7084910000 -15.5000000000
3.7913370000 -47.7084910000 -15.5000000000
-2.9595300000 -47.9963020000 -15.5000000000
2.9595300000 -47.9963020000 -15.5000000000
3.6852500000 -36.4304000000 -15.5000000000
-1.0506600000 -42.3552570000 -15.5000000000
-0.6515770000 -37.1850840000 -15.5000000000
-2.8647950000 -47.1030900000 -15.5000000000
2.8647950000 -47.1030900000 -15.5000000000
3.7583230000 -41.5617910000 -15.5000000000
-3.7774350000 -41.5635310000 -15.5000000000
-3.0250750000 -43.8245400000 -15.5000000000
3.0250720000 -43.8245900000 -15.5000000000
-2.8585910000 -46.0196420000 -15.5000000000
2.8585910000 -46.0196420000 -15.5000000000
-3.6991110000 -32.2598310000 -15.5000000000
3.7696130000 -31.6524800000 -15.5000000000
0.6007380000 -48.6623350000 -15.5000000000
-0.6161450000 -48.6583490000 -15.5000000000
2.3491260000 -38.6781070000 -15.5000000000
3.7282700000 -27.1502380000 -15.5000000000
1.1351350000 -34.1559010000 -15.5000000000
2.4166770000 -37.1089630000 -15.5000000000
2.6565640000 -40.3180590000 -15.5000000000
0.2234690000 -33.6988650000 -15.5000000000
3.7283410000 -44.6162230000 -15.5000000000
-3.7283410000 -44.6162230000 -15.5000000000
3.6985010000 -29.3708870000 -15.5000000000
-1.2397000000 -29.6548980000 -15.5000000000
-0.0723740000 -25.5328410000 -15.5000000000
3.7125700000 -48.7478280000 -15.5000000000
-3.7125700000 -48.7478280000 -15.5000000000
-0.9595130000 -25.4680050000 -15.5000000000
-2.6570620000 -40.2160590000 -15.5000000000
-0.1626300000 -37.3795520000 -15.5000000000
0.1432410000 -31.4732860000 -15.5000000000
2.0805020000 -27.8851510000 -15.5000000000
0.9929260000 -28.5103830000 -15.5000000000
2.6809230000 -36.0522680000 -15.5000000000
0.4396550000 -32.3033890000 -15.5000000000
-3.7161530000 -40.5348500000 -15.5000000000
3.7642920000 -40.4804680000 -15.5000000000
-2.1250000000 -49.5705990000 -15.5000000000
2.1250000000 -49.5705990000 -15.5000000000
3.7170220000 -35.7288460000 -15.5000000000
-0.4641120000 -42.5104140000 -15.5000000000
-0.0275970000 -47.9609040000 -15.5000000000
-0.4612430000 -38.3052330000 -15.5000000000
2.1288160000 -33.6584870000 -15.5000000000
3.7579090000 -28.4512670000 -15.5000000000
-1.0207340000 -38.1171570000 -15.5000000000
-2.1831200000 -39.4271630000 -15.5000000000
-2.8038790000 -32.6841470000 -15.5000000000
-1.5875590000 -44.9308780000 -15.5000000000
1.4853460000 -44.8344770000 -15.5000000000
-0.7255620000 -34.1041380000 -15.5000000000
-0.5507190000 -33.1106140000 -15.5000000000
-0.0448160000 -26.2663030000 -15.5000000000
2.9571280000 -34.2861570000 -15.5000000000
2.7607370000 -29.4924400000 -15.5000000000
-2.4842250000 -35.1856500000 -15.5000000000
-0.8447810000 -44.1147030000 -15.5000000000
-2.9132250000 -38.3546890000 -15.5000000000
3.6992690000 -29.8713530000 -15.5000000000
2.1900690000 -32.2671240000 -15.5000000000
-1.7301580000 -26.3044130000 -15.5000000000
1.7263230000 -26.3037310000 -15.5000000000
-3.1327000000 -49.4937440000 -15.5000000000
3.1327000000 -49.4937440000 -15.5000000000
-2.3171840000 -38.7154020000 -15.5000000000
1.2174650000 -27.4984460000 -15.5000000000
1.5595080000 -39.4182090000 -15.5000000000
1.2868830000 -32.7259840000 -15.5000000000
-0.1308500000 -41.5397010000 -15.5000000000
-0.0020900000 -43.9451470000 -15.5000000000
1.7536440000 -31.7940800000 -15.5000000000
-2.0742800000 -25.4340000000 -15.5000000000
2.1250000000 -25.4094340000 -15.5000000000
-2.4415270000 -31.1736120000 -15.5000000000
3.0910900000 -33.1829150000 -15.5000000000
3.7525500000 -33.9091520000 -15.5000000000
-3.0795130000 -29.0430980000 -15.5000000000
2.9397960000 -42.1136830000 -15.5000000000
-2.8940900000 -42.0626670000 -15.5000000000
-2.2018530000 -29.3897400000 -15.5000000000
2.4739500000 -28.5319930000 -15.5000000000
1.1526640000 -42.2333170000 -15.5000000000
-2.4369160000 -37.4758600000 -15.5000000000
3.1302810000 -26.8670310000 -15.5000000000
3.8211450000 -37.9155890000 -15.5000000000
2.8843750000 -38.3895400000 -15.5000000000
2.8856500000 -37.8488400000 -15.5000000000
-2.0900020000 -44.1819650000 -15.5000000000
2.0982690000 -44.1696980000 -15.5000000000
2.4454980000 -39.1920230000 -15.5000000000
2.9986660000 -27.7761230000 -15.5000000000
-3.7679310000 -28.3767110000 -15.5000000000
3.7900860000 -34.8328090000 -15.5000000000
-2.1571460000 -33.4536330000 -15.5000000000
-3.8164080000 -32.8199570000 -15.5000000000
-2.3900680000 -41.0785440000 -15.5000000000
-3.7681940000 -25.4856420000 -15.5000000000
3.7478020000 -25.5305060000 -15.5000000000
-1.9609010000 -41.9174760000 -15.5000000000
-0.9670710000 -39.8902450000 -15.5000000000
-3.7594320000 -45.5183490000 -15.5000000000
3.7594320000 -45.5183490000 -15.5000000000
2.1621610000 -36.5702040000 -15.5000000000
0.4160520000 -25.4762710000 -15.5000000000
-0.4536300000 -35.7586380000 -15.5000000000
-0.8207990000 -28.2703690000 -15.5000000000
-3.0745310000 -32.1507530000 -15.5000000000
2.3828990000 -26.2940710000 -15.5000000000
-2.3798300000 -26.2456750000 -15.5000000000
-3.8322910000 -36.5708470000 -15.5000000000
-3.1137410000 -44.8402450000 -15.5000000000
3.1137410000 -44.8402450000 -15.5000000000
-1.3761180000 -29.2151400000 -15.5000000000
1.5654510000 -48.8722040000 -15.5000000000
-1.5651700000 -48.8696580000 -15.5000000000
-0.0335450000 -28.7778130000 -15.5000000000
-3.2358890000 -33.9193050000 -15.5000000000
1.4456850000 -28.6149550000 -15.5000000000
-3.7852940000 -28.9331340000 -15.5000000000
-3.8125500000 -34.5645720000 -15.5000000000
-0.4405920000 -32.1691430000 -15.5000000000
-0.3093280000 -33.6680250000 -15.5000000000
-0.3998220000 -49.6240230000 -15.5000000000
-3.7820410000 -42.2012110000 -15.5000000000
3.7788560000 -42.2009210000 -15.5000000000
1.0965950000 -31.1328820000 -15.5000000000
2.3724390000 -46.9007700000 -15.5000000000
-2.3724390000 -46.9007700000 -15.5000000000
1.9553290000 -29.8902260000 -15.5000000000
0.4531890000 -42.5502070000 -15.5000000000
-1.2284600000 -32.4480220000 -15.5000000000
1.5495090000 -30.1377950000 -15.5000000000
-3.7660660000 -46.0654320000 -15.5000000000
3.7660660000 -46.0654320000 -15.5000000000
3.8186150000 -38.3464760000 -15.5000000000
-2.3533570000 -44.9118580000 -15.5000000000
2.3533570000 -44.9118580000 -15.5000000000
-2.0971580000 -35.9859990000 -15.5000000000
-1.6497560000 -35.7242720000 -15.5000000000
0.3843460000 -27.1671650000 -15.5000000000
0.2744520000 -34.6162640000 -15.5000000000
-1.9624120000 -37.8202170000 -15.5000000000
0.9548020000 -49.6316210000 -15.5000000000
-0.9025930000 -49.6043120000 -15.5000000000
-3.0062410000 -30.4688040000 -15.5000000000
-2.9725040000 -33.0738440000 -15.5000000000
1.6678730000 -41.7650790000 -15.5000000000
-1.8361820000 -33.0842860000 -15.5000000000
-1.8225740000 -38.4631330000 -15.5000000000
-1.8624700000 -45.7499230000 -15.5000000000
1.8624700000 -45.7499230000 -15.5000000000
-3.8760600000 -43.4375000000 -15.5000000000
3.8760600000 -43.4375000000 -15.5000000000
3.7924130000 -26.1119740000 -15.5000000000
-2.9946670000 -41.0091610000 -15.5000000000
3.0529130000 -48.4995370000 -15.5000000000
-3.0529130000 -48.4995370000 -15.5000000000
0.4790750000 -40.3337930000 -15.5000000000
-3.8761340000 -27.1875000000 -15.5000000000
-1.2883150000 -27.5374250000 -15.5000000000
0.0456370000 -43.3521240000 -15.5000000000
0.7194300000 -26.0555330000 -15.5000000000
-2.1141190000 -27.1437740000 -15.5000000000
2.3626390000 -30.6495370000 -15.5000000000
3.1064250000 -30.1502270000 -15.5000000000
-3.8731030000 -25.9535440000 -15.5000000000
1.8639650000 -38.5143490000 -15.5000000000
3.7988760000 -39.2029520000 -15.5000000000
3.2836350000 -46.9237450000 -15.5000000000
-3.2836350000 -46.9237450000 -15.5000000000
-1.2196110000 -36.3242060000 -15.5000000000
-1.7446670000 -46.8973180000 -15.5000000000
1.7446670000 -46.8973180000 -15.5000000000
0.3160170000 -32.8122000000 -15.5000000000
0.7044680000 -27.5938850000 -15.5000000000
-2.2003400000 -48.6242420000 -15.5000000000
2.2003400000 -48.6242420000 -15.5000000000
-2.0623610000 -32.2878250000 -15.5000000000
3.8002940000 -37.0431940000 -15.5000000000
2.1133620000 -27.2055360000 -15.5000000000
-3.1504130000 -45.4451560000 -15.5000000000
3.1504130000 -45.4451560000 -15.5000000000
-2.3325220000 -36.9565850000 -15.5000000000
0.6659410000 -35.0074340000 -15.5000000000
1.8381520000 -30.8498630000 -15.5000000000
-0.0457440000 -35.5085060000 -15.5000000000
3.2462110000 -25.5183190000 -15.5000000000
-3.2554150000 -25.4997560000 -15.5000000000
-3.0945100000 -39.8567420000 -15.5000000000
3.0952370000 -39.8450140000 -15.5000000000
1.9616430000 -42.6055420000 -15.5000000000
-1.9741650000 -42.5438710000 -15.5000000000
-3.0992850000 -34.8616410000 -15.5000000000
2.7198030000 -32.0442910000 -15.5000000000
-3.8064720000 -35.4486090000 -15.5000000000
-3.2890730000 -41.5319080000 -15.5000000000
3.2890730000 -41.5319080000 -15.5000000000
-2.8804360000 -36.4831390000 -15.5000000000
0.4762380000 -34.1632590000 -15.5000000000
-3.8906160000 -38.4375000000 -15.5000000000
-1.9179610000 -35.2141450000 -15.5000000000
-3.8709010000 -30.9093610000 -15.5000000000
0.9953850000 -26.7281500000 -15.5000000000
-3.3252300000 -28.1395980000 -15.5000000000
2.2493270000 -28.8764750000 -15.5000000000
0.5847660000 -29.9965710000 -15.5000000000
3.1382790000 -35.4445210000 -15.5000000000
0.2249570000 -29.7122310000 -15.5000000000
3.1173950000 -36.4558890000 -15.5000000000
-2.3983400000 -41.6695930000 -15.5000000000
-1.1454100000 -48.2086300000 -15.5000000000
1.1413320000 -48.2095590000 -15.5000000000
-1.7081960000 -27.9482480000 -15.5000000000
-0.9823550000 -25.8971880000 -15.5000000000
-0.9861500000 -35.1780890000 -15.5000000000
1.9406150000 -35.6365890000 -15.5000000000
1.5679020000 -35.3169120000 -15.5000000000
1.6153440000 -33.5709210000 -15.5000000000
3.1034430000 -43.1559240000 -15.5000000000
-3.1034450000 -43.1558960000 -15.5000000000
1.6961090000 -43.3459470000 -15.5000000000
-1.6721100000 -43.3407910000 -15.5000000000
3.0143000000 -26.0749910000 -15.5000000000
-3.0122600000 -26.0312310000 -15.5000000000
-2.1708080000 -43.4960150000 -15.5000000000
2.1708080000 -43.4960150000 -15.5000000000
-1.2809170000 -30.5183390000 -15.5000000000
0.3466570000 -44.1788960000 -15.5000000000
-3.9027800000 -30.3125000000 -15.5000000000
-2.9940190000 -26.9049540000 -15.5000000000
3.3228750000 -28.4338820000 -15.5000000000
-0.7619690000 -43.4879360000 -15.5000000000
-3.0514580000 -27.3333670000 -15.5000000000
3.1331650000 -29.2370050000 -15.5000000000
0.1100590000 -30.6674410000 -15.5000000000
-1.5603700000 -28.3874130000 -15.5000000000
-1.1519840000 -47.4844760000 -15.5000000000
1.1421010000 -47.4849160000 -15.5000000000
-1.4896600000 -41.2564470000 -15.5000000000
-2.5211050000 -35.7698820000 -15.5000000000
1.0170090000 -44.5203510000 -15.5000000000
2.4554360000 -35.0831900000 -15.5000000000
-1.9236020000 -29.9841310000 -15.5000000000
0.3663920000 -47.7647860000 -15.5000000000
-0.3719590000 -47.7641980000 -15.5000000000
-2.4220170000 -46.3421470000 -15.5000000000
2.4220170000 -46.3421470000 -15.5000000000
1.1591340000 -37.9576850000 -15.5000000000
0.7736500000 -37.6241140000 -15.5000000000
-1.2042110000 -33.7184750000 -15.5000000000
-0.6871500000 -36.6293020000 -15.5000000000
-0.2492570000 -36.3419170000 -15.5000000000
3.2906650000 -34.8308200000 -15.5000000000
2.0294040000 -32.7603290000 -15.5000000000
3.8680820000 -30.8498780000 -15.5000000000
2.9620540000 -39.3210050000 -15.5000000000
-3.0276730000 -39.3094380000 -15.5000000000
-3.8150340000 -31.7301740000 -15.5000000000
-3.2711750000 -46.3339600000 -15.5000000000
3.2711750000 -46.3339600000 -15.5000000000
-1.6283930000 -31.3781930000 -15.5000000000
3.8707060000 -32.8016080000 -15.5000000000
-2.6491050000 -45.5997500000 -15.5000000000
2.6491050000 -45.5997500000 -15.5000000000
-0.9399900000 -26.7417000000 -15.5000000000
1.2489070000 -33.7246550000 -15.5000000000
2.9833010000 -36.9446250000 -15.5000000000
2.4834510000 -37.6031240000 -15.5000000000
-1.8923080000 -46.1765920000 -15.5000000000
1.8923080000 -46.1765920000 -15.5000000000
0.4057590000 -36.1582830000 -15.5000000000
-1.3242010000 -38.4391630000 -15.5000000000
-1.9780350000 -31.0237390000 -15.5000000000
-3.1771900000 -38.7790230000 -15.5000000000
-2.3068610000 -34.4129130000 -15.5000000000
0.4345310000 -38.4589560000 -15.5000000000
-0.3755250000 -44.1925740000 -15.5000000000
-2.2709350000 -40.6015700000 -15.5000000000
1.1046280000 -29.5411760000 -15.5000000000
3.8207060000 -27.6373010000 -15.5000000000
0.4652290000 -31.8479380000 -15.5000000000
-0.0149720000 -48.4182680000 -15.5000000000
-0.6338230000 -40.9312450000 -15.5000000000
-1.4328600000 -34.6497790000 -15.5000000000
0.2802270000 -31.0460340000 -15.5000000000
-0.2250640000 -40.6281630000 -15.5000000000
-3.8466070000 -39.5743990000 -15.5000000000
1.3747250000 -36.8627460000 -15.5000000000
1.2823180000 -40.7894640000 -15.5000000000
0.1961190000 -41.1991210000 -15.5000000000
-2.2220920000 -31.8947850000 -15.5000000000
1.2358890000 -31.5373990000 -15.5000000000
3.3517980000 -42.3935630000 -15.5000000000
-3.3474590000 -42.3883870000 -15.5000000000
-2.4947670000 -26.7841990000 -15.5000000000
-1.6991170000 -49.5847980000 -15.5000000000
1.6998960000 -49.5859390000 -15.5000000000
-0.3592600000 -29.1149330000 -15.5000000000
-3.9449550000 -49.6904690000 -15.5000000000
3.9449550000 -49.6904690000 -15.5000000000
-2.2291510000 -28.7338100000 -15.5000000000
-3.9356260000 -40.9375000000 -15.5000000000
3.8782920000 -40.9874900000 -15.5000000000
3.9352600000 -35.3125000000 -15.5000000000
-3.1126530000 -31.5502290000 -15.5000000000
-3.3272560000 -37.8946040000 -15.5000000000
0.8580590000 -43.6731900000 -15.5000000000
2.5021560000 -28.0771570000 -15.5000000000
1.0244760000 -39.9157860000 -15.5000000000
2.6496680000 -33.7839740000 -15.5000000000
-0.0037280000 -21.6448710000 -12.3545670000
-0.9156200000 -19.3362430000 -10.1902280000
1.5539720000 -20.0585490000 -10.8673900000
1.6609330000 -23.0751780000 -13.6954790000
-1.6456940000 -23.0998340000 -13.7185940000
-2.0281350000 -20.8843500000 -11.6415780000
0.8647700000 -18.5648280000 -9.4670260000
2.0509440000 -21.6882460000 -12.3952300000
-2.4053640000 -18.4011110000 -9.3135420000
-0.1086990000 -23.6998270000 -14.2810880000
2.5141300000 -18.9751300000 -9.8516850000
-2.5524190000 -22.0468590000 -12.7314310000
-0.2169150000 -20.4613760000 -11.2450400000
-2.6005030000 -19.7188370000 -10.5489100000
-0.6769210000 -18.2065190000 -9.1311120000
2.7463220000 -23.9037240000 -14.4722410000
-2.7463220000 -23.9037240000 -14.4722410000
2.7868210000 -20.6395400000 -11.4120690000
2.7326860000 -22.4493420000 -13.1087590000
0.3812500000 -22.6664010000 -13.3122510000
2.1313130000 -17.9719390000 -8.9111930000
-1.1877570000 -22.1728090000 -12.8495080000
0.3656650000 -19.5061420000 -10.3495080000
1.0613510000 -20.9828750000 -11.7339460000
1.2049470000 -24.0350470000 -14.5953570000
-1.2106880000 -24.0137070000 -14.5753500000
-2.9472920000 -22.9634620000 -13.5907460000
3.2044720000 -19.8442210000 -10.6664570000
-3.0727150000 -21.2529810000 -11.9871700000
-1.1927520000 -20.3112390000 -11.1042860000
-0.8874190000 -21.1010810000 -11.8447630000
1.4239830000 -22.2783900000 -12.9484900000
0.3612530000 -17.8882690000 -8.8327520000
-3.2078690000 -18.9826410000 -9.8587260000
3.1224680000 -18.2935900000 -9.2127410000
-3.1525140000 -17.7699810000 -8.7218570000
-3.1416720000 -20.4373730000 -11.2225370000
1.3745890000 -19.2757630000 -10.1335280000
-1.5237430000 -17.7412710000 -8.6949420000
3.2441560000 -21.7360690000 -12.4400650000
-0.6048320000 -23.0277640000 -13.6510290000
-1.9609660000 -19.1120190000 -9.9800170000
3.2555070000 -23.1775230000 -13.7914270000
-0.1115050000 -18.8204320000 -9.7066550000
-1.8162330000 -21.5772490000 -12.2911710000
-0.3527190000 -24.3211620000 -14.8635890000
0.9531380000 -21.6737660000 -12.3816550000
1.2814290000 -17.6909570000 -8.6477720000
0.7654290000 -23.2829330000 -13.8902500000
3.3392860000 -17.6375080000 -8.5976640000
-2.0698970000 -24.3424610000 -14.8835580000
2.0721330000 -24.3433100000 -14.8843530000
1.8757210000 -20.6818420000 -11.4517270000
-1.4603190000 -18.5626400000 -9.4649750000
-3.3466800000 -22.3620740000 -13.0269440000
3.2124490000 -24.3662500000 -14.9058600000
-3.3361300000 -24.3527700000 -14.8932220000
1.7063030000 -18.6874730000 -9.5820060000
3.4116210000 -19.0000000000 -9.8750000000
2.1375740000 -19.6221370000 -10.4582540000
-0.3121780000 -22.2472610000 -12.9193070000
-1.9649080000 -22.5061250000 -13.1619920000
0.6656580000 -20.0769990000 -10.8846870000
0.1877860000 -21.0415120000 -11.7889170000
-0.3627810000 -19.8401770000 -10.6626660000
-3.3989320000 -23.5479030000 -14.1386590000
0.5275320000 -24.4065140000 -14.9436070000
-2.1105920000 -20.2420260000 -11.0393990000
-3.3853210000 -19.7707710000 -10.5975980000
-3.3976920000 -18.4292040000 -9.3398780000
1.9464280000 -23.6977680000 -14.2791570000
-1.9464280000 -23.6977680000 -14.2791570000
3.3672370000 -21.0861150000 -11.8307330000
-0.4681390000 -17.6080910000 -8.5700850000
-1.6910760000 -19.7053890000 -10.5363030000
3.3520020000 -20.3365540000 -11.1280200000
-3.4538150000 -21.7754340000 -12.4769690000
-2.3922390000 -17.5855760000 -8.5489770000
-0.8048160000 -21.5745910000 -12.2886790000
2.3673220000 -23.0421120000 -13.6644800000
2.5927000000 -17.6236790000 -8.5846990000
2.3108210000 -22.2609740000 -12.9321630000
-0.7734680000 -23.5382910000 -14.1296470000
2.3276590000 -20.1658270000 -10.9679630000
3.4606360000 -22.1089410000 -12.7896330000
3.4860820000 -23.7444170000 -14.3228910000
0.5111600000 -22.1111780000 -12.7917290000
2.7687230000 -21.1064010000 -11.8497510000
1.1060480000 -22.7633610000 -13.4031510000
-0.9197420000 -18.8434400000 -9.7282250000
3.5286210000 -22.7508570000 -13.3914280000
-1.1956700000 -22.7055770000 -13.3489790000
-0.0198400000 -18.3492350000 -9.2649080000
-2.6174980000 -23.3023120000 -13.9084180000
2.4516460000 -18.4535830000 -9.3627340000
-3.5691630000 -20.8499800000 -11.6093570000
1.2518680000 -18.1462160000 -9.0745780000
2.6797990000 -24.6194280000 -15.1432130000
-2.7011060000 -24.5915300000 -15.1170600000
0.8189800000 -19.0021490000 -9.8770150000
0.1300880000 -23.0869310000 -13.7064980000
-2.4738300000 -21.5185180000 -12.2361110000
1.7363930000 -21.1580070000 -11.8981310000
0.7056980000 -20.5478800000 -11.3261370000
-1.0016190000 -24.5132460000 -15.0436680000
1.9382980000 -22.5988370000 -13.2489090000
-0.2860720000 -19.3153610000 -10.1706510000
-2.6945980000 -20.8344790000 -11.5948240000
1.1065800000 -19.7701330000 -10.5970000000
1.4548150000 -24.5152300000 -15.0455290000
3.6692420000 -19.4235060000 -10.2720370000
-0.7594950000 -20.5966370000 -11.3718480000
1.8747510000 -17.5477440000 -8.5135100000
-3.6089850000 -23.0693450000 -13.6900110000
-3.6518200000 -19.4082090000 -10.2576950000
0.6166760000 -23.7380870000 -14.3169570000
-2.6384120000 -22.5259070000 -13.1805370000
1.2879370000 -20.5034160000 -11.2844520000
-0.9386800000 -17.3937370000 -8.3691290000
-1.3586990000 -20.7656500000 -11.5302960000
1.3729330000 -23.5438860000 -14.1348930000
-2.2167170000 -22.9306460000 -13.5599810000
-3.5151870000 -17.4782290000 -8.4483400000
3.6490410000 -18.5936200000 -9.4940190000
-2.5137530000 -18.8560870000 -9.7400820000
-1.5624890000 -21.1721700000 -11.9114090000
-3.6931590000 -23.9307560000 -14.4975840000
2.8307260000 -22.0467210000 -12.7313010000
1.4854120000 -21.8088160000 -12.5082650000
-1.8724840000 -22.0692120000 -12.7523870000
3.6513440000 -18.0395030000 -8.9745340000
2.9741510000 -19.3071740000 -10.1629760000
2.4644870000 -23.5252170000 -14.1173910000
0.7330020000 -17.4508290000 -8.4226520000
-1.4653120000 -23.5443920000 -14.1353680000
-2.5913210000 -19.2796820000 -10.1372020000
0.7648480000 -18.1265560000 -9.0561460000
-0.2895970000 -21.3438740000 -12.0723820000
2.6657130000 -18.0029340000 -8.9402500000
-3.7486520000 -21.3315840000 -12.0608600000
-3.7439550000 -20.3340160000 -11.1256400000
-2.6678290000 -20.1650830000 -10.9672650000
-1.0354780000 -19.8046450000 -10.6293550000
-3.6807220000 -18.0856540000 -9.0178000000
-2.5369940000 -17.9958130000 -8.9335750000
-1.2691370000 -18.1568000000 -9.0845000000
3.7737250000 -19.9525660000 -10.7680300000
-1.4262170000 -19.0121390000 -9.8863810000
0.1006690000 -17.4518550000 -8.4236140000
-1.6181300000 -24.6433060000 -15.1655990000
2.9844120000 -18.7265920000 -9.6186800000
0.6774150000 -21.3000920000 -12.0313360000
-3.6778530000 -18.7788720000 -9.6676920000
-0.1609300000 -22.6556370000 -13.3021600000
3.7442480000 -20.7407380000 -11.5069420000
-2.9632260000 -17.3644170000 -8.3416400000
2.7980990000 -20.2179060000 -11.0167870000
1.9485110000 -19.0248060000 -9.8982550000
0.1090500000 -24.0754450000 -14.6332300000
-0.6664150000 -23.9737090000 -14.5378530000
3.6544940000 -21.4286870000 -12.1518940000
1.6537960000 -19.6579090000 -10.4917900000
1.2752020000 -18.8522400000 -9.7364750000
-1.8966740000 -18.2038540000 -9.1286130000
-1.8786590000 -17.4111660000 -8.3854680000
-2.8677010000 -18.5348090000 -9.4388830000
-0.2992440000 -20.8759270000 -11.6336810000
3.7156860000 -23.3808500000 -13.9820470000
0.2096300000 -19.8869090000 -10.7064770000
0.8744370000 -22.4039730000 -13.0662250000
-1.1200620000 -23.1684170000 -13.7828910000
-3.7115700000 -22.1063720000 -12.7872230000
-0.6413580000 -20.1795840000 -10.9808600000
-1.9790610000 -18.7071420000 -9.6004460000
0.0323330000 -24.5252270000 -15.0549010000
0.8905950000 -24.6589430000 -15.1802590000
3.7080050000 -21.8316430000 -12.5296650000
2.6547800000 -21.5745470000 -12.2886380000
-2.0912250000 -21.2662630000 -11.9996210000
-2.0966240000 -19.5056010000 -10.3490010000
-1.3155750000 -21.7884460000 -12.4891680000
-3.0858690000 -19.5199250000 -10.3624300000
-0.6953970000 -22.4727860000 -13.1307360000
0.3672200000 -18.7096550000 -9.6028010000
-3.7545930000 -22.6015120000 -13.2514170000
2.2750610000 -20.8931190000 -11.6497990000
-2.8881770000 -21.7585190000 -12.4611120000
-0.8717840000 -17.8433840000 -8.7906730000
-0.1811730000 -17.9348940000 -8.8764630000
-0.5219380000 -18.6038360000 -9.5035960000
1.3019800000 -21.3304860000 -12.0598310000
3.7302760000 -17.3793770000 -8.3556660000
2.9085020000 -22.8297180000 -13.4653610000
3.0158610000 -23.5760830000 -14.1650780000
0.1781780000 -19.1700750000 -10.0344450000
3.7442340000 -24.1102570000 -14.6658660000
-0.7386360000 -22.0206820000 -12.7068890000
1.7254830000 -24.0289520000 -14.5896430000
-1.7453430000 -24.0430870000 -14.6028940000
3.7308540000 -24.6231470000 -15.1467000000
-3.7480120000 -24.6335180000 -15.1564230000
-2.4076630000 -20.5168360000 -11.2970330000
-0.2955610000 -23.3734780000 -13.9751360000
2.2565400000 -23.9776000000 -14.5415000000
-2.2507300000 -23.9888320000 -14.5520300000
2.9911230000 -17.3460610000 -8.3244320000
1.4226040000 -17.3367870000 -8.3157380000
0.9788870000 -22.0140080000 -12.7006330000
2.0913490000 -24.6955940000 -15.2146190000
-2.1278270000 -24.7154590000 -15.2332430000
3.7999630000 -23.0618460000 -13.6829800000
2.5598480000 -19.7743600000 -10.6009630000
-1.6603770000 -20.0800960000 -10.8875900000
-3.0151220000 -18.1874200000 -9.1132060000
-2.0496910000 -23.3521910000 -13.9551790000
-2.1292080000 -19.8795740000 -10.6996000000
-2.5016250000 -21.1592350000 -11.8992830000
2.0439430000 -23.3446220000 -13.9480830000
3.1674180000 -24.0104760000 -14.5723210000
0.4777820000 -21.7331700000 -12.4373470000
-1.7994670000 -20.5118270000 -11.2923380000
-0.3858290000 -24.6719270000 -15.1924320000
1.8767070000 -20.3257260000 -11.1178680000
-0.9696110000 -18.4746470000 -9.3824820000
-1.2532850000 -21.4438620000 -12.1661200000
-3.1633450000 -24.0013440000 -14.5637600000
-2.9136820000 -23.6105380000 -14.1973790000
1.1835760000 -23.1096210000 -13.7277690000
0.6971500000 -22.9531370000 -13.5810660000
2.1972750000 -21.3215070000 -12.0514130000
-3.0259550000 -22.1020010000 -12.7831260000
-3.2591930000 -22.7044600000 -13.3479310000
-2.0617870000 -17.8088690000 -8.7583150000
0.1967310000 -22.3539230000 -13.0193020000
0.0774370000 -21.9809220000 -12.6696150000
3.8414350000 -17.6895570000 -8.6464600000
3.1378780000 -21.3863640000 -12.1122160000
-3.8615550000 -23.4663500000 -14.0622030000
2.3800730000 -19.3414640000 -10.1951220000
3.7797330000 -22.4266090000 -13.0874460000
1.9939280000 -19.9271450000 -10.7441980000
1.6530890000 -17.9216590000 -8.8640560000
2.3078510000 -20.5110930000 -11.2916500000
-3.8499580000 -24.3007320000 -14.8444360000
3.8861470000 -19.0000000000 -9.8750000000
3.2855820000 -24.7068180000 -15.2251420000
-3.2927640000 -24.7155640000 -15.2333410000
-1.4532200000 -19.3991660000 -10.2492180000
3.0743020000 -17.9194430000 -8.8619780000
0.9522480000 -24.3401470000 -14.8813880000
0.4676500000 -18.3277090000 -9.2447270000
-3.8318150000 -19.8989760000 -10.7177900000
0.2830940000 -23.4364910000 -14.0342110000
0.8553660000 -17.8392920000 -8.7868370000
3.2325470000 -20.7458990000 -11.5117810000
2.4424010000 -22.6582590000 -13.3046180000
-3.8962170000 -21.6666670000 -12.3750000000
-1.6772370000 -22.7545170000 -13.3948600000
-1.5317110000 -22.4393220000 -13.0993650000
-0.3826590000 -17.2907370000 -8.2725660000
2.3248660000 -21.9331970000 -12.6248720000
-2.9966700000 -19.8885760000 -10.7080400000
1.5024050000 -20.8811230000 -11.6385530000
1.8137000000 -18.3492500000 -9.2649220000
2.2607150000 -17.3116850000 -8.2922050000
1.1226070000 -20.1751920000 -10.9767430000
1.8989090000 -19.3844160000 -10.2353900000
1.4834820000 -22.6116040000 -13.2608790000
2.0868580000 -18.6980480000 -9.5919200000
-3.8461670000 -18.4888610000 -9.3958070000
0.2145270000 -21.3838040000 -12.1098160000
-1.4662170000 -17.2746010000 -8.2574380000
1.3823690000 -18.5200010000 -9.4250010000
0.2092880000 -20.7003570000 -11.4690840000
0.5813900000 -20.9187200000 -11.6738000000
3.8861780000 -20.3375990000 -11.1289990000
-2.2379560000 -21.8111990000 -12.5104990000
0.2418470000 -20.2966200000 -11.0905810000
-3.0921620000 -23.2861630000 -13.8932780000
-3.1280380000 -20.7650950000 -11.5297770000
-0.5949440000 -19.5524190000 -10.3928920000
-0.0599740000 -19.5816260000 -10.4202740000
1.7382140000 -21.4749300000 -12.1952470000
0.6210090000 -19.7449480000 -10.5733890000
2.6891100000 -24.2034640000 -14.7532480000
-2.7112550000 -24.1967770000 -14.7469780000
-3.8286570000 -19.0704230000 -9.9410210000
-0.1539150000 -20.1329330000 -10.9371240000
-2.2570560000 -22.2870260000 -12.9565870000
3.8531960000 -21.1399970000 -11.8812470000
3.8896750000 -22.1178830000 -12.7980150000
-0.4615040000 -19.0185790000 -9.8924180000
-2.4207250000 -23.6425610000 -14.2274010000
-0.4051450000 -21.7951310000 -12.4954360000
-1.5141110000 -24.3068060000 -14.8501310000
-3.8717630000 -17.7263510000 -8.6809540000
-3.3268120000 -20.1210230000 -10.9259590000
3.2371490000 -22.4535830000 -13.1127340000
0.4115210000 -24.7181370000 -15.2357530000
-3.8560680000 -17.2837640000 -8.2660290000
0.6828900000 -24.0974080000 -14.6538200000
0.7849580000 -19.3938320000 -10.2442180000
2.7941640000 -23.2313480000 -13.8418890000
1.8808650000 -22.0949580000 -12.7765230000
-3.3392860000 -17.2239850000 -8.2099860000
-0.0136300000 -36.2426780000 -11.5000000000
0.2037820000 -40.4280810000 -11.5000000000
-1.5933950000 -38.3022870000 -11.5000000000
1.5539450000 -38.2446320000 -11.5000000000
-1.6634280000 -42.2639980000 -11.5000000000
1.6876630000 -42.3515210000 -11.5000000000
-1.6679370000 -34.4862230000 -11.5000000000
1.7062570000 -34.5057440000 -11.5000000000
2.2207440000 -40.3548270000 -11.5000000000
-2.2076750000 -40.3272790000 -11.5000000000
-2.1746490000 -36.5210400000 -11.5000000000
2.2792850000 -36.3459100000 -11.5000000000
-0.0321880000 -33.8379020000 -11.5000000000
2.4218080000 -48.2096750000 -11.5000000000
-2.4572490000 -48.1645130000 -11.5000000000
-2.4434760000 -43.9308530000 -11.5000000000
2.4943470000 -43.9453570000 -11.5000000000
0.0133080000 -42.7661800000 -11.5000000000
0.0112720000 -37.9232700000 -11.5000000000
2.7411780000 -33.5645420000 -11.5000000000
-2.8511190000 -33.5015950000 -11.5000000000
2.8249310000 -45.3621780000 -11.5000000000
2.8083280000 -46.7411130000 -11.5000000000
-2.8284710000 -46.8889410000 -11.5000000000
2.8230090000 -39.0360020000 -11.5000000000
-2.8579200000 -45.2571480000 -11.5000000000
-2.8495560000 -39.0350530000 -11.5000000000
-2.9422770000 -41.3644270000 -11.5000000000
2.9125560000 -41.4332000000 -11.5000000000
-0.9107140000 -48.6617970000 -11.5000000000
1.1394240000 -48.6256200000 -11.5000000000
-1.0542190000 -39.6002590000 -11.5000000000
2.9578330000 -37.5319630000 -11.5000000000
-2.9796780000 -37.5568050000 -11.5000000000
-2.8920770000 -35.2540770000 -11.5000000000
-1.1077140000 -41.0658550000 -11.5000000000
2.8653380000 -35.1532180000 -11.5000000000
-0.9655130000 -37.0587000000 -11.5000000000
1.1190330000 -37.0223550000 -11.5000000000
0.6431250000 -39.0868420000 -11.5000000000
0.5683320000 -35.0589020000 -11.5000000000
1.1360250000 -33.3101920000 -11.5000000000
-1.1132270000 -33.3618110000 -11.5000000000
0.6508240000 -41.6897220000 -11.5000000000
-1.1827870000 -35.6501860000 -11.5000000000
-0.9830750000 -43.5393370000 -11.5000000000
1.2650850000 -43.5678990000 -11.5000000000
3.0339220000 -42.7391580000 -11.5000000000
-3.0399830000 -42.6077690000 -11.5000000000
1.2603970000 -35.9341310000 -11.5000000000
1.7681740000 -39.3068600000 -11.5000000000
-0.7262940000 -34.6765630000 -11.5000000000
0.0991020000 -49.0451820000 -11.5000000000
1.0718360000 -40.7005610000 -11.5000000000
-3.2450430000 -48.9184500000 -11.5000000000
3.1918720000 -48.9036940000 -11.5000000000
3.2696690000 -40.3526320000 -11.5000000000
-3.2377970000 -36.6582400000 -11.5000000000
-3.2983290000 -40.3478400000 -11.5000000000
-0.4003910000 -41.8152510000 -11.5000000000
3.2538290000 -36.6534720000 -11.5000000000
-1.8519350000 -49.0002440000 -11.5000000000
-0.5228100000 -38.7719430000 -11.5000000000
1.8893060000 -41.3706770000 -11.5000000000
-3.2463840000 -34.3526600000 -11.5000000000
0.2863210000 -32.9333840000 -11.5000000000
3.3454960000 -47.6339700000 -11.5000000000
3.2977470000 -34.2439010000 -11.5000000000
-3.3126560000 -47.6211710000 -11.5000000000
-1.5000630000 -47.8944740000 -11.5000000000
2.0040460000 -49.0529750000 -11.5000000000
3.2818950000 -44.4916470000 -11.5000000000
-3.2809790000 -44.3832890000 -11.5000000000
2.0072110000 -47.3363770000 -11.5000000000
-1.8531970000 -37.4239210000 -11.5000000000
-1.9600700000 -39.3396090000 -11.5000000000
2.0027380000 -32.8900490000 -11.5000000000
-2.0368060000 -32.9010450000 -11.5000000000
-1.5655560000 -44.2240010000 -11.5000000000
1.9985380000 -37.2918800000 -11.5000000000
-1.9912040000 -41.2166850000 -11.5000000000
-3.3497270000 -46.0435610000 -11.5000000000
0.8718600000 -34.1826610000 -11.5000000000
0.3235720000 -43.6427760000 -11.5000000000
2.0772530000 -44.7748500000 -11.5000000000
1.9831790000 -35.4011760000 -11.5000000000
-2.3582710000 -45.9456670000 -11.5000000000
3.3764500000 -46.0723690000 -11.5000000000
-1.9422430000 -43.0995710000 -11.5000000000
-2.0541740000 -35.3855190000 -11.5000000000
0.8746680000 -42.6600910000 -11.5000000000
3.3996030000 -38.3303860000 -11.5000000000
2.1935700000 -43.1113750000 -11.5000000000
3.3651480000 -43.6343880000 -11.5000000000
-0.8507660000 -42.6009200000 -11.5000000000
-3.4411640000 -32.9426450000 -11.5000000000
3.4411640000 -32.9426450000 -11.5000000000
-2.0306520000 -47.1911300000 -11.5000000000
-3.4082530000 -38.3446830000 -11.5000000000
-0.2813240000 -35.4475650000 -11.5000000000
0.1951620000 -37.1000710000 -11.5000000000
0.9538090000 -37.9036050000 -11.5000000000
-0.8248210000 -37.9190590000 -11.5000000000
-3.4410290000 -43.5268790000 -11.5000000000
2.3800190000 -46.0545890000 -11.5000000000
-0.4886800000 -32.8139090000 -11.5000000000
-2.0381460000 -44.9690310000 -11.5000000000
3.4299230000 -35.8421120000 -11.5000000000
0.9916210000 -39.8258820000 -11.5000000000
2.0151950000 -33.6913690000 -11.5000000000
-2.0313450000 -33.7234040000 -11.5000000000
-3.4430590000 -35.8588160000 -11.5000000000
-2.4187560000 -38.3340440000 -11.5000000000
2.4617300000 -38.3411950000 -11.5000000000
1.4358420000 -47.7370530000 -11.5000000000
-3.4545130000 -39.5744140000 -11.5000000000
3.5714380000 -39.5471240000 -11.5000000000
3.4416650000 -42.2104580000 -11.5000000000
-0.2033550000 -39.6562220000 -11.5000000000
-3.4793550000 -42.0768620000 -11.5000000000
-1.5130360000 -40.3137670000 -11.5000000000
0.4981120000 -48.2251740000 -11.5000000000
-2.3739450000 -42.2638140000 -11.5000000000
-1.4433230000 -36.5048070000 -11.5000000000
2.5525230000 -34.5330190000 -11.5000000000
-0.6575720000 -40.3304200000 -11.5000000000
2.4400950000 -42.2754660000 -11.5000000000
-2.5754060000 -34.5378100000 -11.5000000000
-0.2908250000 -41.0331660000 -11.5000000000
3.4985390000 -41.1145030000 -11.5000000000
-3.5158610000 -41.1731910000 -11.5000000000
-0.7576460000 -33.9389790000 -11.5000000000
-3.5437030000 -33.5829830000 -11.5000000000
3.5708140000 -33.5699430000 -11.5000000000
1.5098440000 -44.2748270000 -11.5000000000
-0.3754650000 -43.7444020000 -11.5000000000
2.6747730000 -39.8399100000 -11.5000000000
0.8346930000 -49.1679190000 -11.5000000000
-0.3605850000 -48.2087210000 -11.5000000000
1.3369280000 -35.0256490000 -11.5000000000
-2.5060600000 -49.2697440000 -11.5000000000
3.5650080000 -45.4538620000 -11.5000000000
-3.6249780000 -37.4102010000 -11.5000000000
3.6016720000 -37.3836910000 -11.5000000000
-3.5535220000 -45.4206730000 -11.5000000000
-2.7286480000 -39.7681560000 -11.5000000000
-0.5518690000 -49.2177000000 -11.5000000000
-0.7106680000 -36.4416280000 -11.5000000000
-1.0575520000 -41.7177860000 -11.5000000000
3.5227330000 -46.9795650000 -11.5000000000
2.6139530000 -32.6087000000 -11.5000000000
-2.6174290000 -32.6098220000 -11.5000000000
-1.0517440000 -39.0484880000 -11.5000000000
0.6371740000 -36.3032420000 -11.5000000000
-3.5246630000 -46.9855580000 -11.5000000000
0.1963440000 -34.7384620000 -11.5000000000
2.6891900000 -40.8714880000 -11.5000000000
-2.7085030000 -40.8462710000 -11.5000000000
0.9552570000 -32.6428600000 -11.5000000000
3.5940840000 -48.3277180000 -11.5000000000
-3.5567010000 -48.3092770000 -11.5000000000
-3.4754590000 -34.9938340000 -11.5000000000
-2.8572610000 -35.8571950000 -11.5000000000
-1.2192170000 -49.2821100000 -11.5000000000
3.5656610000 -34.9179520000 -11.5000000000
1.3609720000 -41.7905480000 -11.5000000000
1.5989580000 -36.5357790000 -11.5000000000
2.6460650000 -49.3792790000 -11.5000000000
-2.6139110000 -44.5262910000 -11.5000000000
0.4897130000 -35.7529600000 -11.5000000000
-0.3658520000 -37.3754140000 -11.5000000000
-2.6922620000 -37.0337240000 -11.5000000000
1.2795690000 -38.8442670000 -11.5000000000
-1.4199730000 -32.6610840000 -11.5000000000
2.8081800000 -35.8443150000 -11.5000000000
0.5208270000 -38.5028860000 -11.5000000000
2.6193080000 -36.9635340000 -11.5000000000
1.7271130000 -48.4036130000 -11.5000000000
-1.3149010000 -34.9676280000 -11.5000000000
0.5534950000 -40.9465230000 -11.5000000000
-2.6297900000 -47.4586740000 -11.5000000000
1.9709210000 -45.4942920000 -11.5000000000
0.3884850000 -42.3902140000 -11.5000000000
1.4928850000 -49.4832480000 -11.5000000000
0.5525320000 -33.5844920000 -11.5000000000
1.9427660000 -46.8021860000 -11.5000000000
2.6272060000 -47.5617030000 -11.5000000000
-1.5146490000 -33.9238650000 -11.5000000000
2.2308920000 -38.9521410000 -11.5000000000
3.7120490000 -42.8143210000 -11.5000000000
1.6442650000 -40.0169830000 -11.5000000000
3.5178180000 -38.9741120000 -11.5000000000
-0.8814520000 -47.9392480000 -11.5000000000
-3.6781490000 -42.9599340000 -11.5000000000
1.5579340000 -42.9910540000 -11.5000000000
1.9187130000 -43.6647960000 -11.5000000000
-3.5076550000 -38.9643430000 -11.5000000000
-0.5122270000 -43.0417250000 -11.5000000000
-2.5681170000 -43.2455570000 -11.5000000000
0.8232570000 -44.0358250000 -11.5000000000
-0.9807950000 -44.1018630000 -11.5000000000
1.4259220000 -37.5360500000 -11.5000000000
1.4450920000 -33.9074410000 -11.5000000000
0.3106440000 -39.8046800000 -11.5000000000
1.5949760000 -32.4851230000 -11.5000000000
2.7941230000 -43.3629050000 -11.5000000000
-1.7337940000 -35.9447620000 -11.5000000000
-2.0848050000 -46.4949520000 -11.5000000000
2.6603080000 -44.4998920000 -11.5000000000
-0.5148960000 -33.3860840000 -11.5000000000
3.6382140000 -49.3855090000 -11.5000000000
-3.6368780000 -49.3850170000 -11.5000000000
-1.4683750000 -48.5061320000 -11.5000000000
1.6283300000 -40.7007840000 -11.5000000000
-1.4451780000 -42.7600640000 -11.5000000000
1.8241560000 -35.9330260000 -11.5000000000
-1.8169310000 -36.8806120000 -11.5000000000
-1.8997580000 -43.7158440000 -11.5000000000
-1.3419230000 -37.6482950000 -11.5000000000
-1.6919950000 -39.8443070000 -11.5000000000
3.7172450000 -44.1014070000 -11.5000000000
-0.5699370000 -35.8531520000 -11.5000000000
2.6466100000 -48.7507740000 -11.5000000000
1.9705270000 -37.7874690000 -11.5000000000
3.7735680000 -37.9786600000 -11.5000000000
-2.0176130000 -41.7401160000 -11.5000000000
-2.5937550000 -33.9412330000 -11.5000000000
-3.7709150000 -37.9644010000 -11.5000000000
-3.7271060000 -44.7432510000 -11.5000000000
-2.8751840000 -48.4950570000 -11.5000000000
2.1508240000 -39.7734220000 -11.5000000000
1.1654320000 -41.2121920000 -11.5000000000
3.7658610000 -41.6363290000 -11.5000000000
0.3769540000 -49.5817550000 -11.5000000000
-0.7488500000 -35.2613250000 -11.5000000000
-2.0512830000 -47.7462590000 -11.5000000000
0.7305990000 -40.3221830000 -11.5000000000
-0.2655610000 -36.8074890000 -11.5000000000
-3.7265420000 -44.0242490000 -11.5000000000
-2.0490930000 -45.4828270000 -11.5000000000
0.0024360000 -41.3766630000 -11.5000000000
2.9984380000 -48.1934190000 -11.5000000000
2.7903470000 -34.0362750000 -11.5000000000
-0.4579290000 -38.2465140000 -11.5000000000
-3.7662370000 -41.6204820000 -11.5000000000
-3.7423360000 -46.4524090000 -11.5000000000
-2.3744490000 -48.7118480000 -11.5000000000
-1.1962850000 -34.3986510000 -11.5000000000
0.5006610000 -43.0485850000 -11.5000000000
2.3671370000 -41.7197060000 -11.5000000000
-2.3257670000 -38.8751470000 -11.5000000000
-3.7294390000 -34.1384260000 -11.5000000000
2.0183070000 -47.8678800000 -11.5000000000
3.7090250000 -44.7505060000 -11.5000000000
-2.0465320000 -49.5238030000 -11.5000000000
-2.7334570000 -46.3647190000 -11.5000000000
-0.3338330000 -42.3666330000 -11.5000000000
-1.6623630000 -40.8201750000 -11.5000000000
-1.5983060000 -47.3580570000 -11.5000000000
-3.0185500000 -43.8398510000 -11.5000000000
3.7375110000 -40.5647140000 -11.5000000000
3.7025310000 -36.3176590000 -11.5000000000
-0.0768760000 -32.4670170000 -11.5000000000
-3.7029640000 -36.3401890000 -11.5000000000
3.8492770000 -47.7945760000 -11.5000000000
-3.0414600000 -49.4618370000 -11.5000000000
0.0230100000 -39.1953190000 -11.5000000000
3.7504710000 -46.4595820000 -11.5000000000
-3.8193540000 -47.8078290000 -11.5000000000
-0.9424820000 -32.4744340000 -11.5000000000
-3.7074320000 -39.9089630000 -11.5000000000
2.1054450000 -44.2355560000 -11.5000000000
1.5236000000 -44.8755070000 -11.5000000000
3.7649200000 -35.3954060000 -11.5000000000
0.8104770000 -47.8115000000 -11.5000000000
-0.3558410000 -48.7419010000 -11.5000000000
0.6210980000 -48.6539500000 -11.5000000000
1.0493940000 -42.2471150000 -11.5000000000
-2.4220280000 -37.6563640000 -11.5000000000
0.9581700000 -35.4899820000 -11.5000000000
3.8017910000 -34.1880520000 -11.5000000000
2.1250000000 -49.5674190000 -11.5000000000
3.0260610000 -44.0347790000 -11.5000000000
2.8765350000 -46.2936190000 -11.5000000000
2.1553610000 -34.8959710000 -11.5000000000
-3.7273550000 -48.8606000000 -11.5000000000
3.7272080000 -48.8603590000 -11.5000000000
0.7092370000 -37.4118830000 -11.5000000000
-1.5262860000 -41.3867110000 -11.5000000000
-2.3512660000 -42.7687710000 -11.5000000000
-3.7612180000 -35.4286830000 -11.5000000000
1.2115660000 -34.4780240000 -11.5000000000
-2.0555970000 -44.3308210000 -11.5000000000
2.8067460000 -36.3992810000 -11.5000000000
-3.7249150000 -40.6318840000 -11.5000000000
-2.7412920000 -36.4086430000 -11.5000000000
1.7069300000 -33.3168810000 -11.5000000000
-1.7069300000 -33.3168810000 -11.5000000000
3.1548150000 -49.5017870000 -11.5000000000
1.5458430000 -47.1177760000 -11.5000000000
2.7952100000 -40.3513950000 -11.5000000000
-3.1558000000 -44.8932740000 -11.5000000000
1.1711710000 -39.3508400000 -11.5000000000
-2.7907910000 -40.2708050000 -11.5000000000
-0.6335760000 -41.3381250000 -11.5000000000
2.1250000000 -32.4095540000 -11.5000000000
-2.0648420000 -32.4343900000 -11.5000000000
0.9903120000 -38.3823040000 -11.5000000000
-3.7310220000 -36.8440300000 -11.5000000000
-2.9191300000 -38.0997260000 -11.5000000000
-2.9418990000 -41.9885770000 -11.5000000000
3.7198890000 -36.8281620000 -11.5000000000
-0.5917580000 -39.3353960000 -11.5000000000
-0.2078370000 -34.3930330000 -11.5000000000
-2.8901670000 -45.7649810000 -11.5000000000
0.3379490000 -34.2220010000 -11.5000000000
-1.9505590000 -48.3372450000 -11.5000000000
-3.1320740000 -33.8611630000 -11.5000000000
-1.0562540000 -38.4019390000 -11.5000000000
0.0902630000 -44.1240380000 -11.5000000000
-1.6333920000 -38.8361900000 -11.5000000000
-2.9987470000 -34.7595160000 -11.5000000000
3.1900050000 -45.0078470000 -11.5000000000
-3.8291170000 -45.9695350000 -11.5000000000
-0.0100300000 -43.2487340000 -11.5000000000
-1.5743900000 -44.7595140000 -11.5000000000
-1.9729380000 -34.8529510000 -11.5000000000
-3.7479380000 -32.5297180000 -11.5000000000
3.7479380000 -32.5297180000 -11.5000000000
2.9145960000 -38.0310460000 -11.5000000000
2.9461350000 -42.0543150000 -11.5000000000
1.9490350000 -41.9015840000 -11.5000000000
0.4167650000 -32.4731570000 -11.5000000000
2.1894820000 -40.9230760000 -11.5000000000
3.0053360000 -34.6607270000 -11.5000000000
3.8459490000 -45.9746260000 -11.5000000000
-2.4040270000 -33.2891540000 -11.5000000000
2.3172660000 -33.3172650000 -11.5000000000
3.8467670000 -38.4898370000 -11.5000000000
-2.5289910000 -39.3846650000 -11.5000000000
-0.0393820000 -33.3111550000 -11.5000000000
-2.5253750000 -35.5048800000 -11.5000000000
3.8267360000 -43.4698670000 -11.5000000000
-1.9409670000 -37.9850530000 -11.5000000000
2.5263670000 -42.7796390000 -11.5000000000
2.1601430000 -34.1927190000 -11.5000000000
3.0615390000 -47.1796700000 -11.5000000000
-3.8452320000 -38.4774850000 -11.5000000000
3.2498130000 -46.5676280000 -11.5000000000
1.7980630000 -38.7444450000 -11.5000000000
-3.0895090000 -47.2186350000 -11.5000000000
-1.4782840000 -39.3337710000 -11.5000000000
1.4396320000 -48.9466750000 -11.5000000000
2.4206970000 -35.4299360000 -11.5000000000
1.4725660000 -35.5567930000 -11.5000000000
-3.2113600000 -46.6589710000 -11.5000000000
-1.8674760000 -45.9933460000 -11.5000000000
2.0112030000 -36.8037030000 -11.5000000000
1.6167920000 -37.0377000000 -11.5000000000
-3.7997930000 -33.0931670000 -11.5000000000
3.7935430000 -33.1104570000 -11.5000000000
2.4040310000 -47.0191990000 -11.5000000000
0.7869820000 -43.4689560000 -11.5000000000
3.1201290000 -37.1171770000 -11.5000000000
0.1299970000 -47.9264060000 -11.5000000000
-2.4545350000 -41.2785780000 -11.5000000000
0.7388110000 -33.0849790000 -11.5000000000
-0.7746420000 -42.1411030000 -11.5000000000
0.0008790000 -38.5427810000 -11.5000000000
-2.9235120000 -47.9757940000 -11.5000000000
-3.1563670000 -37.1126930000 -11.5000000000
2.4452150000 -39.3832720000 -11.5000000000
-2.0928410000 -34.2170150000 -11.5000000000
-1.4017650000 -43.7970040000 -11.5000000000
-0.8347180000 -49.6080120000 -11.5000000000
0.0615040000 -41.9276970000 -11.5000000000
-0.2928030000 -34.9473650000 -11.5000000000
-1.6101120000 -49.5769930000 -11.5000000000
2.5184590000 -45.0339270000 -11.5000000000
3.2454060000 -32.5185270000 -11.5000000000
-3.2459850000 -32.5187140000 -11.5000000000
3.0085270000 -38.5622790000 -11.5000000000
-1.0885290000 -36.1103300000 -11.5000000000
2.4657790000 -37.6194880000 -11.5000000000
-3.1034350000 -43.2388600000 -11.5000000000
0.7538300000 -34.6176160000 -11.5000000000
2.9818930000 -45.8091940000 -11.5000000000
3.7804550000 -39.9278520000 -11.5000000000
3.8330170000 -47.3619910000 -11.5000000000
0.9970090000 -33.7418380000 -11.5000000000
2.1963450000 -48.6276210000 -11.5000000000
-3.8963970000 -43.4827590000 -11.5000000000
0.6826290000 -36.8077610000 -11.5000000000
-3.8313350000 -47.3656700000 -11.5000000000
-0.8958510000 -32.9394640000 -11.5000000000
-1.6789020000 -46.8475370000 -11.5000000000
-3.8038150000 -42.4101690000 -11.5000000000
-3.0172380000 -33.0741520000 -11.5000000000
3.0087850000 -33.1786680000 -11.5000000000
-3.3405910000 -37.8751630000 -11.5000000000
2.0798060000 -42.6743720000 -11.5000000000
-0.6780440000 -40.7923840000 -11.5000000000
-2.5272180000 -45.4843090000 -11.5000000000
3.3290180000 -35.3893820000 -11.5000000000
-1.6646040000 -45.2302530000 -11.5000000000
-3.3290570000 -35.4093130000 -11.5000000000
1.9243100000 -46.2334080000 -11.5000000000
-3.1383780000 -36.2073500000 -11.5000000000
-0.2128950000 -49.5824440000 -11.5000000000
-0.5099760000 -44.2386280000 -11.5000000000
-1.5859070000 -35.3807720000 -11.5000000000
3.3317290000 -43.1686650000 -11.5000000000
3.3294540000 -37.8511490000 -11.5000000000
-1.1973450000 -44.5518040000 -11.5000000000
0.2471550000 -36.6522480000 -11.5000000000
-1.2132690000 -42.2720600000 -11.5000000000
-1.4801470000 -43.3357670000 -11.5000000000
0.1053140000 -48.4668890000 -11.5000000000
3.9118340000 -42.2413790000 -11.5000000000
1.1285310000 -36.4328940000 -11.5000000000
-2.2895220000 -39.8433910000 -11.5000000000
0.1192520000 -35.2901940000 -11.5000000000
-0.0088500000 -35.7558080000 -11.5000000000
-3.3291260000 -41.6447080000 -11.5000000000
-1.9552120000 -42.6312440000 -11.5000000000
-3.1683540000 -39.8849090000 -11.5000000000
-0.6316940000 -39.8542390000 -11.5000000000
-2.3909410000 -46.8817560000 -11.5000000000
-2.1918140000 -37.1031320000 -11.5000000000
-0.2092870000 -40.1074160000 -11.5000000000
-1.1049640000 -40.0891400000 -11.5000000000
0.2547360000 -37.5394560000 -11.5000000000
-1.5638590000 -41.8324180000 -11.5000000000
-2.2193670000 -40.8838670000 -11.5000000000
-2.9629830000 -38.6130910000 -11.5000000000
3.3085810000 -41.7099450000 -11.5000000000
-1.9824560000 -38.4665440000 -11.5000000000
2.5158040000 -45.5763000000 -11.5000000000
-3.1634460000 -40.7724030000 -11.5000000000
-3.8214710000 -34.6222090000 -11.5000000000
2.4102970000 -46.5219630000 -11.5000000000
-0.2545870000 -40.5861030000 -11.5000000000
1.0656510000 -44.4611200000 -11.5000000000
3.1504460000 -40.7813220000 -11.5000000000
3.1854800000 -39.9155980000 -11.5000000000
1.3146540000 -42.6206110000 -11.5000000000
1.0734960000 -43.0818670000 -11.5000000000
-0.8247310000 -37.5078490000 -11.5000000000
-0.4223760000 -37.8137600000 -11.5000000000
3.0213350000 -39.4746770000 -11.5000000000
-1.4882400000 -37.1831880000 -11.5000000000
2.2811020000 -35.8316290000 -11.5000000000
-2.5174260000 -41.7547520000 -11.5000000000
3.9296300000 -41.0000000000 -11.5000000000
-2.8084390000 -48.9713870000 -11.5000000000
0.0604500000 -40.8601190000 -11.5000000000
-1.1665140000 -47.4988490000 -11.5000000000
1.0876990000 -48.1856740000 -11.5000000000
1.2244400000 -40.2887340000 -11.5000000000
0.4915820000 -38.0294550000 -11.5000000000
-2.5031200000 -35.0491250000 -11.5000000000
2.3658710000 -43.5191590000 -11.5000000000
-3.0396200000 -39.4352570000 -11.5000000000
-2.3344340000 -35.9593880000 -11.5000000000
0.9087020000 -49.6747950000 -11.5000000000
-2.5023990000 -45.0187430000 -11.5000000000
-1.0316270000 -43.0264860000 -11.5000000000
2.4410510000 -41.2790500000 -11.5000000000
-1.1206160000 -40.5686230000 -11.5000000000
-3.9449340000 -49.6910820000 -11.5000000000
3.9464290000 -49.6896550000 -11.5000000000
3.0960430000 -33.7216330000 -11.5000000000
3.2077640000 -36.2207210000 -11.5000000000
2.4048260000 -33.7604340000 -11.5000000000
1.4654540000 -32.9482460000 -11.5000000000
-3.8209120000 -39.3556300000 -11.5000000000
-2.3645900000 -50.0000000000 -13.4405200000
2.3230300000 -50.0000000000 -13.4434140000
-0.3597490000 -50.0000000000 -13.4842850000
1.0459710000 -50.0000000000 -14.2687050000
0.8736530000 -50.0000000000 -12.5536180000
-1.1897480000 -50.0000000000 -14.3077510000
-1.2662200000 -50.0000000000 -12.7039220000
3.1536990000 -50.0000000000 -12.5658720000
-3.1500260000 -50.0000000000 -14.3831470000
-3.1279760000 -50.0000000000 -12.5759420000
3.1575280000 -50.0000000000 -14.3757070000
1.8963810000 -50.0000000000 -12.4352760000
2.0215540000 -50.0000000000 -14.5685460000
0.0331320000 -50.0000000000 -14.4924630000
-0.3185320000 -50.0000000000 -12.5420310000
-2.1553970000 -50.0000000000 -12.4196400000
-2.1649340000 -50.0000000000 -14.5851520000
-3.4039950000 -50.0000000000 -13.5000000000
3.4039950000 -50.0000000000 -13.5000000000
1.4644390000 -50.0000000000 -13.4179430000
0.5381820000 -50.0000000000 -13.4851520000
-0.9814850000 -50.0000000000 -13.6287710000
-0.6349350000 -50.0000000000 -14.7333700000
1.3569320000 -50.0000000000 -14.6754540000
0.2763780000 -50.0000000000 -12.2798720000
2.5055520000 -50.0000000000 -12.2359920000
-0.8958130000 -50.0000000000 -12.1452140000
-3.5016760000 -50.0000000000 -12.2281570000
-3.5071890000 -50.0000000000 -14.7616150000
3.5494570000 -50.0000000000 -12.1531740000
3.5545740000 -50.0000000000 -14.8463590000
1.2887820000 -50.0000000000 -12.1993220000
0.6723080000 -50.0000000000 -14.8022240000
-1.5793040000 -50.0000000000 -14.8832540000
2.6332620000 -50.0000000000 -14.8902800000
-0.5809820000 -50.0000000000 -14.0812920000
-2.6718360000 -50.0000000000 -14.9372710000
-2.7056420000 -50.0000000000 -12.0743590000
-1.5621670000 -50.0000000000 -12.1146120000
3.7189320000 -50.0000000000 -13.9880710000
-3.7178610000 -50.0000000000 -13.9891340000
3.6780500000 -50.0000000000 -12.9626180000
-3.6782490000 -50.0000000000 -12.9755190000
0.3277530000 -50.0000000000 -12.9248770000
2.4534070000 -50.0000000000 -12.8426110000
-1.6893230000 -50.0000000000 -13.7018680000
-1.8573150000 -50.0000000000 -12.9951140000
1.5656830000 -50.0000000000 -14.0314020000
-2.8556720000 -50.0000000000 -13.8038740000
2.8205910000 -50.0000000000 -13.8059760000
-0.7184100000 -50.0000000000 -13.0042360000
-2.5158970000 -50.0000000000 -12.9291200000
0.5203080000 -50.0000000000 -14.1004910000
2.9721290000 -50.0000000000 -13.1867490000
-2.2455730000 -50.0000000000 -14.0334110000
1.9032550000 -50.0000000000 -13.0933160000
2.5522080000 -50.0000000000 -14.3219000000
-0.1807770000 -50.0000000000 -15.0421390000
2.0424920000 -50.0000000000 -11.9679210000
2.1250000000 -50.0000000000 -15.0483130000
3.0542060000 -50.0000000000 -12.0374530000
-2.9784910000 -50.0000000000 -13.1857100000
-0.2069230000 -50.0000000000 -11.9626770000
1.4008270000 -50.0000000000 -12.8291330000
-1.7748690000 -50.0000000000 -14.2639350000
0.0487210000 -50.0000000000 -13.8250760000
-2.1250000000 -50.0000000000 -11.9102180000
-2.1250000000 -50.0000000000 -15.0897820000
0.8044120000 -50.0000000000 -11.9596710000
3.1205810000 -50.0000000000 -15.0145600000
3.8675660000 -50.0000000000 -13.4949680000
-3.8674770000 -50.0000000000 -13.4963930000
-1.0660740000 -50.0000000000 -15.0297440000
2.1433690000 -50.0000000000 -13.9683660000
0.2695950000 -50.0000000000 -15.0950140000
0.9593510000 -50.0000000000 -13.1861210000
-1.3364160000 -50.0000000000 -13.2081470000
-2.6209790000 -50.0000000000 -14.4099010000
-0.1855010000 -50.0000000000 -13.0524400000
-3.2113300000 -50.0000000000 -15.0519530000
-3.2116010000 -50.0000000000 -11.9463330000
-1.7102750000 -50.0000000000 -12.5583220000
-3.2661930000 -50.0000000000 -13.9221620000
3.2606700000 -50.0000000000 -13.9232610000
1.0546560000 -50.0000000000 -15.0874620000
-3.8350910000 -50.0000000000 -12.5253280000
-3.8350910000 -50.0000000000 -14.4746720000
3.8350910000 -50.0000000000 -12.5253280000
3.8350910000 -50.0000000000 -14.4746720000
1.8799550000 -50.0000000000 -13.5908880000
-3.8064630000 -50.0000000000 -11.9353690000
3.8679440000 -50.0000000000 -11.8691040000
-3.8070870000 -50.0000000000 -15.0632100000
3.8679440000 -50.0000000000 -15.1308960000
1.6526740000 -50.0000000000 -11.9205040000
1.6410980000 -50.0000000000 -15.0716910000
-0.7997440000 -50.0000000000 -12.5988510000
-2.6262280000 -50.0000000000 -12.4997650000
1.0156560000 -50.0000000000 -13.7483020000
0.1069670000 -50.0000000000 -13.3310540000
0.3008860000 -50.0000000000 -11.8204240000
1.1183660000 -46.9996290000 -13.6414900000
1.1120860000 -44.9933890000 -13.6525350000
0.2148050000 -47.4845400000 -13.3780130000
0.1967350000 -44.5129570000 -13.4260480000
-0.4465580000 -47.4319870000 -13.4343160000
-0.4453650000 -44.5676420000 -13.5082550000
-0.9435040000 -47.1661040000 -13.5845960000
-0.9530010000 -44.8416440000 -13.6176840000
-1.2525650000 -45.1747230000 -13.4726640000
-1.4991230000 -46.0512850000 -13.3748540000
-1.4864000000 -46.2015310000 -14.0140130000
-1.4041700000 -46.5275470000 -13.6020940000
-1.4379610000 -45.5730710000 -13.4602610000
0.7695390000 -47.2875600000 -13.3837590000
0.7549040000 -44.7038060000 -13.4066140000
1.3500540000 -46.6537220000 -13.1962670000
1.3471780000 -45.3403710000 -13.2023580000
1.4641240000 -46.3260990000 -13.5464170000
1.4635610000 -45.6713830000 -13.5488610000
1.4636340000 -46.3282940000 -14.1537160000
1.4632420000 -45.6699640000 -14.1555890000
1.3446210000 -46.6648260000 -13.8883780000
1.3425240000 -45.3309480000 -13.8936120000
-1.4344540000 -46.4385680000 -13.0103150000
-0.6766250000 -47.3387230000 -14.3916380000
-0.6770610000 -44.6614980000 -14.4124410000
-0.0643290000 -47.4986200000 -14.3153030000
-0.0691520000 -44.5015950000 -14.3411480000
0.5554830000 -47.3933550000 -14.2844050000
0.5483290000 -44.6038140000 -14.3018920000
1.1487060000 -46.9646110000 -14.2881770000
1.1452360000 -45.0312720000 -14.2955980000
0.8449550000 -47.2393750000 -14.0297150000
0.8372620000 -44.7554150000 -14.0450000000
0.2395600000 -47.4807470000 -14.0689100000
0.2307130000 -44.5178490000 -14.0973420000
-0.3942160000 -47.4472710000 -14.1226900000
-0.3966130000 -44.5533840000 -14.1577110000
-1.0262660000 -47.0939740000 -14.2308780000
-1.0234710000 -44.9034110000 -14.2449340000
-1.3485970000 -46.6567240000 -14.2004910000
-1.3655220000 -45.3792350000 -14.1102790000
-1.4936410000 -45.8620270000 -14.3110700000
1.2726920000 -45.2061130000 -12.6025750000
1.2777030000 -46.7857960000 -12.5951840000
0.9656330000 -44.8521530000 -12.6117640000
0.9803780000 -47.1352790000 -12.5970250000
0.5530720000 -44.6056860000 -12.8177210000
0.5853170000 -47.3810880000 -12.7878690000
-0.1638710000 -44.5089780000 -12.9512830000
-0.1407120000 -47.4933850000 -12.8384810000
-0.8277180000 -44.7490470000 -13.0111620000
-0.8808470000 -47.2141290000 -12.8762060000
-1.2256480000 -45.1352530000 -12.8699270000
-1.2798790000 -46.7822460000 -12.6049260000
-1.4680900000 -45.6922450000 -12.8011360000
-1.4755150000 -46.2699190000 -14.7430690000
1.4249280000 -45.5314050000 -12.0573210000
1.4261280000 -46.4649290000 -12.0546020000
1.4523400000 -45.6248890000 -12.6031120000
1.4532730000 -46.3714810000 -12.6000590000
1.3594070000 -46.6340450000 -14.5040400000
1.3582500000 -45.3634810000 -14.5074440000
-1.4816330000 -46.2340140000 -12.3541070000
-1.4851830000 -45.7896900000 -12.1407110000
-1.2153430000 -46.8791710000 -13.7719200000
-1.2378920000 -46.8471260000 -14.8413470000
0.8400980000 -47.2426730000 -14.7512620000
0.8367180000 -44.7550490000 -14.7592870000
0.2679010000 -47.4758820000 -14.7425590000
0.2640730000 -44.5234280000 -14.7559800000
-0.3376820000 -47.4614960000 -14.7779760000
-0.3391900000 -44.5388530000 -14.7927640000
-1.4631010000 -45.6693400000 -14.8349130000
-0.8464030000 -47.2383870000 -14.8736400000
-0.8455550000 -44.7610340000 -14.8825330000
-1.2353380000 -45.1491530000 -14.8454430000
1.1692320000 -45.0603740000 -12.0672850000
1.1754400000 -46.9318480000 -12.0608410000
-1.4963020000 -46.1052590000 -12.8851030000
0.7356630000 -44.6927900000 -12.1324450000
0.7590430000 -47.2937750000 -12.1181660000
0.0863180000 -44.5024860000 -12.2984800000
0.1834410000 -47.4887410000 -12.2631870000
-0.4826300000 -44.5797650000 -12.5896940000
-0.4889290000 -47.4180790000 -12.2807530000
-0.9454360000 -44.8354610000 -12.2386430000
-1.0311140000 -47.0894050000 -12.1299330000
-1.3519330000 -45.3501710000 -12.1750700000
-0.7112130000 -47.3206730000 -13.9528240000
-0.7130000000 -44.6802910000 -13.9882050000
-0.0920520000 -47.4971730000 -13.8638460000
-0.0986910000 -44.5032500000 -13.9061010000
-1.1683640000 -45.0592950000 -13.8613900000
0.5341710000 -47.4016640000 -13.8289600000
0.5227200000 -44.5940260000 -13.8553800000
-1.4877890000 -45.8089900000 -13.8540950000
1.0841120000 -47.0366780000 -13.0619180000
1.0744980000 -44.9533610000 -13.0755020000
-1.0806080000 -44.9596700000 -13.2428590000
-0.4987770000 -47.4146460000 -12.8574390000
-0.4871420000 -44.5813060000 -13.0150980000
0.2142200000 -47.4846240000 -12.8168870000
0.1711040000 -44.5097910000 -12.8733830000
0.8653280000 -47.2252380000 -12.9576430000
0.8478710000 -44.7626180000 -12.9779000000
-1.3677510000 -45.3841610000 -13.1509970000
-1.2288060000 -46.8602530000 -13.2416760000
1.2232510000 -46.8681340000 -14.9138490000
1.2219350000 -45.1300150000 -14.9172900000
-1.4999880000 -46.0059920000 -11.8737050000
-1.3365510000 -46.6809050000 -12.0177930000
1.4673300000 -46.3113540000 -14.8404400000
1.4671540000 -45.6878140000 -14.8414510000
1.4746600000 -46.2745490000 -13.0399770000
1.4741860000 -45.7229160000 -13.0422950000
1.3733680000 -46.6032090000 -14.9395820000
1.3727780000 -45.3954510000 -14.9415460000
-0.4662220000 -44.5742940000 -12.0253630000
-0.0000000000 -4.2528110000 -8.0000000000
-0.0047780000 -12.7473880000 -8.0000000000
0.0144700000 -8.5000000000 -8.0000000000
-1.5186270000 -10.4844180000 -8.0000000000
-1.5186270000 -6.5155820000 -8.0000000000
1.5230200000 -10.5975820000 -8.0000000000
1.5230200000 -6.4024180000 -8.0000000000
-1.7159790000 -2.5004420000 -8.0000000000
1.6672210000 -2.4837650000 -8.0000000000
1.7162550000 -14.4994990000 -8.0000000000
-1.6667860000 -14.5161610000 -8.0000000000
-2.1293850000 -8.5000000000 -8.0000000000
2.0100080000 -8.5015860000 -8.0000000000
-2.2264880000 -12.5405090000 -8.0000000000
-2.2386040000 -4.4203340000 -8.0000000000
2.2421060000 -12.5853240000 -8.0000000000
2.2311270000 -4.4534660000 -8.0000000000
0.0929000000 -1.7964230000 -8.0000000000
-0.0929010000 -15.2035850000 -8.0000000000
-0.0320300000 -5.7803200000 -8.0000000000
-0.0320300000 -11.2196800000 -8.0000000000
-2.7811620000 -1.4151490000 -8.0000000000
2.7809760000 -1.4141680000 -8.0000000000
-2.7811620000 -15.5848510000 -8.0000000000
2.7809760000 -15.5858320000 -8.0000000000
-2.7942430000 -7.1668610000 -8.0000000000
-2.7940860000 -9.8322220000 -8.0000000000
2.8096130000 -7.1946940000 -8.0000000000
2.8096130000 -9.8053060000 -8.0000000000
-2.7764570000 -11.3357950000 -8.0000000000
-2.7764570000 -5.6642050000 -8.0000000000
2.7799000000 -11.3440780000 -8.0000000000
2.7799000000 -5.6559220000 -8.0000000000
-0.5001570000 -9.7922600000 -8.0000000000
-0.4995770000 -7.2082070000 -8.0000000000
-2.8301550000 -3.1933820000 -8.0000000000
-2.8875050000 -13.7373990000 -8.0000000000
2.8318680000 -13.8119460000 -8.0000000000
2.8336590000 -3.1841490000 -8.0000000000
0.9802710000 -7.6307240000 -8.0000000000
0.9802710000 -9.3692760000 -8.0000000000
1.0404290000 -5.0957720000 -8.0000000000
1.0588430000 -11.8899050000 -8.0000000000
-1.1677260000 -1.3275720000 -8.0000000000
1.1620050000 -1.2932350000 -8.0000000000
-1.1620030000 -15.7067740000 -8.0000000000
1.1677260000 -15.6724280000 -8.0000000000
-1.0145310000 -5.0790070000 -8.0000000000
-1.0171550000 -11.8967840000 -8.0000000000
0.5674800000 -13.9402860000 -8.0000000000
-0.5674800000 -3.0597140000 -8.0000000000
1.1822730000 -3.6496490000 -8.0000000000
-1.1819580000 -13.3502970000 -8.0000000000
-1.5354580000 -9.4941260000 -8.0000000000
-1.5742070000 -7.5136060000 -8.0000000000
1.2174200000 -13.0263060000 -8.0000000000
-1.2149450000 -3.9753540000 -8.0000000000
0.7261010000 -2.6760180000 -8.0000000000
-0.7261160000 -14.3240270000 -8.0000000000
-3.2130610000 -8.5000000000 -8.0000000000
3.2204970000 -8.5000000000 -8.0000000000
-1.0574580000 -8.4538860000 -8.0000000000
-3.2369100000 -12.2470620000 -8.0000000000
-3.2369100000 -4.7529380000 -8.0000000000
3.2403330000 -12.2539510000 -8.0000000000
3.2403330000 -4.7460490000 -8.0000000000
0.6197800000 -6.7330830000 -8.0000000000
0.6197800000 -10.2669170000 -8.0000000000
-3.2192760000 -14.6503150000 -8.0000000000
-3.2192760000 -2.3496850000 -8.0000000000
3.2212230000 -14.6536020000 -8.0000000000
3.2212230000 -2.3463980000 -8.0000000000
0.3482730000 -0.8909740000 -8.0000000000
-0.3482740000 -16.1090300000 -8.0000000000
-1.9166770000 -5.4811120000 -8.0000000000
-1.9103550000 -11.4952290000 -8.0000000000
-2.0356970000 -0.9004760000 -8.0000000000
2.0649060000 -0.8672330000 -8.0000000000
2.0356970000 -16.0995240000 -8.0000000000
-2.0649060000 -16.1327670000 -8.0000000000
1.9335190000 -5.5477760000 -8.0000000000
1.8926190000 -11.5148960000 -8.0000000000
-1.9459960000 -3.4283290000 -8.0000000000
1.9483240000 -13.5731760000 -8.0000000000
-0.9263280000 -2.1951220000 -8.0000000000
0.9262590000 -14.8046750000 -8.0000000000
1.8974180000 -9.7665530000 -8.0000000000
1.8974180000 -7.2334470000 -8.0000000000
-3.3815110000 -10.5647260000 -8.0000000000
-3.3815110000 -6.4352740000 -8.0000000000
3.3814320000 -6.4290360000 -8.0000000000
3.3814320000 -10.5709640000 -8.0000000000
1.9985050000 -3.4262470000 -8.0000000000
-2.0389880000 -13.6554630000 -8.0000000000
3.3192960000 -0.8047900000 -8.0000000000
-3.3192960000 -0.8047900000 -8.0000000000
-3.3192960000 -16.1952100000 -8.0000000000
3.3192960000 -16.1952100000 -8.0000000000
0.8953110000 -8.5000000000 -8.0000000000
-0.2805590000 -13.5486030000 -8.0000000000
0.2806270000 -3.4512440000 -8.0000000000
-0.7347210000 -10.6075200000 -8.0000000000
-0.7347210000 -6.3924800000 -8.0000000000
0.1238610000 -11.8448910000 -8.0000000000
0.1443650000 -5.1343420000 -8.0000000000
0.3192720000 -7.6446820000 -8.0000000000
0.3133700000 -9.3550490000 -8.0000000000
-3.4188720000 -3.9403060000 -8.0000000000
-3.4188720000 -13.0596940000 -8.0000000000
3.4205140000 -3.9338230000 -8.0000000000
3.4205140000 -13.0661770000 -8.0000000000
-0.5254440000 -0.7833640000 -8.0000000000
0.5254440000 -16.2166360000 -8.0000000000
0.9320960000 -11.1556010000 -8.0000000000
0.9182760000 -5.8623960000 -8.0000000000
-2.5080550000 -10.3806080000 -8.0000000000
-2.5080810000 -6.6192390000 -8.0000000000
2.4143960000 -10.5612700000 -8.0000000000
2.4143960000 -6.4387300000 -8.0000000000
-2.0289930000 -1.7230000000 -8.0000000000
-2.0289930000 -15.2770000000 -8.0000000000
2.0289930000 -15.2770000000 -8.0000000000
2.0289930000 -1.7230000000 -8.0000000000
3.4360460000 -7.6965400000 -8.0000000000
3.4360460000 -9.3034600000 -8.0000000000
-3.4374300000 -7.6998820000 -8.0000000000
-3.4374300000 -9.3001180000 -8.0000000000
1.4559000000 -4.4894360000 -8.0000000000
-1.4487360000 -12.5066370000 -8.0000000000
2.5862650000 -14.4349130000 -8.0000000000
2.5867870000 -2.5612100000 -8.0000000000
-2.5852060000 -2.5695700000 -8.0000000000
-2.5879260000 -14.4729750000 -8.0000000000
0.7839170000 -1.9578940000 -8.0000000000
-0.7839170000 -15.0421240000 -8.0000000000
-3.7333380000 -15.3974610000 -8.0000000000
3.7336750000 -15.3977150000 -8.0000000000
-3.7333380000 -1.6025390000 -8.0000000000
3.7336750000 -1.6022850000 -8.0000000000
2.6822160000 -7.9521180000 -8.0000000000
2.6822160000 -9.0478820000 -8.0000000000
-0.5780670000 -9.0514280000 -8.0000000000
-2.6358890000 -7.9677350000 -8.0000000000
-2.6203370000 -9.0226030000 -8.0000000000
-3.6637510000 -11.5366540000 -8.0000000000
-3.6637510000 -5.4633460000 -8.0000000000
3.6658100000 -11.5421180000 -8.0000000000
3.6658100000 -5.4578820000 -8.0000000000
-0.6166400000 -8.0055070000 -8.0000000000
1.3051910000 -13.9287230000 -8.0000000000
-1.3045420000 -3.0699200000 -8.0000000000
2.7095140000 -0.6864280000 -8.0000000000
-2.7083390000 -0.6878140000 -8.0000000000
2.7083310000 -16.3122260000 -8.0000000000
-2.7095220000 -16.3135320000 -8.0000000000
0.7130920000 -4.4297030000 -8.0000000000
-0.7432070000 -12.5585190000 -8.0000000000
0.1976650000 -14.2575200000 -8.0000000000
-0.1977040000 -2.7425470000 -8.0000000000
0.8703370000 -0.6521870000 -8.0000000000
-0.8703380000 -16.3478170000 -8.0000000000
-1.1975470000 -5.6509970000 -8.0000000000
-1.1737090000 -11.2725740000 -8.0000000000
0.6255860000 -12.6743620000 -8.0000000000
-0.6893800000 -4.4430030000 -8.0000000000
-3.5541630000 -14.0414000000 -8.0000000000
-3.5507210000 -2.9907200000 -8.0000000000
3.5522490000 -14.0129220000 -8.0000000000
3.5522490000 -2.9870780000 -8.0000000000
-0.5223620000 -3.7697600000 -8.0000000000
0.5217770000 -13.2305190000 -8.0000000000
1.7296190000 -7.9233740000 -8.0000000000
1.7296190000 -9.0766260000 -8.0000000000
-2.6162320000 -5.0263020000 -8.0000000000
-2.6079640000 -12.0093820000 -8.0000000000
2.6207130000 -11.9811420000 -8.0000000000
2.6125720000 -4.9834460000 -8.0000000000
-2.7103130000 -13.0542800000 -8.0000000000
-2.7793580000 -3.9175980000 -8.0000000000
0.0769400000 -6.6213330000 -8.0000000000
0.0769400000 -10.3786670000 -8.0000000000
-1.0919460000 -10.0958030000 -8.0000000000
-1.0949000000 -6.9065560000 -8.0000000000
2.7119160000 -3.9387480000 -8.0000000000
2.7817000000 -13.0888820000 -8.0000000000
-1.4459160000 -0.6604740000 -8.0000000000
1.4459160000 -16.3395260000 -8.0000000000
1.5459230000 -12.4095850000 -8.0000000000
-1.5412530000 -4.5923890000 -8.0000000000
-2.1222450000 -9.9173090000 -8.0000000000
-2.1222450000 -7.0826910000 -8.0000000000
1.3146820000 -2.9661910000 -8.0000000000
-1.3140840000 -14.0337400000 -8.0000000000
-0.3832460000 -5.3495720000 -8.0000000000
-0.3733040000 -11.6556820000 -8.0000000000
1.2634390000 -10.0181610000 -8.0000000000
1.2634390000 -6.9818390000 -8.0000000000
-0.5445740000 -1.4840260000 -8.0000000000
0.5445740000 -15.5159740000 -8.0000000000
-1.5246370000 -15.0847740000 -8.0000000000
1.5247330000 -1.9152320000 -8.0000000000
3.5334760000 -7.1799660000 -8.0000000000
3.5334760000 -9.8200340000 -8.0000000000
-3.5323840000 -7.1798640000 -8.0000000000
-3.5323660000 -9.8200340000 -8.0000000000
-1.5835950000 -8.7855200000 -8.0000000000
1.4666410000 -15.0741420000 -8.0000000000
-1.4666300000 -1.9257370000 -8.0000000000
1.5663500000 -0.6482590000 -8.0000000000
-1.5663500000 -16.3517430000 -8.0000000000
-1.6077380000 -8.1441680000 -8.0000000000
-1.8672120000 -13.0489660000 -8.0000000000
1.8686600000 -3.9496670000 -8.0000000000
1.4987680000 -8.5000690000 -8.0000000000
-1.7807330000 -3.9808750000 -8.0000000000
1.7832150000 -13.0226170000 -8.0000000000
-0.8928670000 -7.5473090000 -8.0000000000
-1.8184370000 -12.0673510000 -8.0000000000
1.8575020000 -5.0839240000 -8.0000000000
-2.0666120000 -9.2074670000 -8.0000000000
-0.9047770000 -9.4552070000 -8.0000000000
3.7765230000 -10.9342920000 -8.0000000000
3.7765230000 -6.0657080000 -8.0000000000
-3.7760060000 -10.9308370000 -8.0000000000
-3.7760060000 -6.0691630000 -8.0000000000
-2.5700760000 -1.9612460000 -8.0000000000
-2.5702170000 -15.0409690000 -8.0000000000
-2.0802900000 -7.7769700000 -8.0000000000
2.5652310000 -15.0341930000 -8.0000000000
2.5652510000 -1.9656630000 -8.0000000000
-0.5737130000 -13.1452470000 -8.0000000000
0.5693620000 -3.8531290000 -8.0000000000
0.5800430000 -1.3543470000 -8.0000000000
-0.5800490000 -15.6456700000 -8.0000000000
1.4267070000 -11.4123640000 -8.0000000000
1.4461140000 -5.5862740000 -8.0000000000
0.7398900000 -3.2595460000 -8.0000000000
-0.7402960000 -13.7402560000 -8.0000000000
1.2033310000 -2.3998200000 -8.0000000000
-1.2031080000 -14.6001650000 -8.0000000000
-2.3001260000 -11.0313830000 -8.0000000000
-2.3011150000 -5.9921630000 -8.0000000000
2.3710270000 -5.8775230000 -8.0000000000
2.3642100000 -11.1329230000 -8.0000000000
0.6592720000 -7.2273970000 -8.0000000000
0.6522060000 -9.7565120000 -8.0000000000
-3.6843560000 -8.5000000000 -8.0000000000
-0.3045240000 -12.1761590000 -8.0000000000
-3.6602650000 -4.4082330000 -8.0000000000
-3.6602650000 -12.5917670000 -8.0000000000
3.6833140000 -8.5000000000 -8.0000000000
3.6693410000 -4.4033660000 -8.0000000000
3.6693410000 -12.5966340000 -8.0000000000
0.5233430000 -5.4961180000 -8.0000000000
0.5253000000 -11.4968050000 -8.0000000000
-3.7708010000 -13.5006410000 -8.0000000000
-3.7711880000 -3.5138160000 -8.0000000000
3.7732120000 -13.4845300000 -8.0000000000
3.7732120000 -3.5154700000 -8.0000000000
-0.0723450000 -0.5328850000 -8.0000000000
0.0723450000 -16.4671150000 -8.0000000000
-3.7576140000 -2.2022770000 -8.0000000000
-3.7578230000 -14.7996730000 -8.0000000000
-0.9550410000 -0.4682130000 -8.0000000000
0.9550410000 -16.5317870000 -8.0000000000
3.7589680000 -14.7982510000 -8.0000000000
3.7589680000 -2.2017490000 -8.0000000000
0.5198030000 -8.1784690000 -8.0000000000
0.5228290000 -8.8226870000 -8.0000000000
-0.2822770000 -4.8151680000 -8.0000000000
-2.0354720000 -5.0245160000 -8.0000000000
2.0342340000 -11.9869260000 -8.0000000000
2.3821790000 -7.5666350000 -8.0000000000
2.3821790000 -9.4333650000 -8.0000000000
-2.7784060000 -4.4842250000 -8.0000000000
-2.7671960000 -12.5160140000 -8.0000000000
2.7715140000 -4.4763250000 -8.0000000000
2.7715140000 -12.5236750000 -8.0000000000
-2.7734590000 -8.4982090000 -8.0000000000
0.0622360000 -9.8841410000 -8.0000000000
0.0650350000 -7.1122680000 -8.0000000000
2.6822160000 -8.5095170000 -8.0000000000
-0.9807240000 -3.4950270000 -8.0000000000
0.9801100000 -13.5048640000 -8.0000000000
0.4110860000 -6.1648930000 -8.0000000000
0.4133400000 -10.8366670000 -8.0000000000
2.1293610000 -14.0869710000 -8.0000000000
-2.1275430000 -2.9151250000 -8.0000000000
0.0256810000 -15.8015210000 -8.0000000000
-0.0256820000 -1.1984820000 -8.0000000000
-0.5103130000 -8.5190770000 -8.0000000000
1.0125390000 -10.6428510000 -8.0000000000
1.0098600000 -6.3604090000 -8.0000000000
1.7160810000 -15.6859050000 -8.0000000000
-1.7568490000 -15.6997430000 -8.0000000000
-1.7160800000 -1.3140900000 -8.0000000000
1.7568610000 -1.3002590000 -8.0000000000
-3.7181690000 -12.0680810000 -8.0000000000
-3.7181690000 -4.9319190000 -8.0000000000
-0.6737320000 -5.8325070000 -8.0000000000
-0.6366720000 -11.1408960000 -8.0000000000
3.7205510000 -12.0738910000 -8.0000000000
3.7205510000 -4.9261090000 -8.0000000000
1.2335200000 -14.4718020000 -8.0000000000
-1.2337320000 -2.5273610000 -8.0000000000
2.1250000000 -0.4093030000 -8.0000000000
-2.1115130000 -0.4240440000 -8.0000000000
2.1115120000 -16.5759590000 -8.0000000000
-2.1250000000 -16.5906970000 -8.0000000000
1.9319280000 -10.3050950000 -8.0000000000
1.9319280000 -6.6949050000 -8.0000000000
-2.8881970000 -6.2389540000 -8.0000000000
-2.8976230000 -10.7580360000 -8.0000000000
2.8578680000 -6.1759200000 -8.0000000000
2.8567320000 -10.8258210000 -8.0000000000
-0.2576920000 -14.6537410000 -8.0000000000
0.2576790000 -2.3462780000 -8.0000000000
0.4167280000 -14.8743230000 -8.0000000000
-0.4167450000 -2.1256610000 -8.0000000000
-3.2133280000 -15.2023890000 -8.0000000000
-3.2132700000 -1.7983050000 -8.0000000000
3.2130370000 -15.2017770000 -8.0000000000
3.2130410000 -1.7981990000 -8.0000000000
-2.9998310000 -14.2328540000 -8.0000000000
-3.0463390000 -2.7758390000 -8.0000000000
3.7273610000 -0.5082190000 -8.0000000000
-3.7273610000 -0.5082190000 -8.0000000000
3.7273610000 -16.4917810000 -8.0000000000
-3.7273610000 -16.4917810000 -8.0000000000
3.0479010000 -14.2283460000 -8.0000000000
3.0484790000 -2.7697090000 -8.0000000000
-1.6608480000 -6.9223710000 -8.0000000000
-1.6517400000 -10.0885580000 -8.0000000000
3.8481420000 -10.3888890000 -8.0000000000
3.8481420000 -6.6111110000 -8.0000000000
0.4161310000 -0.4560920000 -8.0000000000
-0.4161310000 -16.5439080000 -8.0000000000
-3.8496690000 -10.3888890000 -8.0000000000
-3.8496690000 -6.6111110000 -8.0000000000
2.0675830000 -2.9641920000 -8.0000000000
-1.9710820000 -14.1542260000 -8.0000000000
-3.1104620000 -11.7530690000 -8.0000000000
-3.1450380000 -5.2648140000 -8.0000000000
-2.3150740000 -15.6828370000 -8.0000000000
2.3150740000 -1.3171630000 -8.0000000000
-2.3150740000 -1.3171630000 -8.0000000000
2.3150740000 -15.6828370000 -8.0000000000
1.4468520000 -13.4111370000 -8.0000000000
-2.3894190000 -3.4748460000 -8.0000000000
3.1484630000 -11.7425200000 -8.0000000000
3.1140720000 -5.2395150000 -8.0000000000
-1.4453880000 -3.5899010000 -8.0000000000
2.3912940000 -13.5295010000 -8.0000000000
-1.0732010000 -8.9565610000 -8.0000000000
-2.4430140000 -13.4872020000 -8.0000000000
2.4229100000 -3.5065240000 -8.0000000000
-1.5307060000 -5.1739180000 -8.0000000000
-1.4901410000 -11.5804820000 -8.0000000000
1.2004670000 -8.9042190000 -8.0000000000
1.2003360000 -8.0958370000 -8.0000000000
-1.6496710000 -11.0028380000 -8.0000000000
-1.6527790000 -5.9222540000 -8.0000000000
3.7497470000 -15.9894810000 -8.0000000000
-3.7496910000 -15.9894380000 -8.0000000000
-3.7496910000 -1.0105620000 -8.0000000000
3.7497470000 -1.0105190000 -8.0000000000
2.9367010000 -10.2789480000 -8.0000000000
2.9367010000 -6.7210520000 -8.0000000000
-2.9978280000 -6.7283860000 -8.0000000000
-2.9823020000 -10.2709390000 -8.0000000000
-2.4651250000 -9.4975750000 -8.0000000000
2.2972470000 -8.9137950000 -8.0000000000
2.2704430000 -8.0704870000 -8.0000000000
1.8418420000 -6.0419380000 -8.0000000000
1.8349920000 -10.9653840000 -8.0000000000
2.3844960000 -6.9898820000 -8.0000000000
2.3844960000 -10.0101180000 -8.0000000000
1.5738690000 -11.8523670000 -8.0000000000
2.1144430000 -14.7919290000 -8.0000000000
2.1258170000 -2.1878450000 -8.0000000000
-2.0912280000 -14.7844090000 -8.0000000000
-2.1143230000 -2.2080830000 -8.0000000000
-0.9351160000 -1.7528850000 -8.0000000000
0.9351100000 -15.2470900000 -8.0000000000
3.2416270000 -0.4167290000 -8.0000000000
-3.2414590000 -0.4169270000 -8.0000000000
3.2414580000 -16.5830780000 -8.0000000000
-3.2416280000 -16.5832650000 -8.0000000000
-0.2924480000 -14.0520020000 -8.0000000000
0.2924090000 -2.9480180000 -8.0000000000
-0.7744220000 -2.6200540000 -8.0000000000
0.7744740000 -14.3795550000 -8.0000000000
3.8472040000 -9.1320070000 -8.0000000000
3.8472040000 -7.8679930000 -8.0000000000
-3.8484810000 -7.8682180000 -8.0000000000
-3.8484810000 -9.1317780000 -8.0000000000
0.9824180000 -16.1027720000 -8.0000000000
-0.9824180000 -0.8972280000 -8.0000000000
-0.0767140000 -8.9635600000 -8.0000000000
-1.0667490000 -12.8748530000 -8.0000000000
-3.2718270000 -5.8559590000 -8.0000000000
-3.2676350000 -11.1465200000 -8.0000000000
1.0705930000 -4.1254200000 -8.0000000000
3.2626010000 -5.8373310000 -8.0000000000
3.2681430000 -11.1599650000 -8.0000000000
-2.4534370000 -7.4791790000 -8.0000000000
3.2267130000 -1.2486430000 -8.0000000000
-3.2266630000 -1.2487630000 -8.0000000000
-3.2267170000 -15.7513260000 -8.0000000000
3.2266620000 -15.7512980000 -8.0000000000
0.5340710000 -4.9576410000 -8.0000000000
3.3073780000 -3.4644500000 -8.0000000000
3.3073780000 -13.5355500000 -8.0000000000
-0.1243730000 -3.2948980000 -8.0000000000
-3.3048910000 -3.4714970000 -8.0000000000
-3.2862380000 -13.5030850000 -8.0000000000
0.1243080000 -13.7051500000 -8.0000000000
-1.1585600000 -7.9747530000 -8.0000000000
-0.2293150000 -9.4021830000 -8.0000000000
1.5828570000 -3.3923080000 -8.0000000000
1.4455680000 -7.5544550000 -8.0000000000
1.4455870000 -9.4455530000 -8.0000000000
-1.5927330000 -13.6224200000 -8.0000000000
-2.9934140000 -9.3754580000 -8.0000000000
-2.9934140000 -7.6245420000 -8.0000000000
-0.0654290000 -8.0586830000 -8.0000000000
-0.2650050000 -7.5939560000 -8.0000000000
2.9956530000 -7.6154110000 -8.0000000000
2.9956530000 -9.3845890000 -8.0000000000
0.6215830000 -12.1437910000 -8.0000000000
0.2123460000 -12.3173180000 -8.0000000000
-0.0060900000 -13.2394240000 -8.0000000000
0.0052020000 -3.7604840000 -8.0000000000
3.1972010000 -8.9221350000 -8.0000000000
3.1972010000 -8.0798070000 -8.0000000000
0.2296440000 -4.6934590000 -8.0000000000
2.3291220000 -5.4343230000 -8.0000000000
2.3487150000 -11.5811850000 -8.0000000000
-2.3693580000 -11.5469590000 -8.0000000000
-2.3693580000 -5.4530410000 -8.0000000000
-1.9584110000 -10.4841860000 -8.0000000000
-1.9606160000 -6.5090500000 -8.0000000000
-3.2265840000 -8.0940840000 -8.0000000000
-3.2243620000 -8.9040240000 -8.0000000000
-1.1604790000 -10.7492040000 -8.0000000000
-1.1604790000 -6.2507960000 -8.0000000000
-3.8592450000 -4.0009310000 -8.0000000000
-3.8592450000 -12.9990690000 -8.0000000000
-3.1587110000 -12.6937640000 -8.0000000000
-3.1801890000 -4.3073550000 -8.0000000000
1.0482050000 -12.4737190000 -8.0000000000
-0.2973400000 -6.2499040000 -8.0000000000
-0.2973400000 -10.7500960000 -8.0000000000
2.2521390000 -13.1132690000 -8.0000000000
-2.2504780000 -3.8923170000 -8.0000000000
3.1839590000 -12.6982630000 -8.0000000000
3.1627240000 -4.2996620000 -8.0000000000
-1.1229990000 -4.4695140000 -8.0000000000
3.8575920000 -3.9939080000 -8.0000000000
3.8575920000 -13.0060920000 -8.0000000000
1.3408910000 -6.0412980000 -8.0000000000
1.3458710000 -10.9547560000 -8.0000000000
-0.4971740000 -6.7626020000 -8.0000000000
-0.4971740000 -10.2373980000 -8.0000000000
-2.4880580000 -13.9566860000 -8.0000000000
4.2500000000 -20.2758330000 -4.7942730000
4.2500000000 -27.9133210000 -11.3521240000
4.2500000000 -3.9585510000 -3.9969060000
4.2500000000 -16.3963490000 -3.9994900000
4.2500000000 -8.4534880000 -3.9983390000
4.2500000000 -12.4172120000 -3.8614160000
4.2500000000 -21.7539830000 -7.8599270000
4.2500000000 -24.6274940000 -10.5637440000
4.2500000000 -22.7503490000 -2.9653290000
4.2500000000 -29.1780670000 -2.8129260000
4.2500000000 -29.2378240000 -9.0358130000
4.2500000000 -18.7069550000 -2.6875300000
4.2500000000 -29.8483320000 -12.8531010000
4.2500000000 -6.2232340000 -2.6210500000
4.2500000000 -6.2242610000 -5.3788940000
4.2500000000 -25.7923860000 -12.7943110000
4.2500000000 -18.1899160000 -5.8786420000
4.2500000000 -10.5109070000 -5.3599060000
4.2500000000 -14.3993740000 -5.5021620000
4.2500000000 -10.4284830000 -2.4807460000
4.2500000000 -14.4902680000 -2.5863680000
4.2500000000 -24.9634090000 -2.1973320000
4.2500000000 -22.4822920000 -5.6275860000
4.2500000000 -2.4139500000 -2.3264080000
4.2500000000 -2.3384530000 -5.5637500000
4.2500000000 -22.4389600000 -10.0107970000
4.2500000000 -29.7301900000 -5.2800050000
4.2500000000 -19.5439590000 -7.4423900000
4.2500000000 -26.5772510000 -9.6215130000
4.2500000000 -20.8478570000 -2.1066810000
4.2500000000 -27.1613000000 -2.1233830000
4.2500000000 -48.1120570000 -13.5612070000
4.2500000000 -23.9349390000 -8.7367310000
4.2500000000 -27.7801770000 -13.4215910000
4.2500000000 -29.9640500000 -10.9114280000
4.2500000000 -32.3103450000 -13.4924570000
4.2500000000 -29.9972330000 -7.2188440000
4.2500000000 -46.1384890000 -13.4742480000
4.2500000000 -43.6299260000 -13.4491090000
4.2500000000 -41.1464560000 -13.4474640000
4.2500000000 -38.6627520000 -13.4456830000
4.2500000000 -36.0831910000 -13.5482610000
4.2500000000 -16.7623110000 -1.9650700000
4.2500000000 -12.4113040000 -5.9890610000
4.2500000000 -4.3166380000 -2.0033200000
4.2500000000 -8.4534880000 -1.9868430000
4.2500000000 -8.1431830000 -5.9873590000
4.2500000000 -4.3174610000 -5.9974120000
4.2500000000 -12.3545630000 -1.9815350000
4.2500000000 -16.2777370000 -6.0788590000
4.2500000000 -34.2041770000 -13.3848300000
4.2500000000 -24.1092630000 -12.2538450000
4.2500000000 -1.7122990000 -4.0288090000
4.2500000000 -23.2488440000 -7.1397770000
4.2500000000 -20.7731700000 -9.2562420000
4.2500000000 -20.9859910000 -6.4149530000
4.2500000000 -26.0851970000 -11.1835710000
4.2500000000 -23.5591710000 -4.4707260000
4.2500000000 -30.3525800000 -1.7381550000
4.2500000000 -18.7754330000 -4.3548810000
4.2500000000 -23.6174460000 -1.7459220000
4.2500000000 -30.4173960000 -3.8138940000
4.2500000000 -27.7013320000 -8.5996920000
4.2500000000 -21.7678880000 -4.2423040000
4.2500000000 -28.6839080000 -4.2621380000
4.2500000000 -10.8572620000 -3.9597470000
4.2500000000 -14.8312260000 -3.9977960000
4.2500000000 -22.8545640000 -11.4447400000
4.2500000000 -25.2599130000 -8.8857520000
4.2500000000 -5.4885210000 -3.9784620000
4.2500000000 -28.4592500000 -1.5286430000
4.2500000000 -30.9210850000 -14.0920730000
4.2500000000 -28.2069760000 -9.9841610000
4.2500000000 -28.6785160000 -7.6256110000
4.2500000000 -30.5627100000 -9.6021770000
4.2500000000 -19.9959480000 -3.4275520000
4.2500000000 -22.0574180000 -1.4274710000
4.2500000000 -19.5310420000 -1.4472730000
4.2500000000 -19.3988610000 -5.8942710000
4.2500000000 -26.5220570000 -14.0530330000
4.2500000000 -15.4503050000 -1.4225340000
4.2500000000 -6.9838370000 -3.8710570000
4.2500000000 -7.0946460000 -1.4468960000
4.2500000000 -18.1815250000 -7.2060670000
4.2500000000 -28.9594840000 -14.0912120000
4.2500000000 -27.5430780000 -3.4657710000
4.2500000000 -26.1958430000 -3.1162090000
4.2500000000 -24.6924300000 -3.6689310000
4.2500000000 -9.4638280000 -6.5857900000
4.2500000000 -18.0367560000 -1.4275860000
4.2500000000 -26.0132500000 -1.3387620000
4.2500000000 -31.2629720000 -12.6106500000
4.2500000000 -44.7241380000 -12.8601840000
4.2500000000 -42.2413790000 -12.8598290000
4.2500000000 -39.7204030000 -12.8668880000
4.2500000000 -37.2758620000 -12.8591900000
4.2500000000 -5.4966090000 -1.4556440000
4.2500000000 -6.9045670000 -6.6548070000
4.2500000000 -1.3607580000 -1.3794720000
4.2500000000 -13.5990290000 -1.3722790000
4.2500000000 -1.3647910000 -6.6208780000
4.2500000000 -13.5944150000 -6.6312830000
4.2500000000 -28.9797980000 -6.1610570000
4.2500000000 -9.6354240000 -1.3394670000
4.2500000000 -28.6669410000 -12.4953580000
4.2500000000 -19.7457580000 -8.6992580000
4.2500000000 -17.7244760000 -3.4419550000
4.2500000000 -5.4230820000 -6.6718010000
4.2500000000 -11.1667170000 -6.6477900000
4.2500000000 -11.3078810000 -1.3254680000
4.2500000000 -37.1753430000 -14.1668600000
4.2500000000 -15.7526220000 -2.8467160000
4.2500000000 -39.7527240000 -14.0993990000
4.2500000000 -42.2445100000 -14.1009770000
4.2500000000 -44.8012800000 -14.0727710000
4.2500000000 -27.0625310000 -12.3854060000
4.2500000000 -30.7918270000 -8.2914530000
4.2500000000 -22.6695830000 -8.7528460000
4.2500000000 -24.6619980000 -13.4235450000
4.2500000000 -9.1773670000 -5.0666730000
4.2500000000 -3.1577250000 -1.4330220000
4.2500000000 -30.7939520000 -6.2088460000
4.2500000000 -15.0004400000 -6.6812140000
4.2500000000 -3.2264370000 -6.7800110000
4.2500000000 -13.7255410000 -4.5168190000
4.2500000000 -9.7378410000 -3.4508560000
4.2500000000 -13.2580970000 -2.8542410000
4.2500000000 -16.9883700000 -5.1216250000
4.2500000000 -23.6462650000 -9.8398720000
4.2500000000 -46.9922520000 -12.7605460000
4.2500000000 -46.9908650000 -14.2398090000
4.2500000000 -33.2658330000 -14.2717980000
4.2500000000 -15.5831090000 -4.9919520000
4.2500000000 -11.5956110000 -4.9286400000
4.2500000000 -35.0116240000 -14.3111040000
4.2500000000 -1.2107390000 -2.9028340000
4.2500000000 -1.2310820000 -5.0234380000
4.2500000000 -2.9210710000 -3.6008510000
4.2500000000 -11.5832080000 -2.9707110000
4.2500000000 -3.4507950000 -5.1128620000
4.2500000000 -23.7333420000 -5.5622150000
4.2500000000 -7.3440180000 -2.6713490000
4.2500000000 -21.3039630000 -10.4358990000
4.2500000000 -24.9099590000 -1.1815700000
4.2500000000 -21.6541400000 -3.0401430000
4.2500000000 -30.8529940000 -2.7133070000
4.2500000000 -23.9394630000 -2.7636590000
4.2500000000 -7.3933070000 -5.0221550000
4.2500000000 -22.1902250000 -6.8263560000
4.2500000000 -48.8992990000 -12.6164790000
4.2500000000 -48.9626210000 -14.4573160000
4.2500000000 -20.5973800000 -7.9771840000
4.2500000000 -33.2220620000 -12.6351590000
4.2500000000 -35.1782910000 -12.6883970000
4.2500000000 -21.4053750000 -5.2745050000
4.2500000000 -25.0622460000 -11.6215530000
4.2500000000 -4.7333970000 -3.1047730000
4.2500000000 -4.5913240000 -4.9097700000
4.2500000000 -30.8660340000 -4.8554210000
4.2500000000 -17.1137560000 -6.8828700000
4.2500000000 -26.8376810000 -8.5058050000
4.2500000000 -30.8941320000 -11.5771190000
4.2500000000 -25.4305550000 -9.8482070000
4.2500000000 -24.2057370000 -7.6028110000
4.2500000000 -25.3603700000 -14.3016390000
4.2500000000 -27.0667900000 -10.6290580000
4.2500000000 -28.8500330000 -10.8401190000
4.2500000000 -18.6706050000 -8.1626270000
4.2500000000 -21.1057480000 -1.0765640000
4.2500000000 -28.1559060000 -2.5654760000
4.2500000000 -28.6733230000 -5.3064510000
4.2500000000 -29.6833190000 -11.8788040000
4.2500000000 -27.5415620000 -1.0250660000
4.2500000000 -24.5917530000 -9.4499240000
4.2500000000 -29.4381510000 -10.0209650000
4.2500000000 -31.0686390000 -10.4840180000
4.2500000000 -3.3907350000 -2.5368110000
4.2500000000 -23.8689820000 -11.1793170000
4.2500000000 -29.4534770000 -1.0137010000
4.2500000000 -27.4413410000 -14.4494910000
4.2500000000 -31.7961410000 -14.4224990000
4.2500000000 -8.4951370000 -6.9867720000
4.2500000000 -13.4249840000 -5.5005270000
4.2500000000 -9.4881460000 -2.4484850000
4.2500000000 -16.4033570000 -1.0451330000
4.2500000000 -38.0693580000 -14.5608560000
4.2500000000 -30.0116170000 -14.3838760000
4.2500000000 -4.5814570000 -0.9467450000
4.2500000000 -29.5671230000 -8.0707000000
4.2500000000 -8.0372120000 -1.0453280000
4.2500000000 -40.6004680000 -14.5417440000
4.2500000000 -21.8813770000 -11.2579610000
4.2500000000 -45.9179100000 -12.5415860000
4.2500000000 -2.5178820000 -4.6738840000
4.2500000000 -43.4775290000 -12.5413380000
4.2500000000 -40.9943700000 -12.5410880000
4.2500000000 -43.0765350000 -14.5649730000
4.2500000000 -38.5110470000 -12.5412300000
4.2500000000 -12.0815070000 -6.9243230000
4.2500000000 -45.8986370000 -14.4706620000
4.2500000000 -20.8423840000 -3.9373460000
4.2500000000 -17.7137840000 -2.4443490000
4.2500000000 -23.1262830000 -12.4007770000
4.2500000000 -31.0368740000 -7.1084610000
4.2500000000 -36.3123200000 -12.4548310000
4.2500000000 -16.7652110000 -3.0564100000
4.2500000000 -36.0159470000 -14.5216850000
4.2500000000 -4.1290440000 -7.0514000000
4.2500000000 -32.2516240000 -12.4883030000
4.2500000000 -12.2004250000 -1.0124090000
4.2500000000 -9.9878160000 -4.5036810000
4.2500000000 -14.5211630000 -1.0191570000
4.2500000000 -17.7769230000 -4.5081630000
4.2500000000 -22.5956990000 -4.7400980000
4.2500000000 -31.0790650000 -0.9955380000
4.2500000000 -19.7924460000 -2.3986530000
4.2500000000 -8.5634330000 -3.0129790000
4.2500000000 -21.6928530000 -8.7954950000
4.2500000000 -29.6120590000 -4.3976420000
4.2500000000 -2.2654920000 -0.9592400000
4.2500000000 -2.2656110000 -7.0435550000
4.2500000000 -19.4046770000 -5.0622660000
4.2500000000 -47.9067590000 -12.4271400000
4.2500000000 -10.3033260000 -6.9400320000
4.2500000000 -47.8974630000 -14.5643370000
4.2500000000 -16.0555560000 -7.0769690000
4.2500000000 -22.9207080000 -0.8807090000
4.2500000000 -22.6804290000 -7.8258360000
4.2500000000 -23.9716030000 -6.5497930000
4.2500000000 -13.9803500000 -3.5247790000
4.2500000000 -5.3446630000 -5.7520560000
4.2500000000 -49.1526320000 -13.5000000000
4.2500000000 -5.3150370000 -2.3157860000
4.2500000000 -34.1724140000 -12.3949410000
4.2500000000 -19.9752830000 -9.6041540000
4.2500000000 -22.7926850000 -2.1105800000
4.2500000000 -23.7965610000 -13.1170570000
4.2500000000 -27.4402000000 -9.4742940000
4.2500000000 -12.6022720000 -4.9100260000
4.2500000000 -28.4012910000 -3.4559780000
4.2500000000 -18.9646110000 -6.7350990000
4.2500000000 -23.1361370000 -10.5859320000
4.2500000000 -23.5311130000 -3.5685820000
4.2500000000 -25.0443780000 -8.0004350000
4.2500000000 -34.1739540000 -14.5936700000
4.2500000000 -26.6581990000 -13.1634220000
4.2500000000 -29.5004060000 -1.9625410000
4.2500000000 -20.0810600000 -6.6539630000
4.2500000000 -25.5713850000 -3.7386870000
4.2500000000 -25.9088560000 -2.2334670000
4.2500000000 -20.3391630000 -5.7164870000
4.2500000000 -24.4323160000 -4.5030580000
4.2500000000 -28.5916170000 -8.3762970000
4.2500000000 -29.8833740000 -6.3631050000
4.2500000000 -27.8569000000 -7.7575330000
4.2500000000 -21.0939110000 -7.2324270000
4.2500000000 -17.3283240000 -0.9113450000
4.2500000000 -24.9513720000 -12.5016590000
4.2500000000 -6.2850660000 -0.9405990000
4.2500000000 -19.1733330000 -3.4808790000
4.2500000000 -30.0497540000 -2.9450310000
4.2500000000 -23.0759770000 -6.3055760000
4.2500000000 -0.8830310000 -3.9971240000
4.2500000000 -26.9951740000 -11.4988730000
4.2500000000 -6.3758150000 -4.5004850000
4.2500000000 -26.7477950000 -3.7798490000
4.2500000000 -8.2917460000 -4.8916790000
4.2500000000 -18.7942710000 -0.8517000000
4.2500000000 -19.6989470000 -4.1631570000
4.2500000000 -27.8291460000 -4.2597840000
4.2500000000 -28.3171910000 -14.6272110000
4.2500000000 -15.3355320000 -5.8463660000
4.2500000000 -17.2028500000 -5.9758930000
4.2500000000 -20.2053630000 -0.8443730000
4.2500000000 -10.3868930000 -0.8381610000
4.2500000000 -0.8478480000 -2.0784030000
4.2500000000 -29.0673660000 -13.2249660000
4.2500000000 -26.1692850000 -12.0440840000
4.2500000000 -0.8475200000 -5.9214640000
4.2500000000 -22.5394390000 -3.8592370000
4.2500000000 -30.0906380000 -8.8680700000
4.2500000000 -7.5996940000 -7.1257270000
4.2500000000 -8.9424800000 -0.9279440000
4.2500000000 -2.0470570000 -3.1027380000
4.2500000000 -31.1853630000 -1.9161390000
4.2500000000 -21.6808280000 -2.2057820000
4.2500000000 -21.6943050000 -6.0915310000
4.2500000000 -23.3895880000 -8.0407100000
4.2500000000 -21.6525610000 -9.6587920000
4.2500000000 -30.4155740000 -12.3016830000
4.2500000000 -11.3825890000 -5.7300350000
4.2500000000 -26.6781600000 -0.7949750000
4.2500000000 -26.2420730000 -10.4130530000
4.2500000000 -25.4396810000 -10.7338940000
4.2500000000 -31.1623010000 -8.9238170000
4.2500000000 -27.8493070000 -12.2174210000
4.2500000000 -31.1806770000 -3.4794950000
4.2500000000 -20.7593220000 -3.0034390000
4.2500000000 -6.2466590000 -3.4954160000
4.2500000000 -23.9129490000 -0.7463020000
4.2500000000 -6.2492420000 -7.1868640000
4.2500000000 -29.2491580000 -3.6300900000
4.2500000000 -28.3403770000 -9.1836920000
4.2500000000 -38.9886190000 -14.7057980000
4.2500000000 -18.5666810000 -5.1766880000
4.2500000000 -43.9983060000 -14.7206840000
4.2500000000 -41.4920720000 -14.7093970000
4.2500000000 -14.2449620000 -7.2013230000
4.2500000000 -11.5920960000 -2.0340580000
4.2500000000 -14.8516430000 -3.1370440000
4.2500000000 -30.6471450000 -13.2308520000
4.2500000000 -15.7053820000 -3.7549680000
4.2500000000 -7.7936120000 -3.5410830000
4.2500000000 -7.0025860000 -5.6914010000
4.2500000000 -31.5456640000 -13.4616970000
4.2500000000 -6.3231260000 -1.7407470000
4.2500000000 -25.9202670000 -8.2211230000
4.2500000000 -20.5788310000 -10.2637470000
4.2500000000 -28.2843880000 -6.8386440000
4.2500000000 -24.3005290000 -1.9885870000
4.2500000000 -13.1286700000 -2.1390930000
4.2500000000 -18.8075810000 -1.8366520000
4.2500000000 -26.9390560000 -2.8845000000
4.2500000000 -25.7400570000 -13.6576180000
4.2500000000 -28.5609120000 -11.6407050000
4.2500000000 -29.3204350000 -7.0602020000
4.2500000000 -3.9277620000 -3.1024800000
4.2500000000 -12.4011910000 -3.1358630000
4.2500000000 -25.3400270000 -0.7747340000
4.2500000000 -37.7097880000 -13.5948310000
4.2500000000 -5.5866720000 -4.8581080000
4.2500000000 -0.7560680000 -0.8453250000
4.2500000000 -30.1766370000 -0.7990960000
4.2500000000 -40.1984230000 -13.5762780000
4.2500000000 -3.1946780000 -5.7777710000
4.2500000000 -0.7612680000 -7.1544760000
4.2500000000 -42.6845130000 -13.5724450000
4.2500000000 -3.8768510000 -0.9037700000
4.2500000000 -9.6849820000 -5.7763240000
4.2500000000 -3.2819980000 -4.1291940000
4.2500000000 -31.3312930000 -5.4949430000
4.2500000000 -45.1585420000 -13.5416550000
4.2500000000 -13.0186550000 -0.7480870000
4.2500000000 -16.0612830000 -2.0244080000
4.2500000000 -15.2051420000 -2.1637020000
4.2500000000 -10.4542330000 -3.2864150000
4.2500000000 -10.8758170000 -4.8288830000
4.2500000000 -32.6482730000 -14.6996160000
4.2500000000 -14.4413430000 -4.6886680000
4.2500000000 -33.0194110000 -13.5375580000
4.2500000000 -10.3961300000 -1.7730210000
4.2500000000 -11.6047230000 -3.8655700000
4.2500000000 -23.3232330000 -9.1552950000
4.2500000000 -6.1968140000 -6.1883450000
4.2500000000 -25.8839580000 -14.6894860000
4.2500000000 -5.0089210000 -7.1176750000
4.2500000000 -29.8005920000 -13.8142540000
4.2500000000 -34.8927770000 -13.3724460000
4.2500000000 -13.1642860000 -7.0154750000
4.2500000000 -44.2120740000 -13.6829700000
4.2500000000 -17.8273270000 -6.5706750000
4.2500000000 -26.1150860000 -9.0771150000
4.2500000000 -41.7150220000 -13.6878750000
4.2500000000 -13.0661040000 -3.7740600000
4.2500000000 -9.1428140000 -4.4396650000
4.2500000000 -39.3036290000 -13.5294400000
4.2500000000 -25.4669760000 -2.9660490000
4.2500000000 -7.6384640000 -4.4255370000
4.2500000000 -36.6673690000 -13.5219580000
4.2500000000 -5.5675400000 -3.0998730000
4.2500000000 -22.2639980000 -11.7391130000
4.2500000000 -45.3640270000 -12.2682800000
4.2500000000 -44.1887930000 -12.3507030000
4.2500000000 -42.8882320000 -12.2686800000
4.2500000000 -41.7058270000 -12.3500360000
4.2500000000 -40.4053020000 -12.2690980000
4.2500000000 -39.2173820000 -12.3505000000
4.2500000000 -37.9411850000 -12.2666180000
4.2500000000 -46.7451220000 -13.4999470000
4.2500000000 -27.8190520000 -10.6286870000
4.2500000000 -21.8105130000 -0.8096990000
4.2500000000 -14.3045440000 -6.2687260000
4.2500000000 -10.5117190000 -6.3388220000
4.2500000000 -8.8311430000 -6.0374360000
4.2500000000 -4.7646480000 -3.8800570000
4.2500000000 -7.6735120000 -1.9699290000
4.2500000000 -28.2594910000 -0.8912110000
4.2500000000 -18.0437760000 -7.8936600000
4.2500000000 -31.2697370000 -9.8467540000
4.2500000000 -24.7092380000 -8.5491370000
4.2500000000 -20.4697460000 -8.7634250000
4.2500000000 -1.6141190000 -2.0945420000
4.2500000000 -31.1223700000 -4.2816410000
4.2500000000 -31.2020960000 -7.8207040000
4.2500000000 -1.6138950000 -5.9049980000
4.2500000000 -30.9375000000 -14.8002510000
4.2500000000 -27.8021500000 -1.8240130000
4.2500000000 -22.2658870000 -10.7210890000
4.2500000000 -45.3232870000 -14.8074320000
4.2500000000 -25.2618600000 -1.6886080000
4.2500000000 -18.9586380000 -8.8780340000
4.2500000000 -14.3067110000 -1.7167870000
4.2500000000 -28.7893110000 -2.1792830000
4.2500000000 -27.1185920000 -8.0162180000
4.2500000000 -20.3050660000 -1.6439650000
4.2500000000 -24.1774340000 -5.1486950000
4.2500000000 -17.0492810000 -4.0407680000
4.2500000000 -23.9233030000 -10.4728300000
4.2500000000 -9.1975170000 -7.2722310000
4.2500000000 -30.1253940000 -10.1783620000
4.2500000000 -15.3604650000 -0.6931600000
4.2500000000 -21.0985700000 -4.7627690000
4.2500000000 -7.1986030000 -0.6742560000
4.2500000000 -16.3510940000 -5.3787350000
4.2500000000 -24.6403110000 -14.1575570000
4.2500000000 -18.2504860000 -3.6354320000
4.2500000000 -5.2375040000 -0.6132760000
4.2500000000 -30.4605450000 -5.6376730000
4.2500000000 -26.8108270000 -14.7744200000
4.2500000000 -17.4856960000 -7.4622130000
4.2500000000 -18.8061440000 -6.0671720000
4.2500000000 -24.5843570000 -3.0448600000
4.2500000000 -26.7171150000 -1.5399690000
4.2500000000 -11.5818540000 -7.2929360000
4.2500000000 -36.6970760000 -14.7550580000
4.2500000000 -28.5261450000 -13.6581890000
4.2500000000 -28.1529640000 -4.9899410000
4.2500000000 -25.0843900000 -4.2469660000
4.2500000000 -29.0669200000 -15.0092550000
4.2500000000 -7.0017650000 -2.1104020000
4.2500000000 -11.5342670000 -0.6095600000
4.2500000000 -20.3965020000 -7.2932220000
4.2500000000 -27.0081690000 -13.6341900000
4.2500000000 -1.6732520000 -0.5577650000
4.2500000000 -21.2160560000 -8.3168080000
4.2500000000 -23.0394860000 -5.2512760000
4.2500000000 -22.0853060000 -5.1237590000
4.2500000000 -18.9377340000 -7.5280300000
4.2500000000 -30.2011920000 -2.3553730000
4.2500000000 -1.6845540000 -7.4421880000
4.2500000000 -31.4940060000 -11.9615390000
4.2500000000 -19.8934570000 -8.0422740000
4.2500000000 -2.5061050000 -1.6452430000
4.2500000000 -15.4884940000 -7.3387320000
4.2500000000 -2.4676000000 -6.4133220000
4.2500000000 -28.8322950000 -9.6770230000
4.2500000000 -1.8147700000 -4.7163750000
4.2500000000 -6.7471680000 -3.0491420000
4.2500000000 -4.1537180000 -5.2909980000
4.2500000000 -46.5149890000 -14.8088840000
4.2500000000 -22.2864620000 -9.3327230000
4.2500000000 -29.2366620000 -4.9380840000
4.2500000000 -46.5308400000 -12.1923100000
4.2500000000 -3.5191000000 -7.3378490000
4.2500000000 -28.4275740000 -5.9406700000
4.2500000000 -36.9530380000 -12.2654400000
4.2500000000 -22.1932830000 -2.6853170000
4.2500000000 -12.9596310000 -6.4696550000
4.2500000000 -0.6223830000 -3.4095930000
4.2500000000 -0.6189920000 -4.5779980000
4.2500000000 -17.3795200000 -1.5813080000
4.2500000000 -13.8862560000 -0.7128720000
4.2500000000 -30.2047140000 -7.8060430000
4.2500000000 -49.3072910000 -12.1497210000
4.2500000000 -25.5380210000 -12.1228750000
4.2500000000 -18.0164560000 -0.6962770000
4.2500000000 -30.2279530000 -11.5100180000
4.2500000000 -29.2812960000 -5.6156520000
4.2500000000 -19.5062500000 -0.7769780000
4.2500000000 -49.3148930000 -14.8442740000
4.2500000000 -35.7111310000 -12.2286430000
4.2500000000 -31.3366900000 -6.4917410000
4.2500000000 -30.2034280000 -4.6576470000
4.2500000000 -17.5930840000 -5.0709720000
4.2500000000 -4.8128840000 -6.4938050000
4.2500000000 -23.4914300000 -11.8421520000
4.2500000000 -37.5884800000 -14.7588750000
4.2500000000 -2.8498310000 -0.6155410000
4.2500000000 -9.7841080000 -0.6472640000
4.2500000000 -9.1404110000 -1.8332860000
4.2500000000 -3.6425360000 -1.8548650000
4.2500000000 -40.0713530000 -14.7627590000
4.2500000000 -7.6436950000 -6.2670100000
4.2500000000 -42.5693930000 -14.7646110000
4.2500000000 -21.2224650000 -11.1211590000
4.2500000000 -37.9051610000 -12.9216670000
4.2500000000 -29.3322230000 -12.5711100000
4.2500000000 -12.8994790000 -1.4626390000
4.2500000000 -4.8589120000 -1.6153030000
4.2500000000 -28.1040720000 -12.8110100000
4.2500000000 -35.4018190000 -14.8615090000
4.2500000000 -40.3853200000 -12.9175930000
4.2500000000 -23.4689700000 -2.3097200000
4.2500000000 -28.8765450000 -0.6759620000
4.2500000000 -29.9099950000 -9.6209770000
4.2500000000 -24.0829110000 -3.9946180000
4.2500000000 -42.8401050000 -12.9154090000
4.2500000000 -6.9183760000 -7.2010480000
4.2500000000 -31.2723310000 -11.0138900000
4.2500000000 -16.4466800000 -4.6901740000
4.2500000000 -11.9041530000 -6.4283360000
4.2500000000 -8.9564030000 -3.5164820000
4.2500000000 -21.5162240000 -6.6937880000
4.2500000000 -24.5175330000 -11.2323840000
4.2500000000 -45.2676420000 -12.9159440000
4.2500000000 -29.3998140000 -11.2719790000
4.2500000000 -33.6053630000 -12.1338060000
4.2500000000 -34.7491540000 -12.1128850000
4.2500000000 -16.6544020000 -7.3803900000
4.2500000000 -27.2258880000 -13.0011130000
4.2500000000 -18.1054250000 -3.0026030000
4.2500000000 -49.4331970000 -14.0488640000
4.2500000000 -49.4672910000 -13.0108030000
4.2500000000 -47.3125330000 -12.1559230000
4.2500000000 -47.2896110000 -14.8692310000
4.2500000000 -2.4440480000 -3.8970300000
4.2500000000 -24.1114070000 -13.7084210000
4.2500000000 -15.8158560000 -4.4220460000
4.2500000000 -19.3785310000 -9.3873890000
4.2500000000 -24.4227070000 -6.9807200000
4.2500000000 -13.8344890000 -2.5432480000
4.2500000000 -19.3643370000 -2.8589440000
4.2500000000 -23.0141560000 -9.7215940000
4.2500000000 -33.9886410000 -14.0444490000
4.2500000000 -44.0451270000 -12.9918050000
4.2500000000 -48.4241280000 -12.0768950000
4.2500000000 -27.2295860000 -8.9294380000
4.2500000000 -41.5603440000 -12.9909220000
4.2500000000 -15.7036880000 -6.4781260000
4.2500000000 -0.6815840000 -1.4691140000
4.2500000000 -0.6690820000 -6.5383340000
4.2500000000 -32.8363480000 -12.1640930000
4.2500000000 -14.9437890000 -5.0987120000
4.2500000000 -11.8590670000 -1.5034520000
4.2500000000 -38.9841490000 -12.9529530000
4.2500000000 -21.5594550000 -3.6916580000
4.2500000000 -25.3478640000 -13.2161190000
4.2500000000 -48.4524190000 -14.8937780000
4.2500000000 -22.1868790000 -8.3229790000
4.2500000000 -2.8355230000 -7.4030740000
4.2500000000 -24.2876020000 -9.9967710000
4.2500000000 -32.6793400000 -14.0448330000
4.2500000000 -30.4657540000 -6.7424330000
4.2500000000 -3.6312390000 -6.2445550000
4.2500000000 -47.4371000000 -13.3241510000
4.2500000000 -26.5711620000 -2.3940020000
4.2500000000 -33.4814180000 -14.9882870000
4.2500000000 -10.8855470000 -7.3144820000
4.2500000000 -24.4025600000 -12.8306950000
4.2500000000 -24.0113260000 -9.3451330000
4.2500000000 -9.8855930000 -1.9387870000
4.2500000000 -27.4656270000 -10.0385840000
4.2500000000 -41.2722630000 -13.9547900000
4.2500000000 -43.7623340000 -13.9544730000
4.2500000000 -38.7975090000 -13.9205780000
4.2500000000 -4.0187930000 -4.7102440000
4.2500000000 -22.6784230000 -7.2378170000
4.2500000000 -27.9681530000 -14.0638220000
4.2500000000 -36.4743340000 -14.0801600000
4.2500000000 -13.8684190000 -5.0814410000
4.2500000000 -9.9084920000 -2.8924050000
4.2500000000 -1.3251970000 -3.5714000000
4.2500000000 -5.6226500000 -7.2992670000
4.2500000000 -2.8232940000 -2.8061780000
4.2500000000 -9.8207190000 -5.2234160000
4.2500000000 -26.0279970000 -0.6433780000
4.2500000000 -22.1862250000 -3.3253940000
4.2500000000 -35.7830100000 -12.8911990000
4.2500000000 -21.2811350000 -1.6869360000
4.2500000000 -46.3683830000 -14.0466410000
4.2500000000 -34.7535970000 -14.8949740000
4.2500000000 -12.6790370000 -2.6650610000
4.2500000000 -47.5913710000 -13.9908380000
4.2500000000 -31.3703040000 -8.4308540000
4.2500000000 -7.0278730000 -4.4105510000
4.2500000000 -45.4279970000 -14.0663440000
4.2500000000 -13.0005310000 -4.3468560000
4.2500000000 -25.3181710000 -14.9853750000
4.2500000000 -0.6110110000 -2.6385500000
4.2500000000 -16.1548650000 -3.3096840000
4.2500000000 -0.6133020000 -5.3491530000
4.2500000000 -11.9104470000 -4.3732250000
4.2500000000 -26.1859950000 -3.8016280000
4.2500000000 -12.1485520000 -5.3708360000
4.2500000000 -18.2070530000 -2.0090090000
4.2500000000 -30.6304670000 -11.0106250000
4.2500000000 -46.3788910000 -12.9537450000
4.2500000000 -23.2955010000 -8.5563890000
4.2500000000 -35.6539820000 -13.9800510000
4.2500000000 -4.1124320000 -1.4089120000
4.2500000000 -10.9391640000 -2.8828810000
4.2500000000 -13.6923860000 -6.0119940000
4.2500000000 -27.2277810000 -4.1567600000
4.2500000000 -27.5137620000 -2.9027020000
4.2500000000 -24.8875300000 -9.9809370000
4.2500000000 -8.0684350000 -2.5075050000
4.2500000000 -2.7953120000 -5.2752080000
4.2500000000 -13.6516480000 -7.3638100000
4.2500000000 -27.8145510000 -7.1995900000
4.2500000000 -4.3091580000 -2.6463290000
4.2500000000 -48.6151670000 -13.1787820000
4.2500000000 -16.0710150000 -0.5705670000
4.2500000000 -7.5848980000 -5.6917280000
4.2500000000 -25.1395400000 -9.4093660000
4.2500000000 -20.6679350000 -5.1603160000
4.2500000000 -10.1914780000 -3.9255550000
4.2500000000 -23.1641360000 -4.0673850000
4.2500000000 -8.6356890000 -5.4120650000
4.2500000000 -24.8388890000 -0.5213540000
4.2500000000 -21.9362350000 -10.3644460000
4.2500000000 -3.4750930000 -3.5840780000
4.2500000000 -24.1480410000 -6.0050640000
4.2500000000 -44.5568090000 -14.8762110000
4.2500000000 -28.7761150000 -10.2764380000
4.2500000000 -29.3604530000 -10.6095110000
4.2500000000 -11.9788710000 -2.6723490000
4.2500000000 -31.4736990000 -2.7350720000
4.2500000000 -32.7068640000 -12.9195020000
4.2500000000 -24.0725140000 -3.3365630000
4.2500000000 -21.6640820000 -7.3304580000
4.2500000000 -48.2860380000 -14.1724830000
4.2500000000 -15.1553770000 -4.5418430000
4.2500000000 -30.4187980000 -13.8189250000
4.2500000000 -3.0028140000 -2.0670040000
4.2500000000 -29.8926270000 -3.5845610000
4.2500000000 -22.5186220000 -6.1713930000
4.2500000000 -9.8724280000 -7.4505390000
4.2500000000 -1.2585720000 -4.3861830000
4.2500000000 -33.7940340000 -12.8653720000
4.2500000000 -34.5712270000 -12.8685540000
4.2500000000 -16.3089420000 -2.5996460000
4.2500000000 -22.4343580000 -0.5304530000
4.2500000000 -19.2396970000 -2.2489150000
4.2500000000 -10.8923240000 -2.0620150000
4.2500000000 -27.8092050000 -14.9570400000
4.2500000000 -16.4830880000 -6.6720530000
4.2500000000 -31.8433720000 -12.9296620000
4.2500000000 -30.7237270000 -7.6232240000
4.2500000000 -22.9891490000 -1.5032140000
4.2500000000 -34.5308920000 -13.8969940000
4.2500000000 -23.2807530000 -13.1071210000
4.2500000000 -21.0929780000 -9.8378120000
4.2500000000 -23.6055160000 -4.9867780000
4.2500000000 -18.3521600000 -6.5172630000
4.2500000000 -19.9550740000 -5.2592780000
4.2500000000 -31.5524120000 -14.9343240000
4.2500000000 -24.1709630000 -1.4000430000
4.2500000000 -1.7965290000 -5.4197320000
4.2500000000 -26.4159400000 -12.5870620000
4.2500000000 -8.5593440000 -1.3775610000
4.2500000000 -20.9843500000 -5.7983750000
4.2500000000 -30.5837670000 -3.2432460000
4.2500000000 -6.6559380000 -5.1004820000
4.2500000000 -23.3889390000 -2.9904130000
4.2500000000 -20.2808770000 -4.2202370000
4.2500000000 -24.2980800000 -8.1945230000
4.2500000000 -24.5189160000 -11.8515510000
4.2500000000 -4.7275830000 -5.5298810000
4.2500000000 -25.6463750000 -11.5436160000
4.2500000000 -22.4377570000 -12.3839290000
4.2500000000 -31.3851750000 -1.3925860000
4.2500000000 -10.9091600000 -0.5873810000
4.2500000000 -26.4421620000 -8.0042370000
4.2500000000 -31.4425910000 -5.0407470000
4.2500000000 -19.0104690000 -5.4985310000
4.2500000000 -30.2928020000 -14.9295580000
4.2500000000 -19.3131620000 -7.9311480000
4.2500000000 -14.9726290000 -1.6390920000
4.2500000000 -21.2082540000 -2.6533440000
4.2500000000 -17.4236120000 -2.9867020000
4.2500000000 -29.1231130000 -1.5370050000
4.2500000000 -1.8796880000 -1.5774130000
4.2500000000 -14.1873280000 -4.0462900000
4.2500000000 -24.8067300000 -7.4827100000
4.2500000000 -23.8133100000 -7.0762120000
4.2500000000 -27.2124010000 -0.5335130000
4.2500000000 -8.4999730000 -0.6173080000
4.2500000000 -1.8924850000 -6.4238460000
4.2500000000 -23.3654560000 -0.5229280000
4.2500000000 -27.4555560000 -11.7867090000
4.2500000000 -29.6843440000 -2.5185470000
4.2500000000 -29.6989180000 -14.9619390000
4.2500000000 -11.2469400000 -4.3938970000
4.2500000000 -25.9671060000 -9.6862650000
4.2500000000 -20.7543850000 -10.8141610000
4.2500000000 -14.2648150000 -3.0769030000
4.2500000000 -28.3648000000 -11.0225400000
4.2500000000 -18.4368880000 -8.6312800000
4.2500000000 -11.2283560000 -3.3865020000
4.2500000000 -29.9484670000 -5.7760610000
4.2500000000 -5.9606430000 -0.5009800000
4.2500000000 -25.1402010000 -13.7596910000
4.2500000000 -5.1277020000 -4.5177220000
4.2500000000 -16.7736750000 -0.6000330000
4.2500000000 -20.7126250000 -0.6485600000
4.2500000000 -19.5723780000 -6.8134790000
4.2500000000 -38.5117260000 -14.9808530000
4.2500000000 -14.7155950000 -7.3691960000
4.2500000000 -12.7919400000 -5.4557330000
4.2500000000 -30.6051590000 -4.2848550000
4.2500000000 -27.3658620000 -11.1351560000
4.2500000000 -1.7968980000 -2.6165730000
4.2500000000 -13.2317530000 -4.9499420000
4.2500000000 -4.4645100000 -4.3900460000
4.2500000000 -32.0085690000 -13.9472240000
4.2500000000 -41.0175830000 -14.9814020000
4.2500000000 -43.5185570000 -14.9836410000
4.2500000000 -8.8363030000 -2.4755990000
4.2500000000 -26.7497020000 -10.1792780000
4.2500000000 -29.7167680000 -0.4872650000
4.2500000000 -3.7495780000 -5.6847190000
4.2500000000 -23.3093360000 -11.1226210000
4.2500000000 -26.4926770000 -10.8311030000
4.2500000000 -28.2943110000 -4.0042250000
4.2500000000 -32.1241990000 -14.9495950000
4.2500000000 -28.6173950000 -2.8470910000
4.2500000000 -22.2274800000 -2.0496870000
4.2500000000 -7.8272840000 -0.5326970000
4.2500000000 -26.6634240000 -9.0105620000
4.2500000000 -21.5826210000 -4.7715370000
4.2500000000 -16.3142230000 -1.5163680000
4.2500000000 -20.1138570000 -2.8946720000
4.2500000000 -5.8624730000 -2.0187390000
4.2500000000 -29.6573520000 -8.6529170000
4.2500000000 -29.1890330000 -7.5839840000
4.2500000000 -28.9824410000 -11.9146880000
4.2500000000 -7.9893600000 -7.4095840000
4.2500000000 -16.7737820000 -5.7545250000
4.2500000000 -29.9309170000 -12.3870710000
4.2500000000 -23.6551850000 -12.5775980000
4.2500000000 -36.7485450000 -12.9252720000
4.2500000000 -13.7533310000 -1.8819710000
4.2500000000 -17.2016090000 -3.5158320000
4.2500000000 -26.0480960000 -14.1353200000
4.2500000000 -44.7497310000 -11.9554840000
4.2500000000 -8.5090990000 -6.4544470000
4.2500000000 -42.2679580000 -11.9553920000
4.2500000000 -39.7843820000 -11.9554670000
4.2500000000 -39.5004040000 -14.8621770000
4.2500000000 -30.5845650000 -8.9785370000
4.2500000000 -11.8219870000 -5.8645890000
4.2500000000 -5.2262350000 -3.4611710000
4.2500000000 -29.8665850000 -1.4567510000
4.2500000000 -41.9986820000 -14.8625220000
4.2500000000 -43.1631330000 -13.9261300000
4.2500000000 -9.2484370000 -2.9661340000
4.2500000000 -14.8331830000 -5.9088280000
4.2500000000 -28.1569100000 -5.4900120000
4.2500000000 -28.0688970000 -8.2568110000
4.2500000000 -31.5528770000 -10.5835440000
4.2500000000 -47.9936170000 -12.9745240000
4.2500000000 -40.6787130000 -13.9221940000
4.2500000000 -3.3014460000 -3.1160450000
4.2500000000 -31.4462850000 -0.5513630000
4.2500000000 -24.7647170000 -1.7365950000
4.2500000000 -14.7648450000 -0.5238390000
4.2500000000 -17.0367240000 -2.5144760000
4.2500000000 -21.0828710000 -8.8183790000
4.2500000000 -38.2101150000 -13.9221620000
4.2500000000 -9.8985400000 -6.3588300000
4.2500000000 -16.8777270000 -1.3695370000
4.2500000000 -21.1936820000 -7.7311610000
4.2500000000 -31.3180830000 -14.4304380000
4.2500000000 -30.8664680000 -1.4867360000
4.2500000000 -27.2643110000 -1.5841570000
4.2500000000 -17.1785740000 -4.5389950000
4.2500000000 -4.6756470000 -0.4051480000
4.2500000000 -27.9418670000 -1.3370000000
4.2500000000 -13.1099700000 -5.9491200000
4.2500000000 -18.2404380000 -4.1821860000
4.2500000000 -28.6343230000 -4.7712150000
4.2500000000 -20.5892930000 -6.8058680000
4.2500000000 -20.4576470000 -3.5134820000
4.2500000000 -25.1474570000 -11.0356620000
4.2500000000 -29.1133420000 -8.5051680000
4.2500000000 -30.5356710000 -14.4275510000
4.2500000000 -31.5476010000 -6.9812720000
4.2500000000 -20.4681420000 -6.2568330000
4.2500000000 -4.8291120000 -2.3318900000
4.2500000000 -35.4836370000 -13.3742210000
4.2500000000 -22.7992500000 -11.9770930000
4.2500000000 -7.6472930000 -1.4171010000
4.2500000000 -30.9044280000 -12.1542700000
4.2500000000 -31.5058470000 -9.3064450000
4.2500000000 -22.1967970000 -7.5741120000
4.2500000000 -30.7116490000 -10.0708510000
4.2500000000 -28.1334580000 -6.3480890000
4.2500000000 -24.8648110000 -14.6448780000
4.2500000000 -21.2804510000 -0.5468270000
4.2500000000 -23.5895280000 -6.1415390000
4.2500000000 -27.2872740000 -15.0361900000
4.2500000000 -26.2810120000 -1.8099560000
4.2500000000 -29.3868500000 -14.3790720000
4.2500000000 -35.9375000000 -15.0511510000
4.2500000000 -4.3703010000 -3.4981130000
4.2500000000 -33.6520780000 -13.4961740000
4.2500000000 -18.5763980000 -0.3991420000
4.2500000000 -25.1541750000 -3.4232200000
4.2500000000 -21.6069640000 -1.3005350000
4.2500000000 -32.1925590000 -11.9887160000
4.2500000000 -15.8913710000 -1.1141510000
4.2500000000 -28.0086420000 -3.1750780000
4.2500000000 -13.7500890000 -3.0557560000
4.2500000000 -4.0893700000 -7.5643780000
4.2500000000 -19.3043080000 -4.5261590000
4.2500000000 -24.6788550000 -4.9501940000
4.2500000000 -25.5395210000 -7.8792710000
4.2500000000 -7.9558830000 -6.7157420000
4.2500000000 -23.1048700000 -5.8100590000
4.2500000000 -3.0597120000 -4.6986190000
4.2500000000 -22.9673030000 -3.4921540000
4.2500000000 -48.7348610000 -13.8190870000
4.2500000000 -20.4706850000 -9.6944940000
4.2500000000 -45.8481070000 -11.9713190000
4.2500000000 -43.4827590000 -11.9377380000
4.2500000000 -3.4367560000 -0.4662200000
4.2500000000 -5.6912860000 -6.1930080000
4.2500000000 -41.0000000000 -11.9374240000
4.2500000000 -38.5172410000 -11.9371300000
4.2500000000 -29.4228920000 -9.4954700000
4.2500000000 -23.4172160000 -1.1045970000
4.2500000000 -21.5662290000 -11.6720530000
4.2500000000 -12.2990200000 -7.4907870000
4.2500000000 -10.5204460000 -4.4047230000
4.2500000000 -8.6337640000 -4.4596980000
4.2500000000 -45.9223830000 -15.0173960000
4.2500000000 -29.5305360000 -3.1939370000
4.2500000000 -15.8359340000 -5.6563400000
4.2500000000 -23.1177370000 -4.6311890000
4.2500000000 -18.6939980000 -3.2292380000
4.2500000000 -22.8295100000 -6.7125370000
4.2500000000 -20.0993290000 -9.1211510000
4.2500000000 -7.2721390000 -3.3703300000
4.2500000000 -11.1638730000 -5.2831330000
4.2500000000 -12.5459780000 -0.5395770000
4.2500000000 -20.0340750000 -10.1216020000
4.2500000000 -19.8199530000 -4.6708950000
4.2500000000 -28.5420110000 -13.1053280000
4.2500000000 -30.7415710000 -0.5186400000
4.2500000000 -22.2820210000 -4.2631390000
4.2500000000 -27.3633620000 -7.5625180000
4.2500000000 -31.4594480000 -5.9731780000
4.2500000000 -9.4897920000 -4.0768750000
4.2500000000 -36.1534590000 -11.9385330000
4.2500000000 -21.9556390000 -5.6900180000
4.2500000000 -6.6033570000 -0.5084760000
4.2500000000 -26.9607960000 -14.2333240000
4.2500000000 -23.4214620000 -6.6542390000
4.2500000000 -2.1875000000 -0.4318880000
4.2500000000 -27.8294790000 -9.1138480000
4.2500000000 -6.0566440000 -3.9958490000
4.2500000000 -23.0274030000 -2.5201640000
4.2500000000 -37.7506170000 -14.2007170000
4.2500000000 -8.2960350000 -3.4876240000
4.2500000000 -29.1509890000 -4.0888520000
4.2500000000 -23.1170730000 -7.6244000000
4.2500000000 -19.2244520000 -4.0159800000
4.2500000000 -19.2843840000 -8.4183550000
4.2500000000 -8.5364030000 -7.5337170000
4.2500000000 -28.7457050000 -8.9045360000
4.2500000000 -3.9068390000 -2.4020180000
4.2500000000 -47.5208570000 -12.7700910000
4.2500000000 -2.2037040000 -7.5715850000
4.2500000000 -30.0493780000 -4.1108790000
4.2500000000 -8.9645070000 -6.6878080000
4.2500000000 -26.4471350000 -11.5554690000
4.2500000000 -27.6681070000 -2.3278940000
4.2500000000 -30.2205250000 -8.4043050000
4.2500000000 -20.8316210000 -1.5205950000
4.2500000000 -21.2451890000 -4.3180450000
4.2500000000 -30.7384530000 -2.2146370000
4.2500000000 -10.3888890000 -7.5733590000
4.2500000000 -26.1026000000 -13.2028440000
4.2500000000 -22.7647900000 -9.3212800000
4.2500000000 -13.4527840000 -0.4724650000
4.2500000000 -27.0528410000 -9.7287120000
4.2500000000 -31.7777270000 -12.4045120000
4.2500000000 -40.2603360000 -14.1804750000
4.2500000000 -47.8359510000 -11.9212740000
4.2500000000 -22.3913170000 -11.2513830000
4.2500000000 -47.8528990000 -15.0654690000
4.2500000000 -14.5175660000 -3.5784980000
4.2500000000 -7.9501280000 -3.0445310000
4.2500000000 -23.9882130000 -4.7252500000
4.2500000000 -28.0792510000 -11.8253440000
4.2500000000 -2.2525890000 -5.1297900000
4.2500000000 -21.6843340000 -10.7923960000
4.2500000000 -30.7729120000 -12.6880130000
4.2500000000 -29.3944390000 -6.5428030000
4.2500000000 -28.5120940000 -14.1735370000
4.2500000000 -22.0580060000 -3.8570730000
4.2500000000 -29.6557080000 -7.5479550000
4.2500000000 -42.7476170000 -14.1858270000
4.2500000000 -24.4271070000 -6.3932900000
4.2500000000 -18.2904340000 -4.7844990000
4.2500000000 -28.9111130000 -8.0085460000
4.2500000000 -20.2449320000 -2.2495450000
4.2500000000 -15.0430850000 -1.1004240000
4.2500000000 -19.7606510000 -1.8669870000
4.2500000000 -4.1980660000 -6.5726620000
4.2500000000 -3.7144990000 -6.7715620000
4.2500000000 -19.0259460000 -1.3793290000
4.2500000000 -28.7864070000 -3.7811170000
4.2500000000 -24.4361650000 -2.5159190000
4.2500000000 -12.4097170000 -6.5344130000
4.2500000000 -9.5104290000 -4.7154090000
4.2500000000 -5.1807470000 -5.1549300000
4.2500000000 -5.7324180000 -5.3044320000
4.2500000000 -19.0265460000 -0.4055640000
4.2500000000 -11.8868180000 -3.3263410000
4.2500000000 -43.4118490000 -13.0479910000
4.2500000000 -40.9334870000 -13.0488070000
4.2500000000 -10.3467680000 -4.8839320000
4.2500000000 -38.4313820000 -13.0432410000
4.2500000000 -7.9775910000 -5.2973740000
4.2500000000 -19.6190150000 -3.6959960000
4.2500000000 -28.9466900000 -3.2605190000
4.2500000000 -34.0625000000 -15.0938570000
4.2500000000 -12.8751130000 -3.3197560000
4.2500000000 -28.3698160000 -10.5276060000
4.2500000000 -22.8978620000 -0.3989830000
4.2500000000 -28.8718740000 -6.7081910000
4.2500000000 -16.0572100000 -7.5835930000
4.2500000000 -31.5403910000 -2.2324140000
4.2500000000 -31.4923470000 -3.9116280000
4.2500000000 -27.0807560000 -3.3823320000
4.2500000000 -12.0450580000 -0.5218210000
4.2500000000 -25.9904470000 -2.7736330000
4.2500000000 -25.6294670000 -9.2599970000
4.2500000000 -24.4211600000 -9.0295100000
4.2500000000 -12.3607750000 -1.4465240000
4.2500000000 -27.6231870000 -12.7032950000
4.2500000000 -19.8848620000 -6.2033940000
4.2500000000 -28.2699150000 -2.0785750000
4.2500000000 -15.1563810000 -2.6356100000
4.2500000000 -24.0195410000 -11.7215220000
4.2500000000 -14.0509530000 -1.2579480000
4.2500000000 -49.6208760000 -13.5031060000
4.2500000000 -29.4974750000 -6.0917360000
4.2500000000 -22.8174060000 -8.2910070000
4.2500000000 -5.1184380000 -1.1451750000
4.2500000000 -17.7222670000 -7.0178220000
4.2500000000 -25.3732590000 -8.3585710000
4.2500000000 -5.9867740000 -6.6947720000
4.2500000000 -28.2262130000 -8.7154890000
4.2500000000 -17.6464590000 -4.0096610000
4.2500000000 -24.2861680000 -0.4338280000
4.2500000000 -18.4456880000 -7.6124410000
4.2500000000 -22.1946700000 -8.8555750000
4.2500000000 -9.1559590000 -1.3196370000
4.2500000000 -13.5875590000 -3.9355290000
4.2500000000 -22.5663470000 -5.1886620000
4.2500000000 -6.0373460000 -1.4102100000
4.2500000000 -6.5651560000 -1.3704220000
4.2500000000 -9.8263150000 -6.9176100000
4.2500000000 -34.1729180000 -11.9026840000
4.2500000000 -27.8921980000 -0.4748070000
4.2500000000 -4.1593770000 -0.4613210000
4.2500000000 -23.2892320000 -10.2067360000
4.2500000000 -25.7682910000 -10.2638290000
4.2500000000 -8.0741700000 -1.5593530000
4.2500000000 -31.5669020000 -4.5416320000
4.2500000000 -30.8983920000 -3.8734780000
4.2500000000 -9.1765680000 -0.4983900000
4.2500000000 -25.4818280000 -2.0891630000
4.2500000000 -37.1452850000 -14.9986280000
4.2500000000 -22.4446970000 -1.0863500000
4.2500000000 -16.8833470000 -6.3183110000
4.2500000000 -26.7790870000 -11.9500210000
4.2500000000 -4.9085030000 -5.9981950000
4.2500000000 -27.9487110000 -9.5668600000
4.2500000000 -29.7424810000 -4.8479720000
4.2500000000 -18.5417300000 -5.5903910000
4.2500000000 -28.4456620000 -15.0876400000
4.2500000000 -21.1039210000 -3.2985920000
4.2500000000 -10.7188750000 -6.7794140000
4.2500000000 -27.5615450000 -8.1090870000
4.2500000000 -1.6787900000 -1.0841200000
4.2500000000 -10.9025630000 -5.9176380000
4.2500000000 -17.5624290000 -7.9653000000
4.2500000000 -18.2449350000 -2.5258920000
4.2500000000 -5.7477310000 -3.5253330000
4.2500000000 -26.6083320000 -4.1985450000
4.2500000000 -37.4170000000 -11.9567640000
4.2500000000 -5.6901280000 -2.6483120000
4.2500000000 -28.2150920000 -4.4971660000
4.2500000000 -22.8096120000 -10.9419780000
4.2500000000 -21.3568260000 -9.2690670000
4.2500000000 -45.8771400000 -13.8791230000
4.2500000000 -2.7531030000 -1.1523820000
4.2500000000 -2.7461010000 -6.9133530000
4.2500000000 -17.6954410000 -1.9725800000
4.2500000000 -25.7811080000 -4.1576270000
4.2500000000 -6.4894560000 -7.5829200000
4.2500000000 -25.9484610000 -10.7556030000
4.2500000000 -5.2038920000 -2.8143040000
4.2500000000 -42.9578970000 -15.0626450000
4.2500000000 -19.5311680000 -5.4891320000
4.2500000000 -17.6491200000 -5.6563880000
4.2500000000 -30.4691650000 -10.5536690000
4.2500000000 -5.8066050000 -4.4144450000
4.2500000000 -23.6173960000 -13.5617970000
4.2500000000 -24.8896280000 -12.9588200000
4.2500000000 -47.1911150000 -13.7636860000
4.2500000000 -31.6024310000 -3.3197160000
4.2500000000 -26.3780000000 -13.5981700000
4.2500000000 -17.3213650000 -0.4415310000
4.2500000000 -6.0400220000 -7.6036830000
4.2500000000 -24.2379700000 -10.8568480000
4.2500000000 -21.6882780000 -8.3276820000
4.2500000000 -6.0636180000 -4.9261410000
4.2500000000 -35.2595590000 -11.9624460000
4.2500000000 -1.2246600000 -2.3867090000
4.2500000000 -26.2618680000 -8.5801920000
4.2500000000 -24.1631990000 -14.1912130000
4.2500000000 -24.8341000000 -9.0652760000
4.2500000000 -16.7134630000 -3.5844370000
4.2500000000 -30.0902540000 -13.2865600000
4.2500000000 -31.4335400000 -13.9871770000
4.2500000000 -1.2242670000 -5.6134820000
4.2500000000 -27.0118990000 -1.1552860000
4.2500000000 -29.5659120000 -13.2362750000
4.2500000000 -19.9574830000 -7.1123980000
4.2500000000 -4.5991380000 -7.5186210000
4.2500000000 -31.1263560000 -13.1086670000
4.2500000000 -20.0235120000 -7.5861730000
4.2500000000 -0.4119060000 -2.1144930000
4.2500000000 -29.9632570000 -1.9629390000
4.2500000000 -7.3732160000 -7.5426190000
4.2500000000 -6.4893520000 -5.7930730000
4.2500000000 -26.6186520000 -3.3146030000
4.2500000000 -0.3991750000 -5.8737550000
4.2500000000 -31.5673210000 -7.4699620000
4.2500000000 -29.2368180000 -13.7015020000
4.2500000000 -1.6861100000 -6.9184100000
4.2500000000 -29.8134910000 -6.8140160000
4.2500000000 -19.9350870000 -0.4504150000
4.2500000000 -15.4295690000 -3.2197270000
4.2500000000 -10.3372090000 -0.3762060000
4.2500000000 -15.1186620000 -3.6165080000
4.2500000000 -28.2506510000 -7.4560400000
4.2500000000 -36.2798330000 -13.0615880000
4.2500000000 -25.7608040000 -3.3032380000
4.2500000000 -24.4293990000 -5.5686950000
4.2500000000 -0.4765380000 -0.4741280000
4.2500000000 -11.3971330000 -2.5244030000
4.2500000000 -12.4046670000 -4.4656380000
4.2500000000 -7.8978590000 -4.8114570000
4.2500000000 -10.6785520000 -1.2786130000
4.2500000000 -0.4811340000 -7.5242170000
4.2500000000 -22.7927050000 -10.3724900000
4.2500000000 -27.4737050000 -13.9690360000
4.2500000000 -31.6045730000 -8.8421820000
4.2500000000 -0.3956380000 -3.9984400000
4.2500000000 -14.4798480000 -6.8225210000
4.2500000000 -45.8510250000 -13.0446490000
4.2500000000 -25.1766020000 -10.4163490000
4.2500000000 -27.7285770000 -4.7114940000
4.2500000000 -10.1421440000 -1.2626520000
4.2500000000 -25.5470200000 -1.2317560000
4.2500000000 -18.5321010000 -1.3160750000
4.2500000000 -29.2441070000 -2.3516750000
4.2500000000 -28.4625890000 -0.4038190000
4.2500000000 -37.9589130000 -15.0601170000
4.2500000000 -37.2544890000 -13.3339770000
4.2500000000 -1.0064920000 -7.5304110000
4.2500000000 -19.3213000000 -6.3643870000
4.2500000000 -39.7867530000 -13.3548380000
4.2500000000 -31.0143650000 -13.6030120000
4.2500000000 -42.2143120000 -13.3545760000
4.2500000000 -44.7014670000 -13.3442210000
4.2500000000 -30.9958180000 -9.4617240000
4.2500000000 -14.1666670000 -7.6322370000
4.2500000000 -48.9188180000 -11.9426310000
4.2500000000 -9.2192620000 -5.6092600000
4.2500000000 -48.9175520000 -15.0581970000
4.2500000000 -1.9883580000 -3.6278660000
4.2500000000 -2.1491750000 -4.2626520000
4.2500000000 -8.1511640000 -4.4174350000
4.2500000000 -48.3708920000 -12.6092800000
4.2500000000 -6.5546360000 -4.0196380000
4.2500000000 -23.6194210000 -4.0191380000
4.2500000000 -11.4513240000 -6.2217630000
4.2500000000 -40.4628810000 -15.0571810000
4.2500000000 -25.7727970000 -1.7533060000
4.2500000000 -15.3253010000 -4.0666320000
4.2500000000 -18.6650300000 -7.1034320000
4.2500000000 -32.9923540000 -15.0182570000
4.2500000000 -12.1223960000 -4.8418480000
4.2500000000 -25.2511890000 -7.5617790000
4.2500000000 -29.7437220000 -9.1503780000
4.2500000000 -0.9992690000 -0.4706550000
4.2500000000 -36.5704960000 -11.9163060000
4.2500000000 -26.3602360000 -15.0256950000
4.2500000000 -19.5899670000 -9.8004030000
4.2500000000 -33.7283360000 -14.5392280000
4.2500000000 -20.5850320000 -2.5671820000
4.2500000000 -13.9305610000 -5.6167150000
4.2500000000 -22.7911810000 -12.8616990000
4.2500000000 -7.4512650000 -3.9227430000
4.2500000000 -6.7498900000 -2.5342910000
4.2500000000 -23.9172060000 -2.2999200000
4.2500000000 -18.1384940000 -5.3595970000
4.2500000000 -27.2813020000 -8.4405330000
4.2500000000 -18.9312320000 -4.8762250000
4.2500000000 -29.2754890000 -0.4284590000
4.2500000000 -28.5394180000 -6.3993300000
4.2500000000 -21.7420520000 -1.7418560000
4.2500000000 -22.5022860000 -1.6354600000
4.2500000000 -24.8951730000 -12.0470370000
4.2500000000 -26.9926600000 -9.3529040000
4.2500000000 -16.7501890000 -4.3202960000
4.2500000000 -24.2385190000 -13.2639760000
4.2500000000 -15.3221390000 -5.4189160000
4.2500000000 -22.7398070000 -4.3122090000
4.2500000000 -6.0317170000 -3.0627030000
4.2500000000 -1.2366330000 -1.8182630000
4.2500000000 -20.7818020000 -7.5563000000
4.2500000000 -24.6553010000 -4.1149730000
4.2500000000 -15.8524970000 -1.5974640000
4.2500000000 -11.6225220000 -5.4354470000
4.2500000000 -34.5581200000 -14.3589260000
4.2500000000 -24.6136410000 -7.9424650000
4.2500000000 -1.2364670000 -6.1812910000
4.2500000000 -2.3259640000 -2.8069180000
4.2500000000 -19.9784500000 -1.2789190000
4.2500000000 -7.1642570000 -6.2113580000
4.2500000000 -20.2779860000 -8.3154730000
4.2500000000 -28.8884330000 -11.3311170000
4.2500000000 -14.7264180000 -2.1267970000
4.2500000000 -0.3467420000 -0.9230770000
4.2500000000 -39.0527770000 -15.1395430000
4.2500000000 -30.4817630000 -1.1990720000
4.2500000000 -25.3862070000 -12.6853300000
4.2500000000 -0.3463660000 -7.0769230000
4.2500000000 -18.0415090000 -8.4031070000
4.2500000000 -27.8204220000 -3.8134500000
4.2500000000 -44.0625000000 -15.1516730000
4.2500000000 -15.5301440000 -1.8693520000
4.2500000000 -31.5361840000 -11.4272730000
4.2500000000 -49.0156660000 -13.0761990000
4.2500000000 -32.2756870000 -14.3973440000
4.2500000000 -23.8787020000 -7.9386900000
4.2500000000 -3.6287280000 -1.3012880000
4.2500000000 -41.5531720000 -15.1416060000
4.2500000000 -6.7175650000 -3.5264640000
4.2500000000 -28.3929490000 -7.9134730000
4.2500000000 -26.8501460000 -12.7888960000
4.2500000000 -28.8404980000 -5.7559570000
4.2500000000 -30.4250700000 -2.7489510000
4.2500000000 -33.2788900000 -13.0907530000
4.2500000000 -20.7288080000 -8.4382540000
4.2500000000 -15.6690860000 -2.3565720000
4.2500000000 -30.4948330000 -7.2265240000
4.2500000000 -30.3691070000 -6.1098650000
4.2500000000 -7.9640050000 -3.9654600000
4.2500000000 -17.6902640000 -1.1541290000
4.2500000000 -31.5965090000 -0.9626450000
4.2500000000 -19.8403780000 -5.7178840000
4.2500000000 -21.8556040000 -9.2544180000
4.2500000000 -7.5679420000 -1.0034640000
4.2500000000 -30.5111090000 -11.9093420000
4.2500000000 -14.2664530000 -0.4415850000
4.2500000000 -1.6144970000 -3.1645270000
4.2500000000 -26.6627910000 -0.3430720000
4.2500000000 -30.9083180000 -6.6378700000
4.2500000000 -13.4675830000 -0.9248310000
4.2500000000 -12.9317050000 -7.5182890000
4.2500000000 -5.9464660000 -5.7683010000
4.2500000000 -26.9044740000 -11.0797840000
4.2500000000 -28.8339540000 -1.1483720000
4.2500000000 -38.6313100000 -14.4016190000
4.2500000000 -19.1863420000 -7.1409100000
4.2500000000 -21.0543990000 -6.7929890000
4.2500000000 -47.4423280000 -14.4160540000
4.2500000000 -20.0104870000 -3.8040850000
4.2500000000 -36.0652640000 -14.0090050000
4.2500000000 -20.5503320000 -1.1459720000
4.2500000000 -24.5485290000 -12.3264330000
4.2500000000 -9.9276790000 -2.4401060000
4.2500000000 -11.6345210000 -6.7991260000
4.2500000000 -22.0374710000 -4.6425040000
4.2500000000 -6.7493660000 -0.9881300000
4.2500000000 -44.2410770000 -14.3015570000
4.2500000000 -26.4549060000 -1.2137210000
4.2500000000 -49.5852640000 -12.5259120000
4.2500000000 -25.9099400000 -12.3658770000
4.2500000000 -15.2485780000 -6.2817390000
4.2500000000 -30.2841890000 -12.7912130000
4.2500000000 -29.0511590000 -4.5058840000
4.2500000000 -49.5773550000 -14.5142890000
4.2500000000 -10.1956400000 -5.8328300000
4.2500000000 -25.0324790000 -2.7878990000
4.2500000000 -16.0689480000 -4.9493390000
4.2500000000 -26.4838190000 -2.8787770000
4.2500000000 -41.1317660000 -14.4160360000
4.2500000000 -28.9387740000 -12.8071950000
4.2500000000 -31.1542850000 -3.0376170000
4.2500000000 -4.5856530000 -6.9073110000
4.2500000000 -21.2971880000 -6.1245900000
4.2500000000 -3.5539700000 -4.5295650000
4.2500000000 -9.3687980000 -6.1112160000
4.2500000000 -25.4761620000 -2.5352120000
4.2500000000 -8.7677800000 -4.8810420000
4.2500000000 -19.6304970000 -3.2671300000
4.2500000000 -41.7090630000 -14.3023100000
4.2500000000 -49.6175760000 -11.8640080000
4.2500000000 -17.3915610000 -6.4360170000
4.2500000000 -43.6264020000 -14.4238630000
4.2500000000 -23.1918840000 -1.9491310000
4.2500000000 -1.2231080000 -7.0615820000
4.2500000000 -49.6173120000 -15.1375170000
4.2500000000 -26.7399740000 -1.9833640000
4.2500000000 -27.2400610000 -2.5562290000
4.2500000000 -5.3008650000 -1.8829320000
4.2500000000 -14.0590800000 -6.8053620000
4.2500000000 -20.6788460000 -4.5177130000
4.2500000000 -25.6534340000 -11.0504690000
4.2500000000 -21.7264380000 -2.6452270000
4.2500000000 -1.2947750000 -3.9958790000
4.2500000000 -31.5782510000 -10.1776000000
4.2500000000 -23.5950860000 -7.5597520000
4.2500000000 -44.1034480000 -11.8257420000
4.2500000000 -45.3448280000 -11.8257380000
4.2500000000 -22.0318350000 -9.7579760000
4.2500000000 -41.6206900000 -11.8256520000
4.2500000000 -42.8620690000 -11.8256480000
4.2500000000 -35.2089180000 -13.8323130000
4.2500000000 -39.1379310000 -11.8255670000
4.2500000000 -40.3793100000 -11.8255630000
4.2500000000 -37.9337060000 -11.8321020000
4.2500000000 -27.8861460000 -14.5044420000
4.2500000000 -6.6895140000 -6.2181870000
4.2500000000 -5.1967300000 -7.5737530000
4.2500000000 -39.2065760000 -14.2845600000
4.2500000000 -19.2729830000 -1.7558310000
4.2500000000 -31.6111410000 -8.0667750000
4.2500000000 -26.2689140000 -10.0098100000
4.2500000000 -29.5908420000 -3.9624050000
4.2500000000 -17.2414410000 -5.5158810000
4.2500000000 -18.5883400000 -2.2413480000
4.2500000000 -7.3644120000 -6.6959490000
4.2500000000 -8.9352520000 -4.0982120000
4.2500000000 -1.1916200000 -0.9677420000
4.2500000000 -22.0464510000 -6.3694090000
4.2500000000 -6.4609460000 -2.1750750000
4.2500000000 -44.7987480000 -12.4179220000
4.2500000000 -42.3161320000 -12.4177250000
4.2500000000 -30.1422550000 -11.9991660000
4.2500000000 -2.4654170000 -3.2553450000
4.2500000000 -39.8586710000 -12.4373540000
4.2500000000 -21.9095310000 -12.1191750000
4.2500000000 -5.6892680000 -1.0109810000
4.2500000000 -25.9017660000 -15.1510200000
4.2500000000 -12.6207490000 -1.0520560000
4.2500000000 -12.6409780000 -6.9921570000
4.2500000000 -30.2630860000 -5.1910790000
4.2500000000 -21.5995130000 -10.0894990000
4.2500000000 -30.2171980000 -9.2693660000
4.2500000000 -2.7646180000 -4.2694960000
4.2500000000 -2.6762500000 -5.9296930000
4.2500000000 -28.3487990000 -12.1708020000
4.2500000000 -25.4069770000 -0.3213310000
4.2500000000 -29.7255960000 -10.4032290000
4.2500000000 -3.2838320000 -0.9787040000
4.2500000000 -25.9550540000 -7.8010830000
4.2500000000 -22.5947770000 -2.4829340000
4.2500000000 -13.4195520000 -3.4106870000
4.2500000000 -25.7599770000 -8.7304580000
4.2500000000 -18.7417230000 -3.8311750000
4.2500000000 -38.1838400000 -13.3855170000
4.2500000000 -23.7000450000 -8.3268790000
4.2500000000 -6.4770970000 -6.7488910000
4.2500000000 -20.3567320000 -0.3488000000
4.2500000000 -28.4096070000 -9.6065800000
4.2500000000 -26.4178380000 -14.4983210000
4.2500000000 -9.3618960000 -0.9205680000
4.2500000000 -40.6434700000 -13.3723250000
4.2500000000 -11.7835210000 -1.0688400000
4.2500000000 -37.4984490000 -12.4539360000
4.2500000000 -36.3551050000 -15.0655790000
4.2500000000 -43.1232340000 -13.3708110000
4.2500000000 -31.1581800000 -2.3623140000
4.2500000000 -17.7436870000 -6.0918950000
4.2500000000 -30.8681580000 -5.3277910000
4.2500000000 -23.5327360000 -10.7498440000
4.2500000000 -30.8453980000 -5.7468860000
4.2500000000 -29.8187840000 -11.3930570000
4.2500000000 -45.6007260000 -13.4443450000
4.2500000000 -5.2394410000 -6.2409860000
4.2500000000 -2.9831240000 -6.2989270000
4.2500000000 -24.4237860000 -0.8566200000
4.2500000000 -6.6891280000 -1.7687080000
4.2500000000 -13.3451270000 -1.7139960000
4.2500000000 -14.1959250000 -2.1648880000
4.2500000000 -2.0454880000 -2.0240930000
4.2500000000 -13.3506640000 -6.2661530000
4.2500000000 -21.4683100000 -5.7779310000
4.2500000000 -31.6072830000 -1.7391460000
4.2500000000 -35.4529350000 -14.3743070000
4.2500000000 -28.7658160000 -7.2121120000
4.2500000000 -2.0774910000 -5.9738310000
4.2500000000 -28.7709260000 -14.5522740000
4.2500000000 -17.3175560000 -2.0955570000
-4.2500000000 -26.7286450000 -9.9611760000
-4.2500000000 -18.1433330000 -4.0794260000
-4.2500000000 -3.9585510000 -3.9969060000
-4.2500000000 -14.1696050000 -4.0022040000
-4.2500000000 -8.4544050000 -3.8820030000
-4.2500000000 -28.2571730000 -6.5132080000
-4.2500000000 -23.3794230000 -9.0821100000
-4.2500000000 -28.8271390000 -3.3789350000
-4.2500000000 -28.9347700000 -12.3298140000
-4.2500000000 -19.9779110000 -6.5719890000
-4.2500000000 -11.3122090000 -3.0209920000
-4.2500000000 -26.0368180000 -12.6914140000
-4.2500000000 -29.3094580000 -9.0385600000
-4.2500000000 -25.8990070000 -7.5896360000
-4.2500000000 -6.2232340000 -2.6210500000
-4.2500000000 -6.2242610000 -5.3788940000
-4.2500000000 -10.6622690000 -5.4816090000
-4.2500000000 -16.2805390000 -2.6383920000
-4.2500000000 -20.1372100000 -2.3669500000
-4.2500000000 -16.1531500000 -5.5621650000
-4.2500000000 -24.0674800000 -11.4648320000
-4.2500000000 -21.0569600000 -8.6406160000
-4.2500000000 -2.4139500000 -2.3264080000
-4.2500000000 -2.3384530000 -5.5637500000
-4.2500000000 -12.7022220000 -5.7814450000
-4.2500000000 -31.0308310000 -13.3284530000
-4.2500000000 -29.8488210000 -5.2053540000
-4.2500000000 -26.9233480000 -2.1650290000
-4.2500000000 -48.1120570000 -13.5612070000
-4.2500000000 -13.1811240000 -2.1376690000
-4.2500000000 -9.4256210000 -2.1079150000
-4.2500000000 -27.2430510000 -4.8502480000
-4.2500000000 -20.4280220000 -4.6034370000
-4.2500000000 -46.1384890000 -13.4742480000
-4.2500000000 -18.0054150000 -6.4221630000
-4.2500000000 -32.9194230000 -13.5211850000
-4.2500000000 -43.6299260000 -13.4491090000
-4.2500000000 -41.1464560000 -13.4474640000
-4.2500000000 -38.6627520000 -13.4456830000
-4.2500000000 -36.0463520000 -13.4755420000
-4.2500000000 -22.5068460000 -7.2877330000
-4.2500000000 -4.3166380000 -2.0033200000
-4.2500000000 -18.1409080000 -2.0017930000
-4.2500000000 -8.1720700000 -5.9504600000
-4.2500000000 -4.3174610000 -5.9974120000
-4.2500000000 -30.1216280000 -7.2871980000
-4.2500000000 -30.0841490000 -10.7937080000
-4.2500000000 -30.1766990000 -1.8460110000
-4.2500000000 -27.6107160000 -8.2991460000
-4.2500000000 -27.6472380000 -13.6743420000
-4.2500000000 -22.4793580000 -10.6671750000
-4.2500000000 -25.1547790000 -9.2188660000
-4.2500000000 -1.7122990000 -4.0288090000
-4.2500000000 -14.5463760000 -6.2514810000
-4.2500000000 -28.3156850000 -10.6468640000
-4.2500000000 -7.7116950000 -1.7255290000
-4.2500000000 -24.1638460000 -7.2034310000
-4.2500000000 -21.5842310000 -1.7107420000
-4.2500000000 -30.3653250000 -3.5824580000
-4.2500000000 -19.5134450000 -8.1331970000
-4.2500000000 -14.7608890000 -1.5960220000
-4.2500000000 -28.4670270000 -1.6201450000
-4.2500000000 -12.5042070000 -3.9939400000
-4.2500000000 -24.5165510000 -12.8279410000
-4.2500000000 -34.4274090000 -13.0771900000
-4.2500000000 -25.6821620000 -11.1787380000
-4.2500000000 -29.3385390000 -13.8894040000
-4.2500000000 -26.1380980000 -5.9322420000
-4.2500000000 -21.4488440000 -6.0834490000
-4.2500000000 -10.1181460000 -3.8738740000
-4.2500000000 -16.7538000000 -4.2560080000
-4.2500000000 -27.3031060000 -11.9770790000
-4.2500000000 -10.9268720000 -1.6073390000
-4.2500000000 -25.5398940000 -1.5519800000
-4.2500000000 -5.4885210000 -3.9784620000
-4.2500000000 -9.5855310000 -6.6076690000
-4.2500000000 -25.5350910000 -14.0480450000
-4.2500000000 -11.5615690000 -6.5529460000
-4.2500000000 -6.9819480000 -3.8731180000
-4.2500000000 -19.0193440000 -5.2486590000
-4.2500000000 -30.5798020000 -8.5376050000
-4.2500000000 -21.2264860000 -10.0359290000
-4.2500000000 -44.7241380000 -12.8601840000
-4.2500000000 -42.2413790000 -12.8598290000
-4.2500000000 -39.7204030000 -12.8668880000
-4.2500000000 -37.2758620000 -12.8591900000
-4.2500000000 -26.7006800000 -3.3512440000
-4.2500000000 -30.7742640000 -12.0389520000
-4.2500000000 -5.5864890000 -1.3616670000
-4.2500000000 -6.9389220000 -6.5495260000
-4.2500000000 -28.4982880000 -5.2193770000
-4.2500000000 -1.3607580000 -1.3794720000
-4.2500000000 -1.3647910000 -6.6208780000
-4.2500000000 -28.8403760000 -7.7397130000
-4.2500000000 -16.8938370000 -1.3149610000
-4.2500000000 -9.2157580000 -5.1359750000
-4.2500000000 -5.4230820000 -6.6718010000
-4.2500000000 -19.3630660000 -1.3576470000
-4.2500000000 -22.8722740000 -1.3128970000
-4.2500000000 -37.1404660000 -14.0988040000
-4.2500000000 -39.7527240000 -14.0993990000
-4.2500000000 -42.2445100000 -14.1009770000
-4.2500000000 -44.8012800000 -14.0727710000
-4.2500000000 -16.7536910000 -6.6972850000
-4.2500000000 -21.0835550000 -7.3192880000
-4.2500000000 -27.0664570000 -7.0852760000
-4.2500000000 -26.3518950000 -8.7374190000
-4.2500000000 -30.6916340000 -6.0953040000
-4.2500000000 -20.9996560000 -3.4398070000
-4.2500000000 -12.1380370000 -1.3369430000
-4.2500000000 -3.1577250000 -1.4330220000
-4.2500000000 -18.3930550000 -7.5171650000
-4.2500000000 -3.2264370000 -6.7800110000
-4.2500000000 -24.2060690000 -10.0107760000
-4.2500000000 -14.9594140000 -2.9465120000
-4.2500000000 -19.3541740000 -3.5432370000
-4.2500000000 -17.4011090000 -5.0830150000
-4.2500000000 -22.9336630000 -11.8730460000
-4.2500000000 -15.3897900000 -4.4471910000
-4.2500000000 -28.0892740000 -9.5089760000
-4.2500000000 -31.7487610000 -14.2769550000
-4.2500000000 -24.0134500000 -1.2461080000
-4.2500000000 -11.2740570000 -4.3086880000
-4.2500000000 -17.3960880000 -3.0842410000
-4.2500000000 -46.9922520000 -12.7605460000
-4.2500000000 -30.8513260000 -9.7709390000
-4.2500000000 -46.9908650000 -14.2398090000
-4.2500000000 -33.8757910000 -14.2481670000
-4.2500000000 -22.0890010000 -9.3148880000
-4.2500000000 -1.2107390000 -2.9028340000
-4.2500000000 -1.2310820000 -5.0234380000
-4.2500000000 -2.9210710000 -3.6008510000
-4.2500000000 -32.0134440000 -12.6955210000
-4.2500000000 -3.4507950000 -5.1128620000
-4.2500000000 -34.9435770000 -14.3604810000
-4.2500000000 -8.3045420000 -2.7255240000
-4.2500000000 -24.3599850000 -8.2652820000
-4.2500000000 -29.4333140000 -6.2647470000
-4.2500000000 -7.3933070000 -5.0221550000
-4.2500000000 -13.9128570000 -5.3521790000
-4.2500000000 -13.4012950000 -6.7701200000
-4.2500000000 -20.0162300000 -9.2050930000
-4.2500000000 -15.6224010000 -6.9566280000
-4.2500000000 -48.8992990000 -12.6164790000
-4.2500000000 -48.9626210000 -14.4573160000
-4.2500000000 -25.1111930000 -6.2773910000
-4.2500000000 -20.4012130000 -1.2446830000
-4.2500000000 -26.7107360000 -14.3386680000
-4.2500000000 -4.7333970000 -3.1047730000
-4.2500000000 -4.5913240000 -4.9097700000
-4.2500000000 -30.8631650000 -4.6217750000
-4.2500000000 -27.3001050000 -5.9115820000
-4.2500000000 -8.7623700000 -1.1751710000
-4.2500000000 -6.7039290000 -1.1476820000
-4.2500000000 -30.3504770000 -14.4406570000
-4.2500000000 -27.6499270000 -3.0950280000
-4.2500000000 -27.4443390000 -1.1262460000
-4.2500000000 -30.9235100000 -1.1960890000
-4.2500000000 -12.4930340000 -2.9370730000
-4.2500000000 -15.8360900000 -1.1166160000
-4.2500000000 -13.7906880000 -1.1332820000
-4.2500000000 -21.3105890000 -4.9448920000
-4.2500000000 -11.7100460000 -5.3147020000
-4.2500000000 -30.9844460000 -2.7593300000
-4.2500000000 -35.4080620000 -12.5201330000
-4.2500000000 -33.4669220000 -12.5405840000
-4.2500000000 -26.8342930000 -11.0795160000
-4.2500000000 -29.9402010000 -12.7746090000
-4.2500000000 -23.2790930000 -6.5482500000
-4.2500000000 -29.1287200000 -4.4381420000
-4.2500000000 -9.8319910000 -1.1114970000
-4.2500000000 -10.1537740000 -2.8893980000
-4.2500000000 -23.2315920000 -7.9909770000
-4.2500000000 -29.2862400000 -10.2146360000
-4.2500000000 -25.8990880000 -2.5570380000
-4.2500000000 -20.5452470000 -5.5820100000
-4.2500000000 -28.4824780000 -14.4883910000
-4.2500000000 -29.4743340000 -1.0508990000
-4.2500000000 -26.1908870000 -5.0167610000
-4.2500000000 -25.0487490000 -11.9564130000
-4.2500000000 -25.7847440000 -10.1189000000
-4.2500000000 -7.2845460000 -2.8256980000
-4.2500000000 -10.5404250000 -6.9010590000
-4.2500000000 -13.8821570000 -2.9638600000
-4.2500000000 -22.0137200000 -8.1957670000
-4.2500000000 -3.3907350000 -2.5368110000
-4.2500000000 -28.1145210000 -4.1708470000
-4.2500000000 -23.3485770000 -12.6844160000
-4.2500000000 -19.0521010000 -2.6055410000
-4.2500000000 -29.1658780000 -11.2315510000
-4.2500000000 -8.5819260000 -7.0012320000
-4.2500000000 -18.9580470000 -6.6415340000
-4.2500000000 -31.0181650000 -7.6144050000
-4.2500000000 -29.1526930000 -2.3591410000
-4.2500000000 -38.0693580000 -14.5608560000
-4.2500000000 -4.5803880000 -0.9463400000
-4.2500000000 -17.9527380000 -0.9995620000
-4.2500000000 -40.6004680000 -14.5417440000
-4.2500000000 -45.9179100000 -12.5415860000
-4.2500000000 -2.5178820000 -4.6738840000
-4.2500000000 -43.4775290000 -12.5413380000
-4.2500000000 -40.9943700000 -12.5410880000
-4.2500000000 -43.0765350000 -14.5649730000
-4.2500000000 -38.5110470000 -12.5412300000
-4.2500000000 -45.8986370000 -14.4706620000
-4.2500000000 -9.2672340000 -3.2683800000
-4.2500000000 -32.8019230000 -14.5087010000
-4.2500000000 -26.3897180000 -1.0048720000
-4.2500000000 -4.1290440000 -7.0514000000
-4.2500000000 -36.2463960000 -14.5541580000
-4.2500000000 -31.0310380000 -11.0535130000
-4.2500000000 -28.0157080000 -12.6518540000
-4.2500000000 -12.4334450000 -7.0012680000
-4.2500000000 -15.1690230000 -5.4591200000
-4.2500000000 -21.7067540000 -2.7259670000
-4.2500000000 -23.4082490000 -10.6932260000
-4.2500000000 -29.6372510000 -8.1437110000
-4.2500000000 -27.1332030000 -12.8507220000
-4.2500000000 -15.8233130000 -3.4323330000
-4.2500000000 -2.2654920000 -0.9592400000
-4.2500000000 -21.5145460000 -10.9316970000
-4.2500000000 -2.2656110000 -7.0435550000
-4.2500000000 -24.6918620000 -13.8688240000
-4.2500000000 -36.3824270000 -12.4727150000
-4.2500000000 -47.9067590000 -12.4271400000
-4.2500000000 -22.3540070000 -5.9539910000
-4.2500000000 -24.8378420000 -10.7220670000
-4.2500000000 -47.8974630000 -14.5643370000
-4.2500000000 -5.3446630000 -5.7520560000
-4.2500000000 -11.8616370000 -2.2138040000
-4.2500000000 -49.1526320000 -13.5000000000
-4.2500000000 -5.2573500000 -2.2693790000
-4.2500000000 -25.2587110000 -8.2865060000
-4.2500000000 -27.2260820000 -9.1593310000
-4.2500000000 -27.9630460000 -7.4412070000
-4.2500000000 -28.2742910000 -11.5869940000
-4.2500000000 -20.4007820000 -7.9467000000
-4.2500000000 -17.5001010000 -7.2308010000
-4.2500000000 -28.4923690000 -8.6547570000
-4.2500000000 -22.9678580000 -9.8694000000
-4.2500000000 -8.3248210000 -4.9089670000
-4.2500000000 -18.3396320000 -3.1863630000
-4.2500000000 -26.7664570000 -7.9435710000
-4.2500000000 -18.6485350000 -8.3611410000
-4.2500000000 -26.2969690000 -11.8356330000
-4.2500000000 -14.6275970000 -7.1492300000
-4.2500000000 -22.0491130000 -0.9146470000
-4.2500000000 -0.8830310000 -3.9971240000
-4.2500000000 -27.4877760000 -10.5386820000
-4.2500000000 -6.3758150000 -4.5004850000
-4.2500000000 -13.3178750000 -3.6790320000
-4.2500000000 -25.3604630000 -13.1864960000
-4.2500000000 -28.5465140000 -13.4734370000
-4.2500000000 -7.6565890000 -7.0962560000
-4.2500000000 -29.9360870000 -2.8050770000
-4.2500000000 -17.0969000000 -2.2773820000
-4.2500000000 -7.7967180000 -0.8298830000
-4.2500000000 -12.9992820000 -4.8942540000
-4.2500000000 -12.9574760000 -0.8933540000
-4.2500000000 -26.3028630000 -13.5600340000
-4.2500000000 -29.8736690000 -11.7924700000
-4.2500000000 -0.8478480000 -2.0784030000
-4.2500000000 -27.5438920000 -14.6363600000
-4.2500000000 -0.8475200000 -5.9214640000
-4.2500000000 -22.3821540000 -2.0483760000
-4.2500000000 -6.8763330000 -2.0504790000
-4.2500000000 -22.0745440000 -11.6013400000
-4.2500000000 -19.0050720000 -4.3739120000
-4.2500000000 -24.1699100000 -6.2684480000
-4.2500000000 -27.7487860000 -2.1224080000
-4.2500000000 -2.0470570000 -3.1027380000
-4.2500000000 -24.7584280000 -1.9125920000
-4.2500000000 -31.0861040000 -5.3962860000
-4.2500000000 -24.9747340000 -0.8570660000
-4.2500000000 -24.2864880000 -9.2035290000
-4.2500000000 -25.0431470000 -7.1977690000
-4.2500000000 -11.4052190000 -0.8655570000
-4.2500000000 -29.9724680000 -9.5106700000
-4.2500000000 -17.2006140000 -5.9611120000
-4.2500000000 -20.8031360000 -2.3170980000
-4.2500000000 -31.1787980000 -3.7879130000
-4.2500000000 -20.3300850000 -10.0147720000
-4.2500000000 -26.2570630000 -6.8273220000
-4.2500000000 -14.2020140000 -2.0844790000
-4.2500000000 -18.2399400000 -4.9980530000
-4.2500000000 -19.4781080000 -7.3980880000
-4.2500000000 -6.2412790000 -3.4958640000
-4.2500000000 -32.6732300000 -12.4236930000
-4.2500000000 -6.1806730000 -7.2043480000
-4.2500000000 -29.2117150000 -7.0547060000
-4.2500000000 -38.9886190000 -14.7057980000
-4.2500000000 -19.2209950000 -8.9636300000
-4.2500000000 -14.5333580000 -4.6884460000
-4.2500000000 -43.9983060000 -14.7206840000
-4.2500000000 -19.6400540000 -5.8148860000
-4.2500000000 -31.1896550000 -6.8082650000
-4.2500000000 -41.4920720000 -14.7093970000
-4.2500000000 -14.7453720000 -0.8802870000
-4.2500000000 -29.9861810000 -4.3210820000
-4.2500000000 -9.2925530000 -4.2300090000
-4.2500000000 -10.0237620000 -4.8127730000
-4.2500000000 -15.3657790000 -2.2302500000
-4.2500000000 -29.7200020000 -14.6493390000
-4.2500000000 -21.7491130000 -6.8267860000
-4.2500000000 -7.0016910000 -5.6913070000
-4.2500000000 -29.5352160000 -3.5977440000
-4.2500000000 -28.5465120000 -0.7816030000
-4.2500000000 -34.1862750000 -12.4641380000
-4.2500000000 -20.2069270000 -3.7048540000
-4.2500000000 -11.7907200000 -3.7180520000
-4.2500000000 -27.3136640000 -3.9032860000
-4.2500000000 -21.3621880000 -4.1949590000
-4.2500000000 -7.7389420000 -3.4890230000
-4.2500000000 -24.1481120000 -12.1656430000
-4.2500000000 -3.9277620000 -3.1024800000
-4.2500000000 -13.6900760000 -6.0022990000
-4.2500000000 -20.8314910000 -6.5076370000
-4.2500000000 -35.2068940000 -13.4597650000
-4.2500000000 -31.1615100000 -1.8275450000
-4.2500000000 -33.5343170000 -13.5378980000
-4.2500000000 -25.4338280000 -5.6380950000
-4.2500000000 -31.1824830000 -9.1540400000
-4.2500000000 -23.9315910000 -13.4486030000
-4.2500000000 -37.7052420000 -13.5826390000
-4.2500000000 -17.4164060000 -4.1920160000
-4.2500000000 -18.6762430000 -0.8135330000
-4.2500000000 -31.1801310000 -14.6908040000
-4.2500000000 -8.5197760000 -1.7543210000
-4.2500000000 -10.7291710000 -3.7791030000
-4.2500000000 -30.0661860000 -13.4718810000
-4.2500000000 -16.5911170000 -4.8134740000
-4.2500000000 -5.5866720000 -4.8581080000
-4.2500000000 -23.5346200000 -0.7916920000
-4.2500000000 -0.7560680000 -0.8453250000
-4.2500000000 -40.1984230000 -13.5762780000
-4.2500000000 -9.8205230000 -5.7149770000
-4.2500000000 -8.8828940000 -5.9600400000
-4.2500000000 -21.2791300000 -0.8141660000
-4.2500000000 -16.6755010000 -3.1540450000
-4.2500000000 -14.9539800000 -3.7657380000
-4.2500000000 -26.1053850000 -4.1277330000
-4.2500000000 -3.1946780000 -5.7777710000
-4.2500000000 -0.7612680000 -7.1544760000
-4.2500000000 -42.6845130000 -13.5724450000
-4.2500000000 -3.8766720000 -0.9037030000
-4.2500000000 -26.1155650000 -14.7374830000
-4.2500000000 -3.2819980000 -4.1291940000
-4.2500000000 -45.1585420000 -13.5416550000
-4.2500000000 -22.6836740000 -8.4420340000
-4.2500000000 -10.2076820000 -1.9779460000
-4.2500000000 -6.1623860000 -6.1143820000
-4.2500000000 -5.0089210000 -7.1176750000
-4.2500000000 -29.2715540000 -12.8767600000
-4.2500000000 -30.1473700000 -0.7950510000
-4.2500000000 -44.2120740000 -13.6829700000
-4.2500000000 -22.1480730000 -5.4252310000
-4.2500000000 -21.9285490000 -9.9761250000
-4.2500000000 -41.7150220000 -13.6878750000
-4.2500000000 -23.4422390000 -1.6959330000
-4.2500000000 -31.6105880000 -13.5800850000
-4.2500000000 -10.4291310000 -0.8251250000
-4.2500000000 -39.3036290000 -13.5294400000
-4.2500000000 -24.9288960000 -9.9010800000
-4.2500000000 -31.4446890000 -12.0273780000
-4.2500000000 -10.7521920000 -6.1762130000
-4.2500000000 -36.7746090000 -13.4575360000
-4.2500000000 -20.8334550000 -9.3452270000
-4.2500000000 -5.5675400000 -3.0998730000
-4.2500000000 -19.8409270000 -0.7869220000
-4.2500000000 -7.6517480000 -4.4230240000
-4.2500000000 -9.7354500000 -7.2835570000
-4.2500000000 -45.3640270000 -12.2682800000
-4.2500000000 -44.1887930000 -12.3507030000
-4.2500000000 -42.8882320000 -12.2686800000
-4.2500000000 -41.7058270000 -12.3500360000
-4.2500000000 -40.4053020000 -12.2690980000
-4.2500000000 -39.2173820000 -12.3505000000
-4.2500000000 -37.7948150000 -12.3005620000
-4.2500000000 -6.0291800000 -0.7674290000
-4.2500000000 -10.9983370000 -2.5192840000
-4.2500000000 -46.7451220000 -13.4999470000
-4.2500000000 -25.7984630000 -3.2565170000
-4.2500000000 -12.0166750000 -4.8402140000
-4.2500000000 -16.2620420000 -7.2262810000
-4.2500000000 -25.1050580000 -14.8056120000
-4.2500000000 -26.2044230000 -9.5366080000
-4.2500000000 -4.7646480000 -3.8800570000
-4.2500000000 -26.8015710000 -5.3575280000
-4.2500000000 -29.1756870000 -5.5146560000
-4.2500000000 -26.2523410000 -1.7793700000
-4.2500000000 -34.4955380000 -14.7645410000
-4.2500000000 -28.4090610000 -2.5356390000
-4.2500000000 -1.6141190000 -2.0945420000
-4.2500000000 -31.1606920000 -10.2952030000
-4.2500000000 -18.6930700000 -5.9337770000
-4.2500000000 -1.6138950000 -5.9049980000
-4.2500000000 -28.0702230000 -5.8263610000
-4.2500000000 -45.3232870000 -14.8074320000
-4.2500000000 -16.2863800000 -1.7046310000
-4.2500000000 -16.1579000000 -6.2164100000
-4.2500000000 -16.4895540000 -0.7500370000
-4.2500000000 -11.6481480000 -7.3017850000
-4.2500000000 -19.9624300000 -1.7089570000
-4.2500000000 -25.6977470000 -0.7588930000
-4.2500000000 -23.4728090000 -7.2331330000
-4.2500000000 -19.7517710000 -5.0908170000
-4.2500000000 -20.3444980000 -7.3419260000
-4.2500000000 -31.3857280000 -8.3526450000
-4.2500000000 -27.8128570000 -11.3233810000
-4.2500000000 -20.8181620000 -10.5911440000
-4.2500000000 -30.2089920000 -6.5472840000
-4.2500000000 -6.1152080000 -1.8954160000
-4.2500000000 -5.2577870000 -0.7141210000
-4.2500000000 -12.2117120000 -6.3225390000
-4.2500000000 -17.2274770000 -0.6812600000
-4.2500000000 -31.0293760000 -12.6417690000
-4.2500000000 -34.4979440000 -13.8595660000
-4.2500000000 -13.5495060000 -4.3977500000
-4.2500000000 -1.6732520000 -0.5577650000
-4.2500000000 -26.3828600000 -10.5269140000
-4.2500000000 -1.6845540000 -7.4421880000
-4.2500000000 -27.5173560000 -9.8090380000
-4.2500000000 -2.5061050000 -1.6452430000
-4.2500000000 -13.9918280000 -7.2560700000
-4.2500000000 -28.7873940000 -9.5208990000
-4.2500000000 -2.4676000000 -6.4133220000
-4.2500000000 -30.0667760000 -8.9148590000
-4.2500000000 -30.0747560000 -5.8255810000
-4.2500000000 -15.2016600000 -6.1313140000
-4.2500000000 -1.8147700000 -4.7163750000
-4.2500000000 -32.2415860000 -14.8708400000
-4.2500000000 -27.5732740000 -6.6097200000
-4.2500000000 -26.9419060000 -2.8760290000
-4.2500000000 -4.1537180000 -5.2909980000
-4.2500000000 -46.5149890000 -14.8088840000
-4.2500000000 -21.3503680000 -7.7730640000
-4.2500000000 -33.3980210000 -14.8370360000
-4.2500000000 -25.7316890000 -12.1635510000
-4.2500000000 -46.5308400000 -12.1923100000
-4.2500000000 -3.5191000000 -7.3378490000
-4.2500000000 -18.8508200000 -1.8861540000
-4.2500000000 -13.1596590000 -2.8189730000
-4.2500000000 -12.5686750000 -1.9997380000
-4.2500000000 -27.8215910000 -5.1952180000
-4.2500000000 -28.7419230000 -6.0518140000
-4.2500000000 -26.5889820000 -4.2292270000
-4.2500000000 -0.6223830000 -3.4095930000
-4.2500000000 -0.6189920000 -4.5779980000
-4.2500000000 -30.3971000000 -7.8844500000
-4.2500000000 -49.3072910000 -12.1497210000
-4.2500000000 -21.7432180000 -3.3918580000
-4.2500000000 -22.8712160000 -12.4081630000
-4.2500000000 -49.3148930000 -14.8442740000
-4.2500000000 -31.1607810000 -14.0090620000
-4.2500000000 -4.8128840000 -6.4938050000
-4.2500000000 -26.8203460000 -6.4324820000
-4.2500000000 -37.0334450000 -12.2427000000
-4.2500000000 -37.5305820000 -14.7874670000
-4.2500000000 -2.8498310000 -0.6155410000
-4.2500000000 -3.6425360000 -1.8548650000
-4.2500000000 -40.0713530000 -14.7627590000
-4.2500000000 -35.5891850000 -14.7654100000
-4.2500000000 -42.5693930000 -14.7646110000
-4.2500000000 -17.9503910000 -5.5322310000
-4.2500000000 -37.9286870000 -12.9595010000
-4.2500000000 -9.3082240000 -0.7587460000
-4.2500000000 -7.6349580000 -6.3879000000
-4.2500000000 -26.8624070000 -12.3133280000
-4.2500000000 -21.8493890000 -7.5238470000
-4.2500000000 -26.9423680000 -13.7053520000
-4.2500000000 -36.8326770000 -14.8030110000
-4.2500000000 -4.9133460000 -1.6717820000
-4.2500000000 -22.8878360000 -11.0609910000
-4.2500000000 -40.3853200000 -12.9175930000
-4.2500000000 -30.4136430000 -11.4356900000
-4.2500000000 -6.9849610000 -7.3004920000
-4.2500000000 -25.1596400000 -2.3493660000
-4.2500000000 -24.5791430000 -7.7057330000
-4.2500000000 -25.6540990000 -6.6833510000
-4.2500000000 -21.4364050000 -9.4334980000
-4.2500000000 -42.8401050000 -12.9154090000
-4.2500000000 -25.9388350000 -8.2179030000
-4.2500000000 -45.2676420000 -12.9159440000
-4.2500000000 -28.5589940000 -7.1471490000
-4.2500000000 -31.3405010000 -3.1570430000
-4.2500000000 -23.5868150000 -11.7871150000
-4.2500000000 -20.7434870000 -3.9580930000
-4.2500000000 -14.4509900000 -5.5235200000
-4.2500000000 -11.5624400000 -1.5202860000
-4.2500000000 -12.2313980000 -0.4636420000
-4.2500000000 -10.5651890000 -4.4049810000
-4.2500000000 -19.5196200000 -4.2770440000
-4.2500000000 -7.2314900000 -0.5842780000
-4.2500000000 -23.5984310000 -9.6761440000
-4.2500000000 -18.1052810000 -8.0009260000
-4.2500000000 -20.0671580000 -8.4875870000
-4.2500000000 -11.0506830000 -4.9841470000
-4.2500000000 -17.7183990000 -1.5939180000
-4.2500000000 -49.4331970000 -14.0488640000
-4.2500000000 -49.4672910000 -13.0108030000
-4.2500000000 -47.3125330000 -12.1559230000
-4.2500000000 -29.4623380000 -1.6992620000
-4.2500000000 -47.2896110000 -14.8692310000
-4.2500000000 -2.4440480000 -3.8970300000
-4.2500000000 -25.7033120000 -8.8456310000
-4.2500000000 -27.9869110000 -0.5431760000
-4.2500000000 -20.6569390000 -2.8525670000
-4.2500000000 -16.0843500000 -4.4586740000
-4.2500000000 -44.0451270000 -12.9918050000
-4.2500000000 -12.9917030000 -7.3591990000
-4.2500000000 -22.9857040000 -0.6390340000
-4.2500000000 -48.4241280000 -12.0768950000
-4.2500000000 -41.5603440000 -12.9909220000
-4.2500000000 -0.6815840000 -1.4691140000
-4.2500000000 -18.9745120000 -7.7795090000
-4.2500000000 -0.6690820000 -6.5383340000
-4.2500000000 -19.9533480000 -3.1676110000
-4.2500000000 -30.5397800000 -5.1598700000
-4.2500000000 -38.9841490000 -12.9529530000
-4.2500000000 -15.3091600000 -0.5652140000
-4.2500000000 -48.4524190000 -14.8937780000
-4.2500000000 -29.1134060000 -8.4116730000
-4.2500000000 -14.7367100000 -2.3088910000
-4.2500000000 -18.3488380000 -6.9332310000
-4.2500000000 -9.0756300000 -7.4054050000
-4.2500000000 -7.7749460000 -2.4113790000
-4.2500000000 -16.8496240000 -7.3550600000
-4.2500000000 -31.3603270000 -6.1789690000
-4.2500000000 -2.8355230000 -7.4030740000
-4.2500000000 -30.6028800000 -10.3978440000
-4.2500000000 -29.0956100000 -14.9628170000
-4.2500000000 -31.3415720000 -0.6599940000
-4.2500000000 -3.6312390000 -6.2445550000
-4.2500000000 -32.2784340000 -13.6842550000
-4.2500000000 -47.4371000000 -13.3241510000
-4.2500000000 -17.6520540000 -3.6740630000
-4.2500000000 -28.3923500000 -10.0491720000
-4.2500000000 -17.9843470000 -2.6988150000
-4.2500000000 -25.0970880000 -12.5862950000
-4.2500000000 -18.7110260000 -3.7618840000
-4.2500000000 -34.7981130000 -12.0681400000
-4.2500000000 -14.4001620000 -3.3414650000
-4.2500000000 -10.1030580000 -6.2958600000
-4.2500000000 -28.1973440000 -7.9987900000
-4.2500000000 -26.8791860000 -1.4610880000
-4.2500000000 -23.9189990000 -7.7828120000
-4.2500000000 -41.2722630000 -13.9547900000
-4.2500000000 -43.7623340000 -13.9544730000
-4.2500000000 -28.1498870000 -3.5221400000
-4.2500000000 -17.4569790000 -6.5556680000
-4.2500000000 -12.3207290000 -5.2775660000
-4.2500000000 -24.1105050000 -10.7256590000
-4.2500000000 -38.7975090000 -13.9205780000
-4.2500000000 -4.0187930000 -4.7102440000
-4.2500000000 -26.9791670000 -8.5590030000
-4.2500000000 -23.7389310000 -8.4944110000
-4.2500000000 -24.0906760000 -0.5237600000
-4.2500000000 -22.6546140000 -7.8825190000
-4.2500000000 -27.3617600000 -7.6810160000
-4.2500000000 -33.2331110000 -14.0707700000
-4.2500000000 -9.0179580000 -2.6524280000
-4.2500000000 -29.4785350000 -10.7231550000
-4.2500000000 -21.6777860000 -8.7786680000
-4.2500000000 -26.9569710000 -0.7147770000
-4.2500000000 -1.3251970000 -3.5714000000
-4.2500000000 -5.6176520000 -7.3005410000
-4.2500000000 -2.8232940000 -2.8061780000
-4.2500000000 -10.9475620000 -7.4270150000
-4.2500000000 -12.8273690000 -6.4510590000
-4.2500000000 -15.6761980000 -5.0541860000
-4.2500000000 -35.6935770000 -14.0821730000
-4.2500000000 -46.3683830000 -14.0466410000
-4.2500000000 -47.5913710000 -13.9908380000
-4.2500000000 -13.2203630000 -1.4571790000
-4.2500000000 -7.0294490000 -4.4120920000
-4.2500000000 -45.4279970000 -14.0663440000
-4.2500000000 -18.3790690000 -1.4212510000
-4.2500000000 -0.6110110000 -2.6385500000
-4.2500000000 -0.6133020000 -5.3491530000
-4.2500000000 -27.8995520000 -8.8580750000
-4.2500000000 -8.3922410000 -0.5816260000
-4.2500000000 -19.4689570000 -2.1014210000
-4.2500000000 -32.5041360000 -13.0839290000
-4.2500000000 -8.7040820000 -3.2648760000
-4.2500000000 -9.3503870000 -1.4533550000
-4.2500000000 -46.3788910000 -12.9537450000
-4.2500000000 -4.1079660000 -1.4081660000
-4.2500000000 -16.8185780000 -5.3798850000
-4.2500000000 -30.5716600000 -9.1820260000
-4.2500000000 -22.6375110000 -6.5783910000
-4.2500000000 -14.1808580000 -0.5640560000
-4.2500000000 -25.0809460000 -11.3156010000
-4.2500000000 -29.4247420000 -2.9343810000
-4.2500000000 -2.7953120000 -5.2752080000
-4.2500000000 -21.0882970000 -5.5429240000
-4.2500000000 -4.3091580000 -2.6463290000
-4.2500000000 -48.6151670000 -13.1787820000
-4.2500000000 -15.3788290000 -7.5368100000
-4.2500000000 -22.7642160000 -9.2139340000
-4.2500000000 -7.5722120000 -5.6857800000
-4.2500000000 -31.3812340000 -9.6797840000
-4.2500000000 -25.5542490000 -5.0057740000
-4.2500000000 -20.7578300000 -5.0710280000
-4.2500000000 -28.5816740000 -4.5910250000
-4.2500000000 -35.9618190000 -12.1130390000
-4.2500000000 -15.6828540000 -2.8206790000
-4.2500000000 -3.4750930000 -3.5840780000
-4.2500000000 -30.5811700000 -6.9170830000
-4.2500000000 -19.7554560000 -9.7673780000
-4.2500000000 -44.5568090000 -14.8762110000
-4.2500000000 -26.4822540000 -7.3495260000
-4.2500000000 -6.6686430000 -3.0564640000
-4.2500000000 -29.8629920000 -10.2186110000
-4.2500000000 -48.2860380000 -14.1724830000
-4.2500000000 -22.3482960000 -12.1104700000
-4.2500000000 -13.4712790000 -0.5615300000
-4.2500000000 -3.0028140000 -2.0670040000
-4.2500000000 -14.0474670000 -6.4755270000
-4.2500000000 -24.6914560000 -14.4648070000
-4.2500000000 -23.0274170000 -2.1601750000
-4.2500000000 -32.0501330000 -12.1605090000
-4.2500000000 -1.2585720000 -4.3861830000
-4.2500000000 -26.6998820000 -14.9411590000
-4.2500000000 -21.0345910000 -1.6766320000
-4.2500000000 -28.6040790000 -12.9032710000
-4.2500000000 -22.2704460000 -2.6440760000
-4.2500000000 -24.7744550000 -8.7679040000
-4.2500000000 -7.4729980000 -1.2208490000
-4.2500000000 -28.6585330000 -3.9945560000
-4.2500000000 -15.4922430000 -1.6272440000
-4.2500000000 -31.4720120000 -4.5537010000
-4.2500000000 -29.3348790000 -4.9406890000
-4.2500000000 -27.8903240000 -1.6308430000
-4.2500000000 -20.3756710000 -0.5638000000
-4.2500000000 -1.7965290000 -5.4197320000
-4.2500000000 -24.7528880000 -5.7077200000
-4.2500000000 -29.5375990000 -7.5515000000
-4.2500000000 -35.9601370000 -12.7779150000
-4.2500000000 -6.6560360000 -5.1006880000
-4.2500000000 -25.4280870000 -10.6616830000
-4.2500000000 -23.4124240000 -13.2958070000
-4.2500000000 -12.8885150000 -3.4604850000
-4.2500000000 -4.7275830000 -5.5298810000
-4.2500000000 -30.6569110000 -1.6630860000
-4.2500000000 -11.1767080000 -5.6790870000
-4.2500000000 -8.5152630000 -5.4972540000
-4.2500000000 -28.3910120000 -12.2129710000
-4.2500000000 -24.1469910000 -1.9130690000
-4.2500000000 -9.6170810000 -2.7111940000
-4.2500000000 -26.8422870000 -11.6623090000
-4.2500000000 -13.2531690000 -5.4610260000
-4.2500000000 -9.8516600000 -3.3392290000
-4.2500000000 -26.3220780000 -3.0194260000
-4.2500000000 -30.2295310000 -15.0289580000
-4.2500000000 -1.8796880000 -1.5774130000
-4.2500000000 -28.8406240000 -6.6063250000
-4.2500000000 -29.0706660000 -0.5547620000
-4.2500000000 -31.4615490000 -11.3582180000
-4.2500000000 -1.8924850000 -6.4238460000
-4.2500000000 -19.2510120000 -0.6488920000
-4.2500000000 -22.9476710000 -6.0078330000
-4.2500000000 -31.4819700000 -1.4151410000
-4.2500000000 -29.7781440000 -11.2943230000
-4.2500000000 -29.9334560000 -1.3501400000
-4.2500000000 -11.8963470000 -2.8421800000
-4.2500000000 -22.1973580000 -1.5064410000
-4.2500000000 -24.5831180000 -6.7319120000
-4.2500000000 -6.6208270000 -0.4998780000
-4.2500000000 -5.1277020000 -4.5177220000
-4.2500000000 -25.6342390000 -6.1800700000
-4.2500000000 -26.0950790000 -14.1063730000
-4.2500000000 -18.9352490000 -3.1741100000
-4.2500000000 -17.0334860000 -3.6623590000
-4.2500000000 -29.6097970000 -12.2870250000
-4.2500000000 -36.4250800000 -13.9386930000
-4.2500000000 -8.1016690000 -1.3294690000
-4.2500000000 -30.4112330000 -3.0437120000
-4.2500000000 -38.5117260000 -14.9808530000
-4.2500000000 -30.5912280000 -4.0565750000
-4.2500000000 -30.4787120000 -12.5259460000
-4.2500000000 -33.6294070000 -11.9795610000
-4.2500000000 -14.2197610000 -1.5433670000
-4.2500000000 -30.3321890000 -2.4879410000
-4.2500000000 -1.7968980000 -2.6165730000
-4.2500000000 -4.4645100000 -4.3900460000
-4.2500000000 -28.0528720000 -14.9176800000
-4.2500000000 -41.0175830000 -14.9814020000
-4.2500000000 -43.5185570000 -14.9836410000
-4.2500000000 -8.0572770000 -7.4040930000
-4.2500000000 -27.4814320000 -12.4861380000
-4.2500000000 -8.6471180000 -6.4617410000
-4.2500000000 -25.6129500000 -9.5437280000
-4.2500000000 -3.7495780000 -5.6847190000
-4.2500000000 -17.5374400000 -7.8022500000
-4.2500000000 -21.5774270000 -11.5289640000
-4.2500000000 -19.4686950000 -6.2773370000
-4.2500000000 -19.9073830000 -7.7164160000
-4.2500000000 -31.4322430000 -2.3843530000
-4.2500000000 -34.8811340000 -12.8274730000
-4.2500000000 -30.5272760000 -13.8227490000
-4.2500000000 -10.3346080000 -7.4026940000
-4.2500000000 -30.6838970000 -0.5762730000
-4.2500000000 -28.2469690000 -13.8724570000
-4.2500000000 -28.7980890000 -13.9352930000
-4.2500000000 -21.8879960000 -4.8388210000
-4.2500000000 -20.5548590000 -8.9272460000
-4.2500000000 -29.8476060000 -14.0480170000
-4.2500000000 -16.6879560000 -6.0310860000
-4.2500000000 -25.2876460000 -7.7343200000
-4.2500000000 -23.5404420000 -11.1994860000
-4.2500000000 -15.9318520000 -0.4923680000
-4.2500000000 -25.9396550000 -5.4339500000
-4.2500000000 -28.8744700000 -10.5769140000
-4.2500000000 -10.4025670000 -1.4678310000
-4.2500000000 -20.3823190000 -6.1682400000
-4.2500000000 -27.5953790000 -13.0390910000
-4.2500000000 -35.0131080000 -14.9621590000
-4.2500000000 -26.2648840000 -11.2248670000
-4.2500000000 -11.6991770000 -5.9733090000
-4.2500000000 -10.7584390000 -3.0964640000
-4.2500000000 -26.9253230000 -10.5331080000
-4.2500000000 -36.5083540000 -13.0022440000
-4.2500000000 -8.8371510000 -4.5216280000
-4.2500000000 -12.7261830000 -2.4702690000
-4.2500000000 -44.7497310000 -11.9554840000
-4.2500000000 -31.6590960000 -14.9677200000
-4.2500000000 -42.2679580000 -11.9553920000
-4.2500000000 -39.7843820000 -11.9554670000
-4.2500000000 -23.8154740000 -6.7111640000
-4.2500000000 -39.5004040000 -14.8621770000
-4.2500000000 -28.7962840000 -11.7333530000
-4.2500000000 -28.6248640000 -11.1667830000
-4.2500000000 -33.0997670000 -12.9836290000
-4.2500000000 -23.6046740000 -6.0281360000
-4.2500000000 -8.1249900000 -6.7169470000
-4.2500000000 -15.6314670000 -5.7596520000
-4.2500000000 -15.6758620000 -3.9171320000
-4.2500000000 -5.2262350000 -3.4611710000
-4.2500000000 -41.9986820000 -14.8625220000
-4.2500000000 -6.1676790000 -1.3204710000
-4.2500000000 -43.1631330000 -13.9261300000
-4.2500000000 -9.8875270000 -0.5107740000
-4.2500000000 -47.9936170000 -12.9745240000
-4.2500000000 -40.6787130000 -13.9221940000
-4.2500000000 -14.3052210000 -2.6844310000
-4.2500000000 -3.3014460000 -3.1160450000
-4.2500000000 -33.8436410000 -12.9953350000
-4.2500000000 -22.1257950000 -11.0964330000
-4.2500000000 -31.3673780000 -7.2084280000
-4.2500000000 -27.1746540000 -15.0182940000
-4.2500000000 -27.6969120000 -4.5985840000
-4.2500000000 -18.5334310000 -2.4106960000
-4.2500000000 -26.6627840000 -9.2341680000
-4.2500000000 -38.1896640000 -13.9174440000
-4.2500000000 -13.8622290000 -3.5283360000
-4.2500000000 -9.0159410000 -3.7742180000
-4.2500000000 -26.5341330000 -13.0567400000
-4.2500000000 -29.3904200000 -9.5798640000
-4.2500000000 -7.8110890000 -2.9751270000
-4.2500000000 -17.6151940000 -2.1962490000
-4.2500000000 -27.1863930000 -3.4426240000
-4.2500000000 -18.5906720000 -5.4492500000
-4.2500000000 -22.4263940000 -9.7186570000
-4.2500000000 -24.8347860000 -13.3443720000
-4.2500000000 -22.0521290000 -6.3587600000
-4.2500000000 -28.8677360000 -1.2216900000
-4.2500000000 -13.9902040000 -4.7340350000
-4.2500000000 -27.3419830000 -1.7987500000
-4.2500000000 -18.9553640000 -7.1811760000
-4.2500000000 -27.4069710000 -2.5066450000
-4.2500000000 -30.4717320000 -13.0915070000
-4.2500000000 -4.6817790000 -0.4350340000
-4.2500000000 -12.2732350000 -7.5079090000
-4.2500000000 -21.4941850000 -10.4245310000
-4.2500000000 -28.6780860000 -2.1724300000
-4.2500000000 -26.4677520000 -2.4793780000
-4.2500000000 -34.0246530000 -14.8984920000
-4.2500000000 -24.9792490000 -1.3877290000
-4.2500000000 -25.6386610000 -2.0545690000
-4.2500000000 -27.3308680000 -14.1604440000
-4.2500000000 -21.6920710000 -0.4885950000
-4.2500000000 -24.5624010000 -11.7365560000
-4.2500000000 -4.7624760000 -2.3300540000
-4.2500000000 -19.3467680000 -9.4703370000
-4.2500000000 -21.8712290000 -2.1591200000
-4.2500000000 -29.7322860000 -2.3444460000
-4.2500000000 -11.0842020000 -6.8272710000
-4.2500000000 -13.6736580000 -2.4462100000
-4.2500000000 -26.6970880000 -5.8732710000
-4.2500000000 -22.9706620000 -10.4360050000
-4.2500000000 -25.3915370000 -2.8740110000
-4.2500000000 -18.2679690000 -0.4616200000
-4.2500000000 -23.9224790000 -12.8789280000
-4.2500000000 -13.7105210000 -1.7800320000
-4.2500000000 -15.0266420000 -6.6661940000
-4.2500000000 -19.6041920000 -2.6685820000
-4.2500000000 -15.2129530000 -1.1463660000
-4.2500000000 -22.2456790000 -8.7890580000
-4.2500000000 -25.9040040000 -13.1666250000
-4.2500000000 -32.3526480000 -14.2603720000
-4.2500000000 -4.3703010000 -3.4981130000
-4.2500000000 -27.3385570000 -5.3764960000
-4.2500000000 -7.2322990000 -3.3721730000
-4.2500000000 -26.1896930000 -0.5222090000
-4.2500000000 -24.1276350000 -13.9670410000
-4.2500000000 -30.8354070000 -3.3904950000
-4.2500000000 -4.0893700000 -7.5643780000
-4.2500000000 -16.9318530000 -2.7166330000
-4.2500000000 -26.7078560000 -4.7048260000
-4.2500000000 -10.9718040000 -0.5155460000
-4.2500000000 -3.0597120000 -4.6986190000
-4.2500000000 -17.8025060000 -4.6713120000
-4.2500000000 -48.7348610000 -13.8190870000
-4.2500000000 -25.4956440000 -11.6478530000
-4.2500000000 -21.0762960000 -11.2194960000
-4.2500000000 -45.8481070000 -11.9713190000
-4.2500000000 -27.8437120000 -10.2132540000
-4.2500000000 -43.4827590000 -11.9377380000
-4.2500000000 -3.4367480000 -0.4662170000
-4.2500000000 -5.6791550000 -6.1641680000
-4.2500000000 -9.7873440000 -1.7191070000
-4.2500000000 -41.0000000000 -11.9374240000
-4.2500000000 -38.5131730000 -11.9776210000
-4.2500000000 -28.1769080000 -1.1411300000
-4.2500000000 -45.9223830000 -15.0173960000
-4.2500000000 -9.0839380000 -6.8402990000
-4.2500000000 -23.6225270000 -10.2109520000
-4.2500000000 -32.8133060000 -15.0433150000
-4.2500000000 -22.6449860000 -5.5522140000
-4.2500000000 -23.2899400000 -12.2043040000
-4.2500000000 -31.5439150000 -10.6595630000
-4.2500000000 -18.7044000000 -8.8812690000
-4.2500000000 -14.8756940000 -4.2972960000
-4.2500000000 -29.6594040000 -0.4801420000
-4.2500000000 -12.6048270000 -1.4132870000
-4.2500000000 -31.5302180000 -5.0811730000
-4.2500000000 -2.1875000000 -0.4318880000
-4.2500000000 -12.5126420000 -4.6686040000
-4.2500000000 -6.0563170000 -3.9958760000
-4.2500000000 -37.7270620000 -14.1894420000
-4.2500000000 -36.0547280000 -15.0458670000
-4.2500000000 -13.5037020000 -7.5141660000
-4.2500000000 -21.1923430000 -2.9019480000
-4.2500000000 -15.0780680000 -4.8793170000
-4.2500000000 -30.3417350000 -4.6718540000
-4.2500000000 -24.6745800000 -12.2545700000
-4.2500000000 -22.9671930000 -7.4606840000
-4.2500000000 -15.3589700000 -3.3676130000
-4.2500000000 -20.4785990000 -1.8648830000
-4.2500000000 -13.0655060000 -4.1494570000
-4.2500000000 -3.9068390000 -2.4020180000
-4.2500000000 -20.8592400000 -5.9768520000
-4.2500000000 -47.5208570000 -12.7700910000
-4.2500000000 -31.5178340000 -12.9862380000
-4.2500000000 -2.2037040000 -7.5715850000
-4.2500000000 -31.4898720000 -7.8156680000
-4.2500000000 -26.2751680000 -10.0359000000
-4.2500000000 -25.1805340000 -13.7293110000
-4.2500000000 -10.0203310000 -6.8289070000
-4.2500000000 -29.1427230000 -14.3756980000
-4.2500000000 -19.3441140000 -4.8362820000
-4.2500000000 -36.5562000000 -11.9789140000
-4.2500000000 -18.4828350000 -4.4819840000
-4.2500000000 -31.5104400000 -5.6660960000
-4.2500000000 -31.5356020000 -8.8352830000
-4.2500000000 -40.2603360000 -14.1804750000
-4.2500000000 -6.8112090000 -2.5227360000
-4.2500000000 -47.8359510000 -11.9212740000
-4.2500000000 -47.8528990000 -15.0654690000
-4.2500000000 -21.2305440000 -6.8257870000
-4.2500000000 -27.5912700000 -7.1149440000
-4.2500000000 -22.2971060000 -0.5065820000
-4.2500000000 -24.6590150000 -9.4791220000
-4.2500000000 -25.6016590000 -12.7349510000
-4.2500000000 -2.2525890000 -5.1297900000
-4.2500000000 -10.5044240000 -4.9478490000
-4.2500000000 -28.7987390000 -9.0410640000
-4.2500000000 -33.0338200000 -11.9750780000
-4.2500000000 -9.5490350000 -3.8091880000
-4.2500000000 -24.5474800000 -11.1894110000
-4.2500000000 -42.7476170000 -14.1858270000
-4.2500000000 -30.3516470000 -9.8575050000
-4.2500000000 -12.1586570000 -5.7452440000
-4.2500000000 -29.7294550000 -6.8827500000
-4.2500000000 -29.3597570000 -11.7780890000
-4.2500000000 -25.7492230000 -4.3820120000
-4.2500000000 -4.1980660000 -6.5726620000
-4.2500000000 -3.7144990000 -6.7715620000
-4.2500000000 -28.0922380000 -13.2553990000
-4.2500000000 -16.3118050000 -3.6766200000
-4.2500000000 -16.3910670000 -1.2321160000
-4.2500000000 -16.1522550000 -3.0892260000
-4.2500000000 -17.7295470000 -0.5146610000
-4.2500000000 -30.8916340000 -8.1050590000
-4.2500000000 -21.0022990000 -4.5623820000
-4.2500000000 -30.6981920000 -5.6499480000
-4.2500000000 -5.1807470000 -5.1549300000
-4.2500000000 -30.5848400000 -7.3965930000
-4.2500000000 -25.9584280000 -1.3063350000
-4.2500000000 -5.7324180000 -5.3044320000
-4.2500000000 -35.3908100000 -11.9349810000
-4.2500000000 -29.5712720000 -13.4366850000
-4.2500000000 -11.4833720000 -2.5292820000
-4.2500000000 -43.4118490000 -13.0479910000
-4.2500000000 -40.9334870000 -13.0488070000
-4.2500000000 -38.4360870000 -13.0508080000
-4.2500000000 -11.9571950000 -6.8876170000
-4.2500000000 -5.5970200000 -1.9183190000
-4.2500000000 -19.1356170000 -8.4749760000
-4.2500000000 -21.5968840000 -1.1712940000
-4.2500000000 -11.2625660000 -3.5305740000
-4.2500000000 -7.9753840000 -5.3002370000
-4.2500000000 -7.2822710000 -2.2069460000
-4.2500000000 -29.9379070000 -3.3002910000
-4.2500000000 -23.8872940000 -9.0920730000
-4.2500000000 -12.0053790000 -4.1976320000
-4.2500000000 -12.2156560000 -3.4306710000
-4.2500000000 -32.0078210000 -13.2052880000
-4.2500000000 -15.9449040000 -2.1972420000
-4.2500000000 -6.5362620000 -7.5474970000
-4.2500000000 -49.6208760000 -13.5031060000
-4.2500000000 -25.2744850000 -0.4757860000
-4.2500000000 -9.6787200000 -5.2098900000
-4.2500000000 -5.0873890000 -1.1678100000
-4.2500000000 -20.8746080000 -8.1772620000
-4.2500000000 -6.0520660000 -6.6664290000
-4.2500000000 -27.3259130000 -10.9706860000
-4.2500000000 -23.3739890000 -1.2185970000
-4.2500000000 -11.6110290000 -0.4632280000
-4.2500000000 -31.0250370000 -11.5827500000
-4.2500000000 -30.5329270000 -10.9201890000
-4.2500000000 -17.0936280000 -4.7082770000
-4.2500000000 -30.0368430000 -8.3176830000
-4.2500000000 -29.6107000000 -8.6509100000
-4.2500000000 -30.7906660000 -2.1613780000
-4.2500000000 -19.8739550000 -1.2693160000
-4.2500000000 -4.1596730000 -0.4631080000
-4.2500000000 -14.8141060000 -7.5872160000
-4.2500000000 -19.1292120000 -5.7659990000
-4.2500000000 -16.6143320000 -2.2199930000
-4.2500000000 -24.8061090000 -8.1563730000
-4.2500000000 -27.8016630000 -11.9642380000
-4.2500000000 -20.3254350000 -10.4759090000
-4.2500000000 -14.3395130000 -1.1434030000
-4.2500000000 -24.5788580000 -10.3113370000
-4.2500000000 -4.9085030000 -5.9981950000
-4.2500000000 -10.3446270000 -3.4195430000
-4.2500000000 -24.7300070000 -0.4618160000
-4.2500000000 -9.8072700000 -4.3259160000
-4.2500000000 -17.8300580000 -6.8643050000
-4.2500000000 -1.6787900000 -1.0841200000
-4.2500000000 -32.7369460000 -13.9981840000
-4.2500000000 -22.5815810000 -11.5184260000
-4.2500000000 -5.7472460000 -3.5253740000
-4.2500000000 -14.8058350000 -5.8122270000
-4.2500000000 -28.1795340000 -11.1124710000
-4.2500000000 -26.2825520000 -7.8692730000
-4.2500000000 -18.5482840000 -6.3395900000
-4.2500000000 -5.7046910000 -2.5197800000
-4.2500000000 -45.8771400000 -13.8791230000
-4.2500000000 -2.7531030000 -1.1523820000
-4.2500000000 -2.7461010000 -6.9133530000
-4.2500000000 -22.9868960000 -7.0076100000
-4.2500000000 -25.1374350000 -14.2359120000
-4.2500000000 -16.2183180000 -6.7364050000
-4.2500000000 -6.5853040000 -1.6953200000
-4.2500000000 -22.8569630000 -12.8963720000
-4.2500000000 -5.1908250000 -2.7932590000
-4.2500000000 -42.9578970000 -15.0626450000
-4.2500000000 -13.1748260000 -6.0931900000
-4.2500000000 -27.9556240000 -2.5902470000
-4.2500000000 -20.5163520000 -3.3761220000
-4.2500000000 -20.9116020000 -0.4469820000
-4.2500000000 -19.6538450000 -8.8326860000
-4.2500000000 -8.1893040000 -4.3994310000
-4.2500000000 -27.4158120000 -0.4575580000
-4.2500000000 -17.4445690000 -1.1483400000
-4.2500000000 -5.8066050000 -4.4144450000
-4.2500000000 -29.9850600000 -3.8304970000
-4.2500000000 -8.9617820000 -1.9018610000
-4.2500000000 -47.1911150000 -13.7636860000
-4.2500000000 -29.0216750000 -13.4191420000
-4.2500000000 -6.0259550000 -7.5976490000
-4.2500000000 -6.0636340000 -4.9261750000
-4.2500000000 -1.2246600000 -2.3867090000
-4.2500000000 -20.2190580000 -5.0904180000
-4.2500000000 -12.8341420000 -0.4183830000
-4.2500000000 -1.2242670000 -5.6134820000
-4.2500000000 -4.5991380000 -7.5186210000
-4.2500000000 -36.8372280000 -12.6472660000
-4.2500000000 -35.4869120000 -13.0692040000
-4.2500000000 -31.5651500000 -3.9943220000
-4.2500000000 -0.4119060000 -2.1144930000
-4.2500000000 -6.4893520000 -5.7930730000
-4.2500000000 -0.3991750000 -5.8737550000
-4.2500000000 -1.6861100000 -6.9184100000
-4.2500000000 -30.4037460000 -1.2422380000
-4.2500000000 -7.4208350000 -7.5274200000
-4.2500000000 -30.7950850000 -15.0442710000
-4.2500000000 -29.2736410000 -7.9633610000
-4.2500000000 -28.1425970000 -4.7550100000
-4.2500000000 -29.6331440000 -5.7025850000
-4.2500000000 -36.6611550000 -14.3486660000
-4.2500000000 -23.2141520000 -8.5881260000
-4.2500000000 -28.5011920000 -15.0737780000
-4.2500000000 -27.9235310000 -14.3249930000
-4.2500000000 -0.4765380000 -0.4741280000
-4.2500000000 -10.4607550000 -2.4557870000
-4.2500000000 -8.5678230000 -7.5577180000
-4.2500000000 -16.1618360000 -5.0348710000
-4.2500000000 -27.6816670000 -3.7194390000
-4.2500000000 -28.9255760000 -1.8145330000
-4.2500000000 -0.4811340000 -7.5242170000
-4.2500000000 -17.9524620000 -7.3914460000
-4.2500000000 -37.1929390000 -15.1260370000
-4.2500000000 -0.3956380000 -3.9984400000
-4.2500000000 -45.8510250000 -13.0446490000
-4.2500000000 -26.3392140000 -12.3264810000
-4.2500000000 -12.0824460000 -1.7607080000
-4.2500000000 -27.1387540000 -9.6156110000
-4.2500000000 -34.1545530000 -13.5321740000
-4.2500000000 -37.9473330000 -15.0658350000
-4.2500000000 -13.4353430000 -3.2694310000
-4.2500000000 -37.2731830000 -13.3398470000
-4.2500000000 -27.6221460000 -9.3508980000
-4.2500000000 -10.3925760000 -0.3702890000
-4.2500000000 -1.0064920000 -7.5304110000
-4.2500000000 -39.7867530000 -13.3548380000
-4.2500000000 -28.0443790000 -6.9748980000
-4.2500000000 -18.1194500000 -3.6116200000
-4.2500000000 -25.6269500000 -15.0219880000
-4.2500000000 -42.2143120000 -13.3545760000
-4.2500000000 -44.7014670000 -13.3442210000
-4.2500000000 -20.7108490000 -7.5742970000
-4.2500000000 -25.9085470000 -10.7422200000
-4.2500000000 -10.9586990000 -1.1032710000
-4.2500000000 -24.1510810000 -5.8037300000
-4.2500000000 -48.9188180000 -11.9426310000
-4.2500000000 -13.5410040000 -4.9678490000
-4.2500000000 -48.9175520000 -15.0581970000
-4.2500000000 -28.8273210000 -2.7543780000
-4.2500000000 -1.9883580000 -3.6278660000
-4.2500000000 -19.4605370000 -6.8607950000
-4.2500000000 -2.1491750000 -4.2626520000
-4.2500000000 -22.2376720000 -6.8467910000
-4.2500000000 -48.3708920000 -12.6092800000
-4.2500000000 -6.5539590000 -4.0205100000
-4.2500000000 -29.5738330000 -4.1135280000
-4.2500000000 -25.7296720000 -13.6328140000
-4.2500000000 -40.4628810000 -15.0571810000
-4.2500000000 -24.5352580000 -2.3073890000
-4.2500000000 -12.3091750000 -2.4926130000
-4.2500000000 -27.4446030000 -8.7444310000
-4.2500000000 -21.3786140000 -2.2734950000
-4.2500000000 -28.4031290000 -7.5859630000
-4.2500000000 -27.8474980000 -10.7907720000
-4.2500000000 -0.9992690000 -0.4706550000
-4.2500000000 -21.8808290000 -12.0044010000
-4.2500000000 -7.4723250000 -3.9021880000
-4.2500000000 -18.8652200000 -1.2685500000
-4.2500000000 -29.1446880000 -3.9045810000
-4.2500000000 -25.2099820000 -1.8734090000
-4.2500000000 -11.5069250000 -4.7842250000
-4.2500000000 -7.8255810000 -0.3601670000
-4.2500000000 -28.3031600000 -2.9793950000
-4.2500000000 -27.8703520000 -6.2203590000
-4.2500000000 -7.1054220000 -1.6744680000
-4.2500000000 -10.2737110000 -5.8007440000
-4.2500000000 -22.4593340000 -10.2091870000
-4.2500000000 -26.1007690000 -6.4110930000
-4.2500000000 -9.1846360000 -5.5241680000
-4.2500000000 -30.2293160000 -12.1166160000
-4.2500000000 -20.3528680000 -9.5231260000
-4.2500000000 -11.2499170000 -2.0586890000
-4.2500000000 -37.4307170000 -11.9229430000
-4.2500000000 -26.4643820000 -8.2884990000
-4.2500000000 -29.7226760000 -4.6830970000
-4.2500000000 -34.1917240000 -11.9023680000
-4.2500000000 -21.7833670000 -4.1403450000
-4.2500000000 -14.1846400000 -5.8957990000
-4.2500000000 -12.9044220000 -6.8926120000
-4.2500000000 -6.0254390000 -3.0530680000
-4.2500000000 -22.5001750000 -0.9863500000
-4.2500000000 -1.2366330000 -1.8182630000
-4.2500000000 -29.6875000000 -15.1492920000
-4.2500000000 -17.1454130000 -1.7856780000
-4.2500000000 -1.2364670000 -6.1812910000
-4.2500000000 -24.0921490000 -9.5471300000
-4.2500000000 -20.7900190000 -9.8225250000
-4.2500000000 -2.3259640000 -2.8069180000
-4.2500000000 -0.3467420000 -0.9230770000
-4.2500000000 -39.0527770000 -15.1395430000
-4.2500000000 -18.2149220000 -8.5107020000
-4.2500000000 -11.8896600000 -0.9373080000
-4.2500000000 -25.3604620000 -1.0859920000
-4.2500000000 -24.3374840000 -13.3892850000
-4.2500000000 -18.7803290000 -4.8980230000
-4.2500000000 -17.8862180000 -3.2332350000
-4.2500000000 -0.3463660000 -7.0769230000
-4.2500000000 -9.4427340000 -6.0791780000
-4.2500000000 -44.0625000000 -15.1516730000
-4.2500000000 -49.0156660000 -13.0761990000
-4.2500000000 -3.6278000000 -1.3011260000
-4.2500000000 -28.3782540000 -9.0901530000
-4.2500000000 -28.6682400000 -8.2064720000
-4.2500000000 -41.5531720000 -15.1416060000
-4.2500000000 -9.4758690000 -4.7060320000
-4.2500000000 -20.7623290000 -7.0354910000
-4.2500000000 -7.1620960000 -6.2121660000
-4.2500000000 -15.6430640000 -6.4111010000
-4.2500000000 -23.1774820000 -9.4603970000
-4.2500000000 -25.5036580000 -7.2210220000
-4.2500000000 -8.7492400000 -5.0911740000
-4.2500000000 -17.1448530000 -6.9389210000
-4.2500000000 -18.5503100000 -7.9124420000
-4.2500000000 -24.5533890000 -0.9970920000
-4.2500000000 -17.7150670000 -5.9868590000
-4.2500000000 -27.2237780000 -10.1582320000
-4.2500000000 -9.0924350000 -6.3768910000
-4.2500000000 -1.6144970000 -3.1645270000
-4.2500000000 -30.8319730000 -14.3393230000
-4.2500000000 -23.6528440000 -2.1676140000
-4.2500000000 -31.0244850000 -8.6944430000
-4.2500000000 -11.2825360000 -6.1492090000
-4.2500000000 -31.6061940000 -9.2872050000
-4.2500000000 -14.4638810000 -6.7373430000
-4.2500000000 -34.3522470000 -14.3610840000
-4.2500000000 -7.9451890000 -3.8970620000
-4.2500000000 -5.9387060000 -5.7511680000
-4.2500000000 -31.5961860000 -2.7850210000
-4.2500000000 -8.1597080000 -3.3722690000
-4.2500000000 -31.6120220000 -10.0806570000
-4.2500000000 -6.7050950000 -3.5339190000
-4.2500000000 -19.3882500000 -3.0516930000
-4.2500000000 -21.1381100000 -9.0698490000
-4.2500000000 -38.6288400000 -14.4017490000
-4.2500000000 -6.5222580000 -2.1570000000
-4.2500000000 -21.9011110000 -5.8355970000
-4.2500000000 -11.6998720000 -3.2946790000
-4.2500000000 -47.4423280000 -14.4160540000
-4.2500000000 -27.7832160000 -7.8550400000
-4.2500000000 -17.4048760000 -2.5946640000
-4.2500000000 -28.5857940000 -5.6578200000
-4.2500000000 -24.6168110000 -6.1658840000
-4.2500000000 -28.2001500000 -2.0823740000
-4.2500000000 -34.6930120000 -13.4341730000
-4.2500000000 -23.6591850000 -12.3440810000
-4.2500000000 -22.0428450000 -3.0029750000
-4.2500000000 -22.0002940000 -10.5508580000
-4.2500000000 -26.2974750000 -3.6597820000
-4.2500000000 -25.2345450000 -8.7680140000
-4.2500000000 -44.2410770000 -14.3015570000
-4.2500000000 -49.5852640000 -12.5259120000
-4.2500000000 -27.1795250000 -8.1206840000
-4.2500000000 -26.9315490000 -7.5217590000
-4.2500000000 -12.4570650000 -0.9331110000
-4.2500000000 -49.5773550000 -14.5142890000
-4.2500000000 -7.3169000000 -6.7837810000
-4.2500000000 -18.2501620000 -5.9257650000
-4.2500000000 -14.3488010000 -7.5881620000
-4.2500000000 -41.1317660000 -14.4160360000
-4.2500000000 -8.5898770000 -2.2641390000
-4.2500000000 -25.7068950000 -3.7532080000
-4.2500000000 -10.6817290000 -1.9812130000
-4.2500000000 -21.5941560000 -5.4198390000
-4.2500000000 -22.2128840000 -7.7910030000
-4.2500000000 -30.9482420000 -7.1889550000
-4.2500000000 -31.5649860000 -6.5722670000
-4.2500000000 -36.5066430000 -15.1225010000
-4.2500000000 -5.6744100000 -0.4559830000
-4.2500000000 -15.8678260000 -7.5597860000
-4.2500000000 -4.5856530000 -6.9073110000
-4.2500000000 -25.6206090000 -14.4988710000
-4.2500000000 -13.6865140000 -3.9521310000
-4.2500000000 -28.8967100000 -4.9375270000
-4.2500000000 -3.5539700000 -4.5295650000
-4.2500000000 -16.8341050000 -0.4474180000
-4.2500000000 -19.8588260000 -4.6509830000
-4.2500000000 -23.6676160000 -13.7932390000
-4.2500000000 -21.4722900000 -7.2428060000
-4.2500000000 -17.4485810000 -5.5493000000
-4.2500000000 -14.7379460000 -0.3821220000
-4.2500000000 -12.7930080000 -5.3033800000
-4.2500000000 -41.7090630000 -14.3023100000
-4.2500000000 -49.6175760000 -11.8640080000
-4.2500000000 -43.6264020000 -14.4238630000
-4.2500000000 -20.5394000000 -8.4227880000
-4.2500000000 -1.2231080000 -7.0615820000
-4.2500000000 -49.6173120000 -15.1375170000
-4.2500000000 -27.6246110000 -15.0646930000
-4.2500000000 -24.4903010000 -1.4913180000
-4.2500000000 -26.6174930000 -0.3672280000
-4.2500000000 -26.2800780000 -4.4609520000
-4.2500000000 -31.6110950000 -12.5022830000
-4.2500000000 -22.7842890000 -1.7447650000
-4.2500000000 -27.6691340000 -5.6286710000
-4.2500000000 -1.2947750000 -3.9958790000
-4.2500000000 -29.6879190000 -9.1838990000
-4.2500000000 -44.1034480000 -11.8257420000
-4.2500000000 -45.3448280000 -11.8257380000
-4.2500000000 -41.6206900000 -11.8256520000
-4.2500000000 -42.8620690000 -11.8256480000
-4.2500000000 -39.1379310000 -11.8255670000
-4.2500000000 -40.3793100000 -11.8255630000
-4.2500000000 -26.5478270000 -13.9183590000
-4.2500000000 -37.8965520000 -11.8254850000
-4.2500000000 -27.0920060000 -14.6189850000
-4.2500000000 -28.5465120000 -0.3277470000
-4.2500000000 -6.6658080000 -6.8957970000
-4.2500000000 -31.1510850000 -4.2486750000
-4.2500000000 -6.6389030000 -6.2746690000
-4.2500000000 -5.1967300000 -7.5737530000
-4.2500000000 -39.2063660000 -14.2845710000
-4.2500000000 -21.3510460000 -3.7571630000
-4.2500000000 -28.8726780000 -9.9913010000
-4.2500000000 -25.9417370000 -7.1143330000
-4.2500000000 -14.3246480000 -5.0950050000
-4.2500000000 -27.3200200000 -11.4962020000
-4.2500000000 -1.1916200000 -0.9677420000
-4.2500000000 -44.7987480000 -12.4179220000
-4.2500000000 -26.8709460000 -3.8185610000
-4.2500000000 -42.3161320000 -12.4177250000
-4.2500000000 -7.9069130000 -4.8107630000
-4.2500000000 -2.4654170000 -3.2553450000
-4.2500000000 -39.8586710000 -12.4373540000
-4.2500000000 -23.1620620000 -11.4710090000
-4.2500000000 -8.1126190000 -2.0271480000
-4.2500000000 -19.9909840000 -5.6139070000
-4.2500000000 -25.3070300000 -10.1884790000
-4.2500000000 -19.9250960000 -7.0946460000
-4.2500000000 -29.9491300000 -7.7890610000
-4.2500000000 -30.8220090000 -6.5404860000
-4.2500000000 -2.7646180000 -4.2694960000
-4.2500000000 -2.6762500000 -5.9296930000
-4.2500000000 -25.9166420000 -11.5833080000
-4.2500000000 -8.8941180000 -0.4533300000
-4.2500000000 -19.1578540000 -3.9440360000
-4.2500000000 -23.5262610000 -0.3475640000
-4.2500000000 -9.9086490000 -2.3005100000
-4.2500000000 -3.2836470000 -0.9786650000
-4.2500000000 -32.4755740000 -11.9118560000
-4.2500000000 -31.0693390000 -5.7973200000
-4.2500000000 -27.1813220000 -13.2811500000
-4.2500000000 -38.1585760000 -13.3807740000
-4.2500000000 -19.8919930000 -6.0892720000
-4.2500000000 -22.6370850000 -2.4097760000
-4.2500000000 -20.4056760000 -6.7240910000
-4.2500000000 -31.0502650000 -0.3233120000
-4.2500000000 -31.1002910000 -4.9766970000
-4.2500000000 -26.6810200000 -6.8850390000
-4.2500000000 -19.4576790000 -5.4114810000
-4.2500000000 -35.0744810000 -13.8173210000
-4.2500000000 -26.0868090000 -9.1151030000
-4.2500000000 -14.7358320000 -5.1768450000
-4.2500000000 -24.5923130000 -7.2097110000
-4.2500000000 -40.6434700000 -13.3723250000
-4.2500000000 -13.3545500000 -1.0293900000
-4.2500000000 -25.1379310000 -6.7662720000
-4.2500000000 -31.6467450000 -0.3434040000
-4.2500000000 -43.1232340000 -13.3708110000
-4.2500000000 -20.9476190000 -1.1091710000
-4.2500000000 -26.3534600000 -5.5227500000
-4.2500000000 -21.4049040000 -8.3414170000
-4.2500000000 -45.6007260000 -13.4443450000
-4.2500000000 -10.1605680000 -5.3279740000
-4.2500000000 -18.9594610000 -6.1916470000
-4.2500000000 -17.8248050000 -5.1387500000
-4.2500000000 -19.9382400000 -10.1612220000
-4.2500000000 -5.2377080000 -6.2368660000
-4.2500000000 -2.9831240000 -6.2989270000
-4.2500000000 -15.1055390000 -7.1567450000
-4.2500000000 -24.2094310000 -8.7646400000
-4.2500000000 -2.0454880000 -2.0240930000
-4.2500000000 -35.5732500000 -13.6133760000
-4.2500000000 -18.6134600000 -2.8443880000
-4.2500000000 -19.7704030000 -0.3463240000
-4.2500000000 -27.6137800000 -4.1546830000
-4.2500000000 -21.4871470000 -4.5440730000
-4.2500000000 -31.6054140000 -1.9895210000
-4.2500000000 -2.0774910000 -5.9738310000
-4.2500000000 -22.3984490000 -12.5731780000
-4.2500000000 -31.5991680000 -3.5116720000
-4.2500000000 -20.0884460000 -4.1620480000
-4.2500000000 -17.0438020000 -6.3696610000
-4.2500000000 -19.7737920000 -3.7778770000
-4.2500000000 -27.1478850000 -4.3227740000
-4.2500000000 -28.1134760000 -8.4530740000
0.0110240000 -32.0000000000 -5.1530670000
-0.9983140000 -32.0000000000 -8.2476280000
-1.4725790000 -32.0000000000 -2.7766330000
1.4308300000 -32.0000000000 -2.6893010000
1.5139900000 -32.0000000000 -7.4541820000
-1.9932380000 -32.0000000000 -6.2154820000
0.8463380000 -32.0000000000 -9.3786400000
2.1731880000 -32.0000000000 -4.6907920000
-2.2969050000 -32.0000000000 -9.6018080000
-2.3836460000 -32.0000000000 -4.3787450000
0.0046720000 -32.0000000000 -1.8197800000
2.5383420000 -32.0000000000 -8.8103880000
-0.0611970000 -32.0000000000 -6.8370900000
-2.5902660000 -32.0000000000 -7.7674100000
0.0335200000 -32.0000000000 -3.4431500000
-0.7336640000 -32.0000000000 -9.9646680000
-2.6410540000 -32.0000000000 -1.5870380000
2.6278790000 -32.0000000000 -1.6215110000
2.6750760000 -32.0000000000 -6.3592190000
2.7920310000 -32.0000000000 -3.4638720000
1.2352810000 -32.0000000000 -6.0195410000
-2.8086720000 -32.0000000000 -3.0992840000
1.9883150000 -32.0000000000 -10.1238670000
-1.2621660000 -32.0000000000 -1.3072540000
1.2741590000 -32.0000000000 -1.3178630000
0.4257430000 -32.0000000000 -8.0882200000
-1.0908300000 -32.0000000000 -4.3147920000
2.9499030000 -32.0000000000 -7.5830270000
0.9515160000 -32.0000000000 -4.3416380000
-2.9813980000 -32.0000000000 -5.6285930000
-3.0716850000 -32.0000000000 -6.6914050000
-0.8122630000 -32.0000000000 -5.8309430000
-1.1746470000 -32.0000000000 -6.9777420000
3.0675590000 -32.0000000000 -9.8815750000
0.2818130000 -32.0000000000 -10.4454240000
-3.2169130000 -32.0000000000 -8.6657040000
3.1461290000 -32.0000000000 -5.2506910000
-3.1651040000 -32.0000000000 -10.4518860000
1.4284400000 -32.0000000000 -8.4557440000
-1.6620580000 -32.0000000000 -10.4738310000
-1.7127720000 -32.0000000000 -5.2462490000
-0.1684830000 -32.0000000000 -9.0424520000
3.2494630000 -32.0000000000 -2.4669070000
-2.0108390000 -32.0000000000 -8.6108420000
1.7957120000 -32.0000000000 -3.7553630000
-3.2913220000 -32.0000000000 -3.9599910000
-0.4918910000 -32.0000000000 -2.5929120000
0.4967430000 -32.0000000000 -2.5875160000
-3.3164740000 -32.0000000000 -0.9326600000
3.3164740000 -32.0000000000 -0.9326600000
3.2793260000 -32.0000000000 -4.3069990000
-1.8500220000 -32.0000000000 -3.6036660000
-0.4410610000 -32.0000000000 -0.9363310000
-3.2856520000 -32.0000000000 -2.2329100000
3.3039030000 -32.0000000000 -8.3575600000
0.4825210000 -32.0000000000 -0.9153760000
-2.1041150000 -32.0000000000 -0.8870680000
2.0806390000 -32.0000000000 -0.8823810000
1.2239150000 -32.0000000000 -10.5669940000
0.3063330000 -32.0000000000 -5.9922490000
0.8459710000 -32.0000000000 -6.7820980000
-1.2300500000 -32.0000000000 -9.1179090000
2.2879210000 -32.0000000000 -2.5197710000
-0.9393310000 -32.0000000000 -3.4317270000
0.9036340000 -32.0000000000 -3.4425480000
3.3793750000 -32.0000000000 -6.8003650000
2.1352970000 -32.0000000000 -5.6927310000
-0.3599540000 -32.0000000000 -7.6776240000
1.7156390000 -32.0000000000 -9.2299660000
-2.2203230000 -32.0000000000 -2.3520370000
1.7856770000 -32.0000000000 -6.5557270000
-3.3948650000 -32.0000000000 -7.5991050000
-2.1377600000 -32.0000000000 -7.0711090000
2.1904490000 -32.0000000000 -7.9930660000
0.8770560000 -32.0000000000 -5.1500720000
-3.4061340000 -32.0000000000 -9.5802510000
2.6400270000 -32.0000000000 -10.6252650000
-0.2098490000 -32.0000000000 -4.3237840000
-0.8776580000 -32.0000000000 -10.6637790000
-0.8250780000 -32.0000000000 -5.1194190000
-1.7910030000 -32.0000000000 -7.8365820000
-3.4267610000 -32.0000000000 -4.7747970000
3.4204620000 -32.0000000000 -9.1923340000
3.4494290000 -32.0000000000 -1.7983880000
3.4384140000 -32.0000000000 -5.9600500000
3.5088510000 -32.0000000000 -10.6164760000
-2.4094780000 -32.0000000000 -10.6554020000
-1.0254890000 -32.0000000000 -2.2354550000
1.0431970000 -32.0000000000 -2.2338590000
3.5761650000 -32.0000000000 -3.3507500000
2.4046840000 -32.0000000000 -7.2043470000
0.2032140000 -32.0000000000 -9.6853580000
-3.4861200000 -32.0000000000 -6.0037470000
1.8912300000 -32.0000000000 -1.7441340000
2.6601090000 -32.0000000000 -4.1274050000
2.5489930000 -32.0000000000 -9.6077960000
-2.0174640000 -32.0000000000 -1.7981010000
-3.5547000000 -32.0000000000 -3.2714090000
0.8550810000 -32.0000000000 -7.4845370000
-1.6360840000 -32.0000000000 -9.7115960000
-2.4223210000 -32.0000000000 -3.6912960000
-2.2920640000 -32.0000000000 -5.5649320000
1.3154900000 -32.0000000000 -9.9175410000
-3.6692750000 -32.0000000000 -1.6677570000
2.1792010000 -32.0000000000 -3.2078790000
-1.4620020000 -32.0000000000 -0.6690080000
1.4843350000 -32.0000000000 -0.6630630000
0.7880990000 -32.0000000000 -8.6730130000
-3.6986250000 -32.0000000000 -8.1271420000
1.8128880000 -32.0000000000 -10.8116880000
1.3605770000 -32.0000000000 -5.2129930000
-2.1018900000 -32.0000000000 -3.1043420000
-2.6495830000 -32.0000000000 -6.1649490000
3.7824380000 -32.0000000000 -7.5645670000
-1.6871200000 -32.0000000000 -4.5116780000
-1.3387750000 -32.0000000000 -6.4050920000
-2.7150020000 -32.0000000000 -0.5922180000
2.7152030000 -32.0000000000 -0.5804260000
0.7135970000 -32.0000000000 -1.5492290000
-0.3120000000 -32.0000000000 -10.9437860000
-0.7074210000 -32.0000000000 -6.5866970000
-0.6914190000 -32.0000000000 -1.5560280000
1.5897190000 -32.0000000000 -4.3419310000
-3.6784820000 -32.0000000000 -7.0084100000
-3.5194260000 -32.0000000000 -10.8478590000
-2.5973330000 -32.0000000000 -8.4177990000
-0.1603380000 -32.0000000000 -8.2873780000
0.3721310000 -32.0000000000 -4.6123170000
-1.4635390000 -32.0000000000 -5.7949950000
-2.5882680000 -32.0000000000 -5.0018130000
0.4206130000 -32.0000000000 -3.9789050000
-0.2635020000 -32.0000000000 -5.7179450000
-3.5546120000 -32.0000000000 -5.3764140000
3.6202850000 -32.0000000000 -4.8362630000
0.2540400000 -32.0000000000 -7.4085460000
2.7205540000 -32.0000000000 -8.1919520000
2.5202770000 -32.0000000000 -5.2576010000
0.7693370000 -32.0000000000 -10.9216390000
-2.5870070000 -32.0000000000 -9.0313590000
-2.6569570000 -32.0000000000 -7.1956140000
-0.9532440000 -32.0000000000 -7.6276700000
2.8998850000 -32.0000000000 -4.7449580000
0.7217970000 -32.0000000000 -9.9646010000
2.7297820000 -32.0000000000 -2.8570240000
-3.6889990000 -32.0000000000 -10.0233190000
3.6894330000 -32.0000000000 -10.0475150000
-3.7252700000 -32.0000000000 -2.6835560000
-2.6204880000 -32.0000000000 -10.0823070000
-0.2893510000 -32.0000000000 -10.2647820000
1.2941800000 -32.0000000000 -7.8902660000
3.7183330000 -32.0000000000 -3.8912690000
2.8869810000 -32.0000000000 -6.8922270000
-3.6521580000 -32.0000000000 -9.0639340000
3.7125980000 -32.0000000000 -2.7399420000
-2.3817840000 -32.0000000000 -6.6678980000
-1.8899090000 -32.0000000000 -9.1542610000
-1.4181850000 -32.0000000000 -11.0547840000
-0.7400220000 -32.0000000000 -8.6678800000
-0.8482940000 -32.0000000000 -0.5157900000
-2.9701390000 -32.0000000000 -10.9976510000
0.0128400000 -32.0000000000 -0.5780950000
3.7367600000 -32.0000000000 -5.3960400000
-3.0378680000 -32.0000000000 -4.4925240000
0.0082750000 -32.0000000000 -2.8788550000
-0.2098910000 -32.0000000000 -6.2585850000
2.0765800000 -32.0000000000 -8.5092930000
0.0004450000 -32.0000000000 -2.3494750000
0.3819830000 -32.0000000000 -9.0662120000
0.8650310000 -32.0000000000 -0.4962680000
2.7545630000 -32.0000000000 -5.8682220000
1.2764200000 -32.0000000000 -9.0061320000
-0.6127690000 -32.0000000000 -7.1744250000
-0.6842240000 -32.0000000000 -3.9121510000
3.7149520000 -32.0000000000 -8.7629030000
-3.0815550000 -32.0000000000 -8.0255740000
-2.7956340000 -32.0000000000 -2.5331090000
-0.7264460000 -32.0000000000 -9.3443540000
-1.6420460000 -32.0000000000 -2.2577400000
2.8192370000 -32.0000000000 -2.1090210000
-1.4097480000 -32.0000000000 -8.5692100000
1.2480900000 -32.0000000000 -3.8559110000
1.4902380000 -32.0000000000 -3.2321370000
1.2983200000 -32.0000000000 -6.4713070000
0.0275780000 -32.0000000000 -1.2276760000
2.5079100000 -32.0000000000 -10.1254180000
-1.1637690000 -32.0000000000 -10.1919900000
-3.7047230000 -32.0000000000 -0.5450880000
3.7047230000 -32.0000000000 -0.5450880000
3.7822980000 -32.0000000000 -2.2484160000
2.8856340000 -32.0000000000 -9.3015390000
-3.6903940000 -32.0000000000 -4.4319120000
-2.1051290000 -32.0000000000 -10.0917760000
-0.4809330000 -32.0000000000 -2.0976130000
0.4766000000 -32.0000000000 -2.0894180000
3.7596430000 -32.0000000000 -8.1105480000
-1.2397210000 -32.0000000000 -4.8309150000
-2.8668510000 -32.0000000000 -9.5457960000
3.7431890000 -32.0000000000 -6.3832780000
-0.9528670000 -32.0000000000 -2.9152140000
0.4164920000 -32.0000000000 -5.4807090000
1.7677040000 -32.0000000000 -2.2746070000
0.9540530000 -32.0000000000 -2.9092890000
3.7200750000 -32.0000000000 -1.2837930000
1.2218990000 -32.0000000000 -4.7854660000
0.7914000000 -32.0000000000 -6.2447950000
-2.1492750000 -32.0000000000 -8.0832320000
-1.3781780000 -32.0000000000 -3.8834950000
-1.3968920000 -32.0000000000 -3.3004880000
-0.3643320000 -32.0000000000 -4.8164830000
-2.7341910000 -32.0000000000 -1.1255260000
2.6618280000 -32.0000000000 -1.1527610000
3.2051930000 -32.0000000000 -3.8280590000
2.3122810000 -32.0000000000 -3.7356780000
-3.8360390000 -32.0000000000 -2.1642130000
-0.4613120000 -32.0000000000 -3.2946190000
-2.0868610000 -32.0000000000 -4.8714890000
2.2222210000 -32.0000000000 -1.4320370000
0.4701400000 -32.0000000000 -3.1414660000
-3.8072830000 -32.0000000000 -3.9063470000
-2.9769770000 -32.0000000000 -3.5823610000
-3.0803810000 -32.0000000000 -1.7885950000
0.3484310000 -32.0000000000 -6.5142280000
3.0515220000 -32.0000000000 -11.0352260000
1.6986460000 -32.0000000000 -6.0934220000
-1.9479440000 -32.0000000000 -11.0368030000
2.2242700000 -32.0000000000 -6.1922820000
-3.6739570000 -32.0000000000 -6.3506620000
1.3944290000 -32.0000000000 -11.0418690000
-1.7800000000 -32.0000000000 -6.7247210000
-1.6088400000 -32.0000000000 -7.3891690000
-2.1981360000 -32.0000000000 -1.3675360000
0.2534010000 -32.0000000000 -8.6314550000
-0.9409880000 -32.0000000000 -0.9968820000
2.3065690000 -32.0000000000 -6.7021230000
-2.1373110000 -32.0000000000 -7.5668520000
3.8310420000 -32.0000000000 -6.9711020000
-1.0980030000 -32.0000000000 -9.6661030000
2.0914060000 -32.0000000000 -4.1385520000
-2.1154200000 -32.0000000000 -0.4102760000
2.1153240000 -32.0000000000 -0.4079880000
2.3268560000 -32.0000000000 -10.9992460000
0.9639290000 -32.0000000000 -0.9883600000
-3.7410470000 -32.0000000000 -1.0782570000
0.9252280000 -32.0000000000 -8.1653870000
-3.2339860000 -32.0000000000 -2.7640540000
3.2956060000 -32.0000000000 -7.9020470000
-3.2394220000 -32.0000000000 -0.4420160000
3.2541490000 -32.0000000000 -0.4313460000
3.7817760000 -32.0000000000 -4.3754350000
-1.9709840000 -32.0000000000 -4.0608890000
3.1462660000 -32.0000000000 -6.3772270000
-3.1616620000 -32.0000000000 -7.1788350000
3.1885590000 -32.0000000000 -2.9962580000
3.0775500000 -32.0000000000 -10.3885790000
3.0354510000 -32.0000000000 -8.7543760000
-1.2406390000 -32.0000000000 -5.3745250000
0.2549150000 -32.0000000000 -11.0663650000
1.3602940000 -32.0000000000 -6.9594650000
3.7684310000 -32.0000000000 -11.0230910000
-1.7473150000 -32.0000000000 -1.2199130000
-3.1495150000 -32.0000000000 -9.9367120000
-3.8614190000 -32.0000000000 -5.7948120000
2.2179110000 -32.0000000000 -9.1570740000
1.9480520000 -32.0000000000 -9.6575740000
1.7387620000 -32.0000000000 -1.2057540000
3.8214270000 -32.0000000000 -9.3988500000
-2.6221360000 -32.0000000000 -2.0791330000
2.4660630000 -32.0000000000 -7.6543480000
2.3164260000 -32.0000000000 -1.9764390000
2.0265790000 -32.0000000000 -7.5641340000
0.4179720000 -32.0000000000 -6.9705490000
0.9317980000 -32.0000000000 -5.6790300000
-1.4223830000 -32.0000000000 -1.8070200000
1.8996320000 -32.0000000000 -7.0733300000
1.4295050000 -32.0000000000 -1.8045050000
1.5924860000 -32.0000000000 -10.3124920000
-3.8827180000 -32.0000000000 -7.5685070000
1.7337570000 -32.0000000000 -8.0363420000
0.8093500000 -32.0000000000 -10.3944020000
-2.8224270000 -32.0000000000 -4.0209830000
3.3542240000 -32.0000000000 -7.2855560000
-0.5964610000 -32.0000000000 -8.0700480000
-3.0970900000 -32.0000000000 -5.0471920000
-0.8858540000 -32.0000000000 -11.1324700000
3.9073580000 -32.0000000000 -10.5921050000
-3.8484520000 -32.0000000000 -9.4667600000
-0.4022680000 -32.0000000000 -0.4100190000
2.1841220000 -32.0000000000 -10.5146830000
-3.8231160000 -32.0000000000 -8.6432680000
1.7181340000 -32.0000000000 -8.8326270000
-2.4467340000 -32.0000000000 -2.7990800000
-1.9767150000 -32.0000000000 -2.6579660000
0.4175620000 -32.0000000000 -0.4080320000
-0.4203300000 -32.0000000000 -5.2986820000
1.8565970000 -32.0000000000 -2.7790040000
1.9013320000 -32.0000000000 -5.2186610000
-0.3429460000 -32.0000000000 -9.6603230000
-3.8247180000 -32.0000000000 -4.9755510000
-2.9770610000 -32.0000000000 -7.5533080000
0.0761300000 -32.0000000000 -7.8147420000
-1.8770010000 -32.0000000000 -5.7271530000
3.0572010000 -32.0000000000 -1.5138680000
1.5438220000 -32.0000000000 -5.6527300000
1.3421070000 -32.0000000000 -9.4413600000
-1.7244520000 -32.0000000000 -8.2217520000
-0.7064870000 -32.0000000000 -4.5193320000
-0.1768010000 -32.0000000000 -7.2890270000
-3.2018360000 -32.0000000000 -1.3654040000
-1.3523790000 -32.0000000000 -7.9513910000
0.4350950000 -32.0000000000 -5.0444300000
3.3933540000 -32.0000000000 -9.5941580000
-3.8716770000 -32.0000000000 -10.5076160000
0.7715390000 -32.0000000000 -4.7867850000
-0.1912280000 -32.0000000000 -3.8384250000
3.8663600000 -32.0000000000 -5.8587660000
3.8924010000 -32.0000000000 -0.9126630000
-3.1982780000 -32.0000000000 -9.2008250000
-3.8571510000 -32.0000000000 -11.1135230000
-3.3392860000 -32.0000000000 -11.1933170000
-3.1288610000 -32.0000000000 -6.2388340000
1.6590190000 -32.0000000000 -4.8371200000
3 2404 2321 2524
3 2337 2477 2481
3 2478 2336 2480
3 2360 2433 2528
3 2432 2361 2527
3 2344 2498 2548
3 2499 2343 2547
3 2495 2320 2511
3 2477 2341 2481
3 2340 2478 2480
3 2292 2411 2466
3 2381 2495 2511
3 2364 2432 2527
3 2433 2365 2528
3 2498 2374 2548
3 2375 2499 2547
3 264 0 2421
3 9 247 2422
3 438 35 2558
3 2428 2294 2471
3 427 429 2423
3 330 328 2485
3 308 306 2484
3 326 2413 2557
3 2412 310 2556
3 2354 2448 2502
3 2449 2355 2503
3 2438 2313 2663
3 2314 2437 2664
3 2411 2292 2511
3 35 487 2558
3 2460 2344 2470
3 2343 2459 2469
3 2341 2460 2470
3 2459 2340 2469
3 164 167 2473
3 233 235 2474
3 483 2405 2609
3 2444 2364 2494
3 2365 2445 2493
3 418 420 2436
3 2323 2426 2672
3 2427 2322 2673
3 2394 2456 2756
3 2457 2395 2755
3 2485 328 2557
3 308 2484 2556
3 2331 2424 2683
3 2346 2422 2610
3 2408 2325 2578
3 2326 2407 2577
3 162 2600 2812
3 2601 237 2813
3 2490 2746 2796
3 2321 2404 2565
3 417 2409 2552
3 2746 2316 2796
3 2348 2444 2494
3 2445 2347 2493
3 164 2473 2600
3 2474 235 2601
3 2507 2438 2663
3 2437 2506 2664
3 2421 2345 2620
3 2414 432 2628
3 2461 2429 2810
3 2335 2425 2697
3 2534 2420 2804
3 38 510 2437
3 391 28 2438
3 2293 2461 2810
3 2438 2562 2639
3 2406 479 2819
3 2490 2402 2746
3 162 164 2600
3 235 237 2601
3 2401 2451 2746
3 2414 2301 2618
3 2451 2316 2746
3 2342 2414 2618
3 2437 510 2506
3 391 2438 2507
3 479 2406 2568
3 2428 2471 2726
3 2422 2306 2610
3 2422 2346 2637
3 2345 2421 2636
3 2632 2426 2820
3 2427 2633 2821
3 401 398 2505
3 503 501 2504
3 2456 2394 2554
3 2395 2457 2555
3 2426 2323 2510
3 2322 2427 2509
3 2405 483 2660
3 2410 2513 2729
3 2362 2449 2503
3 2448 2363 2502
3 2326 2413 2643
3 2412 2325 2642
3 2562 2345 2639
3 2325 2412 2556
3 2413 2326 2557
3 2546 2379 2570
3 2471 2384 2726
3 2513 2291 2729
3 2407 2326 2643
3 2325 2408 2642
3 2514 2711 2722
3 2324 2514 2722
3 2307 2421 2620
3 2318 2546 2702
3 2319 2430 2513
3 2396 2534 2618
3 2534 2342 2618
3 2317 2442 2538
3 2414 2342 2655
3 456 455 2464
3 2455 2330 2523
3 2504 2323 2672
3 2322 2505 2673
3 447 444 2465
3 2308 2534 2804
3 2426 2632 2806
3 2633 2427 2807
3 2409 417 2740
3 401 2505 2735
3 2504 501 2734
3 38 2431 2573
3 2301 2414 2782
3 2552 2331 2683
3 2416 2327 2550
3 2328 2417 2551
3 2327 2416 2656
3 2417 2328 2657
3 2403 2518 2691
3 2518 2303 2691
3 527 525 2477
3 379 381 2478
3 2456 2313 2756
3 2314 2457 2755
3 2315 2728 2795
3 2402 2698 2747
3 2465 444 2695
3 2298 2539 2623
3 2413 326 2772
3 310 2412 2773
3 432 2414 2655
3 456 2464 2727
3 2444 2348 2626
3 2347 2445 2625
3 2503 2355 2654
3 2354 2502 2653
3 2420 2290 2563
3 201 199 2450
3 2300 2546 2570
3 2572 2299 2649
3 2438 28 2562
3 2546 2400 2702
3 2433 2360 2635
3 2361 2432 2634
3 2423 429 2559
3 2466 2331 2518
3 407 405 2469
3 496 494 2470
3 2327 2418 2600
3 2419 2328 2601
3 2430 2319 2830
3 2418 2327 2656
3 2328 2419 2657
3 314 313 2453
3 324 322 2454
3 2364 2527 2661
3 2528 2365 2662
3 2728 2415 2795
3 2360 2528 2666
3 2527 2361 2667
3 472 470 2536
3 2500 202 2710
3 196 2501 2709
3 2569 2437 2638
3 2402 2472 2698
3 213 215 2526
3 185 187 2525
3 2600 2418 2812
3 2419 2601 2813
3 178 181 2522
3 219 221 2521
3 2573 2335 2697
3 2531 2360 2543
3 2361 2532 2544
3 2367 2531 2543
3 2532 2368 2544
3 2288 2441 2523
3 204 202 2500
3 196 195 2501
3 183 185 2541
3 215 217 2540
3 2358 2530 2540
3 2529 2359 2541
3 2530 2369 2540
3 2370 2529 2541
3 2290 2420 2675
3 2436 420 2652
3 2541 185 2715
3 215 2540 2714
3 2494 2364 2661
3 2365 2493 2662
3 374 377 2459
3 523 520 2460
3 2315 2441 2728
3 2567 2774 2779
3 2775 2566 2778
3 2421 2307 2669
3 2306 2422 2668
3 2424 2307 2620
3 2325 2462 2578
3 2463 2326 2577
3 2430 2339 2596
3 2425 2335 2606
3 2509 2296 2719
3 2295 2510 2720
3 176 178 2712
3 221 222 2713
3 264 2421 2574
3 2422 247 2575
3 2543 176 2712
3 222 2544 2713
3 2452 2335 2512
3 2441 2288 2622
3 2421 0 2636
3 9 2422 2637
3 2334 2428 2583
3 2351 2609 2707
3 2486 2330 2517
3 2562 28 2683
3 2590 2509 2719
3 2510 2591 2720
3 38 2437 2569
3 2346 2569 2638
3 2497 2354 2526
3 2355 2496 2525
3 2369 2497 2526
3 2496 2370 2525
3 518 14 2498
3 19 372 2499
3 2424 2331 2587
3 2420 2534 2675
3 2424 2562 2683
3 418 2436 2740
3 427 2423 2597
3 2307 2424 2587
3 2352 2632 2820
3 2633 2353 2821
3 2489 2358 2521
3 2359 2488 2522
3 2368 2489 2521
3 2488 2367 2522
3 2615 2371 2717
3 2431 38 2569
3 2478 381 2671
3 527 2477 2670
3 2536 470 2745
3 5 208 2462
3 191 8 2463
3 2526 215 2714
3 185 2525 2715
3 2294 2428 2595
3 2428 2334 2595
3 2348 2494 2616
3 2493 2347 2617
3 2392 2572 2649
3 2539 2380 2623
3 328 326 2557
3 310 308 2556
3 2609 2405 2707
3 263 2574 2612
3 2575 248 2611
3 178 2522 2712
3 2521 221 2713
3 2395 2555 2594
3 2554 2394 2593
3 443 440 2487
3 2335 2431 2799
3 2356 2554 2593
3 2555 2357 2594
3 2471 2294 2579
3 2434 2349 2703
3 2350 2435 2704
3 2576 2321 2579
3 2464 2385 2727
3 2444 2626 2792
3 2625 2445 2793
3 2379 2465 2695
3 2431 2335 2573
3 510 508 2506
3 393 391 2507
3 2349 2434 2816
3 2435 2350 2815
3 2321 2471 2579
3 411 408 2480
3 492 490 2481
3 2393 2533 2585
3 2455 2523 2780
3 2339 2430 2771
3 291 288 2488
3 349 347 2489
3 2495 2373 2708
3 2329 2486 2517
3 474 2458 2819
3 2294 2490 2579
3 2539 2298 2800
3 2432 2364 2613
3 2365 2433 2614
3 32 462 2646
3 460 458 2479
3 2452 2291 2814
3 2446 2345 2636
3 2346 2447 2637
3 2469 405 2689
3 496 2470 2690
3 2401 2452 2814
3 259 261 2475
3 251 252 2476
3 2442 2317 2751
3 437 32 2646
3 2774 2312 2779
3 2311 2775 2778
3 2371 2561 2717
3 2583 2428 2726
3 2296 2456 2554
3 2457 2295 2555
3 298 296 2496
3 341 339 2497
3 2443 318 2701
3 2501 2388 2709
3 2389 2500 2710
3 318 2443 2696
3 2303 2535 2691
3 479 476 2819
3 2535 2398 2691
3 383 2515 2671
3 2516 529 2670
3 2349 2439 2703
3 2440 2350 2704
3 485 483 2609
3 2549 2430 2830
3 2302 2583 2726
3 432 434 2628
3 2339 2451 2596
3 2398 2535 2665
3 2742 2303 2784
3 2373 2495 2731
3 2498 14 2605
3 19 2499 2604
3 2455 2315 2803
3 414 417 2552
3 2398 2455 2803
3 188 5 2503
3 8 211 2502
3 2313 2438 2639
3 2437 2314 2638
3 169 171 2493
3 228 230 2494
3 2476 2399 2830
3 303 2449 2648
3 2448 335 2647
3 2392 2563 2585
3 2308 2686 2721
3 2563 2290 2585
3 2439 2349 2719
3 2350 2440 2720
3 2724 368 2816
3 277 2723 2815
3 2330 2455 2741
3 2355 2449 2843
3 2448 2354 2844
3 201 2450 2710
3 2450 199 2709
3 2330 2624 2674
3 476 474 2819
3 2441 2315 2780
3 2517 2330 2741
3 386 388 2519
3 516 515 2520
3 2364 2444 2687
3 2445 2365 2688
3 2451 2401 2814
3 2429 2461 2627
3 2388 2450 2709
3 2450 2389 2710
3 2629 2537 2818
3 2698 2305 2747
3 2584 257 2592
3 2345 2446 2639
3 2447 2346 2638
3 2492 2323 2752
3 2322 2491 2753
3 2585 2533 2699
3 2446 2313 2639
3 2314 2447 2638
3 2702 2400 2736
3 2454 322 2733
3 314 2453 2732
3 529 527 2670
3 381 383 2671
3 2399 2476 2767
3 2434 2724 2816
3 2723 2435 2815
3 2523 2330 2674
3 2329 2517 2810
3 2574 2377 2612
3 2376 2575 2611
3 464 38 2573
3 2459 377 2602
3 523 2460 2603
3 2398 2665 2837
3 2379 2487 2570
3 2411 2511 2645
3 2484 2325 2556
3 2326 2485 2557
3 2791 2329 2810
3 2549 2297 2771
3 2430 2549 2771
3 2535 2303 2802
3 2468 271 2626
3 362 2467 2625
3 2378 2542 2789
3 2464 455 2571
3 2486 2299 2624
3 345 343 2530
3 294 293 2529
3 2686 2423 2721
3 2313 2446 2756
3 2447 2314 2755
3 2299 2486 2649
3 2660 2338 2776
3 353 351 2532
3 286 285 2531
3 2327 2467 2550
3 2468 2328 2551
3 411 2480 2588
3 2481 490 2589
3 2698 2378 2789
3 2303 2518 2784
3 2303 2742 2802
3 2334 2458 2684
3 2449 2362 2648
3 2363 2448 2647
3 447 2465 2580
3 224 227 2527
3 173 174 2528
3 2512 2306 2809
3 374 2459 2608
3 2460 520 2607
3 2596 2451 2814
3 2391 2508 2623
3 2337 2520 2849
3 2519 2336 2850
3 2493 171 2662
3 228 2494 2661
3 2516 2337 2849
3 2336 2515 2850
3 2513 2430 2596
3 2508 2298 2623
3 349 2489 2677
3 2488 288 2676
3 402 2547 2689
3 2548 499 2690
3 2473 2327 2600
3 2328 2474 2601
3 2410 2512 2809
3 2420 2563 2791
3 2366 2537 2629
3 2332 2461 2665
3 405 402 2689
3 499 496 2690
3 2502 211 2653
3 188 2503 2654
3 2404 2524 2748
3 2502 2363 2743
3 2362 2503 2744
3 2450 2388 2749
3 2389 2450 2750
3 2449 303 2843
3 335 2448 2844
3 2344 2460 2607
3 2459 2343 2608
3 2460 2341 2603
3 2340 2459 2602
3 2513 2410 2644
3 2335 2452 2606
3 2323 2492 2591
3 2491 2322 2590
3 2319 2476 2830
3 2356 2692 2828
3 2693 2357 2829
3 2331 2466 2587
3 2337 2481 2589
3 2480 2336 2588
3 2317 2538 2785
3 2533 2298 2619
3 2462 208 2578
3 191 2463 2577
3 2458 2334 2583
3 2320 2495 2708
3 2433 2635 2851
3 2634 2432 2852
3 2322 2509 2590
3 2510 2323 2591
3 2366 2576 2579
3 2382 2508 2702
3 2491 19 2604
3 14 2492 2605
3 2605 2492 2752
3 2491 2604 2753
3 2479 2385 2790
3 2494 230 2616
3 169 2493 2617
3 2527 227 2661
3 173 2528 2662
3 2546 2318 2760
3 2374 2504 2734
3 2505 2375 2735
3 2622 2324 2728
3 2316 2451 2840
3 2511 2320 2645
3 2291 2596 2814
3 2466 2518 2694
3 2441 2622 2728
3 2315 2455 2780
3 2496 296 2678
3 341 2497 2679
3 379 2478 2602
3 2477 525 2603
3 2453 313 2773
3 324 2454 2772
3 2692 2439 2828
3 2440 2693 2829
3 271 2468 2857
3 2467 362 2858
3 2568 2338 2660
3 2508 2318 2702
3 2563 2329 2791
3 2451 2339 2730
3 2373 2584 2592
3 2291 2452 2729
3 423 2545 2652
3 2476 252 2767
3 2400 2546 2685
3 2546 2300 2685
3 2288 2629 2818
3 2452 2401 2783
3 2367 2488 2676
3 2489 2368 2677
3 2560 2371 2564
3 2512 2335 2799
3 420 423 2652
3 2338 2560 2564
3 2473 167 2617
3 233 2474 2616
3 2319 2513 2644
3 2481 2341 2599
3 2340 2480 2598
3 2479 458 2727
3 2362 2484 2758
3 2485 2363 2759
3 2487 2351 2570
3 2487 440 2716
3 2376 2644 2809
3 2564 2300 2776
3 2385 2479 2727
3 2341 2470 2599
3 2469 2340 2598
3 2297 2495 2711
3 2300 2707 2776
3 2528 174 2666
3 224 2527 2667
3 2495 2381 2711
3 2622 2288 2818
3 2461 2383 2627
3 2465 2318 2757
3 2456 2353 2663
3 2352 2457 2664
3 2472 2294 2595
3 2455 2398 2837
3 2480 408 2598
3 492 2481 2599
3 2490 2366 2579
3 259 2475 2592
3 2353 2456 2682
3 2457 2352 2681
3 407 2469 2598
3 2470 494 2599
3 2482 161 2812
3 238 2483 2813
3 2370 2496 2678
3 2497 2369 2679
3 2467 2327 2824
3 2328 2468 2825
3 2295 2457 2681
3 2456 2296 2682
3 2342 2559 2655
3 2472 2402 2859
3 2317 2464 2718
3 2545 423 2770
3 2294 2472 2859
3 2313 2456 2663
3 2457 2314 2664
3 2461 2332 2781
3 2383 2461 2781
3 263 264 2574
3 247 248 2575
3 353 2532 2634
3 2531 285 2635
3 2475 261 2612
3 251 2476 2611
3 423 425 2770
3 2458 474 2684
3 271 268 2626
3 361 362 2625
3 2348 2468 2626
3 2467 2347 2625
3 2326 2463 2763
3 2462 2325 2764
3 2461 2293 2665
3 2385 2464 2785
3 2371 2615 2685
3 2464 2317 2785
3 2423 2559 2721
3 2499 372 2608
3 518 2498 2607
3 2302 2560 2805
3 2468 2348 2825
3 2347 2467 2824
3 2474 2348 2616
3 2347 2473 2617
3 425 427 2597
3 2341 2477 2603
3 2478 2340 2602
3 440 438 2716
3 2356 2482 2692
3 2483 2357 2693
3 2333 2553 2853
3 2495 2297 2731
3 2312 2642 2838
3 2643 2311 2839
3 2302 2805 2817
3 469 2542 2745
3 2553 2847 2853
3 2321 2565 2788
3 345 2530 2640
3 2529 293 2641
3 443 2487 2695
3 2477 2337 2670
3 2336 2478 2671
3 2515 385 2850
3 512 2516 2849
3 2524 2321 2576
3 2390 2524 2576
3 2615 2400 2685
3 2536 2334 2684
3 2487 2379 2695
3 2568 2406 2805
3 438 2558 2716
3 2470 2344 2690
3 2343 2469 2689
3 2292 2466 2694
3 2381 2511 2725
3 2466 2411 2801
3 318 316 2701
3 2511 2292 2725
3 470 469 2745
3 5 2462 2744
3 2463 8 2743
3 455 453 2571
3 2473 2347 2824
3 2348 2474 2825
3 2409 2742 2784
3 2465 2379 2760
3 2339 2514 2621
3 320 318 2696
3 2318 2465 2760
3 2498 2344 2607
3 2343 2499 2608
3 2311 2643 2846
3 2642 2312 2845
3 2506 508 2632
3 393 2507 2633
3 2425 2606 2789
3 2482 2356 2705
3 2357 2483 2706
3 2535 2332 2665
3 2581 2446 2841
3 2447 2582 2842
3 2508 2391 2757
3 2507 2353 2633
3 2352 2506 2632
3 193 191 2577
3 208 206 2578
3 2382 2702 2736
3 2318 2508 2757
3 2374 2498 2605
3 2499 2375 2604
3 2291 2513 2596
3 2532 2361 2634
3 2360 2531 2635
3 2330 2486 2624
3 2492 2350 2591
3 2349 2491 2590
3 449 447 2580
3 2371 2560 2561
3 155 2581 2841
3 2582 244 2842
3 2560 2302 2561
3 2327 2473 2824
3 2474 2328 2825
3 2530 2358 2640
3 2359 2529 2641
3 2400 2615 2736
3 2384 2471 2788
3 2402 2490 2859
3 2462 2362 2744
3 2363 2463 2743
3 2534 2396 2675
3 2358 2489 2640
3 2488 2359 2641
3 2471 2321 2788
3 19 2491 2631
3 2492 14 2630
3 2490 2294 2859
3 429 431 2559
3 2362 2462 2764
3 2463 2363 2763
3 2354 2497 2651
3 2496 2355 2650
3 291 2488 2641
3 2489 347 2640
3 2693 2440 2704
3 2439 2692 2703
3 2576 2366 2629
3 2390 2576 2629
3 298 2496 2650
3 2497 339 2651
3 2514 2339 2771
3 257 259 2592
3 2351 2558 2848
3 2354 2651 2844
3 2650 2355 2843
3 193 2577 2769
3 2578 206 2768
3 460 2479 2737
3 261 263 2612
3 248 251 2611
3 255 257 2584
3 503 2504 2672
3 2505 398 2673
3 304 303 2648
3 335 333 2647
3 2486 2329 2649
3 2586 2391 2623
3 2380 2586 2623
3 2310 2693 2704
3 2692 2309 2703
3 2523 2441 2780
3 2514 2324 2621
3 2475 2320 2708
3 2534 2308 2721
3 2624 2299 2827
3 2559 2342 2721
3 481 479 2568
3 2331 2552 2784
3 2652 2332 2802
3 2562 2424 2620
3 2405 2660 2776
3 2472 2378 2698
3 2378 2472 2700
3 412 411 2588
3 490 489 2589
3 2372 2479 2680
3 2644 2410 2809
3 279 277 2815
3 368 371 2816
3 525 523 2603
3 377 379 2602
3 417 418 2740
3 2552 2409 2784
3 2333 2533 2619
3 2609 2351 2848
3 2606 2305 2789
3 322 320 2733
3 316 314 2732
3 2479 2372 2737
3 2619 2298 2826
3 385 2515 2834
3 2516 512 2835
3 2351 2487 2716
3 2484 2362 2764
3 2363 2485 2763
3 204 2500 2768
3 2501 195 2769
3 2680 2479 2790
3 2738 2442 2808
3 280 17 2614
3 13 357 2613
3 219 2521 2658
3 2522 181 2659
3 2458 2817 2819
3 2325 2484 2764
3 2485 2326 2763
3 2529 2370 2678
3 2369 2530 2679
3 2521 2358 2658
3 2359 2522 2659
3 2476 2319 2765
3 2320 2475 2766
3 156 158 2832
3 240 242 2833
3 2525 187 2654
3 213 2526 2653
3 155 156 2581
3 242 244 2582
3 2389 2567 2779
3 2566 2388 2778
3 161 2482 2705
3 2483 238 2706
3 431 432 2655
3 2545 2332 2652
3 2500 2408 2768
3 2407 2501 2769
3 294 2529 2678
3 2530 343 2679
3 2355 2525 2654
3 2526 2354 2653
3 161 162 2812
3 237 238 2813
3 2563 2392 2649
3 2353 2507 2663
3 2506 2352 2664
3 2329 2563 2649
3 483 481 2660
3 2491 2349 2631
3 2350 2492 2630
3 2520 2337 2589
3 2336 2519 2588
3 2631 2349 2816
3 2350 2630 2815
3 371 19 2631
3 14 279 2630
3 167 169 2617
3 230 233 2616
3 2547 402 2735
3 499 2548 2734
3 2515 2336 2671
3 2337 2516 2670
3 320 2696 2733
3 2366 2490 2796
3 2577 2407 2769
3 2408 2578 2768
3 402 401 2735
3 501 499 2734
3 26 412 2786
3 489 42 2787
3 2452 2512 2729
3 2378 2536 2745
3 2701 316 2732
3 2624 2390 2674
3 2289 2615 2717
3 2531 2367 2676
3 2368 2532 2677
3 2538 2442 2738
3 2338 2568 2805
3 2484 306 2758
3 330 2485 2759
3 2508 2382 2826
3 286 2531 2676
3 2532 351 2677
3 372 374 2608
3 520 518 2607
3 2570 2351 2707
3 2296 2509 2682
3 2510 2295 2681
3 2429 2627 2804
3 2408 2500 2838
3 2501 2407 2839
3 2436 2652 2802
3 2503 5 2744
3 8 2502 2743
3 385 386 2850
3 515 512 2849
3 2536 2378 2700
3 2334 2536 2700
3 2594 240 2833
3 158 2593 2832
3 472 2536 2684
3 2298 2508 2826
3 2375 2505 2753
3 2504 2374 2752
3 2288 2523 2674
3 280 2614 2851
3 2613 357 2852
3 267 2687 2792
3 2688 359 2793
3 2505 2322 2753
3 2323 2504 2752
3 408 407 2598
3 494 492 2599
3 2306 2512 2799
3 2509 2427 2821
3 2426 2510 2820
3 2317 2539 2751
3 2567 2386 2774
3 2387 2566 2775
3 2817 2406 2819
3 2539 2393 2751
3 2514 2297 2711
3 2518 2403 2694
3 2553 2333 2619
3 2589 489 2787
3 412 2588 2786
3 2500 2389 2779
3 2388 2501 2778
3 2648 2362 2758
3 2363 2647 2759
3 2512 2410 2729
3 2524 2299 2748
3 505 503 2672
3 398 397 2673
3 386 2519 2850
3 2520 515 2849
3 277 274 2723
3 366 368 2724
3 313 310 2773
3 326 324 2772
3 2431 2610 2799
3 2711 2381 2722
3 2297 2514 2771
3 2522 2367 2712
3 2368 2521 2713
3 2687 2444 2792
3 2445 2688 2793
3 2520 2589 2787
3 2588 2519 2786
3 388 26 2786
3 42 516 2787
3 2610 2306 2799
3 274 272 2856
3 364 366 2855
3 2382 2553 2619
3 462 460 2737
3 474 472 2684
3 2431 2569 2610
3 183 2541 2659
3 2540 217 2658
3 2380 2539 2718
3 2365 2614 2688
3 2613 2364 2687
3 2550 364 2855
3 272 2551 2856
3 2539 2317 2718
3 2569 2346 2610
3 2517 2741 2810
3 2741 2293 2810
3 2518 2331 2784
3 2627 2308 2804
3 2396 2738 2808
3 2614 2433 2851
3 2432 2613 2852
3 2525 2370 2715
3 2369 2526 2714
3 2544 222 2667
3 176 2543 2666
3 43 529 2835
3 383 22 2834
3 2345 2562 2620
3 2795 2403 2803
3 508 506 2632
3 395 393 2633
3 2637 2447 2842
3 2446 2636 2841
3 285 283 2635
3 354 353 2634
3 2358 2540 2658
3 2541 2359 2659
3 2533 2333 2699
3 2515 383 2834
3 529 2516 2835
3 293 291 2641
3 347 345 2640
3 451 449 2777
3 222 224 2667
3 174 176 2666
3 2299 2524 2827
3 2580 2465 2757
3 2547 2343 2689
3 2344 2548 2690
3 217 219 2658
3 181 183 2659
3 267 13 2687
3 17 359 2688
3 300 298 2650
3 339 337 2651
3 2538 2385 2785
3 453 451 2836
3 2519 388 2786
3 516 2520 2787
3 211 213 2653
3 187 188 2654
3 2524 2390 2827
3 337 335 2844
3 303 300 2843
3 2554 2356 2828
3 2357 2555 2829
3 2333 2572 2699
3 425 2597 2770
3 2572 2392 2699
3 2543 2360 2666
3 2361 2544 2667
3 2403 2691 2803
3 2298 2533 2800
3 2537 2366 2796
3 2533 2393 2800
3 2339 2621 2730
3 227 228 2661
3 171 173 2662
3 158 161 2705
3 238 240 2706
3 2342 2534 2721
3 2621 2324 2622
3 2642 2408 2838
3 2407 2643 2839
3 2397 2621 2622
3 2559 431 2655
3 2429 2791 2810
3 28 414 2683
3 288 286 2676
3 351 349 2677
3 343 341 2679
3 296 294 2678
3 2464 2571 2718
3 2384 2561 2726
3 2561 2302 2726
3 2701 2386 2762
3 2443 2701 2762
3 2565 2289 2717
3 2680 2301 2782
3 2446 2581 2756
3 2582 2447 2755
3 2384 2565 2717
3 2387 2696 2761
3 2386 2732 2774
3 2733 2387 2775
3 2696 2443 2761
3 2397 2537 2840
3 2537 2316 2840
3 2540 2369 2714
3 2370 2541 2715
3 2558 2351 2716
3 2458 2583 2817
3 2732 2453 2774
3 2454 2733 2775
3 2594 2357 2706
3 2356 2593 2705
3 255 2584 2767
3 2564 2371 2685
3 2632 506 2806
3 395 2633 2807
3 2584 2399 2767
3 467 464 2697
3 481 2568 2660
3 2586 451 2777
3 2643 2413 2846
3 2412 2642 2845
3 2621 2397 2730
3 451 2586 2836
3 444 443 2695
3 2301 2538 2738
3 2367 2543 2712
3 2544 2368 2713
3 2646 462 2737
3 414 2552 2683
3 199 196 2709
3 202 201 2710
3 2332 2535 2802
3 2379 2546 2760
3 2422 2575 2668
3 2574 2421 2669
3 2542 469 2794
3 2385 2538 2790
3 2377 2574 2669
3 2575 2376 2668
3 2300 2564 2685
3 2392 2585 2699
3 2538 2301 2790
3 2316 2537 2796
3 2542 2378 2745
3 2451 2730 2840
3 2537 2397 2818
3 2390 2629 2674
3 2549 2399 2854
3 2629 2288 2674
3 2375 2547 2735
3 2548 2374 2734
3 2553 2382 2736
3 458 456 2727
3 2289 2553 2736
3 2393 2539 2800
3 333 330 2759
3 306 304 2758
3 2289 2565 2847
3 2593 158 2705
3 240 2594 2706
3 469 467 2794
3 2565 2404 2847
3 2297 2549 2731
3 2388 2566 2749
3 2567 2389 2750
3 2566 2304 2749
3 2304 2567 2750
3 2561 2384 2717
3 2383 2545 2770
3 2592 2475 2708
3 2542 2425 2789
3 2332 2545 2781
3 2545 2383 2781
3 2618 2301 2738
3 2692 2482 2822
3 2483 2693 2823
3 2396 2618 2738
3 2425 2542 2794
3 2307 2801 2811
3 0 155 2841
3 244 9 2842
3 464 2573 2697
3 2635 283 2851
3 354 2634 2852
3 2669 2307 2811
3 2668 2376 2809
3 2587 2466 2801
3 252 255 2767
3 2591 2350 2720
3 2349 2590 2719
3 2723 274 2856
3 366 2724 2855
3 2300 2570 2707
3 195 193 2769
3 206 204 2768
3 2665 2293 2837
3 2372 2628 2831
3 2383 2597 2686
3 2597 2423 2686
3 2646 2372 2831
3 2409 2740 2742
3 487 485 2848
3 2740 2436 2742
3 2468 2551 2857
3 2550 2467 2858
3 268 267 2792
3 359 361 2793
3 2571 2380 2718
3 2722 2381 2725
3 2397 2622 2818
3 2415 2722 2725
3 2565 2384 2788
3 506 505 2806
3 397 395 2807
3 434 437 2831
3 364 2550 2858
3 2551 272 2857
3 2614 17 2688
3 13 2613 2687
3 2399 2549 2830
3 2393 2585 2754
3 2472 2595 2700
3 2696 2387 2733
3 357 354 2852
3 283 280 2851
3 2585 2290 2754
3 272 271 2857
3 362 364 2858
3 2595 2334 2700
3 2304 2566 2761
3 2308 2627 2686
3 2627 2383 2686
3 2376 2611 2765
3 2612 2377 2766
3 2380 2571 2836
3 2373 2592 2708
3 2567 2304 2762
3 2566 2387 2761
3 2386 2701 2732
3 2296 2554 2828
3 2555 2295 2829
3 2416 2550 2855
3 2551 2417 2856
3 2386 2567 2762
3 2672 2426 2806
3 2427 2673 2807
3 505 2672 2806
3 2673 397 2807
3 2558 487 2848
3 2338 2564 2776
3 2299 2572 2748
3 2553 2289 2847
3 2586 2380 2836
3 2304 2761 2762
3 2560 2338 2805
3 2657 2310 2797
3 2309 2656 2798
3 512 43 2835
3 22 385 2834
3 2417 2657 2797
3 2656 2416 2798
3 2761 2443 2762
3 2395 2582 2755
3 2581 2394 2756
3 2644 2376 2765
3 2377 2645 2766
3 2656 2309 2822
3 2310 2657 2823
3 2391 2580 2757
3 2418 2656 2822
3 2657 2419 2823
3 2606 2452 2783
3 2725 2292 2739
3 2645 2377 2811
3 2415 2725 2739
3 2324 2722 2728
3 2722 2415 2728
3 449 2580 2777
3 2411 2645 2811
3 2580 2391 2777
3 2754 2290 2808
3 2724 2434 2798
3 2435 2723 2797
3 2847 2404 2853
3 2805 2406 2817
3 361 2625 2793
3 2626 268 2792
3 2615 2289 2736
3 2416 2724 2798
3 2723 2417 2797
3 2292 2694 2739
3 2305 2698 2789
3 2694 2403 2739
3 2697 2425 2794
3 2597 2383 2770
3 467 2697 2794
3 2391 2586 2777
3 2374 2605 2752
3 2604 2375 2753
3 2707 2405 2776
3 2442 2754 2808
3 2305 2606 2783
3 2482 2812 2822
3 2813 2483 2823
3 2571 453 2836
3 2572 2333 2853
3 2812 2418 2822
3 2419 2813 2823
3 2394 2581 2832
3 2582 2395 2833
3 2399 2584 2854
3 2584 2373 2854
3 2611 2476 2765
3 2475 2612 2766
3 2741 2455 2837
3 2319 2644 2765
3 2645 2320 2766
3 2719 2296 2828
3 2295 2720 2829
3 2372 2646 2737
3 2581 156 2832
3 242 2582 2833
3 2583 2302 2817
3 2382 2619 2826
3 2307 2587 2801
3 2693 2310 2823
3 2309 2692 2822
3 2439 2719 2828
3 2720 2440 2829
3 2310 2704 2797
3 2703 2309 2798
3 2434 2703 2798
3 2704 2435 2797
3 2742 2436 2802
3 2415 2739 2795
3 9 2637 2842
3 2636 0 2841
3 2395 2594 2833
3 2593 2394 2832
3 2630 279 2815
3 371 2631 2816
3 2628 2372 2782
3 2414 2628 2782
3 2647 333 2759
3 304 2648 2758
3 2413 2772 2846
3 2773 2412 2845
3 2772 2454 2846
3 2453 2773 2845
3 2731 2549 2854
3 2390 2624 2827
3 2417 2723 2856
3 2724 2416 2855
3 485 2609 2848
3 2315 2795 2803
3 2628 434 2831
3 2372 2680 2782
3 2290 2675 2808
3 437 2646 2831
3 2450 2749 2750
3 2746 2402 2747
3 2751 2393 2754
3 2442 2751 2754
3 2301 2680 2790
3 2312 2774 2845
3 2775 2311 2846
3 2801 2411 2811
3 2401 2746 2747
3 2749 2304 2750
3 300 2650 2843
3 2651 337 2844
3 2774 2453 2845
3 2454 2775 2846
3 2306 2668 2809
3 2377 2669 2811
3 2675 2396 2808
3 2747 2305 2783
3 2682 2509 2821
3 2510 2681 2820
3 2353 2682 2821
3 2681 2352 2820
3 2691 2398 2803
3 2401 2747 2783
3 2739 2403 2795
3 2420 2791 2804
3 2791 2429 2804
3 2730 2397 2840
3 2293 2741 2837
3 2748 2572 2853
3 2373 2731 2854
3 2404 2748 2853
3 2779 2312 2838
3 2311 2778 2839
3 2778 2501 2839
3 2500 2779 2838
3 2861 2872 2868
3 2868 2872 2863
3 2868 2871 535
3 2863 2873 2871
3 2860 2865 2864
3 2871 2873 2862
3 2863 2871 2868
3 2864 2865 2862
3 546 2870 544
3 384 2869 387
3 2867 2870 546
3 387 2869 2866
3 560 2864 558
3 538 2865 540
3 535 2871 536
3 560 2874 2864
3 549 2867 546
3 387 2866 389
3 2864 2874 2860
3 555 2872 552
3 532 2868 535
3 542 2875 2869
3 2865 2875 540
3 2870 2878 531
3 2869 2883 542
3 531 2882 2870
3 2860 2875 2865
3 555 2884 2872
3 2866 2869 2860
3 2861 2870 2867
3 538 2877 2865
3 2865 2877 2862
3 46 2882 531
3 542 2883 24
3 557 2884 555
3 2862 2879 2864
3 2873 2884 557
3 550 2881 51
3 25 2880 562
3 540 2875 542
3 2864 2879 558
3 531 2878 532
3 2867 2876 2861
3 2868 2878 2861
3 562 2874 560
3 558 2879 557
3 2860 2874 2866
3 2871 2877 536
3 532 2878 2868
3 2861 2876 2872
3 384 2883 2869
3 2870 2882 544
3 389 2880 25
3 51 2881 549
3 536 2877 538
3 2861 2878 2870
3 2862 2877 2871
3 2874 2880 2866
3 557 2879 2873
3 552 2876 550
3 2869 2875 2860
3 549 2881 2867
3 2866 2880 389
3 562 2880 2874
3 2872 2876 552
3 2873 2879 2862
3 2872 2884 2863
3 2867 2881 2876
3 544 2882 46
3 24 2883 384
3 2876 2881 550
3 2863 2884 2873
3 2888 2911 2894
3 2894 2914 2888
3 2889 2912 2895
3 2895 2915 2889
3 566 2898 568
3 534 2899 533
3 2897 2912 2889
3 2885 2912 2897
3 566 2920 2898
3 2899 2921 533
3 2886 2918 2896
3 2896 2919 2886
3 2899 2905 2892
3 2891 2904 2898
3 2885 2922 2908
3 2890 2905 2899
3 2898 2904 2889
3 2889 2940 2897
3 2902 2932 2887
3 2888 2933 2903
3 2887 2932 2900
3 2901 2933 2888
3 2900 2913 2887
3 2888 2914 2901
3 2903 2922 2888
3 2893 2922 2903
3 2911 2922 2885
3 572 2913 574
3 541 2914 539
3 2908 2923 2885
3 2885 2923 2912
3 2914 2935 539
3 572 2934 2913
3 2897 2917 2885
3 2899 2926 2890
3 2889 2927 2898
3 375 2902 376
3 378 2903 380
3 2913 2923 2887
3 2914 2936 2901
3 2900 2937 2913
3 2895 2923 2913
3 582 2906 580
3 586 2907 584
3 2904 2940 2889
3 530 2921 2910
3 2909 2920 564
3 2885 2917 2911
3 2905 2924 2886
3 2892 2921 2899
3 2898 2920 2891
3 564 2920 566
3 533 2921 530
3 2924 2940 2886
3 2915 2927 2889
3 2890 2926 2916
3 2898 2927 568
3 534 2926 2899
3 582 2941 2906
3 2907 2941 584
3 373 2939 2932
3 2933 2938 382
3 2886 2919 2905
3 2904 2918 2886
3 2917 2928 2911
3 2905 2919 2892
3 2891 2918 2904
3 2913 2934 2895
3 2894 2935 2914
3 2902 2925 376
3 378 2925 2903
3 2896 2918 2906
3 2907 2919 2896
3 2906 2941 2896
3 2896 2941 2907
3 2906 2918 2891
3 2892 2919 2907
3 2891 2931 2906
3 2907 2930 2892
3 2903 2925 2893
3 2893 2925 2902
3 2932 2939 2900
3 2901 2938 2933
3 2909 2931 2891
3 2892 2930 2910
3 2908 2922 2893
3 373 2932 375
3 380 2933 382
3 2886 2940 2904
3 2890 2924 2905
3 579 2931 2909
3 2910 2930 588
3 2897 2940 2924
3 375 2932 2902
3 2903 2933 380
3 2887 2929 2902
3 588 2930 586
3 580 2931 579
3 2911 2928 2894
3 2891 2920 2909
3 2910 2921 2892
3 2888 2922 2911
3 537 2926 534
3 568 2927 570
3 2902 2929 2893
3 2887 2923 2908
3 2916 2928 2890
3 2894 2928 2916
3 2906 2931 580
3 586 2930 2907
3 577 2939 21
3 23 2938 543
3 2912 2923 2895
3 539 2935 537
3 570 2934 572
3 530 2942 48
3 52 2943 564
3 2916 2926 537
3 570 2927 2915
3 2909 2943 579
3 588 2942 2910
3 382 2938 23
3 21 2939 373
3 2893 2929 2908
3 376 2925 378
3 537 2935 2916
3 2915 2934 570
3 2908 2929 2887
3 543 2938 2936
3 2937 2939 577
3 543 2936 541
3 574 2937 577
3 2917 2924 2890
3 2936 2938 2901
3 2900 2939 2937
3 2897 2924 2917
3 2910 2942 530
3 564 2943 2909
3 584 2941 582
3 541 2936 2914
3 2913 2937 574
3 579 2943 52
3 48 2942 588
3 2895 2934 2915
3 2916 2935 2894
3 2890 2928 2917
3 2957 2969 2945
3 2950 2970 2959
3 2949 2971 2957
3 2958 2972 2947
3 2961 2979 367
3 606 2981 2965
3 592 2982 2968
3 2967 2984 569
3 573 2978 2962
3 363 2980 2964
3 2963 2977 594
3 2966 2983 602
3 2951 2989 2962
3 2963 2990 2950
3 2966 2991 2952
3 367 2974 2961
3 2965 2976 606
3 569 2973 2967
3 2968 2975 592
3 2969 2995 2945
3 2972 2996 2947
3 2951 2969 2958
3 2960 2970 2948
3 2959 2971 2946
3 2952 2972 2960
3 2971 2993 2957
3 2970 2994 2959
3 591 2982 592
3 367 2979 369
3 569 2984 567
3 608 2981 606
3 360 2980 363
3 602 2983 600
3 594 2977 595
3 575 2978 573
3 2992 3012 2949
3 2960 3009 2944
3 594 2990 2963
3 2962 2989 573
3 2964 2992 363
3 602 2991 2966
3 2957 2986 2949
3 2958 2985 2951
3 2946 2987 2959
3 2960 2988 2952
3 2944 2994 2960
3 2945 2986 2957
3 2948 2988 2960
3 2947 2985 2958
3 2959 2987 2950
3 2968 3011 2950
3 2952 2976 2965
3 2967 2973 2951
3 2961 2974 2949
3 2950 2975 2968
3 2965 2996 2952
3 2962 2995 2951
3 2950 2987 2963
3 2949 2986 2961
3 2951 2985 2967
3 2952 2988 2966
3 2973 2989 2951
3 2950 2990 2975
3 2974 2992 2949
3 2952 2991 2976
3 2986 3001 2961
3 2945 3001 2986
3 2987 3002 2963
3 365 2974 367
3 606 2976 604
3 592 2975 593
3 571 2973 569
3 2946 3002 2987
3 2964 3012 2992
3 2959 2994 2993
3 2993 2994 2944
3 2946 3012 3007
3 596 2998 18
3 20 2997 576
3 370 2997 20
3 54 2999 610
3 565 2999 54
3 56 3000 590
3 18 2998 358
3 597 3000 56
3 2971 3012 2946
3 2950 3011 2970
3 2965 3003 2996
3 2958 3010 3009
3 2969 3010 2958
3 2972 3009 2960
3 2996 3003 2947
3 2951 2995 2969
3 2952 2996 2972
3 2960 2994 2970
3 2959 2993 2971
3 3007 3012 2964
3 2948 3008 2988
3 2947 3006 2985
3 2985 3006 2967
3 2988 3008 2966
3 363 2992 365
3 604 2991 602
3 593 2990 594
3 573 2989 571
3 2970 3011 2948
3 2949 3012 2971
3 2957 3010 2969
3 3009 3010 2944
3 2958 3009 2972
3 3004 3011 2968
3 610 3018 608
3 369 3016 370
3 358 3015 360
3 590 3019 591
3 600 3017 597
3 576 3013 575
3 567 3020 565
3 595 3014 596
3 2976 2991 604
3 365 2992 2974
3 571 2989 2973
3 2975 2990 593
3 2961 3001 2979
3 2981 3003 2965
3 2963 3002 2977
3 2982 3004 2968
3 2954 3007 2980
3 2953 3005 2978
3 2984 3006 2955
3 2983 3008 2956
3 2962 3005 2995
3 2995 3005 2945
3 3002 3007 2954
3 3001 3005 2953
3 2955 3006 3003
3 2956 3008 3004
3 2948 3011 3004
3 2993 3010 2957
3 2944 3010 2993
3 2978 3013 2953
3 2953 3016 2979
3 2954 3014 2977
3 2980 3015 2954
3 2956 3017 2983
3 2982 3019 2956
3 2981 3018 2955
3 2955 3020 2984
3 2979 3001 2953
3 2977 3002 2954
3 2956 3004 2982
3 2955 3003 2981
3 2979 3016 369
3 608 3018 2981
3 575 3013 2978
3 2977 3014 595
3 360 3015 2980
3 2983 3017 600
3 2984 3020 567
3 591 3019 2982
3 2978 3005 2962
3 2980 3007 2964
3 2966 3008 2983
3 2967 3006 2984
3 2953 3013 2997
3 2997 3016 2953
3 2998 3014 2954
3 2954 3015 2998
3 2999 3020 2955
3 3000 3017 2956
3 2956 3019 3000
3 2955 3018 2999
3 2946 3007 3002
3 2945 3005 3001
3 3003 3006 2947
3 3004 3008 2948
3 597 3017 3000
3 596 3014 2998
3 2997 3013 576
3 2998 3015 358
3 370 3016 2997
3 2999 3018 610
3 3000 3019 590
3 565 3020 2999
3 3034 3022 3046
3 3027 3036 3047
3 3026 3034 3048
3 3035 3024 3049
3 3038 275 3056
3 634 3041 3058
3 641 3045 3060
3 3044 616 3061
3 620 3040 3054
3 270 3042 3057
3 3039 643 3055
3 3043 630 3059
3 3028 3040 3066
3 3039 3027 3067
3 3043 3029 3068
3 275 3038 3051
3 3041 634 3053
3 616 3044 3050
3 3045 641 3052
3 3046 3022 3072
3 3049 3024 3073
3 3028 3035 3046
3 3036 3023 3048
3 3037 3025 3047
3 3029 3037 3049
3 3048 3034 3070
3 3047 3036 3071
3 640 641 3060
3 275 276 3056
3 616 613 3061
3 636 634 3058
3 269 270 3057
3 630 628 3059
3 643 644 3055
3 622 620 3054
3 3069 3026 3089
3 3037 3021 3086
3 643 3039 3067
3 3040 620 3066
3 3042 270 3069
3 630 3043 3068
3 3034 3026 3064
3 3035 3028 3062
3 3023 3036 3063
3 3037 3029 3065
3 3021 3037 3071
3 3022 3034 3064
3 3025 3037 3065
3 3024 3035 3062
3 3036 3027 3063
3 3045 3027 3088
3 3029 3041 3053
3 3044 3028 3050
3 3038 3026 3051
3 3027 3045 3052
3 3041 3029 3073
3 3040 3028 3072
3 3027 3039 3063
3 3026 3038 3064
3 3028 3044 3062
3 3029 3043 3065
3 3050 3028 3066
3 3027 3052 3067
3 3051 3026 3069
3 3029 3053 3068
3 3064 3038 3078
3 3065 3043 3081
3 3022 3064 3078
3 3025 3065 3081
3 3063 3039 3079
3 273 275 3051
3 634 632 3053
3 641 642 3052
3 618 616 3050
3 3023 3063 3079
3 3042 3069 3089
3 3036 3070 3071
3 3070 3021 3071
3 3023 3084 3089
3 645 12 3075
3 16 624 3074
3 278 16 3074
3 58 638 3076
3 611 58 3076
3 60 639 3077
3 12 266 3075
3 626 60 3077
3 3048 3023 3089
3 3027 3047 3088
3 3041 3073 3080
3 3035 3086 3087
3 3046 3035 3087
3 3049 3037 3086
3 3073 3024 3080
3 3028 3046 3072
3 3029 3049 3073
3 3037 3047 3071
3 3036 3048 3070
3 3084 3042 3089
3 3024 3062 3083
3 3062 3044 3083
3 270 273 3069
3 632 630 3068
3 642 643 3067
3 620 618 3066
3 3047 3025 3088
3 3026 3048 3089
3 3034 3046 3087
3 3086 3021 3087
3 3035 3049 3086
3 638 636 3095
3 276 278 3093
3 266 269 3092
3 639 640 3096
3 628 626 3094
3 624 622 3090
3 613 611 3097
3 644 645 3091
3 3053 632 3068
3 273 3051 3069
3 618 3050 3066
3 3052 642 3067
3 3038 3056 3078
3 3058 3041 3080
3 3039 3055 3079
3 3043 3059 3081
3 3031 3057 3084
3 3030 3054 3082
3 3033 3060 3085
3 3061 3032 3083
3 3040 3072 3082
3 3072 3022 3082
3 3079 3031 3084
3 3078 3030 3082
3 3081 3033 3085
3 3032 3080 3083
3 3070 3034 3087
3 3021 3070 3087
3 3054 3030 3090
3 3030 3056 3093
3 3031 3055 3091
3 3057 3031 3092
3 3033 3059 3094
3 3060 3033 3096
3 3058 3032 3095
3 3032 3061 3097
3 3056 3030 3078
3 3055 3031 3079
3 3032 3058 3080
3 3059 3033 3081
3 3056 276 3093
3 636 3058 3095
3 622 3054 3090
3 3055 644 3091
3 269 3057 3092
3 3059 628 3094
3 3061 613 3097
3 640 3060 3096
3 3054 3040 3082
3 3057 3042 3084
3 3044 3061 3083
3 3060 3045 3085
3 3030 3074 3090
3 3074 3030 3093
3 3075 3031 3091
3 3031 3075 3092
3 3076 3032 3097
3 3077 3033 3094
3 3033 3077 3096
3 3032 3076 3095
3 3023 3079 3084
3 3022 3078 3082
3 3025 3081 3085
3 3080 3024 3083
3 626 3077 3094
3 645 3075 3091
3 3074 624 3090
3 3075 266 3092
3 278 3074 3093
3 3076 638 3095
3 3077 639 3096
3 611 3076 3097
3 3025 3085 3088
3 3085 3045 3088
3 3148 3250 3144
3 3144 3237 3148
3 3148 3237 640
3 3249 3147 3143
3 722 3148 60
3 3148 639 60
3 3147 646 56
3 590 3147 56
3 645 3146 12
3 3146 356 12
3 3145 596 18
3 281 3145 18
3 3235 3143 3147
3 3250 3148 722
3 3235 3147 591
3 3147 3249 646
3 3248 3146 3142
3 3146 3248 356
3 3148 640 639
3 3238 3142 3146
3 3247 3145 281
3 591 3147 590
3 3138 3238 3233
3 644 3146 645
3 3238 643 3233
3 3237 3140 3234
3 3145 595 596
3 641 3237 3234
3 3236 3137 3231
3 594 3236 3231
3 3139 3235 3232
3 3235 592 3232
3 3238 3146 644
3 643 3238 644
3 3145 3247 3141
3 3237 641 640
3 3141 3236 3145
3 3236 594 595
3 3145 3236 595
3 592 3235 591
3 3144 3250 3246
3 3250 720 3246
3 3249 3143 3245
3 648 3249 3245
3 3248 3142 3244
3 355 3248 3244
3 3141 3247 3243
3 3247 282 3243
3 720 3250 722
3 3249 648 646
3 3248 355 356
3 282 3247 281
3 3337 3130 3336
3 3246 718 3230
3 3243 284 3252
3 3400 3252 284
3 3098 3337 3336
3 352 3244 3229
3 3245 3143 3135
3 3252 3153 3404
3 3397 3128 3333
3 3128 3396 3332
3 3397 3127 3128
3 3127 3396 3128
3 3325 3221 3333
3 3136 3246 3230
3 718 3246 720
3 3221 3319 3220
3 3139 3135 3143
3 3245 650 648
3 3395 3126 3127
3 3144 3246 3136
3 3244 352 355
3 3126 3394 3127
3 3404 3153 3149
3 284 3243 282
3 3242 3132 3226
3 3242 3136 3152
3 3393 3126 3331
3 3126 3392 3330
3 3132 3241 3225
3 3134 3241 3150
3 3393 3125 3126
3 3125 3392 3126
3 3130 3240 3224
3 3135 3240 3151
3 3226 3140 3242
3 3140 3136 3242
3 3239 3130 3223
3 3239 3133 3149
3 3391 3124 3125
3 3124 3390 3125
3 3138 3225 3241
3 3134 3138 3241
3 3389 3123 3124
3 3123 3388 3124
3 3151 3337 3259
3 3337 3098 3259
3 3387 3122 3123
3 3122 3386 3123
3 3136 3140 3144
3 3336 3149 3258
3 3385 3121 3122
3 3121 3384 3122
3 3098 3336 3258
3 3244 3134 3229
3 3383 3120 3121
3 3120 3382 3121
3 3142 3238 3138
3 3391 3125 3393
3 3237 3144 3140
3 3217 3393 3218
3 3236 3141 3137
3 3381 3119 3120
3 3143 3235 3139
3 3119 3380 3120
3 3217 3391 3393
3 3234 3140 3226
3 3234 642 641
3 3125 3390 3392
3 3138 3233 3225
3 642 3233 643
3 3379 3118 3119
3 3139 3232 3224
3 593 3232 592
3 3118 3378 3119
3 3231 3137 3223
3 3231 593 594
3 3392 3182 3183
3 3390 3182 3392
3 3377 3117 3118
3 3117 3376 3118
3 3389 3124 3391
3 3216 3391 3217
3 3375 3116 3117
3 3116 3374 3117
3 3216 3389 3391
3 3124 3388 3390
3 3373 3115 3116
3 3115 3372 3116
3 3244 3142 3134
3 3138 3134 3142
3 3141 3243 3133
3 3133 3137 3141
3 3227 3224 3232
3 593 3227 3232
3 3234 3226 3228
3 642 3234 3228
3 3390 3181 3182
3 3228 3132 3225
3 3132 3228 3226
3 3388 3181 3390
3 3371 3114 3115
3 3130 3227 3223
3 3227 3130 3224
3 3114 3370 3115
3 3387 3123 3389
3 3215 3389 3216
3 3369 3113 3114
3 3113 3368 3114
3 3215 3387 3389
3 3123 3386 3388
3 3367 3112 3113
3 3112 3366 3113
3 3388 3180 3181
3 3386 3180 3388
3 3365 3111 3112
3 3111 3364 3112
3 3385 3122 3387
3 3214 3387 3215
3 3363 3110 3111
3 3110 3362 3111
3 3214 3385 3387
3 3122 3384 3386
3 3361 3109 3110
3 3109 3360 3110
3 3386 3179 3180
3 3384 3179 3386
3 3359 3108 3109
3 3108 3358 3109
3 3383 3121 3385
3 3213 3385 3214
3 3357 3107 3108
3 3107 3356 3108
3 3213 3383 3385
3 3121 3382 3384
3 3355 3106 3107
3 3106 3354 3107
3 3384 3178 3179
3 3382 3178 3384
3 3353 3105 3106
3 3105 3352 3106
3 3381 3120 3383
3 3212 3383 3213
3 3351 3104 3105
3 3104 3350 3105
3 3349 3104 3329
3 3104 3348 3328
3 3349 3103 3104
3 3103 3348 3104
3 3220 3333 3221
3 3186 3324 3332
3 3347 3102 3103
3 3102 3346 3103
3 3290 3186 3185
3 3332 3185 3186
3 3345 3101 3102
3 3101 3344 3102
3 3220 3397 3333
3 3219 3397 3220
3 3343 3100 3101
3 3100 3342 3101
3 3220 3318 3219
3 3396 3185 3332
3 3327 3099 3100
3 3099 3326 3100
3 3152 3399 3242
3 3132 3399 3251
3 3399 3132 3242
3 3398 3150 3241
3 3398 3132 3251
3 3132 3398 3241
3 3212 3381 3383
3 3120 3380 3382
3 3382 3177 3178
3 3380 3177 3382
3 3223 3227 3231
3 3225 3233 3228
3 3227 593 3231
3 3233 642 3228
3 3251 3399 3335
3 3399 3152 3335
3 3335 3129 3251
3 3398 3251 3334
3 3150 3398 3334
3 3129 3334 3251
3 3131 3341 3259
3 3341 3189 3259
3 3259 3098 3131
3 3340 3131 3258
3 3154 3340 3258
3 3098 3258 3131
3 652 3339 3257
3 3339 3188 3257
3 3257 654 652
3 3338 287 3256
3 3153 3338 3256
3 289 3256 287
3 3396 3184 3185
3 3289 3185 3184
3 3351 3197 3329
3 3379 3119 3381
3 3323 3190 3189
3 3257 3189 3190
3 3155 3322 3154
3 3154 3256 3155
3 3211 3381 3212
3 3211 3379 3381
3 3119 3378 3380
3 3380 3176 3177
3 3197 3295 3196
3 3196 3329 3197
3 3162 3350 3328
3 3378 3176 3380
3 3266 3162 3161
3 3328 3161 3162
3 3219 3395 3397
3 3395 3219 3331
3 3219 3317 3218
3 3218 3331 3219
3 3377 3118 3379
3 3218 3393 3331
3 3218 3316 3217
3 3210 3379 3211
3 3210 3377 3379
3 3118 3376 3378
3 3217 3315 3216
3 3378 3175 3176
3 3376 3175 3378
3 3375 3117 3377
3 3216 3314 3215
3 3209 3377 3210
3 3209 3375 3377
3 3117 3374 3376
3 3215 3313 3214
3 3376 3174 3175
3 3374 3174 3376
3 3373 3116 3375
3 3214 3312 3213
3 3208 3375 3209
3 3208 3373 3375
3 3116 3372 3374
3 3213 3311 3212
3 3374 3173 3174
3 3372 3173 3374
3 3371 3115 3373
3 3212 3310 3211
3 3207 3373 3208
3 3207 3371 3373
3 3115 3370 3372
3 3211 3309 3210
3 3372 3172 3173
3 3370 3172 3372
3 3369 3114 3371
3 3210 3308 3209
3 3206 3371 3207
3 3206 3369 3371
3 3114 3368 3370
3 3294 3195 3196
3 3329 3196 3195
3 3370 3171 3172
3 3209 3307 3208
3 3368 3171 3370
3 3367 3113 3369
3 3205 3369 3206
3 3205 3367 3369
3 3113 3366 3368
3 3208 3306 3207
3 3368 3170 3171
3 3366 3170 3368
3 3365 3112 3367
3 3207 3305 3206
3 3204 3367 3205
3 3204 3365 3367
3 3112 3364 3366
3 3206 3304 3205
3 3366 3169 3170
3 3364 3169 3366
3 3363 3111 3365
3 3205 3303 3204
3 3203 3365 3204
3 3203 3363 3365
3 3111 3362 3364
3 3204 3302 3203
3 3364 3168 3169
3 3362 3168 3364
3 3361 3110 3363
3 3203 3301 3202
3 3202 3363 3203
3 3202 3361 3363
3 3110 3360 3362
3 3202 3300 3201
3 3362 3167 3168
3 3360 3167 3362
3 3359 3109 3361
3 3201 3299 3200
3 3201 3361 3202
3 3201 3359 3361
3 3109 3358 3360
3 3200 3298 3199
3 3360 3166 3167
3 3358 3166 3360
3 3357 3108 3359
3 3199 3297 3198
3 3200 3359 3201
3 3200 3357 3359
3 3108 3356 3358
3 3198 3296 3197
3 3358 3165 3166
3 3394 3184 3396
3 3184 3394 3330
3 3288 3184 3183
3 3330 3183 3184
3 3356 3165 3358
3 3160 3265 3161
3 3161 3328 3160
3 3355 3107 3357
3 3392 3183 3330
3 3199 3357 3200
3 3287 3183 3182
3 3199 3355 3357
3 3107 3354 3356
3 3319 3221 3321
3 3356 3164 3165
3 714 3319 3321
3 3186 3290 3320
3 3354 3164 3356
3 3290 348 3320
3 3221 3335 3222
3 3335 3221 3325
3 3129 3335 3325
3 3334 3186 3187
3 3186 3334 3324
3 3334 3129 3324
3 3222 3321 3221
3 3321 3222 3255
3 716 3321 3255
3 3320 3187 3186
3 3187 3320 3253
3 3320 350 3253
3 3261 3191 3291
3 3353 3106 3355
3 656 3261 3291
3 3156 3260 3262
3 3198 3355 3199
3 3260 290 3262
3 3318 3220 3319
3 3286 3182 3181
3 712 3318 3319
3 3317 3219 3318
3 3198 3353 3355
3 710 3317 3318
3 3316 3218 3317
3 3106 3352 3354
3 709 3316 3317
3 3315 3217 3316
3 3354 3163 3164
3 706 3315 3316
3 3314 3216 3315
3 3285 3181 3180
3 704 3314 3315
3 3313 3215 3314
3 3352 3163 3354
3 703 3313 3314
3 3312 3214 3313
3 3351 3105 3353
3 700 3312 3313
3 3311 3213 3312
3 3197 3351 3353
3 698 3311 3312
3 3310 3212 3311
3 3284 3180 3179
3 696 3310 3311
3 3309 3211 3310
3 3197 3353 3198
3 695 3309 3310
3 3308 3210 3309
3 3105 3350 3352
3 693 3308 3309
3 3307 3209 3308
3 3350 3162 3352
3 691 3307 3308
3 3306 3208 3307
3 3283 3179 3178
3 689 3306 3307
3 3305 3207 3306
3 3352 3162 3163
3 687 3305 3306
3 3304 3206 3305
3 3191 3323 3327
3 685 3304 3305
3 3303 3205 3304
3 3191 3261 3190
3 683 3303 3304
3 3302 3204 3303
3 3282 3178 3177
3 680 3302 3303
3 3301 3203 3302
3 3190 3323 3191
3 678 3301 3302
3 3300 3202 3301
3 3322 3156 3326
3 677 3300 3301
3 3299 3201 3300
3 3260 3156 3155
3 674 3299 3300
3 3298 3200 3299
3 3281 3177 3176
3 673 3298 3299
3 3297 3199 3298
3 3322 3155 3156
3 670 3297 3298
3 3296 3198 3297
3 3325 3128 3129
3 668 3296 3297
3 3295 3197 3296
3 3128 3324 3129
3 666 3295 3296
3 3294 3196 3295
3 3195 3294 3194
3 664 3294 3295
3 3293 3194 3294
3 3291 3191 3192
3 3343 3192 3191
3 3292 3193 3293
3 3343 3191 3327
3 660 3292 3293
3 3291 3192 3292
3 3156 3262 3157
3 658 3291 3292
3 3185 3289 3290
3 3280 3176 3175
3 3289 346 3290
3 3184 3288 3289
3 3157 3342 3156
3 3288 344 3289
3 3183 3287 3288
3 3156 3342 3326
3 3287 342 3288
3 3182 3286 3287
3 3293 3193 3194
3 3286 340 3287
3 3181 3285 3286
3 3279 3175 3174
3 3285 338 3286
3 3180 3284 3285
3 3347 3194 3193
3 3284 336 3285
3 3179 3283 3284
3 3347 3193 3345
3 3283 334 3284
3 3178 3282 3283
3 3158 3264 3159
3 3282 332 3283
3 3177 3281 3282
3 3278 3174 3173
3 3281 331 3282
3 3176 3280 3281
3 3159 3346 3158
3 3280 329 3281
3 3175 3279 3280
3 3158 3346 3344
3 3279 327 3280
3 3174 3278 3279
3 3292 3192 3193
3 3278 325 3279
3 3173 3277 3278
3 3277 3173 3172
3 3277 323 3278
3 3172 3276 3277
3 3345 3193 3192
3 3276 321 3277
3 3171 3275 3276
3 3345 3192 3343
3 3275 319 3276
3 3170 3274 3275
3 3157 3263 3158
3 3274 317 3275
3 3169 3273 3274
3 3276 3172 3171
3 3273 315 3274
3 3168 3272 3273
3 3158 3344 3157
3 3272 312 3273
3 3167 3271 3272
3 3157 3344 3342
3 3271 311 3272
3 3166 3270 3271
3 3409 663 3293
3 3270 309 3271
3 3165 3269 3270
3 3275 3171 3170
3 3269 307 3270
3 3164 3268 3269
3 3409 3294 664
3 3268 305 3269
3 3163 3267 3268
3 3294 3409 3293
3 3267 302 3268
3 3162 3266 3267
3 663 3409 664
3 3266 301 3267
3 3161 3265 3266
3 3265 3160 3159
3 3265 299 3266
3 3159 3264 3265
3 297 3408 3264
3 3265 3408 299
3 3158 3263 3264
3 3408 3265 3264
3 3263 295 3264
3 3157 3262 3263
3 3408 297 299
3 3262 292 3263
3 3274 3170 3169
3 3229 3401 352
3 350 3401 3253
3 3402 652 650
3 3273 3169 3168
3 650 3245 3254
3 3254 3402 650
3 3254 3339 3402
3 716 3403 718
3 3272 3168 3167
3 3230 3403 3255
3 3403 3230 718
3 3403 716 3255
3 3404 3149 3133
3 3271 3167 3166
3 3402 3339 652
3 3188 3254 3406
3 3126 3395 3331
3 3188 3406 3151
3 3394 3126 3330
3 3270 3166 3165
3 3150 3405 3134
3 3229 3405 3253
3 3405 3229 3134
3 3405 3150 3253
3 3151 3406 3135
3 3291 658 656
3 348 3290 346
3 3269 3165 3164
3 3338 3252 3400
3 3407 3152 3136
3 3407 3230 3255
3 3230 3407 3136
3 3152 3407 3255
3 3401 3229 3253
3 3401 350 352
3 3268 3164 3163
3 3338 3400 287
3 346 3289 344
3 344 3288 342
3 287 3400 284
3 3348 3160 3328
3 3195 3349 3329
3 3188 3339 3254
3 3267 3163 3162
3 3406 3254 3245
3 3338 3153 3252
3 3406 3245 3135
3 3349 3195 3347
3 3299 674 673
3 3103 3349 3347
3 3298 673 670
3 3297 670 668
3 3296 668 666
3 3194 3347 3195
3 3295 666 664
3 3160 3348 3346
3 3308 693 691
3 3348 3103 3346
3 3293 663 660
3 3292 660 658
3 3307 691 689
3 3346 3159 3160
3 3253 3150 3187
3 3395 3127 3397
3 3306 689 687
3 3127 3394 3396
3 3305 687 685
3 3304 685 683
3 3252 3404 3243
3 3102 3347 3345
3 3303 683 680
3 3302 680 678
3 3301 678 677
3 3337 3151 3240
3 3130 3337 3240
3 3300 677 674
3 3149 3336 3239
3 3346 3102 3344
3 3336 3130 3239
3 3222 3335 3152
3 3334 3187 3150
3 3323 3131 3099
3 3131 3322 3099
3 3321 716 714
3 350 3320 348
3 3101 3345 3343
3 3319 714 712
3 3318 712 710
3 3131 3340 3322
3 3340 3154 3322
3 3341 3131 3323
3 3189 3341 3323
3 3317 710 709
3 3344 3101 3342
3 3316 709 706
3 3315 706 704
3 3314 704 703
3 3256 289 3260
3 3155 3256 3260
3 3128 3325 3333
3 654 3257 3261
3 3257 3190 3261
3 3313 703 700
3 3324 3128 3332
3 3104 3351 3329
3 3152 3255 3222
3 3350 3104 3328
3 3224 3240 3139
3 3240 3135 3139
3 3239 3223 3137
3 3133 3239 3137
3 3323 3099 3327
3 3312 700 698
3 3099 3322 3326
3 3311 698 696
3 3256 3154 3153
3 3189 3257 3188
3 3258 3153 3154
3 3153 3258 3149
3 3310 696 695
3 3100 3343 3327
3 3243 3404 3133
3 3342 3100 3326
3 3188 3259 3189
3 3259 3188 3151
3 290 3260 289
3 3261 656 654
3 292 3262 290
3 295 3263 292
3 297 3264 295
3 3309 695 693
3 301 3266 299
3 302 3267 301
3 305 3268 302
3 307 3269 305
3 309 3270 307
3 311 3271 309
3 312 3272 311
3 315 3273 312
3 317 3274 315
3 319 3275 317
3 321 3276 319
3 323 3277 321
3 325 3278 323
3 327 3279 325
3 329 3280 327
3 331 3281 329
3 332 3282 331
3 334 3283 332
3 336 3284 334
3 338 3285 336
3 340 3286 338
3 342 3287 340
3 3435 3480 3496
3 3492 3431 3435
3 3480 3435 3431
3 3494 3478 3434
3 3434 3430 3493
3 3430 3434 3478
3 3433 3479 3495
3 3491 3429 3433
3 3479 3433 3429
3 3497 3481 3432
3 3432 3428 3490
3 3428 3432 3481
3 3435 3439 740
3 771 3438 3434
3 3433 3437 243
3 212 3436 3432
3 775 67 3439
3 3439 67 739
3 3439 739 740
3 772 64 3438
3 771 772 3438
3 3438 64 725
3 736 11 3437
3 3437 11 245
3 3437 245 243
3 3436 6 786
3 210 6 3436
3 212 210 3436
3 3496 3439 3435
3 3496 775 3439
3 3434 3438 3494
3 3438 725 3494
3 3495 3437 3433
3 3495 736 3437
3 3432 3436 3497
3 3436 786 3497
3 3430 3485 3493
3 3493 3485 769
3 3492 3484 3431
3 742 3484 3492
3 3491 3483 3429
3 241 3483 3491
3 3428 3482 3490
3 3490 3482 214
3 785 3481 3497
3 3504 3506 3505
3 3496 3480 777
3 3505 3476 3504
3 3495 3479 734
3 3571 3570 3421
3 727 3478 3494
3 3410 3570 3571
3 3493 771 3434
3 769 771 3493
3 3435 740 3492
3 3492 740 742
3 3433 243 3491
3 3491 243 241
3 3490 212 3432
3 214 212 3490
3 3497 786 785
3 777 775 3496
3 734 736 3495
3 3494 725 727
3 3546 3560 3469
3 3419 3560 3546
3 3560 3419 3418
3 3418 3419 3559
3 3461 3536 3534
3 3468 3469 3560
3 3558 3418 3417
3 3417 3418 3557
3 3461 3460 3514
3 3505 3443 3426
3 3455 3559 3545
3 3545 3559 3419
3 3460 3461 3534
3 3504 3567 3441
3 3556 3417 3416
3 3416 3417 3555
3 3421 3477 3503
3 3427 3442 3503
3 3533 3535 3447
3 3559 3455 3454
3 3502 3477 3421
3 3502 3440 3424
3 3554 3416 3415
3 3415 3416 3553
3 783 3488 3501
3 3424 3481 3501
3 3501 3488 3424
3 3513 3446 3447
3 3500 3489 778
3 3500 3480 3427
3 3427 3489 3500
3 3533 3447 3446
3 3499 3486 732
3 3499 3479 3425
3 3425 3486 3499
3 3528 3467 3466
3 729 3487 3498
3 3426 3478 3498
3 3498 3487 3426
3 3558 3466 3467
3 3558 3556 3466
3 3418 3558 3560
3 781 778 3489
3 3552 3415 3414
3 3414 3415 3551
3 3488 783 781
3 3452 3453 3520
3 3453 3452 3557
3 3487 729 731
3 3550 3414 3413
3 3413 3414 3549
3 731 732 3486
3 3452 3555 3557
3 3430 3475 3485
3 767 769 3485
3 3559 3557 3418
3 3484 3474 3431
3 3484 742 744
3 3548 3413 3412
3 3483 3473 3429
3 3483 241 239
3 3412 3413 3547
3 3428 3472 3482
3 216 214 3482
3 3481 3424 3428
3 3431 3427 3480
3 3429 3425 3479
3 3478 3426 3430
3 3527 3466 3465
3 3556 3465 3466
3 3536 3412 3411
3 3411 3412 3535
3 3530 3470 3469
3 3556 3554 3465
3 3455 3456 3522
3 3417 3556 3558
3 3451 3452 3519
3 3540 3510 3458
3 3452 3451 3555
3 3451 3553 3555
3 3444 3509 3539
3 3481 785 3501
3 3422 3512 3542
3 3542 3512 3459
3 3512 3422 3410
3 3541 3511 3422
3 3445 3511 3541
3 3410 3422 3511
3 3534 3459 3460
3 3510 3460 3459
3 3446 3445 3533
3 3445 3446 3509
3 3501 785 783
3 3500 777 3480
3 778 777 3500
3 3526 3465 3464
3 3554 3464 3465
3 3554 3552 3464
3 3450 3451 3518
3 3451 3450 3553
3 3450 3551 3553
3 3523 3462 3461
3 3548 3461 3462
3 3557 3555 3417
3 3548 3536 3461
3 3447 3448 3515
3 3448 3447 3547
3 3447 3535 3547
3 3499 734 3479
3 732 734 3499
3 3478 727 3498
3 3416 3554 3556
3 3498 727 729
3 3529 3468 3467
3 3560 3467 3468
3 3560 3558 3467
3 3453 3454 3521
3 3454 3453 3559
3 3453 3557 3559
3 3555 3553 3416
3 3525 3464 3463
3 3552 3463 3464
3 3552 3550 3463
3 3449 3450 3517
3 3471 3470 3532
3 3532 3508 3471
3 767 3508 3532
3 3531 3456 3457
3 3457 3507 3531
3 3531 3507 239
3 3470 3471 3538
3 3450 3449 3551
3 3415 3552 3554
3 3537 3457 3456
3 3449 3549 3551
3 3524 3463 3462
3 3530 3532 3470
3 3469 3468 3530
3 3550 3462 3463
3 3456 3531 3522
3 3522 3454 3455
3 3550 3548 3462
3 3514 3523 3461
3 3448 3449 3516
3 3449 3448 3549
3 3447 3515 3513
3 3448 3547 3549
3 3530 3529 3573
3 3529 3530 3468
3 3573 3529 763
3 763 765 3573
3 3528 3529 3467
3 3572 3521 3522
3 761 3529 3528
3 3527 3528 3466
3 234 3521 3572
3 758 3528 3527
3 3526 3527 3465
3 3572 236 234
3 756 3527 3526
3 3525 3526 3464
3 3540 3458 3474
3 755 3526 3525
3 3524 3525 3463
3 3474 3458 3442
3 753 3525 3524
3 3523 3524 3462
3 3472 3444 3539
3 3440 3444 3472
3 3454 3522 3521
3 3581 3523 751
3 3553 3551 3415
3 3453 3521 3520
3 3581 753 3524
3 3520 3521 232
3 3452 3520 3519
3 3524 3523 3581
3 3519 3520 231
3 3451 3519 3518
3 751 753 3581
3 3518 3519 229
3 3450 3518 3517
3 223 3515 3580
3 3517 3518 226
3 3449 3517 3516
3 3516 225 3580
3 3516 3517 225
3 3448 3516 3515
3 3580 3515 3516
3 3580 225 223
3 3579 3514 749
3 3579 751 3523
3 3523 3514 3579
3 749 751 3579
3 220 3513 3578
3 3414 3550 3552
3 3515 223 3578
3 3578 3513 3515
3 3546 3423 3419
3 3578 223 220
3 3551 3549 3414
3 3419 3423 3545
3 3577 3510 746
3 3577 749 3514
3 3514 3510 3577
3 3413 3548 3550
3 746 749 3577
3 218 3509 3576
3 3513 220 3576
3 3549 3547 3413
3 3576 3509 3513
3 3576 220 218
3 3508 3475 3471
3 3471 3475 3443
3 3457 3473 3507
3 3441 3473 3457
3 3420 3546 3538
3 3546 3469 3470
3 3538 3546 3470
3 3546 3420 3423
3 3537 3545 3420
3 3456 3455 3545
3 3456 3545 3537
3 3423 3420 3545
3 3505 3506 3443
3 3575 3540 744
3 3575 746 3510
3 3412 3536 3548
3 3510 3540 3575
3 3547 3535 3412
3 3441 3506 3504
3 744 746 3575
3 3484 3540 3474
3 216 3539 3574
3 3509 218 3574
3 744 3540 3484
3 3472 3539 3482
3 3574 3539 3509
3 3574 218 216
3 3482 3539 216
3 3534 3536 3411
3 3573 3532 3530
3 3411 3535 3533
3 765 3532 3573
3 3522 3531 3572
3 3572 3531 236
3 3510 3514 3460
3 3471 3443 3538
3 3446 3513 3509
3 3537 3441 3457
3 3442 3512 3571
3 3571 3512 3410
3 3509 3444 3445
3 3570 3511 3440
3 3459 3534 3542
3 3542 3534 3422
3 3541 3533 3445
3 3422 3533 3541
3 3410 3511 3570
3 3459 3458 3510
3 3475 3508 3485
3 3485 3508 767
3 3483 3507 3473
3 239 3507 3483
3 3571 3503 3442
3 3511 3445 3444
3 3421 3503 3571
3 3440 3502 3570
3 3444 3440 3511
3 3570 3502 3421
3 3458 3459 3512
3 3512 3442 3458
3 3534 3411 3422
3 3422 3411 3533
3 3427 3431 3569
3 3532 765 767
3 239 236 3531
3 3474 3442 3569
3 3569 3431 3474
3 3420 3506 3543
3 3441 3537 3543
3 3569 3442 3427
3 3568 3430 3426
3 3543 3506 3441
3 3543 3537 3420
3 3568 3443 3475
3 3475 3430 3568
3 3544 3506 3420
3 3544 3538 3443
3 3426 3443 3568
3 3425 3429 3567
3 3473 3441 3567
3 3567 3429 3473
3 3504 3425 3567
3 3566 3428 3424
3 3566 3440 3472
3 3472 3428 3566
3 3424 3440 3566
3 3443 3506 3544
3 3420 3538 3544
3 731 3486 3561
3 3476 3487 3561
3 226 225 3517
3 229 226 3518
3 231 229 3519
3 232 231 3520
3 234 232 3521
3 3561 3486 3476
3 3561 3487 731
3 3525 753 755
3 3526 755 756
3 3527 756 758
3 3528 758 761
3 3529 761 763
3 3427 3503 3565
3 3477 3489 3565
3 3565 3503 3477
3 3565 3489 3427
3 3564 3505 3426
3 3564 3487 3476
3 3476 3505 3564
3 3426 3487 3564
3 3425 3504 3476
3 3476 3486 3425
3 3562 3488 781
3 3562 3489 3477
3 3563 3502 3424
3 3563 3488 3477
3 3477 3502 3563
3 3424 3488 3563
3 781 3489 3562
3 3477 3488 3562
3 3583 3590 3594
3 3590 3585 3594
3 3590 813 3593
3 3585 3593 3595
3 3582 3586 3587
3 3593 3584 3595
3 3585 3590 3593
3 3586 3584 3587
3 804 802 3592
3 513 514 3591
3 3589 804 3592
3 514 3588 3591
3 799 796 3586
3 816 819 3587
3 813 814 3593
3 799 3586 3596
3 807 804 3589
3 514 517 3588
3 3586 3582 3596
3 792 790 3594
3 810 813 3590
3 820 3591 3597
3 3587 819 3597
3 3592 809 3600
3 3591 820 3605
3 809 3592 3604
3 3582 3587 3597
3 792 3594 3606
3 3588 3582 3591
3 3583 3589 3592
3 816 3587 3599
3 3587 3584 3599
3 72 809 3604
3 820 44 3605
3 794 792 3606
3 3584 3586 3601
3 3595 794 3606
3 788 68 3603
3 40 801 3602
3 819 820 3597
3 3586 796 3601
3 809 810 3600
3 3589 3583 3598
3 3590 3583 3600
3 801 799 3596
3 796 794 3601
3 3582 3588 3596
3 3593 814 3599
3 810 3590 3600
3 3583 3594 3598
3 513 3591 3605
3 3592 802 3604
3 517 40 3602
3 68 807 3603
3 814 816 3599
3 3583 3592 3600
3 3584 3593 3599
3 3596 3588 3602
3 794 3595 3601
3 790 788 3598
3 3591 3582 3597
3 807 3589 3603
3 3588 517 3602
3 801 3596 3602
3 3594 790 3598
3 3595 3584 3601
3 3594 3585 3606
3 3589 3598 3603
3 802 72 3604
3 44 513 3605
3 3598 788 3603
3 3585 3595 3606
3 3610 3616 3633
3 3616 3610 3636
3 3611 3617 3634
3 3617 3611 3637
3 614 615 3620
3 812 811 3621
3 3619 3611 3634
3 3607 3619 3634
3 614 3620 3642
3 3621 811 3643
3 3608 3618 3640
3 3618 3608 3641
3 3621 3614 3627
3 3613 3620 3626
3 3607 3630 3644
3 3612 3621 3627
3 3620 3611 3626
3 3611 3619 3662
3 3624 3609 3654
3 3610 3625 3655
3 3609 3622 3654
3 3623 3610 3655
3 3622 3609 3635
3 3610 3623 3636
3 3625 3610 3644
3 3615 3625 3644
3 3633 3607 3644
3 619 621 3635
3 818 817 3636
3 3630 3607 3645
3 3607 3634 3645
3 3636 817 3657
3 619 3635 3656
3 3619 3607 3639
3 3621 3612 3648
3 3611 3620 3649
3 521 522 3624
3 524 526 3625
3 3635 3609 3645
3 3636 3623 3658
3 3622 3635 3659
3 3617 3635 3645
3 826 825 3628
3 830 828 3629
3 3626 3611 3662
3 808 3632 3643
3 3631 612 3642
3 3607 3633 3639
3 3627 3608 3646
3 3614 3621 3643
3 3620 3613 3642
3 612 614 3642
3 811 808 3643
3 3646 3608 3662
3 3637 3611 3649
3 3612 3638 3648
3 3620 615 3649
3 812 3621 3648
3 826 3628 3663
3 3629 828 3663
3 519 3654 3661
3 3655 528 3660
3 3608 3627 3641
3 3626 3608 3640
3 3639 3633 3650
3 3627 3614 3641
3 3613 3626 3640
3 3635 3617 3656
3 3616 3636 3657
3 3624 522 3647
3 524 3625 3647
3 3618 3628 3640
3 3629 3618 3641
3 3628 3618 3663
3 3618 3629 3663
3 3628 3613 3640
3 3614 3629 3641
3 3613 3628 3653
3 3629 3614 3652
3 3625 3615 3647
3 3615 3624 3647
3 3654 3622 3661
3 3623 3655 3660
3 3631 3613 3653
3 3614 3632 3652
3 3630 3615 3644
3 519 521 3654
3 526 528 3655
3 3608 3626 3662
3 3612 3627 3646
3 822 3631 3653
3 3632 832 3652
3 3619 3646 3662
3 521 3624 3654
3 3625 526 3655
3 3609 3624 3651
3 832 830 3652
3 825 822 3653
3 3633 3616 3650
3 3613 3631 3642
3 3632 3614 3643
3 3610 3633 3644
3 615 617 3649
3 815 812 3648
3 3624 3615 3651
3 3609 3630 3645
3 3638 3612 3650
3 3616 3638 3650
3 3628 825 3653
3 830 3629 3652
3 623 15 3661
3 45 821 3660
3 3634 3617 3645
3 817 815 3657
3 617 619 3656
3 59 612 3664
3 808 71 3665
3 3638 815 3648
3 617 3637 3649
3 3631 822 3664
3 832 3632 3665
3 528 45 3660
3 15 519 3661
3 3615 3630 3651
3 522 524 3647
3 815 3638 3657
3 3637 617 3656
3 3630 3609 3651
3 821 3658 3660
3 3659 623 3661
3 621 623 3659
3 821 818 3658
3 3639 3612 3646
3 3658 3623 3660
3 3622 3659 3661
3 3619 3639 3646
3 3632 808 3665
3 612 3631 3664
3 828 826 3663
3 818 3636 3658
3 3635 621 3659
3 822 59 3664
3 71 832 3665
3 3617 3637 3656
3 3638 3616 3657
3 3612 3639 3650
3 728 3740 3693
3 3692 3739 733
3 726 3740 728
3 733 3739 735
3 3712 3733 844
3 3693 3743 3670
3 3676 3705 3686
3 3681 3743 3693
3 3686 3761 3676
3 862 3713 3689
3 3684 3733 3712
3 3671 3697 3695
3 3690 3748 855
3 855 3723 3690
3 3688 3705 3670
3 3687 3729 3673
3 3672 3699 3690
3 3669 3744 3692
3 256 3697 258
3 3692 3744 3680
3 3697 3720 258
3 3687 3718 3668
3 3703 3715 3668
3 3690 3723 3672
3 3673 3729 3688
3 3683 3715 3703
3 3677 3704 3694
3 260 3700 262
3 3696 3723 858
3 3673 3718 3687
3 3689 3717 862
3 3700 3734 262
3 3718 3730 3668
3 3668 3752 3687
3 3670 3760 3688
3 3688 3721 3673
3 3672 3723 3696
3 250 3732 3691
3 3684 3730 3718
3 858 3723 856
3 856 3723 855
3 864 3713 862
3 3679 3706 3700
3 3691 3716 250
3 3700 3706 3674
3 3689 3709 3675
3 3694 3708 3671
3 851 3699 849
3 3676 3761 3719
3 3688 3760 3721
3 3693 3740 3681
3 3680 3739 3692
3 3693 3710 728
3 3675 3717 3689
3 733 3711 3692
3 3667 3709 3706
3 3675 3742 3714
3 3670 3731 3693
3 3679 3720 3697
3 3692 3719 3669
3 3671 3724 3694
3 3672 3714 3703
3 3694 3724 3677
3 3696 3714 3672
3 3699 3746 849
3 3675 3714 3696
3 265 3734 3701
3 3671 3726 3697
3 3703 3714 3683
3 3696 3745 3675
3 3671 3708 3698
3 3695 3741 3677
3 3698 3708 3678
3 262 3734 265
3 862 3717 861
3 3714 3742 3683
3 737 3739 3727
3 3728 3740 724
3 3709 3750 3706
3 3682 3746 3699
3 843 3702 840
3 249 3732 250
3 3703 3730 3682
3 3668 3730 3703
3 10 3727 246
3 835 3728 62
3 838 3707 837
3 3688 3736 3705
3 735 3739 737
3 724 3740 726
3 737 3727 10
3 62 3728 724
3 3674 3713 3701
3 3716 3735 3677
3 3691 3735 3716
3 846 3712 844
3 3676 3719 3711
3 3695 3724 3671
3 3677 3724 3695
3 3678 3722 3698
3 3674 3734 3700
3 838 3747 3707
3 858 3745 3696
3 3698 3722 3667
3 3685 3743 3707
3 3741 3754 254
3 3697 3726 3679
3 3695 3754 3741
3 3701 3734 3674
3 3711 3719 3692
3 3677 3735 3704
3 250 3716 253
3 3685 3760 3743
3 3683 3742 3722
3 260 3720 3700
3 256 3754 3697
3 3697 3754 3695
3 3707 3747 3685
3 851 3755 3699
3 3675 3745 3717
3 3676 3711 3710
3 3699 3755 3690
3 3702 3747 840
3 728 3710 730
3 3700 3720 3679
3 3698 3726 3671
3 3677 3741 3716
3 3705 3736 3686
3 3683 3722 3715
3 3667 3738 3698
3 3672 3751 3699
3 3701 3757 265
3 3702 3759 3747
3 3709 3742 3675
3 3699 3751 3682
3 730 3711 733
3 3708 3725 3678
3 3710 3711 730
3 3674 3750 3713
3 3713 3750 3689
3 3703 3751 3672
3 3705 3731 3670
3 844 3733 843
3 3710 3731 3676
3 3693 3731 3710
3 843 3733 3702
3 3704 3737 3694
3 258 3720 260
3 3666 3729 3725
3 855 3748 76
3 3725 3729 3687
3 76 3748 852
3 3727 3739 3680
3 3681 3740 3728
3 3747 3759 3685
3 3706 3750 3674
3 3704 3735 3669
3 3735 3744 3669
3 3722 3742 3667
3 3682 3751 3703
3 3704 3761 3686
3 3715 3752 3668
3 3669 3761 3704
3 3676 3731 3705
3 3691 3744 3735
3 3686 3737 3704
3 3666 3736 3729
3 3706 3738 3667
3 3729 3736 3688
3 3679 3738 3706
3 3708 3756 3725
3 3712 3730 3684
3 254 3754 256
3 3707 3749 837
3 3753 3759 3702
3 3673 3759 3753
3 3681 3749 3707
3 861 3745 858
3 3707 3743 3681
3 253 3741 254
3 3715 3722 3678
3 3713 3758 3701
3 3667 3742 3709
3 837 3749 835
3 1 3757 867
3 3682 3730 3712
3 3694 3756 3708
3 265 3757 1
3 849 3746 846
3 846 3746 3712
3 3737 3756 3694
3 840 3747 838
3 3712 3746 3682
3 3689 3750 3709
3 3717 3745 861
3 867 3758 864
3 852 3755 851
3 246 3762 249
3 3716 3741 253
3 3732 3744 3691
3 3680 3744 3732
3 3666 3737 3736
3 3666 3756 3737
3 3736 3737 3686
3 3726 3738 3679
3 3687 3752 3725
3 3678 3752 3715
3 3725 3752 3678
3 3673 3753 3718
3 3718 3753 3684
3 3698 3738 3726
3 835 3749 3728
3 864 3758 3713
3 3725 3756 3666
3 3701 3758 3757
3 3757 3758 867
3 3680 3762 3727
3 3732 3762 3680
3 3733 3753 3702
3 3719 3761 3669
3 3728 3749 3681
3 3721 3759 3673
3 3685 3759 3721
3 3721 3760 3685
3 3684 3753 3733
3 3743 3760 3670
3 249 3762 3732
3 3727 3762 246
3 3748 3755 852
3 3690 3755 3748
3 779 3790 3837
3 3789 782 3836
3 776 779 3837
3 782 784 3836
3 3809 892 3830
3 3790 3767 3840
3 3773 3783 3802
3 3778 3790 3840
3 3783 3773 3858
3 877 3786 3810
3 3781 3809 3830
3 3768 3792 3794
3 3787 869 3845
3 869 3787 3820
3 3785 3767 3802
3 3784 3770 3826
3 3769 3787 3796
3 3766 3789 3841
3 200 203 3794
3 3789 3777 3841
3 3794 203 3817
3 3784 3765 3815
3 3800 3765 3812
3 3787 3769 3820
3 3770 3785 3826
3 3780 3800 3812
3 3774 3791 3801
3 205 207 3797
3 3793 873 3820
3 3770 3784 3815
3 3786 877 3814
3 3797 207 3831
3 3815 3765 3827
3 3765 3784 3849
3 3767 3785 3857
3 3785 3770 3818
3 3769 3793 3820
3 194 3788 3829
3 3781 3815 3827
3 873 870 3820
3 870 869 3820
3 879 877 3810
3 3776 3797 3803
3 3788 194 3813
3 3797 3771 3803
3 3786 3772 3806
3 3791 3768 3805
3 898 896 3796
3 3773 3816 3858
3 3785 3818 3857
3 3790 3778 3837
3 3777 3789 3836
3 3790 779 3807
3 3772 3786 3814
3 782 3789 3808
3 3764 3803 3806
3 3772 3811 3839
3 3767 3790 3828
3 3776 3794 3817
3 3789 3766 3816
3 3768 3791 3821
3 3769 3800 3811
3 3791 3774 3821
3 3793 3769 3811
3 3796 896 3843
3 3772 3793 3811
3 209 3798 3831
3 3768 3794 3823
3 3800 3780 3811
3 3793 3772 3842
3 3768 3795 3805
3 3792 3774 3838
3 3795 3775 3805
3 207 209 3831
3 877 875 3814
3 3811 3780 3839
3 787 3824 3836
3 3825 774 3837
3 3806 3803 3847
3 3779 3796 3843
3 890 889 3799
3 192 194 3829
3 3800 3779 3827
3 3765 3800 3827
3 7 190 3824
3 883 66 3825
3 886 885 3804
3 3785 3802 3833
3 784 787 3836
3 774 776 3837
3 787 7 3824
3 66 774 3825
3 3771 3798 3810
3 3813 3774 3832
3 3788 3813 3832
3 894 892 3809
3 3773 3808 3816
3 3792 3768 3821
3 3774 3792 3821
3 3775 3795 3819
3 3771 3797 3831
3 886 3804 3844
3 873 3793 3842
3 3795 3764 3819
3 3782 3804 3840
3 3838 198 3851
3 3794 3776 3823
3 3792 3838 3851
3 3798 3771 3831
3 3808 3789 3816
3 3774 3801 3832
3 194 197 3813
3 3782 3840 3857
3 3780 3819 3839
3 205 3797 3817
3 200 3794 3851
3 3794 3792 3851
3 3804 3782 3844
3 898 3796 3852
3 3772 3814 3842
3 3773 3807 3808
3 3796 3787 3852
3 3799 889 3844
3 779 780 3807
3 3797 3776 3817
3 3795 3768 3823
3 3774 3813 3838
3 3802 3783 3833
3 3780 3812 3819
3 3764 3795 3835
3 3769 3796 3848
3 3798 209 3854
3 3799 3844 3856
3 3806 3772 3839
3 3796 3779 3848
3 780 782 3808
3 3805 3775 3822
3 3807 780 3808
3 3771 3810 3847
3 3810 3786 3847
3 3800 3769 3848
3 3802 3767 3828
3 892 890 3830
3 3807 3773 3828
3 3790 3807 3828
3 890 3799 3830
3 3801 3791 3834
3 203 205 3817
3 3763 3822 3826
3 869 78 3845
3 3822 3784 3826
3 78 900 3845
3 3824 3777 3836
3 3778 3825 3837
3 3844 3782 3856
3 3803 3771 3847
3 3801 3766 3832
3 3832 3766 3841
3 3819 3764 3839
3 3779 3800 3848
3 3801 3783 3858
3 3812 3765 3849
3 3766 3801 3858
3 3773 3802 3828
3 3788 3832 3841
3 3783 3801 3834
3 3763 3826 3833
3 3803 3764 3835
3 3826 3785 3833
3 3776 3803 3835
3 3805 3822 3853
3 3809 3781 3827
3 198 200 3851
3 3804 885 3846
3 3850 3799 3856
3 3770 3850 3856
3 3778 3804 3846
3 875 873 3842
3 3804 3778 3840
3 197 198 3838
3 3812 3775 3819
3 3810 3798 3855
3 3764 3806 3839
3 885 883 3846
3 4 881 3854
3 3779 3809 3827
3 3791 3805 3853
3 209 4 3854
3 896 894 3843
3 894 3809 3843
3 3834 3791 3853
3 889 886 3844
3 3809 3779 3843
3 3786 3806 3847
3 3814 875 3842
3 881 879 3855
3 900 898 3852
3 190 192 3859
3 3813 197 3838
3 3829 3788 3841
3 3777 3829 3841
3 3763 3833 3834
3 3763 3834 3853
3 3833 3783 3834
3 3823 3776 3835
3 3784 3822 3849
3 3775 3812 3849
3 3822 3775 3849
3 3770 3815 3850
3 3815 3781 3850
3 3795 3823 3835
3 883 3825 3846
3 879 3810 3855
3 3822 3763 3853
3 3798 3854 3855
3 3854 881 3855
3 3777 3824 3859
3 3829 3777 3859
3 3830 3799 3850
3 3816 3766 3858
3 3825 3778 3846
3 3818 3770 3856
3 3782 3818 3856
3 3818 3782 3857
3 3781 3830 3850
3 3840 3767 3857
3 192 3829 3859
3 3824 190 3859
3 3845 900 3852
3 3787 3845 3852
3 3946 3930 3885
3 3885 3881 3943
3 3881 3885 3930
3 3884 3928 3944
3 3942 3880 3884
3 3928 3884 3880
3 3883 3931 3947
3 3941 3879 3883
3 3931 3883 3879
3 3945 3929 3882
3 3882 3878 3940
3 3878 3882 3929
3 934 3889 3885
3 3884 3888 904
3 3883 3887 186
3 157 3886 3882
3 937 77 3889
3 934 937 3889
3 3889 77 868
3 3888 75 903
3 3888 903 904
3 854 75 3888
3 880 3 3887
3 3887 3 189
3 3887 189 186
3 3886 2 866
3 154 2 3886
3 157 154 3886
3 3885 3889 3946
3 3889 868 3946
3 3944 3888 3884
3 3944 854 3888
3 3947 3887 3883
3 3947 880 3887
3 3882 3886 3945
3 3886 866 3945
3 3881 3935 3943
3 3943 3935 932
3 3942 3934 3880
3 907 3934 3942
3 3941 3933 3879
3 184 3933 3941
3 3878 3932 3940
3 3940 3932 159
3 3947 3931 878
3 3954 3956 3955
3 871 3930 3946
3 3955 3927 3954
3 865 3929 3945
3 4021 4020 3871
3 3944 3928 857
3 3860 4020 4021
3 3943 934 3885
3 932 934 3943
3 3884 904 3942
3 3942 904 907
3 3883 186 3941
3 3941 186 184
3 3940 157 3882
3 159 157 3940
3 878 880 3947
3 3946 868 871
3 3945 866 865
3 857 854 3944
3 3996 4010 3919
3 3869 4010 3996
3 4010 3869 3868
3 3868 3869 4009
3 3911 3986 3984
3 3918 3919 4010
3 4008 3868 3867
3 3867 3868 4007
3 3911 3910 3964
3 3955 3893 3877
3 3905 4009 3995
3 3995 4009 3869
3 3910 3911 3984
3 3954 4017 3891
3 4006 3867 3866
3 3866 3867 4005
3 3871 3926 3953
3 3876 3892 3953
3 3983 3985 3897
3 4009 3905 3904
3 3952 3926 3871
3 3952 3890 3874
3 4004 3866 3865
3 3865 3866 4003
3 3951 3938 876
3 3951 3931 3875
3 3875 3938 3951
3 3963 3896 3897
3 872 3939 3950
3 3877 3930 3950
3 3950 3939 3877
3 3983 3897 3896
3 863 3936 3949
3 3874 3929 3949
3 3949 3936 3874
3 3978 3917 3916
3 3948 3937 859
3 3948 3928 3876
3 3876 3937 3948
3 4008 3916 3917
3 4008 4006 3916
3 3868 4008 4010
3 3939 872 874
3 4002 3865 3864
3 3864 3865 4001
3 874 876 3938
3 3902 3903 3970
3 3903 3902 4007
3 860 859 3937
3 4000 3864 3863
3 3863 3864 3999
3 3936 863 860
3 3902 4005 4007
3 3881 3925 3935
3 931 932 3935
3 4009 4007 3868
3 3934 3924 3880
3 3934 907 908
3 3998 3863 3862
3 3933 3923 3879
3 3933 184 182
3 3862 3863 3997
3 3878 3922 3932
3 160 159 3932
3 3879 3875 3931
3 3930 3877 3881
3 3929 3874 3878
3 3880 3876 3928
3 3977 3916 3915
3 4006 3915 3916
3 3986 3862 3861
3 3861 3862 3985
3 3980 3920 3919
3 4006 4004 3915
3 3905 3906 3972
3 3867 4006 4008
3 3901 3902 3969
3 3990 3960 3908
3 3902 3901 4005
3 3901 4003 4005
3 3894 3959 3989
3 3929 865 3949
3 3872 3962 3992
3 3992 3962 3909
3 3962 3872 3860
3 3991 3961 3872
3 3895 3961 3991
3 3860 3872 3961
3 3984 3909 3910
3 3960 3910 3909
3 3896 3895 3983
3 3895 3896 3959
3 3949 865 863
3 3948 857 3928
3 859 857 3948
3 3976 3915 3914
3 4004 3914 3915
3 4004 4002 3914
3 3900 3901 3968
3 3901 3900 4003
3 3900 4001 4003
3 3973 3912 3911
3 3998 3911 3912
3 4007 4005 3867
3 3998 3986 3911
3 3897 3898 3965
3 3898 3897 3997
3 3897 3985 3997
3 3951 878 3931
3 876 878 3951
3 3930 871 3950
3 3866 4004 4006
3 3950 871 872
3 3979 3918 3917
3 4010 3917 3918
3 4010 4008 3917
3 3903 3904 3971
3 3904 3903 4009
3 3903 4007 4009
3 4005 4003 3866
3 3975 3914 3913
3 4002 3913 3914
3 4002 4000 3913
3 3899 3900 3967
3 3921 3920 3982
3 3982 3958 3921
3 931 3958 3982
3 3981 3906 3907
3 3907 3957 3981
3 3981 3957 182
3 3920 3921 3988
3 3900 3899 4001
3 3865 4002 4004
3 3987 3907 3906
3 3899 3999 4001
3 3974 3913 3912
3 3980 3982 3920
3 3919 3918 3980
3 4000 3912 3913
3 3906 3981 3972
3 3972 3904 3905
3 4000 3998 3912
3 3964 3973 3911
3 3898 3899 3966
3 3899 3898 3999
3 3897 3965 3963
3 3898 3997 3999
3 3980 3979 4023
3 3979 3980 3918
3 4023 3979 927
3 927 929 4023
3 3978 3979 3917
3 4022 3971 3972
3 925 3979 3978
3 3977 3978 3916
3 179 3971 4022
3 923 3978 3977
3 3976 3977 3915
3 4022 180 179
3 920 3977 3976
3 3975 3976 3914
3 3990 3908 3924
3 919 3976 3975
3 3974 3975 3913
3 3924 3908 3892
3 917 3975 3974
3 3973 3974 3912
3 3922 3894 3989
3 3890 3894 3922
3 3904 3972 3971
3 4031 3973 915
3 4003 4001 3865
3 3903 3971 3970
3 4031 917 3974
3 3970 3971 177
3 3902 3970 3969
3 3974 3973 4031
3 3969 3970 175
3 3901 3969 3968
3 915 917 4031
3 3968 3969 172
3 3900 3968 3967
3 166 3965 4030
3 3967 3968 170
3 3899 3967 3966
3 3966 168 4030
3 3966 3967 168
3 3898 3966 3965
3 4030 3965 3966
3 4030 168 166
3 4029 3964 913
3 4029 915 3973
3 3973 3964 4029
3 913 915 4029
3 165 3963 4028
3 3864 4000 4002
3 3965 166 4028
3 4028 3963 3965
3 3996 3873 3869
3 4028 166 165
3 4001 3999 3864
3 3869 3873 3995
3 4027 3960 910
3 4027 913 3964
3 3964 3960 4027
3 3863 3998 4000
3 910 913 4027
3 163 3959 4026
3 3963 165 4026
3 3999 3997 3863
3 4026 3959 3963
3 4026 165 163
3 3958 3925 3921
3 3921 3925 3893
3 3907 3923 3957
3 3891 3923 3907
3 3870 3996 3988
3 3996 3919 3920
3 3988 3996 3920
3 3996 3870 3873
3 3987 3995 3870
3 3906 3905 3995
3 3906 3995 3987
3 3873 3870 3995
3 3955 3956 3893
3 4025 3990 908
3 4025 910 3960
3 3862 3986 3998
3 3960 3990 4025
3 3997 3985 3862
3 3891 3956 3954
3 908 910 4025
3 3934 3990 3924
3 160 3989 4024
3 3959 163 4024
3 908 3990 3934
3 3922 3989 3932
3 4024 3989 3959
3 4024 163 160
3 3932 3989 160
3 3984 3986 3861
3 4023 3982 3980
3 3861 3985 3983
3 929 3982 4023
3 3972 3981 4022
3 4022 3981 180
3 3960 3964 3910
3 3921 3893 3988
3 3896 3963 3959
3 3987 3891 3907
3 3892 3962 4021
3 4021 3962 3860
3 3959 3894 3895
3 4020 3961 3890
3 3909 3984 3992
3 3992 3984 3872
3 3991 3983 3895
3 3872 3983 3991
3 3860 3961 4020
3 3909 3908 3960
3 3925 3958 3935
3 3935 3958 931
3 3933 3957 3923
3 182 3957 3933
3 4021 3953 3892
3 3961 3895 3894
3 3871 3953 4021
3 3890 3952 4020
3 3894 3890 3961
3 4020 3952 3871
3 3908 3909 3962
3 3962 3892 3908
3 3984 3861 3872
3 3872 3861 3983
3 4019 3881 3877
3 3982 929 931
3 182 180 3981
3 4019 3893 3925
3 3925 3881 4019
3 3870 3956 3993
3 3891 3987 3993
3 3877 3893 4019
3 3876 3880 4018
3 3993 3956 3891
3 3993 3987 3870
3 3924 3892 4018
3 4018 3880 3924
3 3994 3956 3870
3 3994 3988 3893
3 4018 3892 3876
3 3875 3879 4017
3 3923 3891 4017
3 4017 3879 3923
3 3954 3875 4017
3 4016 3878 3874
3 4016 3890 3922
3 3922 3878 4016
3 3874 3890 4016
3 3893 3956 3994
3 3870 3988 3994
3 4011 3936 860
3 4011 3937 3926
3 170 168 3967
3 172 170 3968
3 175 172 3969
3 177 175 3970
3 179 177 3971
3 3926 3936 4011
3 860 3937 4011
3 3975 917 919
3 3976 919 920
3 3977 920 923
3 3978 923 925
3 3979 925 927
3 4015 3955 3877
3 4015 3939 3927
3 3927 3955 4015
3 3877 3939 4015
3 3876 3953 4014
3 3926 3937 4014
3 4014 3953 3926
3 4014 3937 3876
3 3875 3954 3927
3 3927 3938 3875
3 874 3938 4012
3 3927 3939 4012
3 4013 3952 3874
3 4013 3936 3926
3 3926 3952 4013
3 3874 3936 4013
3 4012 3939 874
3 4012 3938 3927
3 4033 4045 4041
3 4040 4046 4032
3 4035 4046 4040
3 4041 4045 4034
3 4034 4047 4042
3 4043 4048 4035
3 4036 4048 4043
3 4042 4047 4037
3 4044 4049 4036
3 4037 4049 4044
3 4039 4051 4033
3 4032 4050 4038
3 1018 4041 1021
3 1035 4040 1037
3 1023 4042 1025
3 1026 4044 1029
3 1030 4043 1033
3 1124 4144 1041
3 939 4145 1234
3 1127 4142 1042
3 940 4143 1237
3 1128 4140 1045
3 943 4141 1238
3 1130 4138 1046
3 944 4139 1241
3 1133 4136 1049
3 946 4137 1242
3 4035 4125 4046
3 4045 4124 4034
3 4047 4128 4037
3 4036 4129 4048
3 1135 4134 1051
3 948 4135 1245
3 1137 4132 1052
3 950 4133 1247
3 1139 4130 1055
3 952 4131 1249
3 4032 4120 4050
3 4051 4121 4033
3 1215 4129 4049
3 4049 4128 1215
3 1140 4126 1057
3 954 4127 1251
3 4047 4147 4128
3 4129 4146 4048
3 1142 4122 1058
3 957 4123 1252
3 1144 4118 1061
3 958 4119 1254
3 1218 4125 4048
3 4047 4124 1211
3 1146 4116 1062
3 961 4117 1256
3 1149 4114 1064
3 962 4115 1259
3 1233 4088 1231
3 1121 4089 1122
3 4045 4150 4124
3 4125 4151 4046
3 1151 4112 1067
3 965 4113 1261
3 4045 4121 1206
3 1222 4120 4046
3 1153 4110 1069
3 967 4111 1263
3 1154 4108 1071
3 969 4109 1265
3 1018 4101 4041
3 4040 4100 1037
3 4041 4102 1021
3 1035 4103 4040
3 4043 4103 1033
3 1023 4102 4042
3 1026 4105 4044
3 1030 4104 4043
3 4042 4105 1025
3 4044 4104 1029
3 1157 4106 1072
3 971 4107 1267
3 4032 4100 4040
3 4041 4101 4033
3 4042 4102 4034
3 4035 4103 4043
3 4034 4102 4041
3 4040 4103 4035
3 4036 4104 4044
3 4043 4104 4036
3 4037 4105 4042
3 4044 4105 4037
3 1159 4098 1074
3 973 4099 1269
3 4033 4101 4039
3 4038 4100 4032
3 1160 4096 1076
3 974 4097 1271
3 1217 4129 1215
3 1215 4128 1213
3 92 4155 1016
3 1038 4154 87
3 1163 4094 1078
3 976 4095 1273
3 1164 4092 1080
3 979 4093 1275
3 1166 4090 1082
3 981 4091 1276
3 1169 4086 1084
3 982 4087 1279
3 4120 4157 4050
3 4051 4156 4121
3 1211 4124 1209
3 1220 4125 1218
3 1171 4084 1086
3 985 4085 1281
3 1172 4082 1088
3 987 4083 1283
3 1175 4080 1091
3 989 4081 1284
3 1177 4078 1092
3 991 4079 1287
3 4039 4148 4051
3 4050 4149 4038
3 1178 4076 1094
3 993 4077 1288
3 1225 4120 1222
3 1206 4121 1205
3 1180 4074 1097
3 995 4075 1290
3 1182 4072 1099
3 997 4073 1292
3 1185 4070 1101
3 999 4071 1294
3 1186 4068 1102
3 1001 4069 1296
3 1206 4150 4045
3 4046 4151 1222
3 1189 4066 1105
3 1002 4067 1299
3 4046 4120 4032
3 4033 4121 4045
3 1191 4064 1106
3 1004 4065 1300
3 4034 4124 4047
3 4048 4125 4035
3 4037 4128 4049
3 4049 4129 4036
3 1193 4062 1108
3 1006 4063 1303
3 1211 4147 4047
3 4048 4146 1218
3 1008 4061 1304
3 1195 4060 1110
3 1196 4058 1112
3 1011 4059 1306
3 1199 4056 1115
3 1013 4057 1308
3 1200 4054 1117
3 1014 4055 1311
3 82 4053 84
3 96 4052 93
3 1117 4052 1200
3 1311 4053 1014
3 1115 4054 1199
3 1308 4055 1013
3 4038 4154 4100
3 4101 4155 4039
3 1112 4056 1196
3 1306 4057 1011
3 1110 4058 1195
3 1304 4059 1008
3 1108 4060 1193
3 1303 4061 1006
3 1106 4062 1191
3 1300 4063 1004
3 1105 4064 1189
3 1299 4065 1002
3 1102 4066 1186
3 1296 4067 1001
3 1101 4068 1185
3 1294 4069 999
3 1099 4070 1182
3 1292 4071 997
3 1097 4072 1180
3 1290 4073 995
3 1094 4074 1178
3 1288 4075 993
3 1092 4076 1177
3 1287 4077 991
3 87 4088 1233
3 1122 4089 92
3 1091 4078 1175
3 1284 4079 989
3 1088 4080 1172
3 1283 4081 987
3 1086 4082 1171
3 1281 4083 985
3 1016 4155 4101
3 4100 4154 1038
3 1084 4084 1169
3 1279 4085 982
3 1082 4086 1166
3 1276 4087 981
3 1080 4090 1164
3 1275 4091 979
3 1078 4092 1163
3 1273 4093 976
3 1076 4094 1160
3 1271 4095 974
3 1074 4096 1159
3 1269 4097 973
3 1072 4098 1157
3 1267 4099 971
3 1037 4100 1038
3 1016 4101 1018
3 1033 4103 1035
3 1021 4102 1023
3 1025 4105 1026
3 1029 4104 1030
3 1265 4107 969
3 1071 4106 1154
3 1069 4108 1153
3 1263 4109 967
3 1067 4110 1151
3 1261 4111 965
3 1118 4153 4148
3 4149 4152 1229
3 4148 4153 4051
3 4050 4152 4149
3 1064 4112 1149
3 1259 4113 962
3 1062 4114 1146
3 1256 4115 961
3 1061 4116 1144
3 1254 4117 958
3 1058 4118 1142
3 1252 4119 957
3 1057 4122 1140
3 1251 4123 954
3 1055 4126 1139
3 1249 4127 952
3 1052 4130 1137
3 1247 4131 950
3 1051 4132 1135
3 1245 4133 948
3 1049 4134 1133
3 1242 4135 946
3 1046 4136 1130
3 1241 4137 944
3 1045 4138 1128
3 1238 4139 943
3 1042 4140 1127
3 1237 4141 940
3 1041 4142 1124
3 1234 4143 939
3 92 4144 1122
3 1233 4145 87
3 1231 4149 1229
3 1118 4148 1121
3 100 4153 1118
3 1229 4152 105
3 105 4152 1226
3 1202 4153 100
3 1213 4147 1211
3 1218 4146 1217
3 1222 4151 1220
3 1209 4150 1206
3 1226 4157 1225
3 1205 4156 1202
3 4089 4148 4039
3 4038 4149 4088
3 1121 4148 4089
3 4088 4149 1231
3 87 4154 4088
3 4089 4155 92
3 1225 4157 4120
3 4121 4156 1205
3 4124 4150 1209
3 1220 4151 4125
3 1202 4156 4153
3 4152 4157 1226
3 4153 4156 4051
3 4050 4157 4152
3 1217 4146 4129
3 4128 4147 1213
3 4088 4154 4038
3 4039 4155 4089
3 1014 4053 82
3 84 4053 1311
3 87 4145 939
3 1041 4144 92
3 93 4052 1117
3 1200 4052 96
3 939 4143 940
3 940 4141 943
3 943 4139 944
3 944 4137 946
3 946 4135 948
3 948 4133 950
3 950 4131 952
3 952 4127 954
3 954 4123 957
3 957 4119 958
3 958 4117 961
3 961 4115 962
3 962 4113 965
3 965 4111 967
3 967 4109 969
3 969 4107 971
3 971 4099 973
3 973 4097 974
3 974 4095 976
3 976 4093 979
3 979 4091 981
3 981 4087 982
3 982 4085 985
3 985 4083 987
3 987 4081 989
3 989 4079 991
3 991 4077 993
3 993 4075 995
3 995 4073 997
3 997 4071 999
3 999 4069 1001
3 1001 4067 1002
3 1002 4065 1004
3 1004 4063 1006
3 1006 4061 1008
3 1008 4059 1011
3 1011 4057 1013
3 1013 4055 1014
3 1042 4142 1041
3 1045 4140 1042
3 1046 4138 1045
3 1049 4136 1046
3 1051 4134 1049
3 1052 4132 1051
3 1055 4130 1052
3 1057 4126 1055
3 1058 4122 1057
3 1061 4118 1058
3 1062 4116 1061
3 1064 4114 1062
3 1067 4112 1064
3 1069 4110 1067
3 1071 4108 1069
3 1072 4106 1071
3 1074 4098 1072
3 1076 4096 1074
3 1078 4094 1076
3 1080 4092 1078
3 1082 4090 1080
3 1084 4086 1082
3 1086 4084 1084
3 1088 4082 1086
3 1091 4080 1088
3 1092 4078 1091
3 1094 4076 1092
3 1097 4074 1094
3 1099 4072 1097
3 1101 4070 1099
3 1102 4068 1101
3 1105 4066 1102
3 1106 4064 1105
3 1108 4062 1106
3 1110 4060 1108
3 1112 4058 1110
3 1115 4056 1112
3 1117 4054 1115
3 1122 4144 1124
3 1124 4142 1127
3 1127 4140 1128
3 1128 4138 1130
3 1130 4136 1133
3 1133 4134 1135
3 1135 4132 1137
3 1137 4130 1139
3 1139 4126 1140
3 1140 4122 1142
3 1142 4118 1144
3 1144 4116 1146
3 1146 4114 1149
3 1149 4112 1151
3 1151 4110 1153
3 1153 4108 1154
3 1154 4106 1157
3 1157 4098 1159
3 1159 4096 1160
3 1160 4094 1163
3 1163 4092 1164
3 1164 4090 1166
3 1166 4086 1169
3 1169 4084 1171
3 1171 4082 1172
3 1172 4080 1175
3 1175 4078 1177
3 1177 4076 1178
3 1178 4074 1180
3 1180 4072 1182
3 1182 4070 1185
3 1185 4068 1186
3 1186 4066 1189
3 1189 4064 1191
3 1191 4062 1193
3 1193 4060 1195
3 1195 4058 1196
3 1196 4056 1199
3 1199 4054 1200
3 1234 4145 1233
3 1237 4143 1234
3 1238 4141 1237
3 1241 4139 1238
3 1242 4137 1241
3 1245 4135 1242
3 1247 4133 1245
3 1249 4131 1247
3 1251 4127 1249
3 1252 4123 1251
3 1254 4119 1252
3 1256 4117 1254
3 1259 4115 1256
3 1261 4113 1259
3 1263 4111 1261
3 1265 4109 1263
3 1267 4107 1265
3 1269 4099 1267
3 1271 4097 1269
3 1273 4095 1271
3 1275 4093 1273
3 1276 4091 1275
3 1279 4087 1276
3 1281 4085 1279
3 1283 4083 1281
3 1284 4081 1283
3 1287 4079 1284
3 1288 4077 1287
3 1290 4075 1288
3 1292 4073 1290
3 1294 4071 1292
3 1296 4069 1294
3 1299 4067 1296
3 1300 4065 1299
3 1303 4063 1300
3 1304 4061 1303
3 1306 4059 1304
3 1308 4057 1306
3 1311 4055 1308
3 4170 4191 4202
3 4183 4171 4224
3 4159 4191 4197
3 4171 4183 4203
3 4195 1314 4243
3 1323 4196 4244
3 4180 4163 4225
3 4222 800 4236
3 789 4223 4237
3 1316 1314 4195
3 1323 1321 4196
3 4162 4195 4247
3 4196 4163 4248
3 4174 4196 4248
3 4195 4173 4247
3 4163 4180 4248
3 4198 4158 4234
3 4193 797 4222
3 793 4194 4223
3 4183 4198 4234
3 4246 4160 4268
3 4167 4190 4242
3 4189 4167 4242
3 4160 4201 4268
3 4197 4168 4201
3 798 800 4222
3 789 791 4223
3 4179 4214 4247
3 4172 4189 4232
3 4214 4162 4247
3 4161 4185 4208
3 4185 4161 4216
3 4167 4189 4220
3 4201 4160 4229
3 4184 4201 4229
3 4190 4163 4203
3 4192 4164 4202
3 4163 4190 4225
3 4191 4159 4228
3 4232 4189 4242
3 4193 4170 4235
3 4204 4181 4268
3 4190 4167 4225
3 4189 4172 4278
3 4164 4192 4227
3 791 793 4223
3 797 798 4222
3 4158 4232 4242
3 4194 793 4215
3 4191 4170 4221
3 4181 4204 4252
3 4197 4201 4240
3 4173 4195 4243
3 4196 4174 4244
3 1316 4195 4209
3 4183 4224 4262
3 4194 4170 4263
3 4170 4193 4221
3 4196 1321 4210
3 4170 4194 4215
3 4163 4196 4226
3 4195 4162 4224
3 797 4193 4235
3 4175 4222 4236
3 4223 4176 4237
3 4218 500 4239
3 1339 4217 4238
3 4181 4246 4268
3 4202 4191 4228
3 4166 4198 4214
3 4221 4193 4250
3 4165 4221 4250
3 4231 1325 4244
3 1312 4230 4243
3 4168 4197 4213
3 4170 4215 4235
3 4217 4177 4238
3 4178 4218 4239
3 1342 1341 4199
3 502 504 4200
3 4168 4204 4268
3 99 1348 4230
3 511 39 4231
3 4211 493 4258
3 1330 4212 4259
3 507 509 4206
3 1347 1345 4207
3 4158 4198 4276
3 4164 4227 4257
3 4198 4166 4277
3 39 1325 4231
3 1312 99 4230
3 1314 1312 4243
3 1325 1323 4244
3 793 795 4215
3 4207 1345 4255
3 507 4206 4254
3 41 488 4236
3 1327 69 4237
3 4166 4219 4277
3 491 493 4211
3 1330 1329 4212
3 1334 1333 4205
3 495 497 4204
3 800 41 4236
3 69 789 4237
3 4219 4166 4264
3 4167 4220 4265
3 4171 4209 4224
3 4209 4195 4224
3 4187 4211 4258
3 4212 4186 4259
3 4207 4179 4247
3 4180 4206 4248
3 4172 4229 4278
3 4179 4207 4255
3 4206 4180 4254
3 4209 4171 4210
3 4224 4162 4262
3 4210 4171 4226
3 4197 4191 4270
3 4170 4202 4263
3 1319 1316 4209
3 4159 4197 4240
3 4198 4183 4262
3 1342 4199 4255
3 4200 504 4254
3 4227 4192 4271
3 4201 4184 4240
3 4196 4210 4226
3 4200 4254 4272
3 4255 4199 4273
3 1321 1319 4210
3 4171 4203 4226
3 1319 4209 4210
3 4227 4186 4257
3 1334 4205 4253
3 4204 497 4252
3 4205 1333 4259
3 495 4204 4258
3 4203 4163 4226
3 4216 4169 4271
3 4208 4185 4233
3 4212 4176 4257
3 4175 4211 4256
3 4192 4202 4228
3 4166 4214 4273
3 4190 4203 4234
3 4208 4233 4279
3 4203 4183 4234
3 4176 4251 4257
3 4250 4175 4256
3 4187 4213 4256
3 500 502 4239
3 1341 1339 4238
3 4192 4228 4249
3 4169 4216 4269
3 1339 1336 4217
3 498 500 4218
3 4213 4165 4256
3 4169 4227 4271
3 4172 4232 4241
3 502 4200 4239
3 4199 1341 4238
3 4219 4161 4241
3 4219 4188 4277
3 4188 4219 4241
3 4168 4213 4274
3 4228 4159 4249
3 4174 4231 4244
3 4230 4173 4243
3 4232 4188 4241
3 4216 4161 4245
3 4182 4216 4245
3 4253 4205 4269
3 4179 4255 4273
3 4254 4180 4272
3 4258 4204 4274
3 4205 4259 4275
3 4201 4168 4268
3 4202 4164 4263
3 4220 4178 4265
3 4177 4219 4264
3 4233 4184 4279
3 4208 4172 4241
3 4213 4197 4270
3 4185 4216 4271
3 4220 4160 4246
3 4161 4219 4245
3 4178 4220 4246
3 4219 4177 4245
3 4213 4187 4274
3 4181 4218 4246
3 4217 4182 4245
3 4218 4178 4246
3 4177 4217 4245
3 795 797 4235
3 4217 1336 4253
3 498 4218 4252
3 4218 4181 4252
3 4182 4217 4253
3 4214 4198 4262
3 4204 4168 4274
3 4234 4158 4242
3 1347 4207 4260
3 4206 509 4261
3 4190 4234 4242
3 4161 4208 4241
3 4214 4179 4273
3 4251 4194 4263
3 4206 4174 4248
3 4173 4207 4247
3 1348 1347 4260
3 509 511 4261
3 4207 4173 4260
3 4174 4206 4261
3 4199 4264 4273
3 4265 4200 4272
3 4216 4182 4269
3 4264 4166 4273
3 4167 4265 4272
3 4193 4222 4250
3 4223 4194 4251
3 497 498 4252
3 1336 1334 4253
3 488 491 4266
3 1329 1327 4267
3 4215 795 4235
3 4212 1329 4267
3 491 4211 4266
3 4184 4233 4240
3 4233 4159 4240
3 1345 1342 4255
3 504 507 4254
3 4191 4221 4270
3 4176 4212 4267
3 4211 4175 4266
3 4221 4165 4270
3 493 495 4258
3 1333 1330 4259
3 4269 4205 4275
3 4169 4269 4275
3 4172 4208 4279
3 4211 4187 4256
3 4186 4212 4257
3 4164 4251 4263
3 4182 4253 4269
3 4159 4233 4249
3 4233 4185 4249
3 4162 4214 4262
3 4259 4186 4275
3 4187 4258 4274
3 4192 4249 4271
3 4251 4164 4257
3 4165 4250 4256
3 4165 4213 4270
3 4222 4175 4250
3 4176 4223 4251
3 4230 1348 4260
3 511 4231 4261
3 4160 4220 4278
3 4220 4189 4278
3 4236 488 4266
3 1327 4237 4267
3 4227 4169 4275
3 4186 4227 4275
3 4225 4167 4272
3 4180 4225 4272
3 4173 4230 4260
3 4231 4174 4261
3 4232 4158 4276
3 4188 4232 4276
3 4239 4200 4265
3 4199 4238 4264
3 4237 4176 4267
3 4175 4236 4266
3 4238 4177 4264
3 4178 4239 4265
3 4229 4160 4278
3 4229 4172 4279
3 4184 4229 4279
3 4249 4185 4271
3 4188 4276 4277
3 4276 4198 4277
3 4303 4396 4394
3 4395 4397 4302
3 4344 4538 4379
3 4378 4539 4345
3 4379 4538 4289
3 4288 4539 4378
3 4318 4433 4362
3 4361 4432 4319
3 4307 4453 4414
3 4415 4452 4306
3 4394 4396 4305
3 4304 4397 4395
3 4349 4613 4366
3 4365 4612 4348
3 4322 4432 4361
3 4362 4433 4323
3 4414 4453 4332
3 4333 4452 4415
3 1383 4424 4401
3 4400 4425 1340
3 697 4399 694
3 675 4398 672
3 692 4461 4355
3 4354 4460 676
3 4314 4418 4375
3 4374 4419 4315
3 4385 4391 4307
3 4306 4390 4384
3 4305 4391 4385
3 4384 4390 4304
3 4294 4365 4348
3 4349 4366 4295
3 912 4392 914
3 760 4393 762
3 4372 4411 4322
3 4323 4410 4373
3 1383 4401 1380
3 1343 4400 1340
3 4330 4454 4367
3 4368 4455 4331
3 4399 4461 694
3 675 4460 4398
3 4353 4469 4298
3 4299 4468 4352
3 4309 4411 4372
3 4373 4410 4308
3 1362 4360 1360
3 4367 4558 4330
3 4331 4559 4368
3 912 4476 4392
3 4393 4477 762
3 902 4442 4350
3 4351 4443 773
3 4465 4568 4284
3 4284 4575 4464
3 4350 4490 902
3 773 4491 4351
3 4284 4581 4465
3 4464 4580 4284
3 4380 4539 4288
3 4289 4538 4381
3 4343 4539 4380
3 4381 4538 4342
3 4370 4612 4282
3 4283 4613 4371
3 4367 4454 4281
3 4280 4455 4368
3 4320 4419 4374
3 4375 4418 4321
3 4299 4503 4355
3 4354 4502 4298
3 4298 4460 4354
3 4355 4461 4299
3 1356 4381 1354
3 1368 4380 1366
3 4352 4503 4299
3 4298 4502 4353
3 4350 4512 4310
3 4311 4513 4351
3 4282 4636 4370
3 4371 4637 4283
3 4295 4607 4349
3 4348 4606 4294
3 1384 4424 1383
3 1340 4425 1338
3 4356 4456 4300
3 4301 4457 4357
3 4300 4510 4356
3 4357 4511 4301
3 1378 4407 1376
3 1346 4406 1344
3 831 4394 829
3 585 4395 587
3 95 4370 97
3 86 4371 81
3 4355 4594 692
3 676 4595 4354
3 1378 4525 4407
3 4406 4524 1344
3 4372 4493 4309
3 4308 4492 4373
3 4419 4509 4315
3 4314 4508 4418
3 893 4376 891
3 4366 4571 4295
3 4294 4572 4365
3 4280 4496 4437
3 4436 4497 4281
3 842 4377 845
3 4362 4499 4318
3 4319 4498 4361
3 1390 4390 1389
3 1335 4391 1332
3 4300 4476 4358
3 4359 4477 4301
3 4358 4510 4300
3 4301 4511 4359
3 4280 4514 4496
3 4497 4515 4281
3 681 4382 679
3 690 4383 688
3 4322 4518 4432
3 4433 4519 4323
3 4318 4520 4433
3 4432 4521 4319
3 4310 4490 4350
3 4351 4491 4311
3 4416 4549 895
3 888 4548 4417
3 741 4431 743
3 933 4430 935
3 926 4429 928
3 747 4428 748
3 4438 4448 4318
3 4319 4449 4439
3 4324 4448 4438
3 4439 4449 4325
3 897 4416 895
3 888 4417 887
3 930 4447 933
3 743 4446 745
3 4316 4446 4435
3 4434 4447 4317
3 4435 4446 4326
3 4327 4447 4434
3 4447 4553 933
3 743 4552 4446
3 1384 4567 4424
3 4425 4566 1338
3 4411 4518 4322
3 4323 4519 4410
3 581 4384 583
3 827 4385 824
3 4366 4442 74
3 63 4443 4365
3 4463 4599 4596
3 4597 4598 4462
3 4298 4469 4386
3 4387 4468 4299
3 924 4550 926
3 748 4551 750
3 4381 4573 1354
3 1368 4574 4380
3 4448 4550 924
3 750 4551 4449
3 4293 4421 4409
3 4408 4420 4292
3 4413 4431 4314
3 4315 4430 4412
3 4326 4431 4413
3 4412 4430 4327
3 4348 4612 4370
3 4371 4613 4349
3 4295 4571 4450
3 4451 4572 4294
3 823 4414 57
3 53 4415 578
3 4405 4428 4316
3 4317 4429 4404
3 4325 4428 4405
3 4404 4429 4324
3 4395 4523 587
3 831 4522 4394
3 79 4386 901
3 882 4387 65
3 764 4441 766
3 909 4440 911
3 4431 4552 743
3 933 4553 4430
3 764 4643 4441
3 4440 4642 911
3 4281 4576 4367
3 4368 4577 4280
3 4409 4421 4313
3 4312 4420 4408
3 4309 4486 4411
3 4410 4487 4308
3 4293 4425 4400
3 4401 4424 4292
3 694 4461 692
3 676 4460 675
3 905 4458 906
3 768 4459 770
3 74 4571 4366
3 4365 4572 63
3 4360 4533 1360
3 1362 4532 4360
3 926 4550 4429
3 4428 4551 748
3 905 4490 4458
3 4459 4491 770
3 773 4443 63
3 74 4442 902
3 4363 4544 4312
3 4313 4545 4364
3 4372 4608 4493
3 4492 4609 4373
3 4312 4617 4363
3 4364 4616 4313
3 1395 4397 1393
3 1331 4396 1328
3 657 4404 655
3 715 4405 713
3 4361 4484 4322
3 4323 4485 4362
3 4390 4536 1389
3 1335 4537 4391
3 4454 4458 4310
3 4311 4459 4455
3 4442 4613 4283
3 4282 4612 4443
3 4596 4599 4291
3 4290 4598 4597
3 4406 4470 4297
3 4296 4471 4407
3 665 4412 662
3 707 4413 705
3 4369 4543 684
3 4417 4548 4340
3 4341 4549 4416
3 684 4540 4369
3 589 4523 4422
3 4423 4522 833
3 4342 4573 4381
3 4380 4574 4343
3 4312 4544 4367
3 4368 4545 4313
3 4330 4458 4454
3 4455 4459 4331
3 902 4490 905
3 770 4491 773
3 1353 4444 1351
3 1372 4445 1371
3 4445 4574 1371
3 1353 4573 4444
3 53 4480 4415
3 4414 4481 57
3 936 4419 79
3 65 4418 738
3 4281 4454 4436
3 4437 4455 4280
3 4407 4525 4329
3 4328 4524 4406
3 916 4410 918
3 757 4411 759
3 4311 4455 4437
3 4436 4454 4310
3 669 4505 4374
3 4375 4504 701
3 4557 4617 607
3 635 4616 4556
3 4315 4632 4374
3 4375 4633 4314
3 4367 4576 4312
3 4313 4577 4368
3 893 4549 4376
3 4376 4548 891
3 842 4547 4377
3 4377 4546 845
3 4370 4602 97
3 86 4603 4371
3 97 4602 1349
3 1375 4603 86
3 547 4426 548
3 806 4427 805
3 4322 4534 4372
3 4373 4535 4323
3 4334 4546 4377
3 4377 4547 4335
3 4340 4548 4376
3 4376 4549 4341
3 4445 4555 4343
3 4342 4554 4444
3 4409 4582 4293
3 4292 4583 4408
3 4383 4565 688
3 681 4564 4382
3 833 4522 831
3 587 4523 589
3 4363 4617 4557
3 4556 4616 4364
3 4358 4642 4440
3 4441 4643 4359
3 4384 4478 583
3 827 4479 4385
3 4398 4460 4298
3 4299 4461 4399
3 4351 4513 4403
3 4402 4512 4350
3 4389 4493 629
3 601 4492 4388
3 711 4435 708
3 661 4434 659
3 719 4439 717
3 653 4438 651
3 4300 4456 4388
3 4389 4457 4301
3 1395 4472 4397
3 4396 4473 1328
3 4295 4555 4445
3 4444 4554 4294
3 4379 4528 4344
3 4345 4529 4378
3 4374 4505 4320
3 4321 4504 4375
3 1351 4466 95
3 81 4467 1372
3 752 4432 754
3 921 4433 922
3 581 4483 4384
3 4385 4482 824
3 4297 4496 4406
3 4407 4497 4296
3 4303 4638 4427
3 4426 4639 4302
3 4410 4519 918
3 757 4518 4411
3 4423 4638 4303
3 4302 4639 4422
3 715 4527 4405
3 4404 4526 655
3 1387 4536 4452
3 4453 4537 1337
3 4392 4476 4300
3 4301 4477 4393
3 1389 4536 1387
3 1337 4537 1335
3 4378 4601 4288
3 4289 4600 4379
3 4418 4508 738
3 936 4509 4419
3 4360 4580 4533
3 4532 4581 4360
3 4370 4636 4346
3 4347 4637 4371
3 4366 4613 4442
3 4443 4612 4365
3 4418 4570 4321
3 4320 4569 4419
3 4376 4578 4340
3 4341 4579 4376
3 4374 4632 669
3 701 4633 4375
3 848 4618 4378
3 4379 4619 839
3 4307 4482 4385
3 4384 4483 4306
3 4385 4479 4305
3 4304 4478 4384
3 4377 4568 4334
3 4335 4575 4377
3 1356 4489 4381
3 4380 4488 1366
3 4303 4473 4396
3 4397 4472 4302
3 4329 4497 4407
3 4406 4496 4328
3 1346 4470 4406
3 4407 4471 1376
3 4386 4469 901
3 882 4468 4387
3 4362 4640 4499
3 4498 4641 4361
3 839 4528 4379
3 4378 4529 848
3 4408 4480 53
3 57 4481 4409
3 4481 4582 4409
3 4408 4583 4480
3 4343 4574 4445
3 4444 4573 4342
3 4288 4563 4380
3 4381 4562 4289
3 4411 4486 759
3 916 4487 4410
3 4432 4518 754
3 921 4519 4433
3 4293 4560 4421
3 4420 4561 4292
3 4412 4530 662
3 707 4531 4413
3 585 4478 4395
3 4394 4479 829
3 4382 4595 679
3 690 4594 4383
3 629 4646 4389
3 4388 4647 601
3 4533 4580 4338
3 4339 4581 4532
3 4330 4558 4440
3 4441 4559 4331
3 4296 4593 4471
3 4470 4592 4297
3 4324 4526 4404
3 4405 4527 4325
3 4334 4568 4465
3 4392 4487 914
3 760 4486 4393
3 4396 4475 4305
3 4304 4474 4397
3 4320 4584 4398
3 4399 4585 4321
3 4305 4475 4391
3 4390 4474 4304
3 4433 4520 922
3 752 4521 4432
3 4464 4575 4335
3 4332 4566 4425
3 4424 4567 4333
3 4397 4474 1393
3 1331 4475 4396
3 1390 4474 4390
3 4391 4475 1332
3 4327 4530 4412
3 4413 4531 4326
3 4388 4624 4300
3 4301 4625 4389
3 719 4498 4439
3 4438 4499 651
3 629 4493 627
3 599 4492 601
3 4309 4493 4389
3 4388 4492 4308
3 4299 4588 4387
3 4386 4589 4298
3 4415 4483 578
3 823 4482 4414
3 4389 4625 4309
3 4308 4624 4388
3 4393 4486 4309
3 4308 4487 4392
3 4296 4512 4402
3 4403 4513 4297
3 4305 4479 4394
3 4395 4478 4304
3 4451 4554 4344
3 4345 4555 4450
3 4291 4630 4502
3 4503 4631 4290
3 4294 4554 4451
3 4450 4555 4295
3 1349 4470 1346
3 1376 4471 1375
3 711 4500 4435
3 4434 4501 659
3 1343 4524 4400
3 4401 4525 1380
3 4394 4522 4303
3 4302 4523 4395
3 4422 4639 545
3 803 4638 4423
3 4465 4581 4339
3 4338 4580 4464
3 4391 4537 4307
3 4306 4536 4390
3 684 4543 682
3 79 4569 4386
3 4387 4570 65
3 4392 4624 4308
3 4309 4625 4393
3 686 4540 684
3 4414 4482 4307
3 4306 4483 4415
3 4290 4635 4503
3 4502 4634 4291
3 4436 4512 4296
3 4297 4513 4437
3 884 4468 882
3 901 4469 899
3 4332 4481 4414
3 4415 4480 4333
3 4439 4498 4319
3 4318 4499 4438
3 4300 4624 4392
3 4393 4625 4301
3 4435 4500 4316
3 4317 4501 4434
3 4386 4569 4320
3 4321 4570 4387
3 4316 4500 4405
3 4404 4501 4317
3 53 4495 4408
3 4409 4494 57
3 4458 4490 4310
3 4311 4491 4459
3 4320 4589 4386
3 4387 4588 4321
3 4314 4507 4413
3 4412 4506 4315
3 657 4501 4404
3 4405 4500 713
3 665 4506 4412
3 4413 4507 705
3 4314 4633 4507
3 4506 4632 4315
3 884 4591 4468
3 4469 4590 899
3 671 4505 669
3 701 4504 699
3 4400 4524 4328
3 4329 4525 4401
3 4558 4614 4440
3 4441 4615 4559
3 1396 4472 1395
3 1328 4473 1326
3 637 4616 635
3 607 4617 609
3 829 4479 827
3 583 4478 585
3 4293 4582 4425
3 4424 4583 4292
3 688 4565 686
3 682 4564 681
3 4601 4618 4334
3 4335 4619 4600
3 545 4628 4422
3 4423 4629 803
3 4398 4589 4320
3 4321 4588 4399
3 897 4590 4416
3 4417 4591 887
3 647 4485 55
3 61 4484 723
3 747 4516 4428
3 4429 4517 928
3 4437 4496 4297
3 4296 4497 4436
3 4298 4589 4398
3 4399 4588 4299
3 4434 4530 4327
3 4326 4531 4435
3 4428 4516 4316
3 4317 4517 4429
3 4430 4509 935
3 741 4508 4431
3 4341 4599 4463
3 4462 4598 4340
3 4416 4590 4353
3 4352 4591 4417
3 661 4530 4434
3 4435 4531 708
3 4315 4509 4430
3 4431 4508 4314
3 4281 4515 4420
3 4421 4514 4280
3 4408 4495 4312
3 4313 4494 4409
3 4515 4561 4420
3 4421 4560 4514
3 4328 4560 4400
3 4401 4561 4329
3 4427 4473 4303
3 4302 4472 4426
3 4495 4617 4312
3 4313 4616 4494
3 609 4495 53
3 57 4494 637
3 914 4487 916
3 759 4486 760
3 4452 4567 1387
3 1337 4566 4453
3 4422 4523 4302
3 4303 4522 4423
3 686 4565 4540
3 4350 4622 4402
3 4403 4623 4351
3 4468 4591 4352
3 4353 4590 4469
3 1387 4567 1384
3 1338 4566 1337
3 49 4604 1396
3 1326 4605 70
3 4400 4560 4293
3 4292 4561 4401
3 4543 4564 682
3 4438 4526 4324
3 4325 4527 4439
3 4398 4584 672
3 697 4585 4399
3 4368 4559 4545
3 4544 4558 4367
3 653 4526 4438
3 4439 4527 717
3 578 4483 581
3 824 4482 823
3 95 4620 4370
3 4371 4621 81
3 4353 4630 4416
3 4417 4631 4352
3 4419 4569 79
3 65 4570 4418
3 4312 4576 4420
3 4421 4577 4313
3 4470 4602 4346
3 4347 4603 4471
3 4545 4559 4287
3 4286 4558 4544
3 545 4639 547
3 805 4638 803
3 4440 4541 4330
3 4331 4542 4441
3 4600 4619 4379
3 4378 4618 4601
3 1380 4525 1378
3 1344 4524 1343
3 647 4640 4485
3 4484 4641 723
3 625 4608 4534
3 4535 4609 598
3 1393 4474 1390
3 1332 4475 1331
3 4371 4603 4347
3 4346 4602 4370
3 909 4541 4440
3 4441 4542 766
3 1358 4489 1356
3 1366 4488 1365
3 4463 4596 4336
3 4337 4597 4462
3 4473 4605 1326
3 1396 4604 4472
3 4416 4599 4341
3 4340 4598 4417
3 4437 4513 4311
3 4310 4512 4436
3 4505 4584 4320
3 4321 4585 4504
3 4444 4466 1351
3 1372 4467 4445
3 839 4619 841
3 847 4618 848
3 4333 4583 4424
3 4425 4582 4332
3 547 4639 4426
3 4427 4638 805
3 635 4556 633
3 605 4557 607
3 679 4595 676
3 692 4594 690
3 853 4627 4450
3 4451 4626 834
3 4429 4550 4324
3 4325 4551 4428
3 4402 4593 4296
3 4297 4592 4403
3 4534 4608 4372
3 4373 4609 4535
3 4427 4605 4473
3 4472 4604 4426
3 548 4604 49
3 70 4605 806
3 4420 4576 4281
3 4280 4577 4421
3 633 4645 631
3 603 4644 605
3 930 4517 4447
3 4446 4516 745
3 4323 4535 4485
3 4484 4534 4322
3 4456 4644 603
3 631 4645 4457
3 850 4627 853
3 834 4626 836
3 4329 4515 4497
3 4496 4514 4328
3 4485 4640 4362
3 4361 4641 4484
3 4430 4553 4327
3 4326 4552 4431
3 4449 4521 750
3 924 4520 4448
3 589 4628 47
3 73 4629 833
3 651 4499 649
3 721 4498 719
3 4283 4622 4442
3 4443 4623 4282
3 4316 4516 4446
3 4447 4517 4317
3 4422 4628 589
3 833 4629 4423
3 659 4501 657
3 713 4500 711
3 750 4521 752
3 922 4520 924
3 1349 4602 4470
3 4471 4603 1375
3 4452 4536 4306
3 4307 4537 4453
3 745 4516 747
3 928 4517 930
3 625 4534 61
3 55 4535 598
3 667 4506 665
3 705 4507 702
3 4426 4604 548
3 806 4605 4427
3 738 4508 741
3 935 4509 936
3 669 4632 667
3 702 4633 701
3 4294 4606 4444
3 4445 4607 4295
3 4448 4520 4318
3 4319 4521 4449
3 836 4528 839
3 848 4529 850
3 754 4518 757
3 918 4519 921
3 4502 4630 4353
3 4352 4631 4503
3 834 4572 4451
3 4450 4571 853
3 655 4526 653
3 717 4527 715
3 708 4531 707
3 662 4530 661
3 4543 4587 4336
3 4369 4587 4543
3 1365 4532 1362
3 1360 4533 1358
3 63 4572 834
3 853 4571 74
3 4337 4586 4540
3 4336 4596 4564
3 4565 4597 4337
3 4540 4586 4369
3 4446 4552 4326
3 4327 4553 4447
3 4564 4596 4382
3 4383 4597 4565
3 4330 4541 4458
3 4459 4542 4331
3 4503 4635 4355
3 4354 4634 4502
3 768 4542 4459
3 4458 4541 906
3 4324 4550 4448
3 4449 4551 4325
3 766 4542 768
3 906 4541 909
3 4440 4614 4358
3 4359 4615 4441
3 845 4546 847
3 841 4547 842
3 4339 4532 4488
3 4489 4533 4338
3 891 4548 888
3 895 4549 893
3 4488 4532 1365
3 1358 4533 4489
3 4289 4562 4464
3 4465 4563 4288
3 4442 4622 4350
3 4351 4623 4443
3 4464 4562 4338
3 4339 4563 4465
3 4333 4567 4452
3 4453 4566 4332
3 762 4643 764
3 911 4642 912
3 699 4585 697
3 672 4584 671
3 4340 4578 4462
3 4463 4579 4341
3 1371 4574 1368
3 1354 4573 1353
3 4462 4578 4285
3 4285 4579 4463
3 4344 4626 4451
3 4450 4627 4345
3 4488 4563 4339
3 4338 4562 4489
3 4380 4563 4488
3 4489 4562 4381
3 4499 4640 649
3 721 4641 4498
3 4346 4592 4470
3 4471 4593 4347
3 4370 4620 4348
3 4349 4621 4371
3 4556 4645 633
3 605 4644 4557
3 887 4591 884
3 899 4590 897
3 4389 4646 4457
3 4456 4647 4388
3 627 4608 625
3 598 4609 599
3 603 4647 4456
3 4457 4646 631
3 4485 4535 55
3 61 4534 4484
3 4540 4565 4337
3 723 4641 721
3 649 4640 647
3 601 4647 603
3 631 4646 629
3 4334 4618 4546
3 4547 4619 4335
3 4285 4586 4462
3 4463 4587 4285
3 4462 4586 4337
3 4336 4564 4543
3 4356 4644 4456
3 4457 4645 4357
3 4336 4587 4463
3 4510 4614 4286
3 4287 4615 4511
3 4358 4614 4510
3 4511 4615 4359
3 4285 4587 4586
3 4335 4600 4464
3 4465 4601 4334
3 4511 4610 4287
3 4286 4611 4510
3 4464 4600 4289
3 4288 4601 4465
3 803 4629 73
3 47 4628 545
3 4357 4610 4511
3 4510 4611 4356
3 4586 4587 4369
3 4477 4643 762
3 912 4642 4476
3 4343 4555 4539
3 4538 4554 4342
3 4580 4581 4284
3 4466 4620 95
3 81 4621 4467
3 4557 4611 4363
3 4364 4610 4556
3 4360 4581 4580
3 599 4609 4492
3 4493 4608 627
3 4356 4611 4557
3 4556 4610 4357
3 4332 4582 4481
3 4480 4583 4333
3 4329 4561 4515
3 4514 4560 4328
3 4344 4554 4538
3 4539 4555 4345
3 4287 4610 4545
3 4544 4611 4286
3 4363 4611 4544
3 4545 4610 4364
3 4283 4637 4622
3 4623 4636 4282
3 4559 4615 4287
3 4286 4614 4558
3 4494 4616 637
3 609 4617 4495
3 671 4584 4505
3 4504 4585 699
3 4355 4635 4594
3 4595 4634 4354
3 4594 4635 4383
3 4382 4634 4595
3 4444 4606 4466
3 4467 4607 4445
3 4476 4642 4358
3 4359 4643 4477
3 4357 4645 4556
3 4557 4644 4356
3 4466 4606 4348
3 4349 4607 4467
3 4622 4637 4402
3 4403 4636 4623
3 4528 4626 4344
3 4345 4627 4529
3 4377 4575 4568
3 4376 4579 4578
3 4291 4634 4596
3 4597 4635 4290
3 4568 4575 4284
3 4578 4579 4285
3 667 4632 4506
3 4507 4633 702
3 4596 4634 4382
3 4383 4635 4597
3 836 4626 4528
3 4529 4627 850
3 4348 4620 4466
3 4467 4621 4349
3 4592 4636 4403
3 4402 4637 4593
3 4546 4618 847
3 841 4619 4547
3 4346 4636 4592
3 4593 4637 4347
3 4599 4630 4291
3 4290 4631 4598
3 4598 4631 4417
3 4416 4630 4599
3 4681 4660 4692
3 4661 4673 4714
3 4681 4649 4687
3 4673 4661 4693
3 4686 1409 4734
3 1401 4685 4733
3 4653 4670 4715
3 563 4712 4727
3 4713 551 4726
3 1401 1403 4685
3 1406 1409 4686
3 4685 4652 4737
3 4653 4686 4738
3 4663 4685 4737
3 4686 4664 4738
3 4670 4653 4738
3 4648 4688 4724
3 559 4684 4712
3 4683 554 4713
3 4688 4673 4724
3 4650 4736 4758
3 4680 4657 4732
3 4657 4679 4732
3 4691 4650 4758
3 4658 4687 4691
3 563 561 4712
3 553 551 4713
3 4704 4669 4737
3 4679 4662 4722
3 4652 4704 4737
3 4675 4651 4698
3 4651 4675 4706
3 4679 4657 4709
3 4691 4674 4719
3 4650 4691 4719
3 4653 4680 4693
3 4655 4682 4692
3 4680 4653 4715
3 4649 4681 4718
3 4679 4722 4732
3 4683 4660 4725
3 4671 4694 4758
3 4657 4680 4715
3 4662 4679 4768
3 4682 4655 4717
3 554 553 4713
3 561 559 4712
3 4722 4648 4732
3 4684 559 4705
3 4660 4681 4711
3 4694 4671 4743
3 4691 4687 4730
3 4685 4663 4733
3 4664 4686 4734
3 1406 4686 4699
3 4714 4673 4752
3 4660 4683 4753
3 4684 4660 4711
3 4685 1403 4700
3 4660 4684 4705
3 4686 4653 4716
3 4652 4685 4714
3 554 4683 4725
3 4665 4713 4726
3 4712 4666 4727
3 4708 1385 4729
3 400 4707 4728
3 4736 4671 4758
3 4681 4692 4718
3 4688 4656 4704
3 4684 4711 4740
3 4711 4654 4740
3 1410 4721 4734
3 4720 1398 4733
3 4687 4658 4703
3 4660 4705 4725
3 4667 4708 4729
3 4707 4668 4728
3 1382 1381 4689
3 396 399 4690
3 4694 4658 4758
3 1374 83 4720
3 30 390 4721
3 4702 1392 4748
3 409 4701 4749
3 1379 1377 4697
3 392 394 4696
3 4688 4648 4766
3 4717 4655 4747
3 4656 4688 4767
3 1410 30 4721
3 83 1398 4720
3 1409 1410 4734
3 1398 1401 4733
3 559 556 4705
3 1379 4697 4744
3 4696 394 4745
3 4700 4661 4714
3 50 1397 4726
3 413 27 4727
3 4710 4656 4767
3 1394 1392 4702
3 409 410 4701
3 404 406 4694
3 1391 1388 4695
3 27 563 4727
3 551 50 4726
3 4656 4710 4755
3 4709 4657 4754
3 4685 4700 4714
3 4676 4702 4748
3 4701 4677 4749
3 4669 4697 4737
3 4696 4670 4738
3 4719 4662 4768
3 4697 4669 4744
3 4670 4696 4745
3 4699 4661 4700
3 4652 4714 4752
3 4681 4687 4760
3 4692 4660 4753
3 1405 1406 4699
3 4687 4649 4730
3 4673 4688 4752
3 396 4690 4745
3 4689 1381 4744
3 4682 4717 4761
3 4674 4691 4730
3 4661 4699 4716
3 4689 4744 4763
3 4745 4690 4762
3 1403 1405 4700
3 4693 4661 4716
3 4699 4686 4716
3 1405 4699 4700
3 4676 4717 4747
3 404 4694 4743
3 4695 1388 4742
3 1391 4695 4748
3 4694 406 4749
3 4653 4693 4716
3 4659 4706 4761
3 4675 4698 4723
3 4701 4666 4746
3 4665 4702 4747
3 4692 4682 4718
3 4704 4656 4763
3 4693 4680 4724
3 4723 4698 4769
3 4673 4693 4724
3 4666 4740 4746
3 4741 4665 4747
3 4703 4677 4746
3 399 400 4728
3 1385 1382 4729
3 4718 4682 4739
3 4706 4659 4759
3 1386 1385 4708
3 400 403 4707
3 4654 4703 4746
3 4717 4659 4761
3 4722 4662 4731
3 4690 399 4728
3 1382 4689 4729
3 4651 4710 4731
3 4678 4710 4767
3 4710 4678 4731
3 4703 4658 4765
3 4649 4718 4739
3 4721 4664 4734
3 4663 4720 4733
3 4678 4722 4731
3 4651 4706 4735
3 4706 4672 4735
3 4695 4742 4759
3 4744 4669 4763
3 4670 4745 4762
3 4694 4749 4765
3 4748 4695 4764
3 4658 4691 4758
3 4655 4692 4753
3 4710 4667 4755
3 4668 4709 4754
3 4674 4723 4769
3 4662 4698 4731
3 4687 4703 4760
3 4706 4675 4761
3 4710 4651 4735
3 4650 4709 4736
3 4667 4710 4735
3 4709 4668 4736
3 4677 4703 4765
3 4707 4671 4736
3 4672 4708 4735
3 4668 4707 4736
3 4708 4667 4735
3 556 554 4725
3 4707 403 4743
3 1386 4708 4742
3 4671 4707 4743
3 4708 4672 4742
3 4688 4704 4752
3 4658 4694 4765
3 4648 4724 4732
3 392 4696 4751
3 4697 1377 4750
3 4724 4680 4732
3 4698 4651 4731
3 4669 4704 4763
3 4683 4741 4753
3 4664 4696 4738
3 4697 4663 4737
3 1377 1374 4750
3 390 392 4751
3 4696 4664 4751
3 4663 4697 4750
3 4690 4754 4762
3 4755 4689 4763
3 4672 4706 4759
3 4754 4657 4762
3 4656 4755 4763
3 4712 4684 4740
3 4683 4713 4741
3 1388 1386 4742
3 403 404 4743
3 1397 1394 4757
3 410 413 4756
3 4705 556 4725
3 4701 410 4756
3 1394 4702 4757
3 4723 4674 4730
3 4649 4723 4730
3 394 396 4745
3 1381 1379 4744
3 4711 4681 4760
3 4666 4701 4756
3 4702 4665 4757
3 4654 4711 4760
3 1392 1391 4748
3 406 409 4749
3 4695 4759 4764
3 4759 4659 4764
3 4698 4662 4769
3 4677 4701 4746
3 4702 4676 4747
3 4741 4655 4753
3 4742 4672 4759
3 4723 4649 4739
3 4675 4723 4739
3 4704 4652 4752
3 4749 4677 4765
3 4676 4748 4764
3 4739 4682 4761
3 4740 4654 4746
3 4655 4741 4747
3 4703 4654 4760
3 4666 4712 4740
3 4713 4665 4741
3 1374 4720 4750
3 4721 390 4751
3 4709 4650 4768
3 4679 4709 4768
3 413 4727 4756
3 4726 1397 4757
3 4659 4717 4764
3 4717 4676 4764
3 4657 4715 4762
3 4715 4670 4762
3 4720 4663 4750
3 4664 4721 4751
3 4648 4722 4766
3 4722 4678 4766
3 4690 4728 4754
3 4729 4689 4755
3 4727 4666 4756
3 4665 4726 4757
3 4667 4729 4755
3 4728 4668 4754
3 4650 4719 4768
3 4662 4719 4769
3 4719 4674 4769
3 4675 4739 4761
3 4766 4678 4767
3 4688 4766 4767
3 4793 4791 1473
3 4793 109 1418
3 1418 4791 4793
3 1473 109 4793
3 1412 4790 4792
3 1418 109 4792
3 4792 4790 1418
3 4792 109 1412
3 4813 4814 4861
3 4791 1418 1419
3 4814 4813 4875
3 4888 4875 4813
3 1419 1418 4790
3 4860 4816 4815
3 4877 4777 4874
3 4874 4775 4877
3 4851 4810 4797
3 4862 4797 4810
3 4799 4842 4844
3 4844 4842 1417
3 4833 4822 4794
3 4822 4833 4836
3 4808 4826 4841
3 4841 4797 4808
3 4834 4880 4833
3 4841 4826 1459
3 4780 4778 4835
3 4778 4780 4887
3 4834 4833 4823
3 4884 4882 4776
3 4817 4882 4884
3 4784 4794 4780
3 4825 4855 4853
3 4853 4855 1426
3 4852 4854 4824
3 1448 4854 4852
3 4818 4857 4855
3 4855 4857 1428
3 4796 1420 4789
3 4796 1419 1420
3 4818 4885 4882
3 4817 4818 4882
3 4818 4817 4857
3 4886 4824 4819
3 4854 4856 4819
3 1446 4856 4854
3 4869 4779 4781
3 4781 4779 4875
3 1423 1422 4830
3 4876 4779 4777
3 4829 1422 1423
3 4777 4779 4870
3 4854 4819 4824
3 4805 4811 4881
3 4881 4873 4805
3 4773 4775 4872
3 4805 4844 4847
3 4871 4774 4772
3 4850 4848 4812
3 1464 4848 4850
3 4828 1425 111
3 111 1423 4828
3 4827 1423 111
3 111 1450 4827
3 4848 4845 4798
3 1467 4845 4848
3 4811 4805 4847
3 4847 4844 106
3 4809 4849 4840
3 4840 4849 1454
3 1457 1459 4826
3 4865 4872 4800
3 4843 4802 4800
3 4865 4800 4802
3 4799 4871 4864
3 4799 4801 4842
3 4801 4799 4864
3 4788 1420 4795
3 1420 1419 4795
3 4794 4822 4780
3 4866 4821 4820
3 4868 4866 4820
3 1444 4866 4868
3 1444 1443 4866
3 4863 4835 4778
3 4809 4835 4863
3 4866 4859 4821
3 4876 4820 4821
3 4816 4817 4884
3 4817 4816 4858
3 4773 4838 4886
3 4865 4771 4773
3 1425 4828 4853
3 4838 4773 4771
3 4885 4837 4772
3 4852 4827 1450
3 4772 4770 4864
3 4770 4772 4837
3 4784 4807 4783
3 4775 4886 4883
3 4886 4775 4773
3 4774 4776 4882
3 4883 4886 4819
3 4882 4885 4774
3 4873 4776 4774
3 4772 4774 4885
3 4848 4798 4812
3 4820 4877 4883
3 4820 4856 4868
3 4883 4819 4820
3 4856 4820 4819
3 4850 4812 4810
3 4847 4849 4811
3 1453 4849 4847
3 4870 4812 4798
3 4818 4825 4885
3 4825 4818 4855
3 4798 4874 4870
3 4870 4874 4777
3 4799 4805 4871
3 4809 4811 4849
3 4811 4809 4863
3 4805 4873 4871
3 4840 4826 4807
3 4871 4873 4774
3 4841 4851 4797
3 4872 4806 4800
3 4872 4874 4806
3 4775 4874 4872
3 4858 4857 4817
3 1431 4857 4858
3 4875 4821 4814
3 4810 4851 4850
3 4850 4851 1462
3 4875 4876 4821
3 4779 4876 4875
3 4881 4778 4776
3 4778 4881 4863
3 4863 4881 4811
3 4886 4838 4824
3 4800 4845 4843
3 4823 4813 4834
3 4843 4845 1468
3 4853 4828 4830
3 4825 4837 4885
3 4830 4825 4853
3 4825 4830 4837
3 4833 4794 4823
3 4823 4794 4782
3 4802 4843 4879
3 4879 4843 1470
3 4807 4809 4840
3 4878 4842 4801
3 1415 4842 4878
3 4809 4807 4835
3 4804 4771 4865
3 4830 4786 4837
3 4864 4770 4803
3 4829 4827 4852
3 4852 4824 4829
3 4869 4810 4812
3 4812 4870 4869
3 4869 4870 4779
3 4876 4877 4820
3 4777 4877 4876
3 4838 4829 4824
3 4806 4798 4845
3 4798 4806 4874
3 4838 4787 4829
3 4789 1421 4890
3 4789 1420 1421
3 4781 4875 4888
3 4862 4869 4781
3 4810 4869 4862
3 1435 4867 4836
3 4889 1421 4788
3 1421 1420 4788
3 4862 4846 4797
3 4862 4781 4785
3 4785 4846 4862
3 4814 4859 4861
3 4861 4859 1441
3 4804 4802 4879
3 4802 4804 4865
3 4796 4789 4771
3 4878 4801 4803
3 4864 4803 4801
3 4771 4789 4787
3 4770 4788 4795
3 4786 4788 4770
3 4822 4887 4780
3 4813 4823 4888
3 4823 4782 4888
3 4888 4782 4785
3 4860 4858 4816
3 1433 4858 4860
3 4836 4867 4822
3 4861 4834 4813
3 4815 4822 4867
3 1439 4880 4834
3 1439 4834 4861
3 4796 4804 4832
3 1461 4851 4841
3 1436 4833 4880
3 4880 1439 1436
3 4879 4832 4804
3 4831 4803 4795
3 4803 4831 4878
3 4879 4791 4832
3 1473 4791 4879
3 4831 4790 4878
3 4878 4790 1412
3 4888 4785 4781
3 1470 1473 4879
3 4878 1412 1415
3 4836 4833 1436
3 1436 1435 4836
3 4845 4800 4806
3 4805 4799 4844
3 4808 4807 4826
3 4783 4807 4808
3 4771 4804 4796
3 4795 4803 4770
3 1419 4796 4791
3 4796 4832 4791
3 4868 4856 1444
3 4776 4873 4881
3 4790 4795 1419
3 4790 4831 4795
3 1435 4860 4867
3 4887 4815 4816
3 4884 4887 4816
3 4776 4778 4887
3 4776 4887 4884
3 1423 4830 4828
3 4827 4829 1423
3 4887 4822 4815
3 4889 4830 1422
3 1422 1421 4889
3 4773 4872 4865
3 1422 4829 4890
3 4864 4871 4772
3 4890 1421 1422
3 4890 4787 4789
3 4829 4787 4890
3 4788 4786 4889
3 4889 4786 4830
3 4867 4860 4815
3 1441 1439 4861
3 4860 1435 1433
3 4883 4877 4775
3 4839 4784 4783
3 4839 4782 4794
3 4794 4784 4839
3 4783 4782 4839
3 4859 4814 4821
3 1443 4859 4866
3 4840 1454 1457
3 4841 1459 1461
3 4842 1415 1417
3 1443 1441 4859
3 1468 1470 4843
3 4844 1417 106
3 1467 1468 4845
3 4846 4785 4782
3 4846 4808 4797
3 4847 106 1453
3 1464 1467 4848
3 4849 1453 1454
3 1462 1464 4850
3 1457 4826 4840
3 1461 1462 4851
3 4858 1433 1431
3 4857 1431 1428
3 1446 1444 4856
3 4807 4784 4835
3 4835 4784 4780
3 1450 1448 4852
3 4853 1426 1425
3 4855 1428 1426
3 4771 4787 4838
3 1448 1446 4854
3 4837 4786 4770
3 4782 4783 4846
3 4846 4783 4808
3 1416 1414 4894
3 1466 1465 4895
3 1466 4895 4902
3 1416 4894 4899
3 4894 1414 4901
3 4895 1465 4900
3 1458 1456 4898
3 1413 108 4901
3 1465 1463 4900
3 1452 107 4899
3 107 1416 4899
3 1456 1455 4898
3 1463 1460 4900
3 1414 1413 4901
3 1471 1469 4897
3 4898 1455 4911
3 4901 108 4909
3 4900 1460 4910
3 1452 4899 4911
3 1458 4898 4910
3 4907 4892 4908
3 4892 4897 4908
3 4893 4900 4910
3 4892 4901 4909
3 4896 4898 4911
3 4899 4896 4911
3 4898 4893 4910
3 4891 4907 4908
3 1471 4897 4903
3 4897 1469 4902
3 4897 4892 4903
3 4895 4897 4902
3 4897 4895 4908
3 1469 1466 4902
3 1472 1471 4903
3 1455 1452 4911
3 108 1472 4909
3 1460 1458 4910
3 4893 4898 4904
3 4899 4894 4906
3 4900 4893 4905
3 4901 4892 4907
3 4898 4896 4904
3 4895 4900 4905
3 4896 4899 4906
3 4894 4901 4907
3 4904 4891 4905
3 4891 4904 4906
3 4893 4904 4905
3 4906 4894 4907
3 4904 4896 4906
3 4891 4906 4907
3 4905 4891 4908
3 4895 4905 4908
3 1472 4903 4909
3 4903 4892 4909
3 4935 4933 1535
3 4935 114 1501
3 1501 4933 4935
3 1535 114 4935
3 1474 4932 4934
3 1501 114 4934
3 4934 4932 1501
3 4934 114 1474
3 4955 4956 5003
3 4933 1501 1500
3 4956 4955 5017
3 5030 5017 4955
3 1500 1501 4932
3 5002 4958 4957
3 5019 4919 5016
3 5016 4917 5019
3 4993 4952 4939
3 5004 4939 4952
3 4941 4984 4986
3 4986 4984 1479
3 4975 4964 4936
3 4964 4975 4978
3 4950 4968 4983
3 4983 4939 4950
3 4976 5022 4975
3 4983 4968 1489
3 4922 4920 4977
3 4920 4922 5029
3 4976 4975 4965
3 5026 5024 4918
3 4959 5024 5026
3 4926 4936 4922
3 4967 4997 4995
3 4995 4997 1504
3 4994 4996 4966
3 1527 4996 4994
3 4960 4999 4997
3 4997 4999 1507
3 4938 1499 4931
3 4938 1500 1499
3 4960 5027 5024
3 4959 4960 5024
3 4960 4959 4999
3 5028 4966 4961
3 4996 4998 4961
3 1525 4998 4996
3 5011 4921 4923
3 4923 4921 5017
3 1496 1497 4972
3 5018 4921 4919
3 4971 1497 1496
3 4919 4921 5012
3 4996 4961 4966
3 4947 4953 5023
3 5023 5015 4947
3 4915 4917 5014
3 4947 4986 4989
3 5013 4916 4914
3 4992 4990 4954
3 1495 4990 4992
3 117 1496 4970
3 4970 1503 117
3 117 1529 4969
3 4969 1496 117
3 4990 4987 4940
3 112 4987 4990
3 4953 4947 4989
3 4989 4986 1480
3 4951 4991 4982
3 4982 4991 1484
3 1487 1489 4968
3 5007 5014 4942
3 4985 4944 4942
3 5007 4942 4944
3 4941 5013 5006
3 4941 4943 4984
3 4943 4941 5006
3 4930 1499 4937
3 1499 1500 4937
3 4936 4964 4922
3 5008 4963 4962
3 5010 5008 4962
3 1522 5008 5010
3 1522 1520 5008
3 5005 4977 4920
3 4951 4977 5005
3 5008 5001 4963
3 5018 4962 4963
3 4958 4959 5026
3 4959 4958 5000
3 4915 4980 5028
3 5007 4913 4915
3 1503 4970 4995
3 4980 4915 4913
3 5027 4979 4914
3 4994 4969 1529
3 4914 4912 5006
3 4912 4914 4979
3 4926 4949 4925
3 4917 5028 5025
3 5028 4917 4915
3 4916 4918 5024
3 5025 5028 4961
3 5024 5027 4916
3 5015 4918 4916
3 4914 4916 5027
3 4990 4940 4954
3 4962 5019 5025
3 4962 4998 5010
3 5025 4961 4962
3 4998 4962 4961
3 4992 4954 4952
3 4989 4991 4953
3 1483 4991 4989
3 5012 4954 4940
3 4960 4967 5027
3 4967 4960 4997
3 4940 5016 5012
3 5012 5016 4919
3 4941 4947 5013
3 4951 4953 4991
3 4953 4951 5005
3 4947 5015 5013
3 4982 4968 4949
3 5013 5015 4916
3 4983 4993 4939
3 5014 4948 4942
3 5014 5016 4948
3 4917 5016 5014
3 5000 4999 4959
3 1509 4999 5000
3 5017 4963 4956
3 4952 4993 4992
3 4992 4993 1493
3 5017 5018 4963
3 4921 5018 5017
3 5023 4920 4918
3 4920 5023 5005
3 5005 5023 4953
3 5028 4980 4966
3 4942 4987 4985
3 4965 4955 4976
3 4985 4987 1531
3 4995 4970 4972
3 4967 4979 5027
3 4972 4967 4995
3 4967 4972 4979
3 4975 4936 4965
3 4965 4936 4924
3 4944 4985 5021
3 5021 4985 1532
3 4949 4951 4982
3 5020 4984 4943
3 1477 4984 5020
3 4951 4949 4977
3 4946 4913 5007
3 4972 4928 4979
3 5006 4912 4945
3 4971 4969 4994
3 4994 4966 4971
3 5011 4952 4954
3 4954 5012 5011
3 5011 5012 4921
3 5018 5019 4962
3 4919 5019 5018
3 4980 4971 4966
3 4948 4940 4987
3 4940 4948 5016
3 4980 4929 4971
3 4931 1498 5032
3 4931 1499 1498
3 4923 5017 5030
3 5004 5011 4923
3 4952 5011 5004
3 1512 5009 4978
3 5031 1498 4930
3 1498 1499 4930
3 5004 4988 4939
3 5004 4923 4927
3 4927 4988 5004
3 4956 5001 5003
3 5003 5001 1518
3 4946 4944 5021
3 4944 4946 5007
3 4938 4931 4913
3 5020 4943 4945
3 5006 4945 4943
3 4913 4931 4929
3 4912 4930 4937
3 4928 4930 4912
3 4964 5029 4922
3 4955 4965 5030
3 4965 4924 5030
3 5030 4924 4927
3 5002 5000 4958
3 1511 5000 5002
3 4978 5009 4964
3 5003 4976 4955
3 4957 4964 5009
3 1517 5022 4976
3 1517 4976 5003
3 4938 4946 4974
3 1491 4993 4983
3 1515 4975 5022
3 5022 1517 1515
3 5021 4974 4946
3 4973 4945 4937
3 4945 4973 5020
3 5021 4933 4974
3 1535 4933 5021
3 4973 4932 5020
3 5020 4932 1474
3 5030 4927 4923
3 1532 1535 5021
3 5020 1474 1477
3 4978 4975 1515
3 1515 1512 4978
3 4987 4942 4948
3 4947 4941 4986
3 4950 4949 4968
3 4925 4949 4950
3 4913 4946 4938
3 4937 4945 4912
3 1500 4938 4933
3 4938 4974 4933
3 5010 4998 1522
3 4918 5015 5023
3 4932 4937 1500
3 4932 4973 4937
3 1512 5002 5009
3 5029 4957 4958
3 5026 5029 4958
3 4918 4920 5029
3 4918 5029 5026
3 1496 4972 4970
3 4969 4971 1496
3 5029 4964 4957
3 5031 4972 1497
3 1497 1498 5031
3 4915 5014 5007
3 1497 4971 5032
3 5006 5013 4914
3 5032 1498 1497
3 5032 4929 4931
3 4971 4929 5032
3 4930 4928 5031
3 5031 4928 4972
3 5009 5002 4957
3 1518 1517 5003
3 5002 1512 1511
3 5025 5019 4917
3 4981 4926 4925
3 4981 4924 4936
3 4936 4926 4981
3 4925 4924 4981
3 5001 4956 4963
3 1520 5001 5008
3 4982 1484 1487
3 4983 1489 1491
3 4984 1477 1479
3 1520 1518 5001
3 1531 1532 4985
3 4986 1479 1480
3 112 1531 4987
3 4988 4927 4924
3 4988 4950 4939
3 4989 1480 1483
3 1495 112 4990
3 4991 1483 1484
3 1493 1495 4992
3 1487 4968 4982
3 1491 1493 4993
3 5000 1511 1509
3 4999 1509 1507
3 1525 1522 4998
3 4949 4926 4977
3 4977 4926 4922
3 1529 1527 4994
3 4995 1504 1503
3 4997 1507 1504
3 4913 4929 4980
3 1527 1525 4996
3 4979 4928 4912
3 4924 4925 4988
3 4988 4925 4950
3 5033 5038 5037
3 5036 5038 5033
3 5037 5048 5033
3 1514 5034 1513
3 1508 5035 1506
3 1521 5036 1519
3 116 5037 1528
3 5038 5043 1524
3 1524 5042 5038
3 1514 5040 5034
3 5034 5041 1513
3 5036 5040 1519
3 1508 5041 5035
3 1524 5043 1523
3 5033 5047 5036
3 116 5044 5037
3 5035 5045 1506
3 1526 5042 1524
3 5037 5042 1528
3 5038 5042 5037
3 1521 5043 5036
3 1519 5040 1516
3 1513 5041 1510
3 1516 5040 1514
3 1510 5041 1508
3 1505 5039 1502
3 5036 5043 5038
3 5046 5048 5035
3 5035 5048 5039
3 5033 5048 5046
3 1528 5042 1526
3 1523 5043 1521
3 5039 5044 1502
3 1505 5045 5039
3 5039 5045 5035
3 5039 5048 5044
3 5044 5048 5037
3 1506 5045 1505
3 1502 5044 116
3 5036 5047 5040
3 5034 5046 5041
3 5034 5047 5046
3 5046 5047 5033
3 5040 5047 5034
3 5041 5046 5035
3 5702 5403 5586
3 5586 5457 5702
3 5109 1539 5264
3 5146 5702 5457
3 5109 91 1537
3 1040 91 5109
3 5108 80 1373
3 1015 80 5108
3 1350 94 5110
3 5110 94 1116
3 1559 89 5107
3 5107 89 938
3 5702 5146 5145
3 5274 1040 5109
3 5108 1370 5263
3 5273 1015 5108
3 5276 5106 5110
3 1352 1350 5110
3 5110 1116 5276
3 5261 5110 5106
3 5109 1537 1539
3 5107 938 5275
3 5264 5260 5103
3 5108 1373 1370
3 1541 5260 5264
3 5263 5259 5102
3 1557 1559 5107
3 1369 5259 5263
3 5101 5258 5262
3 5262 5258 1555
3 5104 5257 5261
3 5261 5257 1355
3 5261 1352 5110
3 5264 1539 1541
3 5275 5105 5107
3 5263 1370 1369
3 5262 5107 5105
3 1555 1557 5262
3 5262 1557 5107
3 1355 1352 5261
3 5507 5460 5485
3 5507 5230 5460
3 5485 5460 1550
3 5499 1550 5460
3 5508 5459 5484
3 5508 5229 5459
3 5484 5459 1359
3 5498 1359 5459
3 1043 1040 5274
3 1012 1015 5273
3 5276 1116 1114
3 5275 938 941
3 5399 5589 5639
3 5589 5399 5346
3 5099 5091 5252
3 5108 5102 5273
3 5344 5286 5116
3 5098 5090 5251
3 1048 5468 5576
3 5254 5092 5100
3 5576 5468 5236
3 5253 5089 5097
3 5236 5280 5576
3 1050 1048 5576
3 1007 5467 5575
3 5100 5248 5272
3 5575 5467 5235
3 5480 5229 5508
3 5235 5279 5575
3 5097 5247 5271
3 1005 1007 5575
3 5092 5480 5096
3 5641 5522 5574
3 5270 5246 5099
3 5288 5574 5522
3 5288 5287 5574
3 5346 5172 5226
3 5269 5245 5098
3 5346 5399 5172
3 5270 5252 1044
3 5479 5230 5507
3 5089 5479 5093
3 5518 5236 5468
3 5468 5252 5518
3 5518 5252 5091
3 5518 5091 5483
3 5483 5085 5518
3 5517 5235 5467
3 5467 5251 5517
3 5517 5251 5090
3 5517 5090 5482
3 5482 5084 5517
3 5099 5252 5270
3 1047 1044 5252
3 5269 5251 1010
3 5098 5251 5269
3 5230 5490 5460
3 5490 5230 5081
3 1009 1010 5251
3 5243 5473 5587
3 5229 5491 5459
3 5491 5229 5082
3 5587 5341 5243
3 5587 5473 947
3 1109 5701 5585
3 5244 5474 5585
3 5585 5342 5244
3 5585 5474 1109
3 5102 5108 5263
3 5487 5240 5506
3 5102 5245 5273
3 1109 1107 5701
3 5105 5101 5262
3 5484 5267 5508
3 5106 5104 5261
3 5486 5239 5505
3 5096 5480 5508
3 5096 5508 5267
3 5485 5268 5507
3 5260 5095 5103
3 5095 5260 5266
3 5093 5479 5507
3 5259 5094 5102
3 5094 5259 5265
3 5093 5507 5268
3 5101 5093 5258
3 5268 5258 5093
3 5255 5401 5463
3 5104 5096 5257
3 5267 5257 5096
3 5274 5246 1043
3 5109 5103 5274
3 1044 5246 5270
3 1044 1043 5246
3 5273 5245 1012
3 5103 5109 5264
3 1010 5245 5269
3 1010 1012 5245
3 1114 5248 5276
3 5276 5248 5106
3 5272 5248 1113
3 5248 1114 1113
3 941 5247 5275
3 5275 5247 5105
3 5271 5247 942
3 5247 941 942
3 5463 5401 5114
3 5590 5395 5345
3 5345 5395 5142
3 5706 5707 5691
3 5103 5246 5274
3 5272 5254 5100
3 5086 5480 5092
3 5709 1113 1111
3 5083 5479 5089
3 942 5253 5271
3 5468 1047 5252
3 5467 1009 5251
3 5271 5253 5097
3 5709 5474 5254
3 5253 942 945
3 5253 945 5473
3 5249 5404 5511
3 5511 5404 5052
3 5487 5506 5266
3 5088 5266 5506
3 5266 5088 5095
3 5266 1543 5487
3 5486 5505 5265
3 5087 5265 5505
3 5265 5087 5094
3 5642 5570 5522
3 5248 5100 5104
3 5104 5106 5248
3 5247 5097 5101
3 5101 5105 5247
3 5103 5099 5246
3 5584 5580 5344
3 5102 5098 5245
3 5580 5286 5344
3 5265 1367 5486
3 5337 5522 5570
3 5053 5580 5584
3 5485 1553 5268
3 5250 5405 5512
3 5512 5405 5080
3 5484 1357 5267
3 5523 5571 5643
3 5571 5523 5313
3 5577 5691 5283
3 5244 5228 5086
3 5244 5342 5228
3 1048 1047 5468
3 1007 1009 5467
3 5691 5281 5283
3 947 5703 5587
3 5572 5524 5289
3 5281 5691 5572
3 5524 5290 5289
3 947 949 5703
3 5338 5525 5573
3 5175 5174 5289
3 5571 5547 5645
3 5095 5088 5091
3 5547 5571 5312
3 5094 5087 5090
3 5095 5091 5099
3 5094 5090 5098
3 5100 5092 5096
3 5097 5089 5093
3 5474 1111 1109
3 5473 945 947
3 5175 5289 5290
3 5644 5569 5570
3 5336 5570 5569
3 5338 5314 5525
3 5526 5524 5688
3 5524 5526 5290
3 5338 5201 5202
3 5689 5525 5548
3 5314 5548 5525
3 5314 5338 5202
3 1544 5240 5487
3 1364 5239 5486
3 5487 1543 1544
3 5486 1367 1364
3 5103 5095 5099
3 5102 5094 5098
3 5100 5096 5104
3 5097 5093 5101
3 1550 1553 5485
3 1359 1357 5484
3 5687 5568 5569
3 5335 5569 5568
3 5171 5396 5408
3 5284 5692 5578
3 5284 5282 5692
3 5686 5567 5568
3 5334 5568 5567
3 5573 5692 5282
3 5458 5344 5117
3 5685 5566 5567
3 5333 5567 5566
3 5400 5521 5577
3 5518 5478 5236
3 5085 5478 5518
3 5517 5477 5235
3 5084 5477 5517
3 5117 5347 5458
3 5684 5565 5566
3 5457 5348 5146
3 5332 5566 5565
3 5456 5396 5170
3 5706 951 5707
3 5141 5395 5455
3 5683 5564 5565
3 5454 5394 5169
3 5331 5565 5564
3 5140 5393 5453
3 5523 5339 5313
3 5452 5392 5168
3 5682 5563 5564
3 5139 5391 5451
3 5330 5564 5563
3 5450 5390 5167
3 5199 5198 5313
3 5138 5389 5449
3 5681 5562 5563
3 5448 5388 5166
3 5329 5563 5562
3 5137 5387 5447
3 5199 5313 5339
3 5446 5386 5165
3 5680 5561 5562
3 5136 5385 5445
3 5328 5562 5561
3 5444 5384 5164
3 5337 5288 5522
3 5135 5383 5443
3 5679 5560 5561
3 5442 5382 5163
3 5327 5561 5560
3 5134 5381 5441
3 5337 5225 5226
3 5440 5380 5162
3 5678 5559 5560
3 5133 5379 5439
3 5326 5560 5559
3 5438 5378 5161
3 5288 5337 5226
3 5132 5377 5437
3 5677 5558 5559
3 5436 5376 5160
3 5325 5559 5558
3 5131 5375 5435
3 5571 5313 5312
3 5434 5374 5159
3 5676 5557 5558
3 5130 5373 5433
3 5324 5558 5557
3 5432 5372 5158
3 5198 5197 5312
3 5129 5371 5431
3 5675 5556 5557
3 5430 5370 5157
3 5323 5557 5556
3 5128 5369 5429
3 5198 5312 5313
3 5428 5368 5156
3 5674 5555 5556
3 5127 5367 5427
3 5322 5556 5555
3 5426 5366 5155
3 5526 5291 5290
3 5126 5365 5425
3 5673 5554 5555
3 5424 5364 5154
3 5321 5555 5554
3 5125 5363 5423
3 5176 5175 5290
3 5422 5362 5153
3 5672 5553 5554
3 5124 5361 5421
3 5320 5554 5553
3 5420 5360 5152
3 5176 5290 5291
3 5123 5359 5419
3 5671 5552 5553
3 5418 5358 5151
3 5319 5553 5552
3 5122 5357 5417
3 5314 5315 5548
3 5416 5356 5150
3 5670 5551 5552
3 5121 5355 5415
3 5318 5552 5551
3 5414 5354 5149
3 5314 5202 5203
3 5120 5353 5413
3 5669 5550 5551
3 5412 5352 5148
3 5317 5551 5550
3 5119 5351 5411
3 5315 5314 5203
3 5410 5350 5147
3 5668 5549 5550
3 5118 5349 5409
3 5316 5550 5549
3 5335 5336 5569
3 5667 5548 5549
3 5315 5549 5548
3 5335 5223 5224
3 5170 5394 5456
3 5547 5546 5666
3 5546 5547 5311
3 5455 5393 5141
3 5336 5335 5224
3 5546 5545 5665
3 5169 5392 5454
3 5545 5546 5310
3 5527 5292 5291
3 5453 5391 5140
3 5545 5544 5664
3 5544 5545 5309
3 5168 5390 5452
3 5177 5176 5291
3 5544 5543 5663
3 5451 5389 5139
3 5543 5544 5308
3 5177 5291 5292
3 5167 5388 5450
3 5543 5542 5662
3 5542 5543 5307
3 5449 5387 5138
3 5315 5316 5549
3 5542 5541 5661
3 5166 5386 5448
3 5541 5542 5306
3 5315 5203 5204
3 5447 5385 5137
3 5541 5540 5660
3 5540 5541 5305
3 5165 5384 5446
3 5316 5315 5204
3 5540 5539 5659
3 5445 5383 5136
3 5539 5540 5304
3 5547 5312 5311
3 5164 5382 5444
3 5539 5538 5658
3 5538 5539 5303
3 5443 5381 5135
3 5197 5196 5311
3 5538 5537 5657
3 5163 5380 5442
3 5537 5538 5302
3 5197 5311 5312
3 5441 5379 5134
3 5537 5536 5656
3 5536 5537 5301
3 5162 5378 5440
3 5528 5293 5292
3 5536 5535 5655
3 5439 5377 5133
3 5535 5536 5300
3 5178 5177 5292
3 5161 5376 5438
3 5535 5534 5654
3 5534 5535 5299
3 5437 5375 5132
3 5178 5292 5293
3 5534 5533 5653
3 5160 5374 5436
3 5533 5534 5298
3 5316 5317 5550
3 5435 5373 5131
3 5533 5532 5652
3 5532 5533 5297
3 5159 5372 5434
3 5316 5204 5205
3 5532 5531 5651
3 5433 5371 5130
3 5531 5532 5296
3 5317 5316 5205
3 5158 5370 5432
3 5531 5530 5650
3 5530 5531 5295
3 5431 5369 5129
3 5529 5294 5293
3 5530 5529 5649
3 5157 5368 5430
3 5529 5530 5294
3 5179 5178 5293
3 5429 5367 5128
3 5529 5528 5648
3 5528 5529 5293
3 5156 5366 5428
3 5179 5293 5294
3 5528 5527 5647
3 5427 5365 5127
3 5527 5528 5292
3 5317 5318 5551
3 5155 5364 5426
3 5527 5526 5646
3 5526 5527 5291
3 5425 5363 5126
3 5317 5205 5206
3 5581 5340 5279
3 5154 5362 5424
3 5143 5340 5581
3 5260 1541 5266
3 5423 5361 5125
3 5266 1541 1543
3 5259 1369 5265
3 5153 5360 5422
3 5265 1369 1367
3 5510 5470 5241
3 5421 5359 5124
3 5085 5470 5510
3 5509 5469 5242
3 5152 5358 5420
3 5084 5469 5509
3 5243 5227 5083
3 5419 5357 5123
3 5243 5341 5227
3 5318 5317 5206
3 5151 5356 5418
3 5283 5400 5577
3 5530 5295 5294
3 5417 5355 5122
3 5705 5708 5573
3 5582 5590 5345
3 5150 5354 5416
3 5582 5050 5590
3 5474 5244 5254
3 5415 5353 5121
3 5254 5086 5092
3 5086 5254 5244
3 5149 5352 5414
3 5473 5243 5253
3 5253 5083 5089
3 5413 5351 5120
3 5083 5253 5243
3 5699 5578 5576
3 5148 5350 5412
3 5280 5699 5576
3 5699 5280 5144
3 5411 5349 5119
3 5489 5472 5405
3 5489 5405 5250
3 5147 5348 5410
3 5112 5472 5489
3 5481 5116 5286
3 5409 5347 5118
3 5115 5116 5481
3 5519 5495 5278
3 5112 5495 5519
3 5343 5523 5690
3 5690 5523 1003
3 5408 5346 5171
3 5226 5171 5346
3 1003 1005 5690
3 5488 5471 5404
3 5488 5404 5249
3 5111 5471 5488
3 5699 5284 5578
3 5576 5578 1050
3 1053 1050 5578
3 5584 5458 5054
3 5054 5457 5586
3 5586 5053 5054
3 5584 5054 5053
3 5078 5456 5636
3 5635 5455 5078
3 5077 5078 5636
3 5635 5078 5077
3 5180 5179 5294
3 5180 5294 5295
3 5283 5281 5173
3 5460 5238 5499
3 5238 5460 5490
3 5499 5238 1548
3 5459 5237 5498
3 5237 5459 5491
3 5498 5237 1361
3 5077 5454 5634
3 5633 5453 5077
3 5076 5077 5634
3 5633 5077 5076
3 5076 5452 5632
3 5631 5451 5076
3 5075 5076 5632
3 5631 5076 5075
3 5075 5450 5630
3 5629 5449 5075
3 5074 5075 5630
3 5629 5075 5074
3 5074 5448 5628
3 5627 5447 5074
3 5073 5074 5628
3 5627 5074 5073
3 5073 5446 5626
3 5625 5445 5073
3 5072 5073 5626
3 5625 5073 5072
3 5072 5444 5624
3 5623 5443 5072
3 5071 5072 5624
3 5623 5072 5071
3 5071 5442 5622
3 5621 5441 5071
3 5070 5071 5622
3 5621 5071 5070
3 5070 5440 5620
3 5619 5439 5070
3 5069 5070 5620
3 5619 5070 5069
3 5069 5438 5618
3 5617 5437 5069
3 5068 5069 5618
3 5617 5069 5068
3 5068 5436 5616
3 5615 5435 5068
3 5067 5068 5616
3 5615 5068 5067
3 5067 5434 5614
3 5613 5433 5067
3 5066 5067 5614
3 5613 5067 5066
3 5066 5432 5612
3 5611 5431 5066
3 5065 5066 5612
3 5611 5066 5065
3 5065 5430 5610
3 5609 5429 5065
3 5064 5065 5610
3 5609 5065 5064
3 5064 5428 5608
3 5607 5427 5064
3 5063 5064 5608
3 5607 5064 5063
3 5063 5426 5606
3 5605 5425 5063
3 5062 5063 5606
3 5605 5063 5062
3 5062 5424 5604
3 5603 5423 5062
3 5061 5062 5604
3 5603 5062 5061
3 5061 5422 5602
3 5601 5421 5061
3 5060 5061 5602
3 5601 5061 5060
3 5060 5420 5600
3 5599 5419 5060
3 5059 5060 5600
3 5599 5060 5059
3 5059 5418 5598
3 5597 5417 5059
3 5058 5059 5598
3 5597 5059 5058
3 5058 5416 5596
3 5595 5415 5058
3 5057 5058 5596
3 5595 5058 5057
3 5057 5414 5594
3 5593 5413 5057
3 5056 5057 5594
3 5593 5057 5056
3 5056 5412 5637
3 5638 5411 5056
3 5638 5056 5055
3 5055 5056 5637
3 5055 5410 5592
3 5591 5409 5055
3 5054 5055 5592
3 5591 5055 5054
3 5115 5400 5283
3 5226 5287 5288
3 5287 5226 5172
3 5700 5142 5199
3 5339 5340 5199
3 5199 5143 5700
3 5143 5199 5340
3 5501 5466 5407
3 1546 5466 5501
3 5500 5465 5406
3 1363 5465 5500
3 5116 5117 5344
3 5173 5117 5116
3 5318 5319 5552
3 5318 5206 5207
3 5200 5282 5284
3 5319 5318 5207
3 5580 5053 5049
3 5531 5296 5295
3 5145 5146 5200
3 5285 5145 5504
3 5504 5145 5144
3 5397 5142 5700
3 5142 5397 5345
3 5174 5173 5281
3 5117 5173 5174
3 5087 5469 5482
3 5482 5469 5084
3 5088 5470 5483
3 5483 5470 5085
3 5282 5200 5201
3 5201 5200 5146
3 5574 5701 5641
3 5402 5464 5256
3 5113 5464 5402
3 5701 1107 5641
3 5705 1054 5708
3 5572 5707 5704
3 5181 5180 5295
3 1111 5474 5709
3 953 955 5688
3 5572 5691 5707
3 951 953 5707
3 5181 5295 5296
3 5706 949 951
3 5319 5320 5553
3 5689 1056 1054
3 5319 5207 5208
3 5571 5645 5643
3 5646 956 959
3 5645 1000 5643
3 5519 5399 5112
3 5519 5278 5172
3 5172 5399 5519
3 5647 959 960
3 5088 5506 5516
3 5642 5644 5570
3 5516 5506 5232
3 5516 5470 5088
3 5087 5505 5515
3 5648 960 963
3 5515 5505 5231
3 5515 5469 5087
3 5642 1103 5644
3 5649 963 964
3 5644 5687 5569
3 5650 964 966
3 5644 1100 5687
3 5651 966 968
3 5687 5686 5568
3 5652 968 970
3 5687 1098 5686
3 5653 970 972
3 5686 5685 5567
3 5654 972 975
3 5686 1096 5685
3 5655 975 977
3 5685 5684 5566
3 5656 977 978
3 5685 1095 5684
3 5657 978 980
3 5514 5493 5080
3 5514 5464 5242
3 5684 5683 5565
3 5080 5464 5514
3 5513 5492 5052
3 5513 5463 5241
3 5658 980 983
3 5052 5463 5513
3 5080 5493 5512
3 5233 5250 5512
3 5684 1093 5683
3 5052 5492 5511
3 5234 5249 5511
3 5659 983 984
3 5510 5478 5085
3 5510 5241 5114
3 5510 5583 5478
3 5509 5477 5084
3 5509 5242 5113
3 5113 5477 5509
3 5240 5232 5506
3 5239 5231 5505
3 5114 5285 5504
3 5144 5280 5504
3 5683 5682 5564
3 5660 984 986
3 5683 1090 5682
3 5661 986 988
3 5682 5681 5563
3 5662 988 990
3 5503 5466 1546
3 5503 1548 5238
3 5238 5466 5503
3 1546 1548 5503
3 5502 5465 1363
3 5502 1361 5237
3 5237 5465 5502
3 1363 1361 5502
3 5682 1089 5681
3 5240 1544 5501
3 5501 5407 5240
3 5501 1544 1546
3 5663 990 992
3 5239 1364 5500
3 5500 5406 5239
3 5500 1364 1363
3 5681 5680 5562
3 5664 992 994
3 5681 1087 5680
3 5665 994 996
3 5680 5679 5561
3 5666 996 998
3 5680 1085 5679
3 1060 1059 5667
3 5679 5678 5560
3 1548 1550 5499
3 1063 1060 5668
3 1361 1359 5498
3 5233 5491 5250
3 5250 5491 5082
3 5062 5423 5605
3 5364 5424 5606
3 5234 5490 5249
3 5249 5490 5081
3 5285 5401 5403
3 5403 5401 5049
3 5497 5492 5232
3 5497 5407 5234
3 5679 1083 5678
3 5232 5407 5497
3 5496 5493 5231
3 5496 5406 5233
3 1065 1063 5669
3 5231 5406 5496
3 5112 5476 5495
3 5228 5278 5495
3 5678 5677 5559
3 1066 1065 5670
3 5111 5475 5494
3 5227 5277 5494
3 5678 1081 5677
3 1068 1066 5671
3 5677 5676 5558
3 1070 1068 5672
3 5677 1079 5676
3 1073 1070 5673
3 5676 5675 5557
3 1075 1073 5674
3 5491 5233 5237
3 5490 5234 5238
3 5082 5476 5489
3 5489 5476 5112
3 5489 5250 5082
3 5081 5475 5488
3 5488 5475 5111
3 5488 5249 5081
3 5676 1077 5675
3 1077 1075 5675
3 5675 5674 5556
3 1079 1077 5676
3 5675 1075 5674
3 1081 1079 5677
3 5674 5673 5555
3 1083 1081 5678
3 5674 1073 5673
3 1085 1083 5679
3 5483 5091 5088
3 5482 5090 5087
3 5481 5286 5111
3 5481 5277 5115
3 5673 5672 5554
3 1087 1085 5680
3 5673 1070 5672
3 5478 5280 5236
3 1089 1087 5681
3 5477 5279 5235
3 5672 5671 5553
3 1090 1089 5682
3 5112 5462 5472
3 5256 5405 5472
3 5472 5462 5256
3 5672 1068 5671
3 5111 5461 5471
3 5255 5404 5471
3 5471 5461 5255
3 1093 1090 5683
3 5671 5670 5552
3 1095 1093 5684
3 5671 1066 5670
3 1096 1095 5685
3 5670 5669 5551
3 1098 1096 5686
3 5670 1065 5669
3 1100 1098 5687
3 5515 5697 5469
3 5515 5231 5697
3 5526 5688 956
3 5466 5238 5234
3 5688 955 956
3 5234 5407 5466
3 5516 5698 5470
3 5465 5237 5233
3 5233 5406 5465
3 5080 5256 5464
3 5113 5242 5464
3 5516 5232 5698
3 1059 5689 5548
3 5052 5255 5463
3 5114 5241 5463
3 1059 1056 5689
3 5669 5668 5550
3 5645 998 1000
3 5112 5399 5462
3 5669 1063 5668
3 1103 1100 5644
3 5051 5256 5462
3 5523 5643 1003
3 5643 1000 1003
3 1104 5642 5522
3 5111 5286 5461
3 5049 5255 5461
3 1104 1103 5642
3 5497 5511 5492
3 5396 5171 5170
3 5170 5171 5225
3 5320 5319 5208
3 5532 5297 5296
3 5198 5142 5141
3 5142 5198 5199
3 5182 5181 5296
3 5182 5296 5297
3 5226 5225 5171
3 5320 5321 5554
3 5320 5208 5209
3 5174 5118 5117
3 5118 5174 5175
3 5321 5320 5209
3 5533 5298 5297
3 5146 5147 5201
3 5202 5201 5147
3 5183 5182 5297
3 5183 5297 5298
3 5175 5119 5118
3 5119 5175 5176
3 5321 5322 5555
3 5321 5209 5210
3 5147 5148 5202
3 5203 5202 5148
3 5322 5321 5210
3 5534 5299 5298
3 5169 5170 5224
3 5225 5224 5170
3 5184 5183 5298
3 5184 5298 5299
3 5168 5169 5223
3 5224 5223 5169
3 5322 5323 5556
3 5322 5210 5211
3 5167 5168 5222
3 5223 5222 5168
3 5323 5322 5211
3 5323 5324 5557
3 5166 5167 5221
3 5222 5221 5167
3 5323 5211 5212
3 5324 5323 5212
3 5165 5166 5220
3 5221 5220 5166
3 5535 5300 5299
3 5185 5184 5299
3 5164 5165 5219
3 5220 5219 5165
3 5185 5299 5300
3 5334 5335 5568
3 5163 5164 5218
3 5219 5218 5164
3 5334 5222 5223
3 5335 5334 5223
3 5162 5163 5217
3 5218 5217 5163
3 5333 5334 5567
3 5333 5221 5222
3 5161 5162 5216
3 5217 5216 5162
3 5334 5333 5222
3 5332 5333 5566
3 5160 5161 5215
3 5216 5215 5161
3 5332 5220 5221
3 5333 5332 5221
3 5159 5160 5214
3 5215 5214 5160
3 5331 5332 5565
3 5331 5219 5220
3 5158 5159 5213
3 5214 5213 5159
3 5332 5331 5220
3 5330 5331 5564
3 5157 5158 5212
3 5213 5212 5158
3 5330 5218 5219
3 5331 5330 5219
3 5156 5157 5211
3 5212 5211 5157
3 5329 5330 5563
3 5329 5217 5218
3 5155 5156 5210
3 5211 5210 5156
3 5330 5329 5218
3 5328 5329 5562
3 5154 5155 5209
3 5210 5209 5155
3 5328 5216 5217
3 5329 5328 5217
3 5153 5154 5208
3 5209 5208 5154
3 5327 5328 5561
3 5327 5215 5216
3 5152 5153 5207
3 5208 5207 5153
3 5328 5327 5216
3 5326 5327 5560
3 5151 5152 5206
3 5207 5206 5152
3 5408 5050 5079
3 5326 5214 5215
3 5327 5326 5215
3 5232 5240 5407
3 5231 5239 5406
3 5150 5151 5205
3 5206 5205 5151
3 5405 5256 5080
3 5404 5255 5052
3 5325 5326 5559
3 5325 5213 5214
3 5149 5150 5204
3 5205 5204 5150
3 5326 5325 5214
3 5324 5325 5558
3 5148 5149 5203
3 5204 5203 5149
3 5324 5212 5213
3 5325 5324 5213
3 5197 5141 5140
3 5546 5311 5310
3 5141 5197 5198
3 5196 5195 5310
3 5049 5053 5403
3 5196 5310 5311
3 5196 5140 5139
3 5140 5196 5197
3 5545 5310 5309
3 5195 5194 5309
3 5195 5139 5138
3 5139 5195 5196
3 5195 5309 5310
3 5402 5398 5113
3 5544 5309 5308
3 5194 5138 5137
3 5402 5256 5051
3 5138 5194 5195
3 5194 5193 5308
3 5194 5308 5309
3 5401 5285 5114
3 5401 5255 5049
3 5193 5137 5136
3 5137 5193 5194
3 5543 5308 5307
3 5115 5277 5400
3 5193 5192 5307
3 5192 5136 5135
3 5136 5192 5193
3 5193 5307 5308
3 5542 5307 5306
3 5191 5135 5134
3 5135 5191 5192
3 5192 5191 5306
3 5192 5306 5307
3 5190 5134 5133
3 5134 5190 5191
3 5541 5306 5305
3 5191 5190 5305
3 5189 5133 5132
3 5133 5189 5190
3 5191 5305 5306
3 5540 5305 5304
3 5188 5132 5131
3 5132 5188 5189
3 5190 5189 5304
3 5190 5304 5305
3 5187 5131 5130
3 5131 5187 5188
3 5143 5113 5398
3 5539 5304 5303
3 5189 5188 5303
3 5398 5397 5143
3 5186 5130 5129
3 5130 5186 5187
3 5189 5303 5304
3 5538 5303 5302
3 5185 5129 5128
3 5129 5185 5186
3 5188 5187 5302
3 5188 5302 5303
3 5184 5128 5127
3 5128 5184 5185
3 5537 5302 5301
3 5187 5186 5301
3 5183 5127 5126
3 5127 5183 5184
3 5187 5301 5302
3 5536 5301 5300
3 5182 5126 5125
3 5126 5182 5183
3 5186 5185 5300
3 5186 5300 5301
3 5181 5125 5124
3 5125 5181 5182
3 5336 5337 5570
3 5336 5224 5225
3 5180 5124 5123
3 5124 5180 5181
3 5337 5336 5225
3 5267 1355 5257
3 5179 5123 5122
3 5123 5179 5180
3 1357 1355 5267
3 5268 1555 5258
3 5178 5122 5121
3 5172 5278 5287
3 5122 5178 5179
3 1553 1555 5268
3 5706 5691 5577
3 5707 953 5704
3 5177 5121 5120
3 5121 5177 5178
3 5702 5285 5403
3 5174 5281 5289
3 5145 5285 5702
3 5176 5120 5119
3 5120 5176 5177
3 5497 5234 5511
3 5343 5340 5339
3 5117 5118 5347
3 5348 5147 5146
3 5701 5574 5520
3 5141 5142 5395
3 5118 5119 5349
3 5350 5148 5147
3 5520 5585 5701
3 5394 5170 5169
3 5392 5169 5168
3 5390 5168 5167
3 5513 5698 5492
3 5388 5167 5166
3 5386 5166 5165
3 5384 5165 5164
3 5277 5341 5521
3 5382 5164 5163
3 5380 5163 5162
3 5378 5162 5161
3 5521 5400 5277
3 5376 5161 5160
3 5374 5160 5159
3 5372 5159 5158
3 5520 5287 5278
3 5370 5158 5157
3 5368 5157 5156
3 5366 5156 5155
3 5278 5342 5520
3 5364 5155 5154
3 5362 5154 5153
3 5360 5153 5152
3 5572 5289 5281
3 5358 5152 5151
3 5356 5151 5150
3 5354 5150 5149
3 5282 5338 5573
3 5352 5149 5148
3 5140 5141 5393
3 5139 5140 5391
3 5287 5520 5574
3 5138 5139 5389
3 5137 5138 5387
3 5136 5137 5385
3 5279 5340 5575
3 5135 5136 5383
3 5134 5135 5381
3 5133 5134 5379
3 5061 5421 5603
3 5132 5133 5377
3 5131 5132 5375
3 5130 5131 5373
3 5362 5422 5604
3 5129 5130 5371
3 5128 5129 5369
3 5127 5128 5367
3 5604 5422 5061
3 5126 5127 5365
3 5125 5126 5363
3 5124 5125 5361
3 5605 5423 5363
3 5123 5124 5359
3 5122 5123 5357
3 5121 5122 5355
3 5579 5481 5111
3 5120 5121 5353
3 5119 5120 5351
3 5079 5050 5582
3 5579 5494 5277
3 5639 5462 5399
3 5051 5462 5639
3 5173 5115 5283
3 5277 5481 5579
3 5116 5115 5173
3 5284 5144 5200
3 5200 5144 5145
3 5111 5494 5579
3 5079 5639 5589
3 5344 5458 5584
3 5580 5461 5286
3 5049 5461 5580
3 5586 5403 5053
3 5690 5575 5343
3 5340 5343 5575
3 5113 5143 5581
3 1005 5575 5690
3 5398 5402 5640
3 5640 5345 5397
3 5279 5477 5581
3 5397 5398 5640
3 5640 5402 5051
3 5588 5408 5396
3 5581 5477 5113
3 5050 5408 5588
3 5590 5455 5395
3 5078 5455 5590
3 5582 5051 5079
3 5347 5409 5591
3 5592 5410 5348
3 5349 5411 5638
3 5510 5114 5583
3 5637 5412 5350
3 5636 5456 5394
3 5393 5455 5635
3 5583 5504 5280
3 5634 5454 5392
3 5391 5453 5633
3 5632 5452 5390
3 5280 5478 5583
3 5389 5451 5631
3 5630 5450 5388
3 5387 5449 5629
3 5114 5504 5583
3 5628 5448 5386
3 5385 5447 5627
3 5626 5446 5384
3 5585 5520 5342
3 5383 5445 5625
3 5624 5444 5382
3 5381 5443 5623
3 5587 5521 5341
3 5622 5442 5380
3 5379 5441 5621
3 5620 5440 5378
3 5521 5587 5703
3 5377 5439 5619
3 5618 5438 5376
3 5375 5437 5617
3 5078 5050 5588
3 5616 5436 5374
3 5373 5435 5615
3 5614 5434 5372
3 5396 5456 5588
3 5371 5433 5613
3 5612 5432 5370
3 5369 5431 5611
3 5588 5456 5078
3 5610 5430 5368
3 5367 5429 5609
3 5608 5428 5366
3 5346 5408 5589
3 5365 5427 5607
3 5606 5426 5364
3 5363 5425 5605
3 5589 5408 5079
3 5604 5424 5362
3 5361 5423 5603
3 5602 5422 5360
3 5050 5078 5590
3 5359 5421 5601
3 5600 5420 5358
3 5357 5419 5599
3 5591 5458 5347
3 5598 5418 5356
3 5355 5417 5597
3 5596 5416 5354
3 5054 5458 5591
3 5353 5415 5595
3 5594 5414 5352
3 5351 5413 5593
3 5348 5457 5592
3 5592 5457 5054
3 5703 5706 5577
3 5593 5411 5351
3 5056 5411 5593
3 1053 5578 5692
3 5523 5343 5339
3 1104 5522 5641
3 5352 5412 5594
3 5594 5412 5056
3 5595 5413 5353
3 5668 5667 5549
3 5057 5413 5595
3 5668 1060 5667
3 5513 5241 5698
3 5496 5512 5493
3 5354 5414 5596
3 5547 5666 5645
3 5666 998 5645
3 5546 5665 5666
3 5596 5414 5057
3 5665 996 5666
3 5545 5664 5665
3 5664 994 5665
3 5597 5415 5355
3 5544 5663 5664
3 5663 992 5664
3 5543 5662 5663
3 5058 5415 5597
3 5662 990 5663
3 5542 5661 5662
3 5661 988 5662
3 5338 5282 5201
3 5541 5660 5661
3 5660 986 5661
3 5540 5659 5660
3 5356 5416 5598
3 5659 984 5660
3 5539 5658 5659
3 5658 983 5659
3 5538 5657 5658
3 5657 980 5658
3 5527 5646 5647
3 1059 5548 5667
3 5341 5277 5227
3 5646 959 5647
3 5528 5647 5648
3 5647 960 5648
3 5342 5278 5228
3 5537 5656 5657
3 5656 978 5657
3 5529 5648 5649
3 5648 963 5649
3 5530 5649 5650
3 5649 964 5650
3 5531 5650 5651
3 5650 966 5651
3 5536 5655 5656
3 5655 977 5656
3 5532 5651 5652
3 5651 968 5652
3 5533 5652 5653
3 5652 970 5653
3 5534 5653 5654
3 5653 972 5654
3 5535 5654 5655
3 5654 975 5655
3 5646 5526 956
3 5700 5143 5397
3 5144 5284 5699
3 5598 5416 5058
3 5599 5417 5357
3 5059 5417 5599
3 5358 5418 5600
3 5600 5418 5059
3 5601 5419 5359
3 5060 5419 5601
3 5360 5420 5602
3 5232 5492 5698
3 5241 5470 5698
3 5496 5233 5512
3 5514 5697 5493
3 5231 5493 5697
3 5242 5469 5697
3 5514 5242 5697
3 5479 5695 5475
3 5229 5480 5696
3 5476 5082 5696
3 5696 5480 5476
3 5696 5082 5229
3 5695 5083 5227
3 5695 5494 5475
3 5479 5083 5695
3 5227 5494 5695
3 5230 5479 5694
3 5475 5081 5694
3 5694 5479 5475
3 5694 5081 5230
3 5693 5086 5228
3 5693 5495 5476
3 5480 5693 5476
3 5228 5495 5693
3 5641 1107 1104
3 5602 5420 5060
3 5603 5421 5361
3 5640 5582 5345
3 5051 5582 5640
3 5639 5079 5051
3 5055 5409 5638
3 5638 5409 5349
3 5637 5410 5055
3 5350 5410 5637
3 5636 5454 5077
3 5394 5454 5636
3 5077 5453 5635
3 5635 5453 5393
3 5634 5452 5076
3 5392 5452 5634
3 5076 5451 5633
3 5633 5451 5391
3 5632 5450 5075
3 5390 5450 5632
3 5075 5449 5631
3 5631 5449 5389
3 5630 5448 5074
3 5388 5448 5630
3 5074 5447 5629
3 5629 5447 5387
3 5628 5446 5073
3 5386 5446 5628
3 5073 5445 5627
3 5627 5445 5385
3 5626 5444 5072
3 5384 5444 5626
3 5072 5443 5625
3 5625 5443 5383
3 5624 5442 5071
3 5382 5442 5624
3 5071 5441 5623
3 5623 5441 5381
3 5622 5440 5070
3 5380 5440 5622
3 5070 5439 5621
3 5621 5439 5379
3 5620 5438 5069
3 5378 5438 5620
3 5069 5437 5619
3 5619 5437 5377
3 5618 5436 5068
3 5376 5436 5618
3 5068 5435 5617
3 5617 5435 5375
3 5616 5434 5067
3 5374 5434 5616
3 5067 5433 5615
3 5615 5433 5373
3 5614 5432 5066
3 5372 5432 5614
3 5066 5431 5613
3 5613 5431 5371
3 5612 5430 5065
3 5370 5430 5612
3 5065 5429 5611
3 5611 5429 5369
3 5610 5428 5064
3 5368 5428 5610
3 5064 5427 5609
3 5609 5427 5367
3 5608 5426 5063
3 5366 5426 5608
3 5063 5425 5607
3 5607 5425 5365
3 5606 5424 5062
3 5480 5086 5693
3 5703 5577 5521
3 5703 949 5706
3 5704 5688 5524
3 5524 5572 5704
3 953 5688 5704
3 5272 5709 5254
3 5525 5689 5705
3 5705 5573 5525
3 5705 5689 1054
3 5708 1054 1053
3 5708 5692 5573
3 5272 1113 5709
3 1053 5692 5708
3 1027 1028 5710
3 1549 1547 5710
3 1536 1017 5713
3 1039 1558 5714
3 1027 5710 5711
3 5710 1028 5712
3 1024 1027 5711
3 1028 1031 5712
3 1551 1549 5712
3 1547 1545 5711
3 1549 5710 5712
3 5710 1547 5711
3 1556 1554 5720
3 1540 1538 5719
3 1024 5711 5715
3 5712 1031 5716
3 1551 5712 5716
3 5711 1545 5715
3 1552 1551 5716
3 1545 1542 5715
3 1022 1024 5715
3 1031 1032 5716
3 1556 1036 5714
3 1019 1538 5713
3 1019 1020 5719
3 1034 1036 5720
3 1552 5716 5718
3 5715 1542 5717
3 1022 5715 5717
3 5716 1032 5718
3 1554 1552 5718
3 1542 1540 5717
3 1020 5717 5719
3 5718 1034 5720
3 1554 5718 5720
3 5717 1540 5719
3 1020 1022 5717
3 1032 1034 5718
3 1538 1019 5719
3 1036 1556 5720
3 1017 1019 5713
3 1036 1039 5714
3 1538 1536 5713
3 1558 1556 5714
3 1039 88 1558
3 90 1017 1536
3 5903 5922 5777
3 5748 5986 5921
3 5921 5986 5794
3 6022 6146 5781
3 5916 5947 5767
3 5911 5985 5778
3 5774 5989 5884
3 5884 5972 5774
3 5875 5988 5769
3 1703 6107 5891
3 5764 5945 5898
3 5897 5946 5765
3 5798 6244 5872
3 5948 6022 5781
3 5726 6231 5895
3 5876 6007 5750
3 5901 6043 5742
3 5791 6041 5897
3 5933 6027 5728
3 5808 6027 5933
3 5879 6245 6154
3 5721 5991 5876
3 5874 6007 5779
3 5884 5989 5736
3 5899 6141 1584
3 5800 5977 5976
3 5976 5977 5778
3 5876 6016 5780
3 5876 6026 5721
3 5736 5990 5884
3 1708 5916 1706
3 5841 6043 5978
3 5775 6141 5899
3 5959 6155 5725
3 5873 6155 5959
3 5779 6078 5874
3 5745 6214 6052
3 6052 6245 5745
3 1781 6041 5898
3 1680 6109 5887
3 5895 5995 5761
3 6074 6252 1737
3 5758 6131 5918
3 5792 5970 5926
3 5926 5970 5733
3 5775 6013 5888
3 6041 6207 5897
3 6154 6245 5831
3 5895 6231 5995
3 5769 6114 5875
3 5728 6027 5871
3 5755 6314 6010
3 1728 6263 6084
3 5871 6251 5728
3 5887 6112 1680
3 5872 6059 5798
3 5758 6149 6131
3 5750 6016 5876
3 5916 6143 1706
3 5972 5991 5721
3 5780 6026 5876
3 6010 6308 5755
3 1584 6133 5899
3 5949 5958 5796
3 5839 6151 5943
3 5908 6111 1661
3 1765 6110 5907
3 5722 5958 5949
3 5806 6278 6061
3 6008 6338 5751
3 1664 6111 6032
3 6033 6110 1768
3 6061 6278 5873
3 1621 5929 1622
3 5858 6215 6020
3 6015 6391 5900
3 5878 6159 5751
3 5877 6338 6008
3 5773 5987 5960
3 5751 6064 5878
3 5978 6226 5841
3 5947 6061 5767
3 5900 6391 5776
3 5952 5998 5784
3 5835 5998 5952
3 5783 6259 5930
3 5899 6133 5823
3 5824 6134 5900
3 1584 6141 1587
3 5930 6259 6150
3 6020 6232 5858
3 5910 6051 5816
3 1697 5913 1695
3 5823 6172 5899
3 5900 6173 5824
3 5975 6156 1684
3 5888 6316 5775
3 5899 5984 5775
3 5776 5983 5900
3 6109 6137 5887
3 5775 6316 6141
3 1738 6074 1737
3 5903 6382 5922
3 1768 6110 1766
3 1663 6111 1664
3 5929 6194 1622
3 5820 6137 6109
3 5761 5995 5920
3 1728 6084 1726
3 6024 6245 5879
3 5970 6334 6135
3 5894 6142 5784
3 5943 6151 5780
3 5891 6129 1703
3 5766 6069 5902
3 6097 6366 5882
3 5906 6262 5858
3 5747 6262 5906
3 6059 6349 5992
3 5742 6222 5901
3 5870 6317 5999
3 1682 5975 1684
3 5784 6167 5894
3 5882 6296 6097
3 6098 6295 5883
3 5732 6116 5930
3 5928 6229 5797
3 6005 6161 5859
3 5930 6116 5829
3 5990 6078 5779
3 5761 6162 5895
3 5799 6037 5920
3 5791 6366 6097
3 5840 6078 5990
3 5925 6068 5797
3 5920 6037 5735
3 6135 6334 5863
3 1705 6107 1703
3 5902 6069 5730
3 5990 6184 5884
3 5779 6184 5990
3 5929 5997 5835
3 1792 5964 1790
3 1774 5963 1772
3 5998 6267 6167
3 1708 6339 5916
3 5958 6035 5783
3 6043 6267 5742
3 5942 6244 5798
3 1654 5923 1657
3 1760 5924 1759
3 6134 6325 5900
3 1668 5935 1670
3 1687 5936 1688
3 5849 6268 5977
3 5739 6059 5992
3 6000 6229 5928
3 5977 6270 5849
3 5918 6341 5758
3 6097 6296 5764
3 5765 6295 6098
3 1661 6111 1663
3 1766 6110 1765
3 5970 6135 5827
3 5806 6061 5947
3 5913 6307 5862
3 5940 6155 5825
3 5756 6307 5913
3 5776 6052 6028
3 1613 5932 1615
3 5962 6152 5877
3 1624 5952 1627
3 6091 6304 6001
3 6002 6303 6092
3 1744 6209 6089
3 6090 6208 1641
3 5925 6072 1600
3 5913 6238 1695
3 5890 6208 6090
3 6089 6209 5889
3 5987 6210 5960
3 5929 6279 5788
3 6010 6243 1593
3 6028 6052 5850
3 5972 6184 5991
3 5920 5995 5799
3 5999 6243 5870
3 5778 6268 5911
3 5911 6101 5985
3 1675 5948 1677
3 5733 6140 5954
3 5791 6097 5898
3 5897 6098 5791
3 5749 6161 6005
3 5898 6041 5791
3 5899 6172 5984
3 5983 6173 5900
3 5998 6167 5784
3 5881 6252 6074
3 5895 6275 5726
3 5858 6232 5906
3 5789 6021 5944
3 5772 6315 5955
3 6152 6338 5877
3 1783 6041 1781
3 5955 6315 5891
3 5981 6091 5743
3 5744 6092 5982
3 5731 6247 6065
3 5978 6043 5771
3 5888 6125 6024
3 5835 6194 5929
3 6084 6263 5886
3 5760 6294 6163
3 6024 6125 5745
3 5848 6180 5989
3 5898 6097 5764
3 5765 6098 5897
3 5761 6042 5905
3 5833 6146 6022
3 5874 6127 6007
3 6180 6362 5989
3 5757 6170 5961
3 6007 6127 5750
3 5898 6227 1781
3 5905 6042 5801
3 5965 6171 5759
3 5788 6279 6003
3 5834 6156 5975
3 5834 6193 5936
3 5935 6192 5833
3 5780 6016 5943
3 5788 5997 5929
3 5743 6091 6001
3 6002 6092 5744
3 5872 6349 6059
3 5918 6131 5736
3 5935 6307 6192
3 6193 6308 5936
3 5734 6000 5928
3 5940 6376 6155
3 5906 6178 5768
3 6035 6190 5798
3 1754 6186 5915
3 5914 6185 1651
3 5943 6251 5839
3 5903 6190 6035
3 5927 6004 5787
3 1624 6194 5952
3 5733 6285 6140
3 5795 6160 5912
3 5733 6359 5926
3 5961 6170 5842
3 5790 6255 6223
3 5905 6281 5761
3 5991 6007 5876
3 5794 6053 6011
3 5964 6048 5819
3 5818 6047 5963
3 5842 6171 5965
3 5821 6091 5981
3 5982 6092 5822
3 5958 6200 6035
3 5902 6138 5766
3 5870 6243 6010
3 5802 6239 5904
3 5963 6148 1772
3 1792 6147 5964
3 6020 6215 5724
3 1591 6010 1593
3 6010 6314 5870
3 5735 6103 5920
3 5730 6128 5902
3 5862 6238 5913
3 5925 6161 6068
3 1631 6023 1633
3 5961 6340 5757
3 5761 6281 6162
3 6163 6280 5760
3 5907 6081 1765
3 1661 6080 5908
3 5759 6351 5965
3 5917 6103 5735
3 6065 6244 5731
3 5816 6175 5910
3 6051 6168 5816
3 5815 6119 6014
3 6065 6247 5893
3 5944 6072 5797
3 5979 6183 5848
3 5730 6069 5985
3 5810 6082 5908
3 5907 6083 5809
3 5729 6226 5978
3 5768 6230 5906
3 5826 6036 5968
3 5943 6360 5868
3 5999 6317 5787
3 5931 6255 5790
3 5940 6152 5752
3 5825 6152 5940
3 5737 6029 5976
3 5976 6029 5800
3 5777 6190 5903
3 6028 6166 5726
3 5962 6075 5752
3 5836 6075 5962
3 5997 6324 5742
3 1679 6109 1680
3 5941 6153 5770
3 5937 6079 5849
3 5779 6007 5991
3 5770 6036 5956
3 1668 6271 5935
3 5936 6272 1688
3 5906 6132 5747
3 5956 6036 5799
3 5809 6081 5907
3 5908 6080 5810
3 6017 6264 5732
3 1697 6100 5913
3 5915 6105 1754
3 1651 6106 5914
3 6163 6294 5896
3 5801 6121 5905
3 5904 6120 5802
3 5790 6189 5931
3 5742 6324 6222
3 1760 6039 5924
3 5923 6040 1657
3 1600 6072 1602
3 5912 6160 1720
3 5735 6050 5917
3 6119 6258 6014
3 1562 6325 6134
3 5854 6304 6091
3 6092 6303 5853
3 5881 6340 5961
3 5792 6232 6020
3 5937 6189 5790
3 5768 6178 5926
3 5734 6357 6000
3 5965 6351 5886
3 5912 6138 5795
3 5727 6183 5979
3 5922 6046 5793
3 1675 6022 5948
3 1720 6177 5912
3 6000 6357 6158
3 5920 6042 5761
3 5832 6213 5951
3 6023 6371 1633
3 5975 6145 5834
3 6167 6267 5841
3 5960 6210 5856
3 5782 6145 5975
3 6100 6168 5913
3 5794 6044 5921
3 5921 6049 5748
3 5952 6194 5835
3 6336 6355 5988
3 5793 6049 5921
3 6223 6255 5901
3 5913 6168 5756
3 6019 6212 5813
3 5812 6211 6018
3 6052 6214 5850
3 5861 6308 6010
3 5868 6332 5943
3 5943 6332 5728
3 6023 6358 6341
3 6023 6341 5880
3 6053 6215 6011
3 5796 6038 5957
3 5859 6288 6005
3 5892 6264 6017
3 5957 6038 5738
3 5980 6037 5826
3 6183 6276 5896
3 5956 6034 5770
3 5977 6268 5778
3 5973 6347 5762
3 5763 6348 5974
3 5980 6050 5735
3 5737 6300 5950
3 5723 6270 5977
3 5767 6249 5916
3 5741 6055 5967
3 5966 6056 5740
3 5787 6317 5927
3 5728 6332 5933
3 5922 6197 5777
3 1726 6124 1724
3 6018 6211 6088
3 6087 6212 6019
3 5770 6034 5941
3 1634 6120 1637
3 1740 6121 1738
3 5736 6131 5990
3 5816 6168 6100
3 5766 6326 6069
3 6016 6360 5943
3 5971 6035 5798
3 5783 6035 5971
3 5851 6056 5966
3 5967 6055 5852
3 5926 6076 5768
3 5887 6137 5992
3 5736 6113 5918
3 5728 6251 5943
3 5959 6061 5873
3 1643 5993 1645
3 1748 5994 1746
3 5934 6239 5802
3 1613 6179 5932
3 5992 6298 5887
3 5951 6248 5832
3 5723 6355 6336
3 5864 6005 6004
3 6142 6390 5784
3 5851 6066 6056
3 6055 6067 5852
3 6004 6005 5787
3 5782 6298 5992
3 1706 6143 1705
3 5813 6067 6055
3 6056 6066 5812
3 5875 6336 5988
3 5978 6086 5814
3 5771 6086 5978
3 6084 6124 1726
3 6073 6120 1634
3 1738 6121 6074
3 5766 6291 5950
3 5969 6360 5750
3 5797 6072 5925
3 1600 6203 5925
3 5935 6157 1670
3 1687 6156 5936
3 5951 6213 5738
3 5750 6127 5969
3 5850 6166 6028
3 5933 6333 6045
3 6045 6333 5769
3 5793 6108 5922
3 1621 6279 5929
3 6223 6285 6025
3 5921 6311 5793
3 5933 6372 5808
3 5932 6060 1615
3 1577 6256 1579
3 1566 6257 1568
3 5930 6117 5783
3 5950 6300 5855
3 5833 6157 5935
3 5936 6156 5834
3 5932 6179 5830
3 5838 6224 5996
3 5797 6068 5928
3 5938 6353 1579
3 1566 6354 5939
3 6192 6307 5756
3 5755 6308 6193
3 5790 6299 5937
3 1710 6096 5947
3 5932 6230 5768
3 5830 6230 5932
3 1654 6217 5923
3 5924 6218 1759
3 5866 6347 5973
3 5974 6348 5867
3 6131 6149 5840
3 5968 6036 5770
3 1772 6148 1770
3 1794 6147 1792
3 1595 5999 1597
3 5997 6282 5835
3 5796 6363 5949
3 5743 6172 5981
3 5982 6173 5744
3 1705 6143 6107
3 5979 6077 5807
3 5854 6236 5993
3 5994 6237 5853
3 5784 6390 5952
3 6032 6147 1794
3 1770 6148 6033
3 6141 6316 5879
3 5745 6125 5941
3 1568 6257 6066
3 6067 6256 1577
3 6226 6233 5894
3 1693 6238 6182
3 6021 6286 5944
3 6071 6162 5786
3 5785 6163 6070
3 5774 6077 5979
3 6070 6163 5896
3 5895 6162 6071
3 1579 6256 5938
3 5939 6257 1566
3 1608 6095 1610
3 5732 6150 6017
3 5988 6045 5769
3 5960 6290 5773
3 5857 6290 5960
3 5800 6045 5988
3 5950 6118 5737
3 5941 6125 5807
3 5727 6276 6183
3 6062 6296 5882
3 5883 6295 6063
3 5952 6054 1627
3 5948 6188 1677
3 5969 6333 5868
3 5769 6333 5969
3 1714 6006 1712
3 5916 6339 5947
3 5996 6287 5838
3 5926 6178 5792
3 5946 6199 5765
3 5764 6198 5945
3 5949 6363 5773
3 5807 6153 5941
3 5803 6048 5964
3 5963 6047 5804
3 5766 6337 6291
3 5735 6037 5980
3 5827 6079 5937
3 5790 6223 6025
3 5762 6220 5973
3 5974 6221 5763
3 5993 6304 5854
3 5853 6303 5994
3 5807 6085 5979
3 5872 6244 6065
3 5979 6085 5727
3 5942 6190 5777
3 5868 6360 5969
3 5954 6359 5733
3 5944 6229 5789
3 5941 6214 5745
3 5829 6202 5930
3 5928 6327 5734
3 6116 6264 5910
3 5773 6363 5957
3 5930 6150 5732
3 5814 6114 5969
3 5857 6049 6046
3 6046 6049 5793
3 5768 6201 5932
3 5777 6320 5942
3 5969 6127 5814
3 5947 6339 1710
3 5802 6113 5934
3 5966 6296 5851
3 5852 6295 5967
3 5937 6299 5827
3 6048 6260 5819
3 5818 6261 6047
3 5967 6295 5765
3 5764 6296 5966
3 5951 6249 5767
3 5767 6061 5959
3 5767 6248 5951
3 5783 6117 5958
3 5748 6115 5986
3 5986 6115 5815
3 6085 6125 5888
3 5798 6059 5971
3 5957 6363 5796
3 5752 6119 5940
3 6012 6160 5795
3 5940 6365 5856
3 5985 6101 5730
3 5892 6192 6051
3 5849 6270 5937
3 6051 6192 5756
3 5947 6096 5806
3 6024 6316 5888
3 5855 6326 5950
3 5950 6326 5766
3 5732 6264 6116
3 5945 6381 1778
3 1786 6380 5946
3 5971 6059 5739
3 6182 6271 1667
3 1690 6272 6181
3 1719 6012 1717
3 5848 6323 5979
3 5826 6373 6036
3 5856 6376 5940
3 5807 6125 6085
3 5968 6370 5721
3 6043 6255 5771
3 5981 6172 5823
3 5824 6173 5982
3 5901 6255 6043
3 5919 6187 6118
3 5799 6231 5956
3 1673 6022 1675
3 5808 6102 6027
3 6118 6187 5737
3 5837 6076 5954
3 5946 6380 5819
3 5818 6381 5945
3 5986 6053 5794
3 5751 6159 6008
3 1757 6186 1754
3 1651 6185 1653
3 6191 6389 6031
3 5798 6190 5942
3 6057 6091 5821
3 5822 6092 6058
3 1608 6342 6095
3 5973 6133 1582
3 1565 6134 5974
3 6058 6092 5853
3 5854 6091 6057
3 5773 6290 5949
3 6095 6191 5830
3 5949 6292 5722
3 5797 6229 5944
3 5953 6364 1701
3 5884 6184 5972
3 6105 6196 5822
3 5821 6195 6106
3 1762 6039 1760
3 1657 6040 1658
3 5897 6228 5946
3 5945 6227 5898
3 5865 6370 5968
3 1647 6057 1649
3 1752 6058 1751
3 5915 6196 6105
3 6106 6195 5914
3 5920 6103 6042
3 1701 6129 5953
3 1695 6238 1693
3 1752 6105 6058
3 6057 6106 1649
3 5726 6275 6028
3 6099 6251 5871
3 1735 6252 5961
3 6162 6281 5889
3 5890 6280 6163
3 5816 6364 5953
3 5969 6114 5769
3 5945 6198 5818
3 5819 6199 5946
3 5738 6139 5951
3 5953 6175 5816
3 6153 6374 5770
3 5946 6228 1786
3 1778 6227 5945
3 5951 6139 5811
3 5772 6175 5953
3 5965 6263 1730
3 1730 6169 5965
3 5974 6134 5824
3 5823 6133 5973
3 6017 6150 5838
3 5962 6350 5836
3 5963 6123 5818
3 5819 6122 5964
3 5948 6246 6188
3 6005 6288 5787
3 6026 6242 5721
3 5770 6374 5968
3 1774 6123 5963
3 5964 6122 1790
3 5954 6277 5837
3 6188 6246 5820
3 5813 6055 6019
3 6018 6056 5812
3 1690 6181 123
3 129 6182 1667
3 5968 6374 5865
3 1582 6234 5973
3 5974 6235 1565
3 5781 6246 5948
3 6079 6225 5849
3 5953 6315 5772
3 5800 6355 5977
3 5774 6323 5989
3 5729 6233 6226
3 5812 6257 6211
3 6212 6256 5813
3 123 6181 1588
3 1693 6182 129
3 5811 6249 5951
3 5891 6318 5955
3 1667 6271 1668
3 1688 6272 1690
3 5993 6236 1645
3 1748 6237 5994
3 6019 6055 5741
3 5740 6056 6018
3 5996 6224 5739
3 6211 6257 5939
3 5938 6256 6212
3 5985 6069 5855
3 5944 6313 6072
3 5967 6260 5741
3 5740 6261 5966
3 5996 6137 5820
3 5960 6319 5857
3 5978 6130 5729
3 5814 6130 5978
3 5955 6139 5738
3 5827 6368 5970
3 5725 6269 5959
3 5972 6367 5774
3 5958 6117 5796
3 5738 6289 5955
3 5739 6137 5996
3 5815 6205 5986
3 5747 6191 6031
3 5855 6301 5985
3 5985 6301 5778
3 5955 6165 5772
3 5842 6219 5961
3 6161 6203 5859
3 5950 6291 6118
3 6118 6291 5805
3 6012 6159 5878
3 5856 6369 5960
3 5721 6370 5972
3 5877 6302 5962
3 6101 6283 5836
3 5988 6355 5800
3 6116 6392 5829
3 5829 6392 6165
3 5804 6148 5963
3 5964 6147 5803
3 5925 6203 6161
3 5773 6216 5987
3 5987 6216 5832
3 5804 6110 6033
3 6032 6111 5803
3 5785 6304 5993
3 5994 6303 5786
3 6013 6085 5888
3 5880 6371 6023
3 1682 6112 5975
3 5738 6213 5957
3 5721 6242 5968
3 5999 6176 1597
3 5957 6216 5773
3 6110 6240 5907
3 5908 6241 6111
3 5961 6252 5881
3 5792 6334 5970
3 5752 6152 5962
3 5959 6248 5767
3 5917 6274 6103
3 6102 6352 6027
3 1595 6243 5999
3 5911 6283 6101
3 1615 6060 1616
3 5961 6219 1735
3 5727 6085 6013
3 5952 6390 6054
3 5977 6355 5723
3 6020 6136 5863
3 5995 6231 5799
3 6111 6241 5803
3 5804 6240 6110
3 5869 6191 6095
3 5731 6297 6004
3 5722 6200 5958
3 1658 6080 1661
3 1765 6081 1762
3 5886 6263 5965
3 6164 6327 5928
3 6166 6231 5726
3 6004 6297 5864
3 5956 6231 6166
3 5788 6277 6140
3 6140 6277 5954
3 5846 6071 6002
3 6001 6070 5847
3 5878 6346 6012
3 5878 6064 6006
3 5965 6169 5842
3 5826 6393 5980
3 6030 6311 5734
3 5775 6306 6013
3 6048 6241 5741
3 5740 6240 6047
3 5966 6198 5764
3 5765 6199 5967
3 6136 6206 5863
3 5795 6159 6012
3 5785 6070 6001
3 6002 6071 5786
3 5789 6229 6000
3 5896 6276 6070
3 6071 6275 5895
3 6006 6064 5806
3 5781 6146 6017
3 5818 6198 5966
3 5967 6199 5819
3 1712 6096 1710
3 5987 6269 5725
3 1653 6217 1654
3 1759 6218 1757
3 6017 6146 5892
3 1762 6081 6039
3 6040 6080 1658
3 5819 6260 5967
3 5966 6261 5818
3 5922 6382 6046
3 5739 6224 5971
3 5734 6311 6044
3 6006 6346 5878
3 1714 6346 6006
3 6045 6372 5933
3 5976 6300 5737
3 118 6354 1566
3 1579 6353 1580
3 6164 6385 6009
3 5778 6301 5976
3 5970 6368 5733
3 1618 6204 6003
3 5968 6242 5826
3 5980 6151 6050
3 6037 6373 5826
3 5971 6259 5783
3 5989 6323 5848
3 6014 6136 5724
3 5828 6136 6014
3 1627 6054 1628
3 6046 6382 5722
3 5817 6327 6164
3 5821 6106 6057
3 6058 6105 5822
3 5975 6298 5782
3 6291 6337 5909
3 5741 6241 6082
3 6083 6240 5740
3 6012 6346 1717
3 5867 6235 5974
3 5973 6234 5866
3 5762 6195 5981
3 5982 6196 5763
3 6185 6217 1653
3 1757 6218 6186
3 6008 6128 5877
3 5780 6151 5980
3 5982 6221 5824
3 5823 6220 5981
3 5840 6233 6078
3 5990 6131 5840
3 5869 6389 6191
3 1641 6208 1643
3 1746 6209 1744
3 5749 6385 6164
3 5927 6247 6004
3 5989 6362 5736
3 5981 6195 5821
3 5822 6196 5982
3 6003 6279 1618
3 1720 6160 1719
3 5824 6221 5974
3 5973 6220 5823
3 5763 6221 5982
3 5981 6220 5762
3 5979 6323 5774
3 5806 6096 6006
3 1754 6105 1752
3 1649 6106 1651
3 6006 6096 1712
3 6004 6247 5731
3 5980 6393 5780
3 5864 6320 6009
3 1710 6339 1708
3 5825 6338 6152
3 6233 6356 6078
3 6009 6320 5777
3 5776 6305 5983
3 5984 6306 5775
3 5984 6172 5743
3 5744 6173 5983
3 5992 6137 5739
3 1598 6203 1600
3 1639 6090 1641
3 1744 6089 1743
3 5817 6164 6009
3 6039 6081 5809
3 5810 6080 6040
3 5841 6267 6043
3 6142 6149 5758
3 5725 6210 5987
3 5832 6269 5987
3 5894 6149 6142
3 1677 6188 1679
3 5831 6245 6052
3 1616 6204 1618
3 6135 6206 5746
3 6011 6215 5858
3 6064 6278 5806
3 1673 6157 6022
3 5991 6184 5779
3 6019 6082 5810
3 5809 6083 6018
3 5845 6265 6093
3 6094 6266 5844
3 6029 6187 5808
3 5743 6309 5984
3 5983 6310 5744
3 5741 6082 6019
3 6018 6083 5740
3 6021 6342 1606
3 6022 6157 5833
3 6086 6114 5814
3 1730 6263 1728
3 1737 6252 1735
3 1723 6177 1720
3 1575 6321 1577
3 1568 6322 1570
3 1580 6234 1582
3 1565 6235 118
3 6265 6347 6093
3 6094 6348 6266
3 5788 6324 5997
3 1606 6342 1608
3 1701 6364 1699
3 6015 6312 5831
3 1788 6380 1786
3 1778 6381 1776
3 5843 6285 6223
3 6098 6366 5791
3 5993 6378 5785
3 5786 6377 5994
3 5882 6366 6126
3 1732 6169 1730
3 5810 6087 6019
3 6018 6088 5809
3 6182 6238 5862
3 5992 6349 5782
3 5999 6288 6176
3 1618 6279 1621
3 1643 6208 5993
3 5994 6209 1746
3 5874 6130 6127
3 6127 6130 5814
3 6000 6158 5789
3 5986 6205 6053
3 6028 6275 5846
3 1703 6129 1701
3 5760 6239 6180
3 6108 6197 5922
3 6180 6239 5934
3 5996 6246 5781
3 5906 6230 6132
3 5736 6362 6113
3 6113 6362 5934
3 6143 6249 5811
3 5956 6166 6034
3 5916 6249 6143
3 5820 6246 5996
3 1699 6100 1697
3 5829 6289 6038
3 5885 6284 6054
3 6034 6214 5941
3 6001 6309 5743
3 5744 6310 6002
3 6054 6284 1628
3 1785 6228 6207
3 5817 6108 6030
3 5847 6309 6001
3 6002 6310 5846
3 1570 6322 6062
3 6063 6321 1575
3 6030 6108 5793
3 6011 6375 5860
3 5781 6287 5996
3 5847 6276 6013
3 6029 6372 5800
3 1680 6112 1682
3 5742 6282 5997
3 6013 6276 5727
3 6040 6254 5810
3 5809 6253 6039
3 5864 6385 6005
3 6008 6159 5795
3 6102 6351 5759
3 5919 6351 6102
3 6005 6385 5749
3 5998 6282 5742
3 5835 6282 5998
3 5793 6311 6030
3 5805 6291 6124
3 5803 6147 6032
3 6033 6148 5804
3 5754 6344 6253
3 6254 6343 5753
3 6099 6170 5757
3 5787 6288 5999
3 5742 6267 5998
3 5871 6170 6099
3 6010 6250 5861
3 6075 6104 5828
3 5836 6104 6075
3 6003 6204 5837
3 6077 6153 5807
3 6003 6277 5788
3 5837 6277 6003
3 6013 6306 5847
3 1776 6123 1774
3 1790 6122 1788
3 6124 6291 5909
3 5746 6225 6079
3 6103 6274 5801
3 1719 6160 6012
3 5724 6205 6014
3 6011 6345 5794
3 5860 6345 6011
3 1679 6188 6109
3 6155 6376 5725
3 6042 6103 5801
3 6068 6161 5749
3 5724 6136 6020
3 1591 6250 6010
3 5828 6206 6136
3 5800 6372 6045
3 6009 6197 5817
3 5808 6187 6102
3 6068 6164 5928
3 6014 6258 5828
3 6020 6334 5792
3 5863 6334 6020
3 1562 6134 1565
3 1582 6133 1584
3 6138 6394 5795
3 6015 6325 1561
3 1610 6179 1613
3 5777 6197 6009
3 1781 6227 1778
3 1786 6228 1785
3 5863 6206 6135
3 6060 6204 1616
3 6174 6340 5917
3 5751 6338 6144
3 5862 6271 6182
3 6181 6272 5861
3 6001 6304 5785
3 5786 6303 6002
3 5900 6325 6015
3 6207 6228 5897
3 5756 6168 6051
3 1785 6207 1783
3 6100 6364 5816
3 5789 6158 6031
3 6095 6342 5869
3 6035 6200 5903
3 1684 6156 1687
3 1670 6157 1673
3 6050 6174 5917
3 5795 6394 6008
3 6031 6158 5860
3 1633 6371 1634
3 1735 6219 1732
3 6009 6385 5864
3 6034 6166 5850
3 6150 6259 5838
3 6014 6205 5815
3 5819 6380 6122
3 6123 6381 5818
3 5858 6262 6011
3 6239 6280 5904
3 5789 6389 6021
3 6021 6389 5869
3 6088 6253 5809
3 5810 6254 6087
3 1783 6207 6041
3 6145 6193 5834
3 5833 6192 6146
3 6144 6155 5873
3 5825 6155 6144
3 5932 6201 6060
3 6065 6145 5782
3 6050 6151 5839
3 5734 6327 6030
3 1597 6176 1598
3 5752 6258 6119
3 6146 6192 5892
3 5893 6193 6145
3 5893 6145 6065
3 6023 6284 5885
3 1631 6284 6023
3 6074 6121 5801
3 5802 6120 6073
3 5831 6312 6154
3 6218 6344 5844
3 5845 6343 6217
3 5757 6340 6174
3 5801 6274 6074
3 6073 6273 5802
3 5926 6359 6076
3 5880 6273 6073
3 6074 6274 5881
3 5831 6391 6015
3 5737 6187 6029
3 5853 6237 6058
3 6057 6236 5854
3 1561 6312 6015
3 5910 6264 6051
3 1622 6194 1624
3 5759 6352 6102
3 6090 6386 5904
3 5905 6387 6089
3 6069 6326 5855
3 6089 6387 1743
3 1639 6386 6090
3 5894 6233 6149
3 1606 6286 6021
3 6053 6205 5724
3 6058 6237 1751
3 1647 6236 6057
3 6017 6287 5781
3 5844 6266 6186
3 6185 6265 5845
3 5875 6114 6086
3 6079 6135 5746
3 6038 6202 5829
3 5805 6124 6084
3 5796 6202 6038
3 5827 6299 6025
3 6186 6266 5915
3 5914 6265 6185
3 6062 6328 1570
3 1575 6329 6063
3 5838 6287 6017
3 6165 6289 5829
3 5780 6393 6026
3 5754 6253 6088
3 6087 6254 5753
3 5733 6368 6025
3 5830 6191 6132
3 5885 6390 6142
3 5722 6292 6046
3 6046 6292 5857
3 1588 6250 1591
3 6341 6358 5758
3 6253 6344 5924
3 5923 6343 6254
3 5750 6360 6016
3 5886 6293 6084
3 6084 6293 5805
3 1604 6286 1606
3 5850 6214 6034
3 5839 6174 6050
3 5826 6242 6026
3 1645 6236 1647
3 1751 6237 1748
3 1664 6383 127
3 131 6384 1768
3 6063 6329 5883
3 5882 6328 6062
3 6028 6305 5776
3 1593 6243 1595
3 5745 6245 6024
3 6066 6257 5812
3 5813 6256 6067
3 6119 6365 5940
3 5930 6202 6117
3 6331 6354 5867
3 5866 6353 6330
3 5799 6373 6037
3 5837 6204 6060
3 5879 6316 6024
3 6036 6373 5799
3 6138 6337 5766
3 5912 6337 6138
3 5746 6206 6104
3 5924 6344 6218
3 6217 6343 5923
3 5846 6305 6028
3 6196 6266 5763
3 5762 6265 6195
3 5760 6280 6239
3 6025 6285 5733
3 5883 6366 6098
3 1628 6284 1631
3 1587 6361 120
3 5827 6135 6079
3 5902 6394 6138
3 5869 6342 6021
3 6244 6297 5731
3 6038 6289 5738
3 6025 6299 5790
3 6189 6336 5931
3 5942 6297 6244
3 5723 6336 6189
3 6047 6261 5740
3 5741 6260 6048
3 120 6312 1561
3 6195 6265 5914
3 5915 6266 6196
3 6008 6394 6128
3 6039 6253 5924
3 5923 6254 6040
3 1570 6328 1573
3 1573 6329 1575
3 1602 6313 1604
3 5885 6358 6023
3 6049 6319 5748
3 6033 6384 1770
3 1794 6383 6032
3 6027 6352 5871
3 5860 6375 6031
3 6031 6375 5747
3 6030 6327 5817
3 1561 6325 1562
3 6095 6179 1610
3 5749 6164 6068
3 1717 6346 1714
3 5857 6319 6049
3 6026 6393 5826
3 6025 6368 5827
3 6107 6143 5811
3 1637 6386 1639
3 1743 6387 1740
3 1724 6388 1723
3 1634 6371 6073
3 5808 6372 6029
3 5828 6258 6075
3 5865 6153 6077
3 6031 6389 5789
3 127 6383 1794
3 1770 6384 131
3 6060 6201 5837
3 5845 6217 6185
3 6186 6218 5844
3 6211 6331 5754
3 5753 6330 6212
3 6107 6318 5891
3 5724 6215 6053
3 5811 6318 6107
3 6176 6288 5859
3 6088 6211 5754
3 5753 6212 6087
3 6052 6391 5831
3 6140 6285 5843
3 6032 6383 1664
3 1768 6384 6033
3 6047 6240 5804
3 5803 6241 6048
3 5934 6362 6180
3 6169 6219 5842
3 6330 6353 5938
3 5939 6354 6331
3 5782 6349 6065
3 6140 6324 5788
3 6167 6226 5894
3 6065 6349 5872
3 6051 6264 5892
3 5904 6280 6090
3 6089 6281 5905
3 6158 6357 5860
3 6044 6311 5921
3 5837 6201 6076
3 6076 6359 5954
3 6099 6174 5839
3 6044 6357 5734
3 5802 6273 6113
3 5936 6308 6272
3 6271 6307 5935
3 5794 6345 6044
3 6222 6324 5843
3 5757 6174 6099
3 6212 6330 5938
3 5939 6331 6211
3 5911 6268 6225
3 6272 6308 5861
3 5862 6307 6271
3 6225 6268 5849
3 5751 6278 6064
3 6286 6313 5944
3 1604 6313 6286
3 5830 6179 6095
3 6082 6241 5908
3 5907 6240 6083
3 6076 6201 5768
3 6262 6375 6011
3 6102 6187 5919
3 5771 6335 6086
3 6086 6335 5875
3 6113 6273 5918
3 6101 6350 5730
3 6118 6293 5919
3 5805 6293 6118
3 5817 6197 6108
3 5871 6171 6170
3 6170 6171 5842
3 5776 6391 6052
3 6109 6188 5820
3 5866 6330 6093
3 6094 6331 5867
3 5851 6296 6062
3 6063 6295 5852
3 6070 6276 5847
3 5846 6275 6071
3 5754 6331 6094
3 6093 6330 5753
3 5852 6321 6063
3 6062 6322 5851
3 6255 6335 5771
3 5931 6335 6255
3 6104 6206 5828
3 5836 6283 6104
3 6054 6390 5885
3 1577 6321 6067
3 6066 6322 1568
3 6075 6258 5752
3 6117 6202 5796
3 5851 6322 6066
3 6067 6321 5852
3 6222 6223 5901
3 5843 6223 6222
3 5865 6374 6153
3 6128 6394 5902
3 6132 6191 5747
3 6072 6313 1602
3 6104 6283 5746
3 6128 6302 5877
3 5730 6302 6128
3 5848 6294 6180
3 6183 6294 5848
3 5844 6344 6094
3 6093 6343 5845
3 6248 6269 5832
3 5959 6269 6248
3 5859 6203 6176
3 5889 6281 6089
3 6090 6280 5890
3 5839 6251 6099
3 6210 6376 5856
3 5937 6270 6189
3 5729 6356 6233
3 6077 6367 5865
3 5774 6367 6077
3 6305 6310 5983
3 5984 6309 6306
3 6132 6230 5830
3 6247 6379 5893
3 6112 6298 5975
3 6306 6309 5847
3 5846 6310 6305
3 5927 6379 6247
3 6078 6356 5874
3 6073 6371 5880
3 6175 6392 5910
3 6224 6259 5971
3 6177 6388 5909
3 1723 6388 6177
3 5772 6392 6175
3 5867 6348 6094
3 6093 6347 5866
3 6176 6203 1598
3 6149 6233 5840
3 6144 6278 5751
3 6129 6315 5953
3 6178 6232 5792
3 5906 6232 6178
3 5753 6343 6093
3 6094 6344 5754
3 5841 6226 6167
3 1732 6219 6169
3 5887 6298 6112
3 6115 6365 5815
3 6115 6369 5856
3 5815 6365 6119
3 5917 6340 6274
3 6273 6341 5918
3 5730 6350 6302
3 6274 6340 5881
3 5880 6341 6273
3 5955 6318 6139
3 6126 6329 1573
3 1573 6328 6126
3 5836 6350 6101
3 6213 6216 5957
3 6181 6250 1588
3 5873 6278 6144
3 6266 6348 5763
3 5762 6347 6265
3 5832 6216 6213
3 6234 6353 5866
3 5867 6354 6235
3 120 6361 6154
3 6165 6392 5772
3 1699 6364 6100
3 5891 6315 6129
3 6200 6382 5903
3 5722 6382 6200
3 5758 6358 6142
3 6142 6358 5885
3 5874 6356 6130
3 5861 6250 6181
3 6293 6351 5919
3 6130 6356 5729
3 5886 6351 6293
3 5746 6283 6225
3 6154 6312 120
3 5883 6329 6126
3 6126 6328 5882
3 6139 6318 5811
3 6141 6361 1587
3 5856 6365 6115
3 5748 6369 6115
3 5843 6324 6140
3 6180 6294 5760
3 5955 6289 6165
3 5904 6386 6120
3 6121 6387 5905
3 6120 6386 1637
3 1740 6387 6121
3 6189 6270 5723
3 5909 6337 6177
3 6177 6337 5912
3 5879 6361 6141
3 5909 6388 6124
3 6124 6388 1724
3 5910 6392 6116
3 6126 6366 5883
3 6144 6338 5825
3 5838 6259 6224
3 1776 6381 6123
3 6122 6380 1788
3 5896 6294 6183
3 5755 6379 6314
3 6314 6379 5927
3 5785 6378 6163
3 6162 6377 5786
3 6367 6370 5865
3 5994 6377 6209
3 6208 6378 5993
3 5972 6370 6367
3 6163 6378 5890
3 5889 6377 6162
3 6225 6283 5911
3 5871 6352 6171
3 6154 6361 5879
3 6290 6292 5949
3 5976 6301 6300
3 6300 6301 5855
3 5857 6292 6290
3 5868 6333 6332
3 6332 6333 5933
3 5942 6320 6297
3 6171 6352 5759
3 5960 6369 6319
3 6319 6369 5748
3 5893 6379 6193
3 6193 6379 5755
3 6335 6336 5875
3 5931 6336 6335
3 1580 6353 6234
3 6235 6354 118
3 5927 6317 6314
3 6297 6320 5864
3 6314 6317 5870
3 5890 6378 6208
3 6209 6377 5889
3 5725 6376 6210
3 6345 6357 6044
3 6302 6350 5962
3 5747 6375 6262
3 5860 6357 6345
3 1845 6654 6513
3 6536 6596 6431
3 6431 6596 6502
3 6415 6507 6475
3 6464 6560 6428
3 6398 6500 6474
3 1851 6559 6472
3 6428 6547 6464
3 1810 6535 6490
3 6412 6649 6482
3 6482 6649 6467
3 6553 6554 6404
3 1889 6594 6590
3 6472 6550 1851
3 6404 6554 6477
3 6586 6600 1831
3 1845 6513 1847
3 1810 6490 1813
3 6405 6545 6526
3 6526 6545 6453
3 6422 6541 6470
3 6606 6633 6526
3 6422 6606 6526
3 1831 6600 1833
3 1889 6590 1887
3 6471 6534 6423
3 6425 6532 6473
3 6420 6529 6477
3 6499 6554 6440
3 6420 6554 6499
3 6479 6522 6434
3 6412 6551 6470
3 6470 6649 6412
3 6423 6581 6471
3 6420 6593 6529
3 6470 6551 6422
3 1838 6601 6528
3 6444 6643 6475
3 6504 6603 1672
3 6487 6578 6438
3 1884 6590 6480
3 6492 6679 6450
3 6451 6680 6493
3 1674 6504 1672
3 6620 6680 6451
3 6513 6654 6468
3 1838 6528 1840
3 1683 6499 1681
3 6487 6645 6578
3 6450 6679 6613
3 6528 6543 1840
3 6476 6522 6413
3 6509 6646 1806
3 6529 6593 6466
3 6472 6539 6430
3 6518 6525 1861
3 6491 6648 6442
3 6427 6645 6487
3 6475 6600 6444
3 1805 6509 1806
3 6430 6550 6472
3 6413 6650 6476
3 6490 6535 6431
3 6499 6616 1681
3 6473 6619 6425
3 1840 6543 1843
3 6515 6592 6419
3 6465 6592 6515
3 6531 6648 6491
3 6426 6698 6500
3 6425 6514 6506
3 6467 6631 6482
3 6474 6612 6398
3 6469 6642 6537
3 6537 6607 6469
3 6475 6533 6415
3 6477 6597 6404
3 6542 6568 6448
3 6531 6645 6427
3 6477 6565 6435
3 6421 6516 6488
3 6498 6512 6418
3 6447 6580 6497
3 6510 6515 6419
3 6443 6515 6510
3 6449 6625 6511
3 1849 6559 1851
3 6511 6626 6449
3 6398 6612 6515
3 1671 6492 1669
3 1689 6493 1686
3 6457 6660 6498
3 6500 6698 6476
3 6500 6662 6426
3 6460 6621 6620
3 6440 6554 6553
3 6436 6530 6519
3 6480 6562 1884
3 1867 6505 1865
3 6477 6554 6420
3 6515 6612 6465
3 6435 6597 6477
3 6490 6534 1813
3 6495 6548 6414
3 6460 6620 6521
3 6498 6660 6512
3 6446 6603 6504
3 6484 6542 6448
3 6456 6516 6511
3 6425 6520 6514
3 6397 6660 6503
3 6463 6646 6509
3 6600 6659 1835
3 6448 6568 6558
3 6655 6698 6402
3 6434 6571 6479
3 6582 6583 6409
3 6436 6568 6542
3 6524 6575 6416
3 6475 6643 6533
3 6506 6514 6424
3 1851 6550 1853
3 6415 6533 6489
3 6489 6533 6429
3 6505 6526 6453
3 6422 6526 6505
3 1887 6590 1884
3 6580 6624 6497
3 6429 6525 6518
3 6468 6583 6582
3 6435 6548 6495
3 6511 6516 6421
3 6416 6577 6486
3 6503 6556 6397
3 6402 6698 6523
3 6527 6598 6465
3 6505 6639 1865
3 6518 6545 6429
3 6453 6545 6518
3 6410 6598 6527
3 6482 6580 6412
3 6539 6558 6403
3 6504 6592 6446
3 6419 6592 6504
3 6428 6576 6509
3 6416 6653 6524
3 6496 6581 6423
3 6484 6686 6396
3 1876 6571 1875
3 6505 6541 6422
3 6471 6625 6566
3 6539 6627 6558
3 6479 6692 6522
3 6483 6662 6398
3 6480 6588 6562
3 6562 6588 6437
3 6412 6637 6551
3 6476 6650 6500
3 1861 6525 1859
3 6485 6605 6437
3 1821 6508 1823
3 6537 6642 6396
3 6400 6611 6502
3 6489 6545 6405
3 1875 6571 6555
3 1824 6521 1827
3 1833 6600 1835
3 6414 6564 6483
3 6424 6615 6607
3 6590 6594 6450
3 6551 6637 6478
3 6429 6545 6489
3 1799 6538 1801
3 6558 6568 6403
3 6436 6574 6530
3 6396 6542 6484
3 6403 6608 6539
3 6430 6690 6517
3 1824 6632 6521
3 6486 6577 6435
3 6560 6608 6403
3 6514 6520 6400
3 6416 6591 6577
3 1683 6544 6499
3 6414 6623 6495
3 6424 6607 6537
3 6486 6565 6399
3 6435 6565 6486
3 6510 6553 6404
3 6566 6625 6449
3 6423 6534 6490
3 6401 6531 6491
3 6503 6660 6457
3 6538 6690 6430
3 6514 6615 6424
3 6409 6583 6487
3 6506 6567 6407
3 6528 6601 6442
3 6399 6652 6486
3 6396 6686 6501
3 6486 6653 6416
3 6441 6585 6523
3 6522 6692 6413
3 1678 6616 6569
3 6398 6622 6483
3 6511 6625 6406
3 6483 6623 6414
3 6453 6639 6505
3 6487 6584 6409
3 6421 6626 6511
3 6438 6584 6487
3 137 6586 1831
3 6398 6662 6500
3 6431 6674 6490
3 6543 6583 6468
3 6427 6583 6543
3 1856 6586 137
3 6538 6664 1801
3 6530 6576 6428
3 6436 6642 6574
3 1813 6534 1815
3 6444 6600 6586
3 6414 6628 6564
3 6437 6587 6485
3 6407 6561 6506
3 6513 6582 6433
3 6405 6663 6489
3 6432 6696 6494
3 6489 6658 6415
3 1863 6518 1861
3 6428 6560 6519
3 6485 6634 1881
3 6489 6663 6658
3 6517 6550 6430
3 6503 6696 6432
3 6433 6666 6513
3 1681 6616 1678
3 6564 6628 6481
3 6658 6663 6452
3 6415 6636 6507
3 6532 6688 6473
3 6475 6659 6600
3 1867 6541 6505
3 6460 6632 6508
3 6448 6618 6484
3 6495 6623 6443
3 6509 6681 6428
3 6508 6673 6460
3 6490 6674 6423
3 6566 6579 1819
3 6491 6667 6401
3 6492 6640 1669
3 1689 6641 6493
3 6585 6677 6523
3 1881 6605 6485
3 6456 6652 6516
3 1873 6549 1871
3 6521 6632 6460
3 6432 6557 6552
3 6461 6569 6553
3 6553 6569 6440
3 6552 6557 6452
3 1671 6603 6492
3 6493 6604 1686
3 6492 6603 6446
3 6445 6604 6493
3 6487 6583 6427
3 6439 6575 6524
3 6494 6557 6432
3 6488 6673 6421
3 6432 6556 6503
3 1666 6594 128
3 124 6595 1691
3 6423 6674 6502
3 128 6594 1889
3 1829 6595 124
3 6401 6557 6494
3 6454 6633 6606
3 6573 6611 6400
3 6519 6530 6428
3 6476 6698 6655
3 6466 6609 6529
3 6529 6609 6399
3 6450 6640 6492
3 6493 6641 6451
3 6559 6666 6433
3 6433 6582 6540
3 6442 6636 6491
3 6498 6672 6457
3 6501 6675 6396
3 6448 6558 6540
3 6397 6617 6512
3 6512 6617 6447
3 6502 6674 6431
3 6418 6669 6498
3 6508 6632 1823
3 6574 6642 6469
3 6524 6653 6456
3 6421 6673 6508
3 6457 6678 6503
3 6506 6561 6425
3 6495 6597 6435
3 1685 6544 1683
3 6428 6681 6547
3 6427 6543 6528
3 6496 6573 6439
3 6494 6578 6401
3 6497 6657 6447
3 6516 6652 6399
3 6515 6622 6398
3 6443 6647 6495
3 6449 6579 6566
3 1674 6570 6504
3 6507 6601 1836
3 6446 6679 6492
3 6493 6680 6445
3 1884 6562 1882
3 6577 6591 6455
3 6500 6650 6474
3 6424 6567 6506
3 6395 6688 6532
3 6529 6565 6477
3 6439 6671 6496
3 6423 6611 6496
3 6522 6572 6434
3 1873 6684 6549
3 6494 6696 6589
3 6430 6608 6538
3 6538 6608 6464
3 6439 6573 6520
3 6520 6573 6400
3 6507 6636 6442
3 1868 6541 1867
3 6502 6596 6400
3 6440 6616 6499
3 6499 6689 6420
3 1836 6659 6507
3 6502 6611 6423
3 6564 6662 6483
3 6426 6662 6564
3 6431 6691 6536
3 6512 6657 6418
3 1808 6535 1810
3 6481 6614 6602
3 6468 6582 6513
3 6462 6596 6536
3 6437 6605 6562
3 6589 6696 6417
3 6518 6639 6453
3 1863 6639 6518
3 6509 6576 6463
3 6575 6591 6416
3 6473 6591 6575
3 1821 6579 6508
3 6510 6695 6553
3 6443 6622 6515
3 6519 6560 6403
3 6408 6610 6536
3 6536 6610 6462
3 6403 6568 6519
3 6405 6633 6552
3 6519 6568 6436
3 6418 6657 6585
3 6585 6657 6497
3 6633 6661 6552
3 6536 6691 6656
3 6464 6664 6538
3 6471 6651 6534
3 1805 6681 6509
3 6507 6659 6475
3 6504 6644 6419
3 6435 6577 6548
3 6442 6601 6507
3 6602 6614 6441
3 6425 6619 6520
3 1819 6579 1821
3 6567 6682 6407
3 6520 6619 6439
3 6581 6671 6406
3 6496 6671 6581
3 6508 6626 6421
3 6447 6657 6512
3 6572 6624 6482
3 6402 6624 6572
3 6399 6609 6516
3 6516 6609 6488
3 6607 6615 6462
3 6511 6683 6456
3 6406 6683 6511
3 6426 6602 6523
3 6523 6602 6441
3 6404 6647 6510
3 6646 6691 6535
3 6597 6647 6404
3 6510 6647 6443
3 6495 6647 6597
3 6589 6676 6501
3 6620 6621 6411
3 6419 6695 6510
3 6417 6676 6589
3 6441 6614 6546
3 6425 6561 6532
3 6549 6649 6470
3 6433 6627 6559
3 6559 6627 6472
3 6527 6612 6474
3 6408 6576 6530
3 6517 6699 6550
3 6512 6660 6397
3 6407 6668 6561
3 6513 6666 1847
3 6542 6642 6436
3 6587 6692 6485
3 1836 6601 1838
3 6501 6686 6589
3 6530 6574 6408
3 6532 6561 6458
3 6589 6686 6438
3 6399 6565 6529
3 6540 6558 6433
3 1808 6646 6535
3 1881 6634 1878
3 1817 6566 1819
3 6459 6567 6537
3 6537 6567 6424
3 6588 6613 6410
3 6480 6613 6588
3 1676 6570 1674
3 6400 6615 6514
3 6614 6665 6546
3 6455 6688 6629
3 1835 6659 1836
3 6527 6588 6410
3 6591 6688 6455
3 6451 6638 6521
3 6521 6638 1827
3 1678 6693 1676
3 6418 6585 6546
3 6546 6585 6441
3 1796 6694 6690
3 6524 6671 6439
3 6413 6692 6587
3 6690 6694 6517
3 6541 6670 6470
3 1868 6670 6541
3 6494 6589 6578
3 6521 6620 6451
3 6613 6679 6410
3 6463 6691 6646
3 6525 6643 6444
3 6429 6643 6525
3 1875 6684 1873
3 1803 6681 1805
3 6456 6683 6524
3 6524 6683 6406
3 6457 6672 6563
3 6672 6682 6563
3 6523 6698 6426
3 6549 6684 6467
3 6540 6582 6409
3 6409 6618 6540
3 6476 6655 6522
3 6540 6618 6448
3 6444 6630 6525
3 1685 6604 6544
3 6544 6604 6445
3 6523 6677 6402
3 6555 6571 6434
3 6548 6577 6455
3 1859 6630 1856
3 6465 6612 6527
3 6438 6686 6584
3 6584 6686 6484
3 6439 6619 6575
3 6581 6625 6471
3 6555 6631 6467
3 6434 6631 6555
3 6566 6651 6471
3 1817 6651 6566
3 6569 6616 6440
3 6406 6671 6524
3 1801 6664 1803
3 6547 6681 1803
3 1882 6605 1881
3 6478 6606 6551
3 6551 6606 6422
3 6526 6633 6405
3 6525 6630 1859
3 6481 6602 6564
3 6569 6693 1678
3 6534 6651 1815
3 1691 6641 1689
3 1669 6640 1666
3 6522 6655 6572
3 1827 6638 1829
3 6411 6680 6620
3 6548 6628 6414
3 6455 6628 6548
3 6528 6648 6427
3 1672 6603 1671
3 1686 6604 1685
3 6474 6697 6527
3 6555 6684 1875
3 6442 6648 6528
3 6458 6665 6532
3 6532 6665 6395
3 6445 6689 6544
3 1803 6664 6547
3 1796 6690 1799
3 1843 6654 1845
3 6544 6689 6499
3 6472 6627 6539
3 1847 6666 1849
3 6539 6608 6430
3 6408 6656 6576
3 6396 6675 6537
3 6537 6675 6459
3 6553 6695 6461
3 1823 6632 1824
3 1865 6639 1863
3 6427 6648 6531
3 6543 6654 1843
3 6401 6645 6531
3 6533 6643 6429
3 1806 6646 1808
3 6470 6670 6549
3 6549 6670 1871
3 6474 6650 6587
3 6587 6650 6413
3 135 6694 1796
3 1815 6651 1817
3 1855 6694 135
3 6469 6610 6574
3 6574 6610 6408
3 6464 6608 6560
3 1871 6670 1868
3 6454 6635 6556
3 6556 6635 6397
3 1878 6685 1876
3 6578 6589 6438
3 6624 6677 6497
3 6402 6677 6624
3 6546 6669 6418
3 6458 6669 6546
3 6536 6656 6408
3 6561 6668 6458
3 6482 6631 6572
3 6572 6631 6434
3 1853 6699 1855
3 6396 6642 6542
3 6481 6629 6614
3 6614 6629 6395
3 6564 6602 6426
3 6578 6645 6401
3 6466 6687 6609
3 1856 6630 6586
3 6609 6687 6488
3 6606 6635 6454
3 6478 6635 6606
3 6562 6605 1882
3 6482 6624 6580
3 6535 6691 6431
3 6598 6679 6446
3 6445 6680 6599
3 6468 6654 6543
3 1799 6690 6538
3 6459 6682 6567
3 6593 6689 6445
3 1849 6666 6559
3 6467 6649 6549
3 6454 6661 6633
3 6395 6665 6614
3 6576 6656 6463
3 6547 6664 6464
3 6546 6665 6458
3 6550 6699 1853
3 6452 6667 6658
3 6465 6598 6592
3 6593 6599 6466
3 6579 6626 6508
3 6621 6687 6411
3 6636 6658 6491
3 6415 6658 6636
3 6450 6613 6590
3 6590 6613 6480
3 6558 6627 6433
3 6484 6618 6584
3 6658 6667 6491
3 6496 6611 6573
3 6488 6687 6621
3 6592 6598 6446
3 6445 6599 6593
3 6607 6610 6469
3 6462 6610 6607
3 6552 6663 6405
3 6570 6644 6504
3 6397 6635 6617
3 6617 6635 6478
3 6432 6661 6556
3 6556 6661 6454
3 6595 6641 1691
3 1666 6640 6594
3 6580 6637 6412
3 1829 6638 6595
3 6552 6661 6432
3 6621 6673 6488
3 6452 6663 6552
3 6443 6623 6622
3 6622 6623 6483
3 6557 6667 6452
3 6575 6619 6473
3 6586 6630 6444
3 6401 6667 6557
3 6584 6618 6409
3 6462 6615 6596
3 6596 6615 6400
3 6461 6644 6570
3 6407 6672 6668
3 6668 6672 6498
3 6527 6697 6588
3 6467 6684 6555
3 6449 6626 6579
3 6563 6676 6417
3 6459 6676 6563
3 6406 6625 6581
3 6497 6677 6585
3 6588 6697 6437
3 6447 6637 6580
3 6407 6682 6672
3 6563 6678 6457
3 6417 6678 6563
3 6563 6682 6459
3 6572 6655 6402
3 6644 6695 6419
3 1855 6699 6694
3 6694 6699 6517
3 6587 6697 6474
3 6437 6697 6587
3 6461 6693 6569
3 1876 6685 6571
3 6501 6676 6675
3 6675 6676 6459
3 6485 6692 6634
3 6634 6692 6479
3 6595 6638 6451
3 6478 6637 6617
3 6617 6637 6447
3 6570 6693 6461
3 6451 6641 6595
3 6594 6640 6450
3 6571 6685 6479
3 6498 6669 6668
3 6668 6669 6458
3 1676 6693 6570
3 6455 6629 6628
3 6628 6629 6481
3 6417 6696 6678
3 6678 6696 6503
3 6629 6688 6395
3 6656 6691 6463
3 6652 6653 6486
3 6456 6653 6652
3 6599 6687 6466
3 6411 6687 6599
3 6599 6680 6411
3 6410 6679 6598
3 6473 6688 6591
3 6420 6689 6593
3 6479 6685 6634
3 6634 6685 1878
3 6460 6673 6621
3 6461 6695 6644
3 6816 2023 6891
3 6838 1911 6892
3 6823 6737 6847
3 6765 6805 7040
3 6852 6762 7018
3 6762 6943 7018
3 6811 1928 6963
3 6763 6913 6931
3 6729 6892 6912
3 6864 2006 6980
3 1947 6830 6994
3 2010 6807 6961
3 6801 6703 6901
3 6863 6729 6912
3 6707 6839 6984
3 6703 6801 7007
3 6839 6785 6984
3 6813 6703 7049
3 6761 6863 6912
3 6907 6955 7127
3 6736 6824 6984
3 1945 1947 6994
3 6817 6747 6889
3 6853 6749 6869
3 2071 6805 6962
3 6907 6786 6955
3 6730 6837 7052
3 6748 6819 7096
3 6837 6883 7052
3 6898 6715 6917
3 6788 6898 6917
3 6735 6957 6988
3 6808 6739 6903
3 6731 6919 7130
3 6871 6733 6978
3 6892 6769 6912
3 6813 7029 7083
3 6805 2071 6969
3 6871 6978 7128
3 6918 6702 7018
3 2008 2006 6864
3 7029 6732 7083
3 6790 6882 6948
3 6882 6717 6948
3 6847 6737 6937
3 1995 6840 6965
3 6805 6765 6962
3 6901 6738 6987
3 6764 6827 6926
3 6893 6748 7096
3 6742 6831 6909
3 1911 1909 6892
3 6966 6739 7068
3 6739 6875 7068
3 2053 2050 6859
3 2005 2002 6833
3 1921 1923 6832
3 1968 1970 6860
3 1932 1934 6842
3 6807 2010 6973
3 6878 7026 7110
3 6740 6839 7085
3 6736 6984 7053
3 6801 6901 6987
3 2017 2014 6843
3 6873 2074 7006
3 6957 6735 7168
3 6737 6870 6937
3 6724 6813 6888
3 6839 6991 7085
3 6814 6773 6999
3 6888 6813 7049
3 6739 6872 7007
3 6875 6739 7007
3 1915 6814 6999
3 6846 6729 6863
3 6813 6724 7081
3 6814 1915 6974
3 1928 6811 6990
3 1997 1995 6965
3 6739 6808 7002
3 6923 6813 7083
3 6805 6909 7040
3 2072 2074 6873
3 6919 6731 7051
3 6744 6906 7082
3 6746 6834 6895
3 6833 2002 7060
3 1921 6832 7059
3 6728 6829 7143
3 6755 6859 6941
3 6729 6838 6892
3 6767 6864 6980
3 6747 6817 7030
3 6911 1998 6965
3 1979 1976 6867
3 6922 6755 6941
3 6906 6823 7082
3 1941 6970 7175
3 7026 6789 7110
3 1928 1931 6963
3 1958 1961 6844
3 6878 6706 7026
3 6865 6763 6931
3 1998 1997 6965
3 1941 1943 6970
3 6802 6918 7018
3 6740 6855 7121
3 6919 6820 7130
3 2053 6859 6986
3 6700 6853 6869
3 2042 2041 6841
3 6829 6960 7143
3 2076 2078 6851
3 2058 2060 6850
3 6717 6882 6956
3 6855 7076 7121
3 6891 6724 7149
3 6956 6882 7075
3 6834 6746 6899
3 6703 6813 6923
3 6742 6909 7094
3 6860 1970 6985
3 6737 6823 7150
3 6773 6814 6952
3 6890 6750 7002
3 6808 6890 7002
3 6831 6742 6887
3 6795 6832 7097
3 6833 6796 7098
3 6913 6753 6931
3 6832 6720 7097
3 6830 6727 7138
3 6856 6728 7143
3 2023 2020 6891
3 6819 6748 7010
3 6822 6748 6989
3 2023 6816 7087
3 6715 6898 6959
3 2012 2010 6961
3 2065 2066 6858
3 6862 6734 7105
3 6844 6781 7014
3 6748 6822 7010
3 6826 6747 7030
3 6725 6844 7014
3 6811 6862 7105
3 6794 6897 6956
3 6897 6717 6956
3 6959 6898 7084
3 6705 6826 7031
3 6902 6707 7045
3 6710 6823 6906
3 6792 6894 6895
3 1932 6842 7008
3 6894 6746 6895
3 6724 6891 7081
3 6843 2014 7011
3 6835 6745 6900
3 6745 6835 6897
3 6709 6820 6919
3 6847 6700 6921
3 6704 6822 7124
3 6809 6902 7045
3 1891 140 6881
3 6768 6860 7069
3 6955 6723 7127
3 6820 6709 6957
3 1949 6819 6944
3 6819 1949 7096
3 6787 6841 7086
3 6777 6851 7036
3 6850 6776 7037
3 6747 6826 7044
3 6824 6736 7034
3 6726 6896 7162
3 6777 6873 7006
3 6881 140 7106
3 6823 6710 6916
3 6727 6857 7138
3 6702 6918 7043
3 6869 6749 6979
3 6822 6704 6925
3 6850 7037 7098
3 7036 6851 7097
3 6833 7098 7171
3 6772 6868 6959
3 6868 6715 6959
3 6913 6890 7158
3 6960 6829 7153
3 6764 6926 7017
3 6883 1981 6981
3 6708 6890 6913
3 6860 6929 7069
3 6751 6831 6947
3 1983 1981 6883
3 6960 6756 7143
3 6867 1976 6998
3 6881 6784 6972
3 6831 6712 6909
3 1891 6881 6972
3 6827 6764 7021
3 6841 6721 7086
3 6783 6835 7019
3 6832 6795 7059
3 6796 6833 7060
3 6826 6705 7100
3 6841 6787 7035
3 6816 6891 7149
3 6844 1961 7023
3 6770 6867 6922
3 1956 6928 6938
3 6896 6726 7134
3 6705 6865 6977
3 6950 6812 7134
3 6909 6805 7094
3 6736 6874 7103
3 6874 6807 7103
3 2069 2071 6962
3 6851 2078 7080
3 2058 6850 7079
3 1965 6854 6945
3 6782 6884 7015
3 6946 6761 7016
3 6823 6916 7150
3 6833 6767 6980
3 6832 1923 6951
3 6829 6728 7135
3 6727 6830 7123
3 2005 6833 6980
3 6712 6831 7013
3 1943 1945 6994
3 6868 7001 7165
3 6830 1947 6944
3 6708 6836 6930
3 6992 6806 7025
3 6873 6777 6997
3 2065 6858 6904
3 6742 6873 6997
3 6887 6810 7072
3 6752 6846 7108
3 6723 6880 7127
3 6835 6783 7024
3 6706 6887 7072
3 6804 6881 7106
3 6781 6844 7023
3 6957 6780 6988
3 6841 2041 6953
3 6720 6832 7017
3 6970 1943 6994
3 6832 6951 7017
3 6831 6751 7013
3 2042 6841 7035
3 6893 6803 7084
3 6840 1995 6954
3 6868 6772 7001
3 1911 6838 7064
3 6974 1913 7064
3 7001 6725 7165
3 6767 6833 7171
3 6784 6834 6972
3 6940 6828 7004
3 6820 6957 7168
3 6759 6940 7004
3 6817 6889 7118
3 6834 6784 6971
3 6886 6713 6941
3 6903 6739 6966
3 6766 6886 6941
3 6726 6950 7134
3 7019 6835 7109
3 6837 6752 6933
3 6743 6879 6940
3 6865 6743 6977
3 6761 6912 7016
3 6888 6750 7071
3 6821 6974 7064
3 6951 6764 7017
3 6749 6853 7119
3 6770 6883 6981
3 6849 2047 6967
3 2017 6843 6924
3 6700 6847 6937
3 6842 1934 6927
3 6785 6839 7054
3 6896 6815 7162
3 6868 6806 6992
3 6880 6723 7050
3 6838 6729 6975
3 6877 6814 7157
3 1958 6844 6928
3 6707 6902 6991
3 6886 7046 7061
3 6752 6837 6976
3 6730 6877 7157
3 6837 6730 6976
3 6836 6708 7000
3 6839 6740 6979
3 6749 6866 6915
3 6713 6886 6952
3 6866 6711 6915
3 2076 6851 7006
3 6850 2060 7005
3 6823 6847 7082
3 6750 6930 7071
3 6886 6773 6952
3 6910 2054 6986
3 1972 6911 6985
3 6840 6761 6946
3 6705 6977 7145
3 6884 6712 7015
3 6776 6850 7005
3 6851 6777 7006
3 2054 2053 6986
3 1970 1972 6985
3 6753 6913 7158
3 6761 6840 6954
3 6839 6707 6991
3 1976 1974 6998
3 7027 1919 7059
3 2001 7028 7060
3 6720 7036 7097
3 7037 6719 7098
3 6906 6744 7110
3 6779 6876 7057
3 6743 6882 6977
3 6821 6976 7157
3 1974 6910 6998
3 6928 6772 6938
3 1915 1913 6974
3 6762 6852 7012
3 6852 6731 7012
3 6891 6791 7081
3 6721 6841 7022
3 6733 6842 7099
3 6728 6856 7167
3 6842 6733 7070
3 7046 6722 7061
3 7098 6719 7171
3 6884 6782 7089
3 1897 7019 7109
3 6921 6700 7122
3 6856 6708 7033
3 6748 6893 7084
3 6778 6992 7025
3 6858 2066 7032
3 6826 6949 7031
3 6853 6700 7114
3 6748 6898 6989
3 2047 6849 7088
3 6735 6848 7004
3 6848 6759 7004
3 6732 6843 7063
3 6714 6929 6946
3 6860 6754 6929
3 6843 6732 7112
3 6887 6742 6997
3 6844 6725 7001
3 6831 6887 6947
3 6759 6848 7067
3 6854 1965 7093
3 2035 2033 6889
3 6872 6703 7007
3 6756 7087 7144
3 6846 6752 6975
3 2014 2012 7011
3 1951 1953 6893
3 1931 1932 7008
3 6848 6735 6988
3 6906 6789 7163
3 7092 6738 7119
3 6895 6834 6971
3 6729 6846 6975
3 6849 6766 7088
3 6753 6879 6931
3 6879 6743 6931
3 6855 6740 7085
3 6803 6893 7091
3 6766 6849 7046
3 6768 6854 7093
3 6810 6887 6997
3 6789 7041 7163
3 6902 6782 6991
3 6867 6755 6922
3 6792 6905 7044
3 6854 6768 7050
3 6738 6901 7058
3 6859 6766 6941
3 7022 6908 7078
3 6814 6877 6952
3 6853 7092 7119
3 6863 6761 7077
3 6800 6870 7131
3 6870 6718 7131
3 6876 6779 7083
3 1963 1965 6945
3 6731 6852 7051
3 6880 6797 7127
3 7102 6939 7165
3 6976 6730 7157
3 6876 6711 7057
3 6946 6929 7154
3 6803 6938 6959
3 6938 6772 6959
3 6756 6960 7087
3 6939 6806 7165
3 6743 6865 6931
3 6779 6901 6923
3 6942 6824 7034
3 2080 7027 7080
3 7028 2057 7079
3 6901 6703 6923
3 6767 6942 7034
3 2002 2001 7060
3 1919 1921 7059
3 2062 2065 6904
3 6920 6793 6982
3 6773 6885 6999
3 6771 6920 6982
3 6933 6752 7108
3 2012 6961 7011
3 6728 6949 7030
3 6949 6826 7030
3 6708 6856 7000
3 6885 1917 6999
3 6857 6709 7003
3 6857 6727 7065
3 6859 6755 6986
3 6822 6989 7124
3 6766 6859 6964
3 1927 6861 7139
3 6859 2050 6964
3 6770 6922 7090
3 6879 6753 6936
3 6818 6903 6966
3 6701 6879 6936
3 6754 6860 6985
3 6860 6768 6968
3 6806 6868 7165
3 1968 6860 6968
3 6908 6716 6971
3 6738 6866 7119
3 6751 6878 6934
3 6784 6908 6971
3 6764 6861 7021
3 6861 1927 6990
3 6926 6810 7036
3 6963 1931 7008
3 6861 6734 7021
3 6720 6926 7036
3 6878 6744 6934
3 6709 6857 7133
3 6780 6925 6988
3 6864 6767 7034
3 6988 6925 7132
3 6861 6764 7139
3 6736 6864 7034
3 6858 6741 7174
3 6771 6908 7022
3 6870 6800 6937
3 6713 6922 6941
3 6935 6769 6958
3 6834 6899 7142
3 6940 6879 7155
3 6797 6935 6958
3 6970 6815 7175
3 6858 7032 7066
3 7013 6751 7076
3 6862 6811 7107
3 7032 6765 7066
3 6710 6871 7128
3 6712 7013 7015
3 6734 6861 7105
3 153 2057 7028
3 2080 142 7027
3 2008 6864 6973
3 6741 6858 7066
3 6905 6747 7044
3 6740 6869 6979
3 7013 6855 7015
3 142 1919 7027
3 2001 153 7028
3 6855 7013 7076
3 6711 6876 6993
3 6950 6775 7020
3 6876 6760 6993
3 6841 6953 7022
3 6784 6881 7078
3 2078 2080 7080
3 2057 2058 7079
3 1979 6867 6981
3 6880 6714 6935
3 6890 6708 6930
3 6872 6739 7002
3 6872 6750 7049
3 6793 6905 6982
3 6905 6716 6982
3 6797 6880 6935
3 6950 7020 7136
3 6978 6774 7128
3 6870 6737 7147
3 6867 6770 6981
3 6718 6870 7148
3 6734 6862 7041
3 6846 6863 7074
3 1991 6863 7077
3 1955 1956 6938
3 6882 6743 7075
3 6718 7068 7159
3 6798 6896 7134
3 7068 6875 7159
3 6869 6740 7121
3 6863 1991 7074
3 6866 6749 7119
3 6933 1985 7164
3 6706 6878 6947
3 6903 6818 7129
3 6701 6903 7129
3 6700 6869 7122
3 2072 6873 6969
3 1917 6885 7106
3 6878 6751 6947
3 6755 6867 6998
3 6864 6736 7103
3 6877 6713 6952
3 7018 6702 7020
3 6852 7018 7020
3 6733 6871 7070
3 6715 6868 6992
3 2047 2044 6967
3 6763 6865 7031
3 6865 6705 7031
3 6732 6876 7083
3 1987 1985 6933
3 1956 1958 6928
3 6897 6835 7024
3 6871 6710 6995
3 6757 6871 6995
3 6896 1939 7175
3 2039 2036 6920
3 6876 6732 7063
3 6741 6902 6996
3 6874 6711 6993
3 6770 6877 7052
3 2035 6889 7042
3 6902 6809 6996
3 6750 6890 6930
3 6925 6780 7065
3 6877 6730 7052
3 6711 6866 7057
3 6966 6762 7012
3 6818 6966 7012
3 6889 2033 7118
3 7074 1989 7108
3 6866 6738 7058
3 6750 6872 7002
3 6899 6783 7019
3 1995 1992 6954
3 1895 6899 7019
3 6837 6933 7164
3 6893 1953 7091
3 1909 1906 7156
3 6807 6874 7172
3 6808 6903 6936
3 6903 6701 6936
3 6877 6770 7090
3 6871 6757 7070
3 2018 2017 6924
3 6887 6706 6947
3 6873 6742 7094
3 1939 1941 7175
3 6874 6736 7053
3 6703 6872 7049
3 6943 6802 7018
3 6711 6874 7151
3 6760 6876 7063
3 1934 1937 6927
3 6750 6888 7049
3 6768 6880 7050
3 7078 6881 7137
3 6919 6775 7120
3 6908 6771 6982
3 6713 6877 7090
3 6716 6908 6982
3 6882 6790 6977
3 140 1917 7106
3 6879 6701 7155
3 1983 6883 7164
3 2030 2028 6932
3 6984 6785 7053
3 6883 6837 7164
3 6925 7065 7152
3 6854 7050 7055
3 6744 6878 7110
3 6921 6799 6934
3 6824 6942 7045
3 6744 6921 6934
3 1949 1951 7096
3 6881 6804 7137
3 6773 6886 7061
3 1906 6958 7156
3 6804 6983 7086
3 6846 7074 7108
3 6754 6911 6965
3 6901 6779 7058
3 7050 6723 7055
3 6775 6919 7051
3 7076 6799 7121
3 6716 6895 6971
3 2066 2069 7032
3 6804 7086 7137
3 6827 7026 7072
3 2062 6904 7005
3 6920 2036 7042
3 6978 6733 7009
3 6812 6978 7009
3 6708 6913 7033
3 6886 6766 7046
3 6714 6880 7069
3 6789 6906 7110
3 6953 6771 7022
3 6904 6776 7005
3 2039 6920 6953
3 6775 7039 7120
3 6920 6771 6953
3 6880 6768 7069
3 1947 1949 6944
3 6705 6894 7100
3 6894 6792 7100
3 2049 2047 7088
3 2025 2023 7087
3 6707 6984 7045
3 6857 7003 7138
3 1965 1966 7093
3 6984 6824 7045
3 6793 6920 7042
3 7028 6796 7060
3 6795 7027 7059
3 7011 6760 7063
3 6843 7011 7063
3 7042 6889 7111
3 1924 1927 7139
3 6757 7008 7070
3 7045 6942 7173
3 6918 6774 7043
3 6916 6710 7128
3 6884 6765 7040
3 6799 6921 7122
3 7008 6842 7070
3 6721 7022 7078
3 6905 6792 7161
3 1913 1911 7064
3 6712 6884 7040
3 7003 6758 7138
3 6932 2028 7153
3 6927 1937 7047
3 6899 1895 7142
3 7043 6812 7136
3 6743 6940 7075
3 6917 6715 6992
3 6778 6917 6992
3 6798 6927 7047
3 6790 6948 7146
3 6714 6946 7016
3 6884 6741 7066
3 6900 6745 7073
3 1927 1928 6990
3 6761 6954 7077
3 2018 6924 7038
3 6924 6791 7038
3 2010 2008 6973
3 6829 6932 7153
3 6885 6773 7061
3 6803 6959 7084
3 6722 7046 7048
3 6883 6770 7052
3 6899 6746 7062
3 7026 6706 7072
3 6783 6899 7062
3 6765 6884 7066
3 7046 6849 7048
3 6898 6788 6989
3 6762 6966 7068
3 1923 1924 6951
3 2041 2039 6953
3 6812 7009 7134
3 6741 6884 7089
3 6978 6812 7043
3 6801 6987 7159
3 2027 2025 6960
3 6972 6834 7142
3 6786 6907 7056
3 2071 2072 6969
3 6907 1905 7056
3 6987 7131 7159
3 6948 7062 7146
3 6904 6858 7174
3 6745 6897 7166
3 7007 6801 7159
3 6875 7007 7159
3 2050 2049 6964
3 1895 1893 7142
3 6914 7116 7166
3 1966 1968 6968
3 1905 6907 7095
3 6955 6786 7014
3 1906 1905 7095
3 1893 1891 6972
3 1989 1987 7108
3 6910 6755 6998
3 2006 2005 6980
3 1981 1979 6981
3 6891 2020 7038
3 6791 6891 7038
3 6724 6888 7071
3 1901 1899 7113
3 2069 6962 7032
3 6828 6940 7155
3 6911 6754 6985
3 6755 6910 6986
3 6717 6897 7024
3 1893 6972 7142
3 6842 6927 7099
3 6896 6798 7047
3 1939 6896 7047
3 6995 6710 7163
3 6862 6995 7163
3 2030 6932 7118
3 6932 6817 7118
3 6905 6793 7111
3 6747 6905 7111
3 6776 6904 7174
3 6769 6892 7156
3 7000 6856 7143
3 6718 6943 7068
3 6756 7000 7143
3 6965 6840 7154
3 6796 7028 7079
3 7027 6795 7080
3 6932 6829 7135
3 1917 1915 6999
3 7116 6745 7166
3 6912 6769 7016
3 6754 6965 7154
3 1992 1991 7077
3 6778 6900 7073
3 6700 6937 7114
3 6890 6808 7158
3 6889 6747 7111
3 6897 6794 7166
3 6926 6720 7017
3 2060 2062 7005
3 2074 2076 7006
3 6763 6949 7167
3 6892 1909 7156
3 1951 6893 7096
3 2027 6960 7153
3 6764 6951 7139
3 6815 6896 7175
3 6792 6895 7161
3 6895 6716 7161
3 6845 7003 7120
3 7003 6709 7120
3 6894 6705 7145
3 6898 6748 7084
3 6746 6894 7146
3 6974 6821 7157
3 6900 1899 7109
3 6900 6778 7113
3 7087 6816 7144
3 6776 6996 7037
3 6997 6777 7036
3 7015 6855 7085
3 6996 6809 7037
3 6810 6997 7036
3 1991 1989 7074
3 1961 1963 7023
3 1897 1895 7019
3 7039 6726 7162
3 7115 6848 7132
3 6914 6788 7116
3 6721 7078 7137
3 6766 6964 7088
3 6835 6900 7109
3 6968 6768 7093
3 1899 6900 7113
3 2044 2042 7035
3 7041 6789 7160
3 6915 6785 7054
3 2020 2018 7038
3 6909 6712 7040
3 6749 6915 7054
3 6902 6741 7089
3 2036 2035 7042
3 7014 6786 7102
3 6782 6902 7089
3 6928 6844 7001
3 7033 6763 7167
3 6704 6914 7115
3 6924 6843 7112
3 6914 6794 7115
3 1937 1939 7047
3 6751 6934 7076
3 1905 1903 7056
3 6759 6956 7075
3 6934 6799 7076
3 6769 6935 7016
3 6926 6827 7072
3 1899 1897 7109
3 6758 6970 6994
3 6772 6928 7001
3 6785 6915 7151
3 6913 6763 7033
3 6908 6784 7078
3 6845 7039 7162
3 6942 6767 7171
3 1972 146 7169
3 150 2054 7170
3 6907 6797 7095
3 7106 6885 7140
3 6804 7106 7140
3 1903 1901 7104
3 1953 1955 7091
3 1955 6938 7091
3 6938 6803 7091
3 6991 6782 7085
3 6930 6836 7071
3 6937 6800 7114
3 6797 6907 7127
3 6915 6711 7151
3 6735 7004 7101
3 6716 6905 7161
3 7004 6828 7101
3 6710 6906 7163
3 6793 7042 7111
3 6910 1974 7170
3 6789 7026 7160
3 1998 6911 7169
3 6921 6744 7082
3 6847 6921 7082
3 6839 6979 7054
3 2033 2030 7118
3 6830 6944 7123
3 6950 6726 7039
3 6979 6749 7054
3 6752 6976 7117
3 2028 2027 7153
3 6704 7115 7132
3 6774 6918 7150
3 6916 6774 7150
3 6737 6918 7147
3 6961 6760 7011
3 6918 6802 7147
3 6976 6821 7117
3 1985 1983 7164
3 6811 6963 7107
3 6963 6757 7107
3 2054 6910 7170
3 6911 1972 7169
3 7071 6836 7149
3 6935 6714 7016
3 146 1998 7169
3 1974 150 7170
3 6994 6830 7138
3 6758 6994 7138
3 6791 6924 7112
3 7000 6756 7144
3 6836 7000 7144
3 6808 6936 7158
3 6936 6753 7158
3 6914 6704 7124
3 6788 6914 7124
3 7025 1901 7113
3 6757 6963 7008
3 6917 6778 7073
3 6922 6713 7090
3 6996 6776 7174
3 6781 6945 7055
3 6929 6754 7154
3 6929 6714 7069
3 1963 6945 7023
3 6702 7043 7136
3 6945 6854 7055
3 6874 6993 7172
3 6948 6717 7024
3 6783 6948 7024
3 6945 6781 7023
3 6815 6970 7125
3 6970 6758 7125
3 6810 6926 7072
3 7079 6850 7098
3 6851 7080 7097
3 6788 6917 7116
3 7080 6795 7097
3 6796 7079 7098
3 6781 6955 7014
3 6949 6763 7031
3 6967 2044 7035
3 6779 6923 7083
3 6787 6967 7035
3 6955 6781 7055
3 7029 6813 7081
3 6794 6914 7166
3 6709 6919 7120
3 6774 6916 7128
3 1903 6939 7056
3 6852 7020 7051
3 6939 6786 7056
3 6918 6737 7150
3 6927 6798 7099
3 6775 6950 7039
3 6975 6752 7117
3 6838 6975 7117
3 6724 7071 7149
3 6957 6709 7133
3 6962 6765 7032
3 7044 6826 7100
3 6925 6704 7132
3 6943 6762 7068
3 6956 6759 7067
3 6822 6925 7152
3 6948 6783 7062
3 6940 6759 7075
3 6849 6967 7048
3 6967 6787 7048
3 6786 6939 7102
3 1987 6933 7108
3 6725 7102 7165
3 6939 1903 7104
3 6958 6769 7156
3 6723 6955 7055
3 6774 6978 7043
3 7064 6838 7117
3 6821 7064 7117
3 6819 7010 7123
3 7010 6727 7123
3 6797 6958 7095
3 6983 6722 7048
3 6958 1906 7095
3 6806 6939 7104
3 6787 6983 7048
3 6794 6956 7067
3 6817 6932 7135
3 6802 6943 7148
3 6943 6718 7148
3 6809 7045 7173
3 6954 1992 7077
3 6758 7003 7125
3 7003 6845 7125
3 7012 6731 7126
3 6818 7012 7126
3 7053 6785 7151
3 6973 6864 7103
3 6977 6790 7145
3 6727 7010 7152
3 7145 6790 7146
3 6894 7145 7146
3 7010 6822 7152
3 6944 6819 7123
3 6961 6807 7172
3 6760 6961 7172
3 6969 6873 7094
3 6987 6738 7092
3 6800 6987 7092
3 6827 7021 7160
3 6960 2025 7087
3 7021 6734 7160
3 6964 2049 7088
3 7020 6702 7136
3 7029 6791 7112
3 6719 6942 7171
3 6942 6719 7173
3 1966 6968 7093
3 7067 6848 7115
3 6805 6969 7094
3 7020 6775 7051
3 6840 6946 7154
3 6983 6787 7086
3 6825 7130 7168
3 6861 6990 7105
3 6812 6950 7136
3 6807 6973 7103
3 6949 6728 7167
3 6951 1924 7139
3 7086 6721 7137
3 6780 6957 7133
3 6995 6862 7107
3 6778 7025 7113
3 6848 6988 7132
3 6990 6811 7105
3 7041 6862 7163
3 6722 6983 7140
3 6983 6804 7140
3 6734 7041 7160
3 7057 6866 7058
3 7030 6817 7135
3 6728 7030 7135
3 6779 7057 7058
3 7025 6806 7104
3 1901 7025 7104
3 6798 7009 7099
3 6757 6995 7107
3 6782 7015 7085
3 6987 6800 7131
3 6989 6788 7124
3 6791 7029 7081
3 6814 6974 7157
3 7009 6733 7099
3 7039 6845 7120
3 7061 6722 7140
3 6885 7061 7140
3 7065 6727 7152
3 6725 7014 7102
3 6870 7147 7148
3 7147 6802 7148
3 6856 7033 7167
3 6732 7029 7112
3 7101 6825 7168
3 7009 6798 7134
3 6993 6760 7172
3 6792 7044 7100
3 6741 6996 7174
3 7092 6853 7114
3 7130 6820 7168
3 6815 7125 7162
3 7125 6845 7162
3 7062 6746 7146
3 6857 7065 7133
3 7065 6780 7133
3 6917 7073 7116
3 6794 7067 7115
3 7131 6718 7159
3 7026 6827 7160
3 7073 6745 7116
3 7037 6809 7173
3 6719 7037 7173
3 6800 7092 7114
3 6874 7053 7151
3 7121 6799 7122
3 6869 7121 7122
3 7144 6816 7149
3 6836 7144 7149
3 6818 7126 7129
3 7126 6825 7129
3 7101 6828 7141
3 7126 6731 7130
3 6825 7126 7130
3 6825 7101 7141
3 7129 6825 7141
3 6701 7129 7141
3 7141 6828 7155
3 6701 7141 7155
3 6735 7101 7168
3 7198 7189 7211
3 7200 7180 7244
3 7199 7179 7208
3 7180 7207 7244
3 7199 7188 7223
3 7179 7199 7223
3 1978 7201 7236
3 7197 7181 7211
3 7178 7197 7211
3 7208 7179 7228
3 7194 7217 7229
3 7217 7183 7229
3 7198 7181 7248
3 1977 1978 7236
3 7219 7196 7251
3 7180 7219 7251
3 7205 1975 7236
3 7190 7200 7238
3 7181 7198 7211
3 7181 7197 7221
3 7189 7208 7228
3 7197 7178 7226
3 7181 7209 7248
3 7200 7190 7219
3 7180 7200 7219
3 7202 1990 7214
3 7182 7202 7214
3 7224 7176 7237
3 1975 1977 7236
3 7176 7221 7222
3 7221 7176 7230
3 7183 7201 7220
3 7186 7206 7264
3 7205 7183 7263
3 7204 7184 7262
3 7185 7203 7261
3 1775 1773 7210
3 7215 7186 7264
3 7183 7217 7263
3 7184 7216 7262
3 7218 7185 7261
3 7201 7187 7220
3 7197 7226 7252
3 7226 7182 7252
3 7176 7227 7237
3 7241 7196 7275
3 1988 1990 7202
3 7221 7230 7240
3 7198 1784 7233
3 7185 7218 7237
3 7228 7196 7241
3 7218 7193 7237
3 7238 7200 7276
3 7211 7189 7241
3 1784 7198 7248
3 1789 1787 7209
3 7196 7228 7274
3 1990 1993 7214
3 7203 7185 7256
3 7184 7204 7255
3 7220 7177 7229
3 7189 7198 7233
3 7228 7179 7274
3 7188 7199 7271
3 7210 1773 7245
3 1771 7206 7245
3 7177 7225 7229
3 7222 7221 7252
3 7185 7213 7256
3 7212 7184 7255
3 1793 1791 7212
3 1994 1996 7213
3 2088 2091 7216
3 2084 2086 7218
3 2098 2096 7217
3 2102 2100 7215
3 7222 7191 7227
3 7225 7177 7249
3 7192 7209 7240
3 7206 7186 7245
3 7201 7183 7236
3 7176 7222 7227
3 7209 7181 7240
3 7207 7187 7270
3 7201 1978 7234
3 7232 7225 7249
3 7186 7210 7245
3 7202 7182 7272
3 7224 7184 7253
3 7183 7205 7236
3 7208 7189 7250
3 7210 7186 7232
3 1988 7202 7238
3 7202 7190 7238
3 7188 7210 7232
3 7187 7207 7239
3 7207 7180 7239
3 7255 7204 7268
3 7203 7256 7266
3 1773 1771 7245
3 1975 7205 7267
3 7206 1771 7269
3 7230 7224 7253
3 7187 7201 7234
3 1795 7255 7268
3 7256 1999 7266
3 7209 7192 7243
3 7182 7214 7257
3 1789 7209 7243
3 1994 7213 7242
3 7212 1791 7243
3 7213 7191 7242
3 7192 7212 7243
3 1784 1782 7233
3 7207 1982 7244
3 7199 7208 7260
3 7178 7241 7275
3 2082 7261 7266
3 7262 2092 7268
3 7263 2095 7267
3 2104 7264 7269
3 7187 7234 7270
3 7190 7202 7272
3 7208 1780 7260
3 7177 7220 7231
3 7220 7187 7231
3 2088 7216 7247
3 7215 2100 7246
3 2098 7217 7246
3 7218 2086 7247
3 1982 7207 7270
3 7195 7239 7251
3 7210 7188 7235
3 1775 7210 7235
3 7209 1787 7248
3 7183 7220 7229
3 1780 7208 7250
3 7191 7214 7242
3 7194 7215 7246
3 7217 7194 7246
3 7216 7193 7247
3 7193 7218 7247
3 7214 1993 7242
3 7235 7188 7271
3 1978 1980 7234
3 7193 7224 7237
3 1787 1784 7248
3 7225 7194 7229
3 7204 7262 7268
3 7261 7203 7266
3 7264 7206 7269
3 7205 7263 7267
3 7189 7233 7250
3 7260 1779 7271
3 7213 7185 7273
3 7178 7211 7241
3 7176 7224 7230
3 7179 7223 7274
3 7223 7195 7274
3 7239 7180 7251
3 1795 1793 7255
3 1996 1999 7256
3 7186 7225 7232
3 2082 2084 7261
3 2091 2092 7262
3 2104 2102 7264
3 2096 2095 7263
3 7186 7215 7259
3 7216 7184 7258
3 7219 7190 7254
3 7184 7212 7253
3 7196 7219 7275
3 7191 7213 7273
3 7212 7192 7253
3 7221 7197 7252
3 1793 7212 7255
3 7213 1996 7256
3 7181 7221 7240
3 7214 7191 7257
3 7216 2091 7262
3 2102 7215 7264
3 2084 7218 7261
3 7217 2096 7263
3 7195 7231 7239
3 7226 7178 7254
3 7227 7185 7237
3 1779 1777 7271
3 7223 7188 7249
3 7226 7190 7272
3 7230 7192 7240
3 1777 1775 7235
3 7215 7194 7259
3 7193 7216 7258
3 1982 1984 7244
3 7190 7226 7254
3 7182 7222 7252
3 7191 7222 7257
3 1780 1779 7260
3 1986 1988 7238
3 7199 7260 7271
3 7222 7182 7257
3 7195 7223 7265
3 148 1975 7267
3 1771 133 7269
3 125 1795 7268
3 1999 145 7266
3 7224 7193 7258
3 7194 7225 7259
3 7184 7224 7258
3 7225 7186 7259
3 7227 7191 7273
3 1791 1789 7243
3 1993 1994 7242
3 7182 7226 7272
3 1986 7238 7276
3 2092 125 7268
3 2095 148 7267
3 133 2104 7269
3 145 2082 7266
3 7185 7227 7273
3 1980 1982 7270
3 2100 2098 7246
3 2086 2088 7247
3 1782 1780 7250
3 7231 7187 7239
3 7189 7228 7241
3 7188 7232 7249
3 7251 7196 7274
3 1984 1986 7276
3 7177 7231 7265
3 7231 7195 7265
3 7192 7230 7253
3 7233 1782 7250
3 7200 7244 7276
3 7244 1984 7276
3 7234 1980 7270
3 1777 7235 7271
3 7223 7249 7265
3 7249 7177 7265
3 7195 7251 7274
3 7219 7254 7275
3 7254 7178 7275
3 7290 7374 7277
3 7329 7362 7377
3 7362 7327 7377
3 7277 7309 7290
3 7278 7310 7308
3 7278 7375 7291
3 7378 7361 7328
3 7378 7326 7361
3 7299 7308 7339
3 7291 7310 7278
3 7386 7339 7308
3 7338 7307 7298
3 7307 7309 7277
3 7307 7338 7385
3 7360 7358 7325
3 7323 7325 7358
3 7325 7323 7381
3 7324 7357 7359
3 7357 7324 7322
3 7382 7322 7324
3 7300 7331 7384
3 7283 7342 7384
3 7315 7342 7283
3 7340 7331 7300
3 7388 7364 7331
3 7318 7350 7353
3 7350 7318 7319
3 1907 7364 7388
3 7376 7330 7285
3 7358 7355 7323
3 7380 7359 7326
3 7321 7323 7355
3 7376 7285 7284
3 7322 7354 7357
3 7380 7324 7359
3 7354 7322 7320
3 7362 7360 7327
3 7327 7360 7379
3 7360 7325 7379
3 7326 7359 7361
3 7284 7370 7316
3 7284 7285 7370
3 7316 7353 7352
3 7353 7316 7318
3 7370 7318 7316
3 7328 7361 7363
3 7382 7375 7322
3 7382 7291 7375
3 7364 7362 7329
3 7323 7374 7381
3 7374 7290 7381
3 7330 7363 7365
3 7363 7330 7328
3 7376 7328 7330
3 7351 7343 7315
3 7317 7315 7343
3 7315 7317 7342
3 7332 7365 7341
3 7365 7332 7330
3 7383 7330 7332
3 7308 7345 7386
3 7345 7308 7310
3 7380 7326 7280
3 7385 7344 7307
3 7309 7307 7344
3 7369 7312 7280
3 7341 7387 7340
3 7356 7332 7340
3 7341 7340 7332
3 7340 7300 7356
3 7280 7282 7369
3 7329 7331 7364
3 7282 7280 7326
3 7331 7329 7384
3 7279 7327 7379
3 7279 7311 7368
3 7368 7281 7279
3 7327 7279 7281
3 7300 7384 7288
3 7339 7297 7299
3 7342 7288 7384
3 7278 7299 7293
3 7292 7298 7277
3 7337 7321 7335
3 7355 7335 7321
3 7321 7337 7292
3 7334 7320 7336
3 7320 7334 7354
3 7297 7339 7390
3 7295 7299 7297
3 7298 7296 7338
3 7389 7338 7296
3 7296 7298 7294
3 7281 7329 7377
3 7293 7336 7320
3 7288 7286 7300
3 7287 7286 7288
3 7331 7340 7388
3 2111 119 7389
3 7394 7386 1564
3 2106 2107 7337
3 7394 7390 7339
3 7336 2107 2106
3 7281 7313 7366
3 141 2106 7335
3 7335 1916 141
3 141 1890 7334
3 7334 2106 141
3 7283 7281 7366
3 7329 7281 7283
3 7378 7328 7282
3 7278 7308 7299
3 7298 7307 7277
3 7343 7333 7317
3 1578 1581 7333
3 7287 7317 7333
3 7367 7314 7282
3 7367 7282 7284
3 7317 7287 7288
3 7284 7282 7328
3 7392 7293 7295
3 7319 7333 7350
3 7333 7319 7287
3 7350 7333 1581
3 7295 7293 7299
3 7294 7292 7391
3 7297 2110 2109
3 7298 7292 7294
3 7389 119 1567
3 2109 2110 7296
3 7386 7345 1563
3 1569 7344 7385
3 7353 7350 1583
3 7315 7301 7351
3 1576 7343 7351
3 7286 7289 7332
3 1902 7387 7341
3 7352 7302 7316
3 7352 7353 1585
3 7302 7352 7349
3 7349 7304 7314
3 7314 7302 7349
3 7349 7352 1586
3 7348 7351 7301
3 7313 7303 7348
3 7348 7301 7313
3 1574 7351 7348
3 7306 7347 7345
3 7390 119 2111
3 2106 7337 7335
3 7310 7306 7345
3 7345 7347 1560
3 7334 7336 2106
3 1564 119 7390
3 7344 7346 7305
3 7344 7305 7309
3 1571 7346 7344
3 2110 7297 7390
3 7304 7349 7347
3 7347 7306 7312
3 7312 7304 7347
3 7347 7349 121
3 7390 2111 2110
3 7346 7348 7303
3 7311 7305 7346
3 7346 7303 7311
3 1572 7348 7346
3 7393 7385 7338
3 7365 7363 1900
3 1908 7362 7364
3 1914 7355 7358
3 7357 7354 1892
3 7361 7359 7395
3 1910 7360 7362
3 7395 7359 1896
3 1912 7358 7360
3 7359 7357 1894
3 7393 7389 1567
3 7389 7296 2110
3 2110 2111 7389
3 7280 7324 7380
3 7341 7365 1902
3 7375 7320 7322
3 1578 7333 7343
3 7375 7293 7320
3 7278 7293 7375
3 7323 7321 7374
3 7321 7292 7374
3 7339 7386 7394
3 7325 7290 7279
3 7374 7292 7277
3 7317 7288 7342
3 1564 7390 7394
3 7391 2108 7294
3 7280 7291 7324
3 7391 7337 2107
3 2107 2108 7391
3 7295 2108 7392
3 2107 7336 7392
3 7392 2108 2107
3 7373 7319 7318
3 7373 7287 7319
3 7373 7289 7286
3 7286 7287 7373
3 7285 7330 7383
3 7383 7289 7285
3 7336 7293 7392
3 7391 7292 7337
3 7384 7329 7283
3 7343 1576 1578
3 7344 1569 1571
3 1916 7335 7355
3 7354 7334 1890
3 7367 7316 7302
3 7284 7316 7367
3 1560 1563 7345
3 7301 7315 7366
3 7366 7315 7283
3 7346 1571 1572
3 7304 7312 7369
3 121 1560 7347
3 7379 7325 7279
3 7348 1572 1574
3 7368 7311 7303
3 1586 121 7349
3 7282 7326 7378
3 1581 1583 7350
3 7285 7318 7370
3 7351 1574 1576
3 1585 1586 7352
3 7306 7310 7372
3 7372 7310 7291
3 7291 7280 7372
3 1583 1585 7353
3 7371 7309 7305
3 7290 7309 7371
3 7371 7279 7290
3 1890 1892 7354
3 7284 7328 7376
3 7355 1914 1916
3 7356 7300 7286
3 7286 7332 7356
3 1892 1894 7357
3 7358 1912 1914
3 1894 1896 7359
3 7360 1910 1912
3 1896 1898 7395
3 7362 1908 1910
3 1898 1900 7363
3 7364 1907 1908
3 1900 1902 7365
3 7382 7324 7291
3 7383 7332 7289
3 7290 7325 7381
3 7377 7327 7281
3 7297 2109 7295
3 7295 2109 2108
3 7285 7289 7318
3 7294 2109 7296
3 2108 2109 7294
3 7366 7313 7301
3 7302 7314 7367
3 1567 7385 7393
3 7368 7313 7281
3 7303 7313 7368
3 7338 7389 7393
3 7282 7314 7369
3 7369 7314 7304
3 7373 7318 7289
3 7388 7340 1904
3 7371 7311 7279
3 7305 7311 7371
3 1904 1907 7388
3 1904 7340 7387
3 7387 1902 1904
3 1563 1564 7386
3 7385 1567 1569
3 7280 7312 7372
3 7372 7312 7306
3 7395 7363 7361
3 1898 7363 7395
3 7526 7434 7735
3 7501 7435 7663
3 7436 7502 7664
3 7441 7605 7690
3 7440 7604 7692
3 7562 2208 7657
3 2171 7561 7658
3 7431 7527 7683
3 7735 7434 7751
3 7441 7556 7605
3 7440 7555 7604
3 2156 7564 7662
3 7563 2118 7661
3 7433 7525 7682
3 7444 7558 7696
3 7557 7443 7695
3 7590 7444 7696
3 7443 7589 7695
3 7500 7415 7589
3 7416 7499 7590
3 7511 7422 7585
3 7421 7512 7586
3 7523 7437 7551
3 7509 7438 7650
3 7437 7510 7649
3 7507 448 7655
3 7508 1841 7656
3 7431 7683 7744
3 7524 7444 7552
3 7415 7500 7649
3 7499 7416 7650
3 7433 7682 7748
3 7437 7614 7631
3 2207 2208 7562
3 2171 2173 7561
3 7573 7409 7607
3 1841 7508 7660
3 448 7507 7659
3 7579 7412 7608
3 2156 2154 7564
3 2120 2118 7563
3 2199 2201 7541
3 2179 2181 7540
3 2135 7598 7788
3 7597 2141 7789
3 7435 7501 7640
3 7502 7436 7641
3 7422 7511 7765
3 7512 7421 7764
3 2149 2147 7543
3 2129 2126 7542
3 7646 7788 7829
3 7789 7646 7830
3 7600 2187 7791
3 2192 7599 7790
3 7437 7523 7614
3 7599 7421 7820
3 7422 7600 7819
3 7467 7526 7625
3 7525 7466 7624
3 7579 7608 7751
3 7444 7524 7613
3 7527 7465 7621
3 7464 7528 7622
3 7573 7607 7750
3 7756 7636 7836
3 7637 7757 7837
3 7642 7790 7838
3 7791 7642 7839
3 1837 7582 7703
3 445 7581 7702
3 7507 7655 7685
3 7508 7656 7684
3 7530 7414 7629
3 7529 7413 7628
3 7423 7597 7823
3 7598 7424 7824
3 7438 7509 7630
3 7510 7437 7631
3 7446 7554 7809
3 2166 2169 7531
3 2116 2114 7532
3 2210 2212 7533
3 2161 2158 7534
3 7598 7520 7788
3 7519 7597 7789
3 7445 7553 7812
3 7554 7785 7809
3 7553 7784 7812
3 7655 7468 7685
3 7656 7469 7684
3 7405 7545 7682
3 7587 7735 7815
3 7545 7479 7682
3 7399 7756 7836
3 7757 7400 7837
3 7788 7520 7829
3 7519 7789 7830
3 7468 7555 7628
3 7469 7556 7629
3 7403 7546 7683
3 7613 7570 7834
3 1837 1839 7582
3 445 446 7581
3 7555 7440 7628
3 7556 7441 7629
3 7588 7736 7818
3 7465 7562 7657
3 7561 7464 7658
3 7546 7478 7683
3 7522 7600 7791
3 7599 7521 7790
3 7409 7570 7613
3 7614 7572 7832
3 7541 2201 7694
3 2179 7540 7693
3 7564 7467 7662
3 7466 7563 7661
3 7790 7521 7838
3 7522 7791 7839
3 7412 7572 7614
3 7419 7550 7804
3 7549 7420 7805
3 7418 7547 7802
3 7548 7417 7803
3 7705 7513 7770
3 7514 7706 7769
3 7436 7664 7754
3 7663 7435 7755
3 7550 7419 7739
3 7420 7549 7742
3 7547 7418 7740
3 7417 7548 7741
3 7559 7451 7566
3 7448 7607 7795
3 7560 7452 7565
3 2149 7543 7698
3 7542 2126 7697
3 7447 7608 7798
3 7421 7599 7764
3 7600 7422 7765
3 7597 7423 7763
3 7424 7598 7762
3 7445 7545 7787
3 7735 7488 7815
3 459 461 7547
3 441 442 7548
3 1832 1834 7549
3 1850 1852 7550
3 7614 7476 7631
3 7446 7546 7786
3 7587 7404 7735
3 7607 7524 7795
3 7736 7489 7818
3 7397 7559 7566
3 7396 7560 7565
3 7521 7599 7820
3 7600 7522 7819
3 7608 7523 7798
3 7588 7406 7736
3 7552 7444 7643
3 7545 7699 7787
3 2135 2132 7598
3 2143 2141 7597
3 7546 7700 7786
3 452 454 7555
3 1844 1846 7556
3 7520 7598 7824
3 7597 7519 7823
3 7529 7440 7596
3 7530 7441 7595
3 7594 7713 7779
3 7593 7714 7778
3 2185 2187 7600
3 2192 2195 7599
3 7401 7705 7770
3 7706 7402 7769
3 7443 7560 7665
3 7629 7414 7684
3 7628 7413 7685
3 7550 7492 7804
3 7493 7549 7805
3 7547 7490 7802
3 7491 7548 7803
3 7605 7475 7690
3 7604 7473 7692
3 2161 7534 7761
3 7533 2212 7760
3 2166 7531 7759
3 7532 2114 7758
3 7582 7474 7703
3 7581 7472 7702
3 7444 7590 7643
3 7713 7481 7779
3 7714 7480 7778
3 7475 7550 7739
3 7549 7474 7742
3 7473 7547 7740
3 7548 7472 7741
3 7407 7538 7623
3 7471 7613 7834
3 7409 7524 7607
3 7589 7443 7665
3 7551 7396 7627
3 7412 7523 7608
3 7476 7614 7832
3 7552 7397 7626
3 7467 7625 7718
3 7624 7466 7717
3 7456 7646 7829
3 7646 7456 7830
3 7449 7585 7615
3 7621 7465 7716
3 7464 7622 7715
3 7539 7407 7615
3 7524 7409 7613
3 7453 7529 7634
3 7454 7530 7635
3 7437 7649 7806
3 7523 7412 7614
3 7513 7639 7770
3 7638 7514 7769
3 7482 7568 7669
3 7567 7483 7668
3 7661 7532 7717
3 7534 7662 7718
3 7526 7467 7726
3 7466 7525 7725
3 7434 7526 7726
3 7525 7433 7725
3 7465 7527 7720
3 7528 7464 7719
3 7531 7658 7715
3 7657 7533 7716
3 7592 7402 7706
3 7401 7591 7705
3 7650 7438 7825
3 7527 7431 7720
3 448 450 7655
3 1841 1842 7656
3 7547 461 7780
3 441 7548 7781
3 1832 7549 7782
3 7550 1852 7783
3 7531 2169 7658
3 2210 7533 7657
3 2116 7532 7661
3 7534 2158 7662
3 7455 7642 7838
3 7642 7455 7839
3 7466 7661 7717
3 7662 7467 7718
3 7483 7592 7706
3 7591 7482 7705
3 7444 7613 7753
3 7602 7405 7774
3 7603 7403 7777
3 7594 7414 7713
3 7593 7413 7714
3 7658 7464 7715
3 7465 7657 7716
3 7586 7450 7623
3 7555 454 7604
3 7556 1846 7605
3 7404 7596 7775
3 7406 7595 7776
3 7440 7529 7628
3 7441 7530 7629
3 7433 7580 7808
3 7579 7434 7807
3 7573 7432 7811
3 7431 7574 7810
3 7580 7506 7808
3 7505 7579 7807
3 7596 7518 7775
3 7574 7503 7810
3 7504 7573 7811
3 7595 7516 7776
3 7413 7529 7712
3 7414 7530 7711
3 7474 7582 7689
3 7472 7581 7691
3 7582 7442 7689
3 7581 7439 7691
3 7517 7602 7774
3 7515 7603 7777
3 7540 2181 7619
3 2199 7541 7620
3 7752 7557 7757
3 7443 7557 7752
3 2129 7542 7617
3 7543 2147 7618
3 7529 7453 7712
3 7530 7454 7711
3 7486 7597 7763
3 7598 7487 7762
3 7615 7585 7766
3 7538 7407 7674
3 7407 7539 7674
3 7593 7507 7685
3 7594 7508 7684
3 7484 7600 7765
3 7599 7485 7764
3 7508 7594 7792
3 7507 7593 7793
3 7594 7442 7792
3 7593 7439 7793
3 7669 7568 7767
3 7567 7668 7768
3 7397 7552 7643
3 7452 7584 7610
3 7584 7410 7610
3 7451 7583 7611
3 2201 2202 7694
3 2177 2179 7693
3 7457 7601 7606
3 7583 7411 7611
3 7601 7407 7606
3 7548 442 7702
3 459 7547 7701
3 7549 1834 7703
3 1850 7550 7704
3 7488 7735 7751
3 7636 7511 7836
3 7512 7637 7837
3 7578 7430 7612
3 7450 7578 7612
3 7408 7568 7609
3 7567 7408 7609
3 7474 7549 7703
3 7550 7475 7704
3 7547 7473 7701
3 7472 7548 7702
3 7544 7457 7813
3 2151 2149 7698
3 2126 2125 7697
3 7551 7437 7806
3 7523 7551 7798
3 7592 7435 7640
3 7436 7591 7641
3 7591 7463 7641
3 7462 7592 7640
3 7608 7447 7815
3 7607 7448 7818
3 7560 7396 7665
3 7451 7559 7846
3 7578 7400 7841
3 7399 7577 7840
3 2202 7644 7694
3 7645 2177 7693
3 7452 7560 7853
3 7680 7575 7847
3 7576 7681 7848
3 7405 7602 7699
3 7524 7552 7795
3 7575 7462 7676
3 7463 7576 7675
3 7545 7445 7679
3 7403 7603 7700
3 7546 7446 7678
3 452 7555 7731
3 1844 7556 7732
3 7664 7494 7754
3 7494 7663 7755
3 7608 7488 7751
3 7429 7577 7616
3 7577 7449 7616
3 7415 7680 7847
3 7681 7416 7848
3 7607 7489 7750
3 7616 7537 7814
3 7548 7491 7781
3 7490 7547 7780
3 7549 7493 7782
3 7492 7550 7783
3 7721 2162 7761
3 2214 7722 7760
3 2113 7723 7758
3 7724 2165 7759
3 7457 7544 7686
3 7647 2151 7698
3 2125 7648 7697
3 7627 7396 7828
3 7462 7575 7680
3 7576 7463 7681
3 7544 7612 7822
3 7612 7430 7822
3 7429 7616 7814
3 7626 7397 7827
3 7606 7407 7623
3 7396 7551 7831
3 7569 7410 7666
3 7545 7405 7699
3 7479 7545 7743
3 7546 7403 7700
3 7498 7578 7841
3 7577 7497 7840
3 7571 7411 7667
3 7478 7546 7747
3 7530 7595 7635
3 7529 7596 7634
3 7449 7601 7749
3 7560 7443 7853
3 7825 7438 7846
3 7559 7397 7826
3 463 7721 7780
3 7722 439 7781
3 1854 7724 7783
3 7723 1830 7782
3 7559 7825 7846
3 7553 7445 7787
3 7554 7446 7786
3 7407 7601 7615
3 454 457 7604
3 1846 1848 7605
3 7737 7540 7797
3 7541 7738 7796
3 7686 7537 7749
3 7595 7441 7690
3 7596 7440 7692
3 2207 7562 7652
3 7561 2173 7651
3 7425 7737 7797
3 7738 7426 7796
3 7746 7543 7799
3 7542 7745 7800
3 7516 7595 7690
3 7518 7596 7692
3 7564 2154 7654
3 2120 7563 7653
3 7457 7686 7749
3 7428 7746 7799
3 7745 7427 7800
3 7446 7565 7678
3 7445 7566 7679
3 7577 7429 7859
3 7430 7578 7858
3 7578 7498 7858
3 7497 7577 7859
3 7515 7621 7741
3 7622 7516 7739
3 7410 7569 7670
3 7570 7409 7671
3 7566 7451 7679
3 7555 7468 7731
3 7556 7469 7732
3 7470 7752 7757
3 7621 7417 7741
3 7419 7622 7739
3 7569 7459 7670
3 7458 7570 7671
3 7586 7623 7801
3 7572 7412 7672
3 7411 7571 7673
3 7602 7481 7699
3 7562 7465 7720
3 7464 7561 7719
3 7563 7466 7725
3 7467 7564 7726
3 7571 7460 7673
3 7461 7572 7672
3 7561 7432 7719
3 7431 7562 7720
3 7603 7480 7700
3 7449 7577 7728
3 7578 7450 7727
3 7433 7563 7725
3 7564 7434 7726
3 7438 7583 7846
3 7565 7452 7678
3 7443 7584 7853
3 7616 7449 7749
3 7558 7444 7753
3 7517 7624 7742
3 7625 7518 7740
3 2162 2161 7761
3 2212 2214 7760
3 2114 2113 7758
3 2165 2166 7759
3 36 439 7722
3 463 33 7721
3 138 1830 7723
3 1854 136 7724
3 7624 7420 7742
3 7418 7625 7740
3 7565 7446 7809
3 7453 7587 7632
3 7454 7588 7633
3 461 463 7780
3 439 441 7781
3 1830 1832 7782
3 1852 1854 7783
3 7400 7578 7727
3 7577 7399 7728
3 7566 7445 7812
3 2214 36 7722
3 136 2165 7724
3 33 2162 7721
3 2113 138 7723
3 7589 7415 7695
3 7416 7590 7696
3 7587 7447 7632
3 7588 7448 7633
3 7712 7453 7785
3 7711 7454 7784
3 7414 7711 7713
3 7413 7712 7714
3 7429 7675 7859
3 7676 7430 7858
3 7683 7527 7777
3 7585 7449 7728
3 7450 7586 7727
3 7675 7576 7859
3 7575 7676 7858
3 7711 7553 7713
3 7712 7554 7714
3 7554 7712 7785
3 7553 7711 7784
3 7682 7525 7774
3 7483 7567 7816
3 7568 7482 7817
3 7591 7401 7687
3 7402 7592 7688
3 7396 7565 7828
3 7397 7566 7827
3 7432 7561 7811
3 7562 7431 7810
3 7583 7451 7846
3 7563 7433 7808
3 7434 7564 7807
3 7584 7452 7853
3 7581 446 7659
3 7582 1839 7660
3 7574 7410 7670
3 7409 7573 7671
3 7683 7478 7744
3 7412 7579 7672
3 7580 7411 7673
3 7587 7453 7634
3 7588 7454 7635
3 7404 7587 7634
3 7406 7588 7635
3 7403 7683 7777
3 7649 7500 7806
3 7458 7693 7737
3 7694 7459 7738
3 7601 7449 7615
3 7693 7540 7737
3 7541 7694 7738
3 7425 7570 7737
3 7569 7426 7738
3 7405 7682 7774
3 7682 7479 7748
3 7568 7408 7767
3 7408 7567 7768
3 2181 2182 7619
3 2197 2199 7620
3 7410 7584 7666
3 7411 7583 7667
3 7428 7572 7746
3 7571 7427 7745
3 7697 7460 7745
3 7461 7698 7746
3 7590 7499 7643
3 7503 7574 7845
3 7573 7504 7844
3 7542 7697 7745
3 7698 7543 7746
3 7463 7591 7687
3 7592 7462 7688
3 2131 2129 7617
3 2147 2144 7618
3 7506 7580 7851
3 7579 7505 7852
3 7570 7458 7737
3 7459 7569 7738
3 7570 7425 7834
3 7426 7569 7835
3 7785 7496 7809
3 7584 7443 7752
3 7784 7495 7812
3 7432 7573 7750
3 7574 7431 7744
3 7410 7574 7850
3 7460 7571 7745
3 7572 7461 7746
3 7572 7428 7832
3 7427 7571 7833
3 7439 7603 7691
3 7442 7602 7689
3 7434 7579 7751
3 7580 7433 7748
3 7596 7404 7634
3 7595 7406 7635
3 7411 7580 7849
3 7603 7515 7691
3 7602 7517 7689
3 7469 7629 7684
3 7468 7628 7685
3 7500 7589 7665
3 7439 7581 7793
3 7442 7582 7792
3 7450 7606 7623
3 7514 7763 7771
3 7762 7513 7772
3 7636 7425 7708
3 7426 7637 7707
3 7511 7636 7708
3 7637 7512 7707
3 7583 7438 7773
3 7427 7639 7710
3 7638 7428 7709
3 7639 7513 7710
3 7514 7638 7709
3 7421 7586 7801
3 7641 7463 7675
3 7462 7640 7676
3 7511 7585 7836
3 7586 7512 7837
3 7585 7422 7766
3 7569 7666 7835
3 7571 7667 7833
3 7435 7592 7816
3 7591 7436 7817
3 7592 7483 7816
3 7482 7591 7817
3 1842 1844 7732
3 450 452 7731
3 7414 7594 7684
3 7413 7593 7685
3 7499 7650 7825
3 7535 7677 7768
3 7567 7755 7816
3 7754 7568 7817
3 7604 457 7701
3 7605 1848 7704
3 7448 7588 7818
3 7447 7587 7815
3 7612 7544 7813
3 7677 7408 7768
3 7475 7605 7704
3 7473 7604 7701
3 7528 7736 7776
3 7755 7435 7816
3 7436 7754 7817
3 2204 2207 7652
3 2173 2174 7651
3 7526 7735 7775
3 2154 2153 7654
3 2122 2120 7653
3 7626 7495 7633
3 7448 7626 7633
3 7489 7607 7818
3 7627 7496 7632
3 7447 7627 7632
3 7488 7608 7815
3 7606 7450 7813
3 7490 7721 7761
3 7492 7724 7759
3 7723 7493 7758
3 7722 7491 7760
3 7398 7663 7664
3 7663 7494 7664
3 2189 2191 7642
3 7439 7593 7778
3 7442 7594 7779
3 2138 2136 7646
3 7408 7677 7767
3 7677 7536 7767
3 7665 7396 7831
3 7637 7470 7757
3 7471 7636 7756
3 7509 7681 7687
3 7680 7510 7688
3 7681 7463 7687
3 7462 7680 7688
3 7495 7626 7827
3 7496 7627 7828
3 7397 7643 7826
3 446 448 7659
3 1839 1841 7660
3 7736 7406 7776
3 7735 7404 7775
3 7486 7618 7730
3 7617 7487 7729
3 2131 7617 7729
3 7618 2144 7730
3 7450 7612 7813
3 7509 7650 7681
3 7649 7510 7680
3 7415 7649 7680
3 7650 7416 7681
3 2169 2171 7658
3 2208 2210 7657
3 7613 7471 7753
3 2158 2156 7662
3 2118 2116 7661
3 7597 7486 7730
3 7487 7598 7729
3 2143 7597 7730
3 7598 2132 7729
3 7484 7619 7733
3 7620 7485 7734
3 7485 7599 7734
3 7600 7484 7733
3 7619 2182 7733
3 2197 7620 7734
3 7599 2195 7734
3 2185 7600 7733
3 7674 7539 7839
3 7656 1842 7732
3 7655 450 7731
3 7666 7470 7835
3 7667 7477 7833
3 7538 7674 7838
3 7677 7535 7830
3 7642 2191 7790
3 2189 7642 7791
3 2138 7646 7789
3 7646 2136 7788
3 7455 7674 7839
3 7721 7490 7780
3 7491 7722 7781
3 7724 7492 7783
3 7493 7723 7782
3 7696 7558 7840
3 7557 7695 7841
3 7695 7498 7841
3 7497 7696 7840
3 7398 7686 7821
3 7686 7398 7794
3 7686 7544 7821
3 7537 7686 7794
3 7763 7423 7771
3 7424 7762 7772
3 7674 7455 7838
3 7601 7457 7749
3 7611 7479 7743
3 7451 7611 7743
3 442 445 7702
3 457 459 7701
3 1834 1837 7703
3 1848 1850 7704
3 7610 7478 7747
3 7452 7610 7747
3 7456 7677 7830
3 7417 7621 7716
3 7622 7419 7715
3 7478 7610 7850
3 7625 7418 7718
3 7420 7624 7717
3 7535 7668 7823
3 7669 7536 7824
3 7668 7423 7823
3 7424 7669 7824
3 7567 7609 7755
3 7609 7568 7754
3 2153 2151 7854
3 2125 2122 7855
3 7479 7611 7849
3 2174 2177 7843
3 2202 2204 7842
3 7603 7439 7778
3 7602 7442 7779
3 2132 2131 7729
3 2144 2143 7730
3 7474 7689 7742
3 7690 7475 7739
3 7472 7691 7741
3 7692 7473 7740
3 7536 7677 7829
3 2182 2185 7733
3 2195 2197 7734
3 7481 7602 7779
3 7480 7603 7778
3 7689 7517 7742
3 7516 7690 7739
3 7518 7692 7740
3 7691 7515 7741
3 7677 7456 7829
3 7713 7553 7787
3 7714 7554 7786
3 7631 7476 7769
3 7477 7630 7770
3 7695 7415 7847
3 7416 7696 7848
3 7537 7616 7749
3 7540 7619 7797
3 7620 7541 7796
3 7617 7542 7800
3 7543 7618 7799
3 7801 7538 7820
3 7527 7621 7777
3 7622 7528 7776
3 7675 7429 7814
3 7539 7615 7766
3 7525 7624 7774
3 7625 7526 7775
3 7623 7538 7801
3 7453 7632 7785
3 7502 7641 7675
3 7640 7501 7676
3 7454 7633 7784
3 7643 7499 7826
3 7632 7496 7785
3 7633 7495 7784
3 2141 2138 7789
3 2136 2135 7788
3 7457 7606 7813
3 2187 2189 7791
3 2191 2192 7790
3 7610 7410 7850
3 7750 7489 7860
3 7430 7676 7822
3 7611 7411 7849
3 7494 7609 7754
3 7609 7494 7755
3 7539 7766 7819
3 7618 7486 7799
3 7487 7617 7800
3 7666 7584 7752
3 7700 7480 7786
3 7699 7481 7787
3 7485 7620 7796
3 7619 7484 7797
3 7458 7645 7693
3 7644 7459 7694
3 7461 7647 7698
3 7648 7460 7697
3 7715 7419 7804
3 7417 7716 7803
3 7718 7418 7802
3 7420 7717 7805
3 7531 7715 7804
3 7716 7533 7803
3 7717 7532 7805
3 7534 7718 7802
3 7672 7579 7852
3 7580 7673 7851
3 7489 7736 7860
3 7574 7670 7845
3 7671 7573 7844
3 7627 7447 7798
3 7551 7627 7798
3 7626 7448 7795
3 7552 7626 7795
3 7500 7665 7831
3 7513 7705 7772
3 7706 7514 7771
3 7707 7512 7764
3 7511 7708 7765
3 2151 7647 7854
3 7648 2125 7855
3 7630 7477 7773
3 7766 7422 7819
3 2177 7645 7843
3 7644 2202 7842
3 7558 7756 7840
3 7757 7557 7841
3 7631 7769 7856
3 7770 7630 7857
3 7744 7478 7850
3 7756 7399 7840
3 7400 7757 7841
3 7516 7622 7776
3 7621 7515 7777
3 7421 7801 7820
3 7710 7513 7762
3 7514 7709 7763
3 7624 7517 7774
3 7518 7625 7775
3 7425 7636 7834
3 7637 7426 7835
3 7502 7675 7814
3 7748 7479 7849
3 7639 7427 7833
3 7428 7638 7832
3 7398 7664 7794
3 7664 7502 7794
3 7469 7656 7732
3 7468 7655 7731
3 7561 7651 7811
3 7652 7562 7810
3 7564 7654 7807
3 7653 7563 7808
3 7676 7501 7822
3 7667 7583 7773
3 7536 7669 7767
3 7668 7535 7768
3 7438 7630 7773
3 7477 7667 7773
3 7546 7678 7747
3 7758 7493 7805
3 7492 7759 7804
3 7760 7491 7803
3 7490 7761 7802
3 7545 7679 7743
3 7476 7638 7769
3 7639 7477 7770
3 7644 7503 7845
3 7504 7645 7844
3 7532 7758 7805
3 7759 7531 7804
3 7533 7760 7803
3 7761 7534 7802
3 7645 7458 7844
3 7459 7644 7845
3 7679 7451 7743
3 7678 7452 7747
3 7648 7506 7851
3 7505 7647 7852
3 7647 7461 7852
3 7460 7648 7851
3 7470 7666 7752
3 7753 7471 7756
3 7558 7753 7756
3 7486 7709 7799
3 7710 7487 7800
3 7663 7398 7821
3 7501 7663 7821
3 7707 7485 7796
3 7484 7708 7797
3 7482 7669 7772
3 7668 7483 7771
3 7652 7503 7842
3 7504 7651 7843
3 2204 7652 7842
3 7651 2174 7843
3 7653 7506 7855
3 7505 7654 7854
3 2122 7653 7855
3 7654 2153 7854
3 7581 7659 7793
3 7582 7660 7792
3 7630 7509 7857
3 7510 7631 7856
3 7528 7719 7860
3 7423 7668 7771
3 7669 7424 7772
3 7719 7432 7860
3 7470 7637 7835
3 7636 7471 7834
3 7638 7476 7832
3 7477 7639 7833
3 7659 7507 7793
3 7660 7508 7792
3 7705 7482 7772
3 7483 7706 7771
3 7506 7653 7808
3 7654 7505 7807
3 7503 7652 7810
3 7651 7504 7811
3 7498 7695 7847
3 7696 7497 7848
3 7503 7644 7842
3 7645 7504 7843
3 7709 7486 7763
3 7487 7710 7762
3 7485 7707 7764
3 7708 7484 7765
3 7647 7505 7854
3 7506 7648 7855
3 7727 7586 7837
3 7585 7728 7836
3 7576 7848 7859
3 7847 7575 7858
3 7848 7497 7859
3 7498 7847 7858
3 7481 7713 7787
3 7480 7714 7786
3 7458 7671 7844
3 7670 7459 7845
3 7426 7707 7796
3 7708 7425 7797
3 7673 7460 7851
3 7461 7672 7852
3 7709 7428 7799
3 7427 7710 7800
3 7509 7687 7857
3 7688 7510 7856
3 7687 7401 7857
3 7402 7688 7856
3 7432 7750 7860
3 7401 7770 7857
3 7769 7402 7856
3 7551 7806 7831
3 7537 7794 7814
3 7728 7399 7836
3 7400 7727 7837
3 7565 7809 7828
3 7566 7812 7827
3 7574 7744 7850
3 7821 7544 7822
3 7501 7821 7822
3 7580 7748 7849
3 7736 7528 7860
3 7794 7502 7814
3 7539 7819 7839
3 7820 7538 7838
3 7812 7495 7827
3 7809 7496 7828
3 7535 7823 7830
3 7824 7536 7829
3 7825 7559 7826
3 7499 7825 7826
3 7806 7500 7831
3 7520 7824 7829
3 7823 7519 7830
3 7521 7820 7838
3 7819 7522 7839
3 7899 8385 8220
3 7971 8925 8190
3 8586 8989 8366
3 7900 8388 8223
3 7883 8669 8486
3 8193 8603 8039
3 8309 8416 8018
3 8032 8586 8366
3 1755 8259 1756
3 8103 8514 8479
3 1860 8261 1862
3 8241 8649 1258
3 1533 8380 1534
3 7901 8395 8226
3 7881 8795 8170
3 7973 8928 8194
3 1533 8534 8380
3 8005 8427 8396
3 7976 8540 8156
3 8427 8751 8396
3 8037 8721 8187
3 1869 8696 8178
3 8288 8658 8109
3 8084 8620 8243
3 7974 8930 8197
3 7928 8572 8336
3 7890 8429 8146
3 8169 8494 7970
3 7894 8698 8286
3 7975 8931 8202
3 8673 8692 7915
3 7977 8434 8155
3 7948 8658 8288
3 7915 8692 8251
3 7927 8482 8209
3 8240 8412 7933
3 8304 8389 8086
3 8155 8600 7977
3 8248 8280 7944
3 139 8369 8280
3 8350 8698 7894
3 7983 8389 8304
3 8486 8669 8122
3 8243 8839 7969
3 7862 8547 8185
3 8169 8394 7909
3 7992 8948 8208
3 7886 8734 8383
3 8427 8671 8140
3 8311 8734 7886
3 8146 8529 7890
3 8210 8656 7992
3 8189 8920 8004
3 8398 8481 8011
3 7905 8450 8349
3 7971 8826 8285
3 8349 8450 8048
3 8220 8931 7975
3 7909 8348 8181
3 8479 8514 8007
3 8223 8930 7974
3 8226 8928 7973
3 8246 8290 7943
3 8002 8290 8246
3 7880 8411 8211
3 8486 9105 8705
3 8280 8369 8020
3 7869 8671 8427
3 8229 8925 7971
3 8337 8826 7971
3 8313 8447 8053
3 7990 8447 8313
3 8259 8686 1756
3 8660 8737 8301
3 8261 8379 1862
3 8486 8705 7883
3 8306 8720 7871
3 8172 8440 7864
3 8453 8786 7946
3 8085 8481 8398
3 1277 8554 8462
3 8367 8392 2003
3 8839 8943 7969
3 1258 8649 1260
3 8217 8483 8047
3 7986 8703 8362
3 7970 8394 8169
3 7864 8378 8172
3 8703 9103 8362
3 8614 8699 1228
3 8310 8430 7991
3 8060 8430 8310
3 7903 8617 8491
3 1476 8666 8288
3 8519 8726 8138
3 8336 8641 7928
3 7884 8484 8424
3 8160 8539 1253
3 8219 8318 7962
3 7887 8550 8328
3 8181 8381 7987
3 151 8660 8301
3 8407 8948 7992
3 8185 8745 7862
3 8008 8435 8228
3 8084 8815 8620
3 8132 8688 8389
3 8203 8695 1286
3 8156 8792 7976
3 8229 8419 7902
3 8288 8666 8112
3 8215 8438 8025
3 8393 8974 8607
3 7909 8476 8169
3 1880 8501 1883
3 8216 8335 7968
3 8501 8862 1883
3 7910 8496 8389
3 8558 8915 7983
3 8491 8617 8066
3 2137 8269 2134
3 8582 9065 8382
3 8179 8459 1490
3 7970 8522 8291
3 8128 8921 8326
3 8326 8867 1272
3 8213 8448 7893
3 8076 8582 8382
3 8389 8496 8086
3 8356 8744 7918
3 7903 8491 8204
3 8416 8564 8018
3 8035 8475 8474
3 8003 8545 8178
3 8281 8504 7877
3 8497 8885 7952
3 7989 8410 8401
3 8312 8328 8031
3 7887 8328 8312
3 1232 8699 8193
3 1270 8326 1272
3 7866 8770 8188
3 8417 8645 8009
3 7966 8379 8261
3 8568 8606 8077
3 8210 8402 7896
3 8004 8920 8260
3 8202 8436 7975
3 8304 8558 7983
3 8253 8822 8019
3 8266 8904 8001
3 8389 8688 7910
3 8111 8505 8465
3 7880 9040 8411
3 8550 8799 8328
3 8465 8505 7861
3 8181 8432 7909
3 8174 8513 8008
3 7987 8432 8181
3 8001 8904 8472
3 8055 8675 8233
3 8232 8674 8053
3 8056 8678 8235
3 8234 8675 8055
3 1253 8807 8160
3 8058 8679 8237
3 8236 8678 8056
3 8238 8679 8058
3 1228 8699 1230
3 7992 8402 8210
3 8314 8400 7984
3 8004 8469 8189
3 1490 8647 8179
3 8401 8410 8034
3 7896 8478 8210
3 8188 8779 7866
3 8231 8682 8052
3 8008 8463 8174
3 8393 8607 7879
3 8392 8478 8069
3 7876 8733 8397
3 8180 8962 7921
3 8201 8524 2233
3 2237 8332 2235
3 8195 8457 8000
3 7951 8920 8426
3 8226 8395 7955
3 8013 8478 8392
3 8402 8565 7896
3 7881 8990 8795
3 1309 8706 8551
3 8485 8512 7922
3 8047 8653 8217
3 8397 8733 8184
3 7954 8930 8388
3 8058 8346 8238
3 8035 8355 8270
3 7962 8458 8219
3 8284 8408 7969
3 7955 8928 8226
3 8121 8512 8485
3 8270 8355 7935
3 8009 8645 8480
3 8025 8552 8184
3 8388 8930 8223
3 8326 8657 8128
3 2128 8284 2127
3 8453 8918 1485
3 8399 8645 8088
3 1482 8453 1485
3 2233 8702 8201
3 7970 8909 8522
3 8170 8546 7881
3 8419 9037 7902
3 7953 8931 8385
3 8175 8497 7896
3 8178 8502 8003
3 7938 8762 8329
3 7953 8385 8233
3 8180 8615 7882
3 7893 8410 8213
3 8510 8537 8143
3 8050 8537 8510
3 8504 9144 7877
3 8683 9116 9028
3 8019 8822 8524
3 7954 8388 8235
3 8200 9120 7998
3 8178 8545 1869
3 1301 8824 8537
3 8705 9105 8147
3 8207 8694 7878
3 7989 8383 8213
3 8653 8894 8217
3 8056 8352 8236
3 7968 8423 8216
3 8385 8931 8220
3 8242 8958 7879
3 7955 8395 8237
3 8187 8460 8017
3 7881 8546 8381
3 7882 8764 8180
3 8106 8370 8293
3 8148 8800 8716
3 8209 8393 7879
3 8445 8921 8182
3 7992 8656 8384
3 7897 8752 8186
3 8104 8803 8250
3 8359 8446 8036
3 8310 8375 1761
3 8017 8655 8187
3 8212 8770 7866
3 8213 8410 7989
3 8400 8851 7984
3 8193 8993 8603
3 8055 8357 8234
3 1709 8256 1711
3 8022 8446 8359
3 1291 8291 1293
3 8293 8370 7894
3 8250 8803 7929
3 8208 8402 7992
3 7863 8471 8187
3 8402 9002 8565
3 7896 8565 8175
3 7950 8921 8445
3 2128 8408 8284
3 8270 9124 8035
3 8053 8365 8232
3 8275 8377 7979
3 8186 8896 7897
3 8221 8504 7944
3 7879 8420 8209
3 7973 9095 8226
3 8112 8744 8356
3 8332 8702 2235
3 7986 8421 8206
3 8276 8806 7967
3 7917 8726 8519
3 8242 8607 7983
3 2123 9028 8458
3 8014 8640 8218
3 7911 8490 8218
3 7945 8894 8653
3 7926 8466 8206
3 8365 8931 7953
3 8187 8613 8037
3 8206 8421 7880
3 8218 8490 8014
3 7921 8507 8180
3 7977 8498 8254
3 8348 9027 7960
3 1310 8277 85
3 8329 8762 8128
3 8209 8420 7985
3 8187 8721 8460
3 8494 8909 7970
3 8546 8663 8381
3 8206 8549 7926
3 7947 8891 8443
3 7985 8533 8209
3 8357 8930 7954
3 8184 8594 8025
3 2046 8374 8313
3 8202 8931 8365
3 8002 8743 8693
3 7974 9066 8223
3 8325 8519 8138
3 8323 8728 8049
3 8163 8720 8306
3 8072 8528 8262
3 7975 8436 8259
3 8352 8928 7955
3 1278 8271 1280
3 1305 8273 1307
3 8187 8655 7863
3 8048 8450 8198
3 8233 8385 8055
3 8197 8930 8357
3 8424 8484 8037
3 8435 8960 8228
3 8220 8414 7899
3 8228 8908 8008
3 8060 8686 8259
3 8509 8829 7976
3 7931 8531 8263
3 7966 8692 8379
3 1258 8492 8241
3 7871 8680 8306
3 7866 8779 8224
3 7880 8494 8451
3 8194 8928 8352
3 8235 8388 8056
3 8223 8413 7900
3 8212 8543 7926
3 8480 8622 8116
3 8209 8482 8393
3 8426 8920 8189
3 7880 8451 8206
3 8126 8786 8453
3 8346 8925 7956
3 8035 8474 8306
3 7960 9154 8348
3 7946 8997 8453
3 7866 8442 8212
3 7918 8942 8356
3 2137 8719 8269
3 8436 9149 8849
3 7998 8471 8200
3 8537 8824 8143
3 8274 8360 7988
3 2117 8304 2115
3 8237 8395 8058
3 8203 9027 8348
3 8049 8728 8584
3 7975 9044 8220
3 8367 8489 8013
3 8336 8572 8038
3 8175 8885 8497
3 8224 8437 7866
3 8097 8590 8409
3 8190 8925 8346
3 8094 8489 8367
3 8200 8471 7863
3 8226 8415 7901
3 7978 8448 8213
3 8368 8490 8094
3 426 8320 428
3 1402 8338 1404
3 422 8319 424
3 8014 8490 8368
3 8507 8681 8160
3 8630 8806 8276
3 8693 8743 8173
3 8412 8831 7933
3 8268 8819 7989
3 1286 8735 8203
3 8206 8466 7986
3 8338 8709 1404
3 7990 8405 8239
3 1755 8473 8259
3 8250 8983 8104
3 9028 9116 8219
3 8452 8958 8242
3 8207 8543 7994
3 8138 8829 8509
3 8263 8531 8107
3 1866 8696 1869
3 8284 8683 2127
3 8190 8713 7971
3 7921 8681 8507
3 8551 8706 8119
3 8013 8392 8367
3 8679 9089 8237
3 8343 8463 7907
3 8678 9086 8235
3 8675 9083 8233
3 8238 9091 8679
3 8236 9090 8678
3 8409 8590 7912
3 8100 8997 8662
3 8234 9087 8675
3 8583 9106 7874
3 7989 8401 8268
3 8232 9084 8674
3 8197 8753 7974
3 8193 8570 1232
3 8458 9028 8219
3 7971 8419 8229
3 8202 9149 8436
3 8026 8412 8240
3 8194 8738 7973
3 8425 8935 7980
3 8239 8430 7898
3 8137 8894 8286
3 8462 8554 8045
3 8523 8874 8177
3 8259 8473 7975
3 8251 8618 7915
3 8218 8500 7911
3 7863 9061 8200
3 7944 8802 8221
3 8573 9030 8726
3 8443 8903 7947
3 8574 8997 8100
3 7898 8447 8239
3 8405 8611 7892
3 8077 8606 8362
3 8448 9132 7893
3 8286 8894 7945
3 7874 8845 8583
3 8211 8909 8494
3 8039 8570 8193
3 2003 8392 2000
3 8547 8989 8185
3 8285 8419 7971
3 8086 8496 8369
3 8067 8419 8285
3 8254 8434 7977
3 8188 8770 8476
3 8028 8996 8248
3 7983 8915 8242
3 8275 8648 1886
3 8231 9112 8682
3 8494 8906 8451
3 8544 9098 8820
3 7967 8371 8276
3 1722 8351 1725
3 1476 8288 1478
3 8211 8494 7880
3 8544 8820 8023
3 8198 8818 8048
3 7991 8430 8239
3 1286 8695 1289
3 8489 8490 7911
3 8094 8490 8489
3 8000 8571 8195
3 1702 8289 1704
3 7994 8694 8207
3 8226 9095 8415
3 8052 8747 8258
3 8199 8935 8425
3 2155 8314 2152
3 8476 8770 7999
3 8303 8484 7884
3 1715 8575 8208
3 8117 8867 8326
3 8369 8496 8020
3 8405 8722 8611
3 2140 8889 8587
3 422 8439 8319
3 8268 8401 7868
3 2160 8300 2159
3 8320 8441 428
3 8360 8378 7864
3 8191 8767 8553
3 7982 8702 8332
3 7867 8622 8480
3 7955 9111 8352
3 8168 8915 8558
3 8461 8672 7892
3 8209 8533 7927
3 8239 8447 7990
3 8624 8731 7919
3 7894 8792 8350
3 8371 8530 8062
3 8246 8456 8002
3 7906 8456 8246
3 1722 8431 8351
3 8474 8475 8027
3 1888 8438 130
3 8326 8921 7950
3 7954 9108 8357
3 7867 8645 8399
3 8360 8626 7988
3 7967 8530 8371
3 8352 9111 8236
3 2155 8400 8314
3 7988 8588 8274
3 8323 8498 7977
3 7980 9064 8225
3 426 8914 8320
3 1407 8294 1408
3 7953 9107 8365
3 8319 8914 424
3 8370 8792 7894
3 8239 8864 7991
3 7962 8452 8242
3 8586 9122 8185
3 1758 8310 1761
3 8204 8581 7903
3 7901 8774 8395
3 8573 8726 7917
3 8357 9108 8234
3 7952 8737 8497
3 7926 8549 8212
3 7991 8375 8310
3 7998 9120 8376
3 7968 8804 8423
3 8025 8594 8215
3 8435 8513 8125
3 7900 8772 8388
3 7981 8484 8303
3 8240 8561 8026
3 8316 8591 8065
3 2046 8313 2045
3 7878 8773 8207
3 8241 8827 7937
3 7956 8591 8316
3 8365 9107 8232
3 8553 8767 8018
3 7987 8779 8432
3 8432 8779 8188
3 8313 8374 7990
3 1291 8787 8291
3 7899 8771 8385
3 8304 8783 2115
3 8406 9055 8788
3 8225 8766 7980
3 8259 8436 8060
3 7956 9140 8346
3 8406 8788 8110
3 7999 8770 8549
3 8208 8948 1715
3 7862 8561 8240
3 8063 8641 8336
3 8221 9144 8504
3 8513 8871 8125
3 2216 8614 103
3 7897 9014 8323
3 8120 8690 8382
3 8346 9140 8238
3 7902 8902 8229
3 7870 8576 8263
3 8010 9046 8373
3 8379 8692 8095
3 8324 9046 8010
3 8483 8636 8047
3 8390 8887 419
3 1761 8375 1763
3 8015 8465 8272
3 8372 9051 8011
3 8549 8770 8212
3 8263 8576 8030
3 7864 8877 8267
3 8213 8734 7978
3 8382 8690 7872
3 8795 8990 8205
3 433 8892 8391
3 8011 9051 8330
3 8268 9146 8819
3 8344 8604 7974
3 8694 8839 7878
3 1486 8918 8287
3 7942 8960 8435
3 8247 9031 7931
3 8342 8599 7973
3 7907 8468 8244
3 8117 8621 8554
3 8478 9011 8210
3 416 8390 419
3 8543 8684 7926
3 8207 8684 8543
3 8716 8800 8088
3 2251 9000 8359
3 8423 8804 8161
3 433 8391 435
3 8223 9066 8413
3 8269 8487 2134
3 2048 8374 2046
3 7982 9147 8702
3 2140 8587 2139
3 8422 9024 8937
3 7993 9054 8688
3 7889 8544 8222
3 7961 9071 8391
3 8389 9048 8132
3 8286 8418 7894
3 103 8614 1228
3 151 9000 2251
3 2123 8458 2121
3 7892 8672 8481
3 8380 8535 8089
3 8341 8484 7981
3 1260 8649 1262
3 7964 8919 8411
3 8411 8919 8211
3 7965 9122 8586
3 2130 8408 2128
3 8231 8740 7928
3 8691 8708 7914
3 8347 8882 8137
3 8360 8972 8626
3 7966 8718 8302
3 8323 9014 8498
3 8258 8470 7886
3 8052 8740 8231
3 8516 8983 8250
3 7895 8446 8327
3 1262 8649 8555
3 8688 9054 8274
3 8633 8835 8061
3 7882 8615 8260
3 8282 8658 7948
3 8264 8523 1494
3 8327 8446 8022
3 8343 8987 8463
3 7906 8510 8340
3 8059 9116 8683
3 8422 8937 7913
3 8607 8974 8132
3 7869 8427 8317
3 7886 8911 8258
3 8021 8874 8523
3 8625 8628 8257
3 8448 8800 8148
3 1230 8699 1232
3 8281 8525 7939
3 8222 8579 7889
3 8059 8683 8284
3 8308 8976 7874
3 8159 8976 8308
3 8331 8428 8014
3 7969 8836 8243
3 8243 8836 8084
3 8065 8428 8331
3 7964 8411 8340
3 1278 8462 8271
3 8340 8411 8044
3 8588 8828 7910
3 8414 8605 7899
3 8242 9076 7962
3 8413 8612 7900
3 8351 8431 7995
3 8390 9104 7959
3 8036 8646 8249
3 8414 9069 8605
3 7966 8988 8251
3 8073 8755 8334
3 8002 8961 8290
3 7912 8590 8336
3 8535 8708 8089
3 8415 8619 7901
3 7933 8780 8240
3 8303 8532 8080
3 8336 8590 8063
3 8088 8800 8399
3 8556 8927 8793
3 7948 8479 8282
3 8254 8498 8064
3 8511 8638 8111
3 8383 8911 7886
3 8007 8514 8353
3 8109 8853 8288
3 8081 8538 8305
3 8278 9147 9015
3 8011 8672 8372
3 8080 8709 8338
3 8145 8731 8624
3 8340 8568 7906
3 1739 8599 8342
3 8249 9081 8036
3 8044 8568 8340
3 8426 9045 7951
3 8000 8416 8309
3 1400 8818 8676
3 8263 8922 7870
3 8372 8672 8092
3 8413 9056 8612
3 1860 8548 8261
3 8600 8932 7935
3 7893 8516 8250
3 8267 8972 7864
3 8135 8919 8339
3 7892 8433 8405
3 8288 8853 1478
3 1862 8379 1864
3 8224 8811 8437
3 8240 8547 7862
3 8437 8811 7985
3 8033 8817 8247
3 8363 8480 8116
3 1870 8345 1872
3 8220 9044 8414
3 8819 8911 8383
3 7907 8668 8343
3 8515 8633 8061
3 1747 8604 8344
3 8256 8506 1711
3 8061 8835 8396
3 8548 8996 8028
3 7891 8625 8257
3 8107 8922 8263
3 8465 9077 8272
3 7921 8962 8353
3 7946 8786 8454
3 1888 8648 8438
3 7908 8571 8309
3 8034 8464 8455
3 8233 9107 7953
3 7873 8882 8347
3 8290 9153 7943
3 1274 8554 1277
3 8235 9108 7954
3 8319 8422 8123
3 8237 9111 7955
3 8308 8961 8002
3 1297 8339 1298
3 8556 8793 8108
3 8245 8564 7863
3 7996 8422 8319
3 8069 8737 8660
3 8307 8488 7913
3 7949 8815 8269
3 8454 8786 8183
3 8013 9011 8478
3 8585 9161 8186
3 8554 8621 8045
3 7930 8553 8245
3 8260 8825 7882
3 7861 9077 8465
3 8016 8634 8519
3 7944 8808 8248
3 8017 8602 8245
3 7863 8655 8245
3 8415 9032 8619
3 1709 8526 8256
3 7928 8641 8231
3 8334 8626 8073
3 8086 8783 8304
3 8515 9036 8633
3 8292 8632 8116
3 8391 9071 8196
3 8317 8427 8005
3 7888 8527 8298
3 8320 8914 8123
3 8001 8503 8266
3 8044 8606 8568
3 8123 8914 8319
3 7988 8626 8334
3 8345 8545 8003
3 7937 8659 8241
3 7979 8552 8275
3 7969 9041 8284
3 8282 8479 8007
3 8676 8818 8198
3 8298 8527 8028
3 8634 9078 8519
3 421 8439 422
3 1305 8578 8273
3 8263 8794 7931
3 8026 8569 8412
3 428 8441 430
3 2235 8702 2233
3 8103 8479 8356
3 8296 8669 7883
3 8019 8560 8253
3 1310 8551 8277
3 7879 8607 8242
3 8241 8659 8029
3 1488 8608 8315
3 7931 8628 8247
3 8021 8523 8264
3 8275 8552 8025
3 8293 8866 8106
3 8271 8616 1280
3 8294 8709 8080
3 1485 8918 1486
3 8460 8639 8017
3 8384 8982 8105
3 8329 8986 7938
3 8319 8439 7996
3 1886 8648 1888
3 8261 8548 8028
3 8029 8649 8241
3 8247 8628 8033
3 7997 8441 8320
3 8099 8563 8559
3 7976 8829 8540
3 8607 9048 7983
3 8604 9066 7974
3 8033 8628 8625
3 7997 8488 8307
3 8244 8596 7907
3 7940 8866 8293
3 8339 8919 7964
3 8428 8640 8014
3 8064 8893 8254
3 8245 8602 7930
3 8408 8836 7969
3 8403 8896 8114
3 8246 8821 7906
3 8245 8655 8017
3 8248 8808 8028
3 8341 8450 7905
3 7910 8828 8496
3 8440 8491 8066
3 8080 8838 8294
3 7972 8491 8440
3 8455 8464 8023
3 8296 8503 8001
3 8265 8729 7890
3 7943 8642 8246
3 8095 8692 8673
3 8101 8504 8281
3 8646 8932 8249
3 8010 8934 8324
3 8136 8887 8390
3 8320 8488 7997
3 8192 9104 8390
3 1758 8686 8310
3 7868 8869 8268
3 8599 9095 7973
3 8271 8661 7941
3 8027 8989 8547
3 8291 8522 1293
3 8755 8963 8334
3 8500 8982 8384
3 8258 8747 8470
3 8391 8892 8139
3 7931 8794 8257
3 2246 9081 8249
3 7918 8689 8467
3 8330 8936 8011
3 8443 8891 8126
3 8179 8901 8459
3 7919 8731 8299
3 8262 8797 8072
3 8249 8644 2246
3 2004 8367 2003
3 2009 8368 2007
3 2233 8524 2230
3 7929 8876 8250
3 8306 8474 7933
3 7932 8623 8256
3 8278 9015 8550
3 9015 9147 7982
3 8012 8886 8292
3 8256 8636 7932
3 7916 8638 8511
3 8272 8580 8015
3 8177 9126 8523
3 2112 8369 139
3 8250 8790 7893
3 8313 8674 2045
3 8251 8692 7966
3 8302 8988 7966
3 7959 8977 8390
3 1707 8542 8526
3 8257 8727 7891
3 1721 8431 1722
3 8273 9021 7943
3 8028 8718 8261
3 2099 8373 2097
3 8244 9062 8725
3 2103 8372 2101
3 8012 8622 8295
3 2052 8386 2051
3 8277 8627 85
3 8137 9057 8347
3 1494 8701 8264
3 1764 8398 1767
3 8048 8627 8277
3 8391 8984 7961
3 8014 8872 8331
3 7882 9053 8764
3 8261 8718 7966
3 8179 9161 8901
3 8302 8886 8012
3 8307 8508 7997
3 2228 8822 8785
3 1257 8492 1258
3 8376 9110 7998
3 7939 8927 8281
3 7936 9065 8582
3 8281 8927 8101
3 8030 8794 8263
3 8380 8534 8024
3 7935 8932 8646
3 1753 8473 1755
3 8559 8563 8043
3 7872 8493 8382
3 7890 8757 8265
3 8260 8615 8004
3 8364 8796 8038
3 8306 9135 8163
3 8258 8740 8052
3 1721 8778 8431
3 7935 9119 8600
3 8121 8541 8299
3 8639 8856 8017
3 8002 8693 8308
3 8034 8455 8401
3 8596 8668 7907
3 8785 8822 8253
3 8354 9031 8247
3 8267 8877 8593
3 7933 9135 8306
3 8264 8964 8021
3 8522 8909 8135
3 7934 9161 8585
3 8302 8718 8527
3 8027 8475 8366
3 1736 8599 1739
3 8689 8975 8467
3 8404 8571 7908
3 8122 8708 8691
3 1886 8875 8275
3 8366 8475 7895
3 8356 8479 7948
3 8274 8588 7910
3 8020 8802 8280
3 7923 8710 8387
3 8257 8628 7931
3 7920 8965 8755
3 1702 8834 8289
3 8764 9053 8282
3 8146 8577 8317
3 8333 8560 8019
3 8310 8686 8060
3 8349 8639 7905
3 8018 8518 8309
3 7967 8806 8593
3 8593 8806 8267
3 8387 8710 8098
3 8134 8986 8329
3 8020 9068 8802
3 8031 8631 8312
3 1745 8604 1747
3 8297 8705 8015
3 8025 8648 8275
3 8184 8866 8594
3 8112 8666 8266
3 8289 8542 1704
3 8123 8488 8320
3 8270 8860 7895
3 8098 8831 8412
3 7960 8797 8592
3 8433 8481 8085
3 8592 8797 8262
3 8386 8934 8010
3 8937 9110 8376
3 1407 8709 8294
3 8476 8906 8169
3 8269 8725 7949
3 8042 8725 8269
3 8019 9117 8333
3 8053 8674 8313
3 8368 8872 8014
3 8065 8953 8316
3 8130 8918 8453
3 8072 8758 8528
3 1696 8954 8279
3 7892 8481 8433
3 8266 8744 8112
3 8279 8651 1696
3 8302 8527 7888
3 8011 8936 8398
3 8037 8484 8341
3 7943 9043 8273
3 8161 9133 8358
3 7950 8852 8321
3 8188 8476 8432
3 8287 8608 1486
3 2160 8926 8300
3 7941 8758 8271
3 8215 9114 8438
3 8268 8869 8038
3 7935 8646 8270
3 8038 9146 8268
3 8019 9145 9117
3 8309 8518 7908
3 8184 8552 8397
3 8298 9033 7888
3 7895 9124 8270
3 7868 8634 8364
3 8269 8719 8042
3 2157 8400 2155
3 8116 8978 8292
3 8040 8651 8279
3 7911 8500 8384
3 8251 9012 8618
3 8292 8978 8012
3 8225 9064 8685
3 8174 8890 8513
3 8273 8706 1307
3 8451 8549 8206
3 8416 9061 7863
3 7910 8688 8274
3 8081 8723 8300
3 7962 9076 8458
3 8339 8899 8135
3 8820 8917 8023
3 7906 8568 8456
3 8031 8608 8287
3 8456 8568 8077
3 2221 9159 2219
3 8299 9010 8121
3 1716 8407 1718
3 8417 8691 7914
3 8022 9000 8301
3 8288 8979 7948
3 8248 8840 8280
3 8300 8723 2159
3 8195 9121 8457
3 2011 8704 8331
3 8478 8497 8069
3 8009 8480 8363
3 1490 8459 1492
3 8553 8861 8191
3 8284 9041 8059
3 8114 9015 8403
3 8280 8802 7944
3 8401 8455 7868
3 8442 8543 8212
3 8321 8621 8117
3 7896 8497 8478
3 8726 9030 8124
3 1253 8539 1255
3 2219 9159 8521
3 8285 9141 8067
3 8016 8519 8325
3 8277 8801 8048
3 8576 8662 8030
3 1244 8426 1246
3 8502 8848 8149
3 8465 8511 8111
3 8374 8722 7990
3 8349 9075 8639
3 8316 9140 7956
3 8279 8707 8040
3 8015 8580 8297
3 8291 9139 7970
3 7903 8621 8321
3 8360 9054 8378
3 1764 8741 8398
3 1877 9112 8520
3 8301 9000 151
3 8083 8722 8374
3 8157 8823 8512
3 8295 9012 8012
3 8587 8719 2139
3 8112 8979 8288
3 8017 8856 8602
3 8569 8736 8412
3 8075 8699 8614
3 2117 8558 8304
3 7993 8482 8378
3 7952 8643 8301
3 7877 8833 8281
3 7980 8935 8468
3 8280 8840 139
3 8335 8760 7908
3 7965 8698 8350
3 8185 8989 8586
3 7999 8906 8476
3 1729 9141 8285
3 2139 8719 2137
3 7886 9085 8311
3 8440 8898 7972
3 8603 8993 7919
3 8172 8898 8440
3 8459 8701 1492
3 8041 8879 8565
3 8327 9148 7895
3 8517 8796 8364
3 7904 8629 8318
3 8594 8866 7940
3 8526 8542 8047
3 8688 8974 7993
3 8294 8952 1408
3 8473 9044 7975
3 8393 8482 7993
3 8285 8826 1729
3 8012 8988 8302
3 1266 8897 8329
3 8386 8739 2051
3 8271 8758 8616
3 8158 8633 8582
3 8623 8879 8041
3 1870 8545 8345
3 8582 8633 7936
3 8492 8827 8241
3 8115 8701 8459
3 8431 8778 8105
3 8186 8752 8585
3 8602 8856 8230
3 1486 8608 1488
3 8007 8764 8282
3 8379 8955 1864
3 8286 8698 8137
3 8151 8943 8839
3 8321 9164 7903
3 8054 8746 8307
3 8531 8603 8107
3 8028 8808 8298
3 8309 8571 8000
3 130 8438 1692
3 8219 9116 8318
3 7976 8792 8370
3 8463 8987 8174
3 1885 8862 8377
3 8027 8780 8474
3 2134 8487 2133
3 8121 8687 8541
3 8382 8493 8076
3 8068 8664 8314
3 8275 8875 8377
3 8910 8926 2163
3 8287 8631 8031
3 8344 8857 1747
3 8282 9053 8658
3 8314 8664 2152
3 8513 8890 7875
3 8536 8881 8152
3 8587 8889 8142
3 1289 8787 1291
3 7994 8543 8442
3 7878 9052 8425
3 8425 9052 8199
3 8016 8517 8364
3 8039 8603 8531
3 8390 8977 8136
3 8225 9103 8703
3 8849 9149 7898
3 8109 8903 8443
3 8078 8618 8295
3 7945 8750 8286
3 8325 8994 8118
3 8023 8917 8455
3 8295 8622 7867
3 8420 8563 7985
3 8139 8984 8391
3 8043 8563 8420
3 8075 8993 8699
3 8312 9050 8079
3 8626 8806 8073
3 8510 8810 8340
3 8151 8839 8694
3 8398 8741 8085
3 8325 8970 8016
3 8432 8476 7909
3 1297 8899 8339
3 7988 9100 8588
3 8005 9079 8317
3 8008 8775 8463
3 8512 8823 7922
3 8802 9068 8221
3 8297 9042 8074
3 8252 8977 8532
3 8532 8977 7959
3 8358 9133 7958
3 8725 9062 7949
3 1877 8520 1879
3 8124 8561 8540
3 7867 8870 8295
3 7897 8896 8403
3 8730 9077 8061
3 8300 8895 8081
3 8369 8783 8086
3 8118 8970 8325
3 8540 8561 7862
3 8520 9112 8231
3 8052 8682 8345
3 8306 8680 8035
3 8308 9006 8159
3 8267 8806 8626
3 8461 8940 8010
3 8292 8883 8632
3 8358 8854 8161
3 8001 8669 8296
3 8547 8780 8027
3 8331 8872 2011
3 8317 9079 8146
3 8632 8883 8108
3 8345 8682 1872
3 8538 8984 8255
3 7961 8984 8538
3 8083 8739 8386
3 7894 8912 8293
3 8325 9047 8994
3 7875 8871 8513
3 8147 9105 8363
3 8024 9082 8535
3 8301 8643 8022
3 8359 9000 8022
3 8297 8812 7883
3 8244 8725 8596
3 8457 9121 7885
3 7999 8549 8451
3 8362 8714 8077
3 7865 8714 8362
3 7883 8705 8297
3 9003 9082 8024
3 8295 8870 8078
3 1277 8462 1278
3 8363 9060 8147
3 8347 8586 8032
3 8272 9077 8730
3 8074 8812 8297
3 8453 8997 8130
3 8399 8800 7978
3 8032 8589 8347
3 7868 8917 8634
3 7965 8586 8347
3 8293 8707 7940
3 8406 9074 8183
3 7888 8886 8302
3 8541 8687 7870
3 8504 8947 7944
3 8074 8689 8296
3 7922 8724 8485
3 8229 8902 8591
3 8514 8712 8353
3 8315 8608 8031
3 7883 8812 8296
3 1494 8523 113
3 8581 8661 8045
3 8299 8888 7919
3 7984 8761 8314
3 7874 8961 8308
3 8347 8589 7873
3 8605 9069 8057
3 8152 9045 8426
3 8269 8815 8487
3 8314 8761 8068
3 1864 8955 1866
3 8452 8629 8043
3 8445 8852 7950
3 8296 8812 8074
3 8695 8787 1289
3 8032 9148 8327
3 7861 8697 8515
3 2015 8844 8316
3 8031 9009 8315
3 1411 8952 8905
3 1239 8923 8817
3 7884 9156 8303
3 7913 8938 8307
3 1285 9023 8322
3 8404 9151 8195
3 8080 8850 8303
3 7891 9074 8406
3 8138 9047 8325
3 8305 8851 8081
3 8315 9009 7963
3 8024 8535 8380
3 7984 9151 8404
3 8303 8850 7981
3 2055 9067 8324
3 8315 8647 1488
3 8368 8816 2007
3 1309 8551 1310
3 8354 8966 8039
3 8097 8862 8501
3 2004 8816 8367
3 8110 8652 8406
3 7930 8861 8553
3 7862 8745 8540
3 8426 9123 1246
3 8380 8754 1534
3 8094 8816 8368
3 8367 8816 8094
3 8819 9146 8102
3 2105 9072 9051
3 1248 8469 1250
3 8100 8662 8576
3 9046 9067 2094
3 8515 8697 8129
3 7976 9008 8509
3 8727 8794 8030
3 8156 9122 8350
3 8321 9017 7950
3 8562 9156 7884
3 8724 9099 8485
3 8036 9081 8610
3 7914 8708 8535
3 8540 8829 8124
3 8324 8934 2055
3 8301 8737 7952
3 8540 8745 8156
3 8820 9098 8153
3 8569 8573 8153
3 8117 9017 8321
3 7980 8766 8425
3 1866 8955 8696
3 2225 8477 2223
3 8350 9122 7965
3 7963 9009 8328
3 7950 9017 8326
3 8337 8924 1731
3 8089 8754 8380
3 8026 8573 8569
3 8322 8735 1285
3 8328 9009 8031
3 8326 9017 8117
3 8066 8617 8530
3 8507 8615 8180
3 7971 8713 8337
3 8337 8713 8046
3 8176 9106 8583
3 1711 8506 1713
3 8330 9072 1769
3 8342 8944 1739
3 8008 8908 8775
3 7915 8848 8502
3 8322 9023 8072
3 8049 8752 8323
3 8022 9022 8327
3 8581 8980 8661
3 8155 8932 8600
3 8008 8513 8435
3 7978 8734 8311
3 8323 8752 7897
3 8335 9150 7968
3 9117 9145 8278
3 1883 8862 1885
3 8189 9123 8426
3 1301 8537 1302
3 8076 8757 8582
3 8004 8615 8507
3 1698 8495 1700
3 1769 8936 8330
3 2237 8637 8332
3 1707 8526 1709
3 8397 8552 7979
3 7914 8716 8417
3 8755 8965 8165
3 8311 8809 7978
3 8216 9059 8335
3 7932 8636 8483
3 8039 9031 8354
3 1270 8657 8326
3 8433 8864 8405
3 8307 8938 8054
3 8417 8716 8088
3 7963 8967 8315
3 2112 8783 8369
3 8257 8794 8727
3 8363 9105 8009
3 8439 8873 7996
3 8611 8940 8461
3 8072 8797 8322
3 8059 9041 8361
3 7872 9101 8493
3 8400 8723 8081
3 2099 8798 8373
3 7997 8880 8441
3 8372 8798 2101
3 8329 8769 1266
3 2157 8723 8400
3 8332 9026 7982
3 8616 8758 8072
3 8348 9154 8181
3 1869 8545 1870
3 7986 8606 8421
3 7893 9132 8516
3 8312 8832 7887
3 1293 8522 1295
3 8316 8953 2015
3 8346 9131 8190
3 8136 8873 8439
3 8318 9157 7962
3 8440 8877 7864
3 8317 9127 7869
3 8046 8924 8337
3 8171 8929 8483
3 8332 8637 8064
3 8079 8832 8312
3 8639 9075 8093
3 8441 8880 8139
3 1858 8548 1860
3 8469 9123 8189
3 8015 8511 8465
3 8458 9076 8168
3 7995 9160 8351
3 8378 9054 7993
3 1704 8542 1707
3 8612 9056 8051
3 8396 8751 7924
3 7863 8564 8416
3 7981 9004 8341
3 8437 8563 8099
3 8483 8929 7932
3 7916 9060 8363
3 8994 9047 7876
3 1232 8570 1235
3 8468 9064 7980
3 7973 8738 8342
3 8342 8738 8051
3 8653 9163 7945
3 8089 8650 8472
3 2013 8704 2011
3 7908 8830 8335
3 8051 8944 8342
3 8358 8889 2142
3 8464 8789 8023
3 8472 8650 8001
3 8491 9013 8204
3 8757 8957 8582
3 7972 9013 8491
3 8328 8799 7963
3 8361 8601 7904
3 7887 9117 8550
3 8499 8827 8087
3 7952 8748 8643
3 8366 9148 8032
3 8318 8765 7904
3 8516 9132 9003
3 7985 8811 8533
3 8359 8610 2251
3 8817 8923 8247
3 8033 8881 8536
3 7977 8728 8323
3 8195 8571 8404
3 8407 8778 1718
3 8421 8606 8044
3 8331 8704 8065
3 8704 8953 8065
3 8348 9115 8203
3 8067 8654 8351
3 8036 8610 8359
3 8329 8897 8134
3 8471 8613 8187
3 8550 9117 8278
3 2163 8926 2160
3 8662 8997 7946
3 8605 8753 8197
3 8362 8606 7986
3 8449 8640 7902
3 7970 9139 8394
3 8351 8654 1725
3 8334 9100 7988
3 8356 8979 8112
3 8579 8874 8021
3 8166 9044 8473
3 8834 9163 8289
3 8152 9025 8536
3 8789 9129 8222
3 8387 8579 8021
3 8252 9156 8562
3 8003 8747 8345
3 8128 8769 8329
3 8702 9147 8201
3 7974 8753 8344
3 7890 8729 8429
3 1731 8826 8337
3 8344 8753 8057
3 8345 8747 8052
3 8407 8956 8778
3 8352 9138 8194
3 8099 8559 8444
3 1713 8575 1715
3 8222 8874 8579
3 8103 8671 8514
3 8468 8935 8244
3 8462 8661 8271
3 8181 8592 8381
3 8493 8759 8076
3 8336 8796 7912
3 1402 8676 8338
3 8840 8996 1857
3 8327 9109 8032
3 7948 8979 8356
3 8632 9034 8116
3 8088 8645 8417
3 8699 8993 8193
3 8666 8904 8266
3 1749 8567 1750
3 8079 8724 8333
3 8289 9163 8653
3 7905 8721 8341
3 8514 8671 7869
3 7926 8684 8466
3 8021 8964 8387
3 8142 8668 8587
3 8587 8668 8042
3 8049 8756 8585
3 8057 8857 8344
3 2142 8854 8358
3 8081 8895 8538
3 8373 8798 8092
3 8092 8798 8372
3 8986 9038 8265
3 8347 9057 7965
3 8064 9026 8332
3 7958 9102 8358
3 8358 9102 8142
3 1475 8904 8666
3 1747 8857 1749
3 8536 8817 8033
3 8333 8832 8079
3 1307 8706 1309
3 8532 8838 8080
3 8357 9142 8197
3 8341 8721 8037
3 8499 8969 8827
3 8797 9027 8322
3 8038 8796 8336
3 8431 8982 7995
3 8508 9162 8255
3 1264 8897 1266
3 8374 8739 8083
3 8030 8662 8454
3 8338 8850 8080
3 8355 9119 7935
3 7885 9162 8508
3 7985 8563 8437
3 8394 8791 7909
3 1408 8952 1411
3 8364 8634 8016
3 8149 9118 8502
3 8084 8836 8408
3 8068 9059 8884
3 8444 8559 7904
3 9051 9072 8330
3 7964 9137 8339
3 2048 8739 8374
3 8508 8880 7997
3 8324 9067 9046
3 1482 8843 8453
3 7960 9027 8797
3 8340 8810 7964
3 8339 8824 1298
3 8023 8789 8544
3 8523 9126 113
3 8365 9149 8202
3 8035 8680 8355
3 8506 8575 1713
3 7895 9148 8366
3 8495 8834 1700
3 8005 8835 8529
3 1240 8536 1243
3 8383 8734 8213
3 8470 9118 9085
3 8438 8648 8025
3 8085 8741 8375
3 7956 8925 8591
3 8591 8925 8229
3 7929 9129 8789
3 8058 8774 8346
3 8529 8835 8158
3 8063 8590 8501
3 8470 9085 7886
3 8333 8724 8560
3 8501 8590 8097
3 7911 8656 8489
3 8362 9103 7865
3 1236 8966 8354
3 8453 8843 8126
3 7941 8999 8528
3 8528 8999 8205
3 8438 9114 1692
3 8353 8962 8007
3 8338 9125 8850
3 8612 8738 8194
3 8038 8869 8364
3 8426 9025 8152
3 8375 8741 1763
3 8463 8775 7907
3 8937 9024 8144
3 7909 8791 8348
3 8701 8837 8264
3 8009 8691 8417
3 8850 9125 7981
3 8371 8690 8276
3 8092 8672 8461
3 8115 8837 8701
3 7907 8775 8468
3 8349 8801 7957
3 8218 9088 8500
3 8351 9160 8067
3 7872 8690 8371
3 8350 8792 8156
3 8500 9088 7995
3 1298 8824 1301
3 8131 8834 8495
3 8274 9054 8360
3 8056 8772 8352
3 1244 9025 8426
3 8048 8801 8349
3 8619 9032 8046
3 8384 8656 7911
3 1694 8954 1696
3 8425 8773 7878
3 8643 8748 8150
3 8255 8880 8508
3 8813 9113 8119
3 7957 9075 8349
3 8196 8926 8910
3 1733 8557 1734
3 2119 8558 2117
3 8055 8771 8357
3 8247 8923 8354
3 7895 8860 8446
3 7871 8720 8635
3 8381 8663 7987
3 2011 8872 2009
3 8403 9015 7982
3 8048 8818 8627
3 8703 8766 8225
3 8071 8766 8703
3 8392 8660 2000
3 7904 8765 8361
3 8119 9113 8551
3 8361 8765 8059
3 8668 9102 8343
3 8354 8923 1236
3 8142 9102 8668
3 8353 9070 7921
3 8878 9049 8171
3 8053 8916 8365
3 8565 9002 8041
3 1248 9123 8469
3 8712 9070 8353
3 8497 8737 8069
3 8069 8660 8392
3 8116 9034 8363
3 7957 8813 8583
3 8583 8813 8176
3 8363 9034 7916
3 8424 8613 7998
3 8037 8613 8424
3 8509 8733 7876
3 1741 8566 1742
3 8096 9070 8712
3 8384 8956 7992
3 8385 8771 8055
3 416 8991 8390
3 1715 8948 1716
3 7943 9021 8642
3 2225 8865 8477
3 8105 8956 8384
3 8581 8621 7903
3 8366 8989 8027
3 8142 8889 8358
3 8788 9055 7947
3 8341 9004 8450
3 8391 8995 435
3 8635 8756 8049
3 8580 8730 7924
3 8041 8575 8506
3 8493 9101 8182
3 8248 8996 8840
3 8120 9130 8690
3 8335 9059 8760
3 7904 8601 8444
3 7893 8790 8410
3 8356 8942 8103
3 8106 8733 8509
3 8272 8730 8580
3 8018 8564 8553
3 8553 8564 8245
3 8452 9157 8629
3 2097 9046 2094
3 8388 8772 8056
3 2228 8785 2227
3 2105 9051 2103
3 7864 8972 8360
3 8390 8991 8192
3 1250 8807 1253
3 8364 8869 7868
3 8307 8746 8508
3 7924 8730 8396
3 2223 8784 2221
3 8167 9066 8604
3 8512 9058 8157
3 8409 8973 8097
3 1696 8651 1698
3 8062 8841 8371
3 8525 8858 7939
3 8196 8995 8391
3 8395 8774 8058
3 8125 8941 8435
3 8435 8941 7942
3 8396 8730 8061
3 8559 8629 7904
3 8217 8882 8878
3 8418 8750 8131
3 8673 8696 8095
3 1239 8817 1240
3 8178 8696 8673
3 8466 8684 8071
3 8370 9008 7976
3 1481 8853 8443
3 8167 9005 8566
3 8493 9096 8759
3 1302 8578 1305
3 8437 8907 7866
3 1411 8905 29
3 2146 9094 8423
3 8169 8906 8494
3 29 8905 415
3 8158 8835 8633
3 8408 8732 8084
3 2130 8732 8408
3 31 8910 2163
3 2009 8872 8368
3 8577 9127 8317
3 8106 9008 8370
3 8164 8992 8557
3 8029 8659 8429
3 436 8910 31
3 8140 8671 8467
3 1399 8818 1400
3 8541 8888 8299
3 2055 8934 2052
3 8375 9035 8085
3 8378 8946 8172
3 8499 8681 7921
3 8296 8689 8503
3 8068 8884 8664
3 8107 8888 8541
3 1731 8924 1733
3 8418 8912 7894
3 2150 8884 2148
3 8456 8743 8002
3 8286 8750 8418
3 7902 8640 8428
3 1739 8944 1741
3 8371 8841 7872
3 8114 8799 8550
3 8039 8966 8570
3 8793 8927 7939
3 8373 9046 2097
3 8488 9080 7913
3 8087 8681 8499
3 8185 9122 8745
3 8243 9052 8839
3 8690 9130 8276
3 2103 9051 8372
3 8464 8876 7929
3 8373 9001 8010
3 1767 8936 1769
3 8305 9151 8851
3 1492 8701 1494
3 8377 8875 1885
3 2142 8889 2140
3 8495 8651 8040
3 8411 9040 8044
3 7990 8722 8405
3 8486 8691 8009
3 1282 9023 1285
3 8141 8728 8600
3 8584 8728 8141
3 8097 8973 8377
3 8377 8862 8097
3 8133 8828 8588
3 8377 8973 7979
3 7998 8613 8471
3 8387 8964 7923
3 8600 8728 7977
3 2040 8595 2038
3 2032 8597 2031
3 2024 8598 2022
3 8938 9120 8054
3 8164 9095 8599
3 7965 9057 8698
3 7991 9035 8375
3 8619 8713 8190
3 7892 8611 8461
3 8070 8791 8394
3 8531 9031 8039
3 7989 8819 8383
3 1727 9141 1729
3 8905 8952 8192
3 8382 9065 8120
3 8154 8917 8820
3 2248 9081 2246
3 8095 8955 8379
3 8394 9139 8070
3 8376 9120 8938
3 8425 8766 8071
3 8811 9128 8090
3 7967 8593 8530
3 8634 8917 8154
3 8012 8978 8622
3 8583 8845 8093
3 8170 8900 8742
3 8778 8956 8105
3 8506 8623 8041
3 8412 8736 8098
3 8475 9124 7895
3 8537 8578 1302
3 8525 8965 8082
3 8134 9038 8986
3 8381 9155 7881
3 8256 8623 8506
3 8530 8593 8066
3 7871 8635 8584
3 8050 8578 8537
3 8054 8670 8457
3 2251 8610 2248
3 8165 8965 8525
3 8010 8940 8386
3 7891 9073 8625
3 8557 9032 8164
3 8071 8773 8425
3 8044 9040 8421
3 8677 8804 7968
3 8420 8958 8043
3 8620 8815 7949
3 8457 8670 8000
3 8214 8804 8677
3 7905 8639 8460
3 8637 8893 8064
3 7908 8760 8404
3 8404 8761 7984
3 8064 9014 8403
3 7978 8809 8399
3 1478 8853 1481
3 2016 8844 2015
3 8454 8727 8030
3 8403 9026 8064
3 8170 8742 8546
3 7979 8863 8397
3 8099 8907 8437
3 8625 9073 8283
3 8536 9025 1243
3 8145 8624 8521
3 1280 8616 1282
3 7983 9048 8389
3 2238 8637 2237
3 7898 8916 8447
3 8399 8809 8078
3 8253 8823 8785
3 2241 8893 2238
3 8430 8849 7898
3 8505 8697 7861
3 8705 9158 8015
3 8386 8940 8083
3 8566 9056 8167
3 8217 8878 8483
3 8405 8864 8239
3 7884 8985 8562
3 8454 8662 7946
3 7993 8974 8393
3 2052 8934 8386
3 8067 9141 8654
3 8397 8994 7876
3 8041 9002 8575
3 421 8887 8439
3 8443 8843 1481
3 8084 8732 8487
3 8082 8697 8505
3 8527 8718 8028
3 8487 8732 2133
3 8652 9045 8283
3 8441 8892 430
3 8396 8835 8005
3 8098 8971 8387
3 8410 8790 8034
3 8158 8957 8529
3 8521 8624 8075
3 8575 9002 8208
3 7951 9045 8652
3 2000 8660 151
3 1488 8647 1490
3 8466 8703 7986
3 8768 9029 8091
3 8071 8703 8466
3 8078 8870 8399
3 8439 8887 8136
3 8631 9050 8312
3 8785 8823 8157
3 8081 8851 8400
3 8091 9029 8677
3 1285 8735 1286
3 8183 9055 8406
3 2246 8644 2244
3 8045 8661 8462
3 8503 8689 7918
3 8529 8957 7890
3 8139 8892 8441
3 1400 8676 1402
3 8140 8751 8427
3 2145 8854 2142
3 2241 9097 8893
3 8305 9162 9121
3 7879 8958 8420
3 8079 9050 8715
3 8937 8938 7913
3 8658 8903 8109
3 7912 9039 8409
3 2148 9094 2146
3 8067 9037 8419
3 8409 9039 8118
3 8376 8938 8937
3 8399 8870 7867
3 8126 8843 8443
3 85 8627 1399
3 7929 8789 8464
3 8115 9007 8609
3 8429 8729 8029
3 8131 9092 8418
3 7920 8755 8630
3 8558 8933 8168
3 8480 8645 7867
3 2119 8933 8558
3 8409 8863 7979
3 8398 8936 1767
3 8635 8720 8113
3 8502 8673 7915
3 8018 8767 8518
3 8460 8721 7905
3 2243 8913 8434
3 8557 8992 1734
3 8043 8958 8452
3 8884 9094 2148
3 8403 9014 7897
3 8227 8903 8658
3 8851 9151 7984
3 8467 8671 8103
3 8178 8673 8502
3 8000 9061 8416
3 7992 8956 8407
3 8006 9010 8731
3 7982 9026 8403
3 8090 8663 8546
3 8658 9053 8227
3 8522 8899 1295
3 8118 8863 8409
3 8573 8855 8153
3 8135 8899 8522
3 8434 9097 2243
3 8731 9010 8299
3 8065 8902 8428
3 1268 8657 1270
3 8566 9005 1742
3 8105 8982 8431
3 8060 8849 8430
3 8208 9002 8402
3 8423 8868 2146
3 8530 8617 8062
3 1857 8996 1858
3 7917 8855 8573
3 1716 8948 8407
3 7885 8746 8457
3 8524 9145 8019
3 8160 8681 8539
3 8436 8849 8060
3 8201 9145 8524
3 1266 8769 1268
3 8406 9073 7891
3 8481 8672 8011
3 8006 9058 8512
3 8092 9001 8373
3 8143 8810 8510
3 8047 8636 8526
3 8159 9006 8941
3 1725 8654 1727
3 8865 9058 8477
3 7979 8973 8409
3 8526 8636 8256
3 8042 8668 8596
3 8446 8860 8036
3 8171 9049 8748
3 8528 8758 7941
3 8231 8641 8520
3 8074 8975 8689
3 2152 8664 2150
3 8447 8916 8053
3 8611 8722 8083
3 8077 8743 8456
3 8560 8724 7922
3 8472 8904 115
3 8457 8746 8054
3 8079 9099 8724
3 8485 8687 8121
3 1475 8666 1476
3 1698 8651 8495
3 1729 8826 1731
3 8067 9160 8449
3 8638 8793 8111
3 8445 8841 8062
3 8066 8877 8440
3 8449 9037 8067
3 7869 8712 8514
3 8161 8868 8423
3 8159 8941 8711
3 8473 8998 8166
3 8162 8687 8485
3 8555 8649 8029
3 115 8754 8472
3 2045 8674 2043
3 8652 9073 8406
3 1753 8998 8473
3 8617 9164 8062
3 1769 9072 132
3 2037 8675 2034
3 2029 8678 2026
3 8122 8691 8486
3 8520 8641 8063
3 2021 8679 2019
3 8131 9163 8834
3 8533 8811 8090
3 8040 8912 8418
3 1872 8682 1874
3 2127 8683 2124
3 1879 8959 1880
3 8901 9007 8115
3 8518 8767 8091
3 8839 9052 7878
3 8878 8882 7873
3 149 9067 2055
3 1756 8686 1758
3 8518 8830 7908
3 8422 9080 8123
3 8557 8924 8046
3 8630 9130 7920
3 8423 9094 8216
3 8165 8963 8755
3 7998 9110 8424
3 8510 8821 8050
3 8472 8754 8089
3 8418 9092 8040
3 8859 8963 7877
3 1235 8966 1236
3 2040 9084 8595
3 8595 9083 2038
3 2032 9087 8597
3 8597 9086 2031
3 2024 9090 8598
3 8598 9089 2022
3 7996 8873 8562
3 8046 9032 8557
3 8595 9084 8232
3 8597 9087 8234
3 7913 9080 8422
3 8233 9083 8595
3 8598 9090 8236
3 8235 9086 8597
3 8237 9089 8598
3 8449 9088 8640
3 8421 9040 7880
3 8424 8985 7884
3 8562 8873 8252
3 8502 9118 8003
3 8542 8653 8047
3 7996 9024 8422
3 8276 9130 8630
3 8444 8949 8099
3 7994 8949 8444
3 9093 9133 8214
3 8186 9161 8782
3 8289 8653 8542
3 8334 8963 8859
3 8428 8902 7902
3 8090 8742 8533
3 8168 8933 8458
3 8533 8742 7927
3 139 8840 1857
3 8578 9021 8273
3 8458 8933 2121
3 7978 8800 8448
3 1404 8709 1407
3 8566 8944 8051
3 8470 8747 8003
3 115 8904 1475
3 1880 8959 8501
3 8632 8638 7916
3 8442 8949 7994
3 8042 8719 8587
3 7991 8864 8433
3 8444 8981 7994
3 8108 8638 8632
3 8429 8968 8146
3 8160 9152 8507
3 8127 9064 8468
3 8594 9136 8215
3 8434 8913 8155
3 8101 8947 8504
3 8501 8959 8063
3 8043 8629 8559
3 8154 9078 8634
3 2159 8723 2157
3 8265 9038 8729
3 8062 8852 8445
3 8433 9035 7991
3 8492 8781 8087
3 8618 9012 8295
3 8443 8853 8109
3 8468 8775 8127
3 2244 8913 2243
3 8254 9097 8434
3 8045 8621 8581
3 2133 8732 2130
3 8624 8993 8075
3 8085 9035 8433
3 8572 9146 8038
3 8482 8946 8378
3 7866 8907 8442
3 2051 8739 2048
3 8650 8669 8001
3 1763 8741 1764
3 8051 9056 8566
3 1257 8781 8492
3 8528 8990 8262
3 2243 9097 2241
3 8303 9156 8532
3 8062 9164 8852
3 8467 8942 7918
3 8061 9077 8515
3 8122 8669 8650
3 8474 8780 7933
3 8508 8746 7885
3 7912 8796 8517
3 8063 8959 8520
3 8477 8784 2223
3 8538 9162 8305
3 1534 8754 115
3 8451 8906 7999
3 8224 9128 8811
3 8539 8681 8087
3 8103 8942 8467
3 8279 9136 8707
3 8148 9132 8448
3 8074 9042 8700
3 8072 9023 8616
3 8182 9101 8445
3 8469 8807 1250
3 8166 8998 8567
3 8162 8777 8687
3 8333 9117 8832
3 8567 8998 1750
3 8287 8918 8846
3 8665 8697 8082
3 8846 8918 8130
3 8584 8635 8049
3 8503 8744 8266
3 8004 9152 8469
3 8742 8900 7927
3 8129 8697 8665
3 8455 8917 7868
3 8687 8777 7870
3 8461 9001 8092
3 8146 9079 8529
3 8450 9004 8198
3 2094 9067 149
3 7962 9157 8452
3 7902 9037 8449
3 8078 8848 8618
3 8832 9117 7887
3 8683 9028 2124
3 8682 9112 1874
3 1718 8778 1721
3 8459 8901 8115
3 7918 8744 8503
3 8674 9084 2043
3 2037 9083 8675
3 8675 9087 2034
3 2029 9086 8678
3 8678 9090 2026
3 8656 9011 8489
3 1255 8781 1257
3 2021 9089 8679
3 8679 9091 2019
3 2115 8783 2112
3 132 9072 2105
3 2146 8868 2145
3 8884 9059 8216
3 8498 9014 8064
3 8034 8876 8464
3 8808 8947 8298
3 7940 9136 8594
3 9121 9162 7885
3 2219 9018 2216
3 7944 8947 8808
3 8574 8846 8130
3 1236 8923 1239
3 1749 8857 8567
3 8567 8857 8057
3 8010 9001 8461
3 7925 8846 8574
3 2230 8822 2228
3 8075 9018 8521
3 2101 8798 2099
3 8507 9152 8004
3 8096 9127 8577
3 8585 8756 7934
3 8487 8815 8084
3 8749 8782 7963
3 7889 8736 8569
3 1272 8867 1274
3 8073 8806 8630
3 2007 8816 2004
3 8214 9133 8804
3 8183 9074 8454
3 9085 9118 8149
3 8186 8782 8749
3 1885 8875 1886
3 8574 8763 7925
3 8707 9136 7940
3 8087 8827 8492
3 8087 8781 8539
3 1700 8834 1702
3 8102 8911 8819
3 8467 8975 8140
3 8784 9159 2221
3 8546 8742 8090
3 8496 8828 8020
3 8990 9155 8262
3 8132 9048 8607
3 8483 8878 8171
3 8759 8986 8265
3 8893 9097 8254
3 8100 8763 8574
3 1481 8843 1482
3 8650 8708 8122
3 8539 8781 1255
3 7938 8986 8759
3 8509 9047 8138
3 8562 8985 8144
3 8163 8831 8710
3 7876 9047 8509
3 1530 8950 1533
3 113 9126 1530
3 2015 8953 2013
3 2227 8865 2225
3 7927 8946 8482
3 8793 9019 8111
3 8132 8974 8688
3 8361 9041 8943
3 8943 9041 7969
3 419 8887 421
3 7906 8821 8510
3 430 8892 433
3 8093 8856 8639
3 1295 8899 1297
3 8240 8780 8547
3 8003 9118 8470
3 8281 8833 8525
3 8006 9143 8477
3 8579 8971 7889
3 8096 8969 8499
3 8700 8751 8140
3 8035 9124 8475
3 7924 8751 8700
3 8600 9119 8141
3 7923 8805 8710
3 8525 8833 8165
3 8534 8950 8104
3 8529 9079 8005
3 424 8914 426
3 8293 8912 8707
3 8477 9058 8006
3 8544 8789 8222
3 8091 8830 8518
3 8710 8805 8163
3 2121 8933 2119
3 8050 8821 8642
3 8633 9036 7936
3 8121 9010 8512
3 8598 9111 8237
3 8597 9108 8235
3 8595 9107 8233
3 8707 8912 8040
3 8512 9010 8006
3 8129 9036 8515
3 8123 9080 8488
3 8733 8866 8184
3 8415 9095 9032
3 9032 9095 8164
3 8505 8858 8082
3 8517 9039 7912
3 8146 8968 8577
3 8665 8965 7920
3 8509 9008 8106
3 8057 9069 8567
3 8567 9069 8166
3 8101 9033 8947
3 7947 8903 8788
3 8644 8913 2244
3 8720 8805 8113
3 8524 8822 2230
3 8620 9062 8199
3 7949 9062 8620
3 8134 9134 8555
3 8788 8903 8227
3 8577 8968 7937
3 8163 8805 8720
3 8749 8896 8186
3 8920 8945 8260
3 8576 8777 8100
3 8082 8858 8525
3 1734 8992 1736
3 9044 9069 8414
3 8166 9069 9044
3 1750 8998 1753
3 1240 8817 8536
3 415 8991 416
3 7873 9049 8878
3 1742 9005 1745
3 1243 9025 1244
3 8485 9099 8162
3 435 8995 436
3 8596 8725 8042
3 7921 9070 8499
3 8489 9011 8013
3 7870 8777 8576
3 8177 8803 8667
3 2124 9028 2123
3 7959 8838 8532
3 7920 8717 8665
3 8413 9066 9056
3 1262 9134 1264
3 9056 9066 8167
3 8775 8908 8127
3 8585 8752 8049
3 8847 8911 8102
3 1692 9114 1694
3 8046 8713 8619
3 1246 9123 1248
3 8657 8769 8128
3 8108 8883 8556
3 8620 9052 8243
3 1533 8950 8534
3 8258 8911 8847
3 8584 8951 7871
3 1874 9112 1877
3 2038 9083 2037
3 2043 9084 2040
3 2031 9086 2029
3 2034 9087 2032
3 2022 9089 2021
3 2026 9090 2024
3 2019 9091 2016
3 8556 8883 7888
3 8845 8856 8093
3 8560 8823 8253
3 8538 8895 7961
3 8901 9161 7934
3 1274 8867 8554
3 8230 8856 8845
3 8801 9113 7957
3 1268 8769 8657
3 8009 9105 8486
3 8626 8972 8267
3 8141 8951 8584
3 8155 8913 8644
3 8588 9100 8133
3 8947 9033 8298
3 8040 9092 8495
3 8726 8829 8138
3 8642 8821 8246
3 8614 9018 8075
3 8495 9092 8131
3 7995 8982 8500
3 8859 9100 8334
3 8182 8921 8762
3 7870 8922 8541
3 8562 9024 7996
3 8024 8983 8516
3 8173 8743 8714
3 8714 8743 8077
3 8591 8902 8065
3 8051 8738 8612
3 8144 9024 8562
3 8499 9070 8096
3 8089 8708 8650
3 7925 8763 8715
3 8111 9019 8505
3 8609 8805 7923
3 8182 9096 8493
3 8763 8777 8162
3 7922 8823 8560
3 8100 8777 8763
3 8541 8922 8107
3 8760 9059 8068
3 8113 8805 8609
3 8057 8753 8605
3 8535 9082 7914
3 8684 8773 8071
3 8644 8932 8155
3 8572 8847 8102
3 8516 9003 8024
3 8016 8970 8517
3 8078 9020 8848
3 7951 8945 8920
3 8249 8932 8644
3 8605 9142 7899
3 8197 9142 8605
3 8519 9078 7917
3 8827 8969 7937
3 8715 8763 8162
3 8277 9113 8801
3 9088 9160 7995
3 7928 8847 8572
3 8449 9160 9088
3 8015 9158 8511
3 8520 8959 1879
3 7869 9127 8712
3 7930 8842 8711
3 8711 8842 8159
3 8090 9128 8663
3 8895 9071 7961
3 8677 9150 8091
3 8191 8871 8768
3 8768 8871 7875
3 8554 8867 8117
3 8511 9060 7916
3 8665 8717 8129
3 8593 8877 8066
3 8120 8776 8717
3 8521 9018 2219
3 8515 9077 7861
3 8216 9094 8884
3 8787 9139 8291
3 8070 9139 8787
3 8141 9119 8951
3 8032 9109 8589
3 8612 9138 7900
3 8194 9138 8612
3 8609 9007 8113
3 8609 8837 8115
3 8163 9135 8831
3 8951 9119 8355
3 8205 8990 8528
3 7923 8837 8609
3 8029 9038 8555
3 2216 9018 8614
3 8534 8983 8024
3 8555 9038 8134
3 8630 8755 8073
3 8258 8847 8740
3 8113 8756 8635
3 8740 8847 7928
3 8300 9071 8895
3 8104 8983 8534
3 8565 8879 8175
3 8076 8759 8757
3 8759 9096 7938
3 8036 8860 8646
3 8757 8759 8265
3 7865 9103 8685
3 8685 9103 8225
3 8181 9154 8592
3 8361 8943 8601
3 7959 9104 8838
3 8601 8943 8151
3 8070 8787 8695
3 8521 9159 8145
3 8838 9104 8294
3 7931 9031 8531
3 7963 8799 8749
3 8577 8969 8096
3 1733 8924 8557
3 8583 9075 7957
3 8101 8927 8556
3 8619 9131 7901
3 8190 9131 8619
3 8569 9098 7889
3 8230 8842 8602
3 8602 8842 7930
3 8556 9033 8101
3 8592 9154 7960
3 8144 9110 8937
3 8153 9098 8569
3 1858 8996 8548
3 8050 9021 8578
3 7889 8971 8736
3 8601 8981 8444
3 8150 9049 8589
3 8550 9015 8114
3 8693 8960 7942
3 8173 8960 8693
3 8589 9049 7873
3 8283 9045 8881
3 1741 8944 8566
3 8091 9150 8830
3 8640 9088 8218
3 8532 9156 8252
3 8696 8955 8095
3 8108 8793 8638
3 7952 8885 8748
3 8881 9045 8152
3 7889 9098 8544
3 8748 8885 8171
3 8191 8768 8767
3 8767 8768 8091
3 8255 9162 8538
3 8786 8891 8183
3 8693 9006 8308
3 7942 9006 8693
3 8592 9155 8381
3 7932 8879 8623
3 8104 8950 8667
3 8207 8773 8684
3 8627 8818 1399
3 8561 9030 8026
3 8125 8871 8861
3 8287 8846 8631
3 7888 9033 8556
3 8551 9113 8277
3 8987 9102 7958
3 8343 9102 8987
3 7919 8888 8603
3 8622 8978 8116
3 8124 9030 8561
3 8670 9061 8000
3 8631 8846 7925
3 8555 9134 1262
3 8618 8848 7915
3 8283 8881 8625
3 8570 8966 1235
3 8603 8888 8107
3 8222 9129 8874
3 7881 9155 8990
3 8582 8957 8158
3 7924 9042 8580
3 8625 8881 8033
3 8667 8803 8104
3 8054 9120 8670
3 8130 8997 8574
3 8083 8940 8611
3 8136 8977 8873
3 8717 8776 8129
3 8670 9120 8200
3 8157 9058 8865
3 7937 8969 8577
3 8873 8977 8252
3 8230 8976 8842
3 8842 8976 8159
3 8387 8971 8579
3 8760 8761 8404
3 8861 8871 8191
3 8880 8984 8139
3 8068 8761 8760
3 8113 9007 8756
3 8814 9043 7943
3 8120 9065 8776
3 8204 8980 8581
3 8255 8984 8880
3 8026 9030 8573
3 8177 9129 8803
3 8599 8992 8164
3 1736 8992 8599
3 8203 9115 8695
3 8695 9115 8070
3 8788 9063 8110
3 8110 8945 8652
3 8891 9055 8183
3 8646 8860 8270
3 8604 9005 8167
3 8580 9042 8297
3 1745 9005 8604
3 7871 8951 8680
3 8110 9063 8825
3 8680 8951 8355
3 1530 9126 8667
3 8148 9082 9003
3 7957 9113 8813
3 8749 8799 8114
3 2238 8893 8637
3 8710 8831 8098
3 8125 8861 8711
3 8205 9013 8795
3 8151 8981 8601
3 8987 9093 8174
3 8102 9146 8572
3 9106 9153 8290
3 8629 9157 8318
3 8124 8829 8726
3 8093 9075 8583
3 8119 8814 8813
3 8813 8814 8176
3 8795 9013 7972
3 8589 9109 8150
3 8698 9057 8137
3 8315 8967 8647
3 7923 8964 8837
3 8664 8884 2150
3 7972 8898 8795
3 8795 8898 8170
3 8714 9016 8173
3 7865 9016 8714
3 8897 9134 8134
3 8133 9144 9068
3 8941 9006 7942
3 8311 9020 8809
3 8809 9020 8078
3 8283 9073 8652
3 7916 9034 8632
3 8643 9022 8022
3 7925 9050 8631
3 8150 9022 8643
3 8859 9144 8133
3 8711 8861 7930
3 8174 9093 8890
3 7958 9133 9093
3 8007 8962 8764
3 8685 8939 7865
3 8661 8980 7941
3 8659 8968 8429
3 8774 9131 8346
3 7937 8968 8659
3 7901 9131 8774
3 8616 9023 1282
3 8311 9085 9020
3 8157 8865 8785
3 8250 8876 8790
3 8785 8865 2227
3 8845 8976 8230
3 7914 9082 8716
3 7874 8976 8845
3 7919 8993 8624
3 8764 8962 8180
3 9020 9085 8149
3 8790 8876 8034
3 8820 8855 8154
3 8118 8994 8863
3 8232 9107 8595
3 8652 8945 7951
3 8234 9108 8597
3 8236 9111 8598
3 8863 8994 8397
3 8776 9036 8129
3 8106 8866 8733
3 8262 9155 8592
3 8828 9068 8020
3 8647 8967 8179
3 8915 9076 8242
3 8667 8950 1530
3 8909 8919 8135
3 8211 8919 8909
3 7994 8981 8694
3 8694 8981 8151
3 7890 8957 8757
3 8210 9011 8656
3 8772 9138 8352
3 8147 9158 8705
3 7900 9138 8772
3 8179 8967 8782
3 8199 9052 8620
3 8610 9081 2248
3 8939 9016 7865
3 8082 8965 8665
3 8127 8939 8685
3 8782 8967 7963
3 7945 9163 8750
3 8676 9125 8338
3 7987 9128 8779
3 8779 9128 8224
3 8114 8896 8749
3 8771 9142 8357
3 8717 9130 8120
3 7899 9142 8771
3 8642 9021 8050
3 2013 8953 8704
3 8711 8941 8125
3 8469 9152 8807
3 8879 8929 8175
3 8260 8945 8825
3 8700 9042 7924
3 9003 9132 8148
3 8825 8945 8110
3 8153 8855 8820
3 8126 8891 8786
3 8228 9016 8939
3 8140 8975 8700
3 2016 9091 8844
3 8700 8975 8074
3 8844 9091 8238
3 7903 9164 8617
3 8907 8949 8442
3 8318 9116 8765
3 8765 9116 8059
3 8736 8971 8098
3 8762 8921 8128
3 8176 9153 9106
3 8854 8868 8161
3 7920 9130 8717
3 2145 8868 8854
3 8677 9029 8214
3 8228 8939 8908
3 8908 8939 8127
3 8215 9136 8954
3 8970 9039 8517
3 8198 9125 8676
3 8954 9136 8279
3 8810 9137 7964
3 7932 8929 8879
3 7875 9029 8768
3 8454 9074 8727
3 8292 8886 8883
3 8200 9061 8670
3 8012 9012 8988
3 8883 8886 7888
3 8175 8929 8885
3 8988 9012 8251
3 8727 9074 7891
3 8882 8894 8137
3 8706 9043 8119
3 8217 8894 8882
3 8070 9115 8791
3 8791 9115 8348
3 8685 9064 8127
3 8654 9141 1727
3 8273 9043 8706
3 7939 9019 8793
3 8322 9027 8735
3 8663 9128 7987
3 8173 9016 8960
3 8145 9143 8731
3 8898 8900 8170
3 8172 8900 8898
3 8960 9016 8228
3 8715 9050 7925
3 8735 9027 8203
3 8848 9020 8149
3 8199 9062 8935
3 8935 9062 8244
3 8667 9126 8177
3 8890 9029 7875
3 8214 9029 8890
3 8756 9007 7934
3 7882 9063 9053
3 8715 9099 8079
3 8729 9038 8029
3 7947 9055 8891
3 7877 8963 8833
3 8803 9129 7929
3 8162 9099 8715
3 8833 8963 8165
3 8825 9063 7882
3 7968 9150 8677
3 8885 8929 8171
3 8716 9082 8148
3 7938 9096 8762
3 8762 9096 8182
3 8477 9143 8784
3 8837 8964 8264
3 8748 9049 8150
3 8900 8946 7927
3 8831 9135 7933
3 8858 9019 7939
3 8961 9106 8290
3 7934 9007 8901
3 8905 8991 415
3 436 8995 8910
3 8784 9143 8145
3 8712 9127 8096
3 8172 8946 8900
3 8192 8991 8905
3 7917 9078 8855
3 8424 9110 8985
3 8099 8949 8907
3 7936 9036 8776
3 8910 8995 8196
3 8731 9143 8006
3 8745 9122 8156
3 8855 9078 8154
3 8119 9043 8814
3 8776 9065 7936
3 8227 9063 8788
3 8952 9104 8192
3 9053 9063 8227
3 8505 9019 8858
3 8294 9104 8952
3 8844 9140 8316
3 8238 9140 8844
3 8750 9163 8131
3 8841 9101 7872
3 8445 9101 8841
3 8830 9150 8335
3 8133 9068 8828
3 8339 9137 8824
3 8824 9137 8143
3 7943 9153 8814
3 7958 9093 8987
3 8204 8999 8980
3 8980 8999 7941
3 8196 9071 8926
3 8782 9161 8179
3 8926 9071 8300
3 8804 9133 8161
3 8145 9159 8784
3 8143 9137 8810
3 8916 9149 8365
3 8999 9013 8205
3 7898 9149 8916
3 8807 9152 8160
3 8814 9153 8176
3 8954 9114 8215
3 8204 9013 8999
3 8133 9100 8859
3 9068 9144 8221
3 8852 9164 8321
3 8890 9093 8214
3 1694 9114 8954
3 8168 9076 8915
3 8118 9039 8970
3 8874 9129 8177
3 7877 9144 8859
3 9004 9125 8198
3 1264 9134 8897
3 8511 9158 9060
3 9145 9147 8278
3 8150 9109 9022
3 7874 9106 8961
3 8201 9147 9145
3 8985 9110 8144
3 9022 9109 8327
3 7981 9125 9004
3 9121 9151 8305
3 9060 9158 8147
3 8195 9151 9121
3 2255 2253 9696
3 9454 9258 9801
3 9201 9519 9673
3 9563 9324 9794
3 9264 9488 10188
3 9246 9521 9644
3 9202 9522 9677
3 9444 9183 9671
3 9598 9314 9718
3 9493 9234 9655
3 9287 9493 9655
3 1650 1652 9562
3 9521 9293 9644
3 2255 9696 9826
3 9203 9526 9683
3 9555 1617 9881
3 9265 9499 10192
3 9287 9474 10075
3 9350 9479 10015
3 9319 9467 9818
3 9620 9232 10234
3 9253 9543 9577
3 9266 9508 10196
3 1802 9456 9996
3 9574 9385 9938
3 9921 9632 10182
3 9258 9454 9648
3 9330 9472 9845
3 9267 9512 10197
3 9225 9448 9687
3 9216 9527 9856
3 9224 9450 9679
3 9753 9442 10046
3 9259 9563 10250
3 9563 10104 10250
3 9302 9575 9592
3 9685 9309 9778
3 9206 9636 9751
3 9636 9360 9751
3 9519 9267 10197
3 9522 9266 10196
3 9468 9233 10034
3 9528 9252 9580
3 9526 9265 10192
3 9897 9484 9911
3 9548 2164 9691
3 9530 9264 10188
3 9603 9363 9750
3 9289 9603 9750
3 9375 9558 9694
3 9562 1652 9989
3 9493 9287 10075
3 9183 9444 10013
3 9382 9632 9921
3 9491 9285 9618
3 9822 2286 9995
3 9489 9235 10096
3 9191 9592 9682
3 9330 9452 9897
3 1828 122 9549
3 9392 9685 9778
3 9607 9194 9738
3 9235 9495 10096
3 144 2286 9822
3 9287 9655 9661
3 9601 9292 9724
3 9484 9200 9724
3 9371 9601 9724
3 9662 9207 9741
3 9285 9491 9890
3 9456 1802 9948
3 9292 9484 9724
3 9524 9190 9618
3 9572 2278 10020
3 9361 9662 9741
3 9233 9481 10034
3 9606 9806 10187
3 9607 9738 9999
3 9478 9185 9650
3 9599 9291 9736
3 9369 9599 9736
3 9565 9259 9579
3 9637 9215 9912
3 9448 9225 9846
3 9466 9225 9687
3 9279 9466 9687
3 9452 9297 9747
3 9297 9452 9785
3 9285 9524 9618
3 2278 2276 10020
3 9452 9330 10042
3 9450 9224 9861
3 9485 1449 9800
3 9187 9731 9781
3 9637 9912 10117
3 9490 1158 9956
3 9446 9574 10253
3 9168 9457 9997
3 9303 9534 9739
3 9228 9478 9957
3 9250 9542 9621
3 9290 9753 10046
3 9466 9279 9770
3 1123 9518 9866
3 1617 1619 9881
3 9454 9302 9820
3 9641 1440 9955
3 9246 9574 9938
3 9671 9183 9681
3 9933 9450 10207
3 9480 9305 9782
3 9901 9672 10054
3 9516 9261 9619
3 9200 9484 9897
3 9517 9332 9838
3 9173 9517 9838
3 9335 9525 9906
3 9225 9462 10108
3 9182 9503 9972
3 1440 1442 9955
3 9709 9321 9728
3 9574 9446 10107
3 9372 9709 9728
3 9606 9323 9806
3 9356 9933 10207
3 2274 2272 10332
3 9504 9283 9901
3 9913 2274 10332
3 9474 9287 10080
3 9330 9897 9911
3 9718 9314 9849
3 10090 10373 10375
3 9530 9250 9886
3 9232 9620 9953
3 9305 9480 10134
3 9554 9339 9940
3 9672 9235 10054
3 10373 9254 10375
3 1424 9825 9898
3 9339 9554 9943
3 9175 9544 9884
3 9494 9332 10066
3 9302 9454 10048
3 2186 2184 9535
3 110 1424 9898
3 9561 9170 9609
3 9349 9513 9722
3 9302 9553 9609
3 9563 9794 10083
3 9235 9489 9837
3 9264 9530 9839
3 9512 9267 9740
3 9495 9235 9672
3 9843 9445 9970
3 9469 9303 9803
3 9365 9537 9982
3 9472 9330 9911
3 9536 9363 9980
3 9366 9539 9986
3 9538 9365 9982
3 9368 9541 9987
3 9540 9366 9986
3 9542 9368 9987
3 9229 9472 9911
3 9472 9229 9863
3 9224 9660 9861
3 9604 9277 9693
3 9208 9810 10076
3 9513 9763 10168
3 9561 9255 9608
3 9660 9401 9861
3 9168 9504 9706
3 9303 9469 9764
3 9489 9166 9700
3 9172 9470 9757
3 9457 9168 9931
3 9484 9292 10185
3 9542 9250 9629
3 9467 9319 9871
3 9838 9332 10236
3 1158 9490 9824
3 9497 9286 9721
3 9233 9468 9929
3 9347 9529 9707
3 1620 9626 9881
3 9506 9298 9758
3 9526 9249 9683
3 9354 9877 9896
3 9462 9225 9961
3 9520 1427 9869
3 9262 9533 9824
3 9550 9165 9917
3 9763 9171 10168
3 9886 9250 10154
3 9225 9466 9794
3 9301 9710 9720
3 9480 9304 9815
3 9248 9677 10196
3 2193 9853 10162
3 9368 9542 9629
3 9249 9526 10192
3 9575 9272 9592
3 9523 9263 10359
3 9332 9517 10066
3 9677 9522 10196
3 9549 122 10195
3 9286 9497 10092
3 9447 9620 10234
3 1449 9485 9766
3 10243 9615 10378
3 9856 9527 10393
3 9354 9726 9877
3 9247 9673 10197
3 9247 9537 9673
3 9546 1442 10327
3 9482 9863 10310
3 9397 9646 9873
3 9304 9480 10244
3 9854 9376 10106
3 9248 9539 9677
3 9511 9296 10397
3 9574 9246 10253
3 9504 9279 9706
3 9366 9540 9638
3 9261 9516 9730
3 9646 9178 9873
3 9673 9519 10197
3 9249 9541 9683
3 9479 9313 9760
3 9264 9839 10167
3 9691 134 9858
3 9185 9478 9946
3 9252 9528 10094
3 9490 9361 9741
3 9661 9655 10040
3 9223 9843 9970
3 9909 9448 9952
3 1826 9783 9969
3 9278 9527 10037
3 9599 1656 9667
3 10314 9610 10385
3 9535 9240 9990
3 9504 9168 9997
3 9313 9479 9965
3 9503 9182 10056
3 9693 9277 10126
3 9591 9442 9753
3 2193 2190 9853
3 9492 9317 9840
3 9365 9538 9645
3 9470 9172 10225
3 9421 9792 9840
3 9290 9486 9753
3 1430 9615 10243
3 9478 9228 10010
3 9167 9479 9771
3 9567 9262 9746
3 9402 9691 9858
3 9302 9592 10166
3 9179 9576 10123
3 9792 9220 9840
3 1590 9510 10195
3 9363 9536 9647
3 9906 9525 10190
3 2186 9535 9689
3 9190 9580 9935
3 9265 9526 10377
3 1619 1620 9881
3 9784 9523 10359
3 9505 9610 10314
3 9675 9263 10092
3 9486 9290 9765
3 9497 9675 10092
3 9255 9561 10307
3 9671 9681 10136
3 9166 9489 9976
3 1442 1445 10327
3 9513 9337 9722
3 9725 9300 9748
3 9370 9725 9748
3 9647 9247 10197
3 9479 9350 9910
3 9764 9208 10076
3 9863 9482 10155
3 9250 9530 10188
3 9479 9760 10015
3 9375 9694 10095
3 2180 2178 9566
3 9481 9233 10016
3 9548 9307 10335
3 9948 9306 10138
3 9645 9248 10196
3 9281 9976 10096
3 1964 9603 9665
3 9512 9647 10197
3 9576 10072 10123
3 2164 134 9691
3 9698 9200 9747
3 9288 9503 9837
3 9266 9522 10348
3 9682 9592 10060
3 9267 9562 9740
3 9638 9249 10192
3 9479 9167 9965
3 9360 9509 9751
3 9537 9365 9673
3 9508 9645 10196
3 9731 9350 9781
3 9246 9644 10253
3 9523 9286 10092
3 9519 9201 9712
3 9644 9531 10253
3 9310 9485 9800
3 9279 9504 10012
3 9270 9596 9620
3 9369 9562 9989
3 9525 9335 9878
3 9596 9316 9620
3 9348 9909 9952
3 9183 9567 9746
3 9499 9638 10192
3 9539 9366 9677
3 9404 9954 9991
3 9522 9202 9711
3 9232 9485 9834
3 9485 9310 9834
3 9524 9285 9698
3 9361 9490 9956
3 9432 9704 10027
3 9629 9250 10188
3 9317 9492 10144
3 9739 9534 10223
3 9740 10124 10428
3 9296 9511 9771
3 9710 9337 9720
3 9485 9232 9876
3 9541 9368 9683
3 9267 9519 10316
3 9595 9285 9890
3 9483 9322 9808
3 9283 9504 9997
3 9488 9629 10188
3 9425 9838 10236
3 9511 9167 9771
3 9322 9483 9826
3 9526 9203 9717
3 9752 9281 10096
3 477 478 9612
3 1317 1318 9623
3 473 475 9611
3 9262 9824 10224
3 9745 9421 9840
3 9679 9408 10073
3 9791 9439 10037
3 9569 9337 9710
3 9763 9513 9962
3 9630 9317 9749
3 9335 9630 9749
3 9623 1318 10001
3 9332 9494 9935
3 9221 9569 9710
3 9268 9548 9691
3 2176 9674 9937
3 9289 9545 9699
3 9510 1590 9787
3 9578 9377 9733
3 1650 9562 9774
3 9234 9493 10111
3 9705 1925 10242
3 9488 9264 10004
3 9703 9228 9928
3 9262 9605 9746
3 9987 9541 10367
3 9986 9539 10365
3 9982 9537 10363
3 9542 9987 10370
3 1809 1811 9574
3 9540 9986 10368
3 9538 9982 10366
3 9536 9980 10364
3 9810 10235 10277
3 9554 9192 9709
3 9503 9288 9972
3 9508 9266 10045
3 1162 1165 9579
3 9512 9740 10428
3 9416 9703 9928
3 9499 9265 10030
3 9545 9198 9736
3 9504 9901 10012
3 9495 9752 10096
3 9208 9501 9810
3 98 9577 10334
3 9312 9510 9787
3 9372 9554 9709
3 9562 9267 9774
3 9704 9166 10027
3 9695 1601 10249
3 9182 9972 10104
3 9167 9511 10340
3 9491 1607 9890
3 9698 9747 10082
3 9198 9545 9750
3 10080 9287 10227
3 9699 9193 9907
3 9473 9651 10136
3 9547 9327 9715
3 9317 9745 9840
3 9806 9415 10187
3 1607 9491 10163
3 9558 9290 9694
3 9636 9396 10072
3 9510 9312 9835
3 9976 9489 10096
3 9651 9273 10136
3 9580 9844 9935
3 9376 9811 10106
3 9600 9349 9633
3 9286 9523 9812
3 9501 9208 9855
3 9408 9679 10279
3 9777 9442 9922
3 9631 9208 9764
3 9525 9878 10200
3 9622 9264 9635
3 9509 9360 10101
3 9338 9777 9922
3 9307 9762 10335
3 9391 9716 10044
3 9291 9545 9736
3 9655 9234 10113
3 1201 98 10334
3 9290 9558 9765
3 9465 9655 10113
3 9517 9173 9789
3 9547 10080 10227
3 9298 9506 9857
3 9526 9717 10377
3 9299 9626 9735
3 9626 9374 9735
3 2206 2205 9604
3 9292 9941 10291
3 9587 9187 9781
3 9263 9523 10092
3 9884 9544 10172
3 2180 9566 9732
3 9602 9344 9703
3 9699 9907 10017
3 9424 9634 9921
3 473 9611 9742
3 2213 2211 9585
3 9211 9694 9777
3 9612 478 9743
3 9917 9165 10184
3 9190 9524 10018
3 9528 9822 10094
3 10080 9227 10081
3 9756 9230 9804
3 9496 9833 10061
3 9249 9638 10389
3 9391 9756 9804
3 9757 9419 9950
3 9761 9193 9977
3 9545 9289 9750
3 1430 1432 9615
3 9248 9645 10386
3 1120 1123 9866
3 9638 9540 10389
3 1930 9769 10026
3 2206 9604 9693
3 2176 2175 9674
3 9835 9424 10213
3 9527 9278 10109
3 9251 10314 10385
3 477 9612 10180
3 1320 1322 9583
3 9520 9390 9993
3 9247 9647 10384
3 9611 475 10180
3 1930 1929 9769
3 9545 9291 10145
3 9284 9586 9981
3 9653 9441 10200
3 9513 9349 9962
3 1609 1611 9595
3 9170 9561 10230
3 1655 1656 9599
3 9203 9683 10070
3 9887 9260 10271
3 9645 9538 10386
3 1612 1614 9601
3 1427 9520 9993
3 9269 9600 10344
3 9646 9397 9669
3 9291 9599 9667
3 9396 9636 9947
3 9296 9668 10397
3 1800 1802 9996
3 9222 9788 10218
3 9261 9730 10090
3 9739 9414 9803
3 9202 9677 10069
3 9337 9513 10168
3 9275 9587 9781
3 9300 10326 10391
3 9564 9184 9900
3 9467 9871 10024
3 1964 1962 9603
3 9647 9536 10384
3 9833 9314 10061
3 9390 9520 10302
3 9810 9501 10235
3 9553 9302 10166
3 9878 9237 10200
3 9603 9289 9665
3 9292 9581 10185
3 9216 9791 10037
3 9201 9673 10068
3 9476 10243 10378
3 9690 9300 10391
3 9385 9574 9979
3 1828 9549 9783
3 9562 9369 9740
3 9529 9347 9951
3 9548 9268 10129
3 144 9528 9785
3 9567 9183 10013
3 9689 9535 9990
3 1926 1925 9705
3 9803 9414 10148
3 9358 9757 9950
3 9555 9299 10291
3 9941 9555 10291
3 9600 9633 10344
3 9308 9664 10317
3 9331 9584 9882
3 9614 9308 10317
3 9678 468 10157
3 1656 1659 9667
3 9409 9814 9882
3 9773 9306 9948
3 9342 9518 9998
3 1599 1601 9695
3 9663 9309 10321
3 9588 9410 10290
3 9301 9642 9710
3 9533 9262 10100
3 9921 9634 10407
3 482 9680 10159
3 9309 9617 10321
3 9627 9266 9903
3 9518 9342 9828
3 9625 9265 9894
3 1158 1161 9956
3 9535 2184 9865
3 466 468 9678
3 9260 9887 10277
3 9801 9258 10164
3 9600 9269 10198
3 9725 9195 10144
3 9292 9601 9941
3 9730 9453 10090
3 10137 9798 10425
3 10002 9422 10014
3 482 484 9680
3 9278 10037 10252
3 9522 9711 10348
3 1967 1964 9665
3 9615 1432 10312
3 1445 10050 10327
3 9725 10144 10326
3 9184 9564 9872
3 9566 9242 9951
3 9534 9303 10387
3 9176 9921 10182
3 9729 10206 10284
3 9191 9553 10166
3 9553 9255 10307
3 9564 9268 9872
3 9425 9639 9827
3 9257 9680 10352
3 9658 9404 9991
3 9535 9865 10023
3 9388 9769 9802
3 9769 9329 9802
3 9543 1198 10334
3 9543 9318 9832
3 9193 9778 9977
3 9533 9311 9798
3 9624 9275 9781
3 9821 9471 9930
3 9204 9530 9886
3 10235 9260 10277
3 9871 9231 10024
3 9672 9283 9734
3 9224 9679 10073
3 9181 9529 9809
3 9472 9705 10242
3 9659 1797 10257
3 9518 1123 9998
3 9400 9573 10106
3 9467 9695 10249
3 9528 144 9822
3 9319 10163 10285
3 9189 9578 9733
3 9783 9387 9969
3 9995 2285 10296
3 9733 9305 10134
3 9468 9633 10209
3 9716 9391 10109
3 9639 9425 10236
3 9633 9205 10209
3 9521 9246 9938
3 122 1589 10195
3 9824 9490 10224
3 9588 9305 10006
3 9754 9333 9825
3 9307 9548 10129
3 9729 9217 10206
3 9339 9546 9817
3 9390 9754 9825
3 9589 9284 9701
3 9814 9331 9882
3 1797 1798 10257
3 9243 9739 10223
3 9293 9521 9927
3 9788 9444 10218
3 9712 9201 9905
3 9527 9216 10037
3 9711 9202 9908
3 9798 9311 10425
3 9678 9256 10383
3 9712 9905 10350
3 9441 9653 10258
3 9553 9191 9796
3 9311 9533 10100
3 9422 9582 10014
3 9649 9328 9970
3 2257 2255 9826
3 9717 9203 9918
3 9957 9478 10311
3 10106 9573 10382
3 9587 9384 9819
3 9865 9347 10023
3 9530 9204 9839
3 9192 9554 9940
3 9271 9646 9669
3 9782 9588 10290
3 9544 9175 10067
3 9701 9284 9981
3 1198 9543 9832
3 1145 1147 9675
3 10089 9600 10198
3 9631 9764 10273
3 9754 9390 9929
3 9529 9181 10232
3 9386 9590 9823
3 9945 1150 10137
3 9552 9343 10426
3 9845 9472 10242
3 9309 9663 9977
3 9384 9623 10001
3 9644 9293 9727
3 1445 1447 10050
3 9554 9238 9943
3 1635 9625 9894
3 9444 9671 10007
3 9298 9598 9718
3 1315 9983 10101
3 9663 9395 9977
3 9299 9555 9881
3 9711 9908 10325
3 9237 9653 10200
3 9293 9763 9962
3 9169 9887 9920
3 9864 9190 9935
3 9193 9699 9737
3 9299 9581 10291
3 9439 9791 10436
3 9494 9864 9935
3 10109 9391 10393
3 9319 9818 10163
3 1427 1429 9869
3 9276 9688 10178
3 9519 9712 10316
3 1145 9675 10402
3 1136 9568 9968
3 1642 9627 9903
3 9515 10090 10375
3 9666 9342 9930
3 9209 9598 9857
3 9537 9247 10384
3 9539 9248 10386
3 9611 9412 9729
3 9541 9249 10389
3 9674 9377 9937
3 1589 1590 10195
3 9480 9782 10244
3 9551 9167 9849
3 9294 9611 9729
3 9272 9575 10396
3 9311 9567 10013
3 9489 9700 9837
3 9594 9217 9786
3 9887 9464 9920
3 9577 9543 10334
3 9456 9948 10138
3 9543 9253 9904
3 9444 10007 10218
3 9616 9282 9779
3 9239 9551 9833
3 9236 9632 9854
3 1442 9546 9955
3 9268 9564 10129
3 9313 9551 9902
3 9167 9551 9965
3 1194 1197 9657
3 9788 9222 10074
3 9240 9535 10023
3 9236 10106 10382
3 9401 9571 9861
3 9575 9210 9772
3 9717 9918 10300
3 9632 9382 9854
3 9342 9821 9930
3 1449 1451 9800
3 9688 10114 10178
3 2257 9826 10443
3 9565 9579 10341
3 9788 10074 10425
3 9351 9713 10175
3 9318 9543 9904
3 9680 9507 10352
3 9502 9945 10137
3 9777 9694 10046
3 9612 9412 10180
3 9575 9302 10048
3 9412 9611 10180
3 9316 9552 9953
3 9327 9547 10227
3 9983 9509 10101
3 9345 9550 9856
3 9566 2178 9937
3 471 473 9742
3 9558 9995 10296
3 478 480 9743
3 9196 9552 9966
3 9754 9929 10209
3 9580 9190 10018
3 9818 9467 10249
3 9207 9605 9741
3 9302 9609 9820
3 9255 9553 10339
3 1617 9555 9941
3 9583 9384 10001
3 9579 1165 10341
3 9576 9179 10301
3 9241 9835 10213
3 9253 9636 10072
3 9245 9591 9753
3 9813 9370 9816
3 9760 9313 9947
3 9642 9221 9710
3 1129 1131 9670
3 9611 9294 9742
3 2276 2274 10020
3 9324 9565 9875
3 9605 9353 9746
3 9351 10175 10441
3 9165 9550 10021
3 9295 9612 9743
3 9546 9339 9955
3 9903 9266 10348
3 9238 9554 10063
3 9305 9674 10006
3 9295 9594 9786
3 9554 9372 10063
3 9652 9304 10244
3 9551 9239 9902
3 2164 9548 10335
3 9474 10080 10081
3 9552 9316 9966
3 9452 9747 9897
3 9551 9313 9965
3 9550 9345 10021
3 9624 9206 9751
3 9569 9221 9893
3 9384 9583 10115
3 9863 9229 10310
3 9418 9853 9899
3 9567 9311 10100
3 9713 9351 9793
3 9318 10130 10231
3 9333 9569 9893
3 9172 9713 9793
3 9552 9196 9973
3 9171 9658 10079
3 2274 9913 10020
3 9308 9614 10202
3 9527 10109 10393
3 9426 9678 10157
3 9565 1167 9875
3 9612 9295 9786
3 9595 1611 9992
3 9498 9678 10383
3 9221 9831 9893
3 9440 9642 9873
3 9343 9552 9973
3 1655 9599 9989
3 9716 9380 9874
3 9846 9225 10108
3 9894 9265 10377
3 9185 9716 9874
3 9609 9553 10307
3 9932 9192 9934
3 1800 9996 10257
3 1612 9601 9992
3 9226 9930 9988
3 9831 9433 9893
3 9680 9428 10159
3 9592 9191 10166
3 9719 9271 9917
3 9215 9637 9954
3 9617 9309 10204
3 1167 9565 10341
3 2188 2186 9689
3 1179 1181 9654
3 9434 9932 9934
3 9637 9380 9954
3 9224 10073 10138
3 9701 9219 9877
3 9571 9401 10198
3 9666 9930 10176
3 9328 9841 9970
3 9976 9281 10431
3 9517 9789 10146
3 9398 9719 9917
3 9603 1962 9980
3 9256 9678 10248
3 9558 9375 9995
3 9563 9259 10055
3 9305 9588 9782
3 2087 2085 9664
3 9660 9224 10138
3 2090 2089 9663
3 1971 1969 9676
3 9789 9417 10146
3 9324 9563 10055
3 1660 1662 9685
3 9212 9808 10161
3 9680 9257 10251
3 1168 1170 9684
3 9675 9497 10402
3 9687 9448 9909
3 9594 9295 9799
3 9668 9296 10388
3 9574 1811 9979
3 1648 1650 9774
3 9653 9274 10258
3 9621 9542 10239
3 1798 1800 10257
3 9947 9313 10132
3 9344 9756 9946
3 9853 9355 9899
3 9372 9568 10063
3 9828 9212 10161
3 10292 9169 10295
3 9565 9324 10055
3 9792 9318 10231
3 9259 9565 10055
3 9593 9218 9959
3 9204 9735 9839
3 9262 9567 10100
3 9307 10129 10274
3 9568 1136 10086
3 9954 9380 9991
3 9735 9374 9839
3 1434 1437 9784
3 9409 9602 10182
3 9597 9192 9940
3 9169 9748 10295
3 10079 9658 10252
3 9227 9806 10081
3 1632 1635 9894
3 9808 9212 10099
3 9602 9176 10182
3 9697 9209 9857
3 9168 9582 9931
3 9252 9639 10236
3 9679 9450 9933
3 9752 9495 10174
3 9566 9937 10071
3 9770 9182 10083
3 9184 9752 10174
3 9466 9770 10083
3 9577 98 9936
3 9301 9720 10436
3 9360 9577 9936
3 9371 9595 9992
3 9599 9369 9989
3 9636 9206 9947
3 9669 9216 9856
3 9242 9566 10071
3 9314 9598 9807
3 9707 9500 10264
3 9601 9371 9992
3 9240 9707 10264
3 9639 9211 9827
3 9930 9471 9988
3 1640 1642 9903
3 9353 9605 9916
3 9212 9847 10099
3 9782 9218 10244
3 9412 9612 9786
3 9409 9632 9814
3 1156 1158 9824
3 9605 9207 9916
3 9337 9569 10011
3 9341 9695 10024
3 9882 9584 10199
3 9720 10079 10436
3 9737 9392 9778
3 9676 9308 10202
3 9330 9845 10042
3 10206 9668 10388
3 1320 9583 10001
3 9273 9615 10007
3 10416 9735 10438
3 9363 9603 9980
3 9377 9578 10071
3 9578 9242 10071
3 9615 9379 10007
3 9317 9630 10400
3 9581 9292 10291
3 9214 9944 10170
3 2286 2285 9995
3 9193 9737 9778
3 9299 9735 10416
3 9705 9472 9863
3 9309 9685 10204
3 9726 9211 9777
3 9350 9624 9781
3 9338 9726 9777
3 2213 9585 10191
3 1434 9784 10410
3 1440 9641 10215
3 9598 9209 9807
3 9641 9436 10215
3 2183 2180 9732
3 1129 9670 10372
3 9732 9566 9951
3 2209 2206 9693
3 9568 9372 9968
3 9779 9282 10117
3 9580 9252 9844
3 9469 9803 10158
3 1194 9657 10228
3 9165 9584 9885
3 9253 9576 9904
3 9656 9432 10025
3 9584 9331 9885
3 9718 9167 10340
3 9386 9585 10019
3 9219 9701 9981
3 9529 9951 10288
3 9253 9577 10088
3 9901 9383 10012
3 9380 9637 9874
3 1162 9579 10057
3 9716 9185 10044
3 9336 9813 9816
3 9442 9591 10362
3 9696 9322 9826
3 9585 2211 10019
3 9575 9772 10396
3 9725 9370 9813
3 9251 9597 9817
3 9789 9173 9811
3 9506 9758 10398
3 9582 9168 10338
3 9284 9589 10268
3 9316 9596 10230
3 9700 9288 9837
3 9376 9789 9811
3 9569 9333 10127
3 9833 9496 10142
3 9581 9299 10416
3 9592 9272 10060
3 9242 9578 9883
3 9177 9686 10041
3 9634 9312 9944
3 9573 9400 10120
3 9419 9757 10078
3 9528 9580 10358
3 9686 9403 10041
3 9235 9837 10054
3 9666 9212 9828
3 9665 9289 10017
3 9328 9649 10294
3 9837 9503 10054
3 9421 9657 9792
3 9227 10002 10014
3 2278 9572 10029
3 9340 9759 9767
3 9873 9642 10105
3 1809 9574 10107
3 1660 9685 10033
3 1825 1826 9969
3 9609 9170 9820
3 9759 9326 9767
3 9389 9665 10017
3 9342 9666 9828
3 9313 9902 10132
3 9626 9299 9881
3 1141 1143 9721
3 9805 9487 9957
3 9946 9756 10044
3 9208 9631 9899
3 9561 9609 10307
3 9864 9494 9871
3 1188 9630 9906
3 9619 9209 10051
3 9669 9397 10315
3 9801 9210 10048
3 9830 9263 10247
3 9297 9785 10358
3 9319 9864 9871
3 9733 9377 10245
3 9454 9801 10048
3 1447 1449 9766
3 9690 9220 10077
3 10129 9564 10274
3 9579 9259 10141
3 9859 9431 9912
3 9385 9859 9912
3 9332 9844 10236
3 9584 9345 10199
3 9194 9952 9958
3 9578 9189 10047
3 9583 1322 10221
3 9576 9253 10072
3 9577 9360 10088
3 9210 9575 10048
3 9774 9267 10316
3 9211 9726 9827
3 9752 9184 9872
3 9764 9469 10273
3 9657 9318 9792
3 9352 9805 9957
3 9345 9856 10393
3 9676 1969 10032
3 9429 9830 9949
3 9937 9377 10071
3 9349 9722 10330
3 9582 9422 10203
3 9670 9471 10372
3 9263 9830 10359
3 9830 9222 9949
3 9670 9321 9988
3 9745 9317 10400
3 9184 9734 9900
3 9726 9354 9827
3 1183 9974 10093
3 9318 9657 9832
3 9734 9378 9900
3 9902 9532 10132
3 9632 9236 9814
3 9597 9251 9925
3 9651 9197 10059
3 9476 9651 10059
3 9460 9913 10332
3 9853 9418 10162
3 9364 9594 10039
3 9626 1620 10005
3 9651 9476 10378
3 9653 9237 10238
3 9598 9298 9857
3 9657 9421 10228
3 9273 9651 10378
3 9192 9597 9934
3 9757 9470 10078
3 9606 9194 9888
3 1173 1174 9755
3 9194 9607 9888
3 9445 9843 10374
3 9191 9682 10009
3 9322 9696 9866
3 9749 9317 10144
3 9373 9604 9971
3 9177 9589 9922
3 10177 2215 10191
3 9285 9595 9964
3 9627 1642 10133
3 9785 9528 10358
3 9604 2205 9971
3 9803 9180 10158
3 10135 9556 10309
3 9768 9334 9793
3 9595 9371 9964
3 9773 1804 10432
3 9678 9426 10248
3 9684 1170 10346
3 9183 9746 9960
3 9868 9341 10024
3 10124 9198 10428
3 9351 9768 9793
3 1190 1192 9745
3 10233 9521 10313
3 9827 9354 10049
3 1804 1807 10432
3 9464 9887 10271
3 9608 9196 9966
3 9336 10172 10403
3 9972 9420 10104
3 9325 9755 9780
3 9428 9680 10251
3 9492 9840 10391
3 9635 9374 10333
3 9615 9273 10378
3 9769 9388 10026
3 1797 9659 9858
3 9685 9392 10033
3 9755 1174 9780
3 1198 1201 10334
3 9610 9505 10357
3 9327 9661 9809
3 9661 9181 9809
3 9557 9819 10248
3 9704 9432 10401
3 9819 9256 10248
3 9618 9190 9864
3 9586 9284 10189
3 10238 9237 10328
3 9588 2172 10324
3 9585 9386 10160
3 9431 9779 10117
3 9170 9596 10193
3 9761 9308 10210
3 9236 9854 10106
3 9606 9348 9952
3 9378 9593 9900
3 9194 9606 9952
3 9344 9602 9978
3 9660 9306 9870
3 1609 9595 9890
3 9823 9560 10251
3 9648 9454 9820
3 9170 9648 9820
3 9702 9406 10439
3 9257 9823 10251
3 9389 9676 10032
3 9672 9734 10174
3 9180 9803 10148
3 9640 2194 10162
3 9867 9214 10170
3 9449 9926 10261
3 9631 9418 9899
3 9758 9188 10398
3 9952 9448 9958
3 9620 9316 9953
3 9391 9804 10393
3 9375 9822 9995
3 9345 9584 10021
3 9701 9877 10379
3 9602 9409 10399
3 9323 9606 9888
3 9321 9709 9932
3 9651 9473 10447
3 9347 9707 10023
3 9361 10057 10141
3 9621 1933 10026
3 9382 9921 10407
3 1812 1814 9859
3 9584 9165 10021
3 9310 9643 9834
3 9358 9666 10176
3 9320 9597 9925
3 9270 9620 10414
3 9400 9811 9895
3 9596 9170 10230
3 10057 9579 10141
3 9866 9518 10161
3 2168 2167 9762
3 9811 9173 9895
3 9607 9394 10216
3 9784 1437 10286
3 9316 10230 10360
3 1152 1155 9798
3 9620 9447 10414
3 9277 9604 10052
3 9523 9784 10286
3 9462 9684 10346
3 1826 1828 9783
3 9905 9367 10350
3 9604 9373 10052
3 9871 9494 10066
3 9923 9346 9967
3 9597 9320 9934
3 9320 9713 10229
3 9477 9923 9967
3 9352 9616 10131
3 2172 9588 10006
3 9322 9866 10161
3 9564 9900 10274
3 9231 9871 10066
3 1324 10171 10221
3 9951 9242 10288
3 9187 9587 10437
3 9926 9559 10103
3 9657 1197 9832
3 9217 9594 10208
3 9770 9279 10012
3 9244 9926 10103
3 9697 9506 10434
3 9384 9587 10125
3 9602 9703 10038
3 9590 9386 10126
3 1134 1136 9968
3 1590 1592 9787
3 9277 9697 10434
3 9587 9275 10125
3 1973 9614 10349
3 9176 9602 10038
3 9862 9328 10294
3 9601 1614 9941
3 1174 1176 9780
3 9239 9833 10142
3 9681 9473 10136
3 9197 9651 10447
3 9196 9608 9915
3 9449 9628 9926
3 9425 9827 10049
3 9245 9613 10097
3 2093 10321 10353
3 9684 9324 9875
3 10317 2083 10349
3 9343 9876 10426
3 9753 9486 10287
3 9349 9600 10427
3 9798 1155 10440
3 9848 9187 10437
3 10050 9505 10327
3 9589 9177 10041
3 1179 9654 10151
3 10151 9654 10320
3 9614 1973 10202
3 9321 9670 10140
3 9410 9588 10324
3 2270 9692 10332
3 9561 9608 10360
3 9245 9753 10287
3 9605 9262 10224
3 9622 1626 10186
3 9768 9351 10165
3 9630 1188 10400
3 9628 9449 10431
3 9212 9666 9950
3 9264 9622 10004
3 9622 9359 10004
3 9324 9684 9961
3 9214 9867 10053
3 9591 9245 10097
3 9406 9704 9836
3 9788 9311 10013
3 9204 9802 10155
3 9572 10020 10058
3 9666 9358 9950
3 9617 1665 10353
3 10020 9357 10058
3 9625 1635 10214
3 9195 9725 9813
3 9593 9378 10119
3 9327 9809 9883
3 9219 9981 10220
3 9303 9739 9803
3 9619 9261 10433
3 1933 9621 10239
3 9218 9593 10119
3 1665 9617 10204
3 9596 9270 10035
3 9197 9767 10059
3 9270 9723 10035
3 9516 9619 10336
3 9434 10135 10309
3 9737 9699 10145
3 9191 10009 10241
3 9594 9364 10208
3 9419 9847 9950
3 9348 9606 10187
3 9742 9294 10149
3 9870 9306 10237
3 9394 9607 10183
3 9907 9761 10210
3 10077 9220 10231
3 9321 9797 9988
3 9847 9212 9950
3 9693 9386 10019
3 9497 9721 10402
3 2087 9664 10085
3 9295 9743 10152
3 9168 9706 9919
3 9663 2089 10085
3 2209 9693 10019
3 9630 9335 9906
3 9228 9957 10260
3 9608 9255 10165
3 9817 9546 10314
3 9759 9233 10329
3 9233 10302 10329
3 9650 9185 9874
3 9629 9488 10408
3 9426 9742 10149
3 9661 9327 10227
3 9380 9716 9991
3 9331 9814 10382
3 9810 9405 10076
3 9644 9727 10299
3 9359 9622 10186
3 9716 9278 9991
3 1432 1434 9790
3 9743 9428 10152
3 9329 9863 10155
3 9916 9702 10439
3 9817 9597 9940
3 9616 9352 9994
3 9704 9280 9836
3 9282 9616 9994
3 9707 9529 10232
3 9908 9362 10325
3 9167 9718 9849
3 9275 9624 10267
3 9877 9219 9896
3 9281 9752 10345
3 9728 9321 10140
3 9207 9662 9924
3 9265 9625 10030
3 9625 9362 10030
3 9209 9619 10110
3 9669 9856 10417
3 9999 9274 10183
3 9362 9625 10214
3 9775 9270 10414
3 9533 9798 10440
3 9607 9999 10183
3 10091 9331 10382
3 9613 9245 10058
3 1818 10131 10445
3 9415 9806 10014
3 9806 9227 10014
3 9491 9618 10285
3 9860 9459 10103
3 9879 10392 10409
3 9357 9613 10058
3 9622 9635 10179
3 9800 1451 10201
3 9613 9357 10062
3 9204 10155 10438
3 9210 9613 10062
3 2266 2265 9795
3 9506 9697 9857
3 9723 9399 10035
3 9879 9340 10392
3 9175 9884 10075
3 9884 9493 10075
3 9251 9817 10314
3 9421 9745 10228
3 9771 9479 9910
3 2215 2213 10191
3 2269 10000 10028
3 10212 9334 10241
3 9278 9716 10109
3 9797 9321 9932
3 9905 9508 10045
3 1187 1188 9906
3 9613 9210 10395
3 9794 9466 10083
3 9800 10201 10308
3 9379 9615 10312
3 10135 9320 10229
3 9458 9774 10316
3 9688 9276 9933
3 9372 9728 10356
3 1161 1162 10057
3 9557 9848 10437
3 9922 9589 10379
3 9352 9957 10311
3 9732 9347 9865
3 9633 9468 10344
3 2183 9732 9865
3 9266 9627 10045
3 9627 9367 10045
3 9638 9499 10420
3 9383 9901 10054
3 9634 9424 10369
3 9356 9688 9933
3 9214 9634 9944
3 2261 9649 10446
3 9339 9641 9955
3 10163 9491 10285
3 9312 9634 10369
3 9705 9329 10065
3 1317 9623 9983
3 1820 1822 9805
3 9181 9661 10040
3 9338 9922 10379
3 2272 2270 10332
3 9656 10025 10342
3 9418 9631 10322
3 1644 1646 9852
3 2194 9640 10084
3 9206 9624 10015
3 134 1797 9858
3 9641 9339 9943
3 9633 9349 10330
3 9642 9440 10419
3 9351 9915 10165
3 9221 9642 10419
3 9789 9376 10053
3 9974 9441 10093
3 9460 9692 10396
3 9367 9627 10133
3 9860 10103 10430
3 1141 9721 10112
3 9643 9310 10422
3 9386 9823 10160
3 9664 9395 10085
3 9395 9663 10085
3 9721 1143 10402
3 9443 9714 10281
3 9859 1814 10222
3 9714 9199 10281
3 9692 9272 10396
3 1168 9684 9875
3 9417 9789 10053
3 9333 9893 9898
3 9531 9870 10237
3 9893 9433 9898
3 9388 9621 10026
3 9471 9821 10372
3 1642 1644 10133
3 9813 9336 10403
3 9502 10137 10425
3 9329 9705 9863
3 10063 9568 10259
3 9374 9626 10005
3 9681 9280 10449
3 9819 9384 10115
3 9942 10280 10355
3 9645 9508 10424
3 9334 9796 10241
3 1620 1623 10005
3 9624 9350 10015
3 9205 9633 10330
3 9473 9681 10449
3 9283 9672 9901
3 9270 9775 10319
3 9659 9276 10178
3 9799 9560 10444
3 9802 9204 9886
3 9665 9389 10032
3 9328 9862 10099
3 9215 10233 10313
3 9862 9483 10099
3 9623 9384 10125
3 10131 9616 10445
3 9188 9799 10444
3 1322 1324 10221
3 1626 9622 10179
3 1165 1167 10341
3 9640 9418 10322
3 1807 1809 10107
3 9826 9483 10443
3 9373 10153 10336
3 9621 9388 10154
3 10321 9617 10353
3 9250 9621 10154
3 9867 9417 10053
3 1967 9665 10032
3 9480 9815 10134
3 9799 9295 10152
3 10150 9197 10342
3 9614 10317 10349
3 9688 9199 10114
3 9399 9648 10193
3 9343 9766 9876
3 9766 9485 9876
3 1603 1605 9818
3 2194 2193 10162
3 9323 9829 10081
3 9942 9438 10280
3 1125 1126 9821
3 9706 9348 9919
3 9647 9512 10428
3 9379 9790 9949
3 9790 9429 9949
3 9959 9307 10274
3 9423 10151 10320
3 9593 9959 10274
3 9553 9796 10339
3 9258 9708 10269
3 9392 9667 10033
3 9726 9338 9877
3 9974 1184 10190
3 9634 9214 10407
3 9368 9629 10070
3 9821 9342 9998
3 9708 9258 10219
3 9640 10322 10373
3 9335 9749 9985
3 9445 9649 9970
3 1197 1198 9832
3 9675 1147 10036
3 9199 9714 10114
3 9794 9324 9961
3 9855 9355 9990
3 9780 1176 10151
3 9279 9687 9909
3 9855 9208 9899
3 9695 9341 10169
3 9722 9337 10011
3 9745 1192 10228
3 144 9785 10405
3 9196 9915 10450
3 9547 9715 10002
3 9915 10441 10450
3 9738 9194 9958
3 9632 9409 10182
3 1607 1609 9890
3 1918 144 10405
3 9623 10125 10404
3 9908 9499 10030
3 9667 1659 10033
3 10322 9254 10373
3 9659 9408 10279
3 9432 9656 10401
3 9706 9279 9909
3 9643 9447 10234
3 9650 9282 9994
3 9648 9399 10219
3 9383 9770 10012
3 9348 9706 9909
3 10206 9435 10284
3 9926 9244 10261
3 10002 9715 10347
3 9495 9672 10174
3 9172 9793 10225
3 9387 9783 10128
3 10125 9275 10404
3 9748 9169 9920
3 10072 9396 10123
3 9690 9346 9923
3 9720 9337 10168
3 9178 9646 10121
3 9395 9761 9977
3 9300 9690 9923
3 9334 9768 10339
3 9276 9659 10279
3 9336 9884 10172
3 9636 9253 10088
3 9531 9644 10299
3 9374 9635 10167
3 9374 10005 10333
3 9443 9752 9872
3 9375 9639 10094
3 9957 9487 10260
3 9635 9264 10167
3 9727 9186 10299
3 9366 9638 10069
3 9639 9375 10095
3 9648 9170 10193
3 9276 9679 9933
3 9278 9658 9991
3 9304 9652 10381
3 1167 1168 9875
3 9166 9704 10194
3 9397 9873 10105
3 9329 9769 10065
3 1132 9728 10140
3 9360 9636 10088
3 2168 9762 10102
3 9211 9639 10095
3 1614 1617 9941
3 9639 9252 10094
3 9325 9738 9958
3 10097 9613 10395
3 10007 9379 10218
3 9918 9359 10300
3 9840 9220 10391
3 9346 9776 9967
3 9207 9702 9916
3 9423 9780 10151
3 9704 9406 10194
3 9447 9643 10380
3 9560 9799 10152
3 1181 1183 10093
3 10002 9227 10080
3 9547 10002 10080
3 9642 9301 10105
3 9589 10041 10268
3 9507 10177 10191
3 9702 9207 9924
3 9738 9423 9999
3 1629 1630 9842
3 9418 9640 10162
3 9365 9645 10068
3 9476 10059 10442
3 9228 9703 10010
3 9436 9641 10226
3 9225 9794 9961
3 9649 2261 10294
3 9646 9271 10240
3 9360 9936 10101
3 1922 1920 9845
3 9734 9283 10008
3 9471 9670 9988
3 9378 9734 10008
3 9773 9446 10237
3 10326 9492 10391
3 9715 9327 10047
3 9306 9773 10237
3 9363 9647 10181
3 9765 9558 10296
3 9655 9465 10040
3 9424 9963 10213
3 9776 9179 10246
3 9451 9776 10246
3 1123 1125 9998
3 1136 1138 10086
3 10401 9656 10449
3 9692 2270 10028
3 9681 9183 9960
3 9752 9443 10345
3 9709 9192 9932
3 9684 9462 9961
3 9912 9431 10117
3 9731 9296 9910
3 9350 9731 9910
3 1636 1638 9851
3 2269 2266 10000
3 9673 9365 10068
3 9956 1161 10057
3 466 9678 10255
3 9939 9358 10176
3 9755 9462 10346
3 1173 9755 10346
3 9796 9334 10339
3 10104 9420 10250
3 9624 9751 10267
3 9274 9653 10183
3 9653 9394 10183
3 9861 9571 10394
3 9680 484 10263
3 9756 9344 9978
3 9411 9945 10074
3 9945 9502 10074
3 9349 9727 9962
3 1933 1930 10026
3 9619 10051 10336
3 9401 9660 10351
3 9759 9340 10016
3 9314 9833 9849
3 9833 9551 9849
3 2085 2083 10317
3 9671 9273 10007
3 9767 9197 10150
3 9677 9366 10069
3 9825 9333 9898
3 2093 2090 10321
3 1804 9773 9948
3 1188 1190 10400
3 9271 9669 10417
3 9678 9498 10255
3 10090 9453 10373
3 1920 1918 10042
3 9594 9799 10039
3 9440 9831 10419
3 9525 9974 10190
3 9747 9200 9897
3 9662 9361 10141
3 9831 9440 10422
3 1592 1594 9914
3 9394 9653 10238
3 9461 9903 10348
3 9258 9648 10219
3 9872 9268 10448
3 9280 10401 10449
3 9654 1181 10093
3 2167 2164 10335
3 9282 9650 10390
3 9698 9285 9964
3 9649 9445 10446
3 10189 9744 10217
3 9413 9981 10282
3 9507 9680 10263
3 9683 9368 10070
3 9766 9343 10050
3 9478 9650 10311
3 9414 9739 10211
3 9739 9243 10211
3 9895 9354 9896
3 9189 9715 10047
3 9841 9328 9847
3 9404 9658 10275
3 1594 1596 10354
3 9981 9586 10282
3 10230 9561 10360
3 9408 9659 10257
3 9400 9895 9896
3 9200 9698 10116
3 9674 2175 10006
3 2184 2183 9865
3 9422 10002 10347
3 9658 9171 10275
3 9461 9851 10270
3 9682 9437 10413
3 9921 9176 9963
3 1148 1150 9945
3 9271 9719 10240
3 1324 37 10171
3 1625 10179 10333
3 9315 9682 10413
3 2198 9730 10376
3 9746 9353 9960
3 37 465 10171
3 9424 9921 9963
3 9843 9223 10143
3 9658 9278 10252
3 34 2215 10177
3 9727 9349 10427
3 9463 9843 10143
3 9355 9689 9990
3 9419 9841 9847
3 9358 9939 10205
3 9695 9467 10024
3 1818 1820 10131
3 9455 9842 10256
3 486 34 10177
3 9306 9660 10138
3 9179 9776 10031
3 10179 9635 10333
3 9939 9556 10205
3 1313 1315 10101
3 1802 1804 9948
3 1605 1607 10163
3 9287 9661 10227
3 9797 9226 9988
3 9370 9748 9920
3 9689 9355 10173
3 1973 1971 10202
3 9667 9392 10304
3 9707 9240 10023
3 9345 9804 10199
3 9682 9315 10009
3 9959 9218 10290
3 9434 9797 9932
3 9218 10119 10244
3 10119 9652 10244
3 9373 9971 10153
3 10091 9573 10220
3 9347 9732 9951
3 9510 9835 10337
3 10000 9437 10028
3 9727 9293 9962
3 9286 9812 10355
3 1626 1629 10186
3 9741 9605 10224
3 9968 9372 10356
3 2203 2200 10153
3 10073 9456 10138
3 9487 9805 10343
3 9870 9531 10299
3 1635 1636 10214
3 9694 9290 10046
3 10081 9829 10303
3 9763 9293 9927
3 9544 10238 10328
3 9186 9870 10299
3 9664 2085 10317
3 9754 9205 10127
3 9381 10097 10395
3 9786 9217 10361
3 9795 2265 10156
3 2090 9663 10321
3 10172 9514 10403
3 9173 9838 10049
3 1183 1184 9974
3 9664 9308 10266
3 1662 1665 10204
3 9524 9698 10082
3 9722 9205 10330
3 9590 10126 10434
3 9719 9407 10240
3 9233 9759 10016
3 9199 9688 10122
3 9289 9699 10017
3 9381 9686 10098
3 9686 9177 10098
3 2172 2170 10324
3 1131 1132 10140
3 9273 9671 10136
3 9296 9771 9910
3 1959 1957 9889
3 1950 1948 9891
3 9703 9344 10010
3 1942 1940 9892
3 10208 9364 10397
3 9455 9894 10377
3 9406 9702 10262
3 9291 9667 10304
3 9437 9682 10060
3 9918 9488 10004
3 9404 9763 9927
3 9193 9761 9907
3 9570 10150 10342
3 9238 10063 10259
3 9883 9809 10288
3 9216 9669 10315
3 9944 9312 10371
3 10171 9498 10221
3 2262 2261 10446
3 9702 9288 10262
3 9670 1131 10140
3 9805 1822 10343
3 9668 10208 10397
3 1935 1933 10239
3 9376 9854 9880
3 9854 9382 9880
3 9674 9305 10245
3 9312 9787 10371
3 2190 2188 10173
3 9413 10091 10220
3 9805 9352 10131
3 9723 9270 10319
3 9364 9758 9975
3 9696 2253 10423
3 9308 9676 10210
3 9297 10018 10082
3 1596 9850 10354
3 9842 9455 10300
3 9703 9416 10038
3 10112 9721 10280
3 9984 9261 10090
3 9758 9298 9975
3 9388 9802 9886
3 9515 9984 10090
3 9263 9675 10247
3 9835 9241 10337
3 9230 9882 10199
3 9206 9760 9947
3 9377 9674 10245
3 9209 9697 10051
3 9697 9277 10052
3 10018 9524 10082
3 10037 9439 10252
3 9439 10079 10252
3 1603 9818 10249
3 9346 9690 10077
3 9205 9722 10011
3 9288 9702 10306
3 9821 1126 10372
3 9198 9750 10181
3 9895 9173 10049
3 9417 9867 9868
3 9874 9637 10390
3 9736 9198 10124
3 9676 9389 10210
3 9851 9461 10325
3 9500 10232 10429
3 9679 9276 10279
3 9749 9195 9985
3 9699 9545 10145
3 9187 9848 10254
3 1926 9705 10065
3 9220 9690 10391
3 9284 9744 10189
3 9398 10189 10217
3 1971 9676 10202
3 9867 9341 9868
3 1807 10107 10432
3 9610 9973 10450
3 9662 10141 10250
3 10022 9387 10128
3 10141 9259 10250
3 471 9742 10157
3 9787 1592 9914
3 9280 9681 10298
3 9878 9335 9985
3 9743 480 10159
3 9686 9381 10164
3 9973 9196 10450
3 9447 9775 10414
3 9694 9211 10095
3 9222 9830 10074
3 10064 9393 10293
3 9688 9356 10122
3 9742 9426 10157
3 9386 9693 10126
3 9393 9984 10293
3 9830 9411 10074
3 9371 9724 10116
3 9268 9691 10278
3 9855 9990 10283
3 9692 9460 10332
3 9230 9756 9978
3 9428 9743 10159
3 1315 1317 9983
3 9590 10398 10444
3 10206 9217 10208
3 9860 9356 10207
3 2200 2198 10376
3 2280 2278 10029
3 9691 9402 10278
3 1150 1152 10137
3 2188 9689 10173
3 9668 10206 10208
3 9403 9686 10269
3 9589 9701 10379
3 98 1313 9936
3 9353 9836 10298
3 10102 9762 10435
3 9866 9696 10412
3 2178 2176 9937
3 9280 9704 10401
3 9869 1429 10243
3 9844 9332 9935
3 9685 1662 10204
3 9846 9325 9958
3 9720 9171 10079
3 2196 2194 10084
3 9403 10269 10451
3 9314 9807 10061
3 9760 9206 10015
3 10269 9708 10451
3 9842 1630 10256
3 10153 2200 10376
3 9288 9700 10262
3 9223 9841 10078
3 9272 9692 10406
3 10126 9277 10434
3 9714 9402 10114
3 1922 9845 10242
3 9298 9718 10340
3 9700 9166 10194
3 9556 9939 10309
3 1599 9695 10169
3 9399 9708 10219
3 2270 2269 10028
3 9714 9443 10448
3 9841 9419 10078
3 9851 1638 10270
3 9283 9997 10008
3 10130 9430 10231
3 9369 9736 10124
3 9730 2198 10147
3 9997 9457 10008
3 9188 9758 10039
3 9708 9213 10451
3 10119 9378 10418
3 9713 9320 10175
3 9172 9757 10205
3 9740 9369 10124
3 9778 9309 9977
3 9395 9664 10266
3 9869 9326 10329
3 9795 10156 10374
3 9482 10416 10438
3 9520 9869 10329
3 9816 9234 10111
3 9500 9707 10232
3 9341 9850 10169
3 9652 10119 10418
3 9946 9478 10010
3 9402 9714 10278
3 9843 9315 10374
3 9724 9200 10116
3 9853 2190 10173
3 9344 9946 10010
3 9416 9928 10022
3 10083 9182 10104
3 1816 9779 10222
3 1811 1812 9979
3 9213 9708 10305
3 9431 9859 10222
3 9563 10083 10104
3 9708 9399 10305
3 9305 9733 10245
3 9769 1929 10065
3 9856 9550 10417
3 9715 9189 10347
3 9944 9427 10170
3 9390 9825 9993
3 9719 9398 10217
3 9213 9719 10217
3 9355 9855 9899
3 9713 9172 10229
3 2205 2203 9971
3 9750 9363 10181
3 9171 9720 10168
3 2175 2172 10006
3 9907 9389 10017
3 9340 9879 10016
3 9333 9754 10127
3 9758 9364 10039
3 9825 1424 9993
3 9888 9607 10216
3 9186 9727 10427
3 9756 9391 10044
3 9178 9775 10380
3 10074 9502 10425
3 9775 9447 10380
3 9451 10211 10297
3 10043 9464 10113
3 1814 1816 10222
3 9182 9770 10056
3 9721 9286 10280
3 9719 9213 10318
3 9770 9383 10056
3 9189 9733 10134
3 9453 9730 10147
3 9451 10003 10211
3 9675 10036 10247
3 9774 9458 10265
3 9765 2282 10289
3 10009 9463 10241
3 1962 1960 9980
3 1648 9774 10265
3 1665 126 10353
3 9407 9719 10318
3 1954 1952 9982
3 9978 9602 10399
3 9858 9659 10178
3 1946 1944 9986
3 9775 9178 10121
3 9411 9830 10247
3 9172 10205 10229
3 1938 1936 9987
3 9336 9816 10111
3 9747 9297 10082
3 9815 9189 10134
3 9213 9723 10318
3 9166 9976 10027
3 9399 9723 10305
3 9723 9213 10305
3 9300 9725 10326
3 9807 9393 10061
3 147 1973 10349
3 9339 9817 9940
3 1652 1655 9989
3 9807 9209 10110
3 9729 9412 10361
3 9976 9449 10027
3 9723 9407 10318
3 1611 1612 9992
3 9842 9359 10186
3 9728 1132 10356
3 9730 9516 10376
3 9924 9662 10250
3 9748 9300 10295
3 9734 9184 10174
3 9296 9731 10388
3 9407 9723 10319
3 1424 1427 9993
3 1959 9889 10364
3 9889 1957 10363
3 1950 9891 10366
3 9891 1948 10365
3 1942 9892 10368
3 9892 1940 10367
3 9294 9848 10149
3 9359 9842 10300
3 9816 9370 10043
3 9889 9536 10364
3 9891 9538 10366
3 9217 9729 10361
3 9537 9889 10363
3 9892 9540 10368
3 9539 9891 10365
3 9541 9892 10367
3 9731 9187 10254
3 9848 9557 10149
3 9787 9914 10371
3 9294 9729 10284
3 9869 10243 10442
3 9490 9741 10224
3 1929 1926 10065
3 2258 2257 10443
3 1596 1599 10169
3 1318 1320 10001
3 9851 9362 10214
3 9960 9353 10298
3 9735 9204 10438
3 9229 9911 10185
3 9911 9484 10185
3 9776 9346 10031
3 9755 9325 10108
3 9415 10014 10338
3 10014 9582 10338
3 9291 9737 10145
3 2282 9765 10296
3 9772 9210 10062
3 9815 9304 10203
3 9422 9815 10203
3 9450 9861 10394
3 9401 10089 10198
3 10050 9343 10357
3 1447 9766 10050
3 9477 10292 10295
3 9444 9788 10013
3 2211 2209 10019
3 9767 9326 10059
3 9791 9397 10105
3 9213 9744 10451
3 9301 9791 10105
3 9303 9764 10076
3 9442 9777 10046
3 2282 2280 10289
3 9737 9291 10304
3 2266 9795 10000
3 9870 9186 10351
3 9462 9755 10108
3 9315 9843 10009
3 9738 9325 10421
3 9423 9738 10421
3 9327 9883 10047
3 9392 9737 10304
3 9596 10035 10193
3 9195 9749 10144
3 1969 1967 10032
3 1659 1660 10033
3 9843 9463 10009
3 9403 9744 10268
3 9362 9851 10325
3 1147 1148 10036
3 9744 9284 10268
3 9795 9315 10413
3 9587 9819 10437
3 9237 9878 10328
3 9878 9514 10328
3 9744 9403 10451
3 9830 9429 10359
3 9799 9188 10039
3 9880 9214 10053
3 9744 9213 10217
3 9448 9846 9958
3 10144 9492 10326
3 9823 9590 10444
3 1190 9745 10400
3 9949 9222 10218
3 9458 9852 10265
3 9852 1646 10265
3 9325 9780 10421
3 2285 2282 10296
3 9967 9776 10297
3 9420 9924 10250
3 9205 9754 10209
3 9841 9223 9970
3 9686 10164 10269
3 10114 9402 10178
3 10164 9258 10269
3 1125 9821 9998
3 9761 9395 10266
3 9812 9436 10355
3 9751 9509 10267
3 9884 9336 10111
3 2083 147 10349
3 2261 2258 10294
3 10058 9245 10287
3 9757 9358 10205
3 9980 1960 10364
3 1954 9982 10363
3 9982 1952 10366
3 1946 9986 10365
3 9986 1944 10368
3 1812 9859 9979
3 1938 9987 10367
3 9987 1936 10370
3 126 2093 10353
3 9996 9456 10073
3 2198 2196 10147
3 9550 9917 10417
3 9408 9996 10073
3 10153 9516 10336
3 9917 9271 10417
3 9226 9797 10309
3 10087 9500 10429
3 9797 9434 10309
3 9407 9775 10121
3 10398 9188 10444
3 9850 9341 10170
3 9427 9850 10170
3 9340 9767 10150
3 9925 9251 10385
3 9572 10058 10287
3 9762 9307 10435
3 1644 9852 10133
3 9852 9367 10133
3 9308 9761 10266
3 9234 10043 10113
3 10025 9244 10415
3 9996 9408 10257
3 2089 2087 10085
3 9775 9407 10319
3 9790 9379 10312
3 9255 9768 10165
3 9920 9464 10043
3 10042 1918 10405
3 10117 9282 10390
3 10027 9449 10261
3 9763 9404 10275
3 9859 9385 9979
3 9416 10022 10213
3 9326 9759 10329
3 9637 10117 10390
3 9355 9853 10173
3 9234 9816 10043
3 9171 9763 10275
3 9927 9521 10233
3 2170 2168 10102
3 9354 9895 10049
3 9829 9394 10067
3 9175 9829 10067
3 10036 9411 10247
3 9929 9468 10209
3 9812 1438 10215
3 9413 9885 10091
3 9900 9593 10274
3 9834 9643 10234
3 1138 1141 10112
3 9762 2167 10335
3 9436 9812 10215
3 9885 9331 10091
3 9370 9920 10043
3 9862 2258 10443
3 9850 1596 10169
3 9483 9808 10099
3 9570 10025 10415
3 10205 9556 10229
3 10302 9520 10329
3 101 1119 10423
3 9783 9549 10128
3 10087 9465 10271
3 9205 10011 10127
3 9514 9878 9985
3 9486 9765 10289
3 9848 9435 10254
3 9806 9323 10081
3 9945 9411 10036
3 9779 1816 10445
3 9463 10212 10241
3 1623 1625 10333
3 1148 9945 10036
3 9210 9801 10395
3 9768 9255 10339
3 10184 9586 10189
3 9398 10184 10189
3 9618 9864 10285
3 9185 9946 10044
3 1176 1179 10151
3 10054 9503 10056
3 9460 9772 10331
3 9383 10054 10056
3 2265 2262 10156
3 9186 10089 10351
3 468 471 10157
3 480 482 10159
3 9772 9460 10396
3 9396 9947 10132
3 1625 1626 10179
3 9779 9431 10222
3 9199 10122 10323
3 9416 9963 10038
3 9446 9773 10432
3 2280 10029 10289
3 9963 9176 10038
3 1816 1818 10445
3 1132 1134 10356
3 475 477 10180
3 9776 9451 10297
3 9845 1920 10042
3 9698 9964 10116
3 9831 9221 10419
3 9417 9868 10146
3 9811 9400 10106
3 1184 1187 10190
3 9310 9831 10422
3 9838 9425 10049
3 9868 9231 10146
3 1451 110 10201
3 9393 9807 10110
3 9231 9868 10024
3 9780 9423 10421
3 9449 9976 10431
3 1437 1438 10286
3 9892 9541 10389
3 9891 9539 10386
3 9889 9537 10384
3 1152 9798 10137
3 9385 9912 10313
3 9791 9216 10315
3 1438 1440 10215
3 9381 9801 10164
3 9412 9786 10361
3 9717 10300 10377
3 9928 9228 10260
3 10300 9455 10377
3 9304 9931 10203
3 9931 9582 10203
3 9913 9357 10020
3 9367 9852 10350
3 9879 9481 10016
3 9852 9458 10350
3 9218 9782 10290
3 1192 1194 10228
3 1820 9805 10131
3 9864 9319 10285
3 9616 9779 10445
3 9824 9533 10440
3 9887 9405 10277
3 1429 1430 10243
3 1925 1922 10242
3 9822 9375 10094
3 1156 9824 10440
3 9790 1434 10410
3 1601 1603 10249
3 9793 9334 10225
3 9214 9880 10407
3 9591 10098 10362
3 2253 101 10423
3 9429 9790 10410
3 10098 9177 10362
3 9174 10394 10411
3 1630 1632 10256
3 10316 9712 10350
3 9802 9329 10155
3 9458 10316 10350
3 1646 1648 10265
3 465 466 10255
3 1638 1640 10270
3 10086 9438 10259
3 9568 10086 10259
3 9398 9917 10184
3 10175 9475 10441
3 9938 9385 10313
3 484 486 10263
3 9220 9792 10231
3 9521 9938 10313
3 9974 9525 10200
3 9441 9974 10200
3 9877 9338 10379
3 9256 9819 10115
3 9981 9413 10220
3 1119 1120 10412
3 9179 10031 10301
3 9711 10325 10348
3 10394 9571 10411
3 9429 9784 10359
3 10325 9461 10348
3 9784 9429 10410
3 9518 9828 10161
3 9359 9918 10004
3 9831 9310 10308
3 1170 1173 10346
3 1126 1129 10372
3 1822 1825 10343
3 9808 9322 10161
3 9433 9831 10308
3 2258 9862 10294
3 1957 1954 10363
3 1960 1959 10364
3 1948 1946 10365
3 1952 1950 10366
3 1940 1938 10367
3 1944 1942 10368
3 1936 1935 10370
3 10123 9396 10132
3 9823 9257 10160
3 9532 10123 10132
3 9430 10077 10231
3 9839 9374 10167
3 1143 1145 10402
3 9804 9230 10199
3 1155 1156 10440
3 1432 9790 10312
3 9929 9390 10302
3 9809 9529 10288
3 9397 9791 10315
3 9654 10258 10320
3 9883 9578 10047
3 10258 9274 10320
3 9796 9191 10241
3 9325 9846 10108
3 9591 10097 10098
3 10097 9381 10098
3 10201 9433 10308
3 9898 9433 10201
3 9848 9294 10284
3 10089 9186 10427
3 9928 9387 10022
3 9362 9908 10030
3 110 9898 10201
3 9311 9788 10425
3 9934 9320 10135
3 9376 9880 10053
3 9435 9848 10284
3 9847 9328 10099
3 9600 10089 10427
3 1438 9812 10286
3 9815 9422 10347
3 9434 9934 10135
3 9189 9815 10347
3 9791 9301 10436
3 1187 9906 10190
3 9967 9243 10223
3 9477 9967 10223
3 9829 9323 10216
3 9818 1605 10163
3 9785 9452 10405
3 9475 9925 10385
3 10051 9373 10336
3 9367 9905 10045
3 9905 9201 10424
3 9508 9905 10424
3 9879 9174 10411
3 10000 9795 10413
3 9310 9800 10308
3 10392 9570 10415
3 9239 10003 10118
3 10003 9451 10118
3 9481 9879 10411
3 9702 9924 10306
3 9487 9969 10260
3 9873 9178 10276
3 9926 9628 10323
3 10160 9257 10352
3 9984 9393 10433
3 9496 10064 10148
3 9969 9387 10260
3 9440 9873 10276
3 10064 9180 10148
3 9315 9795 10374
3 10122 9559 10323
3 9405 9810 10277
3 9406 9836 10439
3 9516 10153 10376
3 9908 9202 10420
3 9499 9908 10420
3 9801 9381 10395
3 9812 9523 10286
3 9438 10112 10280
3 9361 9956 10057
3 9505 10050 10357
3 9804 9345 10393
3 9860 9174 10409
3 9459 9860 10409
3 9410 10102 10435
3 9443 9872 10448
3 9388 9886 10154
3 10130 9576 10301
3 9430 10130 10301
3 9914 1594 10354
3 9999 9423 10320
3 9973 9610 10357
3 9585 10160 10352
3 9394 9829 10216
3 9556 10135 10229
3 9887 9169 10139
3 9405 9887 10139
3 9904 9576 10130
3 9318 9904 10130
3 9964 9371 10116
3 9256 10115 10383
3 9814 9236 10382
3 9195 9813 10403
3 9400 9896 10120
3 10029 9486 10289
3 9300 9923 10295
3 10115 9583 10383
3 1629 9842 10186
3 9493 9884 10111
3 9918 9203 10408
3 9488 9918 10408
3 9532 9902 10118
3 9902 9239 10118
3 9435 10206 10388
3 10232 9181 10429
3 9232 9834 10234
3 9836 9280 10298
3 10273 9254 10322
3 9631 10273 10322
3 9243 9967 10297
3 9343 9973 10357
3 9650 9874 10390
3 10184 9165 10282
3 9586 10184 10282
3 9424 9835 10369
3 10155 9482 10438
3 9835 9312 10369
3 9896 9219 10120
3 1636 9851 10214
3 9393 10110 10433
3 9844 9252 10236
3 9260 10087 10271
3 9323 9888 10216
3 9402 9858 10178
3 9819 9557 10437
3 9341 9867 10170
3 9829 9175 10303
3 9913 9460 10331
3 9357 9913 10331
3 10156 9445 10374
3 10412 9696 10423
3 9501 9855 10283
3 10079 9439 10436
3 9174 9860 10207
3 10059 9326 10442
3 10281 9199 10323
3 9496 10061 10064
3 10061 9393 10064
3 9560 9823 10444
3 9628 10281 10323
3 9229 10185 10310
3 10185 9581 10310
3 9836 9353 10439
3 9404 9927 10233
3 9936 1313 10101
3 10345 9628 10431
3 1119 10412 10423
3 9414 10142 10148
3 9985 9195 10403
3 9320 9925 10175
3 10066 9517 10146
3 9975 9298 10340
3 9641 9943 10226
3 10280 9286 10355
3 9231 10066 10146
3 9930 9226 10176
3 9514 9985 10403
3 9942 9436 10226
3 9238 9942 10226
3 9364 9975 10397
3 9389 9907 10210
3 9426 10149 10248
3 9975 9511 10397
3 9954 9404 10233
3 10149 9557 10248
3 9915 9608 10165
3 9532 10118 10246
3 10118 9451 10246
3 10025 9570 10342
3 9919 9348 10187
3 10051 9697 10052
3 9415 9919 10187
3 10142 9496 10148
3 9571 10198 10272
3 10152 9428 10251
3 9373 10051 10052
3 10198 9269 10272
3 9440 10276 10422
3 9559 9926 10323
3 10276 9643 10422
3 9560 10152 10251
3 10102 9410 10324
3 9850 9427 10354
3 9465 10113 10271
3 9894 9455 10256
3 9223 10078 10143
3 9430 10031 10077
3 1632 9894 10256
3 10031 9346 10077
3 9281 10345 10431
3 10078 9470 10143
3 9925 9475 10175
3 9453 10084 10373
3 10084 9640 10373
3 9903 9461 10270
3 1640 9903 10270
3 9457 9931 10381
3 10278 9714 10448
3 9268 10278 10448
3 9931 9304 10381
3 9882 9230 10399
3 9942 9238 10259
3 9438 9942 10259
3 9885 9413 10282
3 9660 9870 10351
3 9427 9944 10371
3 9414 10003 10142
3 9165 9885 10282
3 10392 9459 10409
3 9242 9883 10288
3 9303 10076 10387
3 9410 9959 10290
3 9226 9939 10176
3 10067 9394 10238
3 9241 10022 10128
3 9356 9860 10430
3 9269 10034 10272
3 10034 9481 10272
3 10022 9241 10213
3 10029 9572 10287
3 9486 10029 10287
3 9971 2203 10153
3 9483 9862 10443
3 10087 9260 10235
3 9500 10087 10235
3 10273 9469 10375
3 9326 9869 10442
3 1120 9866 10412
3 10011 9569 10127
3 9459 10392 10415
3 10150 9570 10392
3 9427 9914 10354
3 9924 9420 10306
3 9168 9919 10338
3 10084 9453 10147
3 10003 9239 10142
3 2196 10084 10147
3 9876 9232 10426
3 9469 10158 10375
3 9379 9949 10218
3 9922 9442 10362
3 9177 9922 10362
3 9174 9879 10409
3 10070 9629 10408
3 10342 9197 10447
3 9656 10342 10447
3 9203 10070 10408
3 9943 9238 10226
3 9387 9928 10260
3 9307 9959 10435
3 9880 9382 10407
3 9963 9416 10213
3 9409 9882 10399
3 10123 9532 10246
3 10121 9646 10240
3 9179 10123 10246
3 9534 10139 10292
3 10139 9169 10292
3 9573 10120 10220
3 9536 9889 10384
3 9538 9891 10386
3 9540 9892 10389
3 9215 9954 10233
3 9353 9916 10439
3 10128 9549 10337
3 9923 9477 10295
3 9650 9994 10311
3 9912 9215 10313
3 9573 10091 10382
3 9241 10128 10337
3 9438 10086 10112
3 9474 10081 10303
3 10069 9638 10420
3 9233 9929 10302
3 10086 1138 10112
3 9202 10069 10420
3 10211 9243 10297
3 9452 10042 10405
3 9608 9966 10360
3 9983 9623 10404
3 9919 9415 10338
3 9914 9427 10371
3 10068 9645 10424
3 9201 10068 10424
3 9420 9972 10306
3 9939 9226 10309
3 10003 9414 10211
3 10243 9476 10442
3 10031 9430 10301
3 9681 9960 10298
3 10035 9399 10193
3 9580 10018 10358
3 1825 9969 10343
3 9692 10028 10406
3 9969 9487 10343
3 10143 9470 10212
3 10028 9437 10406
3 9230 9978 10399
3 9915 9351 10441
3 9436 9942 10355
3 10122 9356 10430
3 9559 10122 10430
3 9953 9552 10426
3 10025 9432 10261
3 9232 9953 10426
3 10212 9470 10225
3 9432 10027 10261
3 10441 9475 10450
3 9700 10194 10262
3 9972 9288 10306
3 9990 9240 10283
3 9984 9515 10293
3 9549 10195 10337
3 9509 9983 10404
3 9966 9316 10360
3 9180 10064 10293
3 9514 10172 10328
3 10172 9544 10328
3 9274 9999 10320
3 10195 9510 10337
3 9511 9975 10340
3 9244 10025 10261
3 1134 9968 10356
3 9994 9352 10311
3 10034 9269 10344
3 9468 10034 10344
3 10103 9559 10430
3 10237 9446 10253
3 9531 10237 10253
3 9378 10008 10418
3 9445 10156 10446
3 9959 9410 10435
3 9174 10207 10394
3 10041 9403 10268
3 9544 10067 10238
3 10107 9446 10432
3 9477 10223 10292
3 10223 9534 10292
3 10060 9272 10406
3 9175 10075 10303
3 10075 9474 10303
3 10158 9180 10293
3 9515 10158 10293
3 10005 1623 10333
3 10120 9219 10220
3 9261 9984 10433
3 9654 10093 10258
3 10093 9441 10258
3 9463 10143 10212
3 10018 9297 10358
3 10008 9457 10418
3 10171 465 10255
3 10062 9357 10331
3 486 10177 10263
3 9437 10000 10413
3 9772 10062 10331
3 9475 10385 10450
3 9334 10212 10225
3 10385 9610 10450
3 9407 10121 10240
3 9498 10171 10255
3 9731 10254 10388
3 10177 9507 10263
3 10076 9405 10387
3 9571 10272 10411
3 10113 9464 10271
3 10040 9465 10429
3 9181 10040 10429
3 10221 9498 10383
3 10089 9401 10351
3 10235 9501 10264
3 9583 10221 10383
3 9244 10103 10415
3 9437 10060 10406
3 2170 10102 10324
3 9643 10276 10380
3 10194 9406 10262
3 1935 10239 10370
3 9405 10139 10387
3 10239 9542 10370
3 10110 9619 10433
3 10264 9501 10283
3 10281 9628 10345
3 9507 10191 10352
3 10191 9585 10352
3 9500 10235 10264
3 9465 10087 10429
3 10181 9647 10428
3 9198 10181 10428
3 10310 9581 10416
3 10103 9459 10415
3 9254 10273 10375
3 9505 10314 10327
3 10139 9534 10387
3 9240 10264 10283
3 10314 9546 10327
3 10158 9515 10375
3 9340 10150 10392
3 10267 9509 10404
3 10207 9450 10394
3 10156 2262 10446
3 9443 10281 10345
3 9656 10447 10449
3 10254 9435 10388
3 10447 9473 10449
3 10276 9178 10380
3 9275 10267 10404
3 10272 9481 10411
3 9482 10310 10416
3 10398 9590 10434
3 9457 10381 10418
3 10381 9652 10418
3 9506 10398 10434
3 10585 10613 2231
3 10530 10600 10467
3 10535 10630 10494
3 10491 10608 10530
3 10467 10637 10530
3 2231 10613 2232
3 10530 10637 10491
3 10454 10650 10539
3 10539 10650 10498
3 10518 10677 10621
3 10483 10745 10531
3 10658 10701 10566
3 10540 10653 10455
3 10499 10653 10540
3 10582 10632 10516
3 2224 10541 2226
3 2064 10679 10589
3 10516 10669 10582
3 10582 10669 10466
3 10538 10611 2077
3 10597 10705 10537
3 2220 10654 10535
3 10502 10593 10585
3 10480 10632 10582
3 10485 10641 10547
3 10531 10707 10483
3 2064 10589 2067
3 2263 10549 2260
3 10485 10705 10597
3 10585 10593 10488
3 10624 10765 10666
3 10478 10658 10566
3 10552 10563 10473
3 10491 10643 10538
3 10518 10621 10588
3 10553 10564 10457
3 10479 10603 10542
3 10542 10719 10479
3 10494 10640 10535
3 10624 10666 10515
3 2056 10710 10674
3 10502 10663 10546
3 10546 10663 10471
3 10543 10600 10486
3 10625 10706 10534
3 2256 10555 2254
3 1208 10557 1210
3 1219 10558 1221
3 10506 10706 10625
3 10535 10640 2220
3 10455 10652 10540
3 1208 10690 10557
3 10558 10691 1221
3 10674 10692 2061
3 10503 10701 10658
3 10540 10726 10570
3 10570 10726 10476
3 10526 10723 10562
3 10485 10762 10641
3 10481 10584 10544
3 10475 10724 10573
3 10579 10660 10452
3 10723 10754 10562
3 10573 10724 10539
3 10529 10660 10579
3 10488 10621 10536
3 10503 10563 10552
3 10538 10676 10491
3 10544 10771 10481
3 10536 10613 10488
3 10481 10564 10553
3 10571 10735 2070
3 10509 10668 10662
3 2279 10560 2277
3 10543 10594 10458
3 10486 10594 10543
3 10550 10586 10477
3 10538 10599 10489
3 10568 10661 10508
3 10509 10662 10569
3 2068 10571 2070
3 10459 10593 10546
3 10555 10694 2254
3 10513 10631 10607
3 10489 10611 10538
3 2263 10670 10549
3 10531 10757 10647
3 2077 10676 10538
3 10661 10682 10508
3 10554 10730 10510
3 2224 10605 10541
3 10548 10718 10521
3 10468 10718 10548
3 2059 10674 2061
3 10556 10633 10496
3 10621 10677 10470
3 10535 10753 10630
3 10563 10659 10454
3 2056 10674 2059
3 10481 10771 10564
3 10484 10572 10567
3 10556 10746 10633
3 10583 10745 10483
3 10546 10593 10502
3 10560 10728 2277
3 10594 10730 10554
3 10674 10710 10537
3 10543 10619 10493
3 10541 10602 2226
3 10458 10619 10543
3 10590 10607 10495
3 10493 10748 10543
3 10498 10644 10539
3 10666 10765 10466
3 10539 10629 10454
3 10462 10635 10573
3 10573 10635 10504
3 10567 10572 10483
3 10540 10645 10499
3 10557 10690 10508
3 10509 10691 10558
3 10503 10659 10563
3 10541 10704 10471
3 10578 10733 10609
3 10577 10590 10495
3 10715 10755 10554
3 10471 10663 10541
3 10537 10736 10597
3 10474 10715 10554
3 10607 10631 10495
3 2252 10638 102
3 104 10639 2217
3 10530 10735 10571
3 102 10638 1203
3 1227 10639 104
3 10579 10582 10529
3 10521 10629 10548
3 10513 10607 10551
3 10491 10637 10551
3 2077 10611 2079
3 10578 10609 10493
3 10492 10667 10553
3 10571 10600 10530
3 10553 10581 10481
3 10567 10580 10457
3 10647 10757 10478
3 1204 10568 1207
3 1223 10569 1224
3 10681 10760 10592
3 2267 10749 10642
3 2267 10642 2264
3 10549 10598 2260
3 2239 10565 2240
3 10589 10679 10510
3 10482 10771 10678
3 10546 10689 10459
3 10523 10728 10560
3 10484 10681 10592
3 10563 10742 10473
3 10525 10617 10587
3 10587 10617 10463
3 10482 10678 10575
3 10520 10755 10715
3 2218 10654 2220
3 10487 10626 10560
3 10586 10751 10477
3 10570 10635 10462
3 10507 10635 10570
3 10614 10642 10533
3 10497 10642 10614
3 10483 10580 10567
3 10572 10616 10483
3 10564 10606 10457
3 10477 10695 10550
3 10497 10671 10549
3 10633 10746 10455
3 10549 10671 10473
3 2284 10596 2283
3 10457 10752 10553
3 10454 10743 10563
3 10550 10709 10512
3 10456 10709 10550
3 10528 10692 10674
3 10471 10664 10546
3 10652 10726 10540
3 10489 10763 10576
3 10547 10636 10485
3 10494 10630 10595
3 10595 10630 10514
3 10471 10595 10556
3 10556 10595 10514
3 10567 10680 10484
3 10550 10601 10456
3 10458 10594 10554
3 10512 10722 10550
3 10479 10732 10603
3 10680 10681 10484
3 10588 10593 10459
3 10596 10763 10489
3 10538 10643 10599
3 10557 10610 1210
3 10583 10651 10452
3 10511 10651 10583
3 10553 10667 10581
3 10596 10737 2283
3 10505 10718 10672
3 10560 10626 10523
3 10551 10607 10460
3 10548 10682 10468
3 10473 10696 10549
3 10609 10733 10453
3 10577 10626 10487
3 10480 10582 10579
3 10479 10719 10587
3 2275 10575 2273
3 10483 10616 10583
3 10549 10670 10497
3 10627 10718 10505
3 10543 10748 10600
3 2252 10694 10638
3 10636 10715 10474
3 10456 10729 10721
3 10572 10623 10464
3 10482 10606 10564
3 10560 10740 10487
3 10601 10729 10456
3 10461 10701 10552
3 10552 10701 10503
3 10461 10614 10581
3 10621 10702 10536
3 10501 10753 10654
3 10460 10607 10590
3 10547 10715 10636
3 10576 10611 10489
3 1219 10620 10558
3 10628 10748 10493
3 2063 10692 10561
3 2254 10694 2252
3 10571 10708 10486
3 10587 10697 10479
3 10617 10741 10714
3 10608 10735 10530
3 10637 10688 10551
3 10460 10648 10599
3 10483 10707 10580
3 10556 10664 10471
3 10496 10664 10556
3 10476 10693 10570
3 10570 10693 10507
3 10460 10643 10551
3 10660 10757 10531
3 10582 10765 10529
3 2242 10646 10625
3 10551 10643 10491
3 10617 10714 10463
3 10553 10752 10492
3 10559 10622 10490
3 10487 10590 10577
3 10486 10600 10571
3 10484 10623 10572
3 2256 10665 10555
3 10555 10665 10505
3 10554 10727 10474
3 10510 10727 10554
3 10557 10711 10475
3 10508 10711 10557
3 10552 10731 10461
3 10551 10688 10513
3 2264 10670 2263
3 10470 10702 10621
3 10574 10632 10480
3 10496 10632 10574
3 10559 10619 10458
3 2239 10687 10565
3 10709 10725 10522
3 10642 10670 2264
3 10473 10671 10552
3 10561 10679 2063
3 10458 10622 10559
3 10634 10709 10522
3 10490 10695 10559
3 10453 10631 10609
3 10609 10631 10513
3 10491 10676 10608
3 10476 10716 10558
3 10558 10716 10509
3 10564 10771 10482
3 10678 10713 2271
3 10573 10684 10475
3 10554 10755 10458
3 10459 10689 10574
3 10475 10684 10557
3 10488 10613 10585
3 10570 10645 10540
3 10678 10771 10544
3 10505 10672 10555
3 10514 10746 10556
3 10508 10690 10568
3 10569 10691 10509
3 10568 10690 1207
3 1223 10691 10569
3 10656 10723 10511
3 10464 10616 10572
3 10587 10719 10525
3 2279 10740 10560
3 10486 10708 10589
3 10648 10712 10599
3 10488 10593 10588
3 10504 10684 10573
3 10477 10683 10559
3 2226 10602 2229
3 10550 10695 10601
3 10550 10722 10586
3 10584 10713 10544
3 10662 10668 10469
3 10591 10606 10482
3 10561 10727 10510
3 10561 10739 10727
3 10727 10739 10474
3 10487 10740 10604
3 1210 10610 1212
3 10539 10644 10573
3 10630 10753 10469
3 10591 10686 10524
3 10465 10686 10591
3 2260 10598 2259
3 10641 10762 10534
3 10462 10645 10570
3 10569 10699 1224
3 1204 10698 10568
3 10566 10647 10478
3 10654 10753 10535
3 10562 10655 10526
3 10558 10693 10476
3 10573 10644 10462
3 2275 10728 10575
3 10625 10646 10506
3 10461 10667 10566
3 10716 10726 10545
3 10565 10646 2240
3 10584 10734 10533
3 10481 10734 10584
3 10492 10647 10566
3 2231 10700 10585
3 10575 10728 10523
3 10605 10640 10494
3 10583 10616 10511
3 10544 10713 10678
3 10606 10680 10457
3 10559 10695 10477
3 10614 10734 10581
3 10510 10679 10561
3 10453 10760 10631
3 2247 10597 2249
3 10687 10732 10565
3 10631 10760 10756
3 2061 10692 2063
3 10506 10697 10587
3 10513 10628 10609
3 10566 10667 10492
3 10569 10662 10501
3 10500 10661 10568
3 2229 10700 2231
3 10534 10706 10641
3 10527 10737 10596
3 10465 10626 10577
3 10612 10635 10507
3 10504 10635 10612
3 10532 10760 10681
3 10524 10680 10606
3 10480 10655 10574
3 10521 10743 10629
3 10463 10714 10641
3 10641 10714 10547
3 10524 10606 10591
3 10501 10699 10569
3 10568 10698 10500
3 2222 10605 2224
3 10580 10752 10457
3 10566 10701 10461
3 1216 10620 1219
3 10548 10724 10711
3 2240 10646 2242
3 10472 10754 10723
3 2073 10608 2075
3 10457 10680 10567
3 2234 10649 2236
3 10605 10704 10541
3 10513 10688 10628
3 10493 10683 10578
3 10524 10681 10680
3 2220 10640 2222
3 10468 10682 10661
3 10592 10623 10484
3 10642 10749 10533
3 10492 10752 10580
3 10495 10657 10577
3 10588 10621 10488
3 10471 10704 10595
3 10584 10749 2268
3 2068 10708 10571
3 10574 10772 10459
3 10466 10765 10582
3 10476 10726 10716
3 2273 10678 2271
3 2063 10679 2064
3 10577 10657 10465
3 10511 10723 10651
3 152 10710 2056
3 2250 10710 152
3 2075 10676 2077
3 10711 10724 10475
3 10581 10667 10461
3 10624 10658 10478
3 10515 10658 10624
3 2242 10625 2245
3 10519 10623 10592
3 10596 10712 10527
3 10489 10712 10596
3 10575 10703 10482
3 10523 10703 10575
3 10565 10732 10697
3 10633 10653 10516
3 10455 10653 10633
3 10697 10732 10479
3 2268 10749 2267
3 1203 10698 1204
3 1224 10699 1227
3 10616 10673 10511
3 10487 10768 10590
3 10576 10770 10611
3 10623 10758 10464
3 10574 10689 10496
3 10603 10732 10517
3 10601 10695 10490
3 2247 10717 10597
3 10499 10618 10615
3 10615 10618 10498
3 10597 10736 2249
3 10514 10720 10652
3 10652 10720 10545
3 10575 10678 2273
3 10598 10665 2259
3 10505 10665 10598
3 10494 10704 10605
3 10578 10751 10519
3 10477 10751 10578
3 2281 10740 2279
3 10578 10683 10477
3 10590 10648 10460
3 2073 10735 10608
3 10609 10628 10493
3 10549 10696 10598
3 10517 10732 10687
3 10464 10673 10616
3 2287 10769 10763
3 10452 10761 10579
3 10579 10764 10480
3 10604 10740 2281
3 10763 10769 10576
3 10545 10726 10652
3 10517 10702 10603
3 10603 10702 10470
3 10462 10644 10618
3 10599 10643 10460
3 10467 10688 10637
3 10625 10717 2245
3 10626 10750 10523
3 10519 10733 10578
3 10589 10708 2067
3 10466 10669 10615
3 10587 10706 10506
3 10463 10706 10587
3 10534 10717 10625
3 10472 10656 10634
3 10634 10656 10512
3 2222 10640 10605
3 1214 10744 1216
3 10557 10684 10610
3 10541 10663 10602
3 10618 10645 10462
3 2234 10766 10649
3 10628 10688 10467
3 2067 10708 2068
3 10638 10698 1203
3 1227 10699 10639
3 10619 10683 10493
3 10600 10748 10467
3 10580 10707 10492
3 10615 10666 10466
3 10662 10753 10501
3 1212 10738 1214
3 10590 10768 10648
3 10602 10700 2229
3 10585 10700 10502
3 2259 10665 2256
3 10496 10633 10632
3 10632 10633 10516
3 10474 10739 10636
3 10668 10716 10545
3 2268 10713 10584
3 10472 10723 10656
3 10650 10659 10515
3 10454 10659 10650
3 10533 10734 10614
3 10459 10747 10588
3 10588 10747 10518
3 10618 10644 10498
3 10717 10762 10597
3 10499 10645 10618
3 10581 10734 10481
3 10501 10767 10639
3 10661 10759 10468
3 10592 10733 10519
3 10453 10733 10592
3 10586 10722 10464
3 10559 10683 10619
3 10612 10744 1214
3 2283 10737 2281
3 10638 10694 10500
3 10602 10663 10502
3 2232 10766 2234
3 10685 10725 10542
3 10468 10759 10672
3 10654 10767 10501
3 10668 10720 10469
3 10545 10720 10668
3 10634 10675 10472
3 10461 10731 10614
3 10522 10675 10634
3 10452 10745 10583
3 10536 10702 10649
3 10649 10702 10517
3 10533 10749 10584
3 10603 10685 10542
3 1214 10738 10612
3 10464 10758 10586
3 10714 10741 10520
3 10656 10673 10512
3 10497 10670 10642
3 2281 10737 10604
3 10598 10696 10505
3 2236 10687 2239
3 2287 10763 2284
3 10591 10750 10465
3 10482 10703 10591
3 1207 10690 1208
3 1221 10691 1223
3 10599 10712 10489
3 10522 10725 10685
3 2271 10713 2268
3 10498 10666 10615
3 10747 10754 10518
3 10620 10693 10558
3 10589 10730 10486
3 10510 10730 10589
3 10658 10659 10503
3 10515 10659 10658
3 10608 10676 2075
3 10470 10685 10603
3 10636 10705 10485
3 10515 10666 10650
3 10650 10666 10498
3 10528 10705 10636
3 10586 10758 10751
3 10751 10758 10519
3 10613 10766 2232
3 10615 10669 10499
3 10502 10700 10602
3 10595 10704 10494
3 10694 10759 10500
3 2245 10717 2247
3 10555 10759 10694
3 10525 10729 10617
3 10617 10729 10490
3 10721 10729 10525
3 2277 10728 2275
3 2081 10769 143
3 143 10769 2287
3 10610 10684 10504
3 10562 10754 10747
3 2070 10735 2073
3 10672 10718 10468
3 2249 10736 2250
3 10486 10730 10594
3 10653 10669 10516
3 10499 10669 10653
3 10504 10738 10610
3 10649 10766 10536
3 10636 10739 10528
3 10592 10760 10453
3 10505 10696 10627
3 10612 10738 10504
3 2079 10770 2081
3 2217 10767 2218
3 10649 10687 2236
3 10517 10687 10649
3 10647 10707 10531
3 10492 10707 10647
3 10629 10743 10454
3 10622 10741 10490
3 10490 10729 10601
3 10548 10711 10682
3 10507 10693 10620
3 2284 10763 10596
3 10657 10686 10465
3 10532 10686 10657
3 10597 10762 10485
3 10507 10744 10612
3 10604 10768 10487
3 10527 10768 10604
3 10627 10696 10473
3 10511 10673 10656
3 10673 10722 10512
3 10456 10725 10709
3 10604 10737 10527
3 10458 10755 10622
3 10524 10686 10681
3 10681 10686 10532
3 10465 10750 10626
3 10620 10744 10507
3 10565 10697 10646
3 10614 10731 10497
3 10500 10698 10638
3 10639 10699 10501
3 10610 10738 1212
3 10611 10770 2079
3 10520 10741 10622
3 10646 10697 10506
3 10675 10677 10518
3 10522 10677 10675
3 10537 10705 10674
3 10674 10705 10528
3 10521 10718 10627
3 10629 10724 10548
3 10512 10709 10634
3 10563 10743 10742
3 10742 10743 10521
3 10664 10689 10546
3 10496 10689 10664
3 10624 10757 10529
3 10478 10757 10624
3 10490 10741 10617
3 10630 10720 10514
3 10469 10720 10630
3 10641 10706 10463
3 10495 10756 10657
3 10539 10724 10629
3 10473 10742 10627
3 10627 10742 10521
3 10536 10766 10613
3 1216 10744 10620
3 10677 10685 10470
3 10522 10685 10677
3 10527 10712 10648
3 10655 10772 10574
3 10622 10755 10520
3 10519 10758 10623
3 10652 10746 10514
3 10467 10748 10628
3 10529 10765 10624
3 10769 10770 10576
3 2081 10770 10769
3 10651 10723 10526
3 10542 10725 10721
3 10721 10725 10456
3 10464 10722 10673
3 10657 10756 10532
3 10660 10745 10452
3 10531 10745 10660
3 10631 10756 10495
3 10518 10754 10675
3 10534 10762 10717
3 10528 10739 10692
3 10692 10739 10561
3 10756 10760 10532
3 10703 10750 10591
3 10639 10767 2217
3 10509 10716 10668
3 10455 10746 10652
3 10497 10731 10671
3 10682 10711 10508
3 10562 10772 10655
3 10651 10761 10452
3 10459 10772 10747
3 10747 10772 10562
3 10542 10721 10719
3 10719 10721 10525
3 10480 10764 10655
3 10671 10731 10552
3 10648 10768 10527
3 10526 10761 10651
3 10655 10764 10526
3 2218 10767 10654
3 10500 10759 10661
3 10469 10753 10662
3 10529 10757 10660
3 10714 10715 10547
3 10520 10715 10714
3 2250 10736 10710
3 10710 10736 10537
3 10675 10754 10472
3 10672 10759 10555
3 10523 10750 10703
3 10526 10764 10761
3 10761 10764 10579
