OFF
11701 23008 0
-3.8100000000 37.9090210000 5.0800000000
-3.3020000000 32.8544850000 0.0000000000
-3.3020000000 -32.8544850000 0.0000000000
-3.8100000000 -37.9090210000 5.0800000000
122.4280000000 45.4908260000 0.0000000000
121.9200000000 50.5453620000 5.0800000000
121.9200000000 -50.5453620000 5.0800000000
122.4280000000 -45.4908260000 0.0000000000
9.4188380000 -28.9882030000 0.0000000000
9.4188380000 -28.9882030000 0.0000000000
9.4188380000 -28.9882030000 0.0000000000
30.4800000000 0.0000000000 0.0000000000
30.4800000000 0.0000000000 0.0000000000
30.4800000000 0.0000000000 0.0000000000
9.4188380000 28.9882030000 0.0000000000
9.4188380000 28.9882030000 0.0000000000
9.4188380000 28.9882030000 0.0000000000
-24.6588380000 17.9156940000 0.0000000000
-24.6588380000 17.9156940000 0.0000000000
-24.6588380000 17.9156940000 0.0000000000
-24.6588380000 -17.9156940000 0.0000000000
-24.6588380000 -17.9156940000 0.0000000000
-24.6588380000 -17.9156940000 0.0000000000
-3.8100000000 37.9090210000 20.3200000000
-3.8100000000 -37.9090210000 20.3200000000
121.9200000000 -50.5453620000 20.3200000000
121.9200000000 50.5453620000 20.3200000000
122.4280000000 45.4908260000 25.4000000000
-3.3020000000 32.8544850000 25.4000000000
-3.3020000000 -32.8544850000 25.4000000000
122.4280000000 -45.4908260000 25.4000000000
9.4188380000 -28.9882030000 19.0500000000
9.4188380000 -28.9882030000 19.0500000000
9.4188380000 -28.9882030000 19.0500000000
30.4800000000 0.0000000000 19.0500000000
30.4800000000 0.0000000000 19.0500000000
30.4800000000 0.0000000000 19.0500000000
-24.6588380000 -17.9156940000 19.0500000000
-24.6588380000 -17.9156940000 19.0500000000
-24.6588380000 -17.9156940000 19.0500000000
-24.6588380000 17.9156940000 19.0500000000
-24.6588380000 17.9156940000 19.0500000000
-24.6588380000 17.9156940000 19.0500000000
9.4188380000 28.9882030000 19.0500000000
9.4188380000 28.9882030000 19.0500000000
9.4188380000 28.9882030000 19.0500000000
-3.7713310000 37.5242680000 3.1359680000
-3.6612100000 36.4285820000 1.4878980000
-3.4964030000 34.7887720000 0.3866920000
-5.6484010000 32.5333060000 0.0000000000
-7.9657460000 32.0447700000 0.0000000000
-10.2421140000 31.3913920000 0.0000000000
-12.4657950000 30.5765330000 0.0000000000
-14.6253500000 29.6043840000 0.0000000000
-16.7096710000 28.4799460000 0.0000000000
-18.7080350000 27.2090030000 0.0000000000
-20.6101620000 25.7980940000 0.0000000000
-22.4062680000 24.2544750000 0.0000000000
-24.0871130000 22.5860890000 0.0000000000
-25.6440500000 20.8015160000 0.0000000000
-27.0690720000 18.9099380000 0.0000000000
-28.3548460000 16.9210850000 0.0000000000
-29.4947590000 14.8451870000 0.0000000000
-30.4829470000 12.6929240000 0.0000000000
-31.3143270000 10.4753660000 0.0000000000
-31.9846220000 8.2039220000 0.0000000000
-32.4903840000 5.8902760000 0.0000000000
-32.8290110000 3.5463300000 0.0000000000
-32.9987610000 1.1841400000 0.0000000000
-32.9987610000 -1.1841400000 0.0000000000
-32.8290110000 -3.5463300000 0.0000000000
-32.4903840000 -5.8902760000 0.0000000000
-31.9846220000 -8.2039220000 0.0000000000
-31.3143270000 -10.4753660000 0.0000000000
-30.4829470000 -12.6929240000 0.0000000000
-29.4947590000 -14.8451870000 0.0000000000
-28.3548460000 -16.9210850000 0.0000000000
-27.0690720000 -18.9099380000 0.0000000000
-25.6440500000 -20.8015160000 0.0000000000
-24.0871130000 -22.5860890000 0.0000000000
-22.4062680000 -24.2544750000 0.0000000000
-20.6101620000 -25.7980940000 0.0000000000
-18.7080350000 -27.2090030000 0.0000000000
-16.7096710000 -28.4799460000 0.0000000000
-14.6253500000 -29.6043840000 0.0000000000
-12.4657950000 -30.5765330000 0.0000000000
-10.2421140000 -31.3913920000 0.0000000000
-7.9657460000 -32.0447700000 0.0000000000
-5.6484010000 -32.5333060000 0.0000000000
-3.7713310000 -37.5242680000 3.1359680000
-3.6612100000 -36.4285820000 1.4878980000
-3.4964030000 -34.7887720000 0.3866920000
-6.1733390000 37.5965410000 5.0800000000
-8.5125090000 37.1368710000 5.0800000000
-10.8183530000 36.5318110000 5.0800000000
-13.0818430000 35.7837310000 5.0800000000
-15.2941180000 34.8955580000 5.0800000000
-17.4465180000 33.8707690000 5.0800000000
-19.5306140000 32.7133780000 5.0800000000
-21.5382490000 31.4279150000 5.0800000000
-23.4615620000 30.0194120000 5.0800000000
-25.2930240000 28.4933840000 5.0800000000
-27.0254640000 26.8558050000 5.0800000000
-28.6521010000 25.1130870000 5.0800000000
-30.1665650000 23.2720510000 5.0800000000
-31.5629280000 21.3399060000 5.0800000000
-32.8357220000 19.3242160000 5.0800000000
-33.9799660000 17.2328720000 5.0800000000
-34.9911800000 15.0740620000 5.0800000000
-35.8654030000 12.8562370000 5.0800000000
-36.5992150000 10.5880810000 5.0800000000
-37.1897420000 8.2784720000 5.0800000000
-37.6346720000 5.9364540000 5.0800000000
-37.9322630000 3.5711940000 5.0800000000
-38.0813500000 1.1919540000 5.0800000000
-38.0813500000 -1.1919540000 5.0800000000
-37.9322630000 -3.5711940000 5.0800000000
-37.6346720000 -5.9364540000 5.0800000000
-37.1897420000 -8.2784720000 5.0800000000
-36.5992150000 -10.5880810000 5.0800000000
-35.8654030000 -12.8562370000 5.0800000000
-34.9911800000 -15.0740620000 5.0800000000
-33.9799660000 -17.2328720000 5.0800000000
-32.8357220000 -19.3242160000 5.0800000000
-31.5629280000 -21.3399060000 5.0800000000
-30.1665650000 -23.2720510000 5.0800000000
-28.6521010000 -25.1130870000 5.0800000000
-27.0254640000 -26.8558050000 5.0800000000
-25.2930240000 -28.4933840000 5.0800000000
-23.4615620000 -30.0194120000 5.0800000000
-21.5382490000 -31.4279150000 5.0800000000
-19.5306140000 -32.7133780000 5.0800000000
-17.4465180000 -33.8707690000 5.0800000000
-15.2941180000 -34.8955580000 5.0800000000
-13.0818430000 -35.7837310000 5.0800000000
-10.8183530000 -36.5318110000 5.0800000000
-8.5125090000 -37.1368710000 5.0800000000
-6.1733390000 -37.5965410000 5.0800000000
122.2335970000 47.4251130000 0.3866920000
122.0687900000 49.0649220000 1.4878980000
121.9586690000 50.1606080000 3.1359680000
124.3038880000 -50.7284040000 5.0800000000
126.6937480000 -50.7990770000 5.0800000000
129.0842870000 -50.7572240000 5.0800000000
131.4702080000 -50.6029370000 5.0800000000
133.8462280000 -50.3365590000 5.0800000000
136.2070820000 -49.9586790000 5.0800000000
138.5475410000 -49.4701350000 5.0800000000
140.8624220000 -48.8720090000 5.0800000000
143.1465950000 -48.1656250000 5.0800000000
145.3950020000 -47.3525490000 5.0800000000
147.6026620000 -46.4345810000 5.0800000000
149.7646840000 -45.4137550000 5.0800000000
151.8762800000 -44.2923320000 5.0800000000
153.9327720000 -43.0727970000 5.0800000000
155.9296040000 -41.7578500000 5.0800000000
157.8623540000 -40.3504040000 5.0800000000
159.7267400000 -38.8535770000 5.0800000000
161.5186330000 -37.2706850000 5.0800000000
163.2340630000 -35.6052340000 5.0800000000
164.8692300000 -33.8609130000 5.0800000000
166.4205120000 -32.0415870000 5.0800000000
167.8844720000 -30.1512840000 5.0800000000
169.2578690000 -28.1941920000 5.0800000000
170.5376600000 -26.1746470000 5.0800000000
171.7210100000 -24.0971220000 5.0800000000
172.8052970000 -21.9662190000 5.0800000000
173.7881200000 -19.7866590000 5.0800000000
174.6673010000 -17.5632680000 5.0800000000
175.4408940000 -15.3009730000 5.0800000000
176.1071850000 -13.0047840000 5.0800000000
176.6646970000 -10.6797880000 5.0800000000
177.1121960000 -8.3311350000 5.0800000000
177.4486910000 -5.9640280000 5.0800000000
177.6734350000 -3.5837090000 5.0800000000
177.7859320000 -1.1954520000 5.0800000000
177.7859320000 1.1954520000 5.0800000000
177.6734350000 3.5837090000 5.0800000000
177.4486910000 5.9640280000 5.0800000000
177.1121960000 8.3311350000 5.0800000000
176.6646970000 10.6797880000 5.0800000000
176.1071850000 13.0047840000 5.0800000000
175.4408940000 15.3009730000 5.0800000000
174.6673010000 17.5632680000 5.0800000000
173.7881200000 19.7866590000 5.0800000000
172.8052970000 21.9662190000 5.0800000000
171.7210100000 24.0971220000 5.0800000000
170.5376600000 26.1746470000 5.0800000000
169.2578690000 28.1941920000 5.0800000000
167.8844720000 30.1512840000 5.0800000000
166.4205120000 32.0415870000 5.0800000000
164.8692300000 33.8609130000 5.0800000000
163.2340630000 35.6052340000 5.0800000000
161.5186330000 37.2706850000 5.0800000000
159.7267400000 38.8535770000 5.0800000000
157.8623540000 40.3504040000 5.0800000000
155.9296040000 41.7578500000 5.0800000000
153.9327720000 43.0727970000 5.0800000000
151.8762800000 44.2923320000 5.0800000000
149.7646840000 45.4137550000 5.0800000000
147.6026620000 46.4345810000 5.0800000000
145.3950020000 47.3525490000 5.0800000000
143.1465950000 48.1656250000 5.0800000000
140.8624220000 48.8720090000 5.0800000000
138.5475410000 49.4701350000 5.0800000000
136.2070820000 49.9586790000 5.0800000000
133.8462280000 50.3365590000 5.0800000000
131.4702080000 50.6029370000 5.0800000000
129.0842870000 50.7572240000 5.0800000000
126.6937480000 50.7990770000 5.0800000000
124.3038880000 50.7284040000 5.0800000000
122.2335970000 -47.4251130000 0.3866920000
122.0687900000 -49.0649220000 1.4878980000
121.9586690000 -50.1606080000 3.1359680000
124.8085750000 -45.6674510000 0.0000000000
127.1951240000 -45.7195840000 0.0000000000
129.5811410000 -45.6470820000 0.0000000000
131.9601210000 -45.4501440000 0.0000000000
134.3255800000 -45.1293060000 0.0000000000
136.6710700000 -44.6854430000 0.0000000000
138.9901950000 -44.1197650000 0.0000000000
141.2766340000 -43.4338130000 0.0000000000
143.5241540000 -42.6294590000 0.0000000000
145.7266280000 -41.7088930000 0.0000000000
147.8780530000 -40.6746270000 0.0000000000
149.9725620000 -39.5294800000 0.0000000000
152.0044470000 -38.2765730000 0.0000000000
153.9681690000 -36.9193210000 0.0000000000
155.8583730000 -35.4614250000 0.0000000000
157.6699080000 -33.9068590000 0.0000000000
159.3978350000 -32.2598620000 0.0000000000
161.0374440000 -30.5249210000 0.0000000000
162.5842640000 -28.7067680000 0.0000000000
164.0340800000 -26.8103590000 0.0000000000
165.3829380000 -24.8408630000 0.0000000000
166.6271620000 -22.8036490000 0.0000000000
167.7633600000 -20.7042720000 0.0000000000
168.7884350000 -18.5484530000 0.0000000000
169.6995920000 -16.3420700000 0.0000000000
170.4943470000 -14.0911370000 0.0000000000
171.1705350000 -11.8017910000 0.0000000000
171.7263100000 -9.4802730000 0.0000000000
172.1601590000 -7.1329110000 0.0000000000
172.4708990000 -4.7661040000 0.0000000000
172.6576820000 -2.3863050000 0.0000000000
172.7200000000 0.0000000000 0.0000000000
172.6576820000 2.3863050000 0.0000000000
172.4708990000 4.7661040000 0.0000000000
172.1601590000 7.1329110000 0.0000000000
171.7263100000 9.4802730000 0.0000000000
171.1705350000 11.8017910000 0.0000000000
170.4943470000 14.0911370000 0.0000000000
169.6995920000 16.3420700000 0.0000000000
168.7884350000 18.5484530000 0.0000000000
167.7633600000 20.7042720000 0.0000000000
166.6271620000 22.8036490000 0.0000000000
165.3829380000 24.8408630000 0.0000000000
164.0340800000 26.8103590000 0.0000000000
162.5842640000 28.7067680000 0.0000000000
161.0374440000 30.5249210000 0.0000000000
159.3978350000 32.2598620000 0.0000000000
157.6699080000 33.9068590000 0.0000000000
155.8583730000 35.4614250000 0.0000000000
153.9681690000 36.9193210000 0.0000000000
152.0044470000 38.2765730000 0.0000000000
149.9725620000 39.5294800000 0.0000000000
147.8780530000 40.6746270000 0.0000000000
145.7266280000 41.7088930000 0.0000000000
143.5241540000 42.6294590000 0.0000000000
141.2766340000 43.4338130000 0.0000000000
138.9901950000 44.1197650000 0.0000000000
136.6710700000 44.6854430000 0.0000000000
134.3255800000 45.1293060000 0.0000000000
131.9601210000 45.4501440000 0.0000000000
129.5811410000 45.6470820000 0.0000000000
127.1951240000 45.7195840000 0.0000000000
124.8085750000 45.6674510000 0.0000000000
-0.9297360000 33.0929070000 0.0000000000
1.4425280000 33.3313280000 0.0000000000
3.8147920000 33.5697500000 0.0000000000
6.1870570000 33.8081710000 0.0000000000
8.5593210000 34.0465930000 0.0000000000
10.9315850000 34.2850140000 0.0000000000
13.3038490000 34.5234360000 0.0000000000
15.6761130000 34.7618570000 0.0000000000
18.0483770000 35.0002790000 0.0000000000
20.4206420000 35.2387000000 0.0000000000
22.7929060000 35.4771220000 0.0000000000
25.1651700000 35.7155430000 0.0000000000
27.5374340000 35.9539650000 0.0000000000
29.9096980000 36.1923860000 0.0000000000
32.2819620000 36.4308080000 0.0000000000
34.6542260000 36.6692290000 0.0000000000
37.0264910000 36.9076510000 0.0000000000
39.3987550000 37.1460720000 0.0000000000
41.7710190000 37.3844940000 0.0000000000
44.1432830000 37.6229160000 0.0000000000
46.5155470000 37.8613370000 0.0000000000
48.8878110000 38.0997590000 0.0000000000
51.2600750000 38.3381800000 0.0000000000
53.6323400000 38.5766020000 0.0000000000
56.0046040000 38.8150230000 0.0000000000
58.3768680000 39.0534450000 0.0000000000
60.7491320000 39.2918660000 0.0000000000
63.1213960000 39.5302880000 0.0000000000
65.4936600000 39.7687090000 0.0000000000
67.8659250000 40.0071310000 0.0000000000
70.2381890000 40.2455520000 0.0000000000
72.6104530000 40.4839740000 0.0000000000
74.9827170000 40.7223950000 0.0000000000
77.3549810000 40.9608170000 0.0000000000
79.7272450000 41.1992380000 0.0000000000
82.0995090000 41.4376600000 0.0000000000
84.4717740000 41.6760810000 0.0000000000
86.8440380000 41.9145030000 0.0000000000
89.2163020000 42.1529240000 0.0000000000
91.5885660000 42.3913460000 0.0000000000
93.9608300000 42.6297670000 0.0000000000
96.3330940000 42.8681890000 0.0000000000
98.7053580000 43.1066100000 0.0000000000
101.0776230000 43.3450320000 0.0000000000
103.4498870000 43.5834530000 0.0000000000
105.8221510000 43.8218750000 0.0000000000
108.1944150000 44.0602970000 0.0000000000
110.5666790000 44.2987180000 0.0000000000
112.9389430000 44.5371400000 0.0000000000
115.3112080000 44.7755610000 0.0000000000
117.6834720000 45.0139830000 0.0000000000
120.0557360000 45.2524040000 0.0000000000
-1.4377360000 38.1474430000 5.0800000000
0.9345280000 38.3858640000 5.0800000000
3.3067920000 38.6242860000 5.0800000000
5.6790570000 38.8627070000 5.0800000000
8.0513210000 39.1011290000 5.0800000000
10.4235850000 39.3395500000 5.0800000000
12.7958490000 39.5779720000 5.0800000000
15.1681130000 39.8163930000 5.0800000000
17.5403770000 40.0548150000 5.0800000000
19.9126420000 40.2932370000 5.0800000000
22.2849060000 40.5316580000 5.0800000000
24.6571700000 40.7700800000 5.0800000000
27.0294340000 41.0085010000 5.0800000000
29.4016980000 41.2469230000 5.0800000000
31.7739620000 41.4853440000 5.0800000000
34.1462260000 41.7237660000 5.0800000000
36.5184910000 41.9621870000 5.0800000000
38.8907550000 42.2006090000 5.0800000000
41.2630190000 42.4390300000 5.0800000000
43.6352830000 42.6774520000 5.0800000000
46.0075470000 42.9158730000 5.0800000000
48.3798110000 43.1542950000 5.0800000000
50.7520750000 43.3927160000 5.0800000000
53.1243400000 43.6311380000 5.0800000000
55.4966040000 43.8695590000 5.0800000000
57.8688680000 44.1079810000 5.0800000000
60.2411320000 44.3464020000 5.0800000000
62.6133960000 44.5848240000 5.0800000000
64.9856600000 44.8232450000 5.0800000000
67.3579250000 45.0616670000 5.0800000000
69.7301890000 45.3000880000 5.0800000000
72.1024530000 45.5385100000 5.0800000000
74.4747170000 45.7769310000 5.0800000000
76.8469810000 46.0153530000 5.0800000000
79.2192450000 46.2537740000 5.0800000000
81.5915090000 46.4921960000 5.0800000000
83.9637740000 46.7306180000 5.0800000000
86.3360380000 46.9690390000 5.0800000000
88.7083020000 47.2074610000 5.0800000000
91.0805660000 47.4458820000 5.0800000000
93.4528300000 47.6843040000 5.0800000000
95.8250940000 47.9227250000 5.0800000000
98.1973580000 48.1611470000 5.0800000000
100.5696230000 48.3995680000 5.0800000000
102.9418870000 48.6379900000 5.0800000000
105.3141510000 48.8764110000 5.0800000000
107.6864150000 49.1148330000 5.0800000000
110.0586790000 49.3532540000 5.0800000000
112.4309430000 49.5916760000 5.0800000000
114.8032080000 49.8300970000 5.0800000000
117.1754720000 50.0685190000 5.0800000000
119.5477360000 50.3069400000 5.0800000000
-0.9297360000 -33.0929070000 0.0000000000
1.4425280000 -33.3313280000 0.0000000000
3.8147920000 -33.5697500000 0.0000000000
6.1870570000 -33.8081710000 0.0000000000
8.5593210000 -34.0465930000 0.0000000000
10.9315850000 -34.2850140000 0.0000000000
13.3038490000 -34.5234360000 0.0000000000
15.6761130000 -34.7618570000 0.0000000000
18.0483770000 -35.0002790000 0.0000000000
20.4206420000 -35.2387000000 0.0000000000
22.7929060000 -35.4771220000 0.0000000000
25.1651700000 -35.7155430000 0.0000000000
27.5374340000 -35.9539650000 0.0000000000
29.9096980000 -36.1923860000 0.0000000000
32.2819620000 -36.4308080000 0.0000000000
34.6542260000 -36.6692290000 0.0000000000
37.0264910000 -36.9076510000 0.0000000000
39.3987550000 -37.1460720000 0.0000000000
41.7710190000 -37.3844940000 0.0000000000
44.1432830000 -37.6229160000 0.0000000000
46.5155470000 -37.8613370000 0.0000000000
48.8878110000 -38.0997590000 0.0000000000
51.2600750000 -38.3381800000 0.0000000000
53.6323400000 -38.5766020000 0.0000000000
56.0046040000 -38.8150230000 0.0000000000
58.3768680000 -39.0534450000 0.0000000000
60.7491320000 -39.2918660000 0.0000000000
63.1213960000 -39.5302880000 0.0000000000
65.4936600000 -39.7687090000 0.0000000000
67.8659250000 -40.0071310000 0.0000000000
70.2381890000 -40.2455520000 0.0000000000
72.6104530000 -40.4839740000 0.0000000000
74.9827170000 -40.7223950000 0.0000000000
77.3549810000 -40.9608170000 0.0000000000
79.7272450000 -41.1992380000 0.0000000000
82.0995090000 -41.4376600000 0.0000000000
84.4717740000 -41.6760810000 0.0000000000
86.8440380000 -41.9145030000 0.0000000000
89.2163020000 -42.1529240000 0.0000000000
91.5885660000 -42.3913460000 0.0000000000
93.9608300000 -42.6297670000 0.0000000000
96.3330940000 -42.8681890000 0.0000000000
98.7053580000 -43.1066100000 0.0000000000
101.0776230000 -43.3450320000 0.0000000000
103.4498870000 -43.5834530000 0.0000000000
105.8221510000 -43.8218750000 0.0000000000
108.1944150000 -44.0602970000 0.0000000000
110.5666790000 -44.2987180000 0.0000000000
112.9389430000 -44.5371400000 0.0000000000
115.3112080000 -44.7755610000 0.0000000000
117.6834720000 -45.0139830000 0.0000000000
120.0557360000 -45.2524040000 0.0000000000
10.8229150000 -27.0556560000 0.0000000000
10.8229150000 -27.0556560000 0.0000000000
12.2269930000 -25.1231090000 0.0000000000
12.2269930000 -25.1231090000 0.0000000000
13.6310700000 -23.1905620000 0.0000000000
13.6310700000 -23.1905620000 0.0000000000
15.0351480000 -21.2580150000 0.0000000000
15.0351480000 -21.2580150000 0.0000000000
16.4392250000 -19.3254680000 0.0000000000
16.4392250000 -19.3254680000 0.0000000000
17.8433030000 -17.3929220000 0.0000000000
17.8433030000 -17.3929220000 0.0000000000
19.2473800000 -15.4603750000 0.0000000000
19.2473800000 -15.4603750000 0.0000000000
20.6514580000 -13.5278280000 0.0000000000
20.6514580000 -13.5278280000 0.0000000000
22.0555350000 -11.5952810000 0.0000000000
22.0555350000 -11.5952810000 0.0000000000
23.4596130000 -9.6627340000 0.0000000000
23.4596130000 -9.6627340000 0.0000000000
24.8636900000 -7.7301870000 0.0000000000
24.8636900000 -7.7301870000 0.0000000000
26.2677680000 -5.7976410000 0.0000000000
26.2677680000 -5.7976410000 0.0000000000
27.6718450000 -3.8650940000 0.0000000000
27.6718450000 -3.8650940000 0.0000000000
29.0759230000 -1.9325470000 0.0000000000
29.0759230000 -1.9325470000 0.0000000000
29.0759230000 1.9325470000 0.0000000000
29.0759230000 1.9325470000 0.0000000000
27.6718450000 3.8650940000 0.0000000000
27.6718450000 3.8650940000 0.0000000000
26.2677680000 5.7976410000 0.0000000000
26.2677680000 5.7976410000 0.0000000000
24.8636900000 7.7301870000 0.0000000000
24.8636900000 7.7301870000 0.0000000000
23.4596130000 9.6627340000 0.0000000000
23.4596130000 9.6627340000 0.0000000000
22.0555350000 11.5952810000 0.0000000000
22.0555350000 11.5952810000 0.0000000000
20.6514580000 13.5278280000 0.0000000000
20.6514580000 13.5278280000 0.0000000000
19.2473800000 15.4603750000 0.0000000000
19.2473800000 15.4603750000 0.0000000000
17.8433030000 17.3929220000 0.0000000000
17.8433030000 17.3929220000 0.0000000000
16.4392250000 19.3254680000 0.0000000000
16.4392250000 19.3254680000 0.0000000000
15.0351480000 21.2580150000 0.0000000000
15.0351480000 21.2580150000 0.0000000000
13.6310700000 23.1905620000 0.0000000000
13.6310700000 23.1905620000 0.0000000000
12.2269930000 25.1231090000 0.0000000000
12.2269930000 25.1231090000 0.0000000000
10.8229150000 27.0556560000 0.0000000000
10.8229150000 27.0556560000 0.0000000000
7.1469930000 28.2500350000 0.0000000000
7.1469930000 28.2500350000 0.0000000000
4.8751480000 27.5118680000 0.0000000000
4.8751480000 27.5118680000 0.0000000000
2.6033030000 26.7737010000 0.0000000000
2.6033030000 26.7737010000 0.0000000000
0.3314580000 26.0355340000 0.0000000000
0.3314580000 26.0355340000 0.0000000000
-1.9403870000 25.2973670000 0.0000000000
-1.9403870000 25.2973670000 0.0000000000
-4.2122320000 24.5591990000 0.0000000000
-4.2122320000 24.5591990000 0.0000000000
-6.4840770000 23.8210320000 0.0000000000
-6.4840770000 23.8210320000 0.0000000000
-8.7559230000 23.0828650000 0.0000000000
-8.7559230000 23.0828650000 0.0000000000
-11.0277680000 22.3446980000 0.0000000000
-11.0277680000 22.3446980000 0.0000000000
-13.2996130000 21.6065310000 0.0000000000
-13.2996130000 21.6065310000 0.0000000000
-15.5714580000 20.8683630000 0.0000000000
-15.5714580000 20.8683630000 0.0000000000
-17.8433030000 20.1301960000 0.0000000000
-17.8433030000 20.1301960000 0.0000000000
-20.1151480000 19.3920290000 0.0000000000
-20.1151480000 19.3920290000 0.0000000000
-22.3869930000 18.6538620000 0.0000000000
-22.3869930000 18.6538620000 0.0000000000
-24.6588380000 15.5269350000 0.0000000000
-24.6588380000 15.5269350000 0.0000000000
-24.6588380000 13.1381760000 0.0000000000
-24.6588380000 13.1381760000 0.0000000000
-24.6588380000 10.7494170000 0.0000000000
-24.6588380000 10.7494170000 0.0000000000
-24.6588380000 8.3606570000 0.0000000000
-24.6588380000 8.3606570000 0.0000000000
-24.6588380000 5.9718980000 0.0000000000
-24.6588380000 5.9718980000 0.0000000000
-24.6588380000 3.5831390000 0.0000000000
-24.6588380000 3.5831390000 0.0000000000
-24.6588380000 1.1943800000 0.0000000000
-24.6588380000 1.1943800000 0.0000000000
-24.6588380000 -1.1943800000 0.0000000000
-24.6588380000 -1.1943800000 0.0000000000
-24.6588380000 -3.5831390000 0.0000000000
-24.6588380000 -3.5831390000 0.0000000000
-24.6588380000 -5.9718980000 0.0000000000
-24.6588380000 -5.9718980000 0.0000000000
-24.6588380000 -8.3606570000 0.0000000000
-24.6588380000 -8.3606570000 0.0000000000
-24.6588380000 -10.7494170000 0.0000000000
-24.6588380000 -10.7494170000 0.0000000000
-24.6588380000 -13.1381760000 0.0000000000
-24.6588380000 -13.1381760000 0.0000000000
-24.6588380000 -15.5269350000 0.0000000000
-24.6588380000 -15.5269350000 0.0000000000
-22.3869930000 -18.6538620000 0.0000000000
-22.3869930000 -18.6538620000 0.0000000000
-20.1151480000 -19.3920290000 0.0000000000
-20.1151480000 -19.3920290000 0.0000000000
-17.8433030000 -20.1301960000 0.0000000000
-17.8433030000 -20.1301960000 0.0000000000
-15.5714580000 -20.8683630000 0.0000000000
-15.5714580000 -20.8683630000 0.0000000000
-13.2996130000 -21.6065310000 0.0000000000
-13.2996130000 -21.6065310000 0.0000000000
-11.0277680000 -22.3446980000 0.0000000000
-11.0277680000 -22.3446980000 0.0000000000
-8.7559230000 -23.0828650000 0.0000000000
-8.7559230000 -23.0828650000 0.0000000000
-6.4840770000 -23.8210320000 0.0000000000
-6.4840770000 -23.8210320000 0.0000000000
-4.2122320000 -24.5591990000 0.0000000000
-4.2122320000 -24.5591990000 0.0000000000
-1.9403870000 -25.2973670000 0.0000000000
-1.9403870000 -25.2973670000 0.0000000000
0.3314580000 -26.0355340000 0.0000000000
0.3314580000 -26.0355340000 0.0000000000
2.6033030000 -26.7737010000 0.0000000000
2.6033030000 -26.7737010000 0.0000000000
4.8751480000 -27.5118680000 0.0000000000
4.8751480000 -27.5118680000 0.0000000000
7.1469930000 -28.2500350000 0.0000000000
7.1469930000 -28.2500350000 0.0000000000
-3.8100000000 37.9090210000 18.1428570000
-3.8100000000 37.9090210000 15.9657140000
-3.8100000000 37.9090210000 13.7885710000
-3.8100000000 37.9090210000 11.6114290000
-3.8100000000 37.9090210000 9.4342860000
-3.8100000000 37.9090210000 7.2571430000
-3.8100000000 -37.9090210000 18.1428570000
-3.8100000000 -37.9090210000 15.9657140000
-3.8100000000 -37.9090210000 13.7885710000
-3.8100000000 -37.9090210000 11.6114290000
-3.8100000000 -37.9090210000 9.4342860000
-3.8100000000 -37.9090210000 7.2571430000
-6.1733390000 37.5965410000 20.3200000000
-8.5125090000 37.1368710000 20.3200000000
-10.8183530000 36.5318110000 20.3200000000
-13.0818430000 35.7837310000 20.3200000000
-15.2941180000 34.8955580000 20.3200000000
-17.4465180000 33.8707690000 20.3200000000
-19.5306140000 32.7133780000 20.3200000000
-21.5382490000 31.4279150000 20.3200000000
-23.4615620000 30.0194120000 20.3200000000
-25.2930240000 28.4933840000 20.3200000000
-27.0254640000 26.8558050000 20.3200000000
-28.6521010000 25.1130870000 20.3200000000
-30.1665650000 23.2720510000 20.3200000000
-31.5629280000 21.3399060000 20.3200000000
-32.8357220000 19.3242160000 20.3200000000
-33.9799660000 17.2328720000 20.3200000000
-34.9911800000 15.0740620000 20.3200000000
-35.8654030000 12.8562370000 20.3200000000
-36.5992150000 10.5880810000 20.3200000000
-37.1897420000 8.2784720000 20.3200000000
-37.6346720000 5.9364540000 20.3200000000
-37.9322630000 3.5711940000 20.3200000000
-38.0813500000 1.1919540000 20.3200000000
-38.0813500000 -1.1919540000 20.3200000000
-37.9322630000 -3.5711940000 20.3200000000
-37.6346720000 -5.9364540000 20.3200000000
-37.1897420000 -8.2784720000 20.3200000000
-36.5992150000 -10.5880810000 20.3200000000
-35.8654030000 -12.8562370000 20.3200000000
-34.9911800000 -15.0740620000 20.3200000000
-33.9799660000 -17.2328720000 20.3200000000
-32.8357220000 -19.3242160000 20.3200000000
-31.5629280000 -21.3399060000 20.3200000000
-30.1665650000 -23.2720510000 20.3200000000
-28.6521010000 -25.1130870000 20.3200000000
-27.0254640000 -26.8558050000 20.3200000000
-25.2930240000 -28.4933840000 20.3200000000
-23.4615620000 -30.0194120000 20.3200000000
-21.5382490000 -31.4279150000 20.3200000000
-19.5306140000 -32.7133780000 20.3200000000
-17.4465180000 -33.8707690000 20.3200000000
-15.2941180000 -34.8955580000 20.3200000000
-13.0818430000 -35.7837310000 20.3200000000
-10.8183530000 -36.5318110000 20.3200000000
-8.5125090000 -37.1368710000 20.3200000000
-6.1733390000 -37.5965410000 20.3200000000
121.9200000000 -50.5453620000 18.1428570000
121.9200000000 -50.5453620000 15.9657140000
121.9200000000 -50.5453620000 13.7885710000
121.9200000000 -50.5453620000 11.6114290000
121.9200000000 -50.5453620000 9.4342860000
121.9200000000 -50.5453620000 7.2571430000
121.9200000000 50.5453620000 18.1428570000
121.9200000000 50.5453620000 15.9657140000
121.9200000000 50.5453620000 13.7885710000
121.9200000000 50.5453620000 11.6114290000
121.9200000000 50.5453620000 9.4342860000
121.9200000000 50.5453620000 7.2571430000
124.3038880000 -50.7284040000 20.3200000000
126.6937480000 -50.7990770000 20.3200000000
129.0842870000 -50.7572240000 20.3200000000
131.4702080000 -50.6029370000 20.3200000000
133.8462280000 -50.3365590000 20.3200000000
136.2070820000 -49.9586790000 20.3200000000
138.5475410000 -49.4701350000 20.3200000000
140.8624220000 -48.8720090000 20.3200000000
143.1465950000 -48.1656250000 20.3200000000
145.3950020000 -47.3525490000 20.3200000000
147.6026620000 -46.4345810000 20.3200000000
149.7646840000 -45.4137550000 20.3200000000
151.8762800000 -44.2923320000 20.3200000000
153.9327720000 -43.0727970000 20.3200000000
155.9296040000 -41.7578500000 20.3200000000
157.8623540000 -40.3504040000 20.3200000000
159.7267400000 -38.8535770000 20.3200000000
161.5186330000 -37.2706850000 20.3200000000
163.2340630000 -35.6052340000 20.3200000000
164.8692300000 -33.8609130000 20.3200000000
166.4205120000 -32.0415870000 20.3200000000
167.8844720000 -30.1512840000 20.3200000000
169.2578690000 -28.1941920000 20.3200000000
170.5376600000 -26.1746470000 20.3200000000
171.7210100000 -24.0971220000 20.3200000000
172.8052970000 -21.9662190000 20.3200000000
173.7881200000 -19.7866590000 20.3200000000
174.6673010000 -17.5632680000 20.3200000000
175.4408940000 -15.3009730000 20.3200000000
176.1071850000 -13.0047840000 20.3200000000
176.6646970000 -10.6797880000 20.3200000000
177.1121960000 -8.3311350000 20.3200000000
177.4486910000 -5.9640280000 20.3200000000
177.6734350000 -3.5837090000 20.3200000000
177.7859320000 -1.1954520000 20.3200000000
177.7859320000 1.1954520000 20.3200000000
177.6734350000 3.5837090000 20.3200000000
177.4486910000 5.9640280000 20.3200000000
177.1121960000 8.3311350000 20.3200000000
176.6646970000 10.6797880000 20.3200000000
176.1071850000 13.0047840000 20.3200000000
175.4408940000 15.3009730000 20.3200000000
174.6673010000 17.5632680000 20.3200000000
173.7881200000 19.7866590000 20.3200000000
172.8052970000 21.9662190000 20.3200000000
171.7210100000 24.0971220000 20.3200000000
170.5376600000 26.1746470000 20.3200000000
169.2578690000 28.1941920000 20.3200000000
167.8844720000 30.1512840000 20.3200000000
166.4205120000 32.0415870000 20.3200000000
164.8692300000 33.8609130000 20.3200000000
163.2340630000 35.6052340000 20.3200000000
161.5186330000 37.2706850000 20.3200000000
159.7267400000 38.8535770000 20.3200000000
157.8623540000 40.3504040000 20.3200000000
155.9296040000 41.7578500000 20.3200000000
153.9327720000 43.0727970000 20.3200000000
151.8762800000 44.2923320000 20.3200000000
149.7646840000 45.4137550000 20.3200000000
147.6026620000 46.4345810000 20.3200000000
145.3950020000 47.3525490000 20.3200000000
143.1465950000 48.1656250000 20.3200000000
140.8624220000 48.8720090000 20.3200000000
138.5475410000 49.4701350000 20.3200000000
136.2070820000 49.9586790000 20.3200000000
133.8462280000 50.3365590000 20.3200000000
131.4702080000 50.6029370000 20.3200000000
129.0842870000 50.7572240000 20.3200000000
126.6937480000 50.7990770000 20.3200000000
124.3038880000 50.7284040000 20.3200000000
-1.4377360000 -38.1474430000 5.0800000000
0.9345280000 -38.3858640000 5.0800000000
3.3067920000 -38.6242860000 5.0800000000
5.6790570000 -38.8627070000 5.0800000000
8.0513210000 -39.1011290000 5.0800000000
10.4235850000 -39.3395500000 5.0800000000
12.7958490000 -39.5779720000 5.0800000000
15.1681130000 -39.8163930000 5.0800000000
17.5403770000 -40.0548150000 5.0800000000
19.9126420000 -40.2932370000 5.0800000000
22.2849060000 -40.5316580000 5.0800000000
24.6571700000 -40.7700800000 5.0800000000
27.0294340000 -41.0085010000 5.0800000000
29.4016980000 -41.2469230000 5.0800000000
31.7739620000 -41.4853440000 5.0800000000
34.1462260000 -41.7237660000 5.0800000000
36.5184910000 -41.9621870000 5.0800000000
38.8907550000 -42.2006090000 5.0800000000
41.2630190000 -42.4390300000 5.0800000000
43.6352830000 -42.6774520000 5.0800000000
46.0075470000 -42.9158730000 5.0800000000
48.3798110000 -43.1542950000 5.0800000000
50.7520750000 -43.3927160000 5.0800000000
53.1243400000 -43.6311380000 5.0800000000
55.4966040000 -43.8695590000 5.0800000000
57.8688680000 -44.1079810000 5.0800000000
60.2411320000 -44.3464020000 5.0800000000
62.6133960000 -44.5848240000 5.0800000000
64.9856600000 -44.8232450000 5.0800000000
67.3579250000 -45.0616670000 5.0800000000
69.7301890000 -45.3000880000 5.0800000000
72.1024530000 -45.5385100000 5.0800000000
74.4747170000 -45.7769310000 5.0800000000
76.8469810000 -46.0153530000 5.0800000000
79.2192450000 -46.2537740000 5.0800000000
81.5915090000 -46.4921960000 5.0800000000
83.9637740000 -46.7306180000 5.0800000000
86.3360380000 -46.9690390000 5.0800000000
88.7083020000 -47.2074610000 5.0800000000
91.0805660000 -47.4458820000 5.0800000000
93.4528300000 -47.6843040000 5.0800000000
95.8250940000 -47.9227250000 5.0800000000
98.1973580000 -48.1611470000 5.0800000000
100.5696230000 -48.3995680000 5.0800000000
102.9418870000 -48.6379900000 5.0800000000
105.3141510000 -48.8764110000 5.0800000000
107.6864150000 -49.1148330000 5.0800000000
110.0586790000 -49.3532540000 5.0800000000
112.4309430000 -49.5916760000 5.0800000000
114.8032080000 -49.8300970000 5.0800000000
117.1754720000 -50.0685190000 5.0800000000
119.5477360000 -50.3069400000 5.0800000000
-1.4377360000 -38.1474430000 20.3200000000
0.9345280000 -38.3858640000 20.3200000000
3.3067920000 -38.6242860000 20.3200000000
5.6790570000 -38.8627070000 20.3200000000
8.0513210000 -39.1011290000 20.3200000000
10.4235850000 -39.3395500000 20.3200000000
12.7958490000 -39.5779720000 20.3200000000
15.1681130000 -39.8163930000 20.3200000000
17.5403770000 -40.0548150000 20.3200000000
19.9126420000 -40.2932370000 20.3200000000
22.2849060000 -40.5316580000 20.3200000000
24.6571700000 -40.7700800000 20.3200000000
27.0294340000 -41.0085010000 20.3200000000
29.4016980000 -41.2469230000 20.3200000000
31.7739620000 -41.4853440000 20.3200000000
34.1462260000 -41.7237660000 20.3200000000
36.5184910000 -41.9621870000 20.3200000000
38.8907550000 -42.2006090000 20.3200000000
41.2630190000 -42.4390300000 20.3200000000
43.6352830000 -42.6774520000 20.3200000000
46.0075470000 -42.9158730000 20.3200000000
48.3798110000 -43.1542950000 20.3200000000
50.7520750000 -43.3927160000 20.3200000000
53.1243400000 -43.6311380000 20.3200000000
55.4966040000 -43.8695590000 20.3200000000
57.8688680000 -44.1079810000 20.3200000000
60.2411320000 -44.3464020000 20.3200000000
62.6133960000 -44.5848240000 20.3200000000
64.9856600000 -44.8232450000 20.3200000000
67.3579250000 -45.0616670000 20.3200000000
69.7301890000 -45.3000880000 20.3200000000
72.1024530000 -45.5385100000 20.3200000000
74.4747170000 -45.7769310000 20.3200000000
76.8469810000 -46.0153530000 20.3200000000
79.2192450000 -46.2537740000 20.3200000000
81.5915090000 -46.4921960000 20.3200000000
83.9637740000 -46.7306180000 20.3200000000
86.3360380000 -46.9690390000 20.3200000000
88.7083020000 -47.2074610000 20.3200000000
91.0805660000 -47.4458820000 20.3200000000
93.4528300000 -47.6843040000 20.3200000000
95.8250940000 -47.9227250000 20.3200000000
98.1973580000 -48.1611470000 20.3200000000
100.5696230000 -48.3995680000 20.3200000000
102.9418870000 -48.6379900000 20.3200000000
105.3141510000 -48.8764110000 20.3200000000
107.6864150000 -49.1148330000 20.3200000000
110.0586790000 -49.3532540000 20.3200000000
112.4309430000 -49.5916760000 20.3200000000
114.8032080000 -49.8300970000 20.3200000000
117.1754720000 -50.0685190000 20.3200000000
119.5477360000 -50.3069400000 20.3200000000
-1.4377360000 38.1474430000 20.3200000000
0.9345280000 38.3858640000 20.3200000000
3.3067920000 38.6242860000 20.3200000000
5.6790570000 38.8627070000 20.3200000000
8.0513210000 39.1011290000 20.3200000000
10.4235850000 39.3395500000 20.3200000000
12.7958490000 39.5779720000 20.3200000000
15.1681130000 39.8163930000 20.3200000000
17.5403770000 40.0548150000 20.3200000000
19.9126420000 40.2932370000 20.3200000000
22.2849060000 40.5316580000 20.3200000000
24.6571700000 40.7700800000 20.3200000000
27.0294340000 41.0085010000 20.3200000000
29.4016980000 41.2469230000 20.3200000000
31.7739620000 41.4853440000 20.3200000000
34.1462260000 41.7237660000 20.3200000000
36.5184910000 41.9621870000 20.3200000000
38.8907550000 42.2006090000 20.3200000000
41.2630190000 42.4390300000 20.3200000000
43.6352830000 42.6774520000 20.3200000000
46.0075470000 42.9158730000 20.3200000000
48.3798110000 43.1542950000 20.3200000000
50.7520750000 43.3927160000 20.3200000000
53.1243400000 43.6311380000 20.3200000000
55.4966040000 43.8695590000 20.3200000000
57.8688680000 44.1079810000 20.3200000000
60.2411320000 44.3464020000 20.3200000000
62.6133960000 44.5848240000 20.3200000000
64.9856600000 44.8232450000 20.3200000000
67.3579250000 45.0616670000 20.3200000000
69.7301890000 45.3000880000 20.3200000000
72.1024530000 45.5385100000 20.3200000000
74.4747170000 45.7769310000 20.3200000000
76.8469810000 46.0153530000 20.3200000000
79.2192450000 46.2537740000 20.3200000000
81.5915090000 46.4921960000 20.3200000000
83.9637740000 46.7306180000 20.3200000000
86.3360380000 46.9690390000 20.3200000000
88.7083020000 47.2074610000 20.3200000000
91.0805660000 47.4458820000 20.3200000000
93.4528300000 47.6843040000 20.3200000000
95.8250940000 47.9227250000 20.3200000000
98.1973580000 48.1611470000 20.3200000000
100.5696230000 48.3995680000 20.3200000000
102.9418870000 48.6379900000 20.3200000000
105.3141510000 48.8764110000 20.3200000000
107.6864150000 49.1148330000 20.3200000000
110.0586790000 49.3532540000 20.3200000000
112.4309430000 49.5916760000 20.3200000000
114.8032080000 49.8300970000 20.3200000000
117.1754720000 50.0685190000 20.3200000000
119.5477360000 50.3069400000 20.3200000000
121.9586690000 50.1606080000 22.2640320000
122.0687900000 49.0649220000 23.9121020000
122.2335970000 47.4251130000 25.0133080000
-3.4964030000 34.7887720000 25.0133080000
-3.6612100000 36.4285820000 23.9121020000
-3.7713310000 37.5242680000 22.2640320000
-0.9297360000 33.0929070000 25.4000000000
1.4425280000 33.3313280000 25.4000000000
3.8147920000 33.5697500000 25.4000000000
6.1870570000 33.8081710000 25.4000000000
8.5593210000 34.0465930000 25.4000000000
10.9315850000 34.2850140000 25.4000000000
13.3038490000 34.5234360000 25.4000000000
15.6761130000 34.7618570000 25.4000000000
18.0483770000 35.0002790000 25.4000000000
20.4206420000 35.2387000000 25.4000000000
22.7929060000 35.4771220000 25.4000000000
25.1651700000 35.7155430000 25.4000000000
27.5374340000 35.9539650000 25.4000000000
29.9096980000 36.1923860000 25.4000000000
32.2819620000 36.4308080000 25.4000000000
34.6542260000 36.6692290000 25.4000000000
37.0264910000 36.9076510000 25.4000000000
39.3987550000 37.1460720000 25.4000000000
41.7710190000 37.3844940000 25.4000000000
44.1432830000 37.6229160000 25.4000000000
46.5155470000 37.8613370000 25.4000000000
48.8878110000 38.0997590000 25.4000000000
51.2600750000 38.3381800000 25.4000000000
53.6323400000 38.5766020000 25.4000000000
56.0046040000 38.8150230000 25.4000000000
58.3768680000 39.0534450000 25.4000000000
60.7491320000 39.2918660000 25.4000000000
63.1213960000 39.5302880000 25.4000000000
65.4936600000 39.7687090000 25.4000000000
67.8659250000 40.0071310000 25.4000000000
70.2381890000 40.2455520000 25.4000000000
72.6104530000 40.4839740000 25.4000000000
74.9827170000 40.7223950000 25.4000000000
77.3549810000 40.9608170000 25.4000000000
79.7272450000 41.1992380000 25.4000000000
82.0995090000 41.4376600000 25.4000000000
84.4717740000 41.6760810000 25.4000000000
86.8440380000 41.9145030000 25.4000000000
89.2163020000 42.1529240000 25.4000000000
91.5885660000 42.3913460000 25.4000000000
93.9608300000 42.6297670000 25.4000000000
96.3330940000 42.8681890000 25.4000000000
98.7053580000 43.1066100000 25.4000000000
101.0776230000 43.3450320000 25.4000000000
103.4498870000 43.5834530000 25.4000000000
105.8221510000 43.8218750000 25.4000000000
108.1944150000 44.0602970000 25.4000000000
110.5666790000 44.2987180000 25.4000000000
112.9389430000 44.5371400000 25.4000000000
115.3112080000 44.7755610000 25.4000000000
117.6834720000 45.0139830000 25.4000000000
120.0557360000 45.2524040000 25.4000000000
-3.4964030000 -34.7887720000 25.0133080000
-3.6612100000 -36.4285820000 23.9121020000
-3.7713310000 -37.5242680000 22.2640320000
-5.6484010000 32.5333060000 25.4000000000
-7.9657460000 32.0447700000 25.4000000000
-10.2421140000 31.3913920000 25.4000000000
-12.4657950000 30.5765330000 25.4000000000
-14.6253500000 29.6043840000 25.4000000000
-16.7096710000 28.4799460000 25.4000000000
-18.7080350000 27.2090030000 25.4000000000
-20.6101620000 25.7980940000 25.4000000000
-22.4062680000 24.2544750000 25.4000000000
-24.0871130000 22.5860890000 25.4000000000
-25.6440500000 20.8015160000 25.4000000000
-27.0690720000 18.9099380000 25.4000000000
-28.3548460000 16.9210850000 25.4000000000
-29.4947590000 14.8451870000 25.4000000000
-30.4829470000 12.6929240000 25.4000000000
-31.3143270000 10.4753660000 25.4000000000
-31.9846220000 8.2039220000 25.4000000000
-32.4903840000 5.8902760000 25.4000000000
-32.8290110000 3.5463300000 25.4000000000
-32.9987610000 1.1841400000 25.4000000000
-32.9987610000 -1.1841400000 25.4000000000
-32.8290110000 -3.5463300000 25.4000000000
-32.4903840000 -5.8902760000 25.4000000000
-31.9846220000 -8.2039220000 25.4000000000
-31.3143270000 -10.4753660000 25.4000000000
-30.4829470000 -12.6929240000 25.4000000000
-29.4947590000 -14.8451870000 25.4000000000
-28.3548460000 -16.9210850000 25.4000000000
-27.0690720000 -18.9099380000 25.4000000000
-25.6440500000 -20.8015160000 25.4000000000
-24.0871130000 -22.5860890000 25.4000000000
-22.4062680000 -24.2544750000 25.4000000000
-20.6101620000 -25.7980940000 25.4000000000
-18.7080350000 -27.2090030000 25.4000000000
-16.7096710000 -28.4799460000 25.4000000000
-14.6253500000 -29.6043840000 25.4000000000
-12.4657950000 -30.5765330000 25.4000000000
-10.2421140000 -31.3913920000 25.4000000000
-7.9657460000 -32.0447700000 25.4000000000
-5.6484010000 -32.5333060000 25.4000000000
124.8085750000 -45.6674510000 25.4000000000
127.1951240000 -45.7195840000 25.4000000000
129.5811410000 -45.6470820000 25.4000000000
131.9601210000 -45.4501440000 25.4000000000
134.3255800000 -45.1293060000 25.4000000000
136.6710700000 -44.6854430000 25.4000000000
138.9901950000 -44.1197650000 25.4000000000
141.2766340000 -43.4338130000 25.4000000000
143.5241540000 -42.6294590000 25.4000000000
145.7266280000 -41.7088930000 25.4000000000
147.8780530000 -40.6746270000 25.4000000000
149.9725620000 -39.5294800000 25.4000000000
152.0044470000 -38.2765730000 25.4000000000
153.9681690000 -36.9193210000 25.4000000000
155.8583730000 -35.4614250000 25.4000000000
157.6699080000 -33.9068590000 25.4000000000
159.3978350000 -32.2598620000 25.4000000000
161.0374440000 -30.5249210000 25.4000000000
162.5842640000 -28.7067680000 25.4000000000
164.0340800000 -26.8103590000 25.4000000000
165.3829380000 -24.8408630000 25.4000000000
166.6271620000 -22.8036490000 25.4000000000
167.7633600000 -20.7042720000 25.4000000000
168.7884350000 -18.5484530000 25.4000000000
169.6995920000 -16.3420700000 25.4000000000
170.4943470000 -14.0911370000 25.4000000000
171.1705350000 -11.8017910000 25.4000000000
171.7263100000 -9.4802730000 25.4000000000
172.1601590000 -7.1329110000 25.4000000000
172.4708990000 -4.7661040000 25.4000000000
172.6576820000 -2.3863050000 25.4000000000
172.7200000000 0.0000000000 25.4000000000
172.6576820000 2.3863050000 25.4000000000
172.4708990000 4.7661040000 25.4000000000
172.1601590000 7.1329110000 25.4000000000
171.7263100000 9.4802730000 25.4000000000
171.1705350000 11.8017910000 25.4000000000
170.4943470000 14.0911370000 25.4000000000
169.6995920000 16.3420700000 25.4000000000
168.7884350000 18.5484530000 25.4000000000
167.7633600000 20.7042720000 25.4000000000
166.6271620000 22.8036490000 25.4000000000
165.3829380000 24.8408630000 25.4000000000
164.0340800000 26.8103590000 25.4000000000
162.5842640000 28.7067680000 25.4000000000
161.0374440000 30.5249210000 25.4000000000
159.3978350000 32.2598620000 25.4000000000
157.6699080000 33.9068590000 25.4000000000
155.8583730000 35.4614250000 25.4000000000
153.9681690000 36.9193210000 25.4000000000
152.0044470000 38.2765730000 25.4000000000
149.9725620000 39.5294800000 25.4000000000
147.8780530000 40.6746270000 25.4000000000
145.7266280000 41.7088930000 25.4000000000
143.5241540000 42.6294590000 25.4000000000
141.2766340000 43.4338130000 25.4000000000
138.9901950000 44.1197650000 25.4000000000
136.6710700000 44.6854430000 25.4000000000
134.3255800000 45.1293060000 25.4000000000
131.9601210000 45.4501440000 25.4000000000
129.5811410000 45.6470820000 25.4000000000
127.1951240000 45.7195840000 25.4000000000
124.8085750000 45.6674510000 25.4000000000
121.9586690000 -50.1606080000 22.2640320000
122.0687900000 -49.0649220000 23.9121020000
122.2335970000 -47.4251130000 25.0133080000
-0.9297360000 -33.0929070000 25.4000000000
1.4425280000 -33.3313280000 25.4000000000
3.8147920000 -33.5697500000 25.4000000000
6.1870570000 -33.8081710000 25.4000000000
8.5593210000 -34.0465930000 25.4000000000
10.9315850000 -34.2850140000 25.4000000000
13.3038490000 -34.5234360000 25.4000000000
15.6761130000 -34.7618570000 25.4000000000
18.0483770000 -35.0002790000 25.4000000000
20.4206420000 -35.2387000000 25.4000000000
22.7929060000 -35.4771220000 25.4000000000
25.1651700000 -35.7155430000 25.4000000000
27.5374340000 -35.9539650000 25.4000000000
29.9096980000 -36.1923860000 25.4000000000
32.2819620000 -36.4308080000 25.4000000000
34.6542260000 -36.6692290000 25.4000000000
37.0264910000 -36.9076510000 25.4000000000
39.3987550000 -37.1460720000 25.4000000000
41.7710190000 -37.3844940000 25.4000000000
44.1432830000 -37.6229160000 25.4000000000
46.5155470000 -37.8613370000 25.4000000000
48.8878110000 -38.0997590000 25.4000000000
51.2600750000 -38.3381800000 25.4000000000
53.6323400000 -38.5766020000 25.4000000000
56.0046040000 -38.8150230000 25.4000000000
58.3768680000 -39.0534450000 25.4000000000
60.7491320000 -39.2918660000 25.4000000000
63.1213960000 -39.5302880000 25.4000000000
65.4936600000 -39.7687090000 25.4000000000
67.8659250000 -40.0071310000 25.4000000000
70.2381890000 -40.2455520000 25.4000000000
72.6104530000 -40.4839740000 25.4000000000
74.9827170000 -40.7223950000 25.4000000000
77.3549810000 -40.9608170000 25.4000000000
79.7272450000 -41.1992380000 25.4000000000
82.0995090000 -41.4376600000 25.4000000000
84.4717740000 -41.6760810000 25.4000000000
86.8440380000 -41.9145030000 25.4000000000
89.2163020000 -42.1529240000 25.4000000000
91.5885660000 -42.3913460000 25.4000000000
93.9608300000 -42.6297670000 25.4000000000
96.3330940000 -42.8681890000 25.4000000000
98.7053580000 -43.1066100000 25.4000000000
101.0776230000 -43.3450320000 25.4000000000
103.4498870000 -43.5834530000 25.4000000000
105.8221510000 -43.8218750000 25.4000000000
108.1944150000 -44.0602970000 25.4000000000
110.5666790000 -44.2987180000 25.4000000000
112.9389430000 -44.5371400000 25.4000000000
115.3112080000 -44.7755610000 25.4000000000
117.6834720000 -45.0139830000 25.4000000000
120.0557360000 -45.2524040000 25.4000000000
9.4188380000 -28.9882030000 16.6687500000
9.4188380000 -28.9882030000 16.6687500000
9.4188380000 -28.9882030000 14.2875000000
9.4188380000 -28.9882030000 14.2875000000
9.4188380000 -28.9882030000 11.9062500000
9.4188380000 -28.9882030000 11.9062500000
9.4188380000 -28.9882030000 9.5250000000
9.4188380000 -28.9882030000 9.5250000000
9.4188380000 -28.9882030000 7.1437500000
9.4188380000 -28.9882030000 7.1437500000
9.4188380000 -28.9882030000 4.7625000000
9.4188380000 -28.9882030000 4.7625000000
9.4188380000 -28.9882030000 2.3812500000
9.4188380000 -28.9882030000 2.3812500000
10.8229150000 -27.0556560000 19.0500000000
10.8229150000 -27.0556560000 19.0500000000
12.2269930000 -25.1231090000 19.0500000000
12.2269930000 -25.1231090000 19.0500000000
13.6310700000 -23.1905620000 19.0500000000
13.6310700000 -23.1905620000 19.0500000000
15.0351480000 -21.2580150000 19.0500000000
15.0351480000 -21.2580150000 19.0500000000
16.4392250000 -19.3254680000 19.0500000000
16.4392250000 -19.3254680000 19.0500000000
17.8433030000 -17.3929220000 19.0500000000
17.8433030000 -17.3929220000 19.0500000000
19.2473800000 -15.4603750000 19.0500000000
19.2473800000 -15.4603750000 19.0500000000
20.6514580000 -13.5278280000 19.0500000000
20.6514580000 -13.5278280000 19.0500000000
22.0555350000 -11.5952810000 19.0500000000
22.0555350000 -11.5952810000 19.0500000000
23.4596130000 -9.6627340000 19.0500000000
23.4596130000 -9.6627340000 19.0500000000
24.8636900000 -7.7301870000 19.0500000000
24.8636900000 -7.7301870000 19.0500000000
26.2677680000 -5.7976410000 19.0500000000
26.2677680000 -5.7976410000 19.0500000000
27.6718450000 -3.8650940000 19.0500000000
27.6718450000 -3.8650940000 19.0500000000
29.0759230000 -1.9325470000 19.0500000000
29.0759230000 -1.9325470000 19.0500000000
30.4800000000 0.0000000000 16.6687500000
30.4800000000 0.0000000000 16.6687500000
30.4800000000 0.0000000000 14.2875000000
30.4800000000 0.0000000000 14.2875000000
30.4800000000 0.0000000000 11.9062500000
30.4800000000 0.0000000000 11.9062500000
30.4800000000 0.0000000000 9.5250000000
30.4800000000 0.0000000000 9.5250000000
30.4800000000 0.0000000000 7.1437500000
30.4800000000 0.0000000000 7.1437500000
30.4800000000 0.0000000000 4.7625000000
30.4800000000 0.0000000000 4.7625000000
30.4800000000 0.0000000000 2.3812500000
30.4800000000 0.0000000000 2.3812500000
-24.6588380000 -17.9156940000 16.6687500000
-24.6588380000 -17.9156940000 16.6687500000
-24.6588380000 -17.9156940000 14.2875000000
-24.6588380000 -17.9156940000 14.2875000000
-24.6588380000 -17.9156940000 11.9062500000
-24.6588380000 -17.9156940000 11.9062500000
-24.6588380000 -17.9156940000 9.5250000000
-24.6588380000 -17.9156940000 9.5250000000
-24.6588380000 -17.9156940000 7.1437500000
-24.6588380000 -17.9156940000 7.1437500000
-24.6588380000 -17.9156940000 4.7625000000
-24.6588380000 -17.9156940000 4.7625000000
-24.6588380000 -17.9156940000 2.3812500000
-24.6588380000 -17.9156940000 2.3812500000
-22.3869930000 -18.6538620000 19.0500000000
-22.3869930000 -18.6538620000 19.0500000000
-20.1151480000 -19.3920290000 19.0500000000
-20.1151480000 -19.3920290000 19.0500000000
-17.8433030000 -20.1301960000 19.0500000000
-17.8433030000 -20.1301960000 19.0500000000
-15.5714580000 -20.8683630000 19.0500000000
-15.5714580000 -20.8683630000 19.0500000000
-13.2996130000 -21.6065310000 19.0500000000
-13.2996130000 -21.6065310000 19.0500000000
-11.0277680000 -22.3446980000 19.0500000000
-11.0277680000 -22.3446980000 19.0500000000
-8.7559230000 -23.0828650000 19.0500000000
-8.7559230000 -23.0828650000 19.0500000000
-6.4840770000 -23.8210320000 19.0500000000
-6.4840770000 -23.8210320000 19.0500000000
-4.2122320000 -24.5591990000 19.0500000000
-4.2122320000 -24.5591990000 19.0500000000
-1.9403870000 -25.2973670000 19.0500000000
-1.9403870000 -25.2973670000 19.0500000000
0.3314580000 -26.0355340000 19.0500000000
0.3314580000 -26.0355340000 19.0500000000
2.6033030000 -26.7737010000 19.0500000000
2.6033030000 -26.7737010000 19.0500000000
4.8751480000 -27.5118680000 19.0500000000
4.8751480000 -27.5118680000 19.0500000000
7.1469930000 -28.2500350000 19.0500000000
7.1469930000 -28.2500350000 19.0500000000
-24.6588380000 17.9156940000 16.6687500000
-24.6588380000 17.9156940000 16.6687500000
-24.6588380000 17.9156940000 14.2875000000
-24.6588380000 17.9156940000 14.2875000000
-24.6588380000 17.9156940000 11.9062500000
-24.6588380000 17.9156940000 11.9062500000
-24.6588380000 17.9156940000 9.5250000000
-24.6588380000 17.9156940000 9.5250000000
-24.6588380000 17.9156940000 7.1437500000
-24.6588380000 17.9156940000 7.1437500000
-24.6588380000 17.9156940000 4.7625000000
-24.6588380000 17.9156940000 4.7625000000
-24.6588380000 17.9156940000 2.3812500000
-24.6588380000 17.9156940000 2.3812500000
-24.6588380000 15.5269350000 19.0500000000
-24.6588380000 15.5269350000 19.0500000000
-24.6588380000 13.1381760000 19.0500000000
-24.6588380000 13.1381760000 19.0500000000
-24.6588380000 10.7494170000 19.0500000000
-24.6588380000 10.7494170000 19.0500000000
-24.6588380000 8.3606570000 19.0500000000
-24.6588380000 8.3606570000 19.0500000000
-24.6588380000 5.9718980000 19.0500000000
-24.6588380000 5.9718980000 19.0500000000
-24.6588380000 3.5831390000 19.0500000000
-24.6588380000 3.5831390000 19.0500000000
-24.6588380000 1.1943800000 19.0500000000
-24.6588380000 1.1943800000 19.0500000000
-24.6588380000 -1.1943800000 19.0500000000
-24.6588380000 -1.1943800000 19.0500000000
-24.6588380000 -3.5831390000 19.0500000000
-24.6588380000 -3.5831390000 19.0500000000
-24.6588380000 -5.9718980000 19.0500000000
-24.6588380000 -5.9718980000 19.0500000000
-24.6588380000 -8.3606570000 19.0500000000
-24.6588380000 -8.3606570000 19.0500000000
-24.6588380000 -10.7494170000 19.0500000000
-24.6588380000 -10.7494170000 19.0500000000
-24.6588380000 -13.1381760000 19.0500000000
-24.6588380000 -13.1381760000 19.0500000000
-24.6588380000 -15.5269350000 19.0500000000
-24.6588380000 -15.5269350000 19.0500000000
9.4188380000 28.9882030000 16.6687500000
9.4188380000 28.9882030000 16.6687500000
9.4188380000 28.9882030000 14.2875000000
9.4188380000 28.9882030000 14.2875000000
9.4188380000 28.9882030000 11.9062500000
9.4188380000 28.9882030000 11.9062500000
9.4188380000 28.9882030000 9.5250000000
9.4188380000 28.9882030000 9.5250000000
9.4188380000 28.9882030000 7.1437500000
9.4188380000 28.9882030000 7.1437500000
9.4188380000 28.9882030000 4.7625000000
9.4188380000 28.9882030000 4.7625000000
9.4188380000 28.9882030000 2.3812500000
9.4188380000 28.9882030000 2.3812500000
7.1469930000 28.2500350000 19.0500000000
7.1469930000 28.2500350000 19.0500000000
4.8751480000 27.5118680000 19.0500000000
4.8751480000 27.5118680000 19.0500000000
2.6033030000 26.7737010000 19.0500000000
2.6033030000 26.7737010000 19.0500000000
0.3314580000 26.0355340000 19.0500000000
0.3314580000 26.0355340000 19.0500000000
-1.9403870000 25.2973670000 19.0500000000
-1.9403870000 25.2973670000 19.0500000000
-4.2122320000 24.5591990000 19.0500000000
-4.2122320000 24.5591990000 19.0500000000
-6.4840770000 23.8210320000 19.0500000000
-6.4840770000 23.8210320000 19.0500000000
-8.7559230000 23.0828650000 19.0500000000
-8.7559230000 23.0828650000 19.0500000000
-11.0277680000 22.3446980000 19.0500000000
-11.0277680000 22.3446980000 19.0500000000
-13.2996130000 21.6065310000 19.0500000000
-13.2996130000 21.6065310000 19.0500000000
-15.5714580000 20.8683630000 19.0500000000
-15.5714580000 20.8683630000 19.0500000000
-17.8433030000 20.1301960000 19.0500000000
-17.8433030000 20.1301960000 19.0500000000
-20.1151480000 19.3920290000 19.0500000000
-20.1151480000 19.3920290000 19.0500000000
-22.3869930000 18.6538620000 19.0500000000
-22.3869930000 18.6538620000 19.0500000000
29.0759230000 1.9325470000 19.0500000000
29.0759230000 1.9325470000 19.0500000000
27.6718450000 3.8650940000 19.0500000000
27.6718450000 3.8650940000 19.0500000000
26.2677680000 5.7976410000 19.0500000000
26.2677680000 5.7976410000 19.0500000000
24.8636900000 7.7301870000 19.0500000000
24.8636900000 7.7301870000 19.0500000000
23.4596130000 9.6627340000 19.0500000000
23.4596130000 9.6627340000 19.0500000000
22.0555350000 11.5952810000 19.0500000000
22.0555350000 11.5952810000 19.0500000000
20.6514580000 13.5278280000 19.0500000000
20.6514580000 13.5278280000 19.0500000000
19.2473800000 15.4603750000 19.0500000000
19.2473800000 15.4603750000 19.0500000000
17.8433030000 17.3929220000 19.0500000000
17.8433030000 17.3929220000 19.0500000000
16.4392250000 19.3254680000 19.0500000000
16.4392250000 19.3254680000 19.0500000000
15.0351480000 21.2580150000 19.0500000000
15.0351480000 21.2580150000 19.0500000000
13.6310700000 23.1905620000 19.0500000000
13.6310700000 23.1905620000 19.0500000000
12.2269930000 25.1231090000 19.0500000000
12.2269930000 25.1231090000 19.0500000000
10.8229150000 27.0556560000 19.0500000000
10.8229150000 27.0556560000 19.0500000000
-9.8773370000 35.1950760000 1.4315180000
-9.8773370000 -35.1950760000 1.4315180000
-12.7499400000 34.4785720000 1.6426740000
-12.7499400000 -34.4785720000 1.6426740000
-28.0931450000 24.6867520000 2.5044120000
-28.0931460000 -24.6867410000 2.5044020000
-36.4989580000 8.1545840000 2.5046560000
-36.4939910000 -8.1399890000 2.4910550000
-35.5276070000 10.0338570000 1.8215910000
-35.5241570000 -10.0269510000 1.8153860000
-26.3333800000 25.8723940000 1.8205950000
-26.3333800000 -25.8723880000 1.8205910000
-11.3407160000 34.5057260000 1.2191730000
-11.3407160000 -34.5057260000 1.2191730000
-14.3276820000 33.4561400000 1.2831860000
-14.3276820000 -33.4561400000 1.2831860000
-28.8417390000 22.6089220000 1.5232300000
-28.8417340000 -22.6088890000 1.5232060000
-36.1580280000 5.9653440000 1.5229390000
-36.1311040000 -5.9209960000 1.4888380000
-34.6009830000 12.1930430000 1.5638550000
-34.5995360000 -12.1900840000 1.5614080000
-24.4798430000 27.3213510000 1.5613080000
-24.4798430000 -27.3213490000 1.5613060000
-7.9753390000 35.7098960000 1.4655880000
-7.9753390000 -35.7098960000 1.4655880000
-16.6032340000 32.4974990000 1.3728220000
-16.6032340000 -32.4974990000 1.3728220000
-30.2664760000 20.5564720000 1.4632330000
-30.2664560000 -20.5563820000 1.4631670000
-36.4197890000 3.4837960000 1.4620160000
-36.3322440000 -3.2567720000 1.3585490000
-33.4703710000 14.5539900000 1.3770570000
-33.4698690000 -14.5528510000 1.3761980000
-22.3487210000 28.8464350000 1.3706060000
-22.3487210000 -28.8464340000 1.3706060000
-18.8599610000 31.1712080000 1.3170470000
-18.8599610000 -31.1712080000 1.3170470000
-31.5553960000 18.2791440000 1.3487890000
-31.5553210000 -18.2789060000 1.3486180000
-36.4532810000 0.8757880000 1.3454790000
-36.8983650000 -1.2001080000 1.8222460000
-32.9561200000 16.6535510000 1.8306410000
-32.9559710000 -16.6530450000 1.8302080000
-20.8868180000 30.4331540000 1.8142630000
-20.8868180000 -30.4331530000 1.8142630000
-6.8590530000 34.3006930000 0.3932410000
-6.8590530000 -34.3006930000 0.3932410000
-6.9628880000 36.9894770000 2.9657280000
-6.9628880000 -36.9894770000 2.9657280000
-4.8428960000 34.5959120000 0.3740530000
-4.8428960000 -34.5959120000 0.3740530000
-4.9895970000 37.4281200000 3.2507910000
-4.9895970000 -37.4281200000 3.2507910000
-8.5694030000 34.2573560000 0.5469000000
-8.5694030000 -34.2573560000 0.5469000000
-12.1271810000 33.0006740000 0.4720020000
-12.1271810000 -33.0006740000 0.4720020000
-26.5831240000 23.5211360000 0.6437870000
-26.5831220000 -23.5211240000 0.6437820000
-34.6188400000 7.8398790000 0.6439550000
-34.6071410000 -7.8279080000 0.6361430000
-13.9816170000 34.9878920000 3.0530230000
-13.9816170000 -34.9878920000 3.0530230000
-33.6095420000 10.2398160000 0.4611300000
-33.6061600000 -10.2356980000 0.4591020000
-29.4586250000 23.7054600000 3.3942930000
-29.4586280000 -23.7054470000 3.3942770000
-24.5410510000 25.1416070000 0.4605340000
-24.5410510000 -25.1416030000 0.4605320000
-37.2235830000 6.6453060000 3.3941360000
-37.2213330000 -6.6252230000 3.3779080000
-10.0449620000 33.5093150000 0.3943850000
-10.0449620000 -33.5093150000 0.3943850000
-35.9400020000 11.6228580000 3.2859730000
-35.9396710000 -11.6203890000 3.2831280000
-25.9403550000 27.4559720000 3.2844950000
-25.9403550000 -27.4559700000 3.2844930000
-9.3754300000 36.4855780000 3.0365710000
-9.3754300000 -36.4855780000 3.0365710000
-32.6490510000 12.4290040000 0.3746920000
-32.6479560000 -12.4274490000 0.3740510000
-22.6434520000 26.5987400000 0.3734020000
-22.6434520000 -26.5987390000 0.3734020000
-34.5384020000 -2.7593990000 0.2680840000
-31.6440120000 14.1459880000 0.2726810000
-31.6435940000 -14.1453260000 0.2724580000
-20.9330990000 27.6198010000 0.2706920000
-20.9330990000 -27.6198010000 0.2706920000
-18.2637080000 29.4101400000 0.2584280000
-18.2637080000 -29.4101400000 0.2584280000
-30.1802540000 17.0069990000 0.2659900000
-30.1801680000 -17.0068300000 0.2659370000
-34.6367490000 0.4017730000 0.2649210000
-20.3755310000 31.7479550000 3.1618140000
-20.3755320000 -31.7479550000 3.1618130000
-33.1302760000 18.0589010000 3.1828850000
-33.1302780000 -18.0587040000 3.1826540000
-37.7308030000 -0.0580930000 3.1788660000
-34.7952680000 2.3565540000 0.3507870000
-29.3764180000 18.7990770000 0.3514350000
-29.3763780000 -18.7989810000 0.3514010000
-16.6857760000 30.5685510000 0.3318740000
-16.6857760000 -30.5685510000 0.3318740000
-22.2817410000 30.4527460000 3.1863960000
-22.2817410000 -30.4527450000 3.1863960000
-34.1740830000 16.0077120000 3.1952970000
-34.1740620000 -16.0072560000 3.1947640000
-37.6328390000 2.3080590000 3.1125770000
-37.6618810000 -2.3380080000 3.1876460000
-34.6753810000 4.5783820000 0.3918050000
-34.5990110000 -4.5972360000 0.3619130000
-31.9029660000 20.0951540000 3.1143680000
-31.9029700000 -20.0950690000 3.1142700000
-28.2006020000 20.6909110000 0.3920680000
-28.2005880000 -20.6908680000 0.3920530000
-18.3023940000 32.9379380000 3.0605800000
-18.3023940000 -32.9379380000 3.0605800000
-14.7312810000 31.5963450000 0.3456090000
-14.7312810000 -31.5963450000 0.3456090000
-24.1464570000 28.9819170000 3.1588250000
-24.1464570000 -28.9819160000 3.1588240000
-35.1008990000 13.8218820000 3.1625490000
-35.1007760000 -13.8207770000 3.1612740000
-34.5824310000 6.0862520000 0.4516180000
-34.5510390000 -6.0761880000 0.4369800000
-37.4378300000 4.6859430000 3.1766450000
-37.4347940000 -4.6424170000 3.1560030000
-27.3934640000 21.9680930000 0.4516950000
-27.3934570000 -21.9680700000 0.4516860000
-30.5876320000 22.0899530000 3.1773010000
-30.5876360000 -22.0899200000 3.1772620000
-13.4383840000 32.2291300000 0.3681200000
-13.4383840000 -32.2291300000 0.3681200000
-16.1198350000 34.0486460000 3.0384830000
-16.1198350000 -34.0486460000 3.0384830000
-35.4494680000 -1.1932470000 0.6295920000
-31.6769360000 15.9777120000 0.6344670000
-31.6766980000 -15.9772360000 0.6342310000
-20.0790350000 29.2306600000 0.6258010000
-20.0790350000 -29.2306600000 0.6258010000
-5.9775750000 35.9621740000 1.3379170000
-5.9775750000 -35.9621740000 1.3379170000
-36.5570830000 9.7914310000 3.4926730000
-36.5565630000 -9.7868560000 3.4875580000
-27.3627600000 26.1449190000 3.4920730000
-27.3627610000 -26.1449160000 3.4920690000
-5.4077600000 36.8096300000 2.2000100000
-5.4077600000 -36.8096300000 2.2000100000
-11.6924210000 35.7021570000 2.8168520000
-11.6924210000 -35.7021570000 2.8168520000
127.8454760000 -49.3088170000 1.4918640000
127.8454760000 49.3088170000 1.4918640000
134.0586020000 -49.7948250000 2.8669770000
134.0586020000 49.7948250000 2.8669770000
155.5813850000 -41.1543920000 2.5163740000
155.5813850000 41.1543920000 2.5163740000
171.1311000000 -23.7280590000 2.5162920000
171.1311370000 23.7280070000 2.5163070000
177.0939940000 -1.1486270000 2.5189020000
176.6295760000 0.8888810000 1.8459130000
171.6405230000 -21.6930410000 1.8395710000
171.6406250000 21.6928990000 1.8396070000
156.9609430000 -39.5690410000 1.8396050000
156.9609430000 39.5690410000 1.8396050000
135.8559970000 -49.0925000000 2.1713760000
135.8559970000 49.0925000000 2.1713760000
132.2418090000 -49.2892020000 1.7624910000
132.2418090000 49.2892020000 1.7624910000
153.4614990000 -41.6700160000 1.5384370000
153.4614990000 41.6700160000 1.5384370000
169.4723100000 -25.1532270000 1.5382370000
169.4723310000 25.1532040000 1.5382430000
176.2605680000 -3.1753540000 1.5393250000
176.3363180000 3.1656760000 1.6181310000
172.4068170000 -19.5171270000 1.6030230000
172.4070600000 19.5167650000 1.6031090000
158.6312870000 -37.9757820000 1.6030340000
158.6312870000 37.9757820000 1.6030350000
137.9295210000 -48.3233780000 1.7357840000
137.9295210000 48.3233780000 1.7357840000
129.8295890000 -49.3166820000 1.5756800000
129.8295890000 49.3166820000 1.5756800000
151.3351580000 -42.9012200000 1.4983820000
151.3351580000 42.9012200000 1.4983820000
168.1345610000 -27.2141210000 1.4978310000
168.1345690000 27.2141130000 1.4978330000
176.0013720000 -5.6183300000 1.4982350000
176.0313500000 5.5443580000 1.5199040000
173.2019280000 -17.2196100000 1.4823260000
173.2025000000 17.2186750000 1.4825350000
160.3818360000 -36.2875490000 1.4823260000
160.3818360000 36.2875490000 1.4823260000
140.2848200000 -47.5361090000 1.5339310000
140.2848200000 47.5361090000 1.5339310000
126.0832430000 -49.2359050000 1.4214860000
126.0832430000 49.2359050000 1.4214860000
149.1673680000 -43.9997020000 1.4446290000
149.1673680000 43.9997020000 1.4446290000
166.6995250000 -29.1748720000 1.4432380000
166.6995290000 29.1748690000 1.4432390000
175.6104430000 -8.0166140000 1.4433940000
175.6242080000 7.9813100000 1.4510680000
173.9264400000 -14.6698800000 1.3475150000
173.9278340000 14.6673460000 1.3480450000
162.1837740000 -34.3423520000 1.3475060000
162.1837750000 34.3423520000 1.3475060000
142.7918620000 -46.5814480000 1.3656150000
142.7918620000 46.5814480000 1.3656150000
146.7261700000 -45.0261330000 1.3398160000
146.7261700000 45.0261330000 1.3398160000
164.9875680000 -31.1935040000 1.3362270000
164.9875700000 31.1935030000 1.3362270000
174.9989130000 -10.5924630000 1.3362820000
175.0047640000 10.5793390000 1.3389320000
174.9438030000 -12.7489400000 1.8127450000
174.9465390000 12.7430410000 1.8140890000
163.9592130000 -33.0931720000 1.8127170000
163.9592130000 33.0931720000 1.8127180000
144.9431500000 -46.2595690000 1.8218930000
144.9431500000 46.2595690000 1.8218930000
125.5036320000 47.6436310000 0.3879740000
125.5036320000 -47.6436310000 0.3879740000
124.9759910000 50.2676610000 2.8998500000
124.9759910000 -50.2676610000 2.8998500000
123.5498880000 47.5011630000 0.3712370000
123.5498880000 -47.5011630000 0.3712370000
123.1190340000 50.3035450000 3.2347900000
123.1190340000 -50.3035450000 3.2347900000
127.0769290000 -48.0304670000 0.5558590000
127.0769290000 48.0304670000 0.5558590000
134.2895850000 -48.7160650000 1.4350170000
134.2895850000 48.7160650000 1.4350170000
154.6057940000 -39.5216700000 0.6511570000
154.6057940000 39.5216700000 0.6511570000
169.5157380000 -22.7254690000 0.6511130000
169.5157840000 22.7254180000 0.6511230000
132.4683800000 -50.2689270000 3.5543260000
132.4683800000 50.2689270000 3.5543260000
175.2008880000 -0.9990850000 0.6527980000
174.8438590000 1.5701120000 0.4772230000
154.4596260000 -42.4004030000 3.4040890000
154.4596260000 42.4004030000 3.4040890000
170.3577950000 -20.2667900000 0.4730440000
170.3579150000 20.2666450000 0.4730660000
170.6983050000 -25.3432160000 3.4039530000
170.6983170000 25.3431990000 3.4039580000
156.4717690000 -37.7101880000 0.4730550000
156.4717690000 37.7101880000 0.4730550000
177.4394120000 -2.7785060000 3.4049160000
177.4287190000 2.3222270000 3.3113170000
135.8668420000 -47.2848370000 0.5968050000
135.8668420000 47.2848370000 0.5968050000
173.0017760000 -20.7843430000 3.3034410000
173.0018750000 20.7841690000 3.3034910000
158.5800370000 -39.3808860000 3.3034550000
158.5800370000 39.3808860000 3.3034550000
137.3005340000 -49.4663030000 3.4382020000
137.3005340000 49.4663030000 3.4382020000
171.1854800000 -17.9899940000 0.4048940000
171.1857530000 17.9896290000 0.4049430000
158.2416610000 -36.0548990000 0.4048960000
158.2416610000 36.0548980000 0.4048960000
138.4543070000 -46.4006620000 0.4424550000
138.4543070000 46.4006620000 0.4424550000
126.8177320000 -50.2109600000 2.7062450000
126.8177320000 50.2109600000 2.7062450000
128.7483270000 -47.7329940000 0.4297990000
128.7483270000 47.7329940000 0.4297990000
172.2963180000 -13.7589720000 0.2651960000
172.2973100000 13.7573880000 0.2653600000
161.1498860000 -32.7849080000 0.2651930000
161.1498860000 32.7849080000 0.2651930000
142.5896080000 -44.7136520000 0.2697680000
142.5896080000 44.7136520000 0.2697680000
145.6114490000 -43.5230190000 0.2636830000
145.6114490000 43.5230190000 0.2636830000
163.3065100000 -30.3671260000 0.2625710000
163.3065110000 30.3671260000 0.2625710000
173.1237880000 -10.6266190000 0.2625840000
173.1274120000 10.6197240000 0.2632490000
146.3206200000 -46.5814770000 3.1751830000
146.3206200000 46.5814770000 3.1751830000
165.3391910000 -32.7570700000 3.1702590000
165.3391910000 32.7570690000 3.1702590000
176.0233180000 -11.8167240000 3.1702940000
176.0255360000 11.8103870000 3.1719510000
173.7541290000 -8.7317560000 0.3459150000
173.7622070000 8.7140250000 0.3477420000
164.7261380000 -28.9641470000 0.3458780000
164.7261400000 28.9641460000 0.3458790000
144.1641470000 -47.4235170000 3.1869310000
144.1641470000 47.4235170000 3.1869310000
147.5120050000 -42.9140170000 0.3465820000
147.5120050000 42.9140170000 0.3465820000
163.7997590000 -34.4805580000 3.1754470000
163.7997590000 34.4805580000 3.1754470000
175.4325020000 -14.0507810000 3.1754610000
175.4335860000 14.0480880000 3.1761810000
140.7667590000 -45.5839070000 0.3676440000
140.7667590000 45.5839070000 0.3676440000
176.4994440000 -9.4700440000 3.0975010000
176.5041300000 9.4544090000 3.1014390000
159.9193430000 -34.3609600000 0.3548400000
159.9193430000 34.3609600000 0.3548400000
166.8276610000 -30.8809040000 3.0974110000
166.8276620000 30.8809030000 3.0974110000
171.9135680000 -15.7203810000 0.3548410000
171.9141510000 15.7195200000 0.3549460000
148.4995630000 -45.5821240000 3.0994830000
148.4995630000 45.5821240000 3.0994830000
174.2113430000 -6.4213120000 0.3792760000
174.2310390000 6.3668660000 0.3842980000
166.1800970000 -27.1116540000 0.3791800000
166.1801010000 27.1116510000 0.3791800000
141.8785520000 -48.1721750000 3.1462510000
141.8785520000 48.1721750000 3.1462510000
149.6472620000 -41.9201330000 0.3794990000
149.6472620000 41.9201330000 0.3794990000
162.1032180000 -36.1734500000 3.1181710000
162.1032180000 36.1734500000 3.1181710000
174.6876840000 -16.3290970000 3.1181750000
174.6882030000 16.3279740000 3.1184800000
176.9149940000 -7.0575950000 3.1315350000
176.9237570000 7.0200440000 3.1398260000
168.2916200000 -28.9190080000 3.1313120000
168.2916230000 28.9190050000 3.1313140000
174.5185140000 -4.1815730000 0.4026610000
174.5665310000 3.9741190000 0.4155370000
150.6942590000 -44.4963320000 3.1321380000
150.6942590000 44.4963320000 3.1321380000
167.4682500000 -25.2539260000 0.4024180000
167.4682590000 25.2539170000 0.4024200000
128.4913690000 -50.3787020000 3.1059750000
128.4913690000 50.3787020000 3.1059750000
151.6370640000 -40.8470980000 0.4025530000
151.6370640000 40.8470980000 0.4025530000
139.5287380000 -48.8788660000 3.2502250000
139.5287380000 48.8788660000 3.2502250000
130.9542140000 -47.6165930000 0.4366440000
130.9542140000 47.6165930000 0.4366440000
160.3280220000 -37.8514710000 3.1842910000
160.3280220000 37.8514710000 3.1842910000
173.8662190000 -18.6292310000 3.1842870000
173.8664480000 18.6287900000 3.1844100000
177.2152300000 -4.7198180000 3.1930670000
177.2272800000 4.6227720000 3.2006090000
169.6188860000 -26.9713860000 3.1925490000
169.6188930000 26.9713770000 3.1925520000
174.7539130000 -2.6900270000 0.4587550000
152.7601870000 -43.3618600000 3.1928730000
152.7601870000 43.3618600000 3.1928730000
168.3531080000 -24.0306370000 0.4581760000
168.3531280000 24.0306170000 0.4581790000
130.6169290000 -50.3394960000 3.2769880000
130.6169290000 50.3394960000 3.2769880000
152.9795870000 -40.1575350000 0.4582500000
152.9795870000 40.1575350000 0.4582500000
133.2944620000 -47.3883500000 0.4473970000
133.2944620000 47.3883500000 0.4473970000
173.5370940000 -12.4007760000 0.6248910000
173.5397600000 12.3959180000 0.6256170000
162.8686390000 -32.1390500000 0.6248760000
162.8686400000 32.1390500000 0.6248760000
144.4126100000 -44.9126590000 0.6298260000
144.4126100000 44.9126590000 0.6298260000
124.2902660000 49.0577380000 1.3168730000
124.2902660000 -49.0577380000 1.3168730000
177.5486180000 0.4145100000 3.5069660000
123.6029440000 49.7717120000 2.1751260000
123.6029440000 -49.7717120000 2.1751260000
172.2432520000 -22.5446120000 3.5032280000
172.2432970000 22.5445360000 3.5032510000
157.1051150000 -40.6065800000 3.5032580000
157.1051150000 40.6065800000 3.5032580000
135.4818620000 -49.8892270000 3.6863990000
135.4818620000 49.8892270000 3.6863990000
3.4780000000 37.1461000000 1.4878980000
116.4347070000 48.4986760000 1.4878980000
1.1365700000 36.9107770000 1.4878980000
5.8369900000 37.3831870000 1.4878980000
8.2038120000 37.6210620000 1.4878980000
10.5738680000 37.8592610000 1.4878980000
12.9452390000 38.0975930000 1.4878980000
15.3171420000 38.3359780000 1.4878980000
17.6892600000 38.5743850000 1.4878980000
20.0614650000 38.8128010000 1.4878980000
22.4337050000 39.0512200000 1.4878980000
24.8059590000 39.2896400000 1.4878980000
27.1782200000 39.5280610000 1.4878980000
29.5504820000 39.7664830000 1.4878980000
31.9227460000 40.0049040000 1.4878980000
34.2950100000 40.2433260000 1.4878980000
36.6672740000 40.4817470000 1.4878980000
39.0395380000 40.7201690000 1.4878980000
41.4118020000 40.9585900000 1.4878980000
43.7840660000 41.1970120000 1.4878980000
46.1563300000 41.4354330000 1.4878980000
48.5285940000 41.6738550000 1.4878980000
50.9008580000 41.9122760000 1.4878980000
53.2731230000 42.1506980000 1.4878980000
55.6453870000 42.3891190000 1.4878980000
58.0176510000 42.6275410000 1.4878980000
60.3899150000 42.8659620000 1.4878980000
62.7621790000 43.1043840000 1.4878980000
65.1344430000 43.3428050000 1.4878980000
67.5067070000 43.5812270000 1.4878980000
69.8789720000 43.8196480000 1.4878980000
72.2512360000 44.0580700000 1.4878980000
74.6235000000 44.2964910000 1.4878980000
76.9957640000 44.5349130000 1.4878980000
79.3680280000 44.7733340000 1.4878980000
81.7402910000 45.0117560000 1.4878980000
84.1125540000 45.2501770000 1.4878980000
86.4848140000 45.4885980000 1.4878980000
88.8570670000 45.7270190000 1.4878980000
91.2293050000 45.9654380000 1.4878980000
93.6015030000 46.2038520000 1.4878980000
95.9736020000 46.4422570000 1.4878980000
98.3454570000 46.6806380000 1.4878980000
100.7167100000 46.9189580000 1.4878980000
103.0864730000 47.1571280000 1.4878980000
105.4525520000 47.3949280000 1.4878980000
107.8095270000 47.6318130000 1.4878980000
110.1440240000 47.8664380000 1.4878980000
112.4233180000 48.0955160000 1.4878980000
114.5702040000 48.3112860000 1.4878980000
118.0973740000 48.6657800000 1.4878980000
0.1309490000 35.1533350000 0.3866920000
-0.1439790000 37.8888300000 3.1359680000
119.0035340000 47.1684590000 0.4152840000
118.7382300000 49.8082060000 3.0683290000
-2.0831630000 34.9308080000 0.3866920000
-2.3580900000 37.6663040000 3.1359680000
120.9386020000 47.3063200000 0.3913890000
120.6652740000 50.0258960000 3.1246660000
117.4046630000 47.3301280000 0.5671040000
117.1866150000 49.4996780000 2.7475840000
2.4600700000 35.3874200000 0.3866920000
4.8167710000 35.6242780000 0.3866920000
7.1829120000 35.8620840000 0.3866920000
9.5527150000 36.1002580000 0.3866920000
11.9239850000 36.3385800000 0.3866920000
14.2958470000 36.5769610000 0.3866920000
16.6679490000 36.8153660000 0.3866920000
19.0401470000 37.0537810000 0.3866920000
21.4123850000 37.2922000000 0.3866920000
23.7846380000 37.5306200000 0.3866920000
26.1568980000 37.7690410000 0.3866920000
28.5291600000 38.0074630000 0.3866920000
30.9014240000 38.2458840000 0.3866920000
33.2736870000 38.4843060000 0.3866920000
35.6459510000 38.7227270000 0.3866920000
38.0182160000 38.9611490000 0.3866920000
40.3904800000 39.1995700000 0.3866920000
42.7627440000 39.4379920000 0.3866920000
45.1350080000 39.6764130000 0.3866920000
47.5072720000 39.9148350000 0.3866920000
49.8795360000 40.1532560000 0.3866920000
52.2518000000 40.3916780000 0.3866920000
54.6240650000 40.6300990000 0.3866920000
56.9963290000 40.8685210000 0.3866920000
59.3685930000 41.1069420000 0.3866920000
61.7408570000 41.3453640000 0.3866920000
64.1131210000 41.5837850000 0.3866920000
66.4853850000 41.8222070000 0.3866920000
68.8576500000 42.0606280000 0.3866920000
71.2299140000 42.2990500000 0.3866920000
73.6021780000 42.5374710000 0.3866920000
75.9744420000 42.7758930000 0.3866920000
78.3467060000 43.0143140000 0.3866920000
80.7189700000 43.2527360000 0.3866920000
83.0912330000 43.4911570000 0.3866920000
85.4634960000 43.7295790000 0.3866920000
87.8357550000 43.9680000000 0.3866920000
90.2080070000 44.2064200000 0.3866920000
92.5802410000 44.4448390000 0.3866920000
94.9524310000 44.6832530000 0.3866920000
97.3245120000 44.9216560000 0.3866920000
99.6963210000 45.1600320000 0.3866920000
102.0674610000 45.3983420000 0.3866930000
104.4369420000 45.6364920000 0.3866960000
106.8023230000 45.8742710000 0.3867160000
109.1575440000 46.1112650000 0.3868340000
111.4874870000 46.3470970000 0.3875200000
113.7536040000 46.5845440000 0.3915320000
115.8496750000 46.8515420000 0.4153080000
2.1851420000 38.1229160000 3.1359680000
4.5418440000 38.3597730000 3.1359680000
6.9079840000 38.5975790000 3.1359680000
9.2777870000 38.8357530000 3.1359680000
11.6490570000 39.0740750000 3.1359680000
14.0209190000 39.3124560000 3.1359680000
16.3930210000 39.5508610000 3.1359680000
18.7652190000 39.7892760000 3.1359680000
21.1374570000 40.0276950000 3.1359680000
23.5097100000 40.2661150000 3.1359680000
25.8819700000 40.5045370000 3.1359680000
28.2542330000 40.7429580000 3.1359680000
30.6264960000 40.9813790000 3.1359680000
32.9987600000 41.2198010000 3.1359680000
35.3710240000 41.4582220000 3.1359680000
37.7432880000 41.6966440000 3.1359680000
40.1155520000 41.9350650000 3.1359680000
42.4878160000 42.1734870000 3.1359680000
44.8600800000 42.4119080000 3.1359680000
47.2323450000 42.6503300000 3.1359680000
49.6046090000 42.8887510000 3.1359680000
51.9768730000 43.1271730000 3.1359680000
54.3491370000 43.3655940000 3.1359680000
56.7214010000 43.6040160000 3.1359680000
59.0936650000 43.8424380000 3.1359680000
61.4659290000 44.0808590000 3.1359680000
63.8381940000 44.3192810000 3.1359680000
66.2104580000 44.5577020000 3.1359680000
68.5827220000 44.7961240000 3.1359680000
70.9549860000 45.0345450000 3.1359680000
73.3272500000 45.2729670000 3.1359680000
75.6995140000 45.5113880000 3.1359680000
78.0717780000 45.7498100000 3.1359680000
80.4440420000 45.9882310000 3.1359680000
82.8163060000 46.2266530000 3.1359680000
85.1885680000 46.4650740000 3.1359680000
87.5608270000 46.7034950000 3.1359680000
89.9330800000 46.9419150000 3.1359680000
92.3053140000 47.1803340000 3.1359680000
94.6775040000 47.4187480000 3.1359680000
97.0495840000 47.6571510000 3.1359680000
99.4213940000 47.8955270000 3.1359680000
101.7925330000 48.1338340000 3.1359660000
104.1620160000 48.3719730000 3.1359580000
106.5274040000 48.6096830000 3.1359090000
108.8826650000 48.8462770000 3.1356250000
111.2128420000 49.0797790000 3.1339690000
113.4803250000 49.3036380000 3.1243240000
115.5843790000 49.4912080000 3.0682720000
-1.1813830000 36.6778140000 1.4878980000
119.9011660000 48.8470680000 1.4878980000
127.0000000000 -0.0000000000 0.0000000000
85.3398120000 -0.1280570000 0.0000000000
58.4299410000 9.4788190000 0.0000000000
106.2144050000 16.9229250000 0.0000000000
106.1035870000 -17.4352070000 0.0000000000
64.8079270000 -14.9087350000 0.0000000000
146.4027270000 11.8906110000 0.0000000000
147.0952440000 -10.9691680000 0.0000000000
127.9860340000 -23.0783320000 0.0000000000
127.4879510000 23.4648210000 0.0000000000
76.8782930000 19.5076360000 0.0000000000
85.7304320000 -20.8559560000 0.0000000000
44.1220850000 -16.6706230000 0.0000000000
40.6765950000 18.2965250000 0.0000000000
102.4900220000 0.0893520000 0.0000000000
92.2161960000 25.8179510000 0.0000000000
46.2934010000 -1.1570430000 0.0000000000
157.1041330000 1.0189020000 0.0000000000
69.9811000000 0.0120080000 0.0000000000
143.4596360000 -25.7989100000 0.0000000000
62.6636420000 24.0465730000 0.0000000000
142.6922490000 26.4959740000 0.0000000000
114.0118780000 -29.3209620000 0.0000000000
113.9377480000 29.6680350000 0.0000000000
97.8341260000 -28.5855690000 0.0000000000
72.7206720000 -26.3456320000 0.0000000000
119.2401280000 12.1951590000 0.0000000000
119.6039560000 -11.9459850000 0.0000000000
93.4423300000 11.1980040000 0.0000000000
55.4733810000 -24.7599540000 0.0000000000
31.8068730000 -22.4085590000 0.0000000000
94.0488790000 -10.5224610000 0.0000000000
133.1942550000 11.6585650000 0.0000000000
133.7597770000 -11.6183480000 0.0000000000
140.3108450000 0.6004500000 0.0000000000
77.4191680000 -10.7155970000 0.0000000000
29.6396830000 23.0624500000 0.0000000000
58.3213480000 -3.7031900000 0.0000000000
50.3143640000 25.9202470000 0.0000000000
114.1260940000 0.6121670000 0.0000000000
158.9864270000 -11.0325100000 0.0000000000
158.1638070000 12.6350180000 0.0000000000
133.9782880000 -33.2187710000 0.0000000000
102.2004510000 31.8191390000 0.0000000000
133.0585200000 33.5434350000 0.0000000000
153.5370890000 -21.2370370000 0.0000000000
81.5591210000 29.9257520000 0.0000000000
152.8027290000 22.5920730000 0.0000000000
77.8406460000 8.3058980000 0.0000000000
38.9135440000 7.2086320000 0.0000000000
68.1679490000 13.1651670000 0.0000000000
37.9438350000 -7.8597730000 0.0000000000
87.7718890000 -31.2121110000 0.0000000000
123.6285620000 -34.8053910000 0.0000000000
54.4964960000 -13.9529300000 0.0000000000
41.3415720000 -26.7422200000 0.0000000000
122.8874830000 35.0525930000 0.0000000000
70.9976940000 29.8207030000 0.0000000000
47.9301520000 11.2661750000 0.0000000000
109.2104580000 -7.6346520000 0.0000000000
105.8212550000 -34.1102280000 0.0000000000
63.6707960000 -29.8805890000 0.0000000000
32.0392380000 14.1654880000 0.0000000000
37.9944930000 27.3306130000 0.0000000000
107.9219790000 7.5833340000 0.0000000000
86.3057180000 18.3886340000 0.0000000000
115.0477040000 20.2827490000 0.0000000000
97.1581430000 -19.2185460000 0.0000000000
115.0155100000 -20.1886140000 0.0000000000
22.9328800000 -26.1749350000 0.0000000000
93.7115400000 2.5469940000 0.0000000000
55.5590400000 18.1881200000 0.0000000000
135.6213200000 20.0356270000 0.0000000000
136.3529250000 -19.8770230000 0.0000000000
148.6559630000 3.2350700000 0.0000000000
31.4029860000 -13.5800960000 0.0000000000
78.6232930000 -32.3521060000 0.0000000000
97.6010520000 18.9544790000 0.0000000000
106.8709870000 -25.8777440000 0.0000000000
85.7451800000 -8.3587700000 0.0000000000
94.5587590000 34.3261690000 0.0000000000
77.4272370000 -19.0132130000 0.0000000000
21.2685480000 26.7773370000 0.0000000000
164.1082780000 -5.0022330000 0.0000000000
163.7550950000 6.1441540000 0.0000000000
142.1132670000 -33.6311080000 0.0000000000
48.8865180000 -29.8009850000 0.0000000000
57.0145570000 31.1393410000 0.0000000000
150.8051120000 -28.9165000000 0.0000000000
141.1927970000 34.1985520000 0.0000000000
47.5685940000 -9.3416950000 0.0000000000
53.5887620000 2.7784220000 0.0000000000
107.2320040000 24.9878790000 0.0000000000
77.6989220000 -2.5734040000 0.0000000000
149.7682100000 29.9011630000 0.0000000000
100.2728190000 7.5889450000 0.0000000000
86.1526370000 7.7880260000 0.0000000000
69.7745510000 -8.2180970000 0.0000000000
62.4565320000 2.8588830000 0.0000000000
126.4829690000 -8.0526120000 0.0000000000
108.8926640000 36.0909820000 0.0000000000
126.1230820000 7.5932230000 0.0000000000
65.8297330000 -22.2834050000 0.0000000000
151.0902730000 -4.1205560000 0.0000000000
101.9023420000 -10.3836470000 0.0000000000
126.2225240000 15.7395020000 0.0000000000
146.4805060000 -18.7503850000 0.0000000000
116.3519830000 -37.3143900000 0.0000000000
145.9945720000 19.6981840000 0.0000000000
69.2030510000 20.5220810000 0.0000000000
125.9110870000 -15.6815910000 0.0000000000
121.7997140000 -27.4883730000 0.0000000000
133.4117800000 4.0916520000 0.0000000000
133.7541770000 -3.7748090000 0.0000000000
140.2109860000 -7.2122920000 0.0000000000
140.0145000000 7.7351700000 0.0000000000
121.2136060000 27.6917850000 0.0000000000
38.2063290000 -0.4523850000 0.0000000000
94.0732950000 -35.1045710000 0.0000000000
160.5460380000 -18.2808960000 0.0000000000
34.0531660000 -29.2567450000 0.0000000000
159.9181910000 19.9011080000 0.0000000000
48.1875710000 18.9781990000 0.0000000000
120.0270050000 -4.5802070000 0.0000000000
64.0464660000 32.2069360000 0.0000000000
48.7125300000 -22.4574360000 0.0000000000
44.6748080000 30.3832190000 0.0000000000
86.9991200000 34.6869070000 0.0000000000
91.4885380000 -25.3294920000 0.0000000000
70.1459550000 -33.0409130000 0.0000000000
115.8944460000 37.6377660000 0.0000000000
37.0739720000 -17.9591520000 0.0000000000
112.4580090000 13.5324450000 0.0000000000
56.4420190000 -31.8282680000 0.0000000000
140.5661340000 -14.4348600000 0.0000000000
59.5190780000 -18.6674060000 0.0000000000
91.4542070000 -3.7249460000 0.0000000000
62.5924440000 17.1702560000 0.0000000000
80.2353890000 -25.3298430000 0.0000000000
129.5720580000 -38.3390670000 0.0000000000
25.1246250000 -19.3035190000 0.0000000000
112.6806140000 -13.7629120000 0.0000000000
71.8668160000 -14.7704930000 0.0000000000
140.2613950000 14.8766490000 0.0000000000
128.6530410000 38.8083700000 0.0000000000
152.8414020000 -14.6736430000 0.0000000000
133.5057330000 26.5052020000 0.0000000000
70.8563200000 6.9973930000 0.0000000000
152.2204770000 15.9388350000 0.0000000000
88.8937470000 -14.6854300000 0.0000000000
133.8833680000 -26.3978330000 0.0000000000
152.6083540000 8.9966490000 0.0000000000
119.9677440000 5.4565060000 0.0000000000
99.1465130000 25.7007130000 0.0000000000
128.1306350000 -29.9218390000 0.0000000000
31.7201810000 29.9151660000 0.0000000000
81.0261580000 14.1809560000 0.0000000000
98.1117800000 -4.9948210000 0.0000000000
26.1742570000 17.3591530000 0.0000000000
76.3215720000 34.1056260000 0.0000000000
121.7800560000 -20.5747140000 0.0000000000
127.3522900000 30.2650310000 0.0000000000
121.6547530000 20.7648000000 0.0000000000
85.5980070000 24.8727980000 0.0000000000
44.2076060000 23.5447850000 0.0000000000
59.8413630000 -10.2523320000 0.0000000000
76.3745490000 25.9945660000 0.0000000000
64.5765740000 -3.9071810000 0.0000000000
45.1371830000 5.1391910000 0.0000000000
82.5236870000 -14.8436100000 0.0000000000
51.8291000000 -4.4277520000 0.0000000000
34.6973920000 19.9846630000 0.0000000000
100.1421920000 -36.8464010000 0.0000000000
74.4542050000 13.5992350000 0.0000000000
32.5948120000 7.6763500000 0.0000000000
108.9928100000 -1.1677440000 0.0000000000
51.0688020000 32.3865130000 0.0000000000
17.8095580000 -28.6401390000 0.0000000000
164.3059670000 -9.9914750000 0.0000000000
164.4563880000 12.1506710000 0.0000000000
28.2527000000 -29.6217940000 0.0000000000
56.3318460000 24.5237070000 0.0000000000
137.2366440000 -38.1269910000 0.0000000000
145.1974610000 -3.2450830000 0.0000000000
114.4625420000 7.7624520000 0.0000000000
99.5612080000 36.9517400000 0.0000000000
136.0861890000 38.4961660000 0.0000000000
101.1830430000 13.8416380000 0.0000000000
63.9310250000 8.8605910000 0.0000000000
157.0989570000 -5.2929350000 0.0000000000
109.6212560000 -38.1379350000 0.0000000000
156.3183210000 -26.7610890000 0.0000000000
42.5654190000 12.4056020000 0.0000000000
101.0473970000 -23.5273390000 0.0000000000
80.8178930000 2.7326260000 0.0000000000
166.8469030000 0.9848250000 0.0000000000
155.2537380000 28.0222560000 0.0000000000
114.3130930000 -7.6844110000 0.0000000000
32.1251770000 -8.0200370000 0.0000000000
83.2964190000 -35.8374210000 0.0000000000
92.1385320000 18.0480950000 0.0000000000
157.6752010000 6.3294370000 0.0000000000
71.1888950000 -20.5228990000 0.0000000000
147.9391690000 -33.9608820000 0.0000000000
53.5294070000 -19.1061170000 0.0000000000
43.6544740000 -31.9029400000 0.0000000000
138.8782400000 -30.1451250000 0.0000000000
131.8416240000 -16.9015680000 0.0000000000
53.2336700000 13.1336910000 0.0000000000
16.1151390000 29.2551920000 0.0000000000
25.5710270000 30.0884770000 0.0000000000
22.1187510000 21.0617950000 0.0000000000
91.4929510000 -19.7190140000 0.0000000000
138.1582280000 30.6681760000 0.0000000000
107.9344130000 30.7329590000 0.0000000000
102.7406470000 21.3723040000 0.0000000000
148.3722230000 -23.9241090000 0.0000000000
42.3251580000 -11.5757840000 0.0000000000
43.1449700000 -5.5918420000 0.0000000000
146.8115310000 34.5958450000 0.0000000000
61.0096140000 -25.0189950000 0.0000000000
81.8433750000 35.7848100000 0.0000000000
147.7890150000 24.7472400000 0.0000000000
120.9027180000 -39.8025990000 0.0000000000
104.4736530000 -5.3872930000 0.0000000000
74.7198370000 2.8685030000 0.0000000000
131.6033470000 17.1134200000 0.0000000000
87.8607890000 13.1739810000 0.0000000000
41.2528670000 -21.2715990000 0.0000000000
67.6115010000 25.4593730000 0.0000000000
109.3822970000 -21.3711620000 0.0000000000
86.2076800000 -25.8194120000 0.0000000000
49.0297750000 -14.2150410000 0.0000000000
89.1587160000 -36.8949790000 0.0000000000
103.1244160000 -29.4731930000 0.0000000000
153.5595820000 -9.3131820000 0.0000000000
69.1075700000 34.8631400000 0.0000000000
36.3761100000 -23.5007670000 0.0000000000
88.1401130000 29.5931720000 0.0000000000
97.4743670000 -13.8105050000 0.0000000000
52.0683870000 7.9246570000 0.0000000000
120.8670060000 40.0588850000 0.0000000000
118.9085860000 -32.4383880000 0.0000000000
81.9408920000 21.4750720000 0.0000000000
117.1083560000 -25.0303060000 0.0000000000
141.6307390000 -20.6246430000 0.0000000000
37.2818110000 11.8908580000 0.0000000000
88.8917460000 3.9054250000 0.0000000000
118.1353910000 32.7961860000 0.0000000000
141.2713000000 20.6516770000 0.0000000000
109.1002250000 -30.5978040000 0.0000000000
74.8608160000 -36.0564910000 0.0000000000
54.9064150000 -8.5591970000 0.0000000000
82.9041270000 -4.3393370000 0.0000000000
115.9682080000 25.0095650000 0.0000000000
109.8669300000 20.6117940000 0.0000000000
104.6494370000 38.3665130000 0.0000000000
36.5314080000 -12.8002240000 0.0000000000
143.5360930000 4.1121880000 0.0000000000
122.0939290000 0.0393210000 0.0000000000
26.4137490000 -14.3399370000 0.0000000000
64.7507120000 -8.9249560000 0.0000000000
92.6379450000 -30.2944610000 0.0000000000
160.1966270000 -23.2565400000 0.0000000000
38.5720900000 -31.5725600000 0.0000000000
105.5771430000 11.8729790000 0.0000000000
65.2137820000 -34.6304130000 0.0000000000
39.7973030000 32.0808720000 0.0000000000
159.3742730000 24.8697070000 0.0000000000
164.7946310000 -15.9043740000 0.0000000000
106.7211590000 -11.8974190000 0.0000000000
104.0158090000 4.6879220000 0.0000000000
74.4351240000 -6.3778690000 0.0000000000
34.8026160000 3.5717700000 0.0000000000
67.6888990000 -26.9170860000 0.0000000000
118.9318180000 -16.9804020000 0.0000000000
51.9563820000 -33.3008620000 0.0000000000
164.0347170000 17.2132050000 0.0000000000
98.9784990000 3.2221540000 0.0000000000
95.6155930000 29.3859720000 0.0000000000
152.9653240000 3.8164750000 0.0000000000
118.4361190000 16.7178200000 0.0000000000
110.4457140000 3.3359360000 0.0000000000
20.5076870000 -21.9487870000 0.0000000000
27.4508760000 12.5755110000 0.0000000000
105.1120600000 -38.9661170000 0.0000000000
95.4114710000 7.3866920000 0.0000000000
34.1431170000 -3.2548670000 0.0000000000
111.1560030000 -25.6196710000 0.0000000000
96.9093080000 -24.0490040000 0.0000000000
145.1395290000 -30.2971570000 0.0000000000
58.0703770000 0.9070460000 0.0000000000
38.1138530000 22.1460760000 0.0000000000
33.8729200000 24.7676110000 0.0000000000
162.1604510000 -0.0345730000 0.0000000000
112.5506520000 -34.0467410000 0.0000000000
90.8596460000 37.6026740000 0.0000000000
58.3217980000 14.5545540000 0.0000000000
67.5760700000 3.8752460000 0.0000000000
59.9913960000 34.4266410000 0.0000000000
138.5035530000 -24.0175710000 0.0000000000
144.2723920000 30.8546930000 0.0000000000
128.7319300000 -11.5722730000 0.0000000000
74.4174230000 -30.9323990000 0.0000000000
89.8417240000 21.5978400000 0.0000000000
101.3851370000 -17.3149060000 0.0000000000
29.6440970000 -17.7671120000 0.0000000000
111.8609590000 24.7955530000 0.0000000000
27.3236130000 -25.2743520000 0.0000000000
60.4577060000 -34.9486060000 0.0000000000
83.0277060000 -29.8548490000 0.0000000000
22.0580680000 -30.8934780000 0.0000000000
46.0230660000 -26.7813840000 0.0000000000
93.3864240000 -15.2789740000 0.0000000000
112.8898530000 -3.6639450000 0.0000000000
112.1481340000 39.7942260000 0.0000000000
125.2755000000 -41.2690170000 0.0000000000
42.3262310000 1.4103990000 0.0000000000
138.3696940000 24.9195250000 0.0000000000
51.6456010000 21.4080320000 0.0000000000
128.9661510000 -4.1649680000 0.0000000000
48.8686200000 2.7868400000 0.0000000000
136.3445010000 -15.1338650000 0.0000000000
133.7642270000 -40.7594970000 0.0000000000
61.3757980000 28.7094660000 0.0000000000
72.0038280000 24.5028420000 0.0000000000
128.5357680000 12.2537410000 0.0000000000
59.7589410000 20.9235720000 0.0000000000
53.2748560000 -28.8712490000 0.0000000000
128.8990170000 4.1251830000 0.0000000000
132.4343350000 41.6191370000 0.0000000000
67.5108410000 -18.3223860000 0.0000000000
124.4648050000 -3.8391530000 0.0000000000
105.0320670000 -21.2853740000 0.0000000000
76.6810130000 -23.7156400000 0.0000000000
123.9445860000 11.8096250000 0.0000000000
132.2436170000 23.0129080000 0.0000000000
113.0482430000 34.4286330000 0.0000000000
45.7904100000 15.0689530000 0.0000000000
146.8403180000 7.3934200000 0.0000000000
132.3120700000 -22.2315100000 0.0000000000
90.3232780000 8.1674430000 0.0000000000
96.5188360000 14.9595390000 0.0000000000
128.0041930000 -34.3621510000 0.0000000000
103.2571170000 27.2672890000 0.0000000000
73.0267430000 17.7716790000 0.0000000000
124.2085180000 -11.5952110000 0.0000000000
90.1115000000 -8.1666640000 0.0000000000
35.4457990000 32.4491260000 0.0000000000
156.5563830000 16.6462280000 0.0000000000
94.2139010000 21.8152810000 0.0000000000
57.6250350000 4.8646460000 0.0000000000
135.6663240000 15.7193000000 0.0000000000
30.1977740000 18.9518340000 0.0000000000
157.4700230000 -15.5093270000 0.0000000000
124.5329500000 3.6395160000 0.0000000000
97.8892020000 -33.3130580000 0.0000000000
78.7798330000 -36.7468970000 0.0000000000
127.1576740000 34.7776300000 0.0000000000
167.7311590000 -6.7473450000 0.0000000000
167.1329770000 8.8560900000 0.0000000000
94.9487090000 38.5133590000 0.0000000000
80.7445690000 25.8388160000 0.0000000000
87.1042280000 -3.9347080000 0.0000000000
28.1894910000 -10.1136270000 0.0000000000
81.3223840000 -8.1400550000 0.0000000000
81.1849550000 -21.3089810000 0.0000000000
95.1776490000 -1.5094030000 0.0000000000
76.3820330000 -14.8238240000 0.0000000000
137.8060960000 4.0882270000 0.0000000000
131.3407320000 0.0746280000 0.0000000000
135.4957950000 7.8649860000 0.0000000000
135.7971330000 -7.4635660000 0.0000000000
137.9836940000 -3.5382150000 0.0000000000
135.7985250000 0.2238890000 0.0000000000
54.8830940000 34.3616860000 0.0000000000
141.7912720000 -38.3124610000 0.0000000000
81.8580770000 9.8674120000 0.0000000000
140.7831100000 38.8339440000 0.0000000000
124.9635540000 41.3668590000 0.0000000000
60.5226840000 -14.6850110000 0.0000000000
148.6806720000 -14.9941510000 0.0000000000
-28.8273390000 0.0000000000 0.0000000000
64.7709380000 20.4970580000 0.0000000000
21.8040580000 31.1293610000 0.0000000000
154.6584160000 -30.5246570000 0.0000000000
130.9343210000 -8.0855940000 0.0000000000
130.8269640000 8.0244860000 0.0000000000
73.4043860000 -10.8994010000 0.0000000000
68.5244920000 -12.1541710000 0.0000000000
151.6276130000 0.0859100000 0.0000000000
17.4166440000 24.6446970000 0.0000000000
25.0174100000 23.9881330000 0.0000000000
62.2955270000 12.8592890000 0.0000000000
84.4463640000 3.8164010000 0.0000000000
160.9292910000 -7.2134590000 0.0000000000
-9.1100090000 -27.6272820000 0.0000000000
-9.1100090000 27.6272820000 0.0000000000
153.5032390000 31.6884130000 0.0000000000
73.4345710000 -2.4376210000 0.0000000000
98.4901800000 32.7534950000 0.0000000000
148.1281330000 15.8878620000 0.0000000000
37.1414320000 16.7937440000 0.0000000000
147.9063870000 -6.9605930000 0.0000000000
40.2084200000 -14.9395010000 0.0000000000
138.1200560000 -11.0697600000 0.0000000000
161.3243340000 9.5356710000 0.0000000000
47.3045970000 -34.0209840000 0.0000000000
47.1975500000 33.6938050000 0.0000000000
137.8898710000 11.5675670000 0.0000000000
142.8828980000 -10.7064750000 0.0000000000
96.3123500000 -38.6635320000 0.0000000000
63.4767140000 -18.6331190000 0.0000000000
77.5687650000 30.0725980000 0.0000000000
51.3291030000 -10.7590530000 0.0000000000
47.6748270000 -4.9435740000 0.0000000000
138.1032900000 -33.9574210000 0.0000000000
150.0278660000 19.5790860000 0.0000000000
13.3801900000 -30.7146740000 0.0000000000
53.4664500000 28.6580590000 0.0000000000
128.3193870000 19.0865410000 0.0000000000
17.2651700000 -24.7620680000 0.0000000000
47.8038560000 -17.9522330000 0.0000000000
69.4706810000 -3.9098850000 0.0000000000
-28.6930950000 -4.4089900000 0.0000000000
-28.6930950000 4.4089900000 0.0000000000
113.7002000000 -40.4662450000 0.0000000000
142.3896750000 11.6026480000 0.0000000000
97.8173320000 -9.1319110000 0.0000000000
72.7066390000 36.7475690000 0.0000000000
61.5394450000 -1.1768820000 0.0000000000
67.2023450000 17.1899420000 0.0000000000
152.3903160000 -25.2976960000 0.0000000000
137.2178250000 34.4171090000 0.0000000000
31.4054620000 -31.8372760000 0.0000000000
123.2751070000 24.1532730000 0.0000000000
150.8047490000 -18.2887550000 0.0000000000
54.5840140000 -1.3508020000 0.0000000000
124.1974360000 -30.8805990000 0.0000000000
49.7321720000 14.9281380000 0.0000000000
-4.4156940000 -28.9395330000 0.0000000000
-4.4156940000 28.9395330000 0.0000000000
-13.4420590000 -25.5997910000 0.0000000000
-13.4420590000 25.5997910000 0.0000000000
65.6335200000 -0.0469970000 0.0000000000
125.7637460000 -26.6164600000 0.0000000000
168.4106400000 -2.6722020000 0.0000000000
168.6167930000 4.7618600000 0.0000000000
121.5216550000 -8.3894380000 0.0000000000
128.6437640000 -18.7287270000 0.0000000000
105.3322140000 34.5044380000 0.0000000000
110.1319300000 -16.8833540000 0.0000000000
59.9626320000 -29.1860120000 0.0000000000
151.5243140000 26.3675760000 0.0000000000
61.8811100000 -6.5254500000 0.0000000000
89.2596800000 -0.5451550000 0.0000000000
123.4915550000 31.0683910000 0.0000000000
76.7435320000 -27.4916340000 0.0000000000
145.5158100000 0.6682970000 0.0000000000
74.2397640000 9.7997680000 0.0000000000
97.7342930000 11.0151010000 0.0000000000
39.4797060000 -4.1326460000 0.0000000000
50.3564280000 -25.9530830000 0.0000000000
121.9745710000 15.9194630000 0.0000000000
31.4583410000 -26.5287170000 0.0000000000
85.4347170000 -12.5280650000 0.0000000000
144.7972360000 -14.4988080000 0.0000000000
41.9602670000 27.5512550000 0.0000000000
47.7604710000 22.8721920000 0.0000000000
150.4824380000 12.1540870000 0.0000000000
154.4411750000 12.4219160000 0.0000000000
112.0860500000 17.2789830000 0.0000000000
144.1605170000 15.6101980000 0.0000000000
129.4296030000 26.6815560000 0.0000000000
46.1697770000 26.6697910000 0.0000000000
101.9380940000 -33.3072820000 0.0000000000
94.4193550000 -6.3879630000 0.0000000000
28.7408180000 8.7851470000 0.0000000000
129.9784330000 -26.5021460000 0.0000000000
44.3342730000 19.9653000000 0.0000000000
67.9941680000 9.0695190000 0.0000000000
90.3349820000 32.9996070000 0.0000000000
145.9413540000 -37.4718780000 0.0000000000
67.2486250000 29.7666700000 0.0000000000
132.0248690000 -29.7150600000 0.0000000000
152.0013680000 -33.7671090000 0.0000000000
121.6135910000 8.6660690000 0.0000000000
108.0635930000 40.1510680000 0.0000000000
28.4335890000 27.1597000000 0.0000000000
45.1188190000 9.5258230000 0.0000000000
116.2451160000 4.2497750000 0.0000000000
101.4529540000 17.8297310000 0.0000000000
85.5060200000 -16.9065550000 0.0000000000
33.3839600000 -19.2584730000 0.0000000000
92.5315120000 -38.7678250000 0.0000000000
50.7321760000 -0.7293900000 0.0000000000
154.7468000000 -2.2134020000 0.0000000000
122.1211230000 -15.2482920000 0.0000000000
48.4465090000 7.3502730000 0.0000000000
99.0183760000 -1.1251650000 0.0000000000
106.8967990000 2.4212720000 0.0000000000
103.4381030000 -13.9216290000 0.0000000000
160.7000900000 3.7719360000 0.0000000000
157.5336380000 -20.6529170000 0.0000000000
160.2483760000 16.0585720000 0.0000000000
118.5660540000 -1.3965480000 0.0000000000
150.7339780000 34.6696260000 0.0000000000
131.3674170000 30.0392900000 0.0000000000
144.8866810000 38.0449840000 0.0000000000
160.2101200000 -3.2640130000 0.0000000000
118.1407750000 -28.7512940000 0.0000000000
60.9229690000 6.7509700000 0.0000000000
84.6535630000 37.6781560000 0.0000000000
13.0150570000 30.8767550000 0.0000000000
160.9773320000 -14.3880540000 0.0000000000
38.6808940000 3.4977630000 0.0000000000
29.0545810000 32.4552730000 0.0000000000
65.2607260000 36.0576840000 0.0000000000
85.0695500000 31.4032010000 0.0000000000
81.4997870000 -1.0033030000 0.0000000000
115.4778050000 11.1076830000 0.0000000000
108.6991080000 14.0441940000 0.0000000000
163.3917560000 -21.1564230000 0.0000000000
156.7364070000 22.0264710000 0.0000000000
45.1189200000 -20.8226810000 0.0000000000
117.2855560000 41.2409890000 0.0000000000
117.6779010000 29.0296190000 0.0000000000
132.8437050000 -36.6964880000 0.0000000000
119.7796230000 -36.1829050000 0.0000000000
77.3260920000 15.6833640000 0.0000000000
117.4750040000 -41.2019040000 0.0000000000
43.3126690000 33.8320760000 0.0000000000
77.8979630000 11.9293110000 0.0000000000
82.6563600000 17.5815780000 0.0000000000
144.9187490000 -22.2529920000 0.0000000000
111.5278430000 10.0523390000 0.0000000000
162.8499500000 21.8650650000 0.0000000000
144.2164070000 23.1405650000 0.0000000000
132.0245190000 37.1604670000 0.0000000000
78.3355700000 -6.2676330000 0.0000000000
22.4237930000 17.4568560000 0.0000000000
37.5189770000 -27.6303640000 0.0000000000
90.6136390000 -33.3441450000 0.0000000000
71.1764870000 -36.6306300000 0.0000000000
111.8772180000 -10.0261120000 0.0000000000
115.8871500000 -11.7574890000 0.0000000000
58.6764100000 -22.3632350000 0.0000000000
70.5164050000 -29.3374440000 0.0000000000
114.9907170000 -16.1809250000 0.0000000000
104.0459360000 8.3111370000 0.0000000000
-28.2868730000 7.7529040000 0.0000000000
-28.2868730000 -7.7529040000 0.0000000000
55.4438300000 -35.3260260000 0.0000000000
78.0897610000 37.3926660000 0.0000000000
148.5443500000 -1.7163140000 0.0000000000
23.1033180000 -16.2991120000 0.0000000000
154.5559090000 -17.5606340000 0.0000000000
89.3242610000 -22.6929030000 0.0000000000
73.9706130000 -18.0802910000 0.0000000000
52.2377020000 -22.9821840000 0.0000000000
139.3671940000 -17.8238800000 0.0000000000
34.9528340000 -33.0414600000 0.0000000000
144.0662610000 -7.1303270000 0.0000000000
138.7708290000 18.4324340000 0.0000000000
56.0512100000 -16.8492820000 0.0000000000
67.1552560000 -30.8748000000 0.0000000000
150.7938220000 -11.8090150000 0.0000000000
78.4672670000 22.9534950000 0.0000000000
118.2771670000 21.6969670000 0.0000000000
125.2917020000 27.2653390000 0.0000000000
0.1438410000 -29.6095400000 0.0000000000
0.1438410000 29.6095400000 0.0000000000
89.0236380000 -27.9702000000 0.0000000000
142.9053110000 -17.4440010000 0.0000000000
45.4505870000 -13.2810720000 0.0000000000
153.6321590000 19.0416270000 0.0000000000
69.8284330000 -23.9773590000 0.0000000000
73.8053330000 21.4395890000 0.0000000000
26.4666720000 20.9838860000 0.0000000000
84.3958260000 13.1123620000 0.0000000000
81.2524680000 6.2250000000 0.0000000000
42.3754020000 -1.7972010000 0.0000000000
130.2091160000 -42.1716640000 0.0000000000
99.5535660000 29.3278670000 0.0000000000
92.1161380000 29.6096730000 0.0000000000
116.3227940000 -4.3540620000 0.0000000000
110.6646660000 28.2273620000 0.0000000000
91.0856010000 -11.9982520000 0.0000000000
119.4535630000 36.7024730000 0.0000000000
123.4868460000 -23.8652190000 0.0000000000
94.5092240000 -27.1990930000 0.0000000000
126.2410510000 -37.2127550000 0.0000000000
-17.6415470000 -23.9049600000 0.0000000000
-17.6415470000 23.9049600000 0.0000000000
147.4820630000 -27.4092980000 0.0000000000
117.7782530000 8.2515000000 0.0000000000
48.1563600000 30.0721670000 0.0000000000
124.9187990000 -19.5434750000 0.0000000000
125.0395830000 37.6219650000 0.0000000000
27.7904400000 -21.6315230000 0.0000000000
24.4771790000 -22.7669760000 0.0000000000
155.4274200000 -11.8425090000 0.0000000000
100.8158230000 -6.9744570000 0.0000000000
99.3163480000 22.2982390000 0.0000000000
105.0611350000 -8.7550070000 0.0000000000
106.4465480000 21.5746600000 0.0000000000
118.2625660000 -21.5481640000 0.0000000000
52.0709760000 17.9421270000 0.0000000000
79.6660400000 33.0311620000 0.0000000000
24.3186960000 14.2998950000 0.0000000000
34.2593450000 -15.7390480000 0.0000000000
141.7519910000 -3.4612470000 0.0000000000
25.2261820000 -32.1285330000 0.0000000000
146.6207040000 28.2271360000 0.0000000000
71.1837110000 3.4639440000 0.0000000000
128.5408740000 42.1864140000 0.0000000000
73.0856710000 32.8411950000 0.0000000000
124.7404250000 19.1975750000 0.0000000000
51.6843180000 -16.3792480000 0.0000000000
64.2206980000 -26.4204310000 0.0000000000
85.8156710000 -38.6158100000 0.0000000000
105.4265800000 -2.0253320000 0.0000000000
95.6057960000 25.0098210000 0.0000000000
35.0502140000 -9.6415910000 0.0000000000
150.1723600000 6.1722020000 0.0000000000
31.2431460000 4.6389690000 0.0000000000
71.3966530000 11.9061150000 0.0000000000
74.8069800000 6.4733820000 0.0000000000
102.0270470000 -39.5725090000 0.0000000000
81.2602780000 -11.8711420000 0.0000000000
143.7120960000 8.3648740000 0.0000000000
156.5334470000 9.6153810000 0.0000000000
115.1751770000 15.6198430000 0.0000000000
64.5870760000 27.8226810000 0.0000000000
109.2115810000 -34.9373470000 0.0000000000
101.4033860000 39.9361430000 0.0000000000
84.4147280000 28.0499370000 0.0000000000
58.2376370000 27.3591070000 0.0000000000
35.8463010000 8.8472950000 0.0000000000
167.2309790000 -13.0721230000 0.0000000000
159.7735870000 -26.7881780000 0.0000000000
50.4328700000 -7.4641120000 0.0000000000
58.2789220000 -7.1555590000 0.0000000000
34.7815490000 28.4432230000 0.0000000000
77.5496560000 0.7241200000 0.0000000000
80.5161520000 -17.8884300000 0.0000000000
57.4083830000 -12.7200550000 0.0000000000
55.1365510000 -5.2617500000 0.0000000000
61.8472050000 -21.7214970000 0.0000000000
100.6671560000 -27.0267650000 0.0000000000
166.7599700000 15.1906230000 0.0000000000
83.7801620000 -23.5565730000 0.0000000000
41.7190490000 5.4259930000 0.0000000000
88.8616780000 26.1932900000 0.0000000000
39.8323130000 14.6315110000 0.0000000000
135.5859720000 -30.1692160000 0.0000000000
74.1612460000 28.8017750000 0.0000000000
91.5101880000 14.2745580000 0.0000000000
18.3226930000 31.8943150000 0.0000000000
62.6890610000 -12.0647600000 0.0000000000
85.2793150000 21.5018750000 0.0000000000
28.8863100000 15.5743340000 0.0000000000
158.6143660000 28.1902400000 0.0000000000
100.2490270000 -20.3632720000 0.0000000000
18.9560620000 -31.7722940000 0.0000000000
40.9497890000 -34.1285400000 0.0000000000
156.7233650000 -8.6080890000 0.0000000000
111.0183450000 31.5895350000 0.0000000000
56.5228240000 -28.0873390000 0.0000000000
101.6461360000 -3.5249610000 0.0000000000
142.0476530000 -29.6125190000 0.0000000000
107.8335910000 -40.8274630000 0.0000000000
115.5930280000 -33.6889740000 0.0000000000
107.9030990000 -4.4104800000 0.0000000000
65.1801310000 14.5475030000 0.0000000000
33.3707900000 11.0698660000 0.0000000000
136.9492490000 -41.4715770000 0.0000000000
93.2342100000 -22.4442600000 0.0000000000
43.1767170000 -23.9468210000 0.0000000000
31.4476990000 -4.3700320000 0.0000000000
113.9079710000 -23.2418640000 0.0000000000
164.5053610000 2.6898550000 0.0000000000
118.5169980000 -8.3343910000 0.0000000000
168.3072020000 -9.4166170000 0.0000000000
101.7997510000 35.2440510000 0.0000000000
92.6296390000 5.7643450000 0.0000000000
24.6465700000 -28.3988490000 0.0000000000
111.5184220000 6.4815420000 0.0000000000
67.7433300000 -36.7861040000 0.0000000000
118.3155310000 2.0327870000 0.0000000000
54.6043440000 9.9816860000 0.0000000000
44.3281860000 -8.6214190000 0.0000000000
70.7297110000 15.2013880000 0.0000000000
109.2563980000 -13.7851960000 0.0000000000
141.2162170000 30.2115130000 0.0000000000
88.3450850000 -19.0784300000 0.0000000000
103.3332790000 -36.2265960000 0.0000000000
67.1419480000 -6.3437410000 0.0000000000
35.1124580000 -6.3749720000 0.0000000000
167.8272150000 11.5218530000 0.0000000000
87.0377560000 -34.4452020000 0.0000000000
134.9821540000 31.1356670000 0.0000000000
18.9561460000 21.2136310000 0.0000000000
79.8573950000 -29.2530220000 0.0000000000
135.0534840000 23.3761980000 0.0000000000
120.4956770000 24.4090650000 0.0000000000
135.6312720000 -23.0274260000 0.0000000000
64.3174120000 5.7471320000 0.0000000000
44.9962890000 2.2968160000 0.0000000000
34.7894690000 -0.0683600000 0.0000000000
164.7421260000 -18.5907890000 0.0000000000
129.8821690000 32.8415500000 0.0000000000
106.5544880000 -30.6361220000 0.0000000000
32.2732520000 33.7086690000 0.0000000000
153.9709780000 -5.9995670000 0.0000000000
39.1432990000 -10.8812350000 0.0000000000
45.3118610000 -29.7890190000 0.0000000000
33.8341480000 17.2031380000 0.0000000000
130.5119780000 -32.6421010000 0.0000000000
40.6076600000 -29.8256770000 0.0000000000
31.9957800000 22.1497080000 0.0000000000
156.1089630000 -24.1892770000 0.0000000000
38.1225190000 19.1318730000 0.0000000000
101.8314660000 10.8362230000 0.0000000000
50.5492390000 34.9695660000 0.0000000000
41.2266360000 -18.1359890000 0.0000000000
77.8248210000 4.6458700000 0.0000000000
20.7945350000 -18.4931370000 0.0000000000
97.4846750000 39.8365810000 0.0000000000
87.9257990000 38.8961640000 0.0000000000
41.6449210000 8.8900370000 0.0000000000
37.9563530000 -20.8077550000 0.0000000000
111.5312310000 0.0002320000 0.0000000000
82.4757660000 -33.3218370000 0.0000000000
155.1909300000 25.4676140000 0.0000000000
135.7883540000 41.7634310000 0.0000000000
3.6120170000 -30.4023660000 0.0000000000
3.6120170000 30.4023660000 0.0000000000
20.1998110000 -28.1073850000 0.0000000000
-27.7367710000 10.7965000000 0.0000000000
-27.7367710000 -10.7965000000 0.0000000000
53.1971260000 24.5306190000 0.0000000000
95.7717720000 -30.8344140000 0.0000000000
156.1048700000 31.0756950000 0.0000000000
101.7118980000 24.4927540000 0.0000000000
82.2773040000 -37.7365990000 0.0000000000
104.0001930000 14.6205570000 0.0000000000
55.1396280000 21.5964150000 0.0000000000
59.1382920000 17.9407790000 0.0000000000
157.2876990000 -29.7279090000 0.0000000000
51.2083290000 5.0926540000 0.0000000000
74.4370780000 -20.8549150000 0.0000000000
148.3519730000 -31.1923250000 0.0000000000
14.9053920000 -26.4407700000 0.0000000000
103.6261260000 -25.2634080000 0.0000000000
50.6677070000 10.8956870000 0.0000000000
33.7242610000 -25.7885750000 0.0000000000
89.0945700000 16.9815870000 0.0000000000
100.2083430000 -30.6441230000 0.0000000000
162.3475330000 -11.0567950000 0.0000000000
161.9137380000 12.9726510000 0.0000000000
164.2042590000 -7.5309500000 0.0000000000
150.2662050000 -8.5243590000 0.0000000000
41.1096750000 -8.0119820000 0.0000000000
71.5418520000 -5.7604230000 0.0000000000
142.1156130000 18.5311550000 0.0000000000
24.5338440000 27.3995280000 0.0000000000
35.9035990000 5.5804930000 0.0000000000
122.9395840000 -42.3620930000 0.0000000000
150.6620130000 -21.8095170000 0.0000000000
28.9225410000 -7.3063630000 0.0000000000
59.1318840000 23.7636380000 0.0000000000
111.8800890000 -6.5198790000 0.0000000000
149.9031970000 22.3206430000 0.0000000000
60.9266140000 10.8079990000 0.0000000000
85.5889190000 15.2405650000 0.0000000000
62.5439100000 36.1387240000 0.0000000000
120.0581790000 31.1397910000 0.0000000000
39.6039610000 -23.8835560000 0.0000000000
65.4134840000 11.4893690000 0.0000000000
108.4601680000 10.7410360000 0.0000000000
112.9431670000 -36.8389390000 0.0000000000
30.1052630000 11.6329090000 0.0000000000
133.2043240000 -18.9550190000 0.0000000000
149.2529460000 9.3211780000 0.0000000000
68.6566790000 -14.7969550000 0.0000000000
104.4902190000 29.6321350000 0.0000000000
155.1498730000 6.7095780000 0.0000000000
156.7794430000 3.7202570000 0.0000000000
129.2903440000 14.8506120000 0.0000000000
41.7728320000 21.6755450000 0.0000000000
56.2140750000 -20.3968590000 0.0000000000
96.9359360000 1.2929170000 0.0000000000
15.3771170000 26.0930000000 0.0000000000
164.7472800000 -1.1581490000 0.0000000000
92.5240330000 0.3042560000 0.0000000000
109.2033110000 17.6161700000 0.0000000000
24.7889610000 32.5027380000 0.0000000000
79.6030330000 18.1088210000 0.0000000000
147.2865500000 31.9253470000 0.0000000000
140.1332800000 -40.6015760000 0.0000000000
120.7584140000 -30.9294380000 0.0000000000
114.6532840000 41.8686190000 0.0000000000
132.9815290000 19.1134450000 0.0000000000
95.3774880000 17.3544910000 0.0000000000
28.1698440000 -33.3498710000 0.0000000000
97.1050930000 35.7300150000 0.0000000000
66.9410410000 23.4272940000 0.0000000000
117.0071920000 -14.7166210000 0.0000000000
129.0221940000 -15.0826670000 0.0000000000
132.1121820000 -13.3644800000 0.0000000000
57.3757250000 36.2379260000 0.0000000000
61.4584100000 31.6655600000 0.0000000000
50.0355100000 -20.4415160000 0.0000000000
169.8886930000 1.1200270000 0.0000000000
78.7220170000 -14.3722140000 0.0000000000
61.4081820000 -31.4432780000 0.0000000000
136.9769740000 -27.1059450000 0.0000000000
70.7272490000 -17.6333640000 0.0000000000
89.5012380000 10.8262590000 0.0000000000
94.2057140000 -18.2758820000 0.0000000000
87.7036920000 -10.9192520000 0.0000000000
55.1774880000 15.7874970000 0.0000000000
164.2552290000 9.3735700000 0.0000000000
135.7581310000 -35.8434720000 0.0000000000
62.9215580000 -36.5114680000 0.0000000000
119.9959500000 -24.1320730000 0.0000000000
83.3462740000 -18.9439900000 0.0000000000
139.1287320000 40.8522340000 0.0000000000
114.7361020000 -27.0952720000 0.0000000000
145.2542490000 -33.1118930000 0.0000000000
54.2934890000 6.2453180000 0.0000000000
113.9942330000 23.0969490000 0.0000000000
20.8748790000 24.2312900000 0.0000000000
139.9675380000 -36.0294680000 0.0000000000
125.2045200000 -22.1032230000 0.0000000000
42.8473540000 15.7789570000 0.0000000000
136.3682000000 27.4021650000 0.0000000000
70.6029950000 27.5964930000 0.0000000000
31.9544110000 26.2224160000 0.0000000000
30.6982860000 -29.1389060000 0.0000000000
26.0050420000 -12.0516200000 0.0000000000
139.0117060000 36.5114930000 0.0000000000
83.9303740000 34.1881990000 0.0000000000
32.8154820000 -10.5542760000 0.0000000000
112.1560950000 -19.3226200000 0.0000000000
101.2625310000 5.1474200000 0.0000000000
34.3546960000 -21.9674490000 0.0000000000
141.1112250000 3.4522940000 0.0000000000
19.5904240000 28.2168530000 0.0000000000
110.9744740000 -41.3538800000 0.0000000000
76.4202380000 -37.9174380000 0.0000000000
153.7402700000 -27.8283030000 0.0000000000
41.1532990000 25.1213930000 0.0000000000
96.4606370000 4.7549020000 0.0000000000
134.8331200000 36.1900160000 0.0000000000
73.3400750000 0.1606920000 0.0000000000
111.7569030000 36.7039690000 0.0000000000
49.8779820000 -35.2448740000 0.0000000000
44.4970640000 -34.6834450000 0.0000000000
122.7146600000 -38.2875260000 0.0000000000
109.3345600000 -27.1330660000 0.0000000000
82.9868980000 -27.0905720000 0.0000000000
98.8573250000 -40.1587950000 0.0000000000
37.7102830000 30.0921040000 0.0000000000
96.4998150000 -35.9951530000 0.0000000000
122.3790550000 42.5415260000 0.0000000000
144.5269500000 34.0610230000 0.0000000000
45.2874960000 12.1265580000 0.0000000000
54.0575110000 31.5616650000 0.0000000000
-20.0288310000 -22.2727140000 0.0000000000
-20.0288310000 22.2727140000 0.0000000000
147.4146150000 37.5825120000 0.0000000000
149.6445050000 -36.7220740000 0.0000000000
67.7740080000 -20.8695150000 0.0000000000
152.7031920000 28.9685140000 0.0000000000
60.0674460000 3.6785760000 0.0000000000
90.6315370000 -16.1895520000 0.0000000000
7.3091820000 -31.2394380000 0.0000000000
7.4912270000 30.9143560000 0.0000000000
109.2615210000 -23.5653520000 0.0000000000
37.5821960000 33.9407470000 0.0000000000
154.6565220000 0.9664520000 0.0000000000
123.8990250000 -6.6842880000 0.0000000000
36.6392790000 24.5365290000 0.0000000000
15.8207650000 -31.8542700000 0.0000000000
58.1485150000 -36.1420050000 0.0000000000
114.0563730000 26.9041270000 0.0000000000
95.1890300000 -12.9143160000 0.0000000000
138.7401470000 -21.5509400000 0.0000000000
98.8972440000 16.4359010000 0.0000000000
157.4707070000 -2.0681270000 0.0000000000
137.9868500000 22.2624620000 0.0000000000
72.0392100000 -23.3885820000 0.0000000000
75.4525260000 37.9180880000 0.0000000000
123.4239610000 7.1571520000 0.0000000000
160.7940680000 6.4041090000 0.0000000000
111.7588780000 -30.8128780000 0.0000000000
140.0844900000 -27.0698210000 0.0000000000
100.8240780000 -12.9897520000 0.0000000000
34.9643130000 14.2510610000 0.0000000000
140.8597230000 -31.3547600000 0.0000000000
96.2302340000 -17.3508970000 0.0000000000
125.2202770000 21.8899390000 0.0000000000
164.7534690000 19.8920350000 0.0000000000
127.6617080000 -42.8669940000 0.0000000000
20.4581450000 -24.6826370000 0.0000000000
15.6456170000 31.7187120000 0.0000000000
107.4110620000 4.9591830000 0.0000000000
93.1108680000 40.3921840000 0.0000000000
116.0236790000 34.7524580000 0.0000000000
56.7210350000 12.8896060000 0.0000000000
103.8133640000 -18.8640070000 0.0000000000
109.1546860000 -10.3621440000 0.0000000000
84.7865180000 -32.3121750000 0.0000000000
85.6977500000 -29.0715090000 0.0000000000
141.2113550000 -23.6010140000 0.0000000000
83.0361330000 -10.6384400000 0.0000000000
121.3578660000 -17.8762870000 0.0000000000
138.9659000000 27.3006620000 0.0000000000
58.2069820000 -25.6271350000 0.0000000000
66.5520870000 32.2317170000 0.0000000000
72.5133130000 -33.1052650000 0.0000000000
107.4755770000 -37.3500510000 0.0000000000
106.6805980000 27.7109130000 0.0000000000
162.3725880000 24.6537890000 0.0000000000
83.0764050000 23.8760950000 0.0000000000
70.2859110000 36.9746030000 0.0000000000
79.2052630000 -22.9521400000 0.0000000000
79.3979340000 28.4592070000 0.0000000000
76.2962900000 -32.9033480000 0.0000000000
113.8562280000 3.1954750000 0.0000000000
104.2221430000 18.5010980000 0.0000000000
66.0550880000 -11.2867480000 0.0000000000
133.2948570000 -6.4113430000 0.0000000000
81.1298920000 39.2192430000 0.0000000000
105.3511000000 23.5729560000 0.0000000000
107.9827540000 33.4587680000 0.0000000000
147.9482680000 -20.9849860000 0.0000000000
140.0334680000 31.9027500000 0.0000000000
45.1195140000 -3.9141310000 0.0000000000
88.4119800000 -25.2564070000 0.0000000000
117.5266950000 14.0273530000 0.0000000000
62.4191690000 21.4073890000 0.0000000000
107.2357920000 -19.7720780000 0.0000000000
109.4951400000 23.4212200000 0.0000000000
26.8107770000 -17.1716800000 0.0000000000
11.0697530000 -31.3655140000 0.0000000000
20.0778360000 19.3135000000 0.0000000000
29.0696470000 -15.1827080000 0.0000000000
133.2865400000 14.1553750000 0.0000000000
50.6414870000 28.7270550000 0.0000000000
17.6395970000 -21.8866300000 0.0000000000
142.9855400000 -0.1738250000 0.0000000000
126.4154970000 -10.7833150000 0.0000000000
105.5831490000 -28.0933730000 0.0000000000
121.9406240000 -2.6306990000 0.0000000000
124.5878280000 -0.9189750000 0.0000000000
69.3515110000 17.7928230000 0.0000000000
-7.1484730000 -29.2627770000 0.0000000000
-7.1484730000 29.2627770000 0.0000000000
140.7730130000 24.1185130000 0.0000000000
-11.9581180000 27.3943550000 0.0000000000
-11.9581180000 -27.3943550000 0.0000000000
93.7056310000 15.1552970000 0.0000000000
145.8370750000 -25.1328750000 0.0000000000
99.0432470000 -25.1707020000 0.0000000000
111.7988980000 -28.2380270000 0.0000000000
-6.1708750000 -26.5808240000 0.0000000000
-6.1708750000 26.5808240000 0.0000000000
-10.7436860000 24.9927020000 0.0000000000
-10.7436860000 -24.9927020000 0.0000000000
147.1730440000 22.1256390000 0.0000000000
39.2024320000 11.0886180000 0.0000000000
93.5550190000 8.8137520000 0.0000000000
115.7891360000 31.9486320000 0.0000000000
87.4606970000 10.4094190000 0.0000000000
37.2263210000 -2.9709550000 0.0000000000
41.7010020000 30.3615830000 0.0000000000
60.9036430000 -3.7893740000 0.0000000000
145.0563940000 25.9238810000 0.0000000000
42.9836930000 -14.1255150000 0.0000000000
88.3540580000 6.5114210000 0.0000000000
119.4108040000 -42.4147110000 0.0000000000
97.9157920000 -21.8541710000 0.0000000000
118.3914730000 -38.9245220000 0.0000000000
53.8021390000 -31.3690840000 0.0000000000
89.6514530000 -39.3762000000 0.0000000000
51.3815590000 -30.7629370000 0.0000000000
75.2415380000 23.0816940000 0.0000000000
84.8344720000 -2.6601080000 0.0000000000
86.9519670000 2.7978040000 0.0000000000
57.3741830000 33.5187400000 0.0000000000
146.3306290000 4.5151390000 0.0000000000
40.6658860000 34.6974950000 0.0000000000
63.2136430000 -23.8217330000 0.0000000000
68.5601650000 6.3380990000 0.0000000000
105.3258020000 41.0082400000 0.0000000000
122.1408330000 2.3534430000 0.0000000000
130.2166800000 -36.0163100000 0.0000000000
10.3949780000 31.4173500000 0.0000000000
67.4459570000 -9.4645510000 0.0000000000
157.9879650000 -18.1037290000 0.0000000000
45.6921800000 -23.4114980000 0.0000000000
26.2849160000 10.0853270000 0.0000000000
122.5732980000 37.7902330000 0.0000000000
83.0955630000 1.5272000000 0.0000000000
51.4584880000 -13.5548790000 0.0000000000
48.6940640000 -11.4049760000 0.0000000000
62.6398580000 -16.2205370000 0.0000000000
84.6451340000 -6.0769050000 0.0000000000
91.2035110000 2.7220350000 0.0000000000
68.0867340000 -1.6046710000 0.0000000000
117.6048410000 19.3204870000 0.0000000000
53.0265180000 -26.1409490000 0.0000000000
129.4544570000 36.3440400000 0.0000000000
75.4946840000 -12.5044580000 0.0000000000
120.9048880000 18.0332540000 0.0000000000
102.4882140000 2.6587280000 0.0000000000
112.5654200000 21.0580770000 0.0000000000
46.7476210000 -15.7706080000 0.0000000000
48.6439760000 -2.5486090000 0.0000000000
121.5643520000 -33.2797030000 0.0000000000
56.2293470000 7.6885360000 0.0000000000
57.1193930000 -10.2327570000 0.0000000000
149.8572850000 -26.2292710000 0.0000000000
31.7554490000 -15.9916820000 0.0000000000
119.5898700000 42.6053530000 0.0000000000
115.0043500000 -2.0948020000 0.0000000000
133.2321060000 6.6690670000 0.0000000000
64.9870560000 24.7224370000 0.0000000000
144.2590680000 13.2977990000 0.0000000000
76.9780180000 -30.8768170000 0.0000000000
24.1955120000 19.3762790000 0.0000000000
73.4634610000 -37.7194710000 0.0000000000
-2.1323840000 -30.6370240000 0.0000000000
-2.1323840000 30.6370240000 0.0000000000
125.3356570000 -33.2815510000 0.0000000000
162.6690580000 -23.9934190000 0.0000000000
157.2579190000 19.5224370000 0.0000000000
63.8355650000 -32.4028710000 0.0000000000
70.5011710000 32.4676040000 0.0000000000
75.3544370000 17.2833920000 0.0000000000
92.0494010000 20.3715520000 0.0000000000
28.9555020000 6.1451410000 0.0000000000
120.6969100000 33.4043100000 0.0000000000
-30.7860340000 -1.9594510000 0.0000000000
-30.7860340000 1.9594510000 0.0000000000
75.0321380000 -8.8952570000 0.0000000000
72.5033520000 -8.3780450000 0.0000000000
23.9787450000 -13.7416330000 0.0000000000
129.1415160000 -1.3964710000 0.0000000000
79.7483680000 -4.1510340000 0.0000000000
37.6709900000 -15.2464090000 0.0000000000
91.5951750000 -35.9937130000 0.0000000000
52.6868170000 -36.0633600000 0.0000000000
130.5238710000 43.3626430000 0.0000000000
86.3841110000 -23.4232350000 0.0000000000
58.7770700000 11.9902120000 0.0000000000
96.7239800000 22.7251110000 0.0000000000
43.5076340000 -27.7967250000 0.0000000000
126.3298820000 10.5899250000 0.0000000000
53.8795840000 -10.6912820000 0.0000000000
87.7276930000 32.0581080000 0.0000000000
54.7416610000 -22.2254140000 0.0000000000
124.8289460000 33.3337550000 0.0000000000
-15.8784820000 -25.7596980000 0.0000000000
-15.8784820000 25.7596980000 0.0000000000
93.8766020000 31.4098810000 0.0000000000
89.1616550000 -5.5424300000 0.0000000000
126.6450310000 -5.3809850000 0.0000000000
169.7506450000 -5.2238960000 0.0000000000
129.9207610000 -21.1525970000 0.0000000000
116.4725990000 -31.2278580000 0.0000000000
56.3268400000 2.8076930000 0.0000000000
70.5776350000 9.2799750000 0.0000000000
36.5307760000 -29.7390480000 0.0000000000
93.3303130000 36.6191750000 0.0000000000
160.4127620000 22.4260500000 0.0000000000
107.9606000000 -32.7866600000 0.0000000000
169.4440260000 7.3769800000 0.0000000000
55.5979270000 27.0751860000 0.0000000000
111.6706320000 -23.0026330000 0.0000000000
60.5136690000 26.0110820000 0.0000000000
45.7627870000 17.7319000000 0.0000000000
53.0957210000 -6.6342140000 0.0000000000
134.8673430000 17.8281710000 0.0000000000
92.0187510000 23.0594350000 0.0000000000
64.1948440000 -6.4943810000 0.0000000000
129.0865500000 1.4420560000 0.0000000000
106.4697540000 36.7855750000 0.0000000000
-26.9073070000 -1.9486670000 0.0000000000
-26.9073070000 1.9486670000 0.0000000000
75.5037180000 -4.0182710000 0.0000000000
98.7162580000 5.8546560000 0.0000000000
38.5880510000 -34.9670240000 0.0000000000
29.0104200000 29.8138710000 0.0000000000
117.2079240000 -19.4835410000 0.0000000000
29.0311010000 -27.2023900000 0.0000000000
57.3516990000 -1.2325510000 0.0000000000
162.3680550000 19.2746640000 0.0000000000
127.0727340000 26.0687300000 0.0000000000
126.8680720000 -2.6298230000 0.0000000000
36.5929610000 1.5301650000 0.0000000000
52.6152750000 36.2375690000 0.0000000000
150.9420360000 2.6883980000 0.0000000000
89.3040650000 35.3991710000 0.0000000000
148.8587440000 27.3008310000 0.0000000000
34.0740970000 -12.8449600000 0.0000000000
164.6479150000 -13.0373370000 0.0000000000
13.2627410000 27.7630030000 0.0000000000
87.1962630000 -1.6502280000 0.0000000000
141.7640560000 5.7299190000 0.0000000000
-27.2478530000 13.5070890000 0.0000000000
-27.2478530000 -13.5070890000 0.0000000000
167.1093270000 -16.8584280000 0.0000000000
67.4436290000 37.3950230000 0.0000000000
143.9639800000 -19.7581060000 0.0000000000
36.1785100000 22.0605280000 0.0000000000
109.7678330000 41.6231030000 0.0000000000
62.2116860000 -9.0263850000 0.0000000000
69.5374930000 23.8707940000 0.0000000000
129.9871550000 24.2316660000 0.0000000000
126.9767340000 2.6244450000 0.0000000000
110.4052610000 -4.3802180000 0.0000000000
106.6553310000 -6.5757370000 0.0000000000
-1.5205380000 -27.8702960000 0.0000000000
-1.5205380000 27.8702960000 0.0000000000
87.9103320000 23.9221940000 0.0000000000
61.2613870000 14.9569680000 0.0000000000
31.5379250000 2.1996000000 0.0000000000
74.4688900000 -28.1338940000 0.0000000000
150.9229900000 -16.0740420000 0.0000000000
130.3599220000 -24.0950810000 0.0000000000
131.0710220000 -10.9341220000 0.0000000000
75.6139560000 -1.0228550000 0.0000000000
163.5303520000 14.6102770000 0.0000000000
98.8456570000 -17.2946970000 0.0000000000
126.6962470000 5.0203350000 0.0000000000
-15.1025530000 -23.3334160000 0.0000000000
-15.1025530000 23.3334160000 0.0000000000
48.3149120000 -27.3514540000 0.0000000000
45.5839270000 -6.4837570000 0.0000000000
129.4456850000 21.6928840000 0.0000000000
154.4469650000 14.8382450000 0.0000000000
134.9297720000 -38.3579510000 0.0000000000
163.0113920000 -17.3474080000 0.0000000000
136.1064610000 -12.5999500000 0.0000000000
71.0085730000 -12.2283810000 0.0000000000
93.9823130000 -3.8053020000 0.0000000000
159.7647470000 1.3563120000 0.0000000000
90.0074780000 -30.5912850000 0.0000000000
91.8520810000 -27.9298110000 0.0000000000
140.3081290000 -9.7105980000 0.0000000000
128.7273920000 -9.3823590000 0.0000000000
119.7225400000 -14.4493320000 0.0000000000
67.6636550000 -33.3085510000 0.0000000000
126.1365450000 13.1925960000 0.0000000000
93.6800390000 -32.5530500000 0.0000000000
142.0440670000 -5.9955530000 0.0000000000
67.7168160000 1.2621290000 0.0000000000
131.0457840000 12.9616970000 0.0000000000
62.3140330000 -28.0471830000 0.0000000000
132.8899690000 -42.9845680000 0.0000000000
166.7905480000 -4.7068460000 0.0000000000
118.4204750000 38.8588160000 0.0000000000
128.5058680000 9.2066010000 0.0000000000
65.0905400000 18.3934710000 0.0000000000
97.4857650000 -11.5692770000 0.0000000000
144.9112090000 -27.6050040000 0.0000000000
75.1296350000 30.9866020000 0.0000000000
166.4019990000 6.2160740000 0.0000000000
82.0790200000 31.8959000000 0.0000000000
105.9407080000 -14.4181890000 0.0000000000
65.2054840000 -17.1938160000 0.0000000000
147.5038010000 -4.0838160000 0.0000000000
159.9597260000 -20.8308900000 0.0000000000
100.4011970000 1.0617990000 0.0000000000
144.1448080000 -39.5269090000 0.0000000000
134.0708710000 38.5631110000 0.0000000000
49.6612400000 -32.7168910000 0.0000000000
66.1331720000 -24.9669020000 0.0000000000
149.1939440000 0.7264310000 0.0000000000
88.1228380000 19.1819480000 0.0000000000
58.5374790000 -16.3042480000 0.0000000000
52.4931150000 15.4125530000 0.0000000000
95.3583790000 -21.0152140000 0.0000000000
123.7884430000 9.4392710000 0.0000000000
145.5021180000 9.5720220000 0.0000000000
80.9972400000 -35.5994510000 0.0000000000
40.6315660000 -0.4495240000 0.0000000000
65.2509260000 2.6173890000 0.0000000000
104.2027920000 -11.4873830000 0.0000000000
154.6081150000 -33.1454620000 0.0000000000
118.8521580000 26.5417130000 0.0000000000
105.2265880000 0.4142130000 0.0000000000
153.2874560000 34.4206220000 0.0000000000
146.7276390000 -16.0641450000 0.0000000000
143.8290500000 -36.6796520000 0.0000000000
28.2228040000 -12.7780120000 0.0000000000
102.0493240000 37.9091250000 0.0000000000
144.0754630000 28.3155420000 0.0000000000
105.9657690000 9.3387180000 0.0000000000
65.4220060000 -37.1755140000 0.0000000000
110.7375270000 33.7439660000 0.0000000000
135.8527000000 -2.3416810000 0.0000000000
98.4231610000 13.1915150000 0.0000000000
135.6520280000 5.3198640000 0.0000000000
70.8976420000 -2.2828050000 0.0000000000
31.5866430000 -2.0713640000 0.0000000000
124.2244790000 -9.2049690000 0.0000000000
134.3244360000 -16.5940970000 0.0000000000
140.0105840000 10.5046860000 0.0000000000
160.8015520000 26.8941640000 0.0000000000
135.7364560000 2.7675590000 0.0000000000
133.5145410000 1.5151250000 0.0000000000
137.7961600000 1.5894010000 0.0000000000
135.8063130000 -4.9345510000 0.0000000000
138.0088490000 -6.0806840000 0.0000000000
83.2903660000 7.7978220000 0.0000000000
133.5889780000 -1.2116310000 0.0000000000
137.9000940000 -0.9482580000 0.0000000000
137.7098890000 6.5842270000 0.0000000000
102.5204150000 -21.4931280000 0.0000000000
97.7091620000 8.3450520000 0.0000000000
109.5800600000 26.0317490000 0.0000000000
143.5291900000 20.6360910000 0.0000000000
47.4944930000 5.0504470000 0.0000000000
94.3346730000 27.0948580000 0.0000000000
96.8843780000 27.1950450000 0.0000000000
105.3578380000 -41.3151420000 0.0000000000
138.2850130000 -13.6245040000 0.0000000000
143.4792810000 39.9294880000 0.0000000000
50.2353630000 23.3924890000 0.0000000000
121.7530790000 13.1762750000 0.0000000000
25.4409890000 -26.4856570000 0.0000000000
65.9050370000 -28.7041630000 0.0000000000
79.3594090000 20.8755110000 0.0000000000
91.0567150000 -13.9357470000 0.0000000000
152.1337620000 -31.1229540000 0.0000000000
142.8416040000 37.2439520000 0.0000000000
45.3564790000 35.4143230000 0.0000000000
63.6323160000 29.7957650000 0.0000000000
127.1066740000 -13.5216820000 0.0000000000
95.8928600000 12.2975330000 0.0000000000
128.7740290000 -6.8093790000 0.0000000000
119.3295180000 -26.6844860000 0.0000000000
135.5677830000 12.9062000000 0.0000000000
91.8883200000 -6.1874890000 0.0000000000
110.5565360000 15.1734490000 0.0000000000
118.2745430000 -5.6078400000 0.0000000000
50.8901980000 1.5233880000 0.0000000000
26.6275180000 33.8613870000 0.0000000000
107.4359970000 -22.1183070000 0.0000000000
131.1790620000 2.9794580000 0.0000000000
131.4769210000 -3.0072590000 0.0000000000
73.8704960000 26.1824670000 0.0000000000
166.2655100000 17.4323980000 0.0000000000
48.6814190000 0.1085970000 0.0000000000
33.5634120000 5.5473360000 0.0000000000
70.1586230000 -26.7354520000 0.0000000000
128.6658250000 6.5913140000 0.0000000000
31.2881470000 16.4660250000 0.0000000000
107.2605590000 19.2023770000 0.0000000000
62.4722110000 33.8228070000 0.0000000000
150.9869910000 32.1333630000 0.0000000000
47.7525200000 13.7058950000 0.0000000000
49.4102080000 21.1471580000 0.0000000000
109.4239850000 1.4549400000 0.0000000000
60.4168210000 1.3641630000 0.0000000000
65.6130470000 -19.7306470000 0.0000000000
23.2726670000 -21.0616910000 0.0000000000
45.6471890000 -10.7494430000 0.0000000000
138.0644070000 -8.5699300000 0.0000000000
60.1822170000 37.2259440000 0.0000000000
158.7501820000 8.8012700000 0.0000000000
146.1105070000 -8.6413510000 0.0000000000
124.0982720000 -28.3852520000 0.0000000000
78.3378220000 -16.7733800000 0.0000000000
109.8541150000 38.5143910000 0.0000000000
137.9801620000 14.0067070000 0.0000000000
158.4100430000 -25.2316450000 0.0000000000
150.0500630000 17.1711630000 0.0000000000
94.7588160000 -40.3308590000 0.0000000000
27.4807430000 24.9305590000 0.0000000000
84.5388420000 10.3996440000 0.0000000000
65.8895950000 7.4841090000 0.0000000000
135.5029070000 10.3719280000 0.0000000000
135.8465620000 -10.0390520000 0.0000000000
29.9346800000 -24.3727000000 0.0000000000
71.1910260000 22.2567600000 0.0000000000
24.5727350000 11.8765750000 0.0000000000
133.0703420000 9.1554000000 0.0000000000
130.8578790000 -18.8779530000 0.0000000000
86.8936830000 27.6363360000 0.0000000000
131.0095010000 5.4605360000 0.0000000000
78.8193210000 -8.6856830000 0.0000000000
100.2623800000 20.2347510000 0.0000000000
75.1933310000 -25.6142990000 0.0000000000
148.3386050000 13.4132390000 0.0000000000
105.9215010000 32.1160490000 0.0000000000
37.2347480000 -5.7332510000 0.0000000000
123.8189120000 1.2636880000 0.0000000000
122.0128950000 -12.6041610000 0.0000000000
126.4102640000 43.4572390000 0.0000000000
58.3685840000 -33.4859980000 0.0000000000
56.9773790000 21.9485580000 0.0000000000
117.9894260000 5.9241010000 0.0000000000
30.9589930000 -19.8801120000 0.0000000000
119.8569980000 14.7029500000 0.0000000000
80.2935520000 11.8786620000 0.0000000000
114.3682160000 39.3425670000 0.0000000000
58.7891560000 7.0803470000 0.0000000000
127.8285230000 -40.4200460000 0.0000000000
93.8934580000 -24.8077880000 0.0000000000
78.0366330000 -25.4142760000 0.0000000000
112.6466320000 -16.1405890000 0.0000000000
137.8305980000 9.0869440000 0.0000000000
43.4909220000 -19.0327390000 0.0000000000
33.2928790000 -23.8360880000 0.0000000000
133.3880190000 -9.0407910000 0.0000000000
153.2735870000 -11.4010060000 0.0000000000
90.2849450000 39.6757080000 0.0000000000
43.3939060000 7.2489990000 0.0000000000
137.4673890000 -31.4445890000 0.0000000000
21.8229100000 -33.2324060000 0.0000000000
130.2717610000 40.6007970000 0.0000000000
170.5275060000 -1.2661230000 0.0000000000
110.3637550000 12.2635580000 0.0000000000
150.1574100000 36.9503470000 0.0000000000
83.2212800000 15.2343120000 0.0000000000
76.8443950000 -35.0800720000 0.0000000000
130.9993120000 -5.5671340000 0.0000000000
-30.0851250000 6.1709850000 0.0000000000
-30.0851250000 -6.1709850000 0.0000000000
67.0327780000 19.2703190000 0.0000000000
13.0551430000 -27.9309230000 0.0000000000
115.0034860000 -42.2841870000 0.0000000000
147.9292370000 18.3506220000 0.0000000000
95.5192890000 -8.5114730000 0.0000000000
48.0659910000 -24.8668520000 0.0000000000
26.6550240000 14.9745960000 0.0000000000
169.9734130000 -8.0558040000 0.0000000000
87.8348800000 -7.4012700000 0.0000000000
75.6165180000 11.8404270000 0.0000000000
157.2741460000 26.3549660000 0.0000000000
95.6241890000 9.8426890000 0.0000000000
162.5981370000 -2.6477100000 0.0000000000
43.9998770000 -0.1833570000 0.0000000000
130.8171060000 10.5256790000 0.0000000000
143.3276020000 -31.6630770000 0.0000000000
170.4416920000 3.5317830000 0.0000000000
28.7070150000 20.9269420000 0.0000000000
148.5671320000 -17.3493940000 0.0000000000
100.0539060000 -34.5112240000 0.0000000000
50.8866680000 -28.3132160000 0.0000000000
44.3150930000 27.9755090000 0.0000000000
39.8586520000 29.0734000000 0.0000000000
166.6159180000 3.6404340000 0.0000000000
169.4792590000 10.2686500000 0.0000000000
-22.2106980000 -21.0884300000 0.0000000000
-22.2106980000 21.0884300000 0.0000000000
79.2720570000 -0.7470390000 0.0000000000
124.0278830000 14.4294480000 0.0000000000
136.9268700000 -17.5849580000 0.0000000000
24.5134430000 21.9290550000 0.0000000000
159.6161760000 -16.1106820000 0.0000000000
102.1039840000 29.7679600000 0.0000000000
142.7978730000 1.9603640000 0.0000000000
99.1859170000 34.6484420000 0.0000000000
45.6068380000 21.8592590000 0.0000000000
105.5352170000 -24.0333160000 0.0000000000
152.8022640000 6.4775510000 0.0000000000
17.2518610000 27.4514400000 0.0000000000
47.8404580000 16.4216470000 0.0000000000
72.9564570000 5.0263250000 0.0000000000
134.2185110000 -14.0634310000 0.0000000000
103.9064590000 -16.2731190000 0.0000000000
63.2213460000 0.6743880000 0.0000000000
111.0493330000 -2.2741060000 0.0000000000
23.4736620000 29.5565650000 0.0000000000
83.8429590000 19.7181400000 0.0000000000
80.8148370000 -6.0510110000 0.0000000000
104.3108310000 -31.9019030000 0.0000000000
114.0774070000 -31.8194820000 0.0000000000
82.1234570000 27.7519360000 0.0000000000
131.8634850000 -39.0246470000 0.0000000000
124.0194140000 -17.0231310000 0.0000000000
127.9055240000 -25.4408600000 0.0000000000
115.8676610000 17.6253620000 0.0000000000
96.7623340000 -26.4469830000 0.0000000000
31.8859460000 24.0445870000 0.0000000000
45.7354320000 -32.4040130000 0.0000000000
86.5991270000 -14.7270760000 0.0000000000
-27.2304180000 5.8751340000 0.0000000000
-27.2304180000 -5.8751340000 0.0000000000
99.5558390000 -10.8068300000 0.0000000000
151.8807120000 -5.9674740000 0.0000000000
43.2994110000 3.7779270000 0.0000000000
114.3280880000 -5.5340070000 0.0000000000
60.4094710000 -37.0412760000 0.0000000000
146.8632120000 -13.5218030000 0.0000000000
59.3332690000 30.1676760000 0.0000000000
158.5294760000 -7.2625020000 0.0000000000
124.4202340000 -13.9988160000 0.0000000000
117.3832040000 -35.3488610000 0.0000000000
152.1058690000 -1.9884520000 0.0000000000
64.0308290000 -1.5702280000 0.0000000000
115.8418230000 -39.6968400000 0.0000000000
93.0256920000 -8.3644300000 0.0000000000
32.7241040000 -33.6104580000 0.0000000000
79.3668850000 35.3655890000 0.0000000000
124.8360270000 -43.2980770000 0.0000000000
158.2150740000 14.9563650000 0.0000000000
33.9984020000 30.2443400000 0.0000000000
110.8376330000 -12.2141280000 0.0000000000
35.8348750000 -19.9806290000 0.0000000000
113.6957640000 5.6502960000 0.0000000000
109.6131040000 5.4141090000 0.0000000000
48.2437790000 35.8616970000 0.0000000000
101.1235250000 27.0978280000 0.0000000000
59.5280600000 -2.0050710000 0.0000000000
106.6631710000 14.3159750000 0.0000000000
158.8677970000 17.6959630000 0.0000000000
91.8135640000 34.9704110000 0.0000000000
49.6032750000 -16.5772380000 0.0000000000
71.1427530000 -10.0234350000 0.0000000000
95.8162250000 20.0711520000 0.0000000000
99.6592150000 -14.9958760000 0.0000000000
122.3628640000 -4.8964280000 0.0000000000
34.2674370000 34.3449510000 0.0000000000
53.5049820000 19.7665750000 0.0000000000
147.9394020000 -38.3330790000 0.0000000000
159.0762620000 -13.7704530000 0.0000000000
80.1198050000 8.2804910000 0.0000000000
130.6107950000 18.9438820000 0.0000000000
151.8297560000 -35.9277360000 0.0000000000
97.1656070000 -2.7838140000 0.0000000000
128.0061690000 16.6825780000 0.0000000000
159.7140050000 -0.9945460000 0.0000000000
136.7155960000 31.9888030000 0.0000000000
142.8374300000 32.3143950000 0.0000000000
144.9824330000 -12.1671230000 0.0000000000
142.6944750000 -13.1966030000 0.0000000000
105.5880230000 6.5035060000 0.0000000000
61.3089650000 19.0316700000 0.0000000000
90.7198890000 27.6228440000 0.0000000000
48.0853280000 25.1939530000 0.0000000000
86.6012850000 5.1735510000 0.0000000000
71.6999910000 -31.0074950000 0.0000000000
77.3744840000 -12.8392810000 0.0000000000
153.1354440000 -18.9447370000 0.0000000000
18.9303130000 -26.6103800000 0.0000000000
95.5816200000 40.9851620000 0.0000000000
113.1978300000 11.4918190000 0.0000000000
71.7883440000 19.4310610000 0.0000000000
92.8222440000 -12.5100470000 0.0000000000
114.1803290000 35.9467100000 0.0000000000
103.1608850000 -2.1953920000 0.0000000000
161.6788290000 -5.0133260000 0.0000000000
80.6022980000 23.2456210000 0.0000000000
155.6845220000 33.1239990000 0.0000000000
57.6430150000 19.2668310000 0.0000000000
132.2338270000 24.8174650000 0.0000000000
161.8824620000 -25.9123500000 0.0000000000
73.1170990000 15.5629270000 0.0000000000
27.8008360000 18.7926200000 0.0000000000
132.7275260000 -24.4198150000 0.0000000000
19.0604510000 -19.5539280000 0.0000000000
83.6790900000 -39.6246640000 0.0000000000
74.0369160000 -15.6869920000 0.0000000000
76.7430240000 -21.2525210000 0.0000000000
55.0050650000 36.7605920000 0.0000000000
131.8968410000 -34.1956590000 0.0000000000
46.9722220000 9.1441540000 0.0000000000
26.9663810000 -8.2923300000 0.0000000000
129.5123960000 29.0981250000 0.0000000000
155.1272720000 -15.4325260000 0.0000000000
51.2566370000 13.1230370000 0.0000000000
83.6483440000 -8.0922670000 0.0000000000
38.6985000000 -13.0501850000 0.0000000000
133.8946370000 42.8534480000 0.0000000000
96.1901160000 32.0668110000 0.0000000000
32.4046910000 18.9747310000 0.0000000000
71.6544770000 34.7632030000 0.0000000000
124.3453180000 16.9573850000 0.0000000000
94.3782460000 -37.3965270000 0.0000000000
121.7207910000 22.9149620000 0.0000000000
128.8669490000 -32.2329390000 0.0000000000
78.7390630000 -39.1104480000 0.0000000000
135.2982370000 -42.6884870000 0.0000000000
157.1156260000 -31.6891180000 0.0000000000
119.6339970000 -19.6591450000 0.0000000000
89.1745850000 -3.0917450000 0.0000000000
37.8489370000 9.4214820000 0.0000000000
150.1169150000 -32.5762610000 0.0000000000
110.3359960000 -32.8634370000 0.0000000000
145.7924590000 -5.8216050000 0.0000000000
90.8711910000 5.4868370000 0.0000000000
125.8019210000 -24.3884320000 0.0000000000
95.5828250000 -33.5600490000 0.0000000000
23.2835520000 25.6220510000 0.0000000000
146.2861300000 14.3790530000 0.0000000000
107.0779550000 -9.2784430000 0.0000000000
148.9316890000 33.4029940000 0.0000000000
138.1563180000 16.3413580000 0.0000000000
108.2665630000 -15.8092730000 0.0000000000
102.5495810000 -8.1807610000 0.0000000000
20.3874280000 32.9399840000 0.0000000000
97.6813040000 30.5677570000 0.0000000000
45.1821160000 32.7005150000 0.0000000000
78.5360620000 24.9402100000 0.0000000000
123.0032710000 -40.3790760000 0.0000000000
140.4761170000 -12.1238000000 0.0000000000
37.4694460000 14.3380860000 0.0000000000
152.3840940000 13.5535240000 0.0000000000
22.6685320000 -23.5911830000 0.0000000000
123.1171110000 40.2332020000 0.0000000000
48.2727670000 27.6042280000 0.0000000000
127.2027950000 -20.5523750000 0.0000000000
152.5552650000 11.2105610000 0.0000000000
63.8815000000 -21.0816430000 0.0000000000
52.4385100000 -2.1404160000 0.0000000000
52.6347840000 33.9034000000 0.0000000000
50.4330300000 8.7290740000 0.0000000000
162.4292380000 -8.6146500000 0.0000000000
129.9910110000 -28.6802180000 0.0000000000
142.1740300000 -40.9008440000 0.0000000000
103.0816400000 12.3768680000 0.0000000000
87.3831510000 21.4688980000 0.0000000000
39.4893950000 -16.9902310000 0.0000000000
38.6052790000 -29.2530570000 0.0000000000
103.2093870000 41.3205980000 0.0000000000
81.6619690000 -23.3302340000 0.0000000000
139.9430380000 -4.7518970000 0.0000000000
45.6616200000 -18.3473720000 0.0000000000
83.4970130000 39.6140390000 0.0000000000
22.0054910000 15.3800380000 0.0000000000
47.5399460000 -20.2606440000 0.0000000000
53.0751540000 0.3304030000 0.0000000000
114.7250360000 -13.7848420000 0.0000000000
131.1172560000 34.5039680000 0.0000000000
150.6675640000 -13.8954690000 0.0000000000
131.9326710000 -27.6089050000 0.0000000000
127.3602970000 32.5324770000 0.0000000000
40.1993980000 20.6434600000 0.0000000000
58.9458420000 -31.2967540000 0.0000000000
55.4994740000 0.7067020000 0.0000000000
105.5553920000 26.2160620000 0.0000000000
165.6932450000 -20.8329870000 0.0000000000
126.5442900000 39.5447720000 0.0000000000
104.7990250000 2.6336280000 0.0000000000
61.3636500000 -17.9721530000 0.0000000000
146.1211250000 17.0215450000 0.0000000000
154.7040510000 20.7080050000 0.0000000000
41.1609620000 -5.8640470000 0.0000000000
166.2003260000 -8.5197130000 0.0000000000
52.7711800000 26.4254650000 0.0000000000
36.1099340000 -34.9944190000 0.0000000000
60.6896290000 -12.5549310000 0.0000000000
152.0937590000 20.4774080000 0.0000000000
66.6759240000 -13.6723260000 0.0000000000
57.0807190000 16.6622910000 0.0000000000
15.5266870000 23.5548270000 0.0000000000
52.2066630000 -8.9281470000 0.0000000000
82.0956220000 4.1317170000 0.0000000000
31.0173550000 9.5194560000 0.0000000000
127.1023360000 37.0259000000 0.0000000000
43.7830490000 14.0892560000 0.0000000000
33.2844730000 -31.3683740000 0.0000000000
47.6605160000 -36.0996020000 0.0000000000
85.9054180000 39.8750860000 0.0000000000
99.8525750000 9.8966820000 0.0000000000
43.0691460000 18.0101510000 0.0000000000
48.7303620000 32.0626020000 0.0000000000
142.2637300000 -8.4623200000 0.0000000000
82.9132340000 -13.0616330000 0.0000000000
114.8574140000 13.3760370000 0.0000000000
100.1708330000 31.3925830000 0.0000000000
5.2930570000 31.7531760000 0.0000000000
5.2930570000 -31.7531760000 0.0000000000
131.6101570000 27.8092140000 0.0000000000
140.1384550000 12.8059160000 0.0000000000
56.4892410000 -14.5753580000 0.0000000000
30.1440060000 -11.6535250000 0.0000000000
53.6513310000 -17.0791230000 0.0000000000
150.2673020000 14.6864520000 0.0000000000
30.5202050000 -9.2157560000 0.0000000000
76.6334740000 2.6639030000 0.0000000000
155.5254930000 -19.2959630000 0.0000000000
121.2289170000 -10.6062720000 0.0000000000
79.4004990000 -19.9749430000 0.0000000000
62.6273120000 -13.9411060000 0.0000000000
68.5812590000 15.3541160000 0.0000000000
28.0078480000 -19.7718850000 0.0000000000
116.0177570000 -22.3979820000 0.0000000000
83.2905800000 -21.3869930000 0.0000000000
86.9450470000 36.9703960000 0.0000000000
69.3320420000 4.5454740000 0.0000000000
166.1278570000 10.6213600000 0.0000000000
135.6162320000 25.2324290000 0.0000000000
119.7977090000 7.4066610000 0.0000000000
69.3504840000 -35.2703310000 0.0000000000
133.8663740000 29.1355170000 0.0000000000
64.5535600000 22.6059080000 0.0000000000
98.2012470000 -30.7941750000 0.0000000000
103.9950150000 36.1244480000 0.0000000000
73.2009970000 -13.1879200000 0.0000000000
150.5266870000 -23.9368150000 0.0000000000
39.0277400000 24.9745960000 0.0000000000
-31.2793860000 0.0000000000 0.0000000000
127.9493970000 -27.7949450000 0.0000000000
144.3071210000 6.4059010000 0.0000000000
77.3168420000 32.2669280000 0.0000000000
79.5660870000 30.8795630000 0.0000000000
-8.1989470000 -25.2337660000 0.0000000000
-8.1989470000 25.2337660000 0.0000000000
123.2910610000 28.5815530000 0.0000000000
146.3446180000 -1.5004120000 0.0000000000
149.8906740000 24.9088430000 0.0000000000
125.3637580000 29.5401540000 0.0000000000
134.4022160000 -21.0629200000 0.0000000000
103.4508240000 16.7509560000 0.0000000000
22.2664360000 -28.6791100000 0.0000000000
141.3471870000 41.3295010000 0.0000000000
154.0472760000 -23.4903940000 0.0000000000
123.2318830000 26.3587110000 0.0000000000
96.9298740000 -6.8651090000 0.0000000000
33.3347050000 -5.8454910000 0.0000000000
88.0504450000 -16.9864480000 0.0000000000
113.3774090000 -11.7764500000 0.0000000000
73.0400930000 8.0278560000 0.0000000000
97.3356900000 37.7632170000 0.0000000000
50.2764400000 -23.8456340000 0.0000000000
49.8303320000 -5.0465250000 0.0000000000
48.0878510000 -7.2811790000 0.0000000000
128.0700500000 -36.5846240000 0.0000000000
105.3808260000 -36.3270630000 0.0000000000
139.2241140000 -38.1788070000 0.0000000000
156.3650700000 13.4475020000 0.0000000000
125.2702330000 35.5223510000 0.0000000000
15.5766990000 -29.0385600000 0.0000000000
69.1714610000 11.2387200000 0.0000000000
116.7120770000 -27.0656030000 0.0000000000
113.1999440000 31.9940440000 0.0000000000
166.8315190000 -1.2609490000 0.0000000000
69.3571780000 -38.0382070000 0.0000000000
102.3045780000 7.3156700000 0.0000000000
46.0787880000 24.2910980000 0.0000000000
22.8694650000 -18.4844650000 0.0000000000
126.1309250000 -29.1800860000 0.0000000000
80.8952230000 -31.4912150000 0.0000000000
116.4196470000 2.1806830000 0.0000000000
133.7318810000 -28.7531990000 0.0000000000
83.5611600000 26.1675390000 0.0000000000
153.2157240000 24.6624980000 0.0000000000
127.2250120000 21.2846990000 0.0000000000
68.3474650000 -29.0094890000 0.0000000000
135.6621010000 -25.2127180000 0.0000000000
110.9244440000 -36.3212530000 0.0000000000
138.2097920000 38.5809310000 0.0000000000
145.7737040000 -35.3734760000 0.0000000000
87.5597800000 -39.9744630000 0.0000000000
133.8936010000 21.5162110000 0.0000000000
123.7428640000 -26.0397030000 0.0000000000
91.0906260000 -1.3605090000 0.0000000000
90.2614280000 24.7022590000 0.0000000000
76.5994500000 13.7337700000 0.0000000000
49.8067080000 17.4973180000 0.0000000000
63.5470890000 10.7275460000 0.0000000000
142.0934070000 16.3691270000 0.0000000000
87.5942450000 -12.8597050000 0.0000000000
-9.0864160000 -29.9802690000 0.0000000000
-9.0864160000 29.9802690000 0.0000000000
112.0149750000 42.4243610000 0.0000000000
19.3359240000 25.8850780000 0.0000000000
126.4613990000 -17.9259570000 0.0000000000
144.9589360000 35.9104680000 0.0000000000
116.1604930000 27.6264500000 0.0000000000
55.3699350000 -29.5166090000 0.0000000000
154.4378750000 10.3556840000 0.0000000000
91.3866310000 -23.2977540000 0.0000000000
78.7401320000 13.8430500000 0.0000000000
68.8596860000 28.8564380000 0.0000000000
21.4083520000 28.9853990000 0.0000000000
79.0972210000 -34.4920390000 0.0000000000
15.8096840000 -23.2970830000 0.0000000000
67.8194750000 -23.2630320000 0.0000000000
37.1771770000 -10.4423600000 0.0000000000
78.9340720000 10.1061530000 0.0000000000
39.0496690000 16.5874280000 0.0000000000
121.5441090000 10.8517410000 0.0000000000
74.6760940000 19.3976750000 0.0000000000
74.2398980000 34.6851050000 0.0000000000
125.4907430000 24.5911710000 0.0000000000
118.8336860000 34.9479940000 0.0000000000
12.6381290000 -32.7950780000 0.0000000000
113.1279920000 -21.2672580000 0.0000000000
38.9553800000 -25.9888380000 0.0000000000
142.8125610000 -15.3984480000 0.0000000000
125.9989930000 -35.3830120000 0.0000000000
155.6118840000 -28.8162860000 0.0000000000
-4.3094770000 -31.1643760000 0.0000000000
-4.3094770000 31.1643760000 0.0000000000
26.6061250000 28.0468480000 0.0000000000
63.2858490000 14.9543690000 0.0000000000
159.6860280000 -5.3275300000 0.0000000000
62.9339310000 26.4091400000 0.0000000000
118.2921020000 -3.4207950000 0.0000000000
80.9430850000 16.4262920000 0.0000000000
160.2843370000 -9.4573490000 0.0000000000
145.1868950000 2.7538760000 0.0000000000
49.6284500000 -9.3921740000 0.0000000000
129.8020660000 -16.8497730000 0.0000000000
71.4829770000 38.7258180000 0.0000000000
143.3392750000 -23.8155420000 0.0000000000
-26.4595060000 -0.0000000000 0.0000000000
158.8200340000 4.5485700000 0.0000000000
84.8109390000 6.2222300000 0.0000000000
89.0426030000 -34.8269150000 0.0000000000
158.0869280000 -22.6947020000 0.0000000000
82.8169310000 -16.5432790000 0.0000000000
95.9941960000 -4.7071390000 0.0000000000
112.6829750000 -42.4918470000 0.0000000000
76.3520420000 28.2019480000 0.0000000000
32.6360460000 0.0029870000 0.0000000000
40.8396750000 -12.7277010000 0.0000000000
149.6243180000 -5.7379390000 0.0000000000
96.8938970000 -40.8972490000 0.0000000000
89.9799840000 30.1568420000 0.0000000000
110.0169510000 -19.0848310000 0.0000000000
101.1426200000 -1.4752120000 0.0000000000
76.6578310000 -7.5014950000 0.0000000000
87.1882960000 0.6760310000 0.0000000000
35.9850170000 18.2817630000 0.0000000000
107.7583870000 -28.6019870000 0.0000000000
46.4224300000 29.0609450000 0.0000000000
72.2457740000 28.0361160000 0.0000000000
53.8163420000 17.1724080000 0.0000000000
41.9343380000 32.2919850000 0.0000000000
160.1304370000 11.3214890000 0.0000000000
-26.6677030000 -9.2577210000 0.0000000000
-26.6677030000 9.2577210000 0.0000000000
162.7182640000 11.1701410000 0.0000000000
-14.3594900000 -27.5832370000 0.0000000000
-14.3594900000 27.5832370000 0.0000000000
56.0383050000 -3.4682240000 0.0000000000
-3.6519450000 -26.6494440000 0.0000000000
-3.6519450000 26.6494440000 0.0000000000
148.2032750000 -9.1128020000 0.0000000000
154.5569030000 30.0511730000 0.0000000000
39.7904530000 -19.5620240000 0.0000000000
40.8791170000 3.4103100000 0.0000000000
-12.7231360000 -23.5754270000 0.0000000000
-12.7231360000 23.5754270000 0.0000000000
79.0656860000 -27.3224530000 0.0000000000
94.7780400000 0.5433840000 0.0000000000
55.4795280000 29.4538200000 0.0000000000
5.6472790000 -29.8313770000 0.0000000000
5.6836880000 29.7663600000 0.0000000000
75.8927930000 -17.2197170000 0.0000000000
144.1693960000 18.1446140000 0.0000000000
112.9747900000 -1.4374960000 0.0000000000
115.8857860000 8.9356820000 0.0000000000
117.4993580000 10.4547030000 0.0000000000
140.2439220000 -33.6617210000 0.0000000000
42.9018580000 -29.8699040000 0.0000000000
34.9717070000 -17.7276120000 0.0000000000
93.5102800000 -20.2910470000 0.0000000000
64.4841920000 37.8917190000 0.0000000000
154.5644530000 -25.5222960000 0.0000000000
122.3806450000 4.8854670000 0.0000000000
60.0424360000 -8.0196480000 0.0000000000
59.4751300000 -5.7244580000 0.0000000000
75.6366320000 8.3241220000 0.0000000000
67.0988470000 -4.2009480000 0.0000000000
29.9930020000 13.6598470000 0.0000000000
85.7592840000 -36.3975690000 0.0000000000
11.5248910000 -29.3225670000 0.0000000000
140.9336120000 -16.5716290000 0.0000000000
30.1729390000 -34.0846580000 0.0000000000
114.6541410000 -35.6875110000 0.0000000000
98.4134190000 -37.9056590000 0.0000000000
41.2661910000 -32.0308870000 0.0000000000
69.2703170000 -31.0937340000 0.0000000000
111.6984340000 -38.8149350000 0.0000000000
157.1466760000 24.1143020000 0.0000000000
135.9472110000 -33.1686100000 0.0000000000
158.5919660000 30.2902200000 0.0000000000
136.7728090000 18.0471650000 0.0000000000
142.2170860000 14.0937230000 0.0000000000
168.4820000000 2.8077860000 0.0000000000
120.4664570000 -6.4146970000 0.0000000000
47.4015440000 20.8682500000 0.0000000000
43.1782820000 -21.6096030000 0.0000000000
86.1638100000 29.7009120000 0.0000000000
43.7357180000 25.4994930000 0.0000000000
119.5738250000 20.1807120000 0.0000000000
159.4746220000 -28.8501590000 0.0000000000
148.1540740000 5.7279160000 0.0000000000
45.9037360000 7.3407470000 0.0000000000
34.0512270000 22.5869360000 0.0000000000
169.0132270000 -12.0368840000 0.0000000000
107.3161760000 42.1328830000 0.0000000000
68.9754140000 -6.0484420000 0.0000000000
138.5372280000 -15.8908600000 0.0000000000
99.7090900000 41.2462850000 0.0000000000
141.2994890000 -18.6411380000 0.0000000000
26.2269550000 -33.7168150000 0.0000000000
155.4847230000 -4.2947950000 0.0000000000
141.7981160000 9.2434410000 0.0000000000
148.7322100000 11.1636910000 0.0000000000
116.1856600000 22.0632340000 0.0000000000
134.8573620000 33.5075760000 0.0000000000
139.3608890000 34.1929710000 0.0000000000
39.2925030000 -2.0788650000 0.0000000000
142.6728380000 24.5545440000 0.0000000000
65.8189080000 -32.3763470000 0.0000000000
-26.7604820000 15.5515900000 0.0000000000
-26.7604820000 -15.5515900000 0.0000000000
-30.6160800000 -4.0710620000 0.0000000000
-30.6160800000 4.0710620000 0.0000000000
30.3319940000 34.1293680000 0.0000000000
60.0270510000 -21.0643600000 0.0000000000
24.2740040000 16.4475340000 0.0000000000
154.0267510000 17.1173030000 0.0000000000
113.1059410000 15.4669890000 0.0000000000
103.1110130000 -38.3181590000 0.0000000000
113.8705960000 -18.1732550000 0.0000000000
72.3548140000 -28.5616380000 0.0000000000
42.0789840000 -16.1731960000 0.0000000000
120.4569950000 -1.2465460000 0.0000000000
52.0036190000 30.2932620000 0.0000000000
-29.1595010000 -10.0323190000 0.0000000000
-29.1595010000 10.0323190000 0.0000000000
103.5180640000 33.4472530000 0.0000000000
145.9631050000 39.6098440000 0.0000000000
124.1978900000 43.7047800000 0.0000000000
162.6241420000 7.8441610000 0.0000000000
138.0330860000 -36.0568140000 0.0000000000
127.5311560000 28.1083580000 0.0000000000
26.9647580000 7.7803680000 0.0000000000
68.9748740000 30.9570000000 0.0000000000
164.0853980000 0.7615090000 0.0000000000
22.5400400000 33.2879640000 0.0000000000
121.8151000000 -35.8846040000 0.0000000000
81.3523960000 19.2581410000 0.0000000000
51.5781770000 -18.3599560000 0.0000000000
153.5797850000 26.7649710000 0.0000000000
29.8074210000 25.5008210000 0.0000000000
66.7673380000 27.7611740000 0.0000000000
60.0937880000 -26.8579680000 0.0000000000
93.7710730000 19.0374160000 0.0000000000
62.4071260000 -33.9857530000 0.0000000000
27.1258270000 22.8673640000 0.0000000000
87.5901860000 15.2090480000 0.0000000000
23.9315010000 -33.7036030000 0.0000000000
26.8979470000 -27.9800660000 0.0000000000
42.4684460000 -35.5575280000 0.0000000000
78.8670870000 39.1694240000 0.0000000000
123.4620900000 -32.7761190000 0.0000000000
59.1389680000 32.2107840000 0.0000000000
73.4204840000 -4.4950050000 0.0000000000
29.3898700000 -31.3727480000 0.0000000000
76.6716860000 21.5797920000 0.0000000000
73.4057020000 11.8435440000 0.0000000000
105.9620200000 -4.1151270000 0.0000000000
116.1988460000 -9.3204630000 0.0000000000
71.3691540000 -38.6235670000 0.0000000000
151.9502050000 18.2765750000 0.0000000000
111.5465300000 19.2882320000 0.0000000000
107.2542430000 -0.0599810000 0.0000000000
26.3899550000 -23.1864380000 0.0000000000
21.1651400000 -16.6636430000 0.0000000000
39.3039990000 1.3665540000 0.0000000000
137.0906990000 36.4877160000 0.0000000000
133.7296580000 -31.1396850000 0.0000000000
168.3655360000 14.1479980000 0.0000000000
94.2203200000 -29.0153830000 0.0000000000
116.9046780000 43.1009010000 0.0000000000
84.7340390000 17.1729800000 0.0000000000
162.0757400000 16.6870180000 0.0000000000
162.2028700000 2.1886890000 0.0000000000
162.6917350000 4.3327850000 0.0000000000
17.0763310000 33.1773570000 0.0000000000
47.7654770000 -31.5299980000 0.0000000000
12.2861970000 32.7278750000 0.0000000000
83.7188240000 36.2367140000 0.0000000000
37.8734120000 5.4333490000 0.0000000000
122.8040890000 33.0136360000 0.0000000000
93.7254520000 24.3431620000 0.0000000000
168.2639570000 -14.8590870000 0.0000000000
62.8911110000 7.0818180000 0.0000000000
61.9682620000 5.0737360000 0.0000000000
88.3920330000 8.5728190000 0.0000000000
103.0737500000 -27.1768150000 0.0000000000
153.0077910000 -16.5959310000 0.0000000000
99.3728590000 -3.1781980000 0.0000000000
30.9574300000 31.8034450000 0.0000000000
147.0637370000 1.9580820000 0.0000000000
84.2989530000 -14.7683690000 0.0000000000
83.5682810000 29.7879400000 0.0000000000
130.2481470000 -30.7772070000 0.0000000000
170.8018470000 -3.2792980000 0.0000000000
54.3803440000 -33.5592170000 0.0000000000
50.5280270000 6.7530070000 0.0000000000
100.2871880000 -8.7817110000 0.0000000000
114.0444560000 -9.6772770000 0.0000000000
35.5835170000 26.7030440000 0.0000000000
19.8920650000 -30.0738510000 0.0000000000
150.3063430000 -34.5908120000 0.0000000000
101.7395350000 -19.2909620000 0.0000000000
122.8710730000 18.5677810000 0.0000000000
148.8439200000 -12.6715020000 0.0000000000
72.9573040000 -35.3043380000 0.0000000000
62.8456530000 -4.7090370000 0.0000000000
11.4405030000 29.2008080000 0.0000000000
103.2526320000 -23.4947900000 0.0000000000
87.7790200000 -20.8299210000 0.0000000000
1.6710080000 -31.2957070000 0.0000000000
1.6710080000 31.2957070000 0.0000000000
2.2396190000 -28.7890440000 0.0000000000
2.2396190000 28.7890440000 0.0000000000
89.1708440000 1.7709090000 0.0000000000
93.1678110000 -1.5920870000 0.0000000000
81.3901510000 -2.7527290000 0.0000000000
144.4277220000 11.2863850000 0.0000000000
66.9228750000 34.6477710000 0.0000000000
108.7039750000 3.4009900000 0.0000000000
152.0302920000 36.2472980000 0.0000000000
139.6586440000 -2.2233910000 0.0000000000
72.9157980000 30.7201580000 0.0000000000
138.2532150000 -19.6103400000 0.0000000000
63.2540310000 19.3548840000 0.0000000000
76.5696210000 35.8278910000 0.0000000000
32.9762170000 -27.9073070000 0.0000000000
139.3062210000 20.5270250000 0.0000000000
79.9174920000 4.5494990000 0.0000000000
25.9089830000 -21.3014690000 0.0000000000
108.1943480000 15.7140340000 0.0000000000
139.5838770000 5.0728460000 0.0000000000
165.7909840000 -6.4336170000 0.0000000000
118.1979990000 3.9170200000 0.0000000000
164.7528320000 -22.7254680000 0.0000000000
151.6654130000 -27.1971640000 0.0000000000
121.5066860000 -25.4944820000 0.0000000000
24.6985210000 -17.4171110000 0.0000000000
112.4435260000 28.2771670000 0.0000000000
86.2802940000 -18.9006500000 0.0000000000
42.1212870000 -3.8468970000 0.0000000000
150.2701880000 -2.4428670000 0.0000000000
60.3392710000 -23.1025750000 0.0000000000
154.8133260000 -8.0298940000 0.0000000000
118.2598080000 23.9332180000 0.0000000000
82.3968800000 11.8218840000 0.0000000000
153.2197330000 -4.0713960000 0.0000000000
137.5578350000 42.6850420000 0.0000000000
116.1695400000 29.9338410000 0.0000000000
150.6687150000 28.2387150000 0.0000000000
103.7390420000 10.2817980000 0.0000000000
57.2459310000 -5.4237150000 0.0000000000
101.9890570000 -31.1649150000 0.0000000000
106.5213670000 38.8424250000 0.0000000000
85.3193030000 -10.3034510000 0.0000000000
55.5827220000 -12.2066180000 0.0000000000
83.5734940000 -0.9710140000 0.0000000000
148.1933040000 20.3988140000 0.0000000000
86.1556510000 12.0841580000 0.0000000000
100.4204020000 -41.4362950000 0.0000000000
43.1455870000 10.2476630000 0.0000000000
121.5705570000 -22.8770370000 0.0000000000
20.4776160000 17.1704490000 0.0000000000
39.9959390000 26.8713150000 0.0000000000
170.6267140000 5.5139270000 0.0000000000
110.2687240000 8.0812280000 0.0000000000
112.5858990000 8.0738670000 0.0000000000
133.1665600000 31.5302300000 0.0000000000
162.3309890000 -19.4335020000 0.0000000000
92.4784180000 33.0002680000 0.0000000000
75.3527190000 1.0660780000 0.0000000000
65.4360460000 30.6524700000 0.0000000000
65.7591130000 9.6333260000 0.0000000000
100.2395270000 12.0223510000 0.0000000000
119.0837010000 -30.5289900000 0.0000000000
120.2604350000 -28.9360100000 0.0000000000
28.4993090000 10.7743970000 0.0000000000
35.3654170000 10.8015880000 0.0000000000
98.5139410000 24.0367300000 0.0000000000
53.7712980000 -3.7542500000 0.0000000000
155.1595060000 -9.9544510000 0.0000000000
126.7776330000 -31.6431940000 0.0000000000
102.7619660000 -41.6066470000 0.0000000000
147.0099300000 -29.3585040000 0.0000000000
155.5690990000 -0.4675470000 0.0000000000
90.3435160000 18.7381880000 0.0000000000
115.9175410000 6.5079360000 0.0000000000
130.6242220000 38.5616570000 0.0000000000
34.7268000000 7.3665750000 0.0000000000
94.3570840000 4.8861030000 0.0000000000
29.1847880000 -5.1773310000 0.0000000000
30.6919320000 7.2866440000 0.0000000000
123.6106360000 -20.7131670000 0.0000000000
91.5253320000 -40.3953790000 0.0000000000
119.5624310000 9.7129160000 0.0000000000
46.7272710000 31.3288750000 0.0000000000
151.2460290000 4.6867640000 0.0000000000
162.8759800000 -15.0429250000 0.0000000000
75.6941490000 -19.2841320000 0.0000000000
40.8759250000 7.1572800000 0.0000000000
111.4788570000 22.8242630000 0.0000000000
82.3444330000 -25.3820720000 0.0000000000
144.1690240000 -9.0415620000 0.0000000000
158.6157420000 21.4084860000 0.0000000000
73.5409690000 23.6076700000 0.0000000000
107.8165430000 12.5975150000 0.0000000000
43.0498670000 35.7902610000 0.0000000000
69.5312720000 2.4240430000 0.0000000000
156.9361340000 -10.6707970000 0.0000000000
113.6603370000 18.7431310000 0.0000000000
101.5079590000 15.7750630000 0.0000000000
40.9189530000 -10.0718750000 0.0000000000
54.9017850000 -37.1981310000 0.0000000000
100.0543710000 -5.1968900000 0.0000000000
50.6948190000 -2.9785380000 0.0000000000
109.8935370000 30.1302900000 0.0000000000
117.6920840000 -10.9331660000 0.0000000000
55.0327830000 -27.2583330000 0.0000000000
131.4402110000 15.4605290000 0.0000000000
158.4958830000 2.7786000000 0.0000000000
99.7512460000 -28.7203380000 0.0000000000
76.6942660000 10.0509460000 0.0000000000
66.9674640000 -15.9767520000 0.0000000000
59.4196920000 5.4304410000 0.0000000000
81.1420840000 -27.6220830000 0.0000000000
80.2747630000 0.8864670000 0.0000000000
58.1193640000 25.3804220000 0.0000000000
164.6690090000 22.7625310000 0.0000000000
109.1317370000 -42.3157000000 0.0000000000
89.8018890000 -20.3557720000 0.0000000000
125.3080320000 -38.9540450000 0.0000000000
103.7233900000 -34.4402530000 0.0000000000
65.8853010000 -2.2660050000 0.0000000000
17.4244470000 -33.1231710000 0.0000000000
101.8425980000 -15.0990560000 0.0000000000
123.5695950000 20.5579770000 0.0000000000
146.1169400000 30.1400600000 0.0000000000
126.3495750000 17.7985710000 0.0000000000
57.5600760000 -29.6115400000 0.0000000000
30.4227450000 28.0518040000 0.0000000000
102.5699090000 -5.7193050000 0.0000000000
-23.8661930000 -19.9541550000 0.0000000000
-23.8661930000 19.9541550000 0.0000000000
88.9634830000 37.3292540000 0.0000000000
47.4122070000 -13.0564010000 0.0000000000
118.1736240000 30.7313800000 0.0000000000
119.6448630000 28.8717260000 0.0000000000
116.7669560000 -17.1971750000 0.0000000000
78.9820990000 6.4936080000 0.0000000000
116.7604010000 0.1114410000 0.0000000000
35.4102700000 -4.8359070000 0.0000000000
36.0366160000 35.2067930000 0.0000000000
50.8674680000 19.5534740000 0.0000000000
77.4457110000 -4.5292340000 0.0000000000
156.9277430000 -13.3119260000 0.0000000000
35.2528120000 -27.7111400000 0.0000000000
25.5447150000 -9.7680540000 0.0000000000
97.1091670000 16.8295130000 0.0000000000
52.4121150000 -20.8367520000 0.0000000000
100.8941990000 33.2174940000 0.0000000000
117.3123980000 -43.2702430000 0.0000000000
75.6216940000 4.7180100000 0.0000000000
89.6524060000 -10.4165110000 0.0000000000
110.9856310000 -8.3322960000 0.0000000000
64.3854890000 34.2685730000 0.0000000000
42.2779870000 20.1042300000 0.0000000000
110.8508010000 -15.1027410000 0.0000000000
119.6208010000 -34.3370470000 0.0000000000
27.2680880000 31.6525310000 0.0000000000
153.5682730000 -0.4861420000 0.0000000000
129.2774230000 31.0691700000 0.0000000000
36.4075860000 -25.6507950000 0.0000000000
69.7578710000 -19.3241770000 0.0000000000
133.4952990000 16.3495990000 0.0000000000
109.1499830000 -2.9507700000 0.0000000000
107.4481230000 -2.4549060000 0.0000000000
146.5022220000 -31.6551540000 0.0000000000
23.8941650000 -30.4399040000 0.0000000000
26.0537320000 -30.0064480000 0.0000000000
56.7703740000 -23.0334380000 0.0000000000
99.9437810000 -32.4999990000 0.0000000000
18.9676500000 -23.3200300000 0.0000000000
-19.6303070000 -24.2680300000 0.0000000000
-19.6303070000 24.2680300000 0.0000000000
-26.6466790000 3.9440320000 0.0000000000
-26.6466790000 -3.9440320000 0.0000000000
143.4337190000 -2.3255020000 0.0000000000
87.6456600000 -29.4153970000 0.0000000000
120.5342550000 -37.7583740000 0.0000000000
41.7349790000 14.3678880000 0.0000000000
72.1978190000 13.5829930000 0.0000000000
72.1771860000 -19.2683560000 0.0000000000
72.3469790000 -16.8260970000 0.0000000000
158.0103710000 -27.7313820000 0.0000000000
102.3069060000 19.5807040000 0.0000000000
147.4476270000 -36.3722780000 0.0000000000
77.6916010000 17.3871570000 0.0000000000
157.9503430000 10.7822330000 0.0000000000
104.5875930000 20.8565760000 0.0000000000
146.3260490000 -39.5430770000 0.0000000000
19.5504960000 -33.3613520000 0.0000000000
116.1243950000 39.7897510000 0.0000000000
149.3148200000 -19.5666070000 0.0000000000
75.3926180000 15.2209900000 0.0000000000
138.6994740000 -42.1963290000 0.0000000000
107.3574870000 23.0052280000 0.0000000000
53.9033530000 8.0207720000 0.0000000000
144.8531300000 -17.3050310000 0.0000000000
85.7504330000 33.3294300000 0.0000000000
160.5842990000 -12.1934420000 0.0000000000
153.6531560000 -35.0442110000 0.0000000000
52.8969500000 11.4360330000 0.0000000000
33.8202460000 9.2135220000 0.0000000000
76.9494140000 39.2326780000 0.0000000000
70.0342470000 -21.9971950000 0.0000000000
121.1880090000 -43.5575720000 0.0000000000
36.4329840000 -31.7774420000 0.0000000000
97.1270060000 -0.7226120000 0.0000000000
159.9539670000 13.8359490000 0.0000000000
97.9433520000 21.0552280000 0.0000000000
150.7881090000 8.1433010000 0.0000000000
148.8004520000 35.4322940000 0.0000000000
114.1406920000 -38.4649840000 0.0000000000
14.5104790000 29.5860600000 0.0000000000
166.6176030000 -11.0123580000 0.0000000000
168.5010520000 -0.6188840000 0.0000000000
34.0648820000 -8.0209680000 0.0000000000
36.0972190000 -8.0121520000 0.0000000000
133.1347730000 35.1323090000 0.0000000000
70.0835420000 13.3847490000 0.0000000000
151.6587820000 -9.8838220000 0.0000000000
101.8078950000 -35.3405260000 0.0000000000
37.5875560000 32.1229970000 0.0000000000
40.4655240000 12.7505080000 0.0000000000
80.1186340000 -10.3052050000 0.0000000000
156.8869890000 29.0477790000 0.0000000000
80.2234230000 37.2993250000 0.0000000000
107.3126060000 -35.4012510000 0.0000000000
129.2796890000 -43.8856660000 0.0000000000
64.2826120000 12.9211660000 0.0000000000
101.1917350000 22.5864990000 0.0000000000
61.8143890000 -29.6704190000 0.0000000000
36.4402850000 28.5925950000 0.0000000000
166.0049730000 13.4141470000 0.0000000000
92.4712690000 -34.0454190000 0.0000000000
119.9649080000 0.6340600000 0.0000000000
116.0974440000 -28.8699720000 0.0000000000
146.0470780000 -20.6731340000 0.0000000000
146.9066070000 -22.6876900000 0.0000000000
60.9410060000 23.1400330000 0.0000000000
-17.2053070000 -22.0169400000 0.0000000000
-17.2053070000 22.0169400000 0.0000000000
99.1189440000 -23.3061910000 0.0000000000
120.5169910000 -16.1705760000 0.0000000000
164.8969360000 4.5281140000 0.0000000000
156.2253900000 11.5398110000 0.0000000000
-26.2873950000 -11.8536650000 0.0000000000
-26.2873950000 11.8536650000 0.0000000000
109.3659820000 31.9589740000 0.0000000000
90.7391160000 -37.8957740000 0.0000000000
57.2559000000 -18.5808280000 0.0000000000
120.8778560000 35.7972290000 0.0000000000
88.6802160000 -32.7900280000 0.0000000000
102.5918290000 -12.1956020000 0.0000000000
100.2499190000 -38.8442430000 0.0000000000
22.7174410000 23.1586810000 0.0000000000
161.5670690000 -22.0940910000 0.0000000000
105.3063010000 28.0763610000 0.0000000000
50.1201260000 30.7083200000 0.0000000000
158.4113830000 -3.8975270000 0.0000000000
36.7706960000 3.9227080000 0.0000000000
99.7544940000 38.9683750000 0.0000000000
98.8600070000 -27.0995900000 0.0000000000
18.1168240000 19.7786310000 0.0000000000
155.3358660000 18.5254250000 0.0000000000
156.5125710000 7.8281420000 0.0000000000
66.9736250000 -38.3571660000 0.0000000000
111.9772010000 29.9408250000 0.0000000000
74.4975850000 -23.0430760000 0.0000000000
72.8701070000 2.3973690000 0.0000000000
101.9861820000 9.0145380000 0.0000000000
76.7854790000 6.4934820000 0.0000000000
80.6632300000 -15.9130620000 0.0000000000
147.5233560000 9.5656390000 0.0000000000
136.3056570000 29.7039650000 0.0000000000
24.8721910000 -24.5799230000 0.0000000000
91.7910540000 -10.3297270000 0.0000000000
45.9476340000 -36.0736570000 0.0000000000
68.3257200000 -25.1719660000 0.0000000000
81.3771390000 34.0531320000 0.0000000000
54.7497740000 23.4616200000 0.0000000000
9.2000040000 -32.1252790000 0.0000000000
53.5938960000 -24.2306720000 0.0000000000
114.0295500000 9.5908130000 0.0000000000
84.8104610000 -34.2158820000 0.0000000000
16.9686780000 21.7668010000 0.0000000000
148.8198870000 -28.7651260000 0.0000000000
142.8687670000 -21.8769890000 0.0000000000
84.1856980000 -37.6299840000 0.0000000000
123.0371700000 -19.0517680000 0.0000000000
19.8973450000 30.5207690000 0.0000000000
119.2264380000 -40.7002820000 0.0000000000
73.8107870000 38.9153010000 0.0000000000
98.8284740000 27.6294320000 0.0000000000
137.1189800000 -29.0330280000 0.0000000000
50.7348590000 -22.1127040000 0.0000000000
32.7671910000 28.1551700000 0.0000000000
107.1561700000 -42.4696270000 0.0000000000
33.4978880000 13.2612000000 0.0000000000
142.0349040000 22.6339210000 0.0000000000
41.3203510000 -24.8625250000 0.0000000000
146.0601690000 23.9677520000 0.0000000000
91.8686830000 -31.9935050000 0.0000000000
61.7648460000 -19.8315450000 0.0000000000
145.3589160000 21.5580880000 0.0000000000
154.9660860000 23.2618270000 0.0000000000
116.3257270000 -6.8058630000 0.0000000000
60.2595450000 8.4279430000 0.0000000000
87.0140550000 -27.5323830000 0.0000000000
128.4197480000 44.1143980000 0.0000000000
135.0995360000 -18.4590300000 0.0000000000
29.5634460000 3.7630880000 0.0000000000
92.5062140000 -17.8558900000 0.0000000000
138.1257670000 -39.9907060000 0.0000000000
131.6241730000 20.8317190000 0.0000000000
95.6739650000 -15.1653990000 0.0000000000
43.8201700000 -25.8797210000 0.0000000000
21.9555240000 19.1873130000 0.0000000000
58.7313790000 -13.9640670000 0.0000000000
108.7419700000 28.4903090000 0.0000000000
29.5876880000 -21.7299630000 0.0000000000
55.2458290000 -18.7428380000 0.0000000000
29.2218970000 17.3332500000 0.0000000000
119.0407270000 40.6910110000 0.0000000000
160.3127820000 28.6649770000 0.0000000000
140.9963000000 -25.3757100000 0.0000000000
149.3300550000 -10.5934800000 0.0000000000
98.5216620000 0.6926250000 0.0000000000
151.4236240000 23.9928230000 0.0000000000
24.1293310000 -11.4903740000 0.0000000000
32.6505580000 -20.9298600000 0.0000000000
56.4292300000 -33.5920950000 0.0000000000
22.6878180000 13.3722810000 0.0000000000
36.5071160000 -21.8000510000 0.0000000000
22.1485720000 -14.6735430000 0.0000000000
136.9467150000 -21.5717080000 0.0000000000
134.0065770000 -34.9278080000 0.0000000000
145.3086320000 32.3152270000 0.0000000000
154.4846850000 -13.4379860000 0.0000000000
140.3174190000 17.2896770000 0.0000000000
161.3872400000 20.8667220000 0.0000000000
72.5319690000 10.1714520000 0.0000000000
66.0037190000 5.1866510000 0.0000000000
91.5824910000 12.0939380000 0.0000000000
155.7387770000 -21.8696630000 0.0000000000
39.2964850000 -6.6370850000 0.0000000000
156.2439120000 -17.0164620000 0.0000000000
43.4107880000 21.7486230000 0.0000000000
49.4234460000 12.7290830000 0.0000000000
127.4673640000 -38.3739150000 0.0000000000
25.8376950000 26.0821190000 0.0000000000
91.7487810000 9.7595430000 0.0000000000
130.2968580000 -40.2266640000 0.0000000000
93.7831250000 28.9914920000 0.0000000000
85.4040720000 35.6544290000 0.0000000000
30.8199650000 -6.4830500000 0.0000000000
108.6456600000 -12.2618170000 0.0000000000
85.6740700000 -40.3611040000 0.0000000000
150.0717380000 -30.6384060000 0.0000000000
49.5242540000 5.0699790000 0.0000000000
14.2613690000 -32.9746880000 0.0000000000
56.2523280000 -7.2938160000 0.0000000000
143.8397180000 -4.7637460000 0.0000000000
150.9731030000 10.0621110000 0.0000000000
85.6941650000 23.0025560000 0.0000000000
89.9875700000 -26.2912750000 0.0000000000
17.5799330000 -30.7503810000 0.0000000000
148.7480400000 7.6283540000 0.0000000000
44.0115080000 -11.9292000000 0.0000000000
101.7545710000 -25.3661730000 0.0000000000
118.2600230000 -23.2368780000 0.0000000000
99.0254380000 -7.0542000000 0.0000000000
28.6922450000 34.5184760000 0.0000000000
31.7208980000 -18.0825430000 0.0000000000
107.1066050000 -39.2193170000 0.0000000000
120.6110010000 38.0710570000 0.0000000000
124.2844000000 -36.7545550000 0.0000000000
111.9411800000 4.5851240000 0.0000000000
36.9267600000 7.3468380000 0.0000000000
69.4813030000 7.9510070000 0.0000000000
135.6716960000 -40.1635030000 0.0000000000
71.5534440000 -24.9054240000 0.0000000000
91.4142300000 16.4594470000 0.0000000000
30.7448640000 20.8250330000 0.0000000000
107.9602990000 38.0768880000 0.0000000000
24.9501790000 -15.7334610000 0.0000000000
95.8195550000 -28.4162880000 0.0000000000
55.7833840000 32.6759110000 0.0000000000
65.0210870000 16.2402390000 0.0000000000
-0.3520370000 -31.3874020000 0.0000000000
-0.3520370000 31.3874020000 0.0000000000
108.3509650000 -17.7969490000 0.0000000000
46.7727060000 3.1975400000 0.0000000000
42.5671930000 -33.6606680000 0.0000000000
39.6380740000 -22.0794960000 0.0000000000
38.9317920000 35.3522640000 0.0000000000
158.2919480000 -9.4062490000 0.0000000000
36.1384210000 -1.0836090000 0.0000000000
95.8702890000 2.8744090000 0.0000000000
112.0561040000 2.1025030000 0.0000000000
122.2718860000 -29.6794160000 0.0000000000
97.0743820000 6.5853250000 0.0000000000
62.7792290000 -3.0305400000 0.0000000000
140.5149830000 26.0736680000 0.0000000000
54.6744750000 -15.5467280000 0.0000000000
155.1357840000 4.8921360000 0.0000000000
113.6919450000 25.0407190000 0.0000000000
35.1963180000 -11.3997390000 0.0000000000
165.4069410000 -3.0215040000 0.0000000000
99.3950960000 18.2141790000 0.0000000000
80.8885810000 -13.7983630000 0.0000000000
0.6436140000 -27.8571380000 0.0000000000
0.6436140000 27.8571380000 0.0000000000
26.0355030000 19.1797910000 0.0000000000
137.0146530000 40.3869530000 0.0000000000
65.2771120000 -30.8477540000 0.0000000000
45.0101180000 -15.0558940000 0.0000000000
46.9636030000 -3.1988210000 0.0000000000
70.2083570000 -14.0762040000 0.0000000000
75.0356210000 32.9755790000 0.0000000000
107.1693470000 35.2099410000 0.0000000000
35.5483260000 -14.5233630000 0.0000000000
117.7520220000 36.7628300000 0.0000000000
33.8587390000 -1.2950430000 0.0000000000
89.3604450000 -12.6128090000 0.0000000000
92.5697880000 4.1664250000 0.0000000000
152.0982720000 -22.6646770000 0.0000000000
147.8722620000 29.5795260000 0.0000000000
54.5897350000 25.2729870000 0.0000000000
90.1380200000 -18.3641840000 0.0000000000
21.0308940000 -26.6321000000 0.0000000000
92.8684070000 -26.4042680000 0.0000000000
158.9658620000 -19.4587330000 0.0000000000
66.2198380000 13.0720630000 0.0000000000
78.0780540000 26.8327920000 0.0000000000
-17.8319760000 -25.6059010000 0.0000000000
-17.8319760000 25.6059010000 0.0000000000
56.5660390000 10.6668200000 0.0000000000
83.0710570000 5.6401700000 0.0000000000
136.1444660000 21.7976300000 0.0000000000
92.5747840000 27.6815750000 0.0000000000
42.8938910000 -7.4102310000 0.0000000000
49.1579460000 33.7948370000 0.0000000000
44.2693010000 -1.9978800000 0.0000000000
58.1971290000 -27.6196610000 0.0000000000
166.4165540000 -14.7400670000 0.0000000000
119.1843340000 18.3908820000 0.0000000000
149.3784240000 -3.7538700000 0.0000000000
14.7676620000 -24.5627180000 0.0000000000
125.5621650000 31.4075120000 0.0000000000
95.2369480000 36.5821350000 0.0000000000
120.0362680000 -21.7452520000 0.0000000000
69.4203050000 -10.4107350000 0.0000000000
154.9936850000 2.8809720000 0.0000000000
95.9561580000 -10.3956500000 0.0000000000
81.5544110000 -19.7523180000 0.0000000000
147.3324920000 0.0272170000 0.0000000000
113.3056210000 -25.0947030000 0.0000000000
115.2856030000 -24.8909990000 0.0000000000
147.6085540000 -25.5853320000 0.0000000000
39.8831490000 5.1731890000 0.0000000000
103.3698870000 25.4445960000 0.0000000000
143.8595760000 -34.4938890000 0.0000000000
129.0854890000 34.4150310000 0.0000000000
98.9149850000 -19.1181840000 0.0000000000
111.6535840000 26.6366900000 0.0000000000
60.4463540000 -16.5469780000 0.0000000000
100.7826100000 3.0225250000 0.0000000000
109.3943490000 -40.1115380000 0.0000000000
89.9831140000 13.1091450000 0.0000000000
130.9155050000 -43.9547440000 0.0000000000
121.4873570000 6.7513280000 0.0000000000
81.1043670000 -39.5344860000 0.0000000000
131.9358960000 -41.1252420000 0.0000000000
167.9285990000 16.2965660000 0.0000000000
41.7794720000 -28.3761190000 0.0000000000
108.1721780000 21.5171970000 0.0000000000
92.1476810000 7.5029410000 0.0000000000
51.8981970000 -24.6305040000 0.0000000000
123.0881040000 22.0561900000 0.0000000000
126.8708670000 41.3737570000 0.0000000000
127.7231560000 -16.3544030000 0.0000000000
49.6397290000 -18.4767720000 0.0000000000
104.0492020000 31.5111210000 0.0000000000
126.3709350000 19.8514650000 0.0000000000
132.0127830000 -20.3798540000 0.0000000000
83.6624370000 22.0377260000 0.0000000000
104.2316120000 -7.1416430000 0.0000000000
82.6670210000 37.7565430000 0.0000000000
41.0557110000 16.3328310000 0.0000000000
87.6363820000 -37.9902540000 0.0000000000
-10.9768540000 29.3910670000 0.0000000000
-10.9768540000 -29.3910670000 0.0000000000
-30.1660900000 -8.5270990000 0.0000000000
-30.1660900000 8.5270990000 0.0000000000
166.9283840000 -19.0740100000 0.0000000000
99.9760870000 23.8229870000 0.0000000000
82.7619870000 -6.3535640000 0.0000000000
142.9230440000 35.0733210000 0.0000000000
39.3524100000 -9.0806570000 0.0000000000
141.4424960000 -1.3363890000 0.0000000000
148.9813720000 31.5319580000 0.0000000000
103.6739850000 -39.9557150000 0.0000000000
-26.2004440000 -7.4142670000 0.0000000000
-26.2004440000 7.4142670000 0.0000000000
93.9833940000 13.3683400000 0.0000000000
35.0368540000 -30.9697620000 0.0000000000
33.7125550000 26.6419280000 0.0000000000
19.0081470000 23.3102100000 0.0000000000
88.1317590000 40.6377130000 0.0000000000
120.0931950000 3.2591110000 0.0000000000
17.8711130000 29.9587010000 0.0000000000
40.7202970000 -35.9179670000 0.0000000000
119.5568090000 -10.0731770000 0.0000000000
122.0625000000 -6.5962130000 0.0000000000
143.5283850000 9.9664690000 0.0000000000
121.0891880000 43.9048660000 0.0000000000
129.8517040000 -34.0531100000 0.0000000000
166.6980130000 19.3699780000 0.0000000000
142.2371450000 -27.5900820000 0.0000000000
60.1257240000 -32.9661510000 0.0000000000
86.6315960000 -5.9391940000 0.0000000000
33.8373090000 1.7166800000 0.0000000000
62.3784840000 -26.0783170000 0.0000000000
161.4053840000 -16.2339930000 0.0000000000
91.4583700000 -21.4667920000 0.0000000000
35.9126810000 30.3688610000 0.0000000000
44.4498610000 16.3554690000 0.0000000000
146.8152370000 26.2894100000 0.0000000000
84.6967980000 -27.6400530000 0.0000000000
162.2866120000 -13.1437100000 0.0000000000
105.5814590000 -10.3938940000 0.0000000000
41.4884620000 -23.0155730000 0.0000000000
134.4895290000 40.4215250000 0.0000000000
105.4952640000 -19.5148960000 0.0000000000
141.4300830000 28.1833030000 0.0000000000
46.6389730000 0.9216240000 0.0000000000
123.8838850000 36.5389580000 0.0000000000
84.3505860000 -25.3823890000 0.0000000000
33.2236810000 -14.4369060000 0.0000000000
55.4815770000 4.6398220000 0.0000000000
67.0670100000 -35.1417420000 0.0000000000
43.0335090000 -9.7671330000 0.0000000000
129.7946300000 -13.2714250000 0.0000000000
88.5914650000 33.7859480000 0.0000000000
114.6362710000 -3.9117040000 0.0000000000
25.7493330000 13.4316440000 0.0000000000
-26.3188200000 17.1681170000 0.0000000000
-26.3188200000 -17.1681170000 0.0000000000
62.0686450000 -38.0839530000 0.0000000000
109.0402340000 -36.6112860000 0.0000000000
20.5435930000 22.0936760000 0.0000000000
52.7977340000 -14.8625420000 0.0000000000
50.5944480000 -14.9923560000 0.0000000000
28.2052750000 -23.2389950000 0.0000000000
132.3192060000 39.4877820000 0.0000000000
79.2971940000 -12.3169670000 0.0000000000
139.1678290000 -32.1545720000 0.0000000000
34.2350210000 -34.9311640000 0.0000000000
-28.6001760000 -12.4219010000 0.0000000000
-28.6001760000 12.4219010000 0.0000000000
71.5245460000 1.2208790000 0.0000000000
98.9852370000 -12.5843070000 0.0000000000
64.4679890000 -12.7453330000 0.0000000000
116.9571780000 15.7187940000 0.0000000000
161.6026930000 14.8028500000 0.0000000000
52.5523610000 6.2420490000 0.0000000000
47.2434110000 -28.8509300000 0.0000000000
97.6515400000 41.6708930000 0.0000000000
59.4512640000 -0.2791220000 0.0000000000
98.6350000000 -35.7557270000 0.0000000000
58.4114420000 -8.8287340000 0.0000000000
33.2182720000 -17.3598720000 0.0000000000
85.5107480000 -30.9066650000 0.0000000000
152.9795310000 1.6326870000 0.0000000000
105.0611550000 -26.2211430000 0.0000000000
170.1187700000 -10.2698200000 0.0000000000
70.4371040000 -15.8797730000 0.0000000000
60.3897370000 13.1092800000 0.0000000000
71.9318150000 26.2969190000 0.0000000000
52.9540110000 4.7308200000 0.0000000000
104.0093110000 6.5759870000 0.0000000000
67.1752140000 11.0953230000 0.0000000000
46.0888510000 -8.3642650000 0.0000000000
165.1468890000 15.6133310000 0.0000000000
126.1253590000 -44.3880260000 0.0000000000
77.8481920000 34.1194390000 0.0000000000
22.8238970000 27.8387790000 0.0000000000
31.8362440000 12.3261990000 0.0000000000
132.6497060000 -15.1737980000 0.0000000000
46.1968970000 19.7673990000 0.0000000000
119.9455650000 22.4769800000 0.0000000000
107.6296550000 -13.6175140000 0.0000000000
71.8840600000 -3.7561130000 0.0000000000
107.5280410000 -24.2290660000 0.0000000000
65.9170590000 -26.9322990000 0.0000000000
64.2086760000 -28.1922960000 0.0000000000
113.5197450000 37.8546690000 0.0000000000
169.5354560000 12.4988830000 0.0000000000
140.3622330000 -28.7607450000 0.0000000000
21.4297890000 -20.1113100000 0.0000000000
108.6863490000 -25.4150850000 0.0000000000
125.5377310000 -12.4747560000 0.0000000000
50.8342130000 -36.7659270000 0.0000000000
57.2611940000 28.8348500000 0.0000000000
78.8363500000 2.7004140000 0.0000000000
97.5766880000 -15.7234750000 0.0000000000
72.2410100000 -1.1327800000 0.0000000000
16.8974270000 -27.0983830000 0.0000000000
84.9718080000 1.7074030000 0.0000000000
143.7591770000 -29.1006060000 0.0000000000
116.9891410000 -2.2309530000 0.0000000000
56.0028070000 20.1169260000 0.0000000000
63.6135430000 -10.7862480000 0.0000000000
56.6226110000 -37.2791320000 0.0000000000
113.9790330000 16.9468620000 0.0000000000
151.4262520000 -20.2166030000 0.0000000000
56.6866200000 -26.6704840000 0.0000000000
70.9945810000 5.1374480000 0.0000000000
14.0010170000 32.9212250000 0.0000000000
95.1137170000 23.3897380000 0.0000000000
97.1060130000 33.9049860000 0.0000000000
33.2399670000 32.0704450000 0.0000000000
128.1761670000 40.5028220000 0.0000000000
90.6497390000 0.5783070000 0.0000000000
82.7600360000 13.5873780000 0.0000000000
110.0578490000 -28.8757610000 0.0000000000
69.3252710000 38.7524620000 0.0000000000
118.1751780000 -36.9058390000 0.0000000000
112.6200980000 -8.4479950000 0.0000000000
86.4653440000 -32.6793630000 0.0000000000
164.9065060000 7.4930110000 0.0000000000
76.2449360000 -5.7417840000 0.0000000000
39.9515060000 9.0995260000 0.0000000000
103.6578520000 -9.8151890000 0.0000000000
109.0659480000 -5.7298640000 0.0000000000
59.6417210000 28.4177300000 0.0000000000
71.2287080000 -34.6702960000 0.0000000000
67.9285310000 -7.6375760000 0.0000000000
50.3473420000 -12.2176670000 0.0000000000
58.9583920000 -11.8769310000 0.0000000000
101.5339720000 -28.7938400000 0.0000000000
103.1188310000 39.5685490000 0.0000000000
123.1728760000 -22.2051060000 0.0000000000
74.7786570000 -14.0507990000 0.0000000000
38.0135460000 -22.7436550000 0.0000000000
38.8503050000 12.9399160000 0.0000000000
139.5472040000 29.2094880000 0.0000000000
13.9952320000 25.0788930000 0.0000000000
31.8403930000 -24.6006130000 0.0000000000
86.2294530000 20.1402690000 0.0000000000
66.2047790000 -7.5895820000 0.0000000000
46.3337140000 10.5923470000 0.0000000000
156.2340320000 -6.7315710000 0.0000000000
129.8987390000 17.1745400000 0.0000000000
139.7466750000 22.7021370000 0.0000000000
87.3103360000 16.9546080000 0.0000000000
62.1600430000 8.7095090000 0.0000000000
94.4005100000 -16.7854090000 0.0000000000
34.8311070000 -24.1487350000 0.0000000000
68.9919340000 -16.9824420000 0.0000000000
58.3547280000 2.7041740000 0.0000000000
72.5994140000 -21.5733580000 0.0000000000
52.8416380000 -12.6064240000 0.0000000000
71.4971900000 17.0724400000 0.0000000000
99.3804900000 14.7579080000 0.0000000000
85.4395580000 26.5925560000 0.0000000000
35.4786290000 16.0055610000 0.0000000000
36.4589750000 20.3526380000 0.0000000000
97.3291180000 25.2090410000 0.0000000000
-13.0253530000 -28.9348300000 0.0000000000
-13.0253530000 28.9348300000 0.0000000000
116.9202800000 12.2321870000 0.0000000000
121.3045470000 25.9540220000 0.0000000000
135.5748140000 43.3269730000 0.0000000000
33.5170600000 15.2254120000 0.0000000000
43.5170920000 31.7002020000 0.0000000000
125.6464190000 1.2354880000 0.0000000000
32.9187420000 3.5860340000 0.0000000000
27.2198810000 -31.6993680000 0.0000000000
160.6467650000 18.0132330000 0.0000000000
160.3044760000 -25.1735940000 0.0000000000
75.9896870000 -29.3343670000 0.0000000000
20.5414480000 -31.8346370000 0.0000000000
158.5418170000 23.0253910000 0.0000000000
142.3191780000 7.4958610000 0.0000000000
139.7694410000 42.5635780000 0.0000000000
58.0771480000 -20.6843550000 0.0000000000
140.5035220000 -21.9199840000 0.0000000000
128.4008890000 24.9454570000 0.0000000000
141.9674370000 -35.4680500000 0.0000000000
78.8002520000 -30.6325430000 0.0000000000
77.9057620000 -29.1518060000 0.0000000000
35.9048680000 -16.2391170000 0.0000000000
42.2651940000 23.3426170000 0.0000000000
40.4220530000 22.9839480000 0.0000000000
66.7420390000 15.0018060000 0.0000000000
68.7138630000 22.3026500000 0.0000000000
124.7102140000 39.3832300000 0.0000000000
68.6389960000 27.2466280000 0.0000000000
131.1239820000 -37.5191280000 0.0000000000
140.3562760000 19.0863940000 0.0000000000
111.3727390000 -20.8671560000 0.0000000000
76.8330710000 23.9833820000 0.0000000000
32.0085600000 6.1980580000 0.0000000000
50.2794130000 36.7770150000 0.0000000000
39.7193680000 -27.8726820000 0.0000000000
101.5781250000 41.7236440000 0.0000000000
142.9985680000 29.6762750000 0.0000000000
88.9458750000 28.1487030000 0.0000000000
87.0978260000 25.8911960000 0.0000000000
-5.9716870000 -30.8225420000 0.0000000000
-5.9716870000 30.8225420000 0.0000000000
152.2722460000 -13.0028020000 0.0000000000
90.1197960000 -24.5735660000 0.0000000000
145.0904130000 7.9340540000 0.0000000000
112.8955770000 -26.9483790000 0.0000000000
152.4768360000 -29.2636660000 0.0000000000
78.9204270000 -18.4124910000 0.0000000000
15.1288600000 28.0166470000 0.0000000000
83.2448640000 -31.6705080000 0.0000000000
68.4117150000 33.0334470000 0.0000000000
131.7031540000 -25.8128080000 0.0000000000
161.3059920000 -27.5424630000 0.0000000000
84.9592990000 -22.3965570000 0.0000000000
101.8018120000 -37.4112760000 0.0000000000
136.7568260000 23.6691800000 0.0000000000
154.4085900000 8.3461000000 0.0000000000
117.9342480000 -12.7417490000 0.0000000000
138.4520650000 -26.1098780000 0.0000000000
86.2256390000 13.7265550000 0.0000000000
89.5193580000 15.0193220000 0.0000000000
65.7529010000 -5.6239660000 0.0000000000
151.3854750000 30.3752380000 0.0000000000
93.6201790000 6.8707670000 0.0000000000
140.0298190000 -19.9142490000 0.0000000000
144.6698450000 -1.1675030000 0.0000000000
95.3069530000 -22.8275030000 0.0000000000
41.8564990000 -19.7746570000 0.0000000000
103.1588100000 23.0542810000 0.0000000000
52.4289620000 9.4979850000 0.0000000000
131.1864400000 26.1368920000 0.0000000000
104.8932210000 -30.0261480000 0.0000000000
87.7269480000 -36.1109840000 0.0000000000
61.7226750000 -10.8604670000 0.0000000000
91.7572250000 31.4352540000 0.0000000000
127.4871450000 14.5685550000 0.0000000000
133.7305790000 24.5888400000 0.0000000000
29.7933790000 -3.4832740000 0.0000000000
141.0188580000 36.0090390000 0.0000000000
19.6063720000 -17.4854900000 0.0000000000
97.7126630000 28.8212150000 0.0000000000
63.9125390000 4.1012650000 0.0000000000
35.3249440000 12.6021100000 0.0000000000
63.1046970000 28.2050440000 0.0000000000
73.5778250000 -24.8388280000 0.0000000000
77.5336480000 -0.9047940000 0.0000000000
51.6943100000 24.6161450000 0.0000000000
158.9650810000 -30.5905890000 0.0000000000
139.1791800000 2.8885670000 0.0000000000
87.6174420000 -9.1999840000 0.0000000000
123.2623060000 -43.9884470000 0.0000000000
134.0541120000 -23.1639150000 0.0000000000
117.4189220000 -33.5374690000 0.0000000000
110.7731590000 -34.5203950000 0.0000000000
51.3287730000 -5.9386320000 0.0000000000
54.5270260000 -20.3139460000 0.0000000000
162.5411220000 -6.6250110000 0.0000000000
111.8417730000 -17.7357480000 0.0000000000
79.6707020000 -2.3484830000 0.0000000000
157.6832860000 32.1909800000 0.0000000000
53.0951850000 22.7645720000 0.0000000000
132.3813170000 -4.6901360000 0.0000000000
122.5170440000 -31.4568270000 0.0000000000
122.8164160000 -10.3748280000 0.0000000000
149.6421190000 4.6332060000 0.0000000000
137.4929990000 20.0575420000 0.0000000000
137.3216450000 -43.0323200000 0.0000000000
65.3773800000 26.4349610000 0.0000000000
85.2713170000 -4.4191040000 0.0000000000
63.8185810000 -37.9681110000 0.0000000000
39.4088660000 -33.2892060000 0.0000000000
74.8765320000 -39.0158630000 0.0000000000
48.8143540000 9.5080740000 0.0000000000
132.0649640000 -31.9480810000 0.0000000000
138.4174370000 32.6531520000 0.0000000000
32.9306130000 20.7380330000 0.0000000000
77.7153000000 -33.7068910000 0.0000000000
113.7607500000 -14.9673170000 0.0000000000
-28.8128300000 2.4503430000 0.0000000000
-28.8128300000 -2.4503430000 0.0000000000
103.6815390000 1.3199810000 0.0000000000
27.7530890000 16.7446830000 0.0000000000
152.6915980000 -7.9530500000 0.0000000000
74.6105950000 -33.8095780000 0.0000000000
166.1194200000 21.1717070000 0.0000000000
121.7077570000 31.6003260000 0.0000000000
41.1625650000 10.7469920000 0.0000000000
66.8692050000 21.4375520000 0.0000000000
42.3232150000 -0.2767810000 0.0000000000
103.8731970000 -3.8279020000 0.0000000000
56.4588000000 14.7314430000 0.0000000000
54.7864340000 13.9878080000 0.0000000000
132.5270220000 43.7896000000 0.0000000000
104.1527720000 -0.9114710000 0.0000000000
115.6324410000 -18.4306690000 0.0000000000
131.3052040000 32.0998340000 0.0000000000
18.7599500000 33.4502180000 0.0000000000
120.0910200000 16.4430330000 0.0000000000
60.7356460000 16.7461420000 0.0000000000
79.2778230000 15.7266950000 0.0000000000
104.8962100000 -13.0424430000 0.0000000000
119.8565560000 -2.6549590000 0.0000000000
130.8285080000 -15.1204390000 0.0000000000
54.7537210000 12.0034040000 0.0000000000
32.4835210000 -29.9017210000 0.0000000000
37.2288680000 -33.3692760000 0.0000000000
95.3515890000 -19.3488010000 0.0000000000
80.3795610000 -37.7455760000 0.0000000000
148.9321920000 -22.5822050000 0.0000000000
58.9452270000 -23.8884980000 0.0000000000
8.6740470000 32.3506050000 0.0000000000
62.1704840000 38.0703810000 0.0000000000
100.1703150000 -22.1088200000 0.0000000000
63.3402550000 -7.8505350000 0.0000000000
37.8713170000 -24.3535220000 0.0000000000
106.5226940000 29.4871070000 0.0000000000
51.0087010000 3.5845330000 0.0000000000
93.0054200000 -41.2266220000 0.0000000000
118.9904180000 -43.9311090000 0.0000000000
121.5450400000 29.6969970000 0.0000000000
92.5005070000 38.4260220000 0.0000000000
29.7098610000 -13.2985850000 0.0000000000
138.6454970000 -28.0374240000 0.0000000000
135.3163320000 -27.4557940000 0.0000000000
70.0544380000 25.8288410000 0.0000000000
77.0491330000 -9.1113750000 0.0000000000
65.5351840000 29.1112730000 0.0000000000
145.5217260000 -10.2673350000 0.0000000000
79.7176030000 -7.2485600000 0.0000000000
150.2807080000 -0.9547770000 0.0000000000
38.9129470000 33.6388750000 0.0000000000
23.4875140000 31.3228310000 0.0000000000
159.1359610000 26.5769280000 0.0000000000
75.1721250000 24.5699560000 0.0000000000
75.6933080000 -10.5256700000 0.0000000000
95.5891050000 -3.1854300000 0.0000000000
121.1118040000 -41.5360560000 0.0000000000
114.5496280000 33.7472720000 0.0000000000
137.8690380000 28.8568910000 0.0000000000
124.7707190000 5.5678050000 0.0000000000
107.8149830000 26.6006190000 0.0000000000
106.1617940000 -32.3587280000 0.0000000000
74.5375360000 36.4726360000 0.0000000000
43.2734390000 29.3078190000 0.0000000000
83.0040210000 -2.5013320000 0.0000000000
43.3873870000 5.3980280000 0.0000000000
23.3865650000 -32.0795840000 0.0000000000
55.3720290000 -10.4224640000 0.0000000000
24.3829190000 34.1689510000 0.0000000000
40.8029930000 -2.5151200000 0.0000000000
162.4162400000 26.4647990000 0.0000000000
105.7441770000 4.1564450000 0.0000000000
28.2463030000 14.1960720000 0.0000000000
80.4177490000 -33.4513300000 0.0000000000
93.3856530000 17.1053680000 0.0000000000
-11.0945780000 36.4488730000 13.5912650000
-11.6373360000 -36.2792280000 12.2720070000
-8.5319180000 37.1324170000 10.8275200000
-12.5667490000 35.9678580000 12.5264780000
-14.3808940000 35.2817220000 12.4948670000
-16.4820010000 34.3504530000 12.6512380000
-18.5823870000 33.2611620000 12.6894840000
-20.6135480000 32.0420290000 12.6974660000
-22.5695640000 30.6956800000 12.6995530000
-24.4413680000 29.2272050000 12.7001980000
-26.2196890000 27.6430450000 12.7003900000
-27.8963510000 25.9500220000 12.7004070000
-29.4642640000 24.1550650000 12.7003520000
-30.9170510000 22.2653530000 12.7002750000
-32.2489060000 20.2883720000 12.7001990000
-33.4545580000 18.2319100000 12.7001340000
-34.5292600000 16.1040420000 12.7000850000
-35.4687930000 13.9131120000 12.7000510000
-36.2694730000 11.6677040000 12.7000290000
-36.9281620000 9.3766110000 12.7000160000
-37.4422800000 7.0488050000 12.7000080000
-37.8098130000 4.6934020000 12.7000040000
-38.0293220000 2.3196240000 12.7000020000
-38.0999480000 -0.0632370000 12.7000010000
-38.0214130000 -2.4458500000 12.7000000000
-37.7940250000 -4.8188870000 12.7000000000
-37.4186750000 -7.1730590000 12.7000000000
-36.8968310000 -9.4991490000 12.7000000000
-36.2305380000 -11.7880490000 12.6999990000
-35.4224040000 -14.0307990000 12.6999970000
-34.4755920000 -16.2186170000 12.6999910000
-33.3938140000 -18.3429340000 12.6999740000
-32.1813070000 -20.3954280000 12.6999260000
-30.8428250000 -22.3680610000 12.6998110000
-29.3836110000 -24.2531110000 12.6995520000
-27.8093480000 -26.0432370000 12.6990060000
-26.1260670000 -27.7315460000 12.6979200000
-24.3399610000 -29.3117100000 12.6958440000
-22.4570120000 -30.7781190000 12.6919570000
-20.4822290000 -32.1261310000 12.6846670000
-18.4177530000 -33.3526060000 12.6704450000
-16.2570370000 -34.4574920000 12.6394990000
-13.9719410000 -35.4456610000 12.5535170000
-8.7120360000 -37.0905710000 14.4932490000
-7.5259200000 -37.3493040000 10.3903730000
-7.2678430000 37.4003810000 14.6193580000
-7.2871860000 37.3966160000 9.1804330000
-7.2116700000 -37.4112530000 8.3667990000
-7.0801960000 37.4363570000 16.6991120000
-7.4573610000 -37.3630540000 16.2510210000
-5.7024540000 37.6708380000 8.5576420000
-5.7724570000 -37.6601740000 16.8646870000
-5.0414720000 37.7649780000 7.0728680000
-5.3819620000 -37.7179600000 7.3822960000
-5.3459680000 37.7230780000 17.9183580000
-5.0690390000 -37.7612880000 18.3332960000
-9.6650210000 -36.8537290000 10.7051110000
-9.4656370000 36.9054430000 14.9089850000
-10.3986970000 36.6534730000 9.9827650000
-12.1046900000 36.1259810000 10.3351020000
-13.2243840000 35.7312980000 9.0360080000
-14.3902840000 35.2778930000 10.0699860000
-15.4603750000 34.8222170000 9.3491030000
-16.4983280000 34.3426140000 10.2113900000
-17.5376100000 33.8236930000 9.4425550000
-18.5761170000 33.2646640000 10.2680480000
-19.5929300000 32.6760930000 9.4762490000
-20.6046650000 32.0477420000 10.2861480000
-21.5879080000 31.3938250000 9.4870890000
-22.5615370000 30.7015800000 10.2916800000
-23.5045370000 29.9857760000 9.4904780000
-24.4342050000 29.2331940000 10.2933790000
-25.3318410000 28.4588800000 9.4915170000
-26.2131580000 27.6492380000 10.2938810000
-27.0611780000 26.8198180000 9.4918050000
-27.8903590000 25.9564610000 10.2939920000
-28.6851020000 25.0753850000 9.4918480000
-29.4587610000 24.1617760000 10.2939730000
-30.1969620000 23.2325950000 9.4918120000
-30.9120130000 22.2723470000 10.2939140000
-31.5907130000 21.2987530000 9.4917550000
-32.2443300000 20.2956440000 10.2938500000
-32.8608390000 19.2814750000 9.4917010000
-33.4504520000 18.2394420000 10.2937950000
-34.0023400000 17.1886840000 9.4916570000
-34.5256360000 16.1118110000 10.2937530000
-35.0107370000 15.0285840000 9.4916250000
-35.4656640000 13.9210880000 10.2937230000
-35.8820730000 12.8096380000 9.4916030000
-36.2668490000 11.6758580000 10.2937040000
-36.6129360000 10.5405380000 9.4915900000
-36.9260540000 9.3849120000 10.2936930000
-37.2004610000 8.2301680000 9.4915820000
-37.4406950000 7.0572210000 10.2936860000
-37.6423490000 5.8875760000 9.4915780000
-37.8087570000 4.7019010000 10.2936830000
-37.9368680000 3.5219330000 9.4915760000
-38.0288000000 2.3281710000 10.2936810000
-38.0828660000 1.1425010000 9.4915740000
-38.0999610000 -0.0546730000 10.2936800000
-38.0797700000 -1.2414040000 9.4915740000
-38.0219610000 -2.4373040000 10.2936800000
-37.9275940000 -3.6204490000 9.4915740000
-37.7951070000 -4.8103920000 10.2936800000
-37.6269310000 -5.9853200000 9.4915740000
-37.4202860000 -7.1646490000 10.2936800000
-37.1789600000 -8.3267590000 9.4915740000
-36.8989660000 -9.4908550000 10.2936790000
-36.5854350000 -10.6355990000 9.4915730000
-36.2331870000 -11.7799060000 10.2936790000
-35.8486790000 -12.9028000000 9.4915730000
-35.4255560000 -14.0228370000 10.2936780000
-34.9715760000 -15.1194860000 9.4915700000
-34.4792370000 -16.2108680000 10.2936730000
-33.9575630000 -17.2769770000 9.4915620000
-33.3979350000 -18.3354290000 10.2936580000
-32.8106100000 -19.3668240000 9.4915410000
-32.1858870000 -20.3881990000 10.2936180000
-31.5352130000 -21.3808400000 9.4914840000
-30.8478450000 -22.3611370000 10.2935210000
-30.1363710000 -23.3111380000 9.4913500000
-29.3890500000 -24.2465200000 10.2932990000
-28.6195550000 -25.1501700000 9.4910530000
-27.8151910000 -26.0369950000 10.2928260000
-26.9906570000 -26.8907870000 9.4904330000
-26.1323240000 -27.7256500000 10.2918620000
-25.2558840000 -28.5263090000 9.4891800000
-24.3467140000 -29.3061000000 10.2899510000
-23.4215710000 -30.0506240000 9.4866610000
-22.4645500000 -30.7726180000 10.2861390000
-21.4938640000 -31.4582870000 9.4814390000
-20.4914480000 -32.1202510000 10.2782100000
-19.4783260000 -32.7445390000 9.4698650000
-18.4317090000 -33.3448960000 10.2603680000
-17.3800970000 -33.9049000000 9.4418620000
-16.2878990000 -34.4429140000 10.2159180000
-15.2081850000 -34.9330950000 9.3686140000
-14.0615490000 -35.4102080000 10.0954400000
-12.9768390000 -35.8219440000 9.1727780000
-11.6066930000 -36.2890440000 9.7652560000
-11.2224240000 36.4097130000 17.0468960000
-12.4285460000 36.0158470000 14.9159840000
-14.0514680000 35.4142100000 14.8690950000
-15.1890930000 34.9414000000 16.2504600000
-16.4379310000 34.3715640000 15.1889830000
-17.5346660000 33.8252200000 15.9673400000
-18.5750180000 33.2652780000 15.1270880000
-19.5945470000 32.6751240000 15.9235200000
-20.6053400000 32.0473090000 15.1118680000
-21.5884840000 31.3934280000 15.9125240000
-22.5617930000 30.7013920000 15.1080130000
-23.5047510000 29.9856080000 15.9097570000
-24.4343630000 29.2330620000 15.1070660000
-25.3320900000 28.4586580000 15.9090610000
-26.2133650000 27.6490410000 15.1068220000
-27.0613900000 26.8196040000 15.9088570000
-27.8904540000 25.9563590000 15.1067190000
-28.6851690000 25.0753080000 15.9087580000
-29.4587910000 24.1617390000 15.1066380000
-30.1969820000 23.2325690000 15.9086810000
-30.9120220000 22.2723350000 15.1065620000
-31.5907190000 21.2987440000 15.9086130000
-32.2443330000 20.2956400000 15.1064930000
-32.8608400000 19.2814720000 15.9085550000
-33.4504530000 18.2394410000 15.1064360000
-34.0023410000 17.1886830000 15.9085100000
-34.5256360000 16.1118100000 15.1063940000
-35.0107370000 15.0285830000 15.9084780000
-35.4656640000 13.9210880000 15.1063640000
-35.8820730000 12.8096380000 15.9084560000
-36.2668490000 11.6758580000 15.1063450000
-36.6129360000 10.5405370000 15.9084430000
-36.9260540000 9.3849120000 15.1063340000
-37.2004610000 8.2301680000 15.9084350000
-37.4406950000 7.0572210000 15.1063270000
-37.6423490000 5.8875760000 15.9084310000
-37.8087570000 4.7019010000 15.1063240000
-37.9368680000 3.5219330000 15.9084280000
-38.0288000000 2.3281710000 15.1063220000
-38.0828660000 1.1425010000 15.9084270000
-38.0999610000 -0.0546730000 15.1063210000
-38.0797700000 -1.2414040000 15.9084270000
-38.0219610000 -2.4373040000 15.1063210000
-37.9275940000 -3.6204490000 15.9084270000
-37.7951070000 -4.8103920000 15.1063210000
-37.6269310000 -5.9853200000 15.9084260000
-37.4202860000 -7.1646490000 15.1063200000
-37.1789600000 -8.3267590000 15.9084260000
-36.8989660000 -9.4908550000 15.1063200000
-36.5854350000 -10.6355990000 15.9084260000
-36.2331870000 -11.7799060000 15.1063200000
-35.8486790000 -12.9028000000 15.9084250000
-35.4255560000 -14.0228370000 15.1063180000
-34.9715760000 -15.1194860000 15.9084230000
-34.4792370000 -16.2108680000 15.1063130000
-33.9575630000 -17.2769770000 15.9084150000
-33.3979350000 -18.3354290000 15.1062990000
-32.8106100000 -19.3668240000 15.9083940000
-32.1858870000 -20.3881990000 15.1062600000
-31.5352130000 -21.3808400000 15.9083390000
-30.8478450000 -22.3611370000 15.1061650000
-30.1363710000 -23.3111380000 15.9082090000
-29.3890500000 -24.2465200000 15.1059490000
-28.6195550000 -25.1501710000 15.9079280000
-27.8151900000 -26.0369970000 15.1055000000
-26.9906540000 -26.8907900000 15.9073640000
-26.1323190000 -27.7256540000 15.1046230000
-25.2558720000 -28.5263200000 15.9063120000
-24.3466950000 -29.3061160000 15.1030190000
-23.4215230000 -30.0506610000 15.9045090000
-22.4644740000 -30.7726730000 15.1002990000
-21.4936800000 -31.4584130000 15.9018270000
-20.4911410000 -32.1204470000 15.0962470000
-19.4775890000 -32.7449770000 15.8992730000
-18.4302800000 -33.3456860000 15.0921920000
-17.3766620000 -33.9066600000 15.9033480000
-16.2783140000 -34.4474460000 15.0971730000
-15.1849670000 -34.9431930000 15.9451540000
-13.9612510000 -35.4498730000 15.1597580000
-12.6281590000 -35.9463430000 16.2901720000
-10.8869810000 -36.5114180000 14.9085220000
-9.0470470000 37.0102810000 9.0009470000
-9.4920880000 -36.8986480000 16.3311370000
-8.7050170000 -37.0922190000 8.9337830000
-8.1910480000 37.2090950000 15.9806810000
-6.5291150000 37.5363910000 11.5782710000
-6.5730210000 -37.5287280000 14.0646330000
-5.4954980000 37.7015850000 15.3901600000
-5.6106420000 -37.6846210000 9.8687580000
-5.4315490000 37.7108510000 10.0724120000
-5.4887190000 -37.7025720000 15.3869250000
-5.6362720000 37.6807970000 13.3497630000
-5.8994700000 -37.6404870000 12.0274100000
-8.8007790000 -37.0696140000 7.0366260000
-8.8034590000 37.0689780000 7.1976370000
-9.1029440000 -36.9965730000 18.2302290000
-6.9249620000 37.4653830000 7.0280970000
-7.0200270000 -37.4476860000 18.3865390000
-7.2204840000 -37.4095520000 6.5891440000
-7.2147350000 37.4106620000 18.5905480000
-9.8013850000 36.8176980000 12.3264370000
-9.7934010000 -36.8198220000 12.9639170000
-8.0844480000 37.2324010000 12.8952270000
-8.0344450000 -37.2432230000 12.4407820000
-10.3006520000 -36.6811470000 8.1701170000
-8.9369620000 37.0370180000 17.6951740000
-11.8614480000 36.2065750000 7.8195740000
-11.2676630000 -36.3957380000 17.7727590000
-14.4504890000 35.2532740000 7.6912690000
-10.1907160000 36.7118420000 7.8161850000
-16.4757360000 34.3534580000 7.8168250000
-18.5499660000 33.2792540000 7.8633540000
-20.5810700000 32.0629000000 7.8797180000
-22.5406680000 30.7169060000 7.8851230000
-24.4153220000 29.2489670000 7.8868430000
-26.1957640000 27.6657180000 7.8873690000
-27.8742470000 25.9737630000 7.8875080000
-29.4438660000 24.1799240000 7.8875210000
-30.8983320000 22.2913230000 7.8874960000
-32.2318870000 20.3154000000 7.8874620000
-33.4392800000 18.2599160000 7.8874320000
-34.5157730000 16.1329300000 7.8874080000
-35.4571430000 13.9427770000 7.8873910000
-36.2597030000 11.6980320000 7.8873800000
-36.9203090000 9.4074870000 7.8873730000
-37.4363730000 7.0801110000 7.8873690000
-37.8058760000 4.7250150000 7.8873670000
-38.0273690000 2.3514210000 7.8873660000
-38.0999870000 -0.0313800000 7.8873650000
-38.0234440000 -2.4140580000 7.8873650000
-37.7980410000 -4.7872850000 7.8873650000
-37.4246590000 -7.1417700000 7.8873650000
-36.9047610000 -9.4682950000 7.8873650000
-36.2403820000 -11.7577520000 7.8873650000
-35.4341230000 -14.0011770000 7.8873630000
-34.4891400000 -16.1897870000 7.8873600000
-33.4091360000 -18.3150110000 7.8873490000
-32.1983400000 -20.3685270000 7.8873220000
-30.8614950000 -22.3422940000 7.8872570000
-29.4038350000 -24.2285880000 7.8871110000
-27.8310460000 -26.0200470000 7.8868010000
-26.1492130000 -27.7097210000 7.8861670000
-24.3647090000 -29.2911410000 7.8848780000
-22.4840450000 -30.7583770000 7.8821910000
-20.5136980000 -32.1060460000 7.8762370000
-18.4604300000 -33.3290040000 7.8620000000
-16.3347740000 -34.4207080000 7.8257290000
-14.1717440000 -35.3662500000 7.7317840000
-26.1962330000 27.6652740000 17.5130200000
-27.8743690000 25.9736320000 17.5128860000
-29.4439010000 24.1798830000 17.5128220000
-30.8983420000 22.2913090000 17.5127750000
-32.2318890000 20.3153960000 17.5127350000
-33.4392810000 18.2599150000 17.5127030000
-34.5157730000 16.1329300000 17.5126780000
-35.4571430000 13.9427760000 17.5126610000
-36.2597030000 11.6980320000 17.5126500000
-36.9203090000 9.4074870000 17.5126430000
-37.4363730000 7.0801110000 17.5126390000
-37.8058760000 4.7250150000 17.5126370000
-38.0273690000 2.3514210000 17.5126360000
-38.0999870000 -0.0313800000 17.5126350000
-38.0234440000 -2.4140580000 17.5126350000
-37.7980410000 -4.7872850000 17.5126350000
-37.4246590000 -7.1417700000 17.5126350000
-36.9047610000 -9.4682950000 17.5126350000
-36.2403820000 -11.7577520000 17.5126350000
-35.4341230000 -14.0011770000 17.5126330000
-34.4891400000 -16.1897870000 17.5126300000
-33.4091360000 -18.3150110000 17.5126200000
-32.1983400000 -20.3685270000 17.5125930000
-30.8614950000 -22.3422940000 17.5125300000
-29.4038340000 -24.2285890000 17.5123930000
-27.8310450000 -26.0200490000 17.5121130000
-26.1492070000 -27.7097270000 17.5115880000
-24.3646850000 -29.2911620000 17.5106860000
-22.4839500000 -30.7584460000 17.5093690000
-20.5133510000 -32.1062680000 17.5082780000
-18.4592650000 -33.3296490000 17.5112740000
-16.3324440000 -34.4218140000 17.5358850000
-14.1930870000 -35.3576910000 17.6543180000
-24.4155090000 29.2488110000 17.5134290000
-22.5410020000 30.7166600000 17.5150320000
-20.5824490000 32.0620150000 17.5214120000
-18.5570180000 33.2753220000 17.5468330000
-16.5281820000 34.3282570000 17.6483480000
-12.7981210000 -35.8861830000 18.0093120000
-12.1680330000 -36.1046950000 7.4999890000
-13.1588700000 35.7554770000 7.4067130000
-15.1568910000 34.9553810000 17.9447010000
-13.5876880000 35.5947290000 17.5598620000
-11.1976980000 36.4173250000 11.7524090000
-11.0573640000 36.4601800000 15.1157820000
-12.6245170000 -35.9476220000 14.2367950000
-13.3608780000 35.6804840000 13.7016060000
-15.3147190000 34.8865210000 14.2909290000
-17.5292790000 33.8280120000 14.3248270000
-19.6017440000 32.6708070000 14.3098850000
-21.5961380000 31.3881640000 14.3058850000
-23.5115410000 29.9802850000 14.3049170000
-25.3379570000 28.4534340000 11.0958730000
-25.3380800000 28.4533250000 14.3047070000
-27.0667380000 26.8142070000 11.0960950000
-27.0668400000 26.8141040000 14.3046390000
-28.6901980000 25.0695540000 11.0961140000
-28.6902360000 25.0695110000 14.3045750000
-30.2016350000 23.2265200000 11.0960650000
-30.2016470000 23.2265050000 14.3045020000
-31.5949740000 21.2924300000 11.0959980000
-31.5949780000 21.2924250000 14.3044280000
-32.8646870000 19.2749160000 11.0959360000
-32.8646880000 19.2749140000 14.3043630000
-34.0057660000 17.1819050000 11.0958850000
-34.0057660000 17.1819050000 14.3043120000
-35.0137300000 15.0216090000 11.0958470000
-35.0137300000 15.0216090000 14.3042740000
-35.8846230000 12.8024930000 11.0958220000
-35.8846230000 12.8024930000 14.3042490000
-36.6150340000 10.5332480000 11.0958060000
-36.6150340000 10.5332480000 14.3042330000
-37.2020990000 8.2227630000 11.0957970000
-37.2020990000 8.2227630000 14.3042240000
-37.6435200000 5.8800830000 11.0957920000
-37.6435200000 5.8800830000 14.3042190000
-37.9375690000 3.5143820000 11.0957890000
-37.9375690000 3.5143820000 14.3042160000
-38.0830930000 1.1349210000 11.0957880000
-38.0830930000 1.1349210000 14.3042150000
-38.0795230000 -1.2489830000 11.0957870000
-38.0795230000 -1.2489830000 14.3042140000
-37.9268720000 -3.6279980000 11.0957870000
-37.9268720000 -3.6279980000 14.3042140000
-37.6257390000 -5.9928090000 11.0957870000
-37.6257390000 -5.9928090000 14.3042140000
-37.1773020000 -8.3341590000 11.0957860000
-37.1773020000 -8.3341590000 14.3042130000
-36.5833170000 -10.6428800000 11.0957860000
-36.5833170000 -10.6428800000 14.3042130000
-35.8461100000 -12.9099340000 11.0957850000
-35.8461100000 -12.9099340000 14.3042120000
-34.9685670000 -15.1264460000 11.0957820000
-34.9685670000 -15.1264460000 14.3042090000
-33.9541240000 -17.2837340000 11.0957720000
-33.9541240000 -17.2837340000 14.3041990000
-32.8067570000 -19.3733500000 11.0957430000
-32.8067570000 -19.3733500000 14.3041710000
-31.5309620000 -21.3871090000 11.0956720000
-31.5309620000 -21.3871090000 14.3041000000
-30.1317390000 -23.3171240000 11.0955070000
-30.1317390000 -23.3171250000 14.3039370000
-28.6145560000 -25.1558580000 11.0951470000
-28.6145550000 -25.1558590000 14.3035870000
-26.9852860000 -26.8961770000 11.0944090000
-26.9852840000 -26.8961790000 14.3028830000
-25.2500840000 -28.5314440000 11.0929510000
-25.2500770000 -28.5314500000 14.3015440000
-23.4151490000 -30.0556280000 11.0901100000
-23.4151210000 -30.0556510000 14.2991260000
-21.4862790000 -31.4634680000 11.0844820000
-21.4861660000 -31.4635450000 14.2949990000
-19.4680120000 -32.7506720000 11.0727110000
-19.4675210000 -32.7509640000 14.2885650000
-17.3618920000 -33.9142260000 11.0456180000
-17.3590270000 -33.9156930000 14.2805310000
-15.1636410000 -34.9524530000 10.9745980000
-15.1372570000 -34.9638880000 14.2790200000
-23.5114150000 29.9803830000 11.0950580000
-21.5958380000 31.3883700000 11.0923870000
-19.6014990000 32.6709540000 11.0834790000
-17.5419840000 33.8214250000 11.0525430000
-15.4480180000 34.8277010000 10.9553170000
-13.3379300000 35.6890690000 10.8924880000
-12.1840910000 36.0992790000 18.8116900000
-6.8814190000 37.4734050000 13.1106550000
-12.8566110000 -35.8652690000 10.7718000000
129.6642580000 -50.7300870000 13.7417790000
130.1603250000 50.7016010000 13.1603120000
126.8727080000 -50.7998410000 10.9315300000
131.2943090000 -50.6181680000 12.6756550000
133.4444680000 -50.3895710000 12.6423940000
135.9537840000 -50.0046970000 13.2258990000
138.3477470000 -49.5163470000 12.4943150000
140.7092660000 -48.9151920000 13.1257250000
143.0751040000 -48.1895320000 12.4173970000
145.2896520000 -47.3933400000 12.6403060000
147.3739980000 -46.5353650000 13.1529800000
149.4196270000 -45.5850890000 12.9322460000
151.2387560000 -44.6444030000 12.4524630000
153.0992330000 -43.5829100000 12.2118130000
154.9702580000 -42.4064230000 12.4880890000
156.9254440000 -41.0500650000 12.5970900000
158.8257720000 -39.5949520000 12.6481380000
160.6555560000 -38.0518540000 12.6738020000
162.4098970000 -36.4249810000 12.6869370000
164.0851780000 -34.7178570000 12.6936200000
165.6779600000 -32.9341070000 12.6969620000
167.1848840000 -31.0775660000 12.6985940000
168.6027040000 -29.1522730000 12.6993690000
169.9283270000 -27.1624510000 12.6997260000
171.1588410000 -25.1124820000 12.6998850000
172.2915300000 -23.0068980000 12.6999530000
173.3238890000 -20.8503550000 12.6999820000
174.2536340000 -18.6476280000 12.6999930000
175.0787070000 -16.4035950000 12.6999970000
175.7972790000 -14.1232260000 12.6999990000
176.4077600000 -11.8115730000 12.7000000000
176.9087960000 -9.4737560000 12.7000000000
177.2992790000 -7.1149540000 12.7000000000
177.5783420000 -4.7403910000 12.7000000000
177.7453690000 -2.3553270000 12.7000000000
177.7999880000 0.0349540000 12.7000000000
177.7420790000 2.4251570000 12.7000000000
177.5717710000 4.8099890000 12.7000000000
177.2894400000 7.1841650000 12.7000000000
176.8957120000 9.5424280000 12.7000000000
176.3914590000 11.8795540000 12.7000000000
175.7777980000 14.1903650000 12.7000000000
175.0560880000 16.4697420000 12.7000000000
174.2279280000 18.7126370000 12.7000000000
173.2951530000 20.9140810000 12.7000000000
172.2598290000 23.0691980000 12.7000000000
171.1242480000 25.1732140000 12.7000000000
169.8909280000 27.2214680000 12.7000000000
168.5625980000 29.2094240000 12.7000000000
167.1422030000 31.1326770000 12.7000000000
165.6328870000 32.9869670000 12.7000000000
164.0379960000 34.7681880000 12.7000000000
162.3610610000 36.4723920000 12.6999980000
160.6057970000 38.0958050000 12.6999940000
158.7760930000 39.6348320000 12.6999810000
156.8759990000 41.0860650000 12.6999420000
154.9097120000 42.4462950000 12.6998400000
152.8815580000 43.7125260000 12.6995920000
150.7959420000 44.8819910000 12.6990250000
148.6572800000 45.9521730000 12.6978000000
146.4698530000 46.9208360000 12.6952690000
144.2375610000 47.7860490000 12.6902180000
141.9634810000 48.5462070000 12.6803710000
139.6492000000 49.1999770000 12.6613640000
137.2943510000 49.7460180000 12.6242540000
134.9023000000 50.1816070000 12.5481120000
132.5785270000 50.4927720000 12.3783420000
126.9570150000 50.7999820000 10.9236560000
125.6246380000 -50.7813780000 14.8864800000
125.7609460000 50.7848870000 15.1050190000
125.5179170000 -50.7783760000 9.2347450000
125.6398680000 50.7817880000 9.1546700000
125.5455920000 -50.7791760000 17.4350080000
125.6788710000 50.7828180000 17.4552320000
123.8593420000 -50.7028230000 8.5805770000
123.9089630000 50.7058720000 8.5379880000
123.1692450000 -50.6553580000 7.0800260000
123.1901700000 50.6569360000 7.0672920000
123.4750130000 -50.6775540000 18.1205480000
123.5124410000 50.6801430000 18.1291540000
127.9569180000 -50.7909860000 15.0774010000
127.9056820000 50.7919260000 14.8265340000
128.8691650000 -50.7656010000 10.0968610000
130.7454190000 -50.6617390000 10.4947270000
131.8979500000 -50.5633280000 9.3633900000
133.4081840000 -50.3941980000 9.8526890000
136.5172330000 -49.9005240000 9.4140020000
138.1293330000 -49.5658950000 9.8396270000
139.9518300000 -49.1211780000 10.6187300000
141.2109410000 -48.7718070000 9.3492490000
142.7865660000 -48.2848250000 9.7404980000
144.5632570000 -47.6673060000 10.3447050000
145.4519350000 -47.3303930000 9.0788250000
146.4610980000 -46.9244680000 10.3930730000
147.5277690000 -46.4677380000 9.1588390000
148.4733380000 -46.0384160000 10.5961970000
149.8120940000 -45.3899590000 9.5283070000
151.0085060000 -44.7686460000 10.1950630000
152.0033020000 -44.2207520000 9.3504510000
153.0372610000 -43.6199620000 10.0650620000
154.0066660000 -43.0265040000 9.3308020000
154.9899860000 -42.3934040000 10.1388780000
155.9637040000 -41.7342050000 9.3924940000
156.9310280000 -41.0459930000 10.2103270000
157.8847410000 -40.3332720000 9.4380110000
158.8253050000 -39.5953280000 10.2503890000
159.7464930000 -38.8369310000 9.4637530000
160.6531270000 -38.0540020000 10.2716140000
161.5377180000 -37.2530010000 9.4774820000
162.4069060000 -36.4278880000 10.2826560000
163.2526550000 -35.5863040000 9.4846050000
164.0820960000 -34.7211490000 10.2883000000
164.8871640000 -33.8408450000 9.4882160000
165.6749510000 -32.9376400000 10.2911240000
166.4376210000 -32.0205250000 9.4900010000
167.1820120000 -31.0812800000 10.2925010000
167.9006400000 -30.1293480000 9.4908610000
168.5999970000 -29.1561360000 10.2931540000
169.2730180000 -28.1714750000 9.4912620000
169.9258000000 -27.1664450000 10.2934540000
170.5517350000 -26.1512210000 9.4914430000
171.1565020000 -25.1165950000 10.2935880000
171.7339720000 -24.0730500000 9.4915230000
172.2893860000 -23.0111170000 10.2936450000
172.8171140000 -21.9415600000 9.4915560000
173.3219460000 -20.8546710000 10.2936690000
173.7987640000 -19.7614690000 9.4915700000
174.2518970000 -18.6520310000 10.2936780000
174.6767490000 -17.5376050000 9.4915750000
175.0771780000 -16.4080750000 10.2936820000
175.4491240000 -15.2748930000 9.4915770000
175.7959630000 -14.1277730000 10.2936830000
176.1141790000 -12.9783460000 9.4915780000
176.4066590000 -11.8161770000 10.2936840000
176.6704390000 -10.6530500000 9.4915780000
176.9079130000 -9.4784070000 10.2936840000
177.1166740000 -8.3041570000 9.4915780000
177.2986150000 -7.1196410000 10.2936840000
177.4518940000 -5.9368680000 9.4915790000
177.5779000000 -4.7451040000 10.2936840000
177.6753570000 -3.5564290000 9.4915790000
177.7451490000 -2.3600560000 10.2936840000
177.7865680000 -1.1681120000 9.4915790000
177.7999910000 0.0302200000 10.2936840000
177.7852810000 1.2227920000 9.4915790000
177.7423050000 2.4204290000 10.2936840000
177.6714990000 3.6109880000 9.4915790000
177.5722190000 4.8052760000 10.2936840000
177.4454730000 5.9911850000 9.4915790000
177.2901090000 7.1794790000 10.2936840000
177.1077040000 8.3581110000 9.4915790000
176.8966010000 9.5377790000 10.2936840000
176.6589400000 10.7065230000 9.4915790000
176.3925660000 11.8749510000 10.2936840000
176.1001770000 13.0312180000 9.4915790000
175.7791200000 14.1858190000 10.2936840000
175.4326500000 15.3270480000 9.4915790000
175.0576230000 16.4652640000 10.2936840000
174.6578390000 17.5889270000 9.4915790000
174.2296720000 18.7082360000 10.2936840000
173.7774610000 19.8118440000 9.4915790000
173.2971020000 20.9097670000 10.2936840000
172.7934650000 21.9908750000 9.4915790000
172.2619780000 23.0649810000 10.2936840000
171.7080310000 24.1211940000 9.4915790000
171.1265940000 25.1691020000 10.2936840000
170.5235630000 26.1980810000 9.4915790000
169.8934640000 27.2174720000 10.2936840000
169.2426850000 28.2169370000 9.4915790000
168.5653200000 29.2055510000 10.2936840000
167.8682350000 30.1732890000 9.4915790000
167.1451030000 31.1289360000 10.2936840000
166.4032570000 32.0628030000 9.4915790000
165.6359610000 32.9833670000 10.2936840000
164.8509960000 33.8812950000 9.4915780000
164.0412350000 34.7647360000 10.2936840000
163.2148900000 35.6247350000 9.4915780000
162.3644590000 36.4690970000 10.2936830000
161.4985650000 37.2892620000 9.4915760000
160.6093470000 38.0926740000 10.2936790000
159.7058210000 38.8711880000 9.4915710000
158.7797860000 39.6318710000 10.2936680000
157.8406300000 40.3670110000 9.4915540000
156.8798270000 41.0832800000 10.2936360000
155.9071190000 41.7734180000 9.4915070000
154.9136710000 42.4436920000 10.2935510000
153.9095580000 43.0873030000 9.4913860000
152.8856470000 43.7101050000 10.2933430000
151.8523340000 44.3057730000 9.4910980000
150.8001790000 44.8797450000 10.2928640000
149.7399070000 45.4261670000 9.4904560000
148.6617200000 45.9500800000 10.2918210000
147.5767420000 46.4460730000 9.4890860000
146.4746550000 46.9188430000 10.2896490000
145.3671950000 47.3633420000 9.4862720000
144.2431290000 47.7840400000 10.2852600000
143.1153690000 48.1760820000 9.4806190000
141.9708600000 48.5439320000 10.2765430000
140.8250810000 48.8825850000 9.4693450000
139.6611440000 49.1969050000 10.2592430000
138.5004780000 49.4810970000 9.4466590000
137.3180350000 49.7411110000 10.2244420000
136.1488560000 49.9693750000 9.4003360000
134.9494440000 50.1741600000 10.1545970000
133.7765120000 50.3459920000 9.3097710000
132.4937580000 50.5020660000 10.0473830000
131.0581600000 50.6376470000 9.0243540000
129.2486020000 50.7502100000 10.4671650000
129.7410610000 -50.7259950000 17.1562940000
131.0858920000 -50.6354170000 15.0762990000
132.9007230000 -50.4561340000 15.1086920000
134.0561460000 -50.3075620000 16.6393850000
135.7801530000 -50.0354770000 15.9104320000
137.6044140000 -49.6808450000 15.0060300000
138.8880540000 -49.3894140000 16.1908340000
140.4763730000 -48.9798670000 15.7478830000
142.2998260000 -48.4412570000 15.0398450000
143.2260250000 -48.1389250000 16.3342720000
145.6309440000 -47.2602150000 16.2001170000
147.1443950000 -46.6352160000 15.7882190000
148.8057280000 -45.8819160000 15.1675250000
149.6761610000 -45.4580210000 16.3885480000
150.5644140000 -45.0039820000 15.0820950000
151.6191430000 -44.4357710000 16.2415640000
152.4215890000 -43.9816190000 14.7479170000
153.7664580000 -43.1763440000 15.7300200000
154.8891920000 -42.4597810000 14.9443060000
155.9089830000 -41.7721280000 15.8091950000
156.9079480000 -41.0628130000 15.0229210000
157.8705440000 -40.3441380000 15.8551390000
158.8193160000 -39.6001410000 15.0631440000
159.7426840000 -38.8401420000 15.8806980000
160.6515220000 -38.0554210000 15.0842900000
161.5366900000 -37.2539530000 15.8943550000
162.4064740000 -36.4283080000 15.0953010000
163.2523780000 -35.5865860000 15.9014560000
164.0819800000 -34.7212730000 15.1009360000
164.8870900000 -33.8409280000 15.9050610000
165.6749200000 -32.9376770000 15.1037570000
166.4376010000 -32.0205500000 15.9068450000
167.1820030000 -31.0812900000 15.1051340000
167.9006350000 -30.1293560000 15.9077040000
168.5999940000 -29.1561390000 15.1057870000
169.2730160000 -28.1714770000 15.9081050000
169.9257990000 -27.1664460000 15.1060870000
170.5517350000 -26.1512210000 15.9082860000
171.1565020000 -25.1165950000 15.1062200000
171.7339720000 -24.0730500000 15.9083660000
172.2893860000 -23.0111170000 15.1062770000
172.8171140000 -21.9415600000 15.9083990000
173.3219460000 -20.8546710000 15.1063010000
173.7987640000 -19.7614690000 15.9084130000
174.2518970000 -18.6520310000 15.1063100000
174.6767490000 -17.5376050000 15.9084180000
175.0771780000 -16.4080750000 15.1063140000
175.4491240000 -15.2748930000 15.9084200000
175.7959630000 -14.1277730000 15.1063150000
176.1141790000 -12.9783460000 15.9084210000
176.4066590000 -11.8161770000 15.1063160000
176.6704390000 -10.6530500000 15.9084210000
176.9079130000 -9.4784070000 15.1063160000
177.1166740000 -8.3041570000 15.9084210000
177.2986150000 -7.1196410000 15.1063160000
177.4518940000 -5.9368680000 15.9084210000
177.5779000000 -4.7451040000 15.1063160000
177.6753570000 -3.5564290000 15.9084210000
177.7451490000 -2.3600560000 15.1063160000
177.7865680000 -1.1681120000 15.9084210000
177.7999910000 0.0302200000 15.1063160000
177.7852810000 1.2227920000 15.9084210000
177.7423050000 2.4204290000 15.1063160000
177.6714990000 3.6109880000 15.9084210000
177.5722190000 4.8052760000 15.1063160000
177.4454730000 5.9911850000 15.9084210000
177.2901090000 7.1794790000 15.1063160000
177.1077040000 8.3581110000 15.9084210000
176.8966010000 9.5377790000 15.1063160000
176.6589400000 10.7065230000 15.9084210000
176.3925660000 11.8749510000 15.1063160000
176.1001770000 13.0312180000 15.9084210000
175.7791200000 14.1858190000 15.1063160000
175.4326500000 15.3270480000 15.9084210000
175.0576230000 16.4652640000 15.1063160000
174.6578390000 17.5889270000 15.9084210000
174.2296720000 18.7082360000 15.1063160000
173.7774610000 19.8118440000 15.9084210000
173.2971020000 20.9097670000 15.1063160000
172.7934650000 21.9908750000 15.9084210000
172.2619780000 23.0649810000 15.1063160000
171.7080310000 24.1211940000 15.9084210000
171.1265940000 25.1691020000 15.1063160000
170.5235630000 26.1980810000 15.9084210000
169.8934640000 27.2174720000 15.1063160000
169.2426850000 28.2169370000 15.9084210000
168.5653200000 29.2055510000 15.1063160000
167.8682350000 30.1732890000 15.9084210000
167.1451030000 31.1289360000 15.1063160000
166.4032570000 32.0628030000 15.9084210000
165.6359610000 32.9833670000 15.1063160000
164.8509960000 33.8812950000 15.9084210000
164.0412350000 34.7647360000 15.1063160000
163.2148900000 35.6247350000 15.9084210000
162.3644590000 36.4690970000 15.1063150000
161.4985650000 37.2892620000 15.9084190000
160.6093470000 38.0926740000 15.1063120000
159.7058210000 38.8711880000 15.9084140000
158.7797860000 39.6318710000 15.1063010000
157.8406300000 40.3670110000 15.9083970000
156.8798270000 41.0832800000 15.1062690000
155.9071180000 41.7734190000 15.9083500000
154.9136700000 42.4436920000 15.1061840000
153.9095560000 43.0873040000 15.9082300000
152.8856440000 43.7101070000 15.1059770000
151.8523260000 44.3057770000 15.9079460000
150.8001660000 44.8797510000 15.1055040000
149.7398780000 45.4261810000 15.9073160000
148.6616760000 45.9501010000 15.1044800000
147.5766380000 46.4461190000 15.9059910000
146.4744940000 46.9189100000 15.1023750000
145.3668160000 47.3634890000 15.9033340000
144.2425460000 47.7842510000 15.0982280000
143.1140010000 48.1765400000 15.8982420000
141.9687560000 48.5445810000 15.0903620000
140.8201500000 48.8839790000 15.8889500000
139.6535530000 49.1988580000 15.0760430000
138.4827070000 49.4852240000 15.8731950000
137.2904550000 49.7468240000 15.0512190000
136.0843370000 49.9811450000 15.8500050000
134.8456660000 50.1904920000 15.0079130000
133.5335410000 50.3780990000 15.8200750000
132.0482300000 50.5485450000 14.8646020000
130.1201400000 50.7040900000 16.0895880000
127.3784780000 -50.7985900000 9.0761360000
127.7525110000 50.7944260000 9.0630080000
126.6862860000 -50.7990310000 16.2913660000
126.8561010000 50.7997960000 16.2637740000
124.7661360000 -50.7508610000 11.6677180000
124.7424260000 50.7498110000 11.3582130000
123.7215310000 -50.6940990000 15.6114450000
123.8081880000 50.6996290000 15.6441340000
123.5952440000 -50.6857740000 10.1057510000
123.6247740000 50.6877490000 10.0193170000
123.8524790000 -50.7023980000 13.4724260000
124.0661420000 50.7152100000 13.4210710000
127.0580550000 -50.7999670000 7.2338070000
127.3232990000 50.7989710000 7.1659310000
125.0996220000 -50.7644420000 7.0481930000
125.1758950000 50.7672400000 7.0143140000
125.0039980000 -50.7607720000 19.0488890000
125.0466780000 50.7624320000 19.0560960000
128.2625730000 -50.7843080000 12.4652480000
128.1058970000 50.7879610000 12.4793460000
126.4421640000 -50.7969370000 13.0495480000
126.2559840000 50.7945510000 13.0189730000
127.6182620000 -50.7962380000 17.7666780000
128.0793920000 50.7885310000 17.6682510000
130.4778230000 -50.6808120000 7.9329200000
129.5928600000 50.7337860000 7.6035010000
132.6925740000 -50.4800420000 7.5318160000
128.5740560000 -50.7756080000 7.8839450000
135.0387190000 -50.1599340000 7.8820850000
137.3673920000 -49.7308470000 7.5248800000
139.7324700000 -49.1784930000 7.8537120000
142.0094980000 -48.5319990000 7.4835930000
144.2722660000 -47.7735160000 7.7981420000
146.4908980000 -46.9120980000 7.7793440000
148.6615740000 -45.9501490000 7.8664180000
150.8831010000 -44.8356720000 7.8420390000
152.9712440000 -43.6593000000 7.7937790000
154.9728130000 -42.4047370000 7.8078180000
156.9230660000 -41.0517980000 7.8385000000
158.8171510000 -39.6018800000 7.8606100000
160.6444460000 -38.0616770000 7.8734160000
162.3981240000 -36.4364220000 7.8803070000
164.0734970000 -34.7303300000 7.8838840000
165.6666890000 -32.9473390000 7.8856930000
167.1741690000 -31.0914160000 7.8865850000
168.5926200000 -29.1666590000 7.8870120000
169.9189180000 -27.1773150000 7.8872110000
171.1501370000 -25.1277820000 7.8873010000
172.2835530000 -23.0225940000 7.8873400000
173.3166590000 -20.8664100000 7.8873570000
174.2471680000 -18.6640060000 7.8873640000
175.0730180000 -16.4202590000 7.8873670000
175.7923810000 -14.1401400000 7.8873680000
176.4036630000 -11.8286990000 7.8873680000
176.9055090000 -9.4910550000 7.8873680000
177.2968090000 -7.1323880000 7.8873680000
177.5766960000 -4.7579220000 7.8873680000
177.7445490000 -2.3729170000 7.8873680000
177.7999970000 0.0173450000 7.8873680000
177.7429170000 2.4075690000 7.8873680000
177.5734350000 4.7924590000 7.8873680000
177.2919270000 7.1667330000 7.8873680000
176.8990160000 9.5251330000 7.8873680000
176.3955740000 11.8624330000 7.8873680000
175.7827140000 14.1734560000 7.8873680000
175.0617940000 16.4530830000 7.8873680000
174.2344120000 18.6962650000 7.8873680000
173.3024000000 20.8980330000 7.8873680000
172.2678220000 23.0535080000 7.8873680000
171.1329710000 25.1579180000 7.8873680000
169.9003610000 27.2066000000 7.8873680000
168.5727200000 29.1950150000 7.8873680000
167.1529920000 31.1187610000 7.8873680000
165.6443190000 32.9735740000 7.8873680000
164.0500450000 34.7553470000 7.8873680000
162.3737010000 36.4601330000 7.8873670000
160.6190000000 38.0841550000 7.8873650000
158.7898280000 39.6238160000 7.8873570000
156.8902370000 41.0757070000 7.8873340000
154.9244280000 42.4366150000 7.8872760000
152.8967370000 43.7035350000 7.8871360000
150.8116110000 44.8736800000 7.8868210000
148.6735660000 45.9444940000 7.8861410000
146.4871250000 46.9136650000 7.8847330000
144.2567450000 47.7791250000 7.8818820000
141.9867910000 48.5390160000 7.8761680000
139.6818220000 49.1915780000 7.8646460000
137.3481270000 49.7348600000 7.8409660000
134.9995400000 50.1661970000 7.7905420000
132.6950390000 50.4797640000 7.6680140000
146.4581130000 -46.9257050000 17.9953730000
148.6047430000 -45.9768970000 17.6604820000
150.7054850000 -44.9298340000 17.6435470000
152.7565640000 -43.7862920000 17.4919130000
154.8829950000 -42.4638510000 17.4400740000
156.8965090000 -41.0711420000 17.4648110000
158.8097910000 -39.6077920000 17.4861040000
160.6424420000 -38.0634480000 17.4987400000
162.3975820000 -36.4369480000 17.5055870000
164.0733510000 -34.7304860000 17.5091520000
165.6666500000 -32.9473850000 17.5109580000
167.1741580000 -31.0914300000 17.5118490000
168.5926170000 -29.1666630000 17.5122760000
169.9189180000 -27.1773160000 17.5124750000
171.1501360000 -25.1277820000 17.5125650000
172.2835530000 -23.0225940000 17.5126040000
173.3166590000 -20.8664100000 17.5126210000
174.2471680000 -18.6640060000 17.5126280000
175.0730180000 -16.4202590000 17.5126300000
175.7923810000 -14.1401400000 17.5126310000
176.4036630000 -11.8286990000 17.5126320000
176.9055090000 -9.4910550000 17.5126320000
177.2968090000 -7.1323880000 17.5126320000
177.5766960000 -4.7579220000 17.5126320000
177.7445490000 -2.3729170000 17.5126320000
177.7999970000 0.0173450000 17.5126320000
177.7429170000 2.4075690000 17.5126320000
177.5734350000 4.7924590000 17.5126320000
177.2919270000 7.1667330000 17.5126320000
176.8990160000 9.5251330000 17.5126320000
176.3955740000 11.8624330000 17.5126320000
175.7827140000 14.1734560000 17.5126320000
175.0617940000 16.4530830000 17.5126320000
174.2344120000 18.6962650000 17.5126320000
173.3024000000 20.8980330000 17.5126320000
172.2678220000 23.0535080000 17.5126320000
171.1329710000 25.1579180000 17.5126320000
169.9003610000 27.2066000000 17.5126320000
168.5727200000 29.1950150000 17.5126320000
167.1529920000 31.1187610000 17.5126320000
165.6443190000 32.9735740000 17.5126320000
164.0500450000 34.7553470000 17.5126320000
162.3737010000 36.4601330000 17.5126310000
160.6190000000 38.0841550000 17.5126280000
158.7898280000 39.6238160000 17.5126200000
156.8902370000 41.0757070000 17.5125980000
154.9244270000 42.4366160000 17.5125400000
152.8967330000 43.7035380000 17.5124030000
150.8115960000 44.8736880000 17.5120940000
148.6735100000 45.9445210000 17.5114380000
146.4869220000 46.9137490000 17.5101150000
144.2560130000 47.7793890000 17.5075670000
141.9841510000 48.5398310000 17.5029290000
139.6723390000 49.1940220000 17.4952450000
137.3142550000 49.7418950000 17.4854520000
134.8806130000 50.1850170000 17.4883690000
132.3047530000 50.5222680000 17.6150380000
144.3128120000 -47.7588370000 17.6833830000
142.0124190000 -48.5310960000 17.6329880000
139.7081310000 -49.1847880000 17.9856660000
137.4236870000 -49.7190780000 17.7024620000
135.1927680000 -50.1350030000 18.1844260000
131.2050610000 50.6256600000 7.3439670000
130.2132310000 50.6982760000 18.4025750000
133.8243230000 -50.3395330000 18.2144300000
132.1960320000 -50.5335660000 17.7140760000
129.7678350000 -50.7245410000 11.8948540000
129.6126370000 -50.7327720000 15.2629430000
131.1092090000 50.6335300000 11.0155110000
132.1823950000 -50.5349660000 13.8757600000
134.4293110000 -50.2538090000 14.7053600000
139.2088370000 -49.3110970000 14.5129570000
144.2610090000 -47.7775840000 14.9811250000
145.9458310000 -47.1348650000 14.5525490000
149.9963360000 -45.2968930000 11.1408550000
152.0823230000 -44.1759780000 10.8549700000
154.0260260000 -43.0143460000 10.8469290000
153.8364610000 -43.1328690000 14.0244290000
155.9623960000 -41.7351130000 10.9653760000
155.9269230000 -41.7597070000 14.1723200000
157.8852930000 -40.3328480000 11.0287910000
157.8766990000 -40.3394280000 14.2372870000
159.7485140000 -38.8352270000 11.0615390000
159.7462500000 -38.8371360000 14.2700140000
161.5403010000 -37.2506060000 11.0784980000
161.5396930000 -37.2511700000 14.2869370000
163.2553840000 -35.5835240000 11.0872240000
163.2552200000 -35.5836900000 14.2956500000
164.8898670000 -33.8378190000 11.0916440000
164.8898230000 -33.8378680000 14.3000670000
166.4402250000 -32.0173180000 11.0938370000
166.4402130000 -32.0173320000 14.3022580000
167.9031100000 -30.1259950000 11.0948960000
167.9031070000 -30.1260000000 14.3033170000
169.2753350000 -28.1679960000 11.0953930000
169.2753350000 -28.1679980000 14.3038150000
170.5538900000 -26.1476310000 11.0956190000
170.5538900000 -26.1476320000 14.3040410000
171.7359570000 -24.0693610000 11.0957190000
171.7359570000 -24.0693610000 14.3041400000
172.8189240000 -21.9377800000 11.0957610000
172.8189240000 -21.9377800000 14.3041820000
173.8003950000 -19.7576080000 11.0957780000
173.8003950000 -19.7576080000 14.3042000000
174.6781960000 -17.5336710000 11.0957850000
174.6781960000 -17.5336710000 14.3042070000
175.4503840000 -15.2708960000 11.0957880000
175.4503840000 -15.2708960000 14.3042090000
176.1152490000 -12.9742930000 11.0957890000
176.1152490000 -12.9742930000 14.3042100000
176.6713180000 -10.6489520000 11.0957890000
176.6713180000 -10.6489520000 14.3042110000
177.1173590000 -8.3000210000 11.0957890000
177.1173590000 -8.3000210000 14.3042110000
177.4523840000 -5.9327060000 11.0957890000
177.4523840000 -5.9327060000 14.3042110000
177.6756500000 -3.5522480000 11.0957890000
177.6756500000 -3.5522480000 14.3042110000
177.7866640000 -1.1639220000 11.0957890000
177.7866640000 -1.1639220000 14.3042110000
177.7851800000 1.2269830000 11.0957890000
177.7851800000 1.2269830000 14.3042110000
177.6712000000 3.6151690000 11.0957890000
177.6712000000 3.6151690000 14.3042110000
177.4449780000 5.9953480000 11.0957890000
177.4449780000 5.9953480000 14.3042110000
177.1070140000 8.3622460000 11.0957890000
177.1070140000 8.3622460000 14.3042110000
176.6580570000 10.7106200000 11.0957890000
176.6580570000 10.7106200000 14.3042110000
176.0991010000 13.0352700000 11.0957890000
176.0991010000 13.0352700000 14.3042110000
175.4313850000 15.3310440000 11.0957890000
175.4313850000 15.3310440000 14.3042110000
174.6563880000 17.5928590000 11.0957890000
174.6563880000 17.5928590000 14.3042110000
173.7758260000 19.8157030000 11.0957890000
173.7758260000 19.8157030000 14.3042110000
172.7916500000 21.9946530000 11.0957890000
172.7916500000 21.9946530000 14.3042110000
171.7060400000 24.1248830000 11.0957890000
171.7060400000 24.1248830000 14.3042110000
170.5214010000 26.2016730000 11.0957890000
170.5214010000 26.2016730000 14.3042110000
169.2403570000 28.2204230000 11.0957890000
169.2403570000 28.2204230000 14.3042110000
167.8657450000 30.1766610000 11.0957890000
167.8657450000 30.1766610000 14.3042110000
166.4006110000 32.0660540000 11.0957890000
166.4006110000 32.0660540000 14.3042110000
164.8482000000 33.8844180000 11.0957890000
164.8482000000 33.8844180000 14.3042110000
163.2119510000 35.6277230000 11.0957880000
163.2119510000 35.6277230000 14.3042100000
161.4954880000 37.2921080000 11.0957860000
161.4954880000 37.2921080000 14.3042080000
159.7026140000 38.8738870000 11.0957790000
159.7026140000 38.8738870000 14.3042000000
157.8372990000 40.3695560000 11.0957560000
157.8372980000 40.3695560000 14.3041780000
155.9036690000 41.7758050000 11.0956950000
155.9036690000 41.7758060000 14.3041170000
153.9059900000 43.0895310000 11.0955420000
153.9059890000 43.0895320000 14.3039650000
151.8486380000 44.3078460000 11.0951840000
151.8486330000 44.3078490000 14.3036090000
149.7360450000 45.4281000000 11.0943930000
149.7360280000 45.4281090000 14.3028250000
147.5726120000 46.4479020000 11.0927250000
147.5725510000 46.4479300000 14.3011830000
145.3625560000 47.3651410000 11.0893340000
145.3623320000 47.3652270000 14.2978850000
143.1096660000 48.1779890000 11.0826020000
143.1088580000 48.1782600000 14.2914840000
140.8170440000 48.8848580000 11.0693730000
140.8141250000 48.8856820000 14.2794180000
138.4872300000 49.4841750000 11.0431920000
138.4766610000 49.4866270000 14.2572150000
136.1246670000 49.9737980000 10.9903480000
136.0855500000 49.9809240000 14.2163010000
133.7416270000 50.3506750000 10.8876410000
133.5833880000 50.3716090000 14.1238090000
141.5511990000 -48.6713740000 11.0503200000
136.8331060000 -49.8392420000 11.1330420000
135.2022720000 -50.1334490000 10.6916850000
132.1592920000 -50.5373300000 11.0057710000
130.6240180000 -50.6705680000 18.8775930000
125.1710200000 -50.7670640000 13.2690430000
3.5571130000 -38.6494440000 12.7528480000
114.4761850000 -49.7972300000 12.6710600000
99.3834910000 -48.2803570000 12.7000000000
30.3206760000 -41.3392830000 12.5034510000
21.1167480000 -40.4142540000 12.4524330000
75.6608490000 -45.8961420000 12.7000000000
56.6827360000 -43.9887700000 12.7000000000
85.1499060000 -46.8498280000 12.7000000000
47.2014580000 -43.0358660000 12.7021620000
11.8322850000 -39.4811300000 12.5403130000
66.1717920000 -44.9424560000 12.7000000000
38.0254210000 -42.1136390000 12.7431410000
106.8912660000 -49.0349170000 12.6375970000
92.2199700000 -47.5603970000 12.2699070000
61.1994300000 -44.4427150000 14.4485320000
25.8433020000 -40.8892900000 10.2887410000
80.4053770000 -46.3729850000 15.1112590000
16.1264120000 -39.9127060000 10.9514680000
70.9163210000 -45.4192990000 10.2887410000
51.9382080000 -43.5119270000 10.2887410000
42.9496660000 -42.6085450000 15.8889760000
42.6406320000 -42.5774850000 9.1916420000
51.9382080000 -43.5119270000 15.1894560000
70.9163210000 -45.4192990000 15.1894560000
25.8433020000 -40.8892900000 15.1894560000
16.3542450000 -39.9356040000 16.2080160000
80.2070810000 -46.3530560000 10.1979970000
61.4272640000 -44.4656130000 9.1919840000
7.5630420000 -39.0520550000 15.4337080000
7.6571460000 -39.0615130000 9.9151760000
110.6405430000 -49.4117340000 15.7286860000
34.3943900000 -41.7487070000 9.8463030000
34.3943900000 -41.7487070000 15.5536970000
103.1157570000 -48.6554640000 15.7735350000
95.5871190000 -47.8988080000 15.5585030000
88.9462770000 -47.2313780000 15.5585030000
110.6924230000 -49.4169480000 9.7771360000
103.0968660000 -48.6535660000 9.8023480000
117.7568110000 -50.1269460000 16.0726770000
118.0088140000 -50.1522730000 9.0458270000
0.2903260000 -38.3211200000 16.0652870000
0.1298820000 -38.3049940000 9.0547550000
95.8589360000 -47.9261260000 9.4136260000
88.5242080000 -47.1889580000 9.6564080000
99.3834910000 -48.2803570000 16.6032490000
30.4531240000 -41.3525950000 8.8856600000
21.1135870000 -40.4139360000 9.0577560000
75.6658240000 -45.8966420000 9.0155090000
11.7727970000 -39.4751510000 16.3778290000
85.1863170000 -46.8534880000 16.5287900000
30.5878300000 -41.3661330000 16.6032490000
56.6777600000 -43.9882700000 16.3844910000
56.6877110000 -43.9892700000 9.0155090000
47.2262000000 -43.0383520000 16.4071530000
66.1668170000 -44.9419560000 9.0155090000
11.7240990000 -39.4702570000 8.9167880000
75.6558740000 -45.8956420000 16.3844910000
66.1767680000 -44.9429560000 16.3844910000
21.1191910000 -40.4144990000 16.4267380000
47.1874560000 -43.0344580000 9.0142300000
84.1387920000 -46.7482080000 8.6946610000
39.0837500000 -42.2200050000 16.6244950000
106.8922540000 -49.0350170000 16.5458910000
38.1222120000 -42.1233670000 8.8152080000
106.7517470000 -49.0208950000 8.7763850000
4.3039660000 -38.7245060000 8.6818370000
4.2667660000 -38.7207670000 16.7477540000
99.6100510000 -48.3031280000 8.7248670000
114.0037210000 -49.7497460000 16.7867180000
-0.5961210000 -38.2320280000 12.7000000000
118.7061210000 -50.2223550000 12.7000000000
92.2666980000 -47.5650930000 8.5164130000
113.9745700000 -49.7468160000 8.7173890000
92.4004300000 -47.5785330000 16.9422400000
24.1440350000 -40.7185080000 12.8319730000
59.7279970000 -44.2948300000 12.5680270000
63.1259400000 -44.6363360000 12.6914090000
82.2956140000 -46.5629610000 12.3939490000
13.9034510000 -39.6892900000 12.8534700000
78.7061100000 -46.2022020000 12.5680270000
50.2389400000 -43.3411440000 12.8319730000
27.8992900000 -41.0959250000 13.0784560000
18.0529210000 -40.1063280000 12.7085910000
69.2170540000 -45.2485160000 12.8319730000
72.6155880000 -45.5900820000 12.8319730000
53.6374750000 -43.6827100000 12.8319730000
96.7736290000 -48.0180560000 12.9116880000
88.1089920000 -47.1472280000 12.7013720000
44.2054630000 -42.7347570000 12.6347880000
109.6881420000 -49.3160140000 12.3359010000
27.8676870000 -41.0927490000 8.3135400000
14.2944090000 -39.7285830000 8.4126620000
82.4542080000 -46.5789000000 17.0885240000
23.3643750000 -40.6401490000 8.0130230000
18.8381100000 -40.1852420000 8.0130230000
63.9094890000 -44.7150860000 17.3940190000
49.8936900000 -43.3064450000 8.3319070000
77.9231520000 -46.1235120000 17.3940190000
59.3503770000 -44.2568780000 16.9732350000
68.8719810000 -45.2138350000 8.3320900000
73.3985460000 -45.6687720000 8.0059810000
54.4204330000 -43.7614000000 8.0059810000
104.0966040000 -48.7540430000 12.3539260000
35.3003180000 -41.8397560000 12.7928080000
40.7545300000 -42.3879250000 12.7436770000
6.6447440000 -38.9597630000 12.7462100000
18.7808490000 -40.1794870000 17.9294990000
54.3611840000 -43.7554450000 17.7779550000
77.9032710000 -46.1215140000 7.6057080000
28.2669890000 -41.1328800000 17.8092060000
68.4933440000 -45.1757810000 17.7779550000
49.5191660000 -43.2688040000 17.7811920000
63.8502400000 -44.7091310000 7.4765370000
73.3392970000 -45.6628170000 17.7779550000
59.0042880000 -44.2220950000 7.4765370000
13.9538550000 -39.6943560000 17.9225120000
23.4225320000 -40.6459940000 17.7839900000
44.9198340000 -42.8065540000 7.4725230000
44.4555360000 -42.7598900000 17.5342620000
40.7820010000 -42.3906860000 7.8996190000
36.5539990000 -41.9657560000 17.4380150000
9.4266950000 -39.2393590000 17.6587140000
9.4022720000 -39.2369050000 7.6085900000
119.3121800000 -50.2832660000 17.8086230000
119.2250770000 -50.2745120000 7.7702370000
-1.2115320000 -38.1701770000 7.5791060000
-1.2031790000 -38.1710170000 17.8063190000
32.8392780000 -41.5924120000 7.5711920000
32.8936640000 -41.5978780000 17.9138850000
101.7714170000 -48.5203530000 17.8729450000
87.5366430000 -47.0897040000 17.8740950000
97.0569490000 -48.0465310000 17.9007450000
86.3845010000 -46.9739100000 7.8982090000
41.4773740000 -42.4605740000 17.6310950000
108.8370780000 -49.2304790000 7.6562340000
81.8750930000 -46.5206970000 7.8973490000
109.2044500000 -49.2674010000 17.8151610000
104.4726920000 -48.7918410000 17.9345770000
35.7821810000 -41.8881850000 7.6097840000
104.5474150000 -48.7993510000 7.6649830000
94.4021700000 -47.7797160000 7.4982840000
90.0763620000 -47.3449560000 7.4308550000
6.5429160000 -38.9495290000 7.5449690000
6.5429160000 -38.9495290000 17.8550310000
119.7718350000 -50.3294630000 10.6084620000
119.9013590000 -50.3424810000 14.5647650000
-1.6604880000 -38.1250550000 10.6089010000
-1.7589640000 -38.1151580000 14.6532620000
23.2205090000 -40.6256900000 10.5906670000
49.2491150000 -43.2416630000 10.9795960000
82.9669990000 -46.6304380000 14.5100770000
64.1596440000 -44.7402280000 14.6215450000
68.2277570000 -45.1490880000 10.9795330000
77.8133830000 -46.1124800000 14.7392810000
28.3894760000 -41.1451900000 10.8502850000
58.4397070000 -44.1653520000 14.4390870000
73.5083150000 -45.6798040000 10.6607190000
54.5302020000 -43.7724320000 10.6607190000
13.4373150000 -39.6424420000 10.5934030000
19.0861030000 -40.2101660000 10.7536700000
37.0409060000 -42.0146920000 14.9285370000
101.6119770000 -48.5043290000 7.5572090000
9.4159600000 -39.2382800000 12.0387700000
2.0861880000 -38.5016110000 7.3944610000
2.1632660000 -38.5093570000 18.0235560000
93.0464420000 -47.6434600000 14.6903490000
45.2209380000 -42.8368160000 14.3999580000
111.7276900000 -49.5209960000 17.8835740000
116.0980380000 -49.9602330000 18.0589480000
97.3560100000 -48.0765880000 7.5827940000
40.5819820000 -42.3705830000 10.2353840000
44.9241100000 -42.8069840000 10.3922970000
111.7580860000 -49.5240510000 7.5382290000
116.0802000000 -49.9584400000 7.3888020000
10.0180270000 -39.2987900000 14.6116070000
90.0844430000 -47.3457680000 18.0220760000
94.5029810000 -47.7898480000 18.0406370000
54.6704320000 -43.7865260000 15.1170100000
18.8706640000 -40.1885140000 15.0288710000
28.5767480000 -41.1640120000 15.3453630000
73.6485460000 -45.6938980000 15.1170100000
77.6731530000 -46.0983860000 10.2829900000
68.1840960000 -45.1447000000 15.1170100000
49.2059830000 -43.2373280000 15.1170100000
59.0362300000 -44.2253050000 10.3956560000
13.8323550000 -39.6821450000 15.1789280000
23.1110770000 -40.6146910000 15.1170100000
63.9157210000 -44.7157120000 10.3760560000
86.1381570000 -46.9491510000 10.4110560000
32.6730850000 -41.5757090000 12.0304520000
32.0566200000 -41.5137520000 14.5272200000
100.8934100000 -48.4321100000 14.6516250000
97.8746960000 -48.1287180000 14.6516250000
86.6587000000 -47.0014680000 14.6516250000
108.2571940000 -49.1721980000 10.5125820000
112.8603140000 -49.6348290000 14.6098910000
112.1896440000 -49.5674240000 12.0365240000
101.5729660000 -48.5004080000 12.0395180000
108.4123430000 -49.1877910000 14.5592550000
105.3512130000 -48.8801360000 14.5560380000
1.5542280000 -38.4481470000 13.6985460000
116.6352100000 -50.0142200000 13.8888070000
90.8719970000 -47.4249200000 14.1176620000
105.4238570000 -48.8874370000 10.6212300000
36.7198190000 -41.9824210000 10.8134850000
2.7072000000 -38.5640250000 10.0337240000
97.9709240000 -48.1383890000 10.5619810000
115.4467520000 -49.8947760000 10.3704170000
5.1597650000 -38.8105170000 14.6473980000
5.1783320000 -38.8123830000 10.8345890000
90.9623070000 -47.4339970000 10.2030050000
93.7391340000 -47.7130780000 10.3167120000
39.1586840000 -42.2275370000 14.5709780000
61.4272640000 -44.4656130000 6.8830300000
51.9389950000 -43.5120060000 18.2777210000
70.9163210000 -45.4192990000 18.4138070000
16.3579900000 -39.9359810000 18.5176970000
25.8433020000 -40.8892900000 18.4619250000
25.7367260000 -40.8785790000 6.8197030000
16.4564620000 -39.9458770000 6.8338630000
71.0205170000 -45.4297710000 6.8213470000
52.0423780000 -43.5223970000 6.8213210000
80.3018230000 -46.3625780000 18.5815980000
61.5268110000 -44.4756180000 18.5651280000
82.5709430000 -46.5906330000 10.0339940000
9.8699840000 -39.2839120000 9.9284540000
94.3649640000 -47.7759770000 12.7742150000
106.5002830000 -48.9956220000 18.6006570000
42.6481540000 -42.5782410000 6.9447570000
114.7656700000 -49.8263250000 14.8588480000
37.7046230000 -42.0813980000 6.7965600000
2.6880830000 -38.5621030000 15.4047510000
32.2988780000 -41.5381000000 9.8500440000
0.9877190000 -38.3912100000 11.4838540000
117.1524290000 -50.0662030000 11.5148760000
38.2433460000 -42.1355420000 18.6138960000
21.1015950000 -40.4127310000 6.8425880000
30.2335840000 -41.3305300000 6.8393840000
11.6745560000 -39.4652780000 18.5198110000
75.2629870000 -45.8561560000 6.8523920000
99.3834910000 -48.2803570000 18.6528030000
84.8350470000 -46.8181840000 18.5679740000
57.0057570000 -44.0212350000 18.5256250000
76.0455220000 -45.9348030000 18.5448850000
30.5862990000 -41.3659790000 18.6224280000
66.4986880000 -44.9753100000 6.8457820000
56.2980630000 -43.9501090000 6.8308640000
65.7871190000 -44.9037950000 18.5448850000
21.1040240000 -40.4129750000 18.5560450000
47.1176520000 -43.0274430000 18.4725210000
11.9625610000 -39.4942230000 6.8593420000
47.6590470000 -43.0818550000 6.8843030000
106.6273610000 -49.0083940000 6.8515200000
84.7645230000 -46.8110960000 6.6550390000
90.1321350000 -47.3505610000 12.0144920000
4.4645140000 -38.7406410000 6.7059120000
4.4560570000 -38.7397910000 18.6904710000
113.8127200000 -49.7305490000 18.6738480000
99.4445710000 -48.2864960000 6.7673670000
113.8094010000 -49.7302160000 6.7608840000
101.1345040000 -48.4563410000 9.8749140000
46.9137490000 -43.0069500000 10.9253540000
75.8220530000 -45.9123440000 10.7908930000
56.8617020000 -44.0067570000 10.7967580000
21.0692050000 -40.4094760000 14.3377320000
47.4531050000 -43.0611570000 14.4900290000
65.8944780000 -44.9145850000 10.9238830000
56.3975320000 -43.9601060000 14.4920730000
66.3587080000 -44.9612420000 14.5835190000
75.4996450000 -45.8799410000 14.6091070000
30.6663480000 -41.3740250000 10.7869480000
21.1342370000 -40.4160110000 10.7136310000
11.2559290000 -39.4232040000 10.8035460000
80.0497650000 -46.3372450000 6.8362620000
112.5460310000 -49.6032420000 9.8545910000
120.4821110000 -50.4008490000 12.6881940000
-2.3703550000 -38.0537110000 12.6928240000
34.8244700000 -41.7919320000 18.4511660000
92.2638420000 -47.5648060000 6.6251890000
41.0201140000 -42.4146170000 15.1579120000
92.2666980000 -47.5650930000 18.8284510000
84.1385260000 -46.7481810000 10.8865260000
8.4104430000 -39.1372220000 13.7075740000
39.9755560000 -42.3096350000 18.8098420000
33.6061030000 -41.6694810000 13.7260440000
88.1386270000 -47.1502060000 6.8471950000
11.9724180000 -39.4952140000 14.4794480000
61.4161240000 -44.4644940000 11.7382560000
16.1900080000 -39.9190980000 13.8215570000
25.8766470000 -40.8926420000 12.1369810000
80.4053770000 -46.3729850000 13.2662240000
70.9163210000 -45.4192990000 12.1337760000
51.9382080000 -43.5119270000 12.1337760000
0.3108940000 -38.3231870000 6.7766680000
0.3108940000 -38.3231870000 18.6233320000
103.0059900000 -48.6444320000 13.8749280000
90.9018900000 -47.4279240000 15.9033250000
30.1845100000 -41.3255980000 14.4793060000
42.8507830000 -42.5986060000 18.7871510000
117.8427830000 -50.1355860000 18.6601990000
110.7581970000 -49.4235580000 13.8540510000
118.0109520000 -50.1524880000 6.7409280000
93.8842430000 -47.7276620000 16.3079320000
84.9566830000 -46.8304090000 14.5645290000
5.9426920000 -38.8892040000 16.1606190000
6.0047440000 -38.8954400000 9.2501660000
-0.1276330000 -38.2791130000 14.2792740000
118.1856070000 -50.1700410000 14.3134620000
95.7415170000 -47.9143250000 11.1956440000
39.3525220000 -42.2470180000 6.7342770000
38.8407930000 -42.1955870000 11.0701790000
120.3480200000 -50.3873720000 16.4105040000
-2.2073540000 -38.0700930000 8.8357900000
120.3144730000 -50.3840000000 8.8436760000
-2.2380200000 -38.0670110000 16.4105040000
112.3080670000 -49.5793260000 16.2522170000
115.8526530000 -49.9355700000 16.2324540000
42.8151480000 -42.5950250000 13.7695650000
83.2667380000 -46.6605630000 6.6814100000
120.4691510000 -50.3995460000 18.9400740000
120.3095710000 -50.3835080000 6.6310510000
-2.3591510000 -38.0548370000 6.4599260000
-2.3591510000 -38.0548370000 18.9400740000
18.7265090000 -40.1740260000 6.3271560000
82.6716630000 -46.6007560000 19.0033980000
14.1354790000 -39.7126100000 6.4531730000
23.4710380000 -40.6508690000 6.3271560000
28.1000370000 -41.1161010000 6.3981340000
63.7995280000 -44.7040350000 19.0728440000
49.7454000000 -43.2915420000 6.4395060000
59.1985890000 -44.2416230000 18.9407980000
78.0331130000 -46.1345640000 19.0728440000
68.6524880000 -45.1917750000 6.4019330000
73.2885850000 -45.6577210000 6.3271560000
54.3104720000 -43.7503490000 6.3271560000
99.8968000000 -48.3319470000 10.9499190000
61.8771180000 -44.5108250000 16.5976170000
79.9433280000 -46.3265480000 16.6907010000
25.3051750000 -40.8352070000 8.7456800000
16.8062260000 -39.9810300000 8.7990300000
71.4473280000 -45.4726670000 8.7575660000
52.4691860000 -43.5652920000 8.7575370000
113.7634750000 -49.7256000000 11.0160690000
108.7873980000 -49.2254860000 16.1622480000
22.5748980000 -40.5608030000 13.3875130000
77.1519590000 -46.0460040000 11.8993300000
64.6806830000 -44.7925940000 11.8993300000
67.6629020000 -45.0923180000 13.5006700000
58.1738460000 -44.1386320000 11.8993300000
48.6847890000 -43.1849460000 13.5006700000
74.1697390000 -45.7462800000 13.5006700000
55.1916260000 -43.8389080000 13.5006700000
19.6158540000 -40.2634080000 13.3849870000
42.6536440000 -42.5787930000 11.4945590000
97.4755640000 -48.0886040000 16.1785300000
87.1666770000 -47.0525210000 16.1624960000
101.2910190000 -48.4720710000 16.2253380000
32.4831260000 -41.5566180000 16.1495130000
36.1776650000 -41.9279330000 9.2766290000
104.8674250000 -48.8315140000 16.1567160000
45.7163140000 -42.8866030000 11.8924400000
3.3569750000 38.6293290000 12.8515910000
114.4624510000 49.7958500000 12.6749870000
99.8912770000 48.3313920000 12.7090450000
80.4053770000 46.3729850000 12.7000000000
59.3138930000 44.2532110000 12.3759480000
16.5439640000 39.9546720000 12.8476690000
32.9600940000 41.6045550000 12.7000000000
42.4491510000 42.5582410000 12.7000000000
70.7286680000 45.4004390000 12.7017950000
89.8944340000 47.3266710000 12.7000000000
25.5138500000 40.8561790000 12.7000780000
50.0622700000 43.3233880000 12.7000000000
106.8944570000 49.0352380000 12.5875680000
10.2919020000 39.3263160000 13.9878340000
64.7697920000 44.8015500000 11.3596860000
94.6389620000 47.8035140000 15.1112590000
75.6494540000 45.8949970000 14.9361070000
85.1499060000 46.8498280000 10.2887410000
37.7046230000 42.0813980000 15.1112590000
54.6604720000 43.7855250000 9.9859540000
20.7411800000 40.3765080000 15.3489750000
20.9072930000 40.3932030000 9.1916420000
54.4812910000 43.7675170000 15.9427600000
37.7046230000 42.0813980000 10.2105440000
85.1499060000 46.8498280000 15.1894560000
94.6304420000 47.8026580000 10.2085040000
75.9093750000 45.9211200000 9.4048860000
63.0431190000 44.6280130000 15.7073970000
110.6065260000 49.4083150000 15.5733710000
7.5000000000 39.0457190000 9.8246280000
29.1535350000 41.2219810000 9.8463030000
29.0581380000 41.2123940000 15.6320160000
46.2557110000 42.9408150000 15.5536970000
46.3511070000 42.9504020000 9.7679840000
103.1157570000 48.6554640000 15.7735350000
12.8358880000 39.5819960000 9.8918250000
110.7111760000 49.4188330000 9.8679440000
103.0968660000 48.6535660000 9.8023480000
67.4722850000 45.0731610000 15.7246990000
118.0088140000 50.1522730000 9.0458270000
117.7581380000 50.1270790000 16.0735040000
0.3103610000 38.3231330000 15.8303460000
0.1109840000 38.3030950000 9.0490020000
13.7070680000 39.6695530000 16.1005760000
6.0995280000 38.9049660000 15.9939840000
61.3275360000 44.4555900000 9.1540680000
68.6115910000 45.1876650000 8.9669820000
99.4201080000 48.2840380000 16.5287300000
80.4004020000 46.3724850000 9.0155090000
33.1521820000 41.6238600000 9.0097070000
42.2456190000 42.5377850000 16.3449470000
33.1636270000 41.6250110000 16.3449470000
89.8994090000 47.3271710000 9.0155090000
80.4103530000 46.3734850000 16.3844910000
16.3542450000 39.9356040000 8.7967510000
89.8894590000 47.3261710000 16.3844910000
42.2570640000 42.5389350000 9.0097070000
59.2223350000 44.2440090000 16.3526890000
99.3483440000 48.2768250000 8.8022770000
71.9410160000 45.5222850000 16.6506080000
50.9450710000 43.4121130000 8.7755050000
24.6300770000 40.7673570000 16.6590680000
106.8922540000 49.0350170000 16.5458910000
25.2010670000 40.8247430000 8.5887770000
50.2081790000 43.3380530000 16.8112230000
106.7517470000 49.0208950000 8.7763850000
17.3905890000 40.0397610000 16.5888910000
72.2822390000 45.5565790000 8.8400560000
114.0037210000 49.7497460000 16.7867180000
4.1042720000 38.7044360000 8.6120510000
-0.5961210000 38.2320280000 12.7000000000
118.7061210000 50.2223550000 12.7000000000
114.0534750000 49.7547460000 8.5827820000
57.7943960000 44.1004960000 8.6638380000
9.6791660000 39.2647340000 17.0011100000
13.3080890000 39.6294540000 12.2451620000
6.9986560000 38.9953320000 12.9624570000
3.4458130000 38.6382580000 17.1915930000
64.1423750000 44.7384920000 8.6488570000
67.8768980000 45.1138260000 12.4545830000
62.1097490000 44.5342050000 12.4235340000
10.1580060000 39.3128590000 7.7673300000
73.6010150000 45.6891210000 12.7506810000
92.9396950000 47.6327320000 12.5680270000
86.8491730000 47.0206110000 12.8319730000
96.3382290000 47.9742970000 12.5680270000
35.4733600000 41.8571480000 12.1988940000
77.4028120000 46.0712160000 12.7889240000
83.4506390000 46.6790460000 12.8319730000
39.9358860000 42.3056480000 12.1988940000
18.7599570000 40.1773870000 12.3844300000
56.6657830000 43.9870660000 12.9614620000
111.7007060000 49.5182840000 12.6824780000
97.1264610000 48.0535170000 17.4180580000
92.5946230000 47.5980500000 17.0679100000
83.1055660000 46.6443640000 8.3320900000
78.2169220000 46.1530370000 17.4071170000
35.2571490000 41.8354180000 17.3874280000
87.6321310000 47.0993010000 8.0059810000
39.7191750000 42.2838680000 17.0622610000
104.0969840000 48.7540810000 12.3479700000
29.9968130000 41.3067340000 12.7400660000
45.4124330000 42.8560620000 12.6599340000
52.7938810000 43.5979250000 12.4971710000
22.8838720000 40.5918560000 12.8752380000
82.7269290000 46.6063100000 17.7779550000
78.1957220000 46.1509070000 7.4850790000
40.1008690000 42.3222300000 7.6212160000
35.3083770000 41.8405660000 7.6212160000
87.5728820000 47.0933470000 17.7779550000
92.2131180000 47.5597080000 7.6212810000
97.0496330000 48.0457960000 7.5901360000
65.0298370000 44.8276850000 17.4998020000
56.8029980000 44.0008570000 17.8848090000
18.6272010000 40.1640450000 7.4414540000
52.6433220000 43.5827940000 17.5003810000
22.7659230000 40.5800020000 7.8996190000
48.3883410000 43.1551520000 7.9411130000
27.0309810000 41.0086570000 17.4609870000
10.0271950000 39.2997120000 11.0491750000
65.4082850000 44.8657210000 14.0871140000
69.4451490000 45.2714410000 17.1425310000
74.3932330000 45.7687420000 17.2654200000
61.4682180000 44.4697290000 17.8484870000
119.2250770000 50.2745120000 7.7702370000
119.3122490000 50.2832730000 17.8086660000
-0.9209550000 38.1993810000 17.6769740000
-1.2148420000 38.1698450000 7.5768430000
44.7537220000 42.7898590000 17.7951620000
30.6549280000 41.3728770000 7.6024770000
30.7018260000 41.3775900000 17.8362520000
44.7080150000 42.7852650000 7.5613870000
101.7714170000 48.5203530000 17.8729450000
14.0546880000 39.7044900000 7.4874590000
22.0827200000 40.5113380000 17.2499510000
53.3512860000 43.6539470000 7.8588880000
101.6943410000 48.5126070000 7.5162610000
108.8397570000 49.2307480000 7.6692070000
109.2044500000 49.2674010000 17.8151610000
104.4726920000 48.7918410000 17.9345770000
47.6435020000 43.0802930000 17.7902160000
27.7657440000 41.0825030000 7.6097840000
104.5226760000 48.7968650000 7.6767040000
119.7718350000 50.3294630000 10.6084620000
119.9015490000 50.3425000000 14.5648830000
-1.6614000000 38.1249640000 10.6086070000
-1.7279510000 38.1182750000 14.7001040000
35.0716410000 41.8167730000 14.9124650000
91.9503990000 47.5333040000 14.4204670000
97.1511480000 48.0559990000 14.8840290000
87.7419000000 47.1103330000 10.6607190000
40.2771040000 42.3399420000 14.4533810000
78.4383620000 46.1752930000 14.6934810000
82.4613420000 46.5796170000 10.9795330000
26.5812790000 40.9634600000 15.0677470000
49.0735680000 43.2240200000 10.3141690000
74.5006230000 45.7795350000 7.7277880000
11.5624850000 39.4540140000 18.1416200000
6.7161890000 38.9669430000 7.0693120000
111.7536370000 49.5236040000 17.9730120000
69.9342580000 45.3205980000 15.1444370000
116.0988610000 49.9603150000 18.0594600000
2.0194670000 38.4949050000 7.3855010000
52.1130470000 43.5294990000 14.8055430000
23.3447410000 40.6381750000 10.5457310000
56.9234260000 44.0129600000 15.1404120000
18.6864780000 40.1700020000 10.0837480000
111.7671180000 49.5249590000 7.4843130000
66.2868500000 44.9540200000 7.2276640000
116.0843080000 49.9588530000 7.3817940000
19.6575820000 40.2676020000 17.6969020000
40.4326860000 42.3555790000 10.0710950000
82.4176810000 46.5752290000 15.1170100000
78.1905010000 46.1503820000 10.4086030000
87.8821300000 47.1244270000 15.1170100000
34.9765590000 41.8072170000 10.0710950000
91.9067370000 47.5289150000 10.2829900000
97.4737460000 48.0884210000 10.2929150000
27.5981400000 41.0656580000 11.6834360000
47.8686240000 43.1029180000 13.7799810000
60.9072160000 44.4133460000 14.5259750000
100.8934100000 48.4321100000 14.6516250000
14.9111370000 39.7905660000 10.8508190000
108.1728160000 49.1637180000 10.4954680000
108.3626220000 49.1827940000 14.5675550000
5.1293600000 38.8074610000 11.0313270000
112.9266510000 49.6414960000 10.7538820000
101.6665770000 48.5098160000 11.9254410000
43.9715970000 42.7112530000 14.6832960000
31.4376490000 41.4515430000 10.7167040000
31.4376490000 41.4515430000 14.6832960000
43.9715970000 42.7112530000 10.7167040000
105.3478500000 48.8797980000 14.5525620000
112.9044410000 49.6392640000 14.6142720000
1.3784280000 38.4304780000 13.7206640000
116.6380930000 50.0145100000 13.8919930000
15.4601590000 39.8457450000 17.6961330000
105.4192780000 48.8869770000 10.6185670000
55.5918420000 43.8791310000 7.7182250000
2.6171930000 38.5549790000 10.0685280000
115.4442500000 49.8945240000 9.9867060000
70.6649310000 45.3940340000 7.4150360000
4.2755300000 38.7216480000 14.9865510000
59.4804620000 44.2699520000 7.4947150000
15.9636210000 39.8963450000 15.1814130000
70.5866520000 45.3861660000 10.2649720000
59.3638130000 44.2582280000 9.9156510000
1.3409300000 38.4267090000 17.9853770000
6.9361620000 38.9890510000 18.4542400000
11.2623190000 39.4238460000 15.7635640000
67.1198930000 45.0377440000 18.0022560000
18.4868360000 40.1499380000 14.5489300000
56.9323580000 44.0138580000 10.7153210000
73.4470690000 45.6736490000 15.2021790000
22.6720980000 40.5705720000 15.0194230000
51.1249840000 43.4301950000 10.7743610000
85.1499060000 46.8498280000 18.3945590000
37.7046230000 42.0813980000 6.9861070000
94.6274050000 47.8023530000 6.9347660000
66.6610260000 44.9916260000 10.3167570000
94.7439120000 47.8140620000 18.5820880000
85.2541020000 46.8603000000 6.8213470000
37.6011360000 42.0709970000 18.5769050000
8.7055080000 39.1668770000 15.0143280000
61.9498310000 44.5181330000 6.9839270000
109.3674630000 49.2837840000 12.6207760000
74.0033680000 45.7295590000 10.3276870000
11.8772750000 39.4856520000 7.1471300000
62.8961180000 44.6132380000 10.5212070000
106.5002830000 48.9956220000 18.6006570000
54.4703230000 43.7664140000 18.5009580000
20.8995930000 40.3924290000 6.9385430000
25.7489550000 40.8798080000 6.6211410000
49.6602900000 43.2829880000 18.7788590000
114.7764870000 49.8274120000 14.8637380000
70.8400370000 45.4116320000 18.7139870000
0.9820990000 38.3906450000 11.4816950000
117.1297990000 50.0639280000 11.4809660000
99.3775570000 48.2797610000 6.7827200000
25.3335720000 40.8380610000 18.6221160000
50.1008130000 43.3272620000 6.7831230000
80.8816810000 46.4208560000 6.8866390000
33.3958580000 41.6483510000 18.5469120000
99.0160320000 48.2434260000 18.5887630000
89.5092830000 47.2879620000 6.8549880000
32.9936950000 41.6079320000 6.8411140000
42.0918650000 42.5223320000 18.5335640000
80.0330120000 46.3355610000 18.5470680000
16.3542450000 39.9356040000 6.7471970000
90.2213300000 47.3595260000 18.5368960000
42.3928500000 42.5525820000 6.8704620000
59.1207100000 44.2337960000 18.5451970000
106.6229490000 49.0079500000 6.8564590000
99.5857770000 48.3006880000 10.8315760000
63.3883900000 44.6627140000 18.4535320000
48.3658300000 43.1528900000 15.6515290000
27.0516320000 41.0107320000 9.7575310000
28.0728800000 41.1133710000 13.6889400000
47.5814360000 43.0740550000 11.7859540000
113.6170750000 49.7108860000 18.7330950000
4.5266720000 38.7468880000 6.7593990000
113.8278100000 49.7320660000 6.7217780000
5.0934700000 38.8038540000 18.4559630000
80.1339480000 46.3457060000 10.9285320000
90.0556380000 47.3428730000 10.7908930000
80.5762390000 46.3901580000 14.6067230000
89.6519440000 47.3023000000 14.4894130000
68.4957310000 45.1760210000 6.7035040000
72.8197650000 45.6106020000 6.8529720000
120.4821210000 50.4008500000 12.6882000000
-2.3687880000 38.0538690000 12.6952470000
46.6587340000 42.9813200000 6.8988460000
28.7505110000 41.1814760000 18.5011540000
49.7235900000 43.2893500000 14.7496550000
25.7418860000 40.8790980000 10.6551110000
2.3513400000 38.5282590000 15.4276870000
101.1250540000 48.4553910000 9.6609450000
52.8359830000 43.6021570000 9.9462540000
17.7893830000 40.0798410000 18.4413110000
68.8929670000 45.2159440000 10.9410180000
76.2028150000 45.9506120000 18.5610780000
11.2784520000 39.4254680000 12.1186200000
13.6872220000 39.6675580000 18.5777570000
8.8846170000 39.1848780000 12.4685520000
8.6673820000 39.1630450000 7.1311760000
23.4061780000 40.6443500000 18.7869700000
51.9423290000 43.5123410000 6.5282630000
19.0690470000 40.2084520000 16.0459250000
24.5668810000 40.7610050000 14.4730940000
71.7933710000 45.5074460000 14.4498450000
61.0022220000 44.4228950000 10.8780810000
5.8278030000 38.8776570000 8.8479210000
75.6608490000 45.8961420000 11.8698300000
94.6389620000 47.8035140000 13.2662240000
85.1499060000 46.8498280000 12.1337760000
37.6945390000 42.0803840000 13.1809060000
58.7217920000 44.1937030000 14.4531200000
57.2464340000 44.0454240000 6.8073560000
33.5007140000 41.6588890000 10.9255770000
41.9085310000 42.5039070000 10.9255770000
102.8831220000 48.6320840000 13.8491930000
16.8607560000 39.9865110000 10.9453920000
72.7502910000 45.6036200000 18.6540030000
63.4485960000 44.6687650000 13.7902090000
76.1409050000 45.9443900000 6.8293760000
9.1790220000 39.2144670000 18.7925060000
117.8427830000 50.1355860000 18.6601990000
0.2662150000 38.3186960000 6.7389540000
33.1582530000 41.6244710000 14.6601770000
42.2358680000 42.5368050000 14.5454060000
118.0111310000 50.1525060000 6.7406240000
99.0659590000 48.2484440000 14.2319360000
56.2015330000 43.9404070000 9.2613680000
5.1720100000 38.8117470000 13.5651820000
-0.1588210000 38.2759790000 14.2377780000
118.1858930000 50.1700700000 14.3137310000
65.6709830000 44.8921230000 15.9069360000
14.5422770000 39.7534950000 13.6473390000
24.1316040000 40.7172580000 6.6539070000
51.2776410000 43.4455380000 18.7460930000
72.1550260000 45.5437940000 11.1709200000
63.9956230000 44.7237430000 6.6040890000
112.3170810000 49.5802320000 16.2368430000
120.3480200000 50.3873720000 16.4105040000
120.3144730000 50.3840000000 8.8436760000
-2.2083570000 38.0699930000 8.8354300000
-2.1898440000 38.0718530000 16.5316790000
20.8512420000 40.3875690000 13.4882550000
54.5804640000 43.7774840000 13.7807040000
68.2508490000 45.1514090000 14.1176110000
120.4691510000 50.3995460000 18.9400740000
120.3095860000 50.3835090000 6.6310250000
-2.2445890000 38.0663510000 18.8381190000
-2.3591510000 38.0548370000 6.4599260000
54.1613490000 43.7353610000 6.3796650000
21.2336250000 40.4260000000 18.9940380000
-0.1002120000 38.2818690000 18.9703490000
112.3646050000 49.5850080000 9.1722300000
97.0112260000 48.0419360000 19.0728440000
92.3752370000 47.5760010000 18.9960830000
87.5221700000 47.0882500000 6.3271560000
82.9593260000 46.6296670000 6.4400150000
78.0331130000 46.1345640000 19.0728440000
35.3323580000 41.8429760000 19.0728440000
39.9599600000 42.3080680000 18.9940600000
115.8688700000 49.9372000000 16.2425270000
95.0138970000 47.8411970000 16.7534230000
85.6809130000 46.9031970000 8.7575660000
37.2384460000 42.0345450000 16.7045420000
66.2738630000 44.9527150000 12.5038690000
98.2510230000 48.1665400000 12.5862550000
76.5801570000 45.9885360000 16.5726400000
10.8917170000 39.3866000000 9.5927530000
9.4488600000 39.2415870000 9.0730120000
91.3855440000 47.4765330000 11.8993300000
78.9142670000 46.2231230000 11.8993300000
88.4033240000 47.1768090000 13.5006700000
81.8964870000 46.5228470000 13.5006700000
54.6347020000 43.7829350000 11.8666940000
20.8776410000 40.3902230000 11.5321480000
14.5812010000 39.7574070000 9.2004110000
101.3001730000 48.4729910000 16.2067090000
12.5187600000 39.5501230000 14.1718150000
108.7664630000 49.2233820000 16.1254940000
8.0313390000 39.0991210000 17.0169780000
104.8401680000 48.8287740000 16.1427700000
61.2120190000 44.4439800000 16.1242050000
68.6618680000 45.1927180000 19.0194930000
3.4780000000 -37.1461000000 1.4878980000
116.4347070000 -48.4986760000 1.4878980000
1.1365700000 -36.9107770000 1.4878980000
5.8369900000 -37.3831870000 1.4878980000
8.2038120000 -37.6210620000 1.4878980000
10.5738680000 -37.8592610000 1.4878980000
12.9452390000 -38.0975930000 1.4878980000
15.3171420000 -38.3359780000 1.4878980000
17.6892600000 -38.5743850000 1.4878980000
20.0614650000 -38.8128010000 1.4878980000
22.4337050000 -39.0512200000 1.4878980000
24.8059590000 -39.2896400000 1.4878980000
27.1782200000 -39.5280610000 1.4878980000
29.5504820000 -39.7664830000 1.4878980000
31.9227460000 -40.0049040000 1.4878980000
34.2950100000 -40.2433260000 1.4878980000
36.6672740000 -40.4817470000 1.4878980000
39.0395380000 -40.7201690000 1.4878980000
41.4118020000 -40.9585900000 1.4878980000
43.7840660000 -41.1970120000 1.4878980000
46.1563300000 -41.4354330000 1.4878980000
48.5285940000 -41.6738550000 1.4878980000
50.9008580000 -41.9122760000 1.4878980000
53.2731230000 -42.1506980000 1.4878980000
55.6453870000 -42.3891190000 1.4878980000
58.0176510000 -42.6275410000 1.4878980000
60.3899150000 -42.8659620000 1.4878980000
62.7621790000 -43.1043840000 1.4878980000
65.1344430000 -43.3428050000 1.4878980000
67.5067070000 -43.5812270000 1.4878980000
69.8789720000 -43.8196480000 1.4878980000
72.2512360000 -44.0580700000 1.4878980000
74.6235000000 -44.2964910000 1.4878980000
76.9957640000 -44.5349130000 1.4878980000
79.3680280000 -44.7733340000 1.4878980000
81.7402910000 -45.0117560000 1.4878980000
84.1125540000 -45.2501770000 1.4878980000
86.4848140000 -45.4885980000 1.4878980000
88.8570670000 -45.7270190000 1.4878980000
91.2293050000 -45.9654380000 1.4878980000
93.6015030000 -46.2038520000 1.4878980000
95.9736020000 -46.4422570000 1.4878980000
98.3454570000 -46.6806380000 1.4878980000
100.7167100000 -46.9189580000 1.4878980000
103.0864730000 -47.1571280000 1.4878980000
105.4525520000 -47.3949280000 1.4878980000
107.8095270000 -47.6318130000 1.4878980000
110.1440240000 -47.8664380000 1.4878980000
112.4233180000 -48.0955160000 1.4878980000
114.5702040000 -48.3112860000 1.4878980000
118.0973740000 -48.6657800000 1.4878980000
0.1309490000 -35.1533350000 0.3866920000
-0.1439790000 -37.8888300000 3.1359680000
119.0035340000 -47.1684590000 0.4152840000
118.7382300000 -49.8082060000 3.0683290000
-2.0831630000 -34.9308080000 0.3866920000
-2.3580900000 -37.6663040000 3.1359680000
120.9386020000 -47.3063200000 0.3913890000
120.6652740000 -50.0258960000 3.1246660000
117.4046630000 -47.3301280000 0.5671040000
117.1866150000 -49.4996780000 2.7475840000
2.4600700000 -35.3874200000 0.3866920000
4.8167710000 -35.6242780000 0.3866920000
7.1829120000 -35.8620840000 0.3866920000
9.5527150000 -36.1002580000 0.3866920000
11.9239850000 -36.3385800000 0.3866920000
14.2958470000 -36.5769610000 0.3866920000
16.6679490000 -36.8153660000 0.3866920000
19.0401470000 -37.0537810000 0.3866920000
21.4123850000 -37.2922000000 0.3866920000
23.7846380000 -37.5306200000 0.3866920000
26.1568980000 -37.7690410000 0.3866920000
28.5291600000 -38.0074630000 0.3866920000
30.9014240000 -38.2458840000 0.3866920000
33.2736870000 -38.4843060000 0.3866920000
35.6459510000 -38.7227270000 0.3866920000
38.0182160000 -38.9611490000 0.3866920000
40.3904800000 -39.1995700000 0.3866920000
42.7627440000 -39.4379920000 0.3866920000
45.1350080000 -39.6764130000 0.3866920000
47.5072720000 -39.9148350000 0.3866920000
49.8795360000 -40.1532560000 0.3866920000
52.2518000000 -40.3916780000 0.3866920000
54.6240650000 -40.6300990000 0.3866920000
56.9963290000 -40.8685210000 0.3866920000
59.3685930000 -41.1069420000 0.3866920000
61.7408570000 -41.3453640000 0.3866920000
64.1131210000 -41.5837850000 0.3866920000
66.4853850000 -41.8222070000 0.3866920000
68.8576500000 -42.0606280000 0.3866920000
71.2299140000 -42.2990500000 0.3866920000
73.6021780000 -42.5374710000 0.3866920000
75.9744420000 -42.7758930000 0.3866920000
78.3467060000 -43.0143140000 0.3866920000
80.7189700000 -43.2527360000 0.3866920000
83.0912330000 -43.4911570000 0.3866920000
85.4634960000 -43.7295790000 0.3866920000
87.8357550000 -43.9680000000 0.3866920000
90.2080070000 -44.2064200000 0.3866920000
92.5802410000 -44.4448390000 0.3866920000
94.9524310000 -44.6832530000 0.3866920000
97.3245120000 -44.9216560000 0.3866920000
99.6963210000 -45.1600320000 0.3866920000
102.0674610000 -45.3983420000 0.3866930000
104.4369420000 -45.6364920000 0.3866960000
106.8023230000 -45.8742710000 0.3867160000
109.1575440000 -46.1112650000 0.3868340000
111.4874870000 -46.3470970000 0.3875200000
113.7536040000 -46.5845440000 0.3915320000
115.8496750000 -46.8515420000 0.4153080000
2.1851420000 -38.1229160000 3.1359680000
4.5418440000 -38.3597730000 3.1359680000
6.9079840000 -38.5975790000 3.1359680000
9.2777870000 -38.8357530000 3.1359680000
11.6490570000 -39.0740750000 3.1359680000
14.0209190000 -39.3124560000 3.1359680000
16.3930210000 -39.5508610000 3.1359680000
18.7652190000 -39.7892760000 3.1359680000
21.1374570000 -40.0276950000 3.1359680000
23.5097100000 -40.2661150000 3.1359680000
25.8819700000 -40.5045370000 3.1359680000
28.2542330000 -40.7429580000 3.1359680000
30.6264960000 -40.9813790000 3.1359680000
32.9987600000 -41.2198010000 3.1359680000
35.3710240000 -41.4582220000 3.1359680000
37.7432880000 -41.6966440000 3.1359680000
40.1155520000 -41.9350650000 3.1359680000
42.4878160000 -42.1734870000 3.1359680000
44.8600800000 -42.4119080000 3.1359680000
47.2323450000 -42.6503300000 3.1359680000
49.6046090000 -42.8887510000 3.1359680000
51.9768730000 -43.1271730000 3.1359680000
54.3491370000 -43.3655940000 3.1359680000
56.7214010000 -43.6040160000 3.1359680000
59.0936650000 -43.8424380000 3.1359680000
61.4659290000 -44.0808590000 3.1359680000
63.8381940000 -44.3192810000 3.1359680000
66.2104580000 -44.5577020000 3.1359680000
68.5827220000 -44.7961240000 3.1359680000
70.9549860000 -45.0345450000 3.1359680000
73.3272500000 -45.2729670000 3.1359680000
75.6995140000 -45.5113880000 3.1359680000
78.0717780000 -45.7498100000 3.1359680000
80.4440420000 -45.9882310000 3.1359680000
82.8163060000 -46.2266530000 3.1359680000
85.1885680000 -46.4650740000 3.1359680000
87.5608270000 -46.7034950000 3.1359680000
89.9330800000 -46.9419150000 3.1359680000
92.3053140000 -47.1803340000 3.1359680000
94.6775040000 -47.4187480000 3.1359680000
97.0495840000 -47.6571510000 3.1359680000
99.4213940000 -47.8955270000 3.1359680000
101.7925330000 -48.1338340000 3.1359660000
104.1620160000 -48.3719730000 3.1359580000
106.5274040000 -48.6096830000 3.1359090000
108.8826650000 -48.8462770000 3.1356250000
111.2128420000 -49.0797790000 3.1339690000
113.4803250000 -49.3036380000 3.1243240000
115.5843790000 -49.4912080000 3.0682720000
-1.1813830000 -36.6778140000 1.4878980000
119.9011660000 -48.8470680000 1.4878980000
3.4780000000 37.1461000000 23.9121020000
116.4347070000 48.4986760000 23.9121020000
1.1365700000 36.9107770000 23.9121020000
5.8369900000 37.3831870000 23.9121020000
8.2038120000 37.6210620000 23.9121020000
10.5738680000 37.8592610000 23.9121020000
12.9452390000 38.0975930000 23.9121020000
15.3171420000 38.3359780000 23.9121020000
17.6892600000 38.5743850000 23.9121020000
20.0614650000 38.8128010000 23.9121020000
22.4337050000 39.0512200000 23.9121020000
24.8059590000 39.2896400000 23.9121020000
27.1782200000 39.5280610000 23.9121020000
29.5504820000 39.7664830000 23.9121020000
31.9227460000 40.0049040000 23.9121020000
34.2950100000 40.2433260000 23.9121020000
36.6672740000 40.4817470000 23.9121020000
39.0395380000 40.7201690000 23.9121020000
41.4118020000 40.9585900000 23.9121020000
43.7840660000 41.1970120000 23.9121020000
46.1563300000 41.4354330000 23.9121020000
48.5285940000 41.6738550000 23.9121020000
50.9008580000 41.9122760000 23.9121020000
53.2731230000 42.1506980000 23.9121020000
55.6453870000 42.3891190000 23.9121020000
58.0176510000 42.6275410000 23.9121020000
60.3899150000 42.8659620000 23.9121020000
62.7621790000 43.1043840000 23.9121020000
65.1344430000 43.3428050000 23.9121020000
67.5067070000 43.5812270000 23.9121020000
69.8789720000 43.8196480000 23.9121020000
72.2512360000 44.0580700000 23.9121020000
74.6235000000 44.2964910000 23.9121020000
76.9957640000 44.5349130000 23.9121020000
79.3680280000 44.7733340000 23.9121020000
81.7402910000 45.0117560000 23.9121020000
84.1125540000 45.2501770000 23.9121020000
86.4848140000 45.4885980000 23.9121020000
88.8570670000 45.7270190000 23.9121020000
91.2293050000 45.9654380000 23.9121020000
93.6015030000 46.2038520000 23.9121020000
95.9736020000 46.4422570000 23.9121020000
98.3454570000 46.6806380000 23.9121020000
100.7167100000 46.9189580000 23.9121020000
103.0864730000 47.1571280000 23.9121020000
105.4525520000 47.3949280000 23.9121020000
107.8095270000 47.6318130000 23.9121020000
110.1440240000 47.8664380000 23.9121020000
112.4233180000 48.0955160000 23.9121020000
114.5702040000 48.3112860000 23.9121020000
118.0973740000 48.6657800000 23.9121020000
-0.1439790000 37.8888300000 22.2640320000
118.7382300000 49.8082060000 22.3316710000
119.0035340000 47.1684590000 24.9847160000
0.1309490000 35.1533350000 25.0133080000
-2.3580900000 37.6663040000 22.2640320000
120.6652740000 50.0258960000 22.2753340000
120.9386020000 47.3063200000 25.0086110000
-2.0831630000 34.9308080000 25.0133080000
117.1866150000 49.4996780000 22.6524160000
117.4046630000 47.3301280000 24.8328960000
2.1851420000 38.1229160000 22.2640320000
4.5418440000 38.3597730000 22.2640320000
6.9079840000 38.5975790000 22.2640320000
9.2777870000 38.8357530000 22.2640320000
11.6490570000 39.0740750000 22.2640320000
14.0209190000 39.3124560000 22.2640320000
16.3930210000 39.5508610000 22.2640320000
18.7652190000 39.7892760000 22.2640320000
21.1374570000 40.0276950000 22.2640320000
23.5097100000 40.2661150000 22.2640320000
25.8819700000 40.5045370000 22.2640320000
28.2542330000 40.7429580000 22.2640320000
30.6264960000 40.9813790000 22.2640320000
32.9987600000 41.2198010000 22.2640320000
35.3710240000 41.4582220000 22.2640320000
37.7432880000 41.6966440000 22.2640320000
40.1155520000 41.9350650000 22.2640320000
42.4878160000 42.1734870000 22.2640320000
44.8600800000 42.4119080000 22.2640320000
47.2323450000 42.6503300000 22.2640320000
49.6046090000 42.8887510000 22.2640320000
51.9768730000 43.1271730000 22.2640320000
54.3491370000 43.3655940000 22.2640320000
56.7214010000 43.6040160000 22.2640320000
59.0936650000 43.8424380000 22.2640320000
61.4659290000 44.0808590000 22.2640320000
63.8381940000 44.3192810000 22.2640320000
66.2104580000 44.5577020000 22.2640320000
68.5827220000 44.7961240000 22.2640320000
70.9549860000 45.0345450000 22.2640320000
73.3272500000 45.2729670000 22.2640320000
75.6995140000 45.5113880000 22.2640320000
78.0717780000 45.7498100000 22.2640320000
80.4440420000 45.9882310000 22.2640320000
82.8163060000 46.2266530000 22.2640320000
85.1885680000 46.4650740000 22.2640320000
87.5608270000 46.7034950000 22.2640320000
89.9330800000 46.9419150000 22.2640320000
92.3053140000 47.1803340000 22.2640320000
94.6775040000 47.4187480000 22.2640320000
97.0495840000 47.6571510000 22.2640320000
99.4213940000 47.8955270000 22.2640320000
101.7925330000 48.1338340000 22.2640340000
104.1620160000 48.3719730000 22.2640420000
106.5274040000 48.6096830000 22.2640910000
108.8826650000 48.8462770000 22.2643750000
111.2128420000 49.0797790000 22.2660310000
113.4803250000 49.3036380000 22.2756760000
115.5843790000 49.4912080000 22.3317280000
2.4600700000 35.3874200000 25.0133080000
4.8167710000 35.6242780000 25.0133080000
7.1829120000 35.8620840000 25.0133080000
9.5527150000 36.1002580000 25.0133080000
11.9239850000 36.3385800000 25.0133080000
14.2958470000 36.5769610000 25.0133080000
16.6679490000 36.8153660000 25.0133080000
19.0401470000 37.0537810000 25.0133080000
21.4123850000 37.2922000000 25.0133080000
23.7846380000 37.5306200000 25.0133080000
26.1568980000 37.7690410000 25.0133080000
28.5291600000 38.0074630000 25.0133080000
30.9014240000 38.2458840000 25.0133080000
33.2736870000 38.4843060000 25.0133080000
35.6459510000 38.7227270000 25.0133080000
38.0182160000 38.9611490000 25.0133080000
40.3904800000 39.1995700000 25.0133080000
42.7627440000 39.4379920000 25.0133080000
45.1350080000 39.6764130000 25.0133080000
47.5072720000 39.9148350000 25.0133080000
49.8795360000 40.1532560000 25.0133080000
52.2518000000 40.3916780000 25.0133080000
54.6240650000 40.6300990000 25.0133080000
56.9963290000 40.8685210000 25.0133080000
59.3685930000 41.1069420000 25.0133080000
61.7408570000 41.3453640000 25.0133080000
64.1131210000 41.5837850000 25.0133080000
66.4853850000 41.8222070000 25.0133080000
68.8576500000 42.0606280000 25.0133080000
71.2299140000 42.2990500000 25.0133080000
73.6021780000 42.5374710000 25.0133080000
75.9744420000 42.7758930000 25.0133080000
78.3467060000 43.0143140000 25.0133080000
80.7189700000 43.2527360000 25.0133080000
83.0912330000 43.4911570000 25.0133080000
85.4634960000 43.7295790000 25.0133080000
87.8357550000 43.9680000000 25.0133080000
90.2080070000 44.2064200000 25.0133080000
92.5802410000 44.4448390000 25.0133080000
94.9524310000 44.6832530000 25.0133080000
97.3245120000 44.9216560000 25.0133080000
99.6963210000 45.1600320000 25.0133080000
102.0674610000 45.3983420000 25.0133070000
104.4369420000 45.6364920000 25.0133040000
106.8023230000 45.8742710000 25.0132840000
109.1575440000 46.1112650000 25.0131660000
111.4874870000 46.3470970000 25.0124800000
113.7536040000 46.5845440000 25.0084680000
115.8496750000 46.8515420000 24.9846920000
119.9011660000 48.8470680000 23.9121020000
-1.1813830000 36.6778140000 23.9121020000
-9.8773370000 35.1950760000 23.9684820000
-9.8773370000 -35.1950760000 23.9684820000
-12.7499400000 34.4785720000 23.7573260000
-12.7499400000 -34.4785720000 23.7573260000
-28.0931450000 24.6867520000 22.8955880000
-28.0931460000 -24.6867410000 22.8955980000
-36.4989580000 8.1545840000 22.8953440000
-36.4939910000 -8.1399890000 22.9089450000
-35.5276070000 10.0338570000 23.5784090000
-35.5241570000 -10.0269510000 23.5846140000
-26.3333800000 25.8723940000 23.5794050000
-26.3333800000 -25.8723880000 23.5794090000
-11.3407160000 34.5057260000 24.1808270000
-11.3407160000 -34.5057260000 24.1808270000
-14.3276820000 33.4561400000 24.1168140000
-14.3276820000 -33.4561400000 24.1168140000
-28.8417390000 22.6089220000 23.8767700000
-28.8417340000 -22.6088890000 23.8767940000
-36.1580280000 5.9653440000 23.8770610000
-36.1311040000 -5.9209960000 23.9111620000
-34.6009830000 12.1930430000 23.8361450000
-34.5995360000 -12.1900840000 23.8385920000
-24.4798430000 27.3213510000 23.8386920000
-24.4798430000 -27.3213490000 23.8386940000
-7.9753390000 35.7098960000 23.9344120000
-7.9753390000 -35.7098960000 23.9344120000
-16.6032340000 32.4974990000 24.0271780000
-16.6032340000 -32.4974990000 24.0271780000
-30.2664760000 20.5564720000 23.9367670000
-30.2664560000 -20.5563820000 23.9368330000
-36.4197890000 3.4837960000 23.9379840000
-36.3322440000 -3.2567720000 24.0414510000
-33.4703710000 14.5539900000 24.0229430000
-33.4698690000 -14.5528510000 24.0238020000
-22.3487210000 28.8464350000 24.0293940000
-22.3487210000 -28.8464340000 24.0293940000
-18.8599610000 31.1712080000 24.0829530000
-18.8599610000 -31.1712080000 24.0829530000
-31.5553960000 18.2791440000 24.0512110000
-31.5553210000 -18.2789060000 24.0513820000
-36.4532810000 0.8757880000 24.0545210000
-36.8983650000 -1.2001080000 23.5777540000
-32.9561200000 16.6535510000 23.5693590000
-32.9559710000 -16.6530450000 23.5697920000
-20.8868180000 30.4331540000 23.5857370000
-20.8868180000 -30.4331530000 23.5857370000
-6.8590530000 34.3006930000 25.0067590000
-6.8590530000 -34.3006930000 25.0067590000
-6.9628880000 36.9894770000 22.4342720000
-6.9628880000 -36.9894770000 22.4342720000
-4.8428960000 34.5959120000 25.0259470000
-4.8428960000 -34.5959120000 25.0259470000
-4.9895970000 37.4281200000 22.1492090000
-4.9895970000 -37.4281200000 22.1492090000
-8.5694030000 34.2573560000 24.8531000000
-8.5694030000 -34.2573560000 24.8531000000
-12.1271810000 33.0006740000 24.9279980000
-12.1271810000 -33.0006740000 24.9279980000
-26.5831240000 23.5211360000 24.7562130000
-26.5831220000 -23.5211240000 24.7562180000
-34.6188400000 7.8398790000 24.7560450000
-34.6071410000 -7.8279080000 24.7638570000
-13.9816170000 34.9878920000 22.3469770000
-13.9816170000 -34.9878920000 22.3469770000
-33.6095420000 10.2398160000 24.9388700000
-33.6061600000 -10.2356980000 24.9408980000
-29.4586250000 23.7054600000 22.0057070000
-29.4586280000 -23.7054470000 22.0057230000
-24.5410510000 25.1416070000 24.9394660000
-24.5410510000 -25.1416030000 24.9394680000
-37.2235830000 6.6453060000 22.0058640000
-37.2213330000 -6.6252230000 22.0220920000
-10.0449620000 33.5093150000 25.0056150000
-10.0449620000 -33.5093150000 25.0056150000
-35.9400020000 11.6228580000 22.1140270000
-35.9396710000 -11.6203890000 22.1168720000
-25.9403550000 27.4559720000 22.1155050000
-25.9403550000 -27.4559700000 22.1155070000
-9.3754300000 36.4855780000 22.3634290000
-9.3754300000 -36.4855780000 22.3634290000
-32.6490510000 12.4290040000 25.0253080000
-32.6479560000 -12.4274490000 25.0259490000
-22.6434520000 26.5987400000 25.0265980000
-22.6434520000 -26.5987390000 25.0265980000
-34.5384020000 -2.7593990000 25.1319160000
-31.6440120000 14.1459880000 25.1273190000
-31.6435940000 -14.1453260000 25.1275420000
-20.9330990000 27.6198010000 25.1293080000
-20.9330990000 -27.6198010000 25.1293080000
-18.2637080000 29.4101400000 25.1415720000
-18.2637080000 -29.4101400000 25.1415720000
-30.1802540000 17.0069990000 25.1340100000
-30.1801680000 -17.0068300000 25.1340630000
-34.6367490000 0.4017730000 25.1350790000
-20.3755310000 31.7479550000 22.2381860000
-20.3755320000 -31.7479550000 22.2381870000
-33.1302760000 18.0589010000 22.2171150000
-33.1302780000 -18.0587040000 22.2173460000
-37.7308030000 -0.0580930000 22.2211340000
-34.7952680000 2.3565540000 25.0492130000
-29.3764180000 18.7990770000 25.0485650000
-29.3763780000 -18.7989810000 25.0485990000
-16.6857760000 30.5685510000 25.0681260000
-16.6857760000 -30.5685510000 25.0681260000
-22.2817410000 30.4527460000 22.2136040000
-22.2817410000 -30.4527450000 22.2136040000
-34.1740830000 16.0077120000 22.2047030000
-34.1740620000 -16.0072560000 22.2052360000
-37.6328390000 2.3080590000 22.2874230000
-37.6618810000 -2.3380080000 22.2123540000
-34.6753810000 4.5783820000 25.0081950000
-34.5990110000 -4.5972360000 25.0380870000
-31.9029660000 20.0951540000 22.2856320000
-31.9029700000 -20.0950690000 22.2857300000
-28.2006020000 20.6909110000 25.0079320000
-28.2005880000 -20.6908680000 25.0079470000
-18.3023940000 32.9379380000 22.3394200000
-18.3023940000 -32.9379380000 22.3394200000
-14.7312810000 31.5963450000 25.0543910000
-14.7312810000 -31.5963450000 25.0543910000
-24.1464570000 28.9819170000 22.2411750000
-24.1464570000 -28.9819160000 22.2411760000
-35.1008990000 13.8218820000 22.2374510000
-35.1007760000 -13.8207770000 22.2387260000
-34.5824310000 6.0862520000 24.9483820000
-34.5510390000 -6.0761880000 24.9630200000
-37.4378300000 4.6859430000 22.2233550000
-37.4347940000 -4.6424170000 22.2439970000
-27.3934640000 21.9680930000 24.9483050000
-27.3934570000 -21.9680700000 24.9483140000
-30.5876320000 22.0899530000 22.2226990000
-30.5876360000 -22.0899200000 22.2227380000
-13.4383840000 32.2291300000 25.0318800000
-13.4383840000 -32.2291300000 25.0318800000
-16.1198350000 34.0486460000 22.3615170000
-16.1198350000 -34.0486460000 22.3615170000
-35.4494680000 -1.1932470000 24.7704080000
-31.6769360000 15.9777120000 24.7655330000
-31.6766980000 -15.9772360000 24.7657690000
-20.0790350000 29.2306600000 24.7741990000
-20.0790350000 -29.2306600000 24.7741990000
-5.9775750000 35.9621740000 24.0620830000
-5.9775750000 -35.9621740000 24.0620830000
-36.5570830000 9.7914310000 21.9073270000
-36.5565630000 -9.7868560000 21.9124420000
-27.3627600000 26.1449190000 21.9079270000
-27.3627610000 -26.1449160000 21.9079310000
-5.4077600000 36.8096300000 23.1999900000
-5.4077600000 -36.8096300000 23.1999900000
-11.6924210000 35.7021570000 22.5831480000
-11.6924210000 -35.7021570000 22.5831480000
127.8454760000 -49.3088170000 23.9081360000
127.8454760000 49.3088170000 23.9081360000
134.0586020000 -49.7948250000 22.5330230000
134.0586020000 49.7948250000 22.5330230000
155.5813850000 -41.1543920000 22.8836260000
155.5813850000 41.1543920000 22.8836260000
171.1311000000 -23.7280590000 22.8837080000
171.1311370000 23.7280070000 22.8836930000
177.0939940000 -1.1486270000 22.8810980000
176.6295760000 0.8888810000 23.5540870000
171.6405230000 -21.6930410000 23.5604290000
171.6406250000 21.6928990000 23.5603930000
156.9609430000 -39.5690410000 23.5603950000
156.9609430000 39.5690410000 23.5603950000
135.8559970000 -49.0925000000 23.2286240000
135.8559970000 49.0925000000 23.2286240000
132.2418090000 -49.2892020000 23.6375090000
132.2418090000 49.2892020000 23.6375090000
153.4614990000 -41.6700160000 23.8615630000
153.4614990000 41.6700160000 23.8615630000
169.4723100000 -25.1532270000 23.8617630000
169.4723310000 25.1532040000 23.8617570000
176.2605680000 -3.1753540000 23.8606750000
176.3363180000 3.1656760000 23.7818690000
172.4068170000 -19.5171270000 23.7969770000
172.4070600000 19.5167650000 23.7968910000
158.6312870000 -37.9757820000 23.7969660000
158.6312870000 37.9757820000 23.7969650000
137.9295210000 -48.3233780000 23.6642160000
137.9295210000 48.3233780000 23.6642160000
129.8295890000 -49.3166820000 23.8243200000
129.8295890000 49.3166820000 23.8243200000
151.3351580000 -42.9012200000 23.9016180000
151.3351580000 42.9012200000 23.9016180000
168.1345610000 -27.2141210000 23.9021690000
168.1345690000 27.2141130000 23.9021670000
176.0013720000 -5.6183300000 23.9017650000
176.0313500000 5.5443580000 23.8800960000
173.2019280000 -17.2196100000 23.9176740000
173.2025000000 17.2186750000 23.9174650000
160.3818360000 -36.2875490000 23.9176740000
160.3818360000 36.2875490000 23.9176740000
140.2848200000 -47.5361090000 23.8660690000
140.2848200000 47.5361090000 23.8660690000
126.0832430000 -49.2359050000 23.9785140000
126.0832430000 49.2359050000 23.9785140000
149.1673680000 -43.9997020000 23.9553710000
149.1673680000 43.9997020000 23.9553710000
166.6995250000 -29.1748720000 23.9567620000
166.6995290000 29.1748690000 23.9567610000
175.6104430000 -8.0166140000 23.9566060000
175.6242080000 7.9813100000 23.9489320000
173.9264400000 -14.6698800000 24.0524850000
173.9278340000 14.6673460000 24.0519550000
162.1837740000 -34.3423520000 24.0524940000
162.1837750000 34.3423520000 24.0524940000
142.7918620000 -46.5814480000 24.0343850000
142.7918620000 46.5814480000 24.0343850000
146.7261700000 -45.0261330000 24.0601840000
146.7261700000 45.0261330000 24.0601840000
164.9875680000 -31.1935040000 24.0637730000
164.9875700000 31.1935030000 24.0637730000
174.9989130000 -10.5924630000 24.0637180000
175.0047640000 10.5793390000 24.0610680000
174.9438030000 -12.7489400000 23.5872550000
174.9465390000 12.7430410000 23.5859110000
163.9592130000 -33.0931720000 23.5872830000
163.9592130000 33.0931720000 23.5872820000
144.9431500000 -46.2595690000 23.5781070000
144.9431500000 46.2595690000 23.5781070000
125.5036320000 47.6436310000 25.0120260000
125.5036320000 -47.6436310000 25.0120260000
124.9759910000 -50.2676610000 22.5001500000
124.9759910000 50.2676610000 22.5001500000
123.5498880000 47.5011630000 25.0287630000
123.5498880000 -47.5011630000 25.0287630000
123.1190340000 -50.3035450000 22.1652100000
123.1190340000 50.3035450000 22.1652100000
127.0769290000 -48.0304670000 24.8441410000
127.0769290000 48.0304670000 24.8441410000
134.2895850000 -48.7160650000 23.9649830000
134.2895850000 48.7160650000 23.9649830000
154.6057940000 -39.5216700000 24.7488430000
154.6057940000 39.5216700000 24.7488430000
169.5157380000 -22.7254690000 24.7488870000
169.5157840000 22.7254180000 24.7488770000
132.4683800000 -50.2689270000 21.8456740000
132.4683800000 50.2689270000 21.8456740000
175.2008880000 -0.9990850000 24.7472020000
174.8438590000 1.5701120000 24.9227770000
154.4596260000 -42.4004030000 21.9959110000
154.4596260000 42.4004030000 21.9959110000
170.3577950000 -20.2667900000 24.9269560000
170.3579150000 20.2666450000 24.9269340000
170.6983050000 -25.3432160000 21.9960470000
170.6983170000 25.3431990000 21.9960420000
156.4717690000 -37.7101880000 24.9269450000
156.4717690000 37.7101880000 24.9269450000
177.4394120000 -2.7785060000 21.9950840000
177.4287190000 2.3222270000 22.0886830000
135.8668420000 -47.2848370000 24.8031950000
135.8668420000 47.2848370000 24.8031950000
173.0017760000 -20.7843430000 22.0965590000
173.0018750000 20.7841690000 22.0965090000
158.5800370000 -39.3808860000 22.0965450000
158.5800370000 39.3808860000 22.0965450000
137.3005340000 -49.4663030000 21.9617980000
137.3005340000 49.4663030000 21.9617980000
171.1854800000 -17.9899940000 24.9951060000
171.1857530000 17.9896290000 24.9950570000
158.2416610000 -36.0548990000 24.9951040000
158.2416610000 36.0548980000 24.9951040000
138.4543070000 -46.4006620000 24.9575450000
138.4543070000 46.4006620000 24.9575450000
126.8177320000 -50.2109600000 22.6937550000
126.8177320000 50.2109600000 22.6937550000
128.7483270000 -47.7329940000 24.9702010000
128.7483270000 47.7329940000 24.9702010000
172.2963180000 -13.7589720000 25.1348040000
172.2973100000 13.7573880000 25.1346400000
161.1498860000 -32.7849080000 25.1348070000
161.1498860000 32.7849080000 25.1348070000
142.5896080000 -44.7136520000 25.1302320000
142.5896080000 44.7136520000 25.1302320000
145.6114490000 -43.5230190000 25.1363170000
145.6114490000 43.5230190000 25.1363170000
163.3065100000 -30.3671260000 25.1374290000
163.3065110000 30.3671260000 25.1374290000
173.1237880000 -10.6266190000 25.1374160000
173.1274120000 10.6197240000 25.1367510000
146.3206200000 -46.5814770000 22.2248170000
146.3206200000 46.5814770000 22.2248170000
165.3391910000 -32.7570700000 22.2297410000
165.3391910000 32.7570690000 22.2297410000
176.0233180000 -11.8167240000 22.2297060000
176.0255360000 11.8103870000 22.2280490000
173.7541290000 -8.7317560000 25.0540850000
173.7622070000 8.7140250000 25.0522580000
164.7261380000 -28.9641470000 25.0541220000
164.7261400000 28.9641460000 25.0541210000
144.1641470000 -47.4235170000 22.2130690000
144.1641470000 47.4235170000 22.2130690000
147.5120050000 -42.9140170000 25.0534180000
147.5120050000 42.9140170000 25.0534180000
163.7997590000 -34.4805580000 22.2245530000
163.7997590000 34.4805580000 22.2245530000
175.4325020000 -14.0507810000 22.2245390000
175.4335860000 14.0480880000 22.2238190000
140.7667590000 -45.5839070000 25.0323560000
140.7667590000 45.5839070000 25.0323560000
176.4994440000 -9.4700440000 22.3024990000
176.5041300000 9.4544090000 22.2985610000
159.9193430000 -34.3609600000 25.0451600000
159.9193430000 34.3609600000 25.0451600000
166.8276610000 -30.8809040000 22.3025890000
166.8276620000 30.8809030000 22.3025890000
171.9135680000 -15.7203810000 25.0451590000
171.9141510000 15.7195200000 25.0450540000
148.4995630000 -45.5821240000 22.3005170000
148.4995630000 45.5821240000 22.3005170000
174.2113430000 -6.4213120000 25.0207240000
174.2310390000 6.3668660000 25.0157020000
166.1800970000 -27.1116540000 25.0208200000
166.1801010000 27.1116510000 25.0208200000
141.8785520000 -48.1721750000 22.2537490000
141.8785520000 48.1721750000 22.2537490000
149.6472620000 -41.9201330000 25.0205010000
149.6472620000 41.9201330000 25.0205010000
162.1032180000 -36.1734500000 22.2818290000
162.1032180000 36.1734500000 22.2818290000
174.6876840000 -16.3290970000 22.2818250000
174.6882030000 16.3279740000 22.2815200000
176.9149940000 -7.0575950000 22.2684650000
176.9237570000 7.0200440000 22.2601740000
168.2916200000 -28.9190080000 22.2686880000
168.2916230000 28.9190050000 22.2686860000
174.5185140000 -4.1815730000 24.9973390000
174.5665310000 3.9741190000 24.9844630000
150.6942590000 -44.4963320000 22.2678620000
150.6942590000 44.4963320000 22.2678620000
167.4682500000 -25.2539260000 24.9975820000
167.4682590000 25.2539170000 24.9975800000
128.4913690000 -50.3787020000 22.2940250000
128.4913690000 50.3787020000 22.2940250000
151.6370640000 -40.8470980000 24.9974470000
151.6370640000 40.8470980000 24.9974470000
139.5287380000 -48.8788660000 22.1497750000
139.5287380000 48.8788660000 22.1497750000
130.9542140000 -47.6165930000 24.9633560000
130.9542140000 47.6165930000 24.9633560000
160.3280220000 -37.8514710000 22.2157090000
160.3280220000 37.8514710000 22.2157090000
173.8662190000 -18.6292310000 22.2157130000
173.8664480000 18.6287900000 22.2155900000
177.2152300000 -4.7198180000 22.2069330000
177.2272800000 4.6227720000 22.1993910000
169.6188860000 -26.9713860000 22.2074510000
169.6188930000 26.9713770000 22.2074480000
174.7539130000 -2.6900270000 24.9412450000
152.7601870000 -43.3618600000 22.2071270000
152.7601870000 43.3618600000 22.2071270000
168.3531080000 -24.0306370000 24.9418240000
168.3531280000 24.0306170000 24.9418210000
130.6169290000 -50.3394960000 22.1230120000
130.6169290000 50.3394960000 22.1230120000
152.9795870000 -40.1575350000 24.9417500000
152.9795870000 40.1575350000 24.9417500000
133.2944620000 -47.3883500000 24.9526030000
133.2944620000 47.3883500000 24.9526030000
173.5370940000 -12.4007760000 24.7751090000
173.5397600000 12.3959180000 24.7743830000
162.8686390000 -32.1390500000 24.7751240000
162.8686400000 32.1390500000 24.7751240000
144.4126100000 -44.9126590000 24.7701740000
144.4126100000 44.9126590000 24.7701740000
124.2902660000 49.0577380000 24.0831270000
124.2902660000 -49.0577380000 24.0831270000
177.5486180000 0.4145100000 21.8930340000
123.6029440000 49.7717120000 23.2248740000
123.6029440000 -49.7717120000 23.2248740000
172.2432520000 -22.5446120000 21.8967720000
172.2432970000 22.5445360000 21.8967490000
157.1051150000 -40.6065800000 21.8967420000
157.1051150000 40.6065800000 21.8967420000
135.4818620000 -49.8892270000 21.7136010000
135.4818620000 49.8892270000 21.7136010000
3.4780000000 -37.1461000000 23.9121020000
116.4347070000 -48.4986760000 23.9121020000
1.1365700000 -36.9107770000 23.9121020000
5.8369900000 -37.3831870000 23.9121020000
8.2038120000 -37.6210620000 23.9121020000
10.5738680000 -37.8592610000 23.9121020000
12.9452390000 -38.0975930000 23.9121020000
15.3171420000 -38.3359780000 23.9121020000
17.6892600000 -38.5743850000 23.9121020000
20.0614650000 -38.8128010000 23.9121020000
22.4337050000 -39.0512200000 23.9121020000
24.8059590000 -39.2896400000 23.9121020000
27.1782200000 -39.5280610000 23.9121020000
29.5504820000 -39.7664830000 23.9121020000
31.9227460000 -40.0049040000 23.9121020000
34.2950100000 -40.2433260000 23.9121020000
36.6672740000 -40.4817470000 23.9121020000
39.0395380000 -40.7201690000 23.9121020000
41.4118020000 -40.9585900000 23.9121020000
43.7840660000 -41.1970120000 23.9121020000
46.1563300000 -41.4354330000 23.9121020000
48.5285940000 -41.6738550000 23.9121020000
50.9008580000 -41.9122760000 23.9121020000
53.2731230000 -42.1506980000 23.9121020000
55.6453870000 -42.3891190000 23.9121020000
58.0176510000 -42.6275410000 23.9121020000
60.3899150000 -42.8659620000 23.9121020000
62.7621790000 -43.1043840000 23.9121020000
65.1344430000 -43.3428050000 23.9121020000
67.5067070000 -43.5812270000 23.9121020000
69.8789720000 -43.8196480000 23.9121020000
72.2512360000 -44.0580700000 23.9121020000
74.6235000000 -44.2964910000 23.9121020000
76.9957640000 -44.5349130000 23.9121020000
79.3680280000 -44.7733340000 23.9121020000
81.7402910000 -45.0117560000 23.9121020000
84.1125540000 -45.2501770000 23.9121020000
86.4848140000 -45.4885980000 23.9121020000
88.8570670000 -45.7270190000 23.9121020000
91.2293050000 -45.9654380000 23.9121020000
93.6015030000 -46.2038520000 23.9121020000
95.9736020000 -46.4422570000 23.9121020000
98.3454570000 -46.6806380000 23.9121020000
100.7167100000 -46.9189580000 23.9121020000
103.0864730000 -47.1571280000 23.9121020000
105.4525520000 -47.3949280000 23.9121020000
107.8095270000 -47.6318130000 23.9121020000
110.1440240000 -47.8664380000 23.9121020000
112.4233180000 -48.0955160000 23.9121020000
114.5702040000 -48.3112860000 23.9121020000
118.0973740000 -48.6657800000 23.9121020000
-0.1439790000 -37.8888300000 22.2640320000
118.7382300000 -49.8082060000 22.3316710000
0.1309490000 -35.1533350000 25.0133080000
119.0035340000 -47.1684590000 24.9847160000
-2.3580900000 -37.6663040000 22.2640320000
120.6652740000 -50.0258960000 22.2753340000
-2.0831630000 -34.9308080000 25.0133080000
120.9386020000 -47.3063200000 25.0086110000
117.1866150000 -49.4996780000 22.6524160000
117.4046630000 -47.3301280000 24.8328960000
2.1851420000 -38.1229160000 22.2640320000
4.5418440000 -38.3597730000 22.2640320000
6.9079840000 -38.5975790000 22.2640320000
9.2777870000 -38.8357530000 22.2640320000
11.6490570000 -39.0740750000 22.2640320000
14.0209190000 -39.3124560000 22.2640320000
16.3930210000 -39.5508610000 22.2640320000
18.7652190000 -39.7892760000 22.2640320000
21.1374570000 -40.0276950000 22.2640320000
23.5097100000 -40.2661150000 22.2640320000
25.8819700000 -40.5045370000 22.2640320000
28.2542330000 -40.7429580000 22.2640320000
30.6264960000 -40.9813790000 22.2640320000
32.9987600000 -41.2198010000 22.2640320000
35.3710240000 -41.4582220000 22.2640320000
37.7432880000 -41.6966440000 22.2640320000
40.1155520000 -41.9350650000 22.2640320000
42.4878160000 -42.1734870000 22.2640320000
44.8600800000 -42.4119080000 22.2640320000
47.2323450000 -42.6503300000 22.2640320000
49.6046090000 -42.8887510000 22.2640320000
51.9768730000 -43.1271730000 22.2640320000
54.3491370000 -43.3655940000 22.2640320000
56.7214010000 -43.6040160000 22.2640320000
59.0936650000 -43.8424380000 22.2640320000
61.4659290000 -44.0808590000 22.2640320000
63.8381940000 -44.3192810000 22.2640320000
66.2104580000 -44.5577020000 22.2640320000
68.5827220000 -44.7961240000 22.2640320000
70.9549860000 -45.0345450000 22.2640320000
73.3272500000 -45.2729670000 22.2640320000
75.6995140000 -45.5113880000 22.2640320000
78.0717780000 -45.7498100000 22.2640320000
80.4440420000 -45.9882310000 22.2640320000
82.8163060000 -46.2266530000 22.2640320000
85.1885680000 -46.4650740000 22.2640320000
87.5608270000 -46.7034950000 22.2640320000
89.9330800000 -46.9419150000 22.2640320000
92.3053140000 -47.1803340000 22.2640320000
94.6775040000 -47.4187480000 22.2640320000
97.0495840000 -47.6571510000 22.2640320000
99.4213940000 -47.8955270000 22.2640320000
101.7925330000 -48.1338340000 22.2640340000
104.1620160000 -48.3719730000 22.2640420000
106.5274040000 -48.6096830000 22.2640910000
108.8826650000 -48.8462770000 22.2643750000
111.2128420000 -49.0797790000 22.2660310000
113.4803250000 -49.3036380000 22.2756760000
115.5843790000 -49.4912080000 22.3317280000
2.4600700000 -35.3874200000 25.0133080000
4.8167710000 -35.6242780000 25.0133080000
7.1829120000 -35.8620840000 25.0133080000
9.5527150000 -36.1002580000 25.0133080000
11.9239850000 -36.3385800000 25.0133080000
14.2958470000 -36.5769610000 25.0133080000
16.6679490000 -36.8153660000 25.0133080000
19.0401470000 -37.0537810000 25.0133080000
21.4123850000 -37.2922000000 25.0133080000
23.7846380000 -37.5306200000 25.0133080000
26.1568980000 -37.7690410000 25.0133080000
28.5291600000 -38.0074630000 25.0133080000
30.9014240000 -38.2458840000 25.0133080000
33.2736870000 -38.4843060000 25.0133080000
35.6459510000 -38.7227270000 25.0133080000
38.0182160000 -38.9611490000 25.0133080000
40.3904800000 -39.1995700000 25.0133080000
42.7627440000 -39.4379920000 25.0133080000
45.1350080000 -39.6764130000 25.0133080000
47.5072720000 -39.9148350000 25.0133080000
49.8795360000 -40.1532560000 25.0133080000
52.2518000000 -40.3916780000 25.0133080000
54.6240650000 -40.6300990000 25.0133080000
56.9963290000 -40.8685210000 25.0133080000
59.3685930000 -41.1069420000 25.0133080000
61.7408570000 -41.3453640000 25.0133080000
64.1131210000 -41.5837850000 25.0133080000
66.4853850000 -41.8222070000 25.0133080000
68.8576500000 -42.0606280000 25.0133080000
71.2299140000 -42.2990500000 25.0133080000
73.6021780000 -42.5374710000 25.0133080000
75.9744420000 -42.7758930000 25.0133080000
78.3467060000 -43.0143140000 25.0133080000
80.7189700000 -43.2527360000 25.0133080000
83.0912330000 -43.4911570000 25.0133080000
85.4634960000 -43.7295790000 25.0133080000
87.8357550000 -43.9680000000 25.0133080000
90.2080070000 -44.2064200000 25.0133080000
92.5802410000 -44.4448390000 25.0133080000
94.9524310000 -44.6832530000 25.0133080000
97.3245120000 -44.9216560000 25.0133080000
99.6963210000 -45.1600320000 25.0133080000
102.0674610000 -45.3983420000 25.0133070000
104.4369420000 -45.6364920000 25.0133040000
106.8023230000 -45.8742710000 25.0132840000
109.1575440000 -46.1112650000 25.0131660000
111.4874870000 -46.3470970000 25.0124800000
113.7536040000 -46.5845440000 25.0084680000
115.8496750000 -46.8515420000 24.9846920000
-1.1813830000 -36.6778140000 23.9121020000
119.9011660000 -48.8470680000 23.9121020000
17.0056900000 -18.5457960000 9.2637120000
24.1943210000 -8.6514950000 9.8943680000
13.4393480000 -23.4544450000 6.8391070000
20.6394510000 -13.5443530000 6.6984770000
20.2512340000 -14.0786880000 12.8423020000
14.1029660000 -22.5410540000 12.9187520000
27.0022320000 -4.7867370000 13.1296510000
27.0304560000 -4.7478900000 6.1898640000
23.0698270000 -10.1992280000 14.1294620000
16.1111650000 -19.7770040000 4.9073700000
23.3205430000 -9.8541480000 4.8670520000
17.1412640000 -18.3591950000 14.3623840000
11.9719930000 -25.4740860000 10.6366100000
18.6201670000 -16.3236600000 3.9830320000
12.0349830000 -25.3873880000 14.7960490000
28.2207980000 -3.1095250000 9.6458610000
11.6847090000 -25.8694980000 3.7601440000
21.8674250000 -11.8541930000 9.7396450000
25.2008110000 -7.2661810000 15.3647300000
14.9590270000 -21.3627860000 9.5036360000
19.4267450000 -15.2135000000 9.4131410000
25.3595750000 -7.0476610000 3.4596550000
14.1937570000 -22.4160900000 3.4528600000
28.4794940000 -2.7534610000 15.6433240000
28.3458080000 -2.9374630000 3.6238630000
21.3053840000 -12.6277750000 3.3750580000
19.2118900000 -15.5092230000 15.4229290000
21.1931760000 -12.7822160000 15.7890740000
15.3518750000 -20.8220780000 15.5217600000
26.1548480000 -5.9530610000 10.1029220000
11.3503240000 -26.3297410000 7.3113970000
25.1276470000 -7.3668820000 6.6733060000
18.3104550000 -16.7499420000 12.5472470000
15.5307320000 -20.5759020000 11.9403520000
24.8651300000 -7.7282050000 12.1573570000
18.1632400000 -16.9525650000 7.6267940000
28.7215400000 -2.4203130000 6.6931240000
28.6122470000 -2.5707410000 12.1848500000
13.5244490000 -23.3373140000 16.0308220000
26.7815950000 -5.0904180000 15.8216210000
22.4427750000 -11.0622910000 7.3059890000
17.2298480000 -18.2372690000 2.6423460000
26.6492250000 -5.2726100000 2.4205720000
19.9425150000 -14.5036040000 2.2181980000
10.9696540000 -26.8536870000 12.6115150000
15.0151400000 -21.2855540000 6.7307760000
13.4884500000 -23.3868620000 9.3373090000
24.0311140000 -8.8761300000 16.5222110000
21.7691060000 -11.9895180000 12.5754190000
15.5844550000 -20.5019600000 2.4235960000
23.9466440000 -8.9923930000 2.4795570000
23.2196260000 -9.9930470000 11.5728450000
12.9890280000 -24.0742580000 2.1635200000
12.5880180000 -24.6262000000 12.7232120000
17.1853760000 -18.2984800000 16.6854560000
16.5015110000 -19.2397400000 7.1631470000
10.9042040000 -26.9437720000 16.5482060000
23.9122020000 -9.0397980000 7.3202270000
10.5695200000 -27.4044250000 1.9421540000
20.6353290000 -13.5500280000 8.9624620000
26.8897680000 -4.9415310000 8.5401290000
22.4272190000 -11.0837020000 1.8712020000
10.7711050000 -27.1269670000 9.3171070000
20.0182590000 -14.3993510000 17.0048760000
13.1448480000 -23.8597900000 4.6394830000
22.4532890000 -11.0478200000 16.6571570000
17.5505780000 -17.7958220000 5.3357290000
20.0866080000 -14.3052770000 4.9913810000
16.9196170000 -18.6642660000 11.7794240000
10.6951210000 -27.2315500000 5.6716140000
18.5676990000 -16.3958750000 1.8069140000
29.4538360000 -1.4123930000 10.3176220000
12.3473890000 -24.9573980000 16.8832480000
19.5647610000 -15.0235370000 7.3249960000
27.1831090000 -4.5377810000 10.9159730000
23.1272700000 -10.1201650000 9.1666150000
25.4959670000 -6.8599330000 17.2353190000
21.6636910000 -12.1346090000 5.4354340000
29.4086780000 -1.4745480000 8.3774050000
12.4862270000 -24.7663030000 8.1251660000
20.6847330000 -13.4820280000 10.9137250000
10.5818020000 -27.3875210000 14.7844010000
20.1630340000 -14.2000850000 14.8872480000
24.5583410000 -8.1504640000 5.0452370000
14.6398830000 -21.8020510000 16.9436410000
25.8324520000 -6.3968020000 13.5881350000
29.3333940000 -1.5781680000 14.2829340000
29.3321240000 -1.5799160000 4.7694170000
24.2619960000 -8.5583480000 14.0135790000
29.2675690000 -1.6687680000 2.1007010000
29.2742950000 -1.6595110000 16.9750700000
18.5320010000 -16.4450100000 17.0093050000
25.4597660000 -6.9097600000 1.6545080000
18.2188840000 -16.8759780000 10.3423760000
25.3350000000 -7.0814860000 8.6434150000
16.0149390000 -19.9094480000 10.1604270000
15.8804500000 -20.0945560000 17.1562150000
14.1752330000 -22.4415860000 10.9530730000
26.0172220000 -6.1424880000 5.0096180000
15.1309490000 -21.1261560000 13.7492150000
14.1995920000 -22.4080590000 5.3112800000
14.3331090000 -22.2242890000 1.5406600000
12.1334290000 -25.2518880000 6.0578190000
19.2748440000 -15.4225740000 13.5853780000
19.3611490000 -15.3037850000 11.6073620000
28.0672480000 -3.3208680000 5.3662090000
28.0384500000 -3.3605050000 13.8802820000
27.7969590000 -3.6928890000 17.1554090000
21.3141730000 -12.6156790000 1.4852930000
13.2910260000 -23.6585930000 14.1935540000
27.9642370000 -3.4626510000 1.9493080000
11.7785460000 -25.7403430000 1.6859260000
14.2298330000 -22.3664360000 8.1207820000
10.3843260000 -27.6593220000 11.0490990000
21.3534960000 -12.5615540000 17.6364240000
18.2759720000 -16.7974040000 14.9354500000
21.9332610000 -11.7635770000 14.5662980000
26.0257740000 -6.1307160000 11.7409120000
15.0749260000 -21.2032650000 4.4294750000
14.3401910000 -22.2145410000 14.8929570000
18.9612750000 -15.8541650000 5.8302550000
16.3434950000 -19.4572300000 15.5171380000
25.3150150000 -7.1089930000 10.5077950000
22.5069660000 -10.9739400000 3.6883920000
26.1147650000 -6.0082310000 7.0191610000
13.2653320000 -23.6939580000 11.3137910000
10.3909910000 -27.6501480000 7.6973200000
21.0619620000 -12.9628170000 14.1320680000
27.9457570000 -3.4880870000 7.8129870000
16.0696550000 -19.8341380000 13.8117120000
10.2510730000 -27.8427290000 3.7859190000
27.3022640000 -4.3737780000 4.1351120000
21.4050940000 -12.4905360000 7.7459140000
15.6010140000 -20.4791680000 8.2764590000
10.2295990000 -27.8722850000 17.7992470000
11.5303230000 -26.0819920000 17.8448970000
127.0000000000 -0.0000000000 25.4000000000
85.4288090000 -0.0000000000 25.4000000000
47.6434310000 -0.0000000000 25.4000000000
13.3165700000 0.3448840000 25.4000000000
106.0469630000 -17.0353200000 25.4000000000
106.4035860000 16.7841230000 25.4000000000
66.5361200000 -15.3979440000 25.4000000000
66.5460500000 15.5763880000 25.4000000000
-9.9471620000 -0.0265870000 25.4000000000
146.5922160000 11.8483510000 25.4000000000
128.8380720000 -22.7875090000 25.4000000000
147.8763670000 -10.4700350000 25.4000000000
127.4879510000 23.4648210000 25.4000000000
30.4608180000 -13.9899950000 25.4000000000
30.5292900000 13.5907900000 25.4000000000
86.3609190000 -21.1313200000 25.4000000000
86.3609190000 21.1313200000 25.4000000000
1.6092430000 -14.0515730000 25.4000000000
1.5713180000 13.9619490000 25.4000000000
48.4270490000 -19.3004350000 25.4000000000
48.4270490000 19.3004350000 25.4000000000
102.7106420000 -0.0000000000 25.4000000000
62.9272700000 -0.6316360000 25.4000000000
115.0837440000 -29.3889650000 25.4000000000
16.3623270000 -19.7594820000 25.4000000000
16.3623270000 19.7594820000 25.4000000000
157.4348480000 1.2516840000 25.4000000000
144.1422690000 -25.9190230000 25.4000000000
142.3575210000 26.3568950000 25.4000000000
113.9264610000 29.5020040000 25.4000000000
-12.3694000000 14.2014550000 25.4000000000
-12.7905240000 -14.0985670000 25.4000000000
27.5648010000 -0.0000000000 25.4000000000
98.2050760000 28.6535580000 25.4000000000
98.2859820000 -28.7576590000 25.4000000000
119.8400340000 -12.0662770000 25.4000000000
119.8248850000 11.9715120000 25.4000000000
73.5315460000 -26.9697740000 25.4000000000
73.5315460000 26.9697740000 25.4000000000
94.0912300000 -10.5389640000 25.4000000000
94.0731310000 10.3512350000 25.4000000000
133.3092280000 11.6062840000 25.4000000000
140.1685270000 0.3435630000 25.4000000000
58.5734360000 -25.9774800000 25.4000000000
58.5734360000 25.9774800000 25.4000000000
133.9752120000 -10.8037790000 25.4000000000
78.1639290000 -11.0570060000 25.4000000000
78.5756100000 10.8806620000 25.4000000000
37.1350210000 24.4693640000 25.4000000000
37.1350210000 -24.4693640000 25.4000000000
55.5221790000 -9.5814650000 25.4000000000
55.2994860000 9.4982780000 25.4000000000
114.4709800000 -0.7893920000 25.4000000000
1.1353090000 -2.1000040000 25.4000000000
-20.4095000000 5.3660050000 25.4000000000
135.0416120000 -32.4533070000 25.4000000000
158.3490740000 12.9667570000 25.4000000000
154.3416110000 -19.9962730000 25.4000000000
41.4327300000 -10.0437460000 25.4000000000
41.2228590000 10.1570730000 25.4000000000
133.0585200000 33.5434350000 25.4000000000
159.9964830000 -9.8616900000 25.4000000000
-20.7814480000 -6.1503550000 25.4000000000
20.3126420000 -8.9071560000 25.4000000000
20.3126420000 8.9071560000 25.4000000000
152.9056530000 22.8519370000 25.4000000000
25.9780430000 -24.6722860000 25.4000000000
25.9780430000 24.6722860000 25.4000000000
74.0964650000 -0.3793920000 25.4000000000
124.4007770000 -34.7068560000 25.4000000000
88.3857040000 -31.4225430000 25.4000000000
88.3857040000 31.4225430000 25.4000000000
-5.6931250000 -22.1240240000 25.4000000000
-5.4844490000 22.0594780000 25.4000000000
122.9519920000 34.9342090000 25.4000000000
6.4435330000 -23.4737400000 25.4000000000
6.5180180000 23.4757390000 25.4000000000
37.2241020000 -0.3512360000 25.4000000000
10.3290710000 -9.5603880000 25.4000000000
10.1887700000 9.8993180000 25.4000000000
109.0635830000 7.5578660000 25.4000000000
106.4971860000 -34.0670100000 25.4000000000
-2.3615830000 5.9473390000 25.4000000000
49.9133900000 -28.7445940000 25.4000000000
49.9133900000 28.7445940000 25.4000000000
96.9883260000 -19.5866620000 25.4000000000
97.0381220000 19.3485780000 25.4000000000
108.2064940000 -7.6349370000 25.4000000000
115.0477040000 20.2827490000 25.4000000000
105.8323010000 33.9554780000 25.4000000000
114.9673800000 -20.4276290000 25.4000000000
140.9024330000 -16.2942990000 25.4000000000
-5.6248750000 -7.5623380000 25.4000000000
69.3325730000 6.6984780000 25.4000000000
135.9403520000 20.1910970000 25.4000000000
149.2271470000 3.1279640000 25.4000000000
94.0697260000 1.5537310000 25.4000000000
68.3192820000 -6.8930700000 25.4000000000
106.0275160000 25.6751820000 25.4000000000
107.2621420000 -25.6471910000 25.4000000000
58.0393960000 -17.6732060000 25.4000000000
58.1936210000 17.5901110000 25.4000000000
66.3073380000 -31.1863490000 25.4000000000
66.3073380000 31.1863490000 25.4000000000
74.4713530000 -18.3982170000 25.4000000000
74.1223790000 18.4478690000 25.4000000000
79.8542560000 32.7748480000 25.4000000000
79.8542560000 -32.7748480000 25.4000000000
143.0699730000 -33.2566070000 25.4000000000
163.7041730000 6.6870360000 25.4000000000
-20.7543350000 13.6162920000 25.4000000000
151.8309000000 -27.9754050000 25.4000000000
141.6260400000 33.9755910000 25.4000000000
164.3997270000 -3.1853050000 25.4000000000
32.5725520000 6.1959050000 25.4000000000
86.2343020000 8.1059200000 25.4000000000
86.1008290000 -7.9273020000 25.4000000000
-20.4211580000 -14.5056780000 25.4000000000
149.5021250000 30.1828250000 25.4000000000
126.2317420000 -7.6410350000 25.4000000000
55.5040160000 1.4086420000 25.4000000000
126.4230710000 15.6030820000 25.4000000000
18.5210170000 -27.5809720000 25.4000000000
18.5210170000 27.5809720000 25.4000000000
66.8813710000 -23.7919770000 25.4000000000
66.7166400000 23.8501340000 25.4000000000
102.0966500000 10.4037060000 25.4000000000
32.0901340000 -6.4222020000 25.4000000000
116.4652920000 -37.1208190000 25.4000000000
126.0026930000 7.5903670000 25.4000000000
121.1002590000 -24.5930360000 25.4000000000
37.2690780000 -16.5801510000 25.4000000000
37.3015810000 16.6691770000 25.4000000000
136.1979370000 -25.3405720000 25.4000000000
153.7793780000 -5.5092510000 25.4000000000
145.9993320000 19.7614280000 25.4000000000
140.2064890000 -7.2385500000 25.4000000000
-13.3904230000 -21.5915380000 25.4000000000
-13.2987690000 21.8602870000 25.4000000000
23.0716230000 -16.0708160000 25.4000000000
23.0716230000 16.0708160000 25.4000000000
42.5731600000 -29.7829230000 25.4000000000
42.5731600000 29.7829230000 25.4000000000
115.7038010000 37.2904430000 25.4000000000
139.8282410000 7.9564350000 25.4000000000
126.2455000000 -15.4310720000 25.4000000000
5.0203660000 4.1127800000 25.4000000000
133.3051800000 4.0229400000 25.4000000000
-25.5385670000 -0.3423500000 25.4000000000
121.2304720000 27.6971160000 25.4000000000
101.5867950000 -10.8604850000 25.4000000000
-13.5095240000 -6.8842790000 25.4000000000
-13.3816370000 6.6216350000 25.4000000000
133.5713910000 -3.6053900000 25.4000000000
94.6429010000 35.1860590000 25.4000000000
94.6318250000 -35.2286570000 25.4000000000
48.3568460000 -7.2933870000 25.4000000000
48.3761320000 7.3727340000 25.4000000000
161.3355110000 -17.0477900000 25.4000000000
-5.2031450000 12.7998660000 25.4000000000
20.5300210000 -1.9115830000 25.4000000000
159.7217110000 20.2240550000 25.4000000000
9.1231940000 16.6057300000 25.4000000000
9.3473310000 -16.7739460000 25.4000000000
119.8418350000 4.5950660000 25.4000000000
31.5859930000 -29.1893290000 25.4000000000
31.5859930000 29.1893290000 25.4000000000
0.0683830000 -26.0225650000 25.4000000000
0.0683830000 26.0225650000 25.4000000000
62.4717370000 9.6878300000 25.4000000000
91.9279140000 25.6385680000 25.4000000000
91.9597180000 -25.5603640000 25.4000000000
112.6049130000 -13.7483540000 25.4000000000
130.5511700000 -38.6573210000 25.4000000000
80.4198770000 -25.3066990000 25.4000000000
80.4198770000 25.3066990000 25.4000000000
146.5127090000 -3.2316450000 25.4000000000
133.9510380000 -17.9634850000 25.4000000000
112.6542780000 13.7481090000 25.4000000000
147.9408940000 -17.3857520000 25.4000000000
79.9755430000 3.8247790000 25.4000000000
88.6328470000 -14.7092950000 25.4000000000
88.7877310000 14.9778940000 25.4000000000
-5.2251500000 -14.9677220000 25.4000000000
152.7970640000 8.8016880000 25.4000000000
-16.7503130000 -0.7291670000 25.4000000000
140.2592050000 14.6717080000 25.4000000000
128.5957620000 38.8277610000 25.4000000000
128.4888660000 -29.7496320000 25.4000000000
152.2346610000 15.9902070000 25.4000000000
133.7465790000 26.6690880000 25.4000000000
120.0837660000 -5.4925180000 25.4000000000
62.3329080000 -9.9837030000 25.4000000000
97.4611710000 -4.3897470000 25.4000000000
72.8570080000 -33.7332230000 25.4000000000
72.8570080000 33.7332230000 25.4000000000
80.1848180000 -4.2789300000 25.4000000000
154.0219800000 -13.2051820000 25.4000000000
31.4529240000 20.6880610000 25.4000000000
31.4529240000 -20.6880610000 25.4000000000
56.0134650000 -32.0010960000 25.4000000000
56.0134650000 32.0010960000 25.4000000000
127.3515170000 30.2540070000 25.4000000000
81.0084010000 -17.4340900000 25.4000000000
81.0084010000 17.4340900000 25.4000000000
121.6877330000 20.2321750000 25.4000000000
11.8125890000 -28.0302720000 25.4000000000
11.8125890000 28.0302720000 25.4000000000
26.6217970000 6.4660740000 25.4000000000
72.3817640000 -12.3360690000 25.4000000000
53.8651270000 -23.4177420000 25.4000000000
53.8651270000 23.4177420000 25.4000000000
43.3772790000 -23.4136100000 25.4000000000
43.3772790000 23.4136100000 25.4000000000
100.7904220000 -36.9553960000 25.4000000000
4.3062520000 -8.7635590000 25.4000000000
8.0596840000 -3.5776160000 25.4000000000
71.9028190000 12.3847580000 25.4000000000
42.3998450000 3.6028470000 25.4000000000
15.5534020000 13.5513580000 25.4000000000
15.5583610000 -13.1823850000 25.4000000000
50.5451960000 -13.4125420000 25.4000000000
50.5302330000 13.3542210000 25.4000000000
91.1254280000 -4.0656790000 25.4000000000
25.6809890000 -5.7480910000 25.4000000000
108.9477980000 1.1075520000 25.4000000000
-25.2529590000 9.2129580000 25.4000000000
58.5925520000 -3.9929020000 25.4000000000
42.8662260000 -3.8818430000 25.4000000000
120.8708540000 -18.4860190000 25.4000000000
138.1014110000 -37.9302480000 25.4000000000
164.3284900000 12.7567480000 25.4000000000
101.5323710000 -23.4753190000 25.4000000000
114.3350030000 -7.8220080000 25.4000000000
-3.5798280000 0.1451710000 25.4000000000
157.3822270000 -25.4808250000 25.4000000000
100.3976570000 37.2394080000 25.4000000000
-19.1921470000 19.1099360000 25.4000000000
14.9428410000 -5.6126880000 25.4000000000
15.0165650000 5.4490960000 25.4000000000
98.6303200000 4.7328240000 25.4000000000
136.6767220000 38.5204980000 25.4000000000
110.7871630000 -38.7555470000 25.4000000000
43.7751960000 -15.3204480000 25.4000000000
43.7751960000 15.3204480000 25.4000000000
165.6016810000 -8.9822050000 25.4000000000
-24.6676960000 -10.6428980000 25.4000000000
74.8175430000 -6.5239590000 25.4000000000
35.9238280000 -11.2980300000 25.4000000000
-0.1530200000 -20.1756130000 25.4000000000
-0.0947990000 20.1500200000 25.4000000000
154.9962000000 28.2124270000 25.4000000000
148.9056260000 -32.7755660000 25.4000000000
35.9385780000 11.7435950000 25.4000000000
-18.6905990000 -19.4998620000 25.4000000000
109.5286380000 38.5468490000 25.4000000000
52.8297760000 -3.7042210000 25.4000000000
101.2207100000 23.3156570000 25.4000000000
120.7767660000 -30.4630490000 25.4000000000
36.9892910000 -31.1572590000 25.4000000000
36.9892910000 31.1572590000 25.4000000000
114.8758760000 8.1291340000 25.4000000000
23.4588990000 -29.8015600000 25.4000000000
23.4588990000 29.8015600000 25.4000000000
84.1589890000 -35.8800130000 25.4000000000
84.1589890000 35.8800130000 25.4000000000
166.5870990000 1.9097060000 25.4000000000
69.2884130000 0.8639470000 25.4000000000
158.2518660000 7.0966890000 25.4000000000
4.5274540000 9.8587560000 25.4000000000
148.6407870000 -22.8414550000 25.4000000000
121.7479660000 -39.5335440000 25.4000000000
138.1616010000 30.6698860000 25.4000000000
103.0575340000 -5.4704530000 25.4000000000
-7.7150600000 7.5679920000 25.4000000000
61.3289850000 -33.7310140000 25.4000000000
61.3289850000 33.7310140000 25.4000000000
21.4389170000 -21.4142760000 25.4000000000
21.4389170000 21.4142760000 25.4000000000
-9.5987990000 25.5017480000 25.4000000000
-9.7231310000 -25.7542180000 25.4000000000
147.9022480000 24.7191600000 25.4000000000
91.4637180000 -19.4708150000 25.4000000000
91.4279840000 19.4970830000 25.4000000000
74.8082030000 6.6943370000 25.4000000000
159.0074650000 -4.5788820000 25.4000000000
59.6600550000 4.3233470000 25.4000000000
146.8429770000 35.0018320000 25.4000000000
111.9383410000 24.0488220000 25.4000000000
139.3734040000 -29.5579290000 25.4000000000
120.2170890000 39.8256070000 25.4000000000
21.7062490000 3.5835460000 25.4000000000
103.6706000000 -29.4342660000 25.4000000000
97.7342920000 13.7546780000 25.4000000000
37.5442850000 -5.8688640000 25.4000000000
130.1919250000 18.8185560000 25.4000000000
104.6054870000 5.2056280000 25.4000000000
-7.9360320000 17.1489080000 25.4000000000
86.0575280000 -26.6094460000 25.4000000000
86.0575280000 26.6094460000 25.4000000000
-27.1194810000 -5.1744960000 25.4000000000
25.5863370000 -11.7505160000 25.4000000000
89.1506160000 3.6333080000 25.4000000000
121.5015510000 0.0468750000 25.4000000000
62.2573690000 -21.3780690000 25.4000000000
62.1036190000 21.2233670000 25.4000000000
-17.2831320000 -10.0767520000 25.4000000000
4.7508280000 -28.4547420000 25.4000000000
4.7508280000 28.4547420000 25.4000000000
11.9618790000 -22.5039710000 25.4000000000
11.9085290000 22.5063090000 25.4000000000
-27.4407700000 4.4447260000 25.4000000000
-9.4348800000 -18.1929470000 25.4000000000
109.9623780000 -30.0683700000 25.4000000000
140.9240740000 21.8017970000 25.4000000000
110.4276250000 -21.1121890000 25.4000000000
118.3555750000 32.5492530000 25.4000000000
139.9671010000 -21.8226970000 25.4000000000
89.5588530000 36.7807140000 25.4000000000
89.4751740000 -36.9114140000 25.4000000000
25.2016650000 11.7260000000 25.4000000000
-17.6397400000 9.5627880000 25.4000000000
152.5045870000 0.4744780000 25.4000000000
32.6296460000 1.0293560000 25.4000000000
103.1531740000 29.9613040000 25.4000000000
109.0148180000 30.4424080000 25.4000000000
46.8681130000 -32.6881010000 25.4000000000
46.8681130000 32.6881010000 25.4000000000
-0.9149840000 -10.0913370000 25.4000000000
83.7996190000 -12.7825450000 25.4000000000
83.8028840000 12.7468200000 25.4000000000
9.8006640000 3.9035870000 25.4000000000
144.7968380000 7.1342380000 25.4000000000
-4.8608900000 -27.4743160000 25.4000000000
-4.8608900000 27.4743160000 25.4000000000
97.8965520000 -14.0411600000 25.4000000000
115.9973170000 25.0374310000 25.4000000000
4.6582550000 -18.9201390000 25.4000000000
4.7761990000 18.8602680000 25.4000000000
63.7506350000 -5.0850500000 25.4000000000
112.8947490000 -24.7903580000 25.4000000000
106.8005050000 11.8646250000 25.4000000000
138.8983160000 -12.0379350000 25.4000000000
52.4350540000 -17.4996640000 25.4000000000
52.4708610000 17.4888140000 25.4000000000
93.1257210000 30.3890240000 25.4000000000
93.1257210000 -30.3890240000 25.4000000000
37.9802030000 5.9333460000 25.4000000000
165.0687010000 -14.1208780000 25.4000000000
159.1009910000 25.2384020000 25.4000000000
26.6629040000 -19.4091330000 25.4000000000
26.6629040000 19.4091330000 25.4000000000
161.1467090000 -22.2119880000 25.4000000000
76.7114990000 -22.8821450000 25.4000000000
76.7114990000 22.8821450000 25.4000000000
69.5299920000 -19.5809060000 25.4000000000
69.7170640000 19.5314190000 25.4000000000
105.1729100000 -38.7543820000 25.4000000000
110.1931280000 19.8694150000 25.4000000000
112.9844690000 -34.0238560000 25.4000000000
59.2926550000 12.9622440000 25.4000000000
6.1714600000 -13.3993060000 25.4000000000
110.3782470000 -2.7561090000 25.4000000000
112.3207610000 3.9898550000 25.4000000000
118.2653530000 16.9998930000 25.4000000000
163.8191600000 17.8418460000 25.4000000000
47.9284590000 -24.2289530000 25.4000000000
47.9284590000 24.2289530000 25.4000000000
111.7347530000 34.0168700000 25.4000000000
64.6788600000 4.5526080000 25.4000000000
0.3291880000 2.6251500000 25.4000000000
101.3604930000 -17.1303380000 25.4000000000
97.1090110000 -24.1295220000 25.4000000000
-0.9544850000 10.5790290000 25.4000000000
106.3836390000 -11.8221290000 25.4000000000
144.3073110000 30.7870240000 25.4000000000
50.9611390000 3.8576860000 25.4000000000
101.8289290000 18.9024410000 25.4000000000
161.8075170000 2.0270340000 25.4000000000
125.9625720000 -41.4467960000 25.4000000000
92.9574960000 15.5603700000 25.4000000000
-9.9773850000 -9.9377310000 25.4000000000
145.9104150000 -29.8265840000 25.4000000000
-9.3237130000 -4.4920770000 25.4000000000
105.0968530000 39.1174180000 25.4000000000
76.5970510000 -36.3358690000 25.4000000000
76.5970510000 36.3358690000 25.4000000000
129.1009360000 -11.6512190000 25.4000000000
51.2231180000 -33.7732690000 25.4000000000
51.2231180000 33.7732690000 25.4000000000
143.4817630000 -12.4448780000 25.4000000000
154.6410690000 4.3266520000 25.4000000000
63.7062230000 -26.7231170000 25.4000000000
63.7062230000 26.7231170000 25.4000000000
68.8899570000 -27.6726590000 25.4000000000
68.8899570000 27.6726590000 25.4000000000
58.9943540000 -12.7444030000 25.4000000000
46.0322850000 -11.4692450000 25.4000000000
46.0384820000 11.4439210000 25.4000000000
134.6721280000 -40.6939150000 25.4000000000
116.6073920000 -15.7372930000 25.4000000000
-3.9025240000 16.6388010000 25.4000000000
129.2522200000 -4.2225540000 25.4000000000
125.4107740000 -26.3201760000 25.4000000000
138.1288410000 24.9533040000 25.4000000000
-2.2851900000 -4.2120590000 25.4000000000
68.3462950000 -35.3741640000 25.4000000000
68.3462950000 35.3741640000 25.4000000000
130.7680440000 7.8164640000 25.4000000000
135.9112400000 15.3595740000 25.4000000000
144.2679890000 -20.7741180000 25.4000000000
144.6147530000 0.8550630000 25.4000000000
54.6345890000 -27.6345880000 25.4000000000
54.6345890000 27.6345880000 25.4000000000
96.3905480000 23.8399060000 25.4000000000
124.1314830000 -21.8148050000 25.4000000000
67.0798170000 10.0460480000 25.4000000000
124.1769630000 41.5468810000 25.4000000000
124.4049150000 -3.6904790000 25.4000000000
-21.2915220000 -1.5684790000 25.4000000000
17.1786330000 2.1236550000 25.4000000000
132.4131960000 41.6046280000 25.4000000000
29.6742190000 9.5276450000 25.4000000000
128.8372230000 -34.2450180000 25.4000000000
124.2877490000 3.3569310000 25.4000000000
123.9881390000 11.8067080000 25.4000000000
84.2894610000 -30.8098940000 25.4000000000
84.2894610000 30.8098940000 25.4000000000
92.9016020000 -15.4916400000 25.4000000000
27.6688420000 -31.4387850000 25.4000000000
27.6688420000 31.4387850000 25.4000000000
39.6765900000 20.8259470000 25.4000000000
39.6765900000 -20.8259470000 25.4000000000
133.3011990000 -28.8469620000 25.4000000000
155.3650500000 19.0774850000 25.4000000000
93.0652090000 5.9503390000 25.4000000000
-16.7579070000 15.4059820000 25.4000000000
128.6980480000 11.7430980000 25.4000000000
124.0273790000 -11.7626590000 25.4000000000
70.4417160000 -2.6836400000 25.4000000000
-25.2893660000 13.5738340000 25.4000000000
98.0758980000 -0.0113330000 25.4000000000
-7.0257840000 2.6470200000 25.4000000000
-16.6600110000 -16.2346310000 25.4000000000
136.2607670000 -7.1499120000 25.4000000000
81.7389490000 -21.4391850000 25.4000000000
81.7389490000 21.4391850000 25.4000000000
127.1712680000 34.7557820000 25.4000000000
98.3365930000 33.6290580000 25.4000000000
84.0048040000 4.2672540000 25.4000000000
106.1660100000 -2.5776600000 25.4000000000
167.1381540000 9.3962960000 25.4000000000
143.1542200000 -37.8791230000 25.4000000000
15.4445500000 -30.3464220000 25.4000000000
15.4445500000 30.3464220000 25.4000000000
105.3327520000 -21.2558990000 25.4000000000
66.6847690000 -10.7353660000 25.4000000000
98.4284500000 -33.4182890000 25.4000000000
62.1183790000 -15.6257620000 25.4000000000
5.6585100000 14.0882280000 25.4000000000
-23.0259400000 17.6984930000 25.4000000000
72.4687520000 -22.4686880000 25.4000000000
72.2403410000 22.8432860000 25.4000000000
30.2170950000 24.6719700000 25.4000000000
30.2170950000 -24.6719700000 25.4000000000
137.8730870000 4.1141680000 25.4000000000
77.7160370000 -28.7477640000 25.4000000000
77.7160370000 28.7477640000 25.4000000000
135.4513300000 7.7875050000 25.4000000000
129.5789400000 -18.4841120000 25.4000000000
156.0161060000 -29.4869970000 25.4000000000
105.6308390000 21.2019090000 25.4000000000
140.7577740000 38.8465370000 25.4000000000
81.8612330000 7.9925380000 25.4000000000
158.0423960000 -14.2405370000 25.4000000000
62.1885070000 15.8228610000 25.4000000000
167.6838110000 -5.2659170000 25.4000000000
102.9950650000 14.4791130000 25.4000000000
131.3294010000 0.1910120000 25.4000000000
5.2954990000 -0.3667780000 25.4000000000
151.9395750000 -9.4689390000 25.4000000000
77.2138060000 -14.9981440000 25.4000000000
76.8042750000 15.2473230000 25.4000000000
133.0868310000 -22.3480960000 25.4000000000
-16.4189110000 3.9078660000 25.4000000000
54.5944170000 14.0492540000 25.4000000000
84.3183440000 -4.6694000000 25.4000000000
81.9313970000 -8.1862000000 25.4000000000
78.6789660000 -0.2249100000 25.4000000000
18.5667450000 16.0813180000 25.4000000000
18.5667450000 -16.0813180000 25.4000000000
128.5087760000 4.0344930000 25.4000000000
90.1358290000 10.8348560000 25.4000000000
89.7161400000 -10.5327440000 25.4000000000
142.5137130000 -3.3682690000 25.4000000000
-24.7009350000 -14.6198260000 25.4000000000
117.1096480000 -25.6043110000 25.4000000000
135.7782010000 0.3357200000 25.4000000000
29.5027680000 -10.1493230000 25.4000000000
98.0490630000 -8.5466440000 25.4000000000
-17.3048750000 22.8897770000 25.4000000000
33.3737970000 -17.1083710000 25.4000000000
33.4106290000 17.0204840000 25.4000000000
144.3965380000 15.5566540000 25.4000000000
57.6136180000 -21.7148780000 25.4000000000
57.5950630000 21.7303770000 25.4000000000
114.4033510000 -40.5647900000 25.4000000000
137.5973390000 11.6370280000 25.4000000000
138.2215990000 -3.4474880000 25.4000000000
152.9817170000 31.8515320000 25.4000000000
72.6332540000 3.1758460000 25.4000000000
15.6268010000 -23.4408450000 25.4000000000
15.6268010000 23.4408450000 25.4000000000
144.7930670000 -7.2838540000 25.4000000000
117.3758010000 -32.6600860000 25.4000000000
96.9754320000 -38.7159490000 25.4000000000
1.6829920000 6.7431350000 25.4000000000
150.3289280000 19.8388480000 25.4000000000
161.2810740000 10.0960070000 25.4000000000
121.8580790000 8.2434470000 25.4000000000
84.8724160000 -17.1617220000 25.4000000000
84.8724160000 17.1617220000 25.4000000000
122.7707000000 24.1999940000 25.4000000000
130.8397810000 -8.0176310000 25.4000000000
97.8112490000 8.8742810000 25.4000000000
-10.9714710000 10.1811930000 25.4000000000
142.1009830000 4.4413900000 25.4000000000
153.2228700000 -24.1560210000 25.4000000000
29.2073450000 3.4446960000 25.4000000000
19.5326600000 31.1926810000 25.4000000000
19.5326600000 -31.1926810000 25.4000000000
65.4083810000 -19.0315470000 25.4000000000
65.3806600000 19.5010480000 25.4000000000
-17.0807490000 -23.4238120000 25.4000000000
-22.6076270000 -18.0209470000 25.4000000000
142.4116250000 11.3252360000 25.4000000000
125.5569150000 19.6579130000 25.4000000000
131.6094500000 23.0573870000 25.4000000000
137.2178250000 34.4171090000 25.4000000000
124.8705190000 -30.8003420000 25.4000000000
54.4455710000 -14.0870720000 25.4000000000
-17.2128830000 -4.6827930000 25.4000000000
-13.3899940000 -2.2649450000 25.4000000000
80.3106020000 36.7622460000 25.4000000000
80.3106020000 -36.7622460000 25.4000000000
35.5686990000 20.5219240000 25.4000000000
35.5686990000 -20.5219240000 25.4000000000
122.0545520000 15.7080630000 25.4000000000
45.9960430000 -27.9379580000 25.4000000000
45.9960430000 27.9379580000 25.4000000000
54.4921700000 5.6257450000 25.4000000000
-13.7901600000 25.5711150000 25.4000000000
96.6217400000 38.7947130000 25.4000000000
147.0591460000 -36.7362200000 25.4000000000
89.4899370000 -0.2774870000 25.4000000000
110.2796040000 -16.7683100000 25.4000000000
149.8912410000 -13.7889700000 25.4000000000
30.7479590000 -2.6302100000 25.4000000000
8.4817950000 -29.9905420000 25.4000000000
8.4817950000 29.9905420000 25.4000000000
155.9307420000 -8.9939960000 25.4000000000
123.4915550000 31.0683910000 25.4000000000
59.1007000000 0.2435240000 25.4000000000
2.5825220000 -22.9560270000 25.4000000000
2.7263680000 22.9950700000 25.4000000000
162.4571730000 -6.5625960000 25.4000000000
40.2304680000 -33.2678050000 25.4000000000
40.2304680000 33.2678050000 25.4000000000
-13.5717510000 -25.9811490000 25.4000000000
150.5329630000 12.3410960000 25.4000000000
151.3389550000 26.5530660000 25.4000000000
153.3926550000 -32.6206730000 25.4000000000
43.7516010000 -19.5030810000 25.4000000000
43.7516010000 19.5030810000 25.4000000000
44.3509870000 7.1317170000 25.4000000000
131.0308130000 15.0859620000 25.4000000000
66.5449820000 -2.3229840000 25.4000000000
138.8159460000 -33.9085610000 25.4000000000
9.2575700000 0.2030070000 25.4000000000
102.5011940000 -33.4398360000 25.4000000000
113.3539390000 40.5408260000 25.4000000000
11.6339120000 -13.1013230000 25.4000000000
11.6978290000 13.1160880000 25.4000000000
22.1138860000 -5.3751260000 25.4000000000
148.8828340000 8.9803870000 25.4000000000
59.4519830000 -30.1578810000 25.4000000000
59.4519830000 30.1578810000 25.4000000000
21.9700740000 -25.6140420000 25.4000000000
21.9700740000 25.6140420000 25.4000000000
40.6809530000 -26.1870540000 25.4000000000
40.6809530000 26.1870540000 25.4000000000
149.5116240000 -6.2875540000 25.4000000000
118.5027240000 -21.7138810000 25.4000000000
46.6385560000 3.8179790000 25.4000000000
168.5185960000 5.6960600000 25.4000000000
-29.1320190000 -1.9742330000 25.4000000000
120.4081560000 -35.4741030000 25.4000000000
129.6010790000 26.8172060000 25.4000000000
34.6993440000 -2.9852940000 25.4000000000
132.0170120000 -14.3975370000 25.4000000000
39.8816880000 -13.5505840000 25.4000000000
39.6954900000 13.7212280000 25.4000000000
-12.0627540000 17.8945300000 25.4000000000
-9.5376300000 20.8882520000 25.4000000000
168.6332480000 -1.6371610000 25.4000000000
-12.8351710000 2.7621000000 25.4000000000
-23.8089920000 3.1526960000 25.4000000000
21.1550780000 -12.9621340000 25.4000000000
21.1484900000 12.9733400000 25.4000000000
26.8523600000 -15.7020810000 25.4000000000
27.1174560000 15.5498910000 25.4000000000
16.4080540000 -2.0798060000 25.4000000000
44.5239320000 -7.4583780000 25.4000000000
46.4818960000 -4.2930810000 25.4000000000
33.1524200000 -32.6801370000 25.4000000000
33.1524200000 32.6801370000 25.4000000000
0.7305760000 -6.5485330000 25.4000000000
140.0717160000 -25.9414150000 25.4000000000
137.1815150000 -15.6342110000 25.4000000000
-3.7043710000 -18.5604870000 25.4000000000
51.6043010000 -9.5208950000 25.4000000000
51.6497490000 9.4535550000 25.4000000000
41.4949960000 -0.2001410000 25.4000000000
-21.2012170000 -10.2768620000 25.4000000000
154.3141670000 12.5590960000 25.4000000000
24.3695380000 -2.1962450000 25.4000000000
115.6601930000 -11.2112770000 25.4000000000
13.5340180000 16.7726460000 25.4000000000
13.3237640000 -17.0503440000 25.4000000000
-21.3684940000 9.6199700000 25.4000000000
59.0768450000 -7.8535800000 25.4000000000
94.3452410000 -6.4191860000 25.4000000000
11.3797730000 -5.9032720000 25.4000000000
93.1043310000 -38.8275920000 25.4000000000
64.4821830000 35.8513290000 25.4000000000
64.4821830000 -35.8513290000 25.4000000000
160.0227460000 16.3809450000 25.4000000000
155.8289130000 -2.2130340000 25.4000000000
13.9604660000 9.5998910000 25.4000000000
13.9694160000 -9.3830540000 25.4000000000
148.2283020000 15.9687280000 25.4000000000
152.0058360000 -17.0453450000 25.4000000000
158.1749400000 -19.5342900000 25.4000000000
121.8789610000 -8.5827560000 25.4000000000
133.8194800000 -36.6585960000 25.4000000000
131.3674170000 30.0392900000 25.4000000000
165.0645750000 -17.8791390000 25.4000000000
35.6159660000 3.2186460000 25.4000000000
7.3942290000 7.1099210000 25.4000000000
35.0880370000 -27.8062140000 25.4000000000
35.0880370000 27.8062140000 25.4000000000
-9.2752260000 -13.7666820000 25.4000000000
47.6955350000 -15.6521690000 25.4000000000
47.6955350000 15.6521690000 25.4000000000
117.8404350000 1.2140390000 25.4000000000
-13.2027250000 -17.8088160000 25.4000000000
-9.6259060000 -21.9717940000 25.4000000000
116.4440870000 -4.3139830000 25.4000000000
118.2710230000 -41.4532930000 25.4000000000
59.0022810000 7.9033960000 25.4000000000
130.4446220000 -26.2473380000 25.4000000000
71.5983140000 -16.0115380000 25.4000000000
117.6515420000 28.9320860000 25.4000000000
144.2894070000 23.2272360000 25.4000000000
-1.7565140000 -29.4831490000 25.4000000000
-1.7565140000 29.4831490000 25.4000000000
57.8979920000 -35.3079140000 25.4000000000
57.8979920000 35.3079140000 25.4000000000
148.2507920000 -26.7297410000 25.4000000000
111.6003700000 -9.8922110000 25.4000000000
70.2747520000 15.5642070000 25.4000000000
144.5333970000 37.9424390000 25.4000000000
94.3909880000 -1.9072060000 25.4000000000
150.5541590000 34.8572590000 25.4000000000
132.0245190000 37.1604670000 25.4000000000
78.1358560000 -19.4201450000 25.4000000000
78.1358560000 19.4201450000 25.4000000000
122.0125660000 -14.9193840000 25.4000000000
69.9946860000 -31.2839840000 25.4000000000
69.9946860000 31.2839840000 25.4000000000
161.1018290000 -1.3872150000 25.4000000000
109.8850100000 16.2482970000 25.4000000000
92.8432290000 38.8738850000 25.4000000000
76.1557040000 32.3255830000 25.4000000000
76.1557040000 -32.3255830000 25.4000000000
162.0853940000 23.1050190000 25.4000000000
8.8426410000 20.3648710000 25.4000000000
8.6243840000 -20.4629760000 25.4000000000
119.1100850000 36.2800760000 25.4000000000
148.4366280000 -0.3204630000 25.4000000000
91.2586260000 -33.7080400000 25.4000000000
91.2585770000 33.7089420000 25.4000000000
-4.3376340000 9.0722360000 25.4000000000
51.3376250000 -0.2625060000 25.4000000000
4.6018890000 -5.0272230000 25.4000000000
-2.4024480000 -23.1697870000 25.4000000000
-2.2938760000 23.1843470000 25.4000000000
125.2963890000 27.2341010000 25.4000000000
136.5451480000 -20.6625630000 25.4000000000
102.1479790000 33.7366080000 25.4000000000
27.5524300000 27.9241130000 25.4000000000
27.5524300000 -27.9241130000 25.4000000000
-13.6379320000 -10.4966620000 25.4000000000
76.3578880000 2.9014500000 25.4000000000
89.6434170000 -22.6043270000 25.4000000000
89.5883890000 22.6371010000 25.4000000000
-8.8905510000 13.5372290000 25.4000000000
25.4026860000 2.9339930000 25.4000000000
155.5763830000 -16.6231200000 25.4000000000
116.9150180000 41.4259240000 25.4000000000
-19.5284630000 1.6572850000 25.4000000000
138.8767880000 18.4862770000 25.4000000000
112.0453660000 10.1230400000 25.4000000000
115.8242600000 11.8203850000 25.4000000000
76.5440830000 -3.6144130000 25.4000000000
78.0437030000 -7.2234080000 25.4000000000
7.4157230000 -7.3566680000 25.4000000000
89.4486020000 -28.0287610000 25.4000000000
89.4486020000 28.0287610000 25.4000000000
118.2552670000 21.5792590000 25.4000000000
-23.7192660000 -4.2956180000 25.4000000000
-4.9196370000 -11.4553210000 25.4000000000
127.1301990000 -37.1589230000 25.4000000000
114.7003930000 16.6593590000 25.4000000000
156.5707710000 22.4413260000 25.4000000000
117.9465100000 -8.2232430000 25.4000000000
144.5544420000 -16.1613690000 25.4000000000
82.1809350000 1.3458420000 25.4000000000
130.5107490000 -42.0133050000 25.4000000000
18.7145180000 5.6576250000 25.4000000000
104.5086300000 -8.9693200000 25.4000000000
161.4849620000 -13.1700950000 25.4000000000
105.2343060000 8.5557210000 25.4000000000
-5.8436470000 -2.9401450000 25.4000000000
63.9239150000 12.6514280000 25.4000000000
103.3387610000 -14.1402230000 25.4000000000
-1.8635820000 -13.7700090000 25.4000000000
94.9319130000 27.3342610000 25.4000000000
71.5141830000 -8.4626100000 25.4000000000
75.0826080000 -10.1195810000 25.4000000000
-29.2171100000 1.4383320000 25.4000000000
95.2721790000 -27.2266180000 25.4000000000
33.6275000000 23.5097710000 25.4000000000
33.6275000000 -23.5097710000 25.4000000000
93.6088250000 -22.3711470000 25.4000000000
78.2149770000 7.3294080000 25.4000000000
100.7489940000 -2.8999440000 25.4000000000
-15.5150750000 19.0582850000 25.4000000000
128.2865550000 42.3404400000 25.4000000000
-28.3077510000 -8.7124910000 25.4000000000
125.4818580000 37.3323180000 25.4000000000
-28.4910450000 7.8562010000 25.4000000000
71.7563630000 -37.0609820000 25.4000000000
71.7563630000 37.0609820000 25.4000000000
55.7580560000 -5.8375400000 25.4000000000
-14.4387580000 10.8104490000 25.4000000000
131.5361950000 -31.9757260000 25.4000000000
155.8637960000 15.5959140000 25.4000000000
18.2983250000 -5.2143670000 25.4000000000
71.9702100000 9.0711610000 25.4000000000
-9.9507920000 4.9779180000 25.4000000000
29.7933350000 -17.5777430000 25.4000000000
29.8295220000 17.5821040000 25.4000000000
23.7998940000 8.7844960000 25.4000000000
-1.5416640000 14.0325600000 25.4000000000
8.6112760000 26.5111860000 25.4000000000
8.6112760000 -26.5111860000 25.4000000000
146.6182450000 28.2233460000 25.4000000000
142.5561170000 -28.6919470000 25.4000000000
101.3552070000 27.0284410000 25.4000000000
87.8518560000 -4.6804040000 25.4000000000
101.0644380000 -27.0439970000 25.4000000000
89.8611590000 7.1902680000 25.4000000000
108.5382150000 -40.5479730000 25.4000000000
43.7715630000 -34.1979810000 25.4000000000
43.7715630000 34.1979810000 25.4000000000
62.9624410000 -30.3842460000 25.4000000000
62.9624410000 30.3842460000 25.4000000000
109.8741540000 -34.9137240000 25.4000000000
75.1846690000 10.4634370000 25.4000000000
160.8115850000 -25.6281080000 25.4000000000
55.7460600000 -1.9524840000 25.4000000000
108.7041990000 23.1242770000 25.4000000000
102.1948020000 -40.1068640000 25.4000000000
167.7464310000 -11.7829660000 25.4000000000
23.5778550000 -8.6705830000 25.4000000000
73.7573310000 -30.3098010000 25.4000000000
73.7573310000 30.3098010000 25.4000000000
40.9738980000 -17.2118200000 25.4000000000
40.9738980000 17.2118200000 25.4000000000
80.5495850000 -13.6689610000 25.4000000000
80.5495850000 13.6689610000 25.4000000000
54.3888430000 -35.2482470000 25.4000000000
54.3888430000 35.2482470000 25.4000000000
100.2915410000 -20.3677400000 25.4000000000
1.7191620000 -29.9437260000 25.4000000000
1.7191620000 29.9437260000 25.4000000000
105.4488090000 1.8554390000 25.4000000000
107.8429050000 4.4017700000 25.4000000000
-8.1098270000 -28.7438520000 25.4000000000
-8.1127850000 28.7413550000 25.4000000000
93.2833900000 22.3363600000 25.4000000000
11.9653740000 -31.0669790000 25.4000000000
11.9653740000 31.0669790000 25.4000000000
142.3424310000 18.3132380000 25.4000000000
150.8401840000 6.1234110000 25.4000000000
83.7293430000 -24.1653890000 25.4000000000
83.7293430000 24.1653890000 25.4000000000
52.9303430000 -30.5423570000 25.4000000000
52.9303430000 30.5423570000 25.4000000000
116.1940110000 5.1468340000 25.4000000000
86.7309040000 38.5376450000 25.4000000000
86.7484880000 -38.5177340000 25.4000000000
157.0418080000 9.9198710000 25.4000000000
39.0846270000 2.4989220000 25.4000000000
90.9622830000 -7.5800250000 25.4000000000
51.3613910000 -20.6156840000 25.4000000000
51.3613910000 20.6156840000 25.4000000000
118.8730570000 -2.1435630000 25.4000000000
166.5400190000 15.7040490000 25.4000000000
115.1278100000 33.5798240000 25.4000000000
88.5293880000 -18.5561140000 25.4000000000
88.5415020000 18.4429870000 25.4000000000
14.9714950000 -26.9801650000 25.4000000000
14.9714950000 26.9801650000 25.4000000000
158.3957870000 28.4242270000 25.4000000000
134.9264790000 23.4214900000 25.4000000000
122.6963690000 -27.6654030000 25.4000000000
101.7596370000 6.9455440000 25.4000000000
39.5266320000 -3.2228290000 25.4000000000
40.9234510000 -6.5583220000 25.4000000000
51.2770430000 -25.4777350000 25.4000000000
51.2770430000 25.4777350000 25.4000000000
108.8664820000 -13.9737070000 25.4000000000
118.1412340000 8.3965510000 25.4000000000
69.0601520000 -13.2459370000 25.4000000000
113.5792080000 -17.0857120000 25.4000000000
65.8196350000 8.1831480000 25.4000000000
102.0651910000 40.2517710000 25.4000000000
11.0003600000 -2.4041060000 25.4000000000
44.6715040000 1.1698420000 25.4000000000
17.3739160000 10.3936030000 25.4000000000
17.2505170000 -9.8786840000 25.4000000000
120.4363320000 24.1262450000 25.4000000000
141.2283580000 30.2189130000 25.4000000000
106.6750650000 -30.7798120000 25.4000000000
109.4072370000 26.9161770000 25.4000000000
1.8779110000 -11.4066570000 25.4000000000
-24.0340270000 6.7813750000 25.4000000000
124.1188020000 -18.0382930000 25.4000000000
63.9793990000 -12.8569430000 25.4000000000
64.9847490000 -8.5472470000 25.4000000000
150.7451300000 -3.1262470000 25.4000000000
32.4796820000 11.4043290000 25.4000000000
96.4735450000 4.2336130000 25.4000000000
149.2691370000 -30.2976070000 25.4000000000
137.9043320000 -41.2651070000 25.4000000000
110.5151760000 -27.3906050000 25.4000000000
146.8656110000 -13.8930810000 25.4000000000
160.8197490000 5.2284440000 25.4000000000
28.4131150000 -22.4069970000 25.4000000000
28.4131150000 22.4069970000 25.4000000000
134.9817410000 31.1337190000 25.4000000000
101.8970980000 3.3732380000 25.4000000000
-0.5738990000 -16.9503870000 25.4000000000
151.1978150000 -20.5431170000 25.4000000000
19.0727590000 -23.9983000000 25.4000000000
19.0727590000 23.9983000000 25.4000000000
55.9605960000 -24.6822810000 25.4000000000
55.9605960000 24.6822810000 25.4000000000
35.0507470000 -7.9560610000 25.4000000000
38.7491280000 -9.3787180000 25.4000000000
27.5589690000 -3.0601940000 25.4000000000
35.4911320000 -14.3994580000 25.4000000000
104.2307870000 -25.2475100000 25.4000000000
129.8821690000 32.8415500000 25.4000000000
61.5395750000 -2.6091560000 25.4000000000
74.1933460000 14.9401320000 25.4000000000
12.0092750000 6.8937420000 25.4000000000
-23.7658570000 -7.3408080000 25.4000000000
111.4321980000 -6.7909710000 25.4000000000
80.9306730000 -28.9971130000 25.4000000000
80.9306730000 28.9971130000 25.4000000000
109.1025270000 35.0698290000 25.4000000000
-27.5410690000 11.4442110000 25.4000000000
32.4694120000 -11.1578620000 25.4000000000
99.2427230000 17.0613080000 25.4000000000
41.1214620000 6.4806300000 25.4000000000
-27.3027280000 -12.5357500000 25.4000000000
35.9059440000 14.1193300000 25.4000000000
123.9466980000 -42.4274870000 25.4000000000
7.9384510000 10.7503450000 25.4000000000
13.4972900000 3.3141460000 25.4000000000
87.6335760000 -34.6842220000 25.4000000000
87.6907630000 34.6898380000 25.4000000000
111.8966500000 -0.4751750000 25.4000000000
107.6629400000 40.9809810000 25.4000000000
135.6941910000 -30.0541340000 25.4000000000
-16.3330780000 -13.0490410000 25.4000000000
35.5049430000 8.0975150000 25.4000000000
135.7883540000 41.7634310000 25.4000000000
86.6691700000 -11.2608040000 25.4000000000
86.6691700000 11.2608040000 25.4000000000
28.9723890000 -6.6836060000 25.4000000000
167.7217630000 12.2752820000 25.4000000000
145.5503620000 3.3549340000 25.4000000000
22.5611780000 0.8256120000 25.4000000000
133.7194810000 17.9689740000 25.4000000000
-0.2982970000 16.8825580000 25.4000000000
156.9734070000 -22.9294350000 25.4000000000
164.7022460000 0.0985600000 25.4000000000
5.1214590000 -15.3738470000 25.4000000000
-7.0044490000 -24.5944730000 25.4000000000
-6.6962730000 24.8860430000 25.4000000000
118.9839390000 -28.9484830000 25.4000000000
158.7311930000 -28.4144480000 25.4000000000
96.2489020000 30.9859590000 25.4000000000
100.7781350000 -30.6888620000 25.4000000000
117.5287200000 -19.2445000000 25.4000000000
49.7529530000 -4.6319000000 25.4000000000
82.2126800000 -1.7860020000 25.4000000000
-21.3536400000 20.2258410000 25.4000000000
39.4886400000 -29.3159880000 25.4000000000
39.4886400000 29.3159880000 25.4000000000
-0.9533660000 -0.7683800000 25.4000000000
2.0100430000 11.4778580000 25.4000000000
62.1239410000 -24.5851300000 25.4000000000
62.1239410000 24.5851300000 25.4000000000
96.2951810000 -30.9661660000 25.4000000000
103.5297130000 36.4000580000 25.4000000000
51.8801600000 6.4207230000 25.4000000000
19.2134320000 19.3614430000 25.4000000000
19.2134320000 -19.3614430000 25.4000000000
-3.5955840000 2.7739860000 25.4000000000
103.9631770000 -36.3303220000 25.4000000000
38.6222350000 9.6510810000 25.4000000000
163.7001150000 20.6328260000 25.4000000000
161.8614270000 13.5228160000 25.4000000000
164.0451680000 -21.0421370000 25.4000000000
99.7622830000 -6.0600950000 25.4000000000
-16.0201530000 -19.5957490000 25.4000000000
24.9483140000 -33.2380120000 25.4000000000
24.9483140000 33.2380120000 25.4000000000
113.9409640000 -36.6868840000 25.4000000000
168.8162910000 -8.4516370000 25.4000000000
-3.3430740000 20.1040940000 25.4000000000
55.1002930000 -20.4512920000 25.4000000000
55.0929120000 20.4418020000 25.4000000000
30.6227380000 -32.9993350000 25.4000000000
30.6227380000 32.9993350000 25.4000000000
43.4484310000 -12.6385140000 25.4000000000
43.3014810000 12.4883180000 25.4000000000
155.0093910000 25.7518010000 25.4000000000
-7.6768740000 10.6309320000 25.4000000000
143.3706870000 -9.7275300000 25.4000000000
76.8942190000 -25.8759260000 25.4000000000
76.8942190000 25.8759260000 25.4000000000
111.6830290000 -41.0272030000 25.4000000000
94.2878310000 18.2770280000 25.4000000000
141.4741790000 -39.9653240000 25.4000000000
121.8709940000 42.4441780000 25.4000000000
-17.8821100000 12.5831130000 25.4000000000
157.0295360000 31.5539760000 25.4000000000
162.8646930000 -10.1677140000 25.4000000000
114.0906100000 26.8695830000 25.4000000000
23.4400990000 -19.1064610000 25.4000000000
23.4400990000 19.1064610000 25.4000000000
-2.6201040000 -7.5965020000 25.4000000000
69.8729710000 24.0791910000 25.4000000000
69.5734850000 -24.3555870000 25.4000000000
112.5711170000 6.6853530000 25.4000000000
94.3284230000 -17.8311930000 25.4000000000
66.1813290000 1.3683160000 25.4000000000
68.2473350000 4.1876160000 25.4000000000
151.4878700000 -35.4955990000 25.4000000000
109.6381100000 13.3114050000 25.4000000000
-6.8201110000 0.1606360000 25.4000000000
82.9398140000 -33.4716280000 25.4000000000
82.9398140000 33.4716280000 25.4000000000
45.9814720000 -22.6035590000 25.4000000000
45.9814720000 22.6035590000 25.4000000000
11.1202750000 19.7721860000 25.4000000000
11.9709340000 -19.1354660000 25.4000000000
48.8211990000 -35.0652860000 25.4000000000
48.8211990000 35.0652860000 25.4000000000
61.1133520000 -18.5735150000 25.4000000000
24.3023440000 21.9790390000 25.4000000000
24.3023440000 -21.9790390000 25.4000000000
-19.4962560000 16.3237340000 25.4000000000
52.6888040000 -6.8939610000 25.4000000000
149.4785650000 22.5233510000 25.4000000000
62.7522760000 6.2592160000 25.4000000000
120.2243190000 30.9485120000 25.4000000000
106.1085600000 31.8810950000 25.4000000000
50.0690310000 -16.9485340000 25.4000000000
50.1906950000 16.9209540000 25.4000000000
109.9408060000 -23.8317700000 25.4000000000
140.9796170000 -35.7432280000 25.4000000000
100.7963030000 30.8146770000 25.4000000000
-19.2714920000 -22.8389990000 25.4000000000
123.5071300000 -38.0662810000 25.4000000000
112.4721850000 36.9565610000 25.4000000000
114.0425500000 22.7950620000 25.4000000000
-17.9585990000 5.7554820000 25.4000000000
115.5301990000 -23.1176200000 25.4000000000
164.1649950000 10.0913980000 25.4000000000
139.1161500000 40.8554180000 25.4000000000
106.6451630000 -5.3284490000 25.4000000000
74.2316070000 -14.5381460000 25.4000000000
146.2505700000 -32.5374420000 25.4000000000
83.4492680000 39.3658030000 25.4000000000
83.4492680000 -39.3658030000 25.4000000000
107.9920710000 -37.3008620000 25.4000000000
156.7858730000 4.1539320000 25.4000000000
154.8003100000 7.2163770000 25.4000000000
36.1560100000 34.5244540000 25.4000000000
36.1560100000 -34.5244540000 25.4000000000
104.0065500000 23.4306810000 25.4000000000
69.6165710000 12.9082880000 25.4000000000
99.9789970000 21.1068020000 25.4000000000
138.5103760000 -19.1866880000 25.4000000000
135.8071510000 27.6167370000 25.4000000000
73.5447900000 -3.7366840000 25.4000000000
147.1170000000 32.0098710000 25.4000000000
129.7421370000 -15.9362840000 25.4000000000
156.4240560000 -11.8300980000 25.4000000000
126.9867540000 -19.3058550000 25.4000000000
61.0899010000 19.2374890000 25.4000000000
123.5575310000 -7.1627870000 25.4000000000
146.5404560000 -23.5551140000 25.4000000000
147.7383350000 -20.2439580000 25.4000000000
138.9774630000 36.7653040000 25.4000000000
170.2182320000 1.3504690000 25.4000000000
154.8964220000 -26.6112340000 25.4000000000
165.0774340000 3.5591150000 25.4000000000
114.2099970000 -4.4636090000 25.4000000000
3.0207770000 -26.1051960000 25.4000000000
3.0387580000 26.1100770000 25.4000000000
57.6987900000 3.8575880000 25.4000000000
-5.2364850000 5.7734720000 25.4000000000
98.3444710000 25.7413630000 25.4000000000
121.5691140000 -21.3168460000 25.4000000000
-6.5220500000 -17.6349330000 25.4000000000
133.3189420000 -25.1165110000 25.4000000000
97.0882450000 36.0993410000 25.4000000000
134.8331200000 36.1900160000 25.4000000000
133.1664790000 -6.5285140000 25.4000000000
112.7188290000 -21.0434570000 25.4000000000
92.0647520000 -12.3448560000 25.4000000000
7.5454570000 2.8949080000 25.4000000000
62.5739680000 2.8809950000 25.4000000000
100.2686620000 -13.8668820000 25.4000000000
134.9628860000 -13.7838180000 25.4000000000
136.5976530000 -35.8718160000 25.4000000000
103.8339980000 -18.7949320000 25.4000000000
-7.3955720000 -10.7262900000 25.4000000000
91.8929540000 12.2380080000 25.4000000000
122.1218550000 -33.3012480000 25.4000000000
90.7395500000 16.3048410000 25.4000000000
7.4822740000 -10.2962900000 25.4000000000
96.6135720000 -11.3403700000 25.4000000000
165.1037730000 -6.5486730000 25.4000000000
144.0572200000 34.0288400000 25.4000000000
-19.1074370000 -16.8691120000 25.4000000000
43.7862980000 -26.1263670000 25.4000000000
43.7862980000 26.1263670000 25.4000000000
30.1791770000 6.4557360000 25.4000000000
138.3690330000 -9.3662730000 25.4000000000
81.6514350000 11.0969830000 25.4000000000
71.5111760000 -5.9658630000 25.4000000000
142.3036100000 -19.5101620000 25.4000000000
-6.3472920000 18.7930660000 25.4000000000
105.7654600000 27.9046500000 25.4000000000
152.7051510000 29.0082190000 25.4000000000
158.1743830000 -7.4663920000 25.4000000000
-11.8014670000 27.2664790000 25.4000000000
-18.1432390000 -7.0712120000 25.4000000000
151.4129140000 2.3892490000 25.4000000000
121.9889210000 38.3551700000 25.4000000000
95.5279420000 12.6779170000 25.4000000000
112.3438470000 -31.2491650000 25.4000000000
49.5183580000 -31.4993310000 25.4000000000
49.5183580000 31.4993310000 25.4000000000
137.9745310000 22.0501720000 25.4000000000
71.2950070000 -0.3580270000 25.4000000000
26.8201360000 -8.7018890000 25.4000000000
-11.4945580000 -27.6100860000 25.4000000000
97.0959270000 -36.0935510000 25.4000000000
139.3986160000 27.6218160000 25.4000000000
-10.4577550000 -7.0447770000 25.4000000000
147.9232170000 37.8030210000 25.4000000000
48.8017250000 -9.9122350000 25.4000000000
48.7784000000 9.9718280000 25.4000000000
110.8513200000 41.4388870000 25.4000000000
25.1005240000 -27.7535690000 25.4000000000
25.1005240000 27.7535690000 25.4000000000
83.1489890000 -27.3058330000 25.4000000000
83.1489890000 27.3058330000 25.4000000000
86.4821750000 2.8952240000 25.4000000000
95.4383120000 7.8579070000 25.4000000000
21.9973960000 6.7591780000 25.4000000000
2.6266360000 -17.8490220000 25.4000000000
21.1292130000 -28.1024860000 25.4000000000
21.1292130000 28.1024860000 25.4000000000
72.1194120000 5.9322660000 25.4000000000
21.4648300000 32.9654040000 25.4000000000
21.4648300000 -32.9654040000 25.4000000000
-19.8917940000 22.5957310000 25.4000000000
111.3867880000 31.2315280000 25.4000000000
64.4380610000 -33.1694140000 25.4000000000
64.4380610000 33.1694140000 25.4000000000
62.0631930000 -36.6427370000 25.4000000000
62.0631930000 36.6427370000 25.4000000000
87.2679590000 -2.0952490000 25.4000000000
60.9342620000 -5.6598670000 25.4000000000
90.6170600000 -16.3111360000 25.4000000000
99.6032920000 11.2515900000 25.4000000000
98.9805420000 40.2629980000 25.4000000000
115.3680980000 1.9647150000 25.4000000000
98.4623000000 -16.6950840000 25.4000000000
112.6691950000 18.6823950000 25.4000000000
88.5103700000 -25.3172130000 25.4000000000
88.5590670000 25.3273730000 25.4000000000
-13.5483950000 0.5013080000 25.4000000000
44.7135690000 -1.6236000000 25.4000000000
13.9988680000 -3.2783650000 25.4000000000
-5.9316660000 15.2129940000 25.4000000000
-11.0677850000 23.0324990000 25.4000000000
4.4372250000 16.3650250000 25.4000000000
131.5449040000 -35.0424360000 25.4000000000
147.7445040000 5.9118610000 25.4000000000
-29.9251800000 -4.6921000000 25.4000000000
150.4528740000 -25.4288290000 25.4000000000
108.6929920000 -10.4051410000 25.4000000000
99.1646360000 -40.2882950000 25.4000000000
57.3509440000 -28.4362660000 25.4000000000
57.3509440000 28.4362660000 25.4000000000
81.5327150000 -11.0012290000 25.4000000000
140.0998510000 31.8705730000 25.4000000000
121.5419230000 2.6592580000 25.4000000000
119.2332540000 -37.7501290000 25.4000000000
79.6128130000 -22.9946190000 25.4000000000
79.6128130000 22.9946190000 25.4000000000
-25.5292320000 16.4894460000 25.4000000000
106.1137330000 -28.0061070000 25.4000000000
154.6161660000 1.5296990000 25.4000000000
156.4084390000 -5.3872670000 25.4000000000
119.4200190000 -16.0555400000 25.4000000000
4.5888040000 6.9732060000 25.4000000000
141.8252390000 -31.2378960000 25.4000000000
5.8461720000 -31.0047820000 25.4000000000
5.8461720000 31.0047820000 25.4000000000
2.8067770000 -0.1329690000 25.4000000000
96.9332210000 16.2002880000 25.4000000000
120.4792340000 -42.5102220000 25.4000000000
140.6263510000 24.2088000000 25.4000000000
66.5559590000 -27.9958370000 25.4000000000
66.5559590000 27.9958370000 25.4000000000
116.2042600000 14.4832000000 25.4000000000
12.8718480000 -25.0883730000 25.4000000000
12.8718480000 25.0883730000 25.4000000000
17.7090860000 -7.4065440000 25.4000000000
128.1459070000 20.7827180000 25.4000000000
127.7196990000 17.9196340000 25.4000000000
122.3032280000 5.4122230000 25.4000000000
143.1354130000 8.1690130000 25.4000000000
104.1283650000 12.3303450000 25.4000000000
55.6314090000 16.4317090000 25.4000000000
39.5887080000 23.7031510000 25.4000000000
39.5887080000 -23.7031510000 25.4000000000
158.0280220000 18.0593260000 25.4000000000
122.0402170000 -3.0842080000 25.4000000000
147.1125150000 22.1508400000 25.4000000000
124.8420100000 -0.9637600000 25.4000000000
158.3593600000 -16.9720030000 25.4000000000
86.3532030000 -29.4019420000 25.4000000000
86.3532030000 29.4019420000 25.4000000000
74.0068050000 -38.2956310000 25.4000000000
74.0068050000 38.2956310000 25.4000000000
-23.0809760000 -11.9232740000 25.4000000000
23.7930800000 -13.2194650000 25.4000000000
82.9388550000 -19.0732540000 25.4000000000
82.9388550000 19.0732540000 25.4000000000
91.3259500000 1.9264950000 25.4000000000
103.4200580000 -2.7156110000 25.4000000000
141.1142790000 -13.7083770000 25.4000000000
15.8849680000 -15.8612520000 25.4000000000
15.9349000000 15.8965910000 25.4000000000
142.6828300000 -22.8082770000 25.4000000000
109.0831910000 10.2408530000 25.4000000000
9.4858740000 14.2259990000 25.4000000000
56.1525400000 -16.5731480000 25.4000000000
32.5152130000 -26.7951230000 25.4000000000
32.5152130000 26.7951230000 25.4000000000
87.1195640000 5.4345330000 25.4000000000
-23.6001370000 11.2444620000 25.4000000000
69.2061360000 -10.4776660000 25.4000000000
2.0937330000 18.9063550000 25.4000000000
84.1122630000 9.9144260000 25.4000000000
126.3937640000 -10.7894700000 25.4000000000
123.3253850000 18.1190900000 25.4000000000
145.0595260000 25.9090860000 25.4000000000
90.4415510000 -39.6498660000 25.4000000000
85.3183150000 32.5817590000 25.4000000000
85.3183150000 -32.5817590000 25.4000000000
84.2391060000 -9.9904290000 25.4000000000
-11.7116630000 -23.7962860000 25.4000000000
44.9540630000 -30.4354010000 25.4000000000
44.9540630000 30.4354010000 25.4000000000
-23.0927160000 0.6353570000 25.4000000000
27.0073860000 8.8359930000 25.4000000000
28.8382390000 12.0785400000 25.4000000000
61.6430110000 28.1703180000 25.4000000000
61.6430110000 -28.1703180000 25.4000000000
132.7952280000 21.1630030000 25.4000000000
-22.1218750000 -20.4445020000 25.4000000000
8.8819420000 -14.0676230000 25.4000000000
9.5387790000 24.3188790000 25.4000000000
9.6317060000 -23.8944510000 25.4000000000
23.7163910000 13.3074500000 25.4000000000
-4.1717010000 30.0500350000 25.4000000000
-4.1717010000 -30.0500350000 25.4000000000
124.0870710000 -24.0424260000 25.4000000000
-30.2100100000 4.3644000000 25.4000000000
113.0483450000 -27.4558230000 25.4000000000
74.4121940000 -21.2768290000 25.4000000000
74.2668850000 21.4252380000 25.4000000000
99.5922030000 -25.1899240000 25.4000000000
126.2411980000 10.4444380000 25.4000000000
101.9595300000 -8.4681940000 25.4000000000
66.9451000000 -4.8667830000 25.4000000000
137.9020540000 -27.7634870000 25.4000000000
166.9505930000 -16.0471970000 25.4000000000
152.8122970000 20.3648830000 25.4000000000
132.7216200000 -43.0107650000 25.4000000000
28.3354290000 -12.2137310000 25.4000000000
107.3641870000 -19.4130610000 25.4000000000
117.7389920000 38.9639600000 25.4000000000
83.5221210000 15.0983240000 25.4000000000
83.5215770000 -15.1042780000 25.4000000000
85.8738510000 -14.6599470000 25.4000000000
85.8653080000 14.5097710000 25.4000000000
94.8552140000 -13.2790230000 25.4000000000
111.6026070000 21.9994150000 25.4000000000
131.0246660000 2.7682860000 25.4000000000
90.5364130000 39.9907490000 25.4000000000
129.4537050000 36.3374660000 25.4000000000
69.5606210000 9.0528210000 25.4000000000
-2.6483990000 -25.8815850000 25.4000000000
-2.6483990000 25.8815850000 25.4000000000
130.4798950000 43.3746030000 25.4000000000
126.3551000000 -32.9968650000 25.4000000000
161.7575000000 -3.9040850000 25.4000000000
-14.3708560000 15.6714590000 25.4000000000
158.2994660000 -1.2683560000 25.4000000000
18.9810460000 13.6007450000 25.4000000000
18.9821430000 -13.5988770000 25.4000000000
6.6659810000 16.9106450000 25.4000000000
107.4634030000 19.3403160000 25.4000000000
-19.5224160000 -3.6800010000 25.4000000000
37.6746410000 -27.0881180000 25.4000000000
37.6746410000 27.0881180000 25.4000000000
-18.2248880000 -12.3054480000 25.4000000000
68.9929770000 -16.6894260000 25.4000000000
71.3273280000 17.8711290000 25.4000000000
109.5231150000 3.5536070000 25.4000000000
108.0226080000 32.8069980000 25.4000000000
-10.8088500000 7.3883610000 25.4000000000
-10.4191390000 -15.6794170000 25.4000000000
97.8032700000 -21.5936640000 25.4000000000
58.6784990000 -32.8214080000 25.4000000000
58.6784990000 32.8214080000 25.4000000000
17.2204610000 -32.3773780000 25.4000000000
17.2204610000 32.3773780000 25.4000000000
-16.4008330000 25.7291470000 25.4000000000
111.8818770000 28.1198500000 25.4000000000
20.0109760000 1.5723710000 25.4000000000
44.0646760000 9.7898650000 25.4000000000
130.8237230000 -20.9056080000 25.4000000000
128.3268030000 -43.2391470000 25.4000000000
111.6111730000 -19.4369030000 25.4000000000
53.5166110000 -11.2210450000 25.4000000000
16.9253840000 7.4033030000 25.4000000000
64.1113560000 -22.8610710000 25.4000000000
63.7316540000 22.8992600000 25.4000000000
34.7767250000 -0.7074710000 25.4000000000
78.2599960000 -38.4215190000 25.4000000000
78.2599960000 38.4215190000 25.4000000000
108.7386440000 -32.5146670000 25.4000000000
14.3983100000 -21.5669370000 25.4000000000
14.3906880000 21.5672710000 25.4000000000
-10.2319320000 15.8430870000 25.4000000000
-26.7106650000 -2.4511860000 25.4000000000
137.9289400000 -22.9614550000 25.4000000000
133.1387920000 9.0603020000 25.4000000000
92.1600370000 -0.6018790000 25.4000000000
120.9470590000 33.3903700000 25.4000000000
117.4344740000 19.1305610000 25.4000000000
2.4811050000 -20.2796860000 25.4000000000
53.5244660000 11.2352540000 25.4000000000
131.3948190000 -2.4422340000 25.4000000000
4.9138940000 -21.6335690000 25.4000000000
5.0082570000 21.5328800000 25.4000000000
108.5960920000 -1.4036050000 25.4000000000
61.3149040000 -12.1813960000 25.4000000000
126.7589980000 -5.0787090000 25.4000000000
145.6647320000 -39.0268250000 25.4000000000
0.0139020000 4.7177050000 25.4000000000
105.6789330000 14.2977750000 25.4000000000
102.1989480000 21.4562670000 25.4000000000
159.5602280000 2.8851560000 25.4000000000
76.4049760000 -12.4466930000 25.4000000000
124.8534070000 33.2995870000 25.4000000000
32.3051710000 3.6302900000 25.4000000000
107.4311560000 37.5673710000 25.4000000000
57.8558280000 -10.1156150000 25.4000000000
51.9517470000 15.1547680000 25.4000000000
92.1821950000 8.4438330000 25.4000000000
-16.1337620000 -8.4148330000 25.4000000000
74.4991290000 -24.5465760000 25.4000000000
74.4457410000 24.6212910000 25.4000000000
72.2174560000 -19.9924960000 25.4000000000
-6.3458910000 -5.4275080000 25.4000000000
59.7261330000 -23.7350200000 25.4000000000
59.7215970000 23.7337560000 25.4000000000
145.1978100000 9.6033490000 25.4000000000
161.3987530000 26.3693510000 25.4000000000
29.6930930000 0.9945150000 25.4000000000
-0.6330110000 7.9606840000 25.4000000000
126.9254110000 -2.5513460000 25.4000000000
147.5342720000 -7.8706870000 25.4000000000
85.8219270000 -23.9368640000 25.4000000000
85.8288830000 23.9383150000 25.4000000000
107.7149640000 -23.2306070000 25.4000000000
71.6892530000 -28.3315380000 25.4000000000
71.6892530000 28.3315380000 25.4000000000
119.2254220000 42.8006260000 25.4000000000
120.9493070000 18.0834070000 25.4000000000
103.8174410000 26.4673140000 25.4000000000
38.0139090000 -11.7883390000 25.4000000000
119.9220570000 14.1301930000 25.4000000000
-15.1457870000 8.5302180000 25.4000000000
-24.7943300000 -17.1418980000 25.4000000000
-27.0468100000 1.8935460000 25.4000000000
32.2735290000 8.8634490000 25.4000000000
17.8696080000 21.2805670000 25.4000000000
17.8696080000 -21.2805670000 25.4000000000
69.0647060000 -22.1796640000 25.4000000000
68.3914340000 21.7851890000 25.4000000000
61.6617250000 11.9707340000 25.4000000000
6.0706250000 -25.9805740000 25.4000000000
6.0838340000 25.9815560000 25.4000000000
59.5246890000 15.3733350000 25.4000000000
144.5145210000 -1.9572270000 25.4000000000
6.4446070000 -17.4235180000 25.4000000000
46.1920080000 -35.2443300000 25.4000000000
46.1920080000 35.2443300000 25.4000000000
56.7342670000 11.7613690000 25.4000000000
64.3999670000 -16.9428670000 25.4000000000
66.6233720000 37.3204160000 25.4000000000
66.6233720000 -37.3204160000 25.4000000000
-7.9703660000 -1.7253040000 25.4000000000
75.4677220000 12.7682760000 25.4000000000
76.9082940000 5.2504740000 25.4000000000
115.6347090000 -34.6263560000 25.4000000000
108.6323490000 -5.0680090000 25.4000000000
-12.0180840000 -4.6400380000 25.4000000000
-7.7301810000 -20.2259130000 25.4000000000
143.2688600000 20.6708640000 25.4000000000
169.5230370000 8.0482240000 25.4000000000
56.5647580000 7.2249950000 25.4000000000
-11.5653880000 -19.7219790000 25.4000000000
35.5586280000 5.9432290000 25.4000000000
92.1557340000 36.2062410000 25.4000000000
104.5905880000 18.6805460000 25.4000000000
92.1893550000 -36.1589790000 25.4000000000
138.3777620000 -5.8493350000 25.4000000000
45.5761810000 -24.4925230000 25.4000000000
45.5761810000 24.4925230000 25.4000000000
115.9432680000 31.3562520000 25.4000000000
-26.6234840000 6.9189120000 25.4000000000
51.9132560000 -15.1782260000 25.4000000000
148.4228430000 13.4213330000 25.4000000000
49.3311150000 -1.9955260000 25.4000000000
-16.3135160000 -25.8787930000 25.4000000000
123.8656550000 21.6928800000 25.4000000000
155.5717120000 -32.0641470000 25.4000000000
59.4854880000 -15.1120540000 25.4000000000
97.9302480000 2.5875300000 25.4000000000
69.5118600000 -37.8405060000 25.4000000000
69.5118600000 37.8405060000 25.4000000000
67.3511520000 17.8655700000 25.4000000000
139.9447760000 10.6809910000 25.4000000000
50.4318850000 -22.8908630000 25.4000000000
50.4318850000 22.8908630000 25.4000000000
34.1740220000 -30.2065920000 25.4000000000
34.1740220000 30.2065920000 25.4000000000
136.5592610000 -11.2777080000 25.4000000000
126.4274220000 -28.7778960000 25.4000000000
151.6393620000 -12.0543450000 25.4000000000
127.3398790000 25.8916820000 25.4000000000
120.6011920000 -26.6313860000 25.4000000000
102.7378860000 -21.2333220000 25.4000000000
90.4440290000 30.3687380000 25.4000000000
90.4440290000 -30.3687380000 25.4000000000
91.9223080000 -28.1221690000 25.4000000000
91.7311180000 27.9834080000 25.4000000000
48.7799350000 2.3458240000 25.4000000000
42.2521530000 -21.0826230000 25.4000000000
42.2521530000 21.0826230000 25.4000000000
128.4546630000 6.5298330000 25.4000000000
131.0137330000 10.4080750000 25.4000000000
44.0930570000 -9.9177520000 25.4000000000
32.6960520000 -8.7980770000 25.4000000000
37.6476160000 13.0386310000 25.4000000000
162.7169380000 -24.4281080000 25.4000000000
163.3433060000 15.1799020000 25.4000000000
104.9752870000 -41.3148960000 25.4000000000
78.8728850000 35.2131460000 25.4000000000
78.8728850000 -35.2131460000 25.4000000000
128.7760540000 14.4639610000 25.4000000000
153.2038370000 -2.7335050000 25.4000000000
81.9930050000 5.3541760000 25.4000000000
126.2056460000 43.3706370000 25.4000000000
2.3707440000 3.9121290000 25.4000000000
66.1123810000 -25.8127980000 25.4000000000
66.0259320000 25.8242140000 25.4000000000
64.5342930000 17.2603600000 25.4000000000
-15.0007710000 13.1288380000 25.4000000000
82.3844820000 -5.9231400000 25.4000000000
145.1530330000 -10.7011410000 25.4000000000
144.7467780000 -35.9538330000 25.4000000000
128.5566810000 9.1297310000 25.4000000000
128.0781030000 -25.2339520000 25.4000000000
161.7197340000 -20.0326760000 25.4000000000
169.9623500000 -3.6117210000 25.4000000000
134.0774050000 38.2760360000 25.4000000000
95.8544130000 -15.8011680000 25.4000000000
114.8358660000 -31.7177120000 25.4000000000
163.5957450000 -16.2044320000 25.4000000000
24.4214530000 4.8010490000 25.4000000000
166.4396360000 6.9873830000 25.4000000000
126.3733110000 4.8880060000 25.4000000000
114.9560160000 -13.4193640000 25.4000000000
0.1547760000 -22.6528940000 25.4000000000
0.2174380000 22.7052380000 25.4000000000
-23.0487830000 14.9215240000 25.4000000000
64.0183010000 -2.6136920000 25.4000000000
142.5383500000 -5.8295750000 25.4000000000
48.5298570000 4.9734160000 25.4000000000
165.4382550000 -11.5398630000 25.4000000000
94.2069930000 -32.7036380000 25.4000000000
135.5440600000 -38.3115150000 25.4000000000
94.2032060000 32.6993260000 25.4000000000
135.5972800000 12.9333960000 25.4000000000
137.8352110000 13.9452510000 25.4000000000
149.6679790000 -37.2791630000 25.4000000000
48.4093610000 -26.8224740000 25.4000000000
48.4093610000 26.8224740000 25.4000000000
53.0145210000 1.8679930000 25.4000000000
33.2281460000 14.2399920000 25.4000000000
126.2690910000 13.0399320000 25.4000000000
-7.8874480000 -8.5892500000 25.4000000000
123.9712590000 9.2410930000 25.4000000000
45.4722410000 17.1963430000 25.4000000000
45.4722410000 -17.1963430000 25.4000000000
136.4883580000 -18.1158520000 25.4000000000
144.0696250000 28.3264340000 25.4000000000
68.2241600000 -32.6534430000 25.4000000000
68.2241600000 32.6534430000 25.4000000000
145.8446640000 -27.2518900000 25.4000000000
126.2405180000 -23.5808790000 25.4000000000
123.9713600000 -9.5181890000 25.4000000000
142.5945840000 13.8650320000 25.4000000000
137.7723230000 6.6271680000 25.4000000000
33.0018840000 -14.5573220000 25.4000000000
131.3502870000 -10.5724520000 25.4000000000
128.6467510000 -9.2133230000 25.4000000000
159.1358600000 -23.7425180000 25.4000000000
83.9132260000 6.8553200000 25.4000000000
153.1742900000 -30.2449230000 25.4000000000
135.5025090000 5.3008080000 25.4000000000
148.7644620000 26.8811360000 25.4000000000
106.7112780000 6.5009670000 25.4000000000
126.7495850000 2.4755040000 25.4000000000
166.1575940000 18.4479120000 25.4000000000
29.0309420000 20.0233550000 25.4000000000
29.0264190000 -20.0228100000 25.4000000000
46.3687410000 -8.7659710000 25.4000000000
47.6675650000 29.6980900000 25.4000000000
47.6675650000 -29.6980900000 25.4000000000
142.1550880000 1.7724100000 25.4000000000
131.7724990000 -16.9004320000 25.4000000000
-8.5316890000 23.0065280000 25.4000000000
3.6986710000 -2.6626080000 25.4000000000
72.0795680000 20.3034390000 25.4000000000
-9.2375050000 2.5245500000 25.4000000000
5.0142310000 -10.9986950000 25.4000000000
159.2620230000 22.6993370000 25.4000000000
1.1085960000 -8.8183710000 25.4000000000
95.5230850000 21.4392490000 25.4000000000
166.9228440000 -3.0147540000 25.4000000000
137.9785700000 1.5690530000 25.4000000000
132.1861880000 -40.3924300000 25.4000000000
-2.7267650000 -16.0361530000 25.4000000000
22.7385580000 -11.0051890000 25.4000000000
160.3570090000 7.3194530000 25.4000000000
142.5472950000 37.0597050000 25.4000000000
95.0862260000 -40.3786970000 25.4000000000
46.3398790000 8.6404490000 25.4000000000
133.4727220000 1.5100670000 25.4000000000
132.9310780000 6.4541140000 25.4000000000
127.2828590000 -13.2035450000 25.4000000000
57.2409830000 14.4774390000 25.4000000000
38.5040840000 -34.8040060000 25.4000000000
38.5040840000 34.8040060000 25.4000000000
162.1084240000 19.4512870000 25.4000000000
-19.5028450000 7.7515120000 25.4000000000
37.4823780000 19.3458730000 25.4000000000
37.4769600000 -19.3310360000 25.4000000000
170.3809720000 3.8414990000 25.4000000000
106.8841360000 -14.4150100000 25.4000000000
153.9829700000 -10.7039560000 25.4000000000
145.5854540000 -18.4413880000 25.4000000000
137.6703970000 9.1685460000 25.4000000000
128.5967850000 -40.4613740000 25.4000000000
62.9785490000 -7.3688340000 25.4000000000
22.7397130000 11.0424630000 25.4000000000
143.4971360000 39.8655620000 25.4000000000
131.2011920000 -23.7280380000 25.4000000000
37.2152290000 -3.7671460000 25.4000000000
121.9019270000 10.7398770000 25.4000000000
118.8498520000 26.4412720000 25.4000000000
45.7455080000 -14.2442750000 25.4000000000
45.6850760000 14.1400180000 25.4000000000
48.2932410000 -13.0593380000 25.4000000000
48.2168180000 13.0870120000 25.4000000000
11.2168480000 2.0324800000 25.4000000000
-1.4634410000 1.4463640000 25.4000000000
100.5080990000 1.1814160000 25.4000000000
135.9441310000 -4.6827190000 25.4000000000
37.5200980000 22.0595170000 25.4000000000
37.5200980000 -22.0595170000 25.4000000000
52.4529500000 -36.2109000000 25.4000000000
52.4529500000 36.2109000000 25.4000000000
150.7779350000 32.3133980000 25.4000000000
56.2052250000 -12.0391240000 25.4000000000
135.6801060000 2.8153460000 25.4000000000
139.7961430000 5.4590630000 25.4000000000
-17.1216960000 20.4715580000 25.4000000000
153.0733690000 34.3990240000 25.4000000000
129.1593360000 -1.1959420000 25.4000000000
71.9205750000 -24.6650430000 25.4000000000
72.1824260000 25.0379200000 25.4000000000
140.3350820000 -2.2085310000 25.4000000000
135.4607280000 10.3655100000 25.4000000000
-3.5408700000 -20.8953340000 25.4000000000
133.5656650000 -1.0208090000 25.4000000000
128.6900610000 -6.7476780000 25.4000000000
128.9062520000 1.5378700000 25.4000000000
25.0132690000 0.4293960000 25.4000000000
-22.6131220000 -15.6575470000 25.4000000000
73.6871950000 -35.7509350000 25.4000000000
73.6871950000 35.7509350000 25.4000000000
20.9113450000 -17.2542200000 25.4000000000
20.9113450000 17.2542200000 25.4000000000
12.0900030000 -8.2043010000 25.4000000000
88.6848180000 -8.3425070000 25.4000000000
135.8510520000 -2.1403510000 25.4000000000
105.1496970000 41.4900030000 25.4000000000
17.7303850000 29.8796620000 25.4000000000
17.7303850000 -29.8796620000 25.4000000000
95.8023930000 -0.1856770000 25.4000000000
4.0214420000 1.8740580000 25.4000000000
142.3836140000 -0.7604990000 25.4000000000
136.0980080000 18.0146170000 25.4000000000
-3.4004560000 11.2584040000 25.4000000000
117.7154160000 -13.3519200000 25.4000000000
59.1796140000 -19.4625980000 25.4000000000
26.2263050000 29.6315170000 25.4000000000
26.2263050000 -29.6315170000 25.4000000000
53.7611000000 -0.5658560000 25.4000000000
116.3137780000 -42.4126900000 25.4000000000
18.5038910000 -0.4252940000 25.4000000000
15.7660550000 0.0533760000 25.4000000000
77.0870460000 -17.6079350000 25.4000000000
76.9133870000 17.7563320000 25.4000000000
-11.0622690000 -12.3719810000 25.4000000000
-14.8452290000 23.5687400000 25.4000000000
-0.0353870000 -4.3999550000 25.4000000000
124.3415430000 -14.1845280000 25.4000000000
-15.5584480000 -2.6673160000 25.4000000000
112.3218980000 16.1118080000 25.4000000000
12.0981970000 -10.8164500000 25.4000000000
12.0217290000 10.8191690000 25.4000000000
104.8806750000 -31.9148280000 25.4000000000
35.3953220000 -5.5546340000 25.4000000000
70.4240650000 4.2070210000 25.4000000000
10.0778140000 -31.9987330000 25.4000000000
10.0778140000 31.9987330000 25.4000000000
130.7650870000 5.2780050000 25.4000000000
3.8172060000 -13.4205220000 25.4000000000
4.3295840000 12.1325170000 25.4000000000
94.4306720000 -24.8615020000 25.4000000000
68.8766790000 -1.2557330000 25.4000000000
97.2962330000 -26.5331500000 25.4000000000
103.9383500000 -11.4965490000 25.4000000000
147.3271230000 1.6833440000 25.4000000000
96.7608800000 11.0843390000 25.4000000000
53.7916280000 7.6743240000 25.4000000000
95.9668210000 -8.8794010000 25.4000000000
2.5669660000 8.9552070000 25.4000000000
130.3309050000 40.5638270000 25.4000000000
131.5591560000 -4.6223020000 25.4000000000
138.0555050000 -0.9246720000 25.4000000000
141.4694680000 -11.4745740000 25.4000000000
157.2242870000 26.8900840000 25.4000000000
75.2914350000 28.8175090000 25.4000000000
75.2914350000 -28.8175090000 25.4000000000
104.8318130000 -0.3429520000 25.4000000000
-10.7521430000 -2.3381560000 25.4000000000
48.1327530000 -21.5757730000 25.4000000000
48.1327530000 21.5757730000 25.4000000000
100.3496140000 34.8264650000 25.4000000000
-26.3284760000 -7.5657350000 25.4000000000
25.0526000000 -17.5908030000 25.4000000000
25.0812060000 17.5481540000 25.4000000000
100.4976720000 -34.5614600000 25.4000000000
35.5328190000 18.0965640000 25.4000000000
35.5278360000 -18.0922990000 25.4000000000
99.3695970000 -11.7431120000 25.4000000000
123.3925440000 0.7552840000 25.4000000000
94.9169500000 40.3488180000 25.4000000000
151.9508990000 -14.7068430000 25.4000000000
121.9651240000 13.0764820000 25.4000000000
98.9997470000 23.4553440000 25.4000000000
117.0310190000 -39.6961280000 25.4000000000
33.5429290000 19.4123090000 25.4000000000
33.4882060000 -19.3883610000 25.4000000000
15.4344300000 3.5250520000 25.4000000000
66.4035680000 34.2591860000 25.4000000000
66.4035680000 -34.2591860000 25.4000000000
153.7398670000 -7.9491340000 25.4000000000
-23.8351060000 -2.1608490000 25.4000000000
-3.1435100000 -2.2009050000 25.4000000000
121.7675990000 22.3677740000 25.4000000000
7.5055650000 -1.3627450000 25.4000000000
58.9200160000 19.4329940000 25.4000000000
150.9606480000 -31.5631210000 25.4000000000
-30.1551210000 -7.2399880000 25.4000000000
113.3077130000 -11.4732860000 25.4000000000
37.8323060000 -14.1622400000 25.4000000000
140.0120660000 2.9499410000 25.4000000000
119.0009110000 -24.3562470000 25.4000000000
80.5236070000 -19.3835500000 25.4000000000
80.5236070000 19.3835500000 25.4000000000
70.4375540000 -33.8043650000 25.4000000000
70.4375540000 33.8043650000 25.4000000000
133.2533830000 14.4087960000 25.4000000000
97.2271570000 6.4682420000 25.4000000000
150.1825320000 37.0559330000 25.4000000000
-4.7160930000 23.8416250000 25.4000000000
-4.4897760000 -24.0939930000 25.4000000000
114.7682560000 42.4568230000 25.4000000000
-7.9034150000 -15.5652540000 25.4000000000
129.6647370000 24.4348980000 25.4000000000
9.4876150000 -11.7025440000 25.4000000000
155.1868870000 32.9263210000 25.4000000000
53.7643410000 -32.9342830000 25.4000000000
53.7643410000 32.9342830000 25.4000000000
103.1118010000 16.8998660000 25.4000000000
69.6560430000 -4.9255770000 25.4000000000
134.3542790000 -8.5739250000 25.4000000000
59.0383380000 2.3612780000 25.4000000000
149.8631810000 -8.5556280000 25.4000000000
136.1608030000 -42.3036550000 25.4000000000
116.7731840000 35.3885370000 25.4000000000
-0.2922080000 -12.7026320000 25.4000000000
9.6791510000 6.4679630000 25.4000000000
14.6304960000 32.6780510000 25.4000000000
14.6304960000 -32.6780510000 25.4000000000
152.4265740000 13.6557290000 25.4000000000
91.5494550000 4.1666780000 25.4000000000
59.5790260000 10.4470030000 25.4000000000
42.7301170000 -32.3122160000 25.4000000000
42.7301170000 32.3122160000 25.4000000000
-14.6132880000 -23.6705280000 25.4000000000
-27.1870460000 -14.6771080000 25.4000000000
119.6919930000 -32.6829310000 25.4000000000
-15.6334050000 6.1641170000 25.4000000000
100.3774090000 13.5972420000 25.4000000000
26.8205670000 -33.6823660000 25.4000000000
26.8205670000 33.6823660000 25.4000000000
142.8116220000 31.8568060000 25.4000000000
160.2210600000 -14.8218940000 25.4000000000
40.1154480000 4.6731410000 25.4000000000
52.1155850000 -27.6092200000 25.4000000000
52.1155850000 27.6092200000 25.4000000000
53.6963460000 -25.6057750000 25.4000000000
53.6963460000 25.6057750000 25.4000000000
13.6736270000 -14.4069600000 25.4000000000
13.6429150000 14.5103710000 25.4000000000
144.1592840000 -31.1707750000 25.4000000000
126.6973770000 40.6440480000 25.4000000000
122.0212520000 -10.8315220000 25.4000000000
74.6123840000 4.3656710000 25.4000000000
24.1613830000 -4.4398690000 25.4000000000
121.5236910000 -37.3358450000 25.4000000000
134.9249760000 -27.3975420000 25.4000000000
-14.2803980000 -16.0272640000 25.4000000000
29.2907690000 -29.7278250000 25.4000000000
29.2907690000 29.7278250000 25.4000000000
130.7553560000 -28.6237990000 25.4000000000
125.6691770000 -43.7879300000 25.4000000000
168.5037130000 -13.9934380000 25.4000000000
57.1964800000 -14.4078410000 25.4000000000
157.3669270000 20.3212470000 25.4000000000
-30.6598100000 -0.1132990000 25.4000000000
95.4037420000 -21.0551790000 25.4000000000
108.2519670000 14.5479960000 25.4000000000
3.1619390000 20.7126450000 25.4000000000
9.7991480000 11.9227820000 25.4000000000
66.6921350000 12.7701610000 25.4000000000
94.0613180000 24.8343340000 25.4000000000
32.7229450000 -1.3516810000 25.4000000000
34.8264050000 25.2917070000 25.4000000000
34.8264050000 -25.2917070000 25.4000000000
151.1080270000 -22.6490620000 25.4000000000
108.4947730000 -27.9815740000 25.4000000000
136.7141980000 31.9905770000 25.4000000000
44.4259580000 4.7864290000 25.4000000000
137.1360230000 -32.2062270000 25.4000000000
135.3409840000 -23.1535530000 25.4000000000
84.4918920000 -6.5356210000 25.4000000000
-19.0236990000 -0.6942240000 25.4000000000
166.7755540000 -0.6649280000 25.4000000000
-21.3122700000 2.8019440000 25.4000000000
158.8047870000 10.8719110000 25.4000000000
115.3805990000 39.8462880000 25.4000000000
64.7163990000 10.4993820000 25.4000000000
44.6134400000 -5.2736990000 25.4000000000
160.0753570000 0.6219550000 25.4000000000
148.6466240000 10.9642690000 25.4000000000
118.1348680000 -35.0524040000 25.4000000000
146.1653260000 17.1338740000 25.4000000000
129.3218300000 -36.5237040000 25.4000000000
96.8759830000 -2.0209720000 25.4000000000
113.3931600000 31.8551880000 25.4000000000
55.6211220000 -29.7453300000 25.4000000000
55.6211220000 29.7453300000 25.4000000000
130.9761270000 12.7939820000 25.4000000000
27.1182010000 4.2651290000 25.4000000000
115.3019930000 -27.0712380000 25.4000000000
123.8354780000 -40.3387580000 25.4000000000
91.9767340000 -9.7188070000 25.4000000000
29.8823380000 27.2967500000 25.4000000000
29.8823380000 -27.2967500000 25.4000000000
148.2198350000 18.4570560000 25.4000000000
103.6536980000 -23.4392020000 25.4000000000
118.0463830000 5.8436930000 25.4000000000
154.3019050000 16.8804290000 25.4000000000
-12.2443170000 -8.8040660000 25.4000000000
103.7314330000 -16.3238330000 25.4000000000
110.9720290000 -32.7742040000 25.4000000000
157.7964180000 15.4999430000 25.4000000000
129.5129580000 29.0895510000 25.4000000000
128.4010660000 -31.9655840000 25.4000000000
79.6549810000 -9.3162150000 25.4000000000
76.5498670000 -1.3713330000 25.4000000000
78.4349440000 -2.7837890000 25.4000000000
-29.0647160000 -11.0042930000 25.4000000000
39.3563010000 11.6535950000 25.4000000000
81.6735230000 -31.0735550000 25.4000000000
81.6735230000 31.0735550000 25.4000000000
-19.8481850000 11.2989640000 25.4000000000
133.8946370000 42.8534480000 25.4000000000
124.0991860000 14.1025400000 25.4000000000
95.0034920000 -37.5100280000 25.4000000000
67.3961880000 -18.7079750000 25.4000000000
142.9508480000 6.2512610000 25.4000000000
140.3654990000 -4.6569580000 25.4000000000
96.1039700000 33.7199490000 25.4000000000
-27.4070870000 15.0121620000 25.4000000000
116.9685840000 -30.4001610000 25.4000000000
78.0090230000 31.3490580000 25.4000000000
78.0090230000 -31.3490580000 25.4000000000
143.5849360000 -40.5044420000 25.4000000000
46.4435620000 6.1204540000 25.4000000000
59.4508590000 -37.0976590000 25.4000000000
59.4508590000 37.0976590000 25.4000000000
150.7246400000 9.9966580000 25.4000000000
32.8492560000 -4.3404100000 25.4000000000
133.4995800000 -31.0565070000 25.4000000000
76.2422610000 8.6655780000 25.4000000000
26.0311870000 -13.7287740000 25.4000000000
144.5726200000 -4.5810230000 25.4000000000
7.2198850000 -28.2617340000 25.4000000000
7.2214580000 28.2618510000 25.4000000000
93.6652420000 -4.1081600000 25.4000000000
63.2991080000 19.3316160000 25.4000000000
-24.7949770000 18.6793080000 25.4000000000
80.1521180000 -6.6198640000 25.4000000000
28.0014520000 -25.7104230000 25.4000000000
28.0014520000 25.7104230000 25.4000000000
150.2568080000 17.4276750000 25.4000000000
83.9470210000 1.9306000000 25.4000000000
66.6753120000 5.9460300000 25.4000000000
-10.8794420000 12.4091180000 25.4000000000
-17.3946800000 17.6947470000 25.4000000000
-18.7856390000 3.6546550000 25.4000000000
113.6923030000 1.4714520000 25.4000000000
-17.2822540000 1.5450670000 25.4000000000
100.5378240000 8.7831570000 25.4000000000
3.5051900000 -30.5627200000 25.4000000000
3.5051900000 30.5627200000 25.4000000000
169.4646650000 10.5928660000 25.4000000000
96.1316750000 -33.6820600000 25.4000000000
94.7209590000 37.5171490000 25.4000000000
122.1403650000 40.4767700000 25.4000000000
83.9151300000 21.8382580000 25.4000000000
83.9141360000 -21.8380500000 25.4000000000
62.9911230000 -19.2061310000 25.4000000000
90.8715930000 -14.4543100000 25.4000000000
-27.9283910000 -0.1969370000 25.4000000000
155.8677100000 -14.4925610000 25.4000000000
-9.9143050000 18.6441680000 25.4000000000
118.1379180000 -5.9593830000 25.4000000000
19.8952980000 -6.7793410000 25.4000000000
14.0229040000 -19.3634950000 25.4000000000
13.5495620000 19.1577630000 25.4000000000
133.0851240000 -20.1294190000 25.4000000000
150.0552510000 -18.8123760000 25.4000000000
97.2187430000 -6.7086050000 25.4000000000
-14.5990160000 -4.5563730000 25.4000000000
112.9391640000 -2.7025770000 25.4000000000
-20.1450850000 -8.3224790000 25.4000000000
79.3264060000 -26.8725540000 25.4000000000
79.3264060000 26.8725540000 25.4000000000
-11.6678590000 20.1232440000 25.4000000000
82.1856660000 35.6200090000 25.4000000000
82.1856660000 -35.6200090000 25.4000000000
-4.0164280000 -5.9446200000 25.4000000000
8.9533370000 -5.6842900000 25.4000000000
22.3674530000 -3.1891880000 25.4000000000
-12.9051980000 9.1487000000 25.4000000000
158.5274750000 -30.5661700000 25.4000000000
11.4735600000 15.4658080000 25.4000000000
11.3611750000 -15.5389590000 25.4000000000
131.6378940000 25.5973450000 25.4000000000
159.2961150000 -12.1548910000 25.4000000000
146.8403220000 -5.6397510000 25.4000000000
4.6137310000 -24.1556390000 25.4000000000
4.6215040000 24.2866980000 25.4000000000
2.3384390000 -4.9067180000 25.4000000000
7.8582600000 4.9666080000 25.4000000000
131.1171480000 34.5030290000 25.4000000000
78.3393360000 2.0991820000 25.4000000000
-7.3970000000 5.1896380000 25.4000000000
146.1687550000 14.1614140000 25.4000000000
31.8778190000 -22.8126220000 25.4000000000
31.8778190000 22.8126220000 25.4000000000
149.9381600000 -16.1188800000 25.4000000000
81.0442030000 39.1037420000 25.4000000000
81.0442030000 -39.1037420000 25.4000000000
117.3767290000 3.6191660000 25.4000000000
127.3649190000 32.5217490000 25.4000000000
128.2675240000 -27.4921320000 25.4000000000
-30.3599530000 6.6072260000 25.4000000000
110.5020560000 -12.3852180000 25.4000000000
1.5943330000 -27.6882140000 25.4000000000
1.5943330000 27.6882140000 25.4000000000
79.7511130000 9.1942200000 25.4000000000
41.8478020000 -34.9502640000 25.4000000000
41.8478020000 34.9502640000 25.4000000000
30.3469780000 -5.0256610000 25.4000000000
-0.0802690000 12.8052080000 25.4000000000
11.0886420000 26.1080500000 25.4000000000
11.0012550000 -25.9729300000 25.4000000000
133.6679880000 -15.9224750000 25.4000000000
-3.3793480000 14.0022770000 25.4000000000
-17.3648190000 -18.0196510000 25.4000000000
146.5402050000 -0.8466870000 25.4000000000
142.3838270000 16.2623220000 25.4000000000
-6.8099760000 30.3858890000 25.4000000000
-6.8079960000 -30.3862810000 25.4000000000
-6.7942710000 -13.0880800000 25.4000000000
106.6081680000 -9.4734380000 25.4000000000
106.5780520000 23.3191560000 25.4000000000
123.7244180000 7.1633750000 25.4000000000
153.6973910000 -34.6624520000 25.4000000000
19.7459540000 -10.8508560000 25.4000000000
19.7870620000 10.9574740000 25.4000000000
-17.7052460000 -14.5873310000 25.4000000000
61.3453960000 1.0975470000 25.4000000000
67.3731810000 20.0437270000 25.4000000000
66.4646790000 -13.0557530000 25.4000000000
67.4568070000 -8.7238390000 25.4000000000
123.3023460000 28.5542860000 25.4000000000
88.2305610000 9.1835940000 25.4000000000
148.8151950000 33.6101940000 25.4000000000
79.1977510000 -16.3857850000 25.4000000000
79.0168430000 16.4741900000 25.4000000000
74.3723800000 1.9558160000 25.4000000000
117.9208030000 -10.5501500000 25.4000000000
154.8915600000 9.9361610000 25.4000000000
26.6740330000 13.3044550000 25.4000000000
20.8488480000 -15.0749030000 25.4000000000
20.8453500000 15.0819150000 25.4000000000
89.6230250000 12.8907050000 25.4000000000
56.8958280000 -19.4203760000 25.4000000000
123.2300990000 26.3523920000 25.4000000000
88.5736920000 -12.4454130000 25.4000000000
50.5092960000 -7.3350810000 25.4000000000
125.3306400000 29.5598350000 25.4000000000
113.5089940000 11.8989990000 25.4000000000
117.0964460000 -0.8753720000 25.4000000000
131.5785630000 27.8586350000 25.4000000000
144.4155000000 12.3438960000 25.4000000000
27.8107000000 17.6891610000 25.4000000000
27.7708890000 -17.7117720000 25.4000000000
13.8539920000 -28.7738580000 25.4000000000
13.8539920000 28.7738580000 25.4000000000
141.1887830000 -33.5653480000 25.4000000000
127.7022360000 -16.8880940000 25.4000000000
68.3036320000 -29.9877040000 25.4000000000
68.3036320000 29.9877040000 25.4000000000
87.2386170000 -16.7396280000 25.4000000000
87.3402730000 16.6050650000 25.4000000000
39.4606720000 -15.7566670000 25.4000000000
39.7742130000 15.8328830000 25.4000000000
57.0814530000 -0.1722760000 25.4000000000
156.2098070000 -18.7664930000 25.4000000000
93.8151250000 3.7213130000 25.4000000000
66.6834380000 -21.0205630000 25.4000000000
139.3853910000 12.7234940000 25.4000000000
19.1354130000 3.7378100000 25.4000000000
78.1844840000 12.9774290000 25.4000000000
6.7710170000 19.5395470000 25.4000000000
106.1804700000 -36.4695370000 25.4000000000
133.8157640000 29.1949730000 25.4000000000
122.8565480000 -19.5655680000 25.4000000000
89.7520350000 -2.7191300000 25.4000000000
-17.6248640000 -21.2762090000 25.4000000000
115.7064490000 -18.0484620000 25.4000000000
-18.9404230000 24.7231420000 25.4000000000
129.8054910000 16.7233720000 25.4000000000
152.5368980000 11.2446170000 25.4000000000
152.6437980000 6.4437830000 25.4000000000
-29.1698820000 9.9556970000 25.4000000000
140.5091240000 -37.9131170000 25.4000000000
64.4363340000 -10.6919280000 25.4000000000
56.7419390000 18.9921620000 25.4000000000
135.8126150000 25.4074820000 25.4000000000
125.1545350000 24.3794910000 25.4000000000
123.4764690000 43.7717060000 25.4000000000
165.9531170000 11.2069820000 25.4000000000
148.9110680000 -4.2377480000 25.4000000000
154.6954750000 21.4158170000 25.4000000000
39.1583790000 -31.4779830000 25.4000000000
39.1583790000 31.4779830000 25.4000000000
169.8000690000 -6.4018080000 25.4000000000
88.0574350000 -40.1079310000 25.4000000000
87.5877920000 0.4458260000 25.4000000000
-14.9768960000 2.2885150000 25.4000000000
98.7108050000 -30.9284230000 25.4000000000
-10.5435790000 29.2630810000 25.4000000000
-20.8932650000 18.0155480000 25.4000000000
116.3318110000 27.2355330000 25.4000000000
6.6333550000 -19.9486730000 25.4000000000
149.8039000000 24.9241130000 25.4000000000
141.3253750000 41.3248730000 25.4000000000
84.4307090000 -2.2429800000 25.4000000000
151.7579890000 -6.9967920000 25.4000000000
166.7090500000 4.4827290000 25.4000000000
31.2798880000 16.1248080000 25.4000000000
88.3416900000 -20.8186540000 25.4000000000
88.3416900000 20.8186540000 25.4000000000
56.8906650000 -7.8361830000 25.4000000000
-5.4031020000 -19.4681400000 25.4000000000
27.3332320000 2.0112880000 25.4000000000
-18.7785640000 -24.8699910000 25.4000000000
60.1429220000 -10.3854820000 25.4000000000
93.4397890000 20.0981420000 25.4000000000
146.9096690000 -34.5429200000 25.4000000000
76.0507500000 -8.2743800000 25.4000000000
144.5212850000 36.0599410000 25.4000000000
18.4968830000 -2.9476780000 25.4000000000
154.0242560000 -17.8641050000 25.4000000000
-10.0759560000 -29.3719560000 25.4000000000
-11.7333380000 -0.5015310000 25.4000000000
156.8952980000 -27.4664770000 25.4000000000
122.8082650000 -29.6142440000 25.4000000000
-0.0152110000 30.9610660000 25.4000000000
-0.0152110000 -30.9610660000 25.4000000000
-7.7738520000 -22.7399480000 25.4000000000
150.3503580000 14.8007950000 25.4000000000
-17.6135520000 -2.4907000000 25.4000000000
128.6500930000 -20.6088260000 25.4000000000
10.7304150000 -29.6731730000 25.4000000000
10.7304150000 29.6731730000 25.4000000000
126.8731860000 -35.2139910000 25.4000000000
161.2927960000 -8.0405890000 25.4000000000
-25.0234770000 4.8452610000 25.4000000000
22.9116290000 23.2909580000 25.4000000000
22.9116290000 -23.2909580000 25.4000000000
127.2463320000 36.8283260000 25.4000000000
107.1174280000 9.1302670000 25.4000000000
31.5001610000 -31.2092120000 25.4000000000
31.5001610000 31.2092120000 25.4000000000
19.4173570000 -33.3001820000 25.4000000000
19.4173570000 33.3001820000 25.4000000000
112.8729970000 -38.6248970000 25.4000000000
65.1922930000 -0.4232030000 25.4000000000
91.7554060000 -23.4260370000 25.4000000000
138.7491060000 38.9549570000 25.4000000000
138.2184360000 16.2205190000 25.4000000000
112.1099050000 -15.8777490000 25.4000000000
140.5251350000 -23.6138410000 25.4000000000
99.7786930000 -9.6340850000 25.4000000000
149.4704400000 -11.8297530000 25.4000000000
56.1818020000 -36.6460390000 25.4000000000
56.1818020000 36.6460390000 25.4000000000
111.6020090000 -36.2168500000 25.4000000000
97.2529490000 -41.0715480000 25.4000000000
88.0869730000 40.1792370000 25.4000000000
76.4422830000 -5.7832500000 25.4000000000
-21.6348850000 -4.1686380000 25.4000000000
164.5106330000 22.8895180000 25.4000000000
-23.1698200000 -9.3992190000 25.4000000000
43.0413680000 17.5012390000 25.4000000000
43.0413680000 -17.5012390000 25.4000000000
78.4330840000 -13.2076940000 25.4000000000
-3.7950090000 -9.5404720000 25.4000000000
104.0492770000 32.2134370000 25.4000000000
137.1569570000 -13.4671800000 25.4000000000
58.2808170000 5.8268640000 25.4000000000
-12.0102550000 4.9025570000 25.4000000000
91.2663520000 14.2124090000 25.4000000000
61.1286030000 -31.5454850000 25.4000000000
61.1286030000 31.5454850000 25.4000000000
17.0894460000 17.7698160000 25.4000000000
17.0794600000 -17.7627480000 25.4000000000
67.6935920000 7.9853050000 25.4000000000
102.8668930000 -38.1210110000 25.4000000000
138.9636010000 -14.7039360000 25.4000000000
113.7191770000 -42.7187200000 25.4000000000
110.4646280000 5.6040990000 25.4000000000
93.5152090000 -20.1505420000 25.4000000000
116.4815040000 22.6566060000 25.4000000000
7.0816670000 -15.2370070000 25.4000000000
-5.2679040000 1.4439470000 25.4000000000
155.4851940000 -24.2871280000 25.4000000000
154.8601260000 -22.2017810000 25.4000000000
122.4196910000 -5.0469660000 25.4000000000
119.9568940000 -7.5401890000 25.4000000000
130.6096800000 21.0639510000 25.4000000000
-23.2096270000 8.5828250000 25.4000000000
98.8551280000 30.9723030000 25.4000000000
53.1756870000 3.9520720000 25.4000000000
84.9275890000 -19.4933040000 25.4000000000
84.9277880000 19.4933450000 25.4000000000
126.0421930000 21.9955650000 25.4000000000
119.5569010000 19.9238850000 25.4000000000
81.6067400000 23.7924060000 25.4000000000
81.6067400000 -23.7924060000 25.4000000000
169.5573180000 -10.3086710000 25.4000000000
7.7763830000 -32.1180830000 25.4000000000
7.7763830000 32.1180830000 25.4000000000
6.5904130000 9.1138360000 25.4000000000
115.9486230000 -9.0458550000 25.4000000000
16.9561770000 25.6015510000 25.4000000000
16.9561770000 -25.6015510000 25.4000000000
55.5806700000 -22.5311480000 25.4000000000
55.5763470000 22.5321500000 25.4000000000
-7.1228970000 21.0309410000 25.4000000000
168.3402850000 14.5617950000 25.4000000000
61.1161890000 14.0397360000 25.4000000000
142.9418630000 -14.9053590000 25.4000000000
64.4671810000 14.8230590000 25.4000000000
6.7270640000 -5.3316460000 25.4000000000
154.9315090000 30.4546390000 25.4000000000
24.8175080000 15.0545910000 25.4000000000
120.0525550000 6.9734720000 25.4000000000
109.6419740000 -42.1825220000 25.4000000000
125.2605160000 35.5844960000 25.4000000000
146.5749730000 -15.7872020000 25.4000000000
125.4842080000 17.4975390000 25.4000000000
70.9198790000 1.9694600000 25.4000000000
153.1325960000 24.8831360000 25.4000000000
-14.5179630000 27.5686260000 25.4000000000
23.8066780000 -6.6082700000 25.4000000000
34.2472550000 -12.4388780000 25.4000000000
99.0365350000 -37.9979000000 25.4000000000
-2.5038960000 -11.8399350000 25.4000000000
46.3885320000 -6.4065180000 25.4000000000
108.4538080000 -16.4701240000 25.4000000000
106.9763900000 0.1061430000 25.4000000000
37.6334180000 3.9545400000 25.4000000000
142.9712920000 -17.5297500000 25.4000000000
33.8717520000 -34.5108980000 25.4000000000
33.8717520000 34.5108980000 25.4000000000
-14.8333750000 -27.4959660000 25.4000000000
109.4607420000 -18.7305350000 25.4000000000
148.0326230000 -38.5733410000 25.4000000000
112.4958270000 42.6544790000 25.4000000000
157.7677120000 -9.9960760000 25.4000000000
170.5768120000 -1.0477410000 25.4000000000
162.6351710000 11.7427360000 25.4000000000
158.7871680000 4.8826030000 25.4000000000
34.3773390000 9.9720780000 25.4000000000
105.5588870000 36.5214310000 25.4000000000
116.2914640000 9.3084300000 25.4000000000
140.5454220000 -28.0099570000 25.4000000000
142.2882020000 -26.8121440000 25.4000000000
64.2268220000 -24.9825530000 25.4000000000
64.2268220000 24.9825530000 25.4000000000
160.4294450000 28.3238480000 25.4000000000
147.9515280000 -24.7510350000 25.4000000000
82.0792390000 3.1525520000 25.4000000000
58.6441560000 -2.1212150000 25.4000000000
97.0955560000 41.0180250000 25.4000000000
102.1641720000 25.1323940000 25.4000000000
57.4359640000 9.3670080000 25.4000000000
36.8774180000 -29.0391250000 25.4000000000
36.8774180000 29.0391250000 25.4000000000
-14.2093790000 4.4411320000 25.4000000000
5.3215200000 -7.0284580000 25.4000000000
114.4069380000 5.7003840000 25.4000000000
77.4240180000 -33.6364960000 25.4000000000
77.4240180000 33.6364960000 25.4000000000
29.0425190000 -15.7582270000 25.4000000000
29.1518140000 15.6703030000 25.4000000000
131.0996080000 -12.6021900000 25.4000000000
124.1463130000 -32.7311150000 25.4000000000
-8.9611590000 8.9867010000 25.4000000000
53.6230660000 -8.8891710000 25.4000000000
65.7632410000 21.4888550000 25.4000000000
16.5318220000 -4.2375830000 25.4000000000
134.8571780000 33.5075580000 25.4000000000
156.1895750000 13.6157920000 25.4000000000
-20.6299830000 -18.6536340000 25.4000000000
30.6332550000 -7.9376720000 25.4000000000
76.2389290000 -39.0272420000 25.4000000000
76.2389290000 39.0272420000 25.4000000000
42.4428600000 -8.0498310000 25.4000000000
21.7802460000 -19.2815940000 25.4000000000
21.7802460000 19.2815940000 25.4000000000
139.5199610000 34.3380510000 25.4000000000
-24.3827490000 -19.1306820000 25.4000000000
74.3299600000 -12.0865380000 25.4000000000
140.5677160000 -9.4933220000 25.4000000000
-1.9038080000 18.5111260000 25.4000000000
39.6251080000 -1.1675620000 25.4000000000
41.2811810000 -2.5004150000 25.4000000000
-24.9878440000 -5.7215470000 25.4000000000
-18.8023770000 14.4269380000 25.4000000000
3.0231600000 -7.2710480000 25.4000000000
154.5327650000 -0.6789190000 25.4000000000
111.4067770000 38.9554710000 25.4000000000
127.4054110000 28.1410640000 25.4000000000
163.1481770000 24.7997860000 25.4000000000
43.9463680000 -28.3992180000 25.4000000000
43.9463680000 28.3992180000 25.4000000000
-25.3323380000 -12.4878820000 25.4000000000
31.2951010000 -16.0849170000 25.4000000000
162.6427890000 8.3432980000 25.4000000000
72.9918530000 -10.3195300000 25.4000000000
78.1129040000 21.2290490000 25.4000000000
78.1129040000 -21.2290490000 25.4000000000
89.5920760000 -34.8640670000 25.4000000000
89.7047850000 34.8651520000 25.4000000000
70.9142930000 -14.1030470000 25.4000000000
166.9946210000 -7.3411150000 25.4000000000
39.4174040000 7.6926490000 25.4000000000
21.4163720000 30.4814470000 25.4000000000
21.4163720000 -30.4814470000 25.4000000000
163.6076680000 -8.1746890000 25.4000000000
23.1145950000 -27.3092020000 25.4000000000
23.1145950000 27.3092020000 25.4000000000
89.7855620000 -5.7038650000 25.4000000000
9.9508500000 -7.5170680000 25.4000000000
68.3756670000 14.5784560000 25.4000000000
54.8021290000 -3.9215780000 25.4000000000
81.0884700000 -0.2719750000 25.4000000000
122.3345430000 -16.9885060000 25.4000000000
-11.8166010000 25.0859090000 25.4000000000
152.2408950000 18.0939930000 25.4000000000
101.1697280000 16.0209610000 25.4000000000
42.7375130000 -5.9246320000 25.4000000000
64.4362700000 -14.7478620000 25.4000000000
94.9329460000 29.2571560000 25.4000000000
153.4452540000 26.9846960000 25.4000000000
35.5074950000 22.6066800000 25.4000000000
35.5074950000 -22.6066800000 25.4000000000
73.4784310000 -16.5656120000 25.4000000000
145.9743720000 39.3138760000 25.4000000000
46.5071080000 1.7467070000 25.4000000000
-0.5995040000 -8.0304720000 25.4000000000
61.1535140000 7.9536840000 25.4000000000
11.2392390000 -0.4174690000 25.4000000000
19.7704330000 -25.8067390000 25.4000000000
19.7704330000 25.8067390000 25.4000000000
28.8513030000 -1.5990100000 25.4000000000
20.2836440000 -4.2362140000 25.4000000000
103.1092260000 8.5299330000 25.4000000000
-3.8185550000 -13.4425450000 25.4000000000
46.3221440000 -19.8998920000 25.4000000000
46.3221440000 19.8998920000 25.4000000000
33.6191890000 -21.5433480000 25.4000000000
33.5962280000 21.5918940000 25.4000000000
91.7116390000 23.5829930000 25.4000000000
-7.2302440000 -26.9232870000 25.4000000000
-7.1680530000 26.9280320000 25.4000000000
149.9278460000 1.0365290000 25.4000000000
103.5908510000 -27.1417210000 25.4000000000
57.4853400000 -30.6205320000 25.4000000000
57.4853400000 30.6205320000 25.4000000000
-1.6455100000 -18.7800920000 25.4000000000
100.3878950000 -0.9571140000 25.4000000000
166.0081790000 -20.0621320000 25.4000000000
120.2021630000 -13.9841470000 25.4000000000
70.8284950000 10.8483020000 25.4000000000
160.7636520000 -27.7053880000 25.4000000000
42.4387450000 8.0547010000 25.4000000000
170.5425480000 5.8291370000 25.4000000000
76.2939930000 -19.9594230000 25.4000000000
76.2955100000 20.0741250000 25.4000000000
56.1787220000 -34.1350360000 25.4000000000
56.1787220000 34.1350360000 25.4000000000
52.3855370000 -13.0896360000 25.4000000000
95.7045090000 -4.9520420000 25.4000000000
58.1227180000 -6.0125540000 25.4000000000
114.5321710000 13.4943080000 25.4000000000
121.1506160000 35.9838840000 25.4000000000
72.0565610000 14.4449500000 25.4000000000
131.7600720000 -36.9544910000 25.4000000000
44.8161280000 -32.4100020000 25.4000000000
44.8161280000 32.4100020000 25.4000000000
147.4629710000 -30.9998380000 25.4000000000
139.6343050000 -31.5275070000 25.4000000000
114.0712470000 35.6414200000 25.4000000000
-15.2343340000 -17.7408590000 25.4000000000
136.9576390000 36.4753100000 25.4000000000
118.6859280000 -43.2551430000 25.4000000000
41.7459740000 -24.4189780000 25.4000000000
41.7459740000 24.4189780000 25.4000000000
41.7681890000 -27.8580850000 25.4000000000
41.7681890000 27.8580850000 25.4000000000
96.4041440000 26.4667360000 25.4000000000
94.3967030000 -28.6442760000 25.4000000000
-31.1089560000 -2.3020200000 25.4000000000
41.0764160000 2.0224620000 25.4000000000
147.0008980000 7.7144610000 25.4000000000
110.9050460000 12.2534200000 25.4000000000
86.7828370000 36.6487460000 25.4000000000
86.7612640000 -36.6563850000 25.4000000000
139.7832260000 -42.0090790000 25.4000000000
119.9274090000 -9.6323560000 25.4000000000
107.1224650000 -41.9314000000 25.4000000000
133.2253770000 -38.6381350000 25.4000000000
26.3664450000 -1.6193970000 25.4000000000
30.6830310000 -11.7820400000 25.4000000000
-1.7985620000 3.7282670000 25.4000000000
160.5226230000 -6.0031670000 25.4000000000
98.7412810000 38.0174750000 25.4000000000
105.6600000000 -24.1779230000 25.4000000000
-1.2527510000 -6.0637170000 25.4000000000
64.3567610000 37.8226960000 25.4000000000
64.3567610000 -37.8226960000 25.4000000000
33.9302280000 2.6678060000 25.4000000000
111.7252640000 -29.1452210000 25.4000000000
103.5093970000 1.8953680000 25.4000000000
39.9231840000 -11.4837050000 25.4000000000
12.2578940000 8.8525590000 25.4000000000
14.1475620000 7.5818380000 25.4000000000
108.1363250000 25.0877300000 25.4000000000
116.6545200000 -21.4615460000 25.4000000000
7.0616420000 21.5239570000 25.4000000000
122.8458230000 32.9802500000 25.4000000000
21.9548150000 -7.6203420000 25.4000000000
-6.6076240000 9.0837930000 25.4000000000
28.7924740000 7.5020990000 25.4000000000
64.4633700000 -29.1191220000 25.4000000000
64.4633700000 29.1191220000 25.4000000000
14.6558690000 11.6692150000 25.4000000000
13.8971420000 -11.8181890000 25.4000000000
108.4304150000 17.4443270000 25.4000000000
134.4324520000 -34.4711940000 25.4000000000
13.1599870000 -5.1221350000 25.4000000000
102.9790550000 38.2912300000 25.4000000000
24.0873650000 -25.4617330000 25.4000000000
24.0873650000 25.4617330000 25.4000000000
7.4655570000 0.9248710000 25.4000000000
50.1907860000 7.9289090000 25.4000000000
115.4004660000 -2.6381880000 25.4000000000
102.5599510000 -31.1920990000 25.4000000000
74.1086970000 8.7052280000 25.4000000000
-13.6389650000 19.7398380000 25.4000000000
37.2928600000 1.8582530000 25.4000000000
152.6915520000 -26.1639910000 25.4000000000
150.9418940000 7.9155680000 25.4000000000
41.7313890000 -14.9480580000 25.4000000000
41.7006110000 14.8916960000 25.4000000000
101.9020140000 12.3632810000 25.4000000000
52.3159340000 13.0317420000 25.4000000000
72.0614870000 -31.8615540000 25.4000000000
72.0614870000 31.8615540000 25.4000000000
159.2489850000 -21.4528610000 25.4000000000
92.8363010000 -40.7754540000 25.4000000000
138.2231700000 -25.0714210000 25.4000000000
120.0227050000 1.2242930000 25.4000000000
142.3881130000 22.9417020000 25.4000000000
107.8089130000 21.3988620000 25.4000000000
50.5086950000 11.3152550000 25.4000000000
50.5995620000 -11.4160880000 25.4000000000
163.1372830000 -1.5423820000 25.4000000000
74.3814970000 -32.0758290000 25.4000000000
74.3814970000 32.0758290000 25.4000000000
118.0130980000 12.9895450000 25.4000000000
71.4303830000 -17.9675860000 25.4000000000
157.0864780000 24.4843730000 25.4000000000
3.6674120000 14.1033020000 25.4000000000
158.7901760000 8.8188580000 25.4000000000
139.0007500000 -36.2733940000 25.4000000000
119.5613900000 -20.1302850000 25.4000000000
-2.5163630000 8.7770630000 25.4000000000
1.2635970000 -24.5086210000 25.4000000000
1.3553690000 24.5444340000 25.4000000000
137.7183540000 20.1152560000 25.4000000000
114.9086300000 -25.0756500000 25.4000000000
55.3236190000 3.3988610000 25.4000000000
15.7041030000 -7.9485920000 25.4000000000
49.5579540000 -14.9464660000 25.4000000000
49.5649710000 14.9381310000 25.4000000000
126.1256780000 -38.9222700000 25.4000000000
-16.3060320000 11.0891170000 25.4000000000
91.7686640000 10.2869570000 25.4000000000
163.6591320000 -4.9868230000 25.4000000000
93.5284850000 -8.3779690000 25.4000000000
101.7135230000 -19.1589330000 25.4000000000
154.2217800000 14.7161950000 25.4000000000
162.6901630000 4.2256910000 25.4000000000
51.5706860000 -2.5132740000 25.4000000000
26.4030610000 -22.0573840000 25.4000000000
26.4036270000 22.0574530000 25.4000000000
137.5578350000 42.6850420000 25.4000000000
83.4199060000 -0.2471930000 25.4000000000
72.7306790000 -2.1767760000 25.4000000000
100.5453640000 28.9411490000 25.4000000000
150.2962500000 28.6826600000 25.4000000000
110.9533190000 1.5163770000 25.4000000000
122.6561910000 -35.7503820000 25.4000000000
78.5929630000 -24.7863890000 25.4000000000
78.5929630000 24.7863890000 25.4000000000
50.1720270000 -36.5421190000 25.4000000000
50.1720270000 36.5421190000 25.4000000000
6.1395190000 -8.8992550000 25.4000000000
70.8203260000 -21.4017640000 25.4000000000
78.3003250000 -5.0506090000 25.4000000000
-26.5500100000 -10.2245080000 25.4000000000
132.4836810000 -27.1744420000 25.4000000000
164.3326600000 -23.0946210000 25.4000000000
96.0540390000 1.8748010000 25.4000000000
133.1604630000 31.5370750000 25.4000000000
5.9813950000 -3.0547690000 25.4000000000
100.9370280000 5.0577320000 25.4000000000
140.8503010000 19.4981360000 25.4000000000
-27.2427090000 9.4193220000 25.4000000000
110.7256710000 17.8643100000 25.4000000000
98.9842780000 -18.8384030000 25.4000000000
118.4405100000 -4.0568200000 25.4000000000
-25.6152700000 11.4941080000 25.4000000000
89.0339640000 1.7158400000 25.4000000000
146.4657990000 30.1078770000 25.4000000000
147.6421990000 -28.6910970000 25.4000000000
149.7432250000 -28.1388880000 25.4000000000
-20.5270690000 -12.2137120000 25.4000000000
46.7318390000 -1.9821460000 25.4000000000
115.8057200000 -6.4926310000 25.4000000000
8.2075370000 -18.7547310000 25.4000000000
23.6070190000 2.5168290000 25.4000000000
99.4838690000 6.8102970000 25.4000000000
100.2917980000 -28.7428420000 25.4000000000
98.8931900000 19.2377520000 25.4000000000
50.6596410000 -19.0247950000 25.4000000000
50.8359740000 19.0588920000 25.4000000000
151.9565350000 36.3016220000 25.4000000000
110.3857790000 36.7374730000 25.4000000000
-11.6252750000 -25.7854350000 25.4000000000
99.9519460000 3.2886080000 25.4000000000
-2.8344920000 28.0144590000 25.4000000000
-2.8344920000 -28.0144590000 25.4000000000
126.9085950000 -30.8580640000 25.4000000000
104.2294490000 -6.7395970000 25.4000000000
30.4798020000 11.3703050000 25.4000000000
79.6913450000 6.0243640000 25.4000000000
115.7024440000 18.3916510000 25.4000000000
73.5923240000 -7.8696000000 25.4000000000
13.6343450000 23.5885470000 25.4000000000
13.6416040000 -23.5882290000 25.4000000000
108.2295010000 28.5452060000 25.4000000000
91.3754680000 21.4011220000 25.4000000000
158.5784020000 30.3641910000 25.4000000000
104.9852210000 10.3752610000 25.4000000000
39.0165970000 -7.1679930000 25.4000000000
-19.3238020000 -10.3576280000 25.4000000000
87.4917460000 13.0034320000 25.4000000000
9.8411650000 18.7389440000 25.4000000000
11.7372800000 4.7635020000 25.4000000000
38.8442690000 25.5163260000 25.4000000000
38.8442690000 -25.5163260000 25.4000000000
-30.9382680000 2.2697030000 25.4000000000
-11.0289980000 1.6207240000 25.4000000000
97.7250200000 21.3575130000 25.4000000000
153.9741260000 -15.5026320000 25.4000000000
-13.8085140000 -12.4757040000 25.4000000000
73.3176170000 11.1020120000 25.4000000000
29.0993190000 33.7600780000 25.4000000000
29.0993190000 -33.7600780000 25.4000000000
110.2332740000 -8.2073170000 25.4000000000
99.5776720000 -22.7704020000 25.4000000000
130.6360440000 38.5925970000 25.4000000000
76.3991500000 0.8301360000 25.4000000000
92.1182850000 -5.7918590000 25.4000000000
54.4526480000 18.1696070000 25.4000000000
-22.0466830000 22.3469670000 25.4000000000
150.6586760000 -1.1353990000 25.4000000000
151.4029570000 21.6561660000 25.4000000000
61.0930970000 -8.2502930000 25.4000000000
112.5273490000 -8.1547650000 25.4000000000
144.3800400000 18.3216130000 25.4000000000
124.4426700000 -28.6356120000 25.4000000000
104.4569850000 -34.4204740000 25.4000000000
49.5503330000 0.5633200000 25.4000000000
31.5795960000 -34.4826960000 25.4000000000
31.5795960000 34.4826960000 25.4000000000
133.0680550000 -12.6877470000 25.4000000000
35.3718700000 -32.6668980000 25.4000000000
35.3718700000 32.6668980000 25.4000000000
155.0960870000 -4.0115140000 25.4000000000
159.9830430000 -18.8756060000 25.4000000000
92.8831960000 40.8856040000 25.4000000000
160.4307730000 18.3001630000 25.4000000000
59.8839060000 35.1201460000 25.4000000000
59.8839060000 -35.1201460000 25.4000000000
85.2464600000 -39.8497550000 25.4000000000
85.2464600000 39.8497550000 25.4000000000
-24.9546470000 1.5715810000 25.4000000000
68.1608610000 25.6516330000 25.4000000000
68.1497660000 -25.8552990000 25.4000000000
124.2646940000 16.1704630000 25.4000000000
-28.2490880000 13.3341750000 25.4000000000
37.8320730000 -32.9442860000 25.4000000000
37.8320730000 32.9442860000 25.4000000000
163.0011230000 -18.1309750000 25.4000000000
47.8855460000 -5.2221610000 25.4000000000
-11.2948250000 -17.4587960000 25.4000000000
140.4432600000 17.1287920000 25.4000000000
69.3816780000 17.2974180000 25.4000000000
31.5441330000 -18.6533020000 25.4000000000
31.5492120000 18.6524720000 25.4000000000
118.4991320000 30.7199760000 25.4000000000
119.6288120000 28.8588560000 25.4000000000
27.8396750000 -4.9208240000 25.4000000000
39.3400260000 -5.1979590000 25.4000000000
132.0482810000 16.9207020000 25.4000000000
119.9794660000 9.4862480000 25.4000000000
122.1918770000 -12.9701540000 25.4000000000
99.2886820000 -27.1515800000 25.4000000000
54.5569770000 -18.2592670000 25.4000000000
162.4885340000 0.2961050000 25.4000000000
138.7779430000 -17.0466830000 25.4000000000
109.9675590000 32.7119940000 25.4000000000
157.3898910000 -3.3586330000 25.4000000000
15.0385960000 1.8722230000 25.4000000000
111.0763040000 8.1654200000 25.4000000000
143.7438360000 3.0091010000 25.4000000000
-3.9127970000 7.1536510000 25.4000000000
59.7584770000 -28.1431890000 25.4000000000
59.7584770000 28.1431890000 25.4000000000
-13.7944200000 -19.6754740000 25.4000000000
163.8921650000 2.0193680000 25.4000000000
122.8282380000 -25.5609010000 25.4000000000
148.2278350000 20.5463050000 25.4000000000
104.7036430000 -4.5663540000 25.4000000000
105.9816820000 3.7649470000 25.4000000000
-2.0350320000 31.2883280000 25.4000000000
-2.0350320000 -31.2883280000 25.4000000000
44.2164200000 -21.4939820000 25.4000000000
44.2164200000 21.4939820000 25.4000000000
91.6520030000 -21.3700460000 25.4000000000
-22.7090310000 4.9541240000 25.4000000000
-3.7910660000 21.9211740000 25.4000000000
119.7444600000 -40.1961380000 25.4000000000
113.0243330000 8.6303710000 25.4000000000
-1.7566500000 21.3005810000 25.4000000000
113.8035870000 38.3997500000 25.4000000000
16.9459730000 4.8527100000 25.4000000000
-15.4206490000 -21.5388850000 25.4000000000
8.3131740000 -22.3463830000 25.4000000000
10.2157530000 22.0336170000 25.4000000000
24.7184410000 -15.2567100000 25.4000000000
124.4403120000 39.0890050000 25.4000000000
47.4341330000 -17.5637750000 25.4000000000
47.4341330000 17.5637750000 25.4000000000
-7.9432610000 15.0812080000 25.4000000000
114.9427250000 -38.5387040000 25.4000000000
161.3755340000 21.2225050000 25.4000000000
163.2149320000 -12.5936190000 25.4000000000
129.2776910000 31.0673280000 25.4000000000
-12.9742730000 23.7732130000 25.4000000000
161.8697510000 17.0577800000 25.4000000000
9.3294490000 -1.7160240000 25.4000000000
8.7440320000 8.5358240000 25.4000000000
100.4696270000 -32.5220750000 25.4000000000
100.0203840000 -15.5842950000 25.4000000000
107.9678620000 -35.4087410000 25.4000000000
-15.5345060000 -10.9288670000 25.4000000000
92.3092640000 -17.7087940000 25.4000000000
2.0701020000 16.4715550000 25.4000000000
118.3496410000 23.5713980000 25.4000000000
-0.4490400000 -28.1105930000 25.4000000000
-0.4490400000 28.1105930000 25.4000000000
76.8938370000 11.0349920000 25.4000000000
69.6486340000 -8.7060700000 25.4000000000
116.6517270000 43.3586320000 25.4000000000
67.2826390000 0.0764190000 25.4000000000
107.4534500000 2.4649100000 25.4000000000
124.1527930000 -16.1599840000 25.4000000000
-0.2993920000 -15.0125200000 25.4000000000
28.0701110000 -14.2186690000 25.4000000000
84.5072960000 -28.3268760000 25.4000000000
84.5072960000 28.3268760000 25.4000000000
-20.9182470000 0.4402590000 25.4000000000
134.8353750000 -19.7279150000 25.4000000000
80.8138610000 -34.6253500000 25.4000000000
80.8138610000 34.6253500000 25.4000000000
77.6577780000 -9.1674810000 25.4000000000
63.0297060000 -34.6713600000 25.4000000000
63.0297060000 34.6713600000 25.4000000000
145.2894300000 21.6435620000 25.4000000000
99.6479010000 -4.0996930000 25.4000000000
11.1982430000 -17.5326510000 25.4000000000
30.9289890000 -0.7114060000 25.4000000000
-21.8133010000 7.0621100000 25.4000000000
167.4447800000 -9.8283030000 25.4000000000
148.8636160000 35.6656480000 25.4000000000
76.1384410000 -30.5063380000 25.4000000000
76.1384410000 30.5063380000 25.4000000000
-12.7703120000 11.8598010000 25.4000000000
59.8696520000 21.5751300000 25.4000000000
156.2475430000 -0.3261980000 25.4000000000
9.9560540000 -3.9785820000 25.4000000000
101.3804870000 -4.6396840000 25.4000000000
151.5997750000 -4.8122850000 25.4000000000
119.0133510000 34.4393150000 25.4000000000
148.6340690000 -2.1496980000 25.4000000000
145.9839180000 -25.2336430000 25.4000000000
19.3530110000 7.3090350000 25.4000000000
110.8953530000 14.6000460000 25.4000000000
144.9084470000 -14.1620370000 25.4000000000
-19.4633200000 9.5209320000 25.4000000000
-9.2518610000 -23.8204580000 25.4000000000
-28.2626290000 -3.6510440000 25.4000000000
166.9140140000 -18.0812460000 25.4000000000
133.1347310000 35.1321720000 25.4000000000
10.4574790000 -21.2037550000 25.4000000000
-1.9285310000 15.8883310000 25.4000000000
-5.3754150000 -1.0220830000 25.4000000000
34.2741910000 12.3231200000 25.4000000000
-7.2323010000 12.6348980000 25.4000000000
-0.0345570000 15.0070270000 25.4000000000
-30.1497690000 -9.0499030000 25.4000000000
149.5596390000 -21.0763600000 25.4000000000
20.1813170000 5.4094390000 25.4000000000
70.3243850000 -35.8912070000 25.4000000000
70.3243850000 35.8912070000 25.4000000000
167.8447800000 16.8674280000 25.4000000000
110.3609390000 29.1501890000 25.4000000000
14.4554170000 -1.3429760000 25.4000000000
40.8989340000 -31.1557730000 25.4000000000
40.8989340000 31.1557730000 25.4000000000
149.2412470000 -35.0359070000 25.4000000000
92.2187460000 -2.6804110000 25.4000000000
100.5697690000 41.4895320000 25.4000000000
90.3755110000 26.3155560000 25.4000000000
90.3365410000 -26.3287620000 25.4000000000
95.2286670000 14.7078670000 25.4000000000
156.6373830000 8.1259640000 25.4000000000
-22.7721100000 -5.8093330000 25.4000000000
74.8591690000 -2.5874710000 25.4000000000
15.3157010000 17.8366840000 25.4000000000
15.3447250000 -17.8996870000 25.4000000000
6.0807680000 5.7115670000 25.4000000000
-5.5359530000 10.8168080000 25.4000000000
-18.9149970000 -5.3960900000 25.4000000000
11.3876940000 17.6325880000 25.4000000000
130.6276160000 -43.9224550000 25.4000000000
100.4674940000 32.5703210000 25.4000000000
102.1228450000 31.8592690000 25.4000000000
159.0598980000 -26.4161650000 25.4000000000
62.3529510000 17.7309320000 25.4000000000
119.9360180000 37.8461350000 25.4000000000
104.2233450000 6.9687210000 25.4000000000
102.2264310000 -25.3306260000 25.4000000000
-15.2918290000 21.4376980000 25.4000000000
-4.7904940000 -16.8279750000 25.4000000000
146.0702040000 24.0150420000 25.4000000000
66.5738110000 -6.9714630000 25.4000000000
88.2565980000 -29.6146750000 25.4000000000
88.2565980000 29.6146750000 25.4000000000
34.4023830000 -9.9585870000 25.4000000000
113.9714870000 -15.1736940000 25.4000000000
159.6989790000 -2.6927470000 25.4000000000
89.4613780000 32.9554410000 25.4000000000
89.4613780000 -32.9554410000 25.4000000000
96.6688060000 -17.6829510000 25.4000000000
60.0173950000 -21.5937370000 25.4000000000
136.2362260000 29.6580370000 25.4000000000
-21.7204680000 11.8480380000 25.4000000000
133.5533640000 24.6185860000 25.4000000000
0.6241020000 -18.3839730000 25.4000000000
87.5059000000 -27.8568000000 25.4000000000
87.5059000000 27.8568000000 25.4000000000
-21.5348040000 16.0713370000 25.4000000000
80.3904150000 1.6542450000 25.4000000000
129.4125780000 22.5673160000 25.4000000000
160.7839110000 24.5066350000 25.4000000000
75.2964490000 -16.4216110000 25.4000000000
36.3304140000 -9.3732790000 25.4000000000
143.0129860000 24.6181270000 25.4000000000
51.7803250000 -5.0912100000 25.4000000000
145.9748640000 -8.9756550000 25.4000000000
151.6054990000 4.2727640000 25.4000000000
-23.6499680000 20.3470220000 25.4000000000
105.1849700000 -13.4505500000 25.4000000000
115.6890590000 28.9560540000 25.4000000000
36.3765810000 -12.8187140000 25.4000000000
53.0289200000 -21.9076630000 25.4000000000
53.0272470000 21.9064500000 25.4000000000
51.5007070000 -31.7108530000 25.4000000000
51.5007070000 31.7108530000 25.4000000000
102.7087000000 -41.6427060000 25.4000000000
-11.5210950000 -21.9096800000 25.4000000000
-18.9728300000 21.0585690000 25.4000000000
43.6018530000 -0.3074930000 25.4000000000
161.3114140000 -11.3994210000 25.4000000000
-1.5536360000 -21.2735740000 25.4000000000
38.0649690000 14.6762500000 25.4000000000
92.4844070000 17.7678570000 25.4000000000
138.5557030000 -20.8772090000 25.4000000000
-9.6287690000 -20.0773980000 25.4000000000
86.0438950000 -3.9826120000 25.4000000000
33.3408160000 28.4993150000 25.4000000000
33.3408160000 -28.4993150000 25.4000000000
114.2617150000 9.9850600000 25.4000000000
-0.7753520000 -24.3226420000 25.4000000000
-0.7753520000 24.3226420000 25.4000000000
24.6661950000 7.1945240000 25.4000000000
36.3597740000 -1.9677110000 25.4000000000
117.3596010000 -23.2507210000 25.4000000000
-5.7880980000 -9.8067050000 25.4000000000
121.6340100000 -6.8105470000 25.4000000000
136.2460310000 -9.1104860000 25.4000000000
91.8650310000 -31.9439620000 25.4000000000
91.8646870000 31.9441790000 25.4000000000
33.9965090000 4.3311750000 25.4000000000
16.2462690000 -28.1937720000 25.4000000000
16.2462690000 28.1937720000 25.4000000000
60.7114190000 -0.8041870000 25.4000000000
102.6716620000 41.7289970000 25.4000000000
44.6135030000 2.8511430000 25.4000000000
125.1657370000 -36.6067990000 25.4000000000
-12.1780130000 -15.8543950000 25.4000000000
39.3264520000 -18.2139640000 25.4000000000
39.3850290000 18.2439770000 25.4000000000
154.8557800000 23.5455670000 25.4000000000
103.7139300000 34.5845770000 25.4000000000
95.9202310000 9.5685810000 25.4000000000
-21.9725890000 -7.8831760000 25.4000000000
41.5134400000 19.0614480000 25.4000000000
41.5036770000 -19.0564460000 25.4000000000
128.3451320000 -38.3447180000 25.4000000000
132.5847400000 -8.9356810000 25.4000000000
19.6659300000 29.4474500000 25.4000000000
19.6659300000 -29.4474500000 25.4000000000
110.3872900000 23.1214460000 25.4000000000
64.2903330000 -20.6994760000 25.4000000000
118.8605260000 -30.8914380000 25.4000000000
113.9518880000 -9.5408820000 25.4000000000
142.4194130000 -7.8500730000 25.4000000000
-8.9604040000 -11.8383630000 25.4000000000
-11.9585240000 -10.7302930000 25.4000000000
95.0076850000 5.9023690000 25.4000000000
56.9442780000 -3.9730460000 25.4000000000
131.8127600000 -30.3193350000 25.4000000000
91.3026030000 -37.8869630000 25.4000000000
93.0516230000 -34.1984750000 25.4000000000
136.3079310000 21.8346790000 25.4000000000
108.0668120000 -3.2680600000 25.4000000000
70.0986060000 -29.0433830000 25.4000000000
70.0986060000 29.0433830000 25.4000000000
93.0475420000 34.2068850000 25.4000000000
63.6377160000 7.9956220000 25.4000000000
86.1967260000 -5.8908160000 25.4000000000
41.0553480000 12.5823820000 25.4000000000
-15.9051610000 -6.1988680000 25.4000000000
56.2908030000 -26.7380730000 25.4000000000
56.2908030000 26.7380730000 25.4000000000
128.3453380000 44.1898080000 25.4000000000
108.9584930000 42.3395370000 25.4000000000
82.0615280000 -3.7319360000 25.4000000000
139.1077890000 -39.7866840000 25.4000000000
-28.6250520000 6.0382930000 25.4000000000
151.3675250000 -33.4975810000 25.4000000000
9.7412520000 -27.9921040000 25.4000000000
9.7518430000 28.0082040000 25.4000000000
107.0692250000 -39.2562570000 25.4000000000
165.8617460000 13.9803280000 25.4000000000
109.0185030000 -38.8341170000 25.4000000000
8.6140210000 -8.8001040000 25.4000000000
126.6462900000 -21.2851410000 25.4000000000
-5.5329490000 17.2390420000 25.4000000000
87.7356650000 -22.7616760000 25.4000000000
87.7357900000 22.7705530000 25.4000000000
106.1268000000 -7.5838200000 25.4000000000
-4.3269330000 -4.1450470000 25.4000000000
101.8525150000 -15.2025800000 25.4000000000
151.0088130000 -29.6932970000 25.4000000000
32.4287020000 -24.6899230000 25.4000000000
32.4287020000 24.6899230000 25.4000000000
71.5689420000 38.9257970000 25.4000000000
71.5689420000 -38.9257970000 25.4000000000
3.2340370000 5.5993170000 25.4000000000
159.9780700000 14.3236320000 25.4000000000
48.6777010000 -33.1737840000 25.4000000000
48.6777010000 33.1737840000 25.4000000000
168.4389930000 3.0338490000 25.4000000000
57.6562120000 23.6774340000 25.4000000000
57.6582100000 -23.6763240000 25.4000000000
64.1735450000 1.7515510000 25.4000000000
91.0542400000 38.0424450000 25.4000000000
104.6708380000 15.8705910000 25.4000000000
42.6273520000 5.5364540000 25.4000000000
118.7153830000 40.9338910000 25.4000000000
112.9460490000 20.6028550000 25.4000000000
169.4748310000 -12.4660500000 25.4000000000
152.8725900000 -21.3812520000 25.4000000000
7.6848410000 14.9476700000 25.4000000000
-8.1592220000 -6.3246510000 25.4000000000
37.3553880000 7.8734070000 25.4000000000
129.5064720000 -13.7606490000 25.4000000000
-21.0945380000 -16.7374310000 25.4000000000
80.4435680000 -2.1795900000 25.4000000000
12.3645800000 -32.7899280000 25.4000000000
12.3645800000 32.7899280000 25.4000000000
25.3322990000 9.8388560000 25.4000000000
102.2182210000 -35.6053460000 25.4000000000
27.3934090000 -10.3657020000 25.4000000000
100.3275740000 25.3794560000 25.4000000000
101.9105140000 -12.8519060000 25.4000000000
-12.3062310000 16.0603230000 25.4000000000
70.8215320000 26.6760540000 25.4000000000
70.8215320000 -26.6760540000 25.4000000000
0.7226590000 9.2831920000 25.4000000000
89.4701510000 5.5735310000 25.4000000000
94.1057860000 -0.2852580000 25.4000000000
156.2541800000 17.1368170000 25.4000000000
100.7820140000 -39.1748250000 25.4000000000
75.1837450000 -33.9763220000 25.4000000000
75.1837450000 33.9763220000 25.4000000000
152.3609020000 -19.0935710000 25.4000000000
148.2362560000 -14.9923520000 25.4000000000
5.8696640000 1.8879680000 25.4000000000
90.3539980000 18.1279950000 25.4000000000
25.2952110000 -9.6579280000 25.4000000000
22.6565630000 -1.1361860000 25.4000000000
37.6126390000 11.1410980000 25.4000000000
144.4635970000 -28.4809770000 25.4000000000
147.1885790000 9.8834430000 25.4000000000
61.9589630000 4.5956060000 25.4000000000
53.4891230000 9.4819880000 25.4000000000
125.7833700000 -17.4871980000 25.4000000000
62.2530720000 -17.4631490000 25.4000000000
122.0915560000 -43.6727820000 25.4000000000
-8.7348400000 30.3652970000 25.4000000000
41.2966320000 -22.6647080000 25.4000000000
41.2966320000 22.6647080000 25.4000000000
-9.3933340000 11.2463320000 25.4000000000
84.7978420000 37.9529910000 25.4000000000
84.8783710000 -37.8928930000 25.4000000000
90.4410910000 -24.6473410000 25.4000000000
50.7287110000 1.6744630000 25.4000000000
54.7029880000 -7.3847450000 25.4000000000
57.2911530000 1.8496030000 25.4000000000
137.0629490000 40.5334780000 25.4000000000
16.3218040000 21.8401480000 25.4000000000
16.3228930000 -21.8401000000 25.4000000000
70.4602760000 21.7085050000 25.4000000000
116.5211310000 16.3538380000 25.4000000000
-8.7075940000 -30.3682020000 25.4000000000
14.7140460000 25.1403550000 25.4000000000
14.7143610000 -25.1403410000 25.4000000000
-1.0564290000 -2.7362600000 25.4000000000
35.1802140000 -16.2166790000 25.4000000000
165.3218250000 -1.6031260000 25.4000000000
-21.8118870000 -22.2542370000 25.4000000000
118.0124010000 10.6621120000 25.4000000000
156.7761570000 29.2474150000 25.4000000000
60.9218700000 -26.2223760000 25.4000000000
60.9211140000 26.2221650000 25.4000000000
71.0427440000 -10.4382760000 25.4000000000
151.3512420000 23.8429920000 25.4000000000
79.6367020000 -30.5884680000 25.4000000000
79.6367020000 30.5884680000 25.4000000000
140.0895980000 26.2017630000 25.4000000000
125.5637690000 31.3914500000 25.4000000000
125.4410270000 0.9797750000 25.4000000000
45.7551830000 -0.2041420000 25.4000000000
25.9961670000 -3.6641030000 25.4000000000
156.6348130000 -20.8135220000 25.4000000000
93.4401450000 -26.8088730000 25.4000000000
160.4849340000 12.2539760000 25.4000000000
131.7367200000 -18.8504080000 25.4000000000
88.5757270000 38.4026810000 25.4000000000
47.8411400000 -36.5929260000 25.4000000000
47.8411400000 36.5929260000 25.4000000000
30.5895600000 4.6582070000 25.4000000000
43.5451350000 -35.8799970000 25.4000000000
43.5451350000 35.8799970000 25.4000000000
68.3377810000 -14.7646510000 25.4000000000
109.6497970000 -36.8529900000 25.4000000000
144.9017790000 -34.0340690000 25.4000000000
99.0914740000 15.3268950000 25.4000000000
100.5817950000 39.2048720000 25.4000000000
93.2692260000 26.7318230000 25.4000000000
82.8321540000 -17.0642830000 25.4000000000
82.8321830000 17.0639730000 25.4000000000
121.1733060000 -28.6645130000 25.4000000000
41.1125050000 -4.5476670000 25.4000000000
165.2305290000 5.5911560000 25.4000000000
123.5457030000 36.8798470000 25.4000000000
96.3145270000 28.4697180000 25.4000000000
116.7717730000 20.8990710000 25.4000000000
105.6444750000 -19.1248030000 25.4000000000
25.4261090000 -7.7471760000 25.4000000000
60.4679840000 6.1436850000 25.4000000000
9.3317140000 2.0640740000 25.4000000000
96.3601440000 -28.4268400000 25.4000000000
144.2703840000 5.0271380000 25.4000000000
102.9983260000 -9.9486370000 25.4000000000
28.7514260000 5.4653240000 25.4000000000
113.4597950000 24.9709220000 25.4000000000
-28.8782770000 3.0587580000 25.4000000000
75.0215230000 16.6063600000 25.4000000000
18.7398280000 -8.8532540000 25.4000000000
85.6832640000 -34.5025720000 25.4000000000
85.6832640000 34.5025720000 25.4000000000
19.5360460000 -22.1075470000 25.4000000000
19.5360460000 22.1075470000 25.4000000000
129.0854890000 34.4150310000 25.4000000000
136.4279700000 -33.8198220000 25.4000000000
145.2669880000 32.2987080000 25.4000000000
119.3794410000 2.7491240000 25.4000000000
99.1698010000 -35.8053190000 25.4000000000
169.5081900000 12.5553300000 25.4000000000
114.9099040000 3.7303150000 25.4000000000
12.7278230000 -1.7971660000 25.4000000000
87.3303780000 -9.5622500000 25.4000000000
116.2562910000 6.8629710000 25.4000000000
91.2725390000 6.0780610000 25.4000000000
88.0853000000 7.0826890000 25.4000000000
-9.3267430000 -27.6806800000 25.4000000000
-30.2639660000 8.6196830000 25.4000000000
90.4212150000 9.0192050000 25.4000000000
82.4679010000 -25.6299460000 25.4000000000
82.4679010000 25.6299460000 25.4000000000
84.2888310000 -25.9957260000 25.4000000000
84.2899900000 25.9959680000 25.4000000000
36.9291260000 -7.5874580000 25.4000000000
98.8663070000 -2.3964670000 25.4000000000
155.6065620000 -7.0612080000 25.4000000000
128.1803480000 16.1610820000 25.4000000000
100.6387940000 -41.5794860000 25.4000000000
113.1281640000 -6.2474100000 25.4000000000
-9.4449370000 27.5401390000 25.4000000000
-28.3672020000 -6.6769620000 25.4000000000
156.4688160000 11.6598710000 25.4000000000
71.1311880000 7.5908160000 25.4000000000
21.9838160000 9.3359370000 25.4000000000
36.5685200000 9.7464620000 25.4000000000
126.6663470000 38.5700610000 25.4000000000
111.7987230000 25.9502090000 25.4000000000
35.0758240000 16.0291100000 25.4000000000
102.7734320000 28.1166650000 25.4000000000
15.9773640000 9.2356960000 25.4000000000
111.2139310000 -25.3980770000 25.4000000000
117.2444120000 -2.7157950000 25.4000000000
88.2967820000 -38.3686660000 25.4000000000
130.4628950000 -33.4388520000 25.4000000000
132.7529400000 -33.0730040000 25.4000000000
82.7083630000 -29.0025980000 25.4000000000
82.7083630000 29.0025980000 25.4000000000
-7.3518920000 -3.9344710000 25.4000000000
101.9341900000 -1.6590360000 25.4000000000
141.7753750000 -21.2384270000 25.4000000000
39.2996850000 0.7767830000 25.4000000000
133.5091040000 22.7459800000 25.4000000000
142.8107080000 35.4193760000 25.4000000000
144.5778700000 -23.5032470000 25.4000000000
162.0427770000 6.3607840000 25.4000000000
53.7531490000 -5.4144780000 25.4000000000
60.9108470000 -13.9268290000 25.4000000000
60.2534650000 17.4152810000 25.4000000000
30.1974740000 -22.1204920000 25.4000000000
30.1983790000 22.1206010000 25.4000000000
108.1744120000 -12.4120530000 25.4000000000
52.8603380000 -19.4965320000 25.4000000000
52.8735050000 19.6135420000 25.4000000000
23.3895860000 33.7707230000 25.4000000000
23.3895860000 -33.7707230000 25.4000000000
60.0121430000 -17.1145040000 25.4000000000
79.1858250000 14.7288690000 25.4000000000
13.5889640000 -6.9483700000 25.4000000000
165.8731770000 21.1011430000 25.4000000000
81.2366190000 -15.4585300000 25.4000000000
81.2099460000 15.4585450000 25.4000000000
82.2956680000 -13.7054060000 25.4000000000
82.3546640000 13.7414060000 25.4000000000
66.3208860000 -17.2374010000 25.4000000000
117.5598770000 37.0438370000 25.4000000000
-15.6062890000 17.1430600000 25.4000000000
71.8507580000 -35.2594310000 25.4000000000
71.8507580000 35.2594310000 25.4000000000
141.3917670000 28.2369350000 25.4000000000
156.2030590000 2.6712040000 25.4000000000
79.9574710000 11.8432840000 25.4000000000
135.3606850000 -16.3648630000 25.4000000000
26.2663090000 -26.3241690000 25.4000000000
26.2663090000 26.3241690000 25.4000000000
23.4431890000 31.9480150000 25.4000000000
23.4431890000 -31.9480150000 25.4000000000
64.2805290000 31.2198260000 25.4000000000
64.2805290000 -31.2198260000 25.4000000000
-9.0971150000 6.5682830000 25.4000000000
109.1902990000 -25.5799710000 25.4000000000
107.1433280000 42.5974100000 25.4000000000
149.1110950000 6.9291950000 25.4000000000
149.2969440000 5.0990110000 25.4000000000
95.2471170000 19.5369010000 25.4000000000
85.6220640000 -12.7256580000 25.4000000000
95.3182560000 -19.4198260000 25.4000000000
143.8898630000 -19.0505600000 25.4000000000
60.8766860000 2.9832050000 25.4000000000
148.3293760000 28.8155690000 25.4000000000
83.7798090000 -7.9326460000 25.4000000000
95.2538210000 -23.0441070000 25.4000000000
35.1716160000 1.2869440000 25.4000000000
111.4210670000 -23.1052390000 25.4000000000
29.6363660000 -31.8270470000 25.4000000000
29.6363660000 31.8270470000 25.4000000000
149.0530640000 32.0290720000 25.4000000000
77.9355600000 9.4209720000 25.4000000000
79.7656910000 -11.7376180000 25.4000000000
134.5762320000 40.3897410000 25.4000000000
132.3430500000 39.4312160000 25.4000000000
130.0703700000 -31.0639710000 25.4000000000
-1.8712440000 12.5354960000 25.4000000000
101.8262340000 35.9648500000 25.4000000000
105.4841180000 -26.1021020000 25.4000000000
90.3027420000 -18.2221310000 25.4000000000
-23.8316830000 -20.8238850000 25.4000000000
125.0872080000 -19.5828100000 25.4000000000
134.0082190000 16.2486550000 25.4000000000
-11.0125440000 3.3575700000 25.4000000000
119.2239070000 -0.3418550000 25.4000000000
-8.1716310000 19.3010670000 25.4000000000
65.1612600000 -4.0460740000 25.4000000000
24.8571570000 -20.2998620000 25.4000000000
24.8571570000 20.2998620000 25.4000000000
137.8283420000 -42.8231680000 25.4000000000
162.1821040000 -26.6557460000 25.4000000000
107.9663960000 -21.0983390000 25.4000000000
107.0244350000 30.1511210000 25.4000000000
146.0819790000 -12.4419000000 25.4000000000
120.1779360000 -22.6433060000 25.4000000000
-20.0251170000 -20.8279070000 25.4000000000
146.8829370000 25.9495540000 25.4000000000
93.5973570000 13.3026380000 25.4000000000
-6.2304030000 28.6763820000 25.4000000000
-6.2403320000 -28.6479470000 25.4000000000
122.4003660000 -23.2391110000 25.4000000000
118.4108040000 -26.8274710000 25.4000000000
88.4300660000 11.4346780000 25.4000000000
0.6912910000 0.4638190000 25.4000000000
162.4868180000 -14.6597850000 25.4000000000
66.2614200000 3.3390490000 25.4000000000
46.6855410000 -26.0462710000 25.4000000000
46.6855410000 26.0462710000 25.4000000000
85.6039290000 12.6894610000 25.4000000000
110.3627670000 -14.9878040000 25.4000000000
-5.3327120000 3.8490020000 25.4000000000
82.4185960000 37.4359870000 25.4000000000
82.4185960000 -37.4359870000 25.4000000000
156.5826360000 5.9673780000 25.4000000000
7.9164330000 24.7038870000 25.4000000000
7.8686590000 -24.5545060000 25.4000000000
74.9020700000 -4.8154020000 25.4000000000
168.4750700000 0.3291850000 25.4000000000
12.6357530000 -20.8349400000 25.4000000000
12.5885400000 20.9416470000 25.4000000000
20.9040980000 -23.8564290000 25.4000000000
20.9040980000 23.8564290000 25.4000000000
76.7623920000 -10.7043230000 25.4000000000
113.6596020000 -18.8624290000 25.4000000000
7.7252210000 12.8449110000 25.4000000000
114.0021570000 14.9641900000 25.4000000000
136.6132220000 -40.0196480000 25.4000000000
64.7127600000 6.5873250000 25.4000000000
111.4727570000 -4.9367740000 25.4000000000
-4.3284130000 18.6087290000 25.4000000000
21.7678410000 -9.4024690000 25.4000000000
159.3098520000 27.0491820000 25.4000000000
79.3261690000 -14.7438230000 25.4000000000
157.4547980000 -32.1446200000 25.4000000000
102.0381880000 -28.8129560000 25.4000000000
103.7947850000 -39.9489050000 25.4000000000
123.7888010000 -44.2092950000 25.4000000000
120.7468820000 -1.7554200000 25.4000000000
107.1172110000 35.5164690000 25.4000000000
86.4520980000 31.1705810000 25.4000000000
86.4520980000 -31.1705810000 25.4000000000
17.2023090000 -14.1702750000 25.4000000000
17.2110840000 14.2515100000 25.4000000000
157.0982730000 -15.7137530000 25.4000000000
53.8998600000 -16.2609380000 25.4000000000
106.9843440000 39.4442370000 25.4000000000
17.2110240000 -12.0814500000 25.4000000000
17.2603960000 12.4039840000 25.4000000000
23.1168750000 20.8513560000 25.4000000000
23.1168750000 -20.8513560000 25.4000000000
139.5678260000 29.2129150000 25.4000000000
61.2887970000 -29.8102690000 25.4000000000
61.2887970000 29.8102690000 25.4000000000
2.9180580000 -28.5509200000 25.4000000000
2.9216540000 28.5518960000 25.4000000000
63.9774620000 21.0979650000 25.4000000000
164.8052440000 16.1775390000 25.4000000000
40.5129530000 -8.2397220000 25.4000000000
141.5329000000 9.1894860000 25.4000000000
60.3632350000 -3.9016370000 25.4000000000
62.1288640000 -4.1654890000 25.4000000000
69.3033870000 2.7847860000 25.4000000000
-5.8677660000 7.3067970000 25.4000000000
6.1282720000 11.4647660000 25.4000000000
-22.9790950000 13.0714940000 25.4000000000
121.2807270000 25.8456740000 25.4000000000
143.0068580000 -35.0720350000 25.4000000000
79.8149260000 -20.9811020000 25.4000000000
79.8149260000 20.9811020000 25.4000000000
120.1015560000 -3.4623960000 25.4000000000
113.7401420000 -22.9266590000 25.4000000000
103.7178070000 40.2141920000 25.4000000000
-17.1760750000 7.5528230000 25.4000000000
-22.2819670000 -13.8456950000 25.4000000000
119.0890570000 18.2624840000 25.4000000000
123.6089220000 19.9255150000 25.4000000000
67.7182920000 2.1390170000 25.4000000000
141.1009800000 12.6675940000 25.4000000000
165.2092450000 -15.9027900000 25.4000000000
117.7042200000 -17.4070100000 25.4000000000
90.1777860000 -12.8317430000 25.4000000000
33.8584120000 7.7486920000 25.4000000000
165.5807670000 -4.5383950000 25.4000000000
28.6439680000 13.9261100000 25.4000000000
134.6382940000 -21.2845470000 25.4000000000
54.4693340000 -37.0332540000 25.4000000000
54.4693340000 37.0332540000 25.4000000000
102.8284340000 5.1968120000 25.4000000000
141.9657020000 -41.8170250000 25.4000000000
73.3876130000 13.1280260000 25.4000000000
27.2340250000 -7.0273690000 25.4000000000
28.5429860000 -8.4212840000 25.4000000000
90.4325040000 24.7003180000 25.4000000000
138.9791990000 23.4061510000 25.4000000000
124.8682110000 -5.5892990000 25.4000000000
89.1065420000 16.7927580000 25.4000000000
110.0025720000 -0.2744880000 25.4000000000
97.6114190000 17.9668900000 25.4000000000
140.8553600000 36.2586570000 25.4000000000
147.4593800000 4.1432930000 25.4000000000
53.7419500000 -2.5314830000 25.4000000000
52.3292550000 -23.8857910000 25.4000000000
52.3290160000 23.8856180000 25.4000000000
15.5984270000 -10.7153920000 25.4000000000
146.1465040000 -21.5304590000 25.4000000000
57.6889350000 -37.4072570000 25.4000000000
57.6889350000 37.4072570000 25.4000000000
164.9048780000 8.0697230000 25.4000000000
13.3503830000 -26.8298700000 25.4000000000
13.3161230000 26.7926390000 25.4000000000
-14.0547060000 -8.8746580000 25.4000000000
162.8910940000 -22.3583490000 25.4000000000
160.8635930000 -23.9695830000 25.4000000000
109.2320850000 40.2843270000 25.4000000000
130.4970790000 -40.3848130000 25.4000000000
125.5440800000 -12.9461200000 25.4000000000
68.4929040000 -3.2109430000 25.4000000000
64.9692940000 -6.3104420000 25.4000000000
1.5021370000 21.1438050000 25.4000000000
109.8793480000 -6.5279240000 25.4000000000
78.2544810000 4.0200500000 25.4000000000
11.4484100000 -24.1886740000 25.4000000000
11.4484100000 24.1886740000 25.4000000000
99.7555390000 27.1487930000 25.4000000000
135.5748140000 43.3269730000 25.4000000000
111.8293730000 -17.6345090000 25.4000000000
4.3585560000 -17.0829410000 25.4000000000
2.9804980000 -15.8029660000 25.4000000000
9.9676510000 -18.9772540000 25.4000000000
129.6404970000 -24.4992090000 25.4000000000
124.5130810000 5.5095600000 25.4000000000
11.9498540000 -3.8556310000 25.4000000000
20.9501810000 -0.0932270000 25.4000000000
-8.3908590000 0.8998790000 25.4000000000
81.5003680000 -27.1857910000 25.4000000000
81.5003680000 27.1857910000 25.4000000000
42.9763530000 1.5231100000 25.4000000000
51.5731410000 -29.8343500000 25.4000000000
51.5731410000 29.8343500000 25.4000000000
17.5638660000 23.0448260000 25.4000000000
17.5640470000 -23.0448180000 25.4000000000
153.0306410000 2.5900660000 25.4000000000
132.3286550000 19.1905980000 25.4000000000
121.3686390000 44.1102630000 25.4000000000
-20.6874310000 -24.0712460000 25.4000000000
166.7415390000 -13.4968690000 25.4000000000
-3.7138510000 4.8590580000 25.4000000000
137.8480680000 -30.6169560000 25.4000000000
105.0372520000 -15.0729870000 25.4000000000
50.2171440000 -26.8765260000 25.4000000000
50.2171440000 26.8765260000 25.4000000000
49.5074470000 -25.3254910000 25.4000000000
49.5074470000 25.3254910000 25.4000000000
109.7392270000 21.9026830000 25.4000000000
85.3458730000 5.5012610000 25.4000000000
105.4027560000 -29.5936450000 25.4000000000
139.7694410000 42.5635780000 25.4000000000
2.0438880000 1.7484370000 25.4000000000
142.3458110000 -24.7399370000 25.4000000000
37.9901690000 -2.0952970000 25.4000000000
24.7364880000 -23.4922800000 25.4000000000
24.7366010000 23.4922940000 25.4000000000
142.8386190000 29.8379610000 25.4000000000
-10.9249440000 -14.1244440000 25.4000000000
-13.9651460000 17.7790520000 25.4000000000
73.2237610000 -28.7452630000 25.4000000000
73.2237610000 28.7452630000 25.4000000000
-13.3758830000 -28.4166350000 25.4000000000
68.1956560000 -11.7420820000 25.4000000000
104.0451510000 3.5485720000 25.4000000000
87.7239580000 -6.5089790000 25.4000000000
53.8202160000 16.2588310000 25.4000000000
140.7868970000 -29.8050470000 25.4000000000
118.1677440000 15.1222260000 25.4000000000
48.1540510000 -3.5852370000 25.4000000000
136.8282640000 23.6338840000 25.4000000000
72.8326480000 16.3124410000 25.4000000000
103.8471700000 20.6017790000 25.4000000000
141.2257020000 6.7208240000 25.4000000000
170.4611670000 -8.3002970000 25.4000000000
130.6184920000 -6.1091880000 25.4000000000
72.6633970000 1.2727410000 25.4000000000
13.6480750000 -30.9610980000 25.4000000000
13.6480750000 30.9610980000 25.4000000000
137.9576360000 -7.4913170000 25.4000000000
-15.2629620000 -14.4120900000 25.4000000000
94.8145850000 23.1124620000 25.4000000000
-4.0315550000 -22.5707840000 25.4000000000
153.5704480000 -28.2273040000 25.4000000000
1.9401230000 31.6653930000 25.4000000000
1.9401230000 -31.6653930000 25.4000000000
62.7899670000 13.9634120000 25.4000000000
-28.8613540000 -13.2513760000 25.4000000000
-12.8609680000 28.8853510000 25.4000000000
29.0689770000 -3.4471800000 25.4000000000
1.1177980000 -16.3209680000 25.4000000000
53.4895730000 -29.0328300000 25.4000000000
53.4895730000 29.0328300000 25.4000000000
132.4880870000 43.7629860000 25.4000000000
31.2545770000 -9.9983880000 25.4000000000
33.8178360000 -6.6316180000 25.4000000000
57.9689790000 -15.9654080000 25.4000000000
-4.9408300000 20.3662430000 25.4000000000
108.1730300000 -29.9242050000 25.4000000000
140.2889240000 -20.1633830000 25.4000000000
73.3776360000 -5.5148020000 25.4000000000
145.9590500000 37.2242220000 25.4000000000
63.1934440000 11.2023430000 25.4000000000
22.4871770000 -14.4910990000 25.4000000000
-15.5674150000 0.5825300000 25.4000000000
10.5758240000 8.1298810000 25.4000000000
105.4033280000 -10.4684280000 25.4000000000
54.5590010000 -31.1001630000 25.4000000000
54.5590010000 31.1001630000 25.4000000000
101.1376360000 -21.8662430000 25.4000000000
-6.6843790000 23.0711470000 25.4000000000
-5.2328560000 25.7769520000 25.4000000000
-5.2328560000 -25.7769520000 25.4000000000
150.1577850000 -10.4757400000 25.4000000000
68.7321760000 11.0952020000 25.4000000000
122.8213530000 -1.4486180000 25.4000000000
70.2421540000 -12.1344730000 25.4000000000
86.6660130000 -18.7773760000 25.4000000000
86.7307650000 18.9421820000 25.4000000000
110.0318020000 24.7511960000 25.4000000000
27.6845860000 -29.6805600000 25.4000000000
27.6845860000 29.6805600000 25.4000000000
32.1034860000 -12.8750020000 25.4000000000
87.1652540000 32.8871220000 25.4000000000
87.1557230000 -32.8861860000 25.4000000000
71.8041870000 29.9292540000 25.4000000000
71.8041870000 -29.9292540000 25.4000000000
111.3581650000 -34.4821580000 25.4000000000
56.4175760000 5.2734660000 25.4000000000
-26.6896990000 -16.5490220000 25.4000000000
8.2598620000 18.2422570000 25.4000000000
40.1579590000 35.5396180000 25.4000000000
40.1579590000 -35.5396180000 25.4000000000
93.6612480000 7.5726830000 25.4000000000
8.4044080000 22.5902380000 25.4000000000
161.4537710000 15.2438020000 25.4000000000
128.4776500000 40.5940190000 25.4000000000
121.9742320000 -41.4464890000 25.4000000000
116.9764520000 -28.0401050000 25.4000000000
86.0713380000 9.6916650000 25.4000000000
122.9447430000 -31.3820000000 25.4000000000
6.7787710000 -21.7082480000 25.4000000000
134.7495650000 -43.3786830000 25.4000000000
95.7236930000 -3.3085510000 25.4000000000
30.8245440000 2.6267940000 25.4000000000
-18.2058040000 -8.8485810000 25.4000000000
89.9381720000 20.1541570000 25.4000000000
151.2526360000 30.4077270000 25.4000000000
119.7413450000 16.3843770000 25.4000000000
108.7703740000 5.8389360000 25.4000000000
22.5608100000 17.7018090000 25.4000000000
22.5608100000 -17.7018090000 25.4000000000
62.6028900000 -13.6300660000 25.4000000000
108.6651830000 12.0672940000 25.4000000000
49.7055110000 -20.5309350000 25.4000000000
49.7055110000 20.5309350000 25.4000000000
105.0696470000 29.9321790000 25.4000000000
3.3443150000 17.6508010000 25.4000000000
120.0285290000 21.8584420000 25.4000000000
143.4406850000 10.0875210000 25.4000000000
87.0743250000 -13.1602230000 25.4000000000
120.4338510000 41.2962140000 25.4000000000
148.0703160000 -12.9026820000 25.4000000000
52.9580030000 -34.5241580000 25.4000000000
52.9580030000 34.5241580000 25.4000000000
138.4081570000 32.6737720000 25.4000000000
44.4823670000 -3.4468490000 25.4000000000
68.2919770000 16.1891800000 25.4000000000
39.6165370000 27.2884170000 25.4000000000
39.6165370000 -27.2884170000 25.4000000000
121.8139330000 31.5480640000 25.4000000000
107.0339530000 -32.4476440000 25.4000000000
70.1298640000 -6.9906380000 25.4000000000
155.2485920000 -33.8665360000 25.4000000000
-25.4873280000 -4.0899160000 25.4000000000
131.3044970000 32.1003180000 25.4000000000
94.5406660000 16.5093140000 25.4000000000
116.8320530000 33.5464460000 25.4000000000
49.9890920000 6.1686790000 25.4000000000
71.8770070000 -4.1672230000 25.4000000000
111.7099600000 -42.9528600000 25.4000000000
30.7753470000 7.9889430000 25.4000000000
137.8380740000 28.5690410000 25.4000000000
75.4892110000 -27.1246660000 25.4000000000
75.4892110000 27.1246660000 25.4000000000
101.6514260000 -6.5406680000 25.4000000000
79.3111150000 -18.1871900000 25.4000000000
79.3111150000 18.1871900000 25.4000000000
76.5434340000 6.9849490000 25.4000000000
18.5164340000 9.1796170000 25.4000000000
140.6213780000 -18.3451150000 25.4000000000
7.4075040000 -12.0928920000 25.4000000000
99.5758490000 -7.8122930000 25.4000000000
95.9430620000 17.9731660000 25.4000000000
27.4920400000 -23.8957690000 25.4000000000
27.4920400000 23.8957690000 25.4000000000
110.0117590000 -40.3208830000 25.4000000000
22.3928510000 14.5110500000 25.4000000000
61.5388880000 -22.9021860000 25.4000000000
61.4409260000 22.8827030000 25.4000000000
89.9888260000 -20.1736810000 25.4000000000
107.5976530000 26.7028120000 25.4000000000
16.7869350000 -5.9526640000 25.4000000000
119.0170410000 -18.2646710000 25.4000000000
62.8854380000 -11.7990020000 25.4000000000
-20.7268380000 24.1170990000 25.4000000000
-0.3244250000 6.3422160000 25.4000000000
157.7851200000 3.0906300000 25.4000000000
1.2275570000 -21.4484880000 25.4000000000
-25.6440680000 3.1502180000 25.4000000000
43.0863910000 -2.0536780000 25.4000000000
0.3355490000 18.5555540000 25.4000000000
139.2205410000 20.8929650000 25.4000000000
146.1049510000 5.4772560000 25.4000000000
27.2549480000 10.8467930000 25.4000000000
167.9048560000 7.5319910000 25.4000000000
113.4074130000 -29.7913780000 25.4000000000
137.8490190000 26.7016430000 25.4000000000
-15.0124430000 -0.9496290000 25.4000000000
98.1274210000 -10.2442410000 25.4000000000
134.2571200000 19.6662870000 25.4000000000
112.2170630000 29.8121810000 25.4000000000
113.5817420000 33.7733260000 25.4000000000
134.6227020000 21.5037560000 25.4000000000
72.8275420000 7.5987620000 25.4000000000
62.7963710000 -32.1648670000 25.4000000000
62.7963710000 32.1648670000 25.4000000000
70.7695690000 -23.0141490000 25.4000000000
78.3273810000 -36.7194490000 25.4000000000
78.3273810000 36.7194490000 25.4000000000
145.4244220000 -37.3528460000 25.4000000000
55.5231570000 -0.3204940000 25.4000000000
61.0116740000 -20.0697830000 25.4000000000
-10.5928310000 13.9977220000 25.4000000000
2.9136140000 -9.6244720000 25.4000000000
25.5858140000 -31.5683950000 25.4000000000
25.5858140000 31.5683950000 25.4000000000
41.2834850000 -12.5329210000 25.4000000000
93.6260940000 28.3567260000 25.4000000000
121.6152400000 29.7792040000 25.4000000000
99.0432260000 35.9892240000 25.4000000000
88.9715790000 -17.0885170000 25.4000000000
13.2815940000 5.6004650000 25.4000000000
-24.8963720000 -9.0346340000 25.4000000000
128.0958410000 -15.0439290000 25.4000000000
57.6476750000 15.9681490000 25.4000000000
12.3753180000 29.6285210000 25.4000000000
12.3753180000 -29.6285210000 25.4000000000
109.2070540000 -22.3945700000 25.4000000000
115.9846880000 0.3940030000 25.4000000000
-9.7232580000 -22.7685580000 9.9546840000
-0.8590060000 -25.6487290000 9.5748960000
-17.2034160000 -20.3381080000 11.2087480000
-14.3713300000 -21.2583080000 5.9921820000
3.6051180000 -27.0992100000 13.0514800000
3.6577660000 -27.1163170000 6.0941470000
-5.3751430000 -24.1813470000 5.9890540000
-5.4321650000 -24.1628190000 13.1132220000
-19.6890990000 -19.5304600000 6.0714750000
-12.7854720000 -21.7735850000 13.9403410000
-0.7971920000 -25.6688130000 4.8916080000
-0.8044650000 -25.6664500000 14.3623010000
-9.8904530000 -22.7142340000 5.5816540000
-20.5271000000 -19.2581770000 14.6445290000
-8.9158810000 -23.0308910000 15.2623670000
5.6624280000 -27.7676710000 9.6294100000
-21.0772150000 -19.0794340000 9.8436660000
-16.3194080000 -20.6253400000 14.8928450000
-13.8559450000 -21.4257670000 9.8769340000
-6.3539950000 -23.8632990000 9.5275370000
-17.0700870000 -20.3814290000 3.5295820000
5.6715930000 -27.7706490000 15.7185370000
5.6715930000 -27.7706490000 3.3314630000
-21.7054900000 -18.8752950000 3.2335800000
2.4597440000 -26.7270560000 10.1668030000
-17.0388090000 -20.3915920000 7.8775430000
2.2959380000 -26.6738320000 3.3021750000
1.9604390000 -26.5648220000 15.9013480000
-13.2323690000 -21.6283790000 3.3645490000
-6.9734260000 -23.6620330000 3.1983870000
-3.7063720000 -24.7235630000 3.1946320000
-3.5740810000 -24.7665470000 15.8122780000
-3.3626690000 -24.8352390000 10.6130850000
1.1724830000 -26.3088000000 6.9847040000
-11.9093990000 -22.0582380000 7.0369460000
-2.5568450000 -25.0970670000 7.0005670000
-8.2659070000 -23.2420810000 6.9632680000
-8.0992910000 -23.2962170000 11.9391870000
6.4021630000 -28.0080250000 12.2011490000
6.5764770000 -28.0646630000 6.6999550000
-6.7483070000 -23.7351790000 15.7518280000
-11.3934370000 -22.2258840000 16.1657270000
-14.0695930000 -21.3563490000 16.3288520000
-21.7296880000 -18.8674330000 7.1739090000
-21.8711430000 -18.8214710000 12.1774190000
1.2209010000 -26.3245310000 12.5891660000
-10.7393500000 -22.4384100000 12.0741660000
-22.1079260000 -18.7445360000 16.3668750000
-15.1654980000 -21.0002680000 12.8802760000
-18.7042560000 -19.8504550000 16.5402180000
-19.2269200000 -19.6806320000 12.1048030000
-19.2618230000 -19.6692910000 2.4030830000
-3.1134530000 -24.9162140000 13.2823280000
-14.7767400000 -21.1265830000 2.0251460000
-0.5045050000 -25.7639130000 16.7453870000
-0.8016880000 -25.6673520000 1.6230620000
-9.8930020000 -22.7134060000 1.6236790000
3.7089800000 -27.1329570000 17.1122390000
3.7569080000 -27.1485300000 1.9596930000
-1.0432770000 -25.5888550000 11.8615170000
3.3543600000 -27.0177340000 8.6705290000
-19.2389060000 -19.6767370000 8.1150220000
-4.4686350000 -24.4758890000 8.2068720000
-5.3446600000 -24.1912510000 1.8785060000
-18.3263100000 -19.9732570000 14.2143990000
-17.5229460000 -20.2342860000 5.7072890000
-22.7268870000 -18.5434240000 5.1515460000
-16.0513830000 -20.7124260000 9.7045400000
7.4430950000 -28.3462450000 8.6463710000
-9.5159090000 -22.8359300000 17.2856750000
-22.8947890000 -18.4888690000 10.3628870000
-13.0539770000 -21.6863430000 11.5553400000
-16.5016040000 -20.5661410000 17.1723830000
-22.6453870000 -18.5699040000 14.3262580000
4.0323100000 -27.2380140000 10.9271670000
-7.2642060000 -23.5675530000 14.0235580000
7.6690720000 -28.4196690000 10.3816360000
-10.7898310000 -22.4220080000 14.1900640000
-14.5255600000 -21.2081960000 7.9884740000
-3.4646060000 -24.8021180000 5.2588770000
-12.6262040000 -21.8253340000 5.1867580000
-11.8644320000 -22.0728490000 9.2566330000
1.7092060000 -26.4831910000 4.7960330000
7.5374940000 -28.3769170000 14.2863290000
7.5465690000 -28.3798650000 4.7559190000
-7.1573550000 -23.6022710000 5.2406300000
7.5022070000 -28.3654510000 2.0082790000
7.5006940000 -28.3649600000 17.0404290000
-9.9374310000 -22.6989700000 7.8395530000
-18.5551900000 -19.8988900000 9.9845770000
-0.7579980000 -25.6815480000 7.7393690000
-5.3378630000 -24.1934600000 4.0646380000
-16.7073800000 -20.4992800000 1.5833110000
-5.1383680000 -24.2582800000 11.1137050000
-8.1130470000 -23.2917480000 8.9484080000
-5.2579460000 -24.2194260000 17.1039370000
-22.8689840000 -18.4972530000 1.8803770000
-7.6523960000 -23.4414230000 17.4955260000
0.7541520000 -26.1728750000 10.7771890000
-18.8999420000 -19.7868730000 4.5206410000
-20.4384380000 -19.2869860000 17.1557440000
-2.4010310000 -25.1476940000 8.6269580000
5.3940440000 -27.6804680000 14.0013950000
5.4165240000 -27.6877720000 5.3758320000
-15.3141950000 -20.9519530000 4.3542080000
1.4447010000 -26.3972480000 1.5829090000
1.4673800000 -26.4046170000 17.6106980000
-6.6223470000 -23.7761060000 7.4792950000
-12.2123730000 -21.9597960000 1.7421670000
5.7962380000 -27.8111490000 1.4945020000
5.7891750000 -27.8088540000 17.5584470000
-7.6200000000 -23.4519490000 1.4273170000
3.5449680000 -27.0796670000 15.0286280000
3.7008270000 -27.1303080000 4.1205510000
-3.0763100000 -24.9282830000 1.4196790000
-2.9891680000 -24.9565970000 17.4253870000
1.0206230000 -26.2594570000 8.9855820000
-14.4421410000 -21.2353010000 14.5281610000
-21.1651890000 -19.0508500000 1.4694430000
1.0790800000 -26.2784510000 14.4456730000
-23.0569970000 -18.4361640000 8.7434680000
-5.1214390000 -24.2637800000 14.9048990000
-15.0660440000 -21.0325820000 11.0451680000
-12.6773840000 -21.8087050000 17.3743330000
-23.3658800000 -18.3358020000 3.5578200000
-9.1617120000 -22.9510160000 13.4978680000
-20.7508030000 -19.1854920000 4.7969640000
-15.8362300000 -20.7823340000 6.4132350000
0.3393290000 -26.0380910000 3.3787930000
-11.1000470000 -22.3212130000 3.4897400000
5.3109900000 -27.6534820000 7.8110020000
2.6023220000 -26.7733820000 11.7192600000
-8.7723810000 -23.0775170000 3.4269010000
-23.2685050000 -18.3674410000 17.5910290000
-1.9439220000 -25.2962180000 15.6103050000
-1.9178070000 -25.3047040000 3.2944420000
-17.1356130000 -20.3601390000 13.0114670000
-24.6588380000 7.1153770000 9.4589840000
-24.6588380000 -4.7920980000 9.9131160000
-24.6588380000 -11.0755940000 12.2108930000
-24.6588380000 1.3683620000 6.7414980000
-24.6588380000 1.8752800000 12.8423020000
-24.6588380000 -10.1057260000 6.0721910000
-24.6588380000 11.8524660000 13.0667720000
-24.6588380000 12.0469790000 6.1898640000
-24.6588380000 -3.0121620000 14.1090710000
-24.6588380000 5.7894800000 5.2633020000
-24.6588380000 -2.7962760000 4.6249960000
-24.6588380000 7.1662780000 14.3623840000
-24.6588380000 -7.3559700000 14.6927360000
-24.6588380000 -13.5310060000 8.4452590000
-24.6588380000 -13.9600240000 4.4194070000
-24.6588380000 14.0721100000 9.6458610000
-24.6588380000 -14.1455240000 15.3442320000
-24.6588380000 -0.8617360000 9.7233100000
-24.6588380000 -6.9926650000 3.6922210000
-24.6588380000 -8.6963060000 9.5867570000
-24.6588380000 3.3902780000 9.5159470000
-24.6588380000 9.2043070000 3.4596550000
-24.6588380000 13.9721790000 15.7163600000
-24.6588380000 14.2847900000 3.6238630000
-24.6588380000 2.5385880000 3.3712470000
-24.6588380000 3.5962090000 15.3895180000
-24.6588380000 0.2014500000 15.7608730000
-24.6588380000 10.5745330000 10.1179110000
-24.6588380000 -10.5892520000 15.7902470000
-24.6588380000 -14.6323760000 11.7871730000
-24.6588380000 10.0753030000 15.8994840000
-24.6588380000 8.9075270000 6.7875960000
-24.6588380000 -6.6094590000 6.8905740000
-24.6588380000 -0.7884460000 3.1033990000
-24.6588380000 -10.7437300000 3.0023280000
-24.6588380000 4.9058800000 12.2619120000
-24.6588380000 14.6487590000 12.1096240000
-24.6588380000 14.9240230000 6.6931240000
-24.6588380000 -5.4534440000 12.4695130000
-24.6588380000 -4.9758800000 16.4371840000
-24.6588380000 -1.8668330000 7.2762570000
-24.6588380000 11.3983900000 2.4205720000
-24.6588380000 9.2818790000 12.5670230000
-24.6588380000 -15.3138080000 6.3842020000
-24.6588380000 5.1701640000 7.7599360000
-24.6588380000 -4.8691690000 2.4455700000
-24.6588380000 -8.3869600000 12.0988350000
-24.6588380000 -11.1352770000 9.7660970000
-24.6588380000 -0.6635540000 12.4979290000
-24.6588380000 6.8004860000 2.4795570000
-24.6588380000 -1.9544950000 16.6380690000
-24.6588380000 -2.9187130000 11.2890030000
-24.6588380000 -12.4998220000 6.3393570000
-24.6588380000 7.2709030000 16.7557950000
-24.6588380000 -15.3449430000 2.5662580000
-24.6588380000 -4.4297630000 7.3795290000
-24.6588380000 3.3099180000 5.6402190000
-24.6588380000 11.9116720000 17.1100260000
-24.6588380000 -7.4612130000 16.9831630000
-24.6588380000 -15.5880810000 16.7225680000
-24.6588380000 1.2218200000 8.9624620000
-24.6588380000 11.8093840000 8.5416590000
-24.6588380000 4.3176770000 1.8902660000
-24.6588380000 -15.5118510000 9.8039790000
-24.6588380000 2.2546970000 16.9960740000
-24.6588380000 6.8177900000 11.9728340000
-24.6588380000 -12.5080240000 16.6569870000
-24.6588380000 -8.7754670000 2.1227190000
-24.6588380000 -15.7623730000 13.3040960000
-24.6588380000 -12.8675680000 2.2681470000
-24.6588380000 16.1520150000 10.3025770000
-24.6588380000 -2.6462820000 2.0347930000
-24.6588380000 -0.5142080000 5.5265530000
-24.6588380000 -6.7249900000 10.6161550000
-24.6588380000 -13.4138730000 13.0608060000
-24.6588380000 -5.5775030000 5.1446550000
-24.6588380000 12.3275010000 10.9331570000
-24.6588380000 -2.9039580000 9.0890530000
-24.6588380000 16.0922770000 8.3767520000
-24.6588380000 -9.2128000000 4.2533970000
-24.6588380000 -12.8323760000 10.9042350000
-24.6588380000 -9.7438940000 13.9872750000
-24.6588380000 1.2370950000 10.8783050000
-24.6588380000 -15.9343400000 4.3757650000
-24.6588380000 -9.2160780000 17.1811750000
-24.6588380000 1.9903720000 14.7849920000
-24.6588380000 8.0084280000 5.1525220000
-24.6588380000 15.9322050000 14.2828200000
-24.6588380000 15.9628100000 4.7694170000
-24.6588380000 1.0303000000 2.0190330000
-24.6588380000 15.8529830000 2.1007010000
-24.6588380000 15.8964230000 17.0386350000
-24.6588380000 4.9120320000 17.0472150000
-24.6588380000 9.3747620000 1.6545080000
-24.6588380000 5.2405130000 10.3392260000
-24.6588380000 -8.5525520000 7.4706040000
-24.6588380000 9.2775840000 8.6098900000
-24.6588380000 -5.2597290000 14.4231130000
-24.6588380000 10.3610280000 5.0412720000
-24.6588380000 -6.8232880000 1.7518350000
-24.6588380000 2.8143540000 7.7026740000
-24.6588380000 5.4468650000 14.5062470000
-24.6588380000 3.2389600000 11.4875990000
-24.6588380000 13.7161070000 13.9353080000
-24.6588380000 13.8108750000 5.3662090000
-24.6588380000 8.7695740000 10.7036990000
-24.6588380000 -11.0642540000 7.6661480000
-24.6588380000 -6.7648310000 8.7821700000
-24.6588380000 1.2011770000 4.5704450000
-24.6588380000 7.2508270000 7.5184750000
-24.6588380000 9.5550370000 17.6096740000
-24.6588380000 13.6356220000 1.9493080000
-24.6588380000 11.7539360000 15.0170220000
-24.6588380000 14.0967200000 17.5561120000
-24.6588380000 -9.7776190000 10.9227450000
-24.6588380000 -16.1872850000 8.0954840000
-24.6588380000 -11.9078700000 4.5947250000
-24.6588380000 0.0261170000 17.6006530000
-24.6588380000 8.9958890000 14.3741830000
-24.6588380000 3.4946520000 13.6050410000
-24.6588380000 -1.0445350000 14.5105220000
-24.6588380000 -11.9126930000 14.5084060000
-24.6588380000 2.5328170000 1.4561090000
-24.6588380000 -7.8417840000 5.5872740000
-24.6588380000 4.2417230000 3.8952220000
-24.6588380000 10.5571040000 7.0364280000
-24.6588380000 -16.3230750000 11.2902650000
-24.6588380000 -14.1194380000 17.5438210000
-24.6588380000 0.4718030000 14.0793240000
-24.6588380000 13.6041820000 7.8129870000
-24.6588380000 10.5611910000 11.4777130000
-24.6588380000 -8.8732810000 15.7269190000
-24.6588380000 -16.4388120000 15.2644320000
-24.6588380000 12.5139150000 4.1388800000
-24.6588380000 -0.0442370000 7.8132950000
-24.6588380000 -11.0286220000 17.4257610000
-24.6588380000 -14.2288190000 1.2943130000
-24.6588380000 -16.5291450000 1.2587540000
-0.9378370000 25.6231150000 9.6713300000
-14.2872810000 21.2856180000 9.0030740000
-7.6200000000 23.4519490000 7.3834450000
-9.7211140000 22.7692550000 13.0516860000
4.0914160000 27.2572180000 13.0415780000
3.6563830000 27.1158670000 5.9492220000
-18.9305300000 19.7769340000 12.9988780000
-19.0316910000 19.7440650000 5.9203490000
-4.4670040000 24.4764190000 13.5127700000
-12.0329410000 22.0180970000 4.7327690000
-3.5099280000 24.7873920000 4.8259950000
-14.3996040000 21.2491220000 13.4499680000
0.0314010000 25.9380390000 14.6138110000
-20.9042390000 19.1356380000 9.4213880000
5.6642390000 27.7682590000 9.6286120000
0.2344300000 26.0040070000 4.0093490000
-15.6773690000 20.8339510000 4.0096830000
-4.5351060000 24.4542920000 9.5902530000
-10.7323590000 22.4406820000 9.3624290000
-7.6171200000 23.4528840000 3.7715640000
-7.2555570000 23.5703630000 15.6211000000
5.9373100000 27.8569860000 15.7581630000
6.1819510000 27.9364740000 3.4066760000
-20.9083320000 19.1343080000 15.7163600000
-21.4219510000 18.9674230000 3.4066760000
2.3702330000 26.6979720000 10.2692440000
-17.6182550000 20.2033190000 8.9697320000
-11.2014850000 22.2882540000 15.6981640000
-7.5061720000 23.4889340000 10.6947490000
-17.5336010000 20.2308240000 15.7454470000
-12.7312410000 21.7912060000 11.9423120000
2.4146340000 26.7123990000 15.9160920000
1.2286960000 26.3270640000 6.6548650000
-16.4981350000 20.5672680000 12.0318550000
-3.1975160000 24.8889010000 15.8917270000
3.3371170000 27.0121320000 2.9291900000
-18.5771170000 19.8917660000 2.9291900000
-21.6517290000 18.8927630000 6.8412380000
-21.8135890000 18.8401720000 12.3568760000
6.4929500000 28.0375240000 12.2488960000
6.5735890000 28.0637250000 6.6931240000
-1.6024800000 25.4071590000 12.1274930000
-14.3712500000 21.2583340000 6.5462780000
-5.3649500000 24.1846590000 2.5753410000
-9.7593970000 22.7568160000 2.4764170000
-1.7973300000 25.3438490000 2.8445210000
-13.4316870000 21.5636170000 2.7545730000
-9.3059140000 22.9041620000 5.4058560000
-5.8607750000 24.0235560000 5.4249970000
-2.5813600000 25.0891020000 7.9111460000
0.6835900000 26.1499480000 11.7487540000
-5.3500880000 24.1894880000 17.1212050000
-16.8663680000 20.4476220000 6.6351490000
-6.7858600000 23.7229770000 13.2695390000
-14.4290140000 21.2395660000 17.4156570000
-9.5682490000 22.8189240000 17.0382210000
-1.1370320000 25.5583930000 5.7329170000
-18.9960190000 19.7556560000 17.0880210000
-12.2142140000 21.9591980000 7.4667270000
-1.1135010000 25.5660380000 16.8672610000
-18.5979510000 19.8849960000 10.3967030000
3.5235070000 27.0726930000 8.4330740000
-16.6373310000 20.5220400000 2.0381140000
1.3885260000 26.3789960000 2.0380990000
4.3695630000 27.3475940000 17.0536990000
-22.6842900000 18.5572640000 10.4089940000
7.4442900000 28.3466330000 8.6410060000
-4.9307650000 24.3257340000 7.3812070000
2.1968400000 26.6416330000 13.7349150000
-5.5016410000 24.1402450000 11.3800980000
-9.7020940000 22.7754350000 7.5885210000
-19.3298100000 19.6472010000 8.0074910000
4.1114860000 27.2637390000 10.9645150000
-9.3393530000 22.8932970000 10.9393930000
-2.6587880000 25.0639440000 10.2488120000
7.6878310000 28.4257640000 10.3899530000
-22.9115870000 18.4834110000 8.6680740000
-6.4360140000 23.8366490000 9.1400420000
-16.9623040000 20.4164500000 14.1362160000
-11.5589440000 22.1721080000 13.7203190000
-17.5218510000 20.2346420000 4.6402600000
2.2004210000 26.6427970000 4.5558900000
-22.8043700000 18.5182480000 4.7658210000
-22.7860560000 18.5241980000 14.2956930000
7.5509360000 28.3812840000 14.2523660000
7.5727960000 28.3883870000 4.7581100000
-14.4613490000 21.2290600000 11.0826930000
7.4472800000 28.3476050000 2.0828610000
-22.7406680000 18.5389460000 17.0407810000
7.5375840000 28.3769460000 17.0732150000
-22.6858750000 18.5567490000 2.0841470000
-2.2307130000 25.2030340000 14.1833850000
-13.8783120000 21.4185000000 4.5108260000
-7.5962930000 23.4596510000 1.7646650000
-12.5822440000 21.8396180000 9.9501920000
-7.4827790000 23.4965340000 17.5761050000
4.9442630000 27.5343250000 1.9511330000
-20.1842630000 19.3695720000 1.9511330000
0.8534590000 26.2051420000 17.0994330000
4.1416940000 27.2735540000 14.9051400000
-15.8825480000 20.7672840000 8.2545980000
-3.4336170000 24.8121870000 1.7421480000
-11.8063830000 22.0917100000 1.7421480000
-8.9533200000 23.0187260000 14.7960170000
-20.7083280000 19.1992930000 5.1697180000
-20.6566980000 19.2160690000 13.6783660000
5.4400300000 27.6954100000 5.2582180000
-8.5559990000 23.1478240000 9.1847630000
-12.1379040000 21.9839930000 17.3827250000
0.9193270000 26.2265440000 8.9634170000
-7.5967160000 23.4595140000 5.4944130000
2.6060480000 26.7745930000 11.9538150000
-16.6837110000 20.5069700000 17.4652390000
-0.3762040000 25.8056000000 1.7144060000
-14.9234920000 21.0789000000 1.7604740000
-18.9979140000 19.7550400000 14.8938810000
-21.0338660000 19.0935190000 17.5532750000
-5.4112050000 24.1696300000 15.0832680000
-0.5550190000 25.7475000000 7.7440420000
-16.2464580000 20.6490420000 10.0359430000
-3.4992890000 24.7908490000 11.8404680000
5.9733190000 27.8686860000 17.5970150000
-13.2199150000 21.6324260000 15.5462000000
-10.8753480000 22.3942220000 6.3604480000
5.6993000000 27.7796510000 14.0084180000
-15.5380250000 20.8792260000 15.6264550000
-8.3111900000 23.2273670000 12.3224620000
-20.5583460000 19.2480250000 11.2370130000
5.3183460000 27.6558720000 7.8129870000
-11.1108760000 22.3176940000 11.4943880000
-3.0988100000 24.9209720000 17.7530580000
19.9494120000 14.4941110000 9.3270290000
25.5883760000 6.7327430000 10.1829750000
14.3104620000 22.2554590000 10.1829750000
17.1658610000 18.3253400000 5.9678520000
22.7329760000 10.6628630000 5.9678520000
22.4494520000 11.0531010000 13.3614360000
17.4493860000 17.9351010000 13.3614360000
12.7915300000 24.3460900000 5.7910220000
27.1073070000 4.6421130000 5.7910220000
27.4692470000 4.1439460000 13.8689700000
12.4295910000 24.8442570000 13.8689700000
19.9494190000 14.4941010000 5.5897370000
19.9602250000 14.4792280000 14.8603870000
15.0102010000 21.2923510000 14.9269110000
24.8886370000 7.6958520000 14.9269110000
11.7469020000 25.7838970000 9.9083860000
28.1519360000 3.2043050000 9.9083860000
24.9828840000 7.5661320000 4.0836650000
14.9159540000 21.4220710000 4.0836650000
16.9118920000 18.6748990000 9.6574970000
22.9869460000 10.3133040000 9.6574970000
28.6240310000 2.5545220000 3.6278800000
11.2748070000 26.4336800000 3.6278800000
18.2034130000 16.8972720000 3.1925340000
21.6954250000 12.0909310000 3.1925340000
15.2999990000 20.8934790000 6.7763780000
24.5988390000 8.0947230000 6.7763780000
28.6436810000 2.5274770000 15.9291660000
11.2551570000 26.4607260000 15.9291660000
21.2473700000 12.7076260000 16.0240190000
18.6848250000 16.2346650000 16.0403420000
20.9192490000 13.1592440000 7.4317700000
18.9795840000 15.8289650000 7.4315480000
21.1168420000 12.8872820000 12.1303850000
18.8029240000 16.0721160000 12.1413810000
23.4221830000 9.7142520000 16.1268340000
16.4766550000 19.2739510000 16.1268340000
28.7380750000 2.3975540000 6.9846600000
11.1607630000 26.5906480000 6.9846600000
13.5495910000 23.3027080000 2.7796020000
26.3492470000 5.6854940000 2.7796020000
23.3610120000 9.7984470000 2.9231430000
16.5378260000 19.1897560000 2.9231430000
23.9657450000 8.9661030000 12.0353170000
15.9331340000 20.0220430000 12.0353000000
13.5354900000 23.3221170000 16.1215890000
26.3633480000 5.6660850000 16.1215890000
13.4605160000 23.4253100000 8.0231230000
26.4383220000 5.5628920000 8.0231230000
28.7929900000 2.3219700000 12.1674580000
11.1058480000 26.6662320000 12.1674580000
26.5699190000 5.3817640000 11.9675790000
13.3289190000 23.6064380000 11.9675790000
21.3500810000 12.5662550000 9.8586970000
18.5517970000 16.4177630000 9.8601980000
19.9494190000 14.4941010000 1.6151220000
25.8095830000 6.4282770000 6.2513120000
14.0892550000 22.5599250000 6.2513120000
14.4578680000 22.0525720000 12.6405200000
25.4409780000 6.9356190000 12.6405230000
19.9510610000 14.4918410000 17.1036710000
24.4495520000 8.3001990000 17.3349080000
15.4492860000 20.6880040000 17.3349080000
10.6933640000 27.2339680000 8.9446600000
29.2054740000 1.7542350000 8.9446600000
14.5764370000 21.8893770000 1.9154670000
25.3224010000 7.0988260000 1.9154670000
22.1568860000 11.4557840000 7.6600700000
17.7424580000 17.5317220000 7.6602830000
12.3665370000 24.9310430000 16.9242850000
27.5323010000 4.0571590000 16.9242850000
10.5220770000 27.4697240000 5.2441730000
29.3767610000 1.5184780000 5.2441730000
10.6524280000 27.2903120000 14.1259310000
29.2464100000 1.6978910000 14.1259310000
23.7539690000 9.2575880000 5.2886350000
16.1448690000 19.7306150000 5.2886350000
26.1802940000 5.9180380000 14.0417490000
13.7185450000 23.0701640000 14.0417490000
18.7138700000 16.1946890000 14.0888900000
21.2469520000 12.7082000000 14.0690500000
17.6304540000 17.6858820000 11.3205340000
22.2690300000 11.3014310000 11.3208050000
21.5775040000 12.2532350000 5.2367450000
18.3213340000 16.7349670000 5.2367450000
27.6882040000 3.8425780000 1.9354470000
12.2106340000 25.1456250000 1.9354470000
23.5233090000 9.5750640000 14.1622970000
16.3755320000 19.4131350000 14.1622960000
15.6309720000 20.4379340000 9.1298330000
24.2678710000 8.5502620000 9.1298350000
27.6425350000 3.9054350000 7.7229160000
12.2563030000 25.0827670000 7.7229160000
19.9494190000 14.4941010000 7.5627880000
24.3011380000 8.5044740000 1.6904200000
15.5977000000 20.4837280000 1.6904200000
10.5566390000 27.4221540000 1.9073610000
29.3421990000 1.5660490000 1.9073610000
17.4597150000 17.9208850000 1.8094890000
22.4391230000 11.0673170000 1.8094890000
17.5330760000 17.8199120000 17.2156660000
22.3333280000 11.2129320000 17.1921090000
14.5582410000 21.9144220000 8.0727240000
25.3405980000 7.0737800000 8.0727250000
23.4162480000 9.7224210000 7.4133780000
16.4826750000 19.2656650000 7.4134130000
10.4767580000 27.5321010000 10.4903510000
29.4220800000 1.4561020000 10.4903510000
25.5493330000 6.7864810000 17.4624550000
14.3495050000 22.2017220000 17.4624550000
27.6418330000 3.9064010000 11.5135880000
12.2570050000 25.0818020000 11.5135880000
29.4618770000 1.4013260000 17.3199250000
10.4369610000 27.5868770000 17.3199250000
18.6592890000 16.2698130000 1.6761290000
21.2395490000 12.7183900000 1.6761290000
27.3920860000 4.2501490000 4.0340010000
12.5067520000 24.7380530000 4.0340010000
17.3407680000 18.0846020000 4.0929060000
22.5580700000 10.9036010000 4.0929060000
17.5388910000 17.8119090000 15.1659110000
22.3704320000 11.1618620000 15.1559570000
28.1467990000 3.2113750000 5.5674420000
11.7520390000 25.7768270000 5.5674420000
18.5453420000 16.4266480000 17.7744660000
21.3534960000 12.5615540000 17.7744660000
19.9487940000 14.4949620000 13.0024590000
19.9492820000 14.4942900000 11.2630780000
26.3503020000 5.6840420000 4.6234000000
13.5485360000 23.3041600000 4.6234000000
29.6605980000 1.1278100000 3.5846330000
10.2382400000 27.8603930000 3.5846330000
11.4414950000 26.2042540000 17.6851560000
28.4573430000 2.7839480000 17.6851560000
19.2882010000 15.4041890000 3.4583160000
20.6165860000 13.5758250000 3.4614310000
10.2364440000 27.8628640000 15.6662540000
29.6623940000 1.1253390000 15.6662540000
12.8933510000 24.2059460000 9.8864280000
27.0054870000 4.7822570000 9.8864280000
-0.1385390000 -0.5500890000 19.0500000000
3.6585000000 -13.0120210000 19.0500000000
-11.0297440000 -8.0135780000 19.0500000000
-11.0297440000 8.0135780000 19.0500000000
13.3142680000 0.0741310000 19.0500000000
4.5418160000 13.1622660000 19.0500000000
12.5727150000 9.1346120000 19.0500000000
-4.8023500000 -14.7801130000 19.0500000000
-4.7442650000 14.6942410000 19.0500000000
-15.3819480000 0.0099670000 19.0500000000
12.5048640000 -8.9992410000 19.0500000000
5.8286170000 -5.4226230000 19.0500000000
-7.6188960000 -1.1487030000 19.0500000000
-3.7519470000 6.9665650000 19.0500000000
6.8783630000 3.3565640000 19.0500000000
-1.4029170000 -7.6245110000 19.0500000000
6.3766280000 -20.2058680000 19.0500000000
-17.1388280000 -12.4520870000 19.0500000000
21.1847560000 -0.0000000000 19.0500000000
-17.1388280000 12.4520870000 19.0500000000
6.5464500000 20.1479000000 19.0500000000
11.2913780000 15.4351740000 19.0500000000
0.1011930000 -19.0937840000 19.0500000000
18.1905380000 5.8040630000 19.0500000000
-11.3136220000 -15.6568350000 19.0500000000
-11.2020460000 15.3487660000 19.0500000000
0.1127650000 19.1622490000 19.0500000000
-18.1279970000 5.9965440000 19.0500000000
-18.0591670000 -5.9107490000 19.0500000000
18.1905380000 -5.8040630000 19.0500000000
11.0985420000 -15.3646760000 19.0500000000
2.0624110000 7.8869110000 19.0500000000
7.2409820000 8.2952060000 19.0500000000
-1.1821500000 11.6671320000 19.0500000000
-10.8564470000 2.6009880000 19.0500000000
10.8055170000 -4.3004870000 19.0500000000
-5.9831530000 -9.6484920000 19.0500000000
-0.2979250000 -12.1169670000 19.0500000000
-11.9833520000 -3.2739350000 19.0500000000
7.4460450000 -9.8234240000 19.0500000000
-6.8757650000 10.3039410000 19.0500000000
11.6191060000 4.3949690000 19.0500000000
-3.9201140000 2.3915430000 19.0500000000
4.8487540000 -0.8530360000 19.0500000000
-3.4443480000 -3.6528250000 19.0500000000
-4.6772760000 -19.1897820000 19.0500000000
16.7925530000 10.3775960000 19.0500000000
-4.7649160000 19.4604650000 19.0500000000
-19.7571640000 1.4506610000 19.0500000000
15.1364770000 -12.8126290000 19.0500000000
2.7208370000 -8.6763500000 19.0500000000
1.3576220000 -4.3006520000 19.0500000000
-7.2151090000 -4.8984750000 19.0500000000
-7.5264250000 5.5367680000 19.0500000000
9.0223230000 -0.5613100000 19.0500000000
22.0951810000 4.0272180000 19.0500000000
2.8624700000 -22.4417130000 19.0500000000
10.6092670000 19.8052770000 19.0500000000
-15.6857330000 -16.3570460000 19.0500000000
-20.4519930000 -9.7295620000 19.0500000000
10.9219980000 -19.9140920000 19.0500000000
-15.5733770000 16.4444010000 19.0500000000
22.0500520000 -4.0413030000 19.0500000000
2.8736470000 22.2142840000 19.0500000000
-20.5114460000 9.6870420000 19.0500000000
15.4154650000 14.3294010000 19.0500000000
-8.8650060000 -19.0944630000 19.0500000000
-8.7670980000 18.7706290000 19.0500000000
-20.5365880000 -2.2395020000 19.0500000000
18.1258300000 -10.0325870000 19.0500000000
-0.2196000000 4.3734280000 19.0500000000
-20.8219920000 -15.1280630000 19.0500000000
7.9532930000 -24.4777200000 19.0500000000
-20.8219920000 15.1280630000 19.0500000000
25.7373980000 -0.0000000000 19.0500000000
7.9532930000 24.4777200000 19.0500000000
3.8069590000 -17.2371720000 19.0500000000
-12.9279500000 -11.8510450000 19.0500000000
-15.2932830000 8.6195520000 19.0500000000
17.8715690000 1.6855900000 19.0500000000
7.1232080000 16.4019910000 19.0500000000
0.8121240000 15.1931680000 19.0500000000
14.7499600000 -3.8894070000 19.0500000000
-15.1831230000 -8.3956790000 19.0500000000
7.2783130000 -15.3121530000 19.0500000000
-12.3136010000 11.6538020000 19.0500000000
9.8977460000 11.8804930000 19.0500000000
-15.1376780000 3.8648780000 19.0500000000
-8.3447350000 -13.0308070000 19.0500000000
3.6014570000 17.5282620000 19.0500000000
18.0591440000 -2.0619140000 19.0500000000
3.1113110000 2.7711740000 19.0500000000
-1.4610000000 -15.8585110000 19.0500000000
-15.5320180000 -3.5601810000 19.0500000000
10.5862720000 -12.1020410000 19.0500000000
-8.1855910000 13.6716710000 19.0500000000
14.7579530000 6.2594480000 19.0500000000
20.1321590000 8.6795870000 19.0500000000
-2.0335980000 -21.8289610000 19.0500000000
14.5083040000 -16.4771720000 19.0500000000
-1.7842670000 21.8186230000 19.0500000000
-21.3889920000 4.8114530000 19.0500000000
13.4949750000 17.6899100000 19.0500000000
-12.5647240000 -17.9188950000 19.0500000000
-12.6792400000 18.2883110000 19.0500000000
20.9601810000 -7.4336850000 19.0500000000
-21.3113180000 -6.4072750000 19.0500000000
15.6788270000 -8.1523620000 19.0500000000
-2.1678390000 16.8374410000 19.0500000000
-8.3237110000 2.2887730000 19.0500000000
8.0794360000 -2.5855960000 19.0500000000
14.6498110000 2.9499320000 19.0500000000
9.3760570000 6.3752550000 19.0500000000
-3.5341740000 10.6061790000 19.0500000000
-12.3735000000 -0.2137600000 19.0500000000
8.6428650000 -6.6332720000 19.0500000000
-3.8753080000 -11.7917980000 19.0500000000
1.7574800000 -14.6091440000 19.0500000000
-4.8680040000 -7.4387890000 19.0500000000
2.2931910000 10.5285950000 19.0500000000
-0.1727770000 8.0925050000 19.0500000000
5.4681230000 6.7905230000 19.0500000000
13.0914770000 12.0248600000 19.0500000000
-7.3759380000 -16.2205350000 19.0500000000
-10.5827640000 -10.7778450000 19.0500000000
7.2853510000 12.7645220000 19.0500000000
-13.5350100000 6.7286890000 19.0500000000
-3.0561990000 0.0688590000 19.0500000000
-18.4150870000 -16.9455370000 19.0500000000
4.9193010000 -24.5324250000 19.0500000000
24.8352810000 2.8792430000 19.0500000000
-21.8181570000 12.2631940000 19.0500000000
4.9206980000 24.5039960000 19.0500000000
10.4130820000 22.7293290000 19.0500000000
-21.8127830000 -12.2605980000 19.0500000000
10.4458590000 -22.7481220000 19.0500000000
-18.4010420000 16.9564560000 19.0500000000
24.8266540000 -2.8886130000 19.0500000000
13.0521380000 -6.1483370000 19.0500000000
8.5867630000 -18.1186680000 19.0500000000
-17.5782830000 -9.6052540000 19.0500000000
-14.4939030000 13.7203330000 19.0500000000
-9.7684690000 10.3762330000 19.0500000000
7.2844100000 -12.4811270000 19.0500000000
-12.7120840000 -5.7514500000 19.0500000000
-6.4225110000 17.2385050000 19.0500000000
-18.5259820000 -0.8394340000 19.0500000000
5.0540700000 -8.4168570000 19.0500000000
4.4919840000 8.9471790000 19.0500000000
-6.9995230000 -20.9189260000 19.0500000000
17.7168110000 13.1245010000 19.0500000000
-6.9947190000 20.9221680000 19.0500000000
-22.0596510000 -0.1870680000 19.0500000000
18.0116740000 -12.8358170000 19.0500000000
2.2931500000 -1.7919920000 19.0500000000
-17.2929730000 2.4882530000 19.0500000000
-0.8256840000 -3.0052950000 19.0500000000
1.7639200000 -11.1434320000 19.0500000000
-10.1853950000 5.1850420000 19.0500000000
11.4192980000 -1.7792700000 19.0500000000
-14.8567220000 -13.7459080000 19.0500000000
2.7961350000 -19.6837490000 19.0500000000
-17.7954320000 9.8872070000 19.0500000000
19.4130990000 3.7138050000 19.0500000000
9.4564210000 17.3672060000 19.0500000000
-8.2712580000 -7.9824980000 19.0500000000
-9.0215980000 -3.6706720000 19.0500000000
9.3693780000 2.1093300000 19.0500000000
-8.2864380000 8.0680920000 19.0500000000
-0.1235150000 -23.1990640000 19.0500000000
13.7458960000 -18.7068790000 19.0500000000
22.0088640000 7.2632140000 19.0500000000
-22.1083710000 7.0551600000 19.0500000000
-0.0574190000 23.5284120000 19.0500000000
-2.2326670000 13.8870740000 19.0500000000
14.7294570000 -9.9861690000 19.0500000000
-4.9621530000 4.7871320000 19.0500000000
6.8358480000 1.0789630000 19.0500000000
0.2620280000 -9.5193170000 19.0500000000
-6.1907960000 -3.1773190000 19.0500000000
3.1478280000 -6.3495070000 19.0500000000
10.0827370000 9.1499960000 19.0500000000
-1.5236630000 2.0910570000 19.0500000000
-5.6865000000 8.0436060000 19.0500000000
11.7535440000 1.6896240000 19.0500000000
1.0086070000 -6.9753960000 19.0500000000
-18.0448300000 -3.3914740000 19.0500000000
-8.8373740000 16.1799760000 19.0500000000
-10.6830800000 -5.4259940000 19.0500000000
4.4327810000 -3.1627860000 19.0500000000
-3.6459220000 -17.0921300000 19.0500000000
-1.7585130000 -5.2063370000 19.0500000000
12.5816000000 -13.5342360000 19.0500000000
15.0766730000 8.4384330000 19.0500000000
5.4564980000 -11.2844500000 19.0500000000
19.5859000000 11.0762570000 19.0500000000
16.4046320000 -15.3026030000 19.0500000000
-4.4816090000 -22.0526380000 19.0500000000
-4.2908750000 22.0926340000 19.0500000000
-22.4040110000 2.3887590000 19.0500000000
-9.4905560000 0.4609190000 19.0500000000
-5.4466020000 0.6169270000 19.0500000000
16.1194670000 -0.4447010000 19.0500000000
4.7847280000 15.5883830000 19.0500000000
9.7885920000 -8.7539520000 19.0500000000
-5.3722790000 11.9502410000 19.0500000000
-3.5383310000 -8.9153920000 19.0500000000
2.1599470000 4.9730950000 19.0500000000
2.1951400000 19.5252500000 19.0500000000
19.7626530000 -3.8754820000 19.0500000000
6.1227230000 -17.7182810000 19.0500000000
-14.9716750000 11.1232770000 19.0500000000
-15.2312100000 -10.8180510000 19.0500000000
11.7400640000 6.8363860000 19.0500000000
-11.3584160000 -19.9061560000 19.0500000000
15.4691920000 16.9825030000 19.0500000000
20.8887090000 -9.4449540000 19.0500000000
-22.4452450000 -4.6088190000 19.0500000000
-11.3607880000 19.9126670000 19.0500000000
-19.1811870000 -11.5593250000 19.0500000000
8.7119180000 -20.6466600000 19.0500000000
-17.0040840000 -14.6499410000 19.0500000000
5.1554480000 -22.1341330000 19.0500000000
-16.9062390000 14.6644810000 19.0500000000
22.3184050000 -1.7489790000 19.0500000000
22.4567920000 1.7603460000 19.0500000000
8.6040390000 20.8207610000 19.0500000000
-19.2375820000 11.6077310000 19.0500000000
5.2132660000 21.7654130000 19.0500000000
-10.4205030000 13.0864490000 19.0500000000
-15.5033130000 -5.9544110000 19.0500000000
9.2904030000 -13.7913860000 19.0500000000
1.6797480000 12.4997230000 19.0500000000
-2.2617380000 18.8742960000 19.0500000000
17.3921490000 7.9917470000 19.0500000000
-2.2722710000 -19.0287860000 19.0500000000
-13.8218730000 1.8228050000 19.0500000000
1.0081130000 2.3759890000 19.0500000000
-19.1850490000 3.9818490000 19.0500000000
-16.0808270000 6.2113380000 19.0500000000
8.9154390000 14.5386840000 19.0500000000
-10.8838850000 -13.3507390000 19.0500000000
-6.1021300000 -12.5688610000 19.0500000000
-2.5547850000 4.2897610000 19.0500000000
1.1130410000 -16.7247550000 19.0500000000
16.5788300000 4.0088540000 19.0500000000
8.5885480000 -26.4328310000 19.0500000000
27.8585910000 -0.0000000000 19.0500000000
-22.5071780000 -16.3524220000 19.0500000000
8.6484300000 26.6171310000 19.0500000000
-22.6418840000 16.4502910000 19.0500000000
15.1198520000 12.1771090000 19.0500000000
-14.2560730000 -2.1601800000 19.0500000000
-2.4684520000 -13.7625710000 19.0500000000
-6.9067400000 -18.1656970000 19.0500000000
6.0569490000 10.8655780000 19.0500000000
4.9621940000 -15.1421700000 19.0500000000
-13.0412380000 -9.5862420000 19.0500000000
-12.9629970000 9.3533540000 19.0500000000
2.6500940000 0.5708370000 19.0500000000
-1.3771050000 6.4995800000 19.0500000000
-15.9990510000 -18.6759880000 19.0500000000
12.7779940000 21.0543430000 19.0500000000
-22.7149660000 -9.4197070000 19.0500000000
23.9693470000 -5.6499320000 19.0500000000
-15.9779850000 18.6923670000 19.0500000000
19.0252370000 -0.1234560000 19.0500000000
5.7960150000 18.0926030000 19.0500000000
20.4387680000 5.5905970000 19.0500000000
0.9989530000 -21.1660130000 19.0500000000
11.4795580000 -17.6346000000 19.0500000000
-19.2989290000 7.6937230000 19.0500000000
13.4041140000 15.7169160000 19.0500000000
-10.6176890000 -17.9194240000 19.0500000000
-19.9907100000 -4.7215720000 19.0500000000
19.2574360000 -7.6298080000 19.0500000000
-10.6679510000 17.5532490000 19.0500000000
12.7200190000 -21.1305450000 19.0500000000
24.0141570000 5.5395010000 19.0500000000
2.1295110000 -24.5716090000 19.0500000000
-22.7109340000 9.6183300000 19.0500000000
2.1295110000 24.5716090000 19.0500000000
15.7101690000 -6.1606550000 19.0500000000
4.7349400000 4.4619400000 19.0500000000
10.6050090000 -6.5798040000 19.0500000000
-3.9231390000 17.0694540000 19.0500000000
1.4592250000 17.3515740000 19.0500000000
-5.2467290000 -5.4266850000 19.0500000000
-13.5892870000 -15.8255640000 19.0500000000
-10.4385040000 -1.5543670000 19.0500000000
-13.0828760000 16.1429650000 19.0500000000
-19.4442170000 -7.5205800000 19.0500000000
12.7723600000 -11.2823950000 19.0500000000
6.9712500000 -1.1924750000 19.0500000000
-6.5778520000 2.9315440000 19.0500000000
0.3644490000 21.0940430000 19.0500000000
-12.5366620000 4.4230570000 19.0500000000
6.5433110000 26.1365900000 19.0500000000
26.8707460000 1.8526410000 19.0500000000
-20.6159540000 -17.2924820000 19.0500000000
10.0683910000 24.9919450000 19.0500000000
6.5129900000 -26.1062670000 19.0500000000
-22.8244150000 14.2676260000 19.0500000000
26.8432550000 -1.8723400000 19.0500000000
10.0760640000 -24.9491470000 19.0500000000
-22.8171220000 -14.2623950000 19.0500000000
-20.6222360000 17.2981450000 19.0500000000
14.0770050000 -2.1105830000 19.0500000000
-8.1535790000 -10.5277350000 19.0500000000
-9.4013270000 -21.0694220000 19.0500000000
17.1436970000 15.3699620000 19.0500000000
-9.3812590000 21.0066050000 19.0500000000
19.8308750000 -11.5599010000 19.0500000000
-22.8470660000 -2.3081500000 19.0500000000
11.5524400000 17.5783160000 19.0500000000
17.1457630000 -3.9891290000 19.0500000000
4.3709960000 19.8789520000 19.0500000000
20.2722600000 -1.8967190000 19.0500000000
-9.0943380000 -14.9473050000 19.0500000000
11.2804690000 13.4326320000 19.0500000000
-17.1221710000 4.4334510000 19.0500000000
-1.9814440000 -10.6217500000 19.0500000000
-16.5236950000 -1.6762570000 19.0500000000
-6.8937330000 15.0973050000 19.0500000000
-12.3481250000 13.9124460000 19.0500000000
-17.0279220000 -7.5438470000 19.0500000000
9.3232160000 -16.0739490000 19.0500000000
4.8432180000 1.8977400000 19.0500000000
-0.2392580000 13.5598040000 19.0500000000
4.7185830000 -19.1996730000 19.0500000000
8.5625530000 -4.5291060000 19.0500000000
12.8057410000 -4.0861760000 19.0500000000
8.2003770000 10.6994780000 19.0500000000
16.6433810000 -11.3387680000 19.0500000000
7.2751380000 22.4075200000 19.0500000000
-18.9713970000 13.7841880000 19.0500000000
23.5598810000 0.0003330000 19.0500000000
-18.9945980000 -13.7917100000 19.0500000000
7.2447030000 -22.3541730000 19.0500000000
-17.3192940000 7.6816730000 19.0500000000
-3.2541090000 12.2795290000 19.0500000000
11.5858480000 10.8249250000 19.0500000000
-4.6956860000 -1.5379910000 19.0500000000
0.4905750000 6.3651040000 19.0500000000
2.7982380000 14.8068300000 19.0500000000
15.1357370000 1.2268840000 19.0500000000
16.0441410000 -2.4422760000 19.0500000000
8.1207650000 18.9695810000 19.0500000000
20.4657410000 1.8585890000 19.0500000000
-0.1539240000 -14.2987690000 19.0500000000
-8.0858640000 11.8525880000 19.0500000000
-13.8513880000 -4.1402890000 19.0500000000
8.9549970000 -11.2999790000 19.0500000000
13.5152630000 4.7049100000 19.0500000000
-2.3866410000 8.8176730000 19.0500000000
7.0590360000 5.6495710000 19.0500000000
-8.7200010000 4.0096610000 19.0500000000
9.7433310000 -2.6943530000 19.0500000000
-5.5765850000 -16.6038830000 19.0500000000
-13.9369690000 19.6851300000 19.0500000000
-13.8824830000 -19.4840370000 19.0500000000
-23.0281340000 -7.1681840000 19.0500000000
14.4148790000 19.3452280000 19.0500000000
22.8460370000 -7.7356060000 19.0500000000
-6.7800900000 19.0778650000 19.0500000000
-20.2035440000 -0.3921950000 19.0500000000
4.0255520000 11.0808340000 19.0500000000
20.4151530000 -5.7941310000 19.0500000000
14.1815740000 -14.7532180000 19.0500000000
14.0380450000 10.3869100000 19.0500000000
-12.7859150000 -13.9665910000 19.0500000000
-3.3764740000 -6.3774230000 19.0500000000
-6.6942520000 -14.4858370000 19.0500000000
-6.6762570000 -7.0256870000 19.0500000000
11.0066760000 -10.3761100000 19.0500000000
0.3895620000 10.0611760000 19.0500000000
21.5281590000 9.7243400000 19.0500000000
-2.5975380000 -23.4820870000 19.0500000000
-23.1903170000 4.7735000000 19.0500000000
15.9196090000 -17.4952330000 19.0500000000
-2.5088670000 23.4939390000 19.0500000000
7.3036780000 -7.9052530000 19.0500000000
-1.0469290000 -17.6514130000 19.0500000000
1.1285950000 -12.9740530000 19.0500000000
6.3741710000 -3.1147440000 19.0500000000
3.5883200000 -10.3961720000 19.0500000000
-0.4303020000 17.2153800000 19.0500000000
16.4771390000 6.4450000000 19.0500000000
3.6738970000 6.2616870000 19.0500000000
8.8603880000 4.3771380000 19.0500000000
6.2399010000 14.4896470000 19.0500000000
10.9966190000 0.1627110000 19.0500000000
-9.5720770000 -9.2433700000 19.0500000000
-7.3901720000 0.9596550000 19.0500000000
-1.1337350000 15.3090780000 19.0500000000
-11.6835670000 6.3359430000 19.0500000000
13.4943450000 7.2063540000 19.0500000000
14.0856110000 -7.8666990000 19.0500000000
16.4165590000 -9.4889870000 19.0500000000
-8.8161740000 -6.1694840000 19.0500000000
-21.4596500000 -8.1483290000 19.0500000000
-14.3732970000 17.8886700000 19.0500000000
12.5698120000 19.1624460000 19.0500000000
-14.4213410000 -17.7874820000 19.0500000000
22.1891890000 -6.0352850000 19.0500000000
-3.1265250000 -15.3879430000 19.0500000000
-0.6980800000 -20.6706400000 19.0500000000
19.4432290000 7.0514930000 19.0500000000
-19.9497690000 5.8175840000 19.0500000000
12.7146560000 -16.3125780000 19.0500000000
3.1228190000 -4.3476610000 19.0500000000
-8.9866780000 -17.0207730000 19.0500000000
-0.0337550000 -5.3820380000 19.0500000000
17.2486080000 -7.7189400000 19.0500000000
13.2671260000 13.8526820000 19.0500000000
-6.6563460000 13.4532090000 19.0500000000
3.2251250000 -15.4094850000 19.0500000000
4.2491860000 -20.8197500000 19.0500000000
-1.1531740000 20.3154420000 19.0500000000
-3.1574700000 20.4862770000 19.0500000000
18.5218850000 9.3580510000 19.0500000000
-3.1852880000 -20.5168660000 19.0500000000
-16.8390150000 -4.6769340000 19.0500000000
-9.6419950000 14.6320600000 19.0500000000
-20.6838040000 3.1581810000 19.0500000000
-5.8678890000 6.3168700000 19.0500000000
10.9145720000 -13.7414920000 19.0500000000
13.3312880000 2.5067420000 19.0500000000
-11.5187030000 9.8492420000 19.0500000000
-13.4939000000 -7.5402720000 19.0500000000
5.7893200000 -13.6404310000 19.0500000000
-15.5992630000 1.7108090000 19.0500000000
-2.4172770000 -1.9348840000 19.0500000000
0.6716370000 -2.4120070000 19.0500000000
-4.7866310000 9.5193900000 19.0500000000
-2.8403290000 15.5594570000 19.0500000000
-9.6759580000 6.8804360000 19.0500000000
-17.1801710000 0.5240000000 19.0500000000
3 137 1351 3
3 1351 89 3
3 1350 92 0
3 46 1350 0
3 1397 1328 1408
3 67 1397 1408
3 1397 67 68
3 1327 1399 1413
3 1399 77 1413
3 77 1399 76
3 1398 1326 1412
3 60 1398 1412
3 1398 60 61
3 1351 137 1347
3 1351 90 89
3 1325 1401 1417
3 92 1350 1346
3 47 1350 46
3 88 1349 1345
3 90 1349 91
3 1401 84 1417
3 84 1401 83
3 1348 49 1344
3 1348 47 48
3 1400 1324 1416
3 136 1347 137
3 53 1400 1416
3 1400 53 54
3 1346 93 92
3 1317 1409 1423
3 1409 71 1423
3 71 1409 70
3 1345 87 88
3 1408 1316 1422
3 50 1344 49
3 66 1408 1422
3 1408 66 67
3 1315 1413 1427
3 1413 78 1427
3 78 1413 77
3 1412 1314 1426
3 59 1412 1426
3 1412 59 60
3 1313 1417 1431
3 1417 85 1431
3 85 1417 84
3 1416 1312 1430
3 52 1416 1430
3 1416 52 53
3 1299 1371 1353
3 1371 87 1353
3 1370 1298 1352
3 50 1370 1352
3 1309 1367 1321
3 1381 1321 1367
3 80 1381 1367
3 1366 1308 1320
3 1320 1380 1366
3 1380 57 1366
3 1307 1363 1319
3 1379 1319 1363
3 73 1379 1363
3 1362 1306 1318
3 1318 1378 1362
3 1378 64 1362
3 1440 1345 1349
3 90 1440 1349
3 1344 1439 1348
3 1439 47 1348
3 1313 1431 1355
3 1361 1313 1301
3 1355 1301 1313
3 1430 1312 1354
3 1312 1360 1300
3 1300 1354 1312
3 1315 1427 1357
3 1365 1315 1303
3 1357 1303 1315
3 1426 1314 1356
3 1314 1364 1302
3 1302 1356 1314
3 1317 1423 1359
3 1369 1317 1305
3 1359 1305 1317
3 1422 1316 1358
3 1316 1368 1304
3 1304 1358 1316
3 1313 1433 1325
3 1417 1313 1325
3 1432 1312 1324
3 1312 1416 1324
3 1315 1429 1327
3 1413 1315 1327
3 1428 1314 1326
3 1314 1412 1326
3 1317 1425 1329
3 1409 1317 1329
3 1424 1316 1328
3 1316 1408 1328
3 1335 1415 1393
3 1421 1319 1331
3 1415 131 1393
3 1414 1334 1392
3 1318 1420 1330
3 98 1414 1392
3 1337 1411 1395
3 1419 1321 1333
3 1411 123 1395
3 1410 1336 1394
3 1320 1418 1332
3 106 1410 1394
3 1325 1415 1335
3 1401 1325 1335
3 1414 1324 1334
3 1324 1400 1334
3 1327 1411 1337
3 1399 1327 1337
3 1410 1326 1336
3 1326 1398 1336
3 1329 1434 1382
3 1329 1407 1339
3 1434 1329 1339
3 1406 1328 1338
3 1328 1397 1338
3 1436 1331 1384
3 1405 1331 1341
3 1331 1436 1341
3 1330 1435 1383
3 1330 1404 1340
3 1435 1330 1340
3 1438 1333 1386
3 1403 1333 1343
3 1333 1438 1343
3 1332 1437 1385
3 1332 1402 1342
3 1437 1332 1342
3 1299 1448 1311
3 1335 1438 1388
3 1438 1335 1343
3 1335 1393 1343
3 1448 1299 1377
3 1437 1334 1387
3 1334 1437 1342
3 1392 1334 1342
3 135 1448 1377
3 1337 1436 1390
3 1436 1337 1341
3 1337 1395 1341
3 1447 1298 1310
3 1435 1336 1389
3 1336 1435 1340
3 1394 1336 1340
3 1396 1338 1339
3 1434 1338 1391
3 1338 1434 1339
3 1339 1407 1396
3 1403 1343 1393
3 130 1403 1393
3 1403 130 129
3 1342 1402 1392
3 1402 99 1392
3 99 1402 100
3 1405 1341 1395
3 122 1405 1395
3 1405 122 121
3 1340 1404 1394
3 1404 107 1394
3 107 1404 108
3 1407 115 1396
3 1384 74 75
3 115 1407 116
3 1406 1338 1396
3 114 1406 1396
3 1406 114 113
3 1298 1447 1376
3 1447 94 1376
3 123 1411 124
3 1319 1379 1331
3 1384 1331 1379
3 1410 106 105
3 74 1384 1379
3 1378 1318 1330
3 131 1415 132
3 1330 1383 1378
3 1383 63 1378
3 1414 98 97
3 1419 1333 1403
3 129 1419 1403
3 1419 129 128
3 1332 1418 1402
3 1418 100 1402
3 100 1418 101
3 1421 1331 1405
3 121 1421 1405
3 1421 121 120
3 1330 1420 1404
3 1420 108 1404
3 108 1420 109
3 1329 1425 1407
3 1425 116 1407
3 116 1425 117
3 1424 1328 1406
3 113 1424 1406
3 1424 113 112
3 1327 1429 1411
3 1429 124 1411
3 124 1429 125
3 1428 1326 1410
3 105 1428 1410
3 1428 105 104
3 1325 1433 1415
3 1433 132 1415
3 132 1433 133
3 1432 1324 1414
3 97 1432 1414
3 1432 97 96
3 1444 1309 1375
3 127 1444 1375
3 1308 1443 1374
3 1443 102 1374
3 1442 1307 1373
3 119 1442 1373
3 1306 1441 1372
3 1441 110 1372
3 118 1369 1305
3 1368 111 1304
3 126 1365 1303
3 1364 103 1302
3 1301 1448 1361
3 1361 1448 134
3 1375 1309 1321
3 1308 1374 1320
3 1373 1307 1319
3 1306 1372 1318
3 91 1349 2
3 1349 88 2
3 49 1348 1
3 1348 48 1
3 1307 1359 1363
3 1305 1359 1307
3 1359 72 1363
3 1358 1306 1362
3 1358 1304 1306
3 65 1358 1362
3 1309 1357 1367
3 1303 1357 1309
3 1357 79 1367
3 1356 1308 1366
3 1356 1302 1308
3 58 1356 1366
3 1311 1355 1371
3 1301 1355 1311
3 1355 86 1371
3 1354 1310 1370
3 1354 1300 1310
3 51 1354 1370
3 1375 1321 1419
3 128 1375 1419
3 1320 1374 1418
3 1374 101 1418
3 1373 1319 1421
3 120 1373 1421
3 1318 1372 1420
3 1372 109 1420
3 1317 1369 1425
3 1369 117 1425
3 1368 1316 1424
3 112 1368 1424
3 1315 1365 1429
3 1365 125 1429
3 1364 1314 1428
3 104 1364 1428
3 1313 1361 1433
3 1361 133 1433
3 1360 1312 1432
3 96 1360 1432
3 1434 69 1382
3 75 1436 1384
3 1435 62 1383
3 82 1438 1386
3 1437 55 1385
3 1438 82 1388
3 55 1437 1387
3 1436 75 1390
3 62 1435 1389
3 69 1434 1391
3 1391 1338 1397
3 68 1391 1397
3 1337 1390 1399
3 1390 76 1399
3 1389 1336 1398
3 61 1389 1398
3 1335 1388 1401
3 1388 83 1401
3 1387 1334 1400
3 54 1387 1400
3 1321 1381 1333
3 1386 1333 1381
3 81 1386 1381
3 1380 1320 1332
3 1332 1385 1380
3 1352 1322 1344
3 1322 1352 1298
3 50 1352 1344
3 1385 56 1380
3 1323 1353 1345
3 1353 1323 1299
3 1353 87 1345
3 1354 51 52
3 1298 1376 1322
3 93 1376 94
3 1329 1382 1409
3 86 1355 85
3 1382 70 1409
3 1311 1448 1301
3 1377 136 135
3 1356 58 59
3 1377 1299 1323
3 1447 1310 1300
3 64 1378 63
3 79 1357 78
3 1379 73 74
3 1309 1444 1303
3 1443 1308 1302
3 1358 65 66
3 1307 1442 1305
3 1441 1306 1304
3 1447 1300 1360
3 72 1359 71
3 1448 135 134
3 1447 1360 95
3 94 1447 95
3 1360 96 95
3 90 1446 1440
3 1347 1446 1351
3 1446 1347 1440
3 133 1361 134
3 1446 90 1351
3 1445 47 1439
3 1445 1346 1350
3 65 1362 64
3 1346 1445 1439
3 47 1445 1350
3 1303 1444 126
3 1363 72 73
3 1444 127 126
3 1443 1302 103
3 102 1443 103
3 1364 104 103
3 1305 1442 118
3 1442 119 118
3 1441 1304 111
3 125 1365 126
3 110 1441 111
3 1440 1323 1345
3 1323 1440 1347
3 58 1366 57
3 1322 1439 1344
3 1439 1322 1346
3 57 1380 56
3 1367 79 80
3 1381 80 81
3 1377 1323 1347
3 136 1377 1347
3 1368 112 111
3 1322 1376 1346
3 1376 93 1346
3 1431 85 1355
3 117 1369 118
3 52 1430 1354
3 1427 78 1357
3 59 1426 1356
3 51 1370 50
3 1298 1370 1310
3 1423 71 1359
3 66 1422 1358
3 1371 86 87
3 1371 1299 1311
3 1386 81 82
3 1375 128 127
3 109 1372 110
3 1387 54 55
3 83 1388 82
3 1389 61 62
3 1373 120 119
3 101 1374 102
3 70 1382 69
3 63 1383 62
3 56 1385 55
3 114 1396 115
3 122 1395 123
3 1394 107 106
3 130 1393 131
3 1392 99 98
3 1391 68 69
3 76 1390 75
3 213 1526 6
3 1526 141 6
3 210 1525 5
3 1525 140 5
3 1520 1665 1524
3 1665 212 1524
3 1664 1519 1523
3 139 1664 1523
3 1586 1500 1610
3 248 1586 1610
3 1586 248 249
3 1499 1585 1609
3 141 1526 1522
3 212 1526 213
3 1585 242 1609
3 242 1585 241
3 1525 210 1521
3 1525 139 140
3 1588 1498 1612
3 1524 214 1520
3 1524 212 211
3 257 1588 1612
3 276 1523 1519
3 139 1523 138
3 1588 257 258
3 1497 1587 1611
3 1522 142 141
3 1587 233 1611
3 209 1521 210
3 233 1587 232
3 1592 1496 1616
3 215 1520 214
3 266 1592 1616
3 1592 266 267
3 1519 275 276
3 1495 1591 1615
3 1591 224 1615
3 224 1591 223
3 1608 1508 1580
3 200 1608 1580
3 270 1598 269
3 1507 1607 1579
3 1607 151 1579
3 1597 220 221
3 1604 1510 1582
3 190 1604 1582
3 261 1602 260
3 1509 1603 1581
3 1603 161 1581
3 1601 229 230
3 1511 1599 1583
3 1599 171 1583
3 252 1606 251
3 1600 1512 1584
3 180 1600 1584
3 1605 238 239
3 1610 1486 1626
3 247 1610 1626
3 1610 247 248
3 1485 1609 1625
3 1609 243 1625
3 243 1609 242
3 1612 1484 1630
3 256 1612 1630
3 1612 256 257
3 1483 1611 1629
3 1611 234 1629
3 234 1611 233
3 1616 1482 1634
3 265 1616 1634
3 1616 265 266
3 1481 1615 1633
3 1615 225 1633
3 225 1615 224
3 1450 1566 1528
3 1566 275 1528
3 1565 1449 1527
3 215 1565 1527
3 1471 1625 1647
3 1625 244 1647
3 244 1625 243
3 1630 1470 1651
3 255 1630 1651
3 1630 255 256
3 1469 1629 1650
3 1629 235 1650
3 235 1629 234
3 1634 1468 1655
3 264 1634 1655
3 1634 264 265
3 1467 1633 1654
3 1633 226 1654
3 226 1633 225
3 1638 1466 1657
3 273 1638 1657
3 1638 273 274
3 1465 1637 1656
3 1637 217 1656
3 217 1637 216
3 1550 1464 1478
3 1478 1562 1550
3 1562 271 1550
3 1463 1549 1477
3 1561 1477 1549
3 219 1561 1549
3 1546 1462 1476
3 1476 1560 1546
3 1560 262 1546
3 1461 1545 1475
3 1559 1475 1545
3 228 1559 1545
3 1542 1460 1474
3 1474 1558 1542
3 1558 253 1542
3 1459 1541 1473
3 1557 1473 1541
3 237 1557 1541
3 1458 1538 1472
3 1626 1472 1538
3 246 1626 1538
3 1657 1466 1530
3 1466 1536 1452
3 1452 1530 1466
3 1465 1656 1529
3 1535 1465 1451
3 1529 1451 1465
3 1655 1468 1532
3 1468 1540 1454
3 1454 1532 1468
3 1467 1654 1531
3 1539 1467 1453
3 1531 1453 1467
3 1651 1470 1534
3 1470 1544 1456
3 1456 1534 1470
3 1469 1650 1533
3 1543 1469 1455
3 1533 1455 1469
3 1471 1647 1537
3 1547 1471 1457
3 1537 1457 1471
3 1653 1466 1480
3 1466 1638 1480
3 1465 1652 1479
3 1637 1465 1479
3 1649 1468 1482
3 1468 1634 1482
3 1467 1648 1481
3 1633 1467 1481
3 1646 1470 1484
3 1470 1630 1484
3 1469 1645 1483
3 1629 1469 1483
3 1626 246 247
3 1644 1472 1486
3 1472 1626 1486
3 1471 1643 1485
3 1625 1471 1485
3 1488 1606 1558
3 1474 1642 1488
3 1558 1474 1488
3 1606 252 1558
3 1641 1473 1487
3 1605 1487 1557
3 1473 1557 1487
3 1476 1640 1490
3 238 1605 1557
3 1490 1602 1560
3 1639 1475 1489
3 1560 1476 1490
3 1602 261 1560
3 1478 1636 1492
3 1601 1489 1559
3 1475 1559 1489
3 1635 1477 1491
3 229 1601 1559
3 1628 1482 1496
3 1482 1616 1496
3 1481 1627 1495
3 1615 1481 1495
3 1624 1484 1498
3 1484 1612 1498
3 1483 1623 1497
3 1611 1483 1497
3 1622 1486 1500
3 1486 1610 1500
3 1485 1621 1499
3 1609 1485 1499
3 1488 1620 1502
3 1606 1488 1502
3 1619 1487 1501
3 1487 1605 1501
3 1490 1618 1504
3 1602 1490 1504
3 1617 1489 1503
3 1489 1601 1503
3 1492 1614 1506
3 1598 1492 1506
3 1613 1491 1505
3 1491 1597 1505
3 1608 1496 1508
3 1496 1592 1508
3 1495 1607 1507
3 1591 1495 1507
3 1604 1498 1510
3 1498 1588 1510
3 1497 1603 1509
3 1587 1497 1509
3 1600 1500 1512
3 1500 1586 1512
3 1499 1599 1511
3 1585 1499 1511
3 1502 1659 1568
3 1502 1596 1514
3 1659 1502 1514
3 1658 1501 1567
3 1595 1501 1513
3 1501 1658 1513
3 1504 1661 1570
3 1504 1594 1516
3 1661 1504 1516
3 1660 1503 1569
3 1593 1503 1515
3 1503 1660 1515
3 1506 1663 1572
3 1506 1590 1518
3 1663 1506 1518
3 1662 1505 1571
3 1589 1505 1517
3 1505 1662 1517
3 1492 1598 1562
3 1663 1508 1574
3 1508 1663 1518
3 1580 1508 1518
3 1562 1478 1492
3 1507 1662 1573
3 1662 1507 1517
3 1507 1579 1517
3 1598 270 1562
3 1661 1510 1576
3 1510 1661 1516
3 1582 1510 1516
3 1597 1491 1561
3 1509 1660 1575
3 1660 1509 1515
3 1509 1581 1515
3 1477 1561 1491
3 1659 1512 1578
3 1512 1659 1514
3 1584 1512 1514
3 220 1597 1561
3 1511 1658 1577
3 1658 1511 1513
3 1511 1583 1513
3 1518 1590 1580
3 1590 201 1580
3 201 1590 202
3 1589 1517 1579
3 150 1589 1579
3 1589 150 149
3 1516 1594 1582
3 1594 191 1582
3 191 1594 192
3 1593 1515 1581
3 160 1593 1581
3 1593 160 159
3 1514 1596 1584
3 1596 181 1584
3 181 1596 182
3 1595 1513 1583
3 170 1595 1583
3 1595 170 169
3 1559 228 229
3 253 1558 252
3 1600 180 179
3 262 1560 261
3 1561 219 220
3 171 1599 172
3 271 1562 270
3 1557 237 238
3 1604 190 189
3 1493 1563 1522
3 1563 1493 1449
3 161 1603 162
3 1563 142 1522
3 1564 1494 1521
3 1608 200 199
3 1494 1564 1450
3 209 1564 1521
3 151 1607 152
3 1506 1614 1590
3 1614 202 1590
3 202 1614 203
3 1613 1505 1589
3 149 1613 1589
3 1613 149 148
3 1504 1618 1594
3 1618 192 1594
3 192 1618 193
3 1617 1503 1593
3 159 1617 1593
3 1617 159 158
3 1502 1620 1596
3 1620 182 1596
3 182 1620 183
3 1619 1501 1595
3 169 1619 1595
3 1619 169 168
3 1622 1500 1600
3 179 1622 1600
3 1622 179 178
3 1499 1621 1599
3 1621 172 1599
3 172 1621 173
3 1624 1498 1604
3 189 1624 1604
3 1624 189 188
3 1497 1623 1603
3 1623 162 1603
3 162 1623 163
3 1628 1496 1608
3 199 1628 1608
3 1628 199 198
3 1495 1627 1607
3 1627 152 1607
3 152 1627 153
3 1632 1450 1564
3 209 1632 1564
3 1632 209 208
3 1449 1631 1563
3 1631 142 1563
3 142 1631 143
3 1492 1636 1614
3 1636 203 1614
3 203 1636 204
3 1635 1491 1613
3 148 1635 1613
3 1635 148 147
3 1490 1640 1618
3 1640 193 1618
3 193 1640 194
3 1639 1489 1617
3 158 1639 1617
3 1639 158 157
3 1488 1642 1620
3 1642 183 1620
3 183 1642 184
3 1641 1487 1619
3 168 1641 1619
3 1641 168 167
3 1644 1486 1622
3 178 1644 1622
3 1644 178 177
3 1485 1643 1621
3 1643 173 1621
3 173 1643 174
3 1646 1484 1624
3 188 1646 1624
3 1646 188 187
3 1483 1645 1623
3 1645 163 1623
3 163 1645 164
3 1649 1482 1628
3 198 1649 1628
3 1649 198 197
3 1481 1648 1627
3 1648 153 1627
3 153 1648 154
3 1653 1480 1632
3 208 1653 1632
3 1653 208 207
3 1479 1652 1631
3 1652 143 1631
3 143 1652 144
3 1464 1674 1556
3 1674 205 1556
3 1673 1463 1555
3 146 1673 1555
3 1462 1672 1554
3 1672 195 1554
3 1671 1461 1553
3 156 1671 1553
3 1460 1670 1552
3 1670 185 1552
3 1669 1459 1551
3 166 1669 1551
3 1666 1458 1548
3 176 1666 1548
3 175 1547 1457
3 1544 186 1456
3 165 1543 1455
3 1540 196 1454
3 155 1539 1453
3 1536 206 1452
3 145 1535 1451
3 1464 1556 1478
3 1555 1463 1477
3 1462 1554 1476
3 1553 1461 1475
3 1460 1552 1474
3 1551 1459 1473
3 1548 1458 1472
3 214 1524 7
3 1524 211 7
3 1523 276 4
3 138 1523 4
3 1458 1537 1538
3 1457 1537 1458
3 1537 245 1538
3 1534 1460 1542
3 1534 1456 1460
3 254 1534 1542
3 1459 1533 1541
3 1455 1533 1459
3 1533 236 1541
3 1532 1462 1546
3 1532 1454 1462
3 263 1532 1546
3 1461 1531 1545
3 1453 1531 1461
3 1531 227 1545
3 1530 1464 1550
3 1530 1452 1464
3 1530 1550 1657
3 1463 1529 1549
3 1451 1529 1463
3 1657 1550 272
3 1478 1556 1636
3 1556 204 1636
3 1555 1477 1635
3 147 1555 1635
3 1476 1554 1640
3 1554 194 1640
3 1553 1475 1639
3 157 1553 1639
3 1474 1552 1642
3 1552 184 1642
3 1551 1473 1641
3 167 1551 1641
3 1548 1472 1644
3 177 1548 1644
3 1471 1547 1643
3 1547 174 1643
3 1544 1470 1646
3 187 1544 1646
3 1469 1543 1645
3 1527 1493 1520
3 1493 1527 1449
3 215 1527 1520
3 1543 164 1645
3 1494 1528 1519
3 1528 1494 1450
3 1528 275 1519
3 1549 1529 1656
3 1540 1468 1649
3 197 1540 1649
3 1467 1539 1648
3 1657 272 273
3 1539 154 1648
3 1536 1466 1653
3 207 1536 1653
3 227 1531 226
3 1465 1535 1652
3 1535 144 1652
3 1659 250 1568
3 1532 263 264
3 240 1658 1567
3 1661 259 1570
3 231 1660 1569
3 236 1533 235
3 1663 268 1572
3 222 1662 1571
3 268 1663 1574
3 1534 254 255
3 1662 222 1573
3 259 1661 1576
3 1660 231 1575
3 144 1535 145
3 250 1659 1578
3 1658 240 1577
3 1578 1512 1586
3 1536 207 206
3 249 1578 1586
3 1511 1577 1585
3 1577 241 1585
3 245 1537 244
3 1576 1510 1588
3 258 1576 1588
3 1509 1575 1587
3 1538 245 246
3 1575 232 1587
3 1574 1508 1592
3 267 1574 1592
3 154 1539 155
3 1507 1573 1591
3 1573 223 1591
3 1506 1572 1598
3 1540 197 196
3 1572 269 1598
3 1571 1505 1597
3 221 1571 1597
3 1541 236 237
3 1504 1570 1602
3 1570 260 1602
3 1569 1503 1601
3 254 1542 253
3 230 1569 1601
3 1502 1568 1606
3 1568 251 1606
3 164 1543 165
3 1567 1501 1605
3 239 1567 1605
3 1566 1480 1638
3 1544 187 186
3 274 1566 1638
3 1479 1565 1637
3 1565 216 1637
3 1545 227 228
3 1674 1464 1452
3 1463 1673 1451
3 1672 1462 1454
3 263 1546 262
3 1461 1671 1453
3 1670 1460 1456
3 1459 1669 1455
3 174 1547 175
3 1458 1666 1457
3 1674 1452 206
3 205 1674 206
3 1548 177 176
3 1451 1673 145
3 1673 146 145
3 1672 1454 196
3 1549 218 219
3 195 1672 196
3 1453 1671 155
3 1671 156 155
3 272 1550 271
3 1670 1456 186
3 185 1670 186
3 1455 1669 165
3 1551 167 166
3 1669 166 165
3 1668 212 1665
3 1668 1522 1526
3 184 1552 185
3 1522 1668 1665
3 212 1668 1526
3 139 1667 1664
3 1521 1667 1525
3 1667 1521 1664
3 1667 139 1525
3 1457 1666 175
3 1666 176 175
3 1493 1665 1520
3 1665 1493 1522
3 1664 1494 1519
3 1553 157 156
3 1494 1664 1521
3 1549 1656 218
3 218 1656 217
3 194 1554 195
3 264 1655 1532
3 1654 226 1531
3 255 1651 1534
3 1650 235 1533
3 1647 244 1537
3 1450 1632 1480
3 1631 1449 1479
3 216 1565 215
3 1449 1565 1479
3 1566 274 275
3 1566 1450 1480
3 1555 147 146
3 1567 239 240
3 251 1568 250
3 1569 230 231
3 204 1556 205
3 260 1570 259
3 1571 221 222
3 269 1572 268
3 223 1573 222
3 1574 267 268
3 232 1575 231
3 1584 181 180
3 170 1583 171
3 1582 191 190
3 160 1581 161
3 1580 201 200
3 150 1579 151
3 1578 249 250
3 241 1577 240
3 1576 258 259
3 1733 380 5
3 140 1733 5
3 328 1732 4
3 1732 138 4
3 329 1731 0
3 1731 46 0
3 1730 277 1
3 48 1730 1
3 1677 1785 1675
3 380 1733 1729
3 139 1733 140
3 1785 1677 1727
3 1732 328 1728
3 1732 139 138
3 330 1785 1727
3 1731 329 1727
3 1731 47 46
3 1736 1677 1675
3 277 1730 1726
3 47 1730 48
3 1677 1736 1726
3 1729 379 380
3 1736 278 1726
3 1676 1833 1735
3 327 1728 328
3 1833 379 1735
3 1784 1676 1734
3 330 1727 329
3 327 1784 1734
3 1833 1724 1832
3 1726 278 277
3 1724 1784 1783
3 1832 1724 1723
3 1724 1783 1723
3 1832 1723 1831
3 1723 1783 1782
3 1831 1723 1722
3 1723 1782 1722
3 1831 1722 1830
3 1722 1782 1781
3 1830 1722 1721
3 1722 1781 1721
3 1830 1721 1829
3 1721 1781 1780
3 1829 1721 1720
3 1721 1780 1720
3 1829 1720 1828
3 1720 1780 1779
3 1828 1720 1719
3 1720 1779 1719
3 1828 1719 1827
3 1719 1779 1778
3 1827 1719 1718
3 1719 1778 1718
3 1827 1718 1826
3 1718 1778 1777
3 1826 1718 1717
3 1718 1777 1717
3 1826 1717 1825
3 1717 1777 1776
3 1825 1717 1716
3 1717 1776 1716
3 1825 1716 1824
3 1716 1776 1775
3 1824 1716 1715
3 1716 1775 1715
3 1824 1715 1823
3 1715 1775 1774
3 1823 1715 1714
3 1715 1774 1714
3 1823 1714 1822
3 1714 1774 1773
3 1822 1714 1713
3 1714 1773 1713
3 1822 1713 1821
3 1713 1773 1772
3 1821 1713 1712
3 1713 1772 1712
3 1821 1712 1820
3 1712 1772 1771
3 1820 1712 1711
3 1712 1771 1711
3 1820 1711 1819
3 1711 1771 1770
3 1819 1711 1710
3 1711 1770 1710
3 1819 1710 1818
3 1710 1770 1769
3 1818 1710 1709
3 1710 1769 1709
3 1818 1709 1817
3 1709 1769 1768
3 1817 1709 1708
3 1709 1768 1708
3 1817 1708 1816
3 1708 1768 1767
3 1816 1708 1707
3 1708 1767 1707
3 1816 1707 1815
3 1707 1767 1766
3 1815 1707 1706
3 1707 1766 1706
3 1815 1706 1814
3 1706 1766 1765
3 1814 1706 1705
3 1706 1765 1705
3 1814 1705 1813
3 1705 1765 1764
3 1813 1705 1704
3 1705 1764 1704
3 1813 1704 1812
3 1704 1764 1763
3 1812 1704 1703
3 1704 1763 1703
3 1812 1703 1811
3 1703 1763 1762
3 1811 1703 1702
3 1703 1762 1702
3 1811 1702 1810
3 1702 1762 1761
3 1810 1702 1701
3 1702 1761 1701
3 1810 1701 1809
3 1701 1761 1760
3 1809 1701 1700
3 1701 1760 1700
3 1809 1700 1808
3 1700 1760 1759
3 1808 1700 1699
3 1700 1759 1699
3 1808 1699 1807
3 1699 1759 1758
3 1807 1699 1698
3 1699 1758 1698
3 1807 1698 1806
3 1698 1758 1757
3 1806 1698 1697
3 1698 1757 1697
3 1806 1697 1805
3 1697 1757 1756
3 1805 1697 1696
3 1697 1756 1696
3 1805 1696 1804
3 1696 1756 1755
3 1804 1696 1695
3 1696 1755 1695
3 1804 1695 1803
3 1695 1755 1754
3 1803 1695 1694
3 1695 1754 1694
3 1803 1694 1802
3 1694 1754 1753
3 1802 1694 1693
3 1694 1753 1693
3 1802 1693 1801
3 1693 1753 1752
3 1801 1693 1692
3 1693 1752 1692
3 1801 1692 1800
3 1692 1752 1751
3 1800 1692 1691
3 1692 1751 1691
3 1800 1691 1799
3 1691 1751 1750
3 1799 1691 1690
3 1691 1750 1690
3 1799 1690 1798
3 1690 1750 1749
3 1798 1690 1689
3 1690 1749 1689
3 1798 1689 1797
3 1689 1749 1748
3 1797 1689 1688
3 1689 1748 1688
3 1797 1688 1796
3 1688 1748 1747
3 1796 1688 1687
3 1688 1747 1687
3 1796 1687 1795
3 1687 1747 1746
3 1795 1687 1686
3 1687 1746 1686
3 1795 1686 1794
3 1686 1746 1745
3 1794 1686 1685
3 1686 1745 1685
3 1794 1685 1793
3 1685 1745 1744
3 1793 1685 1684
3 1685 1744 1684
3 1793 1684 1792
3 1684 1744 1743
3 1792 1684 1683
3 1684 1743 1683
3 1792 1683 1791
3 1683 1743 1742
3 1791 1683 1682
3 1683 1742 1682
3 1791 1682 1790
3 1682 1742 1741
3 1790 1682 1681
3 1682 1741 1681
3 1790 1681 1789
3 1681 1741 1740
3 1789 1681 1680
3 1681 1740 1680
3 1789 1680 1788
3 1680 1740 1739
3 1788 1680 1679
3 1680 1739 1679
3 1788 1679 1787
3 1679 1739 1738
3 1787 1679 1678
3 1679 1738 1678
3 1787 1678 1786
3 1678 1738 1737
3 1675 1786 1678
3 1737 1675 1678
3 378 1833 1832
3 377 1832 1831
3 376 1831 1830
3 375 1830 1829
3 374 1829 1828
3 373 1828 1827
3 372 1827 1826
3 371 1826 1825
3 370 1825 1824
3 369 1824 1823
3 368 1823 1822
3 367 1822 1821
3 366 1821 1820
3 365 1820 1819
3 364 1819 1818
3 363 1818 1817
3 362 1817 1816
3 361 1816 1815
3 360 1815 1814
3 359 1814 1813
3 358 1813 1812
3 357 1812 1811
3 356 1811 1810
3 355 1810 1809
3 354 1809 1808
3 353 1808 1807
3 352 1807 1806
3 351 1806 1805
3 350 1805 1804
3 349 1804 1803
3 348 1803 1802
3 347 1802 1801
3 346 1801 1800
3 345 1800 1799
3 344 1799 1798
3 343 1798 1797
3 342 1797 1796
3 341 1796 1795
3 340 1795 1794
3 339 1794 1793
3 338 1793 1792
3 337 1792 1791
3 336 1791 1790
3 335 1790 1789
3 334 1789 1788
3 333 1788 1787
3 332 1787 1786
3 1786 1675 1785
3 1727 1834 1731
3 331 1786 1785
3 1784 326 1783
3 1783 325 1782
3 1782 324 1781
3 1781 323 1780
3 1780 322 1779
3 1779 321 1778
3 1778 320 1777
3 1777 319 1776
3 1776 318 1775
3 1775 317 1774
3 1774 316 1773
3 1773 315 1772
3 1772 314 1771
3 1771 313 1770
3 1770 312 1769
3 1769 311 1768
3 1768 310 1767
3 1767 309 1766
3 1766 308 1765
3 1765 307 1764
3 1764 306 1763
3 1763 305 1762
3 1762 304 1761
3 1761 303 1760
3 1760 302 1759
3 1759 301 1758
3 1758 300 1757
3 1757 299 1756
3 1756 298 1755
3 1755 297 1754
3 1754 296 1753
3 1753 295 1752
3 1752 294 1751
3 1751 293 1750
3 1750 292 1749
3 1749 291 1748
3 1748 290 1747
3 1747 289 1746
3 1746 288 1745
3 1745 287 1744
3 1744 286 1743
3 1743 285 1742
3 1742 284 1741
3 1741 283 1740
3 1740 282 1739
3 1739 281 1738
3 1738 280 1737
3 1675 1737 1736
3 1834 47 1731
3 1737 279 1736
3 1834 1726 1730
3 47 1834 1730
3 1835 1729 1733
3 139 1835 1733
3 1728 1835 1732
3 1835 139 1732
3 291 1749 292
3 292 1750 293
3 293 1751 294
3 294 1752 295
3 295 1753 296
3 290 1748 291
3 296 1754 297
3 1734 1725 1728
3 1725 1734 1676
3 327 1734 1728
3 297 1755 298
3 298 1756 299
3 299 1757 300
3 1725 1835 1728
3 1835 1725 1729
3 1725 1735 1729
3 1735 1725 1676
3 1735 379 1729
3 278 1736 279
3 1834 1677 1726
3 1677 1834 1727
3 1833 1676 1724
3 1833 378 379
3 1832 377 378
3 1831 376 377
3 1830 375 376
3 279 1737 280
3 1829 374 375
3 1828 373 374
3 1827 372 373
3 1826 371 372
3 1825 370 371
3 1824 369 370
3 1823 368 369
3 280 1738 281
3 1822 367 368
3 1821 366 367
3 1820 365 366
3 1819 364 365
3 1818 363 364
3 1817 362 363
3 1816 361 362
3 281 1739 282
3 1815 360 361
3 1814 359 360
3 1813 358 359
3 1812 357 358
3 1811 356 357
3 1810 355 356
3 1809 354 355
3 282 1740 283
3 1808 353 354
3 1807 352 353
3 1806 351 352
3 1805 350 351
3 1804 349 350
3 1803 348 349
3 1802 347 348
3 283 1741 284
3 1801 346 347
3 1800 345 346
3 1799 344 345
3 1798 343 344
3 1797 342 343
3 1796 341 342
3 1795 340 341
3 284 1742 285
3 1794 339 340
3 1793 338 339
3 1792 337 338
3 1791 336 337
3 1790 335 336
3 1789 334 335
3 1788 333 334
3 285 1743 286
3 1787 332 333
3 1786 331 332
3 1785 330 331
3 1676 1784 1724
3 326 1784 327
3 325 1783 326
3 324 1782 325
3 286 1744 287
3 323 1781 324
3 322 1780 323
3 321 1779 322
3 320 1778 321
3 319 1777 320
3 318 1776 319
3 317 1775 318
3 287 1745 288
3 316 1774 317
3 315 1773 316
3 314 1772 315
3 313 1771 314
3 312 1770 313
3 311 1769 312
3 310 1768 311
3 288 1746 289
3 309 1767 310
3 308 1766 309
3 307 1765 308
3 306 1764 307
3 305 1763 306
3 304 1762 305
3 303 1761 304
3 289 1747 290
3 302 1760 303
3 301 1759 302
3 300 1758 301
3 2847 2083 3334
3 3729 2712 3868
3 2136 2542 4090
3 2142 2782 2785
3 2782 2096 2785
3 3535 2302 3952
3 485 2946 4403
3 257 256 2761
3 2520 2021 3036
3 2508 2131 3220
3 2546 2105 2951
3 2058 2609 2808
3 2128 2558 4423
3 2706 80 3196
3 57 2707 3197
3 325 326 2638
3 2154 2673 2755
3 2148 2552 2896
3 3462 2405 3530
3 2705 2012 3359
3 3599 2431 3831
3 2747 2133 2894
3 2310 3484 3632
3 422 421 3119
3 2229 2610 4333
3 2299 2853 3748
3 2776 3785 4198
3 2245 3116 3418
3 422 3119 3564
3 3321 2299 3748
3 2171 3023 3527
3 2548 2086 2915
3 1858 2665 3991
3 2907 2195 3000
3 2282 2907 3000
3 2013 2574 3745
3 2761 256 3872
3 3645 2727 4014
3 2665 3479 3991
3 2847 3334 4180
3 2123 2515 3045
3 2719 2168 2906
3 1935 2719 2906
3 547 549 2706
3 512 514 2707
3 3430 3144 4075
3 3287 2272 3732
3 2153 2544 3184
3 2253 2609 3396
3 2609 1883 3396
3 2503 3040 3480
3 3040 2173 3480
3 2708 2055 3513
3 2344 2708 3513
3 2652 3689 4275
3 2640 2178 2800
3 2062 2639 3918
3 2206 3056 3091
3 2014 2595 3361
3 2549 291 3266
3 2284 2518 3628
3 2035 2581 3025
3 2195 2519 3392
3 2235 2692 2971
3 2597 2014 3361
3 3150 2125 3226
3 2142 3144 3430
3 1932 2818 3284
3 2196 2916 3007
3 2916 2283 3007
3 2243 2695 3228
3 2695 2041 3228
3 301 302 2647
3 2491 3623 3712
3 2259 2848 3044
3 2848 1854 3044
3 3689 2145 4275
3 291 2549 3658
3 2131 2508 3617
3 279 2573 3756
3 2572 383 3755
3 2748 2169 3059
3 2677 2096 2886
3 2623 2037 4160
3 2037 2624 4160
3 2759 2026 4129
3 2642 2021 3205
3 2694 2112 2891
3 2697 2124 2803
3 2679 2354 3008
3 2518 3703 4061
3 2133 2584 4564
3 2600 2108 2885
3 1933 2600 2885
3 1914 2697 3571
3 3014 2212 3034
3 2318 3014 3034
3 2129 2720 3637
3 2363 2981 3222
3 2723 1859 3514
3 2323 2955 3115
3 2955 2151 3115
3 4129 2026 4223
3 2426 3150 3226
3 2394 2587 3936
3 2515 2123 3464
3 1926 2844 3108
3 2272 2968 3732
3 2608 1895 4390
3 1932 3284 3554
3 2146 2539 3869
3 435 2589 3172
3 2063 2655 2812
3 305 2952 3605
3 1839 2768 3099
3 2580 1989 3256
3 2522 1905 3071
3 2105 2546 2982
3 2762 4119 4241
3 1936 2693 3040
3 2693 2173 3040
3 2776 2054 3785
3 2100 2555 3619
3 2214 3068 3076
3 3068 2344 3076
3 2831 2056 3787
3 2610 2894 4333
3 3032 2234 3101
3 2342 3032 3101
3 2648 1960 3078
3 2160 2648 3078
3 2517 2031 3679
3 3291 2413 3528
3 2564 2197 3289
3 2946 2629 4403
3 3355 2433 3512
3 2211 2647 2828
3 3670 63 4315
3 74 3669 4314
3 2484 2831 3787
3 1900 2616 3810
3 2616 2371 3810
3 1934 2712 3729
3 1904 2933 3431
3 2933 2442 3431
3 2091 2632 3099
3 2649 1961 3374
3 2981 2159 3222
3 249 2916 3195
3 2519 2195 3178
3 393 2641 3616
3 2649 3374 4237
3 2208 3124 3156
3 2031 2517 3194
3 2921 2483 4116
3 3374 2258 4237
3 2762 1999 4119
3 2181 3291 3528
3 2668 2090 3648
3 2459 2680 3971
3 3448 2948 4440
3 2518 2284 4268
3 2680 2034 3971
3 2647 2135 2828
3 1945 2794 3171
3 2794 2267 3171
3 2842 2030 3401
3 2663 2481 3557
3 246 245 2650
3 1869 2646 2970
3 229 3029 3327
3 2555 2100 3367
3 2418 2741 3149
3 2507 3066 4129
3 2546 2358 3813
3 1906 2631 2847
3 64 63 3670
3 74 73 3669
3 2312 3175 3245
3 2544 2004 4147
3 2021 2520 3205
3 2552 2148 4322
3 2706 549 3995
3 512 2707 3996
3 2027 2557 3117
3 2012 2705 3668
3 2694 2891 4358
3 2592 2300 4404
3 327 2863 3715
3 321 322 2833
3 1870 2684 3204
3 2540 2172 4502
3 2004 2544 3234
3 2514 2839 4071
3 3159 2566 3805
3 2544 2153 3234
3 2770 2208 3156
3 1989 2580 4251
3 2791 1914 3571
3 1875 2568 4154
3 2613 2084 2881
3 2673 1982 3439
3 2770 1949 3053
3 2208 2770 3053
3 2558 1849 3526
3 1972 2985 3084
3 2985 2312 3084
3 2238 2558 3526
3 2325 3159 3805
3 2795 2232 2804
3 2233 2796 2805
3 2276 2795 2804
3 2796 2277 2805
3 2622 2180 3203
3 3006 2249 3560
3 2492 3006 3560
3 3055 2416 3270
3 2213 3055 3270
3 2332 2727 3645
3 2610 1838 2894
3 2078 2637 2858
3 2232 2799 2807
3 2798 2233 2806
3 2799 2278 2807
3 2279 2798 2806
3 223 222 3014
3 2980 2185 3475
3 2030 2842 3870
3 1905 2522 3459
3 3337 2602 4105
3 2850 2164 3191
3 2298 2850 3191
3 2141 3747 4219
3 2221 3029 3075
3 3029 2321 3075
3 2025 3645 4014
3 234 233 2874
3 1961 2839 3374
3 2839 2360 3374
3 2629 2227 3399
3 3703 2033 4061
3 2185 3249 3475
3 3098 1898 3612
3 385 384 2714
3 2065 2643 2866
3 3108 2844 3889
3 3541 1973 4143
3 2960 2608 4390
3 2088 2921 4116
3 229 228 3029
3 2611 2415 3166
3 3494 3303 4517
3 2747 2894 4192
3 2639 2922 3918
3 2838 3425 4101
3 2720 2954 3637
3 2655 2177 3730
3 3282 1851 3502
3 2101 2582 3258
3 2965 2133 4564
3 2595 2014 2945
3 2300 2934 3125
3 2425 3335 3500
3 2934 2144 3125
3 2012 2560 3359
3 2702 2077 2863
3 2023 2582 3364
3 1922 2824 3016
3 2172 2540 3499
3 1858 2733 2803
3 2714 9 4036
3 2101 2616 3038
3 2542 2136 3494
3 2196 2535 3195
3 2763 2072 2952
3 2539 2146 3487
3 2086 2548 3571
3 2035 2569 4039
3 316 317 2745
3 2225 2769 2837
3 2098 2578 2994
3 3246 395 3616
3 3014 222 3363
3 3021 2275 3504
3 2535 2196 3435
3 2569 2035 3025
3 2334 3063 3636
3 2652 2876 3689
3 2497 3098 3612
3 2919 1856 3994
3 2607 2919 3994
3 1872 2556 4138
3 2570 2032 3181
3 2652 1897 2876
3 1986 3303 3494
3 3514 1859 3793
3 2162 2625 2997
3 2668 1902 2855
3 2954 2128 4423
3 2489 3282 3502
3 16 2715 2836
3 2812 1932 3121
3 2573 491 3758
3 569 2572 3757
3 2907 242 3178
3 2228 3337 4105
3 2015 2596 2972
3 2023 3364 3818
3 2746 2084 2811
3 2115 2904 3318
3 2792 2095 2793
3 2168 2792 2793
3 2553 2007 3570
3 2601 2085 3062
3 3087 2331 3094
3 2157 3087 3094
3 2682 2107 2854
3 2859 2187 4295
3 2667 2859 4295
3 3894 2525 3990
3 3708 2144 4030
3 1983 2911 3467
3 2443 3021 3504
3 2634 1846 3073
3 2193 2687 3167
3 2687 2087 3167
3 249 248 2916
3 2168 2793 2938
3 2793 1836 2938
3 2587 2394 3843
3 2541 2271 3323
3 2271 2541 4428
3 2202 2764 3427
3 9 2783 4036
3 2087 2687 2870
3 2988 2426 3714
3 2692 2235 4362
3 2704 2174 3102
3 1894 2704 3102
3 2341 3894 3990
3 2558 2238 3570
3 2676 2016 2934
3 2687 414 4537
3 2558 2128 3381
3 2300 2676 2934
3 2150 2608 2960
3 2475 2945 3969
3 2037 2732 3553
3 2732 2338 3553
3 2839 2148 4071
3 1839 2582 3458
3 2568 2011 3104
3 2358 2546 3385
3 2612 2353 3909
3 3623 1878 3712
3 2115 3318 3345
3 2970 2646 4298
3 2041 2552 3228
3 327 328 2863
3 3099 2768 3943
3 2466 3448 4440
3 2671 2433 3355
3 2701 2247 3322
3 1954 2701 3322
3 385 2714 4036
3 2481 2663 4210
3 3648 2090 3789
3 2700 2103 3193
3 3467 2911 4096
3 2094 2948 3448
3 2552 2041 3602
3 2556 1872 3227
3 2639 1908 2922
3 2560 2012 4197
3 2061 3211 3906
3 2656 2738 4572
3 2738 1903 4572
3 3785 2417 4198
3 2764 3307 3427
3 1973 3003 4143
3 2811 2084 3890
3 2251 2857 3470
3 2789 1870 3204
3 2632 2307 3085
3 2665 1858 4471
3 2725 2136 4090
3 80 79 3196
3 58 57 3197
3 2431 3143 3831
3 3364 2559 3818
3 2753 3315 3799
3 2624 1853 4208
3 485 488 2946
3 2188 2922 3625
3 2142 2785 2862
3 2785 1911 2862
3 1912 2766 2868
3 2766 2139 2868
3 2887 1836 2925
3 2206 2887 2925
3 2513 3150 3517
3 2007 2553 3319
3 3565 3282 4464
3 2757 1960 3909
3 2384 2644 3892
3 2644 2111 3892
3 3051 2206 3090
3 3150 1964 3517
3 2080 2662 3082
3 2393 2777 2893
3 2046 2633 3913
3 2138 2970 4298
3 2704 1894 4407
3 2557 2027 3606
3 1878 3309 4539
3 2727 1853 3275
3 266 265 2708
3 2606 456 3835
3 2134 3434 3852
3 2646 1869 3212
3 2887 2206 3091
3 3021 2658 4557
3 3988 2972 4339
3 3309 2554 4539
3 3557 2481 4027
3 2051 3133 3985
3 1875 2767 3488
3 2767 2326 3488
3 2578 2192 3336
3 2111 2644 2991
3 2114 2628 4153
3 2180 2622 4012
3 1849 2558 3381
3 2737 2506 3186
3 2745 317 3289
3 3721 2552 4322
3 2357 3085 3164
3 3085 1968 3164
3 2776 2251 2978
3 2598 2239 3563
3 2054 2776 2978
3 2255 2917 3393
3 2037 2623 4020
3 2710 1938 3106
3 2167 2710 3106
3 2777 2067 2893
3 2578 2098 3714
3 2302 3033 3952
3 2721 2254 3477
3 2444 3008 3450
3 3008 1882 3450
3 2104 2761 2914
3 2761 2372 2914
3 3023 2322 3527
3 4097 3027 4507
3 1883 2609 4083
3 2425 2671 3335
3 2869 1994 3660
3 2588 2039 3921
3 3793 2811 3890
3 1985 2713 3465
3 2584 2163 3281
3 2632 2091 3706
3 2307 2632 3706
3 2363 2660 2981
3 2996 2134 3852
3 2567 1967 3587
3 2697 1914 4356
3 1895 2608 3908
3 395 394 3616
3 2749 2106 3339
3 2874 233 3300
3 3155 2592 4404
3 1929 2929 2971
3 2929 2235 2971
3 2139 3285 3665
3 2950 541 3655
3 519 2949 3654
3 2643 2065 2957
3 2839 2514 3630
3 3341 2188 3625
3 226 225 2709
3 2197 2564 3468
3 2829 1910 3735
3 2769 2097 2837
3 305 306 2952
3 2134 2996 3027
3 2996 2280 3027
3 321 2833 3368
3 2622 3203 4238
3 2732 2037 3111
3 2242 2732 3111
3 456 2606 3311
3 2011 2568 3215
3 3228 2552 3721
3 2246 3279 3349
3 1854 2848 2996
3 2046 2932 3540
3 2848 2280 2996
3 2584 2133 3398
3 2511 3402 4343
3 2647 302 3110
3 2002 3092 3560
3 3092 2492 3560
3 2612 2135 3110
3 2753 2465 3979
3 2201 2753 3979
3 2568 1875 3598
3 2547 3380 4218
3 2347 3729 3868
3 2108 2884 2885
3 2884 2224 2885
3 2616 1900 3038
3 1967 2567 3252
3 2294 2789 3204
3 2134 3027 4097
3 2699 423 3564
3 2587 3307 4023
3 2822 1969 3740
3 16 490 2715
3 572 9 2714
3 221 2636 3363
3 2638 326 3715
3 2284 2719 3046
3 2605 2774 3947
3 2257 2589 4203
3 2300 2592 3771
3 2330 2890 3322
3 2890 1954 3322
3 3740 1969 4086
3 2682 2114 2930
3 430 429 3173
3 2179 2873 3826
3 1931 2682 2930
3 2822 2112 2824
3 2164 2822 2824
3 2017 2607 3142
3 2838 2339 3425
3 2849 2117 3225
3 243 242 2907
3 2096 2677 3035
3 2677 2200 3035
3 3133 2051 3939
3 2603 2109 3095
3 3227 2129 3637
3 406 2722 3236
3 2638 2361 3946
3 2607 2017 3871
3 2028 2704 3805
3 2619 2043 3047
3 274 2892 4064
3 541 543 3655
3 517 519 3654
3 2013 3745 4121
3 2644 2384 3376
3 274 273 2892
3 2740 2372 3872
3 2812 2655 3730
3 2113 2740 3093
3 2371 2616 3164
3 2556 3227 3637
3 2579 2234 3297
3 2114 2690 2930
3 2609 2253 3802
3 3473 2121 3663
3 2683 2329 3252
3 2285 3355 3512
3 3763 2757 3909
3 491 2573 3595
3 2572 569 3594
3 2802 2125 3997
3 2200 2677 3901
3 2660 2018 2981
3 3936 2587 4417
3 2032 2570 3684
3 2015 2972 3988
3 2372 2740 2936
3 3324 2179 3826
3 2015 2659 3579
3 3470 2857 3859
3 2574 2013 3288
3 2293 3134 3151
3 1911 2680 2944
3 414 413 4537
3 2743 2494 4266
3 2477 3400 3548
3 2763 2265 3320
3 2072 2763 3320
3 2177 2655 4106
3 2084 2613 3890
3 2879 2140 2923
3 2186 2879 2923
3 1922 2977 3191
3 2135 2612 3100
3 383 2572 3416
3 2573 279 3415
3 323 2955 3639
3 2865 1948 3131
3 1847 2663 3784
3 2987 2408 2988
3 2098 2987 2988
3 3528 2413 3700
3 2124 2697 4356
3 3154 2561 3666
3 1848 3154 3666
3 1858 2803 4471
3 2125 2820 3997
3 2234 2579 3586
3 414 2687 3325
3 2755 2673 4604
3 2605 3947 4371
3 3173 429 3559
3 2094 2684 2948
3 2794 2528 3429
3 2790 2182 3046
3 1935 2790 3046
3 3060 2122 3182
3 2107 2682 4336
3 2124 2716 2918
3 2370 2801 3551
3 2690 2114 4153
3 2455 2831 3017
3 2831 1938 3017
3 3315 1915 3799
3 2680 2459 4162
3 2582 2023 3855
3 2528 2794 4419
3 1868 2786 3083
3 2144 3071 4030
3 2786 2188 3083
3 2970 2138 2990
3 2271 3462 3530
3 2143 2668 3845
3 2082 3330 3822
3 2716 2066 2918
3 2130 3183 3275
3 2618 2120 3612
3 3425 2392 4101
3 2178 3042 3080
3 3042 2296 3080
3 3375 1927 3383
3 2662 2080 4125
3 2103 2814 3193
3 257 2761 4616
3 3481 2282 4163
3 3393 2917 4183
3 2493 2800 4260
3 2582 1839 3258
3 3547 2829 3735
3 2716 2124 4356
3 2114 2682 4222
3 2600 2259 4348
3 2600 1933 3640
3 2259 2600 3640
3 2085 2601 4456
3 2111 2754 3328
3 1894 2591 4538
3 2724 2149 3292
3 2133 2747 4556
3 2282 3000 4163
3 2405 3456 3676
3 3175 1867 3245
3 3149 3875 4104
3 2192 2578 3441
3 2578 1860 3441
3 2607 2163 3142
3 1853 2718 4208
3 2717 2184 3896
3 2858 3681 3912
3 1927 2910 3383
3 1860 2578 4141
3 394 393 3616
3 2668 2143 4161
3 2545 2939 4152
3 2354 2899 3631
3 2632 1839 3099
3 2163 2584 3298
3 2086 2733 3332
3 2663 2328 3784
3 3402 2618 4343
3 2947 2291 3329
3 2977 2298 3191
3 2648 2135 3100
3 1960 2648 3100
3 3048 2245 3418
3 2659 2015 3435
3 2227 2629 3209
3 2698 2146 3869
3 2602 3337 4342
3 2428 2706 3995
3 2707 2429 3996
3 2483 2921 3824
3 2689 2303 3632
3 2616 2101 3850
3 2532 3473 3663
3 3203 1879 4238
3 323 324 2955
3 2722 2388 4086
3 2765 2198 4189
3 2135 2647 3110
3 2221 2585 3327
3 3066 2507 4052
3 4098 2493 4260
3 2043 2619 3129
3 3307 2170 4023
3 2871 2276 2962
3 2277 2872 2963
3 2581 2035 4043
3 2585 2221 3537
3 2415 2611 4485
3 2625 2162 4501
3 2661 2102 3039
3 2617 2131 3617
3 2582 2101 3364
3 77 20 78
3 60 59 17
3 2405 2937 3530
3 2131 2617 3495
3 2371 3164 3290
3 2682 3483 4336
3 1 277 2872
3 381 2 2871
3 3149 2152 3875
3 2740 3872 4550
3 2921 2006 3824
3 2989 2246 3349
3 2597 1919 3777
3 2530 2775 3277
3 2973 2141 4219
3 2039 2588 3331
3 2055 2635 4092
3 3924 2627 4442
3 2211 2705 3359
3 2378 2890 3555
3 2326 2767 3253
3 2200 2606 3423
3 2894 1838 4192
3 2589 435 4203
3 2849 1902 3648
3 2404 2849 3648
3 2820 2125 4492
3 2720 2128 2954
3 2814 2303 3193
3 2372 2761 3872
3 2942 1963 3433
3 2767 1875 4154
3 3335 2281 3500
3 2046 2602 3216
3 2945 2014 3969
3 3504 1958 3897
3 2748 3059 3747
3 428 2686 3559
3 3975 2598 4548
3 2420 3282 3565
3 1919 2597 4522
3 3008 2354 3737
3 2098 2988 3714
3 2152 2741 3248
3 2740 2113 2936
3 1846 2634 3941
3 2952 2353 3605
3 1844 2969 3224
3 3211 2061 4024
3 2732 1920 3719
3 2969 2314 3224
3 2031 2630 3679
3 2120 2840 3127
3 2281 3447 3486
3 2589 2257 4363
3 2249 2765 3560
3 1948 3090 3131
3 2044 3021 4557
3 2691 2374 3015
3 2022 2691 3015
3 1950 2995 3411
3 2995 2398 3411
3 3066 2121 4129
3 2596 2015 3579
3 2772 3943 4494
3 3022 2820 4492
3 2580 3256 4216
3 2673 3439 4029
3 2900 2627 3924
3 2591 1894 4103
3 2860 4116 4326
3 3108 4123 4297
3 3122 2543 3728
3 2987 2378 4007
3 2024 3122 3728
3 2608 2150 3235
3 2033 2608 3235
3 2198 3347 4189
3 2222 2970 2990
3 2826 1837 2947
3 2199 2826 2947
3 2636 221 3949
3 2773 1936 3040
3 2942 3433 3888
3 2813 2123 4152
3 2204 2651 3114
3 2359 2875 3390
3 2772 2441 3943
3 2112 2694 3016
3 2694 2243 3016
3 2376 2869 3660
3 2650 245 3163
3 2267 2794 3429
3 3390 2875 4019
3 2604 2152 3248
3 2872 277 4145
3 381 2871 4144
3 2610 2229 3505
3 1853 2624 3864
3 2257 2742 3288
3 2151 2693 3115
3 2693 1936 3115
3 2120 2618 3821
3 2378 2987 4057
3 2045 2743 4266
3 2967 2139 3665
3 2713 1985 3074
3 2149 2713 3074
3 2565 3158 3888
3 2136 2725 4443
3 2754 2333 3223
3 2897 2171 2993
3 2039 2666 3921
3 1897 2652 3986
3 2014 2597 3392
3 3402 2511 3957
3 2731 2322 3023
3 1937 2731 3023
3 3562 2551 3856
3 3329 2291 3501
3 311 312 2771
3 2119 2788 3304
3 4152 2123 4178
3 3201 2228 3690
3 2361 2638 3715
3 2296 3060 3182
3 2858 1889 3681
3 2800 2493 4137
3 1948 2865 3043
3 2865 2207 3043
3 2027 2688 3606
3 2206 2925 3090
3 3056 1949 3091
3 2800 4137 4620
3 2163 2607 3994
3 2418 3149 4107
3 3063 2004 3636
3 2655 2063 4224
3 2753 2201 3315
3 2562 3773 4360
3 2151 2638 3147
3 2608 2033 4384
3 2638 2151 3510
3 2122 2690 3834
3 2890 2069 3555
3 3400 2250 3548
3 2239 2598 3585
3 3377 1880 4561
3 2082 2809 3330
3 439 441 2788
3 3113 2281 3486
3 2186 2895 3263
3 1838 2610 4062
3 2877 2452 3767
3 3588 2153 3710
3 1893 2877 3767
3 2261 3169 3230
3 3170 2260 3231
3 2387 3170 3231
3 3169 2386 3230
3 3649 2537 3812
3 2130 2630 3183
3 2752 2136 4443
3 1905 2742 3352
3 2606 2200 3311
3 2863 2361 3715
3 2671 2425 4398
3 2881 2084 3531
3 2704 2028 3404
3 3086 2518 4061
3 3007 2283 3194
3 2721 3477 4121
3 2353 2612 3605
3 246 2650 3187
3 3112 2398 3333
3 2239 3112 3333
3 3380 2547 3915
3 2145 2661 3236
3 2132 2913 3260
3 2338 2732 3719
3 1862 2778 3145
3 2798 2279 3581
3 2278 2799 3580
3 2812 3121 3803
3 1903 2738 2973
3 2075 2724 3004
3 547 2706 3196
3 2707 514 3197
3 2685 1918 3511
3 294 295 2830
3 2729 2412 3959
3 278 279 3756
3 383 382 3755
3 2152 2604 3348
3 4119 2496 4241
3 2758 2139 4549
3 2360 2839 3630
3 2569 2750 4039
3 3407 2565 3433
3 2348 3407 3433
3 2156 2906 2938
3 3158 2132 3888
3 2939 1953 4152
3 2139 2766 4549
3 3164 1968 3290
3 2527 3108 4297
3 2426 2988 4186
3 1853 2986 3275
3 2178 2640 3902
3 2138 2790 2990
3 2945 2475 4200
3 2108 2600 3698
3 3431 2080 4213
3 1991 3734 4377
3 2602 2046 3540
3 2207 2865 3128
3 2074 3565 4464
3 2109 2603 4015
3 2756 1865 3924
3 2942 2132 3260
3 3943 2051 4494
3 3183 2345 3275
3 2750 2569 4475
3 3465 2713 4184
3 1922 3016 3721
3 54 2903 4191
3 2902 83 4190
3 1910 2941 3018
3 2941 2226 3018
3 2551 3316 3524
3 3316 2093 3524
3 2772 1928 3950
3 2441 2772 3950
3 2642 3205 4376
3 2491 3160 3623
3 2393 2893 3754
3 316 2745 3158
3 3747 2499 4219
3 3853 1876 3899
3 2687 2193 3325
3 2388 2891 3740
3 560 561 2804
3 499 502 2805
3 2090 2668 4161
3 55 54 4191
3 83 82 4190
3 2799 2232 4247
3 2233 2798 4246
3 504 505 2806
3 555 557 2807
3 2468 2778 3413
3 2738 2656 4413
3 3219 2070 4497
3 2766 1912 4542
3 2609 2058 3455
3 3350 2736 4422
3 3134 2170 3151
3 2952 2072 3763
3 3123 2207 3128
3 2047 2784 4306
3 2866 2643 3440
3 2719 1935 3046
3 2232 3508 4247
3 3509 2233 4246
3 2906 2168 2938
3 2784 2538 4306
3 2278 2902 2975
3 2903 2279 2976
3 2774 2605 4574
3 2197 2745 3289
3 2131 2733 3220
3 2256 2979 3271
3 1958 3103 3897
3 2733 2086 4381
3 2816 2373 3652
3 2881 3531 4006
3 2690 2122 4156
3 3251 1977 3911
3 2848 2259 3611
3 1900 2744 3280
3 2238 3350 4422
3 3307 2587 3843
3 2676 2300 3771
3 2708 265 3165
3 449 2886 4089
3 2113 2972 3717
3 2659 2242 3579
3 2254 2721 4115
3 2020 3599 3831
3 3524 1887 4254
3 2856 2410 3889
3 532 533 2927
3 527 530 2928
3 2703 2055 4092
3 3079 2645 4236
3 215 2741 3983
3 1998 3633 4346
3 2583 3267 4526
3 2181 2878 3301
3 2637 2078 3819
3 468 470 2840
3 1839 2632 3775
3 3431 2516 3533
3 2648 2160 3238
3 2704 2325 3805
3 2447 3931 4117
3 2841 4006 4130
3 2128 2720 3445
3 2633 2046 4597
3 2860 2088 4116
3 2720 2129 3744
3 2933 2111 3328
3 2762 2198 3490
3 1913 2640 3263
3 2758 1965 3285
3 1868 3128 3185
3 1855 2801 3005
3 2801 2430 3005
3 2697 2803 4381
3 2126 2666 3186
3 1916 2642 4376
3 2066 2716 3089
3 2639 2062 3271
3 2077 2702 3353
3 2485 2802 4124
3 2802 2029 4124
3 2409 3535 3952
3 2146 2698 4284
3 2702 2215 3353
3 1887 3524 3972
3 1949 2770 4527
3 2939 2545 4277
3 2834 2095 3990
3 2102 2661 3689
3 2712 1934 3105
3 3011 2019 3454
3 2390 3011 3454
3 2675 2129 3227
3 80 2706 3927
3 2707 57 3928
3 2214 2664 3460
3 2765 1882 3221
3 2198 2765 3221
3 2225 2621 3397
3 2252 2660 3623
3 2413 2825 3700
3 2262 2686 3621
3 4116 2478 4326
3 2057 2679 4034
3 2258 2856 3261
3 2856 2068 3261
3 2971 2692 3815
3 2621 2225 4173
3 2995 2447 4117
3 2663 1847 3432
3 1946 3079 4236
3 2331 2857 3094
3 2857 1852 3094
3 2768 1839 3458
3 2790 1935 2990
3 2153 3026 3710
3 2944 2680 4162
3 2635 2055 3340
3 2786 1868 2997
3 2688 2268 3606
3 2689 3632 4449
3 2719 2284 4269
3 2136 2752 4080
3 2736 3350 4508
3 2810 1864 3182
3 2628 2114 4082
3 2695 2243 4032
3 2120 3127 4301
3 2887 2156 2938
3 2070 3219 3797
3 1866 2683 3155
3 2657 3907 4179
3 2465 2753 3412
3 2917 2473 3871
3 2017 2917 3871
3 2899 2074 3631
3 1961 2649 4050
3 2701 2192 4325
3 2651 2204 3286
3 2143 2781 3061
3 1970 3615 3641
3 2660 2363 4091
3 301 2647 3308
3 2624 2037 3553
3 2647 2211 3308
3 3271 2979 4069
3 2148 2977 4322
3 2630 2130 3679
3 2657 2301 3799
3 2801 1855 3551
3 3638 239 3727
3 2761 2104 3049
3 2915 2086 3332
3 2080 3082 3479
3 2683 1866 4085
3 2547 3377 4561
3 2764 1974 3151
3 2170 2764 3151
3 2854 1850 3013
3 2636 2212 3363
3 3250 1991 4377
3 3141 2722 4086
3 2529 3251 3911
3 447 449 4089
3 3907 2183 4031
3 2248 2845 3010
3 2845 1841 3010
3 2932 2324 3540
3 1921 2737 3186
3 1948 3051 3090
3 2729 3959 4417
3 1904 3431 3533
3 3907 2423 4179
3 2165 2959 2974
3 2737 2042 4354
3 2506 2737 4354
3 2748 2141 3213
3 4040 2227 4263
3 2668 2855 3845
3 2966 462 4066
3 2640 1913 3902
3 2832 1983 4373
3 2803 2733 4381
3 2916 2196 3195
3 3225 2117 4319
3 3073 1846 3700
3 3560 2765 4189
3 2630 2031 3481
3 2631 1906 3592
3 12 462 2966
3 3376 2384 4543
3 2642 1916 4205
3 2666 2126 3921
3 2633 3088 3913
3 2827 2083 3759
3 2294 3204 3547
3 1911 2785 4587
3 3546 2595 3954
3 1908 2639 3499
3 1876 3269 3899
3 3105 2127 4416
3 1994 2869 4168
3 2247 2701 3618
3 2659 2196 4386
3 2723 2090 4161
3 3434 2832 4373
3 2157 3094 4291
3 2195 2907 3178
3 4147 2157 4291
3 3440 2643 4553
3 78 20 3886
3 17 59 3887
3 3717 2972 4320
3 3100 2612 3909
3 2183 3245 4031
3 2688 2027 3537
3 2406 2871 2962
3 2872 2407 2963
3 4165 2651 4311
3 2867 2263 3626
3 2053 3562 3856
3 3102 2174 3210
3 3885 2505 4555
3 4137 2036 4620
3 2909 2346 3819
3 2080 3431 4125
3 2169 2780 3089
3 2780 2066 3089
3 2684 2094 3204
3 2381 2644 3376
3 2212 2636 3474
3 2140 2879 3830
3 3010 2167 3106
3 2248 3010 3106
3 3217 1901 3716
3 3350 2082 4508
3 1836 2887 2938
3 2785 2096 3035
3 2172 3299 4502
3 3399 2227 4040
3 3339 2106 4286
3 1844 2908 2969
3 2795 87 3508
3 50 2796 3509
3 2908 2176 2969
3 2712 3105 4416
3 2959 2191 2974
3 3617 1943 3967
3 3392 2519 3969
3 3277 1925 4253
3 2146 2751 4328
3 3211 2463 3906
3 2670 2252 3601
3 2196 2659 3435
3 3267 2155 4526
3 2813 2297 3137
3 1896 2915 3982
3 2711 2032 3684
3 4335 1927 4582
3 3116 1979 3418
3 2136 4080 4484
3 2695 400 3694
3 2184 3266 3896
3 2781 1928 3061
3 2801 2370 3993
3 2673 2154 3436
3 2658 3021 3574
3 2691 2269 3649
3 2071 3975 4548
3 2021 2642 3468
3 2645 3079 4298
3 2288 2652 3382
3 2701 1954 3336
3 2192 2701 3336
3 325 2638 3510
3 2145 2722 3141
3 2728 2154 4410
3 2751 2146 4284
3 3192 2310 3632
3 2135 2648 3697
3 2703 3277 4253
3 1921 3186 4217
3 2641 393 3644
3 2713 2149 4067
3 2269 2678 3650
3 2346 2909 3991
3 3068 267 3672
3 2816 1857 3037
3 2449 2816 3037
3 2049 2775 4402
3 2775 2530 4402
3 2891 2112 3740
3 3330 2474 3822
3 2741 215 4340
3 3012 3813 4011
3 3142 2163 3298
3 2787 2255 3393
3 1874 2787 3393
3 1899 2700 3193
3 2652 2288 3986
3 3183 1919 3295
3 2841 1892 4006
3 1976 2782 3430
3 3254 1900 3810
3 3582 1873 3796
3 2893 1847 3754
3 2373 2816 4056
3 2677 2886 4084
3 3311 2200 3901
3 2640 2800 4620
3 3173 2262 3244
3 2366 3173 3244
3 2617 3617 3967
3 2414 3201 3690
3 2303 2689 3808
3 3669 2576 4314
3 2575 3670 4315
3 2366 2819 3905
3 1838 2859 4192
3 1927 3087 4582
3 2859 2526 4192
3 2834 3990 4265
3 2644 2381 4483
3 463 465 2880
3 2824 2112 3016
3 2144 2934 3693
3 2861 1924 4041
3 3037 4290 4463
3 2726 2327 3855
3 1880 3649 3812
3 3256 2180 4216
3 3366 2240 3666
3 2650 2031 3627
3 423 422 3564
3 2598 3233 4548
3 2906 2156 3081
3 2658 1907 3398
3 2724 2075 4070
3 2095 2834 3138
3 2834 2191 3138
3 2217 2968 3189
3 2968 2272 3189
3 2739 2271 3530
3 2017 3142 4035
3 1918 2669 3511
3 3033 2302 3237
3 2217 3033 3237
3 1845 2739 3530
3 3154 3630 4493
3 2148 2839 3176
3 2705 2211 4142
3 2165 2925 2959
3 2324 3120 4105
3 2744 1900 3254
3 2354 2679 3953
3 2694 402 3406
3 2031 2650 3970
3 1903 2820 3022
3 3186 2666 4217
3 2867 2308 3338
3 2178 2726 4420
3 2790 2138 3079
3 2897 2162 3002
3 3070 2299 3199
3 2171 3070 3199
3 2715 280 4576
3 2892 2451 4064
3 2808 2609 3802
3 3540 2324 4105
3 2561 3366 3666
3 3079 2138 4298
3 268 267 3068
3 2997 1868 3185
3 2669 1918 3337
3 2866 3543 4533
3 3263 2895 3964
3 2146 4328 4475
3 2671 1844 3335
3 3241 1943 3617
3 2660 2252 3675
3 2508 3241 3617
3 70 69 2882
3 68 67 2883
3 2018 2660 3675
3 2778 2117 3145
3 2961 2060 3702
3 1937 3002 3097
3 2759 2121 3473
3 2212 2670 4445
3 1907 2658 3574
3 2301 2657 3507
3 1930 2943 4182
3 2724 1867 4209
3 433 435 3172
3 1869 2983 3212
3 3154 2360 3630
3 2242 2659 3674
3 419 2823 3838
3 2741 2152 3149
3 2629 3399 4403
3 2791 2070 3731
3 2059 2696 3348
3 2798 3581 4426
3 3580 2799 4425
3 3233 1939 3791
3 290 291 3658
3 3037 1857 4290
3 3124 1869 3156
3 2775 1925 3277
3 2983 1869 3124
3 3323 1998 4346
3 2241 2983 3124
3 3337 1918 4342
3 2983 2241 3067
3 1931 2930 3060
3 2974 1937 3097
3 1844 2671 3355
3 2670 3474 3675
3 2486 3988 4339
3 2661 2145 3689
3 2149 3074 3292
3 2129 2675 4262
3 3047 2158 3200
3 2004 3063 4147
3 2925 1836 2959
3 2915 2470 3982
3 3773 2030 4360
3 3019 2140 3830
3 3142 2583 4035
3 2902 2428 2975
3 2429 2903 2976
3 4274 3005 4365
3 3343 3885 4242
3 2840 470 3127
3 1940 2735 3232
3 1867 2724 3292
3 1865 2756 4372
3 3003 2219 3171
3 2267 3003 3171
3 3186 2506 4365
3 2678 2214 4504
3 3338 2308 3389
3 2550 3233 3791
3 2749 1895 3908
3 2380 2749 3908
3 3084 2312 3245
3 2230 2842 3401
3 2173 2693 3293
3 2932 2046 3913
3 2494 2743 3720
3 2122 2810 3182
3 2289 2711 3684
3 2684 1870 4514
3 3566 2681 4457
3 2830 295 3851
3 299 300 2940
3 2670 2212 3474
3 2664 2214 3496
3 3474 2018 3675
3 2433 2671 3837
3 2823 419 3498
3 2333 3139 3240
3 3139 2182 3240
3 2109 2939 4277
3 2068 2856 3889
3 2328 2663 3557
3 2409 2953 3643
3 2953 2081 3643
3 2374 2691 3973
3 2691 3649 3973
3 2270 2676 4570
3 2091 2781 3845
3 2821 2366 3244
3 1943 2821 3244
3 2773 2050 3136
3 1845 2958 2979
3 2523 3254 3810
3 2162 2897 2993
3 1882 2765 3450
3 2765 2249 3450
3 3071 2144 3693
3 2100 2912 3367
3 2337 3009 3213
3 3009 1840 3213
3 2666 2039 3497
3 3358 2331 3375
3 282 2836 4576
3 2676 2270 3699
3 2016 2676 3699
3 407 406 3236
3 2168 2719 3265
3 3086 2421 3544
3 1959 3086 3544
3 2286 2773 3136
3 2705 1923 3593
3 2255 2705 3593
3 2293 2967 3134
3 1891 4055 4071
3 1855 3005 4274
3 2345 3183 3295
3 2154 2755 4158
3 2154 2797 4410
3 2119 3304 4355
3 2683 2073 4414
3 1937 2897 3002
3 2866 1856 3543
3 2166 2892 4558
3 3147 2638 3946
3 2295 3180 3866
3 3373 476 3807
3 2318 3034 3497
3 266 2708 3672
3 2171 2897 3023
3 2897 1937 3023
3 473 476 3373
3 2722 2145 3236
3 2879 2186 3688
3 2198 2762 3296
3 2762 2079 3296
3 2705 2255 3668
3 2543 4097 4507
3 2709 225 3268
3 3612 2120 4618
3 1876 3546 3954
3 226 2709 3272
3 2375 2888 3218
3 2548 2791 3571
3 3484 2000 3632
3 3464 2123 3895
3 2945 2105 3842
3 3264 2075 4317
3 2727 2332 3829
3 1853 2727 3829
3 2957 2161 3126
3 2818 2083 3284
3 2215 2702 3673
3 3073 2403 3296
3 2079 3073 3296
3 1982 2673 3436
3 2065 4454 4590
3 3587 2064 4149
3 2896 1891 4071
3 1857 2816 3652
3 2735 3264 4317
3 2982 2546 3813
3 2026 3495 3621
3 3495 2617 3621
3 3007 3194 3999
3 2733 1858 3220
3 2632 3085 3775
3 1938 2831 3357
3 2831 2484 3357
3 2842 2355 3870
3 2187 2859 3148
3 2275 3102 3210
3 2222 2770 3156
3 2820 1903 4219
3 2499 2820 4219
3 2937 2405 3676
3 3610 2295 3866
3 2183 3907 4515
3 2083 2827 3284
3 3146 2213 3525
3 2481 3114 4027
3 2800 2178 4260
3 3070 1862 3145
3 2680 1911 3420
3 2034 2680 3423
3 2329 2683 4085
3 2487 3369 3432
3 3369 2202 3432
3 2735 2337 3879
3 4070 2075 4361
3 1902 2668 3648
3 2789 2294 4491
3 2452 3320 3529
3 2993 2171 3199
3 2316 2832 3122
3 2410 2856 4171
3 2756 3924 4575
3 2702 4 3673
3 2169 2748 4289
3 2688 2221 4472
3 2958 2172 2979
3 2770 2222 3168
3 3317 2166 4558
3 2252 2670 3675
3 445 447 4089
3 1938 2710 3523
3 3770 3247 4341
3 3709 445 4089
3 1893 2674 3519
3 2187 2712 4416
3 1965 2992 3620
3 2992 2401 3620
3 2271 2739 4234
3 2214 2678 3496
3 2793 2095 3138
3 2900 2395 3903
3 2032 2711 3586
3 2432 2787 3354
3 2681 3566 4523
3 2848 3611 3877
3 2746 2811 4603
3 2700 1899 3987
3 1881 4181 4371
3 398 397 2931
3 2674 1893 3573
3 1840 2748 3213
3 2708 2344 3672
3 2137 3277 4092
3 2155 3069 4526
3 3277 2703 4092
3 3380 2194 4218
3 404 403 2891
3 2314 3362 3447
3 1919 3183 4163
3 1851 3064 3726
3 3064 2458 3726
3 3069 4512 4526
3 2682 1931 3483
3 3198 2480 3870
3 2103 2700 3977
3 2441 3099 3943
3 2070 2791 4497
3 2791 2548 4497
3 4080 2734 4484
3 2686 428 3873
3 2225 2837 4207
3 2010 3402 3957
3 2710 2167 3917
3 3285 1965 3620
3 2859 1838 3148
3 3252 2329 3603
3 3506 2601 3597
3 2308 3506 3597
3 2955 2323 3639
3 2097 2769 4368
3 2100 3619 4536
3 231 3634 4478
3 232 231 4478
3 2745 2197 4586
3 3543 2469 4533
3 2783 386 4036
3 2769 2225 3397
3 2345 2727 3275
3 2797 2154 4158
3 2162 2993 4501
3 2681 1904 3533
3 2679 2057 3723
3 2678 2269 3711
3 2505 3294 4555
3 2905 1972 3084
3 2183 2905 3084
3 2125 2802 3226
3 3632 2000 4449
3 2957 2065 4590
3 3438 2379 3482
3 2524 3438 3482
3 2715 490 3595
3 572 2714 3594
3 3067 1970 3641
3 2073 2683 4088
3 2243 2694 3406
3 2018 4068 4135
3 2749 2380 3251
3 2943 1930 3794
3 2265 4047 4608
3 2041 2695 4148
3 456 458 3835
3 4328 2750 4475
3 2855 1902 3854
3 3870 2480 4360
3 3248 2741 4340
3 2263 3418 3626
3 3079 1946 3240
3 1904 2681 3664
3 3463 2312 3558
3 3905 2819 4584
3 1998 2853 3633
3 2403 3073 3700
3 459 12 3045
3 2731 1937 4605
3 3592 2203 3760
3 2174 2704 3404
3 402 2694 4358
3 3025 2581 4573
3 2026 2759 4305
3 307 3550 4382
3 2221 2688 3537
3 2128 3445 4450
3 2895 2458 4424
3 1918 2685 3520
3 291 292 3266
3 2150 2960 3215
3 3496 2678 3711
3 3082 2346 3479
3 2285 2908 3355
3 1984 2980 3351
3 2980 2306 3351
3 2908 1844 3355
3 3183 2630 4163
3 2631 3592 3760
3 2836 2715 4576
3 2022 3496 3711
3 2236 3205 3904
3 2055 2708 3966
3 2550 3645 4408
3 3456 1997 3676
3 3184 2544 4291
3 4100 2599 4254
3 2977 2148 3176
3 1874 3069 3283
3 3142 3298 4367
3 2686 2262 3559
3 3069 2304 3283
3 1866 3125 4075
3 3175 2312 3463
3 3081 2156 3168
3 3179 2183 4515
3 2999 2159 3326
3 439 2788 3522
3 3550 2763 4382
3 2518 3086 3628
3 386 2783 3532
3 2856 2258 3371
3 2207 3123 3153
3 1848 2856 3371
3 2830 2367 3575
3 2103 2830 3575
3 2748 1840 4289
3 2367 3077 3346
3 3077 2244 3346
3 2269 2691 3711
3 2691 2022 3711
3 2432 3354 3572
3 2461 2880 3836
3 3203 2419 3414
3 1879 3203 3414
3 2824 1922 3191
3 2149 2724 4070
3 2268 2688 3780
3 1935 2906 3081
3 3823 2895 4424
3 281 282 4576
3 2706 2428 3927
3 2429 2707 3928
3 2542 3494 4517
3 3649 1880 3973
3 2156 2887 3091
3 2870 2379 3750
3 2087 2870 3750
3 2412 2729 4136
3 2213 3270 3525
3 2296 3042 3818
3 1864 3080 3182
3 2855 2091 3845
3 3569 2827 3759
3 2099 2874 4436
3 2738 4070 4361
3 423 2699 3804
3 2893 2067 4293
3 2091 3099 4231
3 2184 2717 3977
3 75 2950 3655
3 2949 62 3654
3 3093 2740 4273
3 1923 2705 4142
3 2520 3442 3671
3 3202 2190 3269
3 2350 3202 3269
3 2693 2151 4352
3 3075 2321 3331
3 2981 2018 4135
3 2696 2059 3933
3 2742 1905 4185
3 2169 3089 3207
3 3343 2438 3885
3 2457 3707 3920
3 4075 3125 4309
3 3395 4073 4395
3 3077 297 3255
3 2475 3638 3727
3 1966 2746 3293
3 4169 2022 4288
3 263 262 3032
3 3083 2188 3116
3 2245 3083 3116
3 2530 3277 4463
3 2984 2225 4207
3 2733 2131 3332
3 1846 3528 3700
3 2451 2892 3162
3 3815 2692 4024
3 216 215 3983
3 3249 2185 3259
3 1840 3009 3342
3 2935 1873 3582
3 3813 2358 4011
3 2795 2276 4466
3 2277 2796 4467
3 2105 2945 4200
3 2457 3031 3707
3 2461 2966 4066
3 400 2695 4032
3 2560 2940 3359
3 3351 2305 3422
3 3123 2245 3153
3 2838 2190 3202
3 1955 2838 3202
3 2714 384 3416
3 280 2715 3415
3 2369 3545 3682
3 3545 2634 3682
3 2389 3247 3770
3 3320 2265 3529
3 2806 505 3590
3 555 2807 3589
3 2223 2865 3131
3 2804 561 3583
3 499 2805 3584
3 3038 1900 3280
3 2139 2758 3285
3 72 71 3170
3 66 65 3169
3 2234 2711 4488
3 2492 3573 3767
3 2410 3108 3889
3 2490 3350 3526
3 3350 2238 3526
3 3532 2254 4115
3 2249 3006 3449
3 2161 3092 3849
3 4406 2924 4487
3 527 2928 3929
3 2927 533 3930
3 1901 3217 4405
3 2779 2163 3994
3 2360 3371 3374
3 2865 2223 3128
3 2055 2703 3513
3 3096 2383 3493
3 2247 2699 3564
3 2110 3096 3493
3 2925 2165 3090
3 2836 2349 3752
3 3414 2236 3904
3 2711 2234 3586
3 2788 2257 3522
3 16 2836 3752
3 2298 2977 3176
3 2908 2285 3129
3 3114 2481 4473
3 1976 3430 3774
3 2792 2168 3265
3 2477 2921 3400
3 2465 4165 4311
3 3181 2032 3980
3 551 553 2975
3 508 510 2976
3 2962 2276 3583
3 2277 2963 3584
3 2699 2247 3618
3 1840 2780 4289
3 1920 2732 3674
3 4 2702 4271
3 2208 3109 3124
3 2919 2160 3543
3 299 2940 4460
3 1895 2749 3339
3 2101 3038 3795
3 3020 2400 3419
3 2266 2815 3257
3 2815 1873 3257
3 2803 2124 4471
3 3133 2439 3985
3 2720 1899 3445
3 491 493 3758
3 567 569 3757
3 2156 3091 3168
3 2742 2119 3352
3 3326 2159 4135
3 2746 1966 4177
3 2325 2704 4407
3 2412 3096 4033
3 1917 3307 3843
3 3029 2221 3327
3 1882 3008 3737
3 2712 2187 3868
3 3386 1980 3403
3 2191 2959 4432
3 3070 2171 3527
3 2027 3117 3938
3 2754 1996 3328
3 2367 2830 3851
3 2315 2920 3409
3 311 2771 3695
3 3166 2415 4380
3 2164 2824 3191
3 1960 2757 3816
3 2757 2319 3816
3 2319 2757 3678
3 2039 2709 3940
3 2430 2861 4041
3 2461 3836 4459
3 2945 3842 4285
3 2061 3815 4024
3 3343 1940 3742
3 2259 3044 4348
3 2839 1961 3176
3 2899 2354 3953
3 1974 2764 3369
3 2764 2202 3369
3 2778 2468 4319
3 2158 3047 3212
3 2163 2779 3281
3 2117 2778 4319
3 2158 2983 3067
3 2107 3280 4617
3 2060 2961 4242
3 2067 2777 4063
3 2777 2408 4063
3 3188 1872 4138
3 2764 2170 3307
3 2900 3903 4521
3 3360 2591 4495
3 3395 2216 4073
3 2042 2737 4312
3 3384 2760 4606
3 1868 3123 3128
3 2174 2920 3210
3 2453 2739 4239
3 2533 4406 4487
3 3119 2330 3322
3 2247 3119 3322
3 2709 2039 3746
3 2436 3107 3774
3 296 297 3077
3 2079 2762 4241
3 388 2721 3878
3 429 428 3559
3 238 237 2951
3 3442 2286 3671
3 2340 3249 3259
3 3223 2333 3240
3 3036 2021 4016
3 2923 2140 3502
3 1946 3223 3240
3 2651 3286 4311
3 3301 2878 3948
3 2414 2869 3201
3 288 289 3088
3 2869 2047 3201
3 2721 388 4115
3 1999 2762 3490
3 2276 2804 3583
3 2805 2277 3584
3 3572 1962 3840
3 2990 1935 3081
3 1959 2792 3265
3 3051 2210 3056
3 2279 2806 3590
3 2807 2278 3589
3 2711 2289 3794
3 3002 2223 3097
3 477 2784 3807
3 2014 3392 3969
3 2822 2164 3515
3 4006 2424 4130
3 1979 3116 3341
3 2880 465 3677
3 2154 2728 4481
3 3109 2241 3124
3 2205 3043 3058
3 2191 2834 3607
3 2210 3041 3056
3 1949 3041 3053
3 2304 3069 3103
3 3041 2209 3053
3 2206 3051 3056
3 3896 293 4150
3 3334 2521 4180
3 2209 3041 3057
3 2090 2723 3514
3 2353 2952 3763
3 3032 262 3297
3 1924 2861 3780
3 1923 2828 3697
3 2222 2990 3081
3 3085 2357 3775
3 3063 2334 4114
3 2124 2918 4212
3 3050 2205 3052
3 2899 2317 3565
3 2074 2899 3565
3 2210 3050 3052
3 3043 2205 3050
3 2334 3741 4114
3 1948 3043 3050
3 3126 2413 3291
3 222 221 3363
3 2989 2241 3109
3 1950 2989 3109
3 1948 3050 3051
3 3050 2210 3051
3 2338 2986 3864
3 3661 1984 3705
3 2978 2251 3471
3 2864 1875 3894
3 2717 3896 4150
3 3041 1949 3056
3 2718 1853 3829
3 3041 2210 3057
3 3053 2209 3054
3 2208 3053 3054
3 2198 3221 3490
3 2165 2974 3097
3 3288 2742 4185
3 3043 2207 3058
3 3497 3034 4217
3 2210 3052 3057
3 3052 1870 3057
3 2357 3164 3850
3 3164 2616 3850
3 3413 2778 4427
3 2794 1945 3291
3 2022 3015 4288
3 3262 2984 4207
3 3002 2162 3185
3 1974 3846 3869
3 218 217 2999
3 2817 2053 4123
3 2885 2224 3262
3 3059 2169 3753
3 1933 2885 3262
3 2918 2516 4212
3 563 566 2962
3 495 497 2963
3 2833 2092 4397
3 3064 2115 3065
3 2458 3064 3065
3 2722 406 4369
3 3128 2223 3185
3 2780 2169 4289
3 2198 3296 3347
3 3296 2403 3347
3 2970 2222 3156
3 2534 3464 3895
3 1869 2970 3156
3 2991 1863 3139
3 2333 2991 3139
3 420 419 3838
3 2730 309 3958
3 2182 2790 4357
3 2388 2722 4369
3 2005 3557 4027
3 2297 2813 3651
3 2813 1953 3651
3 3193 2303 3808
3 2915 1896 4607
3 3408 2296 3818
3 3423 2606 4110
3 2788 441 3304
3 3449 3006 4174
3 2618 3402 3821
3 3402 2313 3821
3 3947 2272 4371
3 2735 1940 4008
3 3846 2698 3869
3 2726 2178 3902
3 1899 2720 3744
3 3522 2257 4203
3 2106 2749 4111
3 2140 2964 3502
3 3849 3092 4599
3 2851 2374 3377
3 2122 3834 4489
3 2818 2177 3334
3 2192 3190 4325
3 2434 2841 4453
3 2891 2388 3857
3 3233 2598 3563
3 2723 4161 4220
3 3138 2191 4432
3 2850 1865 3862
3 2327 2726 4164
3 2199 2905 4276
3 3621 2686 4223
3 3902 1913 4164
3 2245 3048 3153
3 3048 1951 3153
3 2892 2166 3162
3 2743 2045 3968
3 1859 2723 3783
3 2727 2345 4014
3 2349 2743 3968
3 3623 2660 4091
3 309 2730 4047
3 3424 2562 4360
3 2771 312 3372
3 2186 3263 3688
3 3107 1976 3774
3 2804 2232 3451
3 2233 2805 3452
3 2066 3566 4457
3 2753 2301 3412
3 4098 1864 4106
3 315 316 3158
3 2806 2233 3452
3 2232 2807 3451
3 2739 1845 3492
3 2769 3397 4318
3 1914 2791 4330
3 2322 2731 4226
3 2986 2130 3275
3 2208 3054 3109
3 2434 3386 3403
3 2178 3080 4260
3 2954 2007 3637
3 3959 2038 4417
3 2851 1980 3832
3 2374 2851 3832
3 560 2804 3451
3 2805 502 3452
3 1864 2810 4106
3 3681 2364 3912
3 2874 3300 4436
3 504 2806 3452
3 2807 557 3451
3 1928 2772 3384
3 3042 2178 4420
3 2337 2735 4008
3 2433 3223 3512
3 3223 1946 3512
3 2779 1856 3440
3 2219 2779 3440
3 4067 2149 4413
3 1902 2849 3225
3 2096 2782 4140
3 3076 2344 3513
3 2326 3253 3831
3 3280 2744 4617
3 2994 2578 3336
3 2815 2290 3609
3 1873 2815 3609
3 2598 3975 4081
3 2175 2829 3448
3 3167 2087 4549
3 2766 3167 4549
3 2685 3209 4266
3 3209 2045 4266
3 1932 2812 3730
3 2121 2759 4129
3 2787 1874 3354
3 2741 2418 3983
3 288 3088 4614
3 3499 2639 4069
3 3012 1955 3813
3 2452 2877 3320
3 2203 3592 3962
3 87 86 3508
3 51 50 3509
3 2842 1837 3801
3 3055 2213 3121
3 2355 2842 3801
3 3096 2412 4136
3 3137 1887 3972
3 3445 2689 4450
3 2534 3137 3972
3 1875 2864 3598
3 2978 2527 4196
3 2151 2955 3510
3 2054 2978 4196
3 3253 2523 3811
3 2020 3253 3811
3 1928 3384 4606
3 2876 2102 3689
3 2336 2744 3764
3 2568 3104 4154
3 3104 2118 4154
3 2809 2082 4401
3 2679 3008 4034
3 2743 2349 4374
3 2905 2183 3179
3 2052 2801 3993
3 3141 1969 3382
3 2265 3550 4047
3 1905 3352 4030
3 2411 3390 4019
3 3067 2241 3349
3 2389 2730 3958
3 3117 2476 3938
3 3616 2641 3699
3 2270 3616 3699
3 4181 2605 4371
3 2732 2242 3674
3 2773 2286 4175
3 2331 3087 3375
3 2223 3002 3185
3 2826 2199 4534
3 2240 2889 3316
3 2889 2093 3316
3 2730 2389 3770
3 3083 2245 3123
3 2470 2915 3332
3 2185 2875 3259
3 1842 2867 3338
3 2737 1921 3601
3 2188 2786 3918
3 2315 3910 4102
3 3291 2181 4419
3 3027 2280 3214
3 2794 3291 4419
3 1934 3027 3214
3 76 75 3655
3 62 61 3654
3 2827 2230 3284
3 2097 2924 4406
3 2967 1861 3134
3 1910 2829 3635
3 2830 2103 4596
3 3114 2651 4027
3 2197 2913 4586
3 2835 1975 3472
3 284 2743 4374
3 2084 2746 3531
3 2201 3218 4252
3 2344 3068 3672
3 3069 2155 3103
3 3755 382 4144
3 278 3756 4145
3 2818 1932 3730
3 3105 1934 3214
3 2266 3105 3214
3 2382 3924 4442
3 3054 1950 3109
3 2483 3582 3796
3 2487 2893 4293
3 2726 3902 4164
3 2739 2453 3880
3 2564 3289 4323
3 2742 2257 3926
3 3058 2207 3153
3 2242 3111 3576
3 2397 3246 3405
3 277 278 4145
3 382 381 4144
3 3246 2270 3405
3 4042 2752 4443
3 81 80 3927
3 57 56 3928
3 2327 2768 3458
3 2436 3708 4030
3 2204 2852 3286
3 2852 1871 3286
3 2222 3081 3168
3 3090 2165 3131
3 2471 3036 4016
3 3515 2164 3862
3 3004 2724 4209
3 2435 3430 4075
3 545 547 3196
3 514 515 3197
3 2078 2909 3819
3 2442 2933 3328
3 3354 2310 3572
3 3315 2201 4252
3 3209 2685 3511
3 2053 2817 3562
3 2675 3685 3884
3 2169 3207 3753
3 2462 2911 3478
3 1870 2789 4255
3 2888 2089 3218
3 3198 2355 4524
3 2811 1859 3480
3 2172 3499 4069
3 3118 2237 3174
3 2253 3118 3174
3 2251 2776 4172
3 2754 2111 3998
3 1932 3055 3121
3 3706 2855 3854
3 2127 2935 3383
3 2935 2273 3383
3 2940 2560 4460
3 2743 284 3720
3 2119 2742 3926
3 2791 3731 4330
3 2355 3761 4524
3 2244 3077 3255
3 1889 2873 3536
3 2498 3181 3980
3 2782 2142 3430
3 2393 3874 4280
3 2913 1916 3260
3 2313 2880 3677
3 419 418 3498
3 2219 3440 4553
3 2076 3360 4495
3 3021 2044 3314
3 2275 3021 3314
3 2566 3159 3844
3 3517 2393 4280
3 3316 2551 3562
3 2083 2818 3334
3 3305 416 4227
3 2116 3208 4160
3 3208 2623 4160
3 2944 4176 4294
3 276 275 3140
3 2744 2336 4617
3 3592 2628 3962
3 2339 3012 3556
3 3012 2099 3556
3 454 456 3311
3 221 220 3949
3 1994 3177 3660
3 4161 2143 4220
3 3177 2445 3660
3 280 281 4576
3 2089 2826 4534
3 3685 2324 3884
3 2363 2835 3309
3 2333 2754 3998
3 3221 1882 3737
3 2472 3221 3737
3 1858 2909 3220
3 2305 3135 3422
3 2775 2049 4540
3 2591 3360 4538
3 3397 1841 4318
3 2090 3030 3789
3 3030 2541 3789
3 2092 2926 3442
3 2926 2286 3442
3 3863 2625 4409
3 1868 3083 3123
3 2909 2508 3220
3 2265 2763 3550
3 1836 2793 4432
3 2878 2181 3528
3 2473 2919 3871
3 2450 3211 4024
3 3224 2314 3447
3 2920 1958 3210
3 2141 2748 3747
3 3276 2537 3649
3 2875 1957 3259
3 2509 2961 3702
3 2553 3098 3319
3 3098 2189 3319
3 2896 2552 3602
3 521 3578 4002
3 3577 540 4001
3 2273 3358 3375
3 2774 1942 3947
3 2414 3188 3302
3 398 2931 4267
3 1967 2889 3366
3 2889 2240 3366
3 3158 2745 4586
3 2132 3158 4586
3 2408 2777 4120
3 1941 2993 3199
3 2034 3423 4110
3 2410 2817 4123
3 3279 1970 3349
3 2756 2056 3687
3 2056 2756 4575
3 3005 2430 3828
3 2126 3005 3828
3 1996 2754 4044
3 3097 2223 3131
3 2301 2753 3799
3 3744 2129 4262
3 3573 1893 3767
3 2846 1915 3315
3 3566 2287 4523
3 1944 2808 3802
3 2088 2898 3400
3 2898 2250 3400
3 2278 2975 3589
3 2976 2279 3590
3 2935 2127 4324
3 2064 3587 4493
3 1980 2851 3403
3 426 425 3066
3 2846 2089 4534
3 3208 1987 4482
3 2335 3013 3567
3 3013 1850 3567
3 4176 2446 4294
3 1984 3118 3705
3 2870 2687 4537
3 2995 1950 3370
3 2050 2773 4003
3 2193 3025 4573
3 2165 3097 3131
3 230 229 3327
3 1965 2758 4392
3 1922 3721 4322
3 2286 3136 3671
3 2873 2274 3826
3 2308 2867 3626
3 2059 2821 3933
3 2783 2254 3532
3 2299 3070 3145
3 2992 1965 3438
3 3371 2258 3374
3 2464 4009 4480
3 2768 2327 3939
3 2066 2780 3566
3 2841 2077 3353
3 2910 2187 4416
3 2939 2351 3710
3 1953 2939 3710
3 2185 2980 3661
3 2224 2852 3443
3 2254 2783 3614
3 3459 2147 3745
3 2162 2997 3185
3 2243 3406 4032
3 2574 3459 3745
3 2783 9 3614
3 2056 2831 4278
3 2784 477 4018
3 1942 3033 3189
3 1951 3058 3153
3 2854 2107 3387
3 2784 2047 4072
3 3230 525 3929
3 536 3231 3930
3 2905 2199 3329
3 2212 3014 3363
3 2290 2815 3751
3 2905 3179 4276
3 265 264 3165
3 1942 2774 3992
3 2101 3258 3850
3 2438 3343 3742
3 2919 2607 3871
3 525 527 3929
3 533 536 3930
3 2342 3101 3340
3 2567 3587 4149
3 4056 2808 4059
3 2449 3037 3881
3 3037 2137 3881
3 2860 2482 3800
3 1925 2775 3650
3 2776 1852 4172
3 2232 2795 3508
3 2796 2233 3509
3 2012 3410 4197
3 2551 3524 4254
3 2780 1840 4146
3 3645 2025 4408
3 2773 3040 4003
3 2754 3223 4044
3 3307 1917 3427
3 2024 3505 3817
3 1959 3265 3628
3 2910 1927 4295
3 2943 2449 4182
3 3088 2633 4614
3 3038 2385 3795
3 2058 2808 4056
3 4047 2730 4608
3 2801 2052 4214
3 2863 2077 4078
3 2430 2801 4214
3 1937 2974 4605
3 3047 3200 4065
3 2901 1892 3476
3 1901 3019 4411
3 3019 2593 4411
3 3505 2615 3817
3 2932 2352 3734
3 2239 3011 3563
3 3314 2044 3956
3 1991 2932 3734
3 1871 2852 4600
3 2591 3314 3956
3 1936 2773 4175
3 2779 2219 3769
3 1851 2923 3502
3 3372 313 3407
3 3659 1971 4058
3 2383 3285 3620
3 1915 2846 4276
3 412 2870 4537
3 1856 2779 3994
3 2983 2158 3212
3 3663 2464 4480
3 2531 3465 4184
3 3169 65 4249
3 72 3170 4248
3 1887 4100 4254
3 2833 2323 3798
3 2092 2833 3798
3 3267 1907 3574
3 2443 3267 3574
3 4295 1927 4335
3 1852 3184 4291
3 2186 2923 3726
3 2777 2393 4469
3 1950 3054 3370
3 1975 2835 4455
3 2191 3607 4605
3 2234 3032 3297
3 1987 3208 3965
3 2940 300 3308
3 2088 2860 4613
3 2877 2072 3320
3 2859 2667 3951
3 1873 2935 3257
3 2828 1923 4142
3 470 471 3127
3 2516 3431 4213
3 3553 2338 3864
3 2828 2135 3697
3 2778 1862 4427
3 1852 2776 4198
3 3033 2217 3189
3 3745 2500 4121
3 2956 4368 4499
3 3494 2136 4484
3 2840 2313 3677
3 468 2840 3677
3 2976 510 3996
3 551 2975 3995
3 3114 1917 3596
3 3345 2236 3414
3 2419 3345 3414
3 2465 3412 4165
3 2317 2942 3260
3 2781 2091 4231
3 1878 3623 4091
3 2538 2784 4018
3 1928 2781 3950
3 1951 2948 3776
3 2190 3313 3899
3 386 385 4036
3 2298 3176 3469
3 2797 4054 4410
3 302 303 3110
3 2876 1897 4170
3 3287 2392 3425
3 1881 3287 3425
3 2816 2449 4283
3 2170 3134 4023
3 2255 2787 3668
3 2831 2455 4278
3 2391 3485 3709
3 3485 2563 3709
3 2845 2248 3388
3 3080 2296 3182
3 3030 1952 4428
3 3209 2629 4474
3 1841 2845 3428
3 459 3045 4503
3 2787 2432 4013
3 1992 3146 3518
3 3146 2368 3518
3 3152 2384 3664
3 2134 2832 3434
3 2931 2501 4267
3 245 244 3163
3 2404 3648 3789
3 2199 2947 3329
3 2788 2119 3926
3 2752 3551 4080
3 3551 1855 4080
3 2369 3217 3716
3 1871 3132 3979
3 2038 3936 4417
3 2904 1916 3318
3 4368 2495 4499
3 3477 2013 4121
3 2782 1976 3782
3 2978 3471 4338
3 2237 3338 3389
3 2829 2094 3448
3 2781 2143 3845
3 3910 2626 4102
3 3146 1992 3790
3 2383 3096 3665
3 3096 1861 3665
3 3004 2264 3232
3 2726 3855 4420
3 2826 2089 4610
3 3577 2576 3669
3 2575 3578 3670
3 2387 3577 3669
3 3578 2386 3670
3 3251 2380 3466
3 417 416 3305
3 233 232 4478
3 2095 2792 3667
3 2875 2359 3848
3 1957 2875 3848
3 2069 2823 4245
3 3933 2821 4383
3 2375 3218 4594
3 2663 3432 4210
3 1850 2854 4546
3 2339 3556 4099
3 2196 3007 4386
3 2284 3046 4529
3 3398 2133 4556
3 1972 2905 3329
3 2852 2224 4600
3 56 55 4191
3 82 81 4190
3 2851 2194 3403
3 1919 3000 3777
3 2295 3467 4096
3 1916 2913 4205
3 3030 2090 3514
3 2362 3030 3514
3 2957 3126 4452
3 2257 2788 3926
3 1898 3098 4430
3 2276 3538 4466
3 3539 2277 4467
3 1941 3199 3321
3 2836 282 3722
3 2964 2140 3365
3 2877 1893 3678
3 3300 233 4478
3 2081 4042 4443
3 2349 2836 3722
3 2792 1959 4567
3 2845 2216 3428
3 2116 4208 4329
3 2817 2240 3562
3 2230 2827 4364
3 3304 2563 4355
3 2141 2973 3264
3 3060 2296 3408
3 1931 3060 3408
3 2179 2835 3472
3 1896 3473 3876
3 404 2891 3857
3 3310 2334 3636
3 2250 2844 3548
3 2844 1926 3548
3 2814 2103 3575
3 2224 2984 3262
3 2360 3154 3371
3 2864 2150 3598
3 3239 2231 3546
3 268 3068 3460
3 1977 3251 3466
3 2655 4098 4106
3 2820 2499 4578
3 1969 2822 3515
3 81 3927 4190
3 3928 56 4191
3 87 2795 4466
3 2796 50 4467
3 2888 2375 3898
3 1929 2888 3898
3 2837 1933 4207
3 1933 2837 4393
3 3285 2383 3665
3 2322 3437 3839
3 3899 3313 4093
3 1953 2813 4152
3 3615 2396 3641
3 3261 2454 3683
3 2218 2882 3446
3 2883 2218 3446
3 286 287 3680
3 2373 4056 4059
3 2211 2940 3308
3 2833 322 3639
3 1848 2817 4171
3 2817 2410 4171
3 2240 2817 3666
3 2837 2097 4406
3 2861 2052 3444
3 2268 2861 3444
3 4452 1945 4553
3 2319 3519 3686
3 2172 2958 3299
3 1981 2968 3378
3 2955 324 3510
3 2548 3219 4497
3 2581 3305 4227
3 2184 3977 4281
3 218 2999 3326
3 3121 2213 3790
3 3361 2595 3546
3 3441 1860 3865
3 2594 3441 3865
3 2802 2485 4017
3 2046 3216 4597
3 1870 3052 4514
3 2211 2828 4142
3 250 249 3195
3 3633 2853 4201
3 2524 3039 4296
3 2419 3203 3256
3 3482 410 4021
3 2224 2884 4600
3 2029 2802 3997
3 2280 2848 3877
3 2841 3353 4453
3 2676 3771 4570
3 2842 2230 4364
3 2516 2918 3533
3 2273 3375 3383
3 247 246 3187
3 2808 1944 4059
3 1 2872 3539
3 2871 2 3538
3 1856 2866 3440
3 2860 2001 4395
3 2482 2860 4395
3 3602 2041 3619
3 3020 3419 4073
3 2555 3602 3619
3 2094 2829 3547
3 3631 2472 3737
3 2985 1972 3760
3 2429 2976 3996
3 2975 2428 3995
3 83 2902 3580
3 2903 54 3581
3 2447 2995 3370
3 3318 2236 3345
3 230 3327 4513
3 3368 2833 4397
3 3075 3331 4113
3 1942 2953 3952
3 2182 3139 4529
3 3628 3265 4269
3 3199 2299 3321
3 2901 2194 3380
3 2810 2122 4489
3 2912 2377 3367
3 2969 2176 3303
3 4054 2085 4410
3 1976 3107 3485
3 1970 3067 3349
3 3034 2212 4445
3 2948 2684 3776
3 4007 2536 4385
3 1971 3388 4058
3 3318 1916 4376
3 3079 3240 4357
3 3578 2575 4002
3 2576 3577 4001
3 3148 1838 4062
3 2843 2068 4394
3 3057 1870 3766
3 2844 2250 4394
3 2068 2844 4394
3 3058 1951 3776
3 3432 2202 4210
3 2623 3208 4482
3 3362 1990 3447
3 2922 2188 3918
3 3471 2477 3548
3 1926 3471 3548
3 400 399 3694
3 1843 3237 3278
3 3237 2302 3278
3 2546 2951 4250
3 2883 67 3657
3 70 2882 3656
3 1854 4316 4362
3 3205 2236 4376
3 2512 3326 4135
3 2369 3166 3545
3 3166 1992 3545
3 3121 2415 3803
3 1837 2842 4364
3 2507 4129 4223
3 3295 1919 4522
3 3381 2128 4450
3 2817 1848 3666
3 2961 1895 3339
3 2894 2133 4333
3 2183 3084 3245
3 252 251 3713
3 2352 2932 3913
3 2910 2127 3383
3 2601 4094 4456
3 1859 2811 3793
3 3917 2167 4415
3 2545 4152 4178
3 2940 2211 3359
3 2063 2812 3803
3 2944 2093 4176
3 391 390 3161
3 3039 2102 4296
3 1945 3171 4553
3 2953 2409 3952
3 563 2962 3583
3 2963 497 3584
3 3686 3519 4454
3 2123 2813 3895
3 2415 3121 3790
3 65 64 4249
3 73 72 4248
3 2880 2461 4066
3 2504 3515 3862
3 2375 3132 3568
3 463 2880 4066
3 2882 69 3446
3 68 2883 3446
3 2847 2631 4379
3 3488 2525 3894
3 2102 2876 3653
3 2440 2961 3339
3 2214 3076 4504
3 2303 2814 4609
3 2310 3283 3484
3 3695 2771 3981
3 2364 3933 4383
3 3344 286 3680
3 307 308 3550
3 2840 2120 3821
3 2313 2840 3821
3 2927 2218 3552
3 2218 2928 3552
3 2058 2943 3455
3 2943 2289 3455
3 3257 2935 4324
3 1988 3607 4265
3 3607 2834 4265
3 2835 2179 4272
3 2912 1956 3900
3 2377 2912 3900
3 2601 3062 3597
3 3062 1944 3597
3 2422 3061 4074
3 2385 3038 3280
3 2829 2175 3635
3 2984 2224 3443
3 3342 3009 4347
3 3555 2536 4007
3 3390 2411 3396
3 1883 3390 3396
3 3306 1978 3443
3 2026 3621 4223
3 3107 2436 3352
3 2670 3601 4445
3 2119 3107 3352
3 2323 2833 3639
3 3473 2532 3876
3 1888 2987 4007
3 3135 1842 3338
3 242 241 3178
3 3543 2160 4509
3 2510 3541 4143
3 3975 2402 4081
3 1944 3174 3389
3 2815 2266 4157
3 2045 3209 4474
3 2177 2818 3730
3 1984 3351 3422
3 2852 2204 4399
3 2941 1910 4530
3 3790 1992 4380
3 2228 3201 4010
3 1909 3457 4065
3 3556 2557 4099
3 2019 3011 3333
3 3011 2239 3333
3 3650 2678 4504
3 2270 3246 3616
3 2939 2109 4015
3 2956 2097 4368
3 3524 2459 3972
3 3507 2657 4179
3 3644 2448 4434
3 387 386 3532
3 2921 2088 3400
3 1892 2841 4292
3 2368 3180 3503
3 3180 2009 3503
3 2366 2821 4046
3 2821 2059 4046
3 2890 2378 3989
3 3264 2735 3879
3 1954 2994 3336
3 1967 3252 3603
3 2931 397 3394
3 2880 2313 3836
3 2068 2843 4308
3 1872 3188 3690
3 2541 3030 4428
3 3188 2414 3690
3 3531 2424 4006
3 3001 1966 3946
3 2062 3863 4409
3 2112 2822 3740
3 3238 1923 3697
3 1979 3341 4094
3 1912 2868 4446
3 3006 2492 3767
3 3430 2435 3774
3 2241 2989 3349
3 3157 4093 4468
3 2819 2366 4046
3 2873 2179 3536
3 3214 2280 3243
3 2266 3214 3243
3 3074 2423 3292
3 4023 3134 4510
3 2401 3072 3493
3 2520 3036 3442
3 3072 2110 3493
3 2276 2871 3538
3 2872 2277 3539
3 2229 2965 3541
3 2868 2139 4437
3 2986 2338 3718
3 2924 2290 3751
3 2130 2986 3718
3 4123 2053 4297
3 2864 3894 4366
3 3647 2305 4118
3 3119 2247 3564
3 2878 1846 3941
3 2365 2878 3941
3 3139 3426 4529
3 2553 3570 4422
3 2841 2434 4292
3 2348 3372 3407
3 2194 2901 3476
3 1966 3001 4177
3 2228 3120 3690
3 2832 2134 4097
3 294 2830 4150
3 1963 2899 3953
3 1846 2878 3528
3 2849 2404 3633
3 3797 2594 4396
3 2420 2904 4108
3 1971 3020 4221
3 2904 2115 4108
3 234 2874 3779
3 3652 2797 4158
3 1857 3652 4158
3 2947 1837 3569
3 2291 2947 3569
3 1905 3459 4185
3 1837 2826 3801
3 3549 2285 4236
3 2941 2116 4329
3 452 3901 4084
3 3576 3111 3942
3 2968 2217 3378
3 3941 2634 4565
3 1995 3529 3770
3 2821 1943 4383
3 1983 2832 4134
3 2898 2088 4613
3 3003 1973 3769
3 3457 2619 4065
3 3951 2667 4321
3 3838 2823 4004
3 2330 3838 4004
3 2339 2838 4187
3 2216 2845 4221
3 2126 3186 4365
3 2825 2413 3849
3 2823 2069 4004
3 1967 3366 3587
3 1852 2857 4172
3 2919 2473 4391
3 4049 2491 4589
3 3076 3513 4253
3 3239 2025 3542
3 2611 3716 4411
3 2467 3111 4020
3 3111 2037 4020
3 269 268 3460
3 58 3197 3887
3 3196 79 3886
3 1952 3030 3891
3 4454 2674 4590
3 2900 1865 4037
3 2395 2900 4037
3 2892 273 4558
3 2052 2861 4214
3 3607 2731 4605
3 2861 2430 4214
3 2246 3278 3279
3 3278 2302 3279
3 3204 2094 3547
3 2991 2644 4483
3 2911 2316 3478
3 1845 2979 3492
3 3098 2553 4430
3 2987 1888 3932
3 2408 2987 3932
3 2237 3118 3422
3 3147 1966 4352
3 3207 3089 4349
3 2072 2877 4476
3 2114 3013 4082
3 2371 3290 4038
3 3229 2328 3736
3 2221 3075 4472
3 2786 3863 3918
3 2888 1929 4524
3 3863 2062 3918
3 3611 2259 3640
3 2533 3611 3640
3 2372 2936 4095
3 2001 2860 4326
3 1871 3979 4311
3 320 321 4462
3 2657 3799 4515
3 2492 3092 3573
3 2343 3312 3915
3 2133 2965 4333
3 1945 3126 3291
3 2593 3019 3830
3 4394 2250 4418
3 59 58 3887
3 79 78 3886
3 2884 2108 3568
3 64 3670 4249
3 3669 73 4248
3 3637 2007 4541
3 2601 3506 4094
3 3337 2228 4010
3 2225 2984 4173
3 2832 2316 4134
3 4230 2555 4461
3 1962 3346 3840
3 3208 2460 3965
3 3155 2683 4414
3 2330 3119 4583
3 2975 553 3589
3 508 2976 3590
3 3342 2529 3911
3 2287 3342 3911
3 2610 3505 4412
3 1972 3329 3501
3 2446 2862 4294
3 2862 1911 4294
3 3290 1968 3413
3 2356 3290 3413
3 3462 2271 4428
3 2462 3478 3974
3 3644 392 3692
3 2140 3019 3365
3 2662 4125 4206
3 3439 2343 3812
3 2537 3439 3812
3 3140 2215 3673
3 2961 2509 4390
3 3102 2275 4103
3 1895 2961 4390
3 2907 2282 3739
3 2857 2331 3859
3 402 401 3406
3 2835 2363 4455
3 2077 2841 4130
3 2989 1950 3411
3 2246 2989 3411
3 411 410 3482
3 2392 3287 3732
3 2091 2855 3706
3 3135 2237 3422
3 2929 2108 3698
3 2997 2625 3863
3 3596 1917 3843
3 2173 3293 4603
3 1889 2858 3696
3 2593 3830 4137
3 3569 1837 4364
3 2827 3569 4364
3 3293 2746 4603
3 2351 3588 3710
3 2328 3557 3736
3 3465 2531 3784
3 2328 3465 3784
3 2083 2847 3759
3 3141 3382 4275
3 2190 2838 4101
3 3671 3136 4238
3 2285 3512 4236
3 3237 1843 3749
3 2283 2916 3809
3 3160 2491 4049
3 2042 3160 4049
3 1906 2847 4180
3 2882 2218 4545
3 2218 2883 4544
3 3622 2359 4060
3 2150 2864 4300
3 2116 2941 3841
3 2117 2849 4201
3 2194 2851 4218
3 2867 1842 3762
3 2838 1955 4187
3 3630 2064 4493
3 2537 3276 4029
3 3276 2049 4029
3 3040 2503 4003
3 2262 3173 3559
3 2131 3495 4519
3 3176 1961 3469
3 2861 2268 3780
3 2508 2909 4518
3 3203 2180 3256
3 2909 2078 4518
3 2250 2898 4418
3 2863 328 4271
3 1913 3263 3964
3 2998 2288 3687
3 2702 2863 4271
3 3770 3529 4608
3 2853 1998 3748
3 2065 2866 4533
3 2304 3103 3629
3 3157 2071 3825
3 2437 3157 3825
3 2873 1889 3696
3 2274 2873 3696
3 1847 2893 4479
3 2893 2487 4479
3 3458 2582 3855
3 2682 2854 4222
3 3096 2110 4033
3 2854 3013 4222
3 3054 2209 3370
3 2584 3281 4564
3 312 313 3372
3 2279 2903 3581
3 2902 2278 3580
3 3413 1968 3662
3 2468 3413 3662
3 300 301 3308
3 2627 2900 4521
3 2248 3106 3357
3 2870 412 3704
3 2379 2870 3704
3 2843 4394 4418
3 2853 2299 4563
3 3885 2060 4242
3 2844 2068 3889
3 321 3368 4462
3 4208 2718 4329
3 1856 2919 3543
3 3261 3683 4237
3 2979 2256 3492
3 2060 3885 4555
3 2089 2846 4252
3 2987 2098 4057
3 2491 3489 4589
3 243 2907 3739
3 476 477 3807
3 2160 2919 4391
3 3319 2189 4138
3 3035 2200 3420
3 521 523 3578
3 537 540 3577
3 297 298 3255
3 2226 3242 4595
3 2362 3514 3793
3 3112 2239 3585
3 2620 3647 4118
3 441 444 3304
3 2320 3489 3712
3 1978 2984 3443
3 2612 3110 4577
3 413 412 4537
3 2174 3404 4282
3 252 3713 4229
3 2336 3031 3387
3 3149 1975 4107
3 2432 3572 3840
3 2036 2879 3688
3 2421 2864 4366
3 2164 2850 3862
3 2856 1848 4171
3 2689 3445 3808
3 2857 2251 4172
3 2951 237 4250
3 62 2949 4315
3 2950 75 4314
3 2548 2915 4607
3 3116 2188 3341
3 2956 2001 3608
3 2290 2956 3608
3 3273 1993 3558
3 2864 2421 4300
3 2937 1845 3530
3 2874 2358 3779
3 1995 3449 4174
3 2916 248 3809
3 1966 3293 4352
3 3106 1938 3357
3 2263 2867 3762
3 2309 2937 3676
3 2961 2440 4242
3 1865 2850 4037
3 2913 2132 4586
3 2047 2869 4072
3 2869 2376 4072
3 3045 12 3561
3 3488 2326 3778
3 2525 3488 3778
3 2850 2298 4233
3 225 224 3268
3 240 239 3638
3 2878 2365 3948
3 227 226 3272
3 3811 2371 4038
3 219 218 3326
3 3511 2669 4263
3 3391 2599 4100
3 2447 3370 3766
3 3010 1841 3867
3 532 2927 3552
3 2928 530 3552
3 3025 2193 3521
3 2917 2255 3593
3 2992 2102 3653
3 3618 2701 4325
3 3159 2488 3844
3 3130 2472 3631
3 2057 3981 4243
3 3551 2752 4042
3 3087 1927 3375
3 3901 2677 4084
3 2473 2917 4359
3 2306 2980 3475
3 1995 3770 4341
3 3168 3091 4527
3 2874 2099 4011
3 2358 2874 4011
3 4290 2530 4463
3 2175 4028 4122
3 3404 2672 4282
3 2237 3135 3338
3 3319 4138 4541
3 2964 2489 3502
3 2862 2446 4327
3 3439 2537 4029
3 3489 2491 3712
3 3215 2960 3919
3 3188 2189 3302
3 2881 1892 3725
3 3862 1865 4372
3 2858 2637 4528
3 2653 3494 4484
3 2078 2858 3912
3 2142 2862 4128
3 3157 2437 4093
3 2463 3467 3610
3 3467 2295 3610
3 2641 3644 4434
3 3977 2700 4281
3 2555 3367 4461
3 3212 3047 4344
3 2526 2859 3951
3 3160 2042 4312
3 317 318 3289
3 2559 3795 4025
3 1954 2890 3989
3 3875 2427 4104
3 2658 3398 4556
3 1892 2901 3725
3 2218 2927 4545
3 2928 2218 4544
3 2901 2292 3725
3 2869 2414 4168
3 2524 3482 4021
3 2361 2863 4078
3 3179 1915 4276
3 2167 3010 3867
3 2263 3048 3418
3 2273 2935 3582
3 2328 3229 3465
3 3229 1985 3465
3 3126 1945 4452
3 2570 3622 4060
3 3447 1990 3486
3 3136 2050 4581
3 2891 403 4358
3 3523 2710 3959
3 2354 3631 3737
3 426 3066 4052
3 3101 2234 4488
3 3044 1854 4362
3 3019 1901 4405
3 2922 1908 3625
3 3152 3664 4523
3 260 259 3624
3 2458 2895 4375
3 2895 2186 4375
3 3283 2310 3354
3 1874 3283 3354
3 3781 2662 3806
3 2425 3781 3806
3 2315 3206 4345
3 3409 2920 4282
3 1863 2991 4483
3 2622 3136 4581
3 3776 2684 4514
3 2413 3126 3849
3 3126 2161 3849
3 262 261 3297
3 1849 3409 4244
3 3409 2672 4244
3 2089 2888 3761
3 2965 1973 3541
3 2590 3207 4330
3 3207 1914 4330
3 3036 2092 3442
3 3278 2246 4593
3 1926 3108 4338
3 3172 2589 3477
3 3108 2527 4338
3 3242 3786 4595
3 3062 2085 4054
3 324 325 3510
3 2175 3024 4028
3 2946 488 3752
3 2708 3165 3966
3 3405 2270 4570
3 2924 2097 4579
3 3143 2431 3437
3 1988 3143 3437
3 2574 3288 4185
3 4 276 3673
3 2886 2096 4140
3 2309 3312 3417
3 2391 2886 4140
3 3312 2343 3417
3 1916 2904 3814
3 2879 2036 3830
3 3073 2079 3682
3 2634 3073 3682
3 2871 2406 4144
3 2407 2872 4145
3 2626 3381 4450
3 3267 2583 4367
3 2411 3661 3705
3 3045 2515 4503
3 12 2966 3561
3 2793 3138 4432
3 2463 3211 3467
3 3211 1983 3467
3 3060 2930 4156
3 2264 3004 4209
3 2560 3255 4460
3 2883 3657 4544
3 3656 2882 4545
3 2343 3915 4561
3 1844 3224 3335
3 3683 2040 3903
3 2649 3683 3903
3 3981 2771 4243
3 2522 3071 3693
3 3059 2499 3747
3 3277 2137 4463
3 2875 2185 4019
3 3239 3546 4151
3 2921 2477 4520
3 2998 3687 4278
3 3421 2454 4307
3 3657 2261 4544
3 2260 3656 4545
3 1864 4098 4260
3 4055 2514 4071
3 2439 2895 3823
3 3068 2214 3460
3 3103 1958 3629
3 415 414 3325
3 3298 2584 3398
3 1907 3298 3398
3 2656 4067 4413
3 2127 2910 4416
3 3154 1848 3371
3 2312 2985 3558
3 2437 3853 3899
3 3224 2281 3335
3 3838 2330 4583
3 276 3140 3673
3 2290 2924 4579
3 2235 2929 3698
3 3437 2431 3839
3 2176 2908 4240
3 2376 3807 4072
3 3807 2784 4072
3 2899 1963 4299
3 2351 2939 4015
3 1892 2881 4006
3 2613 2881 4551
3 2467 4020 4482
3 3395 2495 3428
3 2216 3395 3428
3 2376 3373 3807
3 3110 303 4577
3 1952 3453 3462
3 3453 2405 3462
3 3017 1938 3523
3 4359 3238 4391
3 2336 3104 3707
3 3104 2011 3707
3 2443 3504 3897
3 1885 3844 4215
3 2934 2016 3693
3 3118 1984 3422
3 3459 2574 4185
3 433 3172 3614
3 2275 3314 4103
3 3376 1977 3466
3 2381 3376 3466
3 2501 2931 4536
3 2242 3576 3579
3 3576 2596 3579
3 3601 1921 4445
3 2093 2889 4176
3 1891 2896 4230
3 424 3804 3827
3 319 320 3642
3 2886 2391 4089
3 2923 1851 3726
3 2886 449 4084
3 2256 3274 3882
3 2468 3225 4319
3 250 3195 4353
3 2953 1942 3992
3 2479 3250 4281
3 223 3014 3944
3 3358 2273 3824
3 2069 2890 4004
3 2992 3438 4296
3 4132 2767 4154
3 2889 1967 4448
3 2926 1936 4175
3 2118 3254 4132
3 3254 2523 4132
3 3795 2385 4025
3 2006 2921 4520
3 3158 2565 4264
3 2890 2330 4004
3 2414 3302 4168
3 2006 3470 3859
3 3030 2362 3891
3 389 3878 3945
3 2246 3847 4593
3 2104 2914 4439
3 397 396 3394
3 2317 2899 4299
3 3082 2662 3781
3 1947 3082 3781
3 3370 2209 3766
3 2813 3137 3895
3 2003 2924 3751
3 279 280 3415
3 384 383 3416
3 1920 3007 3999
3 3734 2549 4377
3 2895 2439 3964
3 2583 3142 4367
3 2936 2113 3717
3 1923 3238 4359
3 2943 2058 4283
3 2449 2943 4283
3 3249 1877 3475
3 2148 2896 4071
3 3020 1971 4005
3 3133 1913 3964
3 2439 3133 3964
3 1865 2900 3924
3 2400 3020 4005
3 2292 2901 4204
3 2924 2003 4487
3 3449 2444 3450
3 2249 3449 3450
3 3585 2598 4081
3 2398 2995 4117
3 4159 3421 4307
3 2192 3441 3925
3 3441 2594 3925
3 2903 2429 4191
3 2428 2902 4190
3 403 402 4358
3 3174 2237 3389
3 3099 2441 4231
3 3537 2027 3938
3 2585 3537 3938
3 3703 2381 3743
3 3029 228 3955
3 2220 3216 3520
3 3930 2260 4545
3 2261 3929 4544
3 3624 259 4079
3 2538 4040 4263
3 1997 3380 3915
3 1861 2967 3665
3 2506 4274 4365
3 3531 2746 4177
3 3139 1863 3426
3 2571 4169 4288
3 2187 2910 4295
3 236 235 3385
3 3048 2263 3646
3 3716 1901 4411
3 2914 1957 3848
3 2904 2420 4500
3 2185 3661 4019
3 3022 2513 3604
3 2257 3288 4363
3 2361 3001 3946
3 2522 3693 3923
3 2964 1999 4465
3 2489 2964 4465
3 3174 1944 3802
3 2956 2290 4579
3 3021 2443 3574
3 3707 2011 3920
3 4316 2692 4362
3 2370 2953 3992
3 2927 3930 4545
3 3929 2928 4544
3 3658 2549 3734
3 2352 3658 3734
3 9 433 3614
3 1907 3267 4367
3 2926 2092 3798
3 3162 2166 4310
3 1925 3650 4504
3 1862 3070 3527
3 3085 2307 3662
3 1968 3085 3662
3 2316 2911 4134
3 3127 471 4087
3 2611 3166 3716
3 3166 2369 3716
3 3797 2311 3925
3 3388 1971 4221
3 3093 253 4229
3 2980 1984 3661
3 2275 3210 3504
3 3055 1932 3554
3 3170 71 3656
3 66 3169 3657
3 313 314 3407
3 2932 1991 3884
3 2284 3426 4268
3 3421 2040 3683
3 2454 3421 3683
3 2324 2932 3884
3 1909 3200 3768
3 3200 2396 3768
3 2193 3167 3521
3 1973 3281 3769
3 2256 3271 4409
3 3633 2404 4346
3 3213 2141 3879
3 238 2951 3727
3 2654 3917 4415
3 2667 4295 4335
3 2406 2962 4166
3 2963 2407 4167
3 2349 2946 3752
3 2274 3113 3486
3 3350 2490 4401
3 1956 2912 4261
3 3274 2256 4409
3 2401 2992 3653
3 3479 2665 4213
3 2920 2315 4345
3 2080 3479 4213
3 2289 2943 3794
3 2274 3486 3826
3 3001 2424 4177
3 84 83 3580
3 54 53 3581
3 3013 2114 4222
3 2229 3541 3984
3 3117 2557 3556
3 2909 1858 3991
3 1993 3463 3558
3 392 391 3692
3 3712 1878 4539
3 2760 3384 4012
3 3011 2390 4202
3 1958 2920 4345
3 1845 2937 4444
3 3039 409 4535
3 2912 2100 3961
3 3113 1947 3500
3 2281 3113 3500
3 3016 2243 3721
3 2389 3695 3981
3 3001 2077 4130
3 2424 3001 4130
3 1940 3232 3742
3 2913 2197 4205
3 2362 3793 3890
3 1972 3501 3760
3 3327 2585 4513
3 3120 2324 3685
3 2814 4431 4609
3 1872 3120 3685
3 3217 2496 4405
3 1993 3858 4126
3 2301 3229 3736
3 2911 1983 4134
3 2911 2462 4096
3 1891 3534 4055
3 3534 2614 4055
3 2161 2957 4590
3 2097 2956 4579
3 1957 2914 4095
3 2914 2372 4095
3 2304 3206 3484
3 3206 2000 3484
3 2227 3511 4263
3 3024 1842 4028
3 2079 3217 3682
3 2482 3419 3800
3 3217 2369 3682
3 2933 1904 4560
3 3419 1890 3800
3 2920 2174 4282
3 2150 3215 3598
3 3605 2612 4577
3 4074 3061 4606
3 2158 3067 3641
3 1861 3096 4136
3 2937 2309 4444
3 3415 2715 3595
3 2714 3416 3594
3 1936 2926 4139
3 425 424 3827
3 2967 2293 4437
3 2108 2929 4387
3 2917 2017 4183
3 2968 1981 3732
3 3604 2048 4067
3 2656 3604 4067
3 3939 2051 3943
3 2629 2946 4474
3 2768 3939 3943
3 2356 3413 4427
3 296 3077 3851
3 3077 2367 3851
3 2929 1929 3898
3 4437 2293 4447
3 396 395 4313
3 1931 3408 4025
3 3408 2559 4025
3 2111 2933 3892
3 1944 3389 3597
3 1998 3323 4234
3 3206 3629 4345
3 2127 3105 4324
3 3280 2107 4336
3 3783 2723 4220
3 2570 3491 3684
3 3306 3443 4399
3 2368 3146 3525
3 3305 2581 4043
3 2314 2969 4477
3 2335 3567 3733
3 3567 2505 3733
3 2434 3403 3476
3 3403 2194 3476
3 3159 2325 3636
3 2004 3159 3636
3 481 484 3399
3 3380 1997 4204
3 2381 3466 3743
3 2918 2066 4457
3 4388 2809 4552
3 3104 2336 3764
3 2118 3104 3764
3 2448 3644 3692
3 3534 2377 3916
3 3195 2535 4353
3 4018 480 4040
3 2586 4335 4582
3 2680 3420 3423
3 2197 3468 4205
3 2305 3351 3356
3 3468 2642 4205
3 2043 3129 3549
3 3351 2306 3356
3 3420 2200 3423
3 2988 2408 4120
3 1964 2988 4120
3 395 3246 4313
3 428 427 3873
3 2118 4132 4154
3 71 70 3656
3 67 66 3657
3 4093 1981 4468
3 1953 3026 3651
3 3461 2557 3606
3 3032 2342 3765
3 263 3032 3765
3 4068 2512 4135
3 2739 3492 4239
3 2288 2998 3986
3 1957 2936 4435
3 3424 2480 3815
3 2577 3393 4183
3 2061 3424 3815
3 4551 2292 4585
3 2264 3175 3463
3 2273 3582 3824
3 2070 3797 4396
3 2021 3468 4016
3 1943 3244 3967
3 2346 3082 3820
3 1880 3812 4561
3 3082 1947 3820
3 2942 2317 4299
3 2132 2942 3888
3 3391 2054 4196
3 2599 3391 4196
3 2519 3178 4331
3 2081 2953 4042
3 2953 2370 4042
3 1942 3189 3947
3 3506 2308 3626
3 2001 2956 4499
3 2286 2926 4175
3 2958 2309 4496
3 2445 3127 4087
3 1951 3048 3646
3 3362 2314 3379
3 2320 3362 3379
3 1973 2965 4564
3 3026 2417 4615
3 3653 2876 4170
3 2930 2690 4156
3 2603 3095 3833
3 3334 2177 4232
3 2292 3453 4585
3 3990 2525 4265
3 2031 3194 3627
3 3987 2479 4281
3 1997 3456 4204
3 2353 3763 3909
3 2226 2941 4329
3 390 389 3945
3 1842 3024 3762
3 2254 3172 3477
3 3468 2564 4016
3 2099 3117 3556
3 2203 2985 3760
3 3014 2318 3944
3 2309 2958 4444
3 3576 1877 3963
3 2596 3576 3963
3 2 88 3538
3 49 1 3539
3 2962 566 4166
3 495 2963 4167
3 2625 3274 4409
3 3314 2591 4103
3 3788 2550 4408
3 3505 2024 4412
3 3457 1909 4090
3 217 216 4225
3 1991 3250 4051
3 3250 2479 4051
3 4125 2442 4206
3 2974 2191 4605
3 3287 1881 4371
3 2147 3459 3922
3 2952 306 4382
3 2763 2952 4382
3 2290 3608 3609
3 3459 2522 3922
3 3608 2478 3609
3 1963 2942 4299
3 2007 2954 4423
3 3841 2941 4530
3 3516 2467 4482
3 3800 1890 4418
3 2898 3800 4418
3 1909 3768 4090
3 3768 2725 4090
3 2528 3935 3974
3 3454 2019 4491
3 2049 3276 4540
3 2569 3025 4619
3 2643 2957 4452
3 424 423 3804
3 3352 2436 4030
3 2936 1957 4095
3 2696 3681 4131
3 3681 1889 4131
3 2480 2971 3815
3 2281 3224 3447
3 3129 2285 3549
3 2151 3147 4352
3 2999 217 4225
3 2076 3951 4321
3 2958 1845 4444
3 1843 3112 3585
3 3086 1959 3628
3 3208 2116 3841
3 2365 3941 4565
3 2946 2349 3968
3 1911 2944 4294
3 2453 3321 3748
3 3687 2056 4278
3 3463 1993 4126
3 239 238 3727
3 69 68 3446
3 3026 1953 3710
3 557 560 3451
3 502 504 3452
3 1955 2982 3813
3 3471 1926 4338
3 3472 2427 3536
3 3429 2528 3974
3 2595 2945 4285
3 3455 2289 4083
3 2179 3472 3536
3 4188 1886 4337
3 1886 3429 3974
3 2219 3003 3769
3 2452 3006 3767
3 2113 3093 4339
3 3093 2486 4339
3 3175 2264 4209
3 2282 3163 3739
3 3000 2195 3777
3 2488 3234 3588
3 3234 2153 3588
3 3031 2336 3707
3 2959 1836 4432
3 2204 3114 3596
3 1910 3018 3735
3 1941 3274 4501
3 3274 2625 4501
3 3431 2442 4125
3 2594 3797 3925
3 309 310 3958
3 3373 2376 3660
3 2445 3373 3660
3 3756 2573 3758
3 2572 3755 3757
3 3755 2406 3757
3 2407 3756 3758
3 1933 3262 4207
3 2948 1951 4440
3 3434 2450 3852
3 2293 3151 3591
3 3281 1973 4564
3 2093 2944 4162
3 3113 2274 4155
3 3105 2266 4324
3 2960 2509 3919
3 389 388 3878
3 2490 3978 4401
3 2782 3782 4140
3 3830 2036 4137
3 480 481 4040
3 3903 2040 4521
3 2289 3491 4083
3 2949 519 4002
3 541 2950 4001
3 2105 2982 3842
3 3485 3107 4355
3 3192 1962 3572
3 2971 2480 4511
3 1929 2971 4511
3 3875 2696 4131
3 2310 3192 3572
3 3243 2280 3877
3 2509 2960 4390
3 2231 3239 3542
3 3047 2043 4344
3 293 294 4150
3 3255 2560 4197
3 2321 3029 3955
3 3391 2297 3785
3 430 3173 3905
3 2966 2461 4433
3 63 62 4315
3 75 74 4314
3 3187 2283 3809
3 2143 3061 4220
3 2139 2967 4437
3 2951 2105 4200
3 2019 3931 4491
3 1842 3135 3647
3 3135 2305 3647
3 3342 2287 4146
3 20 77 4303
3 60 17 4302
3 3804 2699 4009
3 2464 3804 4009
3 3221 2472 3490
3 2578 3714 4141
3 2364 3241 3912
3 3049 258 4616
3 3568 3132 4591
3 2986 1853 3864
3 3679 2130 3718
3 2517 3679 3718
3 2412 3523 3959
3 3563 3011 4202
3 3210 1958 3504
3 2868 4437 4447
3 1985 3229 3507
3 3229 2301 3507
3 253 252 4229
3 3749 1843 4081
3 3477 2589 4363
3 3464 2534 3971
3 2034 3464 3971
3 1854 2996 3852
3 3219 2311 3797
3 2786 2997 3863
3 2008 3190 3976
3 3255 298 4460
3 2419 3256 4048
3 2403 3700 4458
3 3470 2477 3471
3 435 437 4203
3 3700 2825 4458
3 2251 3470 3471
3 2205 3058 3776
3 2227 3209 3511
3 2965 2229 4333
3 2576 4001 4314
3 4002 2575 4315
3 4001 2950 4314
3 2949 4002 4315
3 3242 2332 3791
3 2675 3227 3685
3 3487 1912 4446
3 2220 3344 3680
3 2209 3057 3766
3 2570 3181 3622
3 1977 3152 3911
3 322 323 3639
3 393 392 3644
3 3178 241 4331
3 2155 3267 3897
3 3267 2443 3897
3 3151 1974 3591
3 2619 3457 4240
3 2029 3059 3753
3 3457 2176 4240
3 2985 2203 4601
3 3036 2471 4397
3 2092 3036 4397
3 2542 3457 4090
3 3365 3019 4405
3 1897 2998 4351
3 2998 2455 4351
3 2074 3130 3631
3 2579 3297 4525
3 1883 3491 4060
3 2110 3017 4033
3 3491 2570 4060
3 1999 2964 4119
3 3118 2253 3705
3 3295 2231 3542
3 3412 2301 3736
3 3766 1870 4255
3 406 405 4369
3 2166 3317 4288
3 3931 2019 4117
3 3317 2571 4288
3 2797 3652 4054
3 2973 2738 4361
3 1877 3942 4000
3 3180 2295 3701
3 3478 1886 3974
3 283 284 4374
3 477 480 4018
3 2972 2113 4339
3 4028 2620 4122
3 3731 2590 4330
3 2908 3129 4240
3 3321 2453 3882
3 1941 3321 3882
3 2032 3586 3980
3 3586 2579 3980
3 258 3049 4079
3 3356 2306 3516
3 3340 3101 4256
3 3258 2357 3850
3 437 439 3522
3 2972 2596 4320
3 2993 1941 4501
3 1982 3417 3439
3 3417 2343 3439
3 2991 2333 3998
3 1893 3519 3678
3 3091 1949 4527
3 2009 3301 3948
3 3289 318 4323
3 431 430 3905
3 2744 3254 3764
3 2416 3055 4193
3 2527 2978 4338
3 3693 2016 3923
3 3009 2337 4566
3 2977 1922 4322
3 3453 2292 3456
3 2405 3453 3456
3 3120 1872 3690
3 4073 2482 4395
3 3279 2302 3535
3 3283 2304 3484
3 3541 2510 3984
3 3163 2282 3970
3 2979 2172 4069
3 2059 3348 4602
3 1903 2973 4219
3 569 572 3594
3 490 491 3595
3 3200 2158 3641
3 3344 2220 4045
3 3042 2023 3818
3 2494 3344 4045
3 3039 2524 4021
3 2111 2991 3998
3 1912 3487 4619
3 224 223 3944
3 3542 2025 4014
3 1908 3499 4194
3 228 227 3955
3 3160 2252 3623
3 2456 3613 4245
3 2982 1955 4279
3 2994 1954 3989
3 2106 3009 4566
3 2159 2981 4135
3 2603 3833 4133
3 3912 3241 4518
3 235 234 3779
3 3017 2110 4350
3 2455 3017 4350
3 2521 3334 4232
3 2316 3122 3817
3 3172 2254 3614
3 2427 3875 4131
3 2984 1978 4173
3 3534 3916 4580
3 2323 3115 4139
3 2283 3187 3627
3 17 517 4302
3 543 20 4303
3 3187 2650 3627
3 2373 3062 4054
3 2998 1897 3986
3 2205 3776 4514
3 3460 2664 4441
3 409 408 4535
3 2528 3301 3935
3 3480 1859 4022
3 2122 3060 4156
3 2159 2999 4228
3 2999 2418 4228
3 530 532 3552
3 3880 1998 4234
3 2342 3165 3765
3 1841 3397 3867
3 3165 264 3765
3 2098 2994 4057
3 2186 3726 4375
3 3181 2104 3622
3 3412 2005 4165
3 1955 3012 4187
3 3018 2226 4595
3 3270 1884 3525
3 2217 3237 3749
3 3122 2832 4097
3 415 3325 4227
3 3001 2361 4078
3 1939 3233 3563
3 2988 1964 4186
3 2102 2992 4296
3 1981 3313 3732
3 3313 2392 3732
3 4224 2063 4486
3 2320 3379 3489
3 253 3093 4273
3 2394 3306 3596
3 3306 2204 3596
3 3223 2433 4044
3 4005 1971 4442
3 3066 425 3827
3 3008 2444 4034
3 248 247 3809
3 2075 3004 4317
3 2077 3001 4078
3 2099 3012 4011
3 2327 3133 3939
3 2399 3341 3625
3 244 243 3739
3 3418 1979 3626
3 3270 2416 3893
3 3078 1960 3816
3 2496 3217 4241
3 3217 2079 4241
3 3799 1915 4515
3 3007 1920 4386
3 3005 2126 4365
3 3024 2466 4270
3 1970 3279 3535
3 3215 2568 3598
3 1867 3292 4031
3 285 286 4562
3 2303 3192 3632
3 3917 2038 3959
3 2710 3917 3959
3 3194 2283 3627
3 2455 2998 4278
3 1903 3022 4572
3 3592 1906 4153
3 2628 3592 4153
3 561 563 3583
3 497 499 3584
3 3000 1919 4163
3 3003 2267 4143
3 488 16 3752
3 2418 2999 4225
3 3169 2261 3657
3 2260 3170 3656
3 2063 3691 4486
3 2761 3049 4616
3 2179 3324 4272
3 3202 2350 4279
3 3324 2554 4272
3 3953 2679 4109
3 3236 2661 4304
3 2823 3498 4245
3 553 555 3589
3 505 508 3590
3 3137 2297 4100
3 3028 2106 4566
3 3006 2452 4174
3 3461 1881 4099
3 2557 3461 4099
3 3013 2335 4082
3 3074 1985 4179
3 2423 3074 4179
3 3028 2337 4008
3 2287 3566 4146
3 2451 3140 4064
3 3140 275 4064
3 3436 2154 4481
3 2248 3357 4058
3 3475 1877 4000
3 3009 2106 4347
3 3206 2304 3629
3 2442 3328 4206
3 3015 2374 4310
3 2396 3200 3641
3 2345 3295 3542
3 409 3039 4021
3 2417 3026 4554
3 3253 2020 3831
3 3435 2015 3988
3 2535 3435 3988
3 3061 2422 4220
3 3033 1942 3952
3 3012 2339 4187
3 304 305 3605
3 391 3161 3692
3 2337 3028 4566
3 3284 2230 3554
3 2326 3143 3778
3 3143 1988 3778
3 2167 3867 4415
3 3157 2402 3975
3 2071 3157 3975
3 289 290 4127
3 3294 2505 3567
3 1850 3294 3567
3 3312 2309 3676
3 2513 3022 4492
3 4245 3613 4498
3 1889 3536 4131
3 3095 2010 3833
3 2216 3020 4073
3 1924 3075 4113
3 3527 2322 3839
3 3243 2003 4157
3 3273 3558 4601
3 1940 3028 4008
3 3180 2368 3866
3 3125 1866 4404
3 3357 2484 4058
3 2785 3035 4587
3 3260 1916 3814
3 2466 3024 4470
3 3024 2175 4470
3 2243 3228 3721
3 3379 1986 3489
3 3059 2029 4578
3 2499 3059 4578
3 3027 1934 4507
3 2390 3018 4595
3 3377 2374 3973
3 2559 3364 3795
3 3150 2513 4492
3 3018 2390 4211
3 1982 3299 4496
3 2189 3098 4077
3 3098 2497 4077
3 2313 3402 3836
3 2009 3180 3701
3 3122 2024 3817
3 1987 3356 3516
3 1944 3062 4059
3 3062 2373 4059
3 315 3158 4264
3 2294 3547 3735
3 3020 2216 4221
3 2451 3162 4378
3 3145 2117 4563
3 2256 3882 4239
3 2549 3266 4377
3 3266 2184 4377
3 3049 2104 4598
3 2299 3145 4563
3 3587 2561 4493
3 2266 3257 4324
3 3044 2235 4348
3 3290 2356 4038
3 3832 3162 4310
3 2461 3095 4433
3 2661 3039 4535
3 2086 3571 4381
3 3571 2697 4381
3 3330 2809 4388
3 3207 2590 3753
3 271 270 3792
3 3061 1928 4606
3 2240 3316 3562
3 3026 2153 4554
3 236 3385 4250
3 3088 2352 3913
3 2398 3112 3847
3 1910 3635 4530
3 3031 2457 4559
3 3163 244 3739
3 3399 484 4403
3 2554 3309 4272
3 4431 1962 4609
3 2075 3264 4361
3 3046 2182 4529
3 3297 261 4525
3 2619 3047 4065
3 2137 3037 4463
3 2860 3800 4613
3 2106 3028 4286
3 3028 1940 4389
3 3095 2461 4459
3 267 266 3672
3 2340 3717 4320
3 2566 4388 4552
3 3184 1852 4198
3 3052 2205 4514
3 3103 2155 3897
3 2125 3150 4492
3 465 468 3677
3 1960 3100 3909
3 3667 2341 3990
3 4182 2635 4256
3 2013 3477 4363
3 2423 3907 4031
3 2231 3361 3546
3 2347 4062 4412
3 1989 3065 4048
3 3304 444 4505
3 3493 2383 3620
3 2401 3493 3620
3 3754 1847 3784
3 2531 3754 3784
3 1899 3193 3808
3 2470 3332 4519
3 2023 3042 4420
3 2469 3078 4592
3 2123 3045 4178
3 286 3344 4562
3 2213 3146 3790
3 1866 3155 4404
3 3227 1872 3685
3 2315 3409 3910
3 3072 2401 4170
3 1897 3072 4170
3 284 285 3720
3 2311 3190 3925
3 4194 2728 4531
3 3728 2347 4412
3 3071 1905 4030
3 3362 2320 3738
3 3148 2347 3868
3 2187 3148 3868
3 3115 1936 4139
3 3247 2057 4034
3 2444 3247 4034
3 3192 2303 4609
3 3219 1896 3876
3 2235 3044 4362
3 20 545 3886
3 515 17 3887
3 3348 2604 4602
3 2157 3063 4114
3 3333 2398 4117
3 4063 2751 4284
3 2115 3064 4108
3 310 311 3695
3 3165 2342 3966
3 3281 2779 3769
3 1963 3953 4109
3 2352 3088 4127
3 2269 3276 3649
3 3309 2835 4272
3 2050 4074 4581
3 2215 3140 4235
3 412 411 3704
3 3385 2546 4250
3 3140 2451 4235
3 3724 1885 4215
3 3378 2217 3749
3 3063 2157 4147
3 3804 2464 3827
3 3429 1886 4451
3 3101 1930 4256
3 2648 3238 3697
3 3117 2099 4436
3 2476 3117 4436
3 3678 2757 4476
3 3069 1874 4512
3 3997 2820 4578
3 2588 4041 4113
3 258 257 4616
3 2458 3065 4424
3 3065 1989 4424
3 3064 1851 4195
3 3143 2326 3831
3 2340 3259 4435
3 3324 1990 3738
3 3111 2467 3942
3 2261 3230 3929
3 3231 2260 3930
3 3570 2238 4422
3 1860 3226 4017
3 3226 2802 4017
3 2121 3066 4257
3 3303 1986 4477
3 3499 2540 4194
3 2498 3624 4079
3 3130 2074 4464
3 2421 3086 4061
3 2489 3130 4464
3 2529 3342 4347
3 3472 1975 4104
3 3251 2529 4111
3 3065 2115 4506
3 2749 3251 4111
3 2349 3722 4374
3 3438 2524 4296
3 2039 3331 3746
3 2325 3310 3636
3 1886 3478 4337
3 2500 3878 4121
3 3878 2721 4121
3 2368 3503 3518
3 3503 2365 3518
3 401 400 4032
3 3258 1839 3775
3 2357 3258 3775
3 326 327 3715
3 3417 1982 4496
3 3263 2640 3688
3 3095 2109 4433
3 3907 2657 4515
3 3366 2561 3587
3 2253 3174 3802
3 282 283 3722
3 3407 314 4264
3 2565 3407 4264
3 3133 2327 4164
3 3481 2031 3970
3 3609 2478 3796
3 1873 3609 3796
3 3206 2315 4102
3 3075 1924 4472
3 3078 2469 4509
3 2160 3078 4509
3 2416 3401 3773
3 3401 2030 3773
3 2220 3680 4597
3 2634 3545 4565
3 493 495 4167
3 566 567 4166
3 3088 289 4127
3 2110 3072 4350
3 3072 1897 4351
3 3144 2329 4085
3 1980 3162 3832
3 3256 1989 4048
3 3232 2264 3742
3 3092 2002 4599
3 216 3983 4225
3 3144 2142 4128
3 2814 3575 4431
3 1990 3362 3738
3 4284 2698 4293
3 3878 2500 3945
3 4512 2577 4526
3 3087 2157 4582
3 1939 3242 3791
3 3137 2534 3895
3 3833 2474 4133
3 4277 2966 4433
3 3080 1864 4260
3 3659 2484 3787
3 2382 3659 3787
3 3389 2308 3597
3 2381 3861 4483
3 247 3187 3809
3 1914 3207 4349
3 1990 3324 3826
3 2790 3079 4357
3 2288 3382 3883
3 449 452 4084
3 3125 2144 4309
3 1894 3102 4103
3 2318 3268 3944
3 3330 1885 4133
3 2474 3330 4133
3 328 4 4271
3 3253 2767 4132
3 2964 3365 4119
3 1997 3312 3676
3 2503 3480 4022
3 2630 3481 4163
3 2321 3272 3746
3 3272 2709 3746
3 3806 2662 4206
3 3092 2161 4334
3 3382 1969 3883
3 264 263 3765
3 3089 2716 4349
3 2498 4079 4598
3 4079 3049 4598
3 214 7 4516
3 2486 3093 4229
3 3501 2291 4379
3 2631 3501 4379
3 2109 4277 4433
3 3108 2410 4123
3 1886 4188 4451
3 2563 3304 4505
3 254 253 4273
3 3855 2023 4420
3 3205 2520 3904
3 2010 3095 4459
3 2038 3917 3936
3 3917 2654 3936
3 2332 3645 3791
3 50 49 4467
3 88 87 4466
3 3611 2003 3877
3 1986 3379 4477
3 1930 3101 4488
3 3094 1852 4291
3 3272 2321 3955
3 259 258 4079
3 2337 3213 3879
3 3516 2306 4000
3 2573 3415 3595
3 3416 2572 3594
3 3497 2039 3940
3 2291 3569 3759
3 3152 2287 3911
3 1993 3273 3733
3 3273 2335 3733
3 3292 2423 4031
3 3360 2076 3741
3 3132 2201 3979
3 3884 1991 4051
3 2675 3884 4051
3 3254 2118 3764
3 1966 3147 3946
3 1956 3771 3900
3 3771 2592 3900
3 3120 2228 4105
3 3177 2120 4301
3 1988 3437 4226
3 1947 3113 4155
3 3242 1939 3786
3 3248 214 4516
3 2543 3122 4097
3 2845 3388 4221
3 2244 3255 4197
3 3681 2696 3933
3 215 214 4340
3 3931 2447 4255
3 2789 3931 4255
3 3419 2482 4073
3 3557 2005 3736
3 2969 3303 4477
3 3200 1909 4065
3 2520 3671 3904
3 3671 1879 3904
3 3107 2119 4355
3 3464 2034 4110
3 2515 3464 4110
3 3935 2462 3974
3 3753 2590 4124
3 2460 3208 3841
3 3173 2366 3905
3 3242 2226 3914
3 2252 3160 4312
3 304 3605 4577
3 452 454 3901
3 2683 3252 4088
3 4288 3015 4310
3 2166 4288 4310
3 2331 3358 3859
3 3112 1843 4593
3 2067 4063 4284
3 2562 3906 4026
3 2355 3198 3870
3 273 272 4558
3 3161 390 3945
3 2917 3593 4359
3 3222 2159 4228
3 2011 3215 3919
3 2033 3235 4061
3 3235 2421 4061
3 1896 3219 4607
3 3219 2548 4607
3 2394 3596 3843
3 517 3654 4302
3 3655 543 4303
3 3361 2231 4522
3 2643 4452 4553
3 2597 3361 4522
3 2268 3461 3606
3 1906 3834 4153
3 4227 3325 4573
3 3834 2690 4153
3 2175 3448 4470
3 2282 3481 3970
3 3119 421 4583
3 214 3248 4340
3 1921 4217 4445
3 4217 3034 4445
3 2201 3132 4594
3 1917 3114 4473
3 4094 2399 4456
3 2120 3177 4618
3 1881 3461 4181
3 3348 2696 3875
3 2440 3339 4286
3 3426 2284 4529
3 545 3196 3886
3 3197 515 3887
3 2639 3271 4069
3 1884 3270 3893
3 2650 3163 3970
3 2422 3860 4022
3 1902 3225 3854
3 2387 3231 4258
3 3230 2386 4259
3 2253 3396 3705
3 2554 3324 3738
3 417 3305 4112
3 3305 2456 4112
3 3190 2192 3925
3 295 296 3851
3 2181 3301 4419
3 292 293 3896
3 3301 2528 4419
3 2317 3260 3814
3 272 271 4429
3 2025 3239 4408
3 3239 2502 4408
3 405 404 3857
3 2126 3828 3921
3 3828 2588 3921
3 3144 1866 4075
3 2347 3148 4062
3 3273 2203 3962
3 1887 3137 4100
3 1969 3141 4086
3 2311 3219 3876
3 3613 2035 4039
3 2536 3613 4039
3 1866 3144 4085
3 2538 4018 4040
3 2307 3706 3854
3 1969 3515 3883
3 3249 2340 3963
3 3331 2321 3746
3 3785 2297 4615
3 3189 2272 3947
3 3232 2735 4317
3 2268 3444 4181
3 3741 2586 4114
3 256 255 3872
3 3310 2325 4407
3 1913 3133 4164
3 3240 2182 4357
3 1970 3535 3615
3 3535 2409 3615
3 1964 3150 4186
3 3150 2426 4186
3 2502 3239 4151
3 3129 2619 4240
3 1975 3149 4104
3 2300 3125 4404
3 3461 2268 4181
3 2329 3144 4128
3 3573 3092 4334
3 2356 3599 4038
3 3857 2388 4369
3 3127 2445 4301
3 2571 3792 4169
3 3792 2664 4169
3 1979 3506 3626
3 2297 3391 4100
3 536 537 4258
3 523 525 4259
3 4253 1925 4504
3 3076 4253 4504
3 3703 2518 3861
3 3268 2318 3940
3 3190 2311 3976
3 2033 3703 3743
3 3152 1977 4543
3 2334 3360 3741
3 3299 2958 4496
3 3914 2226 4329
3 3396 2411 3705
3 3591 1974 3869
3 2003 3243 3877
3 3341 2399 4094
3 3599 2356 3600
3 2431 3599 3600
3 525 3230 4259
3 3231 536 4258
3 3500 1947 3781
3 2425 3500 3781
3 3844 2488 4215
3 2029 3753 4124
3 2396 3615 3643
3 3615 2409 3643
3 4155 2274 4528
3 471 473 4087
3 3486 1990 3826
3 2342 3340 3966
3 3132 2375 4594
3 388 387 4115
3 3132 1871 4591
3 3266 292 3896
3 3607 1988 4226
3 2358 3385 3779
3 3136 2622 4238
3 2350 3269 3954
3 3130 2489 4465
3 2472 3130 4421
3 2562 3424 3906
3 2497 3177 4547
3 3177 1994 4547
3 3247 2389 3981
3 2057 3247 3981
3 3194 2517 3999
3 3638 2475 3969
3 2519 3638 3969
3 3392 2597 3777
3 2195 3392 3777
3 3394 2397 4571
3 1885 3724 4133
3 3476 1892 4292
3 3724 2603 4133
3 3025 3521 4619
3 410 409 4021
3 2426 3226 4141
3 3226 1860 4141
3 2416 3773 3893
3 2078 3912 4518
3 2467 3516 4000
3 3763 2072 4476
3 2757 3763 4476
3 3425 2339 4099
3 3134 1861 4510
3 308 309 4047
3 2479 3744 4262
3 3201 2047 4010
3 2332 3242 3914
3 2145 3141 4275
3 2402 3157 4468
3 2141 3264 3879
3 3771 1956 4570
3 3544 2341 4567
3 2334 3310 4538
3 2402 3378 3749
3 2445 3177 4301
3 2484 3659 4058
3 2564 3642 4016
3 3642 2471 4016
3 272 3317 4558
3 1842 3647 4028
3 2669 3337 4010
3 290 3658 4127
3 3772 2728 4410
3 2085 3772 4410
3 2363 3222 4455
3 3651 3026 4615
3 77 76 4303
3 61 60 4302
3 3346 2244 3840
3 3274 1941 3882
3 3491 2289 3684
3 7 432 3960
3 3170 2387 4248
3 2386 3169 4249
3 3519 2319 3678
3 3924 2382 4575
3 3269 2190 3899
3 519 521 4002
3 540 541 4001
3 2005 3412 3736
3 2539 3487 4446
3 3306 2394 3937
3 1978 3306 3937
3 2563 3485 4355
3 3642 320 4462
3 2043 3549 4568
3 2627 4005 4442
3 3162 1980 4378
3 411 3482 3704
3 3482 2379 3704
3 2556 3637 4541
3 2305 3356 4118
3 1943 3241 4383
3 2336 3387 4617
3 2348 3433 4109
3 2368 3525 3866
3 1974 3369 3846
3 3364 2101 3795
3 4056 2816 4283
3 2058 4056 4283
3 549 551 3995
3 510 512 3996
3 2266 3243 4157
3 3244 2262 3967
3 3787 2056 4575
3 2384 3152 4543
3 2544 4147 4291
3 1862 3600 4427
3 2287 3152 4523
3 2594 3865 4396
3 1986 3494 4589
3 2147 3161 4438
3 3494 2653 4589
3 2189 3188 4138
3 3317 272 4429
3 2365 3503 3948
3 3385 235 3779
3 1867 3175 4209
3 2003 3751 4157
3 2819 3960 4584
3 4074 2760 4581
3 407 3236 4304
3 2104 3181 4598
3 3181 2498 4598
3 2559 3408 3818
3 3360 2334 4538
3 2377 3900 3916
3 2087 3750 4549
3 3750 2758 4549
3 2018 3474 4068
3 3900 2592 3916
3 3474 2636 4068
3 3345 2419 4506
3 2709 3268 3940
3 3702 2457 3920
3 2509 3702 3920
3 1908 4194 4531
3 2540 3436 4481
3 1877 3249 3963
3 3501 2631 3760
3 3177 2497 4618
3 2561 3154 4493
3 3713 2486 4229
3 3268 224 3944
3 3264 2973 4361
3 2000 3206 4102
3 1955 3202 4279
3 3731 2485 4124
3 2590 3731 4124
3 2718 3914 4329
3 458 459 4503
3 2006 3358 3824
3 3393 2577 4512
3 1874 3393 4512
3 2592 3155 4414
3 2054 3391 3785
3 3218 2201 4594
3 3159 2004 4611
3 2488 3159 4611
3 2363 3309 4091
3 2615 4188 4337
3 2341 3667 4567
3 2417 3184 4198
3 427 426 4052
3 220 219 4532
3 227 3272 3955
3 3960 2819 4602
3 3161 2147 4612
3 3269 1876 3954
3 2486 3713 3988
3 3713 2535 3988
3 3365 2496 4119
3 2177 4106 4232
3 4106 2810 4232
3 3466 2380 3743
3 3004 3232 4317
3 2637 3820 4155
3 3820 1947 4155
3 2359 3390 4060
3 1992 3166 4380
3 2153 3184 4554
3 3276 2269 4540
3 86 85 4247
3 52 51 4246
3 275 274 4064
3 462 463 4066
3 1999 3490 4421
3 2335 3273 3962
3 2390 3786 4202
3 1920 3674 4386
3 3674 2659 4386
3 3372 2348 4243
3 3549 2645 4568
3 1975 3222 4107
3 3245 1867 4031
3 3718 2338 3719
3 2517 3718 3719
3 2480 3198 4511
3 3198 1929 4511
3 2397 3405 4261
3 3167 2766 4542
3 3302 1994 4168
3 454 3311 3901
3 3861 2518 4268
3 2669 4010 4306
3 2362 3890 3891
3 3890 2613 3891
3 3822 2511 4508
3 2483 3796 4116
3 3367 2377 4461
3 1884 3610 3866
3 3282 2420 4195
3 3377 2547 4218
3 3761 2355 4610
3 2851 3377 4218
3 2599 4196 4297
3 3328 1996 4206
3 2756 4199 4372
3 3842 2350 4285
3 2770 3168 4527
3 2246 3411 3847
3 3411 2398 3847
3 2033 3743 4384
3 3358 2006 3859
3 3301 2009 3935
3 3171 2219 4553
3 2244 3410 3840
3 3312 1997 3915
3 3479 2346 3991
3 2152 3348 3875
3 3867 2621 4415
3 3487 2569 4619
3 2350 3842 4279
3 2672 3409 4282
3 2071 3788 3825
3 3788 2502 3825
3 418 417 4112
3 3356 1987 4118
3 1915 3179 4515
3 3444 2052 4574
3 2605 3444 4574
3 3881 2137 4092
3 2759 3982 4305
3 2635 3881 4092
3 4041 1924 4113
3 3369 2487 3846
3 2355 3801 4610
3 3906 2463 4026
3 3717 2340 4435
3 3544 2421 4366
3 3960 432 4584
3 3246 2397 4313
3 3873 2507 4223
3 2686 3873 4223
3 3381 2626 3910
3 1849 3381 3910
3 4546 3031 4559
3 3190 2008 4325
3 3612 1898 4343
3 2618 3612 4343
3 3216 2602 4342
3 2359 3622 4439
3 3695 2389 3958
3 444 445 4505
3 3184 2417 4554
3 2473 4359 4391
3 3982 2470 4305
3 3680 2633 4597
3 1884 3893 4026
3 3252 2567 4088
3 1976 3485 3782
3 3485 2391 3782
3 3724 2351 4015
3 231 230 4513
3 2604 3960 4602
3 3402 2010 3836
3 3834 2521 4489
3 3445 1899 3808
3 3433 2565 3888
3 1962 3192 4609
3 2367 3346 4431
3 3874 2531 4184
3 3932 1888 4328
3 2751 3932 4328
3 3754 2531 3874
3 3810 2371 3811
3 2523 3810 3811
3 3410 2432 3840
3 3218 2089 4252
3 1994 3302 4547
3 2067 4284 4293
3 3708 2436 3774
3 3496 2022 4169
3 2664 3496 4169
3 2523 3253 4132
3 3225 2468 4370
3 1992 3518 4565
3 1929 3198 4524
3 1850 4546 4559
3 2602 3540 4105
3 416 415 4227
3 3397 2621 3867
3 2008 3976 4480
3 3382 2652 4275
3 4216 2772 4494
3 2421 3235 4300
3 1888 4007 4385
3 3480 2173 4603
3 2811 3480 4603
3 2614 4149 4287
3 3881 2635 4182
3 1930 4182 4256
3 2646 3212 4344
3 3211 2450 4373
3 1983 3211 4373
3 473 3373 4087
3 237 236 4250
3 3691 2611 4411
3 3340 2055 3966
3 3894 2341 4366
3 3545 1992 4565
3 2511 4053 4508
3 2008 3618 4325
3 3454 2294 4211
3 3384 2772 4216
3 2454 3261 4308
3 3261 2068 4308
3 314 315 4264
3 1841 3428 4318
3 399 398 4267
3 1981 3378 4468
3 3055 3554 4193
3 2288 3883 4199
3 1980 3386 4378
3 2456 3305 4043
3 2388 3740 4086
3 2050 3860 4074
3 3469 1961 4050
3 3313 2190 4101
3 2202 3427 4210
3 3427 2481 4210
3 3045 3561 4178
3 3949 2512 4068
3 2636 3949 4068
3 3741 2076 4321
3 3520 3216 4342
3 3247 2444 4341
3 408 407 4304
3 3619 2501 4536
3 3235 2150 4300
3 3299 1982 4502
3 3384 2180 4012
3 2385 3280 4336
3 318 319 4323
3 2327 3458 3855
3 3719 1920 3999
3 2517 3719 3999
3 3302 2189 4077
3 241 240 4331
3 1891 4230 4461
3 2375 3568 4387
3 3216 2220 4597
3 3222 1975 4455
3 1993 3733 3858
3 3733 2505 3858
3 2385 3483 4025
3 251 250 4353
3 2666 3497 4217
3 3410 2012 4013
3 2588 3828 4041
3 2432 3410 4013
3 2672 3404 3934
3 421 420 4583
3 3404 2028 3934
3 1880 3377 3973
3 1971 3659 4442
3 3860 2503 4022
3 4443 2725 4490
3 306 307 4382
3 2030 3870 4360
3 2846 3315 4252
3 484 485 4403
3 2318 3497 3940
3 2264 3463 4126
3 1879 3414 3904
3 3309 1878 4091
3 2406 3755 4144
3 3756 2407 4145
3 2370 3992 3993
3 3992 2774 3993
3 3409 1849 3910
3 3017 3523 4033
3 53 52 4426
3 85 84 4425
3 3313 1981 4093
3 270 269 4441
3 3424 2061 3906
3 2258 3261 4237
3 3872 255 4550
3 298 299 4460
3 4009 2008 4480
3 3250 2184 4281
3 3942 2467 4000
3 3582 2483 3824
3 1851 3282 4195
3 2392 3313 4101
3 3238 2160 4391
3 3728 2543 3729
3 2347 3728 3729
3 2377 3534 4461
3 261 260 4525
3 3241 2364 4383
3 2004 3234 4611
3 3234 2488 4611
3 255 254 4550
3 3233 2550 4548
3 303 304 4577
3 2100 4536 4571
3 432 431 4584
3 3798 2323 4139
3 287 288 4614
3 3893 2562 4026
3 3664 2384 4560
3 3294 2457 4555
3 3723 2348 4109
3 2379 3438 4392
3 2220 3520 4045
3 2569 3487 4475
3 3487 2146 4475
3 3326 2512 4532
3 3520 2685 4045
3 219 3326 4532
3 2615 3505 3984
3 3505 2229 3984
3 3848 2359 4439
3 3950 2781 4231
3 3265 2719 4269
3 1862 3527 3839
3 3428 2495 4318
3 3758 493 4167
3 567 3757 4166
3 3794 1930 4488
3 2711 3794 4488
3 3241 2508 4518
3 2758 3750 4392
3 3331 2588 4113
3 2184 3250 4377
3 4199 2504 4372
3 4138 2556 4541
3 2019 3333 4117
3 2431 3600 3839
3 3600 1862 3839
3 2437 3899 4093
3 3645 2550 3791
3 4010 2047 4306
3 1875 3488 3894
3 3772 2085 4456
3 2427 3472 4104
3 3525 1884 3866
3 3783 2422 4022
3 3661 2411 4019
3 2604 3248 4516
3 2624 3553 3864
3 3664 2681 4523
3 3577 2387 4258
3 2386 3578 4259
3 3837 1996 4044
3 3515 2504 3883
3 3259 1957 4435
3 2002 3347 4458
3 4067 2048 4184
3 2713 4067 4184
3 2435 3708 3774
3 2040 3421 4076
3 3286 1871 4311
3 2397 3961 4571
3 1924 3780 4472
3 3780 2688 4472
3 3624 2498 3980
3 2579 3624 3980
3 1840 3342 4146
3 3271 2062 4409
3 269 3460 4441
3 3491 1883 4083
3 3978 2028 4552
3 2345 3542 4014
3 3701 2295 4096
3 2435 4075 4309
3 2586 3741 4321
3 3419 2400 4159
3 3035 3420 4587
3 2400 3421 4159
3 2809 3978 4552
3 2391 3709 4089
3 3373 2445 4087
3 3858 2438 4126
3 3394 396 4313
3 481 3399 4040
3 2272 3287 4371
3 3288 2013 4363
3 3388 2248 4058
3 2672 3934 4244
3 3406 401 4032
3 2759 3473 3982
3 3934 2490 4244
3 2012 3668 4013
3 3819 2346 3820
3 3668 2787 4013
3 2637 3819 3820
3 3293 2693 4352
3 2854 3387 4546
3 3927 2428 4190
3 2429 3928 4191
3 3390 1883 4060
3 3629 1958 4345
3 2539 3591 3869
3 2298 3469 4233
3 3323 2271 4234
3 3803 2415 4485
3 1977 3376 4543
3 2396 3643 4490
3 3723 2057 4243
3 3282 2489 4464
3 3347 2002 4189
3 2393 3517 4469
3 2203 3273 4601
3 2438 3858 3885
3 3858 2505 3885
3 2457 3294 4559
3 3503 2009 3948
3 2397 3394 4313
3 2267 3429 4451
3 2698 3846 4293
3 3634 2476 4478
3 3298 1907 4367
3 3610 1884 4026
3 2463 3610 4026
3 3581 53 4426
3 84 3580 4425
3 3473 1896 3982
3 2230 3401 4193
3 4536 2931 4571
3 2501 3619 4148
3 3619 2041 4148
3 1843 3278 4593
3 319 3642 4323
3 3642 2564 4323
3 4035 2583 4526
3 2395 3469 4050
3 2476 3634 3938
3 3634 2585 3938
3 2635 3340 4256
3 2699 3618 4009
3 3618 2008 4009
3 3353 2215 4453
3 3378 2402 4468
3 2440 3343 4242
3 1877 3576 3942
3 2009 3701 3935
3 3701 2462 3935
3 2115 3345 4506
3 3421 2400 4076
3 2306 3475 4000
3 3822 2474 3957
3 2511 3822 3957
3 3536 2427 4131
3 4020 2623 4482
3 2348 3723 4243
3 2384 3892 4560
3 2231 3295 4522
3 3575 2367 4431
3 3300 2476 4436
3 3294 1850 4559
3 2176 3457 4517
3 3457 2542 4517
3 2620 3965 4122
3 3965 2460 4122
3 2580 4216 4494
3 271 3792 4429
3 2204 3306 4399
3 1940 3343 4389
3 3604 2513 4280
3 3526 1849 4244
3 2490 3526 4244
3 1982 3436 4502
3 2476 3300 4478
3 2541 3323 4346
3 2504 3862 4372
3 1881 3425 4099
3 1894 3310 4407
3 4005 2627 4076
3 2400 4005 4076
3 2399 3625 4531
3 2236 3318 4376
3 3806 1996 4398
3 2294 3735 4211
3 3483 1931 4025
3 2591 3956 4495
3 3856 2599 4297
3 3738 2320 4539
3 3303 2176 4517
3 2731 3607 4226
3 2664 3792 4441
3 3792 270 4441
3 3433 1963 4109
3 2609 3455 4083
3 3601 2252 4312
3 2448 3692 4612
3 1885 3330 4388
3 2381 3703 3861
3 3898 2375 4387
3 2571 3317 4429
3 3420 1911 4587
3 2728 3772 4531
3 2901 3380 4204
3 3876 2532 3976
3 2311 3876 3976
3 1996 3837 4398
3 2536 4039 4385
3 4039 2750 4385
3 2293 3591 4447
3 2771 3372 4243
3 3874 2048 4280
3 3310 1894 4538
3 2645 3549 4236
3 3768 2396 4490
3 2180 3384 4216
3 2262 3621 3967
3 3621 2617 3967
3 3513 2703 4253
3 3344 2494 4562
3 3343 2440 4389
3 3825 2502 3853
3 1890 3419 4159
3 2215 3386 4453
3 3401 2416 4193
3 3742 2264 4126
3 3523 2412 4033
3 3332 2131 4519
3 2695 3694 4148
3 2048 3604 4280
3 2007 3319 4541
3 3691 2063 4485
3 2611 3691 4485
3 3386 2215 4235
3 2936 3717 4435
3 2048 3874 4184
3 2378 3555 4007
3 2884 4591 4600
3 51 3509 4246
3 3508 86 4247
3 2082 3350 4401
3 2002 3560 4189
3 2269 3650 4540
3 2558 3570 4423
3 3570 2007 4423
3 3325 2193 4573
3 1899 3744 3987
3 3744 2479 3987
3 3346 1962 4431
3 3410 2244 4197
3 2679 3723 4109
3 2002 4458 4599
3 2020 3811 4038
3 2734 4274 4354
3 2005 4027 4165
3 4027 2651 4165
3 2756 3687 4199
3 2488 3588 4215
3 3588 2351 4215
3 2653 4049 4589
3 3961 2397 4261
3 2453 3748 3880
3 3387 3031 4546
3 3347 2403 4458
3 2393 3754 3874
3 3748 1998 3880
3 76 3655 4303
3 3654 61 4302
3 3613 2456 4043
3 2035 3613 4043
3 3498 418 4112
3 2456 3498 4112
3 2877 3678 4476
3 2036 3688 4620
3 3823 1989 4251
3 2825 3849 4599
3 2370 3551 4042
3 3550 308 4047
3 2364 3681 3933
3 3444 2605 4181
3 3506 1979 4094
3 3688 2640 4620
3 3932 2751 4063
3 3565 2317 4500
3 2448 3923 4434
3 3483 2385 4336
3 3405 1956 4261
3 3524 2093 4162
3 2394 3936 3937
3 3936 2654 3937
3 2459 3524 4162
3 3667 2792 4567
3 2496 3365 4405
3 2718 3829 3914
3 3829 2332 3914
3 3566 2780 4146
3 3456 2292 4204
3 2725 3768 4490
3 2471 3368 4397
3 2494 4045 4266
3 4045 2685 4266
3 2437 3825 3853
3 2495 3395 4499
3 3395 2001 4499
3 3989 2378 4057
3 2994 3989 4057
3 3750 2379 4392
3 3772 2399 4531
3 3773 2562 3893
3 3437 2322 4226
3 3915 2547 4561
3 4149 2064 4287
3 2444 3449 4341
3 2390 3454 4211
3 2462 3701 4096
3 3963 2340 4320
3 387 3532 4115
3 3554 2230 4193
3 3591 2539 4447
3 3599 2020 4038
3 2448 3922 3923
3 3646 2263 4270
3 3922 2522 3923
3 3022 3604 4572
3 3604 2656 4572
3 3368 2471 4462
3 3426 1863 4268
3 310 3695 3958
3 4023 2729 4417
3 2587 4023 4417
3 3658 2352 4127
3 3919 2509 3920
3 2011 3919 3920
3 2144 3708 4309
3 3561 2966 4277
3 3630 2514 4287
3 2064 3630 4287
3 3762 3024 4270
3 3469 2395 4233
3 3624 2579 4525
3 260 3624 4525
3 3993 2774 4574
3 2052 3993 4574
3 2095 3667 3990
3 2419 4048 4506
3 2350 3954 4285
3 4307 2454 4308
3 2843 4307 4308
3 2117 4201 4563
3 4201 2853 4563
3 3647 2620 4028
3 1843 3585 4081
3 4196 2527 4297
3 2736 4053 4430
3 3490 2472 4421
3 4053 1898 4430
3 3379 2314 4477
3 1985 3507 4179
3 2001 3395 4395
3 1879 3671 4238
3 3386 2434 4453
3 3533 2918 4457
3 3922 2448 4612
3 2452 3529 4174
3 3495 2026 4305
3 2470 3495 4305
3 1863 3861 4268
3 3638 2519 4331
3 240 3638 4331
3 3529 1995 4174
3 2480 3424 4360
3 1967 3603 4448
3 2424 3531 4177
3 3546 1876 4151
3 3652 2373 4054
3 2599 3856 4254
3 2459 3971 3972
3 3971 2534 3972
3 2235 3698 4348
3 2434 3476 4292
3 2637 4155 4528
3 3984 2510 4188
3 2615 3984 4188
3 2536 3555 4498
3 3555 2069 4498
3 3937 2654 4332
3 1978 3937 4332
3 3432 1847 4479
3 2487 3432 4479
3 1890 4307 4418
3 4307 2843 4418
3 3492 2256 4239
3 3640 1933 4393
3 2533 3640 4393
3 437 3522 4203
3 3860 2050 4003
3 2503 3860 4003
3 2450 3434 4373
3 3498 2456 4245
3 4107 3222 4228
3 3449 1995 4341
3 3814 2904 4500
3 2446 3603 4327
3 2881 3725 4551
3 4274 2506 4354
3 3635 2175 4122
3 2460 3635 4122
3 1939 3563 4202
3 1987 3965 4118
3 4192 2526 4569
3 3835 2515 4110
3 2606 3835 4110
3 3438 1965 4392
3 3078 3816 4592
3 3512 1946 4236
3 3602 2555 4230
3 2896 3602 4230
3 4012 2622 4581
3 2760 4012 4581
3 3561 2545 4178
3 3443 2852 4399
3 2603 3724 4015
3 2481 3427 4473
3 3427 1917 4473
3 3696 2858 4528
3 3387 2107 4617
3 2474 3833 3957
3 3833 2010 3957
3 2931 3394 4571
3 3792 2571 4429
3 3883 2504 4199
3 4591 1871 4600
3 2309 3417 4496
3 2081 4443 4490
3 3699 2641 4434
3 2016 3699 4434
3 2675 4051 4262
3 2469 3543 4509
3 1956 3405 4570
3 3478 2316 4337
3 3448 2466 4470
3 2065 3686 4454
3 2613 4551 4585
3 2513 3517 4280
3 2884 3568 4591
3 4055 2614 4287
3 2297 3651 4615
3 3436 2540 4502
3 2849 3633 4201
3 1952 3462 4428
3 3873 427 4052
3 2507 3873 4052
3 3634 231 4513
3 2402 3749 4081
3 1859 3783 4022
3 3954 2595 4285
3 4458 2825 4599
3 2294 3454 4491
3 3727 2951 4200
3 2199 4276 4534
3 4276 2846 4534
3 3670 2386 4249
3 2387 3669 4248
3 3800 2898 4613
3 3470 2006 4520
3 1918 3520 4342
3 2401 3653 4170
3 2596 3963 4320
3 3979 2465 4311
3 2317 3814 4500
3 2545 3561 4277
3 431 3905 4584
3 52 4246 4426
3 4247 85 4425
3 537 3577 4258
3 3578 523 4259
3 3835 458 4503
3 3453 1952 4585
3 4246 2798 4426
3 2799 4247 4425
3 2284 3628 4269
3 2525 3778 4265
3 3778 1988 4265
3 3694 2501 4148
3 2700 3987 4281
3 2819 4046 4602
3 2477 3470 4520
3 4046 2059 4602
3 3934 2028 3978
3 445 3709 4505
3 3694 399 4267
3 2501 3694 4267
3 3865 1860 4017
3 2485 3865 4017
3 3761 2888 4524
3 3853 2502 4151
3 2747 4192 4569
3 2464 3663 4257
3 3828 2430 4041
3 3714 2426 4141
3 2466 3646 4270
3 2341 3544 4366
3 2521 3834 4180
3 3834 1906 4180
3 2438 3742 4126
3 3962 2628 4082
3 2335 3962 4082
3 2457 3702 4555
3 3852 2450 4316
3 2433 3837 4044
3 2490 3934 3978
3 3683 2649 4237
3 3903 2395 4050
3 2554 3738 4539
3 3977 2717 4596
3 2103 3977 4596
3 2674 3573 4334
3 3687 2288 4199
3 3519 2674 4454
3 3386 4235 4378
3 2447 3766 4255
3 3495 2470 4519
3 3680 287 4614
3 3517 1964 4469
3 2633 3680 4614
3 2737 3601 4312
3 3521 3167 4542
3 1912 3521 4542
3 3603 2446 4448
3 1987 3516 4482
3 3489 1986 4589
3 2681 3533 4457
3 3534 1891 4461
3 3796 2478 4116
3 1951 3646 4440
3 3538 88 4466
3 49 3539 4467
3 2730 3770 4608
3 3608 2001 4326
3 2478 3608 4326
3 3568 2108 4387
3 3786 2390 4595
3 3663 2121 4257
3 3751 2815 4157
3 2316 3817 4337
3 3817 2615 4337
3 3662 2307 4370
3 3603 2329 4327
3 3735 3018 4211
3 2374 3832 4310
3 3593 1923 4359
3 3782 2391 4140
3 2649 3903 4050
3 3860 2422 4074
3 3949 220 4532
3 1876 3853 4151
3 3837 2671 4398
3 3757 2406 4166
3 2407 3758 4167
3 2926 3798 4139
3 2475 3727 4200
3 3518 2365 4565
3 2420 4108 4195
3 3916 2073 4580
3 3302 4077 4547
3 4290 2755 4402
3 2351 3724 4215
3 4350 3072 4351
3 2455 4350 4351
3 3558 2985 4601
3 2769 4318 4368
3 4318 2495 4368
3 2404 3789 4346
3 3789 2541 4346
3 2729 4023 4510
3 2614 3534 4580
3 3521 1912 4619
3 3622 2104 4439
3 3529 2265 4608
3 2017 4035 4183
3 4035 2577 4183
3 3686 2065 4533
3 2408 3932 4063
3 2760 4074 4606
3 1959 3544 4567
3 2420 3565 4500
3 2530 4290 4402
3 1861 4136 4510
3 4136 2729 4510
3 2319 3686 4592
3 3600 2356 4427
3 4286 3028 4389
3 2440 4286 4389
3 4098 2655 4224
3 2728 4194 4481
3 2471 3642 4462
3 2450 4024 4316
3 3786 1939 4202
3 2003 3611 4487
3 3882 2453 4239
3 3635 2460 4530
3 2116 4160 4208
3 2468 3662 4370
3 4160 2624 4208
3 2291 3759 4379
3 3759 2847 4379
3 3066 3827 4257
3 2422 3783 4220
3 2646 4344 4568
3 2415 3790 4380
3 3708 2435 4309
3 3726 2458 4375
3 2535 3713 4353
3 3713 251 4353
3 1996 3806 4206
3 4188 2510 4451
3 3611 2533 4487
3 1854 3852 4316
3 3698 2600 4348
3 3613 2536 4498
3 2485 3731 4396
3 3646 2466 4440
3 3827 2464 4257
3 2566 3844 4388
3 3844 1885 4388
3 4143 2267 4451
3 2263 3762 4270
3 4149 2614 4400
3 3965 2620 4118
3 3659 2382 4442
3 4232 2810 4489
3 2585 3634 4513
3 1890 4159 4307
3 3643 2081 4490
3 2581 4227 4573
3 3625 1908 4531
3 2449 3881 4182
3 3729 2543 4507
3 1934 3729 4507
3 2593 3691 4411
3 2739 3880 4234
3 2532 3663 4480
3 2439 3823 4251
3 2493 4224 4486
3 3916 2592 4414
3 2073 3916 4414
3 1989 3823 4424
3 3722 283 4374
3 2497 3612 4618
3 4053 2511 4343
3 2494 3720 4562
3 3650 2775 4540
3 2500 3745 4438
3 2734 4080 4274
3 3976 2532 4480
3 2069 4245 4498
3 2089 3761 4610
3 3691 2593 4486
3 3854 3225 4370
3 3743 2380 4384
3 3856 2551 4254
3 3731 2070 4396
3 3816 2319 4592
3 1904 3664 4560
3 2307 3854 4370
3 2024 3728 4412
3 3931 2789 4491
3 4062 2610 4412
3 2040 4076 4521
3 3842 2982 4279
3 4120 2777 4469
3 1964 4120 4469
3 2469 3686 4533
3 3891 2613 4585
3 1952 3891 4585
3 3983 2418 4225
3 3836 2010 4459
3 2274 3696 4528
3 3961 2100 4571
3 3985 2439 4251
3 2580 3985 4251
3 3709 2563 4505
3 3846 2487 4293
3 3745 2147 4438
3 2053 3856 4297
3 2673 4029 4604
3 4029 2049 4604
3 3865 2485 4396
3 3686 2469 4592
3 3702 2060 4555
3 4263 2669 4306
3 2538 4263 4306
3 2441 3950 4231
3 2028 3805 4552
3 3805 2566 4552
3 2502 3788 4408
3 2320 3712 4539
3 4400 2614 4580
3 3692 3161 4612
3 2734 4354 4588
3 2399 3772 4456
3 2106 4111 4347
3 2425 3806 4398
3 1914 4349 4356
3 4349 2716 4356
3 3720 285 4562
3 3161 3945 4438
3 420 3838 4583
3 2395 4037 4233
3 3725 2292 4551
3 2912 3961 4261
3 2550 3788 4548
3 3788 2071 4548
3 405 3857 4369
3 4037 2850 4233
3 2929 3898 4387
3 7 3960 4516
3 3960 2604 4516
3 4108 3064 4195
3 2380 3908 4384
3 3908 2608 4384
3 2460 3841 4530
3 4076 2627 4521
3 2082 3822 4508
3 3892 2933 4560
3 2063 3803 4485
3 4173 1978 4332
3 2621 4173 4332
3 4273 2740 4550
3 254 4273 4550
3 2493 4098 4224
3 2665 4212 4213
3 4212 2516 4213
3 4051 2479 4262
3 2418 4107 4228
3 4049 2653 4588
3 2042 4049 4588
3 2914 3848 4439
3 2526 3951 4495
3 2329 4128 4327
3 4128 2862 4327
3 3956 2526 4495
3 3945 2500 4438
3 2382 3787 4575
3 2000 4102 4449
3 4102 2626 4449
3 4328 1888 4385
3 2750 4328 4385
3 4354 2042 4588
3 4298 2646 4568
3 2526 3956 4569
3 2515 3835 4503
3 3812 2343 4561
3 2514 4055 4287
3 2417 3785 4615
3 4080 1855 4274
3 4024 2692 4316
3 3861 1863 4483
3 3978 2809 4401
3 3801 2826 4610
3 3847 3112 4593
3 3923 2016 4434
3 2553 4422 4430
3 4422 2736 4430
3 4158 2755 4290
3 1898 4053 4343
3 2149 4070 4413
3 4070 2738 4413
3 2124 4212 4471
3 4212 2665 4471
3 4344 2043 4568
3 3985 2580 4494
3 2051 3985 4494
3 1857 4158 4290
3 4088 2567 4400
3 4111 2529 4347
3 2446 4176 4448
3 2946 3968 4474
3 3951 2076 4495
3 3968 2045 4474
3 2512 3949 4532
3 2073 4088 4400
3 2147 3922 4612
3 2567 4149 4400
3 3956 2044 4569
3 4421 3130 4465
3 1999 4421 4465
3 4332 2654 4415
3 4048 3065 4506
3 4053 2736 4508
3 4321 2667 4335
3 2577 4035 4526
3 2029 3997 4578
3 4235 2451 4378
3 2510 4143 4451
3 2593 4137 4486
3 2586 4321 4335
3 2157 4114 4582
3 4176 2889 4448
3 4137 2493 4486
3 4077 2497 4547
3 4194 2540 4481
3 4114 2586 4582
3 4393 2837 4406
3 2689 4449 4450
3 4449 2626 4450
3 4402 2755 4604
3 2049 4402 4604
3 2521 4232 4489
3 2621 4332 4415
3 4150 2830 4596
3 2533 4393 4406
3 2539 4446 4447
3 4446 2868 4447
3 2717 4150 4596
3 408 4304 4535
3 4304 2661 4535
3 2073 4400 4580
3 4557 2747 4569
3 2044 4557 4569
3 4334 2161 4590
3 2674 4334 4590
3 4484 2734 4588
3 2645 4298 4568
3 2658 4556 4557
3 4556 2747 4557
3 2653 4484 4588
3 4672 580 4676
3 4671 577 4673
3 4853 4665 4849
3 582 4853 4849
3 4852 4666 4848
3 575 4852 4848
3 4860 4675 4669
3 4848 4669 4675
3 4858 4672 4676
3 4858 4676 630
3 4857 4671 4673
3 4857 4673 92
3 4848 4675 574
3 4675 4860 585
3 4859 4674 4668
3 4674 4859 137
3 630 4676 24
3 4676 579 24
3 4676 580 579
3 4673 578 0
3 92 4673 0
3 574 4675 573
3 4675 585 23
3 583 4674 584
3 573 4675 23
3 584 4674 3
3 4673 577 578
3 4674 137 3
3 4672 4851 580
3 4851 581 580
3 4671 4850 577
3 4850 576 577
3 4670 4858 4856
3 4858 629 4856
3 4667 4857 4855
3 4857 93 4855
3 4849 4668 4674
3 582 4849 583
3 4849 4674 583
3 575 4848 574
3 586 4860 4866
3 4860 4669 4866
3 4859 4668 4854
3 136 4859 4854
3 629 4858 630
3 93 4857 92
3 4860 586 585
3 4859 136 137
3 4951 4762 4763
3 4955 4763 4762
3 4866 4669 4845
3 4866 587 586
3 4854 4844 4865
3 135 4854 4865
3 5026 4663 4839
3 4663 5025 4758
3 5026 4662 4663
3 4662 5025 4663
3 4847 4864 4853
3 4864 4665 4853
3 4677 4864 4862
3 4864 4664 4862
3 4678 4863 4861
3 4863 4623 4861
3 4948 4759 4908
3 134 4948 4908
3 4951 4763 4764
3 4764 4950 4951
3 4950 589 4951
3 4951 589 588
3 4871 4683 4869
3 96 4871 4869
3 4766 4945 4946
3 4945 590 4946
3 4873 4687 4872
3 98 4873 4872
3 4770 4943 4944
3 4943 592 4944
3 4838 4941 4940
3 4941 626 4940
3 4836 4940 4939
3 4940 625 4939
3 4834 4939 4938
3 4939 624 4938
3 4832 4938 4937
3 4938 623 4937
3 4830 4937 4936
3 4937 622 4936
3 4828 4936 4935
3 4936 621 4935
3 4826 4935 4934
3 4935 620 4934
3 4824 4934 4933
3 4934 619 4933
3 4822 4933 4932
3 4933 618 4932
3 4820 4932 4931
3 4932 617 4931
3 4818 4931 4930
3 4931 616 4930
3 4816 4930 4929
3 4930 615 4929
3 4814 4929 4928
3 4929 614 4928
3 4812 4928 4927
3 4928 613 4927
3 4810 4927 4926
3 4927 612 4926
3 4808 4926 4925
3 4926 611 4925
3 4806 4925 4924
3 4925 610 4924
3 4804 4924 4923
3 4924 609 4923
3 4802 4923 4922
3 4923 608 4922
3 4800 4922 4921
3 4922 607 4921
3 4798 4921 4920
3 4921 606 4920
3 4796 4920 4919
3 4920 605 4919
3 4794 4919 4918
3 4919 604 4918
3 4792 4918 4917
3 4918 603 4917
3 4790 4917 4916
3 4917 602 4916
3 4788 4916 4915
3 4916 601 4915
3 4786 4915 4914
3 4915 600 4914
3 4784 4914 4913
3 4914 599 4913
3 4782 4913 4912
3 4913 598 4912
3 4780 4912 4911
3 4912 597 4911
3 4778 4911 4910
3 4911 596 4910
3 4776 4910 4909
3 4910 595 4909
3 4774 4909 4942
3 4909 594 4942
3 4908 4757 4907
3 133 4908 4907
3 4907 4755 4906
3 132 4907 4906
3 4906 4753 4905
3 131 4906 4905
3 4905 4751 4904
3 130 4905 4904
3 4904 4749 4903
3 129 4904 4903
3 4903 4747 4902
3 128 4903 4902
3 4902 4745 4901
3 127 4902 4901
3 4901 4743 4900
3 126 4901 4900
3 4900 4741 4899
3 125 4900 4899
3 4899 4739 4898
3 124 4899 4898
3 4898 4737 4897
3 123 4898 4897
3 4897 4735 4896
3 122 4897 4896
3 4896 4733 4895
3 121 4896 4895
3 4895 4731 4894
3 120 4895 4894
3 4894 4729 4893
3 119 4894 4893
3 4893 4727 4892
3 118 4893 4892
3 4892 4725 4891
3 117 4892 4891
3 4891 4723 4890
3 116 4891 4890
3 4890 4721 4889
3 115 4890 4889
3 4889 4719 4888
3 114 4889 4888
3 4888 4717 4887
3 113 4888 4887
3 4887 4715 4886
3 112 4887 4886
3 4886 4713 4885
3 111 4886 4885
3 4885 4711 4884
3 110 4885 4884
3 4884 4709 4883
3 109 4884 4883
3 4883 4707 4882
3 108 4883 4882
3 4882 4705 4881
3 107 4882 4881
3 4881 4703 4880
3 106 4881 4880
3 4880 4701 4879
3 105 4880 4879
3 4879 4699 4878
3 104 4879 4878
3 4878 4697 4877
3 103 4878 4877
3 4877 4695 4876
3 102 4877 4876
3 4664 4864 4847
3 4665 4864 4677
3 4876 4693 4875
3 101 4876 4875
3 4623 4863 4846
3 4666 4863 4678
3 4875 4691 4874
3 100 4875 4874
3 4622 4862 4841
3 5024 4662 4837
3 4862 4664 4841
3 4862 4622 4677
3 4662 5023 4756
3 5024 4661 4662
3 4861 4623 4679
3 4861 4621 4678
3 4664 4670 4843
3 4670 4664 4847
3 4943 4772 4942
3 593 4943 4942
3 4945 4768 4944
3 591 4945 4944
3 4685 4871 4872
3 4871 97 4872
3 4661 5023 4662
3 5022 4661 4835
3 4672 4858 4670
3 4671 4857 4667
3 4661 5021 4754
3 4670 4856 4843
3 628 4856 629
3 5022 4660 4661
3 4667 4855 4842
3 94 4855 93
3 4660 5021 4661
3 4689 4873 4874
3 4873 99 4874
3 5020 4660 4833
3 4854 4668 4844
3 4854 135 136
3 4853 581 4847
3 4660 5019 4752
3 581 4853 582
3 4852 576 4846
3 5020 4659 4660
3 576 4852 575
3 581 4851 4847
3 4670 4851 4672
3 4851 4670 4847
3 576 4850 4846
3 4667 4850 4671
3 4850 4667 4846
3 4668 4849 4665
3 4659 5019 4660
3 4669 4848 4666
3 5018 4659 4831
3 4659 5017 4750
3 4666 4845 4669
3 4845 4666 4678
3 5018 4658 4659
3 4665 4844 4668
3 4844 4665 4677
3 4658 5017 4659
3 4664 4843 4841
3 5016 4658 4829
3 4623 4842 4679
3 4658 5015 4748
3 5016 4657 4658
3 4657 5015 4658
3 5014 4657 4827
3 4657 5013 4746
3 5014 4656 4657
3 4656 5013 4657
3 5012 4656 4825
3 4656 5011 4744
3 5012 4655 4656
3 4655 5011 4656
3 5010 4655 4823
3 4655 5009 4742
3 5010 4654 4655
3 4654 5009 4655
3 5008 4654 4821
3 4654 5007 4740
3 5008 4653 4654
3 4653 5007 4654
3 5006 4653 4819
3 4653 5005 4738
3 5006 4652 4653
3 4652 5005 4653
3 5004 4652 4817
3 4652 5003 4736
3 5004 4651 4652
3 4651 5003 4652
3 5002 4651 4815
3 4651 5001 4734
3 5002 4650 4651
3 4650 5001 4651
3 5000 4650 4813
3 4650 4999 4732
3 5000 4649 4650
3 4649 4999 4650
3 4998 4649 4811
3 4649 4997 4730
3 4998 4648 4649
3 4648 4997 4649
3 4996 4648 4809
3 4648 4995 4728
3 4996 4647 4648
3 4647 4995 4648
3 4994 4647 4807
3 4647 4993 4726
3 4994 4646 4647
3 4646 4993 4647
3 4992 4646 4805
3 4646 4991 4724
3 4992 4645 4646
3 4645 4991 4646
3 4990 4645 4803
3 4645 4989 4722
3 4990 4644 4645
3 4644 4989 4645
3 4988 4644 4801
3 4644 4987 4720
3 4988 4643 4644
3 4643 4987 4644
3 4986 4643 4799
3 4643 4985 4718
3 4986 4642 4643
3 4642 4985 4643
3 4984 4642 4797
3 4642 4983 4716
3 4984 4641 4642
3 4641 4983 4642
3 4982 4641 4795
3 4641 4981 4714
3 4982 4640 4641
3 4640 4981 4641
3 4980 4640 4793
3 4640 4979 4712
3 4980 4639 4640
3 4639 4979 4640
3 4978 4639 4791
3 4639 4977 4710
3 4978 4638 4639
3 4638 4977 4639
3 4976 4638 4789
3 4638 4975 4708
3 4976 4637 4638
3 4637 4975 4638
3 4974 4637 4787
3 4637 4973 4706
3 4974 4636 4637
3 4636 4973 4637
3 4972 4636 4785
3 4636 4971 4704
3 4972 4635 4636
3 4635 4971 4636
3 4970 4635 4783
3 4635 4969 4702
3 4970 4634 4635
3 4634 4969 4635
3 4968 4634 4781
3 4634 4967 4700
3 4968 4633 4634
3 4633 4967 4634
3 4966 4633 4779
3 4633 4965 4698
3 4966 4632 4633
3 4632 4965 4633
3 4964 4632 4777
3 4632 4963 4696
3 4964 4631 4632
3 4631 4963 4632
3 4962 4631 4775
3 4631 4961 4694
3 4962 4630 4631
3 4630 4961 4631
3 4960 4630 4773
3 4630 5027 4692
3 4629 5027 4630
3 4960 4629 4630
3 4959 4629 4771
3 4629 5028 4690
3 4628 5028 4629
3 4959 4628 4629
3 4958 4628 4769
3 4628 5029 4688
3 4627 5029 4628
3 4958 4627 4628
3 4957 4627 4767
3 4627 5030 4686
3 4626 5030 4627
3 4957 4626 4627
3 4956 4626 4765
3 4626 5031 4684
3 4625 5031 4626
3 4956 4625 4626
3 4955 4625 4763
3 4625 5032 4682
3 4624 5032 4625
3 4625 4955 4624
3 4868 4843 4856
3 4841 4868 4840
3 4868 4841 4843
3 628 4868 4856
3 4870 4842 4855
3 94 4870 4855
3 4952 4680 4624
3 4621 4952 4624
3 4949 4681 4867
3 4867 4680 4679
3 4680 4867 4681
3 95 4949 4867
3 4759 5035 4758
3 5035 4663 4758
3 4663 5035 4622
3 4840 4954 4841
3 4954 4622 4841
3 4622 4954 4663
3 5033 4761 4951
3 4762 4951 4761
3 588 5033 4951
3 4840 4947 4941
3 4839 4941 4838
3 4941 4839 4840
3 4947 627 4941
3 4869 4682 4681
3 4682 4869 4683
3 4908 4758 4757
3 4758 4908 4759
3 4765 4946 4764
3 4946 4765 4766
3 4623 4667 4842
3 4871 4684 4683
3 4684 4871 4685
3 4667 4623 4846
3 4868 628 627
3 4767 4945 4766
3 4945 4767 4768
3 96 4869 95
3 4872 4686 4685
3 4686 4872 4687
3 4769 4944 4768
3 4944 4769 4770
3 4679 4870 4867
3 4873 4688 4687
3 4688 4873 4689
3 4870 4679 4842
3 4870 94 4867
3 4771 4943 4770
3 4943 4771 4772
3 97 4871 96
3 4874 4690 4689
3 4690 4874 4691
3 4773 4942 4772
3 4942 4773 4774
3 4875 4692 4691
3 4692 4875 4693
3 4837 4940 4836
3 4940 4837 4838
3 4835 4939 4834
3 4939 4835 4836
3 4833 4938 4832
3 4938 4833 4834
3 4831 4937 4830
3 4937 4831 4832
3 4829 4936 4828
3 4936 4829 4830
3 4827 4935 4826
3 4935 4827 4828
3 4825 4934 4824
3 4934 4825 4826
3 4823 4933 4822
3 4933 4823 4824
3 4821 4932 4820
3 4932 4821 4822
3 4819 4931 4818
3 4931 4819 4820
3 4817 4930 4816
3 4930 4817 4818
3 4815 4929 4814
3 4929 4815 4816
3 4813 4928 4812
3 4928 4813 4814
3 4811 4927 4810
3 4927 4811 4812
3 4809 4926 4808
3 4926 4809 4810
3 4807 4925 4806
3 4925 4807 4808
3 4805 4924 4804
3 4924 4805 4806
3 4803 4923 4802
3 4923 4803 4804
3 4801 4922 4800
3 4922 4801 4802
3 4799 4921 4798
3 4921 4799 4800
3 4797 4920 4796
3 4920 4797 4798
3 4795 4919 4794
3 4919 4795 4796
3 4793 4918 4792
3 4918 4793 4794
3 4791 4917 4790
3 4917 4791 4792
3 4789 4916 4788
3 4916 4789 4790
3 4787 4915 4786
3 4915 4787 4788
3 4785 4914 4784
3 4914 4785 4786
3 4783 4913 4782
3 4913 4783 4784
3 4781 4912 4780
3 4912 4781 4782
3 4779 4911 4778
3 4911 4779 4780
3 4777 4910 4776
3 4910 4777 4778
3 4775 4909 4774
3 4909 4775 4776
3 4907 4756 4755
3 4756 4907 4757
3 4906 4754 4753
3 4754 4906 4755
3 4905 4752 4751
3 4752 4905 4753
3 4904 4750 4749
3 4750 4904 4751
3 4903 4748 4747
3 4748 4903 4749
3 4902 4746 4745
3 4746 4902 4747
3 4901 4744 4743
3 4744 4901 4745
3 4900 4742 4741
3 4742 4900 4743
3 4899 4740 4739
3 4740 4899 4741
3 4898 4738 4737
3 4738 4898 4739
3 4897 4736 4735
3 4736 4897 4737
3 4896 4734 4733
3 4734 4896 4735
3 4895 4732 4731
3 4732 4895 4733
3 4894 4730 4729
3 4730 4894 4731
3 4893 4728 4727
3 4728 4893 4729
3 4892 4726 4725
3 4726 4892 4727
3 4891 4724 4723
3 4724 4891 4725
3 4890 4722 4721
3 4722 4890 4723
3 4889 4720 4719
3 4720 4889 4721
3 4888 4718 4717
3 4718 4888 4719
3 4887 4716 4715
3 4716 4887 4717
3 4886 4714 4713
3 4714 4886 4715
3 4885 4712 4711
3 4712 4885 4713
3 4884 4710 4709
3 4710 4884 4711
3 4883 4708 4707
3 4708 4883 4709
3 4882 4706 4705
3 4706 4882 4707
3 4881 4704 4703
3 4704 4881 4705
3 4880 4702 4701
3 4702 4880 4703
3 4879 4700 4699
3 4700 4879 4701
3 4878 4698 4697
3 4698 4878 4699
3 4877 4696 4695
3 4696 4877 4697
3 4876 4694 4693
3 4694 4876 4695
3 4681 5032 4680
3 5032 4624 4680
3 4624 4955 4762
3 4760 4948 4865
3 4948 135 4865
3 4683 5031 4682
3 5031 4625 4682
3 4956 4764 4763
3 4625 4956 4763
3 4685 5030 4684
3 5030 4626 4684
3 4957 4766 4765
3 4626 4957 4765
3 4687 5029 4686
3 5029 4627 4686
3 4958 4768 4767
3 4627 4958 4767
3 4689 5028 4688
3 5028 4628 4688
3 4691 5027 4690
3 5027 4629 4690
3 5026 4838 4837
3 4662 5026 4837
3 4757 5025 4756
3 5025 4662 4756
3 5024 4836 4835
3 4661 5024 4835
3 4755 5023 4754
3 5023 4661 4754
3 5022 4834 4833
3 4660 5022 4833
3 4753 5021 4752
3 5021 4660 4752
3 5020 4832 4831
3 4659 5020 4831
3 4751 5019 4750
3 5019 4659 4750
3 5018 4830 4829
3 4658 5018 4829
3 4749 5017 4748
3 5017 4658 4748
3 5016 4828 4827
3 4657 5016 4827
3 4747 5015 4746
3 5015 4657 4746
3 5014 4826 4825
3 4656 5014 4825
3 4745 5013 4744
3 5013 4656 4744
3 5012 4824 4823
3 4655 5012 4823
3 4743 5011 4742
3 5011 4655 4742
3 5010 4822 4821
3 4654 5010 4821
3 4741 5009 4740
3 4622 4760 4677
3 5009 4654 4740
3 5008 4820 4819
3 4653 5008 4819
3 4739 5007 4738
3 5007 4653 4738
3 5006 4818 4817
3 4652 5006 4817
3 4762 4621 4624
3 4737 5005 4736
3 5005 4652 4736
3 5004 4816 4815
3 4651 5004 4815
3 4735 5003 4734
3 5003 4651 4734
3 5002 4814 4813
3 4650 5002 4813
3 4733 5001 4732
3 5001 4650 4732
3 5000 4812 4811
3 4649 5000 4811
3 4731 4999 4730
3 4999 4649 4730
3 4998 4810 4809
3 4648 4998 4809
3 4729 4997 4728
3 4997 4648 4728
3 4996 4808 4807
3 4647 4996 4807
3 4727 4995 4726
3 4995 4647 4726
3 4994 4806 4805
3 4646 4994 4805
3 4725 4993 4724
3 4993 4646 4724
3 4677 4865 4844
3 4865 4677 4760
3 4992 4804 4803
3 587 4866 4761
3 4678 4866 4845
3 4866 4678 4761
3 4645 4992 4803
3 4723 4991 4722
3 4991 4645 4722
3 4990 4802 4801
3 4644 4990 4801
3 4721 4989 4720
3 4989 4644 4720
3 4988 4800 4799
3 4643 4988 4799
3 95 4867 94
3 4719 4987 4718
3 4987 4643 4718
3 4986 4798 4797
3 4642 4986 4797
3 4717 4985 4716
3 4985 4642 4716
3 4984 4796 4795
3 4641 4984 4795
3 4715 4983 4714
3 4983 4641 4714
3 4982 4794 4793
3 4640 4982 4793
3 4713 4981 4712
3 4981 4640 4712
3 4980 4792 4791
3 4639 4980 4791
3 4711 4979 4710
3 4979 4639 4710
3 4978 4790 4789
3 4638 4978 4789
3 4709 4977 4708
3 4977 4638 4708
3 4976 4788 4787
3 4637 4976 4787
3 4707 4975 4706
3 4975 4637 4706
3 4974 4786 4785
3 4636 4974 4785
3 4705 4973 4704
3 4973 4636 4704
3 4972 4784 4783
3 4635 4972 4783
3 4703 4971 4702
3 4971 4635 4702
3 4970 4782 4781
3 4634 4970 4781
3 4701 4969 4700
3 4969 4634 4700
3 4968 4780 4779
3 4633 4968 4779
3 4699 4967 4698
3 4967 4633 4698
3 4966 4778 4777
3 4632 4966 4777
3 4697 4965 4696
3 4965 4632 4696
3 4964 4776 4775
3 4631 4964 4775
3 4695 4963 4694
3 4963 4631 4694
3 4962 4774 4773
3 4630 4962 4773
3 4693 4961 4692
3 4961 4630 4692
3 4960 4772 4771
3 4629 4960 4771
3 4959 4770 4769
3 4628 4959 4769
3 5035 4759 4760
3 4622 5035 4760
3 4666 5034 4863
3 4846 5034 4852
3 5034 4846 4863
3 5034 4666 4852
3 4761 5033 587
3 5033 588 587
3 5032 4681 4682
3 5031 4683 4684
3 5030 4685 4686
3 5029 4687 4688
3 5028 4689 4690
3 5027 4691 4692
3 4838 5026 4839
3 5025 4757 4758
3 4836 5024 4837
3 5023 4755 4756
3 4834 5022 4835
3 5021 4753 4754
3 4832 5020 4833
3 5019 4751 4752
3 4830 5018 4831
3 5017 4749 4750
3 4828 5016 4829
3 5015 4747 4748
3 4826 5014 4827
3 5013 4745 4746
3 4824 5012 4825
3 5011 4743 4744
3 4822 5010 4823
3 5009 4741 4742
3 4820 5008 4821
3 5007 4739 4740
3 4818 5006 4819
3 5005 4737 4738
3 4816 5004 4817
3 5003 4735 4736
3 4814 5002 4815
3 5001 4733 4734
3 4812 5000 4813
3 4999 4731 4732
3 4810 4998 4811
3 4997 4729 4730
3 4808 4996 4809
3 4995 4727 4728
3 4806 4994 4807
3 4993 4725 4726
3 4804 4992 4805
3 4991 4723 4724
3 4802 4990 4803
3 4989 4721 4722
3 4800 4988 4801
3 4987 4719 4720
3 4798 4986 4799
3 4985 4717 4718
3 4796 4984 4797
3 4983 4715 4716
3 4794 4982 4795
3 4981 4713 4714
3 4792 4980 4793
3 4979 4711 4712
3 4790 4978 4791
3 4977 4709 4710
3 4788 4976 4789
3 4975 4707 4708
3 4786 4974 4787
3 4973 4705 4706
3 4784 4972 4785
3 4971 4703 4704
3 4782 4970 4783
3 4969 4701 4702
3 4780 4968 4781
3 4967 4699 4700
3 4778 4966 4779
3 4965 4697 4698
3 4776 4964 4777
3 4963 4695 4696
3 4774 4962 4775
3 4961 4693 4694
3 4772 4960 4773
3 4770 4959 4771
3 4768 4958 4769
3 4766 4957 4767
3 4764 4956 4765
3 4954 4840 4839
3 4663 4954 4839
3 4953 4621 4762
3 4953 4761 4678
3 4761 4953 4762
3 4621 4953 4678
3 4952 4621 4861
3 4952 4679 4680
3 4679 4952 4861
3 589 4950 4946
3 4950 4764 4946
3 98 4872 97
3 99 4873 98
3 100 4874 99
3 101 4875 100
3 102 4876 101
3 103 4877 102
3 104 4878 103
3 105 4879 104
3 4949 95 4869
3 4681 4949 4869
3 4759 4948 4760
3 135 4948 134
3 627 4947 4868
3 4947 4840 4868
3 4946 590 589
3 4945 591 590
3 4944 592 591
3 4943 593 592
3 4942 594 593
3 4941 627 626
3 4940 626 625
3 4939 625 624
3 4938 624 623
3 4937 623 622
3 4936 622 621
3 4935 621 620
3 4934 620 619
3 4933 619 618
3 4932 618 617
3 4931 617 616
3 4930 616 615
3 4929 615 614
3 4928 614 613
3 4927 613 612
3 4926 612 611
3 4925 611 610
3 4924 610 609
3 4923 609 608
3 4922 608 607
3 4921 607 606
3 4920 606 605
3 4919 605 604
3 4918 604 603
3 4917 603 602
3 4916 602 601
3 4915 601 600
3 4914 600 599
3 4913 599 598
3 4912 598 597
3 4911 597 596
3 4910 596 595
3 4909 595 594
3 134 4908 133
3 133 4907 132
3 132 4906 131
3 131 4905 130
3 130 4904 129
3 129 4903 128
3 128 4902 127
3 127 4901 126
3 126 4900 125
3 125 4899 124
3 124 4898 123
3 123 4897 122
3 122 4896 121
3 121 4895 120
3 120 4894 119
3 119 4893 118
3 118 4892 117
3 117 4891 116
3 116 4890 115
3 115 4889 114
3 114 4888 113
3 113 4887 112
3 112 4886 111
3 111 4885 110
3 110 4884 109
3 109 4883 108
3 108 4882 107
3 107 4881 106
3 106 4880 105
3 641 5111 5113
3 5110 635 5112
3 5105 5379 5375
3 5379 639 5375
3 5378 5104 5374
3 633 5378 5374
3 5115 5385 5109
3 5109 5375 5115
3 5111 5383 5113
3 5113 5383 210
3 5382 5110 5112
3 5382 5112 141
3 5115 5375 638
3 5385 5115 712
3 5384 5114 5108
3 5114 5384 643
3 642 5113 5
3 5113 210 5
3 5115 638 637
3 5112 636 6
3 141 5112 6
3 632 5114 631
3 712 5115 26
3 641 5113 642
3 5115 637 26
3 5114 643 25
3 5112 635 636
3 631 5114 25
3 5377 5111 641
3 640 5377 641
3 5110 5376 635
3 5376 634 635
3 5383 5107 5381
3 209 5383 5381
3 5106 5382 5380
3 5382 142 5380
3 5374 5108 5114
3 5375 639 638
3 5374 5114 632
3 633 5374 632
3 5383 209 210
3 142 5382 141
3 711 5385 712
3 5384 644 643
3 5523 5245 5246
3 5527 5246 5245
3 5639 5102 5366
3 5102 5638 5241
3 5639 5101 5102
3 5101 5638 5102
3 5389 5373 5379
3 5105 5389 5379
3 5389 5117 5387
3 5103 5389 5387
3 5116 5388 5386
3 5388 5038 5386
3 5642 5396 5122
3 5521 709 5514
3 5523 5246 5247
3 5247 5522 5523
3 5522 647 5523
3 5523 647 646
3 5121 5394 5396
3 145 5396 5394
3 5248 5518 5519
3 5518 648 5519
3 5396 5642 5121
3 147 5398 5397
3 5251 5516 5517
3 5516 650 5517
3 5365 5514 5513
3 5514 708 5513
3 5363 5513 5512
3 5513 707 5512
3 5361 5512 5511
3 5512 706 5511
3 5359 5511 5510
3 5511 705 5510
3 5357 5510 5509
3 5510 704 5509
3 5355 5509 5508
3 5509 703 5508
3 5353 5508 5507
3 5508 702 5507
3 5351 5507 5506
3 5507 701 5506
3 5349 5506 5505
3 5506 700 5505
3 5347 5505 5504
3 5505 699 5504
3 5345 5504 5503
3 5504 698 5503
3 5343 5503 5502
3 5503 697 5502
3 5341 5502 5501
3 5502 696 5501
3 5339 5501 5500
3 5501 695 5500
3 5337 5500 5499
3 5500 694 5499
3 5335 5499 5498
3 5499 693 5498
3 5333 5498 5497
3 5498 692 5497
3 5331 5497 5496
3 5497 691 5496
3 5329 5496 5495
3 5496 690 5495
3 5327 5495 5494
3 5495 689 5494
3 5325 5494 5493
3 5494 688 5493
3 5323 5493 5492
3 5493 687 5492
3 5321 5492 5491
3 5492 686 5491
3 5319 5491 5490
3 5491 685 5490
3 5317 5490 5489
3 5490 684 5489
3 5315 5489 5488
3 5489 683 5488
3 5313 5488 5487
3 5488 682 5487
3 5311 5487 5486
3 5487 681 5486
3 5309 5486 5485
3 5486 680 5485
3 5307 5485 5484
3 5485 679 5484
3 5305 5484 5483
3 5484 678 5483
3 5303 5483 5482
3 5483 677 5482
3 5301 5482 5481
3 5482 676 5481
3 5299 5481 5480
3 5481 675 5480
3 5297 5480 5479
3 5480 674 5479
3 5295 5479 5478
3 5479 673 5478
3 5293 5478 5477
3 5478 672 5477
3 5291 5477 5476
3 5477 671 5476
3 5289 5476 5475
3 5476 670 5475
3 5287 5475 5474
3 5475 669 5474
3 5285 5474 5473
3 5474 668 5473
3 5283 5473 5472
3 5473 667 5472
3 5281 5472 5471
3 5472 666 5471
3 5279 5471 5470
3 5471 665 5470
3 5277 5470 5469
3 5470 664 5469
3 5275 5469 5468
3 5469 663 5468
3 5273 5468 5467
3 5468 662 5467
3 5271 5467 5466
3 5467 661 5466
3 5269 5466 5465
3 5466 660 5465
3 5267 5465 5464
3 5465 659 5464
3 5265 5464 5463
3 5464 658 5463
3 5263 5463 5462
3 5463 657 5462
3 5261 5462 5461
3 5462 656 5461
3 5259 5461 5460
3 5461 655 5460
3 5257 5460 5459
3 5460 654 5459
3 5255 5459 5458
3 5459 653 5458
3 5254 5458 5515
3 5458 652 5515
3 5457 5240 5456
3 206 5457 5456
3 5456 5238 5455
3 205 5456 5455
3 5455 5236 5454
3 204 5455 5454
3 5454 5234 5453
3 203 5454 5453
3 5453 5232 5452
3 202 5453 5452
3 5452 5230 5451
3 201 5452 5451
3 5451 5228 5450
3 200 5451 5450
3 5450 5226 5449
3 199 5450 5449
3 5449 5224 5448
3 198 5449 5448
3 5448 5222 5447
3 197 5448 5447
3 5447 5220 5446
3 196 5447 5446
3 5446 5218 5445
3 195 5446 5445
3 5445 5216 5444
3 194 5445 5444
3 5444 5214 5443
3 193 5444 5443
3 5443 5212 5442
3 192 5443 5442
3 5442 5210 5441
3 191 5442 5441
3 5441 5208 5440
3 190 5441 5440
3 5440 5206 5439
3 189 5440 5439
3 5439 5204 5438
3 188 5439 5438
3 5438 5202 5437
3 187 5438 5437
3 5437 5200 5436
3 186 5437 5436
3 5436 5198 5435
3 185 5436 5435
3 5435 5196 5434
3 184 5435 5434
3 5434 5194 5433
3 183 5434 5433
3 5433 5192 5432
3 182 5433 5432
3 5432 5190 5431
3 181 5432 5431
3 5431 5188 5430
3 180 5431 5430
3 5430 5186 5429
3 179 5430 5429
3 5429 5184 5428
3 178 5429 5428
3 5428 5182 5427
3 177 5428 5427
3 5427 5180 5426
3 176 5427 5426
3 5426 5178 5425
3 175 5426 5425
3 5425 5176 5424
3 174 5425 5424
3 5424 5174 5423
3 173 5424 5423
3 5423 5172 5422
3 172 5423 5422
3 5422 5170 5421
3 171 5422 5421
3 5421 5168 5420
3 170 5421 5420
3 5420 5166 5419
3 169 5420 5419
3 5419 5164 5418
3 168 5419 5418
3 5418 5162 5417
3 167 5418 5417
3 5417 5160 5416
3 166 5417 5416
3 5416 5158 5415
3 165 5416 5415
3 5415 5156 5414
3 164 5415 5414
3 5414 5154 5413
3 163 5414 5413
3 5413 5152 5412
3 162 5413 5412
3 5412 5150 5411
3 161 5412 5411
3 5411 5148 5410
3 160 5411 5410
3 5410 5146 5409
3 159 5410 5409
3 5409 5144 5408
3 158 5409 5408
3 5408 5142 5407
3 157 5408 5407
3 5407 5140 5406
3 156 5407 5406
3 5406 5138 5405
3 155 5406 5405
3 5405 5136 5404
3 154 5405 5404
3 5404 5134 5403
3 153 5404 5403
3 5403 5132 5402
3 152 5403 5402
3 5402 5130 5401
3 151 5402 5401
3 5401 5128 5400
3 150 5401 5400
3 5400 5126 5399
3 149 5400 5399
3 5389 5103 5373
3 5389 5105 5117
3 5637 5101 5364
3 5101 5636 5239
3 5038 5388 5372
3 5104 5388 5116
3 5637 5100 5101
3 5100 5636 5101
3 5387 5037 5243
3 5635 5100 5362
3 5103 5387 5243
3 5037 5387 5117
3 5100 5634 5237
3 5635 5099 5100
3 5386 5038 5118
3 5386 5036 5116
3 5391 5109 711
3 5109 5391 5371
3 710 5391 711
3 5107 5103 5369
3 5103 5107 5373
3 5516 5253 5515
3 651 5516 5515
3 5108 5390 644
3 5099 5634 5100
3 5385 711 5109
3 5633 5099 5360
3 644 5384 5108
3 5383 5111 5107
3 5110 5382 5106
3 5099 5632 5235
3 5381 5107 5369
3 5381 208 209
3 5633 5098 5099
3 5106 5380 5368
3 143 5380 142
3 5098 5632 5099
3 5390 5108 5370
3 5390 645 644
3 5518 5250 5517
3 5631 5098 5358
3 649 5518 5517
3 5122 5396 5397
3 5396 146 5397
3 640 5379 5373
3 5098 5630 5233
3 5379 640 639
3 5378 634 5372
3 5631 5097 5098
3 634 5378 633
3 5377 640 5373
3 5377 5107 5111
3 5107 5377 5373
3 634 5376 5372
3 5106 5376 5110
3 5376 5106 5372
3 5375 5109 5105
3 5097 5630 5098
3 5108 5374 5104
3 5629 5097 5356
3 5097 5628 5231
3 5371 5105 5109
3 5105 5371 5117
3 5629 5096 5097
3 5104 5370 5108
3 5370 5104 5116
3 5096 5628 5097
3 5369 5103 5243
3 5627 5096 5354
3 5038 5368 5118
3 5096 5626 5229
3 5367 5037 5117
3 5627 5095 5096
3 5095 5626 5096
3 5625 5095 5352
3 5095 5624 5227
3 5625 5094 5095
3 5094 5624 5095
3 5623 5094 5350
3 5094 5622 5225
3 5623 5093 5094
3 5093 5622 5094
3 5621 5093 5348
3 5093 5620 5223
3 5621 5092 5093
3 5092 5620 5093
3 5619 5092 5346
3 5092 5618 5221
3 5619 5091 5092
3 5091 5618 5092
3 5617 5091 5344
3 5091 5616 5219
3 5617 5090 5091
3 5090 5616 5091
3 5615 5090 5342
3 5090 5614 5217
3 5615 5089 5090
3 5089 5614 5090
3 5613 5089 5340
3 5089 5612 5215
3 5613 5088 5089
3 5088 5612 5089
3 5611 5088 5338
3 5088 5610 5213
3 5611 5087 5088
3 5087 5610 5088
3 5609 5087 5336
3 5087 5608 5211
3 5609 5086 5087
3 5086 5608 5087
3 5607 5086 5334
3 5086 5606 5209
3 5607 5085 5086
3 5085 5606 5086
3 5605 5085 5332
3 5085 5604 5207
3 5605 5084 5085
3 5084 5604 5085
3 5603 5084 5330
3 5084 5602 5205
3 5603 5083 5084
3 5083 5602 5084
3 5601 5083 5328
3 5083 5600 5203
3 5601 5082 5083
3 5082 5600 5083
3 5599 5082 5326
3 5082 5598 5201
3 5599 5081 5082
3 5081 5598 5082
3 5597 5081 5324
3 5081 5596 5199
3 5597 5080 5081
3 5080 5596 5081
3 5595 5080 5322
3 5080 5594 5197
3 5595 5079 5080
3 5079 5594 5080
3 5593 5079 5320
3 5079 5592 5195
3 5593 5078 5079
3 5078 5592 5079
3 5591 5078 5318
3 5078 5590 5193
3 5591 5077 5078
3 5077 5590 5078
3 5589 5077 5316
3 5077 5588 5191
3 5589 5076 5077
3 5076 5588 5077
3 5587 5076 5314
3 5076 5586 5189
3 5587 5075 5076
3 5075 5586 5076
3 5585 5075 5312
3 5075 5584 5187
3 5585 5074 5075
3 5074 5584 5075
3 5583 5074 5310
3 5074 5582 5185
3 5583 5073 5074
3 5073 5582 5074
3 5581 5073 5308
3 5073 5580 5183
3 5581 5072 5073
3 5072 5580 5073
3 5579 5072 5306
3 5072 5578 5181
3 5579 5071 5072
3 5071 5578 5072
3 5577 5071 5304
3 5071 5576 5179
3 5577 5070 5071
3 5070 5576 5071
3 5575 5070 5302
3 5070 5574 5177
3 5575 5069 5070
3 5069 5574 5070
3 5573 5069 5300
3 5069 5572 5175
3 5573 5068 5069
3 5068 5572 5069
3 5571 5068 5298
3 5068 5570 5173
3 5571 5067 5068
3 5067 5570 5068
3 5569 5067 5296
3 5067 5568 5171
3 5569 5066 5067
3 5066 5568 5067
3 5567 5066 5294
3 5066 5566 5169
3 5567 5065 5066
3 5065 5566 5066
3 5565 5065 5292
3 5065 5564 5167
3 5565 5064 5065
3 5064 5564 5065
3 5563 5064 5290
3 5064 5562 5165
3 5563 5063 5064
3 5063 5562 5064
3 5561 5063 5288
3 5063 5560 5163
3 5561 5062 5063
3 5062 5560 5063
3 5559 5062 5286
3 5062 5558 5161
3 5559 5061 5062
3 5061 5558 5062
3 5557 5061 5284
3 5061 5556 5159
3 5557 5060 5061
3 5060 5556 5061
3 5555 5060 5282
3 5060 5554 5157
3 5555 5059 5060
3 5059 5554 5060
3 5553 5059 5280
3 5059 5552 5155
3 5553 5058 5059
3 5058 5552 5059
3 5551 5058 5278
3 5058 5550 5153
3 5551 5057 5058
3 5057 5550 5058
3 5549 5057 5276
3 5057 5548 5151
3 5549 5056 5057
3 5056 5548 5057
3 5547 5056 5274
3 5056 5546 5149
3 5547 5055 5056
3 5055 5546 5056
3 5545 5055 5272
3 5055 5544 5147
3 5545 5054 5055
3 5054 5544 5055
3 5543 5054 5270
3 5054 5542 5145
3 5543 5053 5054
3 5053 5542 5054
3 5541 5053 5268
3 5053 5540 5143
3 5541 5052 5053
3 5052 5540 5053
3 5539 5052 5266
3 5052 5538 5141
3 5539 5051 5052
3 5051 5538 5052
3 5537 5051 5264
3 5051 5536 5139
3 5537 5050 5051
3 5050 5536 5051
3 5535 5050 5262
3 5050 5534 5137
3 5535 5049 5050
3 5049 5534 5050
3 5255 5458 5254
3 5049 5533 5135
3 5254 5531 5255
3 5048 5533 5049
3 5046 5256 5255
3 5048 5532 5133
3 5531 5046 5255
3 5047 5532 5048
3 5260 5048 5049
3 5046 5131 5047
3 5048 5260 5258
3 5131 5046 5129
3 5260 5259 5258
3 5130 5131 5129
3 5531 5045 5046
3 5399 5126 5125
3 5515 5530 5254
3 5640 5125 5126
3 5127 5044 5126
3 5530 5044 5045
3 5531 5254 5530
3 5044 5640 5126
3 5043 5640 5044
3 5530 5515 5253
3 5045 5531 5530
3 5398 5123 5397
3 5398 5124 5123
3 5529 5042 5043
3 5249 5518 5248
3 5042 5641 5123
3 5041 5641 5042
3 5249 5041 5042
3 5528 5041 5248
3 5122 5641 5642
3 5040 5642 5041
3 5528 5040 5041
3 5527 5040 5246
3 5040 5643 5121
3 5039 5643 5040
3 5040 5527 5039
3 5125 5398 5399
3 5398 148 5399
3 5038 5106 5368
3 5106 5038 5372
3 5369 5393 5381
3 5393 5243 5242
3 5243 5393 5369
3 5393 208 5381
3 5395 5368 5380
3 143 5395 5380
3 5524 5119 5039
3 5036 5524 5039
3 5251 5517 5250
3 5392 5119 5118
3 5119 5392 5120
3 5250 5529 5251
3 5042 5124 5043
3 5366 5102 5037
3 5366 5037 5367
3 5526 5242 5243
3 5037 5526 5243
3 5526 5037 5102
3 5644 5244 5523
3 5245 5523 5244
3 646 5644 5523
3 5520 5242 5457
3 5457 5241 5240
3 5241 5457 5242
3 207 5520 5457
3 5394 5121 5120
3 5124 5042 5123
3 5366 5514 5365
3 5641 5041 5642
3 5248 5519 5247
3 5041 5249 5248
3 208 5393 207
3 5367 5521 5514
3 5514 5366 5367
3 145 5394 144
3 5118 5395 5392
3 163 5413 162
3 5518 5249 5250
3 5395 5118 5368
3 5397 5123 5122
3 167 5417 166
3 5043 5252 5251
3 5529 5043 5251
3 5395 143 5392
3 168 5418 167
3 5124 5398 5125
3 146 5396 145
3 147 5397 146
3 5252 5516 5251
3 5516 5252 5253
3 148 5398 147
3 5045 5129 5046
3 5129 5045 5127
3 5252 5043 5044
3 5394 5120 5392
3 5400 5127 5126
3 5127 5400 5128
3 5364 5513 5363
3 5513 5364 5365
3 5362 5512 5361
3 5512 5362 5363
3 5360 5511 5359
3 5511 5360 5361
3 5358 5510 5357
3 5510 5358 5359
3 5356 5509 5355
3 5509 5356 5357
3 5354 5508 5353
3 5508 5354 5355
3 5352 5507 5351
3 5507 5352 5353
3 5350 5506 5349
3 5506 5350 5351
3 5348 5505 5347
3 5505 5348 5349
3 5346 5504 5345
3 5504 5346 5347
3 5344 5503 5343
3 5503 5344 5345
3 5342 5502 5341
3 5502 5342 5343
3 5340 5501 5339
3 5501 5340 5341
3 5338 5500 5337
3 5500 5338 5339
3 5336 5499 5335
3 5499 5336 5337
3 5334 5498 5333
3 5498 5334 5335
3 5332 5497 5331
3 5497 5332 5333
3 5330 5496 5329
3 5496 5330 5331
3 5328 5495 5327
3 5495 5328 5329
3 5326 5494 5325
3 5494 5326 5327
3 5324 5493 5323
3 5493 5324 5325
3 5322 5492 5321
3 5492 5322 5323
3 5320 5491 5319
3 5491 5320 5321
3 5318 5490 5317
3 5490 5318 5319
3 5316 5489 5315
3 5489 5316 5317
3 5314 5488 5313
3 5488 5314 5315
3 5312 5487 5311
3 5487 5312 5313
3 5310 5486 5309
3 5486 5310 5311
3 5308 5485 5307
3 5485 5308 5309
3 5306 5484 5305
3 5484 5306 5307
3 5304 5483 5303
3 5483 5304 5305
3 5302 5482 5301
3 5482 5302 5303
3 5300 5481 5299
3 5481 5300 5301
3 5298 5480 5297
3 5480 5298 5299
3 5296 5479 5295
3 5479 5296 5297
3 5294 5478 5293
3 5478 5294 5295
3 5292 5477 5291
3 5477 5292 5293
3 5290 5476 5289
3 5476 5290 5291
3 5288 5475 5287
3 5475 5288 5289
3 5286 5474 5285
3 5474 5286 5287
3 5284 5473 5283
3 5473 5284 5285
3 5282 5472 5281
3 5472 5282 5283
3 5280 5471 5279
3 5471 5280 5281
3 5278 5470 5277
3 5470 5278 5279
3 5276 5469 5275
3 5469 5276 5277
3 5274 5468 5273
3 5468 5274 5275
3 5272 5467 5271
3 5467 5272 5273
3 5270 5466 5269
3 5466 5270 5271
3 5268 5465 5267
3 5465 5268 5269
3 5266 5464 5265
3 5464 5266 5267
3 5264 5463 5263
3 5463 5264 5265
3 5262 5462 5261
3 5462 5262 5263
3 5260 5461 5259
3 5461 5260 5261
3 5258 5460 5257
3 5460 5258 5259
3 5256 5459 5255
3 5459 5256 5257
3 5258 5047 5048
3 5047 5258 5256
3 5456 5239 5238
3 5239 5456 5240
3 5455 5237 5236
3 5237 5455 5238
3 5454 5235 5234
3 5235 5454 5236
3 5453 5233 5232
3 5233 5453 5234
3 5452 5231 5230
3 5231 5452 5232
3 5451 5229 5228
3 5229 5451 5230
3 5450 5227 5226
3 5227 5450 5228
3 5449 5225 5224
3 5225 5449 5226
3 5448 5223 5222
3 5223 5448 5224
3 5447 5221 5220
3 5221 5447 5222
3 5446 5219 5218
3 5219 5446 5220
3 5445 5217 5216
3 5217 5445 5218
3 5444 5215 5214
3 5215 5444 5216
3 5443 5213 5212
3 5213 5443 5214
3 5442 5211 5210
3 5211 5442 5212
3 5441 5209 5208
3 5209 5441 5210
3 5440 5207 5206
3 5207 5440 5208
3 5439 5205 5204
3 5205 5439 5206
3 5438 5203 5202
3 5203 5438 5204
3 5437 5201 5200
3 5201 5437 5202
3 5436 5199 5198
3 5199 5436 5200
3 5435 5197 5196
3 5197 5435 5198
3 5434 5195 5194
3 5195 5434 5196
3 5433 5193 5192
3 5193 5433 5194
3 5432 5191 5190
3 5191 5432 5192
3 5431 5189 5188
3 5189 5431 5190
3 5430 5187 5186
3 5187 5430 5188
3 5429 5185 5184
3 5185 5429 5186
3 5428 5183 5182
3 5183 5428 5184
3 5427 5181 5180
3 5181 5427 5182
3 5426 5179 5178
3 5179 5426 5180
3 5425 5177 5176
3 5177 5425 5178
3 5424 5175 5174
3 5175 5424 5176
3 5423 5173 5172
3 5173 5423 5174
3 5422 5171 5170
3 5171 5422 5172
3 5421 5169 5168
3 5169 5421 5170
3 5420 5167 5166
3 5167 5420 5168
3 5419 5165 5164
3 5165 5419 5166
3 5418 5163 5162
3 5163 5418 5164
3 5417 5161 5160
3 5161 5417 5162
3 5416 5159 5158
3 5159 5416 5160
3 5415 5157 5156
3 5157 5415 5158
3 5414 5155 5154
3 5155 5414 5156
3 5413 5153 5152
3 5153 5413 5154
3 5412 5151 5150
3 5151 5412 5152
3 5411 5149 5148
3 5149 5411 5150
3 5410 5147 5146
3 5147 5410 5148
3 5409 5145 5144
3 5145 5409 5146
3 5408 5143 5142
3 5143 5408 5144
3 5407 5141 5140
3 5141 5407 5142
3 5406 5139 5138
3 5139 5406 5140
3 5405 5137 5136
3 5137 5405 5138
3 5404 5135 5134
3 5135 5404 5136
3 5403 5133 5132
3 5133 5403 5134
3 5402 5131 5130
3 5131 5402 5132
3 5401 5129 5128
3 5129 5401 5130
3 5120 5643 5119
3 5643 5039 5119
3 5039 5527 5245
3 5521 5367 5391
3 710 5521 5391
3 169 5419 168
3 5642 5040 5121
3 5528 5247 5246
3 5040 5528 5246
3 159 5409 158
3 160 5410 159
3 164 5414 163
3 165 5415 164
3 170 5420 169
3 171 5421 170
3 5529 5250 5249
3 5042 5529 5249
3 5125 5640 5124
3 5640 5043 5124
3 5128 5129 5127
3 5044 5127 5045
3 5639 5365 5364
3 5101 5639 5364
3 5240 5638 5239
3 5638 5101 5239
3 5637 5363 5362
3 5100 5637 5362
3 5238 5636 5237
3 5636 5100 5237
3 5635 5361 5360
3 5099 5635 5360
3 5236 5634 5235
3 5634 5099 5235
3 5633 5359 5358
3 5098 5633 5358
3 5234 5632 5233
3 5632 5098 5233
3 5631 5357 5356
3 5097 5631 5356
3 5232 5630 5231
3 5630 5097 5231
3 5629 5355 5354
3 5096 5629 5354
3 5230 5628 5229
3 5628 5096 5229
3 5627 5353 5352
3 5095 5627 5352
3 5228 5626 5227
3 5626 5095 5227
3 5625 5351 5350
3 5094 5625 5350
3 5226 5624 5225
3 5624 5094 5225
3 5623 5349 5348
3 5093 5623 5348
3 5224 5622 5223
3 5622 5093 5223
3 5621 5347 5346
3 5092 5621 5346
3 5222 5620 5221
3 5620 5092 5221
3 5619 5345 5344
3 5091 5619 5344
3 5220 5618 5219
3 5618 5091 5219
3 5617 5343 5342
3 5090 5617 5342
3 5218 5616 5217
3 5616 5090 5217
3 5615 5341 5340
3 5089 5615 5340
3 5216 5614 5215
3 5614 5089 5215
3 5613 5339 5338
3 5088 5613 5338
3 5214 5612 5213
3 5612 5088 5213
3 5611 5337 5336
3 5087 5611 5336
3 5212 5610 5211
3 5610 5087 5211
3 5609 5335 5334
3 5086 5609 5334
3 5210 5608 5209
3 5608 5086 5209
3 5607 5333 5332
3 5085 5607 5332
3 5208 5606 5207
3 5606 5085 5207
3 5605 5331 5330
3 5084 5605 5330
3 5206 5604 5205
3 5604 5084 5205
3 5603 5329 5328
3 5083 5603 5328
3 5204 5602 5203
3 5602 5083 5203
3 5601 5327 5326
3 5082 5601 5326
3 5202 5600 5201
3 5600 5082 5201
3 5599 5325 5324
3 5081 5599 5324
3 5200 5598 5199
3 5598 5081 5199
3 5597 5323 5322
3 5080 5597 5322
3 5198 5596 5197
3 5596 5080 5197
3 5595 5321 5320
3 5079 5595 5320
3 5245 5036 5039
3 5196 5594 5195
3 5594 5079 5195
3 5593 5319 5318
3 5078 5593 5318
3 5194 5592 5193
3 5592 5078 5193
3 5591 5317 5316
3 5077 5591 5316
3 5192 5590 5191
3 5590 5077 5191
3 5589 5315 5314
3 5076 5589 5314
3 5190 5588 5189
3 5588 5076 5189
3 5587 5313 5312
3 5075 5587 5312
3 5188 5586 5187
3 5586 5075 5187
3 5585 5311 5310
3 5074 5585 5310
3 5186 5584 5185
3 5584 5074 5185
3 5583 5309 5308
3 5073 5583 5308
3 5184 5582 5183
3 645 5390 5244
3 5116 5390 5370
3 5390 5116 5244
3 5582 5073 5183
3 5581 5307 5306
3 5391 5117 5371
3 5117 5391 5367
3 5072 5581 5306
3 5182 5580 5181
3 5580 5072 5181
3 5579 5305 5304
3 5071 5579 5304
3 5180 5578 5179
3 5578 5071 5179
3 5577 5303 5302
3 5070 5577 5302
3 144 5392 143
3 5178 5576 5177
3 5576 5070 5177
3 5575 5301 5300
3 5069 5575 5300
3 5176 5574 5175
3 5574 5069 5175
3 5573 5299 5298
3 5068 5573 5298
3 5174 5572 5173
3 5572 5068 5173
3 5571 5297 5296
3 5067 5571 5296
3 5172 5570 5171
3 5570 5067 5171
3 5569 5295 5294
3 5066 5569 5294
3 5170 5568 5169
3 5568 5066 5169
3 5567 5293 5292
3 5065 5567 5292
3 5168 5566 5167
3 5566 5065 5167
3 5565 5291 5290
3 5064 5565 5290
3 5166 5564 5165
3 5564 5064 5165
3 5563 5289 5288
3 5063 5563 5288
3 5164 5562 5163
3 5562 5063 5163
3 5561 5287 5286
3 5062 5561 5286
3 5162 5560 5161
3 5560 5062 5161
3 5559 5285 5284
3 5061 5559 5284
3 5160 5558 5159
3 5558 5061 5159
3 5557 5283 5282
3 5060 5557 5282
3 5158 5556 5157
3 5556 5060 5157
3 5555 5281 5280
3 5059 5555 5280
3 5156 5554 5155
3 5554 5059 5155
3 5553 5279 5278
3 5058 5553 5278
3 5154 5552 5153
3 5552 5058 5153
3 5551 5277 5276
3 5057 5551 5276
3 5152 5550 5151
3 5550 5057 5151
3 5549 5275 5274
3 5056 5549 5274
3 5150 5548 5149
3 5548 5056 5149
3 5547 5273 5272
3 5055 5547 5272
3 5148 5546 5147
3 5546 5055 5147
3 5545 5271 5270
3 5054 5545 5270
3 5146 5544 5145
3 5544 5054 5145
3 5543 5269 5268
3 5053 5543 5268
3 5144 5542 5143
3 5542 5053 5143
3 5541 5267 5266
3 5052 5541 5266
3 5142 5540 5141
3 5540 5052 5141
3 5539 5265 5264
3 5051 5539 5264
3 5140 5538 5139
3 5538 5051 5139
3 5537 5263 5262
3 5050 5537 5262
3 5138 5536 5137
3 5536 5050 5137
3 5535 5261 5260
3 5049 5535 5260
3 5136 5534 5135
3 5534 5049 5135
3 5258 5257 5256
3 5256 5046 5047
3 5134 5533 5133
3 5533 5048 5133
3 189 5439 188
3 190 5440 189
3 5132 5532 5131
3 5532 5047 5131
3 191 5441 190
3 192 5442 191
3 181 5431 180
3 182 5432 181
3 144 5394 5392
3 173 5423 172
3 183 5433 182
3 184 5434 183
3 5530 5253 5252
3 5044 5530 5252
3 174 5424 173
3 175 5425 174
3 157 5407 156
3 158 5408 157
3 5104 5645 5388
3 5372 5645 5378
3 5645 5372 5388
3 5645 5104 5378
3 5244 5644 645
3 5644 646 645
3 5643 5120 5121
3 161 5411 160
3 5641 5122 5123
3 172 5422 171
3 185 5435 184
3 186 5436 185
3 5365 5639 5366
3 5638 5240 5241
3 5363 5637 5364
3 5636 5238 5239
3 5361 5635 5362
3 5634 5236 5237
3 5359 5633 5360
3 5632 5234 5235
3 5357 5631 5358
3 5630 5232 5233
3 5355 5629 5356
3 5628 5230 5231
3 5353 5627 5354
3 5626 5228 5229
3 5351 5625 5352
3 5624 5226 5227
3 5349 5623 5350
3 5622 5224 5225
3 5347 5621 5348
3 5620 5222 5223
3 5345 5619 5346
3 5618 5220 5221
3 5343 5617 5344
3 5616 5218 5219
3 5341 5615 5342
3 5614 5216 5217
3 5339 5613 5340
3 5612 5214 5215
3 5337 5611 5338
3 5610 5212 5213
3 5335 5609 5336
3 5608 5210 5211
3 5333 5607 5334
3 5606 5208 5209
3 5331 5605 5332
3 5604 5206 5207
3 5329 5603 5330
3 5602 5204 5205
3 5327 5601 5328
3 5600 5202 5203
3 5325 5599 5326
3 5598 5200 5201
3 5323 5597 5324
3 5596 5198 5199
3 5321 5595 5322
3 5594 5196 5197
3 5319 5593 5320
3 5592 5194 5195
3 5317 5591 5318
3 5590 5192 5193
3 5315 5589 5316
3 5588 5190 5191
3 5313 5587 5314
3 5586 5188 5189
3 5311 5585 5312
3 5584 5186 5187
3 5309 5583 5310
3 5582 5184 5185
3 5307 5581 5308
3 5580 5182 5183
3 5305 5579 5306
3 5578 5180 5181
3 5303 5577 5304
3 5576 5178 5179
3 5301 5575 5302
3 5574 5176 5177
3 5299 5573 5300
3 5572 5174 5175
3 5297 5571 5298
3 5570 5172 5173
3 5295 5569 5296
3 5568 5170 5171
3 5293 5567 5294
3 5566 5168 5169
3 5291 5565 5292
3 5564 5166 5167
3 5289 5563 5290
3 5562 5164 5165
3 5287 5561 5288
3 5560 5162 5163
3 5285 5559 5286
3 5558 5160 5161
3 5283 5557 5284
3 5556 5158 5159
3 5281 5555 5282
3 5554 5156 5157
3 5279 5553 5280
3 5552 5154 5155
3 5277 5551 5278
3 5550 5152 5153
3 5275 5549 5276
3 5548 5150 5151
3 5273 5547 5274
3 5546 5148 5149
3 5271 5545 5272
3 5544 5146 5147
3 5269 5543 5270
3 5542 5144 5145
3 5267 5541 5268
3 5540 5142 5143
3 5265 5539 5266
3 5538 5140 5141
3 5263 5537 5264
3 5536 5138 5139
3 5261 5535 5262
3 5534 5136 5137
3 193 5443 192
3 5533 5134 5135
3 194 5444 193
3 5532 5132 5133
3 195 5445 194
3 187 5437 186
3 196 5446 195
3 188 5438 187
3 176 5426 175
3 177 5427 176
3 178 5428 177
3 166 5416 165
3 5247 5528 5248
3 5242 5526 5241
3 5526 5102 5241
3 5525 5036 5245
3 5525 5244 5116
3 5244 5525 5245
3 5036 5525 5116
3 5524 5036 5386
3 5524 5118 5119
3 5118 5524 5386
3 647 5522 5519
3 5522 5247 5519
3 149 5399 148
3 150 5400 149
3 151 5401 150
3 152 5402 151
3 153 5403 152
3 154 5404 153
3 155 5405 154
3 156 5406 155
3 179 5429 178
3 180 5430 179
3 162 5412 161
3 5521 710 709
3 5520 207 5393
3 5242 5520 5393
3 5519 648 647
3 5518 649 648
3 5517 650 649
3 5516 651 650
3 5515 652 651
3 5514 709 708
3 5513 708 707
3 5512 707 706
3 5511 706 705
3 5510 705 704
3 5509 704 703
3 5508 703 702
3 5507 702 701
3 5506 701 700
3 5505 700 699
3 5504 699 698
3 5503 698 697
3 5502 697 696
3 5501 696 695
3 5500 695 694
3 5499 694 693
3 5498 693 692
3 5497 692 691
3 5496 691 690
3 5495 690 689
3 5494 689 688
3 5493 688 687
3 5492 687 686
3 5491 686 685
3 5490 685 684
3 5489 684 683
3 5488 683 682
3 5487 682 681
3 5486 681 680
3 5485 680 679
3 5484 679 678
3 5483 678 677
3 5482 677 676
3 5481 676 675
3 5480 675 674
3 5479 674 673
3 5478 673 672
3 5477 672 671
3 5476 671 670
3 5475 670 669
3 5474 669 668
3 5473 668 667
3 5472 667 666
3 5471 666 665
3 5470 665 664
3 5469 664 663
3 5468 663 662
3 5467 662 661
3 5466 661 660
3 5465 660 659
3 5464 659 658
3 5463 658 657
3 5462 657 656
3 5461 656 655
3 5460 655 654
3 5459 654 653
3 5458 653 652
3 207 5457 206
3 206 5456 205
3 205 5455 204
3 204 5454 203
3 203 5453 202
3 202 5452 201
3 201 5451 200
3 200 5450 199
3 199 5449 198
3 198 5448 197
3 197 5447 196
3 5724 5655 5804
3 5649 5727 5800
3 5723 5653 5796
3 5767 5674 5820
3 5694 5767 5820
3 774 773 5752
3 797 796 5759
3 746 747 5754
3 795 794 5756
3 789 788 5753
3 776 775 5762
3 778 777 5755
3 787 786 5757
3 738 739 5760
3 740 741 5758
3 772 771 5761
3 5683 5785 5849
3 5785 5710 5849
3 5819 5685 5853
3 5655 5724 5932
3 5681 5733 5848
3 732 733 5763
3 785 784 5764
3 5718 5819 5853
3 5796 5653 5949
3 5666 5764 5779
3 5687 5809 5851
3 5733 5653 5834
3 5689 5733 5834
3 774 5752 5894
3 746 5754 5885
3 5757 786 5895
3 5756 794 5893
3 789 5753 5888
3 797 5759 5889
3 5762 775 5894
3 778 5755 5890
3 5758 741 5891
3 738 5760 5892
3 5761 771 5884
3 5730 5669 5937
3 5731 5668 5938
3 5725 5672 5936
3 5668 5726 5938
3 5669 5729 5937
3 5670 5720 5935
3 5722 5660 5933
3 5660 5721 5933
3 5672 5723 5936
3 5727 5670 5935
3 5663 5728 5934
3 5724 5663 5934
3 809 5775 5783
3 5773 728 5784
3 5724 5831 5932
3 5809 5711 5851
3 5727 5649 5943
3 5763 733 5897
3 785 5764 5895
3 5688 5815 5852
3 5815 5713 5852
3 5732 5680 5872
3 5763 5667 5874
3 5660 5722 5797
3 5728 5663 5805
3 5663 5724 5804
3 5721 5660 5801
3 5667 5765 5874
3 5672 5754 5919
3 5750 5657 5956
3 5745 5700 5891
3 5737 5701 5896
3 5741 5703 5893
3 5691 5736 5883
3 5742 5705 5897
3 5692 5740 5882
3 5697 5744 5888
3 5693 5746 5885
3 5739 5692 5882
3 5738 5695 5887
3 5702 5743 5889
3 5698 5747 5892
3 5672 5725 5827
3 5669 5730 5826
3 5670 5727 5825
3 5668 5731 5823
3 5729 5669 5828
3 5726 5668 5829
3 5720 5670 5832
3 5733 5689 5900
3 5710 5780 5840
3 5780 5682 5840
3 5825 5727 5943
3 5678 5749 5806
3 5749 5657 5806
3 5757 5668 5860
3 5669 5759 5861
3 5668 5753 5860
3 5756 5669 5861
3 5670 5755 5863
3 5758 5673 5859
3 5762 5670 5863
3 5673 5760 5859
3 5671 5752 5862
3 5761 5671 5862
3 5816 5750 5956
3 5661 5800 5935
3 5796 5662 5936
3 5794 5661 5935
3 5795 5665 5938
3 5662 5799 5936
3 5798 5664 5937
3 5665 5803 5938
3 5664 5802 5937
3 5661 5736 5800
3 5742 5665 5795
3 5738 5662 5796
3 5745 5664 5798
3 5737 5663 5804
3 5660 5744 5801
3 5800 5727 5935
3 5723 5796 5936
3 5726 5795 5938
3 5720 5794 5935
3 5729 5798 5937
3 5799 5725 5936
3 5802 5730 5937
3 5803 5731 5938
3 5780 760 5818
3 5781 5672 5919
3 5779 5764 5944
3 5654 5812 6006
3 5801 5652 5994
3 5799 5651 5991
3 5802 5651 5996
3 5650 5794 5990
3 5803 5652 5997
3 5656 5797 5992
3 5805 5650 5998
3 5656 5798 5993
3 5654 5795 5995
3 717 5768 5788
3 5767 769 5789
3 5925 5750 5963
3 5648 5732 5852
3 5824 5671 5934
3 5830 5673 5933
3 5673 5833 5933
3 5671 5831 5934
3 5700 5745 5798
3 5703 5741 5797
3 5705 5742 5795
3 5736 5691 5800
3 5692 5739 5794
3 5743 5702 5799
3 5746 5693 5802
3 5744 5697 5801
3 5740 5692 5805
3 5701 5737 5804
3 5747 5698 5803
3 5695 5738 5796
3 5728 5824 5934
3 5721 5830 5933
3 5833 5722 5933
3 5831 5724 5934
3 5752 5671 5824
3 5755 5670 5825
3 5759 5669 5826
3 5753 5668 5823
3 5760 5673 5830
3 5673 5758 5833
3 5668 5757 5829
3 5754 5672 5827
3 5669 5756 5828
3 5670 5762 5832
3 5671 5761 5831
3 5858 5750 5925
3 5646 5854 5877
3 5786 754 5815
3 812 5782 5813
3 5752 5704 5894
3 5754 5693 5885
3 5759 5702 5889
3 5704 5762 5894
3 5753 5697 5888
3 5699 5757 5895
3 5703 5756 5893
3 5755 5696 5890
3 5694 5761 5884
3 5760 5698 5892
3 5700 5758 5891
3 5848 5733 5900
3 5680 5811 5872
3 5751 5675 5808
3 5717 5786 5857
3 5786 5688 5857
3 5689 5787 5856
3 5787 5717 5856
3 5775 5679 5783
3 5677 5773 5784
3 5737 5896 5971
3 5741 5893 5974
3 5738 5887 5970
3 5882 5740 5969
3 5742 5897 5975
3 5883 5736 5973
3 5739 5882 5972
3 5885 5746 5979
3 5888 5744 5976
3 5745 5891 5978
3 5889 5743 5977
3 5892 5747 5980
3 5699 5764 5812
3 5764 5666 5812
3 810 809 5783
3 728 729 5784
3 5705 5763 5897
3 5732 5648 5838
3 5680 5732 5838
3 5733 5681 5839
3 5653 5733 5839
3 5764 5699 5895
3 5837 5690 5838
3 5648 5837 5838
3 5735 5658 5840
3 5682 5735 5840
3 5812 5734 6006
3 757 5785 5807
3 5751 5674 5854
3 5675 5751 5855
3 5840 5658 5849
3 5710 5840 5849
3 5707 5766 5806
3 5667 5763 5817
3 5653 5723 5927
3 5677 5749 5835
3 5735 5682 5842
3 5666 5925 5963
3 5749 5678 5930
3 5725 5799 5991
3 5721 5801 5994
3 5797 5722 5992
3 5728 5805 5998
3 5730 5802 5996
3 5794 5720 5990
3 5798 5729 5993
3 5731 5803 5997
3 5795 5726 5995
3 5658 5735 5844
3 812 811 5782
3 759 760 5780
3 5659 5856 5857
3 5856 5717 5857
3 5847 5647 5880
3 5782 811 5873
3 5749 5677 5850
3 760 761 5818
3 5766 5678 5806
3 5660 5797 5982
3 5805 5663 5985
3 5661 5794 5984
3 5799 5662 5983
3 5803 5665 5987
3 5802 5664 5986
3 5683 5748 5843
3 5763 5705 5817
3 5804 5655 5918
3 5649 5800 5916
3 5794 5650 5917
3 5689 5856 5900
3 770 769 5767
3 717 718 5768
3 5646 5846 5879
3 5765 5667 5816
3 5709 5765 5816
3 5837 5648 5843
3 5748 5658 5845
3 5704 5752 5824
3 5693 5754 5827
3 5697 5753 5823
3 5756 5703 5828
3 5696 5755 5825
3 5761 5694 5831
3 5757 5699 5829
3 5702 5759 5826
3 5698 5760 5830
3 5762 5704 5832
3 5758 5700 5833
3 5678 5766 5923
3 813 812 5813
3 5748 5683 5849
3 5768 5675 5788
3 5674 5767 5789
3 5797 5741 5982
3 5740 5805 5985
3 5743 5799 5983
3 5794 5739 5984
3 5746 5802 5986
3 5747 5803 5987
3 5647 5841 5842
3 757 758 5785
3 5649 5835 5836
3 716 717 5788
3 769 768 5789
3 5658 5748 5849
3 5790 5685 5959
3 5793 5686 5960
3 5684 5791 5957
3 5687 5792 5958
3 5723 5672 5870
3 5685 5770 5959
3 5686 5772 5960
3 5769 5684 5957
3 5771 5687 5958
3 5657 5749 5850
3 5680 5777 5822
3 5776 5681 5821
3 759 5780 5898
3 5774 5678 5923
3 5751 5646 5855
3 5646 5751 5854
3 5674 5751 5928
3 5688 5786 5815
3 5647 5853 5880
3 5852 5732 5954
3 5650 5805 5917
3 5808 5655 5820
3 5851 5646 5879
3 5652 5801 5913
3 5651 5799 5915
3 5652 5803 5909
3 5651 5802 5908
3 5797 5656 5914
3 5798 5656 5912
3 5845 5679 5941
3 5785 5683 5807
3 5795 5654 5907
3 5844 5708 5845
3 5658 5844 5845
3 5748 5845 5941
3 5778 5689 5834
3 5706 5778 5834
3 5777 806 5822
3 803 5776 5821
3 727 728 5773
3 780 779 5774
3 809 808 5775
3 807 806 5777
3 803 802 5776
3 5682 5780 5818
3 5812 5654 5911
3 5764 784 5944
3 5846 5646 5877
3 754 755 5815
3 5707 5806 5858
3 5750 5816 5999
3 5792 5687 5879
3 5715 5792 5879
3 5685 5790 5880
3 5816 5667 5999
3 5790 5716 5880
3 5662 5738 5983
3 5736 5661 5984
3 5744 5660 5982
3 5663 5737 5985
3 5665 5742 5987
3 5664 5745 5986
3 5806 5657 5858
3 5688 5852 5954
3 5782 5676 5813
3 5657 5750 5858
3 5672 5781 5870
3 5781 5706 5870
3 5676 5844 5946
3 5844 5735 5946
3 5770 5685 5947
3 5837 5843 5941
3 5708 5782 5873
3 5734 5812 5963
3 5812 5666 5963
3 756 757 5807
3 5684 5769 5945
3 781 5766 5881
3 770 5767 5884
3 5768 718 5896
3 5780 5710 5898
3 5655 5808 5918
3 5842 5841 5946
3 753 754 5786
3 751 752 5787
3 5754 747 5919
3 5752 773 5862
3 5755 777 5863
3 795 5756 5861
3 740 5758 5859
3 5759 796 5861
3 5753 788 5860
3 5760 739 5859
3 787 5757 5860
3 776 5762 5863
3 772 5761 5862
3 762 763 5819
3 5772 5686 5940
3 5687 5771 5939
3 635 634 5790
3 633 632 5791
3 582 583 5792
3 580 581 5793
3 815 814 5814
3 714 715 5809
3 767 766 5810
3 5811 5719 5942
3 5836 5835 5930
3 5689 5778 5931
3 762 5819 5905
3 5685 5819 5947
3 5767 5694 5884
3 5701 5768 5896
3 732 5763 5874
3 806 805 5822
3 804 803 5821
3 5814 5684 5945
3 5848 5811 5942
3 5787 5689 5931
3 5814 814 5903
3 5667 5817 5999
3 5766 781 5923
3 5765 731 5874
3 5765 5709 5955
3 5686 5810 5940
3 5809 5687 5939
3 5808 5871 5918
3 5817 5734 5999
3 5675 5768 5871
3 5768 5701 5871
3 731 5765 5955
3 5810 5686 5877
3 727 5773 5883
3 5774 779 5890
3 5775 808 5886
3 756 5807 5904
3 807 5777 5886
3 5776 802 5887
3 5773 5691 5883
3 5696 5774 5890
3 5690 5775 5886
3 750 5778 5899
3 5777 5690 5886
3 5695 5776 5887
3 767 5810 5902
3 5809 715 5901
3 5712 5810 5877
3 5659 5811 5848
3 5819 5718 5905
3 5854 5712 5877
3 5707 5779 5929
3 5774 5696 6003
3 5714 5814 5903
3 5766 5707 5881
3 5679 5775 6002
3 5690 5777 6000
3 5681 5776 6001
3 5706 5781 5964
3 5807 5683 5906
3 5691 5773 5878
3 5773 5677 5878
3 5847 5684 5962
3 5807 5713 5904
3 5810 5712 5902
3 5711 5809 5901
3 5778 750 5931
3 5851 5711 5855
3 5646 5851 5855
3 5835 5649 5916
3 5713 5807 5906
3 636 5959 5966
3 5957 631 5965
3 5958 584 5967
3 579 5960 5968
3 5875 5847 5962
3 753 5786 5924
3 5786 5717 5924
3 5787 752 5924
3 5717 5787 5924
3 5808 5820 5928
3 782 781 5881
3 5771 713 5939
3 765 5772 5940
3 783 5779 5944
3 816 5769 5965
3 5772 765 5968
3 713 5771 5967
3 5723 5870 5927
3 5770 5947 5966
3 5790 634 5921
3 633 5791 5921
3 582 5792 5922
3 5793 581 5922
3 5769 816 5945
3 748 5781 5919
3 5818 5718 5920
3 5680 5822 5948
3 5678 5774 6003
3 5821 5681 5942
3 5775 5690 6002
3 5777 5680 6000
3 5776 5695 6001
3 5682 5818 5920
3 5947 764 5966
3 5778 5706 5899
3 780 5774 5923
3 749 750 5899
3 5676 5782 5989
3 5715 5793 5922
3 5791 5716 5921
3 5792 5715 5922
3 5716 5790 5921
3 5712 5789 5902
3 5788 5711 5901
3 5710 5785 5898
3 5785 758 5898
3 716 5788 5901
3 5789 768 5902
3 5783 5679 6005
3 5779 783 5929
3 5779 5707 5925
3 5959 5770 5966
3 5771 5958 5967
3 5769 5957 5965
3 5960 5772 5968
3 5878 5835 5916
3 5666 5779 5925
3 5677 5784 6004
3 810 5783 5873
3 5783 5708 5873
3 5709 5784 5876
3 5784 729 5876
3 5808 5675 5871
3 5899 5706 5964
3 5854 5674 5950
3 5675 5855 5951
3 5659 5857 5872
3 781 780 5923
3 5716 5847 5880
3 5846 5715 5879
3 5705 5795 5907
3 5781 748 5964
3 804 5821 5926
3 5822 805 5926
3 5821 5719 5926
3 5719 5822 5926
3 5799 5702 5915
3 5700 5798 5912
3 5803 5698 5909
3 5703 5797 5914
3 5802 5693 5908
3 5801 5697 5913
3 750 751 5931
3 5811 5659 5872
3 5782 5708 5989
3 5718 5853 5988
3 5805 5692 5917
3 5841 5647 5875
3 5708 5783 6005
3 5784 5709 6004
3 632 631 5957
3 583 584 5958
3 636 635 5959
3 579 580 5960
3 5881 5707 5929
3 5674 5789 5950
3 5788 5675 5951
3 5695 5796 5949
3 5647 5847 5875
3 5815 755 5904
3 5713 5815 5904
3 5789 5712 5950
3 5711 5788 5951
3 751 5787 5931
3 773 772 5862
3 777 776 5863
3 739 740 5859
3 788 787 5860
3 796 795 5861
3 5692 5794 5917
3 5701 5804 5918
3 5800 5691 5916
3 713 714 5939
3 766 765 5940
3 5699 5812 5911
3 5813 5714 5903
3 635 5790 5959
3 5791 632 5957
3 5792 583 5958
3 580 5793 5960
3 5704 5824 5910
3 813 5813 5903
3 731 732 5874
3 784 783 5944
3 730 731 5955
3 720 721 5865
3 735 736 5867
3 743 744 5866
3 792 791 5869
3 724 725 5864
3 800 799 5868
3 5686 5793 5952
3 5791 5684 5953
3 5714 5841 5875
3 747 748 5919
3 816 815 5945
3 5718 5818 5905
3 5719 5821 5942
3 5735 5842 5946
3 5677 5835 5878
3 5751 5808 5928
3 5818 761 5905
3 5719 5811 5948
3 5811 5680 5948
3 5852 5713 5981
3 5813 5676 5961
3 763 764 5947
3 5709 5816 5956
3 5686 5846 5877
3 714 5809 5939
3 5810 766 5940
3 5843 5748 5941
3 5817 5705 5907
3 5920 5718 5988
3 5694 5820 5932
3 5696 5825 5943
3 5836 5678 6003
3 5684 5814 5962
3 5835 5749 5930
3 5820 5674 5928
3 5831 5694 5932
3 5659 5848 5900
3 5714 5813 5961
3 5690 5837 6002
3 5680 5838 6000
3 5695 5839 6001
3 5693 5827 5908
3 5697 5823 5913
3 5702 5826 5915
3 5832 5704 5910
3 5829 5699 5911
3 5828 5703 5914
3 5698 5830 5909
3 5833 5700 5912
3 5734 5817 6006
3 5850 5677 6004
3 811 810 5873
3 5706 5834 5927
3 729 730 5876
3 5687 5851 5879
3 5814 5714 5962
3 5709 5876 5955
3 5793 5715 5952
3 5716 5791 5953
3 5836 5696 5943
3 5856 5659 5900
3 5853 5685 5880
3 5839 5695 5949
3 815 5814 5945
3 5820 5655 5932
3 765 24 5968
3 3 713 5967
3 25 816 5965
3 764 6 5966
3 5683 5843 5906
3 5826 5730 5996
3 5823 5731 5997
3 5824 5728 5998
3 5827 5725 5991
3 5729 5828 5993
3 5726 5829 5995
3 5830 5721 5994
3 5722 5833 5992
3 5720 5832 5990
3 802 801 5887
3 741 742 5891
3 779 778 5890
3 798 797 5889
3 794 793 5893
3 722 723 5882
3 790 789 5888
3 771 770 5884
3 726 727 5883
3 745 746 5885
3 737 738 5892
3 718 719 5896
3 733 734 5897
3 786 785 5895
3 775 774 5894
3 808 807 5886
3 5865 721 5969
3 5740 5865 5969
3 724 5864 5972
3 5864 5739 5972
3 5864 725 5973
3 5736 5864 5973
3 5747 5867 5980
3 800 5868 5970
3 5867 736 5980
3 5866 744 5979
3 5869 5741 5974
3 5867 5742 5975
3 5744 5869 5976
3 5869 791 5976
3 735 5867 5975
3 5868 5738 5970
3 720 5865 5971
3 792 5869 5974
3 743 5866 5978
3 5743 5868 5977
3 5868 799 5977
3 5746 5866 5979
3 5866 5745 5978
3 5865 5737 5971
3 5834 5653 5927
3 758 759 5898
3 5819 763 5947
3 5822 5719 5948
3 5708 5844 5989
3 5842 5682 5920
3 5679 5845 6005
3 5845 5708 6005
3 5844 5676 5989
3 715 716 5901
3 768 767 5902
3 5678 5836 5930
3 814 813 5903
3 755 756 5904
3 5850 5709 5956
3 5649 5836 5943
3 5679 5837 5941
3 761 762 5905
3 5696 5836 6003
3 5709 5850 6004
3 5837 5679 6002
3 5838 5690 6000
3 5839 5681 6001
3 5653 5839 5949
3 5676 5841 5961
3 5841 5714 5961
3 5841 5676 5946
3 5843 5648 5981
3 631 25 5965
3 24 579 5968
3 584 3 5967
3 6 636 5966
3 5891 742 5978
3 5896 719 5971
3 726 5883 5973
3 790 5888 5976
3 5887 801 5970
3 798 5889 5977
3 745 5885 5979
3 5893 793 5974
3 5897 734 5975
3 737 5892 5980
3 722 5882 5969
3 5882 723 5972
3 5847 5716 5953
3 5715 5846 5952
3 5647 5842 5988
3 634 633 5921
3 581 582 5922
3 752 753 5924
3 5846 5686 5952
3 5684 5847 5953
3 805 804 5926
3 5713 5906 5981
3 5872 5857 5954
3 748 749 5964
3 5681 5848 5942
3 5712 5854 5950
3 5855 5711 5951
3 783 782 5929
3 5864 5736 5984
3 5742 5867 5987
3 5869 5744 5982
3 5745 5866 5986
3 5737 5865 5985
3 5738 5868 5983
3 5657 5850 5956
3 5648 5852 5981
3 723 724 5972
3 799 798 5977
3 744 745 5979
3 725 726 5973
3 721 722 5969
3 719 720 5971
3 734 735 5975
3 801 800 5970
3 791 790 5976
3 736 737 5980
3 793 792 5974
3 742 743 5978
3 5857 5688 5954
3 5853 5647 5988
3 5871 5701 5918
3 5870 5706 5927
3 5707 5858 5925
3 5691 5878 5916
3 5910 5824 5998
3 782 5881 5929
3 5714 5875 5962
3 5865 5740 5985
3 5741 5869 5982
3 5867 5747 5987
3 5739 5864 5984
3 5866 5746 5986
3 5868 5743 5983
3 5732 5872 5954
3 5876 730 5955
3 5650 5910 5998
3 5906 5843 5981
3 749 5899 5964
3 5651 5915 5996
3 5913 5823 5997
3 5652 5913 5997
3 5832 5910 5990
3 5828 5914 5993
3 5915 5826 5996
3 5651 5908 5991
3 5914 5656 5993
3 5652 5909 5994
3 5911 5654 5995
3 5908 5827 5991
3 5829 5911 5995
3 5909 5830 5994
3 5912 5656 5992
3 5833 5912 5992
3 5910 5650 5990
3 5907 5654 6006
3 5817 5907 6006
3 5842 5920 5988
3 5963 5750 5999
3 5734 5963 5999
3 6096 6158 6014
3 6013 6154 6093
3 6058 6197 6137
3 6063 6198 6138
3 6138 6198 6040
3 6137 6197 6038
3 6039 6195 6135
3 6135 6195 6057
3 6037 6196 6136
3 6136 6196 6056
3 6099 6232 6035
3 370 6118 371
3 346 6114 347
3 344 6115 345
3 362 6113 363
3 368 6117 369
3 855 6116 854
3 853 6112 852
3 6044 6204 6149
3 845 6217 6119
3 6149 6204 6072
3 6176 6207 6046
3 6084 6214 819
3 6049 6206 6169
3 337 6121 338
3 842 6120 841
3 6082 6189 6042
3 6079 6207 6176
3 6118 6245 371
3 6169 6206 6076
3 6114 6257 347
3 6113 6248 363
3 344 6252 6115
3 855 6256 6116
3 6112 6254 852
3 368 6251 6117
3 6090 6300 6032
3 6091 6301 6031
3 6031 6301 6095
3 6023 6299 6089
3 6030 6302 6096
3 6032 6300 6092
3 6093 6302 6030
3 6094 6299 6023
3 6036 6192 6083
3 6014 6306 6096
3 6093 6305 6013
3 861 6146 6139
3 6158 6316 6014
3 6013 6315 6154
3 342 6148 6136
3 837 6147 6135
3 6113 6311 6033
3 6043 6232 6099
3 6033 6311 6163
3 6018 6170 6110
3 6017 6171 6111
3 337 6255 6121
3 842 6258 6120
3 6098 6303 6011
3 6029 6237 6120
3 6028 6238 6121
3 824 6285 6203
3 6023 6159 6094
3 6097 6308 6012
3 6035 6232 6191
3 825 6285 824
3 6122 6237 6029
3 6123 6238 6028
3 846 6217 845
3 6100 6250 6054
3 6102 6248 6055
3 6059 6251 6105
3 6062 6256 6101
3 6103 6254 6060
3 6058 6249 6104
3 6106 6253 6057
3 6096 6306 6178
3 6182 6305 6093
3 6031 6181 6091
3 6095 6179 6031
3 6032 6183 6090
3 6030 6182 6093
3 6096 6178 6030
3 6144 6190 6043
3 6072 6190 6144
3 6011 6187 6087
3 6031 6223 6116
3 6114 6224 6030
3 6030 6224 6115
3 6112 6223 6031
3 6032 6225 6117
3 6143 6149 373
3 6083 6290 6036
3 6042 6288 6082
3 6172 6303 6098
3 6022 6300 6155
3 6156 6300 6022
3 6160 6301 6024
3 6024 6301 6157
3 6158 6302 6025
3 6025 6302 6154
3 6118 6225 6032
3 6022 6155 6101
3 6106 6158 6025
3 6102 6160 6024
3 6092 6300 6156
3 6155 6300 6090
3 6095 6301 6160
3 6157 6301 6091
3 6096 6302 6158
3 6154 6302 6093
3 6092 6184 6032
3 6144 6174 376
3 6051 6230 6083
3 6087 6310 6021
3 6173 6308 6097
3 6021 6226 6085
3 6027 6334 6218
3 6110 6365 6284
3 6086 6336 6015
3 6084 6269 6051
3 6052 6235 6085
3 6085 6235 6021
3 6036 6360 6291
3 6036 6291 6165
3 6010 6362 6159
3 6155 6361 6016
3 6157 6363 6016
3 6010 6364 6160
3 6083 6320 6051
3 6033 6299 6180
3 6226 6356 6086
3 6054 6156 6100
3 6055 6160 6102
3 6060 6159 6103
3 6105 6157 6059
3 6104 6154 6058
3 6101 6155 6062
3 6057 6158 6106
3 6190 6232 6043
3 6180 6299 6094
3 6086 6286 6226
3 6015 6296 6089
3 6111 6295 6017
3 6031 6179 6112
3 6033 6180 6113
3 6030 6178 6114
3 6116 6181 6031
3 6115 6182 6030
3 6117 6183 6032
3 6110 6284 6222
3 6051 6209 6084
3 6284 6365 6026
3 6336 6356 6127
3 6065 6245 6118
3 6318 6357 6156
3 357 6328 6175
3 864 6166 6145
3 6063 6257 6114
3 6116 6256 6062
3 6117 6251 6059
3 6055 6248 6113
3 6115 6252 6056
3 6060 6254 6112
3 6045 6336 6127
3 6218 6294 6027
3 6085 6231 6052
3 6015 6286 6086
3 6139 6146 6041
3 6032 6184 6118
3 6136 6148 6037
3 6135 6147 6039
3 6256 6346 6101
3 6251 6347 6105
3 6100 6345 6250
3 6249 6350 6104
3 6102 6348 6248
3 6103 6349 6254
3 6106 6351 6253
3 6216 6230 6081
3 819 6269 6084
3 862 6146 861
3 838 6147 837
3 341 6148 342
3 6023 6220 6129
3 6129 6220 6066
3 6121 6255 6061
3 6120 6258 6064
3 6027 6177 6141
3 6218 6334 6097
3 6087 6297 6011
3 6020 6230 6216
3 6161 6264 6017
3 6162 6265 6018
3 6021 6235 6087
3 6034 6261 6119
3 6026 6205 6142
3 6210 6231 355
3 6190 6204 6019
3 6072 6204 6190
3 6017 6264 6185
3 6018 6265 6186
3 6156 6357 6092
3 6011 6219 6098
3 6035 6200 6099
3 6124 6162 6067
3 6125 6161 6068
3 6120 6172 6029
3 6121 6173 6028
3 6044 6149 6143
3 6039 6186 6109
3 6037 6185 6108
3 357 6175 358
3 6026 6319 6205
3 6099 6193 6043
3 6008 6193 6099
3 6089 6327 6015
3 6159 6362 6094
3 6090 6361 6155
3 6160 6364 6095
3 6091 6363 6157
3 6014 6195 6109
3 6109 6198 6014
3 6013 6196 6108
3 6108 6197 6013
3 864 6145 863
3 375 6144 376
3 6099 6200 6008
3 6202 6244 6008
3 6145 6236 863
3 6141 6221 6027
3 6068 6221 6141
3 376 6174 377
3 6040 6162 6124
3 6038 6161 6125
3 6157 6354 6024
3 6022 6353 6156
3 6154 6355 6025
3 6007 6243 6201
3 6044 6194 6107
3 6064 6172 6120
3 6061 6173 6121
3 6122 6170 6071
3 6029 6170 6122
3 6123 6171 6070
3 6028 6171 6123
3 6188 6194 6009
3 6108 6196 6037
3 6109 6195 6039
3 6038 6197 6108
3 6040 6198 6109
3 6107 6199 6019
3 6114 6178 6063
3 6056 6182 6115
3 6112 6179 6060
3 6059 6183 6117
3 6062 6181 6116
3 6113 6180 6055
3 6088 6234 334
3 6124 6278 6040
3 6125 6279 6038
3 865 6166 864
3 6086 6356 6336
3 6107 6204 6044
3 6118 6184 6065
3 6105 6354 6157
3 6156 6353 6100
3 6104 6355 6154
3 373 6149 374
3 6221 6295 6111
3 6021 6310 6127
3 6210 6213 6052
3 6080 6213 6210
3 6019 6204 6107
3 6089 6220 6023
3 334 6291 6088
3 6153 6333 6048
3 6049 6332 6152
3 6047 6330 6151
3 6150 6331 6046
3 819 6214 818
3 6023 6358 6159
3 6048 6333 6133
3 6134 6332 6049
3 6046 6331 6131
3 6132 6330 6047
3 354 6210 355
3 375 6259 6144
3 6130 6261 6034
3 6053 6212 6208
3 6208 6212 6074
3 6163 6233 6033
3 6074 6233 6163
3 6017 6281 6171
3 6018 6280 6170
3 6019 6199 6191
3 6191 6199 6069
3 6036 6290 6126
3 359 6208 360
3 6040 6278 6138
3 6038 6279 6137
3 844 6130 843
3 6009 6357 6318
3 6203 6211 6050
3 6073 6211 6203
3 6175 6328 6085
3 6126 6360 6036
3 6140 6234 6042
3 6008 6244 6207
3 6042 6359 6288
3 6206 6243 6007
3 362 6311 6113
3 6159 6358 6103
3 6288 6359 6126
3 355 6231 356
3 6159 6272 6010
3 6160 6270 6010
3 6016 6273 6155
3 6016 6271 6157
3 6066 6167 6128
3 6128 6167 6045
3 6199 6307 6041
3 6107 6307 6199
3 6187 6310 6087
3 6012 6218 6097
3 831 6137 830
3 342 6136 343
3 837 6135 836
3 348 6138 349
3 861 6139 860
3 6043 6174 6144
3 335 6140 336
3 372 6143 373
3 6208 6275 360
3 6119 6323 6034
3 823 6164 822
3 6162 6222 6067
3 6171 6366 6111
3 6164 6312 822
3 6152 6243 6049
3 6046 6244 6150
3 6034 6310 6187
3 6201 6282 6007
3 6028 6366 6171
3 6077 6243 6152
3 6150 6244 6078
3 6101 6353 6022
3 6025 6355 6106
3 6024 6354 6102
3 354 6304 6210
3 6018 6222 6162
3 6015 6336 6167
3 6020 6369 6288
3 6127 6356 6021
3 6145 6166 6035
3 6108 6264 6038
3 6109 6265 6040
3 6007 6282 6209
3 6110 6222 6018
3 6133 6214 6048
3 6131 6317 6046
3 6188 6307 6194
3 6069 6236 6145
3 6029 6335 6170
3 6170 6335 6110
3 6172 6335 6029
3 6034 6323 6127
3 6089 6296 6220
3 6234 6359 6042
3 6049 6314 6134
3 6047 6313 6132
3 6084 6282 6214
3 6098 6335 6172
3 6124 6247 350
3 6125 6246 829
3 6214 6282 6048
3 6027 6294 6177
3 6119 6261 845
3 6144 6259 6072
3 6082 6324 6189
3 6230 6290 6083
3 6115 6224 345
3 346 6224 6114
3 853 6223 6112
3 6116 6223 854
3 6117 6225 369
3 378 6176 379
3 639 6151 638
3 641 6150 640
3 576 6152 577
3 574 6153 575
3 330 6169 331
3 867 6168 866
3 370 6225 6118
3 378 6268 6176
3 6192 6320 6083
3 6081 6312 6164
3 6216 6369 6020
3 6046 6317 6176
3 6121 6238 338
3 6120 6237 841
3 6169 6314 6049
3 6168 6313 6047
3 6169 6267 331
3 6085 6226 6175
3 6127 6323 6045
3 6168 6266 866
3 6177 6285 826
3 6173 6366 6028
3 332 6165 333
3 350 6278 6124
3 829 6279 6125
3 6130 6258 843
3 840 6237 6122
3 339 6238 6123
3 6071 6326 6122
3 6070 6325 6123
3 6097 6366 6173
3 6122 6326 840
3 6123 6325 339
3 6045 6217 6128
3 6064 6258 6130
3 6026 6365 6219
3 6066 6309 6129
3 6021 6356 6226
3 826 6285 825
3 6129 6358 6023
3 831 6249 6137
3 6136 6252 343
3 6135 6253 836
3 348 6257 6138
3 6051 6269 6215
3 6139 6250 860
3 6034 6373 6130
3 6140 6255 336
3 6076 6206 6192
3 6137 6249 6058
3 6138 6257 6063
3 6056 6252 6136
3 6057 6253 6135
3 6242 6374 847
3 6127 6310 6034
3 6054 6250 6139
3 6061 6255 6140
3 6176 6268 6079
3 6192 6206 6007
3 6211 6324 6050
3 6020 6290 6230
3 6141 6292 6068
3 6142 6293 6067
3 6291 6360 6088
3 6324 6369 6050
3 6128 6374 6242
3 6076 6267 6169
3 6075 6266 6168
3 6164 6216 6081
3 6068 6246 6125
3 6067 6247 6124
3 6041 6368 6139
3 6140 6367 6061
3 6193 6207 6079
3 6202 6352 6047
3 6213 6219 6011
3 6008 6207 6193
3 6045 6323 6217
3 6143 6245 6065
3 372 6245 6143
3 6217 6323 6119
3 6051 6320 6209
3 6184 6260 6065
3 6007 6320 6192
3 6241 6352 6202
3 849 6287 6129
3 6189 6324 6012
3 573 6339 6333
3 6332 6340 578
3 642 6338 6331
3 6330 6337 637
3 6128 6242 6066
3 335 6234 6140
3 6267 6298 6165
3 350 6247 351
3 829 6246 828
3 6050 6216 6164
3 868 6337 6132
3 329 6340 6134
3 6052 6231 6210
3 6219 6365 6098
3 6131 6338 6317
3 6150 6276 640
3 639 6276 6151
3 576 6277 6152
3 6153 6277 575
3 6147 6262 6039
3 6071 6262 6147
3 6070 6263 6148
3 6148 6263 6037
3 6088 6359 6234
3 332 6267 6165
3 6132 6313 868
3 6164 6289 6050
3 6134 6314 329
3 6130 6373 6064
3 6185 6281 6017
3 6186 6280 6018
3 6129 6309 849
3 844 6261 6130
3 6074 6275 6208
3 361 6275 6163
3 6212 6286 6015
3 6011 6297 6213
3 6139 6368 6054
3 6205 6304 353
3 6317 6338 380
3 6042 6367 6140
3 848 6242 847
3 353 6304 354
3 6053 6274 6175
3 6288 6369 6082
3 6133 6343 6214
3 6137 6279 830
3 6138 6278 349
3 6145 6370 6069
3 6019 6232 6190
3 6191 6232 6019
3 6151 6276 6078
3 6078 6276 6150
3 6077 6277 6153
3 6152 6277 6077
3 6149 6259 374
3 6072 6259 6149
3 6226 6286 6053
3 6219 6319 6026
3 821 6215 820
3 6163 6311 361
3 6146 6372 6041
3 6067 6284 6142
3 6333 6339 6133
3 6134 6340 6332
3 6331 6338 6131
3 6132 6337 6330
3 6142 6284 6026
3 334 6234 335
3 6146 6236 6069
3 862 6236 6146
3 6212 6327 6074
3 6147 6240 6071
3 6148 6239 6070
3 838 6240 6147
3 341 6239 6148
3 6050 6289 6203
3 6065 6283 6143
3 6143 6283 6044
3 6203 6285 6073
3 6076 6298 6267
3 6184 6357 6260
3 6175 6226 6053
3 845 6261 844
3 830 6279 829
3 349 6278 350
3 6078 6244 6202
3 6242 6309 6066
3 6201 6243 6077
3 6208 6274 6053
3 6157 6271 6059
3 6155 6273 6062
3 6055 6270 6160
3 6060 6272 6159
3 6074 6327 6233
3 6044 6283 6194
3 6211 6218 6012
3 6035 6370 6145
3 6200 6241 6008
3 6161 6295 6068
3 333 6291 334
3 6069 6372 6146
3 6073 6218 6211
3 820 6269 819
3 642 6331 641
3 638 6330 637
3 573 6333 574
3 577 6332 578
3 6008 6241 6202
3 360 6275 361
3 6067 6293 6247
3 6068 6292 6246
3 6038 6264 6161
3 6040 6265 6162
3 6054 6318 6156
3 6154 6315 6058
3 6057 6316 6158
3 6263 6281 6185
3 6262 6280 6186
3 6312 6371 6215
3 6080 6219 6213
3 854 6223 853
3 345 6224 346
3 369 6225 370
3 6166 6266 6075
3 641 6331 6150
3 6151 6330 638
3 6152 6332 577
3 574 6333 6153
3 865 6266 6166
3 338 6238 339
3 841 6237 840
3 6163 6275 6074
3 339 6325 340
3 840 6326 839
3 858 6227 857
3 365 6228 366
3 834 6229 833
3 6048 6321 6153
3 6151 6322 6047
3 361 6311 362
3 6233 6299 6033
3 6089 6299 6233
3 6017 6295 6161
3 6221 6334 6027
3 6111 6334 6221
3 821 6312 6215
3 868 6313 867
3 329 6314 330
3 6079 6268 6174
3 850 6287 849
3 6064 6373 6187
3 6210 6304 6080
3 6174 6268 377
3 6075 6241 6200
3 6166 6329 6035
3 6061 6308 6173
3 6066 6296 6167
3 6203 6289 824
3 6064 6303 6172
3 379 6317 380
3 6186 6265 6109
3 6185 6264 6108
3 823 6289 6164
3 6165 6291 333
3 6194 6307 6107
3 6047 6352 6168
3 6165 6298 6036
3 6178 6306 6063
3 6056 6305 6182
3 6037 6263 6185
3 6039 6262 6186
3 6170 6280 6071
3 6171 6281 6070
3 6175 6274 358
3 6075 6329 6166
3 6054 6368 6188
3 6189 6367 6042
3 6180 6270 6055
3 6179 6272 6060
3 6062 6273 6181
3 6059 6271 6183
3 824 6289 823
3 6167 6336 6045
3 6167 6296 6015
3 6194 6260 6009
3 863 6236 862
3 6187 6303 6064
3 340 6239 341
3 839 6240 838
3 6168 6352 6075
3 6240 6326 6071
3 6239 6325 6070
3 6078 6322 6151
3 6153 6321 6077
3 6049 6243 6206
3 6188 6318 6054
3 6207 6244 6046
3 6189 6308 6061
3 6073 6285 6177
3 867 6313 6168
3 6174 6344 6079
3 330 6314 6169
3 6177 6294 6073
3 26 6337 868
3 817 6339 23
3 380 6338 5
3 0 6340 329
3 826 6342 6177
3 6177 6342 6141
3 6196 6305 6056
3 6063 6306 6198
3 6195 6316 6057
3 6058 6315 6197
3 6191 6370 6035
3 371 6245 372
3 6095 6364 6179
3 6094 6362 6180
3 6183 6361 6090
3 6181 6363 6091
3 6043 6344 6174
3 852 6254 851
3 856 6256 855
3 832 6249 831
3 363 6248 364
3 860 6250 859
3 343 6252 344
3 836 6253 835
3 347 6257 348
3 336 6255 337
3 843 6258 842
3 367 6251 368
3 6227 6345 6100
3 858 6345 6227
3 6227 6346 857
3 6229 6350 833
3 6104 6350 6229
3 834 6351 6229
3 6229 6351 6106
3 6101 6346 6227
3 365 6348 6228
3 6228 6348 6102
3 6228 6347 366
3 6105 6347 6228
3 374 6259 375
3 6176 6317 379
3 6192 6298 6076
3 6035 6329 6200
3 6198 6306 6014
3 6013 6305 6196
3 6092 6357 6184
3 6194 6283 6260
3 6014 6316 6195
3 6197 6315 6013
3 6041 6372 6199
3 6199 6372 6069
3 6288 6290 6020
3 6126 6290 6288
3 6036 6298 6192
3 6011 6303 6187
3 6187 6373 6034
3 6209 6282 6084
3 359 6274 6208
3 358 6274 359
3 6048 6282 6201
3 866 6266 865
3 331 6267 332
3 6041 6307 6188
3 377 6268 378
3 6012 6308 6189
3 6188 6368 6041
3 6009 6318 6188
3 6061 6367 6189
3 6069 6370 6191
3 6081 6371 6312
3 637 6337 26
3 5 6338 642
3 578 6340 0
3 23 6339 573
3 6248 6348 364
3 6250 6345 859
3 6254 6349 851
3 367 6347 6251
3 856 6346 6256
3 832 6350 6249
3 6253 6351 835
3 6202 6322 6078
3 6077 6321 6201
3 6079 6344 6193
3 6193 6344 6043
3 640 6276 639
3 575 6277 576
3 6200 6329 6075
3 6201 6321 6048
3 6047 6322 6202
3 849 6309 848
3 6215 6269 820
3 6080 6304 6205
3 828 6292 827
3 351 6293 352
3 6205 6319 6080
3 818 6343 817
3 6227 6353 6101
3 6106 6355 6229
3 6102 6354 6228
3 6205 6341 6142
3 353 6341 6205
3 822 6312 821
3 356 6328 357
3 6142 6341 6293
3 6293 6341 352
3 6292 6342 827
3 6141 6342 6292
3 6233 6327 6089
3 6053 6286 6212
3 6073 6294 6218
3 847 6374 846
3 6260 6357 6009
3 352 6341 353
3 827 6342 826
3 859 6345 858
3 857 6346 856
3 851 6349 850
3 366 6347 367
3 835 6351 834
3 364 6348 365
3 833 6350 832
3 6220 6296 6066
3 6209 6320 6007
3 6213 6297 6052
3 817 6343 6339
3 6068 6295 6221
3 6339 6343 6133
3 6012 6324 6211
3 6222 6284 6067
3 6015 6327 6212
3 6080 6319 6219
3 6214 6343 818
3 6215 6371 6051
3 846 6374 6217
3 6082 6369 6324
3 6050 6369 6216
3 6235 6297 6087
3 6052 6297 6235
3 6070 6281 6263
3 6071 6280 6262
3 6217 6374 6128
3 6260 6283 6065
3 6231 6328 356
3 6247 6293 351
3 6246 6292 828
3 6075 6352 6241
3 6085 6328 6231
3 6230 6371 6081
3 6051 6371 6230
3 6228 6354 6105
3 6100 6353 6227
3 6229 6355 6104
3 848 6309 6242
3 340 6325 6239
3 839 6326 6240
3 850 6349 6287
3 6287 6349 6103
3 6179 6364 6272
3 6272 6364 6010
3 6016 6363 6273
3 6270 6362 6010
3 6273 6363 6181
3 6180 6362 6270
3 6271 6361 6183
3 6016 6361 6271
3 6103 6358 6287
3 6287 6358 6129
3 6111 6366 6334
3 6335 6365 6110
3 6334 6366 6097
3 6098 6365 6335
3 6359 6360 6126
3 6088 6360 6359
3 764 6433 6
3 6433 213 6
3 6432 432 7
3 211 6432 7
3 6431 713 3
3 89 6431 3
3 381 6430 2
3 6430 91 2
3 6485 6377 6375
3 6433 764 6429
3 6433 212 213
3 6377 6485 6427
3 432 6432 6428
3 212 6432 211
3 6485 714 6427
3 713 6431 6427
3 90 6431 89
3 6377 6436 6375
3 6430 381 6426
3 6430 90 91
3 6436 6377 6426
3 763 6429 764
3 382 6436 6426
3 6533 6376 6435
3 6428 431 432
3 763 6533 6435
3 6376 6484 6434
3 6427 714 713
3 6484 431 6434
3 6424 6533 6532
3 382 6426 381
3 6484 6424 6483
3 6424 6532 6423
3 6483 6424 6423
3 6423 6532 6531
3 6483 6423 6482
3 6423 6531 6422
3 6482 6423 6422
3 6422 6531 6530
3 6482 6422 6481
3 6422 6530 6421
3 6481 6422 6421
3 6421 6530 6529
3 6481 6421 6480
3 6421 6529 6420
3 6480 6421 6420
3 6420 6529 6528
3 6480 6420 6479
3 6420 6528 6419
3 6479 6420 6419
3 6419 6528 6527
3 6479 6419 6478
3 6419 6527 6418
3 6478 6419 6418
3 6418 6527 6526
3 6478 6418 6477
3 6418 6526 6417
3 6477 6418 6417
3 6417 6526 6525
3 6477 6417 6476
3 6417 6525 6416
3 6476 6417 6416
3 6416 6525 6524
3 6476 6416 6475
3 6416 6524 6415
3 6475 6416 6415
3 6415 6524 6523
3 6475 6415 6474
3 6415 6523 6414
3 6474 6415 6414
3 6414 6523 6522
3 6474 6414 6473
3 6414 6522 6413
3 6473 6414 6413
3 6413 6522 6521
3 6473 6413 6472
3 6413 6521 6412
3 6472 6413 6412
3 6412 6521 6520
3 6472 6412 6471
3 6412 6520 6411
3 6471 6412 6411
3 6411 6520 6519
3 6471 6411 6470
3 6411 6519 6410
3 6470 6411 6410
3 6410 6519 6518
3 6470 6410 6469
3 6410 6518 6409
3 6469 6410 6409
3 6409 6518 6517
3 6469 6409 6468
3 6409 6517 6408
3 6468 6409 6408
3 6408 6517 6516
3 6468 6408 6467
3 6408 6516 6407
3 6467 6408 6407
3 6407 6516 6515
3 6467 6407 6466
3 6407 6515 6406
3 6466 6407 6406
3 6406 6515 6514
3 6466 6406 6465
3 6406 6514 6405
3 6465 6406 6405
3 6405 6514 6513
3 6465 6405 6464
3 6405 6513 6404
3 6464 6405 6404
3 6404 6513 6512
3 6464 6404 6463
3 6404 6512 6403
3 6463 6404 6403
3 6403 6512 6511
3 6463 6403 6462
3 6403 6511 6402
3 6462 6403 6402
3 6402 6511 6510
3 6462 6402 6461
3 6402 6510 6401
3 6461 6402 6401
3 6401 6510 6509
3 6461 6401 6460
3 6401 6509 6400
3 6460 6401 6400
3 6400 6509 6508
3 6460 6400 6459
3 6400 6508 6399
3 6459 6400 6399
3 6399 6508 6507
3 6459 6399 6458
3 6399 6507 6398
3 6458 6399 6398
3 6398 6507 6506
3 6458 6398 6457
3 6398 6506 6397
3 6457 6398 6397
3 6397 6506 6505
3 6457 6397 6456
3 6397 6505 6396
3 6456 6397 6396
3 6396 6505 6504
3 6456 6396 6455
3 6396 6504 6395
3 6455 6396 6395
3 6395 6504 6503
3 6455 6395 6454
3 6395 6503 6394
3 6454 6395 6394
3 6394 6503 6502
3 6454 6394 6453
3 6394 6502 6393
3 6453 6394 6393
3 6393 6502 6501
3 6453 6393 6452
3 6393 6501 6392
3 6452 6393 6392
3 6392 6501 6500
3 6452 6392 6451
3 6392 6500 6391
3 6451 6392 6391
3 6391 6500 6499
3 6451 6391 6450
3 6391 6499 6390
3 6450 6391 6390
3 6390 6499 6498
3 6450 6390 6449
3 6390 6498 6389
3 6449 6390 6389
3 6389 6498 6497
3 6449 6389 6448
3 6389 6497 6388
3 6448 6389 6388
3 6388 6497 6496
3 6448 6388 6447
3 6388 6496 6387
3 6447 6388 6387
3 6387 6496 6495
3 6447 6387 6446
3 6387 6495 6386
3 6446 6387 6386
3 6386 6495 6494
3 6446 6386 6445
3 6386 6494 6385
3 6445 6386 6385
3 6385 6494 6493
3 6445 6385 6444
3 6385 6493 6384
3 6444 6385 6384
3 6384 6493 6492
3 6444 6384 6443
3 6384 6492 6383
3 6443 6384 6383
3 6383 6492 6491
3 6443 6383 6442
3 6383 6491 6382
3 6442 6383 6382
3 6382 6491 6490
3 6442 6382 6441
3 6382 6490 6381
3 6441 6382 6381
3 6381 6490 6489
3 6441 6381 6440
3 6381 6489 6380
3 6440 6381 6380
3 6380 6489 6488
3 6440 6380 6439
3 6380 6488 6379
3 6439 6380 6379
3 6379 6488 6487
3 6439 6379 6438
3 6379 6487 6378
3 6438 6379 6378
3 6378 6487 6486
3 6438 6378 6437
3 6486 6375 6378
3 6375 6437 6378
3 6533 762 6532
3 6532 761 6531
3 6531 760 6530
3 6530 759 6529
3 6529 758 6528
3 6528 757 6527
3 6527 756 6526
3 6526 755 6525
3 6525 754 6524
3 6524 753 6523
3 6523 752 6522
3 6522 751 6521
3 6521 750 6520
3 6520 749 6519
3 6519 748 6518
3 6518 747 6517
3 6517 746 6516
3 6516 745 6515
3 6515 744 6514
3 6514 743 6513
3 6513 742 6512
3 6512 741 6511
3 6511 740 6510
3 6510 739 6509
3 6509 738 6508
3 6508 737 6507
3 6507 736 6506
3 6506 735 6505
3 6505 734 6504
3 6504 733 6503
3 6503 732 6502
3 6502 731 6501
3 6501 730 6500
3 6500 729 6499
3 6499 728 6498
3 6498 727 6497
3 6497 726 6496
3 6496 725 6495
3 6495 724 6494
3 6494 723 6493
3 6493 722 6492
3 6492 721 6491
3 6491 720 6490
3 6490 719 6489
3 6489 718 6488
3 6488 717 6487
3 6487 716 6486
3 6375 6486 6485
3 6534 6427 6431
3 6486 715 6485
3 430 6484 6483
3 429 6483 6482
3 428 6482 6481
3 427 6481 6480
3 426 6480 6479
3 425 6479 6478
3 424 6478 6477
3 423 6477 6476
3 422 6476 6475
3 421 6475 6474
3 420 6474 6473
3 419 6473 6472
3 418 6472 6471
3 417 6471 6470
3 416 6470 6469
3 415 6469 6468
3 414 6468 6467
3 413 6467 6466
3 412 6466 6465
3 411 6465 6464
3 410 6464 6463
3 409 6463 6462
3 408 6462 6461
3 407 6461 6460
3 406 6460 6459
3 405 6459 6458
3 404 6458 6457
3 403 6457 6456
3 402 6456 6455
3 401 6455 6454
3 400 6454 6453
3 399 6453 6452
3 398 6452 6451
3 397 6451 6450
3 396 6450 6449
3 395 6449 6448
3 394 6448 6447
3 393 6447 6446
3 392 6446 6445
3 391 6445 6444
3 390 6444 6443
3 389 6443 6442
3 388 6442 6441
3 387 6441 6440
3 386 6440 6439
3 385 6439 6438
3 384 6438 6437
3 6437 6375 6436
3 90 6534 6431
3 383 6437 6436
3 6426 6534 6430
3 6534 90 6430
3 6429 6535 6433
3 6535 212 6433
3 6535 6428 6432
3 212 6535 6432
3 6449 395 396
3 6450 396 397
3 6451 397 398
3 6452 398 399
3 6453 399 400
3 6448 394 395
3 6454 400 401
3 6425 6434 6428
3 6434 6425 6376
3 6434 431 6428
3 6455 401 402
3 6456 402 403
3 6457 403 404
3 6535 6425 6428
3 6425 6535 6429
3 6435 6425 6429
3 6425 6435 6376
3 763 6435 6429
3 6436 382 383
3 6377 6534 6426
3 6534 6377 6427
3 6376 6533 6424
3 762 6533 763
3 761 6532 762
3 760 6531 761
3 759 6530 760
3 6437 383 384
3 758 6529 759
3 757 6528 758
3 756 6527 757
3 755 6526 756
3 754 6525 755
3 753 6524 754
3 752 6523 753
3 6438 384 385
3 751 6522 752
3 750 6521 751
3 749 6520 750
3 748 6519 749
3 747 6518 748
3 746 6517 747
3 745 6516 746
3 6439 385 386
3 744 6515 745
3 743 6514 744
3 742 6513 743
3 741 6512 742
3 740 6511 741
3 739 6510 740
3 738 6509 739
3 6440 386 387
3 737 6508 738
3 736 6507 737
3 735 6506 736
3 734 6505 735
3 733 6504 734
3 732 6503 733
3 731 6502 732
3 6441 387 388
3 730 6501 731
3 729 6500 730
3 728 6499 729
3 727 6498 728
3 726 6497 727
3 725 6496 726
3 724 6495 725
3 6442 388 389
3 723 6494 724
3 722 6493 723
3 721 6492 722
3 720 6491 721
3 719 6490 720
3 718 6489 719
3 717 6488 718
3 6443 389 390
3 716 6487 717
3 715 6486 716
3 714 6485 715
3 6484 6376 6424
3 6484 430 431
3 6483 429 430
3 6482 428 429
3 6444 390 391
3 6481 427 428
3 6480 426 427
3 6479 425 426
3 6478 424 425
3 6477 423 424
3 6476 422 423
3 6475 421 422
3 6445 391 392
3 6474 420 421
3 6473 419 420
3 6472 418 419
3 6471 417 418
3 6470 416 417
3 6469 415 416
3 6468 414 415
3 6446 392 393
3 6467 413 414
3 6466 412 413
3 6465 411 412
3 6464 410 411
3 6463 409 410
3 6462 408 409
3 6461 407 408
3 6447 393 394
3 6460 406 407
3 6459 405 406
3 6458 404 405
3 875 6594 28
3 6594 872 28
3 6593 926 27
3 871 6593 27
3 6592 869 26
3 868 6592 26
3 874 6591 23
3 6591 817 23
3 6596 6537 6694
3 6594 875 6590
3 6594 873 872
3 925 6596 6694
3 926 6593 6589
3 870 6593 871
3 6592 868 6588
3 6592 870 869
3 6538 6646 6536
3 817 6591 6587
3 873 6591 874
3 6646 6538 6590
3 876 6646 6590
3 876 6590 875
3 6597 6538 6536
3 6538 6597 6587
3 6589 925 926
3 6597 818 6587
3 6645 6537 6595
3 867 6645 6595
3 867 6588 868
3 6694 6585 6693
3 6585 6645 6644
3 6587 818 817
3 6693 6585 6584
3 6585 6644 6584
3 6693 6584 6692
3 6584 6644 6643
3 6692 6584 6583
3 6584 6643 6583
3 6692 6583 6691
3 6583 6643 6642
3 6691 6583 6582
3 6583 6642 6582
3 6691 6582 6690
3 6582 6642 6641
3 6690 6582 6581
3 6582 6641 6581
3 6690 6581 6689
3 6581 6641 6640
3 6689 6581 6580
3 6581 6640 6580
3 6689 6580 6688
3 6580 6640 6639
3 6688 6580 6579
3 6580 6639 6579
3 6688 6579 6687
3 6579 6639 6638
3 6687 6579 6578
3 6579 6638 6578
3 6687 6578 6686
3 6578 6638 6637
3 6686 6578 6577
3 6578 6637 6577
3 6686 6577 6685
3 6577 6637 6636
3 6685 6577 6576
3 6577 6636 6576
3 6685 6576 6684
3 6576 6636 6635
3 6684 6576 6575
3 6576 6635 6575
3 6684 6575 6683
3 6575 6635 6634
3 6683 6575 6574
3 6575 6634 6574
3 6683 6574 6682
3 6574 6634 6633
3 6682 6574 6573
3 6574 6633 6573
3 6682 6573 6681
3 6573 6633 6632
3 6681 6573 6572
3 6573 6632 6572
3 6681 6572 6680
3 6572 6632 6631
3 6680 6572 6571
3 6572 6631 6571
3 6680 6571 6679
3 6571 6631 6630
3 6679 6571 6570
3 6571 6630 6570
3 6679 6570 6678
3 6570 6630 6629
3 6678 6570 6569
3 6570 6629 6569
3 6678 6569 6677
3 6569 6629 6628
3 6677 6569 6568
3 6569 6628 6568
3 6677 6568 6676
3 6568 6628 6627
3 6676 6568 6567
3 6568 6627 6567
3 6676 6567 6675
3 6567 6627 6626
3 6675 6567 6566
3 6567 6626 6566
3 6675 6566 6674
3 6566 6626 6625
3 6674 6566 6565
3 6566 6625 6565
3 6674 6565 6673
3 6565 6625 6624
3 6673 6565 6564
3 6565 6624 6564
3 6673 6564 6672
3 6564 6624 6623
3 6672 6564 6563
3 6564 6623 6563
3 6672 6563 6671
3 6563 6623 6622
3 6671 6563 6562
3 6563 6622 6562
3 6671 6562 6670
3 6562 6622 6621
3 6670 6562 6561
3 6562 6621 6561
3 6670 6561 6669
3 6561 6621 6620
3 6669 6561 6560
3 6561 6620 6560
3 6669 6560 6668
3 6560 6620 6619
3 6668 6560 6559
3 6560 6619 6559
3 6668 6559 6667
3 6559 6619 6618
3 6667 6559 6558
3 6559 6618 6558
3 6667 6558 6666
3 6558 6618 6617
3 6666 6558 6557
3 6558 6617 6557
3 6666 6557 6665
3 6557 6617 6616
3 6665 6557 6556
3 6557 6616 6556
3 6665 6556 6664
3 6556 6616 6615
3 6664 6556 6555
3 6556 6615 6555
3 6664 6555 6663
3 6555 6615 6614
3 6663 6555 6554
3 6555 6614 6554
3 6663 6554 6662
3 6554 6614 6613
3 6662 6554 6553
3 6554 6613 6553
3 6662 6553 6661
3 6553 6613 6612
3 6661 6553 6552
3 6553 6612 6552
3 6661 6552 6660
3 6552 6612 6611
3 6660 6552 6551
3 6552 6611 6551
3 6660 6551 6659
3 6551 6611 6610
3 6659 6551 6550
3 6551 6610 6550
3 6659 6550 6658
3 6550 6610 6609
3 6658 6550 6549
3 6550 6609 6549
3 6658 6549 6657
3 6549 6609 6608
3 6657 6549 6548
3 6549 6608 6548
3 6657 6548 6656
3 6548 6608 6607
3 6656 6548 6547
3 6548 6607 6547
3 6656 6547 6655
3 6547 6607 6606
3 6655 6547 6546
3 6547 6606 6546
3 6655 6546 6654
3 6546 6606 6605
3 6654 6546 6545
3 6546 6605 6545
3 6654 6545 6653
3 6545 6605 6604
3 6653 6545 6544
3 6545 6604 6544
3 6653 6544 6652
3 6544 6604 6603
3 6652 6544 6543
3 6544 6603 6543
3 6652 6543 6651
3 6543 6603 6602
3 6651 6543 6542
3 6543 6602 6542
3 6651 6542 6650
3 6542 6602 6601
3 6650 6542 6541
3 6542 6601 6541
3 6650 6541 6649
3 6541 6601 6600
3 6649 6541 6540
3 6541 6600 6540
3 6649 6540 6648
3 6540 6600 6599
3 6648 6540 6539
3 6540 6599 6539
3 6648 6539 6647
3 6539 6599 6598
3 6536 6647 6539
3 6598 6536 6539
3 924 6694 6693
3 923 6693 6692
3 922 6692 6691
3 921 6691 6690
3 920 6690 6689
3 919 6689 6688
3 918 6688 6687
3 917 6687 6686
3 916 6686 6685
3 915 6685 6684
3 914 6684 6683
3 913 6683 6682
3 912 6682 6681
3 911 6681 6680
3 910 6680 6679
3 909 6679 6678
3 908 6678 6677
3 907 6677 6676
3 906 6676 6675
3 905 6675 6674
3 904 6674 6673
3 903 6673 6672
3 902 6672 6671
3 901 6671 6670
3 900 6670 6669
3 899 6669 6668
3 898 6668 6667
3 897 6667 6666
3 896 6666 6665
3 895 6665 6664
3 894 6664 6663
3 893 6663 6662
3 892 6662 6661
3 891 6661 6660
3 890 6660 6659
3 889 6659 6658
3 888 6658 6657
3 887 6657 6656
3 886 6656 6655
3 885 6655 6654
3 884 6654 6653
3 883 6653 6652
3 882 6652 6651
3 881 6651 6650
3 880 6650 6649
3 879 6649 6648
3 878 6648 6647
3 6647 6536 6646
3 6590 6696 6594
3 877 6647 6646
3 6645 866 6644
3 6644 865 6643
3 6643 864 6642
3 6642 863 6641
3 6641 862 6640
3 6640 861 6639
3 6639 860 6638
3 6638 859 6637
3 6637 858 6636
3 6636 857 6635
3 6635 856 6634
3 6634 855 6633
3 6633 854 6632
3 6632 853 6631
3 6631 852 6630
3 6630 851 6629
3 6629 850 6628
3 6628 849 6627
3 6627 848 6626
3 6626 847 6625
3 6625 846 6624
3 6624 845 6623
3 6623 844 6622
3 6622 843 6621
3 6621 842 6620
3 6620 841 6619
3 6619 840 6618
3 6618 839 6617
3 6617 838 6616
3 6616 837 6615
3 6615 836 6614
3 6614 835 6613
3 6613 834 6612
3 6612 833 6611
3 6611 832 6610
3 6610 831 6609
3 6609 830 6608
3 6608 829 6607
3 6607 828 6606
3 6606 827 6605
3 6605 826 6604
3 6604 825 6603
3 6603 824 6602
3 6602 823 6601
3 6601 822 6600
3 6600 821 6599
3 6599 820 6598
3 6536 6598 6597
3 6696 873 6594
3 6598 819 6597
3 6696 6587 6591
3 873 6696 6591
3 6695 6589 6593
3 870 6695 6593
3 6588 6695 6592
3 6695 870 6592
3 831 6610 832
3 832 6611 833
3 833 6612 834
3 834 6613 835
3 835 6614 836
3 830 6609 831
3 836 6615 837
3 6595 6586 6588
3 6586 6595 6537
3 867 6595 6588
3 837 6616 838
3 838 6617 839
3 839 6618 840
3 6696 6538 6587
3 6538 6696 6590
3 6586 6596 6589
3 6596 6586 6537
3 6596 925 6589
3 818 6597 819
3 6586 6695 6588
3 6695 6586 6589
3 6694 6537 6585
3 6694 924 925
3 6693 923 924
3 6692 922 923
3 6691 921 922
3 819 6598 820
3 6690 920 921
3 6689 919 920
3 6688 918 919
3 6687 917 918
3 6686 916 917
3 6685 915 916
3 6684 914 915
3 820 6599 821
3 6683 913 914
3 6682 912 913
3 6681 911 912
3 6680 910 911
3 6679 909 910
3 6678 908 909
3 6677 907 908
3 821 6600 822
3 6676 906 907
3 6675 905 906
3 6674 904 905
3 6673 903 904
3 6672 902 903
3 6671 901 902
3 6670 900 901
3 822 6601 823
3 6669 899 900
3 6668 898 899
3 6667 897 898
3 6666 896 897
3 6665 895 896
3 6664 894 895
3 6663 893 894
3 823 6602 824
3 6662 892 893
3 6661 891 892
3 6660 890 891
3 6659 889 890
3 6658 888 889
3 6657 887 888
3 6656 886 887
3 824 6603 825
3 6655 885 886
3 6654 884 885
3 6653 883 884
3 6652 882 883
3 6651 881 882
3 6650 880 881
3 6649 879 880
3 825 6604 826
3 6648 878 879
3 6647 877 878
3 6646 876 877
3 6537 6645 6585
3 866 6645 867
3 865 6644 866
3 864 6643 865
3 826 6605 827
3 863 6642 864
3 862 6641 863
3 861 6640 862
3 860 6639 861
3 859 6638 860
3 858 6637 859
3 857 6636 858
3 827 6606 828
3 856 6635 857
3 855 6634 856
3 854 6633 855
3 853 6632 854
3 852 6631 853
3 851 6630 852
3 850 6629 851
3 828 6607 829
3 849 6628 850
3 848 6627 849
3 847 6626 848
3 846 6625 847
3 845 6624 846
3 844 6623 845
3 843 6622 844
3 829 6608 830
3 842 6621 843
3 841 6620 842
3 840 6619 841
3 929 6750 24
3 6750 630 24
3 6749 874 23
3 585 6749 23
3 6727 6796 6807
3 6796 948 6807
3 948 6796 949
3 6798 6726 6812
3 958 6798 6812
3 6798 958 957
3 6725 6797 6811
3 6797 941 6811
3 630 6750 6746
3 928 6750 929
3 941 6797 942
3 6749 585 6745
3 6749 873 874
3 6800 6724 6816
3 965 6800 6816
3 6748 969 6744
3 6748 928 927
3 6800 965 964
3 930 6747 6743
3 873 6747 872
3 6723 6799 6815
3 6799 934 6815
3 6746 629 630
3 934 6799 935
3 6808 6716 6822
3 586 6745 585
3 952 6808 6822
3 968 6744 969
3 6808 952 951
3 6715 6807 6821
3 6743 931 930
3 6807 947 6821
3 947 6807 948
3 6812 6714 6826
3 959 6812 6826
3 6812 959 958
3 6713 6811 6825
3 6811 940 6825
3 940 6811 941
3 6816 6712 6830
3 966 6816 6830
3 6816 966 965
3 6711 6815 6829
3 6815 933 6829
3 933 6815 934
3 6770 6698 6752
3 968 6770 6752
3 6697 6769 6751
3 6769 931 6751
3 6766 6708 6720
3 6720 6780 6766
3 6780 961 6766
3 6707 6765 6719
3 6779 6719 6765
3 938 6779 6765
3 6762 6706 6718
3 6718 6778 6762
3 6778 954 6762
3 6705 6761 6717
3 6777 6717 6761
3 945 6777 6761
3 6744 6839 6748
3 6839 928 6748
3 6838 6743 6747
3 873 6838 6747
3 6830 6712 6754
3 6712 6760 6700
3 6700 6754 6712
3 6711 6829 6753
3 6759 6711 6699
3 6753 6699 6711
3 6826 6714 6756
3 6714 6764 6702
3 6702 6756 6714
3 6713 6825 6755
3 6763 6713 6701
3 6755 6701 6713
3 6822 6716 6758
3 6716 6768 6704
3 6704 6758 6716
3 6715 6821 6757
3 6767 6715 6703
3 6757 6703 6715
3 6832 6712 6724
3 6712 6816 6724
3 6711 6831 6723
3 6815 6711 6723
3 6828 6714 6726
3 6714 6812 6726
3 6713 6827 6725
3 6811 6713 6725
3 6824 6716 6728
3 6716 6808 6728
3 6715 6823 6727
3 6807 6715 6727
3 6814 6734 6792
3 6718 6820 6730
3 624 6814 6792
3 6733 6813 6791
3 6819 6717 6729
3 6813 591 6791
3 6810 6736 6794
3 6720 6818 6732
3 616 6810 6794
3 6735 6809 6793
3 6817 6719 6731
3 6809 599 6793
3 6814 6724 6734
3 6724 6800 6734
3 6723 6813 6733
3 6799 6723 6733
3 6810 6726 6736
3 6726 6798 6736
3 6725 6809 6735
3 6797 6725 6735
3 6833 6728 6781
3 6806 6728 6738
3 6728 6833 6738
3 6727 6805 6737
3 6796 6727 6737
3 6730 6835 6783
3 6730 6804 6740
3 6835 6730 6740
3 6834 6729 6782
3 6803 6729 6739
3 6729 6834 6739
3 6732 6837 6785
3 6732 6802 6742
3 6837 6732 6742
3 6836 6731 6784
3 6801 6731 6741
3 6731 6836 6741
3 6847 6698 6710
3 6837 6734 6787
3 6734 6837 6742
3 6792 6734 6742
3 6698 6847 6776
3 6733 6836 6786
3 6836 6733 6741
3 6733 6791 6741
3 6847 628 6776
3 6835 6736 6789
3 6736 6835 6740
3 6794 6736 6740
3 6697 6846 6709
3 6735 6834 6788
3 6834 6735 6739
3 6735 6793 6739
3 6737 6795 6738
3 6737 6833 6790
3 6833 6737 6738
3 6806 6738 6795
3 6742 6802 6792
3 6802 623 6792
3 623 6802 622
3 6801 6741 6791
3 592 6801 6791
3 6801 592 593
3 6740 6804 6794
3 6804 615 6794
3 615 6804 614
3 6803 6739 6793
3 600 6803 6793
3 6803 600 601
3 608 6806 6795
3 955 6783 956
3 6806 608 609
3 6737 6805 6795
3 6805 607 6795
3 607 6805 606
3 6846 6697 6775
3 587 6846 6775
3 6810 616 617
3 6778 6718 6730
3 6730 6783 6778
3 599 6809 598
3 6783 955 6778
3 6717 6777 6729
3 6814 624 625
3 6782 6729 6777
3 944 6782 6777
3 591 6813 590
3 6732 6818 6802
3 6818 622 6802
3 622 6818 621
3 6817 6731 6801
3 593 6817 6801
3 6817 593 594
3 6730 6820 6804
3 6820 614 6804
3 614 6820 613
3 6819 6729 6803
3 601 6819 6803
3 6819 601 602
3 6824 6728 6806
3 609 6824 6806
3 6824 609 610
3 6727 6823 6805
3 6823 606 6805
3 606 6823 605
3 6828 6726 6810
3 617 6828 6810
3 6828 617 618
3 6725 6827 6809
3 6827 598 6809
3 598 6827 597
3 6832 6724 6814
3 625 6832 6814
3 6832 625 626
3 6723 6831 6813
3 6831 590 6813
3 590 6831 589
3 6708 6843 6774
3 6843 620 6774
3 6842 6707 6773
3 595 6842 6773
3 6706 6841 6772
3 6841 612 6772
3 6840 6705 6771
3 603 6840 6771
3 6768 611 6704
3 604 6767 6703
3 6764 619 6702
3 596 6763 6701
3 6847 6700 6760
3 6847 6760 627
3 6708 6774 6720
3 6773 6707 6719
3 6706 6772 6718
3 6771 6705 6717
3 969 6748 29
3 6748 927 29
3 6747 930 28
3 872 6747 28
3 6758 6706 6762
3 6758 6704 6706
3 953 6758 6762
3 6705 6757 6761
3 6703 6757 6705
3 6757 946 6761
3 6756 6708 6766
3 6756 6702 6708
3 960 6756 6766
3 6707 6755 6765
3 6701 6755 6707
3 6755 939 6765
3 6754 6710 6770
3 6754 6700 6710
3 967 6754 6770
3 6709 6753 6769
3 6699 6753 6709
3 6753 932 6769
3 6720 6774 6818
3 6774 621 6818
3 6773 6719 6817
3 594 6773 6817
3 6718 6772 6820
3 6772 613 6820
3 6771 6717 6819
3 602 6771 6819
3 6768 6716 6824
3 610 6768 6824
3 6715 6767 6823
3 6767 605 6823
3 6764 6714 6828
3 618 6764 6828
3 6713 6763 6827
3 6763 597 6827
3 6760 6712 6832
3 626 6760 6832
3 6711 6759 6831
3 6759 589 6831
3 950 6833 6781
3 6835 956 6783
3 943 6834 6782
3 6837 963 6785
3 936 6836 6784
3 963 6837 6787
3 6836 936 6786
3 956 6835 6789
3 6834 943 6788
3 6833 950 6790
3 6737 6790 6796
3 6790 949 6796
3 6789 6736 6798
3 957 6789 6798
3 6735 6788 6797
3 6788 942 6797
3 6787 6734 6800
3 964 6787 6800
3 6733 6786 6799
3 6786 935 6799
3 6780 6720 6732
3 6732 6785 6780
3 6785 962 6780
3 6719 6779 6731
3 6784 6731 6779
3 6721 6751 6743
3 6751 6721 6697
3 6751 931 6743
3 937 6784 6779
3 6752 6722 6744
3 6722 6752 6698
3 968 6752 6744
3 932 6753 933
3 6775 6697 6721
3 6775 586 587
3 6781 6728 6808
3 6754 967 966
3 951 6781 6808
3 6847 6710 6700
3 629 6776 628
3 939 6755 940
3 6698 6776 6722
3 6709 6846 6699
3 6777 945 944
3 6756 960 959
3 954 6778 955
3 6843 6708 6702
3 6707 6842 6701
3 946 6757 947
3 6841 6706 6704
3 6705 6840 6703
3 6699 6846 6759
3 6758 953 952
3 628 6847 627
3 6759 6846 588
3 6846 587 588
3 589 6759 588
3 6845 928 6839
3 6845 6746 6750
3 6746 6845 6839
3 6760 626 627
3 928 6845 6750
3 873 6844 6838
3 6745 6844 6749
3 6761 946 945
3 6844 6745 6838
3 6844 873 6749
3 6843 6702 619
3 953 6762 954
3 620 6843 619
3 6701 6842 596
3 6842 595 596
3 597 6763 596
3 6841 6704 611
3 612 6841 611
3 6703 6840 604
3 6764 618 619
3 6840 603 604
3 6722 6839 6744
3 6839 6722 6746
3 6765 939 938
3 6838 6721 6743
3 6721 6838 6745
3 6779 938 937
3 960 6766 961
3 961 6780 962
3 6722 6776 6746
3 6776 629 6746
3 605 6767 604
3 6775 6721 6745
3 586 6775 6745
3 966 6830 6754
3 6768 610 611
3 6829 933 6753
3 959 6826 6756
3 6825 940 6755
3 6769 932 931
3 6769 6697 6709
3 952 6822 6758
3 6821 947 6757
3 967 6770 968
3 6698 6770 6710
3 962 6785 963
3 621 6774 620
3 6771 602 603
3 935 6786 936
3 6787 964 963
3 942 6788 943
3 613 6772 612
3 6773 594 595
3 6781 951 950
3 6782 944 943
3 6784 937 936
3 6795 607 608
3 6794 615 616
3 600 6793 599
3 6792 623 624
3 592 6791 591
3 949 6790 950
3 6789 957 956
3 869 6925 26
3 6925 712 26
3 6924 1033 25
3 643 6924 25
3 7064 6919 6923
3 1034 7064 6923
3 6918 7063 6922
3 7063 870 6922
3 6899 6985 7009
3 6985 1004 7009
3 1004 6985 1005
3 6984 6898 7008
3 712 6925 6921
3 870 6925 869
3 998 6984 7008
3 6924 643 6920
3 6924 1034 1033
3 6984 998 997
3 970 6923 6919
3 1034 6923 1035
3 6897 6987 7011
3 6987 1013 7011
3 6922 1032 6918
3 6922 870 871
3 1013 6987 1014
3 6986 6896 7010
3 6921 711 712
3 989 6986 7010
3 6986 989 988
3 644 6920 643
3 6895 6991 7015
3 6991 1022 7015
3 6919 971 970
3 1022 6991 1023
3 1031 6918 1032
3 6990 6894 7014
3 980 6990 7014
3 6990 980 979
3 6907 7007 6979
3 7007 702 6979
3 6997 1026 1025
3 7006 6906 6978
3 653 7006 6978
3 976 6996 977
3 6909 7003 6981
3 7003 692 6981
3 7001 1017 1016
3 7002 6908 6980
3 663 7002 6980
3 985 7000 986
3 6998 6910 6982
3 673 6998 6982
3 7005 1008 1007
3 6911 6999 6983
3 6999 682 6983
3 994 7004 995
3 6885 7009 7025
3 7009 1003 7025
3 1003 7009 1004
3 7008 6884 7024
3 999 7008 7024
3 7008 999 998
3 6883 7011 7029
3 7011 1012 7029
3 1012 7011 1013
3 7010 6882 7028
3 990 7010 7028
3 7010 990 989
3 6881 7015 7033
3 7015 1021 7033
3 1021 7015 1022
3 7014 6880 7032
3 981 7014 7032
3 7014 981 980
3 6965 6849 6927
3 1031 6965 6927
3 6848 6964 6926
3 6964 971 6926
3 7024 6870 7046
3 1000 7024 7046
3 7024 1000 999
3 6869 7029 7050
3 7029 1011 7050
3 1011 7029 1012
3 7028 6868 7049
3 991 7028 7049
3 7028 991 990
3 6867 7033 7054
3 7033 1020 7054
3 1020 7033 1021
3 7032 6866 7053
3 982 7032 7053
3 7032 982 981
3 6865 7037 7056
3 7037 1029 7056
3 1029 7037 1030
3 7036 6864 7055
3 973 7036 7055
3 7036 973 972
3 6863 6949 6877
3 6961 6877 6949
3 1027 6961 6949
3 6948 6862 6876
3 6876 6960 6948
3 6960 975 6948
3 6861 6945 6875
3 6959 6875 6945
3 1018 6959 6945
3 6944 6860 6874
3 6874 6958 6944
3 6958 984 6944
3 6859 6941 6873
3 6957 6873 6941
3 1009 6957 6941
3 6940 6858 6872
3 6872 6956 6940
3 6956 993 6940
3 6937 6857 6871
3 6871 7025 6937
3 7025 1002 6937
3 6865 7056 6929
3 6935 6865 6851
3 6929 6851 6865
3 7055 6864 6928
3 6864 6934 6850
3 6850 6928 6864
3 6867 7054 6931
3 6939 6867 6853
3 6931 6853 6867
3 7053 6866 6930
3 6866 6938 6852
3 6852 6930 6866
3 6869 7050 6933
3 6943 6869 6855
3 6933 6855 6869
3 7049 6868 6932
3 6868 6942 6854
3 6854 6932 6868
3 7046 6870 6936
3 6870 6946 6856
3 6856 6936 6870
3 6865 7052 6879
3 7037 6865 6879
3 7051 6864 6878
3 6864 7036 6878
3 6867 7048 6881
3 7033 6867 6881
3 7047 6866 6880
3 6866 7032 6880
3 6869 7045 6883
3 7029 6869 6883
3 7044 6868 6882
3 6868 7028 6882
3 1002 7025 1003
3 6871 7043 6885
3 7025 6871 6885
3 7042 6870 6884
3 6870 7024 6884
3 7005 6887 6957
3 7041 6873 6887
3 6873 6957 6887
3 1008 7005 6957
3 6872 7040 6886
3 6886 7004 6956
3 6956 6872 6886
3 7039 6875 6889
3 7004 994 6956
3 7001 6889 6959
3 6874 7038 6888
3 6875 6959 6889
3 1017 7001 6959
3 7035 6877 6891
3 6888 7000 6958
3 6958 6874 6888
3 6876 7034 6890
3 7000 985 6958
3 6881 7027 6895
3 7015 6881 6895
3 7026 6880 6894
3 6880 7014 6894
3 6883 7023 6897
3 7011 6883 6897
3 7022 6882 6896
3 6882 7010 6896
3 6885 7021 6899
3 7009 6885 6899
3 7020 6884 6898
3 6884 7008 6898
3 7019 6887 6901
3 6887 7005 6901
3 6886 7018 6900
3 7004 6886 6900
3 7017 6889 6903
3 6889 7001 6903
3 6888 7016 6902
3 7000 6888 6902
3 7013 6891 6905
3 6891 6997 6905
3 6890 7012 6904
3 6996 6890 6904
3 6895 7007 6907
3 6991 6895 6907
3 7006 6894 6906
3 6894 6990 6906
3 6897 7003 6909
3 6987 6897 6909
3 7002 6896 6908
3 6896 6986 6908
3 6899 6999 6911
3 6985 6899 6911
3 6998 6898 6910
3 6898 6984 6910
3 7058 6901 6967
3 6995 6901 6913
3 6901 7058 6913
3 6900 7057 6966
3 6900 6994 6912
3 7057 6900 6912
3 7060 6903 6969
3 6993 6903 6915
3 6903 7060 6915
3 6902 7059 6968
3 6902 6992 6914
3 7059 6902 6914
3 7062 6905 6971
3 6989 6905 6917
3 6905 7062 6917
3 6904 7061 6970
3 6904 6988 6916
3 7061 6904 6916
3 6997 6891 6961
3 6907 7062 6973
3 7062 6907 6917
3 6907 6979 6917
3 6877 6961 6891
3 7061 6906 6972
3 6906 7061 6916
3 6978 6906 6916
3 1026 6997 6961
3 6909 7060 6975
3 7060 6909 6915
3 6909 6981 6915
3 6890 6996 6960
3 7059 6908 6974
3 6908 7059 6914
3 6980 6908 6914
3 6960 6876 6890
3 6911 7058 6977
3 7058 6911 6913
3 6911 6983 6913
3 6996 976 6960
3 7057 6910 6976
3 6910 7057 6912
3 6982 6910 6912
3 6989 6917 6979
3 703 6989 6979
3 6989 703 704
3 6916 6988 6978
3 6988 652 6978
3 652 6988 651
3 6993 6915 6981
3 693 6993 6981
3 6993 693 694
3 6914 6992 6980
3 6992 662 6980
3 662 6992 661
3 6995 6913 6983
3 683 6995 6983
3 6995 683 684
3 6912 6994 6982
3 6994 672 6982
3 672 6994 671
3 984 6958 985
3 6957 1009 1008
3 682 6999 681
3 6959 1018 1017
3 975 6960 976
3 6998 673 674
3 6961 1027 1026
3 993 6956 994
3 692 7003 691
3 6962 6892 6920
3 6892 6962 6848
3 7002 663 664
3 644 6962 6920
3 6893 6963 6921
3 702 7007 701
3 6963 6893 6849
3 6963 711 6921
3 7006 653 654
3 7013 6905 6989
3 704 7013 6989
3 7013 704 705
3 6904 7012 6988
3 7012 651 6988
3 651 7012 650
3 7017 6903 6993
3 694 7017 6993
3 7017 694 695
3 6902 7016 6992
3 7016 661 6992
3 661 7016 660
3 7019 6901 6995
3 684 7019 6995
3 7019 684 685
3 6900 7018 6994
3 7018 671 6994
3 671 7018 670
3 6899 7021 6999
3 7021 681 6999
3 681 7021 680
3 7020 6898 6998
3 674 7020 6998
3 7020 674 675
3 6897 7023 7003
3 7023 691 7003
3 691 7023 690
3 7022 6896 7002
3 664 7022 7002
3 7022 664 665
3 6895 7027 7007
3 7027 701 7007
3 701 7027 700
3 7026 6894 7006
3 654 7026 7006
3 7026 654 655
3 6849 7031 6963
3 7031 711 6963
3 711 7031 710
3 7030 6848 6962
3 644 7030 6962
3 7030 644 645
3 7035 6891 7013
3 705 7035 7013
3 7035 705 706
3 6890 7034 7012
3 7034 650 7012
3 650 7034 649
3 7039 6889 7017
3 695 7039 7017
3 7039 695 696
3 6888 7038 7016
3 7038 660 7016
3 660 7038 659
3 7041 6887 7019
3 685 7041 7019
3 7041 685 686
3 6886 7040 7018
3 7040 670 7018
3 670 7040 669
3 6885 7043 7021
3 7043 680 7021
3 680 7043 679
3 7042 6884 7020
3 675 7042 7020
3 7042 675 676
3 6883 7045 7023
3 7045 690 7023
3 690 7045 689
3 7044 6882 7022
3 665 7044 7022
3 7044 665 666
3 6881 7048 7027
3 7048 700 7027
3 700 7048 699
3 7047 6880 7026
3 655 7047 7026
3 7047 655 656
3 6879 7052 7031
3 7052 710 7031
3 710 7052 709
3 7051 6878 7030
3 645 7051 7030
3 7051 645 646
3 7073 6863 6955
3 707 7073 6955
3 6862 7072 6954
3 7072 648 6954
3 7071 6861 6953
3 697 7071 6953
3 6860 7070 6952
3 7070 658 6952
3 7069 6859 6951
3 687 7069 6951
3 6858 7068 6950
3 7068 668 6950
3 6857 7065 6947
3 7065 678 6947
3 6946 677 6856
3 688 6943 6855
3 6942 667 6854
3 698 6939 6853
3 6938 657 6852
3 708 6935 6851
3 6934 647 6850
3 6955 6863 6877
3 6862 6954 6876
3 6953 6861 6875
3 6860 6952 6874
3 6951 6859 6873
3 6858 6950 6872
3 6857 6947 6871
3 1035 6923 30
3 6923 970 30
3 1032 6922 27
3 6922 871 27
3 6936 6857 6937
3 6936 6856 6857
3 1001 6936 6937
3 6859 6933 6941
3 6855 6933 6859
3 6933 1010 6941
3 6932 6858 6940
3 6932 6854 6858
3 992 6932 6940
3 6861 6931 6945
3 6853 6931 6861
3 6931 1019 6945
3 6930 6860 6944
3 6930 6852 6860
3 983 6930 6944
3 6863 6929 6949
3 6851 6929 6863
3 6949 6929 7056
3 6928 6862 6948
3 6928 6850 6862
3 6949 7056 1028
3 6955 6877 7035
3 706 6955 7035
3 6876 6954 7034
3 6954 649 7034
3 6953 6875 7039
3 696 6953 7039
3 6874 6952 7038
3 6952 659 7038
3 6951 6873 7041
3 686 6951 7041
3 6872 6950 7040
3 6950 669 7040
3 6871 6947 7043
3 6947 679 7043
3 6946 6870 7042
3 676 6946 7042
3 6869 6943 7045
3 6943 689 7045
3 6942 6868 7044
3 6892 6926 6919
3 6926 6892 6848
3 6926 971 6919
3 666 6942 7044
3 6927 6893 6918
3 6893 6927 6849
3 1031 6927 6918
3 6928 6948 7055
3 6867 6939 7048
3 6939 699 7048
3 6938 6866 7047
3 1028 7056 1029
3 656 6938 7047
3 6865 6935 7052
3 6935 709 7052
3 6930 983 982
3 6934 6864 7051
3 646 6934 7051
3 1006 7058 6967
3 1019 6931 1020
3 7057 996 6966
3 1015 7060 6969
3 7059 987 6968
3 6932 992 991
3 1024 7062 6971
3 7061 978 6970
3 7062 1024 6973
3 1010 6933 1011
3 978 7061 6972
3 7060 1015 6975
3 987 7059 6974
3 6934 646 647
3 7058 1006 6977
3 996 7057 6976
3 6911 6977 6985
3 709 6935 708
3 6977 1005 6985
3 6976 6910 6984
3 997 6976 6984
3 6936 1001 1000
3 6909 6975 6987
3 6975 1014 6987
3 6974 6908 6986
3 1001 6937 1002
3 988 6974 6986
3 6907 6973 6991
3 6973 1023 6991
3 6938 656 657
3 6972 6906 6990
3 979 6972 6990
3 6971 6905 6997
3 699 6939 698
3 1025 6971 6997
3 6904 6970 6996
3 6970 977 6996
3 992 6940 993
3 6969 6903 7001
3 1016 6969 7001
3 6902 6968 7000
3 6941 1010 1009
3 6968 986 7000
3 6967 6901 7005
3 1007 6967 7005
3 6942 666 667
3 6900 6966 7004
3 6966 995 7004
3 6879 6965 7037
3 689 6943 688
3 6965 1030 7037
3 6964 6878 7036
3 972 6964 7036
3 983 6944 984
3 6863 7073 6851
3 7072 6862 6850
3 6861 7071 6853
3 6945 1019 1018
3 7070 6860 6852
3 6859 7069 6855
3 7068 6858 6854
3 6946 676 677
3 7065 6857 6856
3 6851 7073 708
3 7073 707 708
3 679 6947 678
3 7072 6850 647
3 648 7072 647
3 6853 7071 698
3 974 6948 975
3 7071 697 698
3 7070 6852 657
3 658 7070 657
3 6949 1028 1027
3 6855 7069 688
3 7069 687 688
3 7068 6854 667
3 669 6950 668
3 668 7068 667
3 1034 7067 7064
3 6920 7067 6924
3 6951 686 687
3 7067 6920 7064
3 7067 1034 6924
3 7066 870 7063
3 7066 6921 6925
3 6921 7066 7063
3 870 7066 6925
3 7065 6856 677
3 678 7065 677
3 7064 6892 6919
3 6892 7064 6920
3 6893 7063 6918
3 659 6952 658
3 7063 6893 6921
3 7055 6948 974
3 7055 974 973
3 6953 696 697
3 7054 1020 6931
3 982 7053 6930
3 7050 1011 6933
3 991 7049 6932
3 1000 7046 6936
3 7031 6849 6879
3 6848 7030 6878
3 6964 972 971
3 6964 6848 6878
3 1030 6965 1031
3 6849 6965 6879
3 649 6954 648
3 995 6966 996
3 6967 1007 1006
3 986 6968 987
3 6955 706 707
3 6969 1016 1015
3 977 6970 978
3 6971 1025 1024
3 6972 979 978
3 1023 6973 1024
3 6974 988 987
3 683 6983 682
3 6982 672 673
3 693 6981 692
3 6980 662 663
3 703 6979 702
3 6978 652 653
3 1005 6977 1006
3 6976 997 996
3 1014 6975 1015
3 1087 7132 30
3 7132 1035 30
3 7131 1036 29
3 927 7131 29
3 1033 7130 25
3 7130 816 25
3 7129 929 24
3 765 7129 24
3 7075 7134 7232
3 7132 1087 7128
3 7132 1034 1035
3 7134 1086 7232
3 1036 7131 7127
3 928 7131 927
3 816 7130 7126
3 1034 7130 1033
3 7184 7076 7074
3 7129 765 7125
3 7129 928 929
3 7076 7184 7127
3 7184 1037 7127
3 1086 7128 1087
3 7076 7135 7074
3 7135 7076 7125
3 7127 1037 1036
3 766 7135 7125
3 7075 7183 7133
3 7183 815 7133
3 7126 815 816
3 7123 7232 7231
3 7183 7123 7182
3 766 7125 765
3 7123 7231 7122
3 7182 7123 7122
3 7122 7231 7230
3 7182 7122 7181
3 7122 7230 7121
3 7181 7122 7121
3 7121 7230 7229
3 7181 7121 7180
3 7121 7229 7120
3 7180 7121 7120
3 7120 7229 7228
3 7180 7120 7179
3 7120 7228 7119
3 7179 7120 7119
3 7119 7228 7227
3 7179 7119 7178
3 7119 7227 7118
3 7178 7119 7118
3 7118 7227 7226
3 7178 7118 7177
3 7118 7226 7117
3 7177 7118 7117
3 7117 7226 7225
3 7177 7117 7176
3 7117 7225 7116
3 7176 7117 7116
3 7116 7225 7224
3 7176 7116 7175
3 7116 7224 7115
3 7175 7116 7115
3 7115 7224 7223
3 7175 7115 7174
3 7115 7223 7114
3 7174 7115 7114
3 7114 7223 7222
3 7174 7114 7173
3 7114 7222 7113
3 7173 7114 7113
3 7113 7222 7221
3 7173 7113 7172
3 7113 7221 7112
3 7172 7113 7112
3 7112 7221 7220
3 7172 7112 7171
3 7112 7220 7111
3 7171 7112 7111
3 7111 7220 7219
3 7171 7111 7170
3 7111 7219 7110
3 7170 7111 7110
3 7110 7219 7218
3 7170 7110 7169
3 7110 7218 7109
3 7169 7110 7109
3 7109 7218 7217
3 7169 7109 7168
3 7109 7217 7108
3 7168 7109 7108
3 7108 7217 7216
3 7168 7108 7167
3 7108 7216 7107
3 7167 7108 7107
3 7107 7216 7215
3 7167 7107 7166
3 7107 7215 7106
3 7166 7107 7106
3 7106 7215 7214
3 7166 7106 7165
3 7106 7214 7105
3 7165 7106 7105
3 7105 7214 7213
3 7165 7105 7164
3 7105 7213 7104
3 7164 7105 7104
3 7104 7213 7212
3 7164 7104 7163
3 7104 7212 7103
3 7163 7104 7103
3 7103 7212 7211
3 7163 7103 7162
3 7103 7211 7102
3 7162 7103 7102
3 7102 7211 7210
3 7162 7102 7161
3 7102 7210 7101
3 7161 7102 7101
3 7101 7210 7209
3 7161 7101 7160
3 7101 7209 7100
3 7160 7101 7100
3 7100 7209 7208
3 7160 7100 7159
3 7100 7208 7099
3 7159 7100 7099
3 7099 7208 7207
3 7159 7099 7158
3 7099 7207 7098
3 7158 7099 7098
3 7098 7207 7206
3 7158 7098 7157
3 7098 7206 7097
3 7157 7098 7097
3 7097 7206 7205
3 7157 7097 7156
3 7097 7205 7096
3 7156 7097 7096
3 7096 7205 7204
3 7156 7096 7155
3 7096 7204 7095
3 7155 7096 7095
3 7095 7204 7203
3 7155 7095 7154
3 7095 7203 7094
3 7154 7095 7094
3 7094 7203 7202
3 7154 7094 7153
3 7094 7202 7093
3 7153 7094 7093
3 7093 7202 7201
3 7153 7093 7152
3 7093 7201 7092
3 7152 7093 7092
3 7092 7201 7200
3 7152 7092 7151
3 7092 7200 7091
3 7151 7092 7091
3 7091 7200 7199
3 7151 7091 7150
3 7091 7199 7090
3 7150 7091 7090
3 7090 7199 7198
3 7150 7090 7149
3 7090 7198 7089
3 7149 7090 7089
3 7089 7198 7197
3 7149 7089 7148
3 7089 7197 7088
3 7148 7089 7088
3 7088 7197 7196
3 7148 7088 7147
3 7088 7196 7087
3 7147 7088 7087
3 7087 7196 7195
3 7147 7087 7146
3 7087 7195 7086
3 7146 7087 7086
3 7086 7195 7194
3 7146 7086 7145
3 7086 7194 7085
3 7145 7086 7085
3 7085 7194 7193
3 7145 7085 7144
3 7085 7193 7084
3 7144 7085 7084
3 7084 7193 7192
3 7144 7084 7143
3 7084 7192 7083
3 7143 7084 7083
3 7083 7192 7191
3 7143 7083 7142
3 7083 7191 7082
3 7142 7083 7082
3 7082 7191 7190
3 7142 7082 7141
3 7082 7190 7081
3 7141 7082 7081
3 7081 7190 7189
3 7141 7081 7140
3 7081 7189 7080
3 7140 7081 7080
3 7080 7189 7188
3 7140 7080 7139
3 7080 7188 7079
3 7139 7080 7079
3 7079 7188 7187
3 7139 7079 7138
3 7079 7187 7078
3 7138 7079 7078
3 7078 7187 7186
3 7138 7078 7137
3 7078 7186 7077
3 7137 7078 7077
3 7077 7186 7185
3 7137 7077 7136
3 7185 7074 7077
3 7074 7136 7077
3 7232 1085 7231
3 7231 1084 7230
3 7230 1083 7229
3 7229 1082 7228
3 7228 1081 7227
3 7227 1080 7226
3 7226 1079 7225
3 7225 1078 7224
3 7224 1077 7223
3 7223 1076 7222
3 7222 1075 7221
3 7221 1074 7220
3 7220 1073 7219
3 7219 1072 7218
3 7218 1071 7217
3 7217 1070 7216
3 7216 1069 7215
3 7215 1068 7214
3 7214 1067 7213
3 7213 1066 7212
3 7212 1065 7211
3 7211 1064 7210
3 7210 1063 7209
3 7209 1062 7208
3 7208 1061 7207
3 7207 1060 7206
3 7206 1059 7205
3 7205 1058 7204
3 7204 1057 7203
3 7203 1056 7202
3 7202 1055 7201
3 7201 1054 7200
3 7200 1053 7199
3 7199 1052 7198
3 7198 1051 7197
3 7197 1050 7196
3 7196 1049 7195
3 7195 1048 7194
3 7194 1047 7193
3 7193 1046 7192
3 7192 1045 7191
3 7191 1044 7190
3 7190 1043 7189
3 7189 1042 7188
3 7188 1041 7187
3 7187 1040 7186
3 7186 1039 7185
3 7074 7185 7184
3 7233 7127 7131
3 7185 1038 7184
3 814 7183 7182
3 813 7182 7181
3 812 7181 7180
3 811 7180 7179
3 810 7179 7178
3 809 7178 7177
3 808 7177 7176
3 807 7176 7175
3 806 7175 7174
3 805 7174 7173
3 804 7173 7172
3 803 7172 7171
3 802 7171 7170
3 801 7170 7169
3 800 7169 7168
3 799 7168 7167
3 798 7167 7166
3 797 7166 7165
3 796 7165 7164
3 795 7164 7163
3 794 7163 7162
3 793 7162 7161
3 792 7161 7160
3 791 7160 7159
3 790 7159 7158
3 789 7158 7157
3 788 7157 7156
3 787 7156 7155
3 786 7155 7154
3 785 7154 7153
3 784 7153 7152
3 783 7152 7151
3 782 7151 7150
3 781 7150 7149
3 780 7149 7148
3 779 7148 7147
3 778 7147 7146
3 777 7146 7145
3 776 7145 7144
3 775 7144 7143
3 774 7143 7142
3 773 7142 7141
3 772 7141 7140
3 771 7140 7139
3 770 7139 7138
3 769 7138 7137
3 768 7137 7136
3 7136 7074 7135
3 928 7233 7131
3 767 7136 7135
3 7125 7233 7129
3 7233 928 7129
3 7128 7234 7132
3 7234 1034 7132
3 7234 7126 7130
3 1034 7234 7130
3 7148 779 780
3 7149 780 781
3 7150 781 782
3 7151 782 783
3 7152 783 784
3 7147 778 779
3 7153 784 785
3 7124 7133 7126
3 7133 7124 7075
3 7133 815 7126
3 7154 785 786
3 7155 786 787
3 7156 787 788
3 7234 7124 7126
3 7124 7234 7128
3 7134 7124 7128
3 7124 7134 7075
3 1086 7134 7128
3 7135 766 767
3 7076 7233 7125
3 7233 7076 7127
3 7075 7232 7123
3 1085 7232 1086
3 1084 7231 1085
3 1083 7230 1084
3 1082 7229 1083
3 7136 767 768
3 1081 7228 1082
3 1080 7227 1081
3 1079 7226 1080
3 1078 7225 1079
3 1077 7224 1078
3 1076 7223 1077
3 1075 7222 1076
3 7137 768 769
3 1074 7221 1075
3 1073 7220 1074
3 1072 7219 1073
3 1071 7218 1072
3 1070 7217 1071
3 1069 7216 1070
3 1068 7215 1069
3 7138 769 770
3 1067 7214 1068
3 1066 7213 1067
3 1065 7212 1066
3 1064 7211 1065
3 1063 7210 1064
3 1062 7209 1063
3 1061 7208 1062
3 7139 770 771
3 1060 7207 1061
3 1059 7206 1060
3 1058 7205 1059
3 1057 7204 1058
3 1056 7203 1057
3 1055 7202 1056
3 1054 7201 1055
3 7140 771 772
3 1053 7200 1054
3 1052 7199 1053
3 1051 7198 1052
3 1050 7197 1051
3 1049 7196 1050
3 1048 7195 1049
3 1047 7194 1048
3 7141 772 773
3 1046 7193 1047
3 1045 7192 1046
3 1044 7191 1045
3 1043 7190 1044
3 1042 7189 1043
3 1041 7188 1042
3 1040 7187 1041
3 7142 773 774
3 1039 7186 1040
3 1038 7185 1039
3 1037 7184 1038
3 7183 7075 7123
3 7183 814 815
3 7182 813 814
3 7181 812 813
3 7143 774 775
3 7180 811 812
3 7179 810 811
3 7178 809 810
3 7177 808 809
3 7176 807 808
3 7175 806 807
3 7174 805 806
3 7144 775 776
3 7173 804 805
3 7172 803 804
3 7171 802 803
3 7170 801 802
3 7169 800 801
3 7168 799 800
3 7167 798 799
3 7145 776 777
3 7166 797 798
3 7165 796 797
3 7164 795 796
3 7163 794 795
3 7162 793 794
3 7161 792 793
3 7160 791 792
3 7146 777 778
3 7159 790 791
3 7158 789 790
3 7157 788 789
3 7236 7286 7269
3 1122 7311 7282
3 7241 7320 7274
3 7274 7341 7241
3 7270 7290 7235
3 1100 7293 8
3 1142 7324 7322
3 7321 7325 1130
3 8 7293 434
3 7235 7328 7270
3 7270 7328 7255
3 7254 7332 7268
3 7268 7332 7240
3 7273 7307 1107
3 7302 7312 7260
3 1125 7342 7274
3 1142 7322 1140
3 1132 7321 1130
3 7269 7357 7236
3 7258 7341 7274
3 1090 7279 1093
3 7274 7320 7253
3 7286 7323 7269
3 1127 7342 1125
3 1122 7282 1121
3 7272 7321 1134
3 1138 7322 7271
3 442 7284 7276
3 7298 7326 1114
3 7256 7333 7277
3 7333 7366 7277
3 7247 7314 7297
3 7240 7334 7268
3 442 7276 443
3 1090 7316 7279
3 7282 7311 7253
3 7250 7309 7272
3 7272 7309 7241
3 7297 7314 7265
3 455 7277 457
3 7326 7350 7289
3 7278 7302 7260
3 7268 7330 7254
3 7267 7303 7246
3 7276 7284 7244
3 7246 7350 7267
3 7270 7301 7290
3 7241 7341 7272
3 7279 7288 7247
3 7249 7288 7279
3 7261 7326 7298
3 7243 7323 7286
3 7238 7312 7302
3 7285 7327 453
3 7245 7312 7275
3 1107 7307 1104
3 1134 7306 7272
3 451 7285 453
3 446 7278 448
3 7289 7350 7246
3 7243 7300 7282
3 7283 7286 7252
3 7244 7301 7276
3 7276 7301 7248
3 7271 7313 1138
3 1134 7321 1132
3 1140 7322 1138
3 7272 7306 7250
3 7275 7292 7245
3 7255 7308 7270
3 7273 7344 7249
3 1107 7319 7273
3 7249 7307 7273
3 440 7284 442
3 7243 7286 7283
3 7304 7337 7251
3 7277 7345 457
3 7292 7329 7266
3 7236 7329 7292
3 7248 7305 7276
3 7276 7305 443
3 7256 7327 7285
3 7295 7329 7264
3 7282 7300 1121
3 7291 7316 1089
3 7325 7342 1129
3 7295 7359 7329
3 7274 7342 7258
3 7243 7351 7300
3 7285 7358 7245
3 7255 7315 7294
3 1089 7316 1090
3 7280 7290 7244
3 7253 7311 7274
3 7274 7311 1125
3 7290 7368 7235
3 7235 7368 7330
3 7255 7339 7315
3 7278 7343 448
3 1096 7304 1098
3 7322 7324 7259
3 7258 7325 7321
3 7265 7337 7304
3 7296 7358 7285
3 7285 7318 7256
3 7245 7318 7285
3 436 7287 438
3 7247 7348 7279
3 451 7296 7285
3 1129 7342 1127
3 7260 7343 7278
3 7252 7310 7275
3 7245 7358 7312
3 7295 7309 7250
3 7264 7309 7295
3 7275 7367 7252
3 7277 7327 7256
3 455 7327 7277
3 1121 7300 1118
3 7278 7305 7248
3 446 7305 7278
3 7286 7310 7252
3 7290 7301 7244
3 13 7324 1142
3 1130 7325 36
3 460 7324 13
3 36 7325 1129
3 1096 7361 7304
3 7248 7302 7278
3 1112 7289 1111
3 7253 7323 7282
3 7282 7323 7243
3 7287 7336 438
3 460 7345 7324
3 7236 7310 7286
3 450 7296 451
3 7281 7314 7247
3 7261 7350 7326
3 1116 7298 1114
3 7313 7363 7250
3 7302 7308 7238
3 7251 7299 7287
3 7287 7299 7257
3 7291 7307 7249
3 7257 7336 7287
3 457 7345 460
3 7279 7316 7249
3 7242 7363 7340
3 7297 7348 7247
3 7303 7364 7246
3 1136 7306 1134
3 7244 7353 7280
3 7283 7315 7239
3 7252 7315 7283
3 7284 7336 7257
3 7279 7348 1093
3 7345 7366 7259
3 1109 7331 7319
3 7320 7323 7253
3 7269 7323 7320
3 7306 7313 7250
3 440 7336 7284
3 7277 7366 7345
3 7238 7308 7294
3 7294 7308 7255
3 7302 7355 7308
3 7266 7318 7292
3 7292 7318 7245
3 7249 7344 7288
3 7237 7314 7281
3 7301 7355 7248
3 7270 7355 7301
3 7280 7335 7237
3 7237 7347 7280
3 7257 7353 7284
3 7268 7364 7303
3 7247 7360 7281
3 7281 7332 7254
3 7271 7363 7313
3 1114 7326 1112
3 7340 7363 7271
3 1111 7331 1109
3 7281 7347 7237
3 7254 7347 7281
3 443 7305 446
3 7275 7310 7292
3 7300 7351 7262
3 7292 7310 7236
3 7284 7353 7244
3 7239 7362 7283
3 7293 7365 7251
3 7283 7351 7243
3 1109 7319 1107
3 7240 7360 7288
3 7303 7330 7268
3 7251 7365 7304
3 7287 7346 7251
3 7235 7330 7303
3 7258 7342 7325
3 434 7346 436
3 7249 7316 7291
3 1094 7361 1096
3 7251 7337 7299
3 7319 7331 7263
3 7295 7363 7242
3 7293 7346 434
3 7297 7361 1094
3 1112 7326 7289
3 7291 7370 7307
3 7288 7360 7247
3 1125 7311 1122
3 7303 7328 7235
3 7267 7328 7303
3 7289 7331 1111
3 1138 7313 1136
3 436 7346 7287
3 7304 7361 7265
3 1093 7348 1094
3 7288 7344 7240
3 7263 7354 7319
3 7251 7346 7293
3 7252 7367 7294
3 7246 7356 7289
3 7319 7354 7273
3 7296 7343 7260
3 450 7343 7296
3 7280 7368 7290
3 1094 7348 7297
3 7262 7317 7298
3 7294 7315 7252
3 453 7327 455
3 7267 7339 7328
3 7328 7339 7255
3 7324 7345 7259
3 7318 7333 7256
3 7266 7333 7318
3 7352 7357 7269
3 7280 7353 7335
3 7238 7367 7312
3 7312 7367 7275
3 7237 7335 7299
3 7299 7335 7257
3 7298 7317 7261
3 1089 7369 7291
3 438 7336 440
3 1116 7349 7298
3 7298 7349 7262
3 1136 7313 7306
3 7242 7366 7333
3 448 7343 450
3 7329 7359 7266
3 1098 7365 1100
3 7315 7339 7239
3 7263 7364 7334
3 1118 7349 1116
3 7239 7339 7338
3 7338 7339 7267
3 7332 7360 7240
3 7299 7337 7237
3 7300 7349 1118
3 7262 7349 7300
3 1102 7369 33
3 7320 7352 7269
3 7356 7364 7263
3 1100 7365 7293
3 33 7369 1089
3 1104 7370 1102
3 7259 7366 7340
3 7272 7341 7321
3 7322 7340 7271
3 7321 7341 7258
3 7259 7340 7322
3 7260 7358 7296
3 7347 7368 7280
3 7254 7368 7347
3 7264 7357 7352
3 7242 7359 7295
3 7250 7363 7295
3 7248 7355 7302
3 7294 7367 7238
3 7369 7370 7291
3 7265 7361 7297
3 1102 7370 7369
3 7237 7337 7314
3 7267 7350 7338
3 7239 7338 7317
3 7317 7338 7261
3 7314 7337 7265
3 7312 7358 7260
3 7304 7365 1098
3 7330 7368 7254
3 7309 7352 7241
3 7264 7352 7309
3 7308 7355 7270
3 7262 7362 7317
3 7307 7370 1104
3 7241 7352 7320
3 7236 7357 7329
3 7334 7354 7263
3 7289 7356 7331
3 7240 7354 7334
3 7338 7350 7261
3 7344 7354 7240
3 7317 7362 7239
3 7329 7357 7264
3 7335 7353 7257
3 7331 7356 7263
3 7333 7359 7242
3 7266 7359 7333
3 7273 7354 7344
3 7281 7360 7332
3 7334 7364 7268
3 7351 7362 7262
3 7283 7362 7351
3 7340 7366 7242
3 7246 7364 7356
3 7597 8751 8219
3 7477 9500 9155
3 9156 9499 7478
3 8242 9643 7429
3 8218 9048 7388
3 8483 9638 902
3 1063 9639 8482
3 7811 9822 8255
3 8341 9417 7734
3 9655 10266 8212
3 7691 9276 8590
3 7852 8682 8379
3 8401 10466 7641
3 7641 10466 8400
3 8597 8866 7476
3 8332 8799 7807
3 901 8483 902
3 1063 8482 1062
3 7844 8850 8569
3 7787 9110 8208
3 8537 8679 7848
3 8186 8938 7864
3 8212 10409 9655
3 9007 9864 8511
3 8264 9626 7690
3 7689 9625 8265
3 8147 9653 8584
3 8583 9654 8148
3 944 9319 8255
3 8366 8687 7715
3 7845 9220 8396
3 7404 9619 8411
3 8411 10485 7404
3 8756 9432 9324
3 8364 8637 7460
3 9620 10192 8776
3 9071 9656 7952
3 7953 9655 9072
3 8032 9542 8634
3 9029 9121 7412
3 7864 9125 8186
3 7527 9283 8290
3 8385 9275 7555
3 9149 9304 7726
3 7404 10213 9619
3 9542 10201 8634
3 8334 9547 9372
3 877 8522 878
3 1039 8521 1038
3 8232 10286 7834
3 7835 10285 8231
3 8607 9473 9466
3 8733 10451 9787
3 8756 9324 7893
3 8584 9653 7763
3 7764 9654 8583
3 1017 8333 1016
3 8431 8613 7706
3 7839 8882 8852
3 8607 9466 7375
3 7611 9030 8225
3 7736 8856 8307
3 9575 9774 7497
3 9629 10088 8788
3 8511 9114 7499
3 7461 10432 8375
3 8423 8768 7416
3 7967 9114 8511
3 8225 8759 7611
3 8733 9787 8150
3 8266 10458 7733
3 8255 9742 7811
3 9484 10149 7398
3 7830 8628 8499
3 8335 10223 7707
3 8379 9542 8032
3 7580 9542 8379
3 7782 8978 8276
3 8112 10192 9620
3 8334 9372 7432
3 7832 8690 8596
3 8597 8691 7833
3 8596 8690 7724
3 7725 8691 8597
3 8390 8680 7628
3 7748 8680 8390
3 8532 9702 8213
3 7608 10015 8292
3 7652 8543 8361
3 7844 8569 8439
3 7662 8647 8277
3 7762 10375 8385
3 8384 10375 7762
3 9276 9452 8590
3 8448 10004 7466
3 8248 8733 7853
3 8021 9096 8632
3 8631 9097 8020
3 8632 9096 7419
3 7420 9097 8631
3 8418 10432 7461
3 7388 8972 8218
3 7798 8574 8349
3 8348 8575 7797
3 8252 9207 7837
3 7838 9208 8253
3 8325 10003 7884
3 8448 9584 7693
3 9702 10465 8213
3 7774 9853 8198
3 7499 8735 8314
3 8314 8735 7730
3 8878 8899 7843
3 8042 8899 8878
3 7726 9304 8718
3 7879 9151 8925
3 10004 10319 7466
3 8219 9427 7597
3 8804 8842 7774
3 7581 9069 8239
3 8240 9070 7582
3 8431 8981 7410
3 9490 10421 8247
3 983 8345 982
3 8247 10040 9490
3 7760 9726 8355
3 8354 9725 7759
3 7923 9188 8415
3 8415 9188 7525
3 8254 9843 7739
3 8198 9802 7774
3 7774 8842 8593
3 8224 8831 7385
3 8263 8908 7374
3 8239 10078 7414
3 7415 10079 8240
3 7707 10223 8373
3 8218 8870 7699
3 8681 9712 8230
3 7749 9712 8681
3 8286 9216 987
3 7724 8690 8326
3 8327 8691 7725
3 8394 9744 7489
3 8633 9888 7677
3 8269 9888 8633
3 8112 8976 8974
3 8974 8976 7743
3 8005 9011 8730
3 8731 9012 8006
3 8494 9783 7976
3 7615 8905 8835
3 8836 8904 7614
3 8835 8905 8024
3 8023 8904 8836
3 8510 8535 7535
3 7795 8535 8510
3 9220 9476 8396
3 8613 8808 7706
3 1002 8403 1001
3 8685 9758 7626
3 8254 9758 8685
3 8518 8948 7771
3 7564 9203 8310
3 7469 8709 8388
3 7850 9735 9017
3 8462 9283 7527
3 7991 9283 8462
3 7512 9055 8578
3 8579 9056 7513
3 8208 9413 7787
3 7686 10329 8418
3 8109 9768 8440
3 8417 8911 7524
3 7815 8911 8417
3 8452 8861 7697
3 7698 8860 8453
3 7424 10365 8295
3 8408 8722 7679
3 7678 8721 8407
3 7789 8700 8544
3 7430 8648 8322
3 8322 8648 7769
3 8222 8897 7563
3 8520 9073 8139
3 8369 9719 7695
3 7650 8864 8284
3 7630 9494 8766
3 8767 9495 7631
3 7830 10119 8628
3 9115 9229 8011
3 8730 9011 7778
3 7777 9012 8731
3 8207 9314 7771
3 7771 9983 8207
3 8658 9233 909
3 1070 9234 8657
3 8788 10088 7728
3 9054 9569 7540
3 8301 8980 7992
3 7747 9429 8301
3 8301 9429 7921
3 7706 8808 8490
3 8332 9145 7692
3 9015 9939 8104
3 9059 9114 7967
3 7712 10620 9090
3 9565 9690 7475
3 9360 9783 8494
3 8247 8818 7393
3 8431 10686 8981
3 7640 8982 8519
3 7495 9304 8654
3 8569 8850 7486
3 8633 9263 8269
3 8231 10661 7835
3 7834 10662 8232
3 8392 9310 7561
3 9304 10058 8654
3 7563 9321 8222
3 8222 9321 7827
3 7497 9774 8537
3 8338 9403 7699
3 7509 9209 8498
3 9768 10567 8440
3 8389 9605 8041
3 7588 9605 8389
3 9094 9581 8172
3 8498 9209 7974
3 7686 10715 10329
3 7975 8872 8806
3 8806 8872 7847
3 7656 8517 8445
3 8214 9016 7893
3 7712 9090 8679
3 8865 9735 7850
3 8422 9001 7706
3 9584 9797 7693
3 7583 8748 8350
3 8351 8749 7584
3 8350 8748 7737
3 7738 8749 8351
3 7400 8646 8335
3 8544 8700 7371
3 7827 9267 8222
3 7699 9048 8218
3 7499 9007 8511
3 8514 8817 7831
3 7811 8817 8514
3 7913 9204 8737
3 7476 8866 8635
3 8450 8979 7664
3 7893 10427 8214
3 8426 8833 7752
3 7423 9181 8266
3 7773 8922 8700
3 8931 9350 8078
3 7706 9001 8431
3 8414 9079 7504
3 7475 9690 8692
3 7639 9479 8877
3 8877 9479 8230
3 7624 8785 8260
3 8104 10097 9015
3 8831 10264 7873
3 8519 8982 7887
3 8604 9557 7805
3 9744 10325 7489
3 8239 9443 7581
3 7582 9444 8240
3 8388 10539 7842
3 8630 9105 7790
3 9346 10584 7386
3 7387 10585 9347
3 8728 9054 7731
3 8240 10109 7415
3 7414 10110 8239
3 8806 9331 999
3 8720 9054 7540
3 8296 9692 7389
3 8436 10369 7920
3 7919 10368 8435
3 7805 9557 9131
3 8277 9751 7662
3 8322 8905 7615
3 7614 8904 8321
3 8321 8904 7768
3 7769 8905 8322
3 9263 10547 8269
3 7659 8614 8373
3 8238 9572 9441
3 9442 9571 8237
3 8226 9609 7623
3 7429 10419 8242
3 910 8381 911
3 1072 8382 1071
3 952 8502 951
3 8302 8716 7396
3 7395 8717 8303
3 9281 9324 8068
3 8947 10338 9250
3 9405 9415 7713
3 7676 9921 8398
3 7496 9507 8719
3 7385 9765 8224
3 7664 8979 8487
3 7713 9415 8556
3 9312 9954 8666
3 7896 9920 9215
3 9453 9837 8205
3 7623 9019 8226
3 7600 9695 8412
3 7822 9186 8275
3 890 8386 891
3 1052 8387 1051
3 7907 8534 8533
3 8533 8534 7666
3 7518 8971 8615
3 8562 9280 7471
3 8172 10548 9094
3 8017 9825 8309
3 8757 8851 7942
3 7841 8851 8757
3 8579 8860 7698
3 7697 8861 8578
3 8719 9507 9265
3 8439 8569 7701
3 8867 9228 8131
3 8590 8898 7691
3 8420 9225 7517
3 8554 8666 7467
3 8981 10686 7870
3 7813 9228 8867
3 7424 8865 8523
3 9403 9464 7699
3 7880 8921 8916
3 8916 8921 8044
3 8523 8865 7850
3 8292 10005 7831
3 8749 10369 8436
3 8435 10368 8748
3 9262 10260 8898
3 7684 9641 8228
3 877 9185 8522
3 8521 9184 1038
3 8888 10434 7692
3 9929 9945 8471
3 8255 9822 944
3 8419 8613 7410
3 7890 9837 9453
3 8321 8783 7429
3 7768 8906 8462
3 8463 8907 7769
3 7435 9929 8471
3 7489 10332 8394
3 7739 9758 8254
3 7925 9312 8666
3 7714 8752 8365
3 8228 9099 7684
3 8562 9840 9280
3 8345 8827 982
3 8283 9033 7443
3 9401 10052 7943
3 7944 10051 9400
3 8373 10223 7659
3 8268 9079 7804
3 9544 9594 7430
3 7734 9417 8636
3 8896 10053 9705
3 7673 8565 8469
3 7804 9163 8268
3 8268 9163 7426
3 8680 10539 8388
3 8579 9608 9056
3 9055 9607 8578
3 8663 9014 7519
3 7410 8613 8431
3 7615 9673 8322
3 8321 9672 7614
3 8292 10015 8478
3 8581 10127 10029
3 7717 9620 8776
3 8289 9647 7963
3 8363 8667 7687
3 7502 9022 8244
3 8310 9912 7564
3 8503 9488 8039
3 8412 9311 7600
3 8472 8669 7708
3 7554 9256 9035
3 8424 9658 8015
3 7851 9343 9045
3 8257 9558 7748
3 8301 10645 7747
3 8428 9059 7967
3 8366 9704 8687
3 7512 9617 8293
3 8294 9618 7513
3 8953 9416 1085
3 7904 9313 8370
3 7683 8738 8413
3 8340 8718 7495
3 7496 8719 8339
3 8272 10239 8576
3 9045 9343 7962
3 8808 9987 8490
3 8141 9550 9312
3 7799 8613 8419
3 7842 8745 8629
3 8629 8745 7376
3 7459 9419 8373
3 8244 10175 7502
3 8344 8968 7464
3 8858 9714 8231
3 8232 9715 8857
3 7461 9647 8289
3 7672 8876 8551
3 8463 9684 8907
3 8906 9685 8462
3 8385 9959 9275
3 9215 9920 8126
3 7432 10017 8334
3 8306 9544 7430
3 8115 9384 8974
3 7606 8849 8280
3 8728 9493 9054
3 8791 8832 7808
3 8581 10029 7579
3 8876 10392 9261
3 8287 8824 7716
3 7733 10458 8674
3 8801 10003 8325
3 7748 9754 8257
3 8811 9122 7579
3 8078 9122 8811
3 8445 10252 7931
3 8029 9864 9007
3 8508 8576 7858
3 8896 9705 7750
3 7700 8576 8508
3 7393 10040 8247
3 7931 8893 8396
3 8365 9755 7714
3 7715 9756 8366
3 8882 8971 7518
3 8596 8692 7832
3 7721 9714 8858
3 8857 9715 7722
3 7461 10385 8418
3 7602 8787 8308
3 7554 9035 8413
3 7853 10225 8248
3 9073 10149 8139
3 7678 9184 8521
3 8522 9185 7679
3 8576 10239 7487
3 8528 9819 7766
3 7765 9820 8527
3 7374 9845 8263
3 991 9590 8309
3 8015 8823 8424
3 8374 10434 8888
3 8261 9084 7750
3 1068 8548 1067
3 906 8549 907
3 7931 9013 8893
3 7733 9205 8266
3 1002 8891 8403
3 7717 8822 8299
3 7467 9303 8554
3 7690 9540 8264
3 8265 9541 7689
3 7472 9322 8538
3 908 8658 909
3 1070 8657 1069
3 7641 9488 8503
3 7541 9581 9094
3 7628 8680 8388
3 7963 9695 8289
3 8726 10106 7697
3 7698 10107 8727
3 8354 10106 8726
3 8727 10107 8355
3 8401 9202 7550
3 8663 10641 9014
3 7768 8783 8321
3 8915 9726 7760
3 7759 9725 8914
3 7411 8979 8450
3 9363 9893 8167
3 8166 9892 9364
3 8664 9680 9388
3 8665 8882 7839
3 7903 8798 8762
3 8762 8798 7378
3 8352 9871 8057
3 7834 10286 9231
3 9230 10285 7835
3 8523 10365 7424
3 7881 9076 8475
3 8475 9076 7655
3 8418 8651 7686
3 8517 10252 8445
3 7874 9801 9253
3 7550 8894 8401
3 8406 9749 8028
3 7725 9597 9538
3 9539 9596 7724
3 8670 8728 7856
3 7422 8728 8670
3 8715 9765 7793
3 8224 9765 8715
3 9014 9397 7790
3 7761 8801 8325
3 8253 10185 7838
3 7837 10184 8252
3 10010 10464 8765
3 8764 10463 10009
3 7713 9521 8438
3 7732 8972 8282
3 8192 10584 9346
3 9347 10585 8193
3 8747 9151 7879
3 8497 9941 7530
3 8630 9367 9105
3 8290 9826 7527
3 8664 9388 7688
3 7840 8863 8395
3 8395 8863 7970
3 7403 9350 8931
3 7629 10209 8285
3 8398 9921 9018
3 9719 10265 7695
3 987 9593 8286
3 8414 9731 9079
3 8868 10658 8430
3 8524 10204 8257
3 7664 10204 8524
3 9093 10581 8389
3 8876 9261 7978
3 8014 9075 8843
3 894 8727 895
3 1056 8726 1055
3 8519 9439 7640
3 8828 8861 7454
3 7455 8860 8829
3 8480 9012 7473
3 7474 9011 8481
3 7606 9422 8404
3 8414 9103 7854
3 7504 9103 8414
3 7979 9262 8898
3 8263 9010 7610
3 8576 10321 8272
3 7799 8808 8613
3 8671 8922 7773
3 7637 9852 8281
3 8425 8773 7826
3 7667 9856 8854
3 8295 8909 7605
3 7501 9024 8772
3 7662 8811 8471
3 8518 9591 8948
3 8313 9063 886
3 1047 9062 8312
3 7724 9596 8596
3 8597 9597 7725
3 8378 10070 7821
3 9876 9941 8497
3 7952 9656 8964
3 8965 9655 7953
3 7458 8736 8378
3 8325 8986 7761
3 8443 10623 10265
3 974 8605 973
3 8629 9657 7729
3 8283 9933 7651
3 8726 10199 1055
3 894 10200 8727
3 9322 9795 8538
3 7398 10149 8841
3 8334 8821 7616
3 8797 9819 8528
3 8527 9820 8796
3 8262 9884 7450
3 8342 8808 7799
3 8330 9157 7823
3 8419 9125 7864
3 7410 9125 8419
3 8643 8942 7824
3 7825 8941 8644
3 7901 8942 8643
3 8644 8941 7900
3 8246 10231 9236
3 7608 9179 8920
3 8521 9167 7678
3 7679 9168 8522
3 7651 9582 8283
3 8284 9583 7650
3 7929 9167 8521
3 8522 9168 7930
3 8920 9179 8118
3 7425 9180 8374
3 7728 9309 8305
3 9153 9822 7811
3 8374 9180 7855
3 7450 9092 8262
3 7801 10331 9788
3 9789 10330 7800
3 8307 8887 7736
3 8744 9541 8062
3 8577 9057 7939
3 7750 9124 8261
3 7794 9116 8500
3 9242 9766 7844
3 8260 10019 7503
3 8424 10232 9658
3 7508 9057 8577
3 7500 8803 8599
3 8019 9439 8519
3 9162 10562 8967
3 8548 10103 1067
3 906 10102 8549
3 7426 9102 8268
3 8260 9940 7624
3 9313 10357 8370
3 8323 8987 7622
3 7605 8909 8304
3 8297 10180 7763
3 7764 10181 8298
3 7503 10264 8260
3 8548 8933 8123
3 8124 8934 8549
3 7700 10321 8576
3 8418 10385 8651
3 7610 10709 8263
3 8532 9198 8129
3 1030 8621 1029
3 913 8616 914
3 8640 9740 7456
3 8165 9740 8640
3 8446 9460 7922
3 8061 9540 8746
3 8303 10229 7648
3 7649 10230 8302
3 8370 9351 7904
3 8732 9939 8347
3 7877 9382 8328
3 8328 9382 7613
3 7816 9191 8552
3 8553 9190 7817
3 8702 9191 8177
3 8178 9190 8703
3 7386 9191 8702
3 8703 9190 7387
3 8266 9205 7423
3 8764 10009 8187
3 8188 10010 8765
3 8499 8628 7709
3 7730 9393 8314
3 8349 10228 7636
3 7635 10227 8348
3 7732 10658 8868
3 7788 9325 8331
3 8005 9638 8483
3 8482 9639 8006
3 10089 10418 8787
3 8260 10264 8831
3 9931 10355 7761
3 8829 8860 7920
3 7919 8861 8828
3 8258 9594 9544
3 9306 9868 7791
3 7808 8832 8599
3 8652 9685 9600
3 8056 9878 8307
3 8843 9075 7809
3 8610 8611 7700
3 7701 8612 8609
3 7891 8611 8610
3 8609 8612 7892
3 8460 8737 7522
3 8303 8935 7861
3 7860 8936 8302
3 8947 9250 7530
3 8426 10032 8833
3 7819 9152 8287
3 7754 8737 8460
3 8364 10354 8637
3 8637 10354 7696
3 9657 9739 7729
3 8458 9148 7886
3 7526 9148 8458
3 7389 9246 8296
3 8273 10370 8569
3 8335 10007 7400
3 1086 9614 8953
3 8844 9288 7874
3 7716 9561 8287
3 8598 9791 7743
3 8602 9483 7988
3 7613 10663 8328
3 9066 9622 7589
3 7695 10623 9404
3 8974 9384 7542
3 9155 9500 8054
3 8055 9499 9156
3 8847 8848 7758
3 7943 10052 8779
3 8780 10051 7944
3 7640 8973 8296
3 7864 10239 8272
3 8373 10116 7459
3 8272 9282 7864
3 8569 10606 8273
3 7992 9664 8301
3 7874 9288 9229
3 8299 9187 7828
3 8465 8951 8072
3 8071 8950 8466
3 8014 8843 8399
3 8296 8982 7640
3 8275 9326 7822
3 8362 10151 7740
3 8443 10265 8709
3 7962 9327 9221
3 8276 9847 7782
3 7924 9354 8802
3 9354 10203 8802
3 7921 8980 8301
3 8285 10059 7629
3 8104 9939 8732
3 8492 8702 7669
3 7670 8703 8493
3 8280 9422 7606
3 9191 9430 8552
3 8553 9431 9190
3 884 8476 885
3 1046 8477 1045
3 8281 9106 7637
3 1022 8461 1021
3 7689 10195 9625
3 7743 9791 8640
3 9245 9512 7498
3 994 8603 993
3 8898 10127 7691
3 8391 8837 8069
3 7602 10089 8787
3 8443 8709 7469
3 7697 9607 8726
3 8727 9608 7698
3 8274 9512 9245
3 7605 9015 8295
3 9678 10191 8280
3 9441 9572 7494
3 7493 9571 9442
3 8726 9607 8145
3 8146 9608 8727
3 8491 10116 7729
3 8309 9732 991
3 8856 10418 8190
3 8299 9620 7717
3 7693 9797 8792
3 7602 9478 8376
3 8341 9498 7632
3 8687 9704 7593
3 8570 8843 7809
3 7490 8843 8570
3 8293 9494 7630
3 7631 9495 8294
3 8678 8795 7887
3 8734 10482 9766
3 7991 9685 8652
3 1075 8573 1074
3 8679 10113 7848
3 9225 9964 7517
3 9253 9801 8175
3 8964 9037 7952
3 8616 9812 914
3 8068 9530 9284
3 9626 10269 7690
3 8605 9968 973
3 8287 10213 7404
3 8569 10370 7701
3 8403 9477 1001
3 9675 9684 8670
3 8282 9420 7732
3 8670 9684 7992
3 8502 9621 951
3 7524 8984 8417
3 8561 9217 7533
3 7953 9217 8561
3 7443 9365 8283
3 7969 9162 8967
3 8013 10191 9678
3 7638 8975 8455
3 8455 8975 7810
3 8555 9924 7644
3 8792 9797 8223
3 7833 8924 8339
3 8737 9204 7522
3 8595 9700 7711
3 9372 9547 7936
3 7788 9074 8794
3 8435 8748 7583
3 7584 8749 8436
3 8141 9312 8484
3 10265 10623 7695
3 8794 9074 8119
3 7884 9166 8819
3 7600 9555 8518
3 8518 9555 8048
3 8498 8864 7650
3 8287 9428 7819
3 8515 9099 7470
3 7962 9221 8701
3 9024 10363 8772
3 8392 9989 9310
3 7884 9221 9166
3 8413 9035 7683
3 8781 8803 7500
3 8169 9898 8636
3 7464 8968 8475
3 7841 9216 8286
3 1030 10080 8621
3 7831 9337 8292
3 8286 9361 7841
3 7709 9308 8673
3 8948 9274 7997
3 8292 9337 7608
3 8158 9919 9688
3 9687 9918 8157
3 8278 10344 8946
3 9250 10338 8135
3 8636 9721 7734
3 8317 9443 7875
3 7876 9444 8318
3 7632 9865 8341
3 7905 8932 8713
3 8713 8932 7866
3 7945 9158 8880
3 942 8514 941
3 8339 10169 7833
3 8580 9107 7977
3 7404 9428 8287
3 8335 10263 10223
3 8293 9951 7512
3 7513 9952 8294
3 8333 9773 1016
3 7658 10233 8394
3 7576 8708 8571
3 8386 8886 891
3 1052 8885 8387
3 8554 9303 9053
3 8571 8708 7918
3 8636 9898 7596
3 8699 9696 7453
3 7785 9006 8411
3 8710 9643 8242
3 8139 10149 9484
3 7946 9121 9029
3 8766 9808 7630
3 7631 9809 8767
3 7470 10316 8704
3 8704 10316 8367
3 8894 10466 8401
3 9239 10371 7543
3 7712 9377 8560
3 8326 9723 7724
3 7725 9724 8327
3 8406 10255 9749
3 8491 9767 7459
3 8318 9322 7876
3 8094 9767 8491
3 952 9020 8502
3 7925 8666 8554
3 8079 9302 8545
3 8416 8807 8045
3 7612 8807 8416
3 7895 9183 8487
3 8487 9183 7497
3 8289 9314 7461
3 8309 9590 8017
3 7396 9411 8302
3 8303 9412 7395
3 8438 8768 7713
3 8302 9411 7860
3 7861 9412 8303
3 8302 9517 7649
3 7648 9516 8303
3 8615 8881 7518
3 7849 8881 8615
3 7739 9611 8372
3 8372 9758 7739
3 7626 10407 8685
3 8440 10646 9042
3 8814 9021 7543
3 7997 9021 8814
3 7712 8679 8537
3 8637 10400 7460
3 8091 9397 9014
3 7791 9868 9010
3 7414 10078 8506
3 8507 10079 7415
3 8805 9811 9678
3 8414 8900 8031
3 7626 10475 10407
3 7630 9329 8293
3 8294 9330 7631
3 7828 9335 8299
3 8299 9335 7405
3 8399 8843 7490
3 8374 8888 7425
3 7801 9788 9063
3 9062 9789 7800
3 1086 8953 1085
3 8011 9366 9175
3 7894 8848 8847
3 8376 9326 7602
3 7625 10357 9313
3 7672 10146 8876
3 9138 10334 8508
3 7601 10388 10083
3 7405 10219 8299
3 7729 10116 8614
3 8295 10174 7424
3 8296 9246 7744
3 7744 10135 8296
3 972 8650 971
3 7740 10151 8421
3 7755 9660 9481
3 9164 10333 9894
3 8469 10516 7820
3 1085 9416 1084
3 7763 9485 8297
3 8298 9486 7764
3 8447 10612 8689
3 8689 10612 7677
3 8852 8882 7518
3 7737 8992 8350
3 8351 8993 7738
3 7584 9860 8351
3 8350 9859 7583
3 7459 10214 9419
3 7618 10567 9768
3 7684 9134 8451
3 7759 10106 8354
3 8355 10107 7760
3 8348 9143 7478
3 7477 9144 8349
3 7797 9143 8348
3 8349 9144 7798
3 8326 10650 7837
3 7838 10651 8327
3 8423 9405 8768
3 7534 9218 8587
3 8587 9218 7952
3 7430 9142 8306
3 8190 9948 8856
3 7695 9970 8369
3 7875 9280 8317
3 7568 9195 8396
3 8396 9195 7845
3 7417 10334 9138
3 7747 10645 8820
3 7392 9642 8910
3 8910 9642 8234
3 7787 10581 9093
3 8421 10111 7740
3 8185 9622 9066
3 9090 10620 8346
3 8352 10381 9871
3 9164 9894 8150
3 7703 8696 8536
3 7544 9630 9606
3 8921 9038 1018
3 7807 8799 8624
3 8305 9414 7728
3 8404 9361 7606
3 7706 9886 8422
3 9442 10038 7493
3 7494 10039 9441
3 8036 9893 9363
3 9364 9892 8035
3 8624 8799 7401
3 7692 9706 8332
3 8587 9420 7534
3 8650 8896 7750
3 8099 8896 8650
3 8666 10137 7467
3 9332 9816 1073
3 7871 9315 8478
3 9226 10642 7431
3 7934 8672 8669
3 8854 9856 8169
3 8669 8672 7708
3 8637 9843 8254
3 1017 9038 8333
3 9404 9970 7695
3 8404 9422 7898
3 8424 8823 7601
3 7874 9229 9115
3 8304 9421 7605
3 9673 10076 8322
3 9481 9660 8300
3 8619 9892 7538
3 7539 9893 8620
3 9509 9734 8233
3 7495 9820 8340
3 8339 9819 7496
3 8308 9478 7602
3 9312 9550 7594
3 8484 9333 7372
3 7925 9333 8484
3 8874 9630 7544
3 8739 9737 8175
3 7914 9233 8658
3 8657 9234 7915
3 8695 10181 7415
3 7414 10180 8694
3 8298 10181 8695
3 8694 10180 8297
3 29 8592 969
3 930 8591 28
3 8839 9027 8049
3 8050 9028 8840
3 7782 8945 8724
3 8181 9235 9130
3 7685 9737 8739
3 9130 9235 7535
3 9027 9676 8049
3 8050 9677 9028
3 8023 9874 8365
3 8366 9875 8024
3 8365 9874 7390
3 7391 9875 8366
3 7945 8880 8648
3 9236 9880 8246
3 8654 9485 7495
3 7496 9486 8655
3 9696 9848 7453
3 9283 10002 8290
3 7873 9345 8831
3 8966 10517 7663
3 7812 8910 8759
3 8951 10587 8072
3 8071 10588 8950
3 8893 9013 7851
3 8433 10233 7658
3 8307 9398 8056
3 8396 8893 7568
3 8322 10076 7430
3 7781 10466 8894
3 9145 9932 7692
3 7383 9036 8771
3 8771 9036 7968
3 8532 10226 9198
3 7762 10306 8384
3 8426 9256 8092
3 9764 10652 8600
3 8215 9064 8509
3 7734 9721 9181
3 8311 9251 7625
3 7761 10355 8801
3 7411 10359 8427
3 8359 9179 7608
3 9227 9793 7859
3 7429 10704 8321
3 7454 8861 8452
3 8453 8860 7455
3 8378 10096 7458
3 7807 9179 8359
3 8312 10291 1047
3 886 10290 8313
3 8423 10308 7989
3 7678 10415 9184
3 9185 10416 7679
3 8545 9302 8013
3 8766 9494 8020
3 8021 9495 8767
3 8101 9764 8600
3 7625 9313 8311
3 8741 8980 7921
3 7422 8980 8741
3 8805 9678 7723
3 7986 9806 8320
3 8319 9805 7985
3 8389 9552 9093
3 9342 10082 7857
3 7728 10088 9309
3 7427 10258 9108
3 8662 9196 7973
3 8710 10000 7619
3 8242 10000 8710
3 8462 8859 7768
3 7527 8859 8462
3 7668 9196 8662
3 7692 9932 8888
3 7475 8692 8596
3 9879 10366 7719
3 8338 9212 7463
3 7719 10366 8810
3 8789 9500 7477
3 7478 9499 8790
3 8314 9877 7499
3 7861 9277 8627
3 8626 9278 7860
3 8627 9277 7978
3 7979 9278 8626
3 9583 10578 7705
3 7704 10579 9582
3 8565 10516 8469
3 7885 9114 9059
3 9401 9672 8159
3 8160 9673 9400
3 8379 9999 7852
3 8734 9766 8116
3 8152 10065 9490
3 7680 9937 8589
3 8057 9778 8352
3 7730 8809 8451
3 8320 9379 7986
3 7985 9378 8319
3 8615 8930 7849
3 9034 9109 8080
3 8479 9118 7739
3 7481 9145 8332
3 8485 8897 7710
3 7937 9243 9055
3 9056 9244 7938
3 9055 9243 8145
3 8146 9244 9056
3 8425 9133 7742
3 9309 10088 8383
3 7449 8964 8937
3 9762 9892 8619
3 8620 9893 9761
3 8937 8964 8010
3 7893 9324 9281
3 8736 10481 10390
3 1065 8760 8731
3 8730 8761 904
3 8390 9754 7748
3 8550 9399 7617
3 7837 9207 8326
3 8327 9208 7838
3 7394 10683 8809
3 7847 9543 9331
3 9042 10646 7810
3 9331 9543 8315
3 7994 9399 8550
3 9174 10662 7834
3 7835 10661 9173
3 8940 10407 8267
3 8117 9924 8555
3 9123 9700 8595
3 9168 10087 7930
3 7929 10086 9167
3 9358 9785 8012
3 8291 10082 9342
3 7523 9407 8638
3 7740 10389 8362
3 7884 10061 8325
3 8638 9407 8131
3 8331 9189 7788
3 8986 9521 7713
3 1015 9773 9487
3 8649 8900 7854
3 7381 8900 8649
3 7689 9541 8744
3 7622 9562 8323
3 9058 9534 8259
3 7473 9012 8839
3 8840 9011 7474
3 7813 10495 8347
3 9269 10364 8273
3 7854 8900 8414
3 7709 10624 8499
3 8908 9779 7702
3 8869 9878 8056
3 8823 10388 7601
3 8676 8700 7789
3 8646 10263 8335
3 8263 9779 8908
3 7742 9740 9710
3 8450 10359 7411
3 8417 10542 7894
3 7866 9534 9058
3 8332 9526 7481
3 7849 8930 8922
3 8405 9852 7637
3 8479 9843 7696
3 9591 9838 7406
3 8309 9825 8805
3 983 9260 8345
3 9203 10659 8310
3 7708 10488 8472
3 7705 10360 9583
3 9582 10361 7704
3 7642 9124 8371
3 8746 9540 7690
3 7483 9064 8433
3 8953 9007 7877
3 8029 9007 8953
3 7592 9685 8906
3 8907 9684 7593
3 8736 10070 8378
3 8328 9416 7877
3 7607 10339 9660
3 9035 9256 8022
3 8736 10390 7733
3 7663 9666 8966
3 9604 9926 8667
3 8004 9148 8746
3 8746 9148 7526
3 7858 9138 8508
3 7424 9224 8865
3 7492 8832 8791
3 8865 9224 8065
3 9755 10288 7714
3 7715 10289 9756
3 8653 9645 7610
3 8011 9229 8753
3 7616 9547 8334
3 7807 9526 8332
3 8439 10299 8162
3 7823 9320 8330
3 7796 8834 8599
3 8809 10683 8451
3 8433 10279 7483
3 8599 8834 7500
3 8663 9194 7966
3 7752 8833 8460
3 7495 9485 8796
3 8797 9486 7496
3 7623 9609 8380
3 7701 10299 8439
3 7519 9194 8663
3 7687 9832 8363
3 8069 10021 8391
3 7380 9288 8696
3 7833 8866 8597
3 8490 9886 7706
3 8580 9904 9107
3 8862 8945 7782
3 7372 9342 8484
3 7769 8880 8463
3 8463 8880 7528
3 9066 9544 7718
3 8258 9544 9066
3 7712 9774 9377
3 8162 10307 8439
3 7699 9568 8338
3 8589 9937 9870
3 7534 9420 8725
3 7951 9109 9034
3 7419 8912 8539
3 8540 8913 7420
3 8539 8912 7802
3 7803 8913 8540
3 8469 9743 7673
3 7886 9463 8458
3 7826 10215 8425
3 7799 9889 8342
3 7452 9887 8659
3 7445 9604 8667
3 7831 10005 9171
3 7525 9152 8415
3 8415 9152 7819
3 7464 9177 8344
3 7597 9427 8566
3 9088 9194 8111
3 8566 9427 8000
3 8388 9258 7469
3 7693 10503 8448
3 7842 9258 8388
3 8752 9703 8365
3 8605 10609 7770
3 8490 9740 7742
3 7751 10020 8429
3 8039 9746 8503
3 8603 9935 993
3 8899 9566 1023
3 8371 10043 9722
3 9891 10625 8214
3 7707 9338 8335
3 7770 10609 9046
3 7734 9498 8341
3 8332 9706 8799
3 8851 9019 7942
3 8382 9234 1071
3 910 9233 8381
3 8359 9995 7481
3 8368 9293 7948
3 1075 9679 8573
3 7758 8848 8570
3 7448 10328 8656
3 7672 9165 8606
3 7463 9403 8338
3 8376 9478 7889
3 8371 9078 7642
3 8770 9004 7568
3 7927 9004 8770
3 9471 9809 8386
3 8387 9808 9470
3 9482 10240 8205
3 8574 10228 8349
3 8348 10227 8575
3 8659 9887 8149
3 8385 9318 7762
3 8504 9257 7745
3 7609 9508 8496
3 7988 9680 8602
3 8496 9508 7982
3 9786 10547 7402
3 8747 8911 7815
3 7879 8911 8747
3 7819 10707 8415
3 8001 9799 8485
3 8254 10400 8637
3 7855 9060 8374
3 8348 9211 7635
3 7636 9210 8349
3 8527 8796 7763
3 7764 8797 8528
3 8353 9199 7999
3 972 9968 8650
3 8361 9854 7888
3 8729 9192 7902
3 8123 10103 8548
3 8549 10102 8124
3 7628 9006 8390
3 945 9319 944
3 7773 8700 8676
3 9766 10482 7551
3 8068 9324 8771
3 7986 9809 9471
3 9470 9808 7985
3 8614 10116 8373
3 1059 8914 1058
3 897 8915 898
3 999 9331 998
3 9308 9648 8673
3 8635 10538 7476
3 8246 10642 9226
3 8958 10063 9786
3 990 8786 989
3 9873 10262 9074
3 7423 10716 9181
3 8515 9585 7663
3 7816 9435 9191
3 9190 9434 7817
3 7660 9483 8602
3 7717 8776 8775
3 8774 8777 7716
3 8089 8777 8774
3 8775 8776 8088
3 7390 9755 8365
3 8366 9756 7391
3 8743 10121 8270
3 7476 10538 10225
3 9303 9733 8225
3 8973 9692 8296
3 9116 9606 8500
3 8732 8991 7754
3 7490 10456 8399
3 8849 9971 8151
3 7411 10049 8979
3 7843 9341 8377
3 7718 10121 8743
3 8347 10495 8732
3 7386 10584 9430
3 9431 10585 7387
3 7966 9194 9088
3 7664 9958 8450
3 7999 9913 8353
3 8668 10170 7735
3 7754 8991 8737
3 890 9471 8386
3 8387 9470 1051
3 7478 9906 8348
3 8349 9907 7477
3 7753 9073 8380
3 8693 10120 7463
3 8820 9158 7964
3 7823 10428 8368
3 8347 9421 7813
3 8204 10371 9239
3 8056 9998 8869
3 8665 8782 7779
3 8105 9110 9093
3 9093 9110 7787
3 7646 9409 8641
3 8642 9410 7647
3 8833 10032 7463
3 8595 10267 8228
3 7711 10267 8595
3 8412 10362 7786
3 9669 10328 7448
3 8572 8838 7399
3 8138 8838 8572
3 8814 8948 7997
3 8198 9853 8772
3 8772 9853 7501
3 987 9216 986
3 7974 8864 8498
3 7903 9170 8798
3 7598 9602 8485
3 8485 9602 8001
3 7909 9518 8402
3 9722 10043 7440
3 9660 10205 7607
3 8142 9975 8598
3 8598 9975 7603
3 10111 10367 7740
3 8681 9112 7749
3 7449 9037 8964
3 8825 9029 7412
3 8446 10555 9460
3 8491 8963 8094
3 948 8594 947
3 7406 9838 9075
3 9087 9328 7805
3 8978 10461 8276
3 9714 10522 7437
3 7438 10523 9715
3 8686 8917 7767
3 8389 9592 7588
3 8365 9703 8023
3 8024 9704 8366
3 8755 9057 7904
3 7939 9057 8755
3 8516 10503 7693
3 966 9359 8457
3 8399 10033 8014
3 8359 9526 7807
3 8917 9086 7767
3 8460 9132 7752
3 7998 9072 8558
3 8557 9071 7999
3 7591 9071 8557
3 8558 9072 7590
3 7931 9476 8445
3 8445 9476 7432
3 8376 10469 7822
3 9069 10078 8239
3 8240 10079 9070
3 7948 9694 8368
3 8395 9294 7840
3 7952 9037 8587
3 8416 9509 7909
3 8733 9307 7853
3 8360 9283 7991
3 9554 9996 7859
3 8555 8990 7392
3 7821 8990 8555
3 8183 9816 9332
3 8452 10106 7759
3 7760 10107 8453
3 8502 10257 7671
3 8712 9706 7692
3 8503 9746 7482
3 8538 10712 7472
3 7608 9337 8359
3 8931 10147 7996
3 936 8645 935
3 7435 10260 9262
3 8126 9706 8712
3 7407 9005 8711
3 7481 9526 8359
3 8321 10704 9672
3 7643 10412 8509
3 8640 10327 7743
3 7641 9944 8401
3 8509 10412 8215
3 8701 9045 7962
3 1072 9816 8382
3 8381 9817 911
3 7657 9406 8409
3 8368 9320 7823
3 8653 10266 9645
3 8116 9766 9242
3 8728 8884 7856
3 7731 8884 8728
3 8509 9064 7483
3 8409 9044 7657
3 8782 8803 7779
3 8083 9624 8560
3 7463 10120 8833
3 8025 9235 8489
3 8659 9134 7684
3 1065 8731 1064
3 903 8730 904
3 9099 10316 7470
3 8464 9529 7951
3 8361 9340 7652
3 7962 9925 9327
3 10009 10463 7581
3 7582 10464 10010
3 8700 8922 7371
3 917 9491 8488
3 7991 9506 8360
3 9730 10710 8995
3 8178 9434 9190
3 9191 9435 8177
3 8732 10495 7379
3 8686 9352 8001
3 7888 9798 8361
3 8862 9023 7413
3 9382 9393 7613
3 8314 9393 9382
3 8839 9295 7473
3 7474 9296 8840
3 8049 9295 8839
3 8840 9296 8050
3 9462 9982 8256
3 8599 8803 7808
3 7761 8986 8556
3 7871 8959 8645
3 8645 8959 7922
3 7431 9734 9509
3 9709 9794 8186
3 8235 9900 8875
3 9414 10128 7585
3 9767 10170 8668
3 9181 10716 8489
3 8407 10415 7678
3 7679 10416 8408
3 8769 9237 7774
3 7696 9843 8637
3 8379 9520 7580
3 9712 10211 7480
3 1024 8899 1023
3 8417 9043 7815
3 7936 9547 8432
3 8432 9547 7616
3 7668 10093 8442
3 8682 9520 8379
3 8603 10507 7719
3 8273 10606 9269
3 7460 9404 8364
3 8075 10094 8492
3 8493 10095 8076
3 8096 9749 9440
3 901 9160 8483
3 8482 9159 1062
3 8946 10687 8278
3 9006 10130 8411
3 8545 10405 8079
3 912 9817 9395
3 1000 8806 999
3 7553 9408 8429
3 8444 9562 7622
3 8946 10344 7780
3 8413 9977 7554
3 7485 10648 8437
3 8435 9615 7960
3 7961 9616 8436
3 7583 9615 8435
3 8436 9616 7584
3 8516 10306 7762
3 8567 9267 7827
3 8671 8928 7849
3 7524 8928 8671
3 8875 9900 8107
3 8671 8984 7524
3 8690 10650 8326
3 8327 10651 8691
3 7403 9573 8698
3 9787 10451 7588
3 7592 9703 8752
3 9266 9321 8221
3 7827 9321 9266
3 8217 9949 9771
3 8545 9065 7845
3 7529 9065 8545
3 8485 10421 7598
3 7710 10422 8485
3 7683 9035 8639
3 8570 8848 7490
3 8458 10235 7828
3 1019 8921 1018
3 7856 8884 8538
3 7634 10703 10311
3 10312 10702 7633
3 8119 8983 8621
3 1044 8643 1043
3 882 8644 883
3 9108 10258 8184
3 8092 9464 9403
3 9212 9637 7776
3 8338 9637 9212
3 9228 10424 7645
3 7774 9237 8804
3 7381 8842 8804
3 8410 10424 9228
3 8375 9647 7461
3 8524 9958 7664
3 7467 9733 9303
3 7402 10547 9080
3 8996 10349 7721
3 7722 10350 8997
3 9441 10501 8238
3 8237 10502 9442
3 8551 8876 7978
3 7970 10122 8395
3 8838 10524 10305
3 7633 8951 8465
3 8466 8950 7634
3 7589 10114 9066
3 8441 10276 7781
3 8578 8861 7919
3 7920 8860 8579
3 7894 10054 8417
3 8593 8842 7786
3 8834 8902 7890
3 7796 8902 8834
3 7822 9326 8376
3 8599 8832 7796
3 9535 9830 7872
3 7788 9873 9074
3 7821 9855 8378
3 8745 10113 7376
3 8735 8809 7730
3 8373 9419 7707
3 7885 8809 8735
3 8430 9727 8868
3 7528 9664 8463
3 8463 9664 7992
3 994 9085 8603
3 7905 9519 8586
3 7662 9751 8811
3 8398 9170 7676
3 8422 10131 9001
3 9001 10131 7521
3 8012 9785 9004
3 8665 8926 7412
3 7839 8926 8665
3 8430 9037 7449
3 7412 8782 8665
3 8686 9348 7421
3 8001 9348 8686
3 7867 10031 8375
3 915 9003 916
3 9510 9711 7995
3 7420 9564 9097
3 9096 9563 7419
3 8439 9242 7844
3 8880 9158 7528
3 8812 9344 7965
3 8402 10460 7843
3 7729 9683 8629
3 8095 9087 8869
3 8869 9087 7532
3 8404 10550 7841
3 7408 10134 8705
3 8706 10133 7409
3 8397 9368 7840
3 980 8677 979
3 7629 9059 8428
3 8958 9786 7402
3 8375 9700 7867
3 8602 9079 8268
3 8033 9832 8750
3 7528 9158 8820
3 8194 10038 9442
3 9441 10039 8195
3 8475 8968 7881
3 7786 9311 8412
3 7555 9318 8385
3 8526 10455 7685
3 8377 9385 7843
3 8568 10480 7621
3 7889 9536 8376
3 9014 10641 8091
3 9089 10327 8640
3 8535 9259 7890
3 8380 9609 7753
3 7449 10091 8430
3 8380 9354 7623
3 7917 8913 8890
3 8889 8912 7916
3 8890 8913 7803
3 7802 8912 8889
3 8778 8820 7964
3 7763 10180 8584
3 8583 10181 7764
3 8069 9103 8664
3 9487 9773 8196
3 8548 9513 7756
3 7757 9514 8549
3 8032 9565 8379
3 7791 8954 8647
3 8319 10330 9789
3 9788 10331 8320
3 8045 9936 8416
3 8415 9635 7923
3 8753 9113 7940
3 7380 9113 8753
3 1000 9477 8806
3 8481 9011 8005
3 8006 9012 8480
3 7795 8855 8813
3 8731 8760 7777
3 7778 8761 8730
3 8813 8855 7862
3 8416 9936 9509
3 8214 10625 9016
3 8151 10474 8849
3 8541 9135 8007
3 8394 9270 7658
3 7497 9674 8487
3 1005 8740 1004
3 7741 8795 8678
3 925 8707 926
3 8795 10104 7887
3 8053 9812 8616
3 8711 9689 7407
3 8570 8883 7758
3 8461 9031 1021
3 8650 9084 971
3 7941 9562 8444
3 9053 10241 10136
3 8988 9919 8158
3 8157 9918 8989
3 7709 9091 8568
3 8407 9222 7934
3 7935 9223 8408
3 8419 9193 7799
3 8605 8874 8099
3 8675 9352 7767
3 7406 9274 8948
3 9053 10136 7673
3 7451 9846 8560
3 8560 9846 8083
3 8099 9968 8605
3 8401 9944 9202
3 1003 8891 1002
3 7721 9290 8996
3 8997 9289 7722
3 8497 10093 7668
3 7574 9025 8552
3 8553 9026 7575
3 8552 9025 7816
3 7817 9026 8553
3 7561 9323 8392
3 7840 9294 8397
3 9695 10356 8412
3 7707 9891 8903
3 8505 9394 1078
3 7887 10135 8699
3 8487 8979 7895
3 7808 8803 8782
3 7767 9352 8686
3 8838 10305 7399
3 8527 9295 7765
3 7766 9296 8528
3 8458 9187 7526
3 7674 9002 8510
3 7828 9187 8458
3 8510 9002 7795
3 8621 10080 8119
3 8277 10147 8931
3 8095 9328 9087
3 7462 9448 8556
3 7967 9722 8428
3 8428 9722 7440
3 884 9381 8476
3 8477 9380 1045
3 7538 9240 8407
3 8408 9241 7539
3 8527 9653 7473
3 7474 9654 8528
3 7934 9222 8672
3 8673 9223 7935
3 7644 10652 9764
3 7898 9098 8503
3 8503 9098 7641
3 8497 9250 7772
3 7792 10560 8621
3 8161 10298 8508
3 8672 9222 7446
3 7447 9223 8673
3 8464 9475 922
3 8508 10298 7700
3 8504 9790 7458
3 7770 8874 8605
3 8040 9790 8504
3 8388 9492 7628
3 8768 10034 7416
3 9085 10507 8603
3 7375 9133 8425
3 8334 10017 9879
3 7597 9738 8751
3 8471 10260 7435
3 8134 10260 8471
3 9400 9673 7615
3 7614 9672 9401
3 8041 9552 8389
3 8504 9239 8040
3 8879 9148 8004
3 7886 9148 8879
3 8753 9366 8011
3 8950 10703 7634
3 7633 10702 8951
3 7898 10118 9098
3 8721 9222 8407
3 8408 9223 8722
3 7708 9339 8725
3 8473 9571 7493
3 7494 9572 8474
3 7958 9571 8473
3 8474 9572 7959
3 8903 9891 8214
3 7702 9225 8420
3 7832 8923 8690
3 8691 8924 7833
3 7409 8924 8691
3 8690 8923 7408
3 9041 10113 8745
3 8854 9974 7667
3 8980 10152 7992
3 8875 9588 8235
3 7415 10109 8695
3 8694 10110 7414
3 9249 10308 8423
3 10223 10263 7659
3 7850 8944 8523
3 8396 9476 7931
3 8405 10211 9712
3 8526 10186 7775
3 7621 9866 9522
3 8927 10018 9588
3 8925 9151 7865
3 9200 9967 7998
3 8902 9005 7407
3 7974 9445 8864
3 7767 9086 8758
3 7979 8898 8590
3 9266 10201 8206
3 7634 9549 8466
3 8465 9548 7633
3 7826 9636 8704
3 7756 8933 8548
3 8549 8934 7757
3 7637 9344 8405
3 7841 9361 8404
3 9110 10074 8208
3 7408 10650 8690
3 8691 10651 7409
3 9236 10231 7818
3 8751 9738 8122
3 8635 8866 7727
3 7843 9385 8402
3 7622 9451 8444
3 8470 9030 7895
3 9668 9976 8118
3 7507 10546 8438
3 8252 10496 9207
3 9208 10497 8253
3 9118 10689 7739
3 7473 10314 8480
3 8481 10313 7474
3 8139 10534 8520
3 7779 8803 8781
3 7647 9814 8642
3 8641 9815 7646
3 8120 9730 8995
3 8402 9385 7612
3 9079 9731 7804
3 9715 10662 7438
3 7437 10661 9714
3 8268 10509 8602
3 8474 9549 7634
3 7633 9548 8473
3 8602 10509 7660
3 8923 10134 7408
3 7409 10133 8924
3 7568 8893 8770
3 8770 8893 7851
3 8145 10199 8726
3 8727 10200 8146
3 7479 9073 8520
3 7462 9469 9448
3 8469 9176 7372
3 7820 9176 8469
3 982 8827 981
3 7490 8929 8676
3 7893 9016 8756
3 8756 9016 7576
3 8793 8850 7844
3 7820 8850 8793
3 8757 10395 7841
3 9404 10623 8364
3 7724 9723 8512
3 8513 9724 7725
3 7669 9993 8492
3 8493 9994 7670
3 8089 9994 8493
3 8492 9993 8088
3 8352 9967 9200
3 8402 9613 7909
3 7612 9613 8402
3 1046 10291 8477
3 8476 10290 885
3 8407 9697 7538
3 7539 9698 8408
3 8676 8929 7773
3 7427 10193 10105
3 7934 9697 8407
3 8408 9698 7935
3 8573 9679 8004
3 7628 10130 9006
3 7412 8926 8825
3 8825 8926 7878
3 7663 10517 8515
3 8476 9381 7900
3 7901 9380 8477
3 953 9020 952
3 9170 9972 8798
3 7990 9588 8875
3 8915 10448 898
3 1059 10447 8914
3 7498 10562 9162
3 8400 9488 7641
3 8155 9916 8821
3 7619 9982 9462
3 7432 9476 9220
3 7677 9888 8689
3 7939 10529 8457
3 8015 9630 8823
3 8285 10209 8772
3 7898 9670 8404
3 8103 9774 9575
3 7847 9331 8806
3 9617 10636 8293
3 8294 10635 9618
3 9261 10392 7434
3 7897 9023 8862
3 9256 9576 8092
3 9713 10462 8952
3 7847 10444 8432
3 7762 10503 8516
3 7900 9545 8476
3 8477 9546 7901
3 8847 9807 7416
3 8028 9665 8406
3 7601 9694 8424
3 8424 9694 7948
3 7591 9656 9071
3 9072 9655 7590
3 8475 10259 7464
3 9327 9925 8223
3 7970 9249 8423
3 9288 10626 8696
3 964 8755 963
3 8317 10009 9443
3 9444 10010 8318
3 8514 9171 941
3 7752 10062 8426
3 9349 9977 8413
3 7990 9977 9349
3 7488 10123 8434
3 8031 9731 8414
3 8584 10413 8147
3 8148 10414 8583
3 8425 10215 7375
3 7922 9556 8446
3 9624 10620 8560
3 8411 9619 7785
3 8446 9556 7650
3 8020 9097 8563
3 8564 9096 8021
3 8717 10229 8303
3 8302 10230 8716
3 7621 10678 8568
3 8641 9409 7956
3 7957 9410 8642
3 7808 9121 8791
3 8791 9121 7946
3 8771 9530 8068
3 8827 9953 7924
3 7411 10600 8470
3 8692 9728 7832
3 8648 8880 7769
3 7789 10582 8542
3 8515 10340 9585
3 8544 10582 7789
3 8560 10620 7712
3 7644 9855 8555
3 8267 10317 8940
3 8623 9686 8051
3 7484 9686 8623
3 9423 10118 7898
3 10455 10679 7685
3 1077 8879 1076
3 7662 9306 8647
3 8830 8952 7491
3 8550 9747 7994
3 7625 9251 8434
3 8064 9713 8952
3 8786 10352 989
3 8336 10349 8996
3 8997 10350 8337
3 1014 8697 1013
3 7841 10395 9216
3 8434 9251 7814
3 8487 9061 7664
3 8641 9598 8037
3 8038 9599 8642
3 7571 9598 8641
3 8642 9599 7572
3 7975 9106 8872
3 7606 9971 8849
3 8427 9279 7863
3 8933 10303 8123
3 8124 10304 8934
3 8472 9992 8669
3 8451 9134 7730
3 992 9590 991
3 8106 10006 8977
3 8825 8826 7780
3 7878 8826 8825
3 8593 9853 7774
3 8136 10087 9168
3 9167 10086 8137
3 8679 9090 7376
3 9257 10573 7745
3 7781 10323 8441
3 8030 9569 9054
3 9509 9936 7431
3 8559 10280 7781
3 7779 8882 8665
3 7756 9513 8657
3 8658 9514 7757
3 7781 10276 8559
3 7946 9316 8791
3 7479 10203 9073
3 8984 10542 8417
3 7416 10034 9043
3 7500 8813 8781
3 8781 8813 7862
3 8449 9189 7661
3 7966 9621 8502
3 8516 9922 7397
3 8092 10032 8426
3 8871 9784 7785
3 8423 9807 7970
3 7416 9807 8423
3 9445 10577 8864
3 8471 10029 8134
3 7909 9613 8416
3 8416 9613 7612
3 9871 10381 7681
3 9427 9915 8000
3 8586 9511 7905
3 7522 9132 8460
3 933 10555 9336
3 7517 10144 8420
3 8556 8986 7713
3 8434 9263 7488
3 8982 10135 7887
3 8927 9588 7990
3 7814 9263 8434
3 8652 8917 7421
3 8009 10266 9655
3 7873 9831 9345
3 8640 9791 8165
3 1032 8794 1031
3 9284 9530 7573
3 8673 9091 7709
3 7864 10442 8419
3 7755 10407 8940
3 7747 8820 8778
3 8444 9451 7880
3 8656 9095 7969
3 7908 9426 8585
3 9042 10639 8440
3 8429 10457 7553
3 8851 10099 9019
3 8144 10088 9629
3 9048 9900 7388
3 8000 9915 8888
3 8102 9220 9065
3 9065 9220 7845
3 10166 10335 7612
3 7697 10106 8452
3 8453 10107 7698
3 8429 9408 7751
3 8856 10295 8307
3 8750 10007 8033
3 7404 9719 9428
3 1049 9805 9789
3 9788 9806 888
3 8703 10095 8493
3 8492 10094 8702
3 9146 10560 7792
3 8149 9134 8659
3 8809 9154 7394
3 8445 9634 7656
3 8420 10218 7702
3 8580 9014 7790
3 7862 8930 8615
3 9090 9930 8052
3 8346 9930 9090
3 7642 9078 8511
3 7989 9405 8423
3 7783 10078 9069
3 9070 10079 7784
3 7665 9835 8901
3 8901 9835 8200
3 7880 9038 8921
3 7433 9206 8447
3 7771 10441 8518
3 7492 9147 8832
3 8910 9760 8759
3 8053 9188 9003
3 9003 9188 7923
3 9428 9719 8369
3 7978 9261 8627
3 8626 9262 7979
3 7786 10362 8593
3 7924 9953 9354
3 7793 10681 8581
3 8290 10002 9713
3 7733 10390 9205
3 8439 10307 9242
3 8094 10387 8529
3 9073 10203 8380
3 7421 8917 8686
3 8744 9188 8053
3 8719 10169 8339
3 7525 9188 8744
3 8582 10681 7793
3 9522 9866 8316
3 8027 9365 8738
3 8464 10475 9529
3 8257 10459 8524
3 8738 9365 7443
3 7743 8976 8598
3 7911 8917 8652
3 8646 9949 8217
3 7948 10232 8424
3 8031 9237 9083
3 8229 10355 9931
3 7775 10455 8526
3 8568 10624 7709
3 7742 9710 8425
3 9076 9273 8074
3 9097 9564 8114
3 8113 9563 9096
3 7658 9356 8433
3 8894 9456 8097
3 7550 9456 8894
3 8485 9799 8897
3 942 9153 8514
3 8432 9543 7847
3 9066 10114 8258
3 9095 9162 7969
3 8511 9078 7967
3 8427 9707 7411
3 9003 9491 916
3 8636 10616 8169
3 7859 9996 9227
3 8821 9916 7616
3 8922 8930 7371
3 7799 9193 8486
3 9490 10065 7598
3 7863 9707 8427
3 8638 9215 7523
3 1022 9566 8461
3 7896 9215 8638
3 7835 9127 8563
3 8564 9126 7834
3 8563 9127 7536
3 7537 9126 8564
3 7423 9665 9286
3 8895 8926 7839
3 8428 10607 7629
3 7878 8895 8763
3 8763 8895 7515
3 9338 10007 8335
3 9091 10480 8568
3 8783 8859 7983
3 8368 9694 9320
3 8712 9060 7523
3 7674 10582 9002
3 9002 10582 8544
3 8723 8884 7731
3 7849 8922 8671
3 8881 8918 7518
3 9020 10257 8502
3 8794 9325 7788
3 8729 10154 9192
3 7440 9504 8428
3 10517 10565 8515
3 7810 9718 8455
3 7785 9784 9006
3 8305 10128 9414
3 7491 9701 8830
3 7750 9084 8650
3 9665 10268 9286
3 8650 9968 8099
3 8186 9550 8938
3 7911 9086 8917
3 9573 9914 8698
3 7519 9014 8580
3 7768 8859 8783
3 8447 9966 7433
3 8002 9794 9709
3 9888 10472 8689
3 7814 10547 9263
3 882 9050 8644
3 8643 9051 1043
3 7547 9252 8724
3 8876 10146 8156
3 7486 10606 8569
3 9242 10307 7418
3 8709 9492 8388
3 7888 9557 8604
3 8218 8972 8868
3 8437 10198 7485
3 7632 10240 9482
3 7514 9611 9047
3 9047 9611 8191
3 8759 9733 7812
3 7831 9171 8514
3 8432 9708 7936
3 8486 9889 7799
3 10329 10715 8367
3 7759 10011 8452
3 8453 10012 7760
3 8883 10477 7516
3 8615 8971 7862
3 8043 9117 8943
3 9834 10190 7595
3 9320 9694 7601
3 8928 8939 7868
3 9503 9807 8847
3 9395 9817 8182
3 7783 9119 8506
3 8507 9120 7784
3 9175 9366 7560
3 7598 10421 9490
3 8712 9215 8126
3 7616 9543 8432
3 7655 10691 8475
3 8838 9744 7746
3 8138 9744 8838
3 8939 8985 7868
3 8554 9053 7673
3 8541 9087 7805
3 7532 9087 8541
3 7844 9766 8793
3 7969 8967 8901
3 8901 8967 7665
3 8508 10334 8161
3 8228 9641 8595
3 8434 9511 7625
3 7594 9954 9312
3 9820 10134 8340
3 8339 10133 9819
3 9797 9927 8223
3 7878 8926 8895
3 8447 10077 7912
3 7787 9413 8618
3 9038 9451 8333
3 8812 10211 9344
3 8741 9493 7422
3 8030 9493 8741
3 8561 9092 7953
3 8542 9424 7789
3 10186 10684 7775
3 7746 10233 9064
3 9064 10233 8433
3 8486 9193 7552
3 8435 9532 7919
3 7920 9533 8436
3 1066 8760 1065
3 904 8761 905
3 8845 8852 7836
3 7963 10356 9695
3 9519 10342 8586
3 7960 9617 8435
3 8436 9618 7961
3 8848 8929 7490
3 8062 10073 8744
3 7516 10477 8961
3 7880 9451 9038
3 8043 10610 9117
3 8547 10401 7798
3 7797 10402 8546
3 922 10081 8464
3 7880 10614 8444
3 8733 9894 9307
3 8500 10270 7794
3 29 9858 8592
3 8591 9857 28
3 7702 9779 9049
3 8621 8983 7792
3 9049 9779 8249
3 7756 10140 8933
3 8934 10141 7757
3 8438 9521 7507
3 8602 9680 7504
3 8994 10707 7819
3 9105 9182 8081
3 7556 9182 9105
3 7486 10516 8565
3 8533 9432 7907
3 7383 9432 8533
3 7432 9372 8445
3 8466 10310 8071
3 8072 10309 8465
3 8781 8971 7779
3 7862 8971 8781
3 8676 10456 7490
3 7612 10335 8807
3 8440 10639 8109
3 9107 9180 7425
3 8081 9180 9107
3 9172 9729 8086
3 7839 8852 8845
3 7377 10300 8634
3 7506 9854 8543
3 7868 8918 8881
3 7745 10287 8504
3 8711 10535 9689
3 923 9034 924
3 7881 9273 9076
3 7379 8991 8732
3 8100 9945 9929
3 8977 10131 8106
3 8875 9576 7554
3 8018 9468 8743
3 8743 9468 7718
3 7795 10188 8855
3 8746 10068 8061
3 8107 9576 8875
3 8715 10648 7485
3 8710 9022 7971
3 7500 10492 8813
3 9418 9861 8115
3 9903 10249 7670
3 7669 10248 9902
3 8990 9642 7392
3 7705 9761 8591
3 8592 9762 7704
3 8168 9642 8990
3 8042 9566 8899
3 8562 9086 7911
3 8543 9854 8361
3 8795 8944 7517
3 8514 9153 7811
3 7582 10010 9444
3 9443 10009 7581
3 7858 10326 8800
3 7610 9868 8653
3 8654 10665 8297
3 8298 10666 8655
3 7675 10665 8654
3 8655 10666 7676
3 8653 9868 8100
3 8460 10120 7754
3 7798 10401 8574
3 8575 10402 7797
3 7729 10515 9683
3 8678 9633 7741
3 7499 9114 8735
3 8525 9864 8029
3 8735 9114 7885
3 8881 8928 7868
3 8470 10049 7411
3 8097 9469 8894
3 8118 9976 8920
3 9342 10023 8484
3 8617 9226 8045
3 8591 9761 8036
3 8035 9762 8592
3 8541 10138 9135
3 8478 10015 7871
3 8307 9878 8887
3 8442 10347 7668
3 9688 9919 8054
3 8055 9918 9687
3 7372 9333 8469
3 8279 9942 9890
3 8644 9050 7825
3 7824 9051 8643
3 7726 9690 8634
3 8634 9690 8032
3 8216 10565 10517
3 7537 9379 9082
3 9081 9378 7536
3 9336 10555 8446
3 8612 9298 7892
3 7891 9297 8611
3 7553 9298 8612
3 8611 9297 7552
3 7439 10543 8455
3 7469 10668 8443
3 7658 9917 8461
3 9879 10017 8102
3 8953 9614 8029
3 7650 10256 8446
3 8724 8945 7865
3 7836 8918 8873
3 8873 8918 7868
3 10280 10466 7781
3 8674 9467 7821
3 9499 10140 7756
3 7757 10141 9500
3 7470 10340 8515
3 10029 10127 8134
3 8581 9652 7793
3 9789 9805 8319
3 8320 9806 9788
3 7790 9397 8630
3 7827 10530 8567
3 958 9519 8713
3 8702 10248 7669
3 7670 10249 8703
3 7751 10643 10020
3 8403 10379 9477
3 7468 9042 8601
3 8080 9109 8608
3 8981 9203 8002
3 7530 9250 8497
3 8962 9204 7913
3 7907 9457 8534
3 8484 9312 7925
3 8534 9457 7492
3 9181 10237 7734
3 8501 10318 9623
3 8489 10237 9181
3 10108 10379 8403
3 8652 9506 7991
3 7421 9506 8652
3 8845 8895 7839
3 8444 9720 7941
3 9333 9743 8469
3 7868 8985 8873
3 9112 9841 7749
3 8625 9112 7397
3 9658 10232 7426
3 7637 10379 10108
3 9205 10390 8406
3 9235 10237 8489
3 8455 9458 7638
3 7661 9973 8449
3 7669 9902 8546
3 8547 9903 7670
3 9129 9636 7826
3 8536 9150 7703
3 7773 8984 8671
3 7605 9939 9015
3 8206 10530 9266
3 7459 10116 8491
3 8560 9377 7451
3 8889 10046 7802
3 7803 10045 8890
3 8582 9765 7385
3 10046 10051 7802
3 7803 10052 10045
3 7912 9966 8447
3 9972 10284 7846
3 7440 9371 8622
3 1081 8788 1080
3 7836 8919 8845
3 8474 10055 7494
3 7493 10056 8473
3 7466 9584 8448
3 8488 9955 917
3 9352 9799 8001
3 8518 10670 7600
3 7943 9577 8836
3 8835 9578 7944
3 9623 10318 7955
3 9550 10532 8938
3 7890 9259 8834
3 7597 9742 9738
3 7397 10306 8516
3 9086 10563 8758
3 9232 10143 7550
3 8471 9945 7662
3 7863 10364 9269
3 7466 10461 8978
3 7646 9815 8482
3 8483 9814 7647
3 8074 9793 9227
3 7916 9008 8999
3 9000 9009 7917
3 8811 9751 8078
3 7518 8918 8852
3 7740 10367 9177
3 9315 10672 8478
3 8066 9033 8619
3 8620 9032 8067
3 8725 10488 7708
3 8855 8930 7862
3 1037 9364 1036
3 875 9363 876
3 7371 8930 8855
3 8904 8906 7768
3 7769 8907 8905
3 8023 8906 8904
3 8905 8907 8024
3 8282 10488 8725
3 7458 9257 8504
3 925 9896 8707
3 7736 10418 8856
3 8451 9641 7684
3 8455 9718 7439
3 8452 10499 7454
3 7455 10500 8453
3 9002 10188 7795
3 8484 10023 8141
3 8954 10494 8647
3 8631 9494 8293
3 8294 9495 8632
3 9083 9237 7559
3 8457 10243 7651
3 8468 10249 9903
3 9902 10248 8467
3 8512 9435 7816
3 7817 9434 8513
3 7412 9121 8782
3 971 9084 970
3 8551 9165 7672
3 8457 9759 7939
3 8461 10568 7658
3 9259 10492 7500
3 7515 8895 8845
3 8008 9844 8625
3 7951 9475 8464
3 8457 10529 966
3 7504 9079 8602
3 9417 10616 8636
3 8617 9792 7558
3 8039 9928 8841
3 8045 9792 8617
3 8601 10478 7947
3 7976 9334 8494
3 7913 9360 8494
3 8071 9174 9126
3 9127 9173 8072
3 7835 9173 9127
3 9126 9174 7834
3 7536 9378 8766
3 8767 9379 7537
3 8766 9378 7985
3 7986 9379 8767
3 7651 9759 8457
3 8499 9692 7830
3 7696 9949 8479
3 8545 9811 7529
3 8013 9811 8545
3 7812 9733 8943
3 8037 9815 8641
3 8642 9814 8038
3 8134 10127 8898
3 8270 10443 8743
3 7755 9481 8685
3 9710 9740 8165
3 7472 10284 9018
3 9018 10284 8398
3 8370 10506 9351
3 7889 9693 8877
3 8639 9035 8022
3 9577 9874 8836
3 8835 9875 9578
3 995 9085 994
3 8190 10418 10089
3 8351 9578 8993
3 8992 9577 8350
3 8993 9578 7391
3 7390 9577 8992
3 7992 9684 8463
3 8462 9685 7991
3 8949 10292 7471
3 8356 10292 8949
3 7772 10093 8497
3 8506 9586 7956
3 7957 9587 8507
3 8557 10403 7591
3 7590 10404 8558
3 7791 8955 8954
3 8954 8955 7982
3 8651 9473 7686
3 8096 9628 9425
3 7791 9845 8955
3 8911 8939 7524
3 7879 8939 8911
3 8645 9460 935
3 8743 10443 7485
3 1087 10155 8525
3 8852 8918 7836
3 8785 9142 7972
3 8892 9466 8204
3 7397 9112 8681
3 8005 9910 8481
3 8480 9909 8006
3 7805 9328 8604
3 8077 9876 8662
3 9890 10678 8279
3 8863 9249 7970
3 10105 10193 8308
3 7548 9249 8863
3 7836 9023 8919
3 8868 8972 7732
3 8167 9893 9241
3 9240 9892 8166
3 8483 9910 8005
3 8006 9909 8482
3 8482 9909 7646
3 7647 9910 8483
3 8623 9984 7656
3 9660 10339 8300
3 7895 10049 8470
3 8764 8992 7737
3 7738 8993 8765
3 8525 9614 1087
3 930 9254 8591
3 8592 9255 969
3 9165 9901 8606
3 7394 9123 8595
3 7981 9289 8997
3 8996 9290 7980
3 9986 10035 8775
3 8774 10036 9985
3 8177 10248 8702
3 8703 10249 8178
3 8849 9678 8280
3 8661 9200 7396
3 7395 9199 8660
3 7546 9724 8513
3 8512 9723 7545
3 7972 10076 9673
3 7866 10435 8550
3 9469 10323 8894
3 988 9593 987
3 9190 9431 7387
3 7386 9430 9191
3 8473 9548 7958
3 7959 9549 8474
3 7634 9545 8474
3 8473 9546 7633
3 8800 10326 9104
3 7617 10710 9730
3 8845 8919 7515
3 7730 10594 9393
3 7413 9023 8873
3 9256 10062 8022
3 9029 9836 7946
3 8608 10301 9973
3 8426 10062 9256
3 7524 8939 8928
3 8520 9293 7479
3 9088 9782 949
3 1039 9437 8521
3 8522 9438 878
3 8608 9109 7514
3 8541 9813 7532
3 8007 9813 8541
3 7739 9843 8479
3 8711 9005 7918
3 8806 9477 7975
3 8215 10524 9064
3 9010 9845 7791
3 8509 10632 7643
3 8571 10437 7576
3 8076 10454 8493
3 8526 10001 7399
3 8783 9515 7429
3 8738 9349 8413
3 9030 10064 8225
3 8478 9796 8292
3 9032 10577 7444
3 7872 10175 8846
3 8846 10175 8244
3 8910 9589 7392
3 9844 9984 8625
3 8688 10600 7411
3 9107 9904 8081
3 8535 9453 7535
3 7890 9453 8535
3 8488 9491 7923
3 7473 9295 8527
3 8528 9296 7474
3 8870 10701 9527
3 7885 9154 8809
3 7950 10128 9803
3 8492 10162 8075
3 8566 9742 7597
3 8805 10473 8309
3 7723 10473 8805
3 7828 10235 8998
3 8493 9956 8089
3 8088 9957 8492
3 8737 8991 7913
3 7779 8971 8882
3 7748 9558 9041
3 9100 9509 8233
3 7585 10139 9414
3 8799 9706 8126
3 7456 9089 8640
3 8662 9876 7668
3 7894 8929 8848
3 950 9088 949
3 891 8886 892
3 1053 8885 1052
3 7552 10708 8486
3 886 9063 887
3 1048 9062 1047
3 8740 9595 1004
3 8538 10533 7856
3 8734 9076 8074
3 8494 10685 7913
3 8206 10201 9542
3 8051 9112 8625
3 7742 9886 8490
3 8290 9713 8754
3 7886 9394 8505
3 1078 10254 8505
3 7771 8948 8814
3 7540 10074 9110
3 9527 10701 7586
3 9339 9750 8725
3 7533 10119 8561
3 8534 9316 7666
3 8555 9855 7821
3 8669 9992 7620
3 8506 10078 7783
3 7784 10079 8507
3 8768 9405 7713
3 7492 10253 8534
3 1010 8856 1009
3 7923 9635 8488
3 8489 10716 8025
3 7441 9986 8775
3 8774 9985 7442
3 9033 10549 7443
3 8830 9701 9429
3 7753 10149 9073
3 9198 10226 7434
3 7603 9975 9129
3 7480 10281 9712
3 7694 9095 8656
3 7837 10650 8989
3 8988 10651 7838
3 8796 9820 7495
3 7496 9819 8797
3 7569 9580 9231
3 9230 9579 7570
3 8213 10226 8532
3 7656 9634 8623
3 8040 9239 9021
3 9021 9239 7543
3 8919 9023 7897
3 7916 8999 8889
3 8890 9000 7917
3 7879 8985 8939
3 9749 10255 7604
3 8133 9831 8857
3 8858 9830 8132
3 8857 9831 7569
3 7570 9830 8858
3 7794 9137 8622
3 7849 8928 8881
3 8129 10669 8532
3 7382 9045 8701
3 8606 9901 7384
3 8064 8952 8830
3 8199 9575 9183
3 9183 9575 7497
3 7765 10134 9820
3 9819 10133 7766
3 7729 9739 8491
3 7399 10186 8526
3 8818 10422 7710
3 8159 10052 9401
3 9400 10051 8160
3 9197 9749 8096
3 9771 9949 7696
3 8822 9187 8299
3 8908 9570 7374
3 8608 9973 7661
3 7935 9091 8673
3 7413 8945 8862
3 916 9491 917
3 9529 10475 7626
3 7668 9876 8497
3 7739 10689 9611
3 8179 10011 9039
3 9040 10012 8180
3 8334 9879 8821
3 8792 9528 7693
3 7603 9129 8773
3 8677 9157 979
3 7650 9556 8498
3 8505 9463 7886
3 7877 9416 8953
3 7859 9793 9139
3 7545 9435 8512
3 8513 9434 7546
3 8664 9103 7504
3 7830 10425 10386
3 9791 10576 8165
3 7848 9674 8537
3 8521 9437 7929
3 7930 9438 8522
3 8626 10409 9262
3 9261 10408 8627
3 8498 9881 7509
3 8999 9008 7873
3 7872 9009 9000
3 7565 9676 9027
3 9028 9677 7566
3 8755 9351 963
3 8502 9934 7966
3 9454 9629 1082
3 8529 10170 8094
3 7558 9376 8617
3 980 9474 8677
3 8568 10678 9890
3 974 10609 8605
3 7774 9802 8769
3 8555 10275 8117
3 7392 10275 8555
3 9013 9343 7851
3 7866 10596 8713
3 8651 10487 9473
3 8496 9659 7609
3 1005 9186 8740
3 8588 9247 8136
3 8137 9248 8589
3 7463 9212 8693
3 7982 9950 8496
3 8228 10316 9099
3 7552 10627 8611
3 8973 10425 7830
3 8594 9238 947
3 7887 10104 8519
3 7867 10605 10363
3 8634 9149 7726
3 7870 10659 9203
3 7826 10353 8607
3 8503 9670 7898
3 9379 10331 9082
3 9081 10330 9378
3 7576 9433 8708
3 9097 10100 8563
3 8564 10101 9096
3 7928 9162 9095
3 7731 9054 8720
3 8707 9896 8080
3 8500 9606 8015
3 8965 9092 7450
3 8572 10358 8138
3 7953 9092 8965
3 9029 10344 9836
3 7861 10403 8557
3 8558 10404 7860
3 8867 10495 7813
3 7483 9518 8509
3 8578 9532 7512
3 7513 9533 8579
3 8579 9533 7920
3 7919 9532 8578
3 8015 9658 8500
3 8654 10058 7675
3 8287 9152 8824
3 7865 8945 8925
3 7802 10158 8539
3 8540 10157 7803
3 8662 10700 8077
3 7375 10215 8607
3 7915 9906 8790
3 8789 9907 7914
3 7741 9633 8909
3 7550 10143 9456
3 7482 9670 8503
3 7727 9829 8635
3 8635 9829 8041
3 8343 10367 10111
3 8358 10522 9714
3 9715 10523 8357
3 8398 10284 9972
3 8567 9895 9267
3 7727 10169 8719
3 7748 9041 8745
3 7671 9934 8502
3 9140 10124 7859
3 8573 9332 1074
3 9203 9601 8002
3 967 9359 966
3 7829 10292 10154
3 8525 10604 9864
3 9365 9933 8283
3 8512 9539 7724
3 7725 9538 8513
3 8941 10039 7494
3 7493 10038 8942
3 8371 9722 9078
3 7900 9381 8644
3 8643 9380 7901
3 9221 9327 7547
3 1044 9380 8643
3 8644 9381 883
3 9713 10002 7627
3 933 9336 932
3 9108 9693 7889
3 9498 10240 7632
3 8794 10080 1031
3 7666 9426 8533
3 8132 9830 9535
3 923 9475 9034
3 7651 9933 8577
3 7956 9849 8506
3 8507 9850 7957
3 9130 9453 8205
3 9705 10053 8093
3 8552 10207 7574
3 7575 10208 8553
3 7393 10111 9264
3 9264 10111 8421
3 8576 10326 7858
3 7995 9711 9052
3 7505 10252 8517
3 8823 9630 7770
3 9135 10138 8128
3 8519 10104 7517
3 9655 10409 7590
3 8683 9455 7445
3 8506 9849 7414
3 7415 9850 8507
3 8952 10698 7491
3 9477 10379 7975
3 7617 9534 8550
3 9973 10301 8059
3 7989 9415 9405
3 9426 10504 8585
3 9748 10633 7984
3 7535 10234 8510
3 7922 9460 8645
3 9463 10235 8458
3 7655 9076 8734
3 7693 9528 8516
3 9275 9959 8184
3 8925 8945 7413
3 9219 9287 7968
3 10293 10297 9272
3 8511 9864 7642
3 8510 9681 7674
3 8747 10546 7507
3 8878 9356 8042
3 9111 9465 7984
3 7933 9264 9044
3 8295 10365 8909
3 7531 10494 8954
3 7767 10283 8675
3 7487 10326 8576
3 8925 8985 7879
3 7413 8985 8925
3 8592 9858 8035
3 8036 9857 8591
3 7805 10138 8541
3 8873 8985 7413
3 7859 10124 9554
3 7796 9005 8902
3 8111 9194 8714
3 8557 9412 7861
3 7860 9411 8558
3 8556 9415 7462
3 7517 9964 8519
3 8552 9430 7891
3 7892 9431 8553
3 7816 10429 8512
3 8513 10430 7817
3 8495 10633 9748
3 8519 9964 8019
3 8659 10638 7452
3 7444 9863 9032
3 8743 10037 8018
3 9177 10367 8344
3 7902 9304 9149
3 9388 9680 7988
3 7557 9386 8826
3 9738 9742 8255
3 9272 10297 7575
3 7574 10296 9271
3 8048 9591 8518
3 8750 9832 7687
3 9534 9730 8259
3 7382 10580 9045
3 8850 10516 7486
3 9622 10277 7993
3 9186 10236 8275
3 9004 9232 8012
3 7927 9232 9004
3 8191 9118 8750
3 8750 9118 7400
3 10296 10394 9271
3 8909 10365 7741
3 7823 9157 8677
3 8008 9528 8792
3 7778 9011 8840
3 8839 9012 7777
3 7551 9489 8793
3 948 9782 8594
3 8556 9448 7761
3 9311 9555 7600
3 8220 9555 9311
3 9316 10253 8791
3 8065 9527 9497
3 8869 9691 8095
3 7720 9691 8869
3 1077 9394 8879
3 7464 10259 8618
3 8618 10259 8130
3 8577 9933 8027
3 8814 9983 7771
3 8071 9126 9082
3 9081 9127 8072
3 7865 9166 8724
3 8724 9166 7547
3 9082 9126 7537
3 7536 9127 9081
3 8739 9682 7685
3 8128 9711 9510
3 8034 9682 8739
3 7617 9730 9534
3 9490 10040 7933
3 9090 9657 7376
3 8126 9920 8799
3 7532 9878 8869
3 7854 9201 8649
3 8799 9920 7401
3 1041 8969 1040
3 879 8970 880
3 1024 9341 8899
3 10160 10373 7636
3 7635 10374 10161
3 8674 10070 7733
3 8136 10376 8588
3 8589 10377 8137
3 7840 9368 8649
3 7748 10539 8680
3 7994 10050 9399
3 7656 9844 8517
3 9129 9975 8245
3 9345 9831 8133
3 8591 10360 7705
3 7704 10361 8592
3 7987 9224 8960
3 1062 9159 1061
3 900 9160 901
3 8960 9224 7424
3 9623 10680 8501
3 8517 9810 7505
3 9390 10580 7382
3 8029 9614 8525
3 8504 10287 9239
3 8247 10422 8818
3 8622 9763 7910
3 7897 10540 8919
3 8529 9603 8084
3 7857 10075 10023
3 8722 9168 7679
3 7678 9167 8721
3 8136 9168 8722
3 8721 9167 8137
3 8628 10119 7533
3 8034 9978 8572
3 8903 10427 7520
3 9488 9928 8039
3 8549 9514 907
3 1068 9513 8548
3 9538 9597 8047
3 8046 9596 9539
3 7822 10469 8812
3 7780 9029 8825
3 8216 10517 8966
3 7845 10405 8545
3 7891 10207 8552
3 8553 10208 7892
3 7763 9653 8527
3 8528 9654 7764
3 8659 10565 8216
3 7684 10565 8659
3 8634 10300 9149
3 9123 10605 7867
3 7685 9682 8526
3 8618 10581 7787
3 7488 9263 8633
3 7983 9515 8783
3 8550 9534 7866
3 8487 9674 9061
3 8802 10428 7823
3 7522 10077 8689
3 8840 9028 7778
3 7777 9027 8839
3 8084 9689 8529
3 959 9519 958
3 1078 9394 1077
3 8604 9328 7436
3 7465 10687 8946
3 7705 10578 8620
3 8619 10579 7704
3 8571 9457 7907
3 7912 9367 8630
3 7567 9729 9172
3 8889 8999 7503
3 7502 9000 8890
3 8425 9710 8773
3 8515 10565 9099
3 8143 10241 8688
3 8688 10241 7806
3 7899 9350 8698
3 8698 9350 7403
3 8533 9997 7383
3 7507 9151 8747
3 8051 9984 8623
3 7453 9633 8678
3 8585 10278 7908
3 7481 9995 8817
3 1037 10552 9364
3 9363 10551 876
3 8987 10179 7622
3 8826 9386 7780
3 7795 10492 8535
3 8539 9616 7961
3 7960 9615 8540
3 8293 10636 8631
3 8632 10635 8294
3 9206 10050 7994
3 8559 10276 9388
3 9388 10276 7688
3 7732 9420 8587
3 7652 9978 8543
3 8621 10560 1029
3 8537 9674 7497
3 8785 10019 8260
3 8346 10620 9624
3 7371 10188 8544
3 8677 9474 7924
3 9335 9753 7405
3 8288 9753 9335
3 9104 10075 7857
3 8729 9560 7829
3 7673 10136 8565
3 9036 9219 7968
3 8873 9023 7836
3 8931 9751 8277
3 8078 9751 8931
3 8546 9993 7669
3 7670 9994 8547
3 7996 9631 8931
3 7999 9963 8557
3 8558 9962 7998
3 7373 9748 8754
3 7719 10440 8603
3 8628 9308 7709
3 8580 9818 7519
3 7821 9467 8990
3 7977 9818 8580
3 7399 10001 8572
3 8572 10001 8034
3 8600 9389 7521
3 8704 10353 7826
3 8103 9974 8854
3 8537 9774 7712
3 8804 9237 8031
3 8811 10029 8471
3 7911 10406 8562
3 9448 9469 8097
3 9228 10372 8410
3 7867 10363 9024
3 10035 10068 8822
3 8887 9882 7736
3 919 8940 920
3 8824 10073 10036
3 8751 9373 8219
3 8563 10100 7835
3 7834 10101 8564
3 8539 9780 7419
3 7420 9781 8540
3 8540 9781 7960
3 7961 9780 8539
3 7798 9903 8547
3 8546 9902 7797
3 993 9935 992
3 8565 10242 7486
3 8175 9801 8739
3 8543 9911 7506
3 936 9315 8645
3 10083 10388 8227
3 7907 10437 8571
3 8550 10435 9747
3 8577 9759 7651
3 9421 9939 7605
3 8554 9743 7925
3 8758 10292 7829
3 8454 10679 10455
3 8758 10283 7767
3 8048 9899 8961
3 9594 10114 7945
3 7400 10688 8646
3 8641 9586 7571
3 7572 9587 8642
3 7956 9586 8641
3 8642 9587 7957
3 8754 9804 7373
3 8064 9804 8754
3 8800 9104 7857
3 7809 10477 8570
3 8683 9236 7818
3 7577 10470 9248
3 9247 10471 7578
3 9248 10470 8530
3 8531 10471 9247
3 8647 9306 7791
3 8745 10539 7748
3 7554 9576 9256
3 7673 9743 8554
3 8181 10237 9235
3 8714 9194 7519
3 8866 10169 7727
3 7978 10570 8551
3 8105 10553 8720
3 913 9395 8616
3 8739 9801 7506
3 7471 10563 8562
3 8205 10240 9130
3 9106 10176 8872
3 9466 10371 8204
3 8619 10027 8066
3 8067 10028 8620
3 8720 9447 7731
3 7733 10070 8736
3 9373 9862 8219
3 9125 9709 8186
3 7904 9351 8755
3 8645 9315 7871
3 8114 10100 9097
3 9096 10101 8113
3 7860 10404 8626
3 8627 10403 7861
3 7731 9447 8723
3 8657 10695 7756
3 7757 10696 8658
3 8566 10426 7811
3 7538 10027 8619
3 8620 10028 7539
3 8564 10024 7537
3 7536 10025 8563
3 9424 10456 7789
3 9324 9432 7383
3 8773 9129 7826
3 7869 10129 8606
3 8520 10534 9610
3 7384 9632 8606
3 8974 10327 8115
3 8059 9926 9604
3 8010 10294 8937
3 7385 10445 8582
3 9466 9473 7926
3 8701 9221 7884
3 8782 9121 7808
3 8724 9252 7782
3 7492 9821 9147
3 8682 9402 7417
3 9150 10540 7897
3 7690 10269 8573
3 7918 9821 8571
3 8021 10024 8564
3 8563 10025 8020
3 8000 9990 8566
3 9518 10460 8402
3 9864 10604 7642
3 7841 10550 8851
3 7523 9215 8712
3 8004 10067 8573
3 8936 9278 7511
3 7510 9277 8935
3 8617 9376 7818
3 8622 9371 7794
3 7848 9558 9061
3 7846 9449 8798
3 8172 9772 9353
3 8578 9607 7697
3 7698 9608 8579
3 8044 9270 8916
3 9610 10534 7660
3 8151 10352 8786
3 8948 9591 7406
3 7703 10680 9623
3 8740 9186 7822
3 7856 10533 8687
3 8033 9338 8903
3 8903 9338 7707
3 10048 10339 8070
3 8529 10387 9603
3 9231 9580 8113
3 8114 9579 9230
3 8868 9727 7586
3 9856 10531 8168
3 8032 9690 9565
3 8831 9345 7385
3 8587 10658 7732
3 9782 10224 8594
3 9701 10165 8409
3 9505 9651 8324
3 9652 10648 7793
3 7783 9069 9067
3 9068 9070 7784
3 9067 9069 8202
3 8203 9070 9068
3 7645 9651 9505
3 7856 9675 8670
3 9555 9899 8048
3 7567 9172 8800
3 9440 9749 7604
3 8595 10683 7394
3 8577 10014 7508
3 8656 10328 7694
3 7811 9742 8566
3 8622 9504 7440
3 8027 10014 8577
3 8725 9420 8282
3 7910 9504 8622
3 9116 9371 8093
3 7794 9371 9116
3 7514 9867 9611
3 9281 10427 7893
3 7846 10284 8723
3 8119 10603 8983
3 9240 10415 8407
3 8408 10416 9241
3 8819 9151 7507
3 9803 10128 8305
3 7446 9222 8721
3 8722 9223 7447
3 7943 9859 9577
3 9578 9860 7944
3 8863 10194 7548
3 992 9935 9590
3 1025 9341 1024
3 8897 10479 7710
3 9015 10097 7776
3 9473 10487 7926
3 8078 9350 9122
3 8623 9634 7936
3 9039 10011 7759
3 7760 10012 9040
3 7682 10084 8594
3 8128 9510 9135
3 9135 9510 7427
3 8594 10224 7682
3 7843 10460 8878
3 8499 9890 9692
3 9692 9890 7389
3 9890 9942 7389
3 7939 9759 8577
3 7813 10372 9228
3 8347 9939 9421
3 7579 9652 8581
3 8122 10084 8751
3 8573 10067 7690
3 8751 10084 7682
3 8459 10684 10186
3 8870 9527 7987
3 8589 10483 7680
3 8618 9413 7464
3 8715 9480 8224
3 8719 9265 7727
3 8638 9505 7896
3 8608 10115 8080
3 7661 10115 8608
3 8687 9675 7856
3 9643 10704 7429
3 9737 9828 8175
3 8630 9397 7433
3 9021 10060 8040
3 7662 9945 9306
3 7521 10221 8600
3 8697 9531 1013
3 8600 10221 8101
3 7626 9758 9529
3 9529 9758 8372
3 7965 9595 8740
3 7790 9904 8580
3 7474 10313 9654
3 9653 10314 7473
3 10390 10481 8251
3 8216 10638 8659
3 8069 10446 9103
3 9472 10529 7939
3 7726 9728 8692
3 8172 9353 8871
3 8672 9339 7708
3 9600 9685 7592
3 8927 9349 7443
3 8649 9368 7381
3 8761 10102 905
3 1066 10103 8760
3 9058 10596 7866
3 8607 10353 9473
3 9473 10353 7686
3 8689 10077 8447
3 7990 9349 8927
3 8119 10080 8794
3 8604 9798 7888
3 7430 9594 8648
3 8648 9594 7945
3 8159 9672 9299
3 9300 9673 8160
3 7595 10190 9077
3 9175 9557 7888
3 7620 10675 8669
3 8969 9369 7929
3 7930 9370 8970
3 7793 9765 8582
3 8970 9370 8174
3 8173 9369 8969
3 9666 10396 8288
3 8596 9596 7475
3 7476 9597 8597
3 8872 10444 7847
3 8090 10625 9891
3 9098 9944 7641
3 8236 9944 9098
3 8368 10428 9293
3 922 9475 923
3 9589 10275 7392
3 7780 9386 8946
3 1021 9031 1020
3 8256 9982 8784
3 8491 9739 8963
3 8956 9999 7475
3 7892 10208 8609
3 8610 10207 7891
3 8800 9172 7858
3 9611 9867 8372
3 7865 9151 8819
3 8859 9465 7983
3 7451 9377 8854
3 9813 9882 8887
3 7563 9352 8675
3 7389 9942 9246
3 8753 9229 7380
3 7876 9322 9018
3 8818 9383 7393
3 7947 9383 8818
3 9128 9175 7888
3 8011 9175 9128
3 10139 10254 8154
3 7924 10697 8677
3 8957 10225 7853
3 8824 9152 7525
3 7377 10201 9266
3 8505 10254 10139
3 9042 10478 8601
3 7688 10021 8664
3 8664 10021 8069
3 8832 9147 7796
3 10016 10498 7993
3 8760 10103 8123
3 8124 10102 8761
3 8611 10321 7700
3 8718 9304 7495
3 7520 9833 8903
3 8297 9485 8654
3 8655 9486 8298
3 908 9514 8658
3 8657 9513 1069
3 8590 10664 7979
3 8718 9728 7726
3 8351 9860 9578
3 9577 9859 8350
3 8819 9166 7865
3 7527 9465 8859
3 7937 9823 8885
3 8886 9824 7938
3 9115 9801 7874
3 9377 9774 8103
3 8609 10299 7701
3 7700 10298 8610
3 8675 10671 7563
3 7422 9493 8728
3 8060 9927 9797
3 9340 10183 7941
3 8330 10450 9157
3 9166 9221 7547
3 8417 10054 9043
3 8107 9900 9048
3 7701 10370 8612
3 8081 9182 9180
3 8077 9941 9876
3 9180 9182 7855
3 8163 9598 9039
3 9040 9599 8164
3 9039 9598 7571
3 7572 9599 9040
3 8678 10673 7453
3 8144 9629 9454
3 7559 9237 8769
3 8223 9925 8792
3 8792 9925 7505
3 9417 9846 7451
3 8707 10505 926
3 8341 9846 9417
3 8763 9305 7878
3 8331 10505 8707
3 7947 10348 8601
3 8500 10271 10270
3 8187 10621 8764
3 8765 10622 8188
3 8647 10494 8277
3 9318 10004 7762
3 939 10005 9796
3 7727 9265 8762
3 8607 10215 7826
3 9666 9885 7950
3 8681 10674 7397
3 7941 10183 9459
3 7485 10198 8684
3 9182 9334 7855
3 8020 9494 8631
3 8632 9495 8021
3 8606 9632 7869
3 7526 9187 8822
3 8070 10339 8994
3 8111 9782 9088
3 9786 10063 8073
3 7603 9791 8598
3 8225 9733 8759
3 8949 9280 7875
3 10164 10282 8360
3 7491 10165 9701
3 8614 10515 7729
3 9262 10409 8212
3 8213 10408 9261
3 8324 9965 9941
3 7952 9218 9071
3 9072 9217 7953
3 9071 9218 7999
3 7998 9217 9072
3 9978 10358 8572
3 8121 10262 9873
3 8693 10097 8104
3 8598 9839 8142
3 8016 9880 9136
3 9625 10195 8182
3 8762 9265 7903
3 9211 9906 7915
3 7914 9907 9210
3 8601 9979 7468
3 8778 10163 7747
3 1006 9186 1005
3 7796 9147 9005
3 8668 9433 8090
3 7940 9366 8753
3 9250 9938 7772
3 9260 10085 8345
3 9465 9826 7984
3 8342 9987 8808
3 8810 10366 7529
3 7852 9402 8682
3 8603 10440 8017
3 7887 10673 8678
3 9310 9734 8016
3 8233 9734 9310
3 8606 10129 7672
3 8130 9592 8618
3 7985 9808 8766
3 8767 9809 7986
3 8233 9989 9100
3 9100 9989 7643
3 7782 9847 8862
3 9198 9574 8129
3 7874 9253 8844
3 8698 9914 7694
3 9077 9214 7954
3 7996 9214 9077
3 10305 10524 8215
3 9582 10579 8283
3 8284 10578 9583
3 8010 10465 9702
3 8660 10168 7395
3 7396 10167 8661
3 8243 10190 9834
3 7652 9340 8853
3 8853 9340 7941
3 7680 9770 8660
3 8661 9769 7681
3 8111 10224 9782
3 9678 9811 8013
3 8977 10006 7745
3 8788 10013 1080
3 1018 9038 1017
3 9528 9922 8516
3 7818 10231 8617
3 9133 10098 7742
3 1038 10552 1037
3 876 10551 877
3 7436 9798 8604
3 9093 9552 7378
3 8652 9600 7911
3 8196 10179 8987
3 7596 9467 8674
3 7559 10337 9083
3 8630 9966 7912
3 9269 10606 7486
3 7411 9707 8688
3 1043 9051 1042
3 881 9050 882
3 1041 10125 8969
3 8970 10126 880
3 8017 9935 8603
3 7533 10597 8628
3 9418 9889 7653
3 8342 9889 9418
3 7544 9606 9116
3 8655 9507 7496
3 8284 10577 9032
3 7443 9349 8738
3 8943 9117 7812
3 9224 9527 8065
3 7717 10035 8822
3 9894 10333 7418
3 7982 9357 8954
3 8954 9357 7531
3 8784 10562 7498
3 8241 10562 8784
3 8858 9290 7721
3 7722 9289 8857
3 8132 9290 8858
3 8857 9289 8133
3 8699 10673 7887
3 8658 10696 7914
3 7915 10695 8657
3 8612 9777 7553
3 9702 10294 8010
3 7818 9455 8683
3 957 9058 956
3 7514 10301 8608
3 8140 9492 8709
3 8937 10294 8003
3 1032 9325 8794
3 7936 9708 8623
3 8230 9479 8681
3 8479 10688 9118
3 9093 9449 8105
3 7378 9449 9093
3 9118 10688 7400
3 7691 10681 9276
3 7954 9574 9198
3 9276 10681 8582
3 7376 9657 8629
3 8932 10123 7488
3 8624 10302 7807
3 9561 10213 8287
3 7878 9305 8826
3 8367 10715 8704
3 8623 9708 7484
3 7857 10082 8800
3 7977 9862 9373
3 8824 10036 7716
3 943 9153 942
3 8938 10239 7864
3 8077 10159 9941
3 8223 9927 9327
3 8629 9683 7842
3 8620 9761 7705
3 7704 9762 8619
3 8214 10427 8903
3 7659 10057 8614
3 955 9141 954
3 8616 10112 8053
3 9353 9772 7654
3 8771 9324 7383
3 8297 10665 8694
3 8695 10666 8298
3 8835 9400 7615
3 7614 9401 8836
3 8836 9401 7943
3 7944 9400 8835
3 9585 10340 8245
3 8131 10315 8638
3 8684 10611 7694
3 8586 10357 9511
3 911 9817 912
3 1073 9816 1072
3 9279 9408 7553
3 9239 10287 8204
3 8831 9940 8260
3 8694 9988 7875
3 8731 9639 1064
3 903 9638 8730
3 8730 9638 8005
3 8006 9639 8731
3 9467 9898 8168
3 7453 10673 8699
3 7906 10439 8763
3 9177 10389 7740
3 7546 10497 9208
3 9207 10496 7545
3 7942 10640 8757
3 9245 9834 8274
3 8834 9259 7500
3 7876 9921 8695
3 8932 10435 7866
3 7653 9861 9418
3 7806 10600 8688
3 8844 9253 7557
3 979 9157 978
3 8968 9458 7881
3 8046 10653 8956
3 8957 10654 8047
3 7652 10358 9978
3 8990 9467 8168
3 8089 9956 8777
3 8776 9957 8088
3 7542 9957 8776
3 8777 9956 7541
3 7682 9373 8751
3 9184 10552 1038
3 877 10551 9185
3 7677 9776 8633
3 9083 10337 10066
3 8701 10003 7382
3 9481 10048 7460
3 8742 9827 8026
3 8241 10250 8967
3 8967 10250 7665
3 8041 10538 8635
3 8209 10205 9660
3 7683 9827 8742
3 8040 10060 9800
3 8869 9998 7720
3 7401 10132 8624
3 10311 10703 8313
3 8312 10702 10312
3 7520 9281 9268
3 8634 10201 7377
3 9424 10431 7562
3 9268 9281 8068
3 9005 9147 7918
3 7547 9927 9252
3 8110 9520 8682
3 8625 9922 8008
3 7397 9922 8625
3 7596 9721 8636
3 9128 9854 7506
3 9439 9884 8262
3 8542 10431 9424
3 8633 9747 7488
3 8674 10458 7596
3 9428 9969 7819
3 8399 10456 9424
3 8369 9969 9428
3 8340 10134 8923
3 8924 10133 8339
3 1014 9487 8697
3 7872 9830 9009
3 9008 9831 7873
3 8696 10626 8536
3 7694 10611 8698
3 8400 10466 10280
3 9017 9735 7587
3 10177 10342 960
3 9178 9920 7896
3 8217 10263 8646
3 8883 10122 7758
3 7419 9780 8632
3 8631 9781 7420
3 9060 9496 7523
3 8892 10287 7745
3 9847 10220 7897
3 8204 10287 8892
3 8846 9535 7872
3 8342 10322 9987
3 8723 9447 7846
3 7737 10513 8764
3 8765 10514 7738
3 8764 10513 8202
3 8203 10514 8765
3 9156 10184 7837
3 7838 10185 9155
3 8060 9797 9584
3 8960 10174 7776
3 8946 9699 7465
3 8082 9699 8946
3 8920 9976 7871
3 9089 9418 8115
3 7964 9158 9101
3 9101 9158 7945
3 8060 9584 8978
3 8978 9584 7466
3 8741 9406 8030
3 7395 10168 8717
3 8716 10167 7396
3 7446 10608 8672
3 8677 10697 7823
3 9310 9989 8233
3 8826 9305 7557
3 7789 10456 8676
3 8625 9984 8051
3 9293 10428 7479
3 8325 10061 9521
3 7906 9288 8844
3 8649 10194 7840
3 8669 10675 7934
3 8660 10380 7680
3 7681 10381 8661
3 7433 9966 8630
3 8687 10533 7715
3 8913 9564 7420
3 7419 9563 8912
3 8084 10178 9689
3 9274 9628 8096
3 8067 9866 8816
3 8698 10611 7899
3 8775 9980 7441
3 7442 9981 8774
3 7548 10194 9201
3 8088 9980 8775
3 8774 9981 8089
3 8816 9866 7621
3 8778 9567 7373
3 7964 9567 8778
3 7958 9661 9375
3 9374 9662 7959
3 8087 9551 9213
3 7468 10639 9042
3 8707 10628 8331
3 8639 9827 7683
3 8923 10694 8340
3 7832 10694 8923
3 964 9472 8755
3 8929 10542 7773
3 7775 10684 9323
3 8667 9649 7445
3 9425 9628 8014
3 8833 10120 8460
3 8755 9472 7939
3 7381 10092 8842
3 8770 9390 7927
3 8780 10158 7802
3 7803 10157 8779
3 8742 9851 7508
3 7666 10504 9426
3 8673 9648 7447
3 8083 10026 9285
3 8026 9851 8742
3 7504 9680 8664
3 7955 9161 9113
3 8551 10570 9872
3 10270 10271 8127
3 7543 10371 9387
3 7968 9530 8771
3 7502 10175 9000
3 8258 10114 9594
3 8708 10615 7918
3 9895 10182 8109
3 8079 9785 9358
3 7918 10615 8711
3 8291 9717 9554
3 8174 10126 8970
3 8969 10125 8173
3 9115 9128 7506
3 8011 9128 9115
3 8999 10264 7503
3 7753 9745 8841
3 8841 9745 8039
3 8773 9710 8165
3 8022 10525 8639
3 8713 9519 7905
3 8713 10596 958
3 7475 9596 8956
3 8957 9597 7476
3 8821 10507 8155
3 8047 9597 8957
3 8956 9596 8046
3 7424 10174 8960
3 8714 10224 8111
3 8288 9885 9666
3 997 9436 996
3 7682 10224 8714
3 7907 9432 8756
3 7593 9684 9675
3 1047 10291 1046
3 885 10290 886
3 7776 10174 9015
3 7981 9502 9289
3 9290 9501 7980
3 7475 9999 9565
3 9289 9502 8133
3 8132 9501 9290
3 7676 10417 8655
3 7656 9984 9844
3 7445 9649 8683
3 8683 9649 7932
3 8296 10135 8982
3 7968 9287 9136
3 9136 9287 8016
3 8963 9739 8052
3 8222 10479 8897
3 7694 9640 8684
3 7502 9299 9022
3 9022 9299 7971
3 7871 9976 8959
3 9754 9784 7457
3 9554 9717 8098
3 7472 10712 8723
3 7793 10648 8715
3 9258 9646 7469
3 8153 9646 9258
3 7940 9317 9052
3 9052 9317 7995
3 7444 10577 9445
3 9588 10018 7620
3 8653 10656 10266
3 931 9254 930
3 969 9255 968
3 8231 10285 8858
3 8857 10286 8232
3 7654 10020 9353
3 9353 10020 8329
3 7969 10030 8656
3 8098 9996 9554
3 8183 10269 9626
3 7735 10436 8668
3 7883 9769 8661
3 8660 9770 7882
3 9229 9288 7380
3 8567 10182 9895
3 8788 10397 10013
3 7942 10085 9260
3 7972 10019 8785
3 8689 10472 7522
3 10036 10073 8062
3 1016 9773 1015
3 7561 9287 9219
3 10266 10656 8212
3 7902 10300 8729
3 9245 10556 9834
3 7871 10015 8920
3 8076 10613 9772
3 8016 10642 9880
3 7703 9623 8696
3 8682 10384 8110
3 8663 9934 7671
3 7908 9991 9219
3 7593 9675 8687
3 7459 9767 8668
3 7782 9252 8978
3 9108 10193 7427
3 8721 10377 7446
3 7447 10376 8722
3 8137 10377 8721
3 8722 10376 8136
3 9169 10610 8043
3 8685 10407 7755
3 8100 9929 8653
3 8390 9784 9754
3 9355 9768 8110
3 7912 9204 8962
3 8052 9657 9090
3 7400 10007 8750
3 8662 10132 7401
3 8586 10342 10177
3 9865 10026 8083
3 8115 9861 9384
3 8100 9868 9306
3 9809 9824 8386
3 8387 9823 9808
3 8656 10030 7448
3 8661 10167 7883
3 7882 10168 8660
3 7409 10528 8706
3 8705 10527 7408
3 7930 10087 9370
3 9369 10086 7929
3 7675 10058 9192
3 8061 10068 10035
3 8616 10195 10112
3 9408 10359 7751
3 8110 10384 9355
3 8666 9954 8043
3 8704 9636 7470
3 9275 9317 7555
3 8815 9697 7934
3 7935 9698 8816
3 8692 9690 7726
3 8668 10214 7459
3 8090 10214 8668
3 8168 10531 9642
3 7973 10132 8662
3 9162 9245 7498
3 7379 9360 8991
3 8712 10434 9060
3 8300 10048 9481
3 7498 9512 8784
3 7671 10641 8663
3 9347 10613 8076
3 7870 9203 8981
3 7377 9560 8729
3 8381 10373 10160
3 10161 10374 8382
3 8914 10447 8163
3 8164 10448 8915
3 8764 10621 8992
3 8993 10622 8765
3 9059 10059 7885
3 7911 9600 8752
3 7966 9934 8663
3 7417 10384 8682
3 7971 9643 8710
3 7401 10700 8662
3 10112 10195 7689
3 7965 10108 8891
3 8670 10152 7422
3 7897 10220 9150
3 941 9171 940
3 8714 10676 7682
3 8363 10637 8667
3 9953 10085 7623
3 7992 10152 8670
3 8269 10547 9786
3 7526 10068 8746
3 8395 10711 9294
3 8744 10073 7525
3 10154 10292 8356
3 8819 10061 7884
3 8667 9926 7687
3 8916 10614 7880
3 9558 10204 9061
3 7744 9696 8699
3 8043 10137 8666
3 8756 10437 7907
3 8063 9696 8947
3 8477 10312 9546
3 9545 10311 8476
3 8947 9696 7744
3 8012 9232 9202
3 9202 9232 7550
3 8389 10581 9592
3 8391 9842 8837
3 8748 10368 7737
3 7738 10369 8749
3 9264 10324 9044
3 8956 10653 9271
3 9272 10654 8957
3 8935 9277 7861
3 7860 9278 8936
3 7548 9905 8837
3 8837 9905 8069
3 8757 10640 985
3 7821 10070 8674
3 8752 10406 7911
3 9740 9987 7456
3 9480 9940 8224
3 8490 9987 9740
3 8085 9140 9139
3 9139 9140 7859
3 8798 9449 7378
3 8972 10489 8282
3 7388 10489 8972
3 30 10155 1087
3 8018 10037 9640
3 8854 9377 8103
3 8763 10420 7906
3 9355 10384 9908
3 7981 9452 9276
3 8856 9948 1009
3 8697 10393 7720
3 8720 10569 8105
3 9030 9752 7895
3 7908 10278 9991
3 8437 10648 9652
3 8769 9802 7910
3 8734 10655 7655
3 9044 10165 7933
3 9808 9823 7630
3 7631 9824 9809
3 7557 9828 9386
3 7529 10366 9065
3 9468 9669 8185
3 7589 10042 9101
3 9049 9225 7702
3 8769 9763 7559
3 7948 9610 9102
3 7376 10113 8679
3 8956 9271 7852
3 7853 9272 8957
3 7822 10682 8740
3 9909 10692 7646
3 7647 10693 9910
3 8931 9631 7403
3 8152 9490 9301
3 8688 10245 8143
3 8427 10359 9408
3 7382 10003 8801
3 8978 9252 8060
3 8470 10064 9030
3 8323 10047 9691
3 10238 10493 8496
3 7471 9280 8949
3 8299 10219 9620
3 9796 10005 8292
3 7692 10434 8712
3 1010 10295 8856
3 7932 10187 8683
3 8899 9341 7843
3 8638 10315 9505
3 7573 9880 9236
3 9662 10310 8466
3 8465 10309 9661
3 8271 10335 10166
3 8750 10644 8191
3 7710 10348 8818
3 7687 10644 8750
3 9113 9161 7940
3 8830 9429 7747
3 8684 10037 7485
3 1012 9398 1011
3 8902 9837 7890
3 8842 10092 7786
3 8104 10274 8693
3 8962 9367 7912
3 9566 10568 8461
3 7627 10462 9713
3 10014 10022 8742
3 9559 10210 8201
3 7993 10498 9622
3 9521 10061 7507
3 7869 10453 10129
3 8827 9474 981
3 8685 10400 8254
3 919 10041 8940
3 947 9238 946
3 8337 10617 8997
3 8996 10618 8336
3 8997 10617 7511
3 7510 10618 8996
3 9601 10610 9169
3 8793 9489 7820
3 7857 10023 9342
3 8796 9485 7763
3 7764 9486 8797
3 7416 10054 8847
3 9204 10077 7522
3 7885 10059 9154
3 8752 9600 7592
3 9329 9823 7937
3 7938 9824 9330
3 7485 10443 8715
3 7914 10696 8789
3 8790 10695 7915
3 8790 9499 7756
3 7757 9500 8789
3 9712 9852 8405
3 7749 9852 9712
3 8360 10002 9283
3 1082 9629 1081
3 7517 10104 8795
3 9295 10071 7765
3 7766 10072 9296
3 8125 10282 10164
3 7509 9976 9668
3 9314 10441 7771
3 8879 9394 7886
3 7555 9317 9161
3 7949 10218 9663
3 8940 10317 920
3 921 10081 922
3 7482 10099 8851
3 8620 10578 9032
3 9033 10579 8619
3 8720 10553 9447
3 9870 9937 8058
3 7908 9219 9036
3 8286 9971 9361
3 9361 9971 7606
3 9302 9358 7428
3 8079 9358 9302
3 9211 10374 7635
3 7636 10373 9210
3 7523 9496 9407
3 8702 10094 7386
3 7387 10095 8703
3 7663 10396 9666
3 8199 9752 9736
3 7875 10110 8694
3 8695 10109 7876
3 7415 10181 9850
3 9849 10180 7414
3 9872 10570 7510
3 8176 10319 10004
3 9482 10178 8084
3 7519 9818 8714
3 7830 9692 8973
3 9398 10295 1011
3 7858 9172 9138
3 7543 9983 8814
3 8019 9225 9049
3 909 9233 910
3 1071 9234 1070
3 9274 9440 7997
3 8096 9440 9274
3 9138 9172 8086
3 7720 9998 8697
3 8725 9750 7534
3 8052 9739 9657
3 7921 10595 8741
3 8167 10416 9185
3 9184 10415 8166
3 8696 10150 7380
3 8877 9536 7889
3 8244 9462 8846
3 8003 9551 8937
3 8937 9551 7449
3 9645 10266 8009
3 1087 9614 1086
3 9941 9965 7530
3 7680 10483 9770
3 9769 10484 7681
3 7924 9474 8827
3 8709 10265 8140
3 8584 10180 9849
3 9850 10181 8583
3 8699 10135 7744
3 7884 10003 8701
3 9176 9489 8098
3 7820 9489 9176
3 9105 9367 7556
3 9503 10122 7970
3 8263 10709 9779
3 9748 10536 8754
3 7494 10055 8941
3 8942 10056 7493
3 7508 10014 8742
3 7557 10439 8844
3 7521 9389 9001
3 8727 10197 895
3 1056 10196 8726
3 8726 10196 8354
3 8355 10197 8727
3 7855 9496 9060
3 7949 9570 8908
3 8080 10115 8707
3 8740 10682 7965
3 7483 10460 9518
3 7619 10008 8710
3 8438 10034 8768
3 9383 10111 7393
3 8343 10111 9383
3 10420 10540 8536
3 7883 10501 9441
3 9442 10502 7882
3 984 9260 983
3 8061 10035 9986
3 9985 10036 8062
3 10225 10538 8248
3 7521 10131 8977
3 8048 9838 9591
3 9057 9869 7904
3 8903 9833 8033
3 8248 10451 8733
3 7823 10697 8802
3 7458 10481 8736
3 9661 10522 9375
3 9374 10523 9662
3 8900 10491 8031
3 7438 10310 9662
3 9661 10309 7437
3 1074 9332 1073
3 9132 10063 7752
3 8754 9713 8064
3 9064 10524 7746
3 9505 10315 7645
3 7529 9825 8810
3 8810 9825 8017
3 8018 9669 9468
3 8983 10336 7792
3 8023 9703 8906
3 8907 9704 8024
3 8906 9703 7592
3 7593 9704 8907
3 7815 10546 8747
3 7842 10539 8745
3 7570 9579 9009
3 9008 9580 7569
3 10270 10337 9137
3 8003 10294 9659
3 8325 9521 8986
3 9391 9598 8163
3 8164 9599 9392
3 8037 9598 9391
3 9392 9599 8038
3 9357 9508 8129
3 7982 9508 9357
3 8697 9998 9531
3 8149 10594 9134
3 10126 10545 9050
3 9051 10544 10125
3 8027 10022 10014
3 27 9325 1032
3 9053 9303 7806
3 7643 10632 9100
3 1015 9487 1014
3 7895 9752 9183
3 9094 9619 8108
3 7785 9619 9094
3 1040 9437 1039
3 878 9438 879
3 7540 10569 8720
3 7506 9911 8739
3 8175 9828 9253
3 9348 9602 8125
3 7431 10642 9734
3 8561 10386 9092
3 7649 10383 10230
3 10229 10382 7648
3 8133 9502 9345
3 9345 9502 7385
3 8723 10284 7472
3 7960 10636 9617
3 9618 10635 7961
3 8340 10694 8718
3 7758 9503 8847
3 917 9955 918
3 9047 10644 9926
3 7565 10303 8933
3 8934 10304 7566
3 8176 10004 9318
3 7737 10368 8828
3 8829 10369 7738
3 1081 9629 8788
3 7499 9877 9007
3 8779 9859 7943
3 7944 9860 8780
3 7766 10133 10072
3 10071 10134 7765
3 8705 10134 10071
3 10072 10133 8706
3 7923 9491 9003
3 9202 9944 8236
3 8150 9894 8733
3 9316 9836 7666
3 8891 10108 8403
3 9032 9863 8067
3 9196 9209 7973
3 7974 9209 9196
3 7754 10274 8732
3 8729 10300 7377
3 7511 9452 8997
3 8073 10472 9888
3 8997 9452 7981
3 7848 10113 9041
3 937 9315 936
3 8732 10274 8104
3 8187 10288 9755
3 9756 10289 8188
3 8991 9360 7913
3 7994 9776 9206
3 8837 9842 7989
3 9699 10069 7465
3 8454 10069 9699
3 8096 9425 9197
3 9197 9425 7562
3 9691 10047 8095
3 9034 9475 7951
3 8779 10157 7583
3 7584 10158 8780
3 8051 9841 9112
3 7811 10426 8817
3 9036 9997 7908
3 9522 10678 7621
3 7511 10664 9452
3 9452 10664 8590
3 8754 10536 8290
3 7850 10144 8944
3 7556 9367 8962
3 1003 9595 8891
3 9052 9366 7940
3 10407 10475 8267
3 1050 9805 1049
3 888 9806 889
3 8815 10018 8066
3 7933 10165 9301
3 8116 10655 8734
3 8759 9760 7611
3 7375 9466 8892
3 7384 9535 8846
3 7620 10018 8815
3 7934 10675 8815
3 9573 9631 8243
3 7403 9631 9573
3 7829 10154 8729
3 9236 10187 7573
3 8946 9386 8082
3 8185 10277 9622
3 997 10541 9436
3 8879 9679 1076
3 8004 9679 8879
3 8382 10374 9234
3 9233 10373 8381
3 10499 10558 9067
3 9068 10559 10500
3 9018 9322 7472
3 8739 9911 8034
3 8123 9946 8760
3 8761 9947 8124
3 8760 9946 7777
3 7778 9947 8761
3 9663 10218 8420
3 8281 9852 9841
3 9137 9763 8622
3 9871 10484 8588
3 7997 10060 9021
3 8966 9666 7950
3 9497 9527 7586
3 10092 10343 7786
3 8816 10480 7935
3 9406 10595 8409
3 7910 9763 8769
3 7723 10474 8786
3 8786 10474 8151
3 9727 10091 8087
3 8074 10482 8734
3 9323 10684 8392
3 9049 9884 8019
3 7690 10067 8746
3 9246 9942 8135
3 7378 10634 8762
3 9092 10386 8262
3 7390 9874 9577
3 9578 9875 7391
3 7553 9777 9279
3 8723 10712 8884
3 9024 10031 7867
3 9264 10040 7393
3 7929 9437 8969
3 8970 9438 7930
3 7573 10187 9284
3 8738 10022 8027
3 7505 9343 9013
3 7384 9901 9501
3 7683 10022 8738
3 10637 10706 7932
3 8792 9810 8008
3 7505 9810 8792
3 7551 9996 9489
3 8053 10112 8744
3 8744 10112 7689
3 7995 9317 9275
3 7794 10270 9137
3 7642 10604 9124
3 9770 10483 8530
3 8531 10484 9769
3 9540 9986 8264
3 8265 9985 9541
3 7810 10646 9718
3 9606 9630 8015
3 7564 10251 9117
3 7928 9245 9162
3 8762 9829 7727
3 9048 9464 8107
3 7773 10542 8984
3 7566 10141 8934
3 8933 10140 7565
3 7699 9464 9048
3 8742 10022 7683
3 7485 10037 8743
3 10408 10465 7591
3 7576 10437 8756
3 7714 10406 8752
3 8870 9568 7699
3 990 9732 8786
3 8046 10429 9025
3 9026 10430 8047
3 8975 9897 7947
3 7719 10507 8821
3 9986 10591 8264
3 8265 10590 9985
3 9836 10504 7666
3 9051 10125 1042
3 881 10126 9050
3 8746 10067 8004
3 7913 10685 8962
3 7373 9804 8778
3 8480 10692 9909
3 9910 10693 8481
3 9276 10445 7981
3 8461 9917 9031
3 8311 9869 9851
3 8570 10477 8883
3 8017 10440 8810
3 8082 9828 9737
3 1054 10599 1053
3 892 10598 893
3 8430 10091 9727
3 8135 9938 9250
3 7987 9568 8870
3 9104 10326 7487
3 8789 10696 7757
3 7756 10695 8790
3 8773 10576 7603
3 8165 10576 8773
3 7681 10484 9871
3 8507 9587 9120
3 9119 9586 8506
3 7454 10499 9067
3 9068 10500 7455
3 7591 10465 9656
3 963 9351 962
3 8818 10348 7947
3 8121 9455 9376
3 9376 9455 7818
3 8793 9766 7551
3 9294 10711 7516
3 985 10395 8757
3 7531 9574 9214
3 1079 10254 1078
3 7932 10706 9268
3 9061 9674 7848
3 9941 10159 8324
3 8202 10463 8764
3 8765 10464 8203
3 912 9395 913
3 9737 10679 8082
3 9842 10657 7462
3 9047 9926 8059
3 8065 9735 8865
3 8878 10279 9356
3 10420 10626 7906
3 7965 10682 8812
3 7616 9916 9543
3 9543 9916 8315
3 7436 10047 9459
3 9459 10047 8323
3 9193 10442 7552
3 8817 10426 7481
3 8311 9851 9612
3 9039 10574 8179
3 8180 10575 9040
3 9612 9851 8026
3 7624 9940 9480
3 7583 9859 8779
3 8780 9860 7584
3 7515 10420 8763
3 8969 9437 1040
3 879 9438 8970
3 9372 9634 8445
3 9471 9806 7986
3 7985 9805 9470
3 9374 10383 7649
3 7648 10382 9375
3 7741 10519 8795
3 7453 10508 9633
3 8035 9892 9762
3 9761 9893 8036
3 9604 10212 8449
3 7445 10212 9604
3 7596 9898 9467
3 9309 9803 8305
3 7452 9803 9309
3 7875 9988 8949
3 7829 10283 8758
3 8020 10025 8766
3 8767 10024 8021
3 9267 9895 7468
3 9355 9396 7618
3 7560 9366 9052
3 8086 9396 9355
3 7955 9671 9161
3 9077 9461 7595
3 7537 10024 8767
3 8766 10025 7536
3 8802 10697 7924
3 7723 9678 8849
3 9764 9855 7644
3 8378 9855 9764
3 8885 10599 7937
3 7938 10598 8886
3 7770 9630 8874
3 1045 9380 1044
3 883 9381 884
3 8785 10148 9142
3 9117 10251 7812
3 9343 9925 7962
3 7941 9720 8853
3 7529 9811 8805
3 9182 10571 9334
3 7792 10335 9146
3 9146 10335 8271
3 9456 9931 8097
3 8086 9729 9396
3 8307 10295 9398
3 7618 9768 9355
3 8784 10561 8256
3 7736 9882 8787
3 8805 9825 7529
3 9202 10142 8012
3 8236 10142 9202
3 7993 10277 9523
3 8891 9595 7965
3 8068 9284 9268
3 8138 10358 8853
3 8853 10358 7652
3 7904 9869 9313
3 8415 10707 9635
3 8210 10493 10238
3 8323 9691 8987
3 9287 9310 8016
3 7561 9310 9287
3 9066 9468 8185
3 8345 10085 9953
3 7552 10442 9282
3 9143 10272 8252
3 8253 10273 9144
3 7797 10272 9143
3 9144 10273 7798
3 7851 10580 8770
3 9303 10064 7806
3 7545 9723 9207
3 9208 9724 7546
3 9161 9317 7940
3 8790 9906 7478
3 7477 9907 8789
3 8775 10035 7717
3 7716 10036 8774
3 8872 10176 7484
3 8777 10705 7716
3 8087 10091 9551
3 907 9514 908
3 1069 9513 1068
3 9624 9930 8346
3 7549 9930 9624
3 8795 10519 8944
3 8936 9517 8302
3 8303 9516 8935
3 8772 10363 8285
3 7564 9601 9203
3 9705 10043 8371
3 7440 10043 9371
3 8912 9563 7916
3 7917 9564 8913
3 9334 9496 7855
3 9414 10139 8154
3 9254 10360 8591
3 8592 10361 9255
3 7694 9914 9095
3 7450 9644 8965
3 8965 9644 8009
3 8784 9982 8241
3 7981 10445 9502
3 9260 10640 7942
3 8772 10209 8198
3 8779 10052 7803
3 7802 10051 8780
3 9122 9350 7899
3 8776 10192 7542
3 7541 10206 8777
3 8868 10701 8218
3 9043 10054 7416
3 7586 10701 8868
3 8786 10473 7723
3 8858 10285 7570
3 7569 10286 8857
3 8812 10682 7822
3 7812 9589 8910
3 977 9627 976
3 8145 9607 9055
3 9056 9608 8146
3 8877 9693 7639
3 9268 9284 7932
3 9524 10677 7993
3 8482 9815 9159
3 9160 9814 8483
3 9357 9574 7531
3 7949 9663 9017
3 7457 9784 8871
3 7589 10498 10042
3 7828 9885 9335
3 9335 9885 8288
3 9712 10281 8230
3 8798 9972 7846
3 8225 10064 9303
3 7906 10626 9288
3 7587 9883 9017
3 8787 10418 7736
3 8763 10439 9305
3 1083 9454 1082
3 7728 10397 8788
3 8815 10675 7620
3 981 9474 980
3 7988 10520 9388
3 8821 9879 7719
3 8787 10602 8308
3 9602 10065 8125
3 9553 10065 8152
3 8386 9824 8886
3 8885 9823 8387
3 1008 9446 1007
3 8998 10128 7950
3 9046 10388 7770
3 9141 9943 954
3 8227 10388 9046
3 7702 10218 8908
3 9055 9951 7937
3 7938 9952 9056
3 8082 10679 9699
3 8837 10308 7548
3 7624 10148 8785
3 8229 9931 9456
3 8289 10441 9314
3 9273 10543 7439
3 7950 9803 8966
3 8909 9633 8304
3 9510 10258 7427
3 8221 9560 9266
3 9266 9560 7377
3 8551 9872 9165
3 8955 9845 7374
3 8031 10491 8804
3 9018 9921 7876
3 8791 10253 7492
3 8883 10711 10122
3 8234 10531 10449
3 8093 10043 9705
3 8979 10049 7895
3 8804 10491 7381
3 7993 10677 10016
3 8914 9725 1058
3 897 9726 8915
3 951 9621 950
3 7902 10058 9304
3 8362 10074 9569
3 9569 10074 7540
3 8836 9874 8023
3 8024 9875 8835
3 8140 10265 9719
3 1019 9757 8921
3 9013 10252 7505
3 8234 10449 9736
3 9851 9869 7508
3 10652 10659 8600
3 8800 10082 7567
3 9198 9650 7954
3 9243 10599 1054
3 893 10598 9244
3 8867 9783 7379
3 935 9460 934
3 8208 10389 9177
3 9368 10092 7381
3 9841 9852 7749
3 8275 10089 9326
3 9326 10089 7602
3 9344 10108 7965
3 9415 9842 7462
3 9736 9752 7611
3 1004 9595 1003
3 8042 10568 9566
3 8961 9838 8048
3 7809 9838 8961
3 9212 10097 8693
3 7579 10029 8811
3 9484 10520 7988
3 8801 10355 7382
3 10198 10222 7899
3 8710 10008 9022
3 8817 9995 7831
3 8807 10336 8045
3 7950 9885 8998
3 7599 10210 9559
3 8813 10492 7795
3 1051 9470 1050
3 889 9471 890
3 8066 10027 8815
3 8816 10028 8067
3 8184 9693 9108
3 7515 10540 10420
3 9213 9450 8087
3 7587 9450 9213
3 940 10005 939
3 7623 10085 9019
3 7509 9881 8959
3 9912 10251 7564
3 8871 10548 8172
3 7785 10548 8871
3 8170 10361 9582
3 9583 10360 8171
3 965 9472 964
3 8810 10440 7719
3 9178 10159 8077
3 8862 9847 7897
3 7720 10393 8987
3 8987 10393 8196
3 9136 9530 7968
3 8995 9525 7671
3 8345 9953 8827
3 8250 9525 8995
3 10098 10131 8422
3 9531 9998 8056
3 9265 9507 7903
3 1001 9477 1000
3 8224 9940 8831
3 9804 10163 8778
3 8449 10212 9873
3 985 10640 984
3 8841 9928 7398
3 8875 9977 7990
3 8975 10478 7810
3 7945 10114 9101
3 8318 10289 9795
3 7379 9783 9360
3 7621 10480 8816
3 7507 10061 8819
3 9120 10575 10559
3 10558 10574 9119
3 8259 10554 9058
3 8661 10381 9200
3 9199 10380 8660
3 7587 9923 9883
3 10129 10453 8456
3 958 10596 957
3 10020 10643 8329
3 950 9621 9088
3 8822 10068 7526
3 9266 10530 7827
3 7954 9461 9077
3 7776 9637 8960
3 9060 10434 8374
3 8960 9637 7987
3 7814 9612 9080
3 8098 9717 9176
3 9176 9717 7372
3 8057 9648 9308
3 9080 9612 8026
3 8063 9848 9696
3 7525 10073 8824
3 7718 9468 9066
3 9226 9936 8045
3 9177 9413 8208
3 7464 9413 9177
3 7908 9997 9426
3 8234 9760 8910
3 8313 10703 9063
3 9062 10702 8312
3 7800 10702 9062
3 9063 10703 7801
3 9102 10232 7948
3 9164 9667 7655
3 8150 9667 9164
3 7867 9700 9123
3 7772 9938 9522
3 9058 10554 956
3 7532 9813 8887
3 9522 9938 8279
3 8820 10645 7528
3 9183 9752 8199
3 7454 10511 8828
3 8829 10512 7455
3 8828 10513 7737
3 7738 10514 8829
3 9037 10658 8587
3 9054 9493 8030
3 7770 10388 8823
3 9681 10346 7674
3 7622 10179 9451
3 9451 10179 8333
3 961 10177 960
3 9209 9668 7973
3 9987 10322 7456
3 8070 9970 9404
3 1027 9716 1026
3 7694 10328 9640
3 8085 9729 9140
3 9140 9729 7567
3 1013 9531 1012
3 9682 10001 8526
3 7746 10524 8838
3 7786 10343 9311
3 9189 10628 7661
3 8830 10163 8064
3 7983 9465 9111
3 8897 9799 7563
3 7747 10163 8830
3 8181 10240 9498
3 8847 10054 7894
3 7535 9453 9130
3 8245 9636 9129
3 8884 10712 8538
3 8169 10616 8854
3 8854 10616 7451
3 8520 9610 9293
3 7920 10369 8829
3 8828 10368 7919
3 8009 9655 8965
3 8964 9656 8010
3 10041 10433 8940
3 946 10244 945
3 8846 10589 7384
3 9124 10604 8261
3 8874 10476 8099
3 8841 10149 7753
3 9278 10664 7511
3 8921 9757 8044
3 10013 10397 8154
3 1060 10447 1059
3 898 10448 899
3 9840 10288 8317
3 8901 10030 7969
3 8887 9878 7532
3 966 10529 965
3 7989 10308 8837
3 9323 10537 7775
3 9009 9579 7917
3 7916 9580 9008
3 944 9822 943
3 9440 10060 7997
3 10346 10399 7674
3 7854 10446 9201
3 9196 10347 7974
3 9154 10059 8285
3 7629 10607 9362
3 7407 9837 8902
3 8844 10439 7906
3 8544 10188 9002
3 9926 10644 7687
3 9873 10212 8121
3 8120 9943 9141
3 7382 10629 9390
3 9318 9671 8176
3 7555 9671 9318
3 9422 9423 7898
3 8280 9423 9422
3 8888 9932 8000
3 7554 9977 8875
3 7510 10570 9277
3 8044 9757 9031
3 9031 9757 1020
3 8131 10345 8867
3 9300 10019 7972
3 8944 10144 7517
3 8851 10550 7482
3 8815 10027 9697
3 9698 10028 8816
3 9609 9745 7753
3 8226 9745 9609
3 8218 10701 8870
3 7820 10516 8850
3 8849 10474 7723
3 9445 10564 7444
3 9339 10608 8058
3 9853 10362 7501
3 8593 10362 9853
3 8938 10532 7487
3 8442 10564 9445
3 8943 9733 7467
3 1023 9566 1022
3 28 9857 875
3 1036 9858 29
3 8888 9915 7425
3 7810 10478 9042
3 9041 9558 7848
3 7909 9509 9100
3 7530 9965 8947
3 9308 10597 8057
3 8947 9965 8063
3 7599 9559 9111
3 8331 10628 9189
3 8199 9974 9575
3 8190 10089 9446
3 9446 10089 8275
3 9506 10164 8360
3 8871 10320 7457
3 8002 9709 8981
3 8981 9709 7410
3 9539 10429 8046
3 8047 10430 9538
3 9433 10436 8708
3 7501 10356 9024
3 9610 10509 9102
3 8855 10188 7371
3 8864 10577 8284
3 8106 10098 9133
3 8058 9750 9339
3 9285 9603 7549
3 9075 9628 7406
3 8084 9603 9285
3 8014 9628 9075
3 9181 9721 8266
3 8853 10325 8138
3 7501 10362 10356
3 8955 9950 7982
3 9133 10510 8106
3 10120 10274 7754
3 8693 10274 10120
3 7649 10410 9374
3 9375 10411 7648
3 9374 10410 8357
3 8358 10411 9375
3 8323 9562 9459
3 7840 10194 8863
3 7833 10169 8866
3 1049 9789 1048
3 887 9788 888
3 9306 9945 8100
3 8987 9691 7720
3 8427 9408 9279
3 9149 10300 7902
3 7379 10495 8867
3 8959 9881 7922
3 975 10609 974
3 7980 9872 8996
3 9792 10336 8983
3 8976 9839 8598
3 9341 10518 8377
3 9747 10435 7488
3 7812 10251 9589
3 7745 10006 8892
3 7452 10638 8966
3 8966 10638 8216
3 8075 10667 9346
3 8052 9930 8963
3 7559 9763 9137
3 8963 9930 7549
3 1020 9757 1019
3 9210 9907 8349
3 8348 9906 9211
3 1058 9725 1057
3 896 9726 897
3 9046 10609 975
3 9560 10619 7829
3 7484 10444 8872
3 9017 9663 7850
3 10355 10629 7382
3 7956 10413 9849
3 9850 10414 7957
3 7544 10476 8874
3 7954 9650 9461
3 1064 9639 1063
3 902 9638 903
3 7503 10046 8889
3 8890 10045 7502
3 9192 10699 7675
3 8356 10699 9192
3 7405 9839 8976
3 7446 10377 9870
3 9870 10377 8589
3 1029 10560 1028
3 7549 9624 9285
3 9285 9624 8083
3 9257 10096 8101
3 8160 10051 10046
3 10045 10052 8159
3 9007 9877 7877
3 9270 10332 8916
3 8446 10256 9336
3 7842 9683 9258
3 9436 10541 8315
3 9258 9683 8153
3 8583 10414 9850
3 9849 10413 8584
3 7516 10711 8883
3 8562 10563 9086
3 9111 9559 7983
3 7573 9530 9136
3 8156 10392 8876
3 8132 9535 9501
3 9501 9535 7384
3 7935 10480 9091
3 7937 9951 9329
3 9330 9952 7938
3 7430 10076 9142
3 8230 10281 8877
3 7947 9897 9383
3 7973 10526 10132
3 7743 10327 8974
3 7544 10053 8896
3 8536 10540 9150
3 9089 10322 9418
3 9305 10439 7557
3 7381 10491 8900
3 9329 9951 8293
3 8294 9952 9330
3 9131 9557 7560
3 9113 10150 7955
3 8966 9803 7452
3 10279 10460 7483
3 8878 10460 10279
3 8184 9959 9693
3 7425 9862 9107
3 7926 10371 9466
3 7951 9867 9109
3 7639 10375 9479
3 9479 10375 8384
3 8259 9730 9141
3 9049 10572 9884
3 915 9812 9003
3 1076 9679 1075
3 7479 10428 10203
3 10203 10428 8802
3 10455 10537 8454
3 8242 10419 9775
3 8138 10325 9744
3 9455 10212 7445
3 9297 10708 7552
3 8106 10131 10098
3 8244 10008 9462
3 9462 10008 7619
3 7534 10490 9913
3 9088 9621 7966
3 8886 10598 892
3 1053 10599 8885
3 8409 10165 9044
3 7558 9792 8983
3 7914 10373 9233
3 9234 10374 7915
3 8397 10343 10092
3 991 9732 990
3 8920 10015 7608
3 7804 9731 9083
3 9083 9731 8031
3 7571 9586 9119
3 9120 9587 7572
3 9961 10378 8085
3 7792 10336 10335
3 10335 10336 8807
3 8219 9915 9427
3 8594 10084 9238
3 7819 9969 8994
3 8994 9969 8070
3 9627 10083 8227
3 8330 10083 9627
3 8311 9612 9251
3 8272 10627 9282
3 9251 9612 7814
3 9423 10191 7428
3 8280 10191 9423
3 9651 9965 8324
3 8250 9960 9525
3 9525 9960 8091
3 8892 10510 7375
3 9120 10559 7784
3 7783 10558 9119
3 9777 10364 9279
3 8536 10626 10420
3 7477 10185 9144
3 9143 10184 7478
3 9154 10605 7394
3 9157 10450 978
3 9052 9711 7560
3 8285 10605 9154
3 7905 10123 8932
3 9124 9705 8371
3 9106 10379 7637
3 7560 9557 9175
3 9004 9785 7568
3 939 9796 938
3 9619 10213 8108
3 9840 10406 7714
3 8562 10406 9840
3 1061 10467 1060
3 899 10468 900
3 9776 10612 9206
3 9034 9896 924
3 8896 10476 7544
3 8080 9896 9034
3 914 9812 915
3 9098 10118 8236
3 8406 9665 9205
3 8066 10018 8927
3 8174 10545 10126
3 10125 10544 8173
3 7974 10347 9445
3 8894 10323 7781
3 9006 9784 8390
3 9218 9913 7999
3 9155 10185 7477
3 7478 10184 9156
3 7522 10472 9132
3 7987 9527 9224
3 8961 9899 7516
3 8139 9484 9483
3 9483 9484 7988
3 8898 10260 8134
3 9169 9794 8002
3 8437 10222 10198
3 8099 10476 8896
3 8968 10423 9458
3 8958 10062 7752
3 10132 10526 8624
3 8812 10469 10211
3 10211 10469 7480
3 955 10554 9141
3 9003 9812 8053
3 9261 10226 8213
3 7434 10226 9261
3 9141 10554 8259
3 976 10351 975
3 7638 9897 8975
3 10153 10343 8397
3 7422 10152 8980
3 8112 10219 8976
3 8976 10219 7405
3 9301 9490 7933
3 9353 10320 8871
3 7998 9962 9200
3 9199 9963 7999
3 7611 9752 9030
3 9718 10646 8393
3 8916 10332 7489
3 8200 10521 8901
3 9359 10243 8457
3 8002 9601 9169
3 9031 9917 8044
3 8958 10525 8022
3 9145 9990 8000
3 9663 10144 7850
3 7846 10553 9449
3 9213 9551 8003
3 975 10351 9046
3 8908 10218 7949
3 10348 10479 8601
3 7374 9950 8955
3 7984 10633 9111
3 27 10505 9325
3 9325 10505 8331
3 8026 10044 9080
3 7434 9650 9198
3 8943 10137 8043
3 7569 9831 9008
3 9009 9830 7570
3 9795 10289 7715
3 1028 10560 9146
3 8065 9497 9450
3 9069 10463 8202
3 8203 10464 9070
3 9070 10464 7582
3 7581 10463 9069
3 9658 10271 8500
3 8058 10608 9870
3 9192 10154 8356
3 9450 9497 8087
3 7825 10039 8941
3 8942 10038 7824
3 8974 10192 8112
3 7542 10192 8974
3 9109 9867 7514
3 7562 10033 9424
3 9078 9722 7967
3 9425 10033 7562
3 949 9782 948
3 9244 10598 7938
3 7937 10599 9243
3 8199 10449 9974
3 9122 10222 7579
3 8941 10055 7900
3 7901 10056 8942
3 9105 9904 7790
3 9214 10147 7531
3 7462 10657 9469
3 9469 10657 8441
3 8081 9904 9105
3 8003 9923 9213
3 9386 9828 8082
3 8996 9872 7510
3 8263 9845 9010
3 8927 10549 8066
3 7425 9915 9862
3 9550 9794 7594
3 8186 9794 9550
3 7976 9496 9334
3 9307 9894 7418
3 8443 10668 9771
3 7852 9999 8956
3 8959 9976 7509
3 1028 10486 1027
3 8057 10597 9778
3 8092 9576 9464
3 8163 10630 8914
3 8915 10631 8164
3 8914 10630 7759
3 7760 10631 8915
3 9464 9576 8107
3 9214 9574 7954
3 8989 9918 7837
3 7838 9919 8988
3 9311 10343 8220
3 7489 10614 8916
3 8998 9885 7828
3 7428 10142 10118
3 9010 9868 7610
3 8310 10659 10652
3 10136 10241 8143
3 7568 9785 9195
3 9195 9785 8079
3 953 9943 9020
3 10363 10605 8285
3 7899 10222 9122
3 9387 9983 7543
3 10530 10583 8567
3 9897 10438 8343
3 8919 10540 7515
3 8102 10366 9879
3 9407 9496 7976
3 9383 9897 8343
3 8110 9768 9537
3 8300 10339 10048
3 8380 10203 9354
3 945 10244 9319
3 9022 10008 8244
3 7502 10045 9299
3 9300 10046 7503
3 9299 10045 8159
3 8160 10046 9300
3 1055 10199 1054
3 893 10200 894
3 7750 9705 9124
3 9446 9948 8190
3 1008 9948 9446
3 7611 9760 9736
3 9736 9760 8234
3 1048 9789 9062
3 9063 9788 887
3 8022 10062 8958
3 7560 9711 9131
3 7752 10063 8958
3 9861 10667 8075
3 954 9943 953
3 8271 10166 9716
3 7410 9709 9125
3 9017 9883 7949
3 9716 10166 8377
3 7910 9802 9362
3 9161 9671 7555
3 8495 10189 10016
3 9750 10490 7534
3 8995 10257 8120
3 9520 9537 7580
3 7467 10137 8943
3 8110 9537 9520
3 9280 9840 8317
3 7671 10257 8995
3 7427 10105 9135
3 9067 10511 7454
3 7455 10512 9068
3 8202 10511 9067
3 9068 10512 8203
3 9358 10142 7428
3 9131 9711 8128
3 9165 9872 7980
3 7443 10549 8927
3 7487 10239 8938
3 7800 10587 8951
3 8950 10588 7801
3 9252 9927 8060
3 7927 10143 9232
3 10016 10189 8211
3 937 10672 9315
3 8007 9882 9813
3 9446 10236 1007
3 7714 10288 9840
3 8129 9574 9357
3 7894 10542 8929
3 8275 10236 9446
3 9592 10581 8618
3 8438 10546 10034
3 1006 10236 9186
3 7488 10435 8932
3 7565 10140 9687
3 9688 10141 7566
3 9457 9821 7492
3 8935 10618 7510
3 7511 10617 8936
3 9201 10194 8649
3 9282 10442 7864
3 9351 10506 962
3 9911 9978 8034
3 899 10448 9392
3 9391 10447 1060
3 8543 9978 9911
3 8573 10269 9332
3 8535 10492 9259
3 9141 9730 8120
3 924 9896 925
3 9075 9838 7809
3 10386 10425 8262
3 9200 10381 8352
3 8353 10380 9199
3 7949 9883 9570
3 9570 9883 8210
3 9546 10312 7633
3 7634 10311 9545
3 9205 9665 7423
3 7508 9869 9057
3 8086 9908 9138
3 9138 9908 7417
3 7562 9741 9197
3 8391 10657 9842
3 9320 10083 8330
3 7601 10083 9320
3 9293 9610 7948
3 7509 9668 9209
3 10559 10575 8180
3 8179 10574 10558
3 7667 10531 9856
3 9714 10661 8231
3 8232 10662 9715
3 9291 10038 8194
3 8195 10039 9292
3 7824 10038 9291
3 9292 10039 7825
3 9016 10625 7576
3 8940 10433 7755
3 9302 10191 8013
3 9020 9943 8120
3 8449 9873 9189
3 7903 10417 9170
3 1012 9531 9398
3 7406 9628 9274
3 8211 10498 10016
3 7476 10225 8957
3 7506 9801 9115
3 9291 10714 10544
3 10545 10713 9292
3 9201 10446 9905
3 8488 10205 9955
3 9955 10205 8209
3 8977 10221 7521
3 8101 10221 8977
3 8040 9800 9790
3 9790 9800 8251
3 9291 10544 7824
3 7825 10545 9292
3 9421 10372 7813
3 9633 10508 8304
3 7744 10338 8947
3 8304 10372 9421
3 9131 10138 7805
3 8128 10138 9131
3 9398 9531 8056
3 931 10156 9254
3 8944 10519 8523
3 7715 10533 9795
3 9795 10533 8538
3 9549 9662 8466
3 8465 9661 9548
3 7682 10676 9373
3 9254 10156 8171
3 8449 9973 9604
3 9028 9947 7778
3 7777 9946 9027
3 7549 10387 8963
3 9585 9975 8142
3 8245 9975 9585
3 8989 10527 8157
3 8158 10528 8988
3 8988 10528 7409
3 7408 10527 8989
3 8952 10462 8152
3 7928 9914 9573
3 9581 9772 8172
3 9170 10417 7676
3 1009 9948 1008
3 995 10117 9085
3 9085 10117 8155
3 8949 10699 8356
3 9702 10669 7609
3 8532 10669 9702
3 9775 10250 8242
3 9255 10171 968
3 9313 9869 8311
3 8170 10171 9255
3 9883 9923 8210
3 9294 10153 8397
3 9139 9793 7439
3 7801 10703 8950
3 8951 10702 7800
3 973 9968 972
3 8220 9899 9555
3 7710 10479 10348
3 8001 9602 9348
3 9107 9862 7977
3 989 10352 988
3 8073 10063 9132
3 9146 10486 1028
3 7831 9995 9337
3 9337 9995 8359
3 8152 10698 8952
3 8977 10573 8101
3 9786 9888 8269
3 9207 9723 8326
3 8327 9724 9208
3 9364 9858 1036
3 875 9857 9363
3 8073 9888 9786
3 9197 9741 8028
3 7963 10031 9024
3 7402 10525 8958
3 9744 10233 7746
3 8394 10233 9744
3 7558 10262 9376
3 8963 10387 8094
3 1080 10013 1079
3 7512 9951 9055
3 9056 9952 7513
3 8600 10659 9389
3 7383 9997 9036
3 7585 10128 8998
3 9346 10667 8192
3 8028 9749 9197
3 8962 10685 7556
3 8393 10378 9961
3 8200 9524 9523
3 9523 9524 7993
3 9026 10654 7575
3 7574 10653 9025
3 8344 10423 8968
3 9147 9821 7918
3 8961 10477 7809
3 10023 10075 8141
3 7594 9794 9169
3 9299 9672 7971
3 7972 9673 9300
3 9889 10341 7653
3 8486 10341 9889
3 9354 9953 7623
3 9697 10027 7538
3 7539 10028 9698
3 9019 10085 7942
3 8101 10096 9764
3 7640 10425 8973
3 943 9822 9153
3 7888 9854 9128
3 918 10041 919
3 8226 9746 9745
3 9745 9746 8039
3 8967 10562 8241
3 9159 9815 8037
3 8038 9814 9160
3 7998 9967 9217
3 9019 10099 8226
3 9095 9914 7928
3 7585 10235 9463
3 8362 10217 10151
3 9588 9992 8235
3 9248 10086 7577
3 7578 10087 9247
3 7620 9992 9588
3 9460 10555 934
3 8288 10396 9753
3 10044 10525 7402
3 9027 10303 7565
3 7566 10304 9028
3 8137 10086 9248
3 9247 10087 8136
3 8741 10595 9406
3 9000 10175 7872
3 7947 10478 8975
3 7565 9687 9676
3 9677 9688 7566
3 8158 9688 9677
3 9676 9687 8157
3 8639 10525 10044
3 7439 9961 9139
3 9139 9961 8085
3 9406 10217 8030
3 8113 9580 9563
3 9564 9579 8114
3 9563 9580 7916
3 7917 9579 9564
3 9043 10034 7815
3 8019 9964 9225
3 8025 10234 9235
3 7745 10573 8977
3 1031 10080 1030
3 9532 9617 7512
3 7513 9618 9533
3 8435 9617 9532
3 9533 9618 8436
3 8983 10603 7558
3 7979 10664 9278
3 9536 10469 8376
3 7480 10469 9536
3 9275 10258 7995
3 8184 10258 9275
3 8043 9954 9169
3 8617 10231 9226
3 9226 10231 8246
3 9459 9562 7941
3 9277 10570 7978
3 8998 10235 7585
3 7571 10574 9039
3 9040 10575 7572
3 9217 9967 7533
3 7936 9634 9372
3 10321 10627 8272
3 9319 9738 8255
3 9136 9880 7573
3 8393 9961 9718
3 9718 9961 7439
3 905 10102 906
3 1067 10103 1066
3 9100 10632 7909
3 8093 10053 9116
3 9693 9959 7639
3 9116 10053 7544
3 9047 10301 7514
3 7984 10536 9748
3 9015 10174 8295
3 7873 10264 8999
3 8239 10110 9443
3 9444 10109 8240
3 9443 10110 7875
3 7876 10109 9444
3 8318 9795 9322
3 7925 9743 9333
3 7563 9799 9352
3 7629 10059 9059
3 996 10117 995
3 998 10541 997
3 8270 10261 9480
3 9480 10261 7624
3 9511 10357 7625
3 9672 10704 7971
3 8994 10339 7607
3 986 10395 985
3 9080 10044 7402
3 1084 10647 1083
3 1042 10125 1041
3 880 10126 881
3 9342 9717 8291
3 9450 9735 8065
3 9142 10148 8306
3 8044 9917 9270
3 8261 10398 9084
3 9285 10026 8084
3 8041 10634 9552
3 8992 10621 7390
3 7391 10622 8993
3 9725 10196 1057
3 896 10197 9726
3 8354 10196 9725
3 9726 10197 8355
3 8066 10549 9033
3 9084 10398 970
3 7931 10252 9013
3 8571 9821 9457
3 7983 9559 9515
3 9568 9637 8338
3 8000 9932 9145
3 8025 10716 9286
3 7987 9637 9568
3 8249 9645 9644
3 9644 9645 8009
3 7648 10411 9516
3 9517 10410 7649
3 9516 10411 8336
3 8337 10410 9517
3 9515 9559 8201
3 968 10171 967
3 8179 10558 10499
3 10500 10559 8180
3 7837 9918 9156
3 9155 9919 7838
3 932 10156 931
3 8496 10493 9659
3 8037 10467 9159
3 9160 10468 8038
3 7575 10297 10208
3 10207 10296 7574
3 8610 10296 10207
3 10208 10297 8609
3 7439 9793 9273
3 9273 9793 8074
3 7980 9901 9165
3 7409 10651 8988
3 8989 10650 7408
3 7442 10401 9981
3 9980 10402 7441
3 8546 10402 9980
3 9981 10401 8547
3 8279 10678 9522
3 9083 10066 7804
3 8120 10257 9020
3 9189 9873 7788
3 9529 9867 7951
3 7372 9717 9342
3 7607 10707 8994
3 1057 10196 1056
3 895 10197 896
3 9101 10042 7964
3 9862 9915 8219
3 8995 10710 8250
3 8122 9738 9319
3 7877 9877 9382
3 9362 10209 7629
3 8106 10510 10006
3 8198 10209 9362
3 8054 9919 9155
3 9156 9918 8055
3 9402 10334 7417
3 8127 10337 10270
3 9001 10686 8431
3 9244 10200 893
3 1054 10199 9243
3 1007 10236 1006
3 9627 10351 976
3 7548 10308 9249
3 7955 10150 9623
3 9429 9701 7921
3 7380 10150 9113
3 9253 9828 7557
3 9081 10587 7800
3 7801 10588 9082
3 10619 10671 8675
3 7487 10075 9104
3 9077 10190 7996
3 970 10398 30
3 9798 10183 8361
3 7436 10183 9798
3 9117 10610 7564
3 9461 9650 8156
3 9462 10589 8846
3 9094 10206 7541
3 8108 10206 9094
3 8281 9841 9686
3 960 10342 959
3 1011 10295 1010
3 7401 9920 9178
3 8030 10217 9569
3 9024 10356 7963
3 8410 10508 9848
3 9201 9905 7548
3 1060 10467 9391
3 9392 10468 899
3 920 10317 921
3 8028 10268 9665
3 8383 9887 9309
3 9309 9887 7452
3 8256 10589 9462
3 8276 10220 9847
3 8316 10391 9522
3 8717 10502 10229
3 10230 10501 8716
3 10229 10502 8237
3 8238 10501 10230
3 7780 10344 9029
3 8398 9972 9170
3 9522 10391 7772
3 8245 10340 9636
3 9497 9727 8087
3 7481 9990 9145
3 9169 9954 7594
3 9061 10204 7664
3 10356 10362 8412
3 9101 10114 7589
3 9385 10166 7612
3 8377 10166 9385
3 7806 10241 9053
3 9286 10346 8025
3 8189 10346 9286
3 7553 10457 9298
3 8559 10520 10280
3 7654 10145 10020
3 10020 10145 8429
3 8059 10301 9047
3 7658 10568 9356
3 7817 10430 9026
3 9025 10429 7816
3 9044 10324 7657
3 9344 10211 8405
3 7538 9892 9240
3 9241 9893 7539
3 8220 10343 10153
3 7534 9913 9218
3 9396 9729 8085
3 7431 9936 9226
3 9046 10351 8227
3 8206 10583 10530
3 9810 9844 8008
3 8517 9844 9810
3 9171 10005 940
3 10292 10563 7471
3 8758 10563 10292
3 978 10450 977
3 10527 10593 8157
3 8158 10592 10528
3 9213 9923 7587
3 9829 10634 8041
3 8018 10328 9669
3 9163 10066 8127
3 7804 10066 9163
3 9074 10262 7558
3 8102 10017 9220
3 9220 10017 7432
3 7946 9836 9316
3 9969 9970 8070
3 8369 9970 9969
3 9200 9962 7396
3 7395 9963 9199
3 9142 10076 7972
3 7630 9823 9329
3 9330 9824 7631
3 10057 10515 8614
3 926 10505 27
3 962 10506 961
3 1026 10518 1025
3 9025 10653 8046
3 8047 10654 9026
3 8320 10331 9379
3 9378 10330 8319
3 8281 10176 9106
3 8278 10504 9836
3 956 10554 955
3 934 10555 933
3 9314 10385 7461
3 8207 10385 9314
3 9445 10347 8442
3 9590 9935 8017
3 9032 10578 8284
3 8283 10579 9033
3 9135 10105 8007
3 7889 10193 9108
3 9548 9661 7958
3 7959 9662 9549
3 9362 9802 8198
3 9231 10101 7834
3 7835 10100 9230
3 8113 10101 9231
3 9230 10100 8114
3 938 10672 937
3 9323 9991 8197
3 7561 9991 9323
3 8071 10310 9174
3 9173 10309 8072
3 9399 10050 8250
3 8315 9916 9436
3 9436 9916 8155
3 9461 10216 7595
3 7426 10232 9102
3 9065 10366 8102
3 7460 10048 9404
3 10034 10546 7815
3 9039 10630 8163
3 8164 10631 9040
3 7759 10630 9039
3 9040 10631 7760
3 8430 10658 9037
3 8453 10500 10012
3 10011 10499 8452
3 7587 9735 9450
3 7800 10330 9081
3 9082 10331 7801
3 9605 10538 8041
3 9689 10535 8529
3 7567 10124 9140
3 7527 9826 9465
3 9270 9917 7658
3 8197 10537 9323
3 7558 10603 9074
3 9487 10393 8697
3 9045 10580 7851
3 8147 10314 9653
3 9654 10313 8148
3 9050 10545 7825
3 7824 10544 9051
3 7456 10322 9089
3 9439 10425 7640
3 8262 10425 9439
3 7775 10537 10455
3 8249 10572 9049
3 9667 9787 8130
3 8150 9787 9667
3 8115 10327 9089
3 7583 10157 9615
3 9616 10158 7584
3 8383 10202 9887
3 7384 10589 9632
3 9887 10202 8149
3 9219 9991 7561
3 9507 10417 7903
3 8191 10644 9047
3 9269 10242 8143
3 9371 10043 8093
3 9441 10172 7883
3 7882 10173 9442
3 9442 10173 8194
3 8195 10172 9441
3 9834 10556 8243
3 9720 10614 7489
3 8444 10614 9720
3 1083 10647 9454
3 8201 10210 9835
3 9489 9996 8098
3 8143 10245 9269
3 9269 10245 7863
3 10129 10146 7672
3 8456 10146 10129
3 10177 10357 8586
3 8370 10357 10177
3 9227 9996 7551
3 9686 10176 8281
3 7484 10176 9686
3 8167 10551 9363
3 9364 10552 8166
3 9178 10700 7401
3 9192 10058 7902
3 957 10596 9058
3 7955 10318 9671
3 7579 10222 9652
3 9775 9835 7665
3 8201 9835 9775
3 9720 10325 8853
3 9110 10569 7540
3 7586 9727 9497
3 7869 10561 9512
3 9512 10561 8784
3 9195 10405 7845
3 9848 10508 7453
3 7881 10543 9273
3 8127 10271 9163
3 9163 10271 7426
3 8084 10026 9482
3 9419 9891 7707
3 8505 10139 9463
3 7638 10438 9897
3 7646 10692 9409
3 9410 10693 7647
3 9700 10432 7711
3 8375 10432 9700
3 10147 10494 7531
3 7433 10050 9206
3 9363 9857 8036
3 8035 9858 9364
3 7386 10094 9346
3 9347 10095 7387
3 9635 10707 7607
3 7784 10559 9068
3 9067 10558 7783
3 9267 9979 8222
3 7468 9979 9267
3 8033 9833 9832
3 7830 10386 10119
3 9832 9833 8363
3 10119 10386 8561
3 9689 10178 7407
3 8252 10184 9143
3 9144 10185 8253
3 9454 10647 8328
3 9130 10240 8181
3 9227 10482 8074
3 7665 10250 9775
3 7751 10359 9958
3 9958 10359 8450
3 7912 10077 9204
3 8116 10333 9164
3 9593 9971 8286
3 8151 9971 9593
3 8130 9787 9592
3 9592 9787 7588
3 9074 10603 8119
3 9080 10547 7814
3 7975 10379 9106
3 9701 10595 7921
3 9670 10550 8404
3 7482 10550 9670
3 8155 10507 9085
3 7458 10096 9257
3 9395 10195 8616
3 9384 9861 8075
3 7598 10065 9602
3 8705 10593 10527
3 10528 10592 8706
3 9082 10588 8071
3 8072 10587 9081
3 9389 10686 9001
3 9397 9960 7433
3 9538 10430 8513
3 8512 10429 9539
3 9668 10526 7973
3 9382 9877 8314
3 7970 9807 9503
3 9103 10446 7854
3 7989 9842 9415
3 9327 9927 7547
3 9150 10220 7703
3 10151 10217 7657
3 8140 10485 10130
3 7776 10097 9212
3 7489 10325 9720
3 7896 10159 9178
3 10280 10520 7398
3 8162 10297 10293
3 9238 10244 946
3 7575 10654 9272
3 9271 10653 7574
3 9094 10548 7785
3 9355 9908 8086
3 7636 10228 9625
3 9626 10227 7635
3 8264 10227 9626
3 9625 10228 8265
3 9470 9805 1050
3 889 9806 9471
3 9102 10509 8268
3 7933 10040 9264
3 9134 10594 7730
3 7922 9881 9556
3 9403 10032 8092
3 8109 10639 9895
3 8409 10595 9701
3 8333 10179 9773
3 9773 10179 8196
3 7505 9925 9343
3 9238 10084 8122
3 7418 10307 9307
3 9307 10307 8162
3 9099 10565 7684
3 9479 10674 8681
3 8097 9931 9448
3 9505 10159 7896
3 7807 10302 9179
3 8324 10159 9505
3 8055 10140 9499
3 9500 10141 8054
3 8221 10671 10619
3 8038 10468 9392
3 9391 10467 8037
3 8095 10047 9328
3 7503 10019 9300
3 7556 10571 9182
3 9137 10337 7559
3 9216 10395 986
3 9991 10278 8197
3 9537 9768 8109
3 9436 10117 996
3 8155 10117 9436
3 7899 10611 10198
3 10198 10611 8684
3 9646 10586 8217
3 8384 10674 9479
3 9271 10394 7852
3 8400 10280 9928
3 8105 10569 9110
3 7447 10601 10376
3 9298 10457 8193
3 7996 10147 9214
3 8192 10667 10341
3 8027 9933 9365
3 9796 10672 938
3 9928 10280 7398
3 8478 10672 9796
3 8090 9891 9419
3 8094 10170 9767
3 9111 10633 7599
3 9291 10470 7577
3 7578 10471 9292
3 8194 10470 9291
3 9292 10471 8195
3 7486 10242 9269
3 8019 9884 9439
3 8193 10613 9347
3 9164 10655 8116
3 8085 10378 9396
3 8033 10007 9338
3 1025 10518 9341
3 8683 10187 9236
3 9296 10072 8050
3 8049 10071 9295
3 1027 10486 9716
3 8076 9772 9581
3 7437 10309 9173
3 9174 10310 7438
3 9419 10214 8090
3 8316 9866 9863
3 9863 9866 8067
3 9242 10333 8116
3 9132 10472 8073
3 9119 10574 7571
3 7572 10575 9120
3 8588 10484 9247
3 9248 10483 8589
3 9681 10234 8025
3 8534 10253 9316
3 7375 10510 9133
3 9179 10302 8118
3 8122 10244 9238
3 9627 10450 8330
3 977 10450 9627
3 8421 10324 9264
3 9228 10315 8131
3 9328 10047 7436
3 7645 10315 9228
3 7853 10293 9272
3 10230 10383 8238
3 8237 10382 10229
3 7394 10605 9123
3 8191 10689 9118
3 8075 10162 9384
3 8715 10443 9480
3 9480 10443 8270
3 8633 9776 9747
3 8454 10537 10069
3 8377 10518 9716
3 9716 10518 1026
3 9426 9997 8533
3 9362 10607 7910
3 9636 10340 7470
3 9412 9963 7395
3 7396 9962 9411
3 8557 9963 9412
3 9411 9962 8558
3 8271 10486 9146
3 9544 10121 7718
3 8306 10121 9544
3 8212 10656 9262
3 9262 10656 7435
3 8146 10200 9244
3 9243 10199 8145
3 9525 10641 7671
3 8207 9983 9387
3 9929 10656 8653
3 9960 10050 7433
3 8091 9960 9397
3 9569 10217 8362
3 9454 10663 8144
3 8328 10663 9454
3 8582 10445 9276
3 9235 10234 7535
3 9159 10467 1061
3 900 10468 9160
3 9512 10453 7869
3 8274 10453 9512
3 9827 10044 8026
3 8372 9867 9529
3 7668 10347 9196
3 9393 10202 7613
3 8149 10202 9393
3 7576 10625 9433
3 8227 10351 9627
3 8211 10189 9567
3 9567 10189 7373
3 9307 10293 7853
3 8135 10338 9246
3 9448 9931 7761
3 8156 10216 9461
3 9246 10338 7744
3 7545 10246 9435
3 9434 10247 7546
3 8178 10247 9434
3 9435 10246 8177
3 9424 10033 8399
3 7516 10153 9294
3 8473 10056 9546
3 9545 10055 8474
3 9546 10056 7901
3 7900 10055 9545
3 9501 9901 7980
3 7481 10426 9990
3 8057 10601 9648
3 9231 10286 7569
3 7570 10285 9230
3 8161 10334 9402
3 9284 10187 7932
3 9565 9999 8379
3 9886 10098 8422
3 8217 10586 10263
3 9458 10543 7881
3 9346 10094 8075
3 8076 10095 9347
3 9331 10541 998
3 8079 10405 9195
3 9301 10165 7491
3 7660 10509 9610
3 8200 10210 9524
3 9524 10210 7599
3 8400 9928 9488
3 8877 10281 9536
3 7637 10108 9344
3 8101 10573 9257
3 8308 10193 9478
3 9478 10193 7889
3 9556 9881 8498
3 10118 10142 8236
3 9384 10162 7542
3 7428 10191 9302
3 9210 10373 7914
3 7915 10374 9211
3 8419 10442 9193
3 9567 10042 8211
3 7964 10042 9567
3 8510 10234 9681
3 9336 10156 932
3 7463 10032 9403
3 7655 10655 9164
3 8397 10092 9368
3 8171 10156 9336
3 7418 10333 9242
3 7577 10086 9369
3 9370 10087 7578
3 9747 9776 7994
3 7863 10245 9707
3 9707 10245 8688
3 7533 9967 9778
3 9185 10551 8167
3 8166 10552 9184
3 8125 10164 9348
3 9348 10164 7421
3 8432 10444 9708
3 9708 10444 7484
3 10376 10601 8588
3 9481 10400 8685
3 9404 10048 8070
3 9173 10661 7437
3 7438 10662 9174
3 8014 10033 9425
3 8008 9922 9528
3 8153 10586 9646
3 8109 10182 9537
3 7909 10632 9518
3 9686 9841 8051
3 9985 10590 7442
3 7441 10591 9986
3 9884 10572 7450
3 9286 10268 8189
3 7632 10026 9865
3 10403 10408 7591
3 7590 10409 10404
3 8627 10408 10403
3 10404 10409 8626
3 8121 10212 9455
3 9780 10635 8632
3 8631 10636 9781
3 7961 10635 9780
3 9781 10636 7960
3 7852 10394 9402
3 8394 10332 9270
3 8226 10099 9746
3 9746 10099 7482
3 9255 10361 8170
3 8171 10360 9254
3 9880 10642 8246
3 8077 10700 9178
3 8012 10142 9358
3 8361 10183 9340
3 8210 10238 9570
3 9570 10238 7374
3 9298 10585 7892
3 7891 10584 9297
3 9297 10584 8192
3 8193 10585 9298
3 9241 10416 8167
3 8166 10415 9240
3 10066 10337 8127
3 7487 10532 10075
3 8363 10706 10637
3 967 10171 9359
3 7604 10060 9440
3 8357 10350 9715
3 9714 10349 8358
3 9715 10350 7722
3 7721 10349 9714
3 8524 10660 10643
3 8530 10470 10173
3 10172 10471 8531
3 9319 10244 8122
3 9836 10344 8278
3 8162 10293 9307
3 10385 10487 8651
3 9511 10123 7905
3 8207 10487 10385
3 9376 10262 8121
3 9356 10279 8433
3 8209 10433 10041
3 8381 10160 9817
3 9816 10161 8382
3 8183 10161 9816
3 9817 10160 8182
3 8441 10323 9469
3 7551 10482 9227
3 7734 10237 9498
3 9498 10237 8181
3 8628 10597 9308
3 9279 10364 7863
3 8141 10532 9550
3 10173 10470 8194
3 8195 10471 10172
3 9683 10515 8153
3 9359 10171 8170
3 9753 9839 7405
3 8142 9839 9753
3 9554 10124 8291
3 7926 10487 9387
3 9387 10487 8207
3 8250 10050 9960
3 10130 10485 8411
3 9482 10026 7632
3 8357 10523 9374
3 9375 10522 8358
3 7910 10607 9504
3 7563 10671 9321
3 9321 10671 8221
3 7870 10686 9389
3 9206 10612 8447
3 9635 10205 8488
3 7607 10205 9635
3 9336 10256 8171
3 8117 10275 9589
3 9332 10269 8183
3 7645 10424 9651
3 9458 10423 7638
3 8161 10394 10296
3 8530 10483 9248
3 9247 10484 8531
3 9541 9985 8062
3 8061 9986 9540
3 9416 10647 1084
3 9871 10601 8057
3 7428 10118 9423
3 9992 10557 8235
3 8472 10557 9992
3 10090 10663 7613
3 7520 10427 9281
3 9388 10520 8559
3 10090 10202 8383
3 7613 10202 10090
3 10004 10503 7762
3 8448 10503 10004
3 9581 10454 8076
3 8221 10619 9560
3 7928 10556 9245
3 9575 9974 8103
3 988 10352 9593
3 9611 10689 8191
3 8140 10130 9492
3 9492 10130 7628
3 8170 10243 9359
3 8341 9865 9846
3 7716 10705 9561
3 8174 10713 10545
3 10544 10714 8173
3 9604 9973 8059
3 9390 10629 7927
3 9856 9898 8169
3 8182 10195 9395
3 8238 10383 9572
3 9571 10382 8237
3 7958 10382 9571
3 9572 10383 7959
3 8456 10452 10216
3 8003 10493 9923
3 8267 10475 10081
3 10081 10475 8464
3 8329 10320 9353
3 8385 10375 9959
3 9959 10375 7639
3 9456 10143 8229
3 8257 10204 9558
3 9551 10091 7449
3 9463 10139 7585
3 8063 9965 9651
3 8375 10031 9647
3 9553 10282 8125
3 9647 10031 7963
3 9846 9865 8083
3 10010 10289 8318
3 8317 10288 10009
3 984 10640 9260
3 7564 10610 9601
3 9632 10589 8256
3 8770 10580 9390
3 9716 10486 8271
3 7657 10217 9406
3 7735 10615 10436
3 10127 10681 7691
3 10436 10615 8708
3 8581 10681 10127
3 9459 10183 7436
3 8529 10535 10170
3 10170 10535 7735
3 8125 10065 9553
3 7976 10345 9407
3 10002 10282 7627
3 8360 10282 10002
3 9301 10698 8152
3 8154 10254 10013
3 9626 10161 8183
3 8182 10160 9625
3 9625 10160 7636
3 7635 10161 9626
3 7577 10714 9291
3 9292 10713 7578
3 9282 10627 7552
3 9268 10706 7520
3 7758 10122 9503
3 9800 10060 7604
3 8476 10311 10290
3 10291 10312 8477
3 10290 10311 8313
3 8312 10312 10291
3 8434 10123 9511
3 9399 10710 7617
3 8250 10710 9399
3 9651 10424 8063
3 8034 10001 9682
3 9418 10322 8342
3 8168 9898 9856
3 9640 10037 8684
3 9375 10382 7958
3 7959 10383 9374
3 8362 10389 10074
3 9286 10716 7423
3 8205 10178 9482
3 8936 10617 9517
3 9516 10618 8935
3 8242 10250 10000
3 8336 10618 9516
3 9517 10617 8337
3 8192 10708 9297
3 8264 10591 10227
3 10228 10590 8265
3 10227 10591 8575
3 8574 10590 10228
3 9447 10553 7846
3 8315 10541 9331
3 7657 10324 10151
3 10151 10324 8421
3 9387 10371 7926
3 7491 10698 9301
3 7421 10164 9506
3 10216 10452 7595
3 10057 10586 8153
3 9982 10000 8241
3 7619 10000 9982
3 9334 10571 8494
3 8567 10583 10182
3 8668 10436 9433
3 9536 10281 7480
3 9407 10345 8131
3 9778 9967 8352
3 9396 10378 7618
3 9671 10318 8176
3 9373 10676 7977
3 8310 9924 9912
3 10064 10600 7806
3 8470 10600 10064
3 10122 10711 8395
3 9508 10669 8129
3 8117 10251 9912
3 7588 10451 9605
3 9605 10451 8248
3 9537 10182 7580
3 8672 10608 9339
3 9409 10413 7956
3 7957 10414 9410
3 8201 10419 9515
3 9515 10419 7429
3 9800 10255 8251
3 7604 10255 9800
3 8154 10397 9414
3 9414 10397 7728
3 9937 10380 8353
3 7680 10380 9937
3 9402 10394 8161
3 9667 10691 7655
3 7541 10454 9581
3 8163 10447 9391
3 9392 10448 8164
3 9356 10568 8042
3 10155 10604 8525
3 8261 10604 10155
3 9912 9924 8117
3 8147 10413 9409
3 9410 10414 8148
3 7996 10190 9631
3 8867 10345 9783
3 7660 10534 9483
3 10535 10615 7735
3 8711 10615 10535
3 7995 10258 9510
3 8667 10637 9649
3 9582 10243 8170
3 9615 10157 8540
3 8539 10158 9616
3 9623 10150 8696
3 7651 10243 9582
3 9369 10714 7577
3 7578 10713 9370
3 8135 9942 9938
3 9938 9942 8279
3 8718 10694 9728
3 10082 10124 7567
3 8291 10124 10082
3 8108 10213 9561
3 8171 10256 9583
3 9583 10256 7650
3 8142 10396 9585
3 8063 10424 9848
3 9523 10277 7448
3 959 10342 9519
3 9719 10485 8140
3 9772 10613 7654
3 10042 10498 8211
3 8420 10144 9663
3 10643 10660 8329
3 8639 10044 9827
3 8054 10141 9688
3 9687 10140 8055
3 9393 10594 8149
3 9631 10190 8243
3 9603 10387 7549
3 7627 10282 9553
3 9764 10096 8378
3 7596 10458 9721
3 9721 10458 8266
3 8045 10336 9792
3 9370 10713 8174
3 8173 10714 9369
3 9589 10251 8117
3 9620 10219 8112
3 9389 10659 7870
3 8196 10393 9487
3 8547 9994 9981
3 9980 9993 8546
3 7460 10400 9481
3 8501 10461 10319
3 10319 10461 7466
3 8152 10462 9553
3 9632 10561 7869
3 8256 10561 9632
3 7609 10294 9702
3 8601 10479 9979
3 8243 10556 9573
3 9573 10556 7928
3 9641 10683 8595
3 9921 10666 8695
3 7676 10666 9921
3 9652 10222 8437
3 9981 9994 8089
3 8088 9993 9980
3 7434 10392 9650
3 9430 10584 7891
3 7892 10585 9431
3 8143 10242 10136
3 7451 10616 9417
3 9955 10041 918
3 8209 10041 9955
3 9748 10189 8495
3 7528 10645 9664
3 9449 10553 8105
3 8655 10417 9507
3 8328 10647 9416
3 8455 10543 9458
3 7603 10576 9791
3 10273 10497 8468
3 8467 10496 10272
3 10305 10412 8459
3 8215 10412 10305
3 7685 10679 9737
3 9433 10625 8090
3 8157 10593 9676
3 9677 10592 8158
3 9502 10445 7385
3 9648 10601 7447
3 7448 10277 9669
3 9669 10277 8185
3 9409 10692 8147
3 8148 10693 9410
3 965 10529 9472
3 9913 10490 8353
3 8530 10173 9770
3 9769 10172 8531
3 7426 10271 9658
3 10145 10613 8193
3 7448 10521 9523
3 9523 10521 8200
3 8213 10465 10408
3 7742 10098 9886
3 8064 10163 9804
3 10365 10519 7741
3 8523 10519 10365
3 7542 10162 9957
3 9946 10303 9027
3 9028 10304 9947
3 9593 10352 8151
3 7398 10520 9484
3 9650 10392 8156
3 7883 10172 9769
3 9770 10173 7882
3 7373 10189 9748
3 10272 10496 8252
3 8253 10497 10273
3 9659 10294 7609
3 9695 10670 8289
3 7600 10670 9695
3 9483 10534 8139
3 8220 10153 9899
3 9899 10153 7516
3 7545 10496 10246
3 10247 10497 7546
3 8468 10497 10247
3 10246 10496 8467
3 9833 10706 8363
3 7520 10706 9833
3 9937 10490 8058
3 8353 10490 9937
3 9640 10328 8018
3 9837 10178 8205
3 7407 10178 9837
3 9974 10449 7667
3 9753 10396 8142
3 7450 10572 9644
3 9644 10572 8249
3 9585 10396 7663
3 7688 10566 10021
3 10021 10566 8391
3 7457 10459 9754
3 9754 10459 8257
3 9553 10462 7627
3 9660 10433 8209
3 7755 10433 9660
3 7562 10431 9741
3 8694 10665 9988
3 9988 10665 7675
3 8277 10494 10147
3 9741 10268 8028
3 8189 10268 9741
3 9783 10345 7976
3 8524 10643 9958
3 8025 10346 9681
3 9826 10536 7984
3 8290 10536 9826
3 10030 10521 7448
3 8901 10521 10030
3 8193 10457 10145
3 7595 10452 9834
3 9834 10452 8274
3 9905 10446 8069
3 9504 10607 8428
3 7444 10564 9863
3 9542 10583 8206
3 7580 10583 9542
3 9863 10564 8316
3 9835 10210 8200
3 8392 10649 9989
3 9989 10649 7643
3 8612 10370 9777
3 9518 10632 8509
3 7609 10669 9508
3 9771 10354 8443
3 7696 10354 9771
3 10088 10090 8383
3 10399 10582 7674
3 8542 10582 10399
3 8144 10090 10088
3 9956 10454 7541
3 10121 10261 8270
3 8306 10261 10121
3 8091 10641 9525
3 9552 10634 7378
3 9957 10162 8492
3 10255 10390 8251
3 7599 10677 9524
3 8406 10390 10255
3 9622 10498 7589
3 8273 10364 9777
3 8248 10538 9605
3 9656 10465 8010
3 10283 10619 8675
3 9903 10273 8468
3 8467 10272 9902
3 8309 10473 9732
3 9732 10473 8786
3 8456 10216 10146
3 10449 10531 7667
3 9659 10493 8003
3 7390 10621 9755
3 9756 10622 7391
3 9642 10531 8234
3 7624 10261 10148
3 10148 10261 8306
3 9777 10370 8273
3 7437 10522 9661
3 9662 10523 7438
3 10267 10316 8228
3 8367 10316 10267
3 9561 10705 8108
3 9950 10238 8496
3 7374 10238 9950
3 9902 10272 7797
3 7798 10273 9903
3 8118 10526 9668
3 9741 10431 8189
3 8197 10690 10069
3 8189 10399 10346
3 8249 10709 9645
3 9645 10709 7610
3 8229 10629 10355
3 9736 10449 8199
3 9775 10419 8201
3 10302 10526 8118
3 8624 10526 10302
3 7404 10485 9719
3 8217 10668 9646
3 9908 10384 7417
3 10000 10250 8241
3 8050 10592 9677
3 9676 10593 8049
3 9649 10637 7932
3 10013 10254 1079
3 9790 10481 7458
3 8251 10481 9790
3 7677 10612 9776
3 7711 10432 10329
3 10329 10432 8418
3 8123 10303 9946
3 9947 10304 8124
3 9646 10668 7469
3 9882 10602 8787
3 9664 10645 8301
3 8451 10683 9641
3 8058 10490 9750
3 7388 10557 10489
3 8501 10319 10318
3 10318 10319 8176
3 8310 10652 9924
3 7977 10676 9818
3 10009 10288 8187
3 8188 10289 10010
3 9848 10424 8410
3 7971 10704 9643
3 7927 10629 10143
3 921 10317 10081
3 10081 10317 8267
3 10072 10592 8050
3 8049 10593 10071
3 8706 10592 10072
3 10071 10593 8705
3 8130 10691 9667
3 9923 10493 8210
3 10504 10687 8585
3 8278 10687 10504
3 10146 10216 8156
3 9924 10652 7644
3 9870 10608 7446
3 10278 10690 8197
3 9699 10679 8454
3 10136 10242 8565
3 8475 10691 10259
3 10259 10691 8130
3 961 10506 10177
3 10177 10506 8370
3 10247 10249 8468
3 8467 10248 10246
3 8178 10249 10247
3 10246 10248 8177
3 9734 10642 8016
3 10186 10305 8459
3 7399 10305 10186
3 10489 10557 8472
3 9778 10597 7533
3 9900 10557 7388
3 9755 10621 8187
3 8188 10622 9756
3 9771 10668 8217
3 9728 10694 7832
3 30 10398 10155
3 8189 10431 10399
3 10399 10431 8542
3 10168 10502 8717
3 8716 10501 10167
3 10167 10501 7883
3 7882 10502 10168
3 10401 10590 8574
3 8575 10591 10402
3 10402 10591 7441
3 7442 10590 10401
3 10391 10564 8442
3 9990 10426 8566
3 8316 10564 10391
3 10267 10329 8367
3 7711 10329 10267
3 9890 10624 8568
3 8499 10624 9890
3 8364 10623 10354
3 10354 10623 8443
3 8493 10454 9956
3 10093 10391 8442
3 10074 10389 8208
3 7465 10690 10687
3 7772 10391 10093
3 8762 10634 9829
3 9779 10709 8249
3 10296 10298 8161
3 8162 10299 10297
3 8610 10298 10296
3 10297 10299 8609
3 8235 10557 9900
3 8588 10601 9871
3 9818 10676 8714
3 9979 10479 8222
3 8007 10602 9882
3 10263 10586 7659
3 7653 10667 9861
3 10687 10690 8585
3 10016 10677 8495
3 10012 10500 8180
3 8179 10499 10011
3 10006 10510 8892
3 8344 10438 10423
3 8481 10693 10313
3 10314 10692 8480
3 10313 10693 8148
3 8147 10692 10314
3 9895 10639 7468
3 8611 10627 10321
3 10115 10628 8707
3 7661 10628 10115
3 10372 10508 8410
3 10155 10398 8261
3 8336 10411 10349
3 10350 10410 8337
3 10349 10411 8358
3 8357 10410 10350
3 8153 10515 10057
3 10367 10438 8344
3 10441 10670 8518
3 7435 10656 9929
3 10075 10532 8141
3 9958 10643 7751
3 10069 10537 8197
3 8646 10688 9949
3 10145 10457 8429
3 10421 10422 8247
3 8485 10422 10421
3 10276 10566 7688
3 8441 10566 10276
3 7659 10586 10057
3 10105 10602 8007
3 8308 10602 10105
3 9949 10688 8479
3 9988 10699 8949
3 7675 10699 9988
3 10069 10690 7465
3 10423 10438 7638
3 8456 10453 10452
3 10452 10453 8274
3 8393 10567 10378
3 10378 10567 7618
3 10220 10680 7703
3 7643 10649 10412
3 10412 10649 8459
3 8343 10438 10367
3 8144 10663 10090
3 8276 10680 10220
3 7556 10685 10571
3 10571 10685 8494
3 10182 10583 7580
3 7654 10613 10145
3 10488 10489 8472
3 8282 10489 10488
3 10143 10629 8229
3 10341 10667 7653
3 7397 10674 10306
3 10306 10674 8384
3 8304 10508 10372
3 10633 10677 7599
3 8495 10677 10633
3 10320 10660 7457
3 8329 10660 10320
3 7829 10619 10283
3 8108 10705 10206
3 10566 10657 8391
3 8441 10657 10566
3 10206 10705 8777
3 10511 10513 8828
3 8829 10514 10512
3 8202 10513 10511
3 10512 10514 8203
3 10461 10680 8276
3 10567 10646 8440
3 8393 10646 10567
3 8585 10690 10278
3 7457 10660 10459
3 8704 10715 10353
3 10353 10715 7686
3 10341 10708 8192
3 8392 10684 10649
3 10649 10684 8459
3 8486 10708 10341
3 10459 10660 8524
3 8289 10670 10441
3 8501 10680 10461
3 10742 10806 10784
3 10784 10806 10719
3 10749 10776 10718
3 10717 10763 10754
3 10750 10777 10722
3 10800 10804 1088
3 1101 10803 10801
3 10795 10798 10751
3 10718 10818 10749
3 10720 10795 10751
3 10726 10759 10758
3 1167 10759 1164
3 10721 10836 10829
3 10762 10836 10721
3 1148 10790 10761
3 10759 10789 1164
3 10724 10810 10754
3 1091 10800 1088
3 1101 10801 1099
3 10745 10821 10797
3 10779 10810 10749
3 10744 10836 10771
3 10736 10810 10779
3 10717 10798 10763
3 10763 10798 10788
3 10750 10799 10727
3 1147 10790 1148
3 10729 10797 10751
3 10733 10778 10760
3 10760 10778 10725
3 1097 10801 10756
3 10755 10800 1092
3 10754 10810 10736
3 10764 10790 1144
3 10753 10802 10729
3 10727 10796 10752
3 10769 10810 10724
3 10749 10810 10769
3 10727 10807 10750
3 10770 10825 554
3 10735 10798 10795
3 10751 10805 10729
3 10754 10792 10724
3 10754 10811 10717
3 10736 10811 10754
3 10752 10807 10727
3 1144 10790 1147
3 10797 10821 10720
3 10729 10805 10753
3 10732 10791 10755
3 10755 10791 10721
3 10731 10814 10757
3 10722 10799 10750
3 10751 10797 10720
3 10771 10823 10744
3 10721 10819 10755
3 10760 10783 1152
3 10750 10833 10777
3 10734 10789 10759
3 10807 10818 10718
3 1163 10766 1160
3 10769 10776 10749
3 10761 10767 10733
3 10730 10767 10761
3 10778 10782 10725
3 10742 10782 10778
3 10718 10833 10807
3 10756 10785 1097
3 10755 10793 10732
3 10745 10825 10770
3 552 10770 554
3 10771 10836 10728
3 10740 10843 10768
3 10768 10843 10816
3 10779 10796 10723
3 10752 10796 10779
3 10752 10818 10807
3 10770 10821 10745
3 10774 10823 1181
3 568 10822 10775
3 1099 10801 1097
3 1092 10800 1091
3 1092 10793 10755
3 10726 10788 10765
3 548 10768 550
3 10769 10838 10748
3 1168 10786 10758
3 10807 10833 10750
3 10768 10809 550
3 10757 10792 10731
3 10766 10781 10730
3 10734 10781 10766
3 1152 10783 1154
3 10786 10814 10731
3 10767 10853 10719
3 10781 10853 10767
3 10778 10806 10742
3 10799 10845 10727
3 10760 10837 10733
3 568 10775 570
3 1183 10774 1181
3 10762 10776 10728
3 10812 10814 1173
3 10766 10817 1160
3 10738 10804 10800
3 10801 10803 10739
3 10744 10823 10774
3 10775 10822 10743
3 10757 10814 10812
3 1159 10817 10764
3 10729 10846 10797
3 10761 10787 1148
3 10802 10849 10729
3 10724 10838 10769
3 10759 10840 10758
3 1167 10840 10759
3 10777 10791 10732
3 10741 10791 10777
3 10761 10790 10730
3 10788 10839 10765
3 10748 10851 10769
3 10777 10833 10741
3 10737 10809 10768
3 10829 10836 10744
3 10726 10834 10759
3 10764 10817 10730
3 10758 10786 10731
3 10725 10843 10760
3 10721 10848 10762
3 10730 10817 10766
3 10758 10840 1168
3 10758 10794 10726
3 10727 10852 10796
3 10731 10794 10758
3 10775 10830 10739
3 10738 10829 10774
3 10749 10818 10779
3 10 10803 1101
3 1088 10804 32
3 571 10803 10
3 32 10804 1185
3 10730 10790 10764
3 10728 10776 10769
3 10759 10834 10734
3 10739 10830 10820
3 10819 10829 10738
3 564 10772 565
3 1178 10771 1176
3 556 10773 558
3 10733 10787 10761
3 10763 10842 10754
3 1160 10817 1159
3 1152 10837 10760
3 1170 10786 1168
3 10728 10836 10762
3 10763 10788 10726
3 10726 10794 10763
3 10733 10837 10787
3 10769 10851 10728
3 10722 10847 10820
3 10765 10839 10719
3 1144 10850 10764
3 10764 10850 1159
3 1097 10785 1095
3 1156 10813 21
3 21 10813 546
3 10766 10789 10734
3 1163 10789 10766
3 10730 10781 10767
3 1148 10787 1150
3 10719 10853 10765
3 10732 10793 10785
3 10788 10798 10735
3 10734 10834 10765
3 10782 10821 10737
3 10782 10844 10821
3 10765 10853 10734
3 10772 10822 565
3 1178 10823 10771
3 556 10825 10773
3 10773 10828 558
3 10771 10832 1176
3 564 10831 10772
3 10784 10795 10742
3 10765 10834 10726
3 559 10780 562
3 10757 10838 10792
3 10820 10847 10756
3 1175 10812 1173
3 10760 10843 10783
3 10767 10806 10733
3 10798 10805 10751
3 10717 10805 10798
3 10768 10835 10740
3 548 10835 10768
3 10719 10806 10767
3 10795 10844 10742
3 10831 10852 10772
3 10771 10851 10832
3 10773 10849 10828
3 10825 10846 10773
3 10772 10845 10822
3 1168 10840 1167
3 10777 10847 10722
3 10768 10816 10737
3 10719 10839 10784
3 1164 10789 1163
3 10779 10818 10752
3 559 10828 10780
3 10770 10809 10737
3 552 10809 10770
3 10792 10838 10724
3 10780 10828 10746
3 10780 10831 562
3 10747 10831 10780
3 1095 10793 1092
3 10737 10821 10770
3 10756 10847 10785
3 10736 10824 10811
3 10785 10847 10732
3 10743 10845 10799
3 10796 10808 10723
3 10747 10808 10796
3 10797 10846 10745
3 10728 10851 10771
3 10733 10806 10778
3 570 10826 571
3 1185 10827 1183
3 10762 10815 10776
3 10776 10815 10718
3 10746 10849 10802
3 550 10809 552
3 10805 10811 10753
3 10717 10811 10805
3 10811 10824 10753
3 1150 10837 1152
3 10753 10824 10802
3 10802 10824 10723
3 1173 10814 1170
3 10796 10852 10747
3 10739 10826 10775
3 10774 10827 10738
3 10723 10808 10802
3 10802 10808 10746
3 10775 10826 570
3 1183 10827 10774
3 10734 10853 10781
3 10774 10829 10744
3 10743 10830 10775
3 10785 10793 1095
3 1159 10850 39
3 39 10850 1144
3 10815 10848 10741
3 10762 10848 10815
3 546 10835 548
3 10735 10795 10784
3 10735 10839 10788
3 565 10822 568
3 1181 10823 1178
3 554 10825 556
3 10792 10842 10731
3 10754 10842 10792
3 558 10828 559
3 562 10831 564
3 1176 10832 1175
3 10779 10824 10736
3 10816 10843 10725
3 10846 10849 10773
3 10729 10849 10846
3 10746 10808 10780
3 10780 10808 10747
3 10845 10852 10727
3 10772 10852 10845
3 1154 10841 1156
3 10812 10838 10757
3 10748 10838 10812
3 10721 10829 10819
3 10820 10830 10722
3 10782 10816 10725
3 10737 10816 10782
3 10821 10844 10720
3 10832 10851 10748
3 10747 10852 10831
3 10723 10824 10779
3 10828 10849 10746
3 10745 10846 10825
3 10822 10845 10743
3 10801 10820 10756
3 10755 10819 10800
3 10739 10820 10801
3 10800 10819 10738
3 1170 10814 10786
3 10732 10847 10777
3 571 10826 10803
3 10804 10827 1185
3 10740 10841 10783
3 10722 10830 10799
3 10799 10830 10743
3 10720 10844 10795
3 10784 10839 10735
3 10783 10841 1154
3 10742 10844 10782
3 10783 10843 10740
3 10787 10837 1150
3 10794 10842 10763
3 10731 10842 10794
3 10815 10833 10718
3 1175 10832 10812
3 10812 10832 10748
3 10803 10826 10739
3 10738 10827 10804
3 10813 10835 546
3 10741 10848 10791
3 10813 10841 10740
3 10791 10848 10721
3 10741 10833 10815
3 10740 10835 10813
3 1156 10841 10813
3 10946 10955 10907
3 10864 10925 10887
3 10866 10900 10892
3 10907 10955 10865
3 539 10921 10888
3 1145 10913 38
3 1186 10945 10941
3 10942 10944 1199
3 38 10913 1226
3 531 10943 10887
3 10888 10923 539
3 10887 10926 10864
3 10966 10972 10860
3 1219 10893 1216
3 10860 10972 10896
3 1186 10941 1189
3 1196 10942 1199
3 10907 10972 10884
3 1155 10897 1153
3 1191 10941 10890
3 10891 10942 1195
3 10893 10904 1216
3 10918 10946 1210
3 10892 10905 10862
3 10895 10952 10875
3 10887 10925 531
3 10901 10960 10873
3 10895 10987 10952
3 10873 10960 10949
3 10867 10934 10917
3 1155 10937 10897
3 10862 10904 10893
3 10899 10925 10864
3 10855 10905 10892
3 10890 10930 10869
3 10860 10930 10890
3 10940 10963 10863
3 10917 10934 10883
3 520 10895 522
3 10863 10963 10898
3 10890 10957 10860
3 10897 10906 10867
3 10884 10964 10907
3 10868 10906 10897
3 10879 10946 10918
3 524 10947 10903
3 10864 10926 10894
3 10890 10924 1191
3 524 10903 526
3 10865 10972 10907
3 10879 10955 10946
3 10894 10909 10864
3 534 10899 535
3 538 10921 539
3 10865 10955 10919
3 10862 10905 10902
3 10855 10961 10909
3 1195 10932 10891
3 10900 10927 10892
3 1189 10941 1191
3 1195 10942 1196
3 10919 10955 10889
3 1205 10964 10911
3 10869 10924 10890
3 539 10923 542
3 10909 10961 10886
3 10892 10951 10866
3 10893 10912 10866
3 1219 10912 10893
3 529 10943 531
3 10862 10951 10892
3 520 10965 10895
3 10902 10905 10871
3 10859 10970 10933
3 10892 10927 10855
3 10893 10951 10862
3 10903 10947 10875
3 10899 10929 10872
3 10864 10929 10899
3 10881 10950 10915
3 10908 10937 1157
3 10950 10979 10915
3 10866 10951 10893
3 1205 10911 1202
3 10863 10978 10903
3 10865 10919 10896
3 10874 10936 10914
3 1157 10937 1155
3 10933 10970 10888
3 1216 10904 1214
3 10935 10975 10856
3 10874 10956 10936
3 10911 10964 10884
3 10854 10948 10898
3 10898 10948 10874
3 1149 10922 1146
3 10941 10945 10876
3 10877 10944 10942
3 10898 10910 10863
3 10903 10978 10916
3 10875 10940 10903
3 10903 10940 10863
3 10867 10969 10897
3 10903 10916 526
3 10871 10931 10894
3 10869 10930 10915
3 10915 10930 10881
3 10884 10972 10966
3 10894 10988 10871
3 10896 10984 10860
3 10875 10947 10895
3 10895 10947 522
3 10899 10953 535
3 10883 10928 10922
3 10922 10928 10870
3 10867 10960 10901
3 41 10945 1186
3 1199 10944 18
3 1201 10945 41
3 18 10944 518
3 10908 10923 10868
3 1149 10980 10922
3 10911 10966 10876
3 10866 10935 10900
3 10943 10962 10887
3 1208 10907 1206
3 10876 10966 10957
3 10929 10977 10872
3 10910 10962 10878
3 10944 10965 518
3 10874 10954 10898
3 526 10916 528
3 10901 10934 10867
3 10906 10960 10867
3 1224 10989 1222
3 10873 10927 10900
3 1212 10918 1210
3 10856 10975 10928
3 10896 10972 10865
3 10869 10983 10932
3 10920 10989 1224
3 10862 10974 10904
3 534 10925 10899
3 518 10965 520
3 10897 10937 10868
3 10958 10983 10861
3 10908 10990 10923
3 10917 10969 10867
3 10904 10974 10880
3 1191 10924 1193
3 10905 10931 10871
3 10872 10953 10899
3 10855 10931 10905
3 10871 10936 10902
3 10902 10936 10858
3 10894 10931 10909
3 10897 10969 1153
3 10877 10987 10965
3 10880 10971 10904
3 10904 10971 1214
3 10878 10962 10943
3 1221 10912 1219
3 10869 10932 10924
3 10900 10935 10856
3 10886 10977 10929
3 10878 10978 10910
3 10965 10987 10895
3 10898 10963 10854
3 10857 10962 10910
3 10856 10934 10901
3 10907 10964 1206
3 10906 10970 10859
3 10898 10954 10910
3 10909 10931 10855
3 10856 10968 10900
3 10900 10968 10873
3 10886 10929 10909
3 10909 10929 10864
3 10932 10983 10891
3 1210 10946 1208
3 1222 10938 1221
3 10891 10983 10958
3 10901 10968 10856
3 531 10925 534
3 10873 10968 10901
3 10885 10963 10940
3 10858 10982 10902
3 10913 10986 10870
3 10882 10975 10935
3 10902 10974 10862
3 10923 10970 10868
3 10888 10970 10923
3 10870 10981 10913
3 10870 10986 10922
3 10868 10937 10908
3 1151 10980 1149
3 10920 10981 10870
3 535 10953 538
3 10861 10983 10915
3 10917 10980 1151
3 10857 10988 10926
3 10926 10988 10894
3 10887 10962 10926
3 10919 10948 10854
3 10889 10948 10919
3 1208 10946 10907
3 10949 10960 10859
3 10866 10985 10935
3 1193 10932 1195
3 10922 10980 10883
3 1153 10969 1151
3 538 10953 10921
3 10859 10960 10906
3 10868 10970 10906
3 528 10976 529
3 10912 10985 10866
3 10910 10978 10863
3 10871 10988 10914
3 1221 10938 10912
3 10883 10934 10928
3 10928 10934 10856
3 10921 10933 10888
3 1151 10969 10917
3 10880 10939 10918
3 10914 10936 10871
3 522 10947 524
3 10910 10954 10857
3 10948 10956 10874
3 10889 10956 10948
3 1202 10967 1201
3 10877 10965 10944
3 10875 10952 10940
3 10940 10952 10885
3 10872 10933 10921
3 10889 10973 10956
3 10918 10939 10879
3 1157 10991 10908
3 10959 10984 10896
3 10881 10984 10959
3 10872 10977 10933
3 10876 10967 10911
3 10911 10967 1202
3 1212 10971 10918
3 10918 10971 10880
3 10924 10932 1193
3 10884 10966 10911
3 10857 10954 10914
3 10914 10954 10874
3 10952 10987 10861
3 1226 10981 1224
3 10885 10979 10950
3 1206 10964 1205
3 1146 10986 1145
3 10936 10956 10858
3 10990 10991 544
3 10908 10991 10990
3 1214 10971 1212
3 1222 10989 10938
3 10870 10975 10920
3 10920 10975 10882
3 10956 10973 10858
3 10913 10981 1226
3 10919 10959 10896
3 542 10990 544
3 544 10991 22
3 10938 10985 10912
3 1145 10986 10913
3 22 10991 1157
3 10927 10961 10855
3 10921 10953 10872
3 10854 10959 10919
3 10958 10987 10877
3 10957 10966 10860
3 529 10976 10943
3 10916 10976 528
3 10878 10976 10916
3 10891 10958 10942
3 10941 10957 10890
3 10942 10958 10877
3 10876 10957 10941
3 10916 10978 10878
3 10915 10979 10861
3 10949 10961 10873
3 10886 10961 10949
3 10915 10983 10869
3 10914 10988 10857
3 10883 10980 10917
3 1201 10967 10945
3 10950 10963 10885
3 10854 10963 10950
3 10926 10962 10857
3 10873 10961 10927
3 1224 10981 10920
3 10882 10989 10920
3 10922 10986 1146
3 10955 10973 10889
3 10881 10959 10950
3 10950 10959 10854
3 10939 10973 10879
3 10923 10990 542
3 10880 10982 10939
3 10933 10977 10859
3 10928 10975 10870
3 10945 10967 10876
3 10935 10985 10882
3 10858 10973 10939
3 10930 10984 10881
3 10859 10977 10949
3 10879 10973 10955
3 10860 10984 10930
3 10943 10976 10878
3 10949 10977 10886
3 10939 10982 10858
3 10882 10985 10938
3 10861 10979 10952
3 10952 10979 10885
3 10938 10989 10882
3 10974 10982 10880
3 10902 10982 10974
3 10861 10987 10958
3 11007 11048 11037
3 11037 11048 11002
3 10997 11053 11024
3 500 11035 501
3 503 11036 506
3 11001 11094 11036
3 11035 11093 11002
3 11038 11094 11001
3 11002 11093 11037
3 10998 11052 11025
3 10992 11042 11033
3 11034 11050 10993
3 11035 11085 501
3 503 11085 11036
3 11022 11071 11003
3 1198 11082 11074
3 1228 11081 11076
3 11077 11079 1240
3 11075 11080 1187
3 11023 11090 11004
3 11028 11096 11016
3 11014 11098 11027
3 10999 11096 11028
3 11027 11098 10997
3 11023 11056 1247
3 11026 11109 11000
3 11028 11089 511
3 494 11088 11027
3 1198 11074 1197
3 1228 11076 1230
3 1239 11077 1240
3 1188 11075 1187
3 11011 11039 11036
3 11036 11039 11001
3 11035 11040 11011
3 11002 11040 11035
3 11003 11070 11025
3 11033 11042 11004
3 11030 11075 1190
3 1194 11074 11029
3 11032 11077 1237
3 1232 11076 11031
3 11034 11044 11008
3 11053 11101 11024
3 11003 11078 11022
3 11024 11048 11007
3 10992 11101 11042
3 11025 11078 11003
3 11024 11073 10997
3 1259 11100 11047
3 11007 11073 11024
3 11031 11064 11006
3 11029 11063 11005
3 10996 11064 11031
3 10999 11063 11029
3 11011 11085 11035
3 11036 11085 11011
3 11025 11070 10998
3 1247 11090 11023
3 11004 11060 11023
3 511 11089 513
3 492 11088 494
3 11044 11063 10999
3 11018 11063 11044
3 11052 11111 11025
3 11029 11096 10999
3 11043 11109 11026
3 11071 11095 11019
3 11042 11101 11017
3 11050 11086 10993
3 11051 11083 11004
3 11026 11083 11051
3 11040 11059 10994
3 11000 11083 11026
3 11079 11088 489
3 516 11089 11082
3 11027 11088 11014
3 11016 11089 11028
3 11071 11114 11003
3 1190 11057 11030
3 1237 11058 11032
3 11006 11067 11031
3 11005 11068 11029
3 11004 11090 11051
3 11047 11100 11019
3 11027 11055 494
3 511 11054 11028
3 1259 11047 1256
3 10997 11073 11027
3 11028 11072 10999
3 11031 11116 10996
3 11001 11050 11034
3 11017 11101 11053
3 11029 11068 1194
3 11031 11067 1232
3 1190 11075 1188
3 1197 11074 1194
3 1237 11077 1239
3 1230 11076 1232
3 11049 11104 1265
3 11060 11091 11023
3 489 11088 492
3 513 11089 516
3 11002 11059 11040
3 11041 11059 11002
3 10996 11091 11060
3 11059 11069 10994
3 1267 11049 1265
3 1247 11056 1244
3 10995 11095 11071
3 11002 11048 11041
3 11004 11083 11033
3 11003 11117 11070
3 11033 11066 10992
3 10993 11092 11034
3 11021 11104 11049
3 11008 11084 11034
3 11000 11112 11083
3 11019 11095 11047
3 11034 11084 11001
3 1255 11043 1252
3 11074 11082 11016
3 11076 11081 11013
3 11014 11079 11077
3 11015 11080 11075
3 500 11093 11035
3 11036 11094 506
3 11018 11111 11052
3 11083 11112 11033
3 11005 11063 11052
3 11006 11064 11053
3 11052 11063 11018
3 11053 11064 11017
3 11095 11118 11045
3 1255 11087 11043
3 11012 11095 11045
3 11041 11066 11009
3 10992 11066 11041
3 11020 11069 11061
3 11044 11072 11008
3 1187 11080 40
3 1240 11079 15
3 19 11082 1198
3 43 11081 1228
3 15 11079 489
3 40 11080 1268
3 1242 11081 43
3 516 11082 19
3 11027 11073 11055
3 11054 11072 11028
3 11055 11073 11007
3 11008 11072 11054
3 11015 11107 11049
3 11071 11121 10995
3 11050 11062 11010
3 1262 11046 1261
3 11097 11107 11015
3 11042 11060 11004
3 11043 11087 11012
3 11061 11069 11009
3 11037 11105 11007
3 11008 11106 11038
3 1250 11051 1249
3 11037 11093 498
3 507 11094 11038
3 11009 11059 11041
3 498 11105 11037
3 11038 11106 507
3 11097 11119 10998
3 11098 11120 10997
3 1192 11057 1190
3 1234 11058 1237
3 11050 11115 11062
3 10994 11062 11039
3 11039 11115 11001
3 11001 11084 11038
3 11038 11084 11008
3 11020 11061 11045
3 11014 11088 11079
3 11082 11089 11016
3 1250 11122 11051
3 11058 11067 11006
3 11057 11068 11005
3 11041 11110 10992
3 11022 11121 11071
3 11017 11103 11042
3 11040 11102 11011
3 11011 11102 11039
3 10994 11102 11040
3 11039 11102 10994
3 11010 11086 11050
3 494 11055 496
3 509 11054 511
3 11051 11122 11026
3 11046 11100 1261
3 1262 11104 11046
3 10995 11118 11095
3 11034 11092 11044
3 11030 11119 11097
3 11032 11120 11098
3 11045 11061 11000
3 11026 11122 11043
3 11043 11122 1252
3 10999 11072 11044
3 1249 11090 1247
3 11045 11109 11012
3 11000 11109 11045
3 11019 11114 11071
3 11104 11117 11046
3 498 11093 500
3 506 11094 507
3 496 11105 498
3 507 11106 509
3 10998 11119 11052
3 10997 11120 11053
3 11069 11099 10994
3 11054 11106 11008
3 11007 11105 11055
3 11046 11114 11100
3 11048 11110 11041
3 10993 11086 11078
3 11078 11086 11022
3 11023 11091 11056
3 11009 11069 11059
3 1194 11068 1192
3 1232 11067 1234
3 11047 11087 1256
3 11012 11087 11047
3 11044 11092 11018
3 10995 11121 11065
3 11012 11109 11043
3 11078 11111 10993
3 11058 11120 11032
3 11057 11119 11030
3 11006 11120 11058
3 11005 11119 11057
3 11070 11117 11021
3 11045 11118 11020
3 11047 11095 11012
3 11020 11099 11069
3 1268 11108 1267
3 501 11085 503
3 11009 11112 11061
3 11024 11110 11048
3 11025 11111 11078
3 1256 11087 1255
3 11046 11117 11114
3 11114 11117 11003
3 11051 11090 1249
3 11049 11108 11015
3 1267 11108 11049
3 11066 11112 11009
3 1234 11067 11058
3 1192 11068 11057
3 11049 11107 11021
3 1261 11100 1259
3 1265 11104 1262
3 1244 11113 1242
3 11001 11115 11050
3 11062 11099 11010
3 10994 11099 11062
3 11010 11099 11065
3 1252 11122 1250
3 11056 11091 11013
3 10998 11107 11097
3 11013 11113 11056
3 10996 11116 11091
3 11030 11097 11075
3 11032 11098 11077
3 11074 11096 11029
3 11021 11117 11104
3 11077 11098 11014
3 11075 11097 11015
3 11016 11096 11074
3 11055 11105 496
3 509 11106 11054
3 10996 11103 11064
3 11064 11103 11017
3 11060 11103 10996
3 11042 11103 11060
3 11053 11120 11006
3 11052 11119 11005
3 11100 11114 11019
3 11070 11107 10998
3 11021 11107 11070
3 11080 11108 1268
3 11056 11113 1244
3 11061 11112 11000
3 11065 11099 11020
3 11081 11113 11013
3 11101 11110 11024
3 10992 11110 11101
3 10993 11111 11092
3 11033 11112 11066
3 11062 11115 11039
3 1242 11113 11081
3 11015 11108 11080
3 11020 11118 11065
3 11065 11118 10995
3 11065 11121 11010
3 11010 11121 11086
3 11086 11121 11022
3 11013 11116 11076
3 11076 11116 11031
3 11092 11111 11018
3 11091 11116 11013
3 11132 11197 11150
3 11151 11196 11133
3 461 11220 11208
3 11209 11219 487
3 11150 11193 11132
3 11133 11192 11151
3 11142 11204 11167
3 11166 11205 11143
3 11152 11183 11135
3 11135 11183 11153
3 11154 11176 11123
3 11123 11177 11155
3 486 11209 487
3 461 11208 464
3 11140 11179 11149
3 11148 11180 11141
3 11172 11197 11132
3 11133 11196 11173
3 11132 11193 11169
3 11168 11192 11133
3 11167 11212 11142
3 11143 11213 11166
3 11149 11198 11140
3 11141 11199 11148
3 11167 11204 11129
3 11128 11205 11166
3 1292 11192 11168
3 11169 11193 1275
3 1236 11194 11161
3 11160 11195 1139
3 11173 11196 1233
3 1135 11197 11172
3 11162 11209 483
3 466 11208 11163
3 1288 11185 11159
3 11158 11184 1279
3 11136 11232 11168
3 11169 11231 11137
3 11155 11207 11134
3 11134 11206 11154
3 11123 11216 11154
3 11155 11216 11123
3 11134 11216 11155
3 11154 11216 11134
3 11125 11212 11167
3 11166 11213 11124
3 11161 11186 1236
3 1139 11187 11160
3 11208 11220 11144
3 11145 11219 11209
3 11185 11232 11136
3 11137 11231 11184
3 11153 11202 11135
3 11139 11230 11172
3 11173 11229 11138
3 11125 11261 11170
3 11171 11262 11124
3 11135 11203 11152
3 1233 11196 1231
3 1133 11197 1135
3 1294 11192 1292
3 1275 11193 1273
3 11164 11217 11140
3 11141 11218 11165
3 11156 11205 11128
3 483 11209 486
3 464 11208 466
3 11124 11262 11174
3 11175 11261 11125
3 11129 11204 11157
3 11132 11200 11174
3 11175 11201 11133
3 483 11188 11162
3 11163 11189 466
3 11171 11179 11131
3 11130 11180 11170
3 11167 11181 11125
3 11124 11182 11166
3 11136 11181 11167
3 11166 11182 11137
3 11157 11202 11129
3 11128 11203 11156
3 1238 11194 1236
3 1139 11195 1141
3 11137 11184 11158
3 11159 11185 11136
3 11140 11198 11164
3 11165 11199 11141
3 1279 11224 11158
3 11159 11223 1288
3 11177 11250 11157
3 11123 11250 11177
3 11156 11250 11176
3 11158 11210 11137
3 11136 11211 11159
3 11176 11250 11123
3 11187 11214 11160
3 11161 11215 11186
3 11139 11214 11187
3 11186 11215 11138
3 11187 11230 11139
3 11138 11229 11186
3 11168 11232 1292
3 1275 11231 11169
3 1290 11185 1288
3 1279 11184 1277
3 11164 11222 469
3 479 11221 11165
3 11152 11248 11183
3 11183 11247 11153
3 11162 11188 11141
3 11140 11189 11163
3 1236 11186 1235
3 1137 11187 1139
3 11125 11181 11175
3 11174 11182 11124
3 11172 11233 11139
3 11138 11234 11173
3 11141 11252 11162
3 11163 11251 11140
3 469 11217 11164
3 11165 11218 479
3 11137 11210 11166
3 11167 11211 11136
3 11137 11200 11169
3 11168 11201 11136
3 1233 11229 11173
3 11172 11230 1135
3 11181 11201 11175
3 11174 11200 11182
3 11170 11225 11125
3 11124 11226 11171
3 11166 11210 11128
3 11129 11211 11167
3 11133 11201 11168
3 11169 11200 11132
3 11132 11233 11172
3 11173 11234 11133
3 11131 11214 11171
3 11170 11215 11130
3 11190 11206 11127
3 11126 11207 11191
3 11154 11206 11190
3 11191 11207 11155
3 11154 11190 11176
3 474 11178 475
3 11177 11191 11155
3 11207 11257 11134
3 11134 11258 11206
3 11140 11217 11189
3 11188 11218 11141
3 11174 11233 11132
3 11133 11234 11175
3 11176 11205 11156
3 11157 11204 11177
3 482 11188 483
3 466 11189 467
3 11198 11242 11164
3 11165 11241 11199
3 11176 11190 11143
3 11142 11191 11177
3 11198 11227 11127
3 11126 11228 11199
3 14 11219 1241
3 1143 11220 11
3 487 11219 14
3 11 11220 461
3 1284 11183 1283
3 474 11238 11178
3 11178 11237 475
3 11149 11227 11198
3 11199 11228 11148
3 478 11221 479
3 469 11222 472
3 11148 11225 11180
3 11179 11226 11149
3 11177 11204 11142
3 11143 11205 11176
3 1288 11223 1287
3 1280 11224 1279
3 11135 11249 11203
3 11180 11252 11141
3 11140 11251 11179
3 11182 11200 11137
3 11136 11201 11181
3 44 11236 1297
3 1270 11235 34
3 1229 11236 44
3 34 11235 1131
3 11127 11242 11198
3 11199 11241 11126
3 11202 11243 11129
3 11238 11258 11178
3 11178 11257 11237
3 11183 11248 1283
3 1284 11247 11183
3 11215 11246 11130
3 11131 11245 11214
3 11171 11226 11179
3 11180 11225 11170
3 11203 11249 11156
3 11153 11243 11202
3 11161 11246 11215
3 11214 11245 11160
3 479 11218 482
3 467 11217 469
3 1235 11229 1233
3 1135 11230 1137
3 1277 11231 1275
3 1292 11232 1290
3 11146 11257 11207
3 11206 11258 11147
3 11179 11251 11131
3 11130 11252 11180
3 11127 11227 11190
3 11191 11228 11126
3 11125 11225 11212
3 11213 11226 11124
3 11212 11225 11148
3 11149 11226 11213
3 11195 11245 11144
3 11145 11246 11194
3 475 11237 478
3 472 11238 474
3 1231 11259 1229
3 1131 11260 1133
3 1273 11256 1270
3 1297 11255 1294
3 1141 11253 1143
3 1241 11254 1238
3 11202 11249 11135
3 11157 11249 11202
3 1287 11247 1284
3 1283 11248 1280
3 11147 11258 11238
3 11237 11257 11146
3 11128 11244 11203
3 11184 11231 1277
3 1290 11232 11185
3 11203 11244 11152
3 11144 11245 11239
3 11240 11246 11145
3 11186 11229 1235
3 1137 11230 11187
3 11257 11258 11134
3 11178 11258 11257
3 11139 11262 11214
3 11215 11261 11138
3 11170 11261 11215
3 11214 11262 11171
3 11239 11251 11163
3 11162 11252 11240
3 11221 11241 11165
3 11164 11242 11222
3 11146 11241 11221
3 11222 11242 11147
3 11189 11217 467
3 482 11218 11188
3 11190 11227 11143
3 11142 11228 11191
3 11210 11244 11128
3 11129 11243 11211
3 11158 11244 11210
3 11211 11243 11159
3 11162 11240 11209
3 11208 11239 11163
3 11138 11261 11234
3 11233 11262 11139
3 11174 11262 11233
3 11234 11261 11175
3 11131 11251 11239
3 11240 11252 11130
3 11206 11242 11127
3 11126 11241 11207
3 11207 11241 11146
3 11147 11242 11206
3 11143 11227 11213
3 11212 11228 11142
3 11224 11244 11158
3 11159 11243 11223
3 11223 11243 11153
3 11152 11244 11224
3 11193 11256 1273
3 1294 11255 11192
3 11144 11253 11195
3 11194 11254 11145
3 11213 11227 11149
3 11148 11228 11212
3 11196 11259 1231
3 1133 11260 11197
3 1238 11254 11194
3 11195 11253 1141
3 11194 11246 11161
3 11160 11245 11195
3 11144 11239 11208
3 11209 11240 11145
3 11150 11256 11193
3 11192 11255 11151
3 11221 11237 11146
3 11147 11238 11222
3 478 11237 11221
3 11222 11238 472
3 11151 11259 11196
3 11197 11260 11150
3 11153 11247 11223
3 11224 11248 11152
3 11223 11247 1287
3 1280 11248 11224
3 11145 11254 11219
3 11220 11253 11144
3 11239 11245 11131
3 11130 11246 11240
3 11219 11254 1241
3 1143 11253 11220
3 11151 11255 11236
3 11235 11256 11150
3 11236 11255 1297
3 1270 11256 11235
3 11150 11260 11235
3 11236 11259 11151
3 1229 11259 11236
3 11235 11260 1131
3 11157 11250 11249
3 11249 11250 11156
3 11342 11611 11529
3 11530 11610 11343
3 11383 11638 11294
3 11294 11638 11382
3 11426 11611 11342
3 11343 11610 11427
3 11382 11411 11294
3 11352 11607 11549
3 11375 11618 11295
3 11296 11617 11376
3 11384 11411 11295
3 1203 11394 1204
3 1272 11393 1274
3 1180 11392 1182
3 1293 11396 1295
3 1245 11395 1246
3 1124 11400 1126
3 1264 11399 1266
3 1161 11391 1162
3 1223 11397 1225
3 1105 11398 1106
3 11355 11612 11507
3 11372 11463 11297
3 11507 11612 11380
3 11366 11551 11287
3 11274 11593 11378
3 11441 11448 11313
3 11508 11616 11359
3 11295 11618 11384
3 11444 11595 11349
3 11411 11651 11294
3 11375 11476 11304
3 11384 11651 11411
3 11616 11690 11304
3 11397 11600 11334
3 11335 11601 11398
3 11400 11599 11337
3 11338 11597 11395
3 11334 11600 11391
3 11396 11597 11338
3 11392 11601 11335
3 11337 11599 11393
3 11399 11598 11336
3 11336 11598 11394
3 11276 11697 11617
3 11287 11536 11366
3 11349 11604 11444
3 11296 11638 11617
3 11340 11520 11387
3 11387 11520 11265
3 11297 11463 11377
3 11377 11499 11297
3 11299 11469 11379
3 11381 11469 11299
3 11374 11616 11508
3 11277 11590 11546
3 1293 11525 11396
3 1124 11527 11400
3 11391 11524 1162
3 1264 11528 11399
3 1223 11526 11397
3 11295 11444 11375
3 11405 11431 11266
3 11303 11431 11405
3 11379 11505 11299
3 11389 11521 11266
3 11341 11521 11389
3 11482 11600 11397
3 11398 11601 11483
3 11487 11599 11400
3 11395 11597 11491
3 11489 11597 11396
3 11391 11600 11484
3 11485 11601 11392
3 11486 11598 11399
3 11393 11599 11488
3 11394 11598 11490
3 11446 11697 11276
3 11304 11690 11447
3 11304 11652 11375
3 11282 11474 11425
3 11425 11474 11341
3 11423 11475 11340
3 11280 11475 11423
3 11380 11646 11264
3 11420 11441 11313
3 11394 11543 1204
3 1180 11542 11392
3 11393 11541 1274
3 11395 11544 1246
3 11398 11540 1106
3 11430 11440 11277
3 11317 11440 11430
3 11556 11647 11306
3 11617 11638 11383
3 11429 11442 11315
3 11275 11442 11429
3 11378 11644 11274
3 11466 11607 11352
3 11306 11647 11452
3 11297 11619 11372
3 11317 11620 11373
3 11403 11482 11322
3 11323 11483 11402
3 11280 11482 11403
3 11402 11483 11279
3 11404 11486 11324
3 11282 11486 11404
3 11402 11533 11323
3 11313 11443 11410
3 11410 11443 11274
3 11373 11556 11317
3 11491 11579 11326
3 11325 11580 11487
3 11464 11557 11305
3 11351 11504 11387
3 11273 11547 11401
3 11495 11638 11296
3 11464 11656 11557
3 11265 11655 11387
3 11379 11516 11270
3 11266 11691 11405
3 11301 11515 11377
3 11388 11503 11349
3 11350 11502 11389
3 11617 11697 11376
3 11299 11636 11381
3 11374 11690 11616
3 11307 11634 11550
3 11425 11534 11327
3 11390 11445 11263
3 11305 11445 11390
3 11454 11634 11307
3 11402 11589 11533
3 11274 11647 11593
3 11272 11499 11377
3 11345 11545 11401
3 11270 11505 11379
3 11382 11638 11495
3 11377 11515 11272
3 11388 11518 11268
3 11326 11579 11471
3 11472 11580 11325
3 11377 11552 11301
3 11376 11603 11296
3 11470 11500 11333
3 11354 11500 11470
3 11278 11448 11441
3 11516 11584 11300
3 11379 11584 11516
3 11266 11658 11389
3 11342 11608 11508
3 11264 11679 11380
3 11508 11608 11374
3 11465 11570 11267
3 11263 11695 11390
3 11465 11609 11570
3 11480 11624 1218
3 11481 11622 1260
3 1166 11623 11477
3 11478 11625 1289
3 11479 11626 1120
3 1171 11412 1172
3 1115 11416 1117
3 1282 11413 1285
3 1254 11414 1257
3 1213 11415 1215
3 11400 11527 11325
3 11397 11526 11322
3 11399 11528 11324
3 11396 11525 11320
3 11321 11524 11391
3 11545 11660 11401
3 1276 11434 1278
3 1177 11432 1179
3 1207 11435 1209
3 1248 11436 1251
3 1108 11433 1110
3 11408 11450 11330
3 11409 11449 11331
3 11440 11590 11277
3 11299 11571 11428
3 11427 11503 11343
3 11284 11503 11427
3 11401 11660 11273
3 11301 11451 11407
3 11430 11654 11317
3 11424 11507 11339
3 11285 11507 11424
3 11426 11508 11286
3 11342 11508 11426
3 1115 11459 11416
3 11412 11460 1172
3 1282 11458 11413
3 1254 11461 11414
3 1213 11462 11415
3 11406 11457 11302
3 11390 11464 11305
3 11315 11662 11429
3 11327 11543 11394
3 11392 11542 11319
3 11318 11541 11393
3 11326 11544 11395
3 11323 11540 11398
3 11407 11451 11265
3 11447 11654 11430
3 11264 11646 11420
3 11276 11506 11439
3 11430 11652 11304
3 11419 11695 11263
3 11429 11662 11451
3 11275 11605 11442
3 1177 11640 11432
3 11434 11639 1278
3 11435 11641 1209
3 11436 11643 1251
3 11433 11642 1110
3 11437 11603 11271
3 11294 11606 11383
3 11425 11602 11534
3 11300 11441 11420
3 11297 11559 11421
3 11346 11475 11403
3 11402 11473 11347
3 11348 11474 11404
3 11413 11514 11328
3 11309 11514 11413
3 11274 11644 11410
3 11311 11700 11409
3 11464 11605 11275
3 11467 11547 11273
3 11322 11554 11403
3 11324 11553 11404
3 11467 11637 11615
3 11456 11632 11309
3 11302 11457 11410
3 11429 11552 11275
3 11406 11494 11347
3 11348 11492 11405
3 11422 11594 11298
3 11309 11632 11514
3 11441 11584 11278
3 11412 11517 11308
3 11329 11517 11412
3 11308 11621 11453
3 11370 11660 11545
3 11429 11451 11301
3 11303 11613 11468
3 11467 11615 11302
3 11306 11452 11417
3 11276 11523 11506
3 11279 11473 11402
3 11404 11474 11282
3 11403 11475 11280
3 11271 11603 11468
3 11418 11700 11311
3 11613 11678 11468
3 11416 11459 11312
3 11308 11460 11412
3 11413 11458 11309
3 11414 11461 11310
3 11415 11462 11311
3 11517 11621 11308
3 11304 11447 11430
3 11303 11446 11431
3 11410 11648 11313
3 11369 11624 11480
3 11367 11622 11481
3 11477 11623 11366
3 11365 11625 11478
3 11368 11626 11479
3 11444 11476 11375
3 11425 11490 11282
3 11423 11484 11280
3 11321 11484 11423
3 11327 11490 11425
3 11571 11655 11428
3 11419 11454 11307
3 11278 11584 11469
3 11499 11559 11297
3 11359 11650 11508
3 11387 11504 11340
3 11322 11482 11397
3 11319 11485 11392
3 11398 11483 11323
3 11324 11486 11399
3 11391 11484 11321
3 11325 11487 11400
3 11393 11488 11318
3 11394 11490 11327
3 11320 11489 11396
3 11395 11491 11326
3 11443 11448 11314
3 11351 11581 11504
3 11507 11645 11355
3 11389 11502 11341
3 1166 11477 1169
3 1217 11480 1218
3 1258 11481 1260
3 1286 11478 1289
3 1119 11479 1120
3 11263 11522 11417
3 11406 11693 11457
3 11457 11693 11264
3 11431 11688 11316
3 11312 11555 11438
3 11275 11552 11463
3 11546 11590 11354
3 11408 11548 11271
3 11503 11582 11349
3 11350 11583 11502
3 11549 11607 11344
3 11313 11448 11443
3 11505 11571 11299
3 11455 11555 11312
3 11349 11595 11388
3 11432 11640 11361
3 11360 11639 11434
3 11363 11643 11436
3 11362 11642 11433
3 11364 11641 11435
3 11570 11594 11422
3 11407 11692 11493
3 11446 11688 11431
3 11457 11648 11410
3 11311 11501 11418
3 11428 11636 11299
3 11346 11520 11475
3 11473 11519 11347
3 11348 11521 11474
3 11537 11554 11369
3 11291 11554 11537
3 11288 11553 11539
3 11539 11553 11367
3 11387 11571 11351
3 11401 11547 11298
3 11391 11562 11334
3 11335 11564 11392
3 11393 11561 11337
3 11395 11560 11338
3 11338 11563 11396
3 11394 11565 11336
3 11398 11567 11335
3 11334 11568 11397
3 11337 11566 11400
3 11336 11569 11399
3 11493 11692 11346
3 11465 11529 11353
3 11466 11530 11343
3 11342 11529 11465
3 11352 11530 11466
3 11421 11619 11297
3 11422 11620 11317
3 11436 11558 11363
3 11469 11634 11278
3 11381 11634 11469
3 11314 11675 11419
3 11389 11559 11350
3 11268 11653 11388
3 11559 11658 11421
3 11298 11594 11401
3 11401 11594 11345
3 11476 11659 11616
3 11339 11519 11473
3 11475 11520 11340
3 11474 11521 11341
3 11417 11673 11314
3 1272 11561 11393
3 11396 11563 1295
3 1245 11560 11395
3 1203 11565 11394
3 1161 11562 11391
3 11399 11569 1266
3 11392 11564 1182
3 11400 11566 1126
3 1105 11567 11398
3 11397 11568 1225
3 11314 11696 11417
3 11471 11549 11289
3 11352 11549 11471
3 11318 11611 11426
3 11427 11610 11320
3 11455 11672 11293
3 11533 11589 11293
3 11347 11589 11402
3 11403 11588 11346
3 11404 11587 11348
3 11417 11696 11263
3 11405 11613 11303
3 11302 11615 11406
3 11407 11614 11301
3 11295 11595 11444
3 11467 11644 11378
3 11302 11644 11467
3 11417 11522 11306
3 11268 11629 11495
3 11495 11629 11382
3 11263 11696 11419
3 11445 11500 11263
3 11333 11500 11445
3 11361 11669 11432
3 11434 11670 11360
3 11433 11672 11362
3 11435 11671 11364
3 11553 11587 11404
3 11554 11588 11403
3 11593 11647 11373
3 11296 11591 11495
3 1227 11511 37
3 37 11511 1158
3 42 11513 1200
3 31 11509 1103
3 1184 11509 31
3 1269 11513 42
3 45 11512 1243
3 1128 11510 35
3 35 11510 1271
3 1296 11512 45
3 11420 11648 11264
3 11310 11548 11408
3 11419 11696 11314
3 11307 11695 11419
3 11330 11627 11408
3 11409 11628 11311
3 11419 11675 11454
3 11326 11558 11436
3 11631 11672 11455
3 11405 11691 11348
3 11347 11693 11406
3 11265 11692 11407
3 11411 11518 11295
3 11439 11506 11305
3 11438 11660 11370
3 11273 11660 11438
3 11269 11476 11444
3 11421 11699 11316
3 11408 11627 11310
3 11331 11628 11409
3 1172 11460 1174
3 1281 11458 1282
3 1211 11462 1213
3 1113 11459 1115
3 1253 11461 1254
3 11452 11673 11417
3 11518 11629 11268
3 11316 11699 11431
3 11305 11506 11445
3 11271 11586 11408
3 11443 11673 11274
3 11493 11614 11407
3 11406 11615 11494
3 11492 11613 11405
3 11388 11653 11503
3 11503 11653 11343
3 11265 11662 11428
3 11500 11522 11263
3 11422 11654 11267
3 11319 11532 11424
3 11426 11531 11318
3 11286 11531 11426
3 11424 11532 11285
3 11284 11577 11535
3 11535 11577 11365
3 11616 11659 11359
3 11431 11699 11266
3 11274 11673 11452
3 11547 11593 11298
3 11278 11675 11448
3 11350 11559 11499
3 11366 11666 11551
3 11454 11675 11278
3 11442 11550 11315
3 11284 11677 11582
3 1276 11541 11434
3 1248 11544 11436
3 11432 11542 1179
3 1207 11543 11435
3 1108 11540 11433
3 11341 11602 11425
3 11378 11593 11547
3 11661 11676 11332
3 11581 11674 11287
3 11463 11656 11275
3 11372 11656 11463
3 11410 11644 11302
3 11439 11688 11276
3 11439 11557 11316
3 11317 11556 11440
3 11362 11631 11459
3 11328 11573 11413
3 11330 11574 11414
3 11412 11572 11329
3 11331 11576 11415
3 11332 11575 11416
3 11476 11616 11304
3 11432 11532 11319
3 11323 11533 11433
3 11318 11531 11434
3 11327 11534 11435
3 11424 11680 11319
3 11535 11677 11284
3 11332 11676 11538
3 11287 11674 11536
3 11445 11506 11333
3 11444 11604 11269
3 11296 11603 11437
3 11319 11542 11432
3 11433 11540 11323
3 11435 11543 11327
3 11434 11541 11318
3 11436 11544 11326
3 11453 11498 11308
3 11276 11617 11523
3 11523 11617 11383
3 11264 11648 11457
3 11320 11577 11427
3 11470 11546 11354
3 11309 11497 11456
3 11276 11688 11446
3 11271 11698 11437
3 11351 11571 11505
3 11339 11592 11424
3 11423 11551 11321
3 11357 11555 11455
3 11415 11628 11331
3 11310 11627 11414
3 11456 11650 11359
3 11312 11596 11416
3 11301 11552 11429
3 11550 11636 11315
3 1171 11572 11412
3 11413 11573 1285
3 11414 11574 1257
3 11415 11576 1215
3 11416 11575 1117
3 11382 11629 11411
3 11459 11631 11312
3 11557 11619 11316
3 11534 11671 11435
3 11432 11669 11532
3 11531 11670 11434
3 11533 11672 11433
3 11317 11654 11422
3 11488 11611 11318
3 11320 11610 11489
3 11485 11680 11279
3 11355 11645 11453
3 11428 11655 11265
3 11267 11570 11422
3 11451 11662 11265
3 11504 11581 11287
3 11414 11627 11330
3 11311 11628 11415
3 11471 11558 11326
3 11313 11648 11420
3 11267 11654 11447
3 11420 11646 11300
3 11356 11614 11493
3 11494 11615 11357
3 11358 11613 11492
3 11292 11578 11472
3 11472 11578 11353
3 11416 11596 11332
3 11418 11583 11350
3 11427 11577 11284
3 11279 11680 11592
3 11277 11652 11430
3 11506 11523 11333
3 11340 11633 11423
3 11350 11694 11418
3 11291 11537 11449
3 11450 11539 11330
3 11288 11539 11450
3 11449 11537 11331
3 11458 11639 11360
3 11461 11643 11363
3 11361 11640 11460
3 11462 11641 11364
3 11459 11642 11362
3 11316 11619 11421
3 11298 11620 11422
3 11284 11582 11503
3 11325 11630 11472
3 11408 11586 11450
3 11409 11585 11449
3 11502 11583 11290
3 11307 11550 11442
3 11497 11650 11456
3 11283 11579 11491
3 11487 11580 11281
3 11517 11674 11386
3 11329 11674 11517
3 11558 11681 11363
3 11385 11677 11514
3 11514 11677 11328
3 11546 11618 11277
3 11384 11618 11546
3 11381 11636 11550
3 11438 11555 11273
3 11496 11548 11310
3 11371 11548 11496
3 11437 11591 11296
3 11440 11556 11306
3 11305 11557 11439
3 1281 11639 11458
3 11460 11640 1174
3 1211 11641 11462
3 1253 11643 11461
3 1113 11642 11459
3 11453 11645 11498
3 11448 11675 11314
3 11351 11635 11581
3 11300 11584 11441
3 11480 11537 11369
3 11478 11535 11365
3 11328 11535 11478
3 11330 11539 11481
3 11366 11536 11477
3 11477 11536 11329
3 11479 11538 11368
3 11481 11539 11367
3 11332 11538 11479
3 11331 11537 11480
3 11438 11596 11312
3 11372 11619 11557
3 11288 11587 11553
3 11291 11588 11554
3 11468 11697 11303
3 11376 11697 11468
3 11463 11552 11377
3 11356 11585 11515
3 11515 11585 11272
3 11581 11635 11386
3 11501 11583 11418
3 11615 11637 11357
3 11557 11656 11372
3 11283 11610 11530
3 11529 11611 11281
3 11449 11585 11356
3 11450 11586 11358
3 11378 11547 11467
3 11385 11604 11582
3 11582 11604 11349
3 11333 11606 11470
3 11316 11688 11439
3 1246 11544 1248
3 1179 11542 1180
3 1274 11541 1276
3 1106 11540 1108
3 1204 11543 1207
3 11519 11679 11264
3 11306 11590 11440
3 11354 11522 11500
3 11373 11647 11556
3 11301 11614 11515
3 1162 11524 1165
3 1291 11525 1293
3 1123 11527 1124
3 1263 11528 1264
3 1220 11526 1223
3 11388 11595 11518
3 11477 11572 1169
3 1258 11574 11481
3 1286 11573 11478
3 1217 11576 11480
3 1119 11575 11479
3 11370 11661 11438
3 11570 11609 11345
3 11502 11602 11341
3 11390 11605 11464
3 11548 11698 11271
3 11325 11667 11630
3 11465 11608 11342
3 11509 11564 11335
3 11334 11562 11511
3 11336 11565 11513
3 11337 11561 11510
3 11511 11568 11334
3 11338 11560 11512
3 11510 11566 11337
3 11335 11567 11509
3 11512 11563 11338
3 11513 11569 11336
3 11473 11592 11339
3 11466 11653 11268
3 11364 11687 11462
3 11442 11605 11307
3 11289 11649 11496
3 11496 11649 11371
3 1169 11572 1171
3 1257 11574 1258
3 1285 11573 1286
3 1117 11575 1119
3 1215 11576 1217
3 11363 11682 11461
3 11314 11673 11443
3 11360 11683 11458
3 11289 11558 11471
3 1103 11567 1105
3 1295 11563 1296
3 1225 11568 1227
3 1243 11560 1245
3 1271 11561 1272
3 1266 11569 1269
3 1126 11566 1128
3 1182 11564 1184
3 1200 11565 1203
3 1158 11562 1161
3 11460 11684 11361
3 11478 11573 11328
3 11329 11572 11477
3 11479 11575 11332
3 11480 11576 11331
3 11481 11574 11330
3 11385 11632 11604
3 11303 11697 11446
3 11447 11690 11267
3 11285 11645 11507
3 11509 11567 1103
3 11513 11565 1200
3 11512 11560 1243
3 1269 11569 11513
3 1227 11568 11511
3 1184 11564 11509
3 11510 11561 1271
3 1296 11563 11512
3 1128 11566 11510
3 11511 11562 1158
3 11522 11590 11306
3 11268 11607 11466
3 11507 11679 11339
3 11380 11679 11507
3 11508 11650 11286
3 11345 11578 11545
3 11469 11584 11379
3 11534 11602 11290
3 11523 11606 11333
3 11356 11685 11449
3 11358 11686 11450
3 11471 11579 11352
3 11353 11580 11472
3 11359 11659 11456
3 11456 11659 11269
3 11383 11606 11523
3 11470 11651 11546
3 11449 11685 11291
3 11450 11686 11288
3 11453 11621 11270
3 11270 11668 11453
3 11292 11630 11538
3 11538 11630 11368
3 11515 11614 11356
3 11604 11632 11269
3 11453 11668 11355
3 11293 11689 11455
3 11461 11682 11310
3 11452 11647 11274
3 11312 11631 11455
3 11458 11683 11309
3 11278 11634 11454
3 11269 11632 11456
3 11524 11623 1165
3 1291 11625 11525
3 1263 11622 11528
3 1220 11624 11526
3 1123 11626 11527
3 11308 11684 11460
3 11551 11666 11321
3 11497 11683 11670
3 11669 11684 11498
3 11290 11583 11501
3 11455 11689 11357
3 11357 11637 11555
3 11353 11609 11465
3 11344 11649 11549
3 11282 11598 11486
3 11490 11598 11282
3 11279 11601 11485
3 11483 11601 11279
3 11484 11600 11280
3 11280 11600 11482
3 11281 11599 11487
3 11491 11597 11283
3 11488 11599 11281
3 11283 11597 11489
3 11468 11603 11376
3 11462 11687 11311
3 11354 11590 11522
3 11267 11608 11465
3 11279 11592 11473
3 11468 11678 11271
3 11516 11668 11270
3 11495 11607 11268
3 11275 11656 11464
3 11495 11591 11344
3 11550 11634 11381
3 11344 11657 11649
3 11529 11580 11353
3 11281 11580 11529
3 11352 11579 11530
3 11530 11579 11283
3 11300 11612 11516
3 11516 11612 11355
3 11470 11606 11294
3 11273 11637 11467
3 11343 11653 11466
3 11348 11587 11492
3 11346 11588 11493
3 11494 11589 11347
3 11497 11670 11286
3 11504 11633 11340
3 11390 11695 11605
3 11386 11635 11621
3 11285 11669 11498
3 11492 11587 11288
3 11293 11589 11494
3 11493 11588 11291
3 11387 11655 11571
3 11472 11630 11292
3 11287 11633 11504
3 11411 11629 11518
3 11294 11651 11470
3 11361 11684 11669
3 11345 11609 11578
3 11389 11658 11559
3 11670 11683 11360
3 11514 11632 11385
3 11545 11578 11292
3 11520 11692 11265
3 11519 11693 11347
3 11348 11691 11521
3 11489 11610 11283
3 11281 11611 11488
3 11621 11635 11270
3 11358 11678 11613
3 11386 11621 11517
3 11344 11607 11495
3 11499 11694 11350
3 11290 11602 11502
3 11625 11665 11525
3 11524 11666 11623
3 11622 11664 11528
3 11626 11667 11527
3 11624 11663 11526
3 11505 11635 11351
3 11269 11659 11476
3 11345 11594 11570
3 1165 11623 1166
3 1260 11622 1263
3 1289 11625 1291
3 1120 11626 1123
3 1218 11624 1220
3 11518 11595 11295
3 11551 11633 11287
3 1278 11639 1281
3 1110 11642 1113
3 1209 11641 1211
3 1251 11643 1253
3 1174 11640 1177
3 11320 11665 11577
3 11636 11662 11315
3 11428 11662 11636
3 11585 11700 11272
3 11409 11700 11585
3 11605 11695 11307
3 11501 11671 11290
3 11364 11671 11501
3 11319 11680 11485
3 11270 11635 11505
3 11371 11698 11548
3 11498 11645 11285
3 11288 11686 11492
3 11291 11685 11493
3 11357 11689 11494
3 11286 11650 11497
3 11492 11686 11358
3 11493 11685 11356
3 11494 11689 11293
3 11496 11681 11289
3 11310 11682 11496
3 11309 11683 11497
3 11498 11684 11308
3 11501 11687 11364
3 11311 11687 11501
3 11292 11676 11545
3 11545 11676 11370
3 11272 11694 11499
3 11355 11668 11516
3 11593 11620 11298
3 11373 11620 11593
3 11370 11676 11661
3 11437 11698 11657
3 11555 11637 11273
3 11322 11663 11554
3 11554 11663 11369
3 11324 11664 11553
3 11553 11664 11367
3 11578 11609 11353
3 11546 11651 11384
3 11582 11677 11385
3 11657 11698 11371
3 11339 11679 11519
3 11423 11633 11551
3 11577 11665 11365
3 11521 11691 11266
3 11346 11692 11520
3 11264 11693 11519
3 11526 11663 11322
3 11528 11664 11324
3 11527 11667 11325
3 11525 11665 11320
3 11321 11666 11524
3 11386 11674 11581
3 11290 11671 11534
3 11532 11669 11285
3 11286 11670 11531
3 11293 11672 11533
3 11549 11649 11289
3 11536 11674 11329
3 11538 11676 11292
3 11328 11677 11535
3 11630 11667 11368
3 11289 11681 11558
3 11271 11678 11586
3 11362 11672 11631
3 11649 11657 11371
3 11592 11680 11424
3 11266 11699 11658
3 11658 11699 11421
3 11437 11657 11591
3 11300 11646 11612
3 11612 11646 11380
3 11365 11665 11625
3 11623 11666 11366
3 11368 11667 11626
3 11369 11663 11624
3 11367 11664 11622
3 11618 11652 11277
3 11375 11652 11618
3 11591 11657 11344
3 11438 11661 11596
3 11596 11661 11332
3 11586 11678 11358
3 11681 11682 11363
3 11496 11682 11681
3 11694 11700 11418
3 11272 11700 11694
3 11267 11690 11608
3 11608 11690 11374
